epoch,step,split,total_loss,pred_loss,inv_loss,gate_loss,swap_loss,swap_diff_loss,swap_same_loss,kl_loss,effective_lambda_kl,effective_lambda_envpred,effective_lambda_future_mi,effective_lambda_swap,effective_lambda_sep,effective_lambda_mask_sparse,aux_schedule_factor,ind_loss,sparse_loss,entropy_loss,residual_norm_loss,env_consistency_loss,z_cons_loss,y_cons_loss,effective_lambda_z_cons,effective_lambda_y_cons,persistence_mi_loss,envpred_loss,future_mi_loss,future_mi_type,env_fut_nll,env_fut_nll_plus,env_fut_nll_minus,env_fut_kl,pred_fut_logvar_mean,pred_fut_mu_norm,future_mi_valid,sep_loss,sep_mi_type,club_upper_bound,club_fit_nll,cross_cov_loss,hsic_loss,rank_loss,mask_sparse_loss,effective_lambda_persistence_mi,rho_mean,rho_std,rho_min,rho_max,rho_entropy,delta_gain_mean,delta_gain_std,delta_gain_pos_ratio,s_gain_mean,persist_score_mean,persist_score_std,s_persist_mean,s_gate_mean,persistence_valid,potential_gain_mean,swap_delta_mean,swap_weight_mean,env_mu_abs_mean,env_std_mean,r_env_abs_mean,y_inv_mae,y_potential_mae,y_hat_mae,sep_projection_ratio,sep_cos_z_env_before,sep_cos_z_env_after,sep_lowrank_energy_ratio,sep_residual_norm,sep_z_raw_norm,sep_z_inv_norm,sep_env_raw_norm,sep_env_norm,sep_proj_norm,sep_basis_rank,sep_svd_top_singular_mean,sep_lowrank_rank,sep_env_residual_norm,mask_mean,mask_std,mask_min,mask_max,mask_entropy,mask_active_ratio,env_plus_norm,env_minus_norm,env_hist_norm,env_fut_norm,env_fut_pred_norm,fusion_gamma_abs_mean,fusion_beta_abs_mean,timestamp_valid,cur_time_emb_norm,seq_time_emb_norm,future_time_emb_norm,backbone_aux_loss,grad_consensus/agree_mean,grad_consensus/agree_std,grad_consensus/agree_min,grad_consensus/agree_max,grad_consensus/rho_mean,grad_consensus/rho_max,grad_consensus/using_fallback_z_inv,grad_consensus/ema_agree_mean,grad_surgery/enabled,grad_surgery/conflict_cos,grad_surgery/conflict_dot,grad_surgery/projection_norm,grad_surgery/aux_grad_norm,grad_surgery/primary_grad_norm,curriculum_horizon,cast_vq_loss,cast_commit_loss,cast_mi_loss,stone_graph_perturb_loss,stone_spatial_graph_entropy,stone_temporal_graph_entropy,val_mae,val_mse,val_rmse,val_mape,val_wape,val_mae_h3,val_rmse_h3,val_mape_h3,val_wape_h3,val_mae_h6,val_rmse_h6,val_mape_h6,val_wape_h6,val_mae_h12,val_rmse_h12,val_mape_h12,val_wape_h12,val_mae_avg12,val_rmse_avg12,val_mape_avg12,val_wape_avg12,lr
1,20,train,49.60459518432617,41.337501525878906,41.335472106933594,0.0,0.0,0.0,0.0,0.0,0.0,0.0,0.0,0.0,0.0,0.0,0.0,0.0,0.0,0.0,0.0,0.0,0.0,0.0,0.0,0.0,0.0,0.0,0.0,1.0,0.5118497014045715,0.5118497014045715,0.511871874332428,0.0,-0.009218315593898296,0.4599309265613556,1.0,0.0,1.0,0.0,0.0,0.000273861107416451,0.0,0.0,0.0,0.0,0.26184311509132385,0.008974583819508553,0.2348579466342926,0.2942860424518585,0.5738174915313721,0.0,0.0,0.0,0.0,0.0,0.0,0.0,0.0,1.0,0.0,0.0013380523305386305,0.47295254468917847,0.06382346153259277,1.0023666620254517,0.0,41.335472106933594,41.337501525878906,41.337501525878906,0.06558011472225189,-0.013423711992800236,-5.761363955358867e-11,0.0,0.0,6.0615034103393555,6.0615034103393555,1.6717486381530762,1.6717486381530762,0.37887439131736755,0.0,0.0,0.0,0.0,0.26184311509132385,0.021157361567020416,0.17361336946487427,0.38798320293426514,0.5738174915313721,0.0,1.676131010055542,1.672682523727417,1.6717486381530762,1.6755461692810059,0.4599309265613556,0.0163860023021698,0.012675103731453419,1.0,3.551548480987549,3.3986117839813232,3.3120651245117188,0.0,,,,,,,,,,,,,,,12.0,0.0,0.0,0.0,0.0,0.0,0.0,,,,,,,,,,,,,,,,,,,,,,0.001
1,40,train,34.14533233642578,28.45401382446289,28.456600189208984,0.0,0.0,0.0,0.0,0.0,0.0,0.0,0.0,0.0,0.0,0.0,0.0,0.0,0.0,0.0,0.0,0.0,0.0,0.0,0.0,0.0,0.0,0.0,0.0,1.0,0.506997287273407,0.506997287273407,0.5069951415061951,0.0,-0.009676613844931126,0.45176011323928833,1.0,0.0,1.0,0.0,0.0,0.00027712754672393203,0.0,0.0,0.0,0.0,0.26420167088508606,0.0070142862387001514,0.2403789460659027,0.2880677580833435,0.5764915347099304,0.0,0.0,0.0,0.0,0.0,0.0,0.0,0.0,1.0,0.0,0.004767938517034054,0.47116905450820923,0.06677547097206116,0.9984040260314941,0.0,28.456600189208984,28.45401382446289,28.45401382446289,0.04584323242306709,-0.002407931722700596,-1.4107197354729095e-10,0.0,0.0,5.69621467590332,5.69621467590332,1.6758975982666016,1.6758975982666016,0.223478764295578,0.0,0.0,0.0,0.0,0.26420164108276367,0.018849730491638184,0.18592490255832672,0.3510548174381256,0.5764915347099304,0.0,1.6750552654266357,1.6782647371292114,1.6758975982666016,1.675263524055481,0.45176011323928833,0.030708476901054382,0.0126417251303792,1.0,3.040670394897461,3.080552816390991,3.103940486907959,0.0,,,,,,,,,,,,,,,12.0,0.0,0.0,0.0,0.0,0.0,0.0,,,,,,,,,,,,,,,,,,,,,,0.001
1,60,train,42.85066604614258,35.70345687866211,35.736045837402344,0.0,0.0,0.0,0.0,0.0,0.0,0.0,0.0,0.0,0.0,0.0,0.0,0.0,0.0,0.0,0.0,0.0,0.0,0.0,0.0,0.0,0.0,0.0,0.0,1.0,0.5043150782585144,0.5043150782585144,0.5043146014213562,0.0,-0.008488476276397705,0.4546582102775574,1.0,0.0,1.0,0.0,0.0,0.00030780304223299026,0.0,0.0,0.0,0.0,0.26930877566337585,0.006798386108130217,0.23593465983867645,0.2883845567703247,0.5818299651145935,0.0,0.0,0.0,0.0,0.0,0.0,0.0,0.0,1.0,0.0,-0.006164921913295984,0.46339210867881775,0.06984124332666397,0.9952347874641418,0.0,35.736045837402344,35.70345687866211,35.70345687866211,0.044483982026576996,-0.0031699459068477154,-1.4256392073808133e-11,0.0,0.0,5.79167366027832,5.79167366027832,1.6744153499603271,1.6744153499603271,0.20062361657619476,0.0,0.0,0.0,0.0,0.26930877566337585,0.017056025564670563,0.20035314559936523,0.35150814056396484,0.5818299651145935,0.0,1.6719417572021484,1.6769624948501587,1.6744153499603271,1.6752086877822876,0.4546582102775574,0.04192907735705376,0.012663573957979679,1.0,3.011230945587158,3.084348201751709,3.078824758529663,0.0,,,,,,,,,,,,,,,12.0,0.0,0.0,0.0,0.0,0.0,0.0,,,,,,,,,,,,,,,,,,,,,,0.001
1,80,train,43.78327560424805,36.484683990478516,36.492950439453125,0.0,0.0,0.0,0.0,0.0,0.0,0.0,0.0,0.0,0.0,0.0,0.0,0.0,0.0,0.0,0.0,0.0,0.0,0.0,0.0,0.0,0.0,0.0,0.0,1.0,0.5031144022941589,0.5031144022941589,0.5031328797340393,0.0,-0.010145151056349277,0.4534684121608734,1.0,0.0,1.0,0.0,0.0,0.00032062295940704644,0.0,0.0,0.0,0.0,0.27422717213630676,0.006909497082233429,0.24858501553535461,0.29471707344055176,0.5867443680763245,0.0,0.0,0.0,0.0,0.0,0.0,0.0,0.0,1.0,0.0,0.001262750942260027,0.4618668556213379,0.07322835177183151,0.9936988353729248,0.0,36.492950439453125,36.484683990478516,36.484683990478516,0.04202626645565033,0.008558042347431183,1.9657955818708217e-10,0.0,0.0,5.787453651428223,5.787453651428223,1.682905673980713,1.682905673980713,0.19922611117362976,0.0,0.0,0.0,0.0,0.27422717213630676,0.016363317146897316,0.19226530194282532,0.34789907932281494,0.5867443680763245,0.0,1.679336428642273,1.6857160329818726,1.682905673980713,1.6817107200622559,0.4534684121608734,0.04767460748553276,0.013985816389322281,1.0,3.227592706680298,3.140439748764038,3.067721128463745,0.0,,,,,,,,,,,,,,,12.0,0.0,0.0,0.0,0.0,0.0,0.0,,,,,,,,,,,,,,,,,,,,,,0.001
1,100,train,30.108478546142578,25.091341018676758,25.085683822631836,0.0,0.0,0.0,0.0,0.0,0.0,0.0,0.0,0.0,0.0,0.0,0.0,0.0,0.0,0.0,0.0,0.0,0.0,0.0,0.0,0.0,0.0,0.0,0.0,1.0,0.5009427070617676,0.5009427070617676,0.500941276550293,0.0,-0.00881973747164011,0.45548078417778015,1.0,0.0,1.0,0.0,0.0,0.0002678413293324411,0.0,0.0,0.0,0.0,0.2763797342777252,0.005646264646202326,0.2547247111797333,0.2945556640625,0.588950514793396,0.0,0.0,0.0,0.0,0.0,0.0,0.0,0.0,1.0,0.0,0.00955083779990673,0.4605165421962738,0.0742291584610939,0.9913811087608337,0.0,25.085683822631836,25.091341018676758,25.091341018676758,0.038842592388391495,-0.004585480783134699,2.0511985165949653e-10,0.0,0.0,5.848677635192871,5.848677158355713,1.6851457357406616,1.6851457357406616,0.18341116607189178,0.0,0.0,0.0,0.0,0.2763797342777252,0.014838807284832,0.21449874341487885,0.3432427942752838,0.588950514793396,0.0,1.680694580078125,1.6880769729614258,1.6851457357406616,1.681524634361267,0.45548078417778015,0.05452418327331543,0.01629057340323925,1.0,3.038987874984741,2.9874188899993896,2.96622371673584,0.0,,,,,,,,,,,,,,,12.0,0.0,0.0,0.0,0.0,0.0,0.0,,,,,,,,,,,,,,,,,,,,,,0.001
1,120,train,27.05011749267578,22.54346466064453,22.53326416015625,0.0,0.0,0.0,0.0,0.0,0.0,0.0,0.0,0.0,0.0,0.0,0.0,0.0,0.0,0.0,0.0,0.0,0.0,0.0,0.0,0.0,0.0,0.0,0.0,1.0,0.499362587928772,0.4993625581264496,0.49936366081237793,0.0,-0.009256755001842976,0.45275574922561646,1.0,0.0,1.0,0.0,0.0,0.0002892678021453321,0.0,0.0,0.0,0.0,0.2798255681991577,0.004603826906532049,0.26465120911598206,0.2965570390224457,0.5923045873641968,0.0,0.0,0.0,0.0,0.0,0.0,0.0,0.0,1.0,0.0,0.000798126682639122,0.4526190459728241,0.07922259718179703,0.990322470664978,0.0,22.53326416015625,22.54346466064453,22.54346466064453,0.03873934969305992,-0.015174373984336853,4.988849611198276e-11,0.0,0.0,5.94047737121582,5.94047737121582,1.6895701885223389,1.6895701885223389,0.1818062961101532,0.0,0.0,0.0,0.0,0.2798255681991577,0.013960340060293674,0.21381086111068726,0.3405294716358185,0.5923045873641968,0.0,1.6846284866333008,1.6926255226135254,1.6895701885223389,1.6834584474563599,0.45275574922561646,0.05920904502272606,0.016836458817124367,1.0,3.0500900745391846,2.97528338432312,2.954303503036499,0.0,,,,,,,,,,,,,,,12.0,0.0,0.0,0.0,0.0,0.0,0.0,,,,,,,,,,,,,,,,,,,,,,0.001
1,140,train,32.12556076049805,26.77002716064453,26.77766227722168,0.0,0.0,0.0,0.0,0.0,0.0,0.0,0.0,0.0,0.0,0.0,0.0,0.0,0.0,0.0,0.0,0.0,0.0,0.0,0.0,0.0,0.0,0.0,0.0,1.0,0.49833524227142334,0.4983352720737457,0.498355895280838,0.0,-0.008970865979790688,0.4520697295665741,1.0,0.0,1.0,0.0,0.0,0.00020612710795830935,0.0,0.0,0.0,0.0,0.2829977869987488,0.004943158011883497,0.26357027888298035,0.2995600700378418,0.5952525734901428,0.0,0.0,0.0,0.0,0.0,0.0,0.0,0.0,1.0,0.0,-0.000639561505522579,0.45185840129852295,0.08092211931943893,0.9888088703155518,0.0,26.77766227722168,26.77002716064453,26.77002716064453,0.03539450466632843,-0.0044915564358234406,-3.237802387312527e-11,0.0,0.0,5.865138053894043,5.865138530731201,1.6929497718811035,1.6929497718811035,0.16275857388973236,0.0,0.0,0.0,0.0,0.2829977869987488,0.014376921579241753,0.21562567353248596,0.3406844437122345,0.5952525734901428,0.0,1.686188817024231,1.6968038082122803,1.6929497718811035,1.6864733695983887,0.4520697295665741,0.06643296778202057,0.017606010660529137,1.0,2.888552188873291,2.885409116744995,2.959045171737671,0.0,,,,,,,,,,,,,,,12.0,0.0,0.0,0.0,0.0,0.0,0.0,,,,,,,,,,,,,,,,,,,,,,0.001
1,160,train,33.38732147216797,27.82520866394043,27.810556411743164,0.0,0.0,0.0,0.0,0.0,0.0,0.0,0.0,0.0,0.0,0.0,0.0,0.0,0.0,0.0,0.0,0.0,0.0,0.0,0.0,0.0,0.0,0.0,0.0,1.0,0.4969501197338104,0.4969501197338104,0.4969433844089508,0.0,-0.009192143566906452,0.4532187581062317,1.0,0.0,1.0,0.0,0.0,0.00019928401161450893,0.0,0.0,0.0,0.0,0.28628721833229065,0.004561947658658028,0.2693049907684326,0.3029066324234009,0.5983160734176636,0.0,0.0,0.0,0.0,0.0,0.0,0.0,0.0,1.0,0.0,0.009222586639225483,0.44903188943862915,0.08411137759685516,0.9875054955482483,0.0,27.810556411743164,27.82520866394043,27.82520866394043,0.03215495124459267,0.0030698776245117188,-7.691661890740775e-11,0.0,0.0,5.868459701538086,5.868459701538086,1.6954805850982666,1.6954805850982666,0.14922381937503815,0.0,0.0,0.0,0.0,0.28628721833229065,0.013967284932732582,0.22004836797714233,0.34832048416137695,0.5983160734176636,0.0,1.6880407333374023,1.6995913982391357,1.6954805850982666,1.6930691003799438,0.4532187581062317,0.06947091966867447,0.01763552986085415,1.0,2.7989892959594727,2.875839948654175,2.9268252849578857,0.0,,,,,,,,,,,,,,,12.0,0.0,0.0,0.0,0.0,0.0,0.0,,,,,,,,,,,,,,,,,,,,,,0.001
1,180,train,28.173160552978516,23.479137420654297,23.470115661621094,0.0,0.0,0.0,0.0,0.0,0.0,0.0,0.0,0.0,0.0,0.0,0.0,0.0,0.0,0.0,0.0,0.0,0.0,0.0,0.0,0.0,0.0,0.0,0.0,1.0,0.49724334478378296,0.49724334478378296,0.4972391724586487,0.0,-0.008603906258940697,0.4523772895336151,1.0,0.0,1.0,0.0,0.0,0.0003158453037030995,0.0,0.0,0.0,0.0,0.28950539231300354,0.004581548739224672,0.2706546485424042,0.306667298078537,0.601219117641449,0.0,0.0,0.0,0.0,0.0,0.0,0.0,0.0,1.0,0.0,0.00012954061094205827,0.4476465582847595,0.0843740776181221,0.9868074059486389,0.0,23.470115661621094,23.479137420654297,23.479137420654297,0.030999770388007164,-0.004158532712608576,-5.2830087526878344e-11,0.0,0.0,6.111817836761475,6.111817836761475,1.6916847229003906,1.6916847229003906,0.14864157140254974,0.0,0.0,0.0,0.0,0.28950533270835876,0.014178373850882053,0.2259007692337036,0.3492237627506256,0.601219117641449,0.0,1.6841198205947876,1.695939064025879,1.6916847229003906,1.695393681526184,0.4523772895336151,0.07335323095321655,0.01707250438630581,1.0,2.8639163970947266,2.7177367210388184,2.766200542449951,0.0,,,,,,,,,,,,,,,12.0,0.0,0.0,0.0,0.0,0.0,0.0,,,,,,,,,,,,,,,,,,,,,,0.001
1,200,train,29.683609008789062,24.740802764892578,24.714035034179688,0.0,0.0,0.0,0.0,0.0,0.0,0.0,0.0,0.0,0.0,0.0,0.0,0.0,0.0,0.0,0.0,0.0,0.0,0.0,0.0,0.0,0.0,0.0,0.0,1.0,0.4962576925754547,0.4962576925754547,0.4962458908557892,0.0,-0.009446147829294205,0.4504168927669525,1.0,0.0,1.0,0.0,0.0,0.00029573580832220614,0.0,0.0,0.0,0.0,0.2922219932079315,0.004542535170912743,0.2748430371284485,0.3119373917579651,0.6036269664764404,0.0,0.0,0.0,0.0,0.0,0.0,0.0,0.0,1.0,0.0,0.0077576362527906895,0.4447542130947113,0.08555711060762405,0.9865046143531799,0.0,24.714035034179688,24.740802764892578,24.740802764892578,0.03349602594971657,-0.008693686686456203,-8.13820469347526e-11,0.0,0.0,5.570650100708008,5.570650100708008,1.6975467205047607,1.6975467205047607,0.14582595229148865,0.0,0.0,0.0,0.0,0.2922219932079315,0.01440698467195034,0.23112502694129944,0.3547457158565521,0.6036269664764404,0.0,1.6887397766113281,1.702388882637024,1.6975467205047607,1.697509765625,0.4504168927669525,0.07984238862991333,0.01889243721961975,1.0,2.7899680137634277,2.890934467315674,2.84785532951355,0.0,,,,,,,,,,,,,,,12.0,0.0,0.0,0.0,0.0,0.0,0.0,,,,,,,,,,,,,,,,,,,,,,0.001
1,220,train,27.98202896118164,23.315322875976562,23.333534240722656,0.0,0.0,0.0,0.0,0.0,0.0,0.0,0.0,0.0,0.0,0.0,0.0,0.0,0.0,0.0,0.0,0.0,0.0,0.0,0.0,0.0,0.0,0.0,0.0,1.0,0.49695467948913574,0.49695467948913574,0.49696311354637146,0.0,-0.00831985380500555,0.44577065110206604,1.0,0.0,1.0,0.0,0.0,0.00017764764197636396,0.0,0.0,0.0,0.0,0.2941623032093048,0.004930364433676004,0.27557435631752014,0.3121165931224823,0.6052025556564331,0.0,0.0,0.0,0.0,0.0,0.0,0.0,0.0,1.0,0.0,-0.006842832081019878,0.44528621435165405,0.08428448438644409,0.9861881136894226,0.0,23.333534240722656,23.315322875976562,23.315322875976562,0.030809784308075905,-0.012006986886262894,-2.8544304073174764e-11,0.0,0.0,6.137162685394287,6.137162685394287,1.6965789794921875,1.6965789794921875,0.1444232016801834,0.0,0.0,0.0,0.0,0.2941623032093048,0.01622028835117817,0.22531913220882416,0.3807150721549988,0.6052025556564331,0.0,1.6857185363769531,1.702674150466919,1.6965789794921875,1.697926640510559,0.44577065110206604,0.08053215593099594,0.018231762573122978,1.0,2.721771240234375,2.7551722526550293,2.7565135955810547,0.0,,,,,,,,,,,,,,,12.0,0.0,0.0,0.0,0.0,0.0,0.0,,,,,,,,,,,,,,,,,,,,,,0.001
1,240,train,28.026363372802734,23.354867935180664,23.35747718811035,0.0,0.0,0.0,0.0,0.0,0.0,0.0,0.0,0.0,0.0,0.0,0.0,0.0,0.0,0.0,0.0,0.0,0.0,0.0,0.0,0.0,0.0,0.0,0.0,1.0,0.4968877136707306,0.4968877136707306,0.4969050884246826,0.0,-0.009131924249231815,0.4484735131263733,1.0,0.0,1.0,0.0,0.0,0.00019678898388519883,0.0,0.0,0.0,0.0,0.29729360342025757,0.0050676544196903706,0.27823394536972046,0.3142904043197632,0.6078566908836365,0.0,0.0,0.0,0.0,0.0,0.0,0.0,0.0,1.0,0.0,-0.0002731726854108274,0.4448477029800415,0.08327843993902206,0.9862434267997742,0.0,23.35747718811035,23.354867935180664,23.354867935180664,0.027634747326374054,-0.004311066586524248,2.01370222580044e-11,0.0,0.0,6.387224197387695,6.387224197387695,1.6936595439910889,1.6936595439910889,0.14039871096611023,0.0,0.0,0.0,0.0,0.2972935736179352,0.0170548465102911,0.22365151345729828,0.37917327880859375,0.6078566908836365,0.0,1.6826229095458984,1.7000622749328613,1.6936595439910889,1.6930534839630127,0.4484735131263733,0.0853518471121788,0.018454717472195625,1.0,2.7979557514190674,2.7406539916992188,2.7045085430145264,0.0,,,,,,,,,,,,,,,12.0,0.0,0.0,0.0,0.0,0.0,0.0,,,,,,,,,,,,,,,,,,,,,,0.001
1,260,train,26.02271842956543,21.68514633178711,21.68785858154297,0.0,0.0,0.0,0.0,0.0,0.0,0.0,0.0,0.0,0.0,0.0,0.0,0.0,0.0,0.0,0.0,0.0,0.0,0.0,0.0,0.0,0.0,0.0,0.0,1.0,0.4945516884326935,0.4945516884326935,0.4945521056652069,0.0,-0.008710775524377823,0.45068588852882385,1.0,0.0,1.0,0.0,0.0,0.00018494584946893156,0.0,0.0,0.0,0.0,0.2995643615722656,0.005349630024284124,0.2777620553970337,0.317071795463562,0.6097296476364136,0.0,0.0,0.0,0.0,0.0,0.0,0.0,0.0,1.0,0.0,-0.0027889860793948174,0.44643473625183105,0.08277822285890579,0.9855021834373474,0.0,21.68785858154297,21.68514633178711,21.68514633178711,0.029872238636016846,-0.003651815466582775,1.638973123885279e-10,0.0,0.0,5.772335052490234,5.772335052490234,1.6888363361358643,1.6888363361358643,0.1375773400068283,0.0,0.0,0.0,0.0,0.2995643615722656,0.017906060442328453,0.21615047752857208,0.37600627541542053,0.6097296476364136,0.0,1.6769180297851562,1.6958504915237427,1.6888363361358643,1.6877448558807373,0.45068588852882385,0.08784402906894684,0.018215712159872055,1.0,2.774157762527466,2.6498003005981445,2.690537929534912,0.0,,,,,,,,,,,,,,,12.0,0.0,0.0,0.0,0.0,0.0,0.0,,,,,,,,,,,,,,,,,,,,,,0.001
1,280,train,32.81398010253906,27.346881866455078,27.33549690246582,0.0,0.0,0.0,0.0,0.0,0.0,0.0,0.0,0.0,0.0,0.0,0.0,0.0,0.0,0.0,0.0,0.0,0.0,0.0,0.0,0.0,0.0,0.0,0.0,1.0,0.49454420804977417,0.49454420804977417,0.4945454001426697,0.0,-0.008849157020449638,0.44779089093208313,1.0,0.0,1.0,0.0,0.0,0.00019474205328151584,0.0,0.0,0.0,0.0,0.30331170558929443,0.005059889983385801,0.2813284993171692,0.3216317892074585,0.612931489944458,0.0,0.0,0.0,0.0,0.0,0.0,0.0,0.0,1.0,0.0,-0.006019408814609051,0.4435015916824341,0.0843208059668541,0.9841637015342712,0.0,27.33549690246582,27.346881866455078,27.346881866455078,0.028156563639640808,-0.010632134974002838,-4.5810921028843765e-11,0.0,0.0,5.974260330200195,5.974260330200195,1.6963411569595337,1.6963411569595337,0.1249212846159935,0.0,0.0,0.0,0.0,0.30331170558929443,0.017346268519759178,0.22724075615406036,0.3831440508365631,0.612931489944458,0.0,1.6845721006393433,1.7032655477523804,1.6963411569595337,1.6967922449111938,0.44779089093208313,0.08907455205917358,0.017565980553627014,1.0,2.562556505203247,2.6246795654296875,2.6453843116760254,0.0,,,,,,,,,,,,,,,12.0,0.0,0.0,0.0,0.0,0.0,0.0,,,,,,,,,,,,,,,,,,,,,,0.001
1,300,train,31.240936279296875,26.042539596557617,25.991981506347656,0.0,0.0,0.0,0.0,0.0,0.0,0.0,0.0,0.0,0.0,0.0,0.0,0.0,0.0,0.0,0.0,0.0,0.0,0.0,0.0,0.0,0.0,0.0,0.0,1.0,0.49469974637031555,0.49469977617263794,0.4947013258934021,0.0,-0.009079712443053722,0.45434853434562683,1.0,0.0,1.0,0.0,0.0,0.00023078950471244752,0.0,0.0,0.0,0.0,0.30702564120292664,0.0049787950702011585,0.28665691614151,0.3247049152851105,0.6159869432449341,0.0,0.0,0.0,0.0,0.0,0.0,0.0,0.0,1.0,0.0,-0.0059773288667202,0.44213902950286865,0.0832672193646431,0.9842338562011719,0.0,25.991981506347656,26.042539596557617,26.042539596557617,0.02849086932837963,-0.003791110822930932,-9.417326640726031e-11,0.0,0.0,5.847099304199219,5.847099304199219,1.6881687641143799,1.6881687641143799,0.12909528613090515,0.0,0.0,0.0,0.0,0.30702564120292664,0.017410211265087128,0.23062196373939514,0.38885295391082764,0.6159869432449341,0.0,1.6764185428619385,1.6951950788497925,1.6881687641143799,1.6955304145812988,0.45434853434562683,0.09500732272863388,0.018399560824036598,1.0,2.7170023918151855,2.674328327178955,2.698512554168701,0.0,,,,,,,,,,,,,,,12.0,0.0,0.0,0.0,0.0,0.0,0.0,,,,,,,,,,,,,,,,,,,,,,0.001
1,320,train,34.3503303527832,28.629638671875,28.60346031188965,0.0,0.0,0.0,0.0,0.0,0.0,0.0,0.0,0.0,0.0,0.0,0.0,0.0,0.0,0.0,0.0,0.0,0.0,0.0,0.0,0.0,0.0,0.0,0.0,1.0,0.4941518306732178,0.4941518306732178,0.49415323138237,0.0,-0.008278027176856995,0.448497474193573,1.0,0.0,1.0,0.0,0.0,0.00030509792850352824,0.0,0.0,0.0,0.0,0.310356080532074,0.005136760883033276,0.29152870178222656,0.328363299369812,0.6186311841011047,0.0,0.0,0.0,0.0,0.0,0.0,0.0,0.0,1.0,0.0,0.000991875072941184,0.4441298246383667,0.08226723968982697,0.9835497736930847,0.0,28.60346031188965,28.629638671875,28.629638671875,0.02816891111433506,-0.009115985594689846,-2.1747655065684768e-10,0.0,0.0,5.979907512664795,5.979907512664795,1.689099907875061,1.689099907875061,0.129153773188591,0.0,0.0,0.0,0.0,0.310356080532074,0.017955239862203598,0.23950204253196716,0.38571178913116455,0.6186311841011047,0.0,1.677258014678955,1.696351170539856,1.689099907875061,1.6919525861740112,0.448497474193573,0.09701493382453918,0.019402004778385162,1.0,2.6752235889434814,2.5725464820861816,2.605466365814209,0.0,,,,,,,,,,,,,,,12.0,0.0,0.0,0.0,0.0,0.0,0.0,,,,,,,,,,,,,,,,,,,,,,0.001
1,334,train_epoch,36.49213398002579,30.411715855855427,30.40209004407871,0.0,0.0,0.0,0.0,0.0,0.0,0.0,0.0,0.0,0.0,0.0,0.0,0.0,0.0,0.0,0.0,0.0,0.0,0.0,0.0,0.0,0.0,0.0,0.0,1.0,0.4994182721404972,0.4994182728543253,0.4994153197475536,0.0,-0.008862135208262031,0.4507504653430984,1.0,0.0,1.0,0.0,0.0,0.00025603502716424367,0.0,0.0,0.0,0.0,0.2864762106519973,0.005641999602886642,0.26596019234129054,0.3068515420138479,0.5977152459278792,0.0,0.0,0.0,0.0,0.0,0.0,0.0,0.0,1.0,0.0,0.0005855760185816012,0.452554324072992,0.0785902370726634,0.9897203987943912,0.0,30.40209004407871,30.411715855855427,30.411715855855427,0.03751889123263473,-0.0047931319102775625,1.8338304754442844e-12,0.0,0.0,5.843103624389557,5.843103637238462,1.6878740716123295,1.6878740716123295,0.1755659932683328,0.0,0.0,0.0,0.0,0.28647620440600163,0.016626801921757396,0.21475807711214362,0.36318845636473446,0.5977152459278792,0.0,1.6810751514520474,1.6923828524743725,1.6878740716123295,1.6878999675105433,0.4507504653430984,0.06576672706524367,0.01655269587763814,1.0,2.8677849012934518,2.8688468733233607,2.868567530266539,0.0,,,,,,,,,,,,,,,12.0,0.0,0.0,0.0,0.0,0.0,0.0,,,,,,,,,,,,,,,,,,,,,,0.001
1,334,val,,,,,,,,,,,,,,,,,,,,,,,,,,,,,,,,,,,,,,,,,,,,,,,,,,,,,,,,,,,,,,,,,,,,,,,,,,,,,,,,,,,,,,,,,,,,,,,,,,,,,,,,,,,,,,,,,,,,,,,,,22.440576553344727,1186.779052734375,34.44965968967437,0.18245095014572144,0.09576579183340073,19.236549377441406,28.936084687986252,0.1444406658411026,0.08217984437942505,21.631107330322266,33.38260315432838,0.1665276288986206,0.09232459217309952,27.734771728515625,41.963312019716255,0.24938775599002838,0.11816336959600449,22.440576553344727,34.44965968967437,0.18245095014572144,0.09576579183340073,0.001
1,334,test_select,,,,,,,,,,,,,,,,,,,,,,,,,,,,,,,,,,,,,,,,,,,,,,,,,,,,,,,,,,,,,,,,,,,,,,,,,,,,,,,,,,,,,,,,,,,,,,,,,,,,,,,,,,,,,,,,,,,,,,,,,22.80784797668457,1264.41064453125,35.55855234020713,0.1446991115808487,0.0926392674446106,19.555667877197266,29.63811785159706,0.11462170630693436,0.07938462495803833,21.83511734008789,34.28191409167613,0.13090069591999054,0.08867983520030975,28.28493309020996,43.49467768939882,0.20010045170783997,0.11499405652284622,22.80784797668457,35.55855234020713,0.1446991115808487,0.0926392674446106,0.001
1,334,test,,,,,,,,,,,,,,,,,,,,,,,,,,,,,,,,,,,,,,,,,,,,,,,,,,,,,,,,,,,,,,,,,,,,,,,,,,,,,,,,,,,,,,,,,,,,,,,,,,,,,,,,,,,,,,,,,,,,,,,,,22.80784797668457,1264.41064453125,35.55855234020713,0.1446991115808487,0.0926392674446106,19.555667877197266,29.63811785159706,0.11462170630693436,0.07938462495803833,21.83511734008789,34.28191409167613,0.13090069591999054,0.08867983520030975,28.28493309020996,43.49467768939882,0.20010045170783997,0.11499405652284622,22.80784797668457,35.55855234020713,0.1446991115808487,0.0926392674446106,0.001
2,340,train,26.57770538330078,22.149953842163086,22.138755798339844,0.0,0.0,0.0,0.0,0.0,0.0,0.0,0.0,0.0,0.0,0.0,0.0,0.0,0.0,0.0,0.0,0.0,0.0,0.0,0.0,0.0,0.0,0.0,0.0,1.0,0.49280861020088196,0.49280864000320435,0.4928103983402252,0.0,-0.008886956609785557,0.44841498136520386,1.0,0.0,1.0,0.0,0.0,0.00020120866247452796,0.0,0.0,0.0,0.0,0.3132571578025818,0.005181410815566778,0.2955280542373657,0.3291492164134979,0.6209704279899597,0.0,0.0,0.0,0.0,0.0,0.0,0.0,0.0,1.0,0.0,-0.0006982963532209396,0.44211485981941223,0.08464787155389786,0.9824457764625549,0.0,22.138755798339844,22.149953842163086,22.149953842163086,0.02774270623922348,-0.009293846786022186,1.3670520271347186e-10,0.0,0.0,6.064499378204346,6.064499378204346,1.6890233755111694,1.6890233755111694,0.12601760029792786,0.0,0.0,0.0,0.0,0.3132571578025818,0.017485102638602257,0.24283835291862488,0.4007444977760315,0.6209704279899597,0.0,1.676801323890686,1.69640052318573,1.6890233755111694,1.695556640625,0.44841498136520386,0.09746535867452621,0.019476568326354027,1.0,2.4784796237945557,2.5264663696289062,2.5754504203796387,0.0,,,,,,,,,,,,,,,12.0,0.0,0.0,0.0,0.0,0.0,0.0,,,,,,,,,,,,,,,,,,,,,,0.001
2,360,train,28.912952423095703,24.092830657958984,24.100603103637695,0.0,0.0,0.0,0.0,0.0,0.0,0.0,0.0,0.0,0.0,0.0,0.0,0.0,0.0,0.0,0.0,0.0,0.0,0.0,0.0,0.0,0.0,0.0,0.0,1.0,0.4914862811565399,0.4914862811565399,0.4915162920951843,0.0,-0.009647191502153873,0.4463435709476471,1.0,0.0,1.0,0.0,0.0,0.0001663442380959168,0.0,0.0,0.0,0.0,0.3167428970336914,0.0051945773884654045,0.29067370295524597,0.3328845500946045,0.6236687302589417,0.0,0.0,0.0,0.0,0.0,0.0,0.0,0.0,1.0,0.0,0.001633895211853087,0.44219890236854553,0.08398397266864777,0.9813539385795593,0.0,24.100603103637695,24.092830657958984,24.092830657958984,0.025129178538918495,-0.005152557976543903,-5.121968821297784e-11,0.0,0.0,5.7658281326293945,5.7658281326293945,1.6967145204544067,1.6967145204544067,0.11140326410531998,0.0,0.0,0.0,0.0,0.3167428970336914,0.017655637115240097,0.23893681168556213,0.39228975772857666,0.6236687302589417,0.0,1.6843199729919434,1.7042831182479858,1.6967145204544067,1.6929802894592285,0.4463435709476471,0.10136210918426514,0.01978415623307228,1.0,2.580551862716675,2.595038414001465,2.6069936752319336,0.0,,,,,,,,,,,,,,,12.0,0.0,0.0,0.0,0.0,0.0,0.0,,,,,,,,,,,,,,,,,,,,,,0.001
2,380,train,25.582374572753906,21.318439483642578,21.319671630859375,0.0,0.0,0.0,0.0,0.0,0.0,0.0,0.0,0.0,0.0,0.0,0.0,0.0,0.0,0.0,0.0,0.0,0.0,0.0,0.0,0.0,0.0,0.0,0.0,1.0,0.49092698097229004,0.49092698097229004,0.49094492197036743,0.0,-0.00807269848883152,0.4469963014125824,1.0,0.0,1.0,0.0,0.0,0.00019778282148763537,0.0,0.0,0.0,0.0,0.31883570551872253,0.005216572433710098,0.29809606075286865,0.3428954482078552,0.6252590417861938,0.0,0.0,0.0,0.0,0.0,0.0,0.0,0.0,1.0,0.0,0.00296436483040452,0.4439179599285126,0.08331356197595596,0.9805800318717957,0.0,21.319671630859375,21.318439483642578,21.318439483642578,0.027201209217309952,-0.006608849391341209,3.303432249968097e-10,0.0,0.0,5.732399940490723,5.732399940490723,1.6910977363586426,1.6910977363586426,0.11622528731822968,0.0,0.0,0.0,0.0,0.31883570551872253,0.01779094897210598,0.2388061285018921,0.4008917212486267,0.6252590417861938,0.0,1.6787208318710327,1.6987556219100952,1.6910977363586426,1.6905033588409424,0.4469963014125824,0.10285703092813492,0.019390717148780823,1.0,2.499507188796997,2.522340774536133,2.528122663497925,0.0,,,,,,,,,,,,,,,12.0,0.0,0.0,0.0,0.0,0.0,0.0,,,,,,,,,,,,,,,,,,,,,,0.001
2,400,train,26.65760612487793,22.211772918701172,22.229167938232422,0.0,0.0,0.0,0.0,0.0,0.0,0.0,0.0,0.0,0.0,0.0,0.0,0.0,0.0,0.0,0.0,0.0,0.0,0.0,0.0,0.0,0.0,0.0,0.0,1.0,0.4899807870388031,0.4899807572364807,0.489997923374176,0.0,-0.010141707956790924,0.4517313539981842,1.0,0.0,1.0,0.0,0.0,0.0001912929001264274,0.0,0.0,0.0,0.0,0.3222397565841675,0.0049125514924526215,0.3004536032676697,0.3394998013973236,0.6279196739196777,0.0,0.0,0.0,0.0,0.0,0.0,0.0,0.0,1.0,0.0,-0.0002852987963706255,0.43876415491104126,0.0868651270866394,0.978813886642456,0.0,22.229167938232422,22.211772918701172,22.211772918701172,0.02554726041853428,-0.004182134754955769,-1.984196418280959e-10,0.0,0.0,5.921014785766602,5.921014785766602,1.6959404945373535,1.6959404945373535,0.11187798529863358,0.0,0.0,0.0,0.0,0.32223978638648987,0.016533399000763893,0.24643659591674805,0.39019352197647095,0.6279196739196777,0.0,1.6838418245315552,1.7032750844955444,1.6959404945373535,1.694352149963379,0.4517313539981842,0.10840333253145218,0.01983860321342945,1.0,2.5639309883117676,2.4402151107788086,2.450443983078003,0.0,,,,,,,,,,,,,,,12.0,0.0,0.0,0.0,0.0,0.0,0.0,,,,,,,,,,,,,,,,,,,,,,0.001
2,420,train,27.68868637084961,23.0730037689209,23.07841682434082,0.0,0.0,0.0,0.0,0.0,0.0,0.0,0.0,0.0,0.0,0.0,0.0,0.0,0.0,0.0,0.0,0.0,0.0,0.0,0.0,0.0,0.0,0.0,0.0,1.0,0.4880806505680084,0.4880806803703308,0.48806995153427124,0.0,-0.009150361642241478,0.44766607880592346,1.0,0.0,1.0,0.0,0.0,0.0001469293056288734,0.0,0.0,0.0,0.0,0.32513225078582764,0.004756265319883823,0.30886679887771606,0.343021035194397,0.6300824284553528,0.0,0.0,0.0,0.0,0.0,0.0,0.0,0.0,1.0,0.0,0.003227916080504656,0.4327232837677002,0.08876806497573853,0.9771883487701416,0.0,23.07841682434082,23.0730037689209,23.0730037689209,0.02477823756635189,-0.0017601721920073032,-3.006066506827665e-10,0.0,0.0,5.835604667663574,5.835605144500732,1.7014273405075073,1.7014273405075073,0.10968293994665146,0.0,0.0,0.0,0.0,0.32513225078582764,0.01615184359252453,0.24810239672660828,0.39591184258461,0.6300824284553528,0.0,1.689233422279358,1.7088077068328857,1.7014273405075073,1.702412486076355,0.44766607880592346,0.11077643185853958,0.020214522257447243,1.0,2.372722625732422,2.370067596435547,2.3933894634246826,0.0,,,,,,,,,,,,,,,12.0,0.0,0.0,0.0,0.0,0.0,0.0,,,,,,,,,,,,,,,,,,,,,,0.001
2,440,train,24.425756454467773,20.35453224182129,20.356121063232422,0.0,0.0,0.0,0.0,0.0,0.0,0.0,0.0,0.0,0.0,0.0,0.0,0.0,0.0,0.0,0.0,0.0,0.0,0.0,0.0,0.0,0.0,0.0,0.0,1.0,0.4873782694339752,0.4873782992362976,0.4873605966567993,0.0,-0.009681028313934803,0.44293344020843506,1.0,0.0,1.0,0.0,0.0,0.0003445332986302674,0.0,0.0,0.0,0.0,0.32973670959472656,0.004426741972565651,0.3148770332336426,0.34860533475875854,0.6334416270256042,0.0,0.0,0.0,0.0,0.0,0.0,0.0,0.0,1.0,0.0,0.007994609884917736,0.4345250427722931,0.08871842175722122,0.9762786030769348,0.0,20.356121063232422,20.35453224182129,20.35453224182129,0.023591218516230583,-0.005166713148355484,1.1007109806948634e-10,0.0,0.0,5.759352684020996,5.759353160858154,1.6943366527557373,1.6943366527557373,0.10312104225158691,0.0,0.0,0.0,0.0,0.32973670959472656,0.015589389950037003,0.26265567541122437,0.3977610468864441,0.6334416270256042,0.0,1.6823339462280273,1.7016597986221313,1.6943366527557373,1.6985976696014404,0.44293344020843506,0.11299197375774384,0.02027914486825466,1.0,2.410541534423828,2.431976079940796,2.4268903732299805,0.0,,,,,,,,,,,,,,,12.0,0.0,0.0,0.0,0.0,0.0,0.0,,,,,,,,,,,,,,,,,,,,,,0.001
2,460,train,29.314483642578125,24.429384231567383,24.425498962402344,0.0,0.0,0.0,0.0,0.0,0.0,0.0,0.0,0.0,0.0,0.0,0.0,0.0,0.0,0.0,0.0,0.0,0.0,0.0,0.0,0.0,0.0,0.0,0.0,1.0,0.485230416059494,0.485230416059494,0.4852253496646881,0.0,-0.009223204106092453,0.44505006074905396,1.0,0.0,1.0,0.0,0.0,0.00019753296510316432,0.0,0.0,0.0,0.0,0.3331635296344757,0.004488992039114237,0.3161885142326355,0.34988126158714294,0.6358544230461121,0.0,0.0,0.0,0.0,0.0,0.0,0.0,0.0,1.0,0.0,0.003980730660259724,0.4302729070186615,0.08979370445013046,0.974879801273346,0.0,24.425498962402344,24.429384231567383,24.429384231567383,0.025100214406847954,-0.004031747113913298,-9.865838007661054e-11,0.0,0.0,5.875197410583496,5.875197410583496,1.6975456476211548,1.6975456476211548,0.11017923057079315,0.0,0.0,0.0,0.0,0.3331635296344757,0.015509684570133686,0.26576748490333557,0.3987836241722107,0.6358544230461121,0.0,1.6857011318206787,1.7048598527908325,1.6975456476211548,1.7004035711288452,0.44505006074905396,0.11392923444509506,0.020923612639307976,1.0,2.3605456352233887,2.3675713539123535,2.384988307952881,0.0,,,,,,,,,,,,,,,12.0,0.0,0.0,0.0,0.0,0.0,0.0,,,,,,,,,,,,,,,,,,,,,,0.001
2,480,train,26.625364303588867,22.188396453857422,22.184839248657227,0.0,0.0,0.0,0.0,0.0,0.0,0.0,0.0,0.0,0.0,0.0,0.0,0.0,0.0,0.0,0.0,0.0,0.0,0.0,0.0,0.0,0.0,0.0,0.0,1.0,0.4854746162891388,0.4854745864868164,0.48547467589378357,0.0,-0.009166319854557514,0.44747766852378845,1.0,0.0,1.0,0.0,0.0,0.000117162024253048,0.0,0.0,0.0,0.0,0.33478668332099915,0.005014072638005018,0.31713879108428955,0.35622477531433105,0.6368685960769653,0.0,0.0,0.0,0.0,0.0,0.0,0.0,0.0,1.0,0.0,-0.002961960854008794,0.43512052297592163,0.0870438888669014,0.9741550087928772,0.0,22.184839248657227,22.188396453857422,22.188396453857422,0.024823222309350967,-0.005229309666901827,2.5213242951793724e-11,0.0,0.0,5.781929969787598,5.781929969787598,1.690565824508667,1.690565824508667,0.10442105680704117,0.0,0.0,0.0,0.0,0.33478671312332153,0.016982203349471092,0.2648095190525055,0.41012635827064514,0.6368685960769653,0.0,1.6785032749176025,1.6982970237731934,1.690565824508667,1.6929553747177124,0.44747766852378845,0.11496252566576004,0.020546751096844673,1.0,2.3616528511047363,2.415614128112793,2.43074893951416,0.0,,,,,,,,,,,,,,,12.0,0.0,0.0,0.0,0.0,0.0,0.0,,,,,,,,,,,,,,,,,,,,,,0.001
2,500,train,30.748872756958008,25.623695373535156,25.625886917114258,0.0,0.0,0.0,0.0,0.0,0.0,0.0,0.0,0.0,0.0,0.0,0.0,0.0,0.0,0.0,0.0,0.0,0.0,0.0,0.0,0.0,0.0,0.0,0.0,1.0,0.4835491478443146,0.4835491478443146,0.48354464769363403,0.0,-0.008731475099921227,0.4426298439502716,1.0,0.0,1.0,0.0,0.0,0.0001777857105480507,0.0,0.0,0.0,0.0,0.3378937840461731,0.004886893089860678,0.3191240727901459,0.35482996702194214,0.6389981508255005,0.0,0.0,0.0,0.0,0.0,0.0,0.0,0.0,1.0,0.0,0.002529825083911419,0.43371856212615967,0.08878497779369354,0.9729893803596497,0.0,25.625886917114258,25.623695373535156,25.623695373535156,0.021485811099410057,-0.004018188454210758,-8.082070429571431e-11,0.0,0.0,6.014748573303223,6.014748573303223,1.698317050933838,1.698317050933838,0.0961238220334053,0.0,0.0,0.0,0.0,0.3378937542438507,0.01678279973566532,0.263852596282959,0.4061504304409027,0.6389981508255005,0.0,1.6859606504440308,1.706238031387329,1.698317050933838,1.6974577903747559,0.4426298439502716,0.11539129912853241,0.020717604085803032,1.0,2.3131587505340576,2.3195605278015137,2.2640016078948975,0.0,,,,,,,,,,,,,,,12.0,0.0,0.0,0.0,0.0,0.0,0.0,,,,,,,,,,,,,,,,,,,,,,0.001
2,520,train,24.72738265991211,20.606595993041992,20.603927612304688,0.0,0.0,0.0,0.0,0.0,0.0,0.0,0.0,0.0,0.0,0.0,0.0,0.0,0.0,0.0,0.0,0.0,0.0,0.0,0.0,0.0,0.0,0.0,0.0,1.0,0.48281964659690857,0.48281964659690857,0.4828256666660309,0.0,-0.009087871760129929,0.4441755414009094,1.0,0.0,1.0,0.0,0.0,0.00019988059648312628,0.0,0.0,0.0,0.0,0.34019407629966736,0.005382380448281765,0.3210741877555847,0.3601078689098358,0.640411376953125,0.0,0.0,0.0,0.0,0.0,0.0,0.0,0.0,1.0,0.0,0.009292821399867535,0.43831515312194824,0.08391044288873672,0.972466230392456,0.0,20.603927612304688,20.606595993041992,20.606595993041992,0.02112690545618534,-0.004790275823324919,1.2909801005989152e-10,0.0,0.0,5.803652763366699,5.803652763366699,1.6825677156448364,1.6825677156448364,0.08858626335859299,0.0,0.0,0.0,0.0,0.34019407629966736,0.018368849530816078,0.24705807864665985,0.4136374890804291,0.640411376953125,0.0,1.6695530414581299,1.691237211227417,1.6825677156448364,1.6808953285217285,0.4441755414009094,0.11675596237182617,0.020546721294522285,1.0,2.2539377212524414,2.3050663471221924,2.3187179565429688,0.0,,,,,,,,,,,,,,,12.0,0.0,0.0,0.0,0.0,0.0,0.0,,,,,,,,,,,,,,,,,,,,,,0.001
2,540,train,24.306055068969727,20.25518226623535,20.254362106323242,0.0,0.0,0.0,0.0,0.0,0.0,0.0,0.0,0.0,0.0,0.0,0.0,0.0,0.0,0.0,0.0,0.0,0.0,0.0,0.0,0.0,0.0,0.0,0.0,1.0,0.48277193307876587,0.48277193307876587,0.48275282979011536,0.0,-0.00818971823900938,0.4445633888244629,1.0,0.0,1.0,0.0,0.0,0.00012853946827817708,0.0,0.0,0.0,0.0,0.343919038772583,0.005323533434420824,0.3250327706336975,0.3636568784713745,0.6428553462028503,0.0,0.0,0.0,0.0,0.0,0.0,0.0,0.0,1.0,0.0,-0.0043737324886024,0.4418220520019531,0.08232641965150833,0.9721735715866089,0.0,20.254362106323242,20.25518226623535,20.25518226623535,0.020830387249588966,-0.003950463607907295,3.612230306537789e-11,0.0,0.0,6.009072780609131,6.009072780609131,1.6800289154052734,1.6800289154052734,0.09263312816619873,0.0,0.0,0.0,0.0,0.3439190089702606,0.01832725666463375,0.26434701681137085,0.4165550172328949,0.6428553462028503,0.0,1.6676965951919556,1.6884623765945435,1.6800289154052734,1.6855286359786987,0.4445633888244629,0.11824081093072891,0.020516421645879745,1.0,2.2326784133911133,2.2397732734680176,2.2184255123138428,0.0,,,,,,,,,,,,,,,12.0,0.0,0.0,0.0,0.0,0.0,0.0,,,,,,,,,,,,,,,,,,,,,,0.001
2,560,train,32.935970306396484,27.448200225830078,27.43885612487793,0.0,0.0,0.0,0.0,0.0,0.0,0.0,0.0,0.0,0.0,0.0,0.0,0.0,0.0,0.0,0.0,0.0,0.0,0.0,0.0,0.0,0.0,0.0,0.0,1.0,0.4821607172489166,0.4821607172489166,0.48215776681900024,0.0,-0.007964381016790867,0.44175687432289124,1.0,0.0,1.0,0.0,0.0,0.00016128644347190857,0.0,0.0,0.0,0.0,0.34804683923721313,0.004953669849783182,0.3268328309059143,0.36596351861953735,0.6455823183059692,0.0,0.0,0.0,0.0,0.0,0.0,0.0,0.0,1.0,0.0,-0.00038104125997051597,0.43715807795524597,0.08348745107650757,0.9712271094322205,0.0,27.43885612487793,27.448200225830078,27.448200225830078,0.022181542590260506,-0.006537007167935371,-1.76908890314742e-10,0.0,0.0,5.671377658843994,5.671377658843994,1.6847853660583496,1.6847853660583496,0.09019985049962997,0.0,0.0,0.0,0.0,0.34804683923721313,0.017122674733400345,0.26983442902565,0.41569578647613525,0.6455823183059692,0.0,1.673449158668518,1.692536473274231,1.6847853660583496,1.6827118396759033,0.44175687432289124,0.12286233901977539,0.02159694768488407,1.0,2.1957523822784424,2.1838088035583496,2.182004451751709,0.0,,,,,,,,,,,,,,,12.0,0.0,0.0,0.0,0.0,0.0,0.0,,,,,,,,,,,,,,,,,,,,,,0.001
2,580,train,25.243213653564453,21.037168502807617,21.030227661132812,0.0,0.0,0.0,0.0,0.0,0.0,0.0,0.0,0.0,0.0,0.0,0.0,0.0,0.0,0.0,0.0,0.0,0.0,0.0,0.0,0.0,0.0,0.0,0.0,1.0,0.48035746812820435,0.48035746812820435,0.48034918308258057,0.0,-0.007925053127110004,0.4457760751247406,1.0,0.0,1.0,0.0,0.0,0.0001757140562403947,0.0,0.0,0.0,0.0,0.35147836804389954,0.004564383998513222,0.33704647421836853,0.36789044737815857,0.6478042006492615,0.0,0.0,0.0,0.0,0.0,0.0,0.0,0.0,1.0,0.0,0.006899744272232056,0.43642717599868774,0.0853007510304451,0.970431387424469,0.0,21.030227661132812,21.037168502807617,21.037168502807617,0.02068313956260681,-0.0049034301191568375,-3.061226966361019e-11,0.0,0.0,5.817509174346924,5.817509174346924,1.6868380308151245,1.6868380308151245,0.08838153630495071,0.0,0.0,0.0,0.0,0.35147833824157715,0.015864992514252663,0.28677308559417725,0.4242378771305084,0.6478042006492615,0.0,1.6758437156677246,1.694247841835022,1.6868380308151245,1.686830759048462,0.4457760751247406,0.12306507676839828,0.021097907796502113,1.0,2.3222427368164062,2.2438206672668457,2.210691213607788,0.0,,,,,,,,,,,,,,,12.0,0.0,0.0,0.0,0.0,0.0,0.0,,,,,,,,,,,,,,,,,,,,,,0.001
2,600,train,25.661550521850586,21.38523292541504,21.38158416748047,0.0,0.0,0.0,0.0,0.0,0.0,0.0,0.0,0.0,0.0,0.0,0.0,0.0,0.0,0.0,0.0,0.0,0.0,0.0,0.0,0.0,0.0,0.0,0.0,1.0,0.47971200942993164,0.47971197962760925,0.47972571849823,0.0,-0.008602776564657688,0.4448956549167633,1.0,0.0,1.0,0.0,0.0,0.00017279418534599245,0.0,0.0,0.0,0.0,0.35595476627349854,0.0043353429064154625,0.3408252000808716,0.3723960816860199,0.650574803352356,0.0,0.0,0.0,0.0,0.0,0.0,0.0,0.0,1.0,0.0,-0.0002440624957671389,0.4368453025817871,0.0855831503868103,0.9694690108299255,0.0,21.38158416748047,21.38523292541504,21.38523292541504,0.020423974841833115,-0.0010426039807498455,1.3948392788010189e-11,0.0,0.0,5.786840915679932,5.786840915679932,1.6833406686782837,1.6833406686782837,0.08936510235071182,0.0,0.0,0.0,0.0,0.35595476627349854,0.014832342974841595,0.28872692584991455,0.4113641381263733,0.650574803352356,0.0,1.673038125038147,1.6903188228607178,1.6833406686782837,1.6837146282196045,0.4448956549167633,0.12527455389499664,0.021748334169387817,1.0,2.251223564147949,2.2706429958343506,2.2551276683807373,0.0,,,,,,,,,,,,,,,12.0,0.0,0.0,0.0,0.0,0.0,0.0,,,,,,,,,,,,,,,,,,,,,,0.001
2,620,train,26.345287322998047,21.952926635742188,21.961803436279297,0.0,0.0,0.0,0.0,0.0,0.0,0.0,0.0,0.0,0.0,0.0,0.0,0.0,0.0,0.0,0.0,0.0,0.0,0.0,0.0,0.0,0.0,0.0,0.0,1.0,0.479103147983551,0.479103147983551,0.47910332679748535,0.0,-0.009169436991214752,0.4459769129753113,1.0,0.0,1.0,0.0,0.0,0.00014991877833381295,0.0,0.0,0.0,0.0,0.35913416743278503,0.004223634488880634,0.34218835830688477,0.3727891445159912,0.6524525284767151,0.0,0.0,0.0,0.0,0.0,0.0,0.0,0.0,1.0,0.0,0.003329240018501878,0.43735167384147644,0.08447669446468353,0.9688867330551147,0.0,21.961803436279297,21.952926635742188,21.952926635742188,0.019486641511321068,-0.004912912845611572,-4.115121438053038e-12,0.0,0.0,5.526886940002441,5.526886463165283,1.6802761554718018,1.6802761554718018,0.07959309965372086,0.0,0.0,0.0,0.0,0.35913416743278503,0.014637445099651814,0.2943437993526459,0.4184247553348541,0.6524525284767151,0.0,1.6703072786331177,1.6871148347854614,1.6802761554718018,1.6820772886276245,0.4459769129753113,0.1272728145122528,0.021983344107866287,1.0,2.1688787937164307,2.25588321685791,2.2342147827148438,0.0,,,,,,,,,,,,,,,12.0,0.0,0.0,0.0,0.0,0.0,0.0,,,,,,,,,,,,,,,,,,,,,,0.001
2,640,train,29.935955047607422,24.950546264648438,24.927047729492188,0.0,0.0,0.0,0.0,0.0,0.0,0.0,0.0,0.0,0.0,0.0,0.0,0.0,0.0,0.0,0.0,0.0,0.0,0.0,0.0,0.0,0.0,0.0,0.0,1.0,0.4785071909427643,0.4785071909427643,0.47850584983825684,0.0,-0.008048214949667454,0.44165658950805664,1.0,0.0,1.0,0.0,0.0,0.00012784612772520632,0.0,0.0,0.0,0.0,0.36210760474205017,0.00417002709582448,0.3468862473964691,0.377483069896698,0.654172956943512,0.0,0.0,0.0,0.0,0.0,0.0,0.0,0.0,1.0,0.0,-2.3421202058671042e-05,0.43776047229766846,0.08293133229017258,0.9684362411499023,0.0,24.927047729492188,24.950546264648438,24.950546264648438,0.021857595071196556,-0.0005519656697288156,6.875697493996524e-12,0.0,0.0,5.626037120819092,5.62603759765625,1.684072732925415,1.684072732925415,0.08779758214950562,0.0,0.0,0.0,0.0,0.36210760474205017,0.014384221285581589,0.30052706599235535,0.42613446712493896,0.654172956943512,0.0,1.6742485761642456,1.6908479928970337,1.684072732925415,1.674970269203186,0.44165658950805664,0.12716403603553772,0.02188202552497387,1.0,2.164832592010498,2.161470890045166,2.162710189819336,0.0,,,,,,,,,,,,,,,12.0,0.0,0.0,0.0,0.0,0.0,0.0,,,,,,,,,,,,,,,,,,,,,,0.001
2,660,train,25.139129638671875,20.94842529296875,20.953516006469727,0.0,0.0,0.0,0.0,0.0,0.0,0.0,0.0,0.0,0.0,0.0,0.0,0.0,0.0,0.0,0.0,0.0,0.0,0.0,0.0,0.0,0.0,0.0,0.0,1.0,0.47821563482284546,0.47821563482284546,0.4782284200191498,0.0,-0.008806728757917881,0.4448387622833252,1.0,0.0,1.0,0.0,0.0,0.0001583326084073633,0.0,0.0,0.0,0.0,0.36507654190063477,0.004192485939711332,0.3506042957305908,0.38095617294311523,0.655846118927002,0.0,0.0,0.0,0.0,0.0,0.0,0.0,0.0,1.0,0.0,0.0007447039824910462,0.4409995675086975,0.08194197714328766,0.9678742289543152,0.0,20.953516006469727,20.94842529296875,20.94842529296875,0.02007370814681053,-0.0012722390238195658,8.340556717501002e-11,0.0,0.0,5.747705936431885,5.747705936431885,1.6724642515182495,1.6724642515182495,0.08553757518529892,0.0,0.0,0.0,0.0,0.36507654190063477,0.014227462001144886,0.2968044877052307,0.4288570284843445,0.655846118927002,0.0,1.663159966468811,1.6789827346801758,1.6724642515182495,1.6755461692810059,0.4448387622833252,0.12841622531414032,0.022327370941638947,1.0,2.2062182426452637,2.1552083492279053,2.1555089950561523,0.0,,,,,,,,,,,,,,,12.0,0.0,0.0,0.0,0.0,0.0,0.0,,,,,,,,,,,,,,,,,,,,,,0.001
2,668,train_epoch,26.684704746314864,22.238148672138145,22.232779451473032,0.0,0.0,0.0,0.0,0.0,0.0,0.0,0.0,0.0,0.0,0.0,0.0,0.0,0.0,0.0,0.0,0.0,0.0,0.0,0.0,0.0,0.0,0.0,0.0,1.0,0.48458596260961656,0.4845859623419311,0.4845829952262833,0.0,-0.008914575304189128,0.44498302667083856,1.0,0.0,1.0,0.0,0.0,0.00019128379923229462,0.0,0.0,0.0,0.0,0.3389310062288524,0.0047908593526857345,0.32099370114103765,0.35654981264811075,0.6391656928790543,0.0,0.0,0.0,0.0,0.0,0.0,0.0,0.0,1.0,0.0,0.0005783921284353186,0.4373100706024798,0.08545925015371716,0.9740047608307022,0.0,22.232779451473032,22.238148672138145,22.238148672138145,0.022715471618011327,-0.004382977910200587,-5.039536250874297e-12,0.0,0.0,5.834267817571492,5.834267806150242,1.6889105239314233,1.6889105239314233,0.09847280146654494,0.0,0.0,0.0,0.0,0.33893100123205583,0.016378356079699216,0.26588944787393787,0.4088654567203122,0.6391656928790543,0.0,1.677380137814733,1.6963725439802615,1.6889105239314233,1.6891007580443056,0.44498302667083856,0.11595390681288913,0.020773385551027552,1.0,2.336746192977814,2.3355948775114412,2.3360715569136383,0.0,,,,,,,,,,,,,,,12.0,0.0,0.0,0.0,0.0,0.0,0.0,,,,,,,,,,,,,,,,,,,,,,0.001
2,668,val,,,,,,,,,,,,,,,,,,,,,,,,,,,,,,,,,,,,,,,,,,,,,,,,,,,,,,,,,,,,,,,,,,,,,,,,,,,,,,,,,,,,,,,,,,,,,,,,,,,,,,,,,,,,,,,,,,,,,,,,,22.416950225830078,1172.584716796875,34.2430243523681,0.16071459650993347,0.09566495567560196,18.332868576049805,27.889539544704302,0.12128730118274689,0.0783192589879036,21.89369773864746,33.226308083025486,0.15051458775997162,0.09344537556171417,28.9090518951416,43.15875320853957,0.20660430192947388,0.12316636741161346,22.416950225830078,34.2430243523681,0.16071459650993347,0.09566495567560196,0.001
2,668,test_select,,,,,,,,,,,,,,,,,,,,,,,,,,,,,,,,,,,,,,,,,,,,,,,,,,,,,,,,,,,,,,,,,,,,,,,,,,,,,,,,,,,,,,,,,,,,,,,,,,,,,,,,,,,,,,,,,,,,,,,,,23.000009536743164,1273.3973388671875,35.68469334136399,0.1447974145412445,0.09341977536678314,18.582454681396484,28.52273990861557,0.11033064872026443,0.07543396204710007,22.383790969848633,34.47871427825072,0.13689686357975006,0.09090818464756012,30.15311050415039,45.532308991631155,0.18480797111988068,0.12258923798799515,23.000009536743164,35.68469334136399,0.1447974145412445,0.09341977536678314,0.001
3,680,train,23.65683364868164,19.713573455810547,19.716304779052734,0.0,0.0,0.0,0.0,0.0,0.0,0.0,0.0,0.0,0.0,0.0,0.0,0.0,0.0,0.0,0.0,0.0,0.0,0.0,0.0,0.0,0.0,0.0,0.0,1.0,0.4772316515445709,0.4772316515445709,0.47724291682243347,0.0,-0.008737332187592983,0.44446906447410583,1.0,0.0,1.0,0.0,0.0,0.00022535791504196823,0.0,0.0,0.0,0.0,0.36858218908309937,0.004025815054774284,0.3541353642940521,0.38143953680992126,0.6578007936477661,0.0,0.0,0.0,0.0,0.0,0.0,0.0,0.0,1.0,0.0,0.004378343001008034,0.43809187412261963,0.08231578767299652,0.967146635055542,0.0,19.716304779052734,19.713573455810547,19.713573455810547,0.019443798810243607,-0.005385218653827906,8.254664313200877e-11,0.0,0.0,5.815189838409424,5.815189838409424,1.676895022392273,1.676895022392273,0.08409792184829712,0.0,0.0,0.0,0.0,0.36858218908309937,0.01357029564678669,0.30499783158302307,0.4360397756099701,0.6578007936477661,0.0,1.667780876159668,1.6832835674285889,1.676895022392273,1.6730422973632812,0.44446906447410583,0.12744179368019104,0.02203264832496643,1.0,2.278212070465088,2.1604607105255127,2.176973819732666,0.0,,,,,,,,,,,,,,,12.0,0.0,0.0,0.0,0.0,0.0,0.0,,,,,,,,,,,,,,,,,,,,,,0.001
3,700,train,23.34927749633789,19.4587345123291,19.45271110534668,0.0,0.0,0.0,0.0,0.0,0.0,0.0,0.0,0.0,0.0,0.0,0.0,0.0,0.0,0.0,0.0,0.0,0.0,0.0,0.0,0.0,0.0,0.0,0.0,1.0,0.4764195680618286,0.4764195680618286,0.47639554738998413,0.0,-0.009114253334701061,0.44056782126426697,1.0,0.0,1.0,0.0,0.0,0.00017683947226032615,0.0,0.0,0.0,0.0,0.37171411514282227,0.0037749914918094873,0.35826432704925537,0.3877674341201782,0.6595009565353394,0.0,0.0,0.0,0.0,0.0,0.0,0.0,0.0,1.0,0.0,-0.006587101146578789,0.4368019104003906,0.08261937648057938,0.9664610624313354,0.0,19.45271110534668,19.4587345123291,19.4587345123291,0.020618347451090813,-0.0033557836432009935,-3.763507561149737e-10,0.0,0.0,5.560909271240234,5.560909271240234,1.6738650798797607,1.6738650798797607,0.08257932215929031,0.0,0.0,0.0,0.0,0.3717140853404999,0.012975403107702732,0.3168465793132782,0.42777422070503235,0.6595009565353394,0.0,1.6650577783584595,1.6800596714019775,1.6738650798797607,1.6751853227615356,0.44056782126426697,0.12963131070137024,0.02226581610739231,1.0,1.9820899963378906,2.103153705596924,2.092869281768799,0.0,,,,,,,,,,,,,,,12.0,0.0,0.0,0.0,0.0,0.0,0.0,,,,,,,,,,,,,,,,,,,,,,0.001
3,720,train,24.865516662597656,20.721467971801758,20.720247268676758,0.0,0.0,0.0,0.0,0.0,0.0,0.0,0.0,0.0,0.0,0.0,0.0,0.0,0.0,0.0,0.0,0.0,0.0,0.0,0.0,0.0,0.0,0.0,0.0,1.0,0.4769001305103302,0.4769001305103302,0.47686776518821716,0.0,-0.009289687499403954,0.4418335258960724,1.0,0.0,1.0,0.0,0.0,0.00019634875934571028,0.0,0.0,0.0,0.0,0.37507960200309753,0.003629155457019806,0.36274194717407227,0.3874574303627014,0.6612741947174072,0.0,0.0,0.0,0.0,0.0,0.0,0.0,0.0,1.0,0.0,0.0063859848305583,0.4394690990447998,0.08258811384439468,0.9659099578857422,0.0,20.720247268676758,20.721467971801758,20.721467971801758,0.018681224435567856,-0.0010851148981601,6.13584669184597e-11,0.0,0.0,5.681453227996826,5.681452751159668,1.6734601259231567,1.6734601259231567,0.07900910079479218,0.0,0.0,0.0,0.0,0.37507960200309753,0.012427054345607758,0.31675979495048523,0.42570725083351135,0.6612741947174072,0.0,1.6650656461715698,1.6793960332870483,1.6734601259231567,1.6773768663406372,0.4418335258960724,0.13055738806724548,0.02214347943663597,1.0,2.0542521476745605,2.0857009887695312,2.082530975341797,0.0,,,,,,,,,,,,,,,12.0,0.0,0.0,0.0,0.0,0.0,0.0,,,,,,,,,,,,,,,,,,,,,,0.001
3,740,train,26.370506286621094,21.97591781616211,21.972936630249023,0.0,0.0,0.0,0.0,0.0,0.0,0.0,0.0,0.0,0.0,0.0,0.0,0.0,0.0,0.0,0.0,0.0,0.0,0.0,0.0,0.0,0.0,0.0,0.0,1.0,0.4758535325527191,0.47585350275039673,0.47586414217948914,0.0,-0.008839037269353867,0.44066321849823,1.0,0.0,1.0,0.0,0.0,0.00015911689843051136,0.0,0.0,0.0,0.0,0.3777807354927063,0.0037095765583217144,0.36128199100494385,0.39269566535949707,0.6626218557357788,0.0,0.0,0.0,0.0,0.0,0.0,0.0,0.0,1.0,0.0,0.0016908699180930853,0.4393700957298279,0.08027148246765137,0.9656801223754883,0.0,21.972936630249023,21.97591781616211,21.97591781616211,0.019006285816431046,-0.0037329450715333223,1.1871605087865333e-10,0.0,0.0,5.681638717651367,5.681638717651367,1.6728713512420654,1.6728713512420654,0.07932916283607483,0.0,0.0,0.0,0.0,0.3777807354927063,0.012737840414047241,0.321523517370224,0.42966175079345703,0.6626218557357788,0.0,1.6647931337356567,1.6787312030792236,1.6728713512420654,1.6702433824539185,0.44066321849823,0.13064101338386536,0.02238883450627327,1.0,2.085897922515869,2.00730037689209,1.9824914932250977,0.0,,,,,,,,,,,,,,,12.0,0.0,0.0,0.0,0.0,0.0,0.0,,,,,,,,,,,,,,,,,,,,,,0.001
3,760,train,26.16411781311035,21.80705451965332,21.785316467285156,0.0,0.0,0.0,0.0,0.0,0.0,0.0,0.0,0.0,0.0,0.0,0.0,0.0,0.0,0.0,0.0,0.0,0.0,0.0,0.0,0.0,0.0,0.0,0.0,1.0,0.47519826889038086,0.47519826889038086,0.4751952588558197,0.0,-0.008285075426101685,0.44055214524269104,1.0,0.0,1.0,0.0,0.0,0.00010882286005653441,0.0,0.0,0.0,0.0,0.3809758126735687,0.0034949551336467266,0.36681240797042847,0.39538145065307617,0.6642224788665771,0.0,0.0,0.0,0.0,0.0,0.0,0.0,0.0,1.0,0.0,-0.008255423977971077,0.4407428503036499,0.07894919812679291,0.9656177163124084,0.0,21.785316467285156,21.80705451965332,21.80705451965332,0.01883867010474205,-0.003198944963514805,2.034433316255857e-10,0.0,0.0,5.752200126647949,5.752200603485107,1.6664130687713623,1.6664130687713623,0.07688869535923004,0.0,0.0,0.0,0.0,0.3809758126735687,0.012228417210280895,0.32050108909606934,0.43001508712768555,0.6642224788665771,0.0,1.6582467555999756,1.6723227500915527,1.6664130687713623,1.661421298980713,0.44055214524269104,0.1284433752298355,0.022226525470614433,1.0,1.9774770736694336,1.9973186254501343,2.061453342437744,0.0,,,,,,,,,,,,,,,12.0,0.0,0.0,0.0,0.0,0.0,0.0,,,,,,,,,,,,,,,,,,,,,,0.001
3,780,train,23.981826782226562,19.985244750976562,19.982913970947266,0.0,0.0,0.0,0.0,0.0,0.0,0.0,0.0,0.0,0.0,0.0,0.0,0.0,0.0,0.0,0.0,0.0,0.0,0.0,0.0,0.0,0.0,0.0,0.0,1.0,0.4757784903049469,0.4757784903049469,0.47577452659606934,0.0,-0.00907120667397976,0.43859732151031494,1.0,0.0,1.0,0.0,0.0,0.00016990878793876618,0.0,0.0,0.0,0.0,0.38387683033943176,0.0033818769734352827,0.3719097971916199,0.39528903365135193,0.6656384468078613,0.0,0.0,0.0,0.0,0.0,0.0,0.0,0.0,1.0,0.0,-4.094700489076786e-05,0.44275709986686707,0.07843100279569626,0.9655469059944153,0.0,19.982913970947266,19.985244750976562,19.985244750976562,0.017978934571146965,-0.0037137565668672323,1.502961366472988e-10,0.0,0.0,5.784590244293213,5.784590244293213,1.6640567779541016,1.6640567779541016,0.07559185475111008,0.0,0.0,0.0,0.0,0.38387683033943176,0.011742578819394112,0.3294852674007416,0.43714818358421326,0.6656384468078613,0.0,1.6567246913909912,1.6694445610046387,1.6640567779541016,1.6683632135391235,0.43859732151031494,0.12911167740821838,0.02242680825293064,1.0,2.0068721771240234,2.0332343578338623,2.0811214447021484,0.0,,,,,,,,,,,,,,,12.0,0.0,0.0,0.0,0.0,0.0,0.0,,,,,,,,,,,,,,,,,,,,,,0.001
3,800,train,26.464323043823242,22.059770584106445,22.02276039123535,0.0,0.0,0.0,0.0,0.0,0.0,0.0,0.0,0.0,0.0,0.0,0.0,0.0,0.0,0.0,0.0,0.0,0.0,0.0,0.0,0.0,0.0,0.0,0.0,1.0,0.47480136156082153,0.47480136156082153,0.4747975468635559,0.0,-0.009471681900322437,0.4440705180168152,1.0,0.0,1.0,0.0,0.0,0.00015191579586826265,0.0,0.0,0.0,0.0,0.3872961103916168,0.0032670749351382256,0.37250226736068726,0.40009647607803345,0.667258620262146,0.0,0.0,0.0,0.0,0.0,0.0,0.0,0.0,1.0,0.0,-0.005751773715019226,0.44402721524238586,0.07861766964197159,0.9651151299476624,0.0,22.02276039123535,22.059770584106445,22.059770584106445,0.019391031935811043,-0.0003250509616918862,-6.853621836722112e-11,0.0,0.0,5.75789737701416,5.75789737701416,1.6649796962738037,1.6649796962738037,0.08425303548574448,0.0,0.0,0.0,0.0,0.3872961103916168,0.011201436631381512,0.3360857367515564,0.43588533997535706,0.667258620262146,0.0,1.6578394174575806,1.6702343225479126,1.6649796962738037,1.662439227104187,0.4440705180168152,0.13141611218452454,0.02232423797249794,1.0,2.009856939315796,2.0280609130859375,2.0072920322418213,0.0,,,,,,,,,,,,,,,12.0,0.0,0.0,0.0,0.0,0.0,0.0,,,,,,,,,,,,,,,,,,,,,,0.001
3,820,train,23.804275512695312,19.8400821685791,19.820964813232422,0.0,0.0,0.0,0.0,0.0,0.0,0.0,0.0,0.0,0.0,0.0,0.0,0.0,0.0,0.0,0.0,0.0,0.0,0.0,0.0,0.0,0.0,0.0,0.0,1.0,0.47418609261512756,0.47418609261512756,0.47418779134750366,0.0,-0.00864776223897934,0.4414079487323761,1.0,0.0,1.0,0.0,0.0,0.00021342281252145767,0.0,0.0,0.0,0.0,0.3905446529388428,0.003130765864625573,0.37858638167381287,0.40235280990600586,0.668746829032898,0.0,0.0,0.0,0.0,0.0,0.0,0.0,0.0,1.0,0.0,-0.0010002771159633994,0.44327473640441895,0.07793290913105011,0.9647806286811829,0.0,19.820964813232422,19.8400821685791,19.8400821685791,0.01857038401067257,-0.00330371200107038,-1.3949977284433146e-10,0.0,0.0,5.497303009033203,5.497303009033203,1.6651287078857422,1.6651287078857422,0.07704831659793854,0.0,0.0,0.0,0.0,0.3905446529388428,0.010781636461615562,0.341863214969635,0.43407487869262695,0.668746829032898,0.0,1.6584645509719849,1.6700878143310547,1.6651287078857422,1.6653543710708618,0.4414079487323761,0.13209159672260284,0.022707780823111534,1.0,1.9396183490753174,1.953004240989685,1.9210050106048584,0.0,,,,,,,,,,,,,,,12.0,0.0,0.0,0.0,0.0,0.0,0.0,,,,,,,,,,,,,,,,,,,,,,0.001
3,840,train,24.71984100341797,20.598690032958984,20.60575294494629,0.0,0.0,0.0,0.0,0.0,0.0,0.0,0.0,0.0,0.0,0.0,0.0,0.0,0.0,0.0,0.0,0.0,0.0,0.0,0.0,0.0,0.0,0.0,0.0,1.0,0.4742923974990845,0.4742923676967621,0.4742943048477173,0.0,-0.007518046535551548,0.44154128432273865,1.0,0.0,1.0,0.0,0.0,0.00021380363614298403,0.0,0.0,0.0,0.0,0.3937407433986664,0.0029955210629850626,0.38273781538009644,0.40398067235946655,0.6701675057411194,0.0,0.0,0.0,0.0,0.0,0.0,0.0,0.0,1.0,0.0,0.007780999410897493,0.44312745332717896,0.0765148401260376,0.9647758603096008,0.0,20.60575294494629,20.598690032958984,20.598690032958984,0.016982335597276688,-0.0016142621170729399,-1.1614840339513322e-10,0.0,0.0,5.935920238494873,5.935920238494873,1.657429575920105,1.657429575920105,0.07355576753616333,0.0,0.0,0.0,0.0,0.3937407433986664,0.010349526070058346,0.3488456904888153,0.4373253285884857,0.6701675057411194,0.0,1.6511833667755127,1.662125587463379,1.657429575920105,1.6567641496658325,0.44154128432273865,0.13042551279067993,0.022484898567199707,1.0,1.9172286987304688,1.9724047183990479,1.9794044494628906,0.0,,,,,,,,,,,,,,,12.0,0.0,0.0,0.0,0.0,0.0,0.0,,,,,,,,,,,,,,,,,,,,,,0.001
3,860,train,23.863149642944336,19.886737823486328,19.882061004638672,0.0,0.0,0.0,0.0,0.0,0.0,0.0,0.0,0.0,0.0,0.0,0.0,0.0,0.0,0.0,0.0,0.0,0.0,0.0,0.0,0.0,0.0,0.0,0.0,1.0,0.4742690920829773,0.4742690920829773,0.4742582142353058,0.0,-0.008795450441539288,0.44332611560821533,1.0,0.0,1.0,0.0,0.0,0.00012171888374723494,0.0,0.0,0.0,0.0,0.39676550030708313,0.0028848263900727034,0.3873118758201599,0.40713071823120117,0.6714756488800049,0.0,0.0,0.0,0.0,0.0,0.0,0.0,0.0,1.0,0.0,0.00824523251503706,0.444623202085495,0.07573816925287247,0.9648131728172302,0.0,19.882061004638672,19.886737823486328,19.886737823486328,0.017984354868531227,-0.007059731520712376,5.10678617449134e-11,0.0,0.0,5.832245826721191,5.832245826721191,1.6567822694778442,1.6567822694778442,0.07793132960796356,0.0,0.0,0.0,0.0,0.39676547050476074,0.009847999550402164,0.3466978371143341,0.4390857219696045,0.6714756488800049,0.0,1.6507983207702637,1.661300539970398,1.6567822694778442,1.6618517637252808,0.44332611560821533,0.13120056688785553,0.022776596248149872,1.0,1.9419350624084473,1.9386790990829468,1.9350612163543701,0.0,,,,,,,,,,,,,,,12.0,0.0,0.0,0.0,0.0,0.0,0.0,,,,,,,,,,,,,,,,,,,,,,0.001
3,880,train,23.061498641967773,19.217391967773438,19.22053337097168,0.0,0.0,0.0,0.0,0.0,0.0,0.0,0.0,0.0,0.0,0.0,0.0,0.0,0.0,0.0,0.0,0.0,0.0,0.0,0.0,0.0,0.0,0.0,0.0,1.0,0.47404298186302185,0.47404298186302185,0.4740423858165741,0.0,-0.008737320080399513,0.4398849606513977,1.0,0.0,1.0,0.0,0.0,0.0002843355177901685,0.0,0.0,0.0,0.0,0.3998959958553314,0.0026909657754004,0.3899187743663788,0.40972352027893066,0.6727990508079529,0.0,0.0,0.0,0.0,0.0,0.0,0.0,0.0,1.0,0.0,-0.0028724551666527987,0.4446081817150116,0.07608158141374588,0.9645057320594788,0.0,19.22053337097168,19.217391967773438,19.217391967773438,0.016859080642461777,-0.004766827914863825,-1.81625381401318e-10,0.0,0.0,5.994698524475098,5.994698524475098,1.6603599786758423,1.6603599786758423,0.0752318874001503,0.0,0.0,0.0,0.0,0.39989596605300903,0.009041108191013336,0.35665425658226013,0.44092458486557007,0.6727990508079529,0.0,1.6549934148788452,1.664422631263733,1.6603599786758423,1.6565228700637817,0.4398849606513977,0.1316918134689331,0.023062868043780327,1.0,1.875030517578125,1.898476004600525,1.8583776950836182,0.0,,,,,,,,,,,,,,,12.0,0.0,0.0,0.0,0.0,0.0,0.0,,,,,,,,,,,,,,,,,,,,,,0.001
3,900,train,24.191495895385742,20.162870407104492,20.143129348754883,0.0,0.0,0.0,0.0,0.0,0.0,0.0,0.0,0.0,0.0,0.0,0.0,0.0,0.0,0.0,0.0,0.0,0.0,0.0,0.0,0.0,0.0,0.0,0.0,1.0,0.47362399101257324,0.47362399101257324,0.4736146926879883,0.0,-0.008389241062104702,0.441533625125885,1.0,0.0,1.0,0.0,0.0,0.00013586771092377603,0.0,0.0,0.0,0.0,0.40269795060157776,0.0024082972668111324,0.3929283320903778,0.41101202368736267,0.6739453077316284,0.0,0.0,0.0,0.0,0.0,0.0,0.0,0.0,1.0,0.0,-0.005420111585408449,0.44257545471191406,0.0761483758687973,0.9640296697616577,0.0,20.143129348754883,20.162870407104492,20.162870407104492,0.01809249445796013,-0.00557239493355155,1.72735131753754e-10,0.0,0.0,5.559195518493652,5.559195518493652,1.6573529243469238,1.6573529243469238,0.07169178128242493,0.0,0.0,0.0,0.0,0.40269795060157776,0.00835638027638197,0.3679639995098114,0.437011182308197,0.6739453077316284,0.0,1.6522691249847412,1.6611995697021484,1.6573529243469238,1.6570934057235718,0.441533625125885,0.13354720175266266,0.023411594331264496,1.0,1.8819643259048462,1.9355558156967163,1.8847163915634155,0.0,,,,,,,,,,,,,,,12.0,0.0,0.0,0.0,0.0,0.0,0.0,,,,,,,,,,,,,,,,,,,,,,0.001
3,920,train,23.259899139404297,19.3847713470459,19.375638961791992,0.0,0.0,0.0,0.0,0.0,0.0,0.0,0.0,0.0,0.0,0.0,0.0,0.0,0.0,0.0,0.0,0.0,0.0,0.0,0.0,0.0,0.0,0.0,0.0,1.0,0.47280895709991455,0.47280892729759216,0.47281119227409363,0.0,-0.008652293123304844,0.44191232323646545,1.0,0.0,1.0,0.0,0.0,0.00014663049660157412,0.0,0.0,0.0,0.0,0.4056042432785034,0.002336009405553341,0.39672335982322693,0.41375812888145447,0.6750867366790771,0.0,0.0,0.0,0.0,0.0,0.0,0.0,0.0,1.0,0.0,0.005751056130975485,0.44405582547187805,0.07578272372484207,0.9635953307151794,0.0,19.375638961791992,19.3847713470459,19.3847713470459,0.017680101096630096,-0.004332734737545252,-1.4656310887151136e-10,0.0,0.0,5.468418598175049,5.468418598175049,1.6522310972213745,1.6522310972213745,0.0698205828666687,0.0,0.0,0.0,0.0,0.4056042432785034,0.007974223233759403,0.3687978684902191,0.43760570883750916,0.6750867366790771,0.0,1.6476997137069702,1.6557062864303589,1.6522310972213745,1.6566187143325806,0.44191232323646545,0.13377778232097626,0.02336166985332966,1.0,1.9079058170318604,1.9529798030853271,1.934840202331543,0.0,,,,,,,,,,,,,,,12.0,0.0,0.0,0.0,0.0,0.0,0.0,,,,,,,,,,,,,,,,,,,,,,0.001
3,940,train,25.10987091064453,20.925010681152344,20.924301147460938,0.0,0.0,0.0,0.0,0.0,0.0,0.0,0.0,0.0,0.0,0.0,0.0,0.0,0.0,0.0,0.0,0.0,0.0,0.0,0.0,0.0,0.0,0.0,0.0,1.0,0.4724804162979126,0.4724804162979126,0.47249317169189453,0.0,-0.008699879981577396,0.4395524561405182,1.0,0.0,1.0,0.0,0.0,0.00014068886230234057,0.0,0.0,0.0,0.0,0.40858832001686096,0.002190606901422143,0.4001513421535492,0.4159336984157562,0.6762223243713379,0.0,0.0,0.0,0.0,0.0,0.0,0.0,0.0,1.0,0.0,-9.92516361293383e-05,0.4453926086425781,0.07572779059410095,0.963291585445404,0.0,20.924301147460938,20.925010681152344,20.925010681152344,0.017925959080457687,-0.00864775013178587,-1.5982635354072627e-11,0.0,0.0,5.509635925292969,5.509635925292969,1.6575490236282349,1.6575490236282349,0.07111206650733948,0.0,0.0,0.0,0.0,0.40858832001686096,0.007562396116554737,0.3737122416496277,0.43950727581977844,0.6762223243713379,0.0,1.6531027555465698,1.660964846611023,1.6575490236282349,1.6515239477157593,0.4395524561405182,0.13344624638557434,0.023746943101286888,1.0,1.8079183101654053,1.8162592649459839,1.8152669668197632,0.0,,,,,,,,,,,,,,,12.0,0.0,0.0,0.0,0.0,0.0,0.0,,,,,,,,,,,,,,,,,,,,,,0.001
3,960,train,23.57378387451172,19.64591407775879,19.639352798461914,0.0,0.0,0.0,0.0,0.0,0.0,0.0,0.0,0.0,0.0,0.0,0.0,0.0,0.0,0.0,0.0,0.0,0.0,0.0,0.0,0.0,0.0,0.0,0.0,1.0,0.4734102189540863,0.4734102189540863,0.4734012186527252,0.0,-0.00780428946018219,0.438816636800766,1.0,0.0,1.0,0.0,0.0,0.00014522744459100068,0.0,0.0,0.0,0.0,0.41176849603652954,0.002002650871872902,0.40427517890930176,0.4193587005138397,0.6773986220359802,0.0,0.0,0.0,0.0,0.0,0.0,0.0,0.0,1.0,0.0,-0.00599751528352499,0.4442408084869385,0.07583010941743851,0.9632732272148132,0.0,19.639352798461914,19.64591407775879,19.64591407775879,0.017138557508587837,-0.004787614569067955,-2.7660112048022434e-11,0.0,0.0,5.589118003845215,5.589118003845215,1.6557652950286865,1.6557652950286865,0.06700970232486725,0.0,0.0,0.0,0.0,0.41176849603652954,0.006858520209789276,0.3778148293495178,0.4396458566188812,0.6773986220359802,0.0,1.6519899368286133,1.6586939096450806,1.6557652950286865,1.6616365909576416,0.438816636800766,0.1349407285451889,0.023995399475097656,1.0,1.8299332857131958,1.8206040859222412,1.814894676208496,0.0,,,,,,,,,,,,,,,12.0,0.0,0.0,0.0,0.0,0.0,0.0,,,,,,,,,,,,,,,,,,,,,,0.001
3,980,train,24.282257080078125,20.23411750793457,20.24069595336914,0.0,0.0,0.0,0.0,0.0,0.0,0.0,0.0,0.0,0.0,0.0,0.0,0.0,0.0,0.0,0.0,0.0,0.0,0.0,0.0,0.0,0.0,0.0,0.0,1.0,0.4730394780635834,0.4730394780635834,0.473044216632843,0.0,-0.009155569598078728,0.4411011040210724,1.0,0.0,1.0,0.0,0.0,0.000106231847894378,0.0,0.0,0.0,0.0,0.4146987497806549,0.0018105102935805917,0.4083586633205414,0.42078620195388794,0.6784431338310242,0.0,0.0,0.0,0.0,0.0,0.0,0.0,0.0,1.0,0.0,-0.003024430712684989,0.44509196281433105,0.07587368786334991,0.9633159041404724,0.0,20.24069595336914,20.23411750793457,20.23411750793457,0.01824856735765934,-0.0030049507040530443,9.721656119010547e-11,0.0,0.0,5.342819690704346,5.342819690704346,1.659456491470337,1.659456491470337,0.0683363750576973,0.0,0.0,0.0,0.0,0.4146987199783325,0.006231817416846752,0.38519272208213806,0.4402250349521637,0.6784431338310242,0.0,1.6559096574783325,1.6622052192687988,1.659456491470337,1.6569042205810547,0.4411011040210724,0.13606390357017517,0.024062246084213257,1.0,1.8189488649368286,1.803147315979004,1.8375310897827148,0.0,,,,,,,,,,,,,,,12.0,0.0,0.0,0.0,0.0,0.0,0.0,,,,,,,,,,,,,,,,,,,,,,0.001
3,1000,train,27.554141998291016,22.9614200592041,22.963605880737305,0.0,0.0,0.0,0.0,0.0,0.0,0.0,0.0,0.0,0.0,0.0,0.0,0.0,0.0,0.0,0.0,0.0,0.0,0.0,0.0,0.0,0.0,0.0,0.0,1.0,0.4726763963699341,0.47267642617225647,0.47268590331077576,0.0,-0.009174025617539883,0.4391358494758606,1.0,0.0,1.0,0.0,0.0,0.0001366936630802229,0.0,0.0,0.0,0.0,0.4173726737499237,0.0016653642524033785,0.4104918837547302,0.423928439617157,0.6793616414070129,0.0,0.0,0.0,0.0,0.0,0.0,0.0,0.0,1.0,0.0,-0.0018607506062835455,0.44449329376220703,0.07561646401882172,0.9633257985115051,0.0,22.963605880737305,22.9614200592041,22.9614200592041,0.017806431278586388,-0.010031669400632381,4.764511007948613e-11,0.0,0.0,5.277282238006592,5.277282238006592,1.6546587944030762,1.6546587944030762,0.06638487428426743,0.0,0.0,0.0,0.0,0.4173726737499237,0.00575763126835227,0.3928096890449524,0.44171613454818726,0.6793616414070129,0.0,1.6513036489486694,1.6572643518447876,1.6546587944030762,1.656330943107605,0.4391358494758606,0.13669857382774353,0.024360954761505127,1.0,1.7394410371780396,1.7876615524291992,1.7906200885772705,0.0,,,,,,,,,,,,,,,12.0,0.0,0.0,0.0,0.0,0.0,0.0,,,,,,,,,,,,,,,,,,,,,,0.001
3,1002,train_epoch,24.34314015097247,20.286508605865663,20.283157377185937,0.0,0.0,0.0,0.0,0.0,0.0,0.0,0.0,0.0,0.0,0.0,0.0,0.0,0.0,0.0,0.0,0.0,0.0,0.0,0.0,0.0,0.0,0.0,0.0,1.0,0.47459131211577776,0.4745913123834633,0.47459058793718945,0.0,-0.008820387037069409,0.4418986976860526,1.0,0.0,1.0,0.0,0.0,0.0001816871929962556,0.0,0.0,0.0,0.0,0.392693922905151,0.002939335752312027,0.3816043026076106,0.4033823500493329,0.6692507639973463,0.0,0.0,0.0,0.0,0.0,0.0,0.0,0.0,1.0,0.0,-0.00015173408119044542,0.4427729994950894,0.07800107074533394,0.9648301808420056,0.0,20.283157377185937,20.286508605865663,20.286508605865663,0.018637055871327836,-0.003968461753425298,1.773658922765437e-12,0.0,0.0,5.61598524076496,5.615985232199024,1.662601272503059,1.662601272503059,0.07614866686527601,0.0,0.0,0.0,0.0,0.3926939221020944,0.010095153003931046,0.3455826067282054,0.4343603641508582,0.6692507639973463,0.0,1.6562801717284197,1.667257494555262,1.662601272503059,1.662940210924891,0.4418986976860526,0.13176732916318015,0.022891083447831476,1.0,1.9760766529037568,1.9766742790530543,1.976750363846739,0.0,,,,,,,,,,,,,,,12.0,0.0,0.0,0.0,0.0,0.0,0.0,,,,,,,,,,,,,,,,,,,,,,0.001
3,1002,val,,,,,,,,,,,,,,,,,,,,,,,,,,,,,,,,,,,,,,,,,,,,,,,,,,,,,,,,,,,,,,,,,,,,,,,,,,,,,,,,,,,,,,,,,,,,,,,,,,,,,,,,,,,,,,,,,,,,,,,,,19.142202377319336,911.8875732421875,30.197476272731592,0.13705243170261383,0.08168988674879074,17.03632926940918,26.7345587826091,0.11145023256540298,0.07278035581111908,18.88142967224121,29.91739522601149,0.13003262877464294,0.08058858662843704,22.67287826538086,35.18422845026767,0.1777791976928711,0.09659729152917862,19.142202377319336,30.197476272731592,0.13705243170261383,0.08168988674879074,0.001
3,1002,test_select,,,,,,,,,,,,,,,,,,,,,,,,,,,,,,,,,,,,,,,,,,,,,,,,,,,,,,,,,,,,,,,,,,,,,,,,,,,,,,,,,,,,,,,,,,,,,,,,,,,,,,,,,,,,,,,,,,,,,,,,,20.235572814941406,1049.5574951171875,32.39687477392206,0.1246950700879097,0.08219139277935028,17.348800659179688,27.219126719551454,0.10112271457910538,0.07042603939771652,19.763887405395508,31.692805160253346,0.11835688352584839,0.08026786893606186,25.10227394104004,39.45163363517885,0.16268549859523773,0.10205476731061935,20.235572814941406,32.39687477392206,0.1246950700879097,0.08219139277935028,0.001
3,1002,test,,,,,,,,,,,,,,,,,,,,,,,,,,,,,,,,,,,,,,,,,,,,,,,,,,,,,,,,,,,,,,,,,,,,,,,,,,,,,,,,,,,,,,,,,,,,,,,,,,,,,,,,,,,,,,,,,,,,,,,,,20.235572814941406,1049.5574951171875,32.39687477392206,0.1246950700879097,0.08219139277935028,17.348800659179688,27.219126719551454,0.10112271457910538,0.07042603939771652,19.763887405395508,31.692805160253346,0.11835688352584839,0.08026786893606186,25.10227394104004,39.45163363517885,0.16268549859523773,0.10205476731061935,20.235572814941406,32.39687477392206,0.1246950700879097,0.08219139277935028,0.001
4,1020,train,26.22014808654785,21.850072860717773,21.850378036499023,0.0,0.0,0.0,0.0,0.0,0.0,0.0,0.0,0.0,0.0,0.0,0.0,0.0,0.0,0.0,0.0,0.0,0.0,0.0,0.0,0.0,0.0,0.0,0.0,1.0,0.47269320487976074,0.47269317507743835,0.4726983904838562,0.0,-0.008791780099272728,0.43724772334098816,1.0,0.0,1.0,0.0,0.0,0.00018513202667236328,0.0,0.0,0.0,0.0,0.420089453458786,0.0015433478401973844,0.4144532084465027,0.4254535436630249,0.6802634000778198,0.0,0.0,0.0,0.0,0.0,0.0,0.0,0.0,1.0,0.0,-0.0023072112817317247,0.447277694940567,0.07461372017860413,0.9632843136787415,0.0,21.850378036499023,21.850072860717773,21.850072860717773,0.01625276729464531,-0.0025598183274269104,-1.5262673069837973e-10,0.0,0.0,5.4259538650512695,5.4259538650512695,1.6556087732315063,1.6556087732315063,0.06344271451234818,0.0,0.0,0.0,0.0,0.420089453458786,0.005291169974952936,0.3965127468109131,0.4419363737106323,0.6802634000778198,0.0,1.652612566947937,1.657949686050415,1.6556087732315063,1.6501402854919434,0.43724772334098816,0.13730143010616302,0.02428230084478855,1.0,1.7237703800201416,1.7658100128173828,1.7416437864303589,0.0,,,,,,,,,,,,,,,12.0,0.0,0.0,0.0,0.0,0.0,0.0,,,,,,,,,,,,,,,,,,,,,,0.001
4,1040,train,24.369977951049805,20.304964065551758,20.32506561279297,0.0,0.0,0.0,0.0,0.0,0.0,0.0,0.0,0.0,0.0,0.0,0.0,0.0,0.0,0.0,0.0,0.0,0.0,0.0,0.0,0.0,0.0,0.0,0.0,1.0,0.4738715589046478,0.4738715887069702,0.47387436032295227,0.0,-0.008891173638403416,0.43982258439064026,1.0,0.0,1.0,0.0,0.0,0.0001271201326744631,0.0,0.0,0.0,0.0,0.4226785898208618,0.001392424339428544,0.41737592220306396,0.42794734239578247,0.6810922622680664,0.0,0.0,0.0,0.0,0.0,0.0,0.0,0.0,1.0,0.0,-0.004145839251577854,0.4481542408466339,0.0738992914557457,0.9637045860290527,0.0,20.32506561279297,20.304964065551758,20.304964065551758,0.01675911620259285,-0.0014489255845546722,-1.2161785467590391e-10,0.0,0.0,5.376736164093018,5.376736164093018,1.6460977792739868,1.6460977792739868,0.06512925773859024,0.0,0.0,0.0,0.0,0.4226785898208618,0.004921876359730959,0.39959195256233215,0.44365042448043823,0.6810922622680664,0.0,1.643301248550415,1.6482964754104614,1.6460977792739868,1.6527925729751587,0.43982258439064026,0.13881079852581024,0.024489523842930794,1.0,1.753409743309021,1.8218040466308594,1.8234891891479492,0.0,,,,,,,,,,,,,,,12.0,0.0,0.0,0.0,0.0,0.0,0.0,,,,,,,,,,,,,,,,,,,,,,0.001
4,1060,train,22.2421875,18.536083221435547,18.530519485473633,0.0,0.0,0.0,0.0,0.0,0.0,0.0,0.0,0.0,0.0,0.0,0.0,0.0,0.0,0.0,0.0,0.0,0.0,0.0,0.0,0.0,0.0,0.0,0.0,1.0,0.47163084149360657,0.47163084149360657,0.471652090549469,0.0,-0.00832747295498848,0.4393553137779236,1.0,0.0,1.0,0.0,0.0,0.00010712530638556927,0.0,0.0,0.0,0.0,0.4251995384693146,0.00131498952396214,0.42074108123779297,0.4299253821372986,0.6818732023239136,0.0,0.0,0.0,0.0,0.0,0.0,0.0,0.0,1.0,0.0,-0.004401722457259893,0.4483715295791626,0.07360711693763733,0.9635762572288513,0.0,18.530519485473633,18.536083221435547,18.536083221435547,0.01758127100765705,-0.0034171883016824722,-9.504096815105001e-11,0.0,0.0,5.362144470214844,5.362144470214844,1.656900405883789,1.656900405883789,0.0673263892531395,0.0,0.0,0.0,0.0,0.4251995384693146,0.004513727501034737,0.4026126265525818,0.4439677298069,0.6818732023239136,0.0,1.6544766426086426,1.6588191986083984,1.656900405883789,1.6503465175628662,0.4393553137779236,0.13943928480148315,0.02530665136873722,1.0,1.776252031326294,1.7674798965454102,1.7885746955871582,0.0,,,,,,,,,,,,,,,12.0,0.0,0.0,0.0,0.0,0.0,0.0,,,,,,,,,,,,,,,,,,,,,,0.001
4,1080,train,22.2154541015625,18.51255226135254,18.51451301574707,0.0,0.0,0.0,0.0,0.0,0.0,0.0,0.0,0.0,0.0,0.0,0.0,0.0,0.0,0.0,0.0,0.0,0.0,0.0,0.0,0.0,0.0,0.0,0.0,1.0,0.4719944894313812,0.4719945192337036,0.471993625164032,0.0,-0.008617949672043324,0.4418213665485382,1.0,0.0,1.0,0.0,0.0,0.00030127016361802816,0.0,0.0,0.0,0.0,0.4277614653110504,0.0012085220078006387,0.42347097396850586,0.4320712983608246,0.6826377511024475,0.0,0.0,0.0,0.0,0.0,0.0,0.0,0.0,1.0,0.0,0.0035015996545553207,0.44644296169281006,0.07379360496997833,0.9632810950279236,0.0,18.51451301574707,18.51255226135254,18.51255226135254,0.016556696966290474,-0.004713770467787981,-1.4747479626375792e-10,0.0,0.0,5.763219833374023,5.763219833374023,1.648223876953125,1.648223876953125,0.06766734272241592,0.0,0.0,0.0,0.0,0.4277614653110504,0.004200302064418793,0.40880000591278076,0.44587162137031555,0.6826377511024475,0.0,1.64591646194458,1.6500581502914429,1.648223876953125,1.649106740951538,0.4418213665485382,0.13983367383480072,0.025529377162456512,1.0,1.8154308795928955,1.8061645030975342,1.7806261777877808,0.0,,,,,,,,,,,,,,,12.0,0.0,0.0,0.0,0.0,0.0,0.0,,,,,,,,,,,,,,,,,,,,,,0.001
4,1100,train,23.253658294677734,19.377079010009766,19.382898330688477,0.0,0.0,0.0,0.0,0.0,0.0,0.0,0.0,0.0,0.0,0.0,0.0,0.0,0.0,0.0,0.0,0.0,0.0,0.0,0.0,0.0,0.0,0.0,0.0,1.0,0.4729965925216675,0.4729965925216675,0.47300195693969727,0.0,-0.008872011676430702,0.4402220845222473,1.0,0.0,1.0,0.0,0.0,0.0001991456956602633,0.0,0.0,0.0,0.0,0.43020254373550415,0.0011128655169159174,0.42585188150405884,0.43396610021591187,0.6833409070968628,0.0,0.0,0.0,0.0,0.0,0.0,0.0,0.0,1.0,0.0,0.003437216393649578,0.4447980225086212,0.07413545250892639,0.9630353450775146,0.0,19.382898330688477,19.377079010009766,19.377079010009766,0.015822699293494225,-0.0008835123153403401,9.982848575562642e-11,0.0,0.0,5.486771583557129,5.486771583557129,1.6511205434799194,1.6511205434799194,0.062195952981710434,0.0,0.0,0.0,0.0,0.43020254373550415,0.0039023300632834435,0.4136565923690796,0.44700250029563904,0.6833409070968628,0.0,1.6490342617034912,1.652789831161499,1.6511205434799194,1.652649998664856,0.4402220845222473,0.14087453484535217,0.02586863748729229,1.0,1.7043302059173584,1.7306904792785645,1.7447322607040405,0.0,,,,,,,,,,,,,,,12.0,0.0,0.0,0.0,0.0,0.0,0.0,,,,,,,,,,,,,,,,,,,,,,0.001
4,1120,train,23.445737838745117,19.53790855407715,19.539142608642578,0.0,0.0,0.0,0.0,0.0,0.0,0.0,0.0,0.0,0.0,0.0,0.0,0.0,0.0,0.0,0.0,0.0,0.0,0.0,0.0,0.0,0.0,0.0,0.0,1.0,0.47253671288490295,0.47253671288490295,0.4725304841995239,0.0,-0.009005746804177761,0.440255731344223,1.0,0.0,1.0,0.0,0.0,0.0001364487543469295,0.0,0.0,0.0,0.0,0.43265265226364136,0.0010494679445400834,0.4288732409477234,0.43645867705345154,0.6840211749076843,0.0,0.0,0.0,0.0,0.0,0.0,0.0,0.0,1.0,0.0,0.00047999987145885825,0.4434914290904999,0.07449854910373688,0.96280437707901,0.0,19.539142608642578,19.53790855407715,19.53790855407715,0.018701229244470596,-0.005546551197767258,-4.927664179477098e-11,0.0,0.0,5.039958477020264,5.039958953857422,1.6556810140609741,1.6556810140609741,0.07232720404863358,0.0,0.0,0.0,0.0,0.4326525926589966,0.003646773984655738,0.4172925353050232,0.44926977157592773,0.6840211749076843,0.0,1.6537141799926758,1.6572626829147339,1.6556810140609741,1.656585931777954,0.440255731344223,0.14083078503608704,0.025343390181660652,1.0,1.8930714130401611,1.7879618406295776,1.791060447692871,0.0,,,,,,,,,,,,,,,12.0,0.0,0.0,0.0,0.0,0.0,0.0,,,,,,,,,,,,,,,,,,,,,,0.001
4,1140,train,24.773204803466797,20.645042419433594,20.64081573486328,0.0,0.0,0.0,0.0,0.0,0.0,0.0,0.0,0.0,0.0,0.0,0.0,0.0,0.0,0.0,0.0,0.0,0.0,0.0,0.0,0.0,0.0,0.0,0.0,1.0,0.47208550572395325,0.47208550572395325,0.4720836281776428,0.0,-0.009125782176852226,0.4407654106616974,1.0,0.0,1.0,0.0,0.0,0.0001783927873475477,0.0,0.0,0.0,0.0,0.4349498748779297,0.0010051322169601917,0.4311388432979584,0.43845516443252563,0.6846361756324768,0.0,0.0,0.0,0.0,0.0,0.0,0.0,0.0,1.0,0.0,-0.0003512263356242329,0.447765588760376,0.07400134950876236,0.9627304077148438,0.0,20.64081573486328,20.645042419433594,20.645042419433594,0.016929462552070618,-0.005176688078790903,-1.7468693158662063e-10,0.0,0.0,5.421684265136719,5.421684265136719,1.6521506309509277,1.6521506309509277,0.06630246341228485,0.0,0.0,0.0,0.0,0.4349499046802521,0.0034315800294280052,0.41507452726364136,0.450143039226532,0.6846361756324768,0.0,1.6503629684448242,1.6535992622375488,1.6521506309509277,1.6533246040344238,0.4407654106616974,0.14222881197929382,0.025620248168706894,1.0,1.595740795135498,1.6252634525299072,1.6430308818817139,0.0,,,,,,,,,,,,,,,12.0,0.0,0.0,0.0,0.0,0.0,0.0,,,,,,,,,,,,,,,,,,,,,,0.001
4,1160,train,20.888790130615234,17.407188415527344,17.40800666809082,0.0,0.0,0.0,0.0,0.0,0.0,0.0,0.0,0.0,0.0,0.0,0.0,0.0,0.0,0.0,0.0,0.0,0.0,0.0,0.0,0.0,0.0,0.0,0.0,1.0,0.4720528721809387,0.4720528721809387,0.4720569849014282,0.0,-0.008205432444810867,0.43976354598999023,1.0,0.0,1.0,0.0,0.0,0.00015714243636466563,0.0,0.0,0.0,0.0,0.4373474717140198,0.0009074435802176595,0.4337795674800873,0.4406811594963074,0.6852564811706543,0.0,0.0,0.0,0.0,0.0,0.0,0.0,0.0,1.0,0.0,0.0006544554489664733,0.4442867040634155,0.0744350478053093,0.9625288844108582,0.0,17.40800666809082,17.407188415527344,17.407188415527344,0.016504457220435143,-0.003674811450764537,-8.11240241649358e-11,0.0,0.0,5.531996250152588,5.531996250152588,1.646319031715393,1.646319031715393,0.06986626237630844,0.0,0.0,0.0,0.0,0.4373474717140198,0.003086608834564686,0.4241276681423187,0.44999057054519653,0.6852564811706543,0.0,1.6447745561599731,1.6475794315338135,1.646319031715393,1.6560806035995483,0.43976354598999023,0.14376360177993774,0.025619061663746834,1.0,1.7607035636901855,1.7497320175170898,1.7100462913513184,0.0,,,,,,,,,,,,,,,12.0,0.0,0.0,0.0,0.0,0.0,0.0,,,,,,,,,,,,,,,,,,,,,,0.001
4,1180,train,24.83965301513672,20.698476791381836,20.70587730407715,0.0,0.0,0.0,0.0,0.0,0.0,0.0,0.0,0.0,0.0,0.0,0.0,0.0,0.0,0.0,0.0,0.0,0.0,0.0,0.0,0.0,0.0,0.0,0.0,1.0,0.47106438875198364,0.47106438875198364,0.4710635542869568,0.0,-0.008691384457051754,0.4397963881492615,1.0,0.0,1.0,0.0,0.0,0.00021568831289187074,0.0,0.0,0.0,0.0,0.4393094778060913,0.0008662540349178016,0.43614232540130615,0.44243404269218445,0.6857446432113647,0.0,0.0,0.0,0.0,0.0,0.0,0.0,0.0,1.0,0.0,-0.009427887387573719,0.4464016854763031,0.0736800879240036,0.9624727964401245,0.0,20.70587730407715,20.698476791381836,20.698476791381836,0.018744513392448425,-0.005792504176497459,2.6081195536598045e-10,0.0,0.0,5.258439540863037,5.258439540863037,1.6529303789138794,1.6529303789138794,0.07139108330011368,0.0,0.0,0.0,0.0,0.4393094778060913,0.002953872550278902,0.42656946182250977,0.4517951011657715,0.6857446432113647,0.0,1.6514250040054321,1.654164433479309,1.6529303789138794,1.6472668647766113,0.4397963881492615,0.1447494924068451,0.025748174637556076,1.0,1.7221908569335938,1.6423386335372925,1.6657817363739014,0.0,,,,,,,,,,,,,,,12.0,0.0,0.0,0.0,0.0,0.0,0.0,,,,,,,,,,,,,,,,,,,,,,0.001
4,1200,train,23.805723190307617,19.836179733276367,19.84771728515625,0.0,0.0,0.0,0.0,0.0,0.0,0.0,0.0,0.0,0.0,0.0,0.0,0.0,0.0,0.0,0.0,0.0,0.0,0.0,0.0,0.0,0.0,0.0,0.0,1.0,0.47203850746154785,0.47203850746154785,0.47204095125198364,0.0,-0.009348520077764988,0.4393160343170166,1.0,0.0,1.0,0.0,0.0,0.00015822019486222416,0.0,0.0,0.0,0.0,0.44163981080055237,0.0007714449893683195,0.43856072425842285,0.4443199038505554,0.6863055229187012,0.0,0.0,0.0,0.0,0.0,0.0,0.0,0.0,1.0,0.0,0.0053520165383815765,0.44562849402427673,0.07425209134817123,0.9622400999069214,0.0,19.84771728515625,19.836179733276367,19.836179733276367,0.016296379268169403,-0.0010554626351222396,1.6997519711181575e-11,0.0,0.0,5.545632362365723,5.545632362365723,1.6517231464385986,1.6517231464385986,0.06685813516378403,0.0,0.0,0.0,0.0,0.44163981080055237,0.0026533801574259996,0.4288903474807739,0.45252129435539246,0.6863055229187012,0.0,1.6504355669021606,1.6527857780456543,1.6517231464385986,1.6520788669586182,0.4393160343170166,0.14591239392757416,0.025953231379389763,1.0,1.5809049606323242,1.608147382736206,1.629759669303894,0.0,,,,,,,,,,,,,,,12.0,0.0,0.0,0.0,0.0,0.0,0.0,,,,,,,,,,,,,,,,,,,,,,0.001
4,1220,train,25.656761169433594,21.381093978881836,21.378334045410156,0.0,0.0,0.0,0.0,0.0,0.0,0.0,0.0,0.0,0.0,0.0,0.0,0.0,0.0,0.0,0.0,0.0,0.0,0.0,0.0,0.0,0.0,0.0,0.0,1.0,0.4719589948654175,0.4719589948654175,0.4719717502593994,0.0,-0.008564352989196777,0.43720120191574097,1.0,0.0,1.0,0.0,0.0,0.00020201661391183734,0.0,0.0,0.0,0.0,0.4437757432460785,0.000681295758113265,0.44107183814048767,0.44618654251098633,0.686800479888916,0.0,0.0,0.0,0.0,0.0,0.0,0.0,0.0,1.0,0.0,0.0034853697288781404,0.4450978934764862,0.07446219027042389,0.9623923301696777,0.0,21.378334045410156,21.381093978881836,21.381093978881836,0.016584545373916626,-0.007189306430518627,6.968725596578906e-11,0.0,0.0,5.717845439910889,5.7178449630737305,1.6471027135849,1.6471027135849,0.06781847774982452,0.0,0.0,0.0,0.0,0.4437757134437561,0.0023309558164328337,0.432589590549469,0.4534880816936493,0.686800479888916,0.0,1.6459637880325317,1.6480454206466675,1.6471027135849,1.6540014743804932,0.43720120191574097,0.14511924982070923,0.026387063786387444,1.0,1.5703887939453125,1.6011006832122803,1.590999960899353,0.0,,,,,,,,,,,,,,,12.0,0.0,0.0,0.0,0.0,0.0,0.0,,,,,,,,,,,,,,,,,,,,,,0.001
4,1240,train,26.92490577697754,22.438705444335938,22.43100357055664,0.0,0.0,0.0,0.0,0.0,0.0,0.0,0.0,0.0,0.0,0.0,0.0,0.0,0.0,0.0,0.0,0.0,0.0,0.0,0.0,0.0,0.0,0.0,0.0,1.0,0.4728054702281952,0.4728054404258728,0.47281232476234436,0.0,-0.009089285507798195,0.437091201543808,1.0,0.0,1.0,0.0,0.0,0.00016683447756804526,0.0,0.0,0.0,0.0,0.4458652436733246,0.0006107604131102562,0.44354304671287537,0.4478189945220947,0.6872658133506775,0.0,0.0,0.0,0.0,0.0,0.0,0.0,0.0,1.0,0.0,0.0005679873866029084,0.44692346453666687,0.07362392544746399,0.9629581570625305,0.0,22.43100357055664,22.438705444335938,22.438705444335938,0.01592624932527542,-0.003244033781811595,1.1050588916150517e-10,0.0,0.0,5.290922164916992,5.290922164916992,1.6555683612823486,1.6555683612823486,0.06174001097679138,0.0,0.0,0.0,0.0,0.4458652436733246,0.002080402569845319,0.43628251552581787,0.45399507880210876,0.6872658133506775,0.0,1.6545679569244385,1.656400442123413,1.6555683612823486,1.6535923480987549,0.437091201543808,0.14718768000602722,0.02667694166302681,1.0,1.566710352897644,1.5807498693466187,1.5651319026947021,0.0,,,,,,,,,,,,,,,12.0,0.0,0.0,0.0,0.0,0.0,0.0,,,,,,,,,,,,,,,,,,,,,,0.001
4,1260,train,22.089881896972656,18.408723831176758,18.405790328979492,0.0,0.0,0.0,0.0,0.0,0.0,0.0,0.0,0.0,0.0,0.0,0.0,0.0,0.0,0.0,0.0,0.0,0.0,0.0,0.0,0.0,0.0,0.0,0.0,1.0,0.47203293442726135,0.47203293442726135,0.4720541834831238,0.0,-0.008762616664171219,0.4379121959209442,1.0,0.0,1.0,0.0,0.0,0.00016916253662202507,0.0,0.0,0.0,0.0,0.4479014575481415,0.0005481080152094364,0.4459308981895447,0.4498134255409241,0.6877015829086304,0.0,0.0,0.0,0.0,0.0,0.0,0.0,0.0,1.0,0.0,-0.0032627435866743326,0.4467789828777313,0.07249781489372253,0.9633636474609375,0.0,18.405790328979492,18.408723831176758,18.408723831176758,0.01669454760849476,-0.007671390660107136,-7.607889318528294e-11,0.0,0.0,5.55027961730957,5.55027961730957,1.6504923105239868,1.6504923105239868,0.06896080821752548,0.0,0.0,0.0,0.0,0.4479014575481415,0.0018941950984299183,0.4383220672607422,0.45617368817329407,0.6877015829086304,0.0,1.6495778560638428,1.651257038116455,1.6504923105239868,1.6520130634307861,0.4379121959209442,0.1459275484085083,0.026187513023614883,1.0,1.6288115978240967,1.5770149230957031,1.5841916799545288,0.0,,,,,,,,,,,,,,,12.0,0.0,0.0,0.0,0.0,0.0,0.0,,,,,,,,,,,,,,,,,,,,,,0.001
4,1280,train,23.668190002441406,19.725032806396484,19.71578598022461,0.0,0.0,0.0,0.0,0.0,0.0,0.0,0.0,0.0,0.0,0.0,0.0,0.0,0.0,0.0,0.0,0.0,0.0,0.0,0.0,0.0,0.0,0.0,0.0,1.0,0.4728007912635803,0.4728007912635803,0.4727879464626312,0.0,-0.008359679952263832,0.43921172618865967,1.0,0.0,1.0,0.0,0.0,0.00015271385200321674,0.0,0.0,0.0,0.0,0.4498048722743988,0.0005182064487598836,0.44793426990509033,0.4516178369522095,0.6880935430526733,0.0,0.0,0.0,0.0,0.0,0.0,0.0,0.0,1.0,0.0,-0.0009652602020651102,0.44544363021850586,0.07199795544147491,0.963674783706665,0.0,19.71578598022461,19.725032806396484,19.725032806396484,0.017801698297262192,-0.008162854239344597,1.9669713080538997e-10,0.0,0.0,5.279856204986572,5.279856204986572,1.6491972208023071,1.6491972208023071,0.06584922969341278,0.0,0.0,0.0,0.0,0.4498048424720764,0.0017413708847016096,0.44128337502479553,0.45664456486701965,0.6880935430526733,0.0,1.648406982421875,1.64986252784729,1.6491972208023071,1.6497174501419067,0.43921172618865967,0.1449427604675293,0.02644004300236702,1.0,1.5830206871032715,1.5900928974151611,1.5714175701141357,0.0,,,,,,,,,,,,,,,12.0,0.0,0.0,0.0,0.0,0.0,0.0,,,,,,,,,,,,,,,,,,,,,,0.001
4,1300,train,23.686674118041992,19.73912239074707,19.73775863647461,0.0,0.0,0.0,0.0,0.0,0.0,0.0,0.0,0.0,0.0,0.0,0.0,0.0,0.0,0.0,0.0,0.0,0.0,0.0,0.0,0.0,0.0,0.0,0.0,1.0,0.4725272059440613,0.4725272059440613,0.4725404977798462,0.0,-0.008620530366897583,0.43865692615509033,1.0,0.0,1.0,0.0,0.0,0.0001349538506474346,0.0,0.0,0.0,0.0,0.45167282223701477,0.0004713141534011811,0.45002421736717224,0.45343005657196045,0.688463568687439,0.0,0.0,0.0,0.0,0.0,0.0,0.0,0.0,1.0,0.0,0.004895075690001249,0.4518033266067505,0.07134145498275757,0.9638908505439758,0.0,19.73775863647461,19.73912239074707,19.73912239074707,0.017235271632671356,-0.007523414678871632,8.812178070582988e-11,0.0,0.0,5.3881707191467285,5.3881707191467285,1.6472227573394775,1.6472227573394775,0.0618441216647625,0.0,0.0,0.0,0.0,0.45167282223701477,0.001624559867195785,0.44499197602272034,0.45856326818466187,0.688463568687439,0.0,1.6464449167251587,1.6478806734085083,1.6472227573394775,1.6469511985778809,0.43865692615509033,0.1475008875131607,0.02627122402191162,1.0,1.584831953048706,1.5545213222503662,1.5755140781402588,0.0,,,,,,,,,,,,,,,12.0,0.0,0.0,0.0,0.0,0.0,0.0,,,,,,,,,,,,,,,,,,,,,,0.001
4,1320,train,22.765426635742188,18.970840454101562,18.972930908203125,0.0,0.0,0.0,0.0,0.0,0.0,0.0,0.0,0.0,0.0,0.0,0.0,0.0,0.0,0.0,0.0,0.0,0.0,0.0,0.0,0.0,0.0,0.0,0.0,1.0,0.4724296033382416,0.4724295735359192,0.4724435806274414,0.0,-0.008993031457066536,0.43922698497772217,1.0,0.0,1.0,0.0,0.0,0.00014678055595140904,0.0,0.0,0.0,0.0,0.4534718096256256,0.0004486219258978963,0.45159265398979187,0.4551711678504944,0.6888064742088318,0.0,0.0,0.0,0.0,0.0,0.0,0.0,0.0,1.0,0.0,0.0021021952852606773,0.449339359998703,0.07080207020044327,0.964039146900177,0.0,18.972930908203125,18.970840454101562,18.970840454101562,0.015990285202860832,-0.004895567428320646,2.6878135828134475e-10,0.0,0.0,5.520806789398193,5.520806789398193,1.6453561782836914,1.6453561782836914,0.06455124169588089,0.0,0.0,0.0,0.0,0.4534717798233032,0.0015268073184415698,0.4458288550376892,0.45994704961776733,0.6888064742088318,0.0,1.6446402072906494,1.6459648609161377,1.6453561782836914,1.6504878997802734,0.43922698497772217,0.14858131110668182,0.026356635615229607,1.0,1.5155491828918457,1.4983940124511719,1.4915437698364258,0.0,,,,,,,,,,,,,,,12.0,0.0,0.0,0.0,0.0,0.0,0.0,,,,,,,,,,,,,,,,,,,,,,0.001
4,1336,train_epoch,23.08040104940266,19.23395581159763,19.232225892072666,0.0,0.0,0.0,0.0,0.0,0.0,0.0,0.0,0.0,0.0,0.0,0.0,0.0,0.0,0.0,0.0,0.0,0.0,0.0,0.0,0.0,0.0,0.0,0.0,1.0,0.47232440024792793,0.47232439890950023,0.4723236963242114,0.0,-0.008809862127192987,0.4395345311143441,1.0,0.0,1.0,0.0,0.0,0.00018358674452554374,0.0,0.0,0.0,0.0,0.43766358646447073,0.0009090422202510937,0.43421925113586607,0.440990273110167,0.6850965795759669,0.0,0.0,0.0,0.0,0.0,0.0,0.0,0.0,1.0,0.0,-0.00015185806124262346,0.4470859745483912,0.07348176203445046,0.9631489351124107,0.0,19.232225892072666,19.23395581159763,19.23395581159763,0.016843655431074297,-0.004843676602134595,-1.6958120214014804e-11,0.0,0.0,5.472766437930261,5.472766440785573,1.6509647758421069,1.6509647758421069,0.06753261408539946,0.0,0.0,0.0,0.0,0.43766358494758606,0.0031274636349261564,0.42286825661887667,0.4505738677557357,0.6850965795759669,0.0,1.6493379038251088,1.6522767793632553,1.6509647758421069,1.6516115686850634,0.4395345311143441,0.14327542822874947,0.025685412970979413,1.0,1.669065895194779,1.6692876251871713,1.669136502785597,0.0,,,,,,,,,,,,,,,12.0,0.0,0.0,0.0,0.0,0.0,0.0,,,,,,,,,,,,,,,,,,,,,,0.001
4,1336,val,,,,,,,,,,,,,,,,,,,,,,,,,,,,,,,,,,,,,,,,,,,,,,,,,,,,,,,,,,,,,,,,,,,,,,,,,,,,,,,,,,,,,,,,,,,,,,,,,,,,,,,,,,,,,,,,,,,,,,,,,19.081087112426758,894.5661010742188,29.90929790339818,0.14321888983249664,0.08142905682325363,17.051433563232422,26.514631730438598,0.12103942036628723,0.07284488528966904,18.799854278564453,29.645827042522466,0.12614907324314117,0.0802404135465622,22.345691680908203,34.791152846754734,0.1676417887210846,0.09520330280065536,19.081087112426758,29.90929790339818,0.14321888983249664,0.08142905682325363,0.001
4,1336,test_select,,,,,,,,,,,,,,,,,,,,,,,,,,,,,,,,,,,,,,,,,,,,,,,,,,,,,,,,,,,,,,,,,,,,,,,,,,,,,,,,,,,,,,,,,,,,,,,,,,,,,,,,,,,,,,,,,,,,,,,,,20.300642013549805,1047.496337890625,32.36504809034933,0.13217192888259888,0.08245568722486496,17.535062789916992,27.243556389467468,0.11099810898303986,0.07118215411901474,19.845439910888672,31.67478672789783,0.11699269711971283,0.08059908449649811,24.814393997192383,39.36441139869393,0.15640802681446075,0.10088437050580978,20.300642013549805,32.36504809034933,0.13217192888259888,0.08245568722486496,0.001
5,1340,train,24.56389808654785,20.472780227661133,20.455591201782227,0.0,0.0,0.0,0.0,0.0,0.0,0.0,0.0,0.0,0.0,0.0,0.0,0.0,0.0,0.0,0.0,0.0,0.0,0.0,0.0,0.0,0.0,0.0,0.0,1.0,0.4732317328453064,0.4732317328453064,0.4732247292995453,0.0,-0.008914998732507229,0.43640485405921936,1.0,0.0,1.0,0.0,0.0,0.00018923262541648,0.0,0.0,0.0,0.0,0.4552336037158966,0.00040735743823461235,0.45378780364990234,0.45675694942474365,0.6891297698020935,0.0,0.0,0.0,0.0,0.0,0.0,0.0,0.0,1.0,0.0,-0.0032067447900772095,0.45319676399230957,0.07043063640594482,0.964095413684845,0.0,20.455591201782227,20.472780227661133,20.472780227661133,0.016493773087859154,-0.006028604693710804,4.58285666360414e-11,0.0,0.0,5.329948902130127,5.329948902130127,1.6510204076766968,1.6510204076766968,0.06253228336572647,0.0,0.0,0.0,0.0,0.4552336037158966,0.0014027839060872793,0.4491210877895355,0.46055158972740173,0.6891297698020935,0.0,1.6503881216049194,1.6515611410140991,1.6510204076766968,1.6465450525283813,0.43640485405921936,0.1505451500415802,0.02665509656071663,1.0,1.4435815811157227,1.509190559387207,1.526655912399292,0.0,,,,,,,,,,,,,,,12.0,0.0,0.0,0.0,0.0,0.0,0.0,,,,,,,,,,,,,,,,,,,,,,0.001
5,1360,train,21.196996688842773,17.66350746154785,17.667449951171875,0.0,0.0,0.0,0.0,0.0,0.0,0.0,0.0,0.0,0.0,0.0,0.0,0.0,0.0,0.0,0.0,0.0,0.0,0.0,0.0,0.0,0.0,0.0,0.0,1.0,0.4735558032989502,0.4735558032989502,0.4735387861728668,0.0,-0.00916969869285822,0.43803146481513977,1.0,0.0,1.0,0.0,0.0,0.00014803354861214757,0.0,0.0,0.0,0.0,0.4569510519504547,0.0003908684302587062,0.45547693967819214,0.45848721265792847,0.6894324421882629,0.0,0.0,0.0,0.0,0.0,0.0,0.0,0.0,1.0,0.0,-0.0001615926594240591,0.4495426118373871,0.06952742487192154,0.9643375277519226,0.0,17.667449951171875,17.66350746154785,17.66350746154785,0.01625261828303337,-0.0039037074893712997,3.0596431638274524e-11,0.0,0.0,5.2167253494262695,5.2167253494262695,1.6460726261138916,1.6460726261138916,0.06180055812001228,0.0,0.0,0.0,0.0,0.4569510817527771,0.0013710325583815575,0.4497554302215576,0.46262648701667786,0.6894324421882629,0.0,1.6454893350601196,1.6465755701065063,1.6460726261138916,1.6517844200134277,0.43803146481513977,0.14949245750904083,0.026216760277748108,1.0,1.4792180061340332,1.550783634185791,1.5648784637451172,0.0,,,,,,,,,,,,,,,12.0,0.0,0.0,0.0,0.0,0.0,0.0,,,,,,,,,,,,,,,,,,,,,,0.001
5,1380,train,23.37973403930664,19.482376098632812,19.486793518066406,0.0,0.0,0.0,0.0,0.0,0.0,0.0,0.0,0.0,0.0,0.0,0.0,0.0,0.0,0.0,0.0,0.0,0.0,0.0,0.0,0.0,0.0,0.0,0.0,1.0,0.4724750220775604,0.4724750220775604,0.4724663496017456,0.0,-0.009117712266743183,0.4395371079444885,1.0,0.0,1.0,0.0,0.0,0.0002946033491753042,0.0,0.0,0.0,0.0,0.4586121141910553,0.0003775424847844988,0.4571322798728943,0.4601413607597351,0.6897138357162476,0.0,0.0,0.0,0.0,0.0,0.0,0.0,0.0,1.0,0.0,-0.0038501524832099676,0.45077967643737793,0.06911874562501907,0.9646779894828796,0.0,19.486793518066406,19.482376098632812,19.482376098632812,0.017868772149086,-0.00674968957901001,5.567624811707306e-13,0.0,0.0,5.362610816955566,5.362610816955566,1.6413111686706543,1.6413111686706543,0.06765664368867874,0.0,0.0,0.0,0.0,0.4586120843887329,0.0013226036680862308,0.4524707794189453,0.46435168385505676,0.6897138357162476,0.0,1.6407561302185059,1.6417927742004395,1.6413111686706543,1.6439176797866821,0.4395371079444885,0.14870615303516388,0.02591090463101864,1.0,1.6168749332427979,1.5457594394683838,1.5298163890838623,0.0,,,,,,,,,,,,,,,12.0,0.0,0.0,0.0,0.0,0.0,0.0,,,,,,,,,,,,,,,,,,,,,,0.001
5,1400,train,24.042688369750977,20.035552978515625,20.035675048828125,0.0,0.0,0.0,0.0,0.0,0.0,0.0,0.0,0.0,0.0,0.0,0.0,0.0,0.0,0.0,0.0,0.0,0.0,0.0,0.0,0.0,0.0,0.0,0.0,1.0,0.47373485565185547,0.47373485565185547,0.47370192408561707,0.0,-0.00920366682112217,0.43721991777420044,1.0,0.0,1.0,0.0,0.0,0.00018745969282463193,0.0,0.0,0.0,0.0,0.46026453375816345,0.00035737481084652245,0.45891445875167847,0.4616006314754486,0.6899830102920532,0.0,0.0,0.0,0.0,0.0,0.0,0.0,0.0,1.0,0.0,0.0019909150432795286,0.45409339666366577,0.06890812516212463,0.9652279019355774,0.0,20.035675048828125,20.035552978515625,20.035552978515625,0.01576225459575653,-0.007303682621568441,-4.958845833957781e-11,0.0,0.0,5.480009078979492,5.480009078979492,1.6485395431518555,1.6485395431518555,0.05963657796382904,0.0,0.0,0.0,0.0,0.46026450395584106,0.0012236208422109485,0.45497676730155945,0.46547046303749084,0.6899830102920532,0.0,1.648055911064148,1.6489619016647339,1.6485395431518555,1.6451737880706787,0.43721991777420044,0.14767804741859436,0.025905925780534744,1.0,1.445427656173706,1.444753646850586,1.4258345365524292,0.0,,,,,,,,,,,,,,,12.0,0.0,0.0,0.0,0.0,0.0,0.0,,,,,,,,,,,,,,,,,,,,,,0.001
5,1420,train,23.24544334411621,19.371923446655273,19.367595672607422,0.0,0.0,0.0,0.0,0.0,0.0,0.0,0.0,0.0,0.0,0.0,0.0,0.0,0.0,0.0,0.0,0.0,0.0,0.0,0.0,0.0,0.0,0.0,0.0,1.0,0.474394828081131,0.474394828081131,0.47438332438468933,0.0,-0.00879325158894062,0.43727195262908936,1.0,0.0,1.0,0.0,0.0,0.00017907597066368908,0.0,0.0,0.0,0.0,0.46182799339294434,0.0003411531215533614,0.46062570810317993,0.4630090594291687,0.6902274489402771,0.0,0.0,0.0,0.0,0.0,0.0,0.0,0.0,1.0,0.0,0.005165738984942436,0.45238029956817627,0.06863624602556229,0.9656646847724915,0.0,19.367595672607422,19.371923446655273,19.371923446655273,0.01460839994251728,-0.005486213602125645,-1.2945752803084076e-10,0.0,0.0,5.567494869232178,5.567494869232178,1.6442002058029175,1.6442002058029175,0.05858197435736656,0.0,0.0,0.0,0.0,0.46182799339294434,0.0011646589264273643,0.4569963216781616,0.4666149616241455,0.6902274489402771,0.0,1.6437292098999023,1.644613265991211,1.6442002058029175,1.6456992626190186,0.43727195262908936,0.15059034526348114,0.02640692889690399,1.0,1.4038114547729492,1.4292259216308594,1.4634565114974976,0.0,,,,,,,,,,,,,,,12.0,0.0,0.0,0.0,0.0,0.0,0.0,,,,,,,,,,,,,,,,,,,,,,0.001
5,1440,train,23.102455139160156,19.254497528076172,19.239789962768555,0.0,0.0,0.0,0.0,0.0,0.0,0.0,0.0,0.0,0.0,0.0,0.0,0.0,0.0,0.0,0.0,0.0,0.0,0.0,0.0,0.0,0.0,0.0,0.0,1.0,0.47487491369247437,0.47487491369247437,0.47487568855285645,0.0,-0.008846457116305828,0.4394344985485077,1.0,0.0,1.0,0.0,0.0,0.00018019908748101443,0.0,0.0,0.0,0.0,0.4633537530899048,0.00031743882573209703,0.46212238073349,0.46440792083740234,0.6904565095901489,0.0,0.0,0.0,0.0,0.0,0.0,0.0,0.0,1.0,0.0,-0.0027272114530205727,0.45184287428855896,0.06830094754695892,0.9662498831748962,0.0,19.239789962768555,19.254497528076172,19.254497528076172,0.016421742737293243,-0.0054502650164067745,8.034817255975213e-11,0.0,0.0,5.321004867553711,5.321004867553711,1.6499197483062744,1.6499197483062744,0.06190570071339607,0.0,0.0,0.0,0.0,0.4633537530899048,0.0010850530816242099,0.4587967097759247,0.46737879514694214,0.6904565095901489,0.0,1.6494991779327393,1.650290846824646,1.6499197483062744,1.6470543146133423,0.4394344985485077,0.15052387118339539,0.026111170649528503,1.0,1.4934717416763306,1.468876838684082,1.4874248504638672,0.0,,,,,,,,,,,,,,,12.0,0.0,0.0,0.0,0.0,0.0,0.0,,,,,,,,,,,,,,,,,,,,,,0.001
5,1460,train,21.402860641479492,17.83549690246582,17.836816787719727,0.0,0.0,0.0,0.0,0.0,0.0,0.0,0.0,0.0,0.0,0.0,0.0,0.0,0.0,0.0,0.0,0.0,0.0,0.0,0.0,0.0,0.0,0.0,0.0,1.0,0.47453102469444275,0.47453102469444275,0.4745377004146576,0.0,-0.00888862181454897,0.4376474618911743,1.0,0.0,1.0,0.0,0.0,0.00015944361803121865,0.0,0.0,0.0,0.0,0.4648658037185669,0.0002898697857744992,0.4638194739818573,0.46586811542510986,0.6906744241714478,0.0,0.0,0.0,0.0,0.0,0.0,0.0,0.0,1.0,0.0,-0.0020172428339719772,0.4550626575946808,0.06778181344270706,0.9668919444084167,0.0,17.836816787719727,17.83549690246582,17.83549690246582,0.015502274967730045,-0.0049325390718877316,8.070041856989008e-11,0.0,0.0,5.485911846160889,5.485911846160889,1.6448136568069458,1.6448136568069458,0.06171927973628044,0.0,0.0,0.0,0.0,0.4648658335208893,0.0009975938592106104,0.4599897563457489,0.4687654376029968,0.6906744241714478,0.0,1.644422173500061,1.6451600790023804,1.6448136568069458,1.64569091796875,0.4376474618911743,0.14939990639686584,0.026496758684515953,1.0,1.4195126295089722,1.450491189956665,1.417799711227417,0.0,,,,,,,,,,,,,,,12.0,0.0,0.0,0.0,0.0,0.0,0.0,,,,,,,,,,,,,,,,,,,,,,0.001
5,1480,train,20.40774154663086,17.007553100585938,17.000946044921875,0.0,0.0,0.0,0.0,0.0,0.0,0.0,0.0,0.0,0.0,0.0,0.0,0.0,0.0,0.0,0.0,0.0,0.0,0.0,0.0,0.0,0.0,0.0,0.0,1.0,0.4764711856842041,0.4764711558818817,0.476465106010437,0.0,-0.00910518690943718,0.4400617778301239,1.0,0.0,1.0,0.0,0.0,0.00012803878053091466,0.0,0.0,0.0,0.0,0.4663219153881073,0.0002597736893221736,0.4655187129974365,0.4672536253929138,0.6908754110336304,0.0,0.0,0.0,0.0,0.0,0.0,0.0,0.0,1.0,0.0,-0.004594938363879919,0.455429345369339,0.06778373569250107,0.9672788977622986,0.0,17.000946044921875,17.007553100585938,17.007553100585938,0.017842259258031845,-0.005518105812370777,-1.4088997329908537e-11,0.0,0.0,5.412724018096924,5.412724018096924,1.6447252035140991,1.6447252035140991,0.07767453044652939,0.0,0.0,0.0,0.0,0.4663219153881073,0.0009048160864040256,0.46213603019714355,0.47025009989738464,0.6908754110336304,0.0,1.6443558931350708,1.6450531482696533,1.6447252035140991,1.648053765296936,0.4400617778301239,0.1504613161087036,0.026603369042277336,1.0,1.3855531215667725,1.4489021301269531,1.44329833984375,0.0,,,,,,,,,,,,,,,12.0,0.0,0.0,0.0,0.0,0.0,0.0,,,,,,,,,,,,,,,,,,,,,,0.001
5,1500,train,23.583444595336914,19.65229606628418,19.655746459960938,0.0,0.0,0.0,0.0,0.0,0.0,0.0,0.0,0.0,0.0,0.0,0.0,0.0,0.0,0.0,0.0,0.0,0.0,0.0,0.0,0.0,0.0,0.0,0.0,1.0,0.4753175377845764,0.4753175377845764,0.47532978653907776,0.0,-0.008613549172878265,0.4382893741130829,1.0,0.0,1.0,0.0,0.0,0.0002576549886725843,0.0,0.0,0.0,0.0,0.4677540957927704,0.00024064267927315086,0.46673139929771423,0.4689432382583618,0.6910648345947266,0.0,0.0,0.0,0.0,0.0,0.0,0.0,0.0,1.0,0.0,0.000696056114975363,0.45395633578300476,0.06786871701478958,0.9672808051109314,0.0,19.655746459960938,19.65229606628418,19.65229606628418,0.01721530221402645,-0.004642147105187178,-2.922796171755948e-10,0.0,0.0,5.1950578689575195,5.1950578689575195,1.6468466520309448,1.6468466520309448,0.06666746735572815,0.0,0.0,0.0,0.0,0.4677541255950928,0.000811305595561862,0.46399199962615967,0.4711596667766571,0.6910648345947266,0.0,1.64652681350708,1.6471325159072876,1.6468466520309448,1.6405653953552246,0.4382893741130829,0.15030772984027863,0.026791254058480263,1.0,1.3488733768463135,1.437111735343933,1.4107455015182495,0.0,,,,,,,,,,,,,,,12.0,0.0,0.0,0.0,0.0,0.0,0.0,,,,,,,,,,,,,,,,,,,,,,0.001
5,1520,train,21.24764060974121,17.706912994384766,17.703638076782227,0.0,0.0,0.0,0.0,0.0,0.0,0.0,0.0,0.0,0.0,0.0,0.0,0.0,0.0,0.0,0.0,0.0,0.0,0.0,0.0,0.0,0.0,0.0,0.0,1.0,0.4752340316772461,0.4752340614795685,0.47523191571235657,0.0,-0.009273997507989407,0.4399018883705139,1.0,0.0,1.0,0.0,0.0,0.00013584745465777814,0.0,0.0,0.0,0.0,0.4691537320613861,0.00020822836086153984,0.4683588147163391,0.4699033498764038,0.691241979598999,0.0,0.0,0.0,0.0,0.0,0.0,0.0,0.0,1.0,0.0,-0.0021555358543992043,0.4535831809043884,0.06778476387262344,0.9671846628189087,0.0,17.703638076782227,17.706912994384766,17.706912994384766,0.01658587157726288,-0.005642882082611322,2.6891847082488596e-10,0.0,0.0,5.387689113616943,5.387689590454102,1.6455631256103516,1.6455631256103516,0.06587263941764832,0.0,0.0,0.0,0.0,0.4691537320613861,0.0007140395464375615,0.4658430516719818,0.4724782109260559,0.691241979598999,0.0,1.6452906131744385,1.645807147026062,1.6455631256103516,1.6476490497589111,0.4399018883705139,0.1513507217168808,0.02671191282570362,1.0,1.3195085525512695,1.407626986503601,1.4033435583114624,0.0,,,,,,,,,,,,,,,12.0,0.0,0.0,0.0,0.0,0.0,0.0,,,,,,,,,,,,,,,,,,,,,,0.001
5,1540,train,22.479970932006836,18.732868194580078,18.73551368713379,0.0,0.0,0.0,0.0,0.0,0.0,0.0,0.0,0.0,0.0,0.0,0.0,0.0,0.0,0.0,0.0,0.0,0.0,0.0,0.0,0.0,0.0,0.0,0.0,1.0,0.47482889890670776,0.47482889890670776,0.4748176336288452,0.0,-0.008401577360928059,0.43642184138298035,1.0,0.0,1.0,0.0,0.0,0.0002271127887070179,0.0,0.0,0.0,0.0,0.4704723060131073,0.00019228202290832996,0.4697796106338501,0.47117292881011963,0.6914016008377075,0.0,0.0,0.0,0.0,0.0,0.0,0.0,0.0,1.0,0.0,0.0017935901414602995,0.4547862410545349,0.06770314276218414,0.9668816924095154,0.0,18.73551368713379,18.732868194580078,18.732868194580078,0.01659245602786541,-0.006028883159160614,-1.1233633814833333e-11,0.0,0.0,5.636134147644043,5.636134147644043,1.6460981369018555,1.6460981369018555,0.06942818313837051,0.0,0.0,0.0,0.0,0.4704723060131073,0.0006556490552611649,0.4675711989402771,0.4730593264102936,0.6914016008377075,0.0,1.645845651626587,1.6463249921798706,1.6460981369018555,1.6518529653549194,0.43642184138298035,0.15223409235477448,0.027364103123545647,1.0,1.4401459693908691,1.41365647315979,1.40681791305542,0.0,,,,,,,,,,,,,,,12.0,0.0,0.0,0.0,0.0,0.0,0.0,,,,,,,,,,,,,,,,,,,,,,0.001
5,1560,train,21.59222412109375,17.994903564453125,17.98659896850586,0.0,0.0,0.0,0.0,0.0,0.0,0.0,0.0,0.0,0.0,0.0,0.0,0.0,0.0,0.0,0.0,0.0,0.0,0.0,0.0,0.0,0.0,0.0,0.0,1.0,0.47535815834999084,0.47535815834999084,0.47535941004753113,0.0,-0.008852425962686539,0.43983331322669983,1.0,0.0,1.0,0.0,0.0,0.00014811378787271678,0.0,0.0,0.0,0.0,0.47178709506988525,0.00017308730457443744,0.4711282253265381,0.47237640619277954,0.6915537118911743,0.0,0.0,0.0,0.0,0.0,0.0,0.0,0.0,1.0,0.0,0.00178830127697438,0.4540954530239105,0.06780268996953964,0.9671663641929626,0.0,17.98659896850586,17.994903564453125,17.994903564453125,0.01729729026556015,-0.009053320623934269,1.6187338969242404e-10,0.0,0.0,5.333980083465576,5.333980083465576,1.6407520771026611,1.6407520771026611,0.06748522073030472,0.0,0.0,0.0,0.0,0.47178706526756287,0.0005864629056304693,0.4688280522823334,0.47416970133781433,0.6915537118911743,0.0,1.6405460834503174,1.6409385204315186,1.6407520771026611,1.6461868286132812,0.43983331322669983,0.15326470136642456,0.027005406096577644,1.0,1.5103228092193604,1.3922863006591797,1.3817634582519531,0.0,,,,,,,,,,,,,,,12.0,0.0,0.0,0.0,0.0,0.0,0.0,,,,,,,,,,,,,,,,,,,,,,0.001
5,1580,train,21.738895416259766,18.11575698852539,18.11569595336914,0.0,0.0,0.0,0.0,0.0,0.0,0.0,0.0,0.0,0.0,0.0,0.0,0.0,0.0,0.0,0.0,0.0,0.0,0.0,0.0,0.0,0.0,0.0,0.0,1.0,0.4751792550086975,0.4751792550086975,0.47514915466308594,0.0,-0.00906401313841343,0.4399513602256775,1.0,0.0,1.0,0.0,0.0,0.00016980624059215188,0.0,0.0,0.0,0.0,0.4730144739151001,0.00015661021461710334,0.4723515510559082,0.4735477566719055,0.6916894912719727,0.0,0.0,0.0,0.0,0.0,0.0,0.0,0.0,1.0,0.0,8.460447133984417e-05,0.4567771852016449,0.0673929899930954,0.9676648378372192,0.0,18.11569595336914,18.11575698852539,18.11575698852539,0.013485223986208439,-0.0020704164635390043,2.2025968549055364e-10,0.0,0.0,5.361907482147217,5.361907958984375,1.6452635526657104,1.6452635526657104,0.052925802767276764,0.0,0.0,0.0,0.0,0.4730144739151001,0.0005423083784990013,0.47039833664894104,0.4751676619052887,0.6916894912719727,0.0,1.6450773477554321,1.645432472229004,1.6452635526657104,1.6467831134796143,0.4399513602256775,0.1537962257862091,0.027635857462882996,1.0,1.4466543197631836,1.4282554388046265,1.408686637878418,0.0,,,,,,,,,,,,,,,12.0,0.0,0.0,0.0,0.0,0.0,0.0,,,,,,,,,,,,,,,,,,,,,,0.001
5,1600,train,20.943517684936523,17.451589584350586,17.459638595581055,0.0,0.0,0.0,0.0,0.0,0.0,0.0,0.0,0.0,0.0,0.0,0.0,0.0,0.0,0.0,0.0,0.0,0.0,0.0,0.0,0.0,0.0,0.0,0.0,1.0,0.47604504227638245,0.47604504227638245,0.47604575753211975,0.0,-0.00954145286232233,0.4397445023059845,1.0,0.0,1.0,0.0,0.0,0.00019095212337560952,0.0,0.0,0.0,0.0,0.4742187261581421,0.00014995266974437982,0.47365495562553406,0.47476887702941895,0.6918167471885681,0.0,0.0,0.0,0.0,0.0,0.0,0.0,0.0,1.0,0.0,0.0017774058505892754,0.4572957754135132,0.06686783581972122,0.9680041670799255,0.0,17.459638595581055,17.451589584350586,17.451589584350586,0.017014281824231148,-0.009577367454767227,1.1617352912995926e-10,0.0,0.0,5.267731666564941,5.267731666564941,1.6407740116119385,1.6407740116119385,0.06414920091629028,0.0,0.0,0.0,0.0,0.4742187261581421,0.0005068979226052761,0.4720168113708496,0.47630545496940613,0.6918167471885681,0.0,1.6405973434448242,1.6409351825714111,1.6407740116119385,1.6398321390151978,0.4397445023059845,0.15496668219566345,0.027122287079691887,1.0,1.3166618347167969,1.3756303787231445,1.375057578086853,0.0,,,,,,,,,,,,,,,12.0,0.0,0.0,0.0,0.0,0.0,0.0,,,,,,,,,,,,,,,,,,,,,,0.001
5,1620,train,22.65220832824707,18.874141693115234,18.890329360961914,0.0,0.0,0.0,0.0,0.0,0.0,0.0,0.0,0.0,0.0,0.0,0.0,0.0,0.0,0.0,0.0,0.0,0.0,0.0,0.0,0.0,0.0,0.0,0.0,1.0,0.4760431945323944,0.4760431945323944,0.4760574996471405,0.0,-0.007854527793824673,0.4364228844642639,1.0,0.0,1.0,0.0,0.0,0.00015127539518289268,0.0,0.0,0.0,0.0,0.47539275884628296,0.00012582284398376942,0.4749617278575897,0.4758549928665161,0.6919353008270264,0.0,0.0,0.0,0.0,0.0,0.0,0.0,0.0,1.0,0.0,-0.0026027068961411715,0.45523887872695923,0.06692706793546677,0.9685620665550232,0.0,18.890329360961914,18.874141693115234,18.874141693115234,0.017353402450680733,-0.008692536503076553,-1.0968860542082126e-10,0.0,0.0,5.177724361419678,5.177724361419678,1.6475119590759277,1.6475119590759277,0.06581461429595947,0.0,0.0,0.0,0.0,0.47539275884628296,0.00043816608376801014,0.4730551838874817,0.4774114489555359,0.6919353008270264,0.0,1.6473617553710938,1.6476494073867798,1.6475119590759277,1.6400046348571777,0.4364228844642639,0.15602366626262665,0.027393117547035217,1.0,1.4133992195129395,1.3847723007202148,1.4419898986816406,0.0,,,,,,,,,,,,,,,12.0,0.0,0.0,0.0,0.0,0.0,0.0,,,,,,,,,,,,,,,,,,,,,,0.001
5,1640,train,20.452617645263672,17.043825149536133,17.043960571289062,0.0,0.0,0.0,0.0,0.0,0.0,0.0,0.0,0.0,0.0,0.0,0.0,0.0,0.0,0.0,0.0,0.0,0.0,0.0,0.0,0.0,0.0,0.0,0.0,1.0,0.47663965821266174,0.47663965821266174,0.4766427278518677,0.0,-0.008471770212054253,0.43636956810951233,1.0,0.0,1.0,0.0,0.0,0.0002098965342156589,0.0,0.0,0.0,0.0,0.47650742530822754,0.00011587748304009438,0.4760774075984955,0.4769473075866699,0.6920427083969116,0.0,0.0,0.0,0.0,0.0,0.0,0.0,0.0,1.0,0.0,0.00270982482470572,0.4564083516597748,0.06665752828121185,0.9691805243492126,0.0,17.043960571289062,17.043825149536133,17.043825149536133,0.017507662996649742,-0.010137787088751793,-2.381744523827223e-10,0.0,0.0,5.295830726623535,5.295830726623535,1.6464025974273682,1.6464025974273682,0.06608589738607407,0.0,0.0,0.0,0.0,0.47650742530822754,0.0003961630573030561,0.47448819875717163,0.47831717133522034,0.6920427083969116,0.0,1.6462757587432861,1.6465188264846802,1.6464025974273682,1.641859769821167,0.43636956810951233,0.15722447633743286,0.027984341606497765,1.0,1.4482094049453735,1.3587417602539062,1.389723539352417,0.0,,,,,,,,,,,,,,,12.0,0.0,0.0,0.0,0.0,0.0,0.0,,,,,,,,,,,,,,,,,,,,,,0.001
5,1660,train,21.93079376220703,18.276824951171875,18.269840240478516,0.0,0.0,0.0,0.0,0.0,0.0,0.0,0.0,0.0,0.0,0.0,0.0,0.0,0.0,0.0,0.0,0.0,0.0,0.0,0.0,0.0,0.0,0.0,0.0,1.0,0.47764864563941956,0.47764864563941956,0.47763100266456604,0.0,-0.008864170871675014,0.4372018575668335,1.0,0.0,1.0,0.0,0.0,0.0001620681578060612,0.0,0.0,0.0,0.0,0.47760313749313354,0.00010343561734771356,0.4772305488586426,0.4780336022377014,0.6921433806419373,0.0,0.0,0.0,0.0,0.0,0.0,0.0,0.0,1.0,0.0,-0.00019802129827439785,0.4547521471977234,0.06661127507686615,0.9696568250656128,0.0,18.269840240478516,18.276824951171875,18.276824951171875,0.016308696940541267,-0.005961146205663681,-2.070427718159351e-10,0.0,0.0,5.342637062072754,5.342637062072754,1.6484878063201904,1.6484878063201904,0.06264123320579529,0.0,0.0,0.0,0.0,0.47760313749313354,0.00035629086778499186,0.476087361574173,0.47919777035713196,0.6921433806419373,0.0,1.6483761072158813,1.6485906839370728,1.6484878063201904,1.6452504396438599,0.4372018575668335,0.15755343437194824,0.027365045621991158,1.0,1.2861583232879639,1.3616948127746582,1.3426897525787354,0.0,,,,,,,,,,,,,,,12.0,0.0,0.0,0.0,0.0,0.0,0.0,,,,,,,,,,,,,,,,,,,,,,0.001
5,1670,train_epoch,22.46324251369088,18.71955279390255,18.71844833910822,0.0,0.0,0.0,0.0,0.0,0.0,0.0,0.0,0.0,0.0,0.0,0.0,0.0,0.0,0.0,0.0,0.0,0.0,0.0,0.0,0.0,0.0,0.0,0.0,1.0,0.47522219114317865,0.4752221915893212,0.4752225559985566,0.0,-0.008804114054453497,0.4380429588749023,1.0,0.0,1.0,0.0,0.0,0.00018516796463117572,0.0,0.0,0.0,0.0,0.46751467018070336,0.00024409291687268837,0.4665925449239994,0.4684070641409137,0.6909428461939989,0.0,0.0,0.0,0.0,0.0,0.0,0.0,0.0,1.0,0.0,-1.727225279086008e-05,0.45372774376126823,0.06795870220500552,0.9668863276521603,0.0,18.71844833910822,18.71955279390255,18.71955279390255,0.01673451122900326,-0.006575071811606316,-7.748511537245472e-12,0.0,0.0,5.355345367671487,5.3553453591055495,1.6457568903169233,1.6457568903169233,0.06552489484453987,0.0,0.0,0.0,0.0,0.4675146685745902,0.0008396144318854448,0.46360898214186025,0.47108024144600963,0.6909428461939989,0.0,1.6454258097146086,1.64604921255283,1.6457568903169233,1.6459006367329352,0.4380429588749023,0.15205766564000867,0.02681056475322582,1.0,1.4201056532517164,1.4206658762372182,1.4206780448645175,0.0,,,,,,,,,,,,,,,12.0,0.0,0.0,0.0,0.0,0.0,0.0,,,,,,,,,,,,,,,,,,,,,,0.001
5,1670,val,,,,,,,,,,,,,,,,,,,,,,,,,,,,,,,,,,,,,,,,,,,,,,,,,,,,,,,,,,,,,,,,,,,,,,,,,,,,,,,,,,,,,,,,,,,,,,,,,,,,,,,,,,,,,,,,,,,,,,,,,18.24054718017578,832.576904296875,28.85440874973658,0.13128216564655304,0.07784204185009003,15.965255737304688,25.305550984804327,0.10765505582094193,0.06820466369390488,18.128690719604492,28.72683021020212,0.1289213001728058,0.07737579196691513,21.69257926940918,33.58783741573168,0.17012174427509308,0.09242074191570282,18.24054718017578,28.85440874973658,0.13128216564655304,0.07784204185009003,0.001
5,1670,test_select,,,,,,,,,,,,,,,,,,,,,,,,,,,,,,,,,,,,,,,,,,,,,,,,,,,,,,,,,,,,,,,,,,,,,,,,,,,,,,,,,,,,,,,,,,,,,,,,,,,,,,,,,,,,,,,,,,,,,,,,,20.280277252197266,1074.0924072265625,32.77334903891518,0.12379267066717148,0.08237296342849731,16.750898361206055,26.64731289770075,0.10032922774553299,0.06799890100955963,19.81060218811035,31.797725341823785,0.11921568214893341,0.08045758306980133,26.117292404174805,41.142562501851415,0.1645861119031906,0.10618138313293457,20.280277252197266,32.77334903891518,0.12379267066717148,0.08237296342849731,0.001
6,1680,train,23.953144073486328,19.96086311340332,19.961402893066406,0.0,0.0,0.0,0.0,0.0,0.0,0.0,0.0,0.0,0.0,0.0,0.0,0.0,0.0,0.0,0.0,0.0,0.0,0.0,0.0,0.0,0.0,0.0,0.0,1.0,0.47854170203208923,0.47854167222976685,0.4785328209400177,0.0,-0.008522539399564266,0.4371657073497772,1.0,0.0,1.0,0.0,0.0,0.00013861042680218816,0.0,0.0,0.0,0.0,0.4786483645439148,9.531599062029272e-05,0.478303998708725,0.4789990782737732,0.6922349333763123,0.0,0.0,0.0,0.0,0.0,0.0,0.0,0.0,1.0,0.0,-0.003729530842974782,0.45725852251052856,0.06610188633203506,0.9702462553977966,0.0,19.961402893066406,19.96086311340332,19.96086311340332,0.017574241384863853,-0.009100476279854774,1.1513182074374129e-10,0.0,0.0,5.04905366897583,5.04905366897583,1.6505001783370972,1.6505001783370972,0.06003134325146675,0.0,0.0,0.0,0.0,0.4786483645439148,0.00033152787364088,0.4771454334259033,0.4800042510032654,0.6922349333763123,0.0,1.6503965854644775,1.650595784187317,1.6505001783370972,1.647411823272705,0.4371657073497772,0.1564571112394333,0.026889413595199585,1.0,1.2837238311767578,1.3038115501403809,1.3058487176895142,0.0,,,,,,,,,,,,,,,12.0,0.0,0.0,0.0,0.0,0.0,0.0,,,,,,,,,,,,,,,,,,,,,,0.001
6,1700,train,24.522174835205078,20.43216896057129,20.450027465820312,0.0,0.0,0.0,0.0,0.0,0.0,0.0,0.0,0.0,0.0,0.0,0.0,0.0,0.0,0.0,0.0,0.0,0.0,0.0,0.0,0.0,0.0,0.0,0.0,1.0,0.4779655635356903,0.4779655635356903,0.4779796898365021,0.0,-0.009334143251180649,0.43778732419013977,1.0,0.0,1.0,0.0,0.0,0.0002219972520833835,0.0,0.0,0.0,0.0,0.4796436131000519,8.664905180921778e-05,0.4793562889099121,0.47994905710220337,0.6923180222511292,0.0,0.0,0.0,0.0,0.0,0.0,0.0,0.0,1.0,0.0,-0.0011678013252094388,0.456584095954895,0.0656970888376236,0.9705267548561096,0.0,20.450027465820312,20.43216896057129,20.43216896057129,0.01955695077776909,-0.011396237649023533,-1.7973300625584443e-10,0.0,0.0,5.210010528564453,5.210011005401611,1.6498668193817139,1.6498668193817139,0.07965650409460068,0.0,0.0,0.0,0.0,0.47964364290237427,0.0002949292538687587,0.4781595766544342,0.48086968064308167,0.6923180222511292,0.0,1.649781346321106,1.6499462127685547,1.6498668193817139,1.6470931768417358,0.43778732419013977,0.15662121772766113,0.02682284265756607,1.0,1.2641092538833618,1.3354482650756836,1.3136966228485107,0.0,,,,,,,,,,,,,,,12.0,0.0,0.0,0.0,0.0,0.0,0.0,,,,,,,,,,,,,,,,,,,,,,0.001
6,1720,train,21.245208740234375,17.705934524536133,17.696374893188477,0.0,0.0,0.0,0.0,0.0,0.0,0.0,0.0,0.0,0.0,0.0,0.0,0.0,0.0,0.0,0.0,0.0,0.0,0.0,0.0,0.0,0.0,0.0,0.0,1.0,0.4788135588169098,0.4788135886192322,0.47881463170051575,0.0,-0.00839050393551588,0.43542566895484924,1.0,0.0,1.0,0.0,0.0,0.00015804352005943656,0.0,0.0,0.0,0.0,0.48060616850852966,8.165425242623314e-05,0.48035573959350586,0.4808835983276367,0.6923946142196655,0.0,0.0,0.0,0.0,0.0,0.0,0.0,0.0,1.0,0.0,-0.0021125003695487976,0.4575340449810028,0.06568960100412369,0.9707547426223755,0.0,17.696374893188477,17.705934524536133,17.705934524536133,0.01778401993215084,-0.01002963911741972,1.025787996211669e-10,0.0,0.0,5.316837310791016,5.316837310791016,1.6452380418777466,1.6452380418777466,0.06896533071994781,0.0,0.0,0.0,0.0,0.48060616850852966,0.0002811779559124261,0.47940880060195923,0.4817669987678528,0.6923946142196655,0.0,1.6451581716537476,1.6453125476837158,1.6452380418777466,1.6480932235717773,0.43542566895484924,0.15583369135856628,0.027286624535918236,1.0,1.3394795656204224,1.3223928213119507,1.2755451202392578,0.0,,,,,,,,,,,,,,,12.0,0.0,0.0,0.0,0.0,0.0,0.0,,,,,,,,,,,,,,,,,,,,,,0.001
6,1740,train,21.633176803588867,18.026561737060547,18.033077239990234,0.0,0.0,0.0,0.0,0.0,0.0,0.0,0.0,0.0,0.0,0.0,0.0,0.0,0.0,0.0,0.0,0.0,0.0,0.0,0.0,0.0,0.0,0.0,0.0,1.0,0.4794061779975891,0.4794061779975891,0.479378342628479,0.0,-0.008563575334846973,0.43699032068252563,1.0,0.0,1.0,0.0,0.0,0.0002069140027742833,0.0,0.0,0.0,0.0,0.48153969645500183,7.749081851216033e-05,0.4812488555908203,0.4818482995033264,0.6924653649330139,0.0,0.0,0.0,0.0,0.0,0.0,0.0,0.0,1.0,0.0,-0.000570321804843843,0.45825910568237305,0.06535255163908005,0.9710976481437683,0.0,18.033077239990234,18.026561737060547,18.026561737060547,0.018433626741170883,-0.009352186694741249,-9.301444336973219e-11,0.0,0.0,5.215157508850098,5.215157508850098,1.6450332403182983,1.6450332403182983,0.07163401693105698,0.0,0.0,0.0,0.0,0.48153969645500183,0.0002627700159791857,0.48040497303009033,0.4826553463935852,0.6924653649330139,0.0,1.6449609994888306,1.645100474357605,1.6450332403182983,1.6454999446868896,0.43699032068252563,0.15588031709194183,0.02740638703107834,1.0,1.2831242084503174,1.2718932628631592,1.2634844779968262,0.0,,,,,,,,,,,,,,,12.0,0.0,0.0,0.0,0.0,0.0,0.0,,,,,,,,,,,,,,,,,,,,,,0.001
6,1760,train,22.17215347290039,18.476404190063477,18.478744506835938,0.0,0.0,0.0,0.0,0.0,0.0,0.0,0.0,0.0,0.0,0.0,0.0,0.0,0.0,0.0,0.0,0.0,0.0,0.0,0.0,0.0,0.0,0.0,0.0,1.0,0.47996804118156433,0.47996804118156433,0.47998079657554626,0.0,-0.008442915976047516,0.43740522861480713,1.0,0.0,1.0,0.0,0.0,0.00015669158892706037,0.0,0.0,0.0,0.0,0.4824480414390564,6.89431544742547e-05,0.48220914602279663,0.4827284812927246,0.6925308704376221,0.0,0.0,0.0,0.0,0.0,0.0,0.0,0.0,1.0,0.0,-0.0026016156189143658,0.4552018344402313,0.06552408635616302,0.9717501401901245,0.0,18.478744506835938,18.476404190063477,18.476404190063477,0.0168581735342741,-0.008805843070149422,1.0401018588068744e-11,0.0,0.0,5.356635570526123,5.356635570526123,1.6516475677490234,1.6516475677490234,0.06544022262096405,0.0,0.0,0.0,0.0,0.4824480414390564,0.00023931550094857812,0.48136040568351746,0.4834545850753784,0.6925308704376221,0.0,1.651582956314087,1.6517081260681152,1.6516475677490234,1.6494441032409668,0.43740522861480713,0.1555907279253006,0.027435539290308952,1.0,1.2606879472732544,1.2511303424835205,1.2801579236984253,0.0,,,,,,,,,,,,,,,12.0,0.0,0.0,0.0,0.0,0.0,0.0,,,,,,,,,,,,,,,,,,,,,,0.001
6,1780,train,23.267995834350586,19.38854217529297,19.39726448059082,0.0,0.0,0.0,0.0,0.0,0.0,0.0,0.0,0.0,0.0,0.0,0.0,0.0,0.0,0.0,0.0,0.0,0.0,0.0,0.0,0.0,0.0,0.0,0.0,1.0,0.4798565208911896,0.4798565208911896,0.4798576533794403,0.0,-0.009549591690301895,0.43994706869125366,1.0,0.0,1.0,0.0,0.0,0.0001902989752124995,0.0,0.0,0.0,0.0,0.48331791162490845,6.22150328126736e-05,0.4830799102783203,0.4835284352302551,0.6925904750823975,0.0,0.0,0.0,0.0,0.0,0.0,0.0,0.0,1.0,0.0,0.0005029237363487482,0.4554041028022766,0.06532614678144455,0.9724780917167664,0.0,19.39726448059082,19.38854217529297,19.38854217529297,0.01746518723666668,-0.0099725890904665,2.6545490805496286e-10,0.0,0.0,5.33143949508667,5.33143949508667,1.6489728689193726,1.6489728689193726,0.0667651891708374,0.0,0.0,0.0,0.0,0.48331791162490845,0.00021351000759750605,0.48235884308815,0.4842742383480072,0.6925904750823975,0.0,1.6489211320877075,1.6490212678909302,1.6489728689193726,1.648164987564087,0.43994706869125366,0.15639975666999817,0.027725927531719208,1.0,1.386986255645752,1.3529609441757202,1.3601396083831787,0.0,,,,,,,,,,,,,,,12.0,0.0,0.0,0.0,0.0,0.0,0.0,,,,,,,,,,,,,,,,,,,,,,0.001
6,1800,train,23.359710693359375,19.465429306030273,19.47140884399414,0.0,0.0,0.0,0.0,0.0,0.0,0.0,0.0,0.0,0.0,0.0,0.0,0.0,0.0,0.0,0.0,0.0,0.0,0.0,0.0,0.0,0.0,0.0,0.0,1.0,0.4802247881889343,0.4802247881889343,0.4802250862121582,0.0,-0.00885041430592537,0.438170462846756,1.0,0.0,1.0,0.0,0.0,0.000212479179026559,0.0,0.0,0.0,0.0,0.4841521978378296,5.6214652431663126e-05,0.48393040895462036,0.48435282707214355,0.6926447153091431,0.0,0.0,0.0,0.0,0.0,0.0,0.0,0.0,1.0,0.0,-0.0007065411773510277,0.4594048857688904,0.06509829312562943,0.9731170535087585,0.0,19.47140884399414,19.465429306030273,19.465429306030273,0.01837977021932602,-0.012580419890582561,-8.749165975041606e-11,0.0,0.0,5.04315185546875,5.04315185546875,1.6490554809570312,1.6490554809570312,0.06483261287212372,0.0,0.0,0.0,0.0,0.4841521978378296,0.00019160404917784035,0.4833250641822815,0.48492202162742615,0.6926447153091431,0.0,1.64900803565979,1.6491003036499023,1.6490554809570312,1.6454037427902222,0.438170462846756,0.1548791527748108,0.027742726728320122,1.0,1.2902147769927979,1.2631340026855469,1.2822893857955933,0.0,,,,,,,,,,,,,,,12.0,0.0,0.0,0.0,0.0,0.0,0.0,,,,,,,,,,,,,,,,,,,,,,0.001
6,1820,train,22.72202491760254,18.936779022216797,18.926227569580078,0.0,0.0,0.0,0.0,0.0,0.0,0.0,0.0,0.0,0.0,0.0,0.0,0.0,0.0,0.0,0.0,0.0,0.0,0.0,0.0,0.0,0.0,0.0,0.0,1.0,0.4807823598384857,0.4807823598384857,0.4807707369327545,0.0,-0.00949008483439684,0.4376846253871918,1.0,0.0,1.0,0.0,0.0,0.00015835468366276473,0.0,0.0,0.0,0.0,0.48496732115745544,5.077583409729414e-05,0.48475950956344604,0.4851740002632141,0.6926950812339783,0.0,0.0,0.0,0.0,0.0,0.0,0.0,0.0,1.0,0.0,-0.00032109188032336533,0.4596424996852875,0.06498294323682785,0.9733379483222961,0.0,18.926227569580078,18.936779022216797,18.936779022216797,0.018128355965018272,-0.007654189597815275,-1.522706266632312e-10,0.0,0.0,5.216505527496338,5.21650505065918,1.6511934995651245,1.6511934995651245,0.07435319572687149,0.0,0.0,0.0,0.0,0.48496735095977783,0.00016814038099255413,0.4841947853565216,0.48566657304763794,0.6926950812339783,0.0,1.6511567831039429,1.6512279510498047,1.6511934995651245,1.6504693031311035,0.4376846253871918,0.1561979055404663,0.028000863268971443,1.0,1.1941405534744263,1.232194185256958,1.2655096054077148,0.0,,,,,,,,,,,,,,,12.0,0.0,0.0,0.0,0.0,0.0,0.0,,,,,,,,,,,,,,,,,,,,,,0.001
6,1840,train,22.577747344970703,18.815406799316406,18.81169891357422,0.0,0.0,0.0,0.0,0.0,0.0,0.0,0.0,0.0,0.0,0.0,0.0,0.0,0.0,0.0,0.0,0.0,0.0,0.0,0.0,0.0,0.0,0.0,0.0,1.0,0.4813382923603058,0.4813382923603058,0.4813515841960907,0.0,-0.008629612624645233,0.4367099106311798,1.0,0.0,1.0,0.0,0.0,0.00032241997541859746,0.0,0.0,0.0,0.0,0.4857237935066223,4.389754758449271e-05,0.485567182302475,0.48588794469833374,0.6927394866943359,0.0,0.0,0.0,0.0,0.0,0.0,0.0,0.0,1.0,0.0,-0.004420964512974024,0.4579050838947296,0.06436725705862045,0.9734352231025696,0.0,18.81169891357422,18.815406799316406,18.815406799316406,0.016956010833382607,-0.010133199393749237,3.138874923869217e-11,0.0,0.0,5.4329833984375,5.4329833984375,1.6502528190612793,1.6502528190612793,0.06319565325975418,0.0,0.0,0.0,0.0,0.4857237935066223,0.0001516483025625348,0.4849330186843872,0.48636874556541443,0.6927394866943359,0.0,1.650213599205017,1.6502901315689087,1.6502528190612793,1.6495083570480347,0.4367099106311798,0.15780287981033325,0.027824901044368744,1.0,1.252930760383606,1.2456486225128174,1.253472924232483,0.0,,,,,,,,,,,,,,,12.0,0.0,0.0,0.0,0.0,0.0,0.0,,,,,,,,,,,,,,,,,,,,,,0.001
6,1860,train,22.49751853942871,18.74858283996582,18.744674682617188,0.0,0.0,0.0,0.0,0.0,0.0,0.0,0.0,0.0,0.0,0.0,0.0,0.0,0.0,0.0,0.0,0.0,0.0,0.0,0.0,0.0,0.0,0.0,0.0,1.0,0.4814123809337616,0.4814123809337616,0.4814338982105255,0.0,-0.008390385657548904,0.4366319477558136,1.0,0.0,1.0,0.0,0.0,0.0002119294076692313,0.0,0.0,0.0,0.0,0.4864581823348999,4.026848546345718e-05,0.48632508516311646,0.4866095781326294,0.6927804350852966,0.0,0.0,0.0,0.0,0.0,0.0,0.0,0.0,1.0,0.0,-0.004404163453727961,0.45922133326530457,0.06423323601484299,0.9731475710868835,0.0,18.744674682617188,18.74858283996582,18.74858283996582,0.019761618226766586,-0.01075153611600399,-2.579683133774324e-10,0.0,0.0,5.3433518409729,5.343352317810059,1.6462806463241577,1.6462806463241577,0.07463987916707993,0.0,0.0,0.0,0.0,0.4864581823348999,0.00013922610378358513,0.485799103975296,0.48704326152801514,0.6927804350852966,0.0,1.6462514400482178,1.6463083028793335,1.6462806463241577,1.6454601287841797,0.4366319477558136,0.16077017784118652,0.028749613091349602,1.0,1.2118850946426392,1.20186448097229,1.2242850065231323,0.0,,,,,,,,,,,,,,,12.0,0.0,0.0,0.0,0.0,0.0,0.0,,,,,,,,,,,,,,,,,,,,,,0.001
6,1880,train,20.75881576538086,17.298843383789062,17.299863815307617,0.0,0.0,0.0,0.0,0.0,0.0,0.0,0.0,0.0,0.0,0.0,0.0,0.0,0.0,0.0,0.0,0.0,0.0,0.0,0.0,0.0,0.0,0.0,0.0,1.0,0.4808942377567291,0.48089420795440674,0.48088255524635315,0.0,-0.008986352011561394,0.4360117018222809,1.0,0.0,1.0,0.0,0.0,9.555331780575216e-05,0.0,0.0,0.0,0.0,0.48716309666633606,3.6983405152568594e-05,0.48701733350753784,0.48730266094207764,0.6928175687789917,0.0,0.0,0.0,0.0,0.0,0.0,0.0,0.0,1.0,0.0,-0.0037914153654128313,0.4582173228263855,0.06432720273733139,0.9730368256568909,0.0,17.299863815307617,17.298843383789062,17.298843383789062,0.01711258850991726,-0.006318524479866028,6.121347179144365e-11,0.0,0.0,5.178597450256348,5.178597450256348,1.6449908018112183,1.6449908018112183,0.06478746980428696,0.0,0.0,0.0,0.0,0.48716309666633606,0.00012744791456498206,0.48653754591941833,0.4877244532108307,0.6928175687789917,0.0,1.6449640989303589,1.6450159549713135,1.6449908018112183,1.6475496292114258,0.4360117018222809,0.16261208057403564,0.02883191406726837,1.0,1.2071641683578491,1.2467398643493652,1.2049033641815186,0.0,,,,,,,,,,,,,,,12.0,0.0,0.0,0.0,0.0,0.0,0.0,,,,,,,,,,,,,,,,,,,,,,0.001
6,1900,train,19.998159408569336,16.664718627929688,16.667203903198242,0.0,0.0,0.0,0.0,0.0,0.0,0.0,0.0,0.0,0.0,0.0,0.0,0.0,0.0,0.0,0.0,0.0,0.0,0.0,0.0,0.0,0.0,0.0,0.0,1.0,0.48061603307724,0.48061603307724,0.4806119203567505,0.0,-0.008705251850187778,0.43587446212768555,1.0,0.0,1.0,0.0,0.0,0.0001496650802437216,0.0,0.0,0.0,0.0,0.4878409802913666,3.437192572164349e-05,0.4877169728279114,0.48797449469566345,0.6928514838218689,0.0,0.0,0.0,0.0,0.0,0.0,0.0,0.0,1.0,0.0,0.00499373022466898,0.45964086055755615,0.06409261375665665,0.9729966521263123,0.0,16.667203903198242,16.664718627929688,16.664718627929688,0.02077677473425865,-0.012829253450036049,-2.854154967923961e-10,0.0,0.0,5.168886661529541,5.168886661529541,1.6437770128250122,1.6437770128250122,0.07555968314409256,0.0,0.0,0.0,0.0,0.4878409802913666,0.00012008265912299976,0.487324059009552,0.48834818601608276,0.6928514838218689,0.0,1.6437522172927856,1.6438004970550537,1.6437770128250122,1.6484346389770508,0.43587446212768555,0.16416139900684357,0.028931299224495888,1.0,1.2472590208053589,1.2366368770599365,1.210292100906372,0.0,,,,,,,,,,,,,,,12.0,0.0,0.0,0.0,0.0,0.0,0.0,,,,,,,,,,,,,,,,,,,,,,0.001
6,1920,train,21.723859786987305,18.102582931518555,18.10638427734375,0.0,0.0,0.0,0.0,0.0,0.0,0.0,0.0,0.0,0.0,0.0,0.0,0.0,0.0,0.0,0.0,0.0,0.0,0.0,0.0,0.0,0.0,0.0,0.0,1.0,0.4811692535877228,0.4811692535877228,0.4811871349811554,0.0,-0.00815979577600956,0.4356497526168823,1.0,0.0,1.0,0.0,0.0,0.00020464378758333623,0.0,0.0,0.0,0.0,0.4884917736053467,3.129144897684455e-05,0.48836177587509155,0.4886084794998169,0.692882239818573,0.0,0.0,0.0,0.0,0.0,0.0,0.0,0.0,1.0,0.0,0.004002628847956657,0.45918798446655273,0.06409027427434921,0.9729076027870178,0.0,18.10638427734375,18.102582931518555,18.102582931518555,0.021776976063847542,-0.014872630126774311,-8.359245934341786e-11,0.0,0.0,5.169118881225586,5.169118881225586,1.6480815410614014,1.6480815410614014,0.07974117994308472,0.0,0.0,0.0,0.0,0.4884917736053467,0.00010619089880492538,0.4880203902721405,0.4890096187591553,0.692882239818573,0.0,1.6480650901794434,1.6480975151062012,1.6480815410614014,1.6531116962432861,0.4356497526168823,0.16447710990905762,0.028989002108573914,1.0,1.1754820346832275,1.2261481285095215,1.222739815711975,0.0,,,,,,,,,,,,,,,12.0,0.0,0.0,0.0,0.0,0.0,0.0,,,,,,,,,,,,,,,,,,,,,,0.001
6,1940,train,22.039844512939453,18.368270874023438,18.357868194580078,0.0,0.0,0.0,0.0,0.0,0.0,0.0,0.0,0.0,0.0,0.0,0.0,0.0,0.0,0.0,0.0,0.0,0.0,0.0,0.0,0.0,0.0,0.0,0.0,1.0,0.48199793696403503,0.48199793696403503,0.4819837808609009,0.0,-0.008929903618991375,0.4375728964805603,1.0,0.0,1.0,0.0,0.0,0.00021027983166277409,0.0,0.0,0.0,0.0,0.4891150891780853,2.7469777705846354e-05,0.4890124797821045,0.48920220136642456,0.6929101943969727,0.0,0.0,0.0,0.0,0.0,0.0,0.0,0.0,1.0,0.0,-0.0014447364956140518,0.4579331576824188,0.06366601586341858,0.9733066558837891,0.0,18.357868194580078,18.368270874023438,18.368270874023438,0.020564503967761993,-0.01128594484180212,8.549890656572856e-11,0.0,0.0,5.34141206741333,5.34141206741333,1.6469638347625732,1.6469638347625732,0.07888145744800568,0.0,0.0,0.0,0.0,0.4891150891780853,9.547578520141542e-05,0.4887066185474396,0.48954030871391296,0.6929101943969727,0.0,1.6469494104385376,1.6469779014587402,1.6469638347625732,1.652833342552185,0.4375728964805603,0.1645514816045761,0.028934134170413017,1.0,1.1648143529891968,1.1499402523040771,1.1328929662704468,0.0,,,,,,,,,,,,,,,12.0,0.0,0.0,0.0,0.0,0.0,0.0,,,,,,,,,,,,,,,,,,,,,,0.001
6,1960,train,21.40531349182129,17.83761215209961,17.8385066986084,0.0,0.0,0.0,0.0,0.0,0.0,0.0,0.0,0.0,0.0,0.0,0.0,0.0,0.0,0.0,0.0,0.0,0.0,0.0,0.0,0.0,0.0,0.0,0.0,1.0,0.4808771014213562,0.4808771014213562,0.4808851480484009,0.0,-0.008557307533919811,0.43464621901512146,1.0,0.0,1.0,0.0,0.0,0.0002535079838708043,0.0,0.0,0.0,0.0,0.48970139026641846,2.7097285055788234e-05,0.4895904064178467,0.48979324102401733,0.692935049533844,0.0,0.0,0.0,0.0,0.0,0.0,0.0,0.0,1.0,0.0,-0.0007004904909990728,0.45951583981513977,0.06268688291311264,0.9737852215766907,0.0,17.8385066986084,17.83761215209961,17.83761215209961,0.0178329199552536,-0.009970284067094326,2.5353039112552267e-10,0.0,0.0,5.426510334014893,5.426510334014893,1.6484953165054321,1.6484953165054321,0.07424037903547287,0.0,0.0,0.0,0.0,0.48970136046409607,9.30021342355758e-05,0.48931756615638733,0.4901011288166046,0.692935049533844,0.0,1.6484730243682861,1.6485165357589722,1.6484953165054321,1.6440610885620117,0.43464621901512146,0.16423039138317108,0.028250671923160553,1.0,1.179547667503357,1.2229642868041992,1.1957608461380005,0.0,,,,,,,,,,,,,,,12.0,0.0,0.0,0.0,0.0,0.0,0.0,,,,,,,,,,,,,,,,,,,,,,0.001
6,1980,train,20.117839813232422,16.764081954956055,16.768787384033203,0.0,0.0,0.0,0.0,0.0,0.0,0.0,0.0,0.0,0.0,0.0,0.0,0.0,0.0,0.0,0.0,0.0,0.0,0.0,0.0,0.0,0.0,0.0,0.0,1.0,0.48151695728302,0.48151692748069763,0.4815061092376709,0.0,-0.008539531379938126,0.4349270761013031,1.0,0.0,1.0,0.0,0.0,0.00016155271441675723,0.0,0.0,0.0,0.0,0.4902641773223877,2.7978259822702967e-05,0.49015456438064575,0.49035829305648804,0.6929575800895691,0.0,0.0,0.0,0.0,0.0,0.0,0.0,0.0,1.0,0.0,0.0024969791993498802,0.46101856231689453,0.061628129333257675,0.974271833896637,0.0,16.768787384033203,16.764081954956055,16.764081954956055,0.01854052022099495,-0.007938886061310768,-3.572888096492477e-10,0.0,0.0,4.907144069671631,4.907144069671631,1.642174243927002,1.642174243927002,0.06754837930202484,0.0,0.0,0.0,0.0,0.4902641773223877,9.646636317484081e-05,0.48984187841415405,0.4906918704509735,0.6929575800895691,0.0,1.6421486139297485,1.6421990394592285,1.642174243927002,1.6430140733718872,0.4349270761013031,0.1643759310245514,0.02854950912296772,1.0,1.2164435386657715,1.2497644424438477,1.1669328212738037,0.0,,,,,,,,,,,,,,,12.0,0.0,0.0,0.0,0.0,0.0,0.0,,,,,,,,,,,,,,,,,,,,,,0.001
6,2000,train,22.14836311340332,18.456485748291016,18.459383010864258,0.0,0.0,0.0,0.0,0.0,0.0,0.0,0.0,0.0,0.0,0.0,0.0,0.0,0.0,0.0,0.0,0.0,0.0,0.0,0.0,0.0,0.0,0.0,0.0,1.0,0.4823622405529022,0.4823622405529022,0.4823767840862274,0.0,-0.008520089089870453,0.4351445436477661,1.0,0.0,1.0,0.0,0.0,0.00011271086987107992,0.0,0.0,0.0,0.0,0.4908072352409363,2.7367292204871774e-05,0.4907194972038269,0.49091896414756775,0.6929781436920166,0.0,0.0,0.0,0.0,0.0,0.0,0.0,0.0,1.0,0.0,-0.0008256800938397646,0.46211549639701843,0.06096580997109413,0.9748184084892273,0.0,18.459383010864258,18.456485748291016,18.456485748291016,0.02096114680171013,-0.014476439915597439,-1.1526998106026198e-10,0.0,0.0,5.330665588378906,5.330665588378906,1.6413133144378662,1.6413133144378662,0.07705581933259964,0.0,0.0,0.0,0.0,0.4908072352409363,9.306699212174863e-05,0.49040839076042175,0.4912128448486328,0.6929781436920166,0.0,1.641288161277771,1.641337513923645,1.6413133144378662,1.6399619579315186,0.4351445436477661,0.16402043402194977,0.02796817384660244,1.0,1.1633175611495972,1.1913880109786987,1.156359314918518,0.0,,,,,,,,,,,,,,,12.0,0.0,0.0,0.0,0.0,0.0,0.0,,,,,,,,,,,,,,,,,,,,,,0.001
6,2004,train_epoch,22.075294848687633,18.396274755101004,18.395100445090655,0.0,0.0,0.0,0.0,0.0,0.0,0.0,0.0,0.0,0.0,0.0,0.0,0.0,0.0,0.0,0.0,0.0,0.0,0.0,0.0,0.0,0.0,0.0,0.0,1.0,0.48040729582666636,0.48040729654049447,0.48040659341983455,0.0,-0.008752605816472076,0.4367675692913775,1.0,0.0,1.0,0.0,0.0,0.00018846037509902744,0.0,0.0,0.0,0.0,0.4852624337473315,5.170047748441777e-05,0.485069092519269,0.4854539860329942,0.6926854682896666,0.0,0.0,0.0,0.0,0.0,0.0,0.0,0.0,1.0,0.0,-0.0001651125604728227,0.45836017169281396,0.06441193793392824,0.9726050531792784,0.0,18.395100445090655,18.396274755101004,18.396274755101004,0.01836474318458827,-0.01047899372580121,8.023749177991896e-12,0.0,0.0,5.290988720819621,5.290988715108997,1.6467951314891884,1.6467951314891884,0.07056663833380103,0.0,0.0,0.0,0.0,0.48526243276581793,0.0001775691477039168,0.4844496738232538,0.4860361470076852,0.6926854682896666,0.0,1.6467493165752844,1.6468381506954124,1.6467951314891884,1.6471124084409838,0.4367675692913775,0.15976727963564638,0.028143280425560687,1.0,1.2340657921608336,1.2344267382593213,1.2353694406812064,0.0,,,,,,,,,,,,,,,12.0,0.0,0.0,0.0,0.0,0.0,0.0,,,,,,,,,,,,,,,,,,,,,,0.001
6,2004,val,,,,,,,,,,,,,,,,,,,,,,,,,,,,,,,,,,,,,,,,,,,,,,,,,,,,,,,,,,,,,,,,,,,,,,,,,,,,,,,,,,,,,,,,,,,,,,,,,,,,,,,,,,,,,,,,,,,,,,,,,18.080137252807617,806.3875732421875,28.396964155384417,0.1426047533750534,0.07715748995542526,16.455076217651367,25.27224084299931,0.14473311603069305,0.07029720395803452,17.50620460510254,27.991071094818007,0.11932530999183655,0.07471892982721329,21.351421356201172,33.15255892213959,0.16276314854621887,0.09096726030111313,18.080137252807617,28.396964155384417,0.1426047533750534,0.07715748995542526,0.001
6,2004,test_select,,,,,,,,,,,,,,,,,,,,,,,,,,,,,,,,,,,,,,,,,,,,,,,,,,,,,,,,,,,,,,,,,,,,,,,,,,,,,,,,,,,,,,,,,,,,,,,,,,,,,,,,,,,,,,,,,,,,,,,,,20.19196319580078,1044.107666015625,32.3126548896191,0.13081637024879456,0.08201425522565842,17.22662353515625,26.60284046122648,0.12855392694473267,0.0699300765991211,19.46392822265625,31.297944666256143,0.1117333322763443,0.07904963195323944,25.515714645385742,40.22921538518757,0.15524521470069885,0.10373563319444656,20.19196319580078,32.3126548896191,0.13081637024879456,0.08201425522565842,0.001
6,2004,test,,,,,,,,,,,,,,,,,,,,,,,,,,,,,,,,,,,,,,,,,,,,,,,,,,,,,,,,,,,,,,,,,,,,,,,,,,,,,,,,,,,,,,,,,,,,,,,,,,,,,,,,,,,,,,,,,,,,,,,,,20.19196319580078,1044.107666015625,32.3126548896191,0.13081637024879456,0.08201425522565842,17.22662353515625,26.60284046122648,0.12855392694473267,0.0699300765991211,19.46392822265625,31.297944666256143,0.1117333322763443,0.07904963195323944,25.515714645385742,40.22921538518757,0.15524521470069885,0.10373563319444656,20.19196319580078,32.3126548896191,0.13081637024879456,0.08201425522565842,0.001
7,2020,train,22.891334533691406,19.076427459716797,19.074533462524414,0.0,0.0,0.0,0.0,0.0,0.0,0.0,0.0,0.0,0.0,0.0,0.0,0.0,0.0,0.0,0.0,0.0,0.0,0.0,0.0,0.0,0.0,0.0,0.0,1.0,0.48265933990478516,0.48265933990478516,0.48266664147377014,0.0,-0.00829815212637186,0.4354574382305145,1.0,0.0,1.0,0.0,0.0,0.00016475043958052993,0.0,0.0,0.0,0.0,0.4913290739059448,2.5287452444899827e-05,0.4912371039390564,0.4914235770702362,0.6929967999458313,0.0,0.0,0.0,0.0,0.0,0.0,0.0,0.0,1.0,0.0,-0.0011215908452868462,0.4631893038749695,0.06078065559267998,0.9751607775688171,0.0,19.074533462524414,19.076427459716797,19.076427459716797,0.02105996198952198,-0.014447050169110298,-1.6100551447628675e-10,0.0,0.0,5.258975028991699,5.258975028991699,1.6441656351089478,1.6441656351089478,0.07921408861875534,0.0,0.0,0.0,0.0,0.4913290739059448,8.57810300658457e-05,0.49097153544425964,0.49169525504112244,0.6929967999458313,0.0,1.6441497802734375,1.6441808938980103,1.6441656351089478,1.647339940071106,0.4354574382305145,0.16490976512432098,0.02803519181907177,1.0,1.1935975551605225,1.1821879148483276,1.1873209476470947,0.0,,,,,,,,,,,,,,,12.0,0.0,0.0,0.0,0.0,0.0,0.0,,,,,,,,,,,,,,,,,,,,,,0.001
7,2040,train,22.583919525146484,18.82101058959961,18.814544677734375,0.0,0.0,0.0,0.0,0.0,0.0,0.0,0.0,0.0,0.0,0.0,0.0,0.0,0.0,0.0,0.0,0.0,0.0,0.0,0.0,0.0,0.0,0.0,0.0,1.0,0.48322734236717224,0.48322731256484985,0.4832153022289276,0.0,-0.009116548113524914,0.43572935461997986,1.0,0.0,1.0,0.0,0.0,0.0002446738653816283,0.0,0.0,0.0,0.0,0.4918268620967865,2.4342371034435928e-05,0.49173974990844727,0.4919159412384033,0.6930135488510132,0.0,0.0,0.0,0.0,0.0,0.0,0.0,0.0,1.0,0.0,0.0034109088592231274,0.4633302688598633,0.06055402010679245,0.975578784942627,0.0,18.814544677734375,18.82101058959961,18.82101058959961,0.023355843499302864,-0.01736336573958397,-5.1854666394124393e-11,0.0,0.0,5.412851333618164,5.412851333618164,1.646687626838684,1.646687626838684,0.0976153090596199,0.0,0.0,0.0,0.0,0.4918268620967865,8.363495726371184e-05,0.491457998752594,0.4922098219394684,0.6930135488510132,0.0,1.6466724872589111,1.6467018127441406,1.646687626838684,1.643033742904663,0.43572935461997986,0.16520407795906067,0.028390878811478615,1.0,1.0884735584259033,1.122541904449463,1.1208417415618896,0.0,,,,,,,,,,,,,,,12.0,0.0,0.0,0.0,0.0,0.0,0.0,,,,,,,,,,,,,,,,,,,,,,0.001
7,2060,train,23.802967071533203,19.837690353393555,19.826385498046875,0.0,0.0,0.0,0.0,0.0,0.0,0.0,0.0,0.0,0.0,0.0,0.0,0.0,0.0,0.0,0.0,0.0,0.0,0.0,0.0,0.0,0.0,0.0,0.0,1.0,0.4828798472881317,0.4828799068927765,0.48287463188171387,0.0,-0.008519956842064857,0.4357583820819855,1.0,0.0,1.0,0.0,0.0,0.00019394532137084752,0.0,0.0,0.0,0.0,0.49229738116264343,2.2132329831947573e-05,0.4922201633453369,0.4923792779445648,0.6930285096168518,0.0,0.0,0.0,0.0,0.0,0.0,0.0,0.0,1.0,0.0,0.001544460072182119,0.4614015519618988,0.06042598560452461,0.9758452773094177,0.0,19.826385498046875,19.837690353393555,19.837690353393555,0.021442845463752747,-0.013848481699824333,-1.83490792005081e-10,0.0,0.0,5.116182804107666,5.116182804107666,1.6455403566360474,1.6455403566360474,0.07808000594377518,0.0,0.0,0.0,0.0,0.49229738116264343,7.598454976687208e-05,0.4919475018978119,0.4926176071166992,0.6930285096168518,0.0,1.6455272436141968,1.6455531120300293,1.6455403566360474,1.6430517435073853,0.4357583820819855,0.1636577844619751,0.02784031815826893,1.0,1.182631492614746,1.1863621473312378,1.1959723234176636,0.0,,,,,,,,,,,,,,,12.0,0.0,0.0,0.0,0.0,0.0,0.0,,,,,,,,,,,,,,,,,,,,,,0.001
7,2080,train,23.25205421447754,19.377147674560547,19.374528884887695,0.0,0.0,0.0,0.0,0.0,0.0,0.0,0.0,0.0,0.0,0.0,0.0,0.0,0.0,0.0,0.0,0.0,0.0,0.0,0.0,0.0,0.0,0.0,0.0,1.0,0.48397326469421387,0.48397329449653625,0.4839632213115692,0.0,-0.009012529626488686,0.43598827719688416,1.0,0.0,1.0,0.0,0.0,0.00016414308629464358,0.0,0.0,0.0,0.0,0.49274954199790955,2.2361244191415608e-05,0.4926636815071106,0.4928252696990967,0.6930420398712158,0.0,0.0,0.0,0.0,0.0,0.0,0.0,0.0,1.0,0.0,0.005317468196153641,0.4624662697315216,0.05985883250832558,0.9760436415672302,0.0,19.374528884887695,19.377147674560547,19.377147674560547,0.02184610813856125,-0.01424339972436428,-7.402725654692688e-11,0.0,0.0,5.441348075866699,5.441348075866699,1.6519150733947754,1.6519150733947754,0.0889766737818718,0.0,0.0,0.0,0.0,0.49274954199790955,7.494958117604256e-05,0.4924127161502838,0.4930683970451355,0.6930420398712158,0.0,1.6519051790237427,1.65192449092865,1.6519150733947754,1.647445559501648,0.43598827719688416,0.1653038114309311,0.028128590434789658,1.0,1.0783379077911377,1.0817325115203857,1.0617899894714355,0.0,,,,,,,,,,,,,,,12.0,0.0,0.0,0.0,0.0,0.0,0.0,,,,,,,,,,,,,,,,,,,,,,0.001
7,2100,train,22.105131149291992,18.419523239135742,18.428037643432617,0.0,0.0,0.0,0.0,0.0,0.0,0.0,0.0,0.0,0.0,0.0,0.0,0.0,0.0,0.0,0.0,0.0,0.0,0.0,0.0,0.0,0.0,0.0,0.0,1.0,0.4829536974430084,0.4829536974430084,0.48296597599983215,0.0,-0.008351018652319908,0.4361278712749481,1.0,0.0,1.0,0.0,0.0,0.000182834715815261,0.0,0.0,0.0,0.0,0.49317872524261475,1.9801222151727416e-05,0.4931103587150574,0.493272989988327,0.6930541396141052,0.0,0.0,0.0,0.0,0.0,0.0,0.0,0.0,1.0,0.0,-0.0009038691641762853,0.4643556475639343,0.05925513803958893,0.976161539554596,0.0,18.428037643432617,18.419523239135742,18.419523239135742,0.02249438688158989,-0.01194517221301794,-2.0276232082228063e-10,0.0,0.0,4.878037452697754,4.878037452697754,1.6405442953109741,1.6405442953109741,0.07945293188095093,0.0,0.0,0.0,0.0,0.49317872524261475,6.79234872222878e-05,0.49280184507369995,0.4934708774089813,0.6930541396141052,0.0,1.6405354738235474,1.6405528783798218,1.6405442953109741,1.6475869417190552,0.4361278712749481,0.16523058712482452,0.027436167001724243,1.0,1.2646331787109375,1.203991174697876,1.1608695983886719,0.0,,,,,,,,,,,,,,,12.0,0.0,0.0,0.0,0.0,0.0,0.0,,,,,,,,,,,,,,,,,,,,,,0.001
7,2120,train,19.93197250366211,16.611705780029297,16.60133171081543,0.0,0.0,0.0,0.0,0.0,0.0,0.0,0.0,0.0,0.0,0.0,0.0,0.0,0.0,0.0,0.0,0.0,0.0,0.0,0.0,0.0,0.0,0.0,0.0,1.0,0.48347318172454834,0.48347318172454834,0.4834645986557007,0.0,-0.008451782166957855,0.43612587451934814,1.0,0.0,1.0,0.0,0.0,0.00022459622414316982,0.0,0.0,0.0,0.0,0.4935902953147888,1.601690200914163e-05,0.49352461099624634,0.4936467409133911,0.6930649876594543,0.0,0.0,0.0,0.0,0.0,0.0,0.0,0.0,1.0,0.0,0.0035370024852454662,0.46235474944114685,0.059347666800022125,0.976489782333374,0.0,16.60133171081543,16.611705780029297,16.611705780029297,0.02480485662817955,-0.01782017946243286,3.0126703909338914e-10,0.0,0.0,5.258382797241211,5.258382797241211,1.6479548215866089,1.6479548215866089,0.09489820152521133,0.0,0.0,0.0,0.0,0.4935902953147888,5.52365709154401e-05,0.49334385991096497,0.4938342273235321,0.6930649876594543,0.0,1.6479488611221313,1.6479607820510864,1.6479548215866089,1.6437711715698242,0.43612587451934814,0.16821929812431335,0.02734798565506935,1.0,1.10508131980896,1.1049166917800903,1.1369084119796753,0.0,,,,,,,,,,,,,,,12.0,0.0,0.0,0.0,0.0,0.0,0.0,,,,,,,,,,,,,,,,,,,,,,0.001
7,2140,train,21.915437698364258,18.263246536254883,18.260957717895508,0.0,0.0,0.0,0.0,0.0,0.0,0.0,0.0,0.0,0.0,0.0,0.0,0.0,0.0,0.0,0.0,0.0,0.0,0.0,0.0,0.0,0.0,0.0,0.0,1.0,0.4836587607860565,0.4836587607860565,0.48367807269096375,0.0,-0.00902489386498928,0.4369390308856964,1.0,0.0,1.0,0.0,0.0,0.00020590145140886307,0.0,0.0,0.0,0.0,0.4939795434474945,1.3731054423260503e-05,0.49393242597579956,0.49403220415115356,0.6930747032165527,0.0,0.0,0.0,0.0,0.0,0.0,0.0,0.0,1.0,0.0,-0.00039772267336957157,0.4632132351398468,0.059181202203035355,0.9765955805778503,0.0,18.260957717895508,18.263246536254883,18.263246536254883,0.02879689820110798,-0.021969210356473923,-1.9202417433916708e-10,0.0,0.0,5.31268835067749,5.31268835067749,1.6508421897888184,1.6508421897888184,0.10973202437162399,0.0,0.0,0.0,0.0,0.4939795434474945,4.706906111096032e-05,0.4937727153301239,0.49419498443603516,0.6930747032165527,0.0,1.650838851928711,1.6508451700210571,1.6508421897888184,1.6478146314620972,0.4369390308856964,0.16992045938968658,0.027462342754006386,1.0,1.083636999130249,1.087662696838379,1.0737441778182983,0.0,,,,,,,,,,,,,,,12.0,0.0,0.0,0.0,0.0,0.0,0.0,,,,,,,,,,,,,,,,,,,,,,0.001
7,2160,train,19.182241439819336,15.982980728149414,15.996301651000977,0.0,0.0,0.0,0.0,0.0,0.0,0.0,0.0,0.0,0.0,0.0,0.0,0.0,0.0,0.0,0.0,0.0,0.0,0.0,0.0,0.0,0.0,0.0,0.0,1.0,0.4838113784790039,0.4838114082813263,0.4838036596775055,0.0,-0.008809149265289307,0.4354325532913208,1.0,0.0,1.0,0.0,0.0,0.00029306981014087796,0.0,0.0,0.0,0.0,0.49434947967529297,1.3892597053200006e-05,0.4942936599254608,0.4943997263908386,0.6930833458900452,0.0,0.0,0.0,0.0,0.0,0.0,0.0,0.0,1.0,0.0,-0.0009141646442003548,0.4636916220188141,0.05913292616605759,0.9768492579460144,0.0,15.996301651000977,15.982980728149414,15.982980728149414,0.01983238197863102,-0.009241525083780289,1.0302039082921155e-10,0.0,0.0,5.297636032104492,5.297636032104492,1.6457232236862183,1.6457232236862183,0.08025400340557098,0.0,0.0,0.0,0.0,0.49434947967529297,4.7501827793894336e-05,0.494137704372406,0.4945671856403351,0.6930833458900452,0.0,1.645722508430481,1.6457239389419556,1.6457232236862183,1.644422173500061,0.4354325532913208,0.1736743152141571,0.028349820524454117,1.0,1.1148545742034912,1.137549877166748,1.1125726699829102,0.0,,,,,,,,,,,,,,,12.0,0.0,0.0,0.0,0.0,0.0,0.0,,,,,,,,,,,,,,,,,,,,,,0.001
7,2180,train,23.138498306274414,19.283538818359375,19.274795532226562,0.0,0.0,0.0,0.0,0.0,0.0,0.0,0.0,0.0,0.0,0.0,0.0,0.0,0.0,0.0,0.0,0.0,0.0,0.0,0.0,0.0,0.0,0.0,0.0,1.0,0.4830082058906555,0.4830082058906555,0.4830039441585541,0.0,-0.008545356802642345,0.435188889503479,1.0,0.0,1.0,0.0,0.0,0.00017919973470270634,0.0,0.0,0.0,0.0,0.4946989417076111,1.2891752703581005e-05,0.49465590715408325,0.4947449862957001,0.6930909752845764,0.0,0.0,0.0,0.0,0.0,0.0,0.0,0.0,1.0,0.0,0.0007051368011161685,0.46427232027053833,0.05918007344007492,0.9768968224525452,0.0,19.274795532226562,19.283538818359375,19.283538818359375,0.02771945670247078,-0.01577400043606758,-6.819445702577198e-11,0.0,0.0,5.1866350173950195,5.1866350173950195,1.6453009843826294,1.6453009843826294,0.09692446142435074,0.0,0.0,0.0,0.0,0.4946989119052887,4.443470970727503e-05,0.49449989199638367,0.4948972761631012,0.6930909752845764,0.0,1.6453014612197876,1.6453009843826294,1.6453009843826294,1.6407185792922974,0.435188889503479,0.17464277148246765,0.028430886566638947,1.0,1.0985188484191895,1.0628886222839355,1.0801351070404053,0.0,,,,,,,,,,,,,,,12.0,0.0,0.0,0.0,0.0,0.0,0.0,,,,,,,,,,,,,,,,,,,,,,0.001
7,2200,train,22.176050186157227,18.48033905029297,18.478559494018555,0.0,0.0,0.0,0.0,0.0,0.0,0.0,0.0,0.0,0.0,0.0,0.0,0.0,0.0,0.0,0.0,0.0,0.0,0.0,0.0,0.0,0.0,0.0,0.0,1.0,0.484176367521286,0.4841763973236084,0.48419389128685,0.0,-0.008802023716270924,0.4354240894317627,1.0,0.0,1.0,0.0,0.0,0.0001590503379702568,0.0,0.0,0.0,0.0,0.49503010511398315,1.1975585948675871e-05,0.4949890077114105,0.495076984167099,0.6930978298187256,0.0,0.0,0.0,0.0,0.0,0.0,0.0,0.0,1.0,0.0,-0.0030894021037966013,0.4631899297237396,0.05896718427538872,0.9770254492759705,0.0,18.478559494018555,18.48033905029297,18.48033905029297,0.02306065708398819,-0.018215984106063843,-1.2153724207597527e-11,0.0,0.0,5.1230974197387695,5.1230974197387695,1.6435918807983398,1.6435918807983398,0.08500581234693527,0.0,0.0,0.0,0.0,0.49503010511398315,4.1362480260431767e-05,0.49485349655151367,0.49521246552467346,0.6930978298187256,0.0,1.6435918807983398,1.6435916423797607,1.6435918807983398,1.6487441062927246,0.4354240894317627,0.17370302975177765,0.028513796627521515,1.0,1.0354719161987305,1.0918552875518799,1.0341272354125977,0.0,,,,,,,,,,,,,,,12.0,0.0,0.0,0.0,0.0,0.0,0.0,,,,,,,,,,,,,,,,,,,,,,0.001
7,2220,train,20.382474899291992,16.985858917236328,16.983081817626953,0.0,0.0,0.0,0.0,0.0,0.0,0.0,0.0,0.0,0.0,0.0,0.0,0.0,0.0,0.0,0.0,0.0,0.0,0.0,0.0,0.0,0.0,0.0,0.0,1.0,0.4842985272407532,0.4842985272407532,0.4843026101589203,0.0,-0.00868237018585205,0.4358190596103668,1.0,0.0,1.0,0.0,0.0,0.00017913586634676903,0.0,0.0,0.0,0.0,0.49534207582473755,1.0347757779527456e-05,0.49530038237571716,0.4953792989253998,0.6931037902832031,0.0,0.0,0.0,0.0,0.0,0.0,0.0,0.0,1.0,0.0,-0.002797936089336872,0.4633130729198456,0.05868982523679733,0.9774696826934814,0.0,16.983081817626953,16.985858917236328,16.985858917236328,0.025427429005503654,-0.020597681403160095,-5.915503547074263e-13,0.0,0.0,5.219592571258545,5.219592571258545,1.6469148397445679,1.6469148397445679,0.0909586176276207,0.0,0.0,0.0,0.0,0.49534207582473755,3.627924161264673e-05,0.49518346786499023,0.4955025315284729,0.6931037902832031,0.0,1.6469148397445679,1.6469148397445679,1.6469148397445679,1.6431854963302612,0.4358190596103668,0.17408539354801178,0.028083711862564087,1.0,1.0832626819610596,1.063579797744751,1.0942376852035522,0.0,,,,,,,,,,,,,,,12.0,0.0,0.0,0.0,0.0,0.0,0.0,,,,,,,,,,,,,,,,,,,,,,0.001
7,2240,train,21.78712272644043,18.1556396484375,18.15741729736328,0.0,0.0,0.0,0.0,0.0,0.0,0.0,0.0,0.0,0.0,0.0,0.0,0.0,0.0,0.0,0.0,0.0,0.0,0.0,0.0,0.0,0.0,0.0,0.0,1.0,0.48457595705986023,0.48457595705986023,0.4845820665359497,0.0,-0.008774081245064735,0.43669670820236206,1.0,0.0,1.0,0.0,0.0,0.00015779018576722592,0.0,0.0,0.0,0.0,0.49564021825790405,9.123382369580213e-06,0.4956075847148895,0.4956704080104828,0.6931092143058777,0.0,0.0,0.0,0.0,0.0,0.0,0.0,0.0,1.0,0.0,-0.0010110754519701004,0.4654953181743622,0.05816124752163887,0.9779477715492249,0.0,18.15741729736328,18.1556396484375,18.1556396484375,0.027298804372549057,-0.01973164640367031,-2.9073574103755107e-10,0.0,0.0,5.231684684753418,5.231684684753418,1.6474101543426514,1.6474101543426514,0.10175273567438126,0.0,0.0,0.0,0.0,0.49564021825790405,3.167050817864947e-05,0.49550744891166687,0.4957696497440338,0.6931092143058777,0.0,1.6474107503890991,1.6474097967147827,1.6474101543426514,1.6482720375061035,0.43669670820236206,0.1746406853199005,0.02794141322374344,1.0,0.991141676902771,1.0475391149520874,1.0251787900924683,0.0,,,,,,,,,,,,,,,12.0,0.0,0.0,0.0,0.0,0.0,0.0,,,,,,,,,,,,,,,,,,,,,,0.001
7,2260,train,18.944961547851562,15.787446022033691,15.787582397460938,0.0,0.0,0.0,0.0,0.0,0.0,0.0,0.0,0.0,0.0,0.0,0.0,0.0,0.0,0.0,0.0,0.0,0.0,0.0,0.0,0.0,0.0,0.0,0.0,1.0,0.48531487584114075,0.48531484603881836,0.4853042662143707,0.0,-0.009052561596035957,0.43754783272743225,1.0,0.0,1.0,0.0,0.0,0.00014592197840102017,0.0,0.0,0.0,0.0,0.4959244728088379,9.098663213080727e-06,0.49588990211486816,0.49595969915390015,0.6931139826774597,0.0,0.0,0.0,0.0,0.0,0.0,0.0,0.0,1.0,0.0,-0.0006250884616747499,0.46495702862739563,0.0580182783305645,0.9783772230148315,0.0,15.787582397460938,15.787446022033691,15.787446022033691,0.02957117184996605,-0.02205464616417885,4.710498310855904e-11,0.0,0.0,5.353769302368164,5.353768825531006,1.6412988901138306,1.6412988901138306,0.10910853743553162,0.0,0.0,0.0,0.0,0.4959244430065155,3.167269824189134e-05,0.495771586894989,0.4960586726665497,0.6931139826774597,0.0,1.641300916671753,1.6412971019744873,1.6412988901138306,1.6465307474136353,0.43754783272743225,0.17651675641536713,0.028446871787309647,1.0,1.1156342029571533,1.0886329412460327,1.0747615098953247,0.0,,,,,,,,,,,,,,,12.0,0.0,0.0,0.0,0.0,0.0,0.0,,,,,,,,,,,,,,,,,,,,,,0.001
7,2280,train,19.658536911010742,16.380149841308594,16.391937255859375,0.0,0.0,0.0,0.0,0.0,0.0,0.0,0.0,0.0,0.0,0.0,0.0,0.0,0.0,0.0,0.0,0.0,0.0,0.0,0.0,0.0,0.0,0.0,0.0,1.0,0.48570066690444946,0.48570066690444946,0.48569536209106445,0.0,-0.009131514467298985,0.43544745445251465,1.0,0.0,1.0,0.0,0.0,0.00015409401385113597,0.0,0.0,0.0,0.0,0.49619030952453613,9.517766557110008e-06,0.49615931510925293,0.496224969625473,0.693118155002594,0.0,0.0,0.0,0.0,0.0,0.0,0.0,0.0,1.0,0.0,0.0018996543949469924,0.46751534938812256,0.05772583931684494,0.9785598516464233,0.0,16.391937255859375,16.380149841308594,16.380149841308594,0.02899307943880558,-0.020571591332554817,9.725715892361375e-12,0.0,0.0,5.120865345001221,5.120865345001221,1.6459168195724487,1.6459168195724487,0.10256040096282959,0.0,0.0,0.0,0.0,0.4961903691291809,3.276483766967431e-05,0.4960537254810333,0.4963361918926239,0.693118155002594,0.0,1.6459180116653442,1.6459155082702637,1.6459168195724487,1.6426036357879639,0.43544745445251465,0.1775606870651245,0.028263568878173828,1.0,1.0001428127288818,1.017899990081787,1.0053086280822754,0.0,,,,,,,,,,,,,,,12.0,0.0,0.0,0.0,0.0,0.0,0.0,,,,,,,,,,,,,,,,,,,,,,0.001
7,2300,train,21.606857299804688,18.006826400756836,18.00015640258789,0.0,0.0,0.0,0.0,0.0,0.0,0.0,0.0,0.0,0.0,0.0,0.0,0.0,0.0,0.0,0.0,0.0,0.0,0.0,0.0,0.0,0.0,0.0,0.0,1.0,0.48577457666397095,0.48577457666397095,0.4857783019542694,0.0,-0.009057260118424892,0.4359627664089203,1.0,0.0,1.0,0.0,0.0,0.00014815667236689478,0.0,0.0,0.0,0.0,0.4964422285556793,9.498445251665544e-06,0.49640530347824097,0.4964751601219177,0.6931218504905701,0.0,0.0,0.0,0.0,0.0,0.0,0.0,0.0,1.0,0.0,0.0007103541283868253,0.4649949073791504,0.05737479776144028,0.9787749648094177,0.0,18.00015640258789,18.006826400756836,18.006826400756836,0.027012348175048828,-0.019039012491703033,-1.0608524475541614e-10,0.0,0.0,5.167721748352051,5.167721748352051,1.6494522094726562,1.6494522094726562,0.09929248690605164,0.0,0.0,0.0,0.0,0.4964422285556793,3.1962586945155635e-05,0.4963110089302063,0.4965827763080597,0.6931218504905701,0.0,1.6494536399841309,1.6494508981704712,1.6494522094726562,1.6411362886428833,0.4359627664089203,0.1779891550540924,0.02868274226784706,1.0,0.9720630645751953,1.0287965536117554,1.0311179161071777,0.0,,,,,,,,,,,,,,,12.0,0.0,0.0,0.0,0.0,0.0,0.0,,,,,,,,,,,,,,,,,,,,,,0.001
7,2320,train,19.62124252319336,16.35209083557129,16.345754623413086,0.0,0.0,0.0,0.0,0.0,0.0,0.0,0.0,0.0,0.0,0.0,0.0,0.0,0.0,0.0,0.0,0.0,0.0,0.0,0.0,0.0,0.0,0.0,0.0,1.0,0.48578229546546936,0.48578229546546936,0.4857751727104187,0.0,-0.009184939786791801,0.43696320056915283,1.0,0.0,1.0,0.0,0.0,0.00024816891527734697,0.0,0.0,0.0,0.0,0.49667888879776,8.62034266901901e-06,0.4966457486152649,0.49670910835266113,0.6931250691413879,0.0,0.0,0.0,0.0,0.0,0.0,0.0,0.0,1.0,0.0,0.0005965320160612464,0.46582284569740295,0.05724813789129257,0.9788614511489868,0.0,16.345754623413086,16.35209083557129,16.35209083557129,0.02518945001065731,-0.016067570075392723,1.8958390413104098e-10,0.0,0.0,5.204708099365234,5.204708099365234,1.6443136930465698,1.6443136930465698,0.08919261395931244,0.0,0.0,0.0,0.0,0.49667888879776,3.007110717589967e-05,0.4965503215789795,0.4968053996562958,0.6931250691413879,0.0,1.6443151235580444,1.6443126201629639,1.6443136930465698,1.6422234773635864,0.43696320056915283,0.17814385890960693,0.02834480069577694,1.0,1.0976815223693848,1.045229196548462,1.0554463863372803,0.0,,,,,,,,,,,,,,,12.0,0.0,0.0,0.0,0.0,0.0,0.0,,,,,,,,,,,,,,,,,,,,,,0.001
7,2338,train_epoch,21.642028174714415,18.035124518914138,18.03451843318825,0.0,0.0,0.0,0.0,0.0,0.0,0.0,0.0,0.0,0.0,0.0,0.0,0.0,0.0,0.0,0.0,0.0,0.0,0.0,0.0,0.0,0.0,0.0,0.0,1.0,0.48421537742286386,0.48421537885052,0.4842161908299623,0.0,-0.008852130225943234,0.43611429578172944,1.0,0.0,1.0,0.0,0.0,0.00018564923631127025,0.0,0.0,0.0,0.0,0.49433610762307745,1.5001517581340577e-05,0.4942801690208698,0.494392102528475,0.6930771625327493,0.0,0.0,0.0,0.0,0.0,0.0,0.0,0.0,1.0,0.0,0.00022300439787521285,0.4637953382052347,0.058947302757979866,0.9770582173755783,0.0,18.03451843318825,18.035124518914138,18.035124518914138,0.025150715211729804,-0.017819277529498773,-7.750926136423429e-12,0.0,0.0,5.198235835857734,5.198235842996015,1.6448628984525533,1.6448628984525533,0.09336011908100751,0.0,0.0,0.0,0.0,0.49433610690924934,5.151376644571864e-05,0.49410096462258324,0.4945656219106948,0.6930771625327493,0.0,1.644858393840447,1.644867171070533,1.6448628984525533,1.6447967469335316,0.43611429578172944,0.17158677750183438,0.02817881485436134,1.0,1.0898207686618417,1.089018403769967,1.0889696771513202,0.0,,,,,,,,,,,,,,,12.0,0.0,0.0,0.0,0.0,0.0,0.0,,,,,,,,,,,,,,,,,,,,,,0.001
7,2338,val,,,,,,,,,,,,,,,,,,,,,,,,,,,,,,,,,,,,,,,,,,,,,,,,,,,,,,,,,,,,,,,,,,,,,,,,,,,,,,,,,,,,,,,,,,,,,,,,,,,,,,,,,,,,,,,,,,,,,,,,,17.582509994506836,785.6734619140625,28.02986731888081,0.12457970529794693,0.07503385841846466,15.465019226074219,24.690198379034822,0.10592783242464066,0.06606761366128922,17.575223922729492,28.03531925940139,0.12333589792251587,0.07501351833343506,20.347946166992188,32.17390489589351,0.14914672076702118,0.0866919755935669,17.582509994506836,28.02986731888081,0.12457970529794693,0.07503385841846466,0.001
7,2338,test_select,,,,,,,,,,,,,,,,,,,,,,,,,,,,,,,,,,,,,,,,,,,,,,,,,,,,,,,,,,,,,,,,,,,,,,,,,,,,,,,,,,,,,,,,,,,,,,,,,,,,,,,,,,,,,,,,,,,,,,,,,20.3945255279541,1083.3673095703125,32.914545562263385,0.12045064568519592,0.08283702284097672,16.768295288085938,26.650814812605283,0.09989891201257706,0.06806952506303787,20.209482192993164,32.35025598816801,0.11792794615030289,0.08207758516073227,25.60020637512207,40.57499626944684,0.1509203314781189,0.10407912731170654,20.3945255279541,32.914545562263385,0.12045064568519592,0.08283702284097672,0.001
8,2340,train,19.179176330566406,15.984550476074219,15.97313404083252,0.0,0.0,0.0,0.0,0.0,0.0,0.0,0.0,0.0,0.0,0.0,0.0,0.0,0.0,0.0,0.0,0.0,0.0,0.0,0.0,0.0,0.0,0.0,0.0,1.0,0.4862983524799347,0.4862983524799347,0.4862934648990631,0.0,-0.009102197363972664,0.4361346960067749,1.0,0.0,1.0,0.0,0.0,0.00015592717682011425,0.0,0.0,0.0,0.0,0.49690380692481995,8.103057552943937e-06,0.49687445163726807,0.4969342350959778,0.6931281089782715,0.0,0.0,0.0,0.0,0.0,0.0,0.0,0.0,1.0,0.0,0.0005909586325287819,0.46553292870521545,0.05693468824028969,0.9791165590286255,0.0,15.97313404083252,15.984550476074219,15.984550476074219,0.028576195240020752,-0.014234321191906929,1.2597868581654126e-10,0.0,0.0,5.212620735168457,5.212620735168457,1.6483153104782104,1.6483153104782104,0.10414617508649826,0.0,0.0,0.0,0.0,0.49690380692481995,2.8006939828628674e-05,0.4967799186706543,0.49702587723731995,0.6931281089782715,0.0,1.6483161449432373,1.648314356803894,1.6483153104782104,1.6475251913070679,0.4361346960067749,0.17741821706295013,0.027718713507056236,1.0,1.015450119972229,1.0413875579833984,1.057172179222107,0.0,,,,,,,,,,,,,,,12.0,0.0,0.0,0.0,0.0,0.0,0.0,,,,,,,,,,,,,,,,,,,,,,0.001
8,2360,train,19.974464416503906,16.644609451293945,16.649276733398438,0.0,0.0,0.0,0.0,0.0,0.0,0.0,0.0,0.0,0.0,0.0,0.0,0.0,0.0,0.0,0.0,0.0,0.0,0.0,0.0,0.0,0.0,0.0,0.0,1.0,0.485760897397995,0.485760897397995,0.4857626259326935,0.0,-0.008575225248932838,0.4354650378227234,1.0,0.0,1.0,0.0,0.0,0.0002215381246060133,0.0,0.0,0.0,0.0,0.497115820646286,7.500059837184381e-06,0.4970873296260834,0.49714431166648865,0.693130612373352,0.0,0.0,0.0,0.0,0.0,0.0,0.0,0.0,1.0,0.0,0.00637090764939785,0.4675627052783966,0.05664698779582977,0.9790622591972351,0.0,16.649276733398438,16.644609451293945,16.644609451293945,0.02557600848376751,-0.018179520964622498,-1.6150958348504219e-10,0.0,0.0,5.081640720367432,5.081640720367432,1.6455049514770508,1.6455049514770508,0.09633594006299973,0.0,0.0,0.0,0.0,0.4971157908439636,2.579989995865617e-05,0.4969969093799591,0.4972462058067322,0.693130612373352,0.0,1.6455060243606567,1.6455038785934448,1.6455049514770508,1.6419123411178589,0.4354650378227234,0.17781966924667358,0.027722684666514397,1.0,1.0283960103988647,1.0154638290405273,0.9892678260803223,0.0,,,,,,,,,,,,,,,12.0,0.0,0.0,0.0,0.0,0.0,0.0,,,,,,,,,,,,,,,,,,,,,,0.001
8,2380,train,21.595598220825195,17.997699737548828,17.989492416381836,0.0,0.0,0.0,0.0,0.0,0.0,0.0,0.0,0.0,0.0,0.0,0.0,0.0,0.0,0.0,0.0,0.0,0.0,0.0,0.0,0.0,0.0,0.0,0.0,1.0,0.4866299331188202,0.4866299033164978,0.48662880063056946,0.0,-0.00905213225632906,0.4355090260505676,1.0,0.0,1.0,0.0,0.0,0.0002416725765215233,0.0,0.0,0.0,0.0,0.49731501936912537,6.724019385728752e-06,0.497284471988678,0.49734076857566833,0.6931326985359192,0.0,0.0,0.0,0.0,0.0,0.0,0.0,0.0,1.0,0.0,-0.004739890340715647,0.4676241874694824,0.056578539311885834,0.9791805148124695,0.0,17.989492416381836,17.997699737548828,17.997699737548828,0.031955063343048096,-0.024890296161174774,-2.929125830775092e-10,0.0,0.0,4.874094486236572,4.874094486236572,1.6472421884536743,1.6472421884536743,0.12028969079256058,0.0,0.0,0.0,0.0,0.49731501936912537,2.3339613107964396e-05,0.49720630049705505,0.4974155128002167,0.6931326985359192,0.0,1.6472443342208862,1.647240161895752,1.6472421884536743,1.6448253393173218,0.4355090260505676,0.18130509555339813,0.028001684695482254,1.0,1.0731098651885986,1.0431617498397827,0.9737077951431274,0.0,,,,,,,,,,,,,,,12.0,0.0,0.0,0.0,0.0,0.0,0.0,,,,,,,,,,,,,,,,,,,,,,0.001
8,2400,train,20.885873794555664,17.404991149902344,17.404409408569336,0.0,0.0,0.0,0.0,0.0,0.0,0.0,0.0,0.0,0.0,0.0,0.0,0.0,0.0,0.0,0.0,0.0,0.0,0.0,0.0,0.0,0.0,0.0,0.0,1.0,0.48636507987976074,0.48636507987976074,0.48636212944984436,0.0,-0.008829762227833271,0.43501365184783936,1.0,0.0,1.0,0.0,0.0,0.0002543589216656983,0.0,0.0,0.0,0.0,0.4975012242794037,6.0320717238937505e-06,0.4974800944328308,0.49752387404441833,0.693134605884552,0.0,0.0,0.0,0.0,0.0,0.0,0.0,0.0,1.0,0.0,0.0013875963632017374,0.46682947874069214,0.056148987263441086,0.9797083735466003,0.0,17.404409408569336,17.404991149902344,17.404991149902344,0.0303445253521204,-0.02396879531443119,-1.0391924820662979e-10,0.0,0.0,5.5259294509887695,5.5259294509887695,1.6446185111999512,1.6446185111999512,0.11351742595434189,0.0,0.0,0.0,0.0,0.4975012242794037,2.0770705305039883e-05,0.497409850358963,0.49759700894355774,0.693134605884552,0.0,1.6446192264556885,1.6446174383163452,1.6446185111999512,1.6477596759796143,0.43501365184783936,0.1784302443265915,0.02758854813873768,1.0,0.9574493169784546,0.9725649356842041,0.9898155927658081,0.0,,,,,,,,,,,,,,,12.0,0.0,0.0,0.0,0.0,0.0,0.0,,,,,,,,,,,,,,,,,,,,,,0.001
8,2420,train,20.408418655395508,17.006553649902344,17.009321212768555,0.0,0.0,0.0,0.0,0.0,0.0,0.0,0.0,0.0,0.0,0.0,0.0,0.0,0.0,0.0,0.0,0.0,0.0,0.0,0.0,0.0,0.0,0.0,0.0,1.0,0.4866171181201935,0.4866171181201935,0.48662298917770386,0.0,-0.008597239851951599,0.43485313653945923,1.0,0.0,1.0,0.0,0.0,0.0001380902831442654,0.0,0.0,0.0,0.0,0.4976777136325836,5.530495855055051e-06,0.49765628576278687,0.4976978302001953,0.6931363344192505,0.0,0.0,0.0,0.0,0.0,0.0,0.0,0.0,1.0,0.0,-0.001746038906276226,0.4654834270477295,0.0558764785528183,0.9801972508430481,0.0,17.009321212768555,17.006553649902344,17.006553649902344,0.03238499164581299,-0.021548962220549583,-1.344175326600805e-10,0.0,0.0,5.060209274291992,5.060209274291992,1.6439208984375,1.6439208984375,0.11372552812099457,0.0,0.0,0.0,0.0,0.49767768383026123,1.933405474119354e-05,0.49758976697921753,0.4977628290653229,0.6931363344192505,0.0,1.6439216136932373,1.643919825553894,1.6439208984375,1.645806908607483,0.43485313653945923,0.17874455451965332,0.02798629179596901,1.0,0.9407910108566284,0.9696251749992371,0.9639822840690613,0.0,,,,,,,,,,,,,,,12.0,0.0,0.0,0.0,0.0,0.0,0.0,,,,,,,,,,,,,,,,,,,,,,0.001
8,2440,train,21.583789825439453,17.98703384399414,17.983781814575195,0.0,0.0,0.0,0.0,0.0,0.0,0.0,0.0,0.0,0.0,0.0,0.0,0.0,0.0,0.0,0.0,0.0,0.0,0.0,0.0,0.0,0.0,0.0,0.0,1.0,0.48764923214912415,0.48764926195144653,0.4876343011856079,0.0,-0.0091145820915699,0.4356178641319275,1.0,0.0,1.0,0.0,0.0,0.0001860300835687667,0.0,0.0,0.0,0.0,0.49784237146377563,4.966996584698791e-06,0.49782413244247437,0.4978601932525635,0.6931380033493042,0.0,0.0,0.0,0.0,0.0,0.0,0.0,0.0,1.0,0.0,-0.0004993579350411892,0.46735265851020813,0.055749088525772095,0.9802481532096863,0.0,17.983781814575195,17.98703384399414,17.98703384399414,0.038392387330532074,-0.029538923874497414,1.51334795389646e-11,0.0,0.0,5.148073673248291,5.148073673248291,1.645570993423462,1.645570993423462,0.13703800737857819,0.0,0.0,0.0,0.0,0.49784237146377563,1.711982986307703e-05,0.49777087569236755,0.49791091680526733,0.6931380033493042,0.0,1.645571231842041,1.645570993423462,1.645570993423462,1.650455117225647,0.4356178641319275,0.1796746402978897,0.028010616078972816,1.0,1.0017457008361816,1.011434555053711,0.9348105192184448,0.0,,,,,,,,,,,,,,,12.0,0.0,0.0,0.0,0.0,0.0,0.0,,,,,,,,,,,,,,,,,,,,,,0.001
8,2460,train,21.98386573791504,18.31854248046875,18.326616287231445,0.0,0.0,0.0,0.0,0.0,0.0,0.0,0.0,0.0,0.0,0.0,0.0,0.0,0.0,0.0,0.0,0.0,0.0,0.0,0.0,0.0,0.0,0.0,0.0,1.0,0.4866078495979309,0.4866078794002533,0.486600786447525,0.0,-0.008870338089764118,0.43503114581108093,1.0,0.0,1.0,0.0,0.0,0.00018888118211179972,0.0,0.0,0.0,0.0,0.4979986846446991,4.401355454319855e-06,0.49798160791397095,0.49801525473594666,0.6931393146514893,0.0,0.0,0.0,0.0,0.0,0.0,0.0,0.0,1.0,0.0,0.0027946392074227333,0.4673740267753601,0.05543730780482292,0.979855477809906,0.0,18.326616287231445,18.31854248046875,18.31854248046875,0.036501359194517136,-0.023303691297769547,-1.3538926924017147e-10,0.0,0.0,5.193722248077393,5.193722248077393,1.6435507535934448,1.6435507535934448,0.1359494924545288,0.0,0.0,0.0,0.0,0.49799874424934387,1.4905555872246623e-05,0.49792346358299255,0.4980655908584595,0.6931393146514893,0.0,1.643550992012024,1.6435506343841553,1.6435507535934448,1.6473489999771118,0.43503114581108093,0.18076515197753906,0.02811577543616295,1.0,1.0060826539993286,1.002216100692749,1.0010273456573486,0.0,,,,,,,,,,,,,,,12.0,0.0,0.0,0.0,0.0,0.0,0.0,,,,,,,,,,,,,,,,,,,,,,0.001
8,2480,train,19.721832275390625,16.434499740600586,16.436660766601562,0.0,0.0,0.0,0.0,0.0,0.0,0.0,0.0,0.0,0.0,0.0,0.0,0.0,0.0,0.0,0.0,0.0,0.0,0.0,0.0,0.0,0.0,0.0,0.0,1.0,0.4871998131275177,0.4871998131275177,0.4871906638145447,0.0,-0.008585827425122261,0.4352210760116577,1.0,0.0,1.0,0.0,0.0,0.00021035870304331183,0.0,0.0,0.0,0.0,0.4981446862220764,3.863000983983511e-06,0.49813032150268555,0.4981606900691986,0.6931401491165161,0.0,0.0,0.0,0.0,0.0,0.0,0.0,0.0,1.0,0.0,0.007598596625030041,0.46726900339126587,0.055052876472473145,0.9798886179924011,0.0,16.436660766601562,16.434499740600586,16.434499740600586,0.02933087944984436,-0.015117314644157887,-2.4193902090074992e-11,0.0,0.0,4.934987545013428,4.934987545013428,1.6418378353118896,1.6418378353118896,0.10721805691719055,0.0,0.0,0.0,0.0,0.4981446862220764,1.3425001270661596e-05,0.498084157705307,0.4982072710990906,0.6931401491165161,0.0,1.6418381929397583,1.641837477684021,1.6418378353118896,1.6456490755081177,0.4352210760116577,0.18142780661582947,0.027933036908507347,1.0,0.9890604615211487,1.0409183502197266,1.0457066297531128,0.0,,,,,,,,,,,,,,,12.0,0.0,0.0,0.0,0.0,0.0,0.0,,,,,,,,,,,,,,,,,,,,,,0.001
8,2500,train,20.631397247314453,17.192596435546875,17.194005966186523,0.0,0.0,0.0,0.0,0.0,0.0,0.0,0.0,0.0,0.0,0.0,0.0,0.0,0.0,0.0,0.0,0.0,0.0,0.0,0.0,0.0,0.0,0.0,0.0,1.0,0.4864342212677002,0.4864341914653778,0.48642975091934204,0.0,-0.008765649050474167,0.43441513180732727,1.0,0.0,1.0,0.0,0.0,0.0001881469797808677,0.0,0.0,0.0,0.0,0.49828243255615234,3.3730452742020134e-06,0.4982704818248749,0.4982936382293701,0.6931413412094116,0.0,0.0,0.0,0.0,0.0,0.0,0.0,0.0,1.0,0.0,-0.0028840722516179085,0.46537432074546814,0.054692402482032776,0.979952871799469,0.0,17.194005966186523,17.192596435546875,17.192596435546875,0.03186571225523949,-0.02500460296869278,4.23606566490875e-11,0.0,0.0,5.301969051361084,5.301969051361084,1.639866590499878,1.639866590499878,0.12806837260723114,0.0,0.0,0.0,0.0,0.49828243255615234,1.1758115761040244e-05,0.4982331395149231,0.49833106994628906,0.6931413412094116,0.0,1.6398676633834839,1.639865517616272,1.639866590499878,1.6402314901351929,0.43441513180732727,0.18110798299312592,0.027913913130760193,1.0,1.0127698183059692,0.9966727495193481,0.9575745463371277,0.0,,,,,,,,,,,,,,,12.0,0.0,0.0,0.0,0.0,0.0,0.0,,,,,,,,,,,,,,,,,,,,,,0.001
8,2520,train,20.2659854888916,16.88947105407715,16.882570266723633,0.0,0.0,0.0,0.0,0.0,0.0,0.0,0.0,0.0,0.0,0.0,0.0,0.0,0.0,0.0,0.0,0.0,0.0,0.0,0.0,0.0,0.0,0.0,0.0,1.0,0.48663124442100525,0.48663121461868286,0.48661842942237854,0.0,-0.008965526707470417,0.43528786301612854,1.0,0.0,1.0,0.0,0.0,0.0002073959622066468,0.0,0.0,0.0,0.0,0.49841079115867615,3.29425347445067e-06,0.4983994960784912,0.49842196702957153,0.6931420564651489,0.0,0.0,0.0,0.0,0.0,0.0,0.0,0.0,1.0,0.0,-0.005030317697674036,0.46820974349975586,0.054449018090963364,0.9801525473594666,0.0,16.882570266723633,16.88947105407715,16.88947105407715,0.03755050525069237,-0.03182200342416763,-5.369370573160559e-11,0.0,0.0,5.057322025299072,5.057322025299072,1.6406103372573853,1.6406103372573853,0.14076024293899536,0.0,0.0,0.0,0.0,0.49841079115867615,1.1380760952306446e-05,0.49835869669914246,0.4984618127346039,0.6931420564651489,0.0,1.6406114101409912,1.6406090259552002,1.6406103372573853,1.6428229808807373,0.43528786301612854,0.18174640834331512,0.027731463313102722,1.0,0.9357964396476746,0.9466468691825867,0.9482826590538025,0.0,,,,,,,,,,,,,,,12.0,0.0,0.0,0.0,0.0,0.0,0.0,,,,,,,,,,,,,,,,,,,,,,0.001
8,2540,train,22.22314453125,18.517986297607422,18.52579116821289,0.0,0.0,0.0,0.0,0.0,0.0,0.0,0.0,0.0,0.0,0.0,0.0,0.0,0.0,0.0,0.0,0.0,0.0,0.0,0.0,0.0,0.0,0.0,0.0,1.0,0.48725736141204834,0.48725736141204834,0.48726868629455566,0.0,-0.009124046191573143,0.4346718192100525,1.0,0.0,1.0,0.0,0.0,0.00014746453962288797,0.0,0.0,0.0,0.0,0.49852997064590454,2.989274662468233e-06,0.49851998686790466,0.49853962659835815,0.6931427717208862,0.0,0.0,0.0,0.0,0.0,0.0,0.0,0.0,1.0,0.0,-0.0018820592667907476,0.4676201045513153,0.054278433322906494,0.9802645444869995,0.0,18.52579116821289,18.517986297607422,18.517986297607422,0.037173960357904434,-0.0291543398052454,-1.2143892835769776e-10,0.0,0.0,5.13440465927124,5.13440465927124,1.6351121664047241,1.6351121664047241,0.1470661163330078,0.0,0.0,0.0,0.0,0.49852997064590454,1.0296575055690482e-05,0.49847444891929626,0.4985818564891815,0.6931427717208862,0.0,1.635113000869751,1.6351114511489868,1.6351121664047241,1.6458905935287476,0.4346718192100525,0.181223064661026,0.02850819192826748,1.0,0.9060313701629639,0.9323625564575195,0.9142033457756042,0.0,,,,,,,,,,,,,,,12.0,0.0,0.0,0.0,0.0,0.0,0.0,,,,,,,,,,,,,,,,,,,,,,0.001
8,2560,train,22.471206665039062,18.72627067565918,18.724679946899414,0.0,0.0,0.0,0.0,0.0,0.0,0.0,0.0,0.0,0.0,0.0,0.0,0.0,0.0,0.0,0.0,0.0,0.0,0.0,0.0,0.0,0.0,0.0,0.0,1.0,0.4883289933204651,0.4883289933204651,0.48831725120544434,0.0,-0.008954133838415146,0.4360826909542084,1.0,0.0,1.0,0.0,0.0,0.0001612718915566802,0.0,0.0,0.0,0.0,0.4986417293548584,2.7612152280198643e-06,0.49863073229789734,0.49865174293518066,0.6931437849998474,0.0,0.0,0.0,0.0,0.0,0.0,0.0,0.0,1.0,0.0,0.0036968854255974293,0.46902745962142944,0.05392632260918617,0.9806522727012634,0.0,18.724679946899414,18.72627067565918,18.72627067565918,0.04294167459011078,-0.03995576500892639,1.1610928191130299e-10,0.0,0.0,5.236050128936768,5.236050128936768,1.6434751749038696,1.6434751749038696,0.16926345229148865,0.0,0.0,0.0,0.0,0.4986417591571808,9.481316737947054e-06,0.49860355257987976,0.4986840784549713,0.6931437849998474,0.0,1.6434757709503174,1.6434744596481323,1.6434751749038696,1.6469838619232178,0.4360826909542084,0.17909376323223114,0.027745673432946205,1.0,0.8542543649673462,0.9024662971496582,0.9275662302970886,0.0,,,,,,,,,,,,,,,12.0,0.0,0.0,0.0,0.0,0.0,0.0,,,,,,,,,,,,,,,,,,,,,,0.001
8,2580,train,20.72534942626953,17.27124786376953,17.270505905151367,0.0,0.0,0.0,0.0,0.0,0.0,0.0,0.0,0.0,0.0,0.0,0.0,0.0,0.0,0.0,0.0,0.0,0.0,0.0,0.0,0.0,0.0,0.0,0.0,1.0,0.4878159165382385,0.4878159165382385,0.4878283143043518,0.0,-0.009486361406743526,0.43601080775260925,1.0,0.0,1.0,0.0,0.0,0.00021657481556758285,0.0,0.0,0.0,0.0,0.49874618649482727,2.497129344192217e-06,0.49873781204223633,0.4987559914588928,0.6931440234184265,0.0,0.0,0.0,0.0,0.0,0.0,0.0,0.0,1.0,0.0,-0.0012176553718745708,0.4691920578479767,0.053635381162166595,0.9810164570808411,0.0,17.270505905151367,17.27124786376953,17.27124786376953,0.05148196592926979,-0.04408102482557297,3.747617147165094e-11,0.0,0.0,4.991693019866943,4.991693019866943,1.646191120147705,1.646191120147705,0.18813058733940125,0.0,0.0,0.0,0.0,0.49874618649482727,8.577756489103194e-06,0.4987078905105591,0.4987831115722656,0.6931440234184265,0.0,1.6461914777755737,1.6461907625198364,1.646191120147705,1.6415702104568481,0.43601080775260925,0.1792576164007187,0.028217675164341927,1.0,0.9165347814559937,0.9455766081809998,0.9159733057022095,0.0,,,,,,,,,,,,,,,12.0,0.0,0.0,0.0,0.0,0.0,0.0,,,,,,,,,,,,,,,,,,,,,,0.001
8,2600,train,20.691125869750977,17.24269676208496,17.24214744567871,0.0,0.0,0.0,0.0,0.0,0.0,0.0,0.0,0.0,0.0,0.0,0.0,0.0,0.0,0.0,0.0,0.0,0.0,0.0,0.0,0.0,0.0,0.0,0.0,1.0,0.487106591463089,0.487106591463089,0.48709699511528015,0.0,-0.008831970393657684,0.4364098012447357,1.0,0.0,1.0,0.0,0.0,0.00022449050447903574,0.0,0.0,0.0,0.0,0.49884387850761414,2.233100985904457e-06,0.4988364577293396,0.49885281920433044,0.6931445002555847,0.0,0.0,0.0,0.0,0.0,0.0,0.0,0.0,1.0,0.0,-0.00011174346582265571,0.4694920778274536,0.05380864068865776,0.9809784889221191,0.0,17.24214744567871,17.24269676208496,17.24269676208496,0.055553510785102844,-0.0459347665309906,2.535082421761814e-10,0.0,0.0,4.791611194610596,4.791611194610596,1.6423437595367432,1.6423437595367432,0.19758360087871552,0.0,0.0,0.0,0.0,0.49884387850761414,7.77898731030291e-06,0.4988088309764862,0.49887779355049133,0.6931445002555847,0.0,1.6423442363739014,1.6423434019088745,1.6423437595367432,1.6418342590332031,0.4364098012447357,0.1784081757068634,0.028260285034775734,1.0,0.9287487864494324,0.947004497051239,0.9420194029808044,0.0,,,,,,,,,,,,,,,12.0,0.0,0.0,0.0,0.0,0.0,0.0,,,,,,,,,,,,,,,,,,,,,,0.001
8,2620,train,20.066213607788086,16.72247886657715,16.71867561340332,0.0,0.0,0.0,0.0,0.0,0.0,0.0,0.0,0.0,0.0,0.0,0.0,0.0,0.0,0.0,0.0,0.0,0.0,0.0,0.0,0.0,0.0,0.0,0.0,1.0,0.4883737862110138,0.4883737862110138,0.48840388655662537,0.0,-0.008906731382012367,0.4340447187423706,1.0,0.0,1.0,0.0,0.0,0.00013751420192420483,0.0,0.0,0.0,0.0,0.49893447756767273,1.996704440898611e-06,0.4989270865917206,0.49894213676452637,0.6931450963020325,0.0,0.0,0.0,0.0,0.0,0.0,0.0,0.0,1.0,0.0,-0.00405615009367466,0.4689760208129883,0.053497713059186935,0.9810982942581177,0.0,16.71867561340332,16.72247886657715,16.72247886657715,0.05111765116453171,-0.04671528562903404,-3.3077853607219043e-13,0.0,0.0,5.409150123596191,5.409150123596191,1.6409894227981567,1.6409894227981567,0.22378557920455933,0.0,0.0,0.0,0.0,0.49893441796302795,6.805476914450992e-06,0.49890461564064026,0.4989624619483948,0.6931450963020325,0.0,1.6409894227981567,1.6409894227981567,1.6409894227981567,1.6468302011489868,0.4340447187423706,0.17778931558132172,0.028011178597807884,1.0,0.9485914707183838,0.9201102256774902,0.8676486015319824,0.0,,,,,,,,,,,,,,,12.0,0.0,0.0,0.0,0.0,0.0,0.0,,,,,,,,,,,,,,,,,,,,,,0.001
8,2640,train,21.919870376586914,18.26496696472168,18.274520874023438,0.0,0.0,0.0,0.0,0.0,0.0,0.0,0.0,0.0,0.0,0.0,0.0,0.0,0.0,0.0,0.0,0.0,0.0,0.0,0.0,0.0,0.0,0.0,0.0,1.0,0.48783615231513977,0.48783615231513977,0.48783788084983826,0.0,-0.009005384519696236,0.4349411427974701,1.0,0.0,1.0,0.0,0.0,0.00020949303871020675,0.0,0.0,0.0,0.0,0.4990188479423523,1.9264055026724236e-06,0.4990127980709076,0.4990256726741791,0.6931455135345459,0.0,0.0,0.0,0.0,0.0,0.0,0.0,0.0,1.0,0.0,0.002461706753820181,0.4684307873249054,0.05330964922904968,0.9804973006248474,0.0,18.274520874023438,18.26496696472168,18.26496696472168,0.05859562009572983,-0.05097944289445877,-3.9402897611395815e-11,0.0,0.0,4.9206671714782715,4.9206671714782715,1.6416901350021362,1.6416901350021362,0.22290369868278503,0.0,0.0,0.0,0.0,0.4990188181400299,6.13334077570471e-06,0.4989927411079407,0.49904701113700867,0.6931455135345459,0.0,1.6416895389556885,1.6416906118392944,1.6416901350021362,1.648301124572754,0.4349411427974701,0.177312433719635,0.028388071805238724,1.0,0.9387887716293335,0.9464726448059082,0.9141728281974792,0.0,,,,,,,,,,,,,,,12.0,0.0,0.0,0.0,0.0,0.0,0.0,,,,,,,,,,,,,,,,,,,,,,0.001
8,2660,train,19.575326919555664,16.314470291137695,16.304285049438477,0.0,0.0,0.0,0.0,0.0,0.0,0.0,0.0,0.0,0.0,0.0,0.0,0.0,0.0,0.0,0.0,0.0,0.0,0.0,0.0,0.0,0.0,0.0,0.0,1.0,0.4872246980667114,0.4872247278690338,0.48724865913391113,0.0,-0.00923642236739397,0.4356151819229126,1.0,0.0,1.0,0.0,0.0,0.00027321965899318457,0.0,0.0,0.0,0.0,0.4990977942943573,1.6461818859170307e-06,0.49909085035324097,0.49910399317741394,0.6931456923484802,0.0,0.0,0.0,0.0,0.0,0.0,0.0,0.0,1.0,0.0,-0.004459823947399855,0.4701913893222809,0.05324828252196312,0.9799221158027649,0.0,16.304285049438477,16.314470291137695,16.314470291137695,0.056107185781002045,-0.04630793631076813,-3.056905423237666e-11,0.0,0.0,5.1872687339782715,5.1872687339782715,1.640040397644043,1.640040397644043,0.22691848874092102,0.0,0.0,0.0,0.0,0.4990977942943573,5.666833203576971e-06,0.4990736246109009,0.4991244673728943,0.6931456923484802,0.0,1.6400398015975952,1.6400407552719116,1.640040397644043,1.6446529626846313,0.4356151819229126,0.17979182302951813,0.028580330312252045,1.0,0.9277318716049194,0.9351827502250671,0.9256348609924316,0.0,,,,,,,,,,,,,,,12.0,0.0,0.0,0.0,0.0,0.0,0.0,,,,,,,,,,,,,,,,,,,,,,0.001
8,2672,train_epoch,21.352297560183587,17.79372760350119,17.792849672054817,0.0,0.0,0.0,0.0,0.0,0.0,0.0,0.0,0.0,0.0,0.0,0.0,0.0,0.0,0.0,0.0,0.0,0.0,0.0,0.0,0.0,0.0,0.0,0.0,1.0,0.4869374752401592,0.48693747577553026,0.48693718979815526,0.0,-0.008976000690174674,0.43555710487023086,1.0,0.0,1.0,0.0,0.0,0.0001955036455845533,0.0,0.0,0.0,0.0,0.4982176435564806,4.0022339158394155e-06,0.4982025903499055,0.49823256024343526,0.6931400466821864,0.0,0.0,0.0,0.0,0.0,0.0,0.0,0.0,1.0,0.0,-5.630821650032624e-05,0.4674925407963599,0.054834256829794294,0.9801215898847866,0.0,17.792849672054817,17.79372760350119,17.79372760350119,0.040885441116765585,-0.03212133340236402,-7.542695570308156e-12,0.0,0.0,5.113581023530332,5.113581023530332,1.642961113395805,1.642961113395805,0.15483773658107855,0.0,0.0,0.0,0.0,0.49821764105808236,1.3762943352506221e-05,0.4981550424398776,0.49827989097126946,0.6931400466821864,0.0,1.6429616701817085,1.6429604641691653,1.642961113395805,1.6433961941096598,0.43555710487023086,0.1798016801030336,0.02808487865360019,1.0,0.9742296616474312,0.9744466273727531,0.9744767689419364,0.0,,,,,,,,,,,,,,,12.0,0.0,0.0,0.0,0.0,0.0,0.0,,,,,,,,,,,,,,,,,,,,,,0.001
8,2672,val,,,,,,,,,,,,,,,,,,,,,,,,,,,,,,,,,,,,,,,,,,,,,,,,,,,,,,,,,,,,,,,,,,,,,,,,,,,,,,,,,,,,,,,,,,,,,,,,,,,,,,,,,,,,,,,,,,,,,,,,,17.312484741210938,759.4257202148438,27.557679877211065,0.12522178888320923,0.07388151437044144,15.419035911560059,24.52532024271676,0.10631298273801804,0.06587116420269012,17.213409423828125,27.47630704316846,0.11810360103845596,0.07346922904253006,20.164039611816406,31.772834316256414,0.15142710506916046,0.0859084203839302,17.312484741210938,27.557679877211065,0.12522178888320923,0.07388151437044144,0.001
8,2672,test_select,,,,,,,,,,,,,,,,,,,,,,,,,,,,,,,,,,,,,,,,,,,,,,,,,,,,,,,,,,,,,,,,,,,,,,,,,,,,,,,,,,,,,,,,,,,,,,,,,,,,,,,,,,,,,,,,,,,,,,,,,20.625835418701172,1102.5069580078125,33.20402020852012,0.12405312806367874,0.08377653360366821,16.844289779663086,26.61195992655957,0.10167407244443893,0.0683780238032341,20.42202377319336,32.593916661246965,0.11792253702878952,0.08294077962636948,26.140939712524414,41.36986904080221,0.1583300530910492,0.10627751052379608,20.625835418701172,33.20402020852012,0.12405312806367874,0.08377653360366821,0.001
9,2680,train,20.679141998291016,17.232391357421875,17.23375701904297,0.0,0.0,0.0,0.0,0.0,0.0,0.0,0.0,0.0,0.0,0.0,0.0,0.0,0.0,0.0,0.0,0.0,0.0,0.0,0.0,0.0,0.0,0.0,0.0,1.0,0.48597630858421326,0.48597630858421326,0.48597007989883423,0.0,-0.00935117807239294,0.43674415349960327,1.0,0.0,1.0,0.0,0.0,0.00022743880981579423,0.0,0.0,0.0,0.0,0.49917101860046387,1.4089921478444012e-06,0.4991653859615326,0.4991762638092041,0.6931458115577698,0.0,0.0,0.0,0.0,0.0,0.0,0.0,0.0,1.0,0.0,-0.0003612572618294507,0.47144898772239685,0.053109511733055115,0.9795787930488586,0.0,17.23375701904297,17.232391357421875,17.232391357421875,0.05260607972741127,-0.047236692160367966,-1.1185699588800446e-10,0.0,0.0,5.1833415031433105,5.1833415031433105,1.6365857124328613,1.6365857124328613,0.21411287784576416,0.0,0.0,0.0,0.0,0.49917101860046387,4.863856702286284e-06,0.49914678931236267,0.49919259548187256,0.6931458115577698,0.0,1.6365855932235718,1.6365857124328613,1.6365857124328613,1.638995885848999,0.43674415349960327,0.17889396846294403,0.027720721438527107,1.0,0.9655332565307617,0.9629858732223511,0.9147595763206482,0.0,,,,,,,,,,,,,,,12.0,0.0,0.0,0.0,0.0,0.0,0.0,,,,,,,,,,,,,,,,,,,,,,0.001
9,2700,train,21.488449096679688,17.905839920043945,17.91304588317871,0.0,0.0,0.0,0.0,0.0,0.0,0.0,0.0,0.0,0.0,0.0,0.0,0.0,0.0,0.0,0.0,0.0,0.0,0.0,0.0,0.0,0.0,0.0,0.0,1.0,0.4851514399051666,0.4851514399051666,0.4851479232311249,0.0,-0.009180244989693165,0.43454334139823914,1.0,0.0,1.0,0.0,0.0,0.00021074489632155746,0.0,0.0,0.0,0.0,0.49923935532569885,1.3100958540235297e-06,0.4992339015007019,0.4992440640926361,0.6931459307670593,0.0,0.0,0.0,0.0,0.0,0.0,0.0,0.0,1.0,0.0,0.0013851377880200744,0.4695945382118225,0.05314897745847702,0.9790986180305481,0.0,17.91304588317871,17.905839920043945,17.905839920043945,0.05602177977561951,-0.051842477172613144,1.4540750548075465e-11,0.0,0.0,5.297970294952393,5.297970294952393,1.6339619159698486,1.6339619159698486,0.2372698038816452,0.0,0.0,0.0,0.0,0.49923935532569885,4.462650394998491e-06,0.49921610951423645,0.4992607533931732,0.6931459307670593,0.0,1.6339621543884277,1.633961796760559,1.6339619159698486,1.6328274011611938,0.43454334139823914,0.1799556165933609,0.02923356555402279,1.0,0.8889873027801514,0.9214761257171631,0.9241435527801514,0.0,,,,,,,,,,,,,,,12.0,0.0,0.0,0.0,0.0,0.0,0.0,,,,,,,,,,,,,,,,,,,,,,0.001
9,2720,train,21.244495391845703,17.70364761352539,17.704235076904297,0.0,0.0,0.0,0.0,0.0,0.0,0.0,0.0,0.0,0.0,0.0,0.0,0.0,0.0,0.0,0.0,0.0,0.0,0.0,0.0,0.0,0.0,0.0,0.0,1.0,0.48545870184898376,0.48545870184898376,0.4854615032672882,0.0,-0.00901907030493021,0.43461155891418457,1.0,0.0,1.0,0.0,0.0,0.0002980997960548848,0.0,0.0,0.0,0.0,0.49930256605148315,1.175940383291163e-06,0.49929794669151306,0.4993067681789398,0.6931460499763489,0.0,0.0,0.0,0.0,0.0,0.0,0.0,0.0,1.0,0.0,0.004340787883847952,0.46870529651641846,0.05296317860484123,0.9786961674690247,0.0,17.704235076904297,17.70364761352539,17.70364761352539,0.0558517649769783,-0.04998067021369934,-1.824937700956042e-10,0.0,0.0,4.994775295257568,4.994775295257568,1.6361346244812012,1.6361346244812012,0.21768996119499207,0.0,0.0,0.0,0.0,0.49930256605148315,4.072045612701913e-06,0.4992843270301819,0.4993215501308441,0.6931460499763489,0.0,1.6361349821090698,1.6361345052719116,1.6361346244812012,1.639953851699829,0.43461155891418457,0.18039579689502716,0.028619850054383278,1.0,0.7836929559707642,0.8420218229293823,0.8792261481285095,0.0,,,,,,,,,,,,,,,12.0,0.0,0.0,0.0,0.0,0.0,0.0,,,,,,,,,,,,,,,,,,,,,,0.001
9,2740,train,17.671361923217773,14.725342750549316,14.730093002319336,0.0,0.0,0.0,0.0,0.0,0.0,0.0,0.0,0.0,0.0,0.0,0.0,0.0,0.0,0.0,0.0,0.0,0.0,0.0,0.0,0.0,0.0,0.0,0.0,1.0,0.4850962162017822,0.4850962162017822,0.48509567975997925,0.0,-0.00902611669152975,0.43566256761550903,1.0,0.0,1.0,0.0,0.0,0.00019916007295250893,0.0,0.0,0.0,0.0,0.4993610680103302,1.0571125130809378e-06,0.4993569850921631,0.4993647038936615,0.6931464076042175,0.0,0.0,0.0,0.0,0.0,0.0,0.0,0.0,1.0,0.0,0.0010268933838233352,0.4693503975868225,0.05311867594718933,0.9778479933738708,0.0,14.730093002319336,14.725342750549316,14.725342750549316,0.06605374068021774,-0.062167245894670486,1.1092585877614525e-10,0.0,0.0,5.141162872314453,5.141162872314453,1.6355648040771484,1.6355648040771484,0.26872894167900085,0.0,0.0,0.0,0.0,0.4993610680103302,3.608106453611981e-06,0.4993436634540558,0.49937623739242554,0.6931464076042175,0.0,1.6355648040771484,1.6355648040771484,1.6355648040771484,1.6392029523849487,0.43566256761550903,0.18192803859710693,0.0290229469537735,1.0,0.8411065936088562,0.9094287753105164,0.8953880071640015,0.0,,,,,,,,,,,,,,,12.0,0.0,0.0,0.0,0.0,0.0,0.0,,,,,,,,,,,,,,,,,,,,,,0.001
9,2760,train,22.307294845581055,18.588891983032227,18.592018127441406,0.0,0.0,0.0,0.0,0.0,0.0,0.0,0.0,0.0,0.0,0.0,0.0,0.0,0.0,0.0,0.0,0.0,0.0,0.0,0.0,0.0,0.0,0.0,0.0,1.0,0.4834272563457489,0.4834272563457489,0.48343783617019653,0.0,-0.00916052982211113,0.43498843908309937,1.0,0.0,1.0,0.0,0.0,0.00016964129463303834,0.0,0.0,0.0,0.0,0.49941515922546387,1.0626779385347618e-06,0.49941110610961914,0.4994189143180847,0.6931464672088623,0.0,0.0,0.0,0.0,0.0,0.0,0.0,0.0,1.0,0.0,0.000613764685112983,0.4681515097618103,0.053031694144010544,0.9770078063011169,0.0,18.592018127441406,18.588891983032227,18.588891983032227,0.05902218818664551,-0.04263223335146904,5.980623635215565e-11,0.0,0.0,5.227365493774414,5.227365493774414,1.6370867490768433,1.6370867490768433,0.2462954819202423,0.0,0.0,0.0,0.0,0.49941515922546387,3.669275884021772e-06,0.49939918518066406,0.4994332790374756,0.6931464672088623,0.0,1.6370867490768433,1.6370867490768433,1.6370867490768433,1.6346782445907593,0.43498843908309937,0.18174688518047333,0.029048118740320206,1.0,0.8977975249290466,0.9142328500747681,0.9091928005218506,0.0,,,,,,,,,,,,,,,12.0,0.0,0.0,0.0,0.0,0.0,0.0,,,,,,,,,,,,,,,,,,,,,,0.001
9,2780,train,21.8746337890625,18.22895050048828,18.228412628173828,0.0,0.0,0.0,0.0,0.0,0.0,0.0,0.0,0.0,0.0,0.0,0.0,0.0,0.0,0.0,0.0,0.0,0.0,0.0,0.0,0.0,0.0,0.0,0.0,1.0,0.4838726222515106,0.483872652053833,0.48387861251831055,0.0,-0.008850391022861004,0.4338090121746063,1.0,0.0,1.0,0.0,0.0,0.00030814914498478174,0.0,0.0,0.0,0.0,0.49946537613868713,1.0129805332326214e-06,0.4994618892669678,0.49946901202201843,0.6931465268135071,0.0,0.0,0.0,0.0,0.0,0.0,0.0,0.0,1.0,0.0,0.0005004479316994548,0.46804890036582947,0.052644629031419754,0.9769831299781799,0.0,18.228412628173828,18.22895050048828,18.22895050048828,0.06742124259471893,-0.05148593708872795,-1.581671460471057e-10,0.0,0.0,4.958098411560059,4.958098411560059,1.6407068967819214,1.6407068967819214,0.2662133574485779,0.0,0.0,0.0,0.0,0.49946537613868713,3.464215751591837e-06,0.49944818019866943,0.4994812607765198,0.6931465268135071,0.0,1.6407068967819214,1.6407065391540527,1.6407068967819214,1.6328532695770264,0.4338090121746063,0.18188944458961487,0.02926030196249485,1.0,0.870478630065918,0.9097427129745483,0.8874832987785339,0.0,,,,,,,,,,,,,,,12.0,0.0,0.0,0.0,0.0,0.0,0.0,,,,,,,,,,,,,,,,,,,,,,0.001
9,2800,train,20.163286209106445,16.802698135375977,16.80294418334961,0.0,0.0,0.0,0.0,0.0,0.0,0.0,0.0,0.0,0.0,0.0,0.0,0.0,0.0,0.0,0.0,0.0,0.0,0.0,0.0,0.0,0.0,0.0,0.0,1.0,0.4830103814601898,0.48301035165786743,0.48301711678504944,0.0,-0.008613767102360725,0.43349018692970276,1.0,0.0,1.0,0.0,0.0,0.00019701733253896236,0.0,0.0,0.0,0.0,0.49951186776161194,8.896632834876073e-07,0.49950897693634033,0.49951523542404175,0.6931465268135071,0.0,0.0,0.0,0.0,0.0,0.0,0.0,0.0,1.0,0.0,-0.0011187826748937368,0.4659913182258606,0.05274035781621933,0.9762548804283142,0.0,16.80294418334961,16.802698135375977,16.802698135375977,0.05924920737743378,-0.046827495098114014,-1.2182148345640798e-10,0.0,0.0,4.9206862449646,4.9206862449646,1.6353063583374023,1.6353063583374023,0.2481689304113388,0.0,0.0,0.0,0.0,0.4995118975639343,3.0157943911035545e-06,0.4994974434375763,0.4995248019695282,0.6931465268135071,0.0,1.635306477546692,1.6353060007095337,1.6353063583374023,1.6371352672576904,0.43349018692970276,0.1835305392742157,0.029685253277420998,1.0,0.9394916296005249,0.9367605447769165,0.9173842668533325,0.0,,,,,,,,,,,,,,,12.0,0.0,0.0,0.0,0.0,0.0,0.0,,,,,,,,,,,,,,,,,,,,,,0.001
9,2820,train,23.703039169311523,19.753530502319336,19.747539520263672,0.0,0.0,0.0,0.0,0.0,0.0,0.0,0.0,0.0,0.0,0.0,0.0,0.0,0.0,0.0,0.0,0.0,0.0,0.0,0.0,0.0,0.0,0.0,0.0,1.0,0.4825902283191681,0.4825902283191681,0.4825916588306427,0.0,-0.009031773544847965,0.43542101979255676,1.0,0.0,1.0,0.0,0.0,0.0002999108983203769,0.0,0.0,0.0,0.0,0.49955466389656067,7.731083542239503e-07,0.4995518624782562,0.4995572566986084,0.6931470036506653,0.0,0.0,0.0,0.0,0.0,0.0,0.0,0.0,1.0,0.0,0.00016665106522850692,0.4672323763370514,0.053070068359375,0.9753197431564331,0.0,19.747539520263672,19.753530502319336,19.753530502319336,0.07970375567674637,-0.06087028235197067,-1.4884725396679954e-10,0.0,0.0,4.932356834411621,4.932356834411621,1.6388251781463623,1.6388251781463623,0.302001953125,0.0,0.0,0.0,0.0,0.49955469369888306,2.5863953396765282e-06,0.4995410442352295,0.49956533312797546,0.6931470036506653,0.0,1.6388254165649414,1.6388251781463623,1.6388251781463623,1.638124704360962,0.43542101979255676,0.18575935065746307,0.02992985211312771,1.0,0.9559000730514526,0.9037878513336182,0.907198429107666,0.0,,,,,,,,,,,,,,,12.0,0.0,0.0,0.0,0.0,0.0,0.0,,,,,,,,,,,,,,,,,,,,,,0.001
9,2840,train,20.89000701904297,17.408063888549805,17.409719467163086,0.0,0.0,0.0,0.0,0.0,0.0,0.0,0.0,0.0,0.0,0.0,0.0,0.0,0.0,0.0,0.0,0.0,0.0,0.0,0.0,0.0,0.0,0.0,0.0,1.0,0.48077258467674255,0.48077261447906494,0.4807809591293335,0.0,-0.00904134288430214,0.4335941970348358,1.0,0.0,1.0,0.0,0.0,0.000238567401538603,0.0,0.0,0.0,0.0,0.49959391355514526,7.027166475381819e-07,0.4995911121368408,0.4995965361595154,0.6931470036506653,0.0,0.0,0.0,0.0,0.0,0.0,0.0,0.0,1.0,0.0,0.0017159313429147005,0.47012463212013245,0.05262528359889984,0.9750416874885559,0.0,17.409719467163086,17.408063888549805,17.408063888549805,0.0754239410161972,-0.06794559210538864,-2.1154901441722274e-10,0.0,0.0,5.164363384246826,5.164363384246826,1.63228440284729,1.63228440284729,0.31197381019592285,0.0,0.0,0.0,0.0,0.49959391355514526,2.3699988105363445e-06,0.49958348274230957,0.4996047616004944,0.6931470036506653,0.0,1.63228440284729,1.6322840452194214,1.63228440284729,1.63066828250885,0.4335941970348358,0.18394123017787933,0.0297048632055521,1.0,0.8580247163772583,0.9124778509140015,0.8881818056106567,0.0,,,,,,,,,,,,,,,12.0,0.0,0.0,0.0,0.0,0.0,0.0,,,,,,,,,,,,,,,,,,,,,,0.001
9,2860,train,21.009916305541992,17.506942749023438,17.51487159729004,0.0,0.0,0.0,0.0,0.0,0.0,0.0,0.0,0.0,0.0,0.0,0.0,0.0,0.0,0.0,0.0,0.0,0.0,0.0,0.0,0.0,0.0,0.0,0.0,1.0,0.48115140199661255,0.48115137219429016,0.4811481833457947,0.0,-0.009114583022892475,0.436055451631546,1.0,0.0,1.0,0.0,0.0,0.00032578923855908215,0.0,0.0,0.0,0.0,0.4996301233768463,6.865055866001057e-07,0.4996277093887329,0.499632328748703,0.6931470036506653,0.0,0.0,0.0,0.0,0.0,0.0,0.0,0.0,1.0,0.0,0.0017598143313080072,0.4665592908859253,0.05267690494656563,0.9744061827659607,0.0,17.51487159729004,17.506942749023438,17.506942749023438,0.0763433650135994,-0.0707496777176857,-1.2991001330231455e-10,0.0,0.0,4.988330364227295,4.988330364227295,1.6340328454971313,1.6340328454971313,0.3206115663051605,0.0,0.0,0.0,0.0,0.4996301531791687,2.3303853140532738e-06,0.49961942434310913,0.49964144825935364,0.6931470036506653,0.0,1.6340328454971313,1.6340328454971313,1.6340328454971313,1.6286745071411133,0.436055451631546,0.1840384304523468,0.029396692290902138,1.0,0.8778745532035828,0.8952854871749878,0.8808807134628296,0.0,,,,,,,,,,,,,,,12.0,0.0,0.0,0.0,0.0,0.0,0.0,,,,,,,,,,,,,,,,,,,,,,0.001
9,2880,train,21.455242156982422,17.882251739501953,17.86495590209961,0.0,0.0,0.0,0.0,0.0,0.0,0.0,0.0,0.0,0.0,0.0,0.0,0.0,0.0,0.0,0.0,0.0,0.0,0.0,0.0,0.0,0.0,0.0,0.0,1.0,0.4815739691257477,0.48157399892807007,0.48158445954322815,0.0,-0.00899067148566246,0.43347248435020447,1.0,0.0,1.0,0.0,0.0,0.0002691198023967445,0.0,0.0,0.0,0.0,0.499663382768631,6.906797693773115e-07,0.499660849571228,0.4996654987335205,0.6931470036506653,0.0,0.0,0.0,0.0,0.0,0.0,0.0,0.0,1.0,0.0,-0.0024913863744586706,0.4689069390296936,0.05240754038095474,0.9739529490470886,0.0,17.86495590209961,17.882251739501953,17.882251739501953,0.08207786828279495,-0.059775274246931076,-9.367054007447528e-12,0.0,0.0,5.163371562957764,5.163371562957764,1.638443946838379,1.638443946838379,0.33882883191108704,0.0,0.0,0.0,0.0,0.4996633529663086,2.3403295017487835e-06,0.49965375661849976,0.49967387318611145,0.6931470036506653,0.0,1.6384437084197998,1.638443946838379,1.638443946838379,1.6318798065185547,0.43347248435020447,0.1842113435268402,0.02931223064661026,1.0,0.9190633296966553,0.8872987627983093,0.875196099281311,0.0,,,,,,,,,,,,,,,12.0,0.0,0.0,0.0,0.0,0.0,0.0,,,,,,,,,,,,,,,,,,,,,,0.001
9,2900,train,20.869380950927734,17.388099670410156,17.406410217285156,0.0,0.0,0.0,0.0,0.0,0.0,0.0,0.0,0.0,0.0,0.0,0.0,0.0,0.0,0.0,0.0,0.0,0.0,0.0,0.0,0.0,0.0,0.0,0.0,1.0,0.48035335540771484,0.48035338521003723,0.4803328812122345,0.0,-0.008881316520273685,0.4341595768928528,1.0,0.0,1.0,0.0,0.0,0.00024446193128824234,0.0,0.0,0.0,0.0,0.4996940791606903,6.169341304484988e-07,0.49969205260276794,0.49969619512557983,0.6931471228599548,0.0,0.0,0.0,0.0,0.0,0.0,0.0,0.0,1.0,0.0,0.0009434629464522004,0.4692334532737732,0.0518374964594841,0.9737295508384705,0.0,17.406410217285156,17.388099670410156,17.388099670410156,0.07841925323009491,-0.06293394416570663,-4.0056253453046864e-11,0.0,0.0,5.036903381347656,5.036903381347656,1.633023977279663,1.633023977279663,0.3357309103012085,0.0,0.0,0.0,0.0,0.4996940791606903,2.123665353792603e-06,0.499685138463974,0.49970370531082153,0.6931471228599548,0.0,1.6330238580703735,1.6330243349075317,1.633023977279663,1.6306946277618408,0.4341595768928528,0.1825888603925705,0.029436830431222916,1.0,0.972914457321167,0.9263862371444702,0.9022374153137207,0.0,,,,,,,,,,,,,,,12.0,0.0,0.0,0.0,0.0,0.0,0.0,,,,,,,,,,,,,,,,,,,,,,0.001
9,2920,train,20.494060516357422,17.078458786010742,17.078004837036133,0.0,0.0,0.0,0.0,0.0,0.0,0.0,0.0,0.0,0.0,0.0,0.0,0.0,0.0,0.0,0.0,0.0,0.0,0.0,0.0,0.0,0.0,0.0,0.0,1.0,0.47971266508102417,0.47971266508102417,0.4796995520591736,0.0,-0.009264110587537289,0.43513980507850647,1.0,0.0,1.0,0.0,0.0,0.0001686795148998499,0.0,0.0,0.0,0.0,0.4997223913669586,5.142474037711509e-07,0.49972039461135864,0.4997241199016571,0.6931471228599548,0.0,0.0,0.0,0.0,0.0,0.0,0.0,0.0,1.0,0.0,0.0018283800454810262,0.46834826469421387,0.0514875166118145,0.9739313721656799,0.0,17.078004837036133,17.078458786010742,17.078458786010742,0.08032979816198349,-0.06734861433506012,-5.2496840208249296e-11,0.0,0.0,5.277562141418457,5.277562141418457,1.6289150714874268,1.6289150714874268,0.3607152998447418,0.0,0.0,0.0,0.0,0.4997223913669586,1.7560697642693412e-06,0.49971452355384827,0.4997299015522003,0.6931471228599548,0.0,1.6289150714874268,1.6289153099060059,1.6289150714874268,1.6304481029510498,0.43513980507850647,0.18253345787525177,0.02906903438270092,1.0,0.87289959192276,0.8600339889526367,0.871987521648407,0.0,,,,,,,,,,,,,,,12.0,0.0,0.0,0.0,0.0,0.0,0.0,,,,,,,,,,,,,,,,,,,,,,0.001
9,2940,train,23.6519775390625,19.709239959716797,19.713687896728516,0.0,0.0,0.0,0.0,0.0,0.0,0.0,0.0,0.0,0.0,0.0,0.0,0.0,0.0,0.0,0.0,0.0,0.0,0.0,0.0,0.0,0.0,0.0,0.0,1.0,0.48031482100486755,0.48031485080718994,0.4803165793418884,0.0,-0.009125753305852413,0.4349549412727356,1.0,0.0,1.0,0.0,0.0,0.00017261576431337744,0.0,0.0,0.0,0.0,0.49974822998046875,4.6988526491986704e-07,0.49974650144577026,0.49974989891052246,0.6931471228599548,0.0,0.0,0.0,0.0,0.0,0.0,0.0,0.0,1.0,0.0,0.0011745176743716002,0.4679786264896393,0.051209863275289536,0.9736190438270569,0.0,19.713687896728516,19.709239959716797,19.709239959716797,0.08130400627851486,-0.04340404272079468,5.323587057293189e-11,0.0,0.0,4.622392654418945,4.622392654418945,1.627259373664856,1.627259373664856,0.30194616317749023,0.0,0.0,0.0,0.0,0.49974822998046875,1.626837160983996e-06,0.49974045157432556,0.4997560977935791,0.6931471228599548,0.0,1.6272592544555664,1.627259373664856,1.627259373664856,1.630258560180664,0.4349549412727356,0.184584841132164,0.02989525906741619,1.0,0.8945128917694092,0.8872765302658081,0.8869966268539429,0.0,,,,,,,,,,,,,,,12.0,0.0,0.0,0.0,0.0,0.0,0.0,,,,,,,,,,,,,,,,,,,,,,0.001
9,2960,train,20.17953109741211,16.816482543945312,16.815244674682617,0.0,0.0,0.0,0.0,0.0,0.0,0.0,0.0,0.0,0.0,0.0,0.0,0.0,0.0,0.0,0.0,0.0,0.0,0.0,0.0,0.0,0.0,0.0,0.0,1.0,0.4796592891216278,0.4796593189239502,0.4796651601791382,0.0,-0.009225540794432163,0.4351229965686798,1.0,0.0,1.0,0.0,0.0,0.00017886802379507571,0.0,0.0,0.0,0.0,0.49977198243141174,4.3762770474131685e-07,0.4997701048851013,0.49977344274520874,0.6931471228599548,0.0,0.0,0.0,0.0,0.0,0.0,0.0,0.0,1.0,0.0,0.0004726616316474974,0.47142401337623596,0.05106418579816818,0.9738340973854065,0.0,16.815244674682617,16.816482543945312,16.816482543945312,0.07905649393796921,-0.06360283493995667,-1.4679526691430134e-11,0.0,0.0,5.191746234893799,5.191746234893799,1.6317218542099,1.6317218542099,0.35042524337768555,0.0,0.0,0.0,0.0,0.49977198243141174,1.4881840115776868e-06,0.4997650384902954,0.49977776408195496,0.6931471228599548,0.0,1.6317218542099,1.6317219734191895,1.6317218542099,1.6281871795654297,0.4351229965686798,0.1813076138496399,0.02889081835746765,1.0,0.8473489284515381,0.8178123831748962,0.8634111881256104,0.0,,,,,,,,,,,,,,,12.0,0.0,0.0,0.0,0.0,0.0,0.0,,,,,,,,,,,,,,,,,,,,,,0.001
9,2980,train,19.46221923828125,16.219131469726562,16.215438842773438,0.0,0.0,0.0,0.0,0.0,0.0,0.0,0.0,0.0,0.0,0.0,0.0,0.0,0.0,0.0,0.0,0.0,0.0,0.0,0.0,0.0,0.0,0.0,0.0,1.0,0.4800092279911041,0.4800092279911041,0.4800085723400116,0.0,-0.008901722729206085,0.4343973994255066,1.0,0.0,1.0,0.0,0.0,0.00023278899607248604,0.0,0.0,0.0,0.0,0.4997937083244324,4.3399984406278236e-07,0.4997921884059906,0.4997952878475189,0.6931471228599548,0.0,0.0,0.0,0.0,0.0,0.0,0.0,0.0,1.0,0.0,-0.00031898682937026024,0.46969884634017944,0.050276171416044235,0.9734920859336853,0.0,16.215438842773438,16.219131469726562,16.219131469726562,0.09835781902074814,-0.07090815156698227,9.610629653211689e-11,0.0,0.0,4.938737869262695,4.938737869262695,1.626824975013733,1.626824975013733,0.3790120780467987,0.0,0.0,0.0,0.0,0.4997937083244324,1.4677380022476427e-06,0.49978718161582947,0.4998002350330353,0.6931471228599548,0.0,1.6268248558044434,1.626824975013733,1.626824975013733,1.6281489133834839,0.4343973994255066,0.180818110704422,0.02888651005923748,1.0,0.8898302316665649,0.8637542128562927,0.8689956068992615,0.0,,,,,,,,,,,,,,,12.0,0.0,0.0,0.0,0.0,0.0,0.0,,,,,,,,,,,,,,,,,,,,,,0.001
9,3000,train,20.10325813293457,16.753097534179688,16.750804901123047,0.0,0.0,0.0,0.0,0.0,0.0,0.0,0.0,0.0,0.0,0.0,0.0,0.0,0.0,0.0,0.0,0.0,0.0,0.0,0.0,0.0,0.0,0.0,0.0,1.0,0.4791114926338196,0.4791114926338196,0.4791066646575928,0.0,-0.009095669724047184,0.43510156869888306,1.0,0.0,1.0,0.0,0.0,0.00022890526452101767,0.0,0.0,0.0,0.0,0.4998135268688202,3.8728481399630255e-07,0.49981212615966797,0.4998149573802948,0.6931471228599548,0.0,0.0,0.0,0.0,0.0,0.0,0.0,0.0,1.0,0.0,0.0009101610048674047,0.4699932336807251,0.05024692043662071,0.9721803069114685,0.0,16.750804901123047,16.753097534179688,16.753097534179688,0.08805616199970245,-0.07657147943973541,-2.0613866516527857e-11,0.0,0.0,5.2673773765563965,5.2673773765563965,1.6227920055389404,1.6227920055389404,0.4035664498806,0.0,0.0,0.0,0.0,0.4998135566711426,1.3223345831647748e-06,0.4998077154159546,0.49981963634490967,0.6931471228599548,0.0,1.6227916479110718,1.6227920055389404,1.6227920055389404,1.6259541511535645,0.43510156869888306,0.18055644631385803,0.028485458344221115,1.0,0.8449676036834717,0.8350004553794861,0.8291882276535034,0.0,,,,,,,,,,,,,,,12.0,0.0,0.0,0.0,0.0,0.0,0.0,,,,,,,,,,,,,,,,,,,,,,0.001
9,3006,train_epoch,21.18318925503485,17.65264962533277,17.652698225603846,0.0,0.0,0.0,0.0,0.0,0.0,0.0,0.0,0.0,0.0,0.0,0.0,0.0,0.0,0.0,0.0,0.0,0.0,0.0,0.0,0.0,0.0,0.0,0.0,1.0,0.48228696461566195,0.4822869685417164,0.48228707186833114,0.0,-0.009098286352895512,0.4350283538509986,1.0,0.0,1.0,0.0,0.0,0.0002231922894543731,0.0,0.0,0.0,0.0,0.49955623369373964,7.985935686311639e-07,0.4995532617597523,0.4995591885850815,0.6931467384635331,0.0,0.0,0.0,0.0,0.0,0.0,0.0,0.0,1.0,0.0,-9.170842092649099e-05,0.46872275291445725,0.052248584931928244,0.9756205028402591,0.0,17.652698225603846,17.65264962533277,17.65264962533277,0.07527337661626453,-0.06227133055022377,-1.5071405521111769e-12,0.0,0.0,5.052749481029853,5.052749495306415,1.633442293027204,1.633442293027204,0.3072128237007621,0.0,0.0,0.0,0.0,0.49955623199839794,2.740064060761763e-06,0.49954366701805664,0.49956859889144667,0.6931467384635331,0.0,1.633442241274668,1.6334422498406052,1.633442293027204,1.633383959353327,0.4350283538509986,0.18243009860287168,0.029188239093713774,1.0,0.8917781294819838,0.8907193111445375,0.8910486203824689,0.0,,,,,,,,,,,,,,,12.0,0.0,0.0,0.0,0.0,0.0,0.0,,,,,,,,,,,,,,,,,,,,,,0.001
9,3006,val,,,,,,,,,,,,,,,,,,,,,,,,,,,,,,,,,,,,,,,,,,,,,,,,,,,,,,,,,,,,,,,,,,,,,,,,,,,,,,,,,,,,,,,,,,,,,,,,,,,,,,,,,,,,,,,,,,,,,,,,,17.25263786315918,751.2442626953125,27.408835485939793,0.12335390597581863,0.07362611591815948,15.713546752929688,24.58928991880281,0.10759221762418747,0.06712934374809265,17.134021759033203,27.36311144888429,0.1180003359913826,0.07313040643930435,20.037092208862305,31.57734219403309,0.1472676545381546,0.0853675827383995,17.25263786315918,27.408835485939793,0.12335390597581863,0.07362611591815948,0.001
9,3006,test_select,,,,,,,,,,,,,,,,,,,,,,,,,,,,,,,,,,,,,,,,,,,,,,,,,,,,,,,,,,,,,,,,,,,,,,,,,,,,,,,,,,,,,,,,,,,,,,,,,,,,,,,,,,,,,,,,,,,,,,,,,21.36953353881836,1161.8883056640625,34.08648274116974,0.12527574598789215,0.08679722994565964,17.718721389770508,27.569007434045165,0.10133890062570572,0.07192770391702652,20.91917610168457,33.13044619143772,0.11783143132925034,0.08495988696813583,26.91730499267578,42.21655538800063,0.15463945269584656,0.1094338670372963,21.36953353881836,34.08648274116974,0.12527574598789215,0.08679722994565964,0.001
10,3020,train,20.786582946777344,17.32137680053711,17.32602882385254,0.0,0.0,0.0,0.0,0.0,0.0,0.0,0.0,0.0,0.0,0.0,0.0,0.0,0.0,0.0,0.0,0.0,0.0,0.0,0.0,0.0,0.0,0.0,0.0,1.0,0.47772178053855896,0.47772178053855896,0.47770974040031433,0.0,-0.009069131687283516,0.43375298380851746,1.0,0.0,1.0,0.0,0.0,0.00028066866798326373,0.0,0.0,0.0,0.0,0.4998316466808319,3.541078967828071e-07,0.4998304843902588,0.4998328685760498,0.6931472420692444,0.0,0.0,0.0,0.0,0.0,0.0,0.0,0.0,1.0,0.0,-0.004740476608276367,0.46997177600860596,0.049651190638542175,0.971217930316925,0.0,17.32602882385254,17.32137680053711,17.32137680053711,0.08229410648345947,-0.07224057614803314,9.28555149437571e-11,0.0,0.0,5.174376964569092,5.174376964569092,1.6239031553268433,1.6239031553268433,0.3697512149810791,0.0,0.0,0.0,0.0,0.4998316466808319,1.1999885600744165e-06,0.4998258948326111,0.4998367428779602,0.6931472420692444,0.0,1.6239027976989746,1.6239031553268433,1.6239031553268433,1.6184570789337158,0.43375298380851746,0.18096061050891876,0.02838762477040291,1.0,0.7981024980545044,0.8227623701095581,0.7962417602539062,0.0,,,,,,,,,,,,,,,12.0,0.0,0.0,0.0,0.0,0.0,0.0,,,,,,,,,,,,,,,,,,,,,,0.001
10,3040,train,21.223575592041016,17.687402725219727,17.680866241455078,0.0,0.0,0.0,0.0,0.0,0.0,0.0,0.0,0.0,0.0,0.0,0.0,0.0,0.0,0.0,0.0,0.0,0.0,0.0,0.0,0.0,0.0,0.0,0.0,1.0,0.47611546516418457,0.4761154353618622,0.4761144518852234,0.0,-0.009116075001657009,0.434386283159256,1.0,0.0,1.0,0.0,0.0,0.00020595284877344966,0.0,0.0,0.0,0.0,0.49984827637672424,2.9018409009040624e-07,0.49984702467918396,0.4998492896556854,0.6931474804878235,0.0,0.0,0.0,0.0,0.0,0.0,0.0,0.0,1.0,0.0,0.0022482797503471375,0.4704609811306,0.049827031791210175,0.97063809633255,0.0,17.680866241455078,17.687402725219727,17.687402725219727,0.0830572172999382,-0.07022969424724579,2.81257846873606e-11,0.0,0.0,5.132412433624268,5.132412433624268,1.6202969551086426,1.6202969551086426,0.37227779626846313,0.0,0.0,0.0,0.0,0.49984827637672424,9.692379308035015e-07,0.49984437227249146,0.49985238909721375,0.6931474804878235,0.0,1.6202967166900635,1.6202969551086426,1.6202969551086426,1.627360463142395,0.434386283159256,0.1806247979402542,0.028245113790035248,1.0,0.7952691316604614,0.8320671916007996,0.8072891235351562,0.0,,,,,,,,,,,,,,,12.0,0.0,0.0,0.0,0.0,0.0,0.0,,,,,,,,,,,,,,,,,,,,,,0.001
10,3060,train,23.19774627685547,19.331100463867188,19.33322525024414,0.0,0.0,0.0,0.0,0.0,0.0,0.0,0.0,0.0,0.0,0.0,0.0,0.0,0.0,0.0,0.0,0.0,0.0,0.0,0.0,0.0,0.0,0.0,0.0,1.0,0.47754716873168945,0.47754716873168945,0.4775446653366089,0.0,-0.008983316831290722,0.43478918075561523,1.0,0.0,1.0,0.0,0.0,0.0002973167283926159,0.0,0.0,0.0,0.0,0.4998634159564972,2.394203022504371e-07,0.49986252188682556,0.4998641014099121,0.6931474804878235,0.0,0.0,0.0,0.0,0.0,0.0,0.0,0.0,1.0,0.0,0.0016893905121833086,0.4672306776046753,0.049661897122859955,0.9704995155334473,0.0,19.33322525024414,19.331100463867188,19.331100463867188,0.11670752614736557,-0.07659432291984558,-2.0124503452567666e-10,0.0,0.0,5.093644142150879,5.093644618988037,1.6197600364685059,1.6197600364685059,0.46700575947761536,0.0,0.0,0.0,0.0,0.4998633563518524,8.055509397308924e-07,0.4998597204685211,0.49986663460731506,0.6931474804878235,0.0,1.6197596788406372,1.6197600364685059,1.6197600364685059,1.6270861625671387,0.43478918075561523,0.1800176352262497,0.028322486206889153,1.0,0.9283937215805054,0.839915931224823,0.9081913828849792,0.0,,,,,,,,,,,,,,,12.0,0.0,0.0,0.0,0.0,0.0,0.0,,,,,,,,,,,,,,,,,,,,,,0.001
10,3080,train,20.160757064819336,16.799835205078125,16.80461311340332,0.0,0.0,0.0,0.0,0.0,0.0,0.0,0.0,0.0,0.0,0.0,0.0,0.0,0.0,0.0,0.0,0.0,0.0,0.0,0.0,0.0,0.0,0.0,0.0,1.0,0.4769635498523712,0.4769635498523712,0.47695645689964294,0.0,-0.009170844219624996,0.43581902980804443,1.0,0.0,1.0,0.0,0.0,0.00022162812820170075,0.0,0.0,0.0,0.0,0.49987706542015076,2.037947410826746e-07,0.49987635016441345,0.4998779296875,0.6931474804878235,0.0,0.0,0.0,0.0,0.0,0.0,0.0,0.0,1.0,0.0,-0.0008828070131130517,0.46934401988983154,0.04963500797748566,0.9706100821495056,0.0,16.80461311340332,16.799835205078125,16.799835205078125,0.11330491304397583,-0.10908669978380203,6.17885950737751e-11,0.0,0.0,4.923828125,4.923828125,1.62676203250885,1.62676203250885,0.46274903416633606,0.0,0.0,0.0,0.0,0.49987706542015076,6.748048804183782e-07,0.49987414479255676,0.4998801052570343,0.6931474804878235,0.0,1.626761794090271,1.62676203250885,1.62676203250885,1.6229276657104492,0.43581902980804443,0.1813957542181015,0.028237314894795418,1.0,0.8077704310417175,0.8304306864738464,0.8076165914535522,0.0,,,,,,,,,,,,,,,12.0,0.0,0.0,0.0,0.0,0.0,0.0,,,,,,,,,,,,,,,,,,,,,,0.001
10,3100,train,21.675540924072266,18.061824798583984,18.068580627441406,0.0,0.0,0.0,0.0,0.0,0.0,0.0,0.0,0.0,0.0,0.0,0.0,0.0,0.0,0.0,0.0,0.0,0.0,0.0,0.0,0.0,0.0,0.0,0.0,1.0,0.4774697721004486,0.4774697422981262,0.47747746109962463,0.0,-0.009087285958230495,0.43539926409721375,1.0,0.0,1.0,0.0,0.0,0.000179709168151021,0.0,0.0,0.0,0.0,0.4998895227909088,1.7458768297728966e-07,0.4998890161514282,0.49989038705825806,0.6931472420692444,0.0,0.0,0.0,0.0,0.0,0.0,0.0,0.0,1.0,0.0,-0.001818537013605237,0.4691966772079468,0.04973980411887169,0.9704984426498413,0.0,18.068580627441406,18.061824798583984,18.061824798583984,0.11326978355646133,-0.10138695687055588,4.5505288426284096e-10,0.0,0.0,4.968456268310547,4.968456268310547,1.6187920570373535,1.6187920570373535,0.4691610634326935,0.0,0.0,0.0,0.0,0.49988964200019836,5.61796809961379e-07,0.49988695979118347,0.49989238381385803,0.6931472420692444,0.0,1.6187916994094849,1.6187920570373535,1.6187920570373535,1.627078652381897,0.43539926409721375,0.17949837446212769,0.028857041150331497,1.0,0.8639546632766724,0.868863582611084,0.8863048553466797,0.0,,,,,,,,,,,,,,,12.0,0.0,0.0,0.0,0.0,0.0,0.0,,,,,,,,,,,,,,,,,,,,,,0.001
10,3120,train,21.276844024658203,17.729042053222656,17.739011764526367,0.0,0.0,0.0,0.0,0.0,0.0,0.0,0.0,0.0,0.0,0.0,0.0,0.0,0.0,0.0,0.0,0.0,0.0,0.0,0.0,0.0,0.0,0.0,0.0,1.0,0.4777892231941223,0.4777892529964447,0.4777967035770416,0.0,-0.009153591468930244,0.4337890148162842,1.0,0.0,1.0,0.0,0.0,0.00022234150674194098,0.0,0.0,0.0,0.0,0.4999009370803833,1.516718981520171e-07,0.49990034103393555,0.49990150332450867,0.6931473612785339,0.0,0.0,0.0,0.0,0.0,0.0,0.0,0.0,1.0,0.0,-0.0004086784610990435,0.4700312614440918,0.04947511479258537,0.9713631868362427,0.0,17.739011764526367,17.729042053222656,17.729042053222656,0.11554451286792755,-0.0861450806260109,-1.715089043008433e-10,0.0,0.0,4.989594459533691,4.989594459533691,1.6228548288345337,1.6228548288345337,0.44932305812835693,0.0,0.0,0.0,0.0,0.4999009966850281,4.769829047290841e-07,0.4998989403247833,0.49990323185920715,0.6931473612785339,0.0,1.6228548288345337,1.6228548288345337,1.6228548288345337,1.6245131492614746,0.4337890148162842,0.1785098761320114,0.02855522558093071,1.0,0.846693754196167,0.8668311834335327,0.8082767724990845,0.0,,,,,,,,,,,,,,,12.0,0.0,0.0,0.0,0.0,0.0,0.0,,,,,,,,,,,,,,,,,,,,,,0.001
10,3140,train,21.5764217376709,17.980497360229492,17.97962188720703,0.0,0.0,0.0,0.0,0.0,0.0,0.0,0.0,0.0,0.0,0.0,0.0,0.0,0.0,0.0,0.0,0.0,0.0,0.0,0.0,0.0,0.0,0.0,0.0,1.0,0.4787346422672272,0.4787346124649048,0.4787370562553406,0.0,-0.009043648838996887,0.4341883361339569,1.0,0.0,1.0,0.0,0.0,0.00029298578738234937,0.0,0.0,0.0,0.0,0.49991127848625183,1.2939237592490827e-07,0.49991080164909363,0.49991172552108765,0.6931473612785339,0.0,0.0,0.0,0.0,0.0,0.0,0.0,0.0,1.0,0.0,-0.0006759027601219714,0.4683818221092224,0.05010566860437393,0.9714424014091492,0.0,17.97962188720703,17.980497360229492,17.980497360229492,0.10323237627744675,-0.08621501177549362,-2.695084710957474e-10,0.0,0.0,5.261666297912598,5.261666297912598,1.62620210647583,1.62620210647583,0.47755104303359985,0.0,0.0,0.0,0.0,0.49991127848625183,4.2325561366851616e-07,0.4999094307422638,0.4999130666255951,0.6931473612785339,0.0,1.62620210647583,1.62620210647583,1.62620210647583,1.6234915256500244,0.4341883361339569,0.17679333686828613,0.028346309438347816,1.0,0.8722373247146606,0.8821455836296082,0.8532404899597168,0.0,,,,,,,,,,,,,,,12.0,0.0,0.0,0.0,0.0,0.0,0.0,,,,,,,,,,,,,,,,,,,,,,0.001
10,3160,train,22.16916847229004,18.473440170288086,18.4786376953125,0.0,0.0,0.0,0.0,0.0,0.0,0.0,0.0,0.0,0.0,0.0,0.0,0.0,0.0,0.0,0.0,0.0,0.0,0.0,0.0,0.0,0.0,0.0,0.0,1.0,0.47479522228240967,0.47479525208473206,0.47480082511901855,0.0,-0.009068870916962624,0.4350135624408722,1.0,0.0,1.0,0.0,0.0,0.0003084864583797753,0.0,0.0,0.0,0.0,0.4999205768108368,1.2903123547403084e-07,0.49991998076438904,0.4999208450317383,0.6931474804878235,0.0,0.0,0.0,0.0,0.0,0.0,0.0,0.0,1.0,0.0,0.0024811704643070698,0.46566736698150635,0.05066753923892975,0.9695432782173157,0.0,18.4786376953125,18.473440170288086,18.473440170288086,0.13241444528102875,-0.11297975480556488,-5.892029225629258e-11,0.0,0.0,4.934182167053223,4.934182167053223,1.6253926753997803,1.6253926753997803,0.5355412364006042,0.0,0.0,0.0,0.0,0.499920517206192,3.951585085815168e-07,0.4999186396598816,0.49992215633392334,0.6931474804878235,0.0,1.6253926753997803,1.6253927946090698,1.6253926753997803,1.6168626546859741,0.4350135624408722,0.1775207817554474,0.028710640966892242,1.0,0.7547297477722168,0.8133834600448608,0.8285247683525085,0.0,,,,,,,,,,,,,,,12.0,0.0,0.0,0.0,0.0,0.0,0.0,,,,,,,,,,,,,,,,,,,,,,0.001
10,3180,train,21.230449676513672,17.69300651550293,17.687213897705078,0.0,0.0,0.0,0.0,0.0,0.0,0.0,0.0,0.0,0.0,0.0,0.0,0.0,0.0,0.0,0.0,0.0,0.0,0.0,0.0,0.0,0.0,0.0,0.0,1.0,0.4743807017803192,0.4743807315826416,0.47438910603523254,0.0,-0.009428458288311958,0.43462255597114563,1.0,0.0,1.0,0.0,0.0,0.0003014294197782874,0.0,0.0,0.0,0.0,0.4999288320541382,1.4691117655729613e-07,0.49992835521698,0.49992936849594116,0.6931474804878235,0.0,0.0,0.0,0.0,0.0,0.0,0.0,0.0,1.0,0.0,-0.002826080424711108,0.469107061624527,0.049382369965314865,0.9669694304466248,0.0,17.687213897705078,17.69300651550293,17.69300651550293,0.12248105555772781,-0.11144837737083435,2.371341734086485e-10,0.0,0.0,5.222049713134766,5.222049713134766,1.6204077005386353,1.6204077005386353,0.5512241721153259,0.0,0.0,0.0,0.0,0.49992889165878296,4.5443570684255974e-07,0.4999268054962158,0.4999309778213501,0.6931474804878235,0.0,1.6204073429107666,1.6204077005386353,1.6204077005386353,1.6191092729568481,0.43462255597114563,0.17897677421569824,0.029003502801060677,1.0,0.7191455364227295,0.777968168258667,0.7910350561141968,0.0,,,,,,,,,,,,,,,12.0,0.0,0.0,0.0,0.0,0.0,0.0,,,,,,,,,,,,,,,,,,,,,,0.001
10,3200,train,21.536270141601562,17.94666862487793,17.948007583618164,0.0,0.0,0.0,0.0,0.0,0.0,0.0,0.0,0.0,0.0,0.0,0.0,0.0,0.0,0.0,0.0,0.0,0.0,0.0,0.0,0.0,0.0,0.0,0.0,1.0,0.47323718667030334,0.47323718667030334,0.473225474357605,0.0,-0.009358799085021019,0.43545418977737427,1.0,0.0,1.0,0.0,0.0,0.00026115740183740854,0.0,0.0,0.0,0.0,0.49993637204170227,1.3119780817305582e-07,0.49993595480918884,0.49993687868118286,0.6931474804878235,0.0,0.0,0.0,0.0,0.0,0.0,0.0,0.0,1.0,0.0,0.0009557841694913805,0.4683980345726013,0.04848507046699524,0.9661788940429688,0.0,17.948007583618164,17.94666862487793,17.94666862487793,0.11970105022192001,-0.09966838359832764,1.3005860277637282e-10,0.0,0.0,5.2499542236328125,5.2499542236328125,1.613861083984375,1.613861083984375,0.5405867695808411,0.0,0.0,0.0,0.0,0.4999364912509918,4.1045200305234175e-07,0.4999345541000366,0.4999381899833679,0.6931474804878235,0.0,1.6138609647750854,1.613861083984375,1.613861083984375,1.6169755458831787,0.43545418977737427,0.18026472628116608,0.028967540711164474,1.0,0.8479556441307068,0.8312443494796753,0.8118802905082703,0.0,,,,,,,,,,,,,,,12.0,0.0,0.0,0.0,0.0,0.0,0.0,,,,,,,,,,,,,,,,,,,,,,0.001
10,3220,train,21.801504135131836,18.16773223876953,18.168861389160156,0.0,0.0,0.0,0.0,0.0,0.0,0.0,0.0,0.0,0.0,0.0,0.0,0.0,0.0,0.0,0.0,0.0,0.0,0.0,0.0,0.0,0.0,0.0,0.0,1.0,0.4715750515460968,0.4715750515460968,0.4715672433376312,0.0,-0.009373351000249386,0.43501582741737366,1.0,0.0,1.0,0.0,0.0,0.00032326485961675644,0.0,0.0,0.0,0.0,0.49994343519210815,1.0708284747806829e-07,0.49994295835494995,0.49994367361068726,0.6931474804878235,0.0,0.0,0.0,0.0,0.0,0.0,0.0,0.0,1.0,0.0,-0.0007504926179535687,0.467763215303421,0.04847371578216553,0.9654642343521118,0.0,18.168861389160156,18.16773223876953,18.16773223876953,0.1242930144071579,-0.10293460637331009,1.3946428213673645e-11,0.0,0.0,4.946229934692383,4.946230411529541,1.6184848546981812,1.6184848546981812,0.531139075756073,0.0,0.0,0.0,0.0,0.4999433755874634,3.365280463185627e-07,0.49994170665740967,0.499944806098938,0.6931474804878235,0.0,1.6184847354888916,1.6184848546981812,1.6184848546981812,1.6107887029647827,0.43501582741737366,0.18098969757556915,0.02872386947274208,1.0,0.8500090837478638,0.8533186912536621,0.8628720045089722,0.0,,,,,,,,,,,,,,,12.0,0.0,0.0,0.0,0.0,0.0,0.0,,,,,,,,,,,,,,,,,,,,,,0.001
10,3240,train,19.376251220703125,16.145666122436523,16.15292739868164,0.0,0.0,0.0,0.0,0.0,0.0,0.0,0.0,0.0,0.0,0.0,0.0,0.0,0.0,0.0,0.0,0.0,0.0,0.0,0.0,0.0,0.0,0.0,0.0,1.0,0.47080740332603455,0.47080740332603455,0.4708108603954315,0.0,-0.009240605868399143,0.43510138988494873,1.0,0.0,1.0,0.0,0.0,0.00028644007397815585,0.0,0.0,0.0,0.0,0.49994951486587524,9.253768951111851e-08,0.49994921684265137,0.49994978308677673,0.6931474804878235,0.0,0.0,0.0,0.0,0.0,0.0,0.0,0.0,1.0,0.0,0.0016947831027209759,0.4679698348045349,0.04876246303319931,0.9640102386474609,0.0,16.15292739868164,16.145666122436523,16.145666122436523,0.1328534334897995,-0.12652383744716644,-1.97547839198009e-10,0.0,0.0,5.128473281860352,5.128473281860352,1.614776849746704,1.614776849746704,0.5954763293266296,0.0,0.0,0.0,0.0,0.49994951486587524,2.826771208219725e-07,0.4999481439590454,0.4999507665634155,0.6931474804878235,0.0,1.614776611328125,1.614776849746704,1.614776849746704,1.6159801483154297,0.43510138988494873,0.1828896701335907,0.029439466074109077,1.0,0.7989555597305298,0.8397982120513916,0.8595924377441406,0.0,,,,,,,,,,,,,,,12.0,0.0,0.0,0.0,0.0,0.0,0.0,,,,,,,,,,,,,,,,,,,,,,0.001
10,3260,train,21.834308624267578,18.1972713470459,18.185190200805664,0.0,0.0,0.0,0.0,0.0,0.0,0.0,0.0,0.0,0.0,0.0,0.0,0.0,0.0,0.0,0.0,0.0,0.0,0.0,0.0,0.0,0.0,0.0,0.0,1.0,0.4697516858577728,0.4697516858577728,0.4697747528553009,0.0,-0.00921235978603363,0.43515557050704956,1.0,0.0,1.0,0.0,0.0,0.0003643069649115205,0.0,0.0,0.0,0.0,0.4999551773071289,7.185639816498224e-08,0.49995487928390503,0.49995529651641846,0.6931474804878235,0.0,0.0,0.0,0.0,0.0,0.0,0.0,0.0,1.0,0.0,-0.0017060645623132586,0.4694916903972626,0.04841484874486923,0.9634883999824524,0.0,18.185190200805664,18.1972713470459,18.1972713470459,0.1345723569393158,-0.10784212499856949,-9.78854358679726e-11,0.0,0.0,4.838070392608643,4.838070392608643,1.6154778003692627,1.6154778003692627,0.5712225437164307,0.0,0.0,0.0,0.0,0.4999551475048065,2.1276764528010972e-07,0.4999541640281677,0.49995601177215576,0.6931474804878235,0.0,1.6154778003692627,1.6154778003692627,1.6154778003692627,1.61156165599823,0.43515557050704956,0.18358711898326874,0.029237888753414154,1.0,0.8579292893409729,0.8501349687576294,0.8237320780754089,0.0,,,,,,,,,,,,,,,12.0,0.0,0.0,0.0,0.0,0.0,0.0,,,,,,,,,,,,,,,,,,,,,,0.001
10,3280,train,19.920551300048828,16.600177764892578,16.60186767578125,0.0,0.0,0.0,0.0,0.0,0.0,0.0,0.0,0.0,0.0,0.0,0.0,0.0,0.0,0.0,0.0,0.0,0.0,0.0,0.0,0.0,0.0,0.0,0.0,1.0,0.4692516624927521,0.4692516624927521,0.4692571461200714,0.0,-0.009189331904053688,0.43460211157798767,1.0,0.0,1.0,0.0,0.0,0.0002599842846393585,0.0,0.0,0.0,0.0,0.4999600648880005,7.244059219146948e-08,0.49995991587638855,0.49996036291122437,0.6931474804878235,0.0,0.0,0.0,0.0,0.0,0.0,0.0,0.0,1.0,0.0,-0.00011177400301676244,0.4702055752277374,0.04791564494371414,0.9623208045959473,0.0,16.60186767578125,16.600177764892578,16.600177764892578,0.12995795905590057,-0.09582723677158356,2.39913297561678e-11,0.0,0.0,4.972765922546387,4.972766399383545,1.6079877614974976,1.6079877614974976,0.5358954071998596,0.0,0.0,0.0,0.0,0.4999600648880005,1.9987020039025083e-07,0.49995923042297363,0.49996089935302734,0.6931474804878235,0.0,1.6079877614974976,1.6079877614974976,1.6079877614974976,1.607816457748413,0.43460211157798767,0.18409425020217896,0.02900867536664009,1.0,0.8520069718360901,0.8190068602561951,0.8177921175956726,0.0,,,,,,,,,,,,,,,12.0,0.0,0.0,0.0,0.0,0.0,0.0,,,,,,,,,,,,,,,,,,,,,,0.001
10,3300,train,22.861228942871094,19.05074691772461,19.052406311035156,0.0,0.0,0.0,0.0,0.0,0.0,0.0,0.0,0.0,0.0,0.0,0.0,0.0,0.0,0.0,0.0,0.0,0.0,0.0,0.0,0.0,0.0,0.0,0.0,1.0,0.4677412211894989,0.4677412211894989,0.4677460491657257,0.0,-0.009266299195587635,0.43377766013145447,1.0,0.0,1.0,0.0,0.0,0.00027667294489219785,0.0,0.0,0.0,0.0,0.49996471405029297,7.261941448177822e-08,0.4999644160270691,0.49996480345726013,0.6931474804878235,0.0,0.0,0.0,0.0,0.0,0.0,0.0,0.0,1.0,0.0,-0.004098065197467804,0.46666431427001953,0.04731951281428337,0.9612169861793518,0.0,19.052406311035156,19.05074691772461,19.05074691772461,0.12600688636302948,-0.10746970772743225,1.2605214094740802e-10,0.0,0.0,5.244495391845703,5.244495391845703,1.60671067237854,1.60671067237854,0.5817917585372925,0.0,0.0,0.0,0.0,0.4999646544456482,1.7718886624606967e-07,0.4999638795852661,0.4999653697013855,0.6931474804878235,0.0,1.60671067237854,1.60671067237854,1.60671067237854,1.609281301498413,0.43377766013145447,0.18606865406036377,0.02946602925658226,1.0,0.7793662548065186,0.8108004331588745,0.8226336240768433,0.0,,,,,,,,,,,,,,,12.0,0.0,0.0,0.0,0.0,0.0,0.0,,,,,,,,,,,,,,,,,,,,,,0.001
10,3320,train,21.137935638427734,17.6152286529541,17.61353302001953,0.0,0.0,0.0,0.0,0.0,0.0,0.0,0.0,0.0,0.0,0.0,0.0,0.0,0.0,0.0,0.0,0.0,0.0,0.0,0.0,0.0,0.0,0.0,0.0,1.0,0.4682055413722992,0.4682055115699768,0.4682174623012543,0.0,-0.00927581824362278,0.4341868460178375,1.0,0.0,1.0,0.0,0.0,0.00028580334037542343,0.0,0.0,0.0,0.0,0.49996861815452576,5.528281832312132e-08,0.4999684989452362,0.49996882677078247,0.6931474804878235,0.0,0.0,0.0,0.0,0.0,0.0,0.0,0.0,1.0,0.0,-0.0013344278559088707,0.4691474139690399,0.04685113579034805,0.961317241191864,0.0,17.61353302001953,17.6152286529541,17.6152286529541,0.11887680739164352,-0.09716404229402542,-4.170152001492511e-10,0.0,0.0,5.276011943817139,5.276011943817139,1.6093717813491821,1.6093717813491821,0.557606041431427,0.0,0.0,0.0,0.0,0.49996861815452576,1.3330570425296173e-07,0.4999680519104004,0.49996912479400635,0.6931474804878235,0.0,1.6093717813491821,1.6093717813491821,1.6093717813491821,1.6069430112838745,0.4341868460178375,0.18684585392475128,0.0296341422945261,1.0,0.7557508945465088,0.7677212953567505,0.8138208389282227,0.0,,,,,,,,,,,,,,,12.0,0.0,0.0,0.0,0.0,0.0,0.0,,,,,,,,,,,,,,,,,,,,,,0.001
10,3340,train,20.341299057006836,16.95086669921875,16.95216178894043,0.0,0.0,0.0,0.0,0.0,0.0,0.0,0.0,0.0,0.0,0.0,0.0,0.0,0.0,0.0,0.0,0.0,0.0,0.0,0.0,0.0,0.0,0.0,0.0,1.0,0.4676753282546997,0.4676753282546997,0.46767520904541016,0.0,-0.009049399755895138,0.43400269746780396,1.0,0.0,1.0,0.0,0.0,0.0002826574200298637,0.0,0.0,0.0,0.0,0.49997231364250183,4.1978079678983704e-08,0.4999721646308899,0.499972403049469,0.6931474804878235,0.0,0.0,0.0,0.0,0.0,0.0,0.0,0.0,1.0,0.0,0.0018679354107007384,0.46915626525878906,0.04711169749498367,0.961360514163971,0.0,16.95216178894043,16.95086669921875,16.95086669921875,0.11360711604356766,-0.08940397948026657,2.365829407380282e-11,0.0,0.0,5.241796970367432,5.241796970367432,1.6048697233200073,1.6048697233200073,0.5394746661186218,0.0,0.0,0.0,0.0,0.4999723732471466,1.068345341082022e-07,0.499971866607666,0.4999726414680481,0.6931474804878235,0.0,1.6048696041107178,1.6048696041107178,1.6048697233200073,1.6094777584075928,0.43400269746780396,0.18703708052635193,0.028976550325751305,1.0,0.8244504928588867,0.8341736793518066,0.8348225355148315,0.0,,,,,,,,,,,,,,,12.0,0.0,0.0,0.0,0.0,0.0,0.0,,,,,,,,,,,,,,,,,,,,,,0.001
10,3340,train_epoch,20.97970580483625,17.483141051081127,17.482823800184057,0.0,0.0,0.0,0.0,0.0,0.0,0.0,0.0,0.0,0.0,0.0,0.0,0.0,0.0,0.0,0.0,0.0,0.0,0.0,0.0,0.0,0.0,0.0,0.0,1.0,0.4738872255572302,0.4738872246649451,0.47388775147006895,0.0,-0.009155530697236696,0.43450214405973514,1.0,0.0,1.0,0.0,0.0,0.000254887488355559,0.0,0.0,0.0,0.0,0.4999163247154145,1.4945419614860897e-07,0.4999157893443536,0.49991681466916366,0.6931474205262647,0.0,0.0,0.0,0.0,0.0,0.0,0.0,0.0,1.0,0.0,-0.00010865493524971079,0.4693348114183563,0.048968145356117605,0.9671755108290804,0.0,17.482823800184057,17.483141051081127,17.483141051081127,0.11052103238012977,-0.08971689593515353,1.6688108796102723e-12,0.0,0.0,5.034409151819652,5.034409158957932,1.6183442701836546,1.6183442701836546,0.47942996176773917,0.0,0.0,0.0,0.0,0.49991632667844166,4.751842642696249e-07,0.4999141503950793,0.4999184173024343,0.6931474205262647,0.0,1.6183441520451072,1.6183442894570128,1.6183442701836546,1.6181052823266584,0.43450214405973514,0.1814084046793555,0.02880569370630794,1.0,0.8348702517098295,0.8347465526201054,0.8345098063617409,0.0,,,,,,,,,,,,,,,12.0,0.0,0.0,0.0,0.0,0.0,0.0,,,,,,,,,,,,,,,,,,,,,,0.001
10,3340,val,,,,,,,,,,,,,,,,,,,,,,,,,,,,,,,,,,,,,,,,,,,,,,,,,,,,,,,,,,,,,,,,,,,,,,,,,,,,,,,,,,,,,,,,,,,,,,,,,,,,,,,,,,,,,,,,,,,,,,,,,17.007286071777344,738.0469970703125,27.16702039367425,0.12169612944126129,0.07257906347513199,15.563154220581055,24.717106703041342,0.10699037462472916,0.06648685038089752,16.864364624023438,27.048179308527406,0.117715023458004,0.07197947055101395,19.530847549438477,30.93359251681081,0.14463476836681366,0.08321073651313782,17.007286071777344,27.16702039367425,0.12169612944126129,0.07257906347513199,0.001
10,3340,test_select,,,,,,,,,,,,,,,,,,,,,,,,,,,,,,,,,,,,,,,,,,,,,,,,,,,,,,,,,,,,,,,,,,,,,,,,,,,,,,,,,,,,,,,,,,,,,,,,,,,,,,,,,,,,,,,,,,,,,,,,,20.408096313476562,1093.3690185546875,33.066130988591446,0.12273372709751129,0.08289213478565216,16.81746482849121,26.757750912337883,0.10030098259449005,0.06826911866664886,20.12309455871582,32.27843457894431,0.12166400998830795,0.08172672241926193,25.91120147705078,41.19488209167341,0.15398040413856506,0.10534350574016571,20.408096313476562,33.066130988591446,0.12273372709751129,0.08289213478565216,0.001
11,3360,train,20.384639739990234,16.986244201660156,16.98430824279785,0.0,0.05061334744095802,0.05061334744095802,0.0,0.004203316289931536,4.999999873689376e-06,0.0024999999441206455,0.0005000000237487257,0.0024999999441206455,4.999999873689376e-05,4.999999873689376e-05,0.05000000074505806,0.00027571991086006165,0.19971314072608948,0.0,0.0,0.0,0.0,0.0,0.0,0.0,0.0,0.4657773971557617,0.4657773971557617,1.0,0.4657773971557617,0.46577736735343933,0.4657759964466095,0.0,-0.0055013131350278854,0.3366754949092865,1.0,0.00027571991086006165,1.0,0.0,0.0,0.00027571991086006165,0.0,0.0,0.19971314072608948,0.0,0.49971315264701843,5.72404630361234e-08,0.49971315264701843,0.49971339106559753,0.6931471228599548,0.0,0.0,0.0,0.0,0.0,0.0,0.0,0.0,1.0,0.0,-0.0017835339531302452,0.4708975553512573,0.04762504622340202,0.9601494669914246,0.0,16.98430824279785,16.986244201660156,16.986244201660156,0.11182298511266708,-0.08524911850690842,1.3021884959218966e-10,0.0,0.0,4.843721866607666,4.843721866607666,1.606605887413025,1.606605887413025,0.5157962441444397,0.0,0.0,0.0,0.0,0.49971315264701843,1.1091333362855949e-07,0.4997127652168274,0.4997137188911438,0.6931471228599548,0.0,1.606605887413025,1.606605887413025,1.606605887413025,1.6081762313842773,0.3366754949092865,0.18595340847969055,0.02953309565782547,1.0,0.8021852970123291,0.8231765627861023,0.794090211391449,0.0,,,,,,,,,,,,,,,12.0,0.0,0.0,0.0,0.0,0.0,0.0,,,,,,,,,,,,,,,,,,,,,,0.001
11,3380,train,20.057048797607422,16.712879180908203,16.71319007873535,0.0,0.05340486019849777,0.05340486019849777,0.0,0.004414601717144251,4.999999873689376e-06,0.0024999999441206455,0.0005000000237487257,0.0024999999441206455,4.999999873689376e-05,4.999999873689376e-05,0.05000000074505806,0.00019161056843586266,0.19939056038856506,0.0,0.0,0.0,0.0,0.0,0.0,0.0,0.0,0.46317803859710693,0.46317803859710693,1.0,0.46317803859710693,0.46317803859710693,0.46317732334136963,0.0,-0.002931664464995265,0.25142285227775574,1.0,0.00019161056843586266,1.0,0.0,0.0,0.00019161056843586266,0.0,0.0,0.19939056038856506,0.0,0.499390572309494,4.56183073538341e-08,0.4993903338909149,0.499390572309494,0.6931464076042175,0.0,0.0,0.0,0.0,0.0,0.0,0.0,0.0,1.0,0.0,-0.0012416994431987405,0.46710386872291565,0.047884948551654816,0.9583389163017273,0.0,16.71319007873535,16.712879180908203,16.712879180908203,0.1246662363409996,-0.10996902734041214,1.2079370836914904e-10,0.0,0.0,5.044613361358643,5.044613361358643,1.6024292707443237,1.6024292707443237,0.5893345475196838,0.0,0.0,0.0,0.0,0.499390572309494,1.0740304645651122e-07,0.49938997626304626,0.4993908703327179,0.6931464076042175,0.0,1.6024292707443237,1.6024292707443237,1.6024292707443237,1.6063640117645264,0.25142285227775574,0.18827605247497559,0.02936210110783577,1.0,0.7954714894294739,0.8240298628807068,0.805655837059021,0.0,,,,,,,,,,,,,,,12.0,0.0,0.0,0.0,0.0,0.0,0.0,,,,,,,,,,,,,,,,,,,,,,0.001
11,3400,train,21.238025665283203,17.69776153564453,17.693716049194336,0.0,0.05074550583958626,0.05074550583958626,0.0,0.0046004788018763065,4.999999873689376e-06,0.0024999999441206455,0.0005000000237487257,0.0024999999441206455,4.999999873689376e-05,4.999999873689376e-05,0.05000000074505806,0.00040030828677117825,0.19913840293884277,0.0,0.0,0.0,0.0,0.0,0.0,0.0,0.0,0.4610205590724945,0.4610205590724945,1.0,0.4610205590724945,0.4610205888748169,0.4610205292701721,0.0,-0.0017848607385531068,0.1858290284872055,1.0,0.00040030828677117825,1.0,0.0,0.0,0.00040030828677117825,0.0,0.0,0.19913840293884277,0.0,0.4991384744644165,6.010984066051606e-08,0.4991382956504822,0.4991385340690613,0.6931458115577698,0.0,0.0,0.0,0.0,0.0,0.0,0.0,0.0,1.0,0.0,0.0013700013514608145,0.46608197689056396,0.04879526048898697,0.957047164440155,0.0,17.693716049194336,17.69776153564453,17.69776153564453,0.1324179321527481,-0.11574319005012512,6.4952695999487275e-12,0.0,0.0,5.112974166870117,5.112974166870117,1.6063028573989868,1.6063028573989868,0.6258978843688965,0.0,0.0,0.0,0.0,0.49913841485977173,1.0191237720391655e-07,0.4991379976272583,0.4991387724876404,0.6931458115577698,0.0,1.6063028573989868,1.6063028573989868,1.6063028573989868,1.6052820682525635,0.1858290284872055,0.1864456683397293,0.028746409341692924,1.0,0.7988299131393433,0.8184820413589478,0.8091543912887573,0.0,,,,,,,,,,,,,,,12.0,0.0,0.0,0.0,0.0,0.0,0.0,,,,,,,,,,,,,,,,,,,,,,0.001
11,3420,train,19.02655792236328,15.853979110717773,15.855338096618652,0.0,0.045945193618535995,0.045945193618535995,0.0,0.004479437600821257,4.999999873689376e-06,0.0024999999441206455,0.0005000000237487257,0.0024999999441206455,4.999999873689376e-05,4.999999873689376e-05,0.05000000074505806,0.00031658337684348226,0.19892346858978271,0.0,0.0,0.0,0.0,0.0,0.0,0.0,0.0,0.46213454008102417,0.46213454008102417,1.0,0.46213454008102417,0.4621345102787018,0.46213483810424805,0.0,-0.0010058588813990355,0.13506034016609192,1.0,0.00031658337684348226,1.0,0.0,0.0,0.00031658337684348226,0.0,0.0,0.19892346858978271,0.0,0.49892348051071167,4.877959014493172e-08,0.49892348051071167,0.49892371892929077,0.6931451559066772,0.0,0.0,0.0,0.0,0.0,0.0,0.0,0.0,1.0,0.0,0.002010638825595379,0.4639163911342621,0.04810536280274391,0.9578505158424377,0.0,15.855338096618652,15.853979110717773,15.853979110717773,0.11338173598051071,-0.08169474452733994,-1.9242437504507492e-12,0.0,0.0,5.156742572784424,5.156742572784424,1.6096726655960083,1.6096726655960083,0.5595462322235107,0.0,0.0,0.0,0.0,0.49892348051071167,1.0027358143815945e-07,0.49892324209213257,0.4989239573478699,0.6931451559066772,0.0,1.6096726655960083,1.6096726655960083,1.6096726655960083,1.6055420637130737,0.13506034016609192,0.18685339391231537,0.029644904658198357,1.0,0.822867751121521,0.8411240577697754,0.8357241153717041,0.0,,,,,,,,,,,,,,,12.0,0.0,0.0,0.0,0.0,0.0,0.0,,,,,,,,,,,,,,,,,,,,,,0.001
11,3440,train,20.491607666015625,17.07498550415039,17.07552146911621,0.0,0.04861605167388916,0.04861605167388916,0.0,0.0043948800303041935,4.999999873689376e-06,0.0024999999441206455,0.0005000000237487257,0.0024999999441206455,4.999999873689376e-05,4.999999873689376e-05,0.05000000074505806,0.0002644746273290366,0.19874778389930725,0.0,0.0,0.0,0.0,0.0,0.0,0.0,0.0,0.46227458119392395,0.46227458119392395,1.0,0.46227458119392395,0.46227461099624634,0.4622747302055359,0.0,-0.0006589385448023677,0.09626626968383789,1.0,0.0002644746273290366,1.0,0.0,0.0,0.0002644746273290366,0.0,0.0,0.19874778389930725,0.0,0.4987477958202362,3.409279969446288e-08,0.49874764680862427,0.4987477660179138,0.6931440234184265,0.0,0.0,0.0,0.0,0.0,0.0,0.0,0.0,1.0,0.0,-0.0012993704294785857,0.4670138359069824,0.04794176667928696,0.9587730765342712,0.0,17.07552146911621,17.07498550415039,17.07498550415039,0.12932905554771423,-0.10355065762996674,-2.3666653706233554e-11,0.0,0.0,5.042083263397217,5.042083263397217,1.6065404415130615,1.6065404415130615,0.5777270197868347,0.0,0.0,0.0,0.0,0.4987477958202362,6.248870931813144e-08,0.49874746799468994,0.49874797463417053,0.6931440234184265,0.0,1.6065404415130615,1.6065404415130615,1.6065404415130615,1.602591872215271,0.09626626968383789,0.18574242293834686,0.029262082651257515,1.0,0.7720442414283752,0.775287389755249,0.7763103246688843,0.0,,,,,,,,,,,,,,,12.0,0.0,0.0,0.0,0.0,0.0,0.0,,,,,,,,,,,,,,,,,,,,,,0.001
11,3460,train,19.37734603881836,16.146217346191406,16.14805793762207,0.0,0.04698566347360611,0.04698566347360611,0.0,0.004400046542286873,4.999999873689376e-06,0.0024999999441206455,0.0005000000237487257,0.0024999999441206455,4.999999873689376e-05,4.999999873689376e-05,0.05000000074505806,0.0003205641987733543,0.19853529334068298,0.0,0.0,0.0,0.0,0.0,0.0,0.0,0.0,0.4628174304962158,0.4628174304962158,1.0,0.4628174304962158,0.4628174602985382,0.4628176987171173,0.0,-0.0005463018896989524,0.06712040305137634,1.0,0.0003205641987733543,1.0,0.0,0.0,0.0003205641987733543,0.0,0.0,0.19853529334068298,0.0,0.49853530526161194,4.2184186810345636e-08,0.4985353648662567,0.49853548407554626,0.6931426525115967,0.0,0.0,0.0,0.0,0.0,0.0,0.0,0.0,1.0,0.0,0.0009673084714449942,0.46811896562576294,0.04800839349627495,0.9590087532997131,0.0,16.14805793762207,16.146217346191406,16.146217346191406,0.1327405869960785,-0.09295385330915451,-3.1676879869158014e-11,0.0,0.0,4.999335289001465,4.999335289001465,1.6008293628692627,1.6008293628692627,0.5780853629112244,0.0,0.0,0.0,0.0,0.49853530526161194,6.327083212909201e-08,0.4985352158546448,0.4985356330871582,0.6931426525115967,0.0,1.6008293628692627,1.6008293628692627,1.6008293628692627,1.607887625694275,0.06712040305137634,0.18551935255527496,0.029512953013181686,1.0,0.7991642951965332,0.8036712408065796,0.7311901450157166,0.0,,,,,,,,,,,,,,,12.0,0.0,0.0,0.0,0.0,0.0,0.0,,,,,,,,,,,,,,,,,,,,,,0.001
11,3480,train,20.38704490661621,16.988420486450195,16.985502243041992,0.0,0.05078130215406418,0.05078130215406418,0.0,0.004443651530891657,4.999999873689376e-06,0.0024999999441206455,0.0005000000237487257,0.0024999999441206455,4.999999873689376e-05,4.999999873689376e-05,0.05000000074505806,0.0002819881192408502,0.19834637641906738,0.0,0.0,0.0,0.0,0.0,0.0,0.0,0.0,0.4623886048793793,0.4623886048793793,1.0,0.4623886048793793,0.46238863468170166,0.4623886048793793,0.0,-0.0005052998312748969,0.045742105692625046,1.0,0.0002819881192408502,1.0,0.0,0.0,0.0002819881192408502,0.0,0.0,0.19834637641906738,0.0,0.49834638833999634,3.4275569049668775e-08,0.49834638833999634,0.4983465373516083,0.6931419372558594,0.0,0.0,0.0,0.0,0.0,0.0,0.0,0.0,1.0,0.0,-0.004132868256419897,0.4671037793159485,0.04848324507474899,0.958953857421875,0.0,16.985502243041992,16.988420486450195,16.988420486450195,0.12675504386425018,-0.09466438740491867,-2.69550382014927e-10,0.0,0.0,4.924324989318848,4.924324989318848,1.6077274084091187,1.6077274084091187,0.5917326211929321,0.0,0.0,0.0,0.0,0.49834638833999634,5.8015025672375486e-08,0.4983462691307068,0.49834662675857544,0.6931419372558594,0.0,1.607727289199829,1.607727289199829,1.6077274084091187,1.6057082414627075,0.045742105692625046,0.1862773597240448,0.029792802408337593,1.0,0.8482660055160522,0.7942746877670288,0.7503775358200073,0.0,,,,,,,,,,,,,,,12.0,0.0,0.0,0.0,0.0,0.0,0.0,,,,,,,,,,,,,,,,,,,,,,0.001
11,3500,train,20.679750442504883,17.231468200683594,17.23387336730957,0.0,0.04578929767012596,0.04578929767012596,0.0,0.004630375187844038,4.999999873689376e-06,0.0024999999441206455,0.0005000000237487257,0.0024999999441206455,4.999999873689376e-05,4.999999873689376e-05,0.05000000074505806,0.00029861481743864715,0.19810250401496887,0.0,0.0,0.0,0.0,0.0,0.0,0.0,0.0,0.46084773540496826,0.46084773540496826,1.0,0.46084773540496826,0.46084776520729065,0.4608477056026459,0.0,-0.0007047507097013295,0.030650518834590912,1.0,0.00029861481743864715,1.0,0.0,0.0,0.00029861481743864715,0.0,0.0,0.19810250401496887,0.0,0.49810245633125305,4.4212072225491283e-08,0.4981025457382202,0.49810272455215454,0.6931400299072266,0.0,0.0,0.0,0.0,0.0,0.0,0.0,0.0,1.0,0.0,0.0024651363492012024,0.46657469868659973,0.04914183169603348,0.9574041962623596,0.0,17.23387336730957,17.231468200683594,17.231468200683594,0.14657825231552124,-0.12321571260690689,2.3369223223213e-10,0.0,0.0,4.849366188049316,4.849366188049316,1.6011837720870972,1.6011837720870972,0.6349782943725586,0.0,0.0,0.0,0.0,0.4981025159358978,6.291296017479908e-08,0.4981023967266083,0.4981028437614441,0.6931400299072266,0.0,1.6011837720870972,1.6011837720870972,1.6011837720870972,1.6045173406600952,0.030650518834590912,0.18634219467639923,0.02984258532524109,1.0,0.7932276725769043,0.7420518398284912,0.7995316386222839,0.0,,,,,,,,,,,,,,,12.0,0.0,0.0,0.0,0.0,0.0,0.0,,,,,,,,,,,,,,,,,,,,,,0.001
11,3520,train,19.601144790649414,16.331857681274414,16.338878631591797,0.0,0.050203803926706314,0.050203803926706314,0.0,0.004928063601255417,4.999999873689376e-06,0.0024999999441206455,0.0005000000237487257,0.0024999999441206455,4.999999873689376e-05,4.999999873689376e-05,0.05000000074505806,0.0003953025443479419,0.19785892963409424,0.0,0.0,0.0,0.0,0.0,0.0,0.0,0.0,0.45849165320396423,0.45849165320396423,1.0,0.45849165320396423,0.45849165320396423,0.45849165320396423,0.0,-0.0007015930605120957,0.02034742757678032,1.0,0.0003953025443479419,1.0,0.0,0.0,0.0003953025443479419,0.0,0.0,0.19785892963409424,0.0,0.4978589415550232,3.346809407389628e-08,0.49785882234573364,0.4978589415550232,0.6931381225585938,0.0,0.0,0.0,0.0,0.0,0.0,0.0,0.0,1.0,0.0,0.0025487360544502735,0.4664493501186371,0.04940486699342728,0.9548580050468445,0.0,16.338878631591797,16.331857681274414,16.331857681274414,0.1456037163734436,-0.1123051643371582,-4.947875009014835e-12,0.0,0.0,5.299631118774414,5.299631118774414,1.597842812538147,1.597842812538147,0.716541051864624,0.0,0.0,0.0,0.0,0.4978589415550232,8.371516457827965e-08,0.49785861372947693,0.49785903096199036,0.6931381225585938,0.0,1.597842812538147,1.597842812538147,1.597842812538147,1.6056619882583618,0.02034742757678032,0.18692389130592346,0.02925967425107956,1.0,0.8294970989227295,0.799818217754364,0.8245169520378113,0.0,,,,,,,,,,,,,,,12.0,0.0,0.0,0.0,0.0,0.0,0.0,,,,,,,,,,,,,,,,,,,,,,0.001
11,3540,train,18.534841537475586,15.444849014282227,15.442442893981934,0.0,0.04902511462569237,0.04902511462569237,0.0,0.00506321806460619,4.999999873689376e-06,0.0024999999441206455,0.0005000000237487257,0.0024999999441206455,4.999999873689376e-05,4.999999873689376e-05,0.05000000074505806,0.0003003343881573528,0.19764825701713562,0.0,0.0,0.0,0.0,0.0,0.0,0.0,0.0,0.4578041434288025,0.4578041434288025,1.0,0.4578041434288025,0.4578041434288025,0.4578041136264801,0.0,-0.0007051641005091369,0.01378469355404377,1.0,0.0003003343881573528,1.0,0.0,0.0,0.0003003343881573528,0.0,0.0,0.19764825701713562,0.0,0.4976482689380646,1.181122044613403e-08,0.4976481795310974,0.49764829874038696,0.6931362152099609,0.0,0.0,0.0,0.0,0.0,0.0,0.0,0.0,1.0,0.0,-0.0010399225866422057,0.4652860462665558,0.04900997877120972,0.9533866047859192,0.0,15.442442893981934,15.444849014282227,15.444849014282227,0.16117887198925018,-0.1515377312898636,-2.684820074594363e-11,0.0,0.0,4.9857001304626465,4.9857001304626465,1.6015751361846924,1.6015751361846924,0.7074815630912781,0.0,0.0,0.0,0.0,0.4976482689380646,5.2061398747582643e-08,0.4976480305194855,0.4976483881473541,0.6931362152099609,0.0,1.6015748977661133,1.6015751361846924,1.6015751361846924,1.6005957126617432,0.01378469355404377,0.18765008449554443,0.02985246665775776,1.0,0.8350316286087036,0.7521130442619324,0.8096364736557007,0.0,,,,,,,,,,,,,,,12.0,0.0,0.0,0.0,0.0,0.0,0.0,,,,,,,,,,,,,,,,,,,,,,0.001
11,3560,train,20.606142044067383,17.17084503173828,17.16893196105957,0.0,0.05163484811782837,0.05163484811782837,0.0,0.005175205413252115,4.999999873689376e-06,0.0024999999441206455,0.0005000000237487257,0.0024999999441206455,4.999999873689376e-05,4.999999873689376e-05,0.05000000074505806,0.000218635264900513,0.1974756121635437,0.0,0.0,0.0,0.0,0.0,0.0,0.0,0.0,0.45687901973724365,0.45687901973724365,1.0,0.45687901973724365,0.45687904953956604,0.45687901973724365,0.0,-0.0006993021816015244,0.01000375859439373,1.0,0.000218635264900513,1.0,0.0,0.0,0.000218635264900513,0.0,0.0,0.1974756121635437,0.0,0.49747562408447266,2.7956145842722435e-08,0.4974755048751831,0.49747562408447266,0.6931344270706177,0.0,0.0,0.0,0.0,0.0,0.0,0.0,0.0,1.0,0.0,-0.0008428687578998506,0.4633747339248657,0.048857182264328,0.9522464871406555,0.0,17.16893196105957,17.17084503173828,17.17084503173828,0.1327989101409912,-0.10006287693977356,-1.1068872901587312e-10,0.0,0.0,4.976327896118164,4.976327896118164,1.6012641191482544,1.6012641191482544,0.6112459897994995,0.0,0.0,0.0,0.0,0.49747562408447266,4.536363817919664e-08,0.49747544527053833,0.49747568368911743,0.6931344270706177,0.0,1.6012641191482544,1.6012641191482544,1.6012641191482544,1.5944429636001587,0.01000375859439373,0.1885441541671753,0.0291033573448658,1.0,0.7671464681625366,0.7325188517570496,0.7215010523796082,0.0,,,,,,,,,,,,,,,12.0,0.0,0.0,0.0,0.0,0.0,0.0,,,,,,,,,,,,,,,,,,,,,,0.001
11,3580,train,20.569931030273438,17.139863967895508,17.142858505249023,0.0,0.049011677503585815,0.049011677503585815,0.0,0.0053914873860776424,4.999999873689376e-06,0.0024999999441206455,0.0005000000237487257,0.0024999999441206455,4.999999873689376e-05,4.999999873689376e-05,0.05000000074505806,0.00031072593992576003,0.19733929634094238,0.0,0.0,0.0,0.0,0.0,0.0,0.0,0.0,0.45452138781547546,0.45452138781547546,1.0,0.45452138781547546,0.45452138781547546,0.45452141761779785,0.0,-0.0008218138827942312,0.008467325940728188,1.0,0.00031072593992576003,1.0,0.0,0.0,0.00031072593992576003,0.0,0.0,0.19733929634094238,0.0,0.49733930826187134,4.231225503303904e-08,0.4973393380641937,0.4973394274711609,0.6931329965591431,0.0,0.0,0.0,0.0,0.0,0.0,0.0,0.0,1.0,0.0,-0.0010699074482545257,0.4634266793727875,0.049763184040784836,0.9507947564125061,0.0,17.142858505249023,17.139863967895508,17.139863967895508,0.13766025006771088,-0.10087618976831436,2.920368391556849e-10,0.0,0.0,5.009617805480957,5.009617805480957,1.5995820760726929,1.5995820760726929,0.626218855381012,0.0,0.0,0.0,0.0,0.49733930826187134,5.87868349555265e-08,0.49733924865722656,0.49733954668045044,0.6931329965591431,0.0,1.5995820760726929,1.5995820760726929,1.5995820760726929,1.5956428050994873,0.008467325940728188,0.1890496164560318,0.029496608301997185,1.0,0.8720815181732178,0.837918221950531,0.7854137420654297,0.0,,,,,,,,,,,,,,,12.0,0.0,0.0,0.0,0.0,0.0,0.0,,,,,,,,,,,,,,,,,,,,,,0.001
11,3600,train,20.738901138305664,17.283811569213867,17.267915725708008,0.0,0.05387253314256668,0.05387253314256668,0.0,0.005488379392772913,4.999999873689376e-06,0.0024999999441206455,0.0005000000237487257,0.0024999999441206455,4.999999873689376e-05,4.999999873689376e-05,0.05000000074505806,0.0002895935031119734,0.1971859633922577,0.0,0.0,0.0,0.0,0.0,0.0,0.0,0.0,0.4537101984024048,0.4537101984024048,1.0,0.4537101984024048,0.4537102282047272,0.4537101984024048,0.0,-0.0008074918878264725,0.008038279600441456,1.0,0.0002895935031119734,1.0,0.0,0.0,0.0002895935031119734,0.0,0.0,0.1971859633922577,0.0,0.49718597531318665,6.242594441374649e-09,0.4971860647201538,0.49718615412712097,0.6931312084197998,0.0,0.0,0.0,0.0,0.0,0.0,0.0,0.0,1.0,0.0,-0.0012695803306996822,0.4644806385040283,0.04975435137748718,0.9499002695083618,0.0,17.267915725708008,17.283811569213867,17.283811569213867,0.1398610919713974,-0.12457960098981857,-7.673617991033055e-11,0.0,0.0,5.049650192260742,5.049650192260742,1.5986924171447754,1.5986924171447754,0.6489710807800293,0.0,0.0,0.0,0.0,0.49718597531318665,2.709693092128873e-08,0.49718600511550903,0.49718624353408813,0.6931312084197998,0.0,1.5986924171447754,1.5986922979354858,1.5986924171447754,1.5951625108718872,0.008038279600441456,0.19033966958522797,0.02989448420703411,1.0,0.6603351831436157,0.7098768949508667,0.7370485067367554,0.0,,,,,,,,,,,,,,,12.0,0.0,0.0,0.0,0.0,0.0,0.0,,,,,,,,,,,,,,,,,,,,,,0.001
11,3620,train,20.848337173461914,17.373058319091797,17.36894416809082,0.0,0.04849054291844368,0.04849054291844368,0.0,0.005580327473580837,4.999999873689376e-06,0.0024999999441206455,0.0005000000237487257,0.0024999999441206455,4.999999873689376e-05,4.999999873689376e-05,0.05000000074505806,0.00027829271857626736,0.1970769166946411,0.0,0.0,0.0,0.0,0.0,0.0,0.0,0.0,0.45271730422973633,0.45271730422973633,1.0,0.45271730422973633,0.45271730422973633,0.4527173340320587,0.0,-0.000804292387329042,0.00764017878100276,1.0,0.00027829271857626736,1.0,0.0,0.0,0.00027829271857626736,0.0,0.0,0.1970769166946411,0.0,0.49707692861557007,4.403697317911792e-08,0.49707671999931335,0.4970768392086029,0.693130373954773,0.0,0.0,0.0,0.0,0.0,0.0,0.0,0.0,1.0,0.0,0.00036057314719073474,0.46521058678627014,0.04942356422543526,0.9487636685371399,0.0,17.36894416809082,17.373058319091797,17.373058319091797,0.15012741088867188,-0.12014275044202805,-4.757229332685853e-11,0.0,0.0,5.125089168548584,5.125089168548584,1.5949808359146118,1.5949808359146118,0.6871131658554077,0.0,0.0,0.0,0.0,0.49707692861557007,3.971865325524959e-08,0.4970766603946686,0.4970768988132477,0.693130373954773,0.0,1.5949805974960327,1.5949808359146118,1.5949808359146118,1.5948911905288696,0.00764017878100276,0.1923285871744156,0.029113151133060455,1.0,0.8015791773796082,0.7376190423965454,0.7651327848434448,0.0,,,,,,,,,,,,,,,12.0,0.0,0.0,0.0,0.0,0.0,0.0,,,,,,,,,,,,,,,,,,,,,,0.001
11,3640,train,21.83308982849121,18.191959381103516,18.19822120666504,0.0,0.04688518866896629,0.04688518866896629,0.0,0.0055175707675516605,4.999999873689376e-06,0.0024999999441206455,0.0005000000237487257,0.0024999999441206455,4.999999873689376e-05,4.999999873689376e-05,0.05000000074505806,0.00031498042517341673,0.1969604790210724,0.0,0.0,0.0,0.0,0.0,0.0,0.0,0.0,0.4529351592063904,0.4529351592063904,1.0,0.4529351592063904,0.4529351592063904,0.4529351592063904,0.0,-0.0008948068134486675,0.008003932423889637,1.0,0.00031498042517341673,1.0,0.0,0.0,0.00031498042517341673,0.0,0.0,0.1969604790210724,0.0,0.49696049094200134,1.957023698651028e-08,0.49696028232574463,0.4969603717327118,0.6931287050247192,0.0,0.0,0.0,0.0,0.0,0.0,0.0,0.0,1.0,0.0,-0.0022451153490692377,0.4649130403995514,0.04861650615930557,0.9489029049873352,0.0,18.19822120666504,18.191959381103516,18.191959381103516,0.13837140798568726,-0.11644655466079712,8.636194537281483e-11,0.0,0.0,4.745244026184082,4.745244026184082,1.598680019378662,1.598680019378662,0.6098148226737976,0.0,0.0,0.0,0.0,0.49696049094200134,6.491627857485582e-08,0.49696022272109985,0.4969604015350342,0.6931287050247192,0.0,1.5986799001693726,1.5986799001693726,1.598680019378662,1.5912971496582031,0.008003932423889637,0.1943317949771881,0.029244760051369667,1.0,0.6888729929924011,0.7348089218139648,0.7028712034225464,0.0,,,,,,,,,,,,,,,12.0,0.0,0.0,0.0,0.0,0.0,0.0,,,,,,,,,,,,,,,,,,,,,,0.001
11,3660,train,21.954763412475586,18.294208526611328,18.295305252075195,0.0,0.04981585219502449,0.04981585219502449,0.0,0.005423505790531635,4.999999873689376e-06,0.0024999999441206455,0.0005000000237487257,0.0024999999441206455,4.999999873689376e-05,4.999999873689376e-05,0.05000000074505806,0.00022274910588748753,0.19693681597709656,0.0,0.0,0.0,0.0,0.0,0.0,0.0,0.0,0.4534628093242645,0.4534628093242645,1.0,0.4534628093242645,0.4534628391265869,0.4534628093242645,0.0,-0.0007050695712678134,0.006836337968707085,1.0,0.00022274910588748753,1.0,0.0,0.0,0.00022274910588748753,0.0,0.0,0.19693681597709656,0.0,0.4969368278980255,3.437477147372192e-08,0.4969367980957031,0.4969368875026703,0.6931285858154297,0.0,0.0,0.0,0.0,0.0,0.0,0.0,0.0,1.0,0.0,0.000327602174365893,0.4663618803024292,0.04808374494314194,0.9493314027786255,0.0,18.295305252075195,18.294208526611328,18.294208526611328,0.13937832415103912,-0.10123500972986221,-2.3515325797696107e-10,0.0,0.0,5.018839359283447,5.018839359283447,1.593786597251892,1.593786597251892,0.6313807964324951,0.0,0.0,0.0,0.0,0.4969368278980255,3.4169858054156066e-08,0.49693673849105835,0.4969369173049927,0.6931285858154297,0.0,1.593786597251892,1.593786597251892,1.593786597251892,1.5930721759796143,0.006836337968707085,0.1946231722831726,0.029405077919363976,1.0,0.7827543616294861,0.7752911448478699,0.7753605842590332,0.0,,,,,,,,,,,,,,,12.0,0.0,0.0,0.0,0.0,0.0,0.0,,,,,,,,,,,,,,,,,,,,,,0.001
11,3674,train_epoch,20.659203672123528,17.214785056199855,17.21453402856153,0.0,0.05006184582849463,0.05006184582849463,0.0,0.004861348894184935,4.999999873689376e-06,0.0024999999441206455,0.0005000000237487257,0.0024999999441206455,4.999999873689376e-05,4.999999873689376e-05,0.05000000074505806,0.00025411634912475957,0.19812453988783374,0.0,0.0,0.0,0.0,0.0,0.0,0.0,0.0,0.4590382540297365,0.4590382540297365,1.0,0.4590382540297365,0.4590382551004787,0.45903808271099705,0.0,-0.0014485187147476315,0.08582363651736366,1.0,0.00025411634912475957,1.0,0.0,0.0,0.00025411634912475957,0.0,0.0,0.19812453988783374,0.0,0.4981245535933329,3.5675882292026014e-08,0.4981244649001938,0.49812460766581,0.69313849410611,0.0,0.0,0.0,0.0,0.0,0.0,0.0,0.0,1.0,0.0,0.00015719627883836274,0.46663003098108097,0.04858237489344117,0.9548838486571511,0.0,17.21453402856153,17.214785056199855,17.214785056199855,0.134808103548374,-0.1064744589482239,1.6197538313769103e-11,0.0,0.0,4.977472762147824,4.977472760720167,1.6021743895051008,1.6021743895051008,0.6101267986490341,0.0,0.0,0.0,0.0,0.4981245518087627,6.744127622294946e-08,0.4981242958121671,0.49812475471439477,0.69313849410611,0.0,1.602174338109479,1.602174357025923,1.6021743895051008,1.602192108859559,0.08582363651736366,0.18863827998409727,0.0294201452575044,1.0,0.7842973811540775,0.7843610167860271,0.7844799798048899,0.0,,,,,,,,,,,,,,,12.0,0.0,0.0,0.0,0.0,0.0,0.0,,,,,,,,,,,,,,,,,,,,,,0.001
11,3674,val,,,,,,,,,,,,,,,,,,,,,,,,,,,,,,,,,,,,,,,,,,,,,,,,,,,,,,,,,,,,,,,,,,,,,,,,,,,,,,,,,,,,,,,,,,,,,,,,,,,,,,,,,,,,,,,,,,,,,,,,,17.40447425842285,750.8929443359375,27.402425884142765,0.12912888824939728,0.07427408546209335,15.329822540283203,24.223069171311156,0.12257460504770279,0.06549005210399628,17.48094940185547,27.338969448175643,0.13384802639484406,0.074611134827137,20.667247772216797,31.98163459193221,0.14272160828113556,0.08805233985185623,17.40447425842285,27.402425884142765,0.12912888824939728,0.07427408546209335,0.001
11,3674,test_select,,,,,,,,,,,,,,,,,,,,,,,,,,,,,,,,,,,,,,,,,,,,,,,,,,,,,,,,,,,,,,,,,,,,,,,,,,,,,,,,,,,,,,,,,,,,,,,,,,,,,,,,,,,,,,,,,,,,,,,,,22.599079132080078,1285.575439453125,35.85492210914877,0.1318633258342743,0.0917913094162941,17.988086700439453,27.973118548494462,0.11713497340679169,0.07302116602659225,22.662137985229492,35.356038218054955,0.13411830365657806,0.09203865379095078,29.168581008911133,45.27968639467372,0.15781338512897491,0.11858657002449036,22.599079132080078,35.85492210914877,0.1318633258342743,0.0917913094162941,0.001
12,3680,train,19.8399715423584,16.531164169311523,16.529142379760742,0.0,0.04776294156908989,0.04776294156908989,0.0,0.005395973101258278,9.999999747378752e-06,0.004999999888241291,0.0010000000474974513,0.004999999888241291,9.999999747378752e-05,9.999999747378752e-05,0.10000000149011612,0.0001844729413278401,0.1969139575958252,0.0,0.0,0.0,0.0,0.0,0.0,0.0,0.0,0.45352703332901,0.45352703332901,1.0,0.45352703332901,0.45352703332901,0.45352703332901,0.0,-0.0007840822800062597,0.006786318961530924,1.0,0.0001844729413278401,1.0,0.0,0.0,0.0001844729413278401,0.0,0.0,0.1969139575958252,0.0,0.49691396951675415,2.565523793407465e-08,0.49691399931907654,0.4969140291213989,0.6931284666061401,0.0,0.0,0.0,0.0,0.0,0.0,0.0,0.0,1.0,0.0,-0.0022011720575392246,0.46513447165489197,0.048278968781232834,0.9498284459114075,0.0,16.529142379760742,16.531164169311523,16.531164169311523,0.13877122104167938,-0.10606153309345245,3.696985217960247e-10,0.0,0.0,5.166048526763916,5.166048526763916,1.5965005159378052,1.5965005159378052,0.6532129049301147,0.0,0.0,0.0,0.0,0.49691396951675415,2.5266306380444803e-08,0.49691393971443176,0.4969140589237213,0.6931284666061401,0.0,1.5965005159378052,1.5965005159378052,1.5965005159378052,1.59365975856781,0.006786318961530924,0.19614368677139282,0.029180951416492462,1.0,0.8223980069160461,0.7804664373397827,0.8026012182235718,0.0,,,,,,,,,,,,,,,12.0,0.0,0.0,0.0,0.0,0.0,0.0,,,,,,,,,,,,,,,,,,,,,,0.001
12,3700,train,18.96014976501465,15.797018051147461,15.800871849060059,0.0,0.043909139931201935,0.043909139931201935,0.0,0.005429873242974281,9.999999747378752e-06,0.004999999888241291,0.0010000000474974513,0.004999999888241291,9.999999747378752e-05,9.999999747378752e-05,0.10000000149011612,0.00030925869941711426,0.19652855396270752,0.0,0.0,0.0,0.0,0.0,0.0,0.0,0.0,0.45314309000968933,0.45314309000968933,1.0,0.45314309000968933,0.45314306020736694,0.45314306020736694,0.0,-0.0014885979471728206,0.012472094036638737,1.0,0.00030925869941711426,1.0,0.0,0.0,0.00030925869941711426,0.0,0.0,0.19652855396270752,0.0,0.49652859568595886,5.020396098842639e-09,0.49652838706970215,0.4965284466743469,0.693122923374176,0.0,0.0,0.0,0.0,0.0,0.0,0.0,0.0,1.0,0.0,0.0013831410324200988,0.46694663166999817,0.04853926599025726,0.9498334527015686,0.0,15.800871849060059,15.797018051147461,15.797018051147461,0.1522044986486435,-0.11325445771217346,-2.098096418823303e-10,0.0,0.0,4.920345783233643,4.920345783233643,1.5918529033660889,1.5918529033660889,0.6880039572715759,0.0,0.0,0.0,0.0,0.4965285658836365,2.320002323585868e-08,0.4965283274650574,0.4965284466743469,0.693122923374176,0.0,1.5918529033660889,1.5918529033660889,1.5918529033660889,1.5909656286239624,0.012472094036638737,0.19629299640655518,0.02929150126874447,1.0,0.7739008069038391,0.808812141418457,0.7532391548156738,0.0,,,,,,,,,,,,,,,12.0,0.0,0.0,0.0,0.0,0.0,0.0,,,,,,,,,,,,,,,,,,,,,,0.001
12,3720,train,22.68787384033203,18.9044132232666,18.902429580688477,0.0,0.04744616523385048,0.04744616523385048,0.0,0.005498712416738272,9.999999747378752e-06,0.004999999888241291,0.0010000000474974513,0.004999999888241291,9.999999747378752e-05,9.999999747378752e-05,0.10000000149011612,0.00023579454864375293,0.19603964686393738,0.0,0.0,0.0,0.0,0.0,0.0,0.0,0.0,0.45313432812690735,0.45313432812690735,1.0,0.45313432812690735,0.45313432812690735,0.45313432812690735,0.0,-0.0013747772900387645,0.014064262621104717,1.0,0.00023579454864375293,1.0,0.0,0.0,0.00023579454864375293,0.0,0.0,0.19603964686393738,0.0,0.49603965878486633,6.011933173510897e-09,0.4960397481918335,0.49603980779647827,0.6931158304214478,0.0,0.0,0.0,0.0,0.0,0.0,0.0,0.0,1.0,0.0,-0.0028437308501452208,0.4654900133609772,0.04885034263134003,0.9495819211006165,0.0,18.902429580688477,18.9044132232666,18.9044132232666,0.151352196931839,-0.12740321457386017,-4.0840483772619507e-10,0.0,0.0,5.020632743835449,5.020632743835449,1.5937970876693726,1.5937970876693726,0.6961245536804199,0.0,0.0,0.0,0.0,0.49603965878486633,2.5367267397768956e-08,0.4960397183895111,0.4960397779941559,0.6931158304214478,0.0,1.5937968492507935,1.5937970876693726,1.5937970876693726,1.5933982133865356,0.014064262621104717,0.19518917798995972,0.029065009206533432,1.0,0.7008286714553833,0.6832460165023804,0.7299827337265015,0.0,,,,,,,,,,,,,,,12.0,0.0,0.0,0.0,0.0,0.0,0.0,,,,,,,,,,,,,,,,,,,,,,0.001
12,3740,train,19.869159698486328,16.555709838867188,16.552356719970703,0.0,0.045367442071437836,0.045367442071437836,0.0,0.005215479526668787,9.999999747378752e-06,0.004999999888241291,0.0010000000474974513,0.004999999888241291,9.999999747378752e-05,9.999999747378752e-05,0.10000000149011612,0.00015299540245905519,0.19596508145332336,0.0,0.0,0.0,0.0,0.0,0.0,0.0,0.0,0.45557165145874023,0.45557165145874023,1.0,0.45557165145874023,0.45557165145874023,0.45557165145874023,0.0,-0.0009532475378364325,0.009473024867475033,1.0,0.00015299540245905519,1.0,0.0,0.0,0.00015299540245905519,0.0,0.0,0.19596508145332336,0.0,0.4959650933742523,8.081289526451485e-10,0.4959651231765747,0.4959651827812195,0.6931147575378418,0.0,0.0,0.0,0.0,0.0,0.0,0.0,0.0,1.0,0.0,0.0007296117837540805,0.46543002128601074,0.04816333204507828,0.9518494009971619,0.0,16.552356719970703,16.555709838867188,16.555709838867188,0.11577726155519485,-0.0579952709376812,-1.7704390731232422e-10,0.0,0.0,4.96670389175415,4.96670389175415,1.6046258211135864,1.6046258211135864,0.5125982761383057,0.0,0.0,0.0,0.0,0.4959650933742523,2.1765391267081213e-08,0.4959650933742523,0.4959651529788971,0.6931147575378418,0.0,1.6046258211135864,1.6046258211135864,1.6046258211135864,1.600866675376892,0.009473024867475033,0.1944664865732193,0.02947375737130642,1.0,0.7706626057624817,0.7435612082481384,0.7369275093078613,0.0,,,,,,,,,,,,,,,12.0,0.0,0.0,0.0,0.0,0.0,0.0,,,,,,,,,,,,,,,,,,,,,,0.001
12,3760,train,21.482223510742188,17.89966583251953,17.89786720275879,0.0,0.043340351432561874,0.043340351432561874,0.0,0.0049171955324709415,9.999999747378752e-06,0.004999999888241291,0.0010000000474974513,0.004999999888241291,9.999999747378752e-05,9.999999747378752e-05,0.10000000149011612,0.00017497371300123632,0.1959666609764099,0.0,0.0,0.0,0.0,0.0,0.0,0.0,0.0,0.45825621485710144,0.45825621485710144,1.0,0.45825621485710144,0.45825624465942383,0.45825624465942383,0.0,-0.0008784611127339303,0.008349332958459854,1.0,0.00017497371300123632,1.0,0.0,0.0,0.00017497371300123632,0.0,0.0,0.1959666609764099,0.0,0.49596667289733887,0.0,0.49596649408340454,0.49596649408340454,0.6931147575378418,0.0,0.0,0.0,0.0,0.0,0.0,0.0,0.0,1.0,0.0,-0.001013795961625874,0.4650551974773407,0.0475790910422802,0.9543675184249878,0.0,17.89786720275879,17.89966583251953,17.89966583251953,0.13663186132907867,-0.08190496265888214,1.537410754259838e-10,0.0,0.0,4.806233882904053,4.806233882904053,1.6039141416549683,1.6039141416549683,0.5646845698356628,0.0,0.0,0.0,0.0,0.49596667289733887,0.0,0.49596646428108215,0.49596646428108215,0.6931147575378418,0.0,1.6039140224456787,1.6039141416549683,1.6039141416549683,1.6042613983154297,0.008349332958459854,0.19347992539405823,0.029612602666020393,1.0,0.8566602468490601,0.8215065002441406,0.7739430665969849,0.0,,,,,,,,,,,,,,,12.0,0.0,0.0,0.0,0.0,0.0,0.0,,,,,,,,,,,,,,,,,,,,,,0.001
12,3780,train,20.530324935913086,17.106704711914062,17.10317611694336,0.0,0.043069224804639816,0.043069224804639816,0.0,0.0048429942689836025,9.999999747378752e-06,0.004999999888241291,0.0010000000474974513,0.004999999888241291,9.999999747378752e-05,9.999999747378752e-05,0.10000000149011612,0.00020441084052436054,0.19575321674346924,0.0,0.0,0.0,0.0,0.0,0.0,0.0,0.0,0.45853909850120544,0.45853909850120544,1.0,0.45853909850120544,0.45853909850120544,0.45853909850120544,0.0,-0.0013199042296037078,0.012253883294761181,1.0,0.00020441084052436054,1.0,0.0,0.0,0.00020441084052436054,0.0,0.0,0.19575321674346924,0.0,0.4957532286643982,0.0,0.49575310945510864,0.49575310945510864,0.6931113004684448,0.0,0.0,0.0,0.0,0.0,0.0,0.0,0.0,1.0,0.0,-0.00021226992248557508,0.46710941195487976,0.048011813312768936,0.9554662704467773,0.0,17.10317611694336,17.106704711914062,17.106704711914062,0.12868620455265045,-0.09173576533794403,-2.5730022279457643e-11,0.0,0.0,4.769110202789307,4.769110202789307,1.6034154891967773,1.6034154891967773,0.5694202184677124,0.0,0.0,0.0,0.0,0.4957532286643982,0.0,0.49575307965278625,0.49575307965278625,0.6931113004684448,0.0,1.6034154891967773,1.6034154891967773,1.6034154891967773,1.6046497821807861,0.012253883294761181,0.19147077202796936,0.02923126518726349,1.0,0.7047820091247559,0.7332324981689453,0.7717296481132507,0.0,,,,,,,,,,,,,,,12.0,0.0,0.0,0.0,0.0,0.0,0.0,,,,,,,,,,,,,,,,,,,,,,0.001
12,3800,train,22.184602737426758,18.48509979248047,18.482454299926758,0.0,0.048515189439058304,0.048515189439058304,0.0,0.004915852099657059,9.999999747378752e-06,0.004999999888241291,0.0010000000474974513,0.004999999888241291,9.999999747378752e-05,9.999999747378752e-05,0.10000000149011612,0.00021826141164638102,0.195308655500412,0.0,0.0,0.0,0.0,0.0,0.0,0.0,0.0,0.4583972096443176,0.4583972096443176,1.0,0.4583972096443176,0.4583972096443176,0.4583972096443176,0.0,-0.0013508478878065944,0.014935585670173168,1.0,0.00021826141164638102,1.0,0.0,0.0,0.00021826141164638102,0.0,0.0,0.195308655500412,0.0,0.49530866742134094,2.641126606306443e-08,0.49530845880508423,0.4953084886074066,0.6931033134460449,0.0,0.0,0.0,0.0,0.0,0.0,0.0,0.0,1.0,0.0,0.0008970536291599274,0.46800196170806885,0.048275936394929886,0.9551220536231995,0.0,18.482454299926758,18.48509979248047,18.48509979248047,0.15734264254570007,-0.13991501927375793,-5.082262388711456e-10,0.0,0.0,4.820104598999023,4.820104598999023,1.6049363613128662,1.6049363613128662,0.7023739218711853,0.0,0.0,0.0,0.0,0.49530866742134094,3.2168490093908986e-08,0.49530842900276184,0.4953084886074066,0.6931033134460449,0.0,1.604936122894287,1.604936122894287,1.6049363613128662,1.6013349294662476,0.014935585670173168,0.19188271462917328,0.02902003563940525,1.0,0.7255581617355347,0.7263066172599792,0.6985427737236023,0.0,,,,,,,,,,,,,,,12.0,0.0,0.0,0.0,0.0,0.0,0.0,,,,,,,,,,,,,,,,,,,,,,0.001
12,3820,train,20.068431854248047,16.721406936645508,16.720169067382812,0.0,0.042944908142089844,0.042944908142089844,0.0,0.00493598310276866,9.999999747378752e-06,0.004999999888241291,0.0010000000474974513,0.004999999888241291,9.999999747378752e-05,9.999999747378752e-05,0.10000000149011612,0.0002709862310439348,0.19517257809638977,0.0,0.0,0.0,0.0,0.0,0.0,0.0,0.0,0.4592377543449402,0.4592377543449402,1.0,0.4592377543449402,0.4592377245426178,0.4592377245426178,0.0,-0.0011014455230906606,0.01152574922889471,1.0,0.0002709862310439348,1.0,0.0,0.0,0.0002709862310439348,0.0,0.0,0.19517257809638977,0.0,0.4951725900173187,0.0,0.4951727092266083,0.4951727092266083,0.6931005716323853,0.0,0.0,0.0,0.0,0.0,0.0,0.0,0.0,1.0,0.0,-0.0008029621094465256,0.4663987159729004,0.04846620559692383,0.9554125666618347,0.0,16.720169067382812,16.721406936645508,16.721406936645508,0.13936254382133484,-0.07849366962909698,-2.4876697923836844e-10,0.0,0.0,4.934722423553467,4.934722423553467,1.6077795028686523,1.6077795028686523,0.6121789216995239,0.0,0.0,0.0,0.0,0.4951725900173187,2.110769514729327e-08,0.4951726496219635,0.4951727092266083,0.6931005716323853,0.0,1.6077795028686523,1.6077792644500732,1.6077795028686523,1.6047661304473877,0.01152574922889471,0.1913207620382309,0.02939561940729618,1.0,0.7647902965545654,0.7802016139030457,0.7518033981323242,0.0,,,,,,,,,,,,,,,12.0,0.0,0.0,0.0,0.0,0.0,0.0,,,,,,,,,,,,,,,,,,,,,,0.001
12,3840,train,18.972078323364258,15.808072090148926,15.805134773254395,0.0,0.04067462310194969,0.04067462310194969,0.0,0.005023886449635029,9.999999747378752e-06,0.004999999888241291,0.0010000000474974513,0.004999999888241291,9.999999747378752e-05,9.999999747378752e-05,0.10000000149011612,0.00026502905529923737,0.19490352272987366,0.0,0.0,0.0,0.0,0.0,0.0,0.0,0.0,0.4591993987560272,0.4591993987560272,1.0,0.4591993987560272,0.4591993987560272,0.4591993987560272,0.0,-0.001354579464532435,0.013976456597447395,1.0,0.00026502905529923737,1.0,0.0,0.0,0.00026502905529923737,0.0,0.0,0.19490352272987366,0.0,0.4949035346508026,0.0,0.4949033856391907,0.4949033856391907,0.6930954456329346,0.0,0.0,0.0,0.0,0.0,0.0,0.0,0.0,1.0,0.0,0.00014067419397179037,0.46580860018730164,0.04871267452836037,0.9549599289894104,0.0,15.805134773254395,15.808072090148926,15.808072090148926,0.1415475755929947,-0.09747303277254105,9.047236050607754e-12,0.0,0.0,4.8667311668396,4.8667311668396,1.6082383394241333,1.6082383394241333,0.6338629126548767,0.0,0.0,0.0,0.0,0.4949035346508026,0.0,0.4949033558368683,0.4949033558368683,0.6930954456329346,0.0,1.6082382202148438,1.6082383394241333,1.6082383394241333,1.6051747798919678,0.013976456597447395,0.19147846102714539,0.029337747022509575,1.0,0.7441425323486328,0.7893408536911011,0.7737876772880554,0.0,,,,,,,,,,,,,,,12.0,0.0,0.0,0.0,0.0,0.0,0.0,,,,,,,,,,,,,,,,,,,,,,0.001
12,3860,train,22.239185333251953,18.531251907348633,18.52463150024414,0.0,0.047507286071777344,0.047507286071777344,0.0,0.005114058498293161,9.999999747378752e-06,0.004999999888241291,0.0010000000474974513,0.004999999888241291,9.999999747378752e-05,9.999999747378752e-05,0.10000000149011612,0.0001730891817715019,0.19462630152702332,0.0,0.0,0.0,0.0,0.0,0.0,0.0,0.0,0.4583677053451538,0.4583677053451538,1.0,0.4583677053451538,0.4583677053451538,0.4583677053451538,0.0,-0.0012883098097518086,0.014570715837180614,1.0,0.0001730891817715019,1.0,0.0,0.0,0.0001730891817715019,0.0,0.0,0.19462630152702332,0.0,0.49462631344795227,0.0,0.49462637305259705,0.49462637305259705,0.6930893063545227,0.0,0.0,0.0,0.0,0.0,0.0,0.0,0.0,1.0,0.0,0.0017268286319449544,0.4643547534942627,0.04858391359448433,0.9541649222373962,0.0,18.52463150024414,18.531251907348633,18.531251907348633,0.15475913882255554,-0.1155853420495987,3.1615307594101694e-11,0.0,0.0,4.974815368652344,4.974815368652344,1.604234218597412,1.604234218597412,0.7098428010940552,0.0,0.0,0.0,0.0,0.49462631344795227,3.022219630111067e-08,0.49462631344795227,0.49462637305259705,0.6930893063545227,0.0,1.604234218597412,1.604234218597412,1.604234218597412,1.6052316427230835,0.014570715837180614,0.1907913237810135,0.02862008661031723,1.0,0.7424993515014648,0.7066614627838135,0.7517358660697937,0.0,,,,,,,,,,,,,,,12.0,0.0,0.0,0.0,0.0,0.0,0.0,,,,,,,,,,,,,,,,,,,,,,0.001
12,3880,train,21.800334930419922,18.16421127319336,18.165603637695312,0.0,0.04797292873263359,0.04797292873263359,0.0,0.005209955386817455,9.999999747378752e-06,0.004999999888241291,0.0010000000474974513,0.004999999888241291,9.999999747378752e-05,9.999999747378752e-05,0.10000000149011612,0.00014982224092818797,0.19444873929023743,0.0,0.0,0.0,0.0,0.0,0.0,0.0,0.0,0.45715072751045227,0.45715072751045227,1.0,0.45715072751045227,0.45715072751045227,0.45715072751045227,0.0,-0.0012993155978620052,0.013601033948361874,1.0,0.00014982224092818797,1.0,0.0,0.0,0.00014982224092818797,0.0,0.0,0.19444873929023743,0.0,0.4944487512111664,2.1355766932629194e-08,0.49444887042045593,0.4944489002227783,0.6930854320526123,0.0,0.0,0.0,0.0,0.0,0.0,0.0,0.0,1.0,0.0,-0.0011195909464731812,0.46286338567733765,0.048861149698495865,0.9535934329032898,0.0,18.165603637695312,18.16421127319336,18.16421127319336,0.16566893458366394,-0.10209519416093826,1.1555807699625831e-10,0.0,0.0,4.70098876953125,4.70098876953125,1.600679636001587,1.600679636001587,0.7035607695579529,0.0,0.0,0.0,0.0,0.4944487512111664,2.1146979278796607e-08,0.49444887042045593,0.4944489300251007,0.6930854320526123,0.0,1.600679636001587,1.600679636001587,1.600679636001587,1.603109359741211,0.013601033948361874,0.19298118352890015,0.029347611591219902,1.0,0.8059550523757935,0.7736053466796875,0.7733370661735535,0.0,,,,,,,,,,,,,,,12.0,0.0,0.0,0.0,0.0,0.0,0.0,,,,,,,,,,,,,,,,,,,,,,0.001
12,3900,train,20.180538177490234,16.816158294677734,16.80695915222168,0.0,0.04535279795527458,0.04535279795527458,0.0,0.005196031183004379,9.999999747378752e-06,0.004999999888241291,0.0010000000474974513,0.004999999888241291,9.999999747378752e-05,9.999999747378752e-05,0.10000000149011612,0.00024085836776066571,0.19425031542778015,0.0,0.0,0.0,0.0,0.0,0.0,0.0,0.0,0.45685285329818726,0.45685285329818726,1.0,0.45685285329818726,0.45685282349586487,0.45685282349586487,0.0,-0.0012599803740158677,0.014254183508455753,1.0,0.00024085836776066571,1.0,0.0,0.0,0.00024085836776066571,0.0,0.0,0.19425031542778015,0.0,0.4942503273487091,0.0,0.4942502975463867,0.4942502975463867,0.6930810213088989,0.0,0.0,0.0,0.0,0.0,0.0,0.0,0.0,1.0,0.0,-0.0005097478278912604,0.4653230607509613,0.0486452691257,0.9534128308296204,0.0,16.80695915222168,16.816158294677734,16.816158294677734,0.16511580348014832,-0.13829810917377472,-1.3489866168558962e-10,0.0,0.0,4.744063377380371,4.744063377380371,1.6025961637496948,1.6025961637496948,0.7135980725288391,0.0,0.0,0.0,0.0,0.4942503273487091,1.7708946531413972e-09,0.4942502975463867,0.4942503571510315,0.6930810213088989,0.0,1.6025961637496948,1.6025961637496948,1.6025961637496948,1.606213092803955,0.014254183508455753,0.19266581535339355,0.028804928064346313,1.0,0.7085511684417725,0.6871745586395264,0.7242645025253296,0.0,,,,,,,,,,,,,,,12.0,0.0,0.0,0.0,0.0,0.0,0.0,,,,,,,,,,,,,,,,,,,,,,0.001
12,3920,train,19.913923263549805,16.592140197753906,16.59412384033203,0.0,0.03838418424129486,0.03838418424129486,0.0,0.005114215426146984,9.999999747378752e-06,0.004999999888241291,0.0010000000474974513,0.004999999888241291,9.999999747378752e-05,9.999999747378752e-05,0.10000000149011612,0.0002078815596178174,0.19424578547477722,0.0,0.0,0.0,0.0,0.0,0.0,0.0,0.0,0.4578430950641632,0.4578430950641632,1.0,0.4578430950641632,0.4578430950641632,0.4578430950641632,0.0,-0.0012445099418982863,0.01233163196593523,1.0,0.0002078815596178174,1.0,0.0,0.0,0.0002078815596178174,0.0,0.0,0.19424578547477722,0.0,0.4942457973957062,0.0,0.4942460060119629,0.4942460060119629,0.6930810213088989,0.0,0.0,0.0,0.0,0.0,0.0,0.0,0.0,1.0,0.0,-0.0007749702781438828,0.463899701833725,0.04829481244087219,0.9540470242500305,0.0,16.59412384033203,16.592140197753906,16.592140197753906,0.13757795095443726,-0.08282792568206787,-3.689637831372217e-11,0.0,0.0,5.053272247314453,5.053272247314453,1.6091392040252686,1.6091392040252686,0.6464792490005493,0.0,0.0,0.0,0.0,0.4942457973957062,9.618658092236387e-10,0.4942460060119629,0.49424606561660767,0.6930810213088989,0.0,1.6091392040252686,1.6091392040252686,1.6091392040252686,1.608299732208252,0.01233163196593523,0.19303542375564575,0.02932371385395527,1.0,0.7701146602630615,0.7571481466293335,0.8168407678604126,0.0,,,,,,,,,,,,,,,12.0,0.0,0.0,0.0,0.0,0.0,0.0,,,,,,,,,,,,,,,,,,,,,,0.001
12,3940,train,21.09421730041504,17.576454162597656,17.57393455505371,0.0,0.04258890450000763,0.04258890450000763,0.0,0.0051093255169689655,9.999999747378752e-06,0.004999999888241291,0.0010000000474974513,0.004999999888241291,9.999999747378752e-05,9.999999747378752e-05,0.10000000149011612,0.00028326583560556173,0.1939508020877838,0.0,0.0,0.0,0.0,0.0,0.0,0.0,0.0,0.4570426642894745,0.4570426642894745,1.0,0.4570426642894745,0.4570426642894745,0.4570426642894745,0.0,-0.001826747553423047,0.017676496878266335,1.0,0.00028326583560556173,1.0,0.0,0.0,0.00028326583560556173,0.0,0.0,0.1939508020877838,0.0,0.4939507842063904,0.0,0.4939506947994232,0.4939506947994232,0.6930739879608154,0.0,0.0,0.0,0.0,0.0,0.0,0.0,0.0,1.0,0.0,0.0008409583824686706,0.46443653106689453,0.04836668446660042,0.9540075659751892,0.0,17.57393455505371,17.576454162597656,17.576454162597656,0.15866778790950775,-0.10073758661746979,-1.1009157474539677e-10,0.0,0.0,4.831573009490967,4.831573009490967,1.6044538021087646,1.6044538021087646,0.6705944538116455,0.0,0.0,0.0,0.0,0.49395081400871277,0.0,0.49395066499710083,0.49395066499710083,0.6930739879608154,0.0,1.6044538021087646,1.6044538021087646,1.6044538021087646,1.6084853410720825,0.017676496878266335,0.19348937273025513,0.029186708852648735,1.0,0.7763252854347229,0.6832319498062134,0.7394952774047852,0.0,,,,,,,,,,,,,,,12.0,0.0,0.0,0.0,0.0,0.0,0.0,,,,,,,,,,,,,,,,,,,,,,0.001
12,3960,train,19.575756072998047,16.311119079589844,16.308273315429688,0.0,0.0449490062892437,0.0449490062892437,0.0,0.005395414773374796,9.999999747378752e-06,0.004999999888241291,0.0010000000474974513,0.004999999888241291,9.999999747378752e-05,9.999999747378752e-05,0.10000000149011612,0.00022938408073969185,0.19365546107292175,0.0,0.0,0.0,0.0,0.0,0.0,0.0,0.0,0.4565735161304474,0.4565735161304474,1.0,0.4565735161304474,0.4565735161304474,0.4565735161304474,0.0,-0.0015541689936071634,0.016747651621699333,1.0,0.00022938408073969185,1.0,0.0,0.0,0.00022938408073969185,0.0,0.0,0.19365546107292175,0.0,0.4936554729938507,0.0,0.49365556240081787,0.49365556240081787,0.6930669546127319,0.0,0.0,0.0,0.0,0.0,0.0,0.0,0.0,1.0,0.0,0.002519911155104637,0.4607851803302765,0.049177493900060654,0.9520672559738159,0.0,16.308273315429688,16.311119079589844,16.311119079589844,0.15301473438739777,-0.11890724301338196,-6.861785445400059e-11,0.0,0.0,4.904266834259033,4.904266834259033,1.6082403659820557,1.6082403659820557,0.7008050084114075,0.0,0.0,0.0,0.0,0.4936554729938507,0.0,0.49365556240081787,0.49365556240081787,0.6930669546127319,0.0,1.6082403659820557,1.6082401275634766,1.6082403659820557,1.601190209388733,0.016747651621699333,0.19368672370910645,0.02864379994571209,1.0,0.6925637125968933,0.7130081057548523,0.7362641096115112,0.0,,,,,,,,,,,,,,,12.0,0.0,0.0,0.0,0.0,0.0,0.0,,,,,,,,,,,,,,,,,,,,,,0.001
12,3980,train,20.222312927246094,16.849878311157227,16.847370147705078,0.0,0.042113445699214935,0.042113445699214935,0.0,0.005417809356004,9.999999747378752e-06,0.004999999888241291,0.0010000000474974513,0.004999999888241291,9.999999747378752e-05,9.999999747378752e-05,0.10000000149011612,0.0001517008349765092,0.19347575306892395,0.0,0.0,0.0,0.0,0.0,0.0,0.0,0.0,0.4550555944442749,0.4550555944442749,1.0,0.4550555944442749,0.4550555944442749,0.4550555944442749,0.0,-0.0013073842274025083,0.01494461391121149,1.0,0.0001517008349765092,1.0,0.0,0.0,0.0001517008349765092,0.0,0.0,0.19347575306892395,0.0,0.4934757947921753,0.0,0.49347561597824097,0.49347561597824097,0.693061888217926,0.0,0.0,0.0,0.0,0.0,0.0,0.0,0.0,1.0,0.0,0.0007836195291019976,0.46302342414855957,0.04847509786486626,0.9513598084449768,0.0,16.847370147705078,16.849878311157227,16.849878311157227,0.15427051484584808,-0.07998050004243851,4.309119033818476e-11,0.0,0.0,4.6211957931518555,4.6211957931518555,1.5975738763809204,1.5975738763809204,0.6332123875617981,0.0,0.0,0.0,0.0,0.4934757649898529,0.0,0.49347561597824097,0.49347561597824097,0.693061888217926,0.0,1.5975738763809204,1.5975737571716309,1.5975738763809204,1.5993365049362183,0.01494461391121149,0.19487708806991577,0.028436066582798958,1.0,0.7571931481361389,0.7702851295471191,0.7718497514724731,0.0,,,,,,,,,,,,,,,12.0,0.0,0.0,0.0,0.0,0.0,0.0,,,,,,,,,,,,,,,,,,,,,,0.001
12,4000,train,21.455520629882812,17.87691307067871,17.878238677978516,0.0,0.044267911463975906,0.044267911463975906,0.0,0.005728315562009811,9.999999747378752e-06,0.004999999888241291,0.0010000000474974513,0.004999999888241291,9.999999747378752e-05,9.999999747378752e-05,0.10000000149011612,0.00021764947450719774,0.19318291544914246,0.0,0.0,0.0,0.0,0.0,0.0,0.0,0.0,0.4530152976512909,0.4530152976512909,1.0,0.4530152976512909,0.4530152976512909,0.4530152976512909,0.0,-0.002121571684256196,0.019016925245523453,1.0,0.00021764947450719774,1.0,0.0,0.0,0.00021764947450719774,0.0,0.0,0.19318291544914246,0.0,0.4931829273700714,0.0,0.4931827485561371,0.4931827485561371,0.6930542588233948,0.0,0.0,0.0,0.0,0.0,0.0,0.0,0.0,1.0,0.0,0.0003596466558519751,0.4619717299938202,0.04925570264458656,0.9493581652641296,0.0,17.878238677978516,17.87691307067871,17.87691307067871,0.19127604365348816,-0.14736899733543396,-2.9839911097617744e-10,0.0,0.0,5.074603080749512,5.074603080749512,1.6013895273208618,1.6013895273208618,0.882273256778717,0.0,0.0,0.0,0.0,0.4931829273700714,0.0,0.4931827187538147,0.4931827187538147,0.6930542588233948,0.0,1.6013891696929932,1.6013895273208618,1.6013895273208618,1.6012238264083862,0.019016925245523453,0.19539077579975128,0.028281381353735924,1.0,0.7989151477813721,0.786162257194519,0.7704542875289917,0.0,,,,,,,,,,,,,,,12.0,0.0,0.0,0.0,0.0,0.0,0.0,,,,,,,,,,,,,,,,,,,,,,0.001
12,4008,train_epoch,20.592350126026634,17.157872114352838,17.15747656222589,0.0,0.04466982586253546,0.04466982586253546,0.0,0.005197878800120628,9.999999747378752e-06,0.004999999888241291,0.0010000000474974513,0.004999999888241291,9.999999747378752e-05,9.999999747378752e-05,0.10000000149011612,0.00023585634348247602,0.19494617386849342,0.0,0.0,0.0,0.0,0.0,0.0,0.0,0.0,0.45670158857713916,0.45670158857713916,1.0,0.45670158857713916,0.45670158759562557,0.45670158759562557,0.0,-0.0013735528246215183,0.013467150623213032,1.0,0.00023585634348247602,1.0,0.0,0.0,0.00023585634348247602,0.0,0.0,0.19494617386849342,0.0,0.4949461868601645,8.186368691547863e-09,0.4949461635715233,0.49494618659247896,0.693093918754669,0.0,0.0,0.0,0.0,0.0,0.0,0.0,0.0,1.0,0.0,0.00010745248687135518,0.4645097814277261,0.048489740386069895,0.952902852775094,0.0,17.15747656222589,17.157872114352838,17.157872114352838,0.14757526271089821,-0.10928776621550856,7.0523939008341315e-12,0.0,0.0,4.919348199924309,4.9193481942136845,1.6022405345996698,1.6022405345996698,0.6678167465561164,0.0,0.0,0.0,0.0,0.49494618578942234,1.4423560782200052e-08,0.4949461368921988,0.4949461887339632,0.693093918754669,0.0,1.6022404871301024,1.6022404785641653,1.6022405345996698,1.6022837033528767,0.013467150623213032,0.19340032553244493,0.02910251537906731,1.0,0.7439132024071173,0.744444543194628,0.7443764968189651,0.0,,,,,,,,,,,,,,,12.0,0.0,0.0,0.0,0.0,0.0,0.0,,,,,,,,,,,,,,,,,,,,,,0.001
12,4008,val,,,,,,,,,,,,,,,,,,,,,,,,,,,,,,,,,,,,,,,,,,,,,,,,,,,,,,,,,,,,,,,,,,,,,,,,,,,,,,,,,,,,,,,,,,,,,,,,,,,,,,,,,,,,,,,,,,,,,,,,,17.286165237426758,751.842041015625,27.419738164607352,0.11397242546081543,0.07376919686794281,15.333683967590332,24.3622537787391,0.10303280502557755,0.06550654023885727,17.50861358642578,27.56404673416589,0.11213844269514084,0.07472921162843704,20.180561065673828,31.614380512288726,0.13618087768554688,0.08597883582115173,17.286165237426758,27.419738164607352,0.11397242546081543,0.07376919686794281,0.001
12,4008,test_select,,,,,,,,,,,,,,,,,,,,,,,,,,,,,,,,,,,,,,,,,,,,,,,,,,,,,,,,,,,,,,,,,,,,,,,,,,,,,,,,,,,,,,,,,,,,,,,,,,,,,,,,,,,,,,,,,,,,,,,,,21.885602951049805,1218.9896240234375,34.91403190729248,0.12103696167469025,0.0888933539390564,17.847633361816406,28.04074075501294,0.10369371622800827,0.07245101034641266,21.96662139892578,34.49505314398356,0.1185414120554924,0.08921391516923904,27.90635871887207,43.60576391355133,0.15314914286136627,0.11345494538545609,21.885602951049805,34.91403190729248,0.12103696167469025,0.0888933539390564,0.001
13,4020,train,21.763771057128906,18.131916046142578,18.136991500854492,0.0,0.04678532853722572,0.04678532853722572,0.0,0.005780521780252457,1.4999999621068127e-05,0.007499999832361937,0.001500000013038516,0.007499999832361937,0.0001500000071246177,0.0001500000071246177,0.15000000596046448,0.00020101551490370184,0.19284862279891968,0.0,0.0,0.0,0.0,0.0,0.0,0.0,0.0,0.4532289206981659,0.4532289206981659,1.0,0.4532289206981659,0.4532289206981659,0.4532289206981659,0.0,-0.0023707288783043623,0.02004351280629635,1.0,0.00020101551490370184,1.0,0.0,0.0,0.00020101551490370184,0.0,0.0,0.19284862279891968,0.0,0.49284863471984863,0.0,0.4928487241268158,0.4928487241268158,0.6930447816848755,0.0,0.0,0.0,0.0,0.0,0.0,0.0,0.0,1.0,0.0,0.0007981571252457798,0.46032482385635376,0.048632726073265076,0.9484750628471375,0.0,18.136991500854492,18.131916046142578,18.131916046142578,0.14073465764522552,-0.10995425283908844,-2.7701238525246197e-10,0.0,0.0,5.06435489654541,5.06435489654541,1.600299596786499,1.600299596786499,0.6881146430969238,0.0,0.0,0.0,0.0,0.49284863471984863,0.0,0.4928486943244934,0.4928486943244934,0.6930447816848755,0.0,1.600299596786499,1.600299596786499,1.600299596786499,1.601935863494873,0.02004351280629635,0.1968800276517868,0.028738565742969513,1.0,0.6119954586029053,0.6585282683372498,0.7120405435562134,0.0,,,,,,,,,,,,,,,12.0,0.0,0.0,0.0,0.0,0.0,0.0,,,,,,,,,,,,,,,,,,,,,,0.001
13,4040,train,20.22687339782715,16.85136604309082,16.855350494384766,0.0,0.04476870223879814,0.04476870223879814,0.0,0.0056976559571921825,1.4999999621068127e-05,0.007499999832361937,0.001500000013038516,0.007499999832361937,0.0001500000071246177,0.0001500000071246177,0.15000000596046448,0.0001783124462235719,0.1921226978302002,0.0,0.0,0.0,0.0,0.0,0.0,0.0,0.0,0.4523509442806244,0.4523509442806244,1.0,0.4523509442806244,0.4523509442806244,0.4523509442806244,0.0,-0.003027502680197358,0.026715878397226334,1.0,0.0001783124462235719,1.0,0.0,0.0,0.0001783124462235719,0.0,0.0,0.1921226978302002,0.0,0.49212273955345154,0.0,0.4921228587627411,0.4921228587627411,0.6930232048034668,0.0,0.0,0.0,0.0,0.0,0.0,0.0,0.0,1.0,0.0,-0.0003917846770491451,0.46406081318855286,0.04781884700059891,0.9486593008041382,0.0,16.855350494384766,16.85136604309082,16.85136604309082,0.16257938742637634,-0.1231829971075058,-7.777211513682047e-11,0.0,0.0,4.879019260406494,4.879019260406494,1.5949763059616089,1.5949763059616089,0.7349135875701904,0.0,0.0,0.0,0.0,0.49212270975112915,0.0,0.4921228587627411,0.4921228587627411,0.6930232048034668,0.0,1.5949763059616089,1.5949760675430298,1.5949763059616089,1.6007126569747925,0.026715878397226334,0.1955847591161728,0.0282453540712595,1.0,0.7075126767158508,0.7409070730209351,0.7391621470451355,0.0,,,,,,,,,,,,,,,12.0,0.0,0.0,0.0,0.0,0.0,0.0,,,,,,,,,,,,,,,,,,,,,,0.001
13,4060,train,20.395166397094727,16.99247169494629,16.99142837524414,0.0,0.04111510142683983,0.04111510142683983,0.0,0.005704630631953478,1.4999999621068127e-05,0.007499999832361937,0.001500000013038516,0.007499999832361937,0.0001500000071246177,0.0001500000071246177,0.15000000596046448,0.00034612719900906086,0.19170233607292175,0.0,0.0,0.0,0.0,0.0,0.0,0.0,0.0,0.4524924159049988,0.4524924159049988,1.0,0.4524924159049988,0.45249244570732117,0.45249244570732117,0.0,-0.0022469779942184687,0.02063949964940548,1.0,0.00034612719900906086,1.0,0.0,0.0,0.00034612719900906086,0.0,0.0,0.19170233607292175,0.0,0.4917023479938507,0.0,0.49170249700546265,0.49170249700546265,0.6930097341537476,0.0,0.0,0.0,0.0,0.0,0.0,0.0,0.0,1.0,0.0,-0.0007140152156352997,0.46348837018013,0.04781836271286011,0.9486446976661682,0.0,16.99142837524414,16.99247169494629,16.99247169494629,0.1615018993616104,-0.11153358221054077,-6.125841500725926e-10,0.0,0.0,4.776233673095703,4.776233673095703,1.5998647212982178,1.5998647212982178,0.7144651412963867,0.0,0.0,0.0,0.0,0.4917023479938507,0.0,0.49170249700546265,0.49170249700546265,0.6930097341537476,0.0,1.5998647212982178,1.5998644828796387,1.5998647212982178,1.590972900390625,0.02063949964940548,0.1952584683895111,0.028729122132062912,1.0,0.7763044834136963,0.7654241323471069,0.7396163940429688,0.0,,,,,,,,,,,,,,,12.0,0.0,0.0,0.0,0.0,0.0,0.0,,,,,,,,,,,,,,,,,,,,,,0.001
13,4080,train,20.595550537109375,17.159143447875977,17.15997314453125,0.0,0.0406000129878521,0.0406000129878521,0.0,0.0057192579843103886,1.4999999621068127e-05,0.007499999832361937,0.001500000013038516,0.007499999832361937,0.0001500000071246177,0.0001500000071246177,0.15000000596046448,0.0002783503441605717,0.19141435623168945,0.0,0.0,0.0,0.0,0.0,0.0,0.0,0.0,0.4531467854976654,0.4531467854976654,1.0,0.4531467854976654,0.4531467854976654,0.4531467854976654,0.0,-0.0021022316068410873,0.019990600645542145,1.0,0.0002783503441605717,1.0,0.0,0.0,0.0002783503441605717,0.0,0.0,0.19141435623168945,0.0,0.4914143681526184,0.0,0.49141448736190796,0.49141448736190796,0.692999541759491,0.0,0.0,0.0,0.0,0.0,0.0,0.0,0.0,1.0,0.0,0.0010330940131098032,0.4609585106372833,0.048312731087207794,0.9490804076194763,0.0,17.15997314453125,17.159143447875977,17.159143447875977,0.15892334282398224,-0.11149909347295761,-8.420317915147635e-11,0.0,0.0,4.776639461517334,4.776639461517334,1.5946307182312012,1.5946307182312012,0.7111691832542419,0.0,0.0,0.0,0.0,0.4914143681526184,0.0,0.49141445755958557,0.49141445755958557,0.692999541759491,0.0,1.5946307182312012,1.5946307182312012,1.5946307182312012,1.597343921661377,0.019990600645542145,0.19643068313598633,0.02941141277551651,1.0,0.7523264288902283,0.7780467867851257,0.762995719909668,0.0,,,,,,,,,,,,,,,12.0,0.0,0.0,0.0,0.0,0.0,0.0,,,,,,,,,,,,,,,,,,,,,,0.001
13,4100,train,20.20900535583496,16.83805274963379,16.832651138305664,0.0,0.04152272269129753,0.04152272269129753,0.0,0.005663235671818256,1.4999999621068127e-05,0.007499999832361937,0.001500000013038516,0.007499999832361937,0.0001500000071246177,0.0001500000071246177,0.15000000596046448,0.00017342742648907006,0.19131016731262207,0.0,0.0,0.0,0.0,0.0,0.0,0.0,0.0,0.45370960235595703,0.45370960235595703,1.0,0.45370960235595703,0.4537096321582794,0.4537096321582794,0.0,-0.0018465719185769558,0.018860679119825363,1.0,0.00017342742648907006,1.0,0.0,0.0,0.00017342742648907006,0.0,0.0,0.19131016731262207,0.0,0.491310179233551,0.0,0.491310179233551,0.491310179233551,0.6929963231086731,0.0,0.0,0.0,0.0,0.0,0.0,0.0,0.0,1.0,0.0,-0.0026611671783030033,0.4635866582393646,0.048651035875082016,0.9499172568321228,0.0,16.832651138305664,16.83805274963379,16.83805274963379,0.1646450012922287,-0.12700319290161133,9.917493215549911e-11,0.0,0.0,4.881983280181885,4.881983280181885,1.6008354425430298,1.6008354425430298,0.7502871751785278,0.0,0.0,0.0,0.0,0.491310179233551,0.0,0.49131014943122864,0.49131014943122864,0.6929963231086731,0.0,1.6008354425430298,1.6008354425430298,1.6008354425430298,1.6026121377944946,0.018860679119825363,0.19610178470611572,0.0286321509629488,1.0,0.7716726064682007,0.7328064441680908,0.7899950742721558,0.0,,,,,,,,,,,,,,,12.0,0.0,0.0,0.0,0.0,0.0,0.0,,,,,,,,,,,,,,,,,,,,,,0.001
13,4120,train,21.658428192138672,18.04598045349121,18.039936065673828,0.0,0.04506111890077591,0.04506111890077591,0.0,0.0055645122192800045,1.4999999621068127e-05,0.007499999832361937,0.001500000013038516,0.007499999832361937,0.0001500000071246177,0.0001500000071246177,0.15000000596046448,0.0001818792225094512,0.19136840105056763,0.0,0.0,0.0,0.0,0.0,0.0,0.0,0.0,0.45500025153160095,0.45500025153160095,1.0,0.45500025153160095,0.45500022172927856,0.45500022172927856,0.0,-0.002226816024631262,0.019104426726698875,1.0,0.0001818792225094512,1.0,0.0,0.0,0.0001818792225094512,0.0,0.0,0.19136840105056763,0.0,0.4913684129714966,0.0,0.49136853218078613,0.49136853218078613,0.6929982304573059,0.0,0.0,0.0,0.0,0.0,0.0,0.0,0.0,1.0,0.0,0.0007709178607910872,0.46006184816360474,0.04898552596569061,0.9511139988899231,0.0,18.039936065673828,18.04598045349121,18.04598045349121,0.14922167360782623,-0.08789991587400436,7.58861515293141e-11,0.0,0.0,4.941574573516846,4.941574573516846,1.6039307117462158,1.6039307117462158,0.6925066709518433,0.0,0.0,0.0,0.0,0.4913684129714966,0.0,0.49136853218078613,0.49136853218078613,0.6929982304573059,0.0,1.6039307117462158,1.6039307117462158,1.6039307117462158,1.6074459552764893,0.019104426726698875,0.19508036971092224,0.02874043956398964,1.0,0.7173671722412109,0.7597613334655762,0.7158780097961426,0.0,,,,,,,,,,,,,,,12.0,0.0,0.0,0.0,0.0,0.0,0.0,,,,,,,,,,,,,,,,,,,,,,0.001
13,4140,train,20.315345764160156,16.926820755004883,16.920339584350586,0.0,0.042482201009988785,0.042482201009988785,0.0,0.005414234008640051,1.4999999621068127e-05,0.007499999832361937,0.001500000013038516,0.007499999832361937,0.0001500000071246177,0.0001500000071246177,0.15000000596046448,0.0002849646261893213,0.19132262468338013,0.0,0.0,0.0,0.0,0.0,0.0,0.0,0.0,0.45684561133384705,0.45684561133384705,1.0,0.45684561133384705,0.45684558153152466,0.45684558153152466,0.0,-0.0019226145232096314,0.018612563610076904,1.0,0.0002849646261893213,1.0,0.0,0.0,0.0002849646261893213,0.0,0.0,0.19132262468338013,0.0,0.4913226366043091,0.0,0.49132269620895386,0.49132269620895386,0.6929967999458313,0.0,0.0,0.0,0.0,0.0,0.0,0.0,0.0,1.0,0.0,0.0008490353939123452,0.46247878670692444,0.04895847663283348,0.952632486820221,0.0,16.920339584350586,16.926820755004883,16.926820755004883,0.14925572276115417,-0.10172976553440094,-2.33039809671709e-10,0.0,0.0,5.021884918212891,5.021884918212891,1.6054942607879639,1.6054942607879639,0.701859176158905,0.0,0.0,0.0,0.0,0.4913226366043091,0.0,0.49132269620895386,0.49132269620895386,0.6929967999458313,0.0,1.6054942607879639,1.6054941415786743,1.6054942607879639,1.6094270944595337,0.018612563610076904,0.1937524527311325,0.028791310265660286,1.0,0.7107123136520386,0.7079362273216248,0.6691427230834961,0.0,,,,,,,,,,,,,,,12.0,0.0,0.0,0.0,0.0,0.0,0.0,,,,,,,,,,,,,,,,,,,,,,0.001
13,4160,train,20.01848602294922,16.676820755004883,16.686059951782227,0.0,0.041788920760154724,0.041788920760154724,0.0,0.00531727122142911,1.4999999621068127e-05,0.007499999832361937,0.001500000013038516,0.007499999832361937,0.0001500000071246177,0.0001500000071246177,0.15000000596046448,0.00023440367658622563,0.19150543212890625,0.0,0.0,0.0,0.0,0.0,0.0,0.0,0.0,0.45696476101875305,0.45696476101875305,1.0,0.45696476101875305,0.45696476101875305,0.45696476101875305,0.0,-0.0016498678596690297,0.01581508107483387,1.0,0.00023440367658622563,1.0,0.0,0.0,0.00023440367658622563,0.0,0.0,0.19150543212890625,0.0,0.4915054440498352,0.0,0.4915052354335785,0.4915052354335785,0.6930027604103088,0.0,0.0,0.0,0.0,0.0,0.0,0.0,0.0,1.0,0.0,-0.0003002221055794507,0.46280932426452637,0.04921015724539757,0.9538654685020447,0.0,16.686059951782227,16.676820755004883,16.676820755004883,0.14107653498649597,-0.08959965407848358,9.505208425908407e-11,0.0,0.0,4.942674160003662,4.942674160003662,1.6097570657730103,1.6097570657730103,0.6561397910118103,0.0,0.0,0.0,0.0,0.4915054440498352,1.1481339434737947e-08,0.4915052056312561,0.4915052652359009,0.6930027604103088,0.0,1.6097568273544312,1.6097570657730103,1.6097570657730103,1.6032754182815552,0.01581508107483387,0.19429104030132294,0.02923361398279667,1.0,0.7130166292190552,0.7442504167556763,0.7294998168945312,0.0,,,,,,,,,,,,,,,12.0,0.0,0.0,0.0,0.0,0.0,0.0,,,,,,,,,,,,,,,,,,,,,,0.001
13,4180,train,20.824525833129883,17.348264694213867,17.359018325805664,0.0,0.04011707752943039,0.04011707752943039,0.0,0.005219732876867056,1.4999999621068127e-05,0.007499999832361937,0.001500000013038516,0.007499999832361937,0.0001500000071246177,0.0001500000071246177,0.15000000596046448,0.00020209111971780658,0.19149872660636902,0.0,0.0,0.0,0.0,0.0,0.0,0.0,0.0,0.45861876010894775,0.45861876010894775,1.0,0.45861876010894775,0.45861876010894775,0.45861876010894775,0.0,-0.0021300914231687784,0.02017778716981411,1.0,0.00020209111971780658,1.0,0.0,0.0,0.00020209111971780658,0.0,0.0,0.19149872660636902,0.0,0.491498738527298,0.0,0.49149858951568604,0.49149858951568604,0.6930026412010193,0.0,0.0,0.0,0.0,0.0,0.0,0.0,0.0,1.0,0.0,-0.0014139701379463077,0.4610520303249359,0.049218133091926575,0.9549975395202637,0.0,17.359018325805664,17.348264694213867,17.348264694213867,0.16946059465408325,-0.11572802066802979,-5.332976282801383e-10,0.0,0.0,4.900767803192139,4.900766849517822,1.6098802089691162,1.6098802089691162,0.7591463923454285,0.0,0.0,0.0,0.0,0.491498738527298,0.0,0.49149858951568604,0.49149858951568604,0.6930026412010193,0.0,1.6098802089691162,1.6098802089691162,1.6098802089691162,1.6071733236312866,0.02017778716981411,0.19304797053337097,0.028608303517103195,1.0,0.7238041758537292,0.7401213645935059,0.706702709197998,0.0,,,,,,,,,,,,,,,12.0,0.0,0.0,0.0,0.0,0.0,0.0,,,,,,,,,,,,,,,,,,,,,,0.001
13,4200,train,19.001245498657227,15.831094741821289,15.8284330368042,0.0,0.04015854373574257,0.04015854373574257,0.0,0.005180012434720993,1.4999999621068127e-05,0.007499999832361937,0.001500000013038516,0.007499999832361937,0.0001500000071246177,0.0001500000071246177,0.15000000596046448,0.00024783669505268335,0.1913398802280426,0.0,0.0,0.0,0.0,0.0,0.0,0.0,0.0,0.4595116078853607,0.4595116078853607,1.0,0.4595116078853607,0.4595116078853607,0.4595116078853607,0.0,-0.0018161068437620997,0.019951462745666504,1.0,0.00024783669505268335,1.0,0.0,0.0,0.00024783669505268335,0.0,0.0,0.1913398802280426,0.0,0.49133992195129395,0.0,0.4913400113582611,0.4913400113582611,0.6929970383644104,0.0,0.0,0.0,0.0,0.0,0.0,0.0,0.0,1.0,0.0,0.001028910162858665,0.4635150730609894,0.04923802986741066,0.9555167555809021,0.0,15.8284330368042,15.831094741821289,15.831094741821289,0.15862704813480377,-0.11825696378946304,-1.7316835465575053e-10,0.0,0.0,4.873000144958496,4.873000621795654,1.6126989126205444,1.6126989126205444,0.7082244753837585,0.0,0.0,0.0,0.0,0.49133989214897156,0.0,0.4913399815559387,0.4913399815559387,0.6929970383644104,0.0,1.6126989126205444,1.6126989126205444,1.6126989126205444,1.617607593536377,0.019951462745666504,0.1943359375,0.0293122548609972,1.0,0.6783004999160767,0.6938914060592651,0.6873728632926941,0.0,,,,,,,,,,,,,,,12.0,0.0,0.0,0.0,0.0,0.0,0.0,,,,,,,,,,,,,,,,,,,,,,0.001
13,4220,train,18.924560546875,15.767284393310547,15.76404094696045,0.0,0.04090489447116852,0.04090489447116852,0.0,0.005106176249682903,1.4999999621068127e-05,0.007499999832361937,0.001500000013038516,0.007499999832361937,0.0001500000071246177,0.0001500000071246177,0.15000000596046448,0.00016341768787242472,0.19138458371162415,0.0,0.0,0.0,0.0,0.0,0.0,0.0,0.0,0.4590005576610565,0.4590005576610565,1.0,0.4590005576610565,0.4590005576610565,0.4590005576610565,0.0,-0.0013688475592061877,0.016069943085312843,1.0,0.00016341768787242472,1.0,0.0,0.0,0.00016341768787242472,0.0,0.0,0.19138458371162415,0.0,0.4913846254348755,0.0,0.49138474464416504,0.49138474464416504,0.6929988265037537,0.0,0.0,0.0,0.0,0.0,0.0,0.0,0.0,1.0,0.0,0.0001583214325364679,0.4617968499660492,0.04924716800451279,0.9564658999443054,0.0,15.76404094696045,15.767284393310547,15.767284393310547,0.1313522756099701,-0.04359474405646324,-2.4465851219956924e-11,0.0,0.0,4.635680675506592,4.635680675506592,1.6147308349609375,1.6147308349609375,0.5445950627326965,0.0,0.0,0.0,0.0,0.4913845956325531,0.0,0.49138474464416504,0.49138474464416504,0.6929988265037537,0.0,1.6147308349609375,1.6147308349609375,1.6147308349609375,1.6155768632888794,0.016069943085312843,0.1933377981185913,0.028943320736289024,1.0,0.7582521438598633,0.7459926605224609,0.7357139587402344,0.0,,,,,,,,,,,,,,,12.0,0.0,0.0,0.0,0.0,0.0,0.0,,,,,,,,,,,,,,,,,,,,,,0.001
13,4240,train,21.582321166992188,17.98166847229004,17.980899810791016,0.0,0.03928130492568016,0.03928130492568016,0.0,0.005056669469922781,1.4999999621068127e-05,0.007499999832361937,0.001500000013038516,0.007499999832361937,0.0001500000071246177,0.0001500000071246177,0.15000000596046448,0.00017448083963245153,0.19157308340072632,0.0,0.0,0.0,0.0,0.0,0.0,0.0,0.0,0.4610397219657898,0.4610397219657898,1.0,0.4610397219657898,0.4610396921634674,0.4610396921634674,0.0,-0.0015578385209664702,0.016475562006235123,1.0,0.00017448083963245153,1.0,0.0,0.0,0.00017448083963245153,0.0,0.0,0.19157308340072632,0.0,0.4915730953216553,0.0,0.49157294631004333,0.49157294631004333,0.6930051445960999,0.0,0.0,0.0,0.0,0.0,0.0,0.0,0.0,1.0,0.0,-0.0008440603851340711,0.46299898624420166,0.0493941530585289,0.9573344588279724,0.0,17.980899810791016,17.98166847229004,17.98166847229004,0.15161637961864471,-0.09571238607168198,-2.241520441481626e-10,0.0,0.0,4.556864261627197,4.556864261627197,1.6159169673919678,1.6159169673919678,0.6538156867027283,0.0,0.0,0.0,0.0,0.4915730953216553,0.0,0.49157294631004333,0.49157294631004333,0.6930051445960999,0.0,1.6159169673919678,1.6159169673919678,1.6159169673919678,1.6138362884521484,0.016475562006235123,0.19129247963428497,0.02855483628809452,1.0,0.7088686227798462,0.7361102104187012,0.7327954769134521,0.0,,,,,,,,,,,,,,,12.0,0.0,0.0,0.0,0.0,0.0,0.0,,,,,,,,,,,,,,,,,,,,,,0.001
13,4260,train,20.0640869140625,16.71563148498535,16.71982192993164,0.0,0.04079928249120712,0.04079928249120712,0.0,0.005018020048737526,1.4999999621068127e-05,0.007499999832361937,0.001500000013038516,0.007499999832361937,0.0001500000071246177,0.0001500000071246177,0.15000000596046448,0.00024916359689086676,0.19163843989372253,0.0,0.0,0.0,0.0,0.0,0.0,0.0,0.0,0.46204423904418945,0.46204423904418945,1.0,0.46204423904418945,0.46204423904418945,0.46204423904418945,0.0,-0.001597081427462399,0.018319254741072655,1.0,0.00024916359689086676,1.0,0.0,0.0,0.00024916359689086676,0.0,0.0,0.19163843989372253,0.0,0.4916384518146515,0.0,0.49163854122161865,0.49163854122161865,0.693007230758667,0.0,0.0,0.0,0.0,0.0,0.0,0.0,0.0,1.0,0.0,0.0011312741553410888,0.4608216881752014,0.04967749863862991,0.9582608938217163,0.0,16.71982192993164,16.71563148498535,16.71563148498535,0.17298541963100433,-0.12937678396701813,-3.6086647559052665e-10,0.0,0.0,4.968180179595947,4.968180179595947,1.6196693181991577,1.6196693181991577,0.8060992360115051,0.0,0.0,0.0,0.0,0.4916384518146515,0.0,0.49163854122161865,0.49163854122161865,0.693007230758667,0.0,1.6196693181991577,1.6196691989898682,1.6196693181991577,1.6143627166748047,0.018319254741072655,0.19180598855018616,0.028918908908963203,1.0,0.684228241443634,0.7075719237327576,0.6970956325531006,0.0,,,,,,,,,,,,,,,12.0,0.0,0.0,0.0,0.0,0.0,0.0,,,,,,,,,,,,,,,,,,,,,,0.001
13,4280,train,21.643686294555664,18.03192901611328,18.036256790161133,0.0,0.04146314784884453,0.04146314784884453,0.0,0.005010067485272884,1.4999999621068127e-05,0.007499999832361937,0.001500000013038516,0.007499999832361937,0.0001500000071246177,0.0001500000071246177,0.15000000596046448,0.00021326038404367864,0.19154000282287598,0.0,0.0,0.0,0.0,0.0,0.0,0.0,0.0,0.46274256706237793,0.46274256706237793,1.0,0.46274256706237793,0.46274256706237793,0.46274256706237793,0.0,-0.0019392977701500058,0.020841188728809357,1.0,0.00021326038404367864,1.0,0.0,0.0,0.00021326038404367864,0.0,0.0,0.19154000282287598,0.0,0.49154001474380493,0.0,0.4915400445461273,0.4915400445461273,0.6930040717124939,0.0,0.0,0.0,0.0,0.0,0.0,0.0,0.0,1.0,0.0,-0.0025909312535077333,0.4606318771839142,0.050179436802864075,0.9588027596473694,0.0,18.036256790161133,18.03192901611328,18.03192901611328,0.1730032116174698,-0.1252296268939972,-1.7473619773333837e-10,0.0,0.0,4.992128849029541,4.992128849029541,1.6157495975494385,1.6157495975494385,0.7927472591400146,0.0,0.0,0.0,0.0,0.49154001474380493,0.0,0.49154001474380493,0.49154001474380493,0.6930040717124939,0.0,1.615749478340149,1.6157495975494385,1.6157495975494385,1.6224244832992554,0.020841188728809357,0.1909782737493515,0.029157210141420364,1.0,0.7254503965377808,0.7157341837882996,0.6901280283927917,0.0,,,,,,,,,,,,,,,12.0,0.0,0.0,0.0,0.0,0.0,0.0,,,,,,,,,,,,,,,,,,,,,,0.001
13,4300,train,19.380571365356445,16.14739990234375,16.14335060119629,0.0,0.04113917797803879,0.04113917797803879,0.0,0.0050998255610466,1.4999999621068127e-05,0.007499999832361937,0.001500000013038516,0.007499999832361937,0.0001500000071246177,0.0001500000071246177,0.15000000596046448,0.00023228314239531755,0.1911487877368927,0.0,0.0,0.0,0.0,0.0,0.0,0.0,0.0,0.4624718427658081,0.4624718427658081,1.0,0.4624718427658081,0.4624718427658081,0.4624718427658081,0.0,-0.0017670410452410579,0.022738518193364143,1.0,0.00023228314239531755,1.0,0.0,0.0,0.00023228314239531755,0.0,0.0,0.1911487877368927,0.0,0.49114879965782166,0.0,0.4911486506462097,0.4911486506462097,0.6929907202720642,0.0,0.0,0.0,0.0,0.0,0.0,0.0,0.0,1.0,0.0,-0.0008562417351640761,0.4603147804737091,0.050396453589200974,0.9583820700645447,0.0,16.14335060119629,16.14739990234375,16.14739990234375,0.1769985407590866,-0.12844829261302948,1.0362369295968676e-10,0.0,0.0,4.8504486083984375,4.850449085235596,1.616456151008606,1.616456151008606,0.8073259592056274,0.0,0.0,0.0,0.0,0.49114879965782166,0.0,0.49114862084388733,0.49114862084388733,0.6929907202720642,0.0,1.6164557933807373,1.616456151008606,1.616456151008606,1.6190402507781982,0.022738518193364143,0.1906043142080307,0.029284724965691566,1.0,0.6927833557128906,0.7295397520065308,0.7232521772384644,0.0,,,,,,,,,,,,,,,12.0,0.0,0.0,0.0,0.0,0.0,0.0,,,,,,,,,,,,,,,,,,,,,,0.001
13,4320,train,20.28497314453125,16.902048110961914,16.892290115356445,0.0,0.03751017898321152,0.03751017898321152,0.0,0.005086490418761969,1.4999999621068127e-05,0.007499999832361937,0.001500000013038516,0.007499999832361937,0.0001500000071246177,0.0001500000071246177,0.15000000596046448,0.0002722125791478902,0.1908102035522461,0.0,0.0,0.0,0.0,0.0,0.0,0.0,0.0,0.46199578046798706,0.46199578046798706,1.0,0.46199578046798706,0.46199581027030945,0.46199581027030945,0.0,-0.0020127850584685802,0.023926740512251854,1.0,0.0002722125791478902,1.0,0.0,0.0,0.0002722125791478902,0.0,0.0,0.1908102035522461,0.0,0.49081024527549744,0.0,0.4908100962638855,0.4908100962638855,0.6929781436920166,0.0,0.0,0.0,0.0,0.0,0.0,0.0,0.0,1.0,0.0,0.001049015554599464,0.4593064486980438,0.04977971687912941,0.9580918550491333,0.0,16.892290115356445,16.902048110961914,16.902048110961914,0.16045568883419037,-0.09268825501203537,-6.238953798032298e-11,0.0,0.0,4.5014238357543945,4.5014238357543945,1.6168920993804932,1.6168920993804932,0.6721929311752319,0.0,0.0,0.0,0.0,0.49081021547317505,0.0,0.4908100962638855,0.4908100962638855,0.6929781436920166,0.0,1.6168920993804932,1.616891860961914,1.6168920993804932,1.6194467544555664,0.023926740512251854,0.190245121717453,0.029194282367825508,1.0,0.7369579672813416,0.7402234077453613,0.7207627296447754,0.0,,,,,,,,,,,,,,,12.0,0.0,0.0,0.0,0.0,0.0,0.0,,,,,,,,,,,,,,,,,,,,,,0.001
13,4340,train,20.257415771484375,16.87618637084961,16.883699417114258,0.0,0.042815323919057846,0.042815323919057846,0.0,0.005124020390212536,1.4999999621068127e-05,0.007499999832361937,0.001500000013038516,0.007499999832361937,0.0001500000071246177,0.0001500000071246177,0.15000000596046448,0.0002889705647248775,0.19078844785690308,0.0,0.0,0.0,0.0,0.0,0.0,0.0,0.0,0.4600948691368103,0.4600948691368103,1.0,0.4600948691368103,0.4600948691368103,0.4600948691368103,0.0,-0.0018496366683393717,0.01998281106352806,1.0,0.0002889705647248775,1.0,0.0,0.0,0.0002889705647248775,0.0,0.0,0.19078844785690308,0.0,0.49078842997550964,0.0,0.49078822135925293,0.49078822135925293,0.692977786064148,0.0,0.0,0.0,0.0,0.0,0.0,0.0,0.0,1.0,0.0,0.0015900804428383708,0.46156859397888184,0.049924470484256744,0.9579951167106628,0.0,16.883699417114258,16.87618637084961,16.87618637084961,0.16952386498451233,-0.13762740790843964,-6.227475202180699e-10,0.0,0.0,4.746041297912598,4.746041297912598,1.620137095451355,1.620137095451355,0.7610558867454529,0.0,0.0,0.0,0.0,0.49078845977783203,0.0,0.49078822135925293,0.49078822135925293,0.692977786064148,0.0,1.6201369762420654,1.6201369762420654,1.620137095451355,1.618048071861267,0.01998281106352806,0.19006963074207306,0.028681181371212006,1.0,0.651971697807312,0.679092288017273,0.6800166964530945,0.0,,,,,,,,,,,,,,,12.0,0.0,0.0,0.0,0.0,0.0,0.0,,,,,,,,,,,,,,,,,,,,,,0.001
13,4342,train_epoch,20.36982579716665,16.971171242034362,16.970966387651636,0.0,0.04169041575295126,0.04169041575295126,0.0,0.005347090664537189,1.4999999621068127e-05,0.007499999832361937,0.001500000013038516,0.007499999832361937,0.0001500000071246177,0.0001500000071246177,0.15000000596046448,0.0002307531676216129,0.19151211204286106,0.0,0.0,0.0,0.0,0.0,0.0,0.0,0.0,0.45777876398520556,0.45777876398520556,1.0,0.45777876398520556,0.45777876336060597,0.45777876336060597,0.0,-0.001914575548206796,0.01986145608205192,1.0,0.0002307531676216129,1.0,0.0,0.0,0.0002307531676216129,0.0,0.0,0.19151211204286106,0.0,0.4915121267298738,8.201411073890924e-11,0.49151210112129146,0.4915121018351195,0.6930027036609764,0.0,0.0,0.0,0.0,0.0,0.0,0.0,0.0,1.0,0.0,0.00011651425100909844,0.46207653985408964,0.049131732991712536,0.9538970566438344,0.0,16.970966387651636,16.971171242034362,16.971171242034362,0.15861883188436132,-0.1085311290835906,-8.349061060278442e-13,0.0,0.0,4.854779988705755,4.854779984422787,1.6083792198203994,1.6083792198203994,0.7172459597716074,0.0,0.0,0.0,0.0,0.49151212396379,4.857375175734619e-10,0.49151208871852853,0.4915120913061553,0.6930027036609764,0.0,1.6083791677109496,1.6083791666402074,1.6083792198203994,1.608799194504401,0.01986145608205192,0.1934420226844485,0.02889526909228392,1.0,0.7190436217599286,0.718546168532914,0.7188507143608824,0.0,,,,,,,,,,,,,,,12.0,0.0,0.0,0.0,0.0,0.0,0.0,,,,,,,,,,,,,,,,,,,,,,0.001
13,4342,val,,,,,,,,,,,,,,,,,,,,,,,,,,,,,,,,,,,,,,,,,,,,,,,,,,,,,,,,,,,,,,,,,,,,,,,,,,,,,,,,,,,,,,,,,,,,,,,,,,,,,,,,,,,,,,,,,,,,,,,,,17.46312713623047,746.5819091796875,27.323651095336572,0.1152648776769638,0.07452438771724701,16.273202896118164,25.147966658375807,0.10433843731880188,0.06952022761106491,17.220659255981445,27.08733118530114,0.1118040531873703,0.07350018620491028,19.45313262939453,30.549096786208345,0.13615861535072327,0.08287964016199112,17.46312713623047,27.323651095336572,0.1152648776769638,0.07452438771724701,0.001
13,4342,test_select,,,,,,,,,,,,,,,,,,,,,,,,,,,,,,,,,,,,,,,,,,,,,,,,,,,,,,,,,,,,,,,,,,,,,,,,,,,,,,,,,,,,,,,,,,,,,,,,,,,,,,,,,,,,,,,,,,,,,,,,,22.6988582611084,1267.8065185546875,35.60627077573117,0.12740154564380646,0.09219658374786377,19.11532974243164,29.352501357422675,0.10922767221927643,0.07759711146354675,22.207996368408203,34.73375118929263,0.1223459392786026,0.0901942327618599,28.15744972229004,43.62903757730481,0.15716436505317688,0.11447577178478241,22.6988582611084,35.60627077573117,0.12740154564380646,0.09219658374786377,0.001
14,4360,train,20.08498764038086,16.73111343383789,16.73954200744629,0.0,0.037691328674554825,0.037691328674554825,0.0,0.005056783091276884,1.9999999494757503e-05,0.009999999776482582,0.0020000000949949026,0.009999999776482582,0.00019999999494757503,0.00019999999494757503,0.20000000298023224,0.0002727948303800076,0.1904461681842804,0.0,0.0,0.0,0.0,0.0,0.0,0.0,0.0,0.4624629020690918,0.4624629020690918,1.0,0.4624629020690918,0.4624629318714142,0.4624629318714142,0.0,-0.0024730495642870665,0.027438934892416,1.0,0.0002727948303800076,1.0,0.0,0.0,0.0002727948303800076,0.0,0.0,0.1904461681842804,0.0,0.49044618010520935,0.0,0.4904463291168213,0.4904463291168213,0.6929646134376526,0.0,0.0,0.0,0.0,0.0,0.0,0.0,0.0,1.0,0.0,0.0020760251209139824,0.46176156401634216,0.04974467679858208,0.9584447145462036,0.0,16.73954200744629,16.73111343383789,16.73111343383789,0.16936282813549042,-0.11243481934070587,1.4163374639775128e-10,0.0,0.0,4.68852424621582,4.68852424621582,1.6156814098358154,1.6156814098358154,0.7296375036239624,0.0,0.0,0.0,0.0,0.49044618010520935,0.0,0.4904463291168213,0.4904463291168213,0.6929646134376526,0.0,1.6156814098358154,1.6156811714172363,1.6156814098358154,1.6188172101974487,0.027438934892416,0.19102689623832703,0.029046211391687393,1.0,0.7023487687110901,0.6673075556755066,0.7713680267333984,0.0,,,,,,,,,,,,,,,12.0,0.0,0.0,0.0,0.0,0.0,0.0,,,,,,,,,,,,,,,,,,,,,,0.001
14,4380,train,19.730628967285156,16.43678092956543,16.439455032348633,0.0,0.03764249011874199,0.03764249011874199,0.0,0.005053898319602013,1.9999999494757503e-05,0.009999999776482582,0.0020000000949949026,0.009999999776482582,0.00019999999494757503,0.00019999999494757503,0.20000000298023224,0.00018073085811920464,0.19009703397750854,0.0,0.0,0.0,0.0,0.0,0.0,0.0,0.0,0.46191883087158203,0.46191883087158203,1.0,0.46191883087158203,0.46191883087158203,0.46191883087158203,0.0,-0.0024656301829963923,0.02544671669602394,1.0,0.00018073085811920464,1.0,0.0,0.0,0.00018073085811920464,0.0,0.0,0.19009703397750854,0.0,0.4900970458984375,0.0,0.49009692668914795,0.49009692668914795,0.6929512023925781,0.0,0.0,0.0,0.0,0.0,0.0,0.0,0.0,1.0,0.0,-0.0021738552022725344,0.4633373022079468,0.04978809505701065,0.9586644172668457,0.0,16.439455032348633,16.43678092956543,16.43678092956543,0.16502897441387177,-0.1301487386226654,6.487746451178111e-11,0.0,0.0,4.940152645111084,4.940152645111084,1.6163990497589111,1.6163990497589111,0.7525666952133179,0.0,0.0,0.0,0.0,0.4900970458984375,0.0,0.49009692668914795,0.49009692668914795,0.6929512023925781,0.0,1.6163990497589111,1.6163990497589111,1.6163990497589111,1.6166980266571045,0.02544671669602394,0.19032810628414154,0.028758756816387177,1.0,0.7092335224151611,0.6717270612716675,0.7303891181945801,0.0,,,,,,,,,,,,,,,12.0,0.0,0.0,0.0,0.0,0.0,0.0,,,,,,,,,,,,,,,,,,,,,,0.001
14,4400,train,20.725706100463867,17.26658058166504,17.265851974487305,0.0,0.03729558363556862,0.03729558363556862,0.0,0.005009206477552652,1.9999999494757503e-05,0.009999999776482582,0.0020000000949949026,0.009999999776482582,0.00019999999494757503,0.00019999999494757503,0.20000000298023224,0.00020816003961954266,0.18953251838684082,0.0,0.0,0.0,0.0,0.0,0.0,0.0,0.0,0.4619256258010864,0.4619256258010864,1.0,0.4619256258010864,0.4619256258010864,0.4619256258010864,0.0,-0.0020861378870904446,0.027345938608050346,1.0,0.00020816003961954266,1.0,0.0,0.0,0.00020816003961954266,0.0,0.0,0.18953251838684082,0.0,0.4895325303077698,0.0,0.48953256011009216,0.48953256011009216,0.6929283142089844,0.0,0.0,0.0,0.0,0.0,0.0,0.0,0.0,1.0,0.0,0.0010921062203124166,0.4608552157878876,0.04999491572380066,0.9592742323875427,0.0,17.265851974487305,17.26658058166504,17.26658058166504,0.1449219286441803,-0.10564255714416504,-1.034468760652274e-10,0.0,0.0,4.7002363204956055,4.700235843658447,1.6195430755615234,1.6195430755615234,0.6432211399078369,0.0,0.0,0.0,0.0,0.4895325303077698,0.0,0.4895325303077698,0.4895325303077698,0.6929283142089844,0.0,1.6195429563522339,1.6195430755615234,1.6195430755615234,1.6177746057510376,0.027345938608050346,0.19014695286750793,0.028936970978975296,1.0,0.6337260007858276,0.6674301028251648,0.6772804260253906,0.0,,,,,,,,,,,,,,,12.0,0.0,0.0,0.0,0.0,0.0,0.0,,,,,,,,,,,,,,,,,,,,,,0.001
14,4420,train,18.57960319519043,15.479179382324219,15.472207069396973,0.0,0.03858219459652901,0.03858219459652901,0.0,0.004992940463125706,1.9999999494757503e-05,0.009999999776482582,0.0020000000949949026,0.009999999776482582,0.00019999999494757503,0.00019999999494757503,0.20000000298023224,0.0002673732815310359,0.1890716850757599,0.0,0.0,0.0,0.0,0.0,0.0,0.0,0.0,0.4632833003997803,0.4632833003997803,1.0,0.4632833003997803,0.4632833003997803,0.4632833003997803,0.0,-0.0025353727396577597,0.029723837971687317,1.0,0.0002673732815310359,1.0,0.0,0.0,0.0002673732815310359,0.0,0.0,0.1890716850757599,0.0,0.48907169699668884,0.0,0.4890715479850769,0.4890715479850769,0.6929085850715637,0.0,0.0,0.0,0.0,0.0,0.0,0.0,0.0,1.0,0.0,-0.00021942282910458744,0.4605943560600281,0.049689292907714844,0.9595630764961243,0.0,15.472207069396973,15.479179382324219,15.479179382324219,0.134259894490242,-0.09542983770370483,1.332381704965968e-10,0.0,0.0,5.091763973236084,5.091763973236084,1.6154102087020874,1.6154102087020874,0.6362215280532837,0.0,0.0,0.0,0.0,0.48907169699668884,0.0,0.4890715479850769,0.4890715479850769,0.6929085850715637,0.0,1.6154102087020874,1.6154099702835083,1.6154102087020874,1.6197654008865356,0.029723837971687317,0.18908166885375977,0.0282171368598938,1.0,0.6098482608795166,0.6832914352416992,0.6548625230789185,0.0,,,,,,,,,,,,,,,12.0,0.0,0.0,0.0,0.0,0.0,0.0,,,,,,,,,,,,,,,,,,,,,,0.001
14,4440,train,19.05265235900879,15.872723579406738,15.869502067565918,0.0,0.04360775649547577,0.04360775649547577,0.0,0.004991533700376749,1.9999999494757503e-05,0.009999999776482582,0.0020000000949949026,0.009999999776482582,0.00019999999494757503,0.00019999999494757503,0.20000000298023224,0.0001750612718751654,0.18857112526893616,0.0,0.0,0.0,0.0,0.0,0.0,0.0,0.0,0.4629654586315155,0.4629654586315155,1.0,0.4629654586315155,0.4629654586315155,0.4629654586315155,0.0,-0.002678782446309924,0.02983100526034832,1.0,0.0001750612718751654,1.0,0.0,0.0,0.0001750612718751654,0.0,0.0,0.18857112526893616,0.0,0.4885711371898651,0.0,0.48857101798057556,0.48857101798057556,0.692886233329773,0.0,0.0,0.0,0.0,0.0,0.0,0.0,0.0,1.0,0.0,-0.0018251060973852873,0.4603465497493744,0.04951728507876396,0.959486186504364,0.0,15.869502067565918,15.872723579406738,15.872723579406738,0.1454792469739914,-0.10288479179143906,5.805486300025642e-11,0.0,0.0,4.946844577789307,4.946845054626465,1.6147159337997437,1.6147159337997437,0.6721980571746826,0.0,0.0,0.0,0.0,0.4885711371898651,0.0,0.48857101798057556,0.48857101798057556,0.692886233329773,0.0,1.6147159337997437,1.614715814590454,1.6147159337997437,1.6224793195724487,0.02983100526034832,0.19092141091823578,0.029078857973217964,1.0,0.6989499926567078,0.6913961172103882,0.716239869594574,0.0,,,,,,,,,,,,,,,12.0,0.0,0.0,0.0,0.0,0.0,0.0,,,,,,,,,,,,,,,,,,,,,,0.001
14,4460,train,19.115802764892578,15.925821304321289,15.91995906829834,0.0,0.03874683007597923,0.03874683007597923,0.0,0.004986373241990805,1.9999999494757503e-05,0.009999999776482582,0.0020000000949949026,0.009999999776482582,0.00019999999494757503,0.00019999999494757503,0.20000000298023224,0.0002323011140106246,0.1882019340991974,0.0,0.0,0.0,0.0,0.0,0.0,0.0,0.0,0.4635930061340332,0.4635930061340332,1.0,0.4635930061340332,0.4635930359363556,0.4635930359363556,0.0,-0.0024972299579530954,0.027623776346445084,1.0,0.0002323011140106246,1.0,0.0,0.0,0.0002323011140106246,0.0,0.0,0.1882019340991974,0.0,0.48820194602012634,0.0,0.4882018268108368,0.4882018268108368,0.6928691267967224,0.0,0.0,0.0,0.0,0.0,0.0,0.0,0.0,1.0,0.0,-0.004284963011741638,0.4617162346839905,0.049221768975257874,0.9592995643615723,0.0,15.91995906829834,15.925821304321289,15.925821304321289,0.1525806188583374,-0.0877179354429245,3.445313478955825e-11,0.0,0.0,4.682320594787598,4.682320594787598,1.6244527101516724,1.6244527101516724,0.6496391892433167,0.0,0.0,0.0,0.0,0.48820194602012634,0.0,0.4882018268108368,0.4882018268108368,0.6928691267967224,0.0,1.6244527101516724,1.6244524717330933,1.6244527101516724,1.6258203983306885,0.027623776346445084,0.19106337428092957,0.028489461168646812,1.0,0.6673595309257507,0.6679250001907349,0.7052299976348877,0.0,,,,,,,,,,,,,,,12.0,0.0,0.0,0.0,0.0,0.0,0.0,,,,,,,,,,,,,,,,,,,,,,0.001
14,4480,train,19.252574920654297,16.03877067565918,16.039264678955078,0.0,0.037460047751665115,0.037460047751665115,0.0,0.005104668904095888,1.9999999494757503e-05,0.009999999776482582,0.0020000000949949026,0.009999999776482582,0.00019999999494757503,0.00019999999494757503,0.20000000298023224,0.0002468191087245941,0.18748965859413147,0.0,0.0,0.0,0.0,0.0,0.0,0.0,0.0,0.46155452728271484,0.46155452728271484,1.0,0.46155452728271484,0.46155452728271484,0.46155452728271484,0.0,-0.0023920442909002304,0.03312285244464874,1.0,0.0002468191087245941,1.0,0.0,0.0,0.0002468191087245941,0.0,0.0,0.18748965859413147,0.0,0.4874896705150604,0.0,0.4874896705150604,0.4874896705150604,0.6928342580795288,0.0,0.0,0.0,0.0,0.0,0.0,0.0,0.0,1.0,0.0,0.0005057737580500543,0.4582047462463379,0.04931778088212013,0.958588182926178,0.0,16.039264678955078,16.03877067565918,16.03877067565918,0.14158575236797333,-0.09233366698026657,-1.8061616091635813e-10,0.0,0.0,5.120445728302002,5.120445728302002,1.61691415309906,1.61691415309906,0.6692336201667786,0.0,0.0,0.0,0.0,0.4874896705150604,0.0,0.4874896705150604,0.4874896705150604,0.6928342580795288,0.0,1.616913914680481,1.616913914680481,1.61691415309906,1.6219453811645508,0.03312285244464874,0.18961019814014435,0.028139280155301094,1.0,0.6649364233016968,0.7021283507347107,0.6911229491233826,0.0,,,,,,,,,,,,,,,12.0,0.0,0.0,0.0,0.0,0.0,0.0,,,,,,,,,,,,,,,,,,,,,,0.001
14,4500,train,18.780412673950195,15.645586013793945,15.644532203674316,0.0,0.03365154564380646,0.03365154564380646,0.0,0.0051541454158723354,1.9999999494757503e-05,0.009999999776482582,0.0020000000949949026,0.009999999776482582,0.00019999999494757503,0.00019999999494757503,0.20000000298023224,0.0002756836183834821,0.18751665949821472,0.0,0.0,0.0,0.0,0.0,0.0,0.0,0.0,0.46209120750427246,0.46209120750427246,1.0,0.46209120750427246,0.4620911777019501,0.4620911777019501,0.0,-0.001960611203685403,0.023400532081723213,1.0,0.0002756836183834821,1.0,0.0,0.0,0.0002756836183834821,0.0,0.0,0.18751665949821472,0.0,0.4875166714191437,0.0,0.4875168204307556,0.4875168204307556,0.6928354501724243,0.0,0.0,0.0,0.0,0.0,0.0,0.0,0.0,1.0,0.0,-0.0008729962282814085,0.46107590198516846,0.04974696412682533,0.9586653113365173,0.0,15.644532203674316,15.645586013793945,15.645586013793945,0.15574775636196136,-0.0883534848690033,-6.341934616349576e-11,0.0,0.0,4.675552845001221,4.675552845001221,1.6203900575637817,1.6203900575637817,0.6481703519821167,0.0,0.0,0.0,0.0,0.4875166714191437,0.0,0.4875167906284332,0.4875167906284332,0.6928354501724243,0.0,1.6203900575637817,1.6203900575637817,1.6203900575637817,1.6209475994110107,0.023400532081723213,0.19077086448669434,0.02846348285675049,1.0,0.6789212822914124,0.690952479839325,0.6762415170669556,0.0,,,,,,,,,,,,,,,12.0,0.0,0.0,0.0,0.0,0.0,0.0,,,,,,,,,,,,,,,,,,,,,,0.001
14,4520,train,19.571603775024414,16.304431915283203,16.306028366088867,0.0,0.03693382441997528,0.03693382441997528,0.0,0.005112417042255402,1.9999999494757503e-05,0.009999999776482582,0.0020000000949949026,0.009999999776482582,0.00019999999494757503,0.00019999999494757503,0.20000000298023224,0.0002422317920718342,0.18775394558906555,0.0,0.0,0.0,0.0,0.0,0.0,0.0,0.0,0.46310368180274963,0.46310368180274963,1.0,0.46310368180274963,0.46310368180274963,0.46310368180274963,0.0,-0.0018934953259304166,0.02375752292573452,1.0,0.0002422317920718342,1.0,0.0,0.0,0.0002422317920718342,0.0,0.0,0.18775394558906555,0.0,0.4877539873123169,0.0,0.48775407671928406,0.48775407671928406,0.6928475499153137,0.0,0.0,0.0,0.0,0.0,0.0,0.0,0.0,1.0,0.0,-0.00029883606475777924,0.46035435795783997,0.04979623481631279,0.9592892527580261,0.0,16.306028366088867,16.304431915283203,16.304431915283203,0.16212685406208038,-0.11931941658258438,-2.878075278101022e-10,0.0,0.0,4.775752544403076,4.775753498077393,1.622395634651184,1.622395634651184,0.6979251503944397,0.0,0.0,0.0,0.0,0.4877539575099945,0.0,0.48775407671928406,0.48775407671928406,0.6928475499153137,0.0,1.622395634651184,1.622395634651184,1.622395634651184,1.6242363452911377,0.02375752292573452,0.18956826627254486,0.028390776365995407,1.0,0.7001407742500305,0.6550248861312866,0.6981077194213867,0.0,,,,,,,,,,,,,,,12.0,0.0,0.0,0.0,0.0,0.0,0.0,,,,,,,,,,,,,,,,,,,,,,0.001
14,4540,train,18.72846221923828,15.601847648620605,15.60336971282959,0.0,0.035480797290802,0.035480797290802,0.0,0.005202693399041891,1.9999999494757503e-05,0.009999999776482582,0.0020000000949949026,0.009999999776482582,0.00019999999494757503,0.00019999999494757503,0.20000000298023224,0.00027980926097370684,0.18735045194625854,0.0,0.0,0.0,0.0,0.0,0.0,0.0,0.0,0.46240147948265076,0.46240147948265076,1.0,0.46240147948265076,0.46240147948265076,0.46240147948265076,0.0,-0.0021829335018992424,0.03256726264953613,1.0,0.00027980926097370684,1.0,0.0,0.0,0.00027980926097370684,0.0,0.0,0.18735045194625854,0.0,0.4873504638671875,0.0,0.4873504042625427,0.4873504042625427,0.6928272247314453,0.0,0.0,0.0,0.0,0.0,0.0,0.0,0.0,1.0,0.0,-0.0008017774089239538,0.45956727862358093,0.050055619329214096,0.9589085578918457,0.0,15.60336971282959,15.601847648620605,15.601847648620605,0.1729186326265335,-0.14267511665821075,2.38537328778321e-10,0.0,0.0,4.822505474090576,4.822505474090576,1.6220272779464722,1.6220272779464722,0.7745575308799744,0.0,0.0,0.0,0.0,0.4873504638671875,0.0,0.48735037446022034,0.48735037446022034,0.6928272247314453,0.0,1.6220272779464722,1.6220272779464722,1.6220272779464722,1.626234769821167,0.03256726264953613,0.18880875408649445,0.02836468070745468,1.0,0.6325374841690063,0.6786551475524902,0.6945109367370605,0.0,,,,,,,,,,,,,,,12.0,0.0,0.0,0.0,0.0,0.0,0.0,,,,,,,,,,,,,,,,,,,,,,0.001
14,4560,train,19.056427001953125,15.875428199768066,15.875372886657715,0.0,0.03543491289019585,0.03543491289019585,0.0,0.005393687169998884,1.9999999494757503e-05,0.009999999776482582,0.0020000000949949026,0.009999999776482582,0.00019999999494757503,0.00019999999494757503,0.20000000298023224,0.00019147497368976474,0.1865854561328888,0.0,0.0,0.0,0.0,0.0,0.0,0.0,0.0,0.46105802059173584,0.46105802059173584,1.0,0.46105802059173584,0.46105799078941345,0.46105799078941345,0.0,-0.0031853560358285904,0.0390026718378067,1.0,0.00019147497368976474,1.0,0.0,0.0,0.00019147497368976474,0.0,0.0,0.1865854561328888,0.0,0.48658546805381775,0.0,0.4865853190422058,0.4865853190422058,0.692787230014801,0.0,0.0,0.0,0.0,0.0,0.0,0.0,0.0,1.0,0.0,0.0004101032973267138,0.4591585695743561,0.05042560398578644,0.9572176337242126,0.0,15.875372886657715,15.875428199768066,15.875428199768066,0.15588071942329407,-0.10932424664497375,5.522297549798161e-11,0.0,0.0,4.990850448608398,4.990850448608398,1.6190305948257446,1.6190305948257446,0.7313634157180786,0.0,0.0,0.0,0.0,0.48658546805381775,0.0,0.4865852892398834,0.4865852892398834,0.692787230014801,0.0,1.619030475616455,1.6190305948257446,1.6190305948257446,1.6190564632415771,0.0390026718378067,0.19003446400165558,0.028231358155608177,1.0,0.7080944180488586,0.6826828718185425,0.7198149561882019,0.0,,,,,,,,,,,,,,,12.0,0.0,0.0,0.0,0.0,0.0,0.0,,,,,,,,,,,,,,,,,,,,,,0.001
14,4580,train,18.482589721679688,15.397160530090332,15.397706985473633,0.0,0.0344671867787838,0.0344671867787838,0.0,0.005655649118125439,1.9999999494757503e-05,0.009999999776482582,0.0020000000949949026,0.009999999776482582,0.00019999999494757503,0.00019999999494757503,0.20000000298023224,0.00019736928516067564,0.1858496069908142,0.0,0.0,0.0,0.0,0.0,0.0,0.0,0.0,0.4589245617389679,0.4589245617389679,1.0,0.4589245617389679,0.4589245617389679,0.4589245617389679,0.0,-0.0030466194730252028,0.03604774922132492,1.0,0.00019736928516067564,1.0,0.0,0.0,0.00019736928516067564,0.0,0.0,0.1858496069908142,0.0,0.48584961891174316,0.0,0.4858497083187103,0.4858497083187103,0.6927470564842224,0.0,0.0,0.0,0.0,0.0,0.0,0.0,0.0,1.0,0.0,-0.003410585457459092,0.45702627301216125,0.05102885141968727,0.9552006125450134,0.0,15.397706985473633,15.397160530090332,15.397160530090332,0.16187475621700287,-0.11155557632446289,-1.3007460386571523e-10,0.0,0.0,4.939173698425293,4.939173698425293,1.6201897859573364,1.6201897859573364,0.7195683717727661,0.0,0.0,0.0,0.0,0.48584961891174316,0.0,0.4858497083187103,0.4858497083187103,0.6927470564842224,0.0,1.6201897859573364,1.6201895475387573,1.6201897859573364,1.619895577430725,0.03604774922132492,0.1900988072156906,0.028623739257454872,1.0,0.701610803604126,0.727660596370697,0.665826678276062,0.0,,,,,,,,,,,,,,,12.0,0.0,0.0,0.0,0.0,0.0,0.0,,,,,,,,,,,,,,,,,,,,,,0.001
14,4600,train,18.93161964416504,15.770675659179688,15.775141716003418,0.0,0.03471814841032028,0.03471814841032028,0.0,0.005659071728587151,1.9999999494757503e-05,0.009999999776482582,0.0020000000949949026,0.009999999776482582,0.00019999999494757503,0.00019999999494757503,0.20000000298023224,0.00025243026902899146,0.18628421425819397,0.0,0.0,0.0,0.0,0.0,0.0,0.0,0.0,0.46081724762916565,0.46081724762916565,1.0,0.46081724762916565,0.46081724762916565,0.46081724762916565,0.0,-0.0017911476315930486,0.021187124773859978,1.0,0.00025243026902899146,1.0,0.0,0.0,0.00025243026902899146,0.0,0.0,0.18628421425819397,0.0,0.4862842261791229,0.0,0.48628419637680054,0.48628419637680054,0.6927707195281982,0.0,0.0,0.0,0.0,0.0,0.0,0.0,0.0,1.0,0.0,0.0015185796655714512,0.45726099610328674,0.05117245391011238,0.955498218536377,0.0,15.775141716003418,15.770675659179688,15.770675659179688,0.16278588771820068,-0.07865384966135025,-1.969722718264677e-10,0.0,0.0,5.111303329467773,5.111303806304932,1.6260244846343994,1.6260244846343994,0.7206233739852905,0.0,0.0,0.0,0.0,0.4862842261791229,0.0,0.48628416657447815,0.48628416657447815,0.6927707195281982,0.0,1.6260244846343994,1.6260244846343994,1.6260244846343994,1.6237398386001587,0.021187124773859978,0.18988831341266632,0.02844945713877678,1.0,0.7935973405838013,0.7921544313430786,0.725061297416687,0.0,,,,,,,,,,,,,,,12.0,0.0,0.0,0.0,0.0,0.0,0.0,,,,,,,,,,,,,,,,,,,,,,0.001
14,4620,train,19.577739715576172,16.309812545776367,16.31011962890625,0.0,0.032412540167570114,0.032412540167570114,0.0,0.005518041085451841,1.9999999494757503e-05,0.009999999776482582,0.0020000000949949026,0.009999999776482582,0.00019999999494757503,0.00019999999494757503,0.20000000298023224,0.00019131759472656995,0.1871740221977234,0.0,0.0,0.0,0.0,0.0,0.0,0.0,0.0,0.4617004692554474,0.4617004692554474,1.0,0.4617004692554474,0.4617004692554474,0.4617004692554474,0.0,-0.0016089124837890267,0.019917627796530724,1.0,0.00019131759472656995,1.0,0.0,0.0,0.00019131759472656995,0.0,0.0,0.1871740221977234,0.0,0.48717403411865234,0.0,0.48717397451400757,0.48717397451400757,0.6928178668022156,0.0,0.0,0.0,0.0,0.0,0.0,0.0,0.0,1.0,0.0,0.0024212647695094347,0.4575112760066986,0.05104689672589302,0.9571346640586853,0.0,16.31011962890625,16.309812545776367,16.309812545776367,0.1463000327348709,-0.07327631115913391,-6.098725413572481e-10,0.0,0.0,4.855639457702637,4.8556389808654785,1.6218297481536865,1.6218297481536865,0.6379775404930115,0.0,0.0,0.0,0.0,0.48717403411865234,0.0,0.48717397451400757,0.48717397451400757,0.6928178668022156,0.0,1.6218297481536865,1.621829628944397,1.6218297481536865,1.6250827312469482,0.019917627796530724,0.18915194272994995,0.028801241889595985,1.0,0.7257941365242004,0.7496093511581421,0.7522985339164734,0.0,,,,,,,,,,,,,,,12.0,0.0,0.0,0.0,0.0,0.0,0.0,,,,,,,,,,,,,,,,,,,,,,0.001
14,4640,train,21.355968475341797,17.79154396057129,17.792516708374023,0.0,0.03397516906261444,0.03397516906261444,0.0,0.005419064313173294,1.9999999494757503e-05,0.009999999776482582,0.0020000000949949026,0.009999999776482582,0.00019999999494757503,0.00019999999494757503,0.20000000298023224,0.00024322199169546366,0.18785598874092102,0.0,0.0,0.0,0.0,0.0,0.0,0.0,0.0,0.4618971645832062,0.4618971645832062,1.0,0.4618971645832062,0.4618971645832062,0.4618971645832062,0.0,-0.0018374527571722865,0.02315191738307476,1.0,0.00024322199169546366,1.0,0.0,0.0,0.00024322199169546366,0.0,0.0,0.18785598874092102,0.0,0.48785600066185,0.0,0.48785609006881714,0.48785609006881714,0.6928520798683167,0.0,0.0,0.0,0.0,0.0,0.0,0.0,0.0,1.0,0.0,0.0003217419143766165,0.45791932940483093,0.05123550072312355,0.958439290523529,0.0,17.792516708374023,17.79154396057129,17.79154396057129,0.16468019783496857,-0.061125073581933975,-5.361909805046139e-10,0.0,0.0,4.730816841125488,4.730816841125488,1.6307936906814575,1.6307936906814575,0.6892724633216858,0.0,0.0,0.0,0.0,0.48785600066185,0.0,0.48785606026649475,0.48785606026649475,0.6928520798683167,0.0,1.6307936906814575,1.6307936906814575,1.6307936906814575,1.623213291168213,0.02315191738307476,0.18683293461799622,0.02829219028353691,1.0,0.7256020307540894,0.6949927806854248,0.6563146114349365,0.0,,,,,,,,,,,,,,,12.0,0.0,0.0,0.0,0.0,0.0,0.0,,,,,,,,,,,,,,,,,,,,,,0.001
14,4660,train,21.410551071166992,17.835586547851562,17.845182418823242,0.0,0.03322480618953705,0.03322480618953705,0.0,0.005339527036994696,1.9999999494757503e-05,0.009999999776482582,0.0020000000949949026,0.009999999776482582,0.00019999999494757503,0.00019999999494757503,0.20000000298023224,0.00038461622898466885,0.1879684031009674,0.0,0.0,0.0,0.0,0.0,0.0,0.0,0.0,0.4630369544029236,0.4630369544029236,1.0,0.4630369544029236,0.4630369544029236,0.4630369544029236,0.0,-0.0026426680851727724,0.030499104410409927,1.0,0.00038461622898466885,1.0,0.0,0.0,0.00038461622898466885,0.0,0.0,0.1879684031009674,0.0,0.48796841502189636,0.0,0.4879682958126068,0.4879682958126068,0.6928577423095703,0.0,0.0,0.0,0.0,0.0,0.0,0.0,0.0,1.0,0.0,0.0015083573525771499,0.45592984557151794,0.051090847700834274,0.9593042135238647,0.0,17.845182418823242,17.835586547851562,17.835586547851562,0.15713346004486084,-0.08167050778865814,-4.999095581936785e-10,0.0,0.0,5.016197681427002,5.016197681427002,1.6230766773223877,1.6230766773223877,0.7243186831474304,0.0,0.0,0.0,0.0,0.48796841502189636,0.0,0.4879682660102844,0.4879682660102844,0.6928577423095703,0.0,1.623076319694519,1.6230766773223877,1.6230766773223877,1.6230894327163696,0.030499104410409927,0.1859380006790161,0.027545228600502014,1.0,0.6288691759109497,0.6887518763542175,0.635670006275177,0.0,,,,,,,,,,,,,,,12.0,0.0,0.0,0.0,0.0,0.0,0.0,,,,,,,,,,,,,,,,,,,,,,0.001
14,4676,train_epoch,20.24784527281801,16.86828264076553,16.86805508664982,0.0,0.03678225567508601,0.03678225567508601,0.0,0.005227594105192198,1.9999999494757503e-05,0.009999999776482582,0.0020000000949949026,0.009999999776482582,0.00019999999494757503,0.00019999999494757503,0.20000000298023224,0.00022371519072201593,0.18804257715533593,0.0,0.0,0.0,0.0,0.0,0.0,0.0,0.0,0.4621411217543893,0.4621411217543893,1.0,0.4621411217543893,0.4621411222897604,0.4621411222897604,0.0,-0.002332940541171541,0.028098683597932675,1.0,0.00022371519072201593,1.0,0.0,0.0,0.00022371519072201593,0.0,0.0,0.18804257715533593,0.0,0.48804258970086445,0.0,0.48804257488893177,0.48804257488893177,0.6928578311811664,0.0,0.0,0.0,0.0,0.0,0.0,0.0,0.0,1.0,0.0,1.9834132925500956e-05,0.45935583578612277,0.05018975160748302,0.9583410738471025,0.0,16.86805508664982,16.86828264076553,16.86828264076553,0.16338127860409057,-0.10185346516507293,-1.2322872681682349e-11,0.0,0.0,4.811159223853471,4.811159232419408,1.6213477835683765,1.6213477835683765,0.7200659311817078,0.0,0.0,0.0,0.0,0.4880425890762649,0.0,0.48804256418151054,0.48804256418151054,0.6928578311811664,0.0,1.6213477311020126,1.6213477400248637,1.6213477835683765,1.6207928603994632,0.028098683597932675,0.1895092433976556,0.0284707672102098,1.0,0.7006701352353581,0.7012323340969885,0.7013515423157972,0.0,,,,,,,,,,,,,,,12.0,0.0,0.0,0.0,0.0,0.0,0.0,,,,,,,,,,,,,,,,,,,,,,0.001
14,4676,val,,,,,,,,,,,,,,,,,,,,,,,,,,,,,,,,,,,,,,,,,,,,,,,,,,,,,,,,,,,,,,,,,,,,,,,,,,,,,,,,,,,,,,,,,,,,,,,,,,,,,,,,,,,,,,,,,,,,,,,,,16.319578170776367,686.9617919921875,26.209955970817415,0.13053013384342194,0.0696442574262619,14.67205810546875,23.66396835776916,0.0988897755742073,0.06268002837896347,16.246990203857422,26.149548546010433,0.1298394799232483,0.0693444311618805,18.760791778564453,29.78905123098397,0.15810085833072662,0.07992992550134659,16.319578170776367,26.209955970817415,0.13053013384342194,0.0696442574262619,0.001
14,4676,test_select,,,,,,,,,,,,,,,,,,,,,,,,,,,,,,,,,,,,,,,,,,,,,,,,,,,,,,,,,,,,,,,,,,,,,,,,,,,,,,,,,,,,,,,,,,,,,,,,,,,,,,,,,,,,,,,,,,,,,,,,,20.76571273803711,1110.031005859375,33.31712781527506,0.14172062277793884,0.08434467017650604,16.706266403198242,26.55123957094859,0.10120005160570145,0.06781772524118423,20.548717498779297,32.59280057641661,0.14083202183246613,0.08345533162355423,26.637210845947266,41.74099945085467,0.18064025044441223,0.10829514265060425,20.76571273803711,33.31712781527506,0.14172062277793884,0.08434467017650604,0.001
15,4680,train,19.994108200073242,16.655107498168945,16.657930374145508,0.0,0.032997068017721176,0.032997068017721176,0.0,0.005294748116284609,2.499999936844688e-05,0.012500000186264515,0.0024999999441206455,0.012500000186264515,0.0002500000118743628,0.0002500000118743628,0.25,0.00024225268862210214,0.18808844685554504,0.0,0.0,0.0,0.0,0.0,0.0,0.0,0.0,0.4635828137397766,0.4635828137397766,1.0,0.4635828137397766,0.4635828137397766,0.4635828137397766,0.0,-0.0020905700512230396,0.02499503083527088,1.0,0.00024225268862210214,1.0,0.0,0.0,0.00024225268862210214,0.0,0.0,0.18808844685554504,0.0,0.4880884885787964,0.0,0.48808830976486206,0.48808830976486206,0.6928634643554688,0.0,0.0,0.0,0.0,0.0,0.0,0.0,0.0,1.0,0.0,-0.000995153677649796,0.4579797387123108,0.05118535831570625,0.9600508809089661,0.0,16.657930374145508,16.655107498168945,16.655107498168945,0.194546639919281,-0.12443967163562775,-5.540324865549451e-10,0.0,0.0,4.841840744018555,4.841840744018555,1.6282442808151245,1.6282442808151245,0.8475522398948669,0.0,0.0,0.0,0.0,0.488088458776474,0.0,0.48808830976486206,0.48808830976486206,0.6928634643554688,0.0,1.6282442808151245,1.6282442808151245,1.6282442808151245,1.6278834342956543,0.02499503083527088,0.1847560852766037,0.027232440188527107,1.0,0.7339369654655457,0.6783541440963745,0.6993006467819214,0.0,,,,,,,,,,,,,,,12.0,0.0,0.0,0.0,0.0,0.0,0.0,,,,,,,,,,,,,,,,,,,,,,0.001
15,4700,train,20.46927833557129,17.052221298217773,17.048213958740234,0.0,0.03181424364447594,0.03181424364447594,0.0,0.005243117921054363,2.499999936844688e-05,0.012500000186264515,0.0024999999441206455,0.012500000186264515,0.0002500000118743628,0.0002500000118743628,0.25,0.00018205144442617893,0.18748685717582703,0.0,0.0,0.0,0.0,0.0,0.0,0.0,0.0,0.4646904766559601,0.4646904766559601,1.0,0.4646904766559601,0.4646904766559601,0.4646904766559601,0.0,-0.0038221450522542,0.042245037853717804,1.0,0.00018205144442617893,1.0,0.0,0.0,0.00018205144442617893,0.0,0.0,0.18748685717582703,0.0,0.4874868392944336,0.0,0.48748672008514404,0.48748672008514404,0.6928342580795288,0.0,0.0,0.0,0.0,0.0,0.0,0.0,0.0,1.0,0.0,-0.0015021087601780891,0.4559326171875,0.05114847049117088,0.9606248140335083,0.0,17.048213958740234,17.052221298217773,17.052221298217773,0.1568971425294876,-0.05191413685679436,-2.5319540908341764e-10,0.0,0.0,4.656604290008545,4.656604290008545,1.6272109746932983,1.6272109746932983,0.6330680251121521,0.0,0.0,0.0,0.0,0.487486869096756,0.0,0.48748672008514404,0.48748672008514404,0.6928342580795288,0.0,1.6272109746932983,1.6272109746932983,1.6272109746932983,1.6295087337493896,0.042245037853717804,0.18642312288284302,0.028106870129704475,1.0,0.6824133992195129,0.6570366621017456,0.6497794985771179,0.0,,,,,,,,,,,,,,,12.0,0.0,0.0,0.0,0.0,0.0,0.0,,,,,,,,,,,,,,,,,,,,,,0.001
15,4720,train,21.285808563232422,17.732999801635742,17.72694206237793,0.0,0.03307245671749115,0.03307245671749115,0.0,0.005292436573654413,2.499999936844688e-05,0.012500000186264515,0.0024999999441206455,0.012500000186264515,0.0002500000118743628,0.0002500000118743628,0.25,0.00015581349725835025,0.18652823567390442,0.0,0.0,0.0,0.0,0.0,0.0,0.0,0.0,0.4639497697353363,0.4639497697353363,1.0,0.4639497697353363,0.4639497697353363,0.4639497697353363,0.0,-0.0025541812647134066,0.036002080887556076,1.0,0.00015581349725835025,1.0,0.0,0.0,0.00015581349725835025,0.0,0.0,0.18652823567390442,0.0,0.4865282475948334,0.0,0.4865281283855438,0.4865281283855438,0.6927840113639832,0.0,0.0,0.0,0.0,0.0,0.0,0.0,0.0,1.0,0.0,-0.0013812839752063155,0.4552055895328522,0.051350224763154984,0.9603980779647827,0.0,17.72694206237793,17.732999801635742,17.732999801635742,0.17002007365226746,-0.0934881940484047,2.955470868037935e-10,0.0,0.0,4.757956027984619,4.757956027984619,1.6287195682525635,1.6287195682525635,0.7309166789054871,0.0,0.0,0.0,0.0,0.4865282475948334,0.0,0.4865281283855438,0.4865281283855438,0.6927840113639832,0.0,1.6287195682525635,1.6287192106246948,1.6287195682525635,1.6304292678833008,0.036002080887556076,0.18479488790035248,0.02770158089697361,1.0,0.7005205154418945,0.6332202553749084,0.6624473333358765,0.0,,,,,,,,,,,,,,,12.0,0.0,0.0,0.0,0.0,0.0,0.0,,,,,,,,,,,,,,,,,,,,,,0.001
15,4740,train,20.129871368408203,16.769926071166992,16.762611389160156,0.0,0.032700784504413605,0.032700784504413605,0.0,0.005236848723143339,2.499999936844688e-05,0.012500000186264515,0.0024999999441206455,0.012500000186264515,0.0002500000118743628,0.0002500000118743628,0.25,0.00022241869010031223,0.18655869364738464,0.0,0.0,0.0,0.0,0.0,0.0,0.0,0.0,0.46463409066200256,0.46463409066200256,1.0,0.46463409066200256,0.46463409066200256,0.46463409066200256,0.0,-0.002342679537832737,0.02757353149354458,1.0,0.00022241869010031223,1.0,0.0,0.0,0.00022241869010031223,0.0,0.0,0.18655869364738464,0.0,0.4865587055683136,0.0,0.4865585267543793,0.4865585267543793,0.6927857995033264,0.0,0.0,0.0,0.0,0.0,0.0,0.0,0.0,1.0,0.0,0.00028180869412608445,0.45843076705932617,0.05131781846284866,0.9611538052558899,0.0,16.762611389160156,16.769926071166992,16.769926071166992,0.17305614054203033,-0.11594517529010773,7.78430236936245e-11,0.0,0.0,4.872499942779541,4.872500419616699,1.6279536485671997,1.6279536485671997,0.7907702326774597,0.0,0.0,0.0,0.0,0.4865587055683136,0.0,0.4865584969520569,0.4865584969520569,0.6927857995033264,0.0,1.6279534101486206,1.6279536485671997,1.6279536485671997,1.6294628381729126,0.02757353149354458,0.1842850148677826,0.02784763090312481,1.0,0.6662286520004272,0.6416310667991638,0.6750948429107666,0.0,,,,,,,,,,,,,,,12.0,0.0,0.0,0.0,0.0,0.0,0.0,,,,,,,,,,,,,,,,,,,,,,0.001
15,4760,train,20.418582916259766,17.00935935974121,17.00885581970215,0.0,0.03321175277233124,0.03321175277233124,0.0,0.0052041043527424335,2.499999936844688e-05,0.012500000186264515,0.0024999999441206455,0.012500000186264515,0.0002500000118743628,0.0002500000118743628,0.25,0.00018161760817747563,0.1863841414451599,0.0,0.0,0.0,0.0,0.0,0.0,0.0,0.0,0.46597760915756226,0.46597760915756226,1.0,0.46597760915756226,0.46597760915756226,0.46597760915756226,0.0,-0.0024771238677203655,0.03307099640369415,1.0,0.00018161760817747563,1.0,0.0,0.0,0.00018161760817747563,0.0,0.0,0.1863841414451599,0.0,0.48638415336608887,0.0,0.4863840341567993,0.4863840341567993,0.6927763223648071,0.0,0.0,0.0,0.0,0.0,0.0,0.0,0.0,1.0,0.0,0.0004932651063427329,0.4567519724369049,0.05148553103208542,0.961785078048706,0.0,17.00885581970215,17.00935935974121,17.00935935974121,0.16600748896598816,-0.08103228360414505,-2.1306367781193103e-10,0.0,0.0,4.684406757354736,4.684406757354736,1.6277570724487305,1.6277570724487305,0.7244892716407776,0.0,0.0,0.0,0.0,0.48638415336608887,0.0,0.4863840341567993,0.4863840341567993,0.6927763223648071,0.0,1.6277570724487305,1.6277570724487305,1.6277570724487305,1.6302926540374756,0.03307099640369415,0.1843215376138687,0.027880001813173294,1.0,0.7296012043952942,0.7383562922477722,0.6780232191085815,0.0,,,,,,,,,,,,,,,12.0,0.0,0.0,0.0,0.0,0.0,0.0,,,,,,,,,,,,,,,,,,,,,,0.001
15,4780,train,19.836267471313477,16.524093627929688,16.523895263671875,0.0,0.03227628394961357,0.03227628394961357,0.0,0.005365224089473486,2.499999936844688e-05,0.012500000186264515,0.0024999999441206455,0.012500000186264515,0.0002500000118743628,0.0002500000118743628,0.25,0.0002527704928070307,0.1846494972705841,0.0,0.0,0.0,0.0,0.0,0.0,0.0,0.0,0.4630080461502075,0.4630080461502075,1.0,0.4630080461502075,0.4630080461502075,0.4630080461502075,0.0,-0.003038769355043769,0.05246869474649429,1.0,0.0002527704928070307,1.0,0.0,0.0,0.0002527704928070307,0.0,0.0,0.1846494972705841,0.0,0.48464950919151306,0.0,0.4846493899822235,0.4846493899822235,0.6926759481430054,0.0,0.0,0.0,0.0,0.0,0.0,0.0,0.0,1.0,0.0,0.0020411480218172073,0.45595023036003113,0.05197550728917122,0.9605168700218201,0.0,16.523895263671875,16.524093627929688,16.524093627929688,0.17987236380577087,-0.12442697584629059,6.551870851412289e-11,0.0,0.0,4.828862190246582,4.828862190246582,1.6309807300567627,1.6309807300567627,0.7739295959472656,0.0,0.0,0.0,0.0,0.48464950919151306,0.0,0.4846493899822235,0.4846493899822235,0.6926759481430054,0.0,1.6309807300567627,1.6309807300567627,1.6309807300567627,1.6269868612289429,0.05246869474649429,0.18421007692813873,0.02750352956354618,1.0,0.6816672086715698,0.6845095157623291,0.6395231485366821,0.0,,,,,,,,,,,,,,,12.0,0.0,0.0,0.0,0.0,0.0,0.0,,,,,,,,,,,,,,,,,,,,,,0.001
15,4800,train,20.580400466918945,17.142946243286133,17.150266647338867,0.0,0.03203289583325386,0.03203289583325386,0.0,0.005553018767386675,2.499999936844688e-05,0.012500000186264515,0.0024999999441206455,0.012500000186264515,0.0002500000118743628,0.0002500000118743628,0.25,0.00018577555601950735,0.18426719307899475,0.0,0.0,0.0,0.0,0.0,0.0,0.0,0.0,0.46352916955947876,0.46352916955947876,1.0,0.46352916955947876,0.46352916955947876,0.46352916955947876,0.0,-0.002283606445416808,0.031998410820961,1.0,0.00018577555601950735,1.0,0.0,0.0,0.00018577555601950735,0.0,0.0,0.18426719307899475,0.0,0.4842672049999237,0.0,0.48426708579063416,0.48426708579063416,0.6926519870758057,0.0,0.0,0.0,0.0,0.0,0.0,0.0,0.0,1.0,0.0,-0.0003992413985542953,0.4539702534675598,0.05244269594550133,0.9592854380607605,0.0,17.150266647338867,17.142946243286133,17.142946243286133,0.16083493828773499,-0.11229363828897476,2.123376335871896e-10,0.0,0.0,4.997335910797119,4.997335910797119,1.628388524055481,1.628388524055481,0.745941698551178,0.0,0.0,0.0,0.0,0.4842672049999237,0.0,0.48426708579063416,0.48426708579063416,0.6926519870758057,0.0,1.628388524055481,1.628388524055481,1.628388524055481,1.6324292421340942,0.031998410820961,0.18351906538009644,0.027729248628020287,1.0,0.6060935854911804,0.6823060512542725,0.6760730147361755,0.0,,,,,,,,,,,,,,,12.0,0.0,0.0,0.0,0.0,0.0,0.0,,,,,,,,,,,,,,,,,,,,,,0.001
15,4820,train,20.85585594177246,17.37444305419922,17.37001609802246,0.0,0.03273630142211914,0.03273630142211914,0.0,0.0055521586909890175,2.499999936844688e-05,0.012500000186264515,0.0024999999441206455,0.012500000186264515,0.0002500000118743628,0.0002500000118743628,0.25,0.00020828234846703708,0.18445822596549988,0.0,0.0,0.0,0.0,0.0,0.0,0.0,0.0,0.46348878741264343,0.46348878741264343,1.0,0.46348878741264343,0.46348878741264343,0.46348878741264343,0.0,-0.0025194839108735323,0.033472973853349686,1.0,0.00020828234846703708,1.0,0.0,0.0,0.00020828234846703708,0.0,0.0,0.18445822596549988,0.0,0.48445823788642883,0.0,0.48445838689804077,0.48445838689804077,0.692663848400116,0.0,0.0,0.0,0.0,0.0,0.0,0.0,0.0,1.0,0.0,-0.0019996645860373974,0.45405831933021545,0.052850496023893356,0.9597293734550476,0.0,17.37001609802246,17.37444305419922,17.37444305419922,0.18571878969669342,-0.13456030189990997,8.434594689354924e-10,0.0,0.0,4.993048667907715,4.993048667907715,1.6311413049697876,1.6311413049697876,0.8997896313667297,0.0,0.0,0.0,0.0,0.48445823788642883,0.0,0.48445838689804077,0.48445838689804077,0.692663848400116,0.0,1.6311413049697876,1.6311408281326294,1.6311413049697876,1.6353250741958618,0.033472973853349686,0.18211258947849274,0.027407191693782806,1.0,0.6802008748054504,0.7092525362968445,0.7333673238754272,0.0,,,,,,,,,,,,,,,12.0,0.0,0.0,0.0,0.0,0.0,0.0,,,,,,,,,,,,,,,,,,,,,,0.001
15,4840,train,20.113052368164062,16.75551986694336,16.750669479370117,0.0,0.03128515183925629,0.03128515183925629,0.0,0.005568030755966902,2.499999936844688e-05,0.012500000186264515,0.0024999999441206455,0.012500000186264515,0.0002500000118743628,0.0002500000118743628,0.25,0.0002932833740487695,0.18433108925819397,0.0,0.0,0.0,0.0,0.0,0.0,0.0,0.0,0.46410369873046875,0.46410369873046875,1.0,0.46410369873046875,0.46410369873046875,0.46410369873046875,0.0,-0.0043442645110189915,0.045650042593479156,1.0,0.0002932833740487695,1.0,0.0,0.0,0.0002932833740487695,0.0,0.0,0.18433108925819397,0.0,0.4843311011791229,0.0,0.48433107137680054,0.48433107137680054,0.6926558613777161,0.0,0.0,0.0,0.0,0.0,0.0,0.0,0.0,1.0,0.0,-0.0010847882367670536,0.45369020104408264,0.052970994263887405,0.959995687007904,0.0,16.750669479370117,16.75551986694336,16.75551986694336,0.16048923134803772,-0.07562898844480515,-1.6143919534528095e-10,0.0,0.0,4.9734649658203125,4.9734649658203125,1.6348392963409424,1.6348392963409424,0.7351472973823547,0.0,0.0,0.0,0.0,0.4843311011791229,0.0,0.48433104157447815,0.48433104157447815,0.6926558613777161,0.0,1.6348392963409424,1.6348392963409424,1.6348392963409424,1.6302279233932495,0.045650042593479156,0.18258701264858246,0.02781139872968197,1.0,0.7336339950561523,0.7079451084136963,0.6962989568710327,0.0,,,,,,,,,,,,,,,12.0,0.0,0.0,0.0,0.0,0.0,0.0,,,,,,,,,,,,,,,,,,,,,,0.001
15,4860,train,20.805578231811523,17.33173942565918,17.332263946533203,0.0,0.03111826255917549,0.03111826255917549,0.0,0.00564451701939106,2.499999936844688e-05,0.012500000186264515,0.0024999999441206455,0.012500000186264515,0.0002500000118743628,0.0002500000118743628,0.25,0.00018362129048909992,0.18346157670021057,0.0,0.0,0.0,0.0,0.0,0.0,0.0,0.0,0.46344780921936035,0.46344780921936035,1.0,0.46344780921936035,0.46344780921936035,0.46344780921936035,0.0,-0.0027531541418284178,0.04295837879180908,1.0,0.00018362129048909992,1.0,0.0,0.0,0.00018362129048909992,0.0,0.0,0.18346157670021057,0.0,0.4834615886211395,0.0,0.4834616780281067,0.4834616780281067,0.6926001906394958,0.0,0.0,0.0,0.0,0.0,0.0,0.0,0.0,1.0,0.0,0.0004899959312751889,0.45420312881469727,0.052981823682785034,0.959263265132904,0.0,17.332263946533203,17.33173942565918,17.33173942565918,0.18078911304473877,-0.09248431771993637,9.103460346659986e-11,0.0,0.0,4.720129489898682,4.720129489898682,1.6350239515304565,1.6350239515304565,0.7829369306564331,0.0,0.0,0.0,0.0,0.4834615886211395,0.0,0.4834616482257843,0.4834616482257843,0.6926001906394958,0.0,1.6350239515304565,1.6350239515304565,1.6350239515304565,1.6329624652862549,0.04295837879180908,0.1838783621788025,0.027605481445789337,1.0,0.7233706116676331,0.719436764717102,0.6716034412384033,0.0,,,,,,,,,,,,,,,12.0,0.0,0.0,0.0,0.0,0.0,0.0,,,,,,,,,,,,,,,,,,,,,,0.001
15,4880,train,20.819515228271484,17.344497680664062,17.338075637817383,0.0,0.03465115278959274,0.03465115278959274,0.0,0.005815168842673302,2.499999936844688e-05,0.012500000186264515,0.0024999999441206455,0.012500000186264515,0.0002500000118743628,0.0002500000118743628,0.25,0.0002320567291462794,0.1824771761894226,0.0,0.0,0.0,0.0,0.0,0.0,0.0,0.0,0.4616052508354187,0.4616052508354187,1.0,0.4616052508354187,0.4616052508354187,0.4616052508354187,0.0,-0.00296408892609179,0.04845408722758293,1.0,0.0002320567291462794,1.0,0.0,0.0,0.0002320567291462794,0.0,0.0,0.1824771761894226,0.0,0.48247718811035156,0.0,0.482477068901062,0.482477068901062,0.6925330758094788,0.0,0.0,0.0,0.0,0.0,0.0,0.0,0.0,1.0,0.0,-0.0017236553831025958,0.4532087445259094,0.05301378667354584,0.957687497138977,0.0,17.338075637817383,17.344497680664062,17.344497680664062,0.16915570199489594,-0.09914418309926987,-4.9432964666085155e-11,0.0,0.0,4.715692520141602,4.715692520141602,1.6306467056274414,1.6306467056274414,0.7492093443870544,0.0,0.0,0.0,0.0,0.48247718811035156,0.0,0.482477068901062,0.482477068901062,0.6925330758094788,0.0,1.6306467056274414,1.6306467056274414,1.6306467056274414,1.6317110061645508,0.04845408722758293,0.18468713760375977,0.027187785133719444,1.0,0.6770331859588623,0.6477508544921875,0.6380709409713745,0.0,,,,,,,,,,,,,,,12.0,0.0,0.0,0.0,0.0,0.0,0.0,,,,,,,,,,,,,,,,,,,,,,0.001
15,4900,train,19.36104393005371,16.128265380859375,16.126916885375977,0.0,0.03387073054909706,0.03387073054909706,0.0,0.005888116545975208,2.499999936844688e-05,0.012500000186264515,0.0024999999441206455,0.012500000186264515,0.0002500000118743628,0.0002500000118743628,0.25,0.000205308198928833,0.18333545327186584,0.0,0.0,0.0,0.0,0.0,0.0,0.0,0.0,0.46171170473098755,0.46171170473098755,1.0,0.46171170473098755,0.46171170473098755,0.46171170473098755,0.0,-0.0028183998074382544,0.02719871886074543,1.0,0.000205308198928833,1.0,0.0,0.0,0.000205308198928833,0.0,0.0,0.18333545327186584,0.0,0.4833354651927948,0.0,0.4833352565765381,0.4833352565765381,0.6925919055938721,0.0,0.0,0.0,0.0,0.0,0.0,0.0,0.0,1.0,0.0,-0.0017867357237264514,0.4512241780757904,0.05322206765413284,0.9573556780815125,0.0,16.126916885375977,16.128265380859375,16.128265380859375,0.1770583689212799,-0.09510743618011475,2.0158900937428115e-10,0.0,0.0,4.814797401428223,4.814797401428223,1.6334645748138428,1.6334645748138428,0.7604734897613525,0.0,0.0,0.0,0.0,0.4833354651927948,0.0,0.4833352565765381,0.4833352565765381,0.6925919055938721,0.0,1.6334645748138428,1.6334645748138428,1.6334645748138428,1.6321971416473389,0.02719871886074543,0.1847223937511444,0.028030704706907272,1.0,0.7107478976249695,0.7192306518554688,0.670304536819458,0.0,,,,,,,,,,,,,,,12.0,0.0,0.0,0.0,0.0,0.0,0.0,,,,,,,,,,,,,,,,,,,,,,0.001
15,4920,train,19.092952728271484,15.905163764953613,15.902146339416504,0.0,0.03342374414205551,0.03342374414205551,0.0,0.006023668218404055,2.499999936844688e-05,0.012500000186264515,0.0024999999441206455,0.012500000186264515,0.0002500000118743628,0.0002500000118743628,0.25,0.0002323229709872976,0.18263956904411316,0.0,0.0,0.0,0.0,0.0,0.0,0.0,0.0,0.459751158952713,0.459751158952713,1.0,0.459751158952713,0.459751158952713,0.459751158952713,0.0,-0.0036855374928563833,0.05073276907205582,1.0,0.0002323229709872976,1.0,0.0,0.0,0.0002323229709872976,0.0,0.0,0.18263956904411316,0.0,0.4826395809650421,0.0,0.48263972997665405,0.48263972997665405,0.6925444006919861,0.0,0.0,0.0,0.0,0.0,0.0,0.0,0.0,1.0,0.0,-0.0006740468088537455,0.4512733221054077,0.05334894731640816,0.9560808539390564,0.0,15.902146339416504,15.905163764953613,15.905163764953613,0.17036092281341553,-0.07998781651258469,3.4558794714811825e-10,0.0,0.0,4.85658597946167,4.85658597946167,1.6314133405685425,1.6314133405685425,0.7313339114189148,0.0,0.0,0.0,0.0,0.4826395809650421,0.0,0.48263970017433167,0.48263970017433167,0.6925444006919861,0.0,1.6314133405685425,1.6314133405685425,1.6314133405685425,1.6271162033081055,0.05073276907205582,0.18605893850326538,0.027881110087037086,1.0,0.7426663041114807,0.7046794295310974,0.7290922403335571,0.0,,,,,,,,,,,,,,,12.0,0.0,0.0,0.0,0.0,0.0,0.0,,,,,,,,,,,,,,,,,,,,,,0.001
15,4940,train,20.557647705078125,17.125513076782227,17.123924255371094,0.0,0.03313871845602989,0.03313871845602989,0.0,0.006127284839749336,2.499999936844688e-05,0.012500000186264515,0.0024999999441206455,0.012500000186264515,0.0002500000118743628,0.0002500000118743628,0.25,0.000220395129872486,0.1822367012500763,0.0,0.0,0.0,0.0,0.0,0.0,0.0,0.0,0.4592731297016144,0.4592731297016144,1.0,0.4592731297016144,0.4592731297016144,0.4592731297016144,0.0,-0.003791325492784381,0.044945597648620605,1.0,0.000220395129872486,1.0,0.0,0.0,0.000220395129872486,0.0,0.0,0.1822367012500763,0.0,0.48223671317100525,0.0,0.4822365939617157,0.4822365939617157,0.6925161480903625,0.0,0.0,0.0,0.0,0.0,0.0,0.0,0.0,1.0,0.0,-0.001134607009589672,0.45221343636512756,0.053412050008773804,0.9551806449890137,0.0,17.123924255371094,17.125513076782227,17.125513076782227,0.19105732440948486,-0.1230906993150711,6.712914668582926e-10,0.0,0.0,4.788967132568359,4.788967132568359,1.6357439756393433,1.6357439756393433,0.8248636722564697,0.0,0.0,0.0,0.0,0.48223671317100525,0.0,0.4822365939617157,0.4822365939617157,0.6925161480903625,0.0,1.6357439756393433,1.6357439756393433,1.6357439756393433,1.6264804601669312,0.044945597648620605,0.18813788890838623,0.028465397655963898,1.0,0.6393412351608276,0.6334748268127441,0.67507404088974,0.0,,,,,,,,,,,,,,,12.0,0.0,0.0,0.0,0.0,0.0,0.0,,,,,,,,,,,,,,,,,,,,,,0.001
15,4960,train,21.64191246032715,18.028717041015625,18.029197692871094,0.0,0.03471723943948746,0.03471723943948746,0.0,0.006258486304432154,2.499999936844688e-05,0.012500000186264515,0.0024999999441206455,0.012500000186264515,0.0002500000118743628,0.0002500000118743628,0.25,0.00015680017531849444,0.18162155151367188,0.0,0.0,0.0,0.0,0.0,0.0,0.0,0.0,0.4584120213985443,0.4584120213985443,1.0,0.4584120213985443,0.4584120213985443,0.4584120213985443,0.0,-0.004375050310045481,0.049308571964502335,1.0,0.00015680017531849444,1.0,0.0,0.0,0.00015680017531849444,0.0,0.0,0.18162155151367188,0.0,0.4816215932369232,0.0,0.4816214442253113,0.4816214442253113,0.6924712657928467,0.0,0.0,0.0,0.0,0.0,0.0,0.0,0.0,1.0,0.0,-0.00019541186338756233,0.45094260573387146,0.05326934903860092,0.9540940523147583,0.0,18.029197692871094,18.028717041015625,18.028717041015625,0.20293506979942322,-0.10766596347093582,-4.214572787986093e-11,0.0,0.0,4.762853622436523,4.762854099273682,1.6266220808029175,1.6266220808029175,0.8820431232452393,0.0,0.0,0.0,0.0,0.48162156343460083,0.0,0.4816214144229889,0.4816214144229889,0.6924712657928467,0.0,1.6266220808029175,1.6266220808029175,1.6266220808029175,1.6290888786315918,0.049308571964502335,0.1891627162694931,0.02828045003116131,1.0,0.7549715638160706,0.7300758361816406,0.7043702006340027,0.0,,,,,,,,,,,,,,,12.0,0.0,0.0,0.0,0.0,0.0,0.0,,,,,,,,,,,,,,,,,,,,,,0.001
15,4980,train,20.810203552246094,17.3351993560791,17.338476181030273,0.0,0.03152557462453842,0.03152557462453842,0.0,0.0062615396454930305,2.499999936844688e-05,0.012500000186264515,0.0024999999441206455,0.012500000186264515,0.0002500000118743628,0.0002500000118743628,0.25,0.00024089225917123258,0.18089428544044495,0.0,0.0,0.0,0.0,0.0,0.0,0.0,0.0,0.45794016122817993,0.45794016122817993,1.0,0.45794016122817993,0.45794016122817993,0.45794016122817993,0.0,-0.004492469131946564,0.051458943635225296,1.0,0.00024089225917123258,1.0,0.0,0.0,0.00024089225917123258,0.0,0.0,0.18089428544044495,0.0,0.4808943271636963,0.0,0.48089441657066345,0.48089441657066345,0.6924170851707458,0.0,0.0,0.0,0.0,0.0,0.0,0.0,0.0,1.0,0.0,0.0014735831646248698,0.45242202281951904,0.05275697633624077,0.9536204934120178,0.0,17.338476181030273,17.3351993560791,17.3351993560791,0.17167620360851288,-0.0727570578455925,-6.346350528430023e-11,0.0,0.0,4.666847229003906,4.666847229003906,1.631299614906311,1.631299614906311,0.7260135412216187,0.0,0.0,0.0,0.0,0.4808942973613739,0.0,0.48089438676834106,0.48089438676834106,0.6924170851707458,0.0,1.631299376487732,1.631299614906311,1.631299614906311,1.6240310668945312,0.051458943635225296,0.1893601417541504,0.028308212757110596,1.0,0.7685091495513916,0.7041988372802734,0.6985913515090942,0.0,,,,,,,,,,,,,,,12.0,0.0,0.0,0.0,0.0,0.0,0.0,,,,,,,,,,,,,,,,,,,,,,0.001
15,5000,train,19.919851303100586,16.59331703186035,16.59586524963379,0.0,0.03552885726094246,0.03552885726094246,0.0,0.006395855452865362,2.499999936844688e-05,0.012500000186264515,0.0024999999441206455,0.012500000186264515,0.0002500000118743628,0.0002500000118743628,0.25,0.00022392068058252335,0.18047738075256348,0.0,0.0,0.0,0.0,0.0,0.0,0.0,0.0,0.4580317735671997,0.4580317735671997,1.0,0.4580317735671997,0.4580317735671997,0.4580317735671997,0.0,-0.0039356243796646595,0.04583977535367012,1.0,0.00022392068058252335,1.0,0.0,0.0,0.00022392068058252335,0.0,0.0,0.18047738075256348,0.0,0.48047739267349243,0.0,0.4804774522781372,0.4804774522781372,0.6923847794532776,0.0,0.0,0.0,0.0,0.0,0.0,0.0,0.0,1.0,0.0,-0.0006589096738025546,0.45260128378868103,0.052691929042339325,0.9525426030158997,0.0,16.59586524963379,16.59331703186035,16.59331703186035,0.19715894758701324,-0.13436956703662872,-1.088990980724347e-10,0.0,0.0,5.0554351806640625,5.0554351806640625,1.6257661581039429,1.6257661581039429,0.9596185088157654,0.0,0.0,0.0,0.0,0.48047739267349243,0.0,0.4804774522781372,0.4804774522781372,0.6923847794532776,0.0,1.6257661581039429,1.6257661581039429,1.6257661581039429,1.626447319984436,0.04583977535367012,0.18952493369579315,0.028310393914580345,1.0,0.7073211669921875,0.6813911199569702,0.711073637008667,0.0,,,,,,,,,,,,,,,12.0,0.0,0.0,0.0,0.0,0.0,0.0,,,,,,,,,,,,,,,,,,,,,,0.001
15,5010,train_epoch,20.065437431107025,16.715057167464387,16.714959424412893,0.0,0.03272981903777865,0.03272981903777865,0.0,0.005698987324638459,2.499999936844688e-05,0.012500000186264515,0.0024999999441206455,0.012500000186264515,0.0002500000118743628,0.0002500000118743628,0.25,0.00021214388871811535,0.18403153183931362,0.0,0.0,0.0,0.0,0.0,0.0,0.0,0.0,0.46222203202590256,0.46222203202590256,1.0,0.46222203202590256,0.4622220328289592,0.4622220328289592,0.0,-0.003215675714877462,0.040814949539741,1.0,0.00021214388871811535,1.0,0.0,0.0,0.00021214388871811535,0.0,0.0,0.18403153183931362,0.0,0.48403154715092594,0.0,0.4840315215423435,0.4840315215423435,0.6926277422619437,0.0,0.0,0.0,0.0,0.0,0.0,0.0,0.0,1.0,0.0,1.7036520584761474e-05,0.45429705939963905,0.05246817532502963,0.9581604828377683,0.0,16.714959424412893,16.715057167464387,16.715057167464387,0.17472705477012132,-0.10380609523125751,1.2139265799986706e-11,0.0,0.0,4.803060427397311,4.8030604388185605,1.6296088970349933,1.6296088970349933,0.771014347583234,0.0,0.0,0.0,0.0,0.4840315437602426,0.0,0.4840315095857232,0.4840315095857232,0.6926277422619437,0.0,1.6296088531345665,1.6296088524207384,1.6296088970349933,1.6294873992126144,0.040814949539741,0.1854745072875908,0.027885027988228256,1.0,0.6919354976651197,0.6926203512859915,0.6923583173109386,0.0,,,,,,,,,,,,,,,12.0,0.0,0.0,0.0,0.0,0.0,0.0,,,,,,,,,,,,,,,,,,,,,,0.001
15,5010,val,,,,,,,,,,,,,,,,,,,,,,,,,,,,,,,,,,,,,,,,,,,,,,,,,,,,,,,,,,,,,,,,,,,,,,,,,,,,,,,,,,,,,,,,,,,,,,,,,,,,,,,,,,,,,,,,,,,,,,,,,16.227712631225586,685.033935546875,26.173152953873842,0.11600939184427261,0.06925221532583237,14.673449516296387,23.632325666473243,0.0985758900642395,0.06268597394227982,16.148517608642578,26.152409972376947,0.11181716620922089,0.06892414391040802,18.75077247619629,29.814084568738227,0.14509716629981995,0.079887256026268,16.227712631225586,26.173152953873842,0.11600939184427261,0.06925221532583237,0.001
15,5010,test_select,,,,,,,,,,,,,,,,,,,,,,,,,,,,,,,,,,,,,,,,,,,,,,,,,,,,,,,,,,,,,,,,,,,,,,,,,,,,,,,,,,,,,,,,,,,,,,,,,,,,,,,,,,,,,,,,,,,,,,,,,20.78160285949707,1114.408935546875,33.382764048935115,0.12243551015853882,0.0844092145562172,16.953716278076172,26.824922684898482,0.09856665134429932,0.0688222199678421,20.508625030517578,32.75146294740607,0.11740435659885406,0.08329249918460846,26.69161605834961,41.72995665258427,0.1565265655517578,0.10851632058620453,20.78160285949707,33.382764048935115,0.12243551015853882,0.0844092145562172,0.001
16,5020,train,20.316207885742188,16.922176361083984,16.92652702331543,0.0,0.030301431193947792,0.030301431193947792,0.0,0.006578574888408184,2.9999999242136255e-05,0.014999999664723873,0.003000000026077032,0.014999999664723873,0.0003000000142492354,0.0003000000142492354,0.30000001192092896,0.00020225398475304246,0.18045422434806824,0.0,0.0,0.0,0.0,0.0,0.0,0.0,0.0,0.45664897561073303,0.45664897561073303,1.0,0.45664897561073303,0.45664894580841064,0.45664894580841064,0.0,-0.004523719660937786,0.04624352231621742,1.0,0.00020225398475304246,1.0,0.0,0.0,0.00020225398475304246,0.0,0.0,0.18045422434806824,0.0,0.48045429587364197,0.0,0.48045414686203003,0.48045414686203003,0.6923829317092896,0.0,0.0,0.0,0.0,0.0,0.0,0.0,0.0,1.0,0.0,-0.0010680010309442878,0.45182037353515625,0.053320735692977905,0.9517380595207214,0.0,16.92652702331543,16.922176361083984,16.922176361083984,0.17926587164402008,-0.11271517723798752,2.055683956392329e-10,0.0,0.0,4.807271957397461,4.807271957397461,1.6261557340621948,1.6261557340621948,0.8291692733764648,0.0,0.0,0.0,0.0,0.4804542362689972,0.0,0.48045411705970764,0.48045411705970764,0.6923829317092896,0.0,1.6261557340621948,1.6261557340621948,1.6261557340621948,1.6295245885849,0.04624352231621742,0.19012296199798584,0.028110170736908913,1.0,0.6786803007125854,0.7444511651992798,0.6938783526420593,0.0,,,,,,,,,,,,,,,12.0,0.0,0.0,0.0,0.0,0.0,0.0,,,,,,,,,,,,,,,,,,,,,,0.001
16,5040,train,20.316368103027344,16.922338485717773,16.926496505737305,0.0,0.03150647506117821,0.03150647506117821,0.0,0.006641614716500044,2.9999999242136255e-05,0.014999999664723873,0.003000000026077032,0.014999999664723873,0.0003000000142492354,0.0003000000142492354,0.30000001192092896,0.0002708026149775833,0.17998787760734558,0.0,0.0,0.0,0.0,0.0,0.0,0.0,0.0,0.4557579457759857,0.4557579457759857,1.0,0.4557579457759857,0.45575791597366333,0.45575791597366333,0.0,-0.004372505936771631,0.053071897476911545,1.0,0.0002708026149775833,1.0,0.0,0.0,0.0002708026149775833,0.0,0.0,0.17998787760734558,0.0,0.47998788952827454,0.0,0.4799876809120178,0.4799876809120178,0.6923460960388184,0.0,0.0,0.0,0.0,0.0,0.0,0.0,0.0,1.0,0.0,-0.0008806383702903986,0.4522317349910736,0.05372610315680504,0.9516459107398987,0.0,16.926496505737305,16.922338485717773,16.922338485717773,0.17580299079418182,-0.08691802620887756,-2.49959997145055e-10,0.0,0.0,4.760477542877197,4.760477542877197,1.627321481704712,1.627321481704712,0.7679716348648071,0.0,0.0,0.0,0.0,0.47998788952827454,0.0,0.47998765110969543,0.47998765110969543,0.6923460960388184,0.0,1.627321481704712,1.627321481704712,1.627321481704712,1.6207104921340942,0.053071897476911545,0.19033777713775635,0.027806906029582024,1.0,0.7311468124389648,0.7227916717529297,0.7082340121269226,0.0,,,,,,,,,,,,,,,12.0,0.0,0.0,0.0,0.0,0.0,0.0,,,,,,,,,,,,,,,,,,,,,,0.001
16,5060,train,18.56269073486328,15.462430953979492,15.457730293273926,0.0,0.028512462973594666,0.028512462973594666,0.0,0.006617411971092224,2.9999999242136255e-05,0.014999999664723873,0.003000000026077032,0.014999999664723873,0.0003000000142492354,0.0003000000142492354,0.30000001192092896,0.0001939287903951481,0.18047446012496948,0.0,0.0,0.0,0.0,0.0,0.0,0.0,0.0,0.45742374658584595,0.45742374658584595,1.0,0.45742374658584595,0.45742374658584595,0.45742374658584595,0.0,-0.0034822209272533655,0.03900154307484627,1.0,0.0001939287903951481,1.0,0.0,0.0,0.0001939287903951481,0.0,0.0,0.18047446012496948,0.0,0.48047447204589844,0.0,0.48047444224357605,0.48047444224357605,0.692384660243988,0.0,0.0,0.0,0.0,0.0,0.0,0.0,0.0,1.0,0.0,-0.001963469898328185,0.4480352997779846,0.054003942757844925,0.9523769021034241,0.0,15.457730293273926,15.462430953979492,15.462430953979492,0.17114770412445068,-0.1100015789270401,3.033433226828919e-10,0.0,0.0,4.9086995124816895,4.9086995124816895,1.6241841316223145,1.6241841316223145,0.795732855796814,0.0,0.0,0.0,0.0,0.48047447204589844,0.0,0.48047444224357605,0.48047444224357605,0.692384660243988,0.0,1.6241841316223145,1.6241841316223145,1.6241841316223145,1.6274973154067993,0.03900154307484627,0.1891646683216095,0.02772011049091816,1.0,0.6660112142562866,0.7029514312744141,0.6948134899139404,0.0,,,,,,,,,,,,,,,12.0,0.0,0.0,0.0,0.0,0.0,0.0,,,,,,,,,,,,,,,,,,,,,,0.001
16,5080,train,19.381717681884766,16.14383316040039,16.145532608032227,0.0,0.030112970620393753,0.030112970620393753,0.0,0.0064275735057890415,2.9999999242136255e-05,0.014999999664723873,0.003000000026077032,0.014999999664723873,0.0003000000142492354,0.0003000000142492354,0.30000001192092896,0.0002386789274169132,0.18159815669059753,0.0,0.0,0.0,0.0,0.0,0.0,0.0,0.0,0.45937180519104004,0.45937180519104004,1.0,0.45937180519104004,0.45937180519104004,0.45937180519104004,0.0,-0.0034337465185672045,0.03519072011113167,1.0,0.0002386789274169132,1.0,0.0,0.0,0.0002386789274169132,0.0,0.0,0.18159815669059753,0.0,0.4815981686115265,0.0,0.4815983474254608,0.4815983474254608,0.6924699544906616,0.0,0.0,0.0,0.0,0.0,0.0,0.0,0.0,1.0,0.0,-7.629065657965839e-05,0.4493577182292938,0.05397186428308487,0.9543474316596985,0.0,16.145532608032227,16.14383316040039,16.14383316040039,0.166026309132576,-0.10033227503299713,3.025653061428102e-10,0.0,0.0,4.806873321533203,4.806873321533203,1.6291013956069946,1.6291013956069946,0.7484079003334045,0.0,0.0,0.0,0.0,0.4815981686115265,0.0,0.4815983474254608,0.4815983474254608,0.6924699544906616,0.0,1.6291013956069946,1.6291013956069946,1.6291013956069946,1.6347765922546387,0.03519072011113167,0.18741624057292938,0.02796485275030136,1.0,0.5867211818695068,0.6311239004135132,0.6361668705940247,0.0,,,,,,,,,,,,,,,12.0,0.0,0.0,0.0,0.0,0.0,0.0,,,,,,,,,,,,,,,,,,,,,,0.001
16,5100,train,19.79890251159668,16.490427017211914,16.4984188079834,0.0,0.028534047305583954,0.028534047305583954,0.0,0.006265766452997923,2.9999999242136255e-05,0.014999999664723873,0.003000000026077032,0.014999999664723873,0.0003000000142492354,0.0003000000142492354,0.30000001192092896,0.00019516490283422172,0.1816723644733429,0.0,0.0,0.0,0.0,0.0,0.0,0.0,0.0,0.4615880250930786,0.4615880250930786,1.0,0.4615880250930786,0.4615880250930786,0.4615880250930786,0.0,-0.003210659371688962,0.046377938240766525,1.0,0.00019516490283422172,1.0,0.0,0.0,0.00019516490283422172,0.0,0.0,0.1816723644733429,0.0,0.48167237639427185,0.0,0.4816724956035614,0.4816724956035614,0.6924750804901123,0.0,0.0,0.0,0.0,0.0,0.0,0.0,0.0,1.0,0.0,0.0004015842278022319,0.44900837540626526,0.05395297333598137,0.9560728669166565,0.0,16.4984188079834,16.490427017211914,16.490427017211914,0.18784989416599274,-0.11939073354005814,-3.549872340524729e-10,0.0,0.0,4.7026519775390625,4.7026519775390625,1.6343951225280762,1.6343951225280762,0.8312429189682007,0.0,0.0,0.0,0.0,0.48167237639427185,0.0,0.4816724956035614,0.4816724956035614,0.6924750804901123,0.0,1.6343951225280762,1.6343950033187866,1.6343951225280762,1.6356168985366821,0.046377938240766525,0.18782514333724976,0.028231171891093254,1.0,0.6886317729949951,0.657387375831604,0.6930508017539978,0.0,,,,,,,,,,,,,,,12.0,0.0,0.0,0.0,0.0,0.0,0.0,,,,,,,,,,,,,,,,,,,,,,0.001
16,5120,train,21.49815559387207,17.908138275146484,17.905927658081055,0.0,0.031191444024443626,0.031191444024443626,0.0,0.006168014369904995,2.9999999242136255e-05,0.014999999664723873,0.003000000026077032,0.014999999664723873,0.0003000000142492354,0.0003000000142492354,0.30000001192092896,0.0002691807458177209,0.18180564045906067,0.0,0.0,0.0,0.0,0.0,0.0,0.0,0.0,0.4616052508354187,0.4616052508354187,1.0,0.4616052508354187,0.4616052508354187,0.4616052508354187,0.0,-0.0031501150224357843,0.04305078089237213,1.0,0.0002691807458177209,1.0,0.0,0.0,0.0002691807458177209,0.0,0.0,0.18180564045906067,0.0,0.4818056523799896,0.0,0.4818055331707001,0.4818055331707001,0.6924851536750793,0.0,0.0,0.0,0.0,0.0,0.0,0.0,0.0,1.0,0.0,-0.0018549964297562838,0.44953063130378723,0.054128509014844894,0.9575287103652954,0.0,17.905927658081055,17.908138275146484,17.908138275146484,0.18816974759101868,-0.10297030210494995,2.285464040241436e-10,0.0,0.0,4.780320167541504,4.780320167541504,1.6372030973434448,1.6372030973434448,0.8628761172294617,0.0,0.0,0.0,0.0,0.4818056523799896,0.0,0.4818055331707001,0.4818055331707001,0.6924851536750793,0.0,1.6372030973434448,1.6372030973434448,1.6372030973434448,1.6355884075164795,0.04305078089237213,0.18623508512973785,0.027908790856599808,1.0,0.6708353161811829,0.6950525045394897,0.7091382741928101,0.0,,,,,,,,,,,,,,,12.0,0.0,0.0,0.0,0.0,0.0,0.0,,,,,,,,,,,,,,,,,,,,,,0.001
16,5140,train,18.73275375366211,15.603943824768066,15.600112915039062,0.0,0.027395116165280342,0.027395116165280342,0.0,0.006175686605274677,2.9999999242136255e-05,0.014999999664723873,0.003000000026077032,0.014999999664723873,0.0003000000142492354,0.0003000000142492354,0.30000001192092896,0.00012331227480899543,0.1810772716999054,0.0,0.0,0.0,0.0,0.0,0.0,0.0,0.0,0.46248725056648254,0.46248725056648254,1.0,0.46248725056648254,0.46248728036880493,0.46248728036880493,0.0,-0.0033441230189055204,0.05203864350914955,1.0,0.00012331227480899543,1.0,0.0,0.0,0.00012331227480899543,0.0,0.0,0.1810772716999054,0.0,0.48107728362083435,0.0,0.4810774028301239,0.4810774028301239,0.6924307346343994,0.0,0.0,0.0,0.0,0.0,0.0,0.0,0.0,1.0,0.0,-0.0009394945809617639,0.44692397117614746,0.05440623685717583,0.9578011631965637,0.0,15.600112915039062,15.603943824768066,15.603943824768066,0.15578769147396088,-0.0882953405380249,-8.246245353227266e-11,0.0,0.0,4.6782708168029785,4.6782708168029785,1.639276146888733,1.639276146888733,0.6879025101661682,0.0,0.0,0.0,0.0,0.48107728362083435,0.0,0.4810774028301239,0.4810774028301239,0.6924307346343994,0.0,1.639276146888733,1.639276146888733,1.639276146888733,1.6380923986434937,0.05203864350914955,0.18574342131614685,0.02771052159368992,1.0,0.6325352191925049,0.640430212020874,0.6993650197982788,0.0,,,,,,,,,,,,,,,12.0,0.0,0.0,0.0,0.0,0.0,0.0,,,,,,,,,,,,,,,,,,,,,,0.001
16,5160,train,20.50538444519043,17.080047607421875,17.082672119140625,0.0,0.029358848929405212,0.029358848929405212,0.0,0.006287172436714172,2.9999999242136255e-05,0.014999999664723873,0.003000000026077032,0.014999999664723873,0.0003000000142492354,0.0003000000142492354,0.30000001192092896,0.0002261261106468737,0.1797058880329132,0.0,0.0,0.0,0.0,0.0,0.0,0.0,0.0,0.46155086159706116,0.46155086159706116,1.0,0.46155086159706116,0.4615508019924164,0.4615508019924164,0.0,-0.00401387270539999,0.05979275330901146,1.0,0.0002261261106468737,1.0,0.0,0.0,0.0002261261106468737,0.0,0.0,0.1797058880329132,0.0,0.47970589995384216,0.0,0.4797060489654541,0.4797060489654541,0.6923235058784485,0.0,0.0,0.0,0.0,0.0,0.0,0.0,0.0,1.0,0.0,0.0017357366159558296,0.4491986632347107,0.05439971759915352,0.9569463133811951,0.0,17.082672119140625,17.080047607421875,17.080047607421875,0.1816551238298416,-0.0840790718793869,3.2368577262964493e-10,0.0,0.0,4.8431620597839355,4.8431620597839355,1.6392009258270264,1.6392009258270264,0.8070235252380371,0.0,0.0,0.0,0.0,0.47970589995384216,0.0,0.4797060489654541,0.4797060489654541,0.6923235058784485,0.0,1.6392009258270264,1.6392009258270264,1.6392009258270264,1.6367056369781494,0.05979275330901146,0.18579114973545074,0.02797115035355091,1.0,0.685381293296814,0.6936563849449158,0.6186565160751343,0.0,,,,,,,,,,,,,,,12.0,0.0,0.0,0.0,0.0,0.0,0.0,,,,,,,,,,,,,,,,,,,,,,0.001
16,5180,train,19.87166404724121,16.551799774169922,16.555471420288086,0.0,0.02885184995830059,0.02885184995830059,0.0,0.0063939266838133335,2.9999999242136255e-05,0.014999999664723873,0.003000000026077032,0.014999999664723873,0.0003000000142492354,0.0003000000142492354,0.30000001192092896,0.00021186166850384325,0.17839661240577698,0.0,0.0,0.0,0.0,0.0,0.0,0.0,0.0,0.4601692855358124,0.4601692855358124,1.0,0.4601692855358124,0.46016925573349,0.46016925573349,0.0,-0.0046992371790111065,0.060373302549123764,1.0,0.00021186166850384325,1.0,0.0,0.0,0.00021186166850384325,0.0,0.0,0.17839661240577698,0.0,0.47839662432670593,0.0,0.4783967435359955,0.4783967435359955,0.6922132968902588,0.0,0.0,0.0,0.0,0.0,0.0,0.0,0.0,1.0,0.0,0.0001623531134100631,0.44847673177719116,0.05434553325176239,0.9558797478675842,0.0,16.555471420288086,16.551799774169922,16.551799774169922,0.1778077334165573,-0.07612083852291107,2.653871566948851e-10,0.0,0.0,4.564817428588867,4.564817428588867,1.6329866647720337,1.6329866647720337,0.7234271168708801,0.0,0.0,0.0,0.0,0.47839662432670593,0.0,0.4783967137336731,0.4783967137336731,0.6922132968902588,0.0,1.6329866647720337,1.6329866647720337,1.6329866647720337,1.6385153532028198,0.060373302549123764,0.18668381869792938,0.028027212247252464,1.0,0.6518497467041016,0.6844107508659363,0.6382526159286499,0.0,,,,,,,,,,,,,,,12.0,0.0,0.0,0.0,0.0,0.0,0.0,,,,,,,,,,,,,,,,,,,,,,0.001
16,5200,train,18.813751220703125,15.670817375183105,15.671025276184082,0.0,0.026958737522363663,0.026958737522363663,0.0,0.006513700820505619,2.9999999242136255e-05,0.014999999664723873,0.003000000026077032,0.014999999664723873,0.0003000000142492354,0.0003000000142492354,0.30000001192092896,0.00015650854038540274,0.17782065272331238,0.0,0.0,0.0,0.0,0.0,0.0,0.0,0.0,0.4593915045261383,0.4593915045261383,1.0,0.4593915045261383,0.4593915045261383,0.4593915045261383,0.0,-0.0031292112544178963,0.05011913552880287,1.0,0.00015650854038540274,1.0,0.0,0.0,0.00015650854038540274,0.0,0.0,0.17782065272331238,0.0,0.47782066464424133,0.0,0.47782081365585327,0.47782081365585327,0.692163348197937,0.0,0.0,0.0,0.0,0.0,0.0,0.0,0.0,1.0,0.0,0.0019102813675999641,0.4463825225830078,0.05448811873793602,0.9549826979637146,0.0,15.671025276184082,15.670817375183105,15.670817375183105,0.16376304626464844,-0.08597094565629959,6.044224842849388e-11,0.0,0.0,4.784703731536865,4.784704208374023,1.6354585886001587,1.6354585886001587,0.7197499871253967,0.0,0.0,0.0,0.0,0.47782066464424133,0.0,0.47782081365585327,0.47782081365585327,0.692163348197937,0.0,1.6354585886001587,1.6354585886001587,1.6354585886001587,1.6351491212844849,0.05011913552880287,0.18797355890274048,0.028545917943120003,1.0,0.7169348001480103,0.7060205340385437,0.7177810072898865,0.0,,,,,,,,,,,,,,,12.0,0.0,0.0,0.0,0.0,0.0,0.0,,,,,,,,,,,,,,,,,,,,,,0.001
16,5220,train,19.583446502685547,16.312597274780273,16.310367584228516,0.0,0.02827034331858158,0.02827034331858158,0.0,0.006372155621647835,2.9999999242136255e-05,0.014999999664723873,0.003000000026077032,0.014999999664723873,0.0003000000142492354,0.0003000000142492354,0.30000001192092896,0.00012659523054026067,0.1794709861278534,0.0,0.0,0.0,0.0,0.0,0.0,0.0,0.0,0.4610719382762909,0.4610719382762909,1.0,0.4610719382762909,0.4610719382762909,0.4610719382762909,0.0,-0.0029257533606141806,0.03250323608517647,1.0,0.00012659523054026067,1.0,0.0,0.0,0.00012659523054026067,0.0,0.0,0.1794709861278534,0.0,0.47947099804878235,0.0,0.4794708490371704,0.4794708490371704,0.6923041343688965,0.0,0.0,0.0,0.0,0.0,0.0,0.0,0.0,1.0,0.0,0.00026186267496086657,0.44866108894348145,0.05409649387001991,0.9561706185340881,0.0,16.310367584228516,16.312597274780273,16.312597274780273,0.19228148460388184,-0.14320017397403717,1.8468493401258002e-10,0.0,0.0,4.702578067779541,4.702578067779541,1.6371675729751587,1.6371675729751587,0.8222329616546631,0.0,0.0,0.0,0.0,0.47947099804878235,0.0,0.4794708490371704,0.4794708490371704,0.6923041343688965,0.0,1.6371675729751587,1.6371675729751587,1.6371675729751587,1.6391971111297607,0.03250323608517647,0.18587113916873932,0.028001898899674416,1.0,0.6243310570716858,0.6714605093002319,0.7030534148216248,0.0,,,,,,,,,,,,,,,12.0,0.0,0.0,0.0,0.0,0.0,0.0,,,,,,,,,,,,,,,,,,,,,,0.001
16,5240,train,19.230192184448242,16.017780303955078,16.018016815185547,0.0,0.02977677993476391,0.02977677993476391,0.0,0.0062852720730006695,2.9999999242136255e-05,0.014999999664723873,0.003000000026077032,0.014999999664723873,0.0003000000142492354,0.0003000000142492354,0.30000001192092896,0.0002699500182643533,0.1798533797264099,0.0,0.0,0.0,0.0,0.0,0.0,0.0,0.0,0.46162888407707214,0.46162888407707214,1.0,0.46162888407707214,0.46162888407707214,0.46162888407707214,0.0,-0.003940867725759745,0.05274960398674011,1.0,0.0002699500182643533,1.0,0.0,0.0,0.0002699500182643533,0.0,0.0,0.1798533797264099,0.0,0.47985339164733887,0.0,0.47985324263572693,0.47985324263572693,0.6923352479934692,0.0,0.0,0.0,0.0,0.0,0.0,0.0,0.0,1.0,0.0,0.001908648875541985,0.45085960626602173,0.054374270141124725,0.9570996165275574,0.0,16.018016815185547,16.017780303955078,16.017780303955078,0.1673976629972458,-0.09770098328590393,1.7748919001192576e-10,0.0,0.0,4.802820682525635,4.802820682525635,1.6351288557052612,1.6351288557052612,0.7248815298080444,0.0,0.0,0.0,0.0,0.47985339164733887,0.0,0.47985324263572693,0.47985324263572693,0.6923352479934692,0.0,1.6351288557052612,1.6351288557052612,1.6351288557052612,1.6377228498458862,0.05274960398674011,0.18539704382419586,0.027866726741194725,1.0,0.5877429842948914,0.6504116654396057,0.6222594976425171,0.0,,,,,,,,,,,,,,,12.0,0.0,0.0,0.0,0.0,0.0,0.0,,,,,,,,,,,,,,,,,,,,,,0.001
16,5260,train,20.22990608215332,16.851669311523438,16.847047805786133,0.0,0.03072153404355049,0.03072153404355049,0.0,0.006318883970379829,2.9999999242136255e-05,0.014999999664723873,0.003000000026077032,0.014999999664723873,0.0003000000142492354,0.0003000000142492354,0.30000001192092896,0.00016621763643343002,0.1797611117362976,0.0,0.0,0.0,0.0,0.0,0.0,0.0,0.0,0.46184247732162476,0.46184247732162476,1.0,0.46184247732162476,0.46184247732162476,0.46184247732162476,0.0,-0.003977662418037653,0.050549719482660294,1.0,0.00016621763643343002,1.0,0.0,0.0,0.00016621763643343002,0.0,0.0,0.1797611117362976,0.0,0.47976112365722656,0.0,0.4797610640525818,0.4797610640525818,0.6923275589942932,0.0,0.0,0.0,0.0,0.0,0.0,0.0,0.0,1.0,0.0,0.001054671942256391,0.4497150182723999,0.05433785170316696,0.9573540091514587,0.0,16.847047805786133,16.851669311523438,16.851669311523438,0.17748498916625977,-0.10439959168434143,-1.7564966148242434e-10,0.0,0.0,4.970644474029541,4.970644474029541,1.639459490776062,1.639459490776062,0.8140529990196228,0.0,0.0,0.0,0.0,0.47976112365722656,0.0,0.4797610342502594,0.4797610342502594,0.6923275589942932,0.0,1.639459490776062,1.639459490776062,1.639459490776062,1.6390377283096313,0.050549719482660294,0.18634772300720215,0.027752548456192017,1.0,0.6660847663879395,0.6949588060379028,0.6748476028442383,0.0,,,,,,,,,,,,,,,12.0,0.0,0.0,0.0,0.0,0.0,0.0,,,,,,,,,,,,,,,,,,,,,,0.001
16,5280,train,20.34642219543457,16.948253631591797,16.94668197631836,0.0,0.031170275062322617,0.031170275062322617,0.0,0.0063086580485105515,2.9999999242136255e-05,0.014999999664723873,0.003000000026077032,0.014999999664723873,0.0003000000142492354,0.0003000000142492354,0.30000001192092896,0.00021851265046279877,0.1795320212841034,0.0,0.0,0.0,0.0,0.0,0.0,0.0,0.0,0.4618840515613556,0.4618840515613556,1.0,0.4618840515613556,0.4618840515613556,0.4618840515613556,0.0,-0.00333636743016541,0.049473199993371964,1.0,0.00021851265046279877,1.0,0.0,0.0,0.00021851265046279877,0.0,0.0,0.1795320212841034,0.0,0.47953203320503235,0.0,0.47953182458877563,0.47953182458877563,0.6923090219497681,0.0,0.0,0.0,0.0,0.0,0.0,0.0,0.0,1.0,0.0,0.0007028275867924094,0.44823524355888367,0.054394181817770004,0.9576948881149292,0.0,16.94668197631836,16.948253631591797,16.948253631591797,0.1970369517803192,-0.14528636634349823,3.3952424205452303e-10,0.0,0.0,4.811755657196045,4.811755180358887,1.6390271186828613,1.6390271186828613,0.893155038356781,0.0,0.0,0.0,0.0,0.47953203320503235,0.0,0.47953179478645325,0.47953179478645325,0.6923090219497681,0.0,1.6390269994735718,1.6390269994735718,1.6390271186828613,1.639367699623108,0.049473199993371964,0.1880592405796051,0.028158357366919518,1.0,0.6945618391036987,0.6374658942222595,0.671184241771698,0.0,,,,,,,,,,,,,,,12.0,0.0,0.0,0.0,0.0,0.0,0.0,,,,,,,,,,,,,,,,,,,,,,0.001
16,5300,train,19.44754981994629,16.199607849121094,16.195524215698242,0.0,0.029640398919582367,0.029640398919582367,0.0,0.006261912640184164,2.9999999242136255e-05,0.014999999664723873,0.003000000026077032,0.014999999664723873,0.0003000000142492354,0.0003000000142492354,0.30000001192092896,0.00017074856441468,0.18011948466300964,0.0,0.0,0.0,0.0,0.0,0.0,0.0,0.0,0.4631701707839966,0.4631701707839966,1.0,0.4631701707839966,0.4631701707839966,0.4631701707839966,0.0,-0.0031216253992170095,0.042928580194711685,1.0,0.00017074856441468,1.0,0.0,0.0,0.00017074856441468,0.0,0.0,0.18011948466300964,0.0,0.4801194965839386,0.0,0.4801193177700043,0.4801193177700043,0.692356288433075,0.0,0.0,0.0,0.0,0.0,0.0,0.0,0.0,1.0,0.0,-0.0013575158081948757,0.44782212376594543,0.054366521537303925,0.9583889842033386,0.0,16.195524215698242,16.199607849121094,16.199607849121094,0.16255275905132294,-0.09156335890293121,-2.788842490275556e-10,0.0,0.0,4.894951820373535,4.894951343536377,1.6384323835372925,1.6384323835372925,0.738285481929779,0.0,0.0,0.0,0.0,0.4801194965839386,0.0,0.4801193177700043,0.4801193177700043,0.692356288433075,0.0,1.6384323835372925,1.6384323835372925,1.6384323835372925,1.641890287399292,0.042928580194711685,0.18626056611537933,0.027842577546834946,1.0,0.6311080455780029,0.6987814903259277,0.7255541682243347,0.0,,,,,,,,,,,,,,,12.0,0.0,0.0,0.0,0.0,0.0,0.0,,,,,,,,,,,,,,,,,,,,,,0.001
16,5320,train,20.63880157470703,17.19158935546875,17.191835403442383,0.0,0.0301494263112545,0.0301494263112545,0.0,0.006186808459460735,2.9999999242136255e-05,0.014999999664723873,0.003000000026077032,0.014999999664723873,0.0003000000142492354,0.0003000000142492354,0.30000001192092896,0.00019132747547701,0.18002840876579285,0.0,0.0,0.0,0.0,0.0,0.0,0.0,0.0,0.463174045085907,0.463174045085907,1.0,0.463174045085907,0.463174045085907,0.463174045085907,0.0,-0.003750084200873971,0.05326581746339798,1.0,0.00019132747547701,1.0,0.0,0.0,0.00019132747547701,0.0,0.0,0.18002840876579285,0.0,0.4800284206867218,0.0,0.48002856969833374,0.48002856969833374,0.6923491954803467,0.0,0.0,0.0,0.0,0.0,0.0,0.0,0.0,1.0,0.0,-0.0011126898461952806,0.4488222002983093,0.054040711373090744,0.9591345191001892,0.0,17.191835403442383,17.19158935546875,17.19158935546875,0.19998681545257568,-0.1266203224658966,8.410629831479e-11,0.0,0.0,4.936637878417969,4.936637878417969,1.6466121673583984,1.6466121673583984,0.9021289944648743,0.0,0.0,0.0,0.0,0.4800284206867218,0.0,0.48002856969833374,0.48002856969833374,0.6923491954803467,0.0,1.6466121673583984,1.6466121673583984,1.6466121673583984,1.6388880014419556,0.05326581746339798,0.18644990026950836,0.028035379946231842,1.0,0.7238311767578125,0.6671528220176697,0.7283371686935425,0.0,,,,,,,,,,,,,,,12.0,0.0,0.0,0.0,0.0,0.0,0.0,,,,,,,,,,,,,,,,,,,,,,0.001
16,5340,train,20.792461395263672,17.319154739379883,17.322265625,0.0,0.029693441465497017,0.029693441465497017,0.0,0.0061152633279562,2.9999999242136255e-05,0.014999999664723873,0.003000000026077032,0.014999999664723873,0.0003000000142492354,0.0003000000142492354,0.30000001192092896,0.0002589109353721142,0.1797638237476349,0.0,0.0,0.0,0.0,0.0,0.0,0.0,0.0,0.46415576338768005,0.46415576338768005,1.0,0.46415576338768005,0.46415576338768005,0.46415576338768005,0.0,-0.00398514699190855,0.0527811124920845,1.0,0.0002589109353721142,1.0,0.0,0.0,0.0002589109353721142,0.0,0.0,0.1797638237476349,0.0,0.47976383566856384,0.0,0.4797637164592743,0.4797637164592743,0.6923276782035828,0.0,0.0,0.0,0.0,0.0,0.0,0.0,0.0,1.0,0.0,0.0019256694940850139,0.449308842420578,0.05393509939312935,0.9596601128578186,0.0,17.322265625,17.319154739379883,17.319154739379883,0.1820533573627472,-0.0656745508313179,3.654697655619543e-10,0.0,0.0,4.497148513793945,4.497148513793945,1.642634391784668,1.642634391784668,0.7145280241966248,0.0,0.0,0.0,0.0,0.47976383566856384,0.0,0.4797637164592743,0.4797637164592743,0.6923276782035828,0.0,1.642634391784668,1.642634391784668,1.642634391784668,1.6364080905914307,0.0527811124920845,0.18600217998027802,0.028000427410006523,1.0,0.6591772437095642,0.6911599040031433,0.66172856092453,0.0,,,,,,,,,,,,,,,12.0,0.0,0.0,0.0,0.0,0.0,0.0,,,,,,,,,,,,,,,,,,,,,,0.001
16,5344,train_epoch,19.9245772276096,16.596531017097885,16.596289706087397,0.0,0.02963945207682377,0.02963945207682377,0.0,0.006351554169581679,2.9999999242136255e-05,0.014999999664723873,0.003000000026077032,0.014999999664723873,0.0003000000142492354,0.0003000000142492354,0.30000001192092896,0.00020437011781739752,0.18008951253876715,0.0,0.0,0.0,0.0,0.0,0.0,0.0,0.0,0.4605526317379432,0.4605526317379432,1.0,0.4605526317379432,0.4605526322733142,0.4605526322733142,0.0,-0.0037859867655945395,0.04837386166219583,1.0,0.00020437011781739752,1.0,0.0,0.0,0.00020437011781739752,0.0,0.0,0.18008951253876715,0.0,0.48008952677963734,0.0,0.48008950268793965,0.48008950268793965,0.6923520427621054,0.0,0.0,0.0,0.0,0.0,0.0,0.0,0.0,1.0,0.0,2.4946391097123824e-05,0.44910153960753346,0.054126251990834394,0.9561171843977032,0.0,16.596289706087397,16.596531017097885,16.596531017097885,0.1802839259812218,-0.10067631213362524,4.1096886262667245e-13,0.0,0.0,4.7494531991239075,4.7494531991239075,1.6357312491553986,1.6357312491553986,0.7886696709487253,0.0,0.0,0.0,0.0,0.4800895244596961,0.0,0.48008949090977626,0.48008949090977626,0.6923520427621054,0.0,1.6357312038273155,1.6357312120363383,1.6357312491553986,1.635713624026247,0.04837386166219583,0.18706489532829046,0.02801359317706017,1.0,0.6828736366626031,0.6826956605839872,0.6828761557619015,0.0,,,,,,,,,,,,,,,12.0,0.0,0.0,0.0,0.0,0.0,0.0,,,,,,,,,,,,,,,,,,,,,,0.001
16,5344,val,,,,,,,,,,,,,,,,,,,,,,,,,,,,,,,,,,,,,,,,,,,,,,,,,,,,,,,,,,,,,,,,,,,,,,,,,,,,,,,,,,,,,,,,,,,,,,,,,,,,,,,,,,,,,,,,,,,,,,,,,16.608015060424805,699.28125,26.443926523873113,0.14029145240783691,0.07087516784667969,14.839305877685547,23.721215081059295,0.10928492248058319,0.06339452415704727,16.517541885375977,26.39276537168555,0.1370820552110672,0.07049918174743652,19.130571365356445,30.167625566560897,0.16146661341190338,0.08150536566972733,16.608015060424805,26.443926523873113,0.14029145240783691,0.07087516784667969,0.001
16,5344,test_select,,,,,,,,,,,,,,,,,,,,,,,,,,,,,,,,,,,,,,,,,,,,,,,,,,,,,,,,,,,,,,,,,,,,,,,,,,,,,,,,,,,,,,,,,,,,,,,,,,,,,,,,,,,,,,,,,,,,,,,,,21.14826774597168,1137.662109375,33.72924709173034,0.14662586152553558,0.0858985111117363,16.97826385498047,26.782378093948033,0.1096077635884285,0.06892187893390656,21.07001495361328,33.28464257943331,0.14364510774612427,0.08557248115539551,27.182052612304688,42.28415288214886,0.17947417497634888,0.11051023006439209,21.14826774597168,33.72924709173034,0.14662586152553558,0.0858985111117363,0.001
17,5360,train,19.09799575805664,15.905165672302246,15.912568092346191,0.0,0.029405340552330017,0.029405340552330017,0.0,0.006173992995172739,3.5000000934815034e-05,0.017500000074505806,0.0035000001080334187,0.017500000074505806,0.0003499999875202775,0.0003499999875202775,0.3499999940395355,0.0002571295481175184,0.1775343418121338,0.0,0.0,0.0,0.0,0.0,0.0,0.0,0.0,0.4637760519981384,0.4637760519981384,1.0,0.4637760519981384,0.4637760519981384,0.4637760519981384,0.0,-0.006719072815030813,0.0785975307226181,1.0,0.0002571295481175184,1.0,0.0,0.0,0.0002571295481175184,0.0,0.0,0.1775343418121338,0.0,0.47753438353538513,0.0,0.4775344729423523,0.4775344729423523,0.6921374201774597,0.0,0.0,0.0,0.0,0.0,0.0,0.0,0.0,1.0,0.0,0.0022351513616740704,0.4477509558200836,0.053849127143621445,0.9590277075767517,0.0,15.912568092346191,15.905165672302246,15.905165672302246,0.19247809052467346,-0.12775464355945587,-1.124791648710044e-10,0.0,0.0,4.743105411529541,4.743105411529541,1.643038272857666,1.643038272857666,0.8458291888237,0.0,0.0,0.0,0.0,0.47753435373306274,0.0,0.4775344431400299,0.4775344431400299,0.6921374201774597,0.0,1.643038034439087,1.643038272857666,1.643038272857666,1.6422637701034546,0.0785975307226181,0.18745888769626617,0.027937300503253937,1.0,0.6925040483474731,0.6619672775268555,0.6750974655151367,0.0,,,,,,,,,,,,,,,12.0,0.0,0.0,0.0,0.0,0.0,0.0,,,,,,,,,,,,,,,,,,,,,,0.001
17,5380,train,20.019033432006836,16.67255210876465,16.680875778198242,0.0,0.0299229733645916,0.0299229733645916,0.0,0.006182968150824308,3.5000000934815034e-05,0.017500000074505806,0.0035000001080334187,0.017500000074505806,0.0003499999875202775,0.0003499999875202775,0.3499999940395355,0.00016380753368139267,0.17643070220947266,0.0,0.0,0.0,0.0,0.0,0.0,0.0,0.0,0.4629347622394562,0.4629347622394562,1.0,0.4629347622394562,0.4629347622394562,0.4629347622394562,0.0,-0.0030882074497640133,0.05373787507414818,1.0,0.00016380753368139267,1.0,0.0,0.0,0.00016380753368139267,0.0,0.0,0.17643070220947266,0.0,0.4764307737350464,0.0,0.47643059492111206,0.47643059492111206,0.6920357346534729,0.0,0.0,0.0,0.0,0.0,0.0,0.0,0.0,1.0,0.0,-0.0006427557673305273,0.44816961884498596,0.05363839492201805,0.9586498141288757,0.0,16.680875778198242,16.67255210876465,16.67255210876465,0.1606791615486145,-0.07268255203962326,2.5719776308719133e-10,0.0,0.0,4.91501522064209,4.91501522064209,1.6409039497375488,1.6409039497375488,0.7207875847816467,0.0,0.0,0.0,0.0,0.4764307141304016,0.0,0.4764305651187897,0.4764305651187897,0.6920357346534729,0.0,1.6409039497375488,1.6409039497375488,1.6409039497375488,1.645619511604309,0.05373787507414818,0.187607079744339,0.027986684814095497,1.0,0.7125838994979858,0.6801974177360535,0.6499825716018677,0.0,,,,,,,,,,,,,,,12.0,0.0,0.0,0.0,0.0,0.0,0.0,,,,,,,,,,,,,,,,,,,,,,0.001
17,5400,train,20.39474105834961,16.986936569213867,16.987712860107422,0.0,0.026941344141960144,0.026941344141960144,0.0,0.006220909301191568,3.5000000934815034e-05,0.017500000074505806,0.0035000001080334187,0.017500000074505806,0.0003499999875202775,0.0003499999875202775,0.3499999940395355,0.00026130047626793385,0.17652055621147156,0.0,0.0,0.0,0.0,0.0,0.0,0.0,0.0,0.4632786512374878,0.4632786512374878,1.0,0.4632786512374878,0.4632786214351654,0.4632786214351654,0.0,-0.0035940634552389383,0.052893128246068954,1.0,0.00026130047626793385,1.0,0.0,0.0,0.00026130047626793385,0.0,0.0,0.17652055621147156,0.0,0.4765205681324005,0.0,0.4765206277370453,0.4765206277370453,0.6920440196990967,0.0,0.0,0.0,0.0,0.0,0.0,0.0,0.0,1.0,0.0,0.000446704332716763,0.4501989185810089,0.05375960096716881,0.9587011337280273,0.0,16.987712860107422,16.986936569213867,16.986936569213867,0.18303461372852325,-0.07683318853378296,-1.538951882595896e-10,0.0,0.0,4.489505767822266,4.489505767822266,1.6449517011642456,1.6449517011642456,0.7743049263954163,0.0,0.0,0.0,0.0,0.4765205681324005,0.0,0.4765206277370453,0.4765206277370453,0.6920440196990967,0.0,1.6449517011642456,1.6449517011642456,1.6449517011642456,1.642081379890442,0.052893128246068954,0.18681782484054565,0.027822649106383324,1.0,0.7309196591377258,0.7012538313865662,0.7005642652511597,0.0,,,,,,,,,,,,,,,12.0,0.0,0.0,0.0,0.0,0.0,0.0,,,,,,,,,,,,,,,,,,,,,,0.001
17,5420,train,20.251258850097656,16.86764144897461,16.866565704345703,0.0,0.030557140707969666,0.030557140707969666,0.0,0.006279074586927891,3.5000000934815034e-05,0.017500000074505806,0.0035000001080334187,0.017500000074505806,0.0003499999875202775,0.0003499999875202775,0.3499999940395355,0.00012461352162063122,0.17579123377799988,0.0,0.0,0.0,0.0,0.0,0.0,0.0,0.0,0.46228814125061035,0.46228814125061035,1.0,0.46228814125061035,0.46228814125061035,0.46228814125061035,0.0,-0.004940338898450136,0.0674840584397316,1.0,0.00012461352162063122,1.0,0.0,0.0,0.00012461352162063122,0.0,0.0,0.17579123377799988,0.0,0.47579124569892883,0.0,0.47579142451286316,0.47579142451286316,0.6919746994972229,0.0,0.0,0.0,0.0,0.0,0.0,0.0,0.0,1.0,0.0,-0.00012990363757126033,0.44650134444236755,0.05428064614534378,0.9587793350219727,0.0,16.866565704345703,16.86764144897461,16.86764144897461,0.192820206284523,-0.0907677710056305,1.7185473877301405e-10,0.0,0.0,4.626657962799072,4.626657962799072,1.6445138454437256,1.6445138454437256,0.8226305842399597,0.0,0.0,0.0,0.0,0.47579124569892883,0.0,0.47579142451286316,0.47579142451286316,0.6919746994972229,0.0,1.6445140838623047,1.6445138454437256,1.6445138454437256,1.640794277191162,0.0674840584397316,0.18746311962604523,0.028074389323592186,1.0,0.6896734237670898,0.6982325315475464,0.6633082628250122,0.0,,,,,,,,,,,,,,,12.0,0.0,0.0,0.0,0.0,0.0,0.0,,,,,,,,,,,,,,,,,,,,,,0.001
17,5440,train,19.643415451049805,16.360729217529297,16.36227798461914,0.0,0.0269808080047369,0.0269808080047369,0.0,0.0064001833088696,3.5000000934815034e-05,0.017500000074505806,0.0035000001080334187,0.017500000074505806,0.0003499999875202775,0.0003499999875202775,0.3499999940395355,0.00029190166969783604,0.17364802956581116,0.0,0.0,0.0,0.0,0.0,0.0,0.0,0.0,0.46183115243911743,0.46183115243911743,1.0,0.46183115243911743,0.46183115243911743,0.46183115243911743,0.0,-0.005794269498437643,0.07913151383399963,1.0,0.00029190166969783604,1.0,0.0,0.0,0.00029190166969783604,0.0,0.0,0.17364802956581116,0.0,0.4736480414867401,0.0,0.4736478328704834,0.4736478328704834,0.6917574405670166,0.0,0.0,0.0,0.0,0.0,0.0,0.0,0.0,1.0,0.0,0.00031585717806592584,0.4470967948436737,0.05436782166361809,0.9577150940895081,0.0,16.36227798461914,16.360729217529297,16.360729217529297,0.18308652937412262,-0.08087179809808731,1.9013593477446022e-10,0.0,0.0,4.661431789398193,4.661431789398193,1.6392707824707031,1.6392707824707031,0.760216474533081,0.0,0.0,0.0,0.0,0.4736480414867401,0.0,0.4736478328704834,0.4736478328704834,0.6917574405670166,0.0,1.6392707824707031,1.6392707824707031,1.6392707824707031,1.641633152961731,0.07913151383399963,0.18832476437091827,0.028042249381542206,1.0,0.6228569149971008,0.6402627229690552,0.6562132239341736,0.0,,,,,,,,,,,,,,,12.0,0.0,0.0,0.0,0.0,0.0,0.0,,,,,,,,,,,,,,,,,,,,,,0.001
17,5460,train,20.98346710205078,17.477615356445312,17.478248596191406,0.0,0.027436336502432823,0.027436336502432823,0.0,0.006509971804916859,3.5000000934815034e-05,0.017500000074505806,0.0035000001080334187,0.017500000074505806,0.0003499999875202775,0.0003499999875202775,0.3499999940395355,0.00020153672085143626,0.1720438301563263,0.0,0.0,0.0,0.0,0.0,0.0,0.0,0.0,0.46008431911468506,0.46008431911468506,1.0,0.46008431911468506,0.46008431911468506,0.46008431911468506,0.0,-0.005709328223019838,0.0734655112028122,1.0,0.00020153672085143626,1.0,0.0,0.0,0.00020153672085143626,0.0,0.0,0.1720438301563263,0.0,0.47204384207725525,0.0,0.4720437228679657,0.4720437228679657,0.691583514213562,0.0,0.0,0.0,0.0,0.0,0.0,0.0,0.0,1.0,0.0,0.0009162460919469595,0.4476091265678406,0.05404794216156006,0.9566959738731384,0.0,17.478248596191406,17.477615356445312,17.477615356445312,0.18594449758529663,-0.10204888880252838,7.075611208051669e-10,0.0,0.0,4.790144920349121,4.790144920349121,1.6419044733047485,1.6419044733047485,0.8241293430328369,0.0,0.0,0.0,0.0,0.47204384207725525,0.0,0.4720437228679657,0.4720437228679657,0.691583514213562,0.0,1.6419044733047485,1.6419044733047485,1.6419044733047485,1.6374950408935547,0.0734655112028122,0.1904539316892624,0.028008360415697098,1.0,0.647199273109436,0.6700478792190552,0.6643977165222168,0.0,,,,,,,,,,,,,,,12.0,0.0,0.0,0.0,0.0,0.0,0.0,,,,,,,,,,,,,,,,,,,,,,0.001
17,5480,train,18.335786819458008,15.271905899047852,15.268342971801758,0.0,0.028187448158860207,0.028187448158860207,0.0,0.006512605119496584,3.5000000934815034e-05,0.017500000074505806,0.0035000001080334187,0.017500000074505806,0.0003499999875202775,0.0003499999875202775,0.3499999940395355,0.0001744772307574749,0.17093589901924133,0.0,0.0,0.0,0.0,0.0,0.0,0.0,0.0,0.45995521545410156,0.45995521545410156,1.0,0.45995521545410156,0.45995521545410156,0.45995521545410156,0.0,-0.005814247764647007,0.07331322133541107,1.0,0.0001744772307574749,1.0,0.0,0.0,0.0001744772307574749,0.0,0.0,0.17093589901924133,0.0,0.4709359109401703,0.0,0.47093600034713745,0.47093600034713745,0.6914566159248352,0.0,0.0,0.0,0.0,0.0,0.0,0.0,0.0,1.0,0.0,-0.0009911898523569107,0.44575536251068115,0.05312703177332878,0.955895185470581,0.0,15.268342971801758,15.271905899047852,15.271905899047852,0.16613852977752686,-0.07804761826992035,4.3061665344623634e-10,0.0,0.0,4.743991851806641,4.743991374969482,1.636123538017273,1.636123538017273,0.7293410301208496,0.0,0.0,0.0,0.0,0.4709359109401703,0.0,0.47093600034713745,0.47093600034713745,0.6914566159248352,0.0,1.636123538017273,1.6361232995986938,1.636123538017273,1.63922917842865,0.07331322133541107,0.19145530462265015,0.02838664874434471,1.0,0.7305577993392944,0.6903401613235474,0.726831316947937,0.0,,,,,,,,,,,,,,,12.0,0.0,0.0,0.0,0.0,0.0,0.0,,,,,,,,,,,,,,,,,,,,,,0.001
17,5500,train,22.362287521362305,18.626455307006836,18.628124237060547,0.0,0.0297783762216568,0.0297783762216568,0.0,0.006770834792405367,3.5000000934815034e-05,0.017500000074505806,0.0035000001080334187,0.017500000074505806,0.0003499999875202775,0.0003499999875202775,0.3499999940395355,0.00020876858616247773,0.1707153618335724,0.0,0.0,0.0,0.0,0.0,0.0,0.0,0.0,0.45852136611938477,0.45852136611938477,1.0,0.45852136611938477,0.45852136611938477,0.45852136611938477,0.0,-0.006642970256507397,0.07186577469110489,1.0,0.00020876858616247773,1.0,0.0,0.0,0.00020876858616247773,0.0,0.0,0.1707153618335724,0.0,0.47071537375450134,0.0,0.4707152247428894,0.4707152247428894,0.6914310455322266,0.0,0.0,0.0,0.0,0.0,0.0,0.0,0.0,1.0,0.0,0.0013928704429417849,0.4469236433506012,0.053976669907569885,0.9544861912727356,0.0,18.628124237060547,18.626455307006836,18.626455307006836,0.2219112366437912,-0.1498132348060608,-1.685601380696511e-10,0.0,0.0,4.682445049285889,4.682445049285889,1.6409410238265991,1.6409410238265991,1.0122792720794678,0.0,0.0,0.0,0.0,0.47071537375450134,0.0,0.470715194940567,0.470715194940567,0.6914310455322266,0.0,1.6409406661987305,1.6409410238265991,1.6409410238265991,1.637310266494751,0.07186577469110489,0.1917208582162857,0.02844543568789959,1.0,0.6901694536209106,0.704008936882019,0.7408939599990845,0.0,,,,,,,,,,,,,,,12.0,0.0,0.0,0.0,0.0,0.0,0.0,,,,,,,,,,,,,,,,,,,,,,0.001
17,5520,train,21.517269134521484,17.923059463500977,17.91978645324707,0.0,0.03165838494896889,0.03165838494896889,0.0,0.0067926556803286076,3.5000000934815034e-05,0.017500000074505806,0.0035000001080334187,0.017500000074505806,0.0003499999875202775,0.0003499999875202775,0.3499999940395355,0.00023837329354137182,0.17151561379432678,0.0,0.0,0.0,0.0,0.0,0.0,0.0,0.0,0.45911073684692383,0.45911073684692383,1.0,0.45911073684692383,0.45911070704460144,0.45911070704460144,0.0,-0.005072571337223053,0.06064975634217262,1.0,0.00023837329354137182,1.0,0.0,0.0,0.00023837329354137182,0.0,0.0,0.17151561379432678,0.0,0.47151559591293335,0.0,0.4715155065059662,0.4715155065059662,0.6915237903594971,0.0,0.0,0.0,0.0,0.0,0.0,0.0,0.0,1.0,0.0,0.0003180502390023321,0.4445459246635437,0.05416387692093849,0.9545539021492004,0.0,17.91978645324707,17.923059463500977,17.923059463500977,0.21473412215709686,-0.12832024693489075,-3.813852844647414e-10,0.0,0.0,4.699539661407471,4.699539661407471,1.6389293670654297,1.6389293670654297,0.945132851600647,0.0,0.0,0.0,0.0,0.47151562571525574,0.0,0.4715155065059662,0.4715155065059662,0.6915237903594971,0.0,1.6389293670654297,1.6389293670654297,1.6389293670654297,1.6404290199279785,0.06064975634217262,0.19076190888881683,0.028592418879270554,1.0,0.7061457633972168,0.6466672420501709,0.6844150424003601,0.0,,,,,,,,,,,,,,,12.0,0.0,0.0,0.0,0.0,0.0,0.0,,,,,,,,,,,,,,,,,,,,,,0.001
17,5540,train,18.454538345336914,15.370156288146973,15.370859146118164,0.0,0.027806054800748825,0.027806054800748825,0.0,0.0067254058085381985,3.5000000934815034e-05,0.017500000074505806,0.0035000001080334187,0.017500000074505806,0.0003499999875202775,0.0003499999875202775,0.3499999940395355,0.00021211960120126605,0.17333906888961792,0.0,0.0,0.0,0.0,0.0,0.0,0.0,0.0,0.46016284823417664,0.46016284823417664,1.0,0.46016284823417664,0.46016281843185425,0.46016281843185425,0.0,-0.0034699048846960068,0.04967368021607399,1.0,0.00021211960120126605,1.0,0.0,0.0,0.00021211960120126605,0.0,0.0,0.17333906888961792,0.0,0.4733390808105469,0.0,0.4733390808105469,0.4733390808105469,0.6917248964309692,0.0,0.0,0.0,0.0,0.0,0.0,0.0,0.0,1.0,0.0,0.00023212062660604715,0.44410741329193115,0.05398034676909447,0.9552960991859436,0.0,15.370859146118164,15.370156288146973,15.370156288146973,0.17838610708713531,-0.09476934373378754,2.616017680256988e-10,0.0,0.0,4.751312732696533,4.751312732696533,1.6405900716781616,1.6405900716781616,0.7793004512786865,0.0,0.0,0.0,0.0,0.4733390808105469,0.0,0.4733390808105469,0.4733390808105469,0.6917248964309692,0.0,1.6405898332595825,1.6405900716781616,1.6405900716781616,1.6413002014160156,0.04967368021607399,0.19123008847236633,0.028425823897123337,1.0,0.6680352091789246,0.6623893976211548,0.6991286277770996,0.0,,,,,,,,,,,,,,,12.0,0.0,0.0,0.0,0.0,0.0,0.0,,,,,,,,,,,,,,,,,,,,,,0.001
17,5560,train,21.130210876464844,17.600046157836914,17.599674224853516,0.0,0.027943594381213188,0.027943594381213188,0.0,0.006691057235002518,3.5000000934815034e-05,0.017500000074505806,0.0035000001080334187,0.017500000074505806,0.0003499999875202775,0.0003499999875202775,0.3499999940395355,0.00026458955835551023,0.17442622780799866,0.0,0.0,0.0,0.0,0.0,0.0,0.0,0.0,0.46090149879455566,0.46090149879455566,1.0,0.46090149879455566,0.46090149879455566,0.46090149879455566,0.0,-0.004547101445496082,0.059474240988492966,1.0,0.00026458955835551023,1.0,0.0,0.0,0.00026458955835551023,0.0,0.0,0.17442622780799866,0.0,0.4744262397289276,0.0,0.4744260907173157,0.4744260907173157,0.6918386816978455,0.0,0.0,0.0,0.0,0.0,0.0,0.0,0.0,1.0,0.0,0.0007780641899444163,0.44514745473861694,0.05421364679932594,0.9561012983322144,0.0,17.599674224853516,17.600046157836914,17.600046157836914,0.19022980332374573,-0.1379094123840332,-3.44169609478584e-10,0.0,0.0,4.662503719329834,4.662503719329834,1.6394726037979126,1.6394726037979126,0.8520317077636719,0.0,0.0,0.0,0.0,0.4744262397289276,0.0,0.4744260609149933,0.4744260609149933,0.6918386816978455,0.0,1.6394726037979126,1.6394726037979126,1.6394726037979126,1.645048975944519,0.059474240988492966,0.1905122697353363,0.028882713988423347,1.0,0.6205666661262512,0.6580213308334351,0.6820508241653442,0.0,,,,,,,,,,,,,,,12.0,0.0,0.0,0.0,0.0,0.0,0.0,,,,,,,,,,,,,,,,,,,,,,0.001
17,5580,train,20.266498565673828,16.882150650024414,16.87059783935547,0.0,0.028019070625305176,0.028019070625305176,0.0,0.006677386816591024,3.5000000934815034e-05,0.017500000074505806,0.0035000001080334187,0.017500000074505806,0.0003499999875202775,0.0003499999875202775,0.3499999940395355,0.0002745059027802199,0.1752600073814392,0.0,0.0,0.0,0.0,0.0,0.0,0.0,0.0,0.4608269929885864,0.4608269929885864,1.0,0.4608269929885864,0.4608269929885864,0.4608269929885864,0.0,-0.003724785055965185,0.05559886619448662,1.0,0.0002745059027802199,1.0,0.0,0.0,0.0002745059027802199,0.0,0.0,0.1752600073814392,0.0,0.47526001930236816,0.0,0.4752601087093353,0.4752601087093353,0.6919227242469788,0.0,0.0,0.0,0.0,0.0,0.0,0.0,0.0,1.0,0.0,-8.556027751183137e-05,0.44296902418136597,0.05468860641121864,0.9568192362785339,0.0,16.87059783935547,16.882150650024414,16.882150650024414,0.16016334295272827,-0.06667570024728775,2.6921692306003386e-11,0.0,0.0,4.638223171234131,4.638223171234131,1.643075942993164,1.643075942993164,0.7102250456809998,0.0,0.0,0.0,0.0,0.47526001930236816,0.0,0.4752601087093353,0.4752601087093353,0.6919227242469788,0.0,1.643075942993164,1.6430758237838745,1.643075942993164,1.6415497064590454,0.05559886619448662,0.18808984756469727,0.02841319888830185,1.0,0.7035451531410217,0.7386235594749451,0.7307281494140625,0.0,,,,,,,,,,,,,,,12.0,0.0,0.0,0.0,0.0,0.0,0.0,,,,,,,,,,,,,,,,,,,,,,0.001
17,5600,train,18.68401336669922,15.561238288879395,15.56262493133545,0.0,0.026465902104973793,0.026465902104973793,0.0,0.006504283752292395,3.5000000934815034e-05,0.017500000074505806,0.0035000001080334187,0.017500000074505806,0.0003499999875202775,0.0003499999875202775,0.3499999940395355,0.00019570412405300885,0.1772126853466034,0.0,0.0,0.0,0.0,0.0,0.0,0.0,0.0,0.4629656970500946,0.4629656970500946,1.0,0.4629656970500946,0.4629656970500946,0.4629656970500946,0.0,-0.0035472980234771967,0.04271959140896797,1.0,0.00019570412405300885,1.0,0.0,0.0,0.00019570412405300885,0.0,0.0,0.1772126853466034,0.0,0.47721269726753235,0.0,0.47721242904663086,0.47721242904663086,0.6921082735061646,0.0,0.0,0.0,0.0,0.0,0.0,0.0,0.0,1.0,0.0,-0.00017165984900202602,0.44730907678604126,0.05455377325415611,0.9583967924118042,0.0,15.56262493133545,15.561238288879395,15.561238288879395,0.17486558854579926,-0.10587194561958313,6.821308795590397e-11,0.0,0.0,4.73663854598999,4.73663854598999,1.647711157798767,1.647711157798767,0.7711167335510254,0.0,0.0,0.0,0.0,0.47721269726753235,0.0,0.47721242904663086,0.47721242904663086,0.6921082735061646,0.0,1.6477110385894775,1.647711157798767,1.647711157798767,1.6475790739059448,0.04271959140896797,0.18807698786258698,0.028449583798646927,1.0,0.7714800238609314,0.7013814449310303,0.7070432901382446,0.0,,,,,,,,,,,,,,,12.0,0.0,0.0,0.0,0.0,0.0,0.0,,,,,,,,,,,,,,,,,,,,,,0.001
17,5620,train,20.517301559448242,17.08905601501465,17.08973503112793,0.0,0.028029607608914375,0.028029607608914375,0.0,0.006434365175664425,3.5000000934815034e-05,0.017500000074505806,0.0035000001080334187,0.017500000074505806,0.0003499999875202775,0.0003499999875202775,0.3499999940395355,0.00024713759194128215,0.17628619074821472,0.0,0.0,0.0,0.0,0.0,0.0,0.0,0.0,0.4641319811344147,0.4641319811344147,1.0,0.4641319811344147,0.4641319811344147,0.4641319811344147,0.0,-0.005166770424693823,0.07546068727970123,1.0,0.00024713759194128215,1.0,0.0,0.0,0.00024713759194128215,0.0,0.0,0.17628619074821472,0.0,0.4762862026691437,0.0,0.4762864112854004,0.4762864112854004,0.6920222640037537,0.0,0.0,0.0,0.0,0.0,0.0,0.0,0.0,1.0,0.0,-4.447240280569531e-05,0.44772329926490784,0.054624807089567184,0.9591253399848938,0.0,17.08973503112793,17.08905601501465,17.08905601501465,0.18496881425380707,-0.11137565225362778,-4.5277705196244966e-11,0.0,0.0,4.711074352264404,4.711074352264404,1.6454238891601562,1.6454238891601562,0.8147751688957214,0.0,0.0,0.0,0.0,0.4762862026691437,0.0,0.4762864112854004,0.4762864112854004,0.6920222640037537,0.0,1.6454238891601562,1.6454238891601562,1.6454238891601562,1.649472951889038,0.07546068727970123,0.18781989812850952,0.028334135189652443,1.0,0.6952419281005859,0.6817541122436523,0.7018531560897827,0.0,,,,,,,,,,,,,,,12.0,0.0,0.0,0.0,0.0,0.0,0.0,,,,,,,,,,,,,,,,,,,,,,0.001
17,5640,train,20.114282608032227,16.753740310668945,16.75112533569336,0.0,0.030083000659942627,0.030083000659942627,0.0,0.006531230639666319,3.5000000934815034e-05,0.017500000074505806,0.0035000001080334187,0.017500000074505806,0.0003499999875202775,0.0003499999875202775,0.3499999940395355,0.00016032879648264498,0.17529603838920593,0.0,0.0,0.0,0.0,0.0,0.0,0.0,0.0,0.4633462131023407,0.4633462131023407,1.0,0.4633462131023407,0.4633462131023407,0.4633462131023407,0.0,-0.004836616571992636,0.06637130677700043,1.0,0.00016032879648264498,1.0,0.0,0.0,0.00016032879648264498,0.0,0.0,0.17529603838920593,0.0,0.4752960503101349,0.0,0.4752960205078125,0.4752960205078125,0.6919263005256653,0.0,0.0,0.0,0.0,0.0,0.0,0.0,0.0,1.0,0.0,0.0007863661157898605,0.4448157548904419,0.054694321006536484,0.9584776759147644,0.0,16.75112533569336,16.753740310668945,16.753740310668945,0.1887403130531311,-0.08508804440498352,-2.776771867996075e-10,0.0,0.0,4.505414962768555,4.505414962768555,1.6466021537780762,1.6466021537780762,0.7842761874198914,0.0,0.0,0.0,0.0,0.4752960503101349,0.0,0.4752960205078125,0.4752960205078125,0.6919263005256653,0.0,1.6466021537780762,1.6466021537780762,1.6466021537780762,1.6516450643539429,0.06637130677700043,0.1879790723323822,0.028582578524947166,1.0,0.6715635061264038,0.7405173778533936,0.7039524912834167,0.0,,,,,,,,,,,,,,,12.0,0.0,0.0,0.0,0.0,0.0,0.0,,,,,,,,,,,,,,,,,,,,,,0.001
17,5660,train,20.25648307800293,16.872339248657227,16.869224548339844,0.0,0.028734322637319565,0.028734322637319565,0.0,0.006527295336127281,3.5000000934815034e-05,0.017500000074505806,0.0035000001080334187,0.017500000074505806,0.0003499999875202775,0.0003499999875202775,0.3499999940395355,0.00022837365395389497,0.17596545815467834,0.0,0.0,0.0,0.0,0.0,0.0,0.0,0.0,0.4635838270187378,0.4635838270187378,1.0,0.4635838270187378,0.4635838270187378,0.4635838270187378,0.0,-0.0038191138301044703,0.05042890086770058,1.0,0.00022837365395389497,1.0,0.0,0.0,0.00022837365395389497,0.0,0.0,0.17596545815467834,0.0,0.4759654700756073,0.0,0.4759652614593506,0.4759652614593506,0.6919916272163391,0.0,0.0,0.0,0.0,0.0,0.0,0.0,0.0,1.0,0.0,0.0011398856295272708,0.44510897994041443,0.05479932576417923,0.9588455557823181,0.0,16.869224548339844,16.872339248657227,16.872339248657227,0.21219244599342346,-0.1711081862449646,3.247631330527412e-10,0.0,0.0,4.8048272132873535,4.8048272132873535,1.6466174125671387,1.6466174125671387,0.9806287288665771,0.0,0.0,0.0,0.0,0.4759654700756073,0.0,0.4759652614593506,0.4759652614593506,0.6919916272163391,0.0,1.6466172933578491,1.6466172933578491,1.6466174125671387,1.6469112634658813,0.05042890086770058,0.18699990212917328,0.02810286357998848,1.0,0.6496468782424927,0.6904069781303406,0.6408382654190063,0.0,,,,,,,,,,,,,,,12.0,0.0,0.0,0.0,0.0,0.0,0.0,,,,,,,,,,,,,,,,,,,,,,0.001
17,5678,train_epoch,19.764821709273104,16.46215223266693,16.46205234813119,0.0,0.02855895287329387,0.02855895287329387,0.0,0.006484041794922626,3.5000000934815034e-05,0.017500000074505806,0.0035000001080334187,0.017500000074505806,0.0003499999875202775,0.0003499999875202775,0.3499999940395355,0.00020350459723891606,0.17467904260415518,0.0,0.0,0.0,0.0,0.0,0.0,0.0,0.0,0.4618298828958751,0.4618298828958751,1.0,0.4618298828958751,0.461829881646676,0.461829881646676,0.0,-0.004680290194311943,0.06285593662031753,1.0,0.00020350459723891606,1.0,0.0,0.0,0.00020350459723891606,0.0,0.0,0.17467904260415518,0.0,0.47467905559582624,0.0,0.47467903203949957,0.47467903203949957,0.691854390020142,0.0,0.0,0.0,0.0,0.0,0.0,0.0,0.0,1.0,0.0,4.8097788531983995e-05,0.4466629528892254,0.05416871854912735,0.9574650799085994,0.0,16.46205234813119,16.46215223266693,16.46215223266693,0.18427510274027636,-0.10418032603840272,-2.9792400467555825e-11,0.0,0.0,4.707616297784679,4.707616300639992,1.6427002185119126,1.6427002185119126,0.8081294055470449,0.0,0.0,0.0,0.0,0.47467905452508413,0.0,0.47467902124284983,0.47467902124284983,0.691854390020142,0.0,1.6427001710423452,1.6427001660455487,1.6427002185119126,1.6427769357572772,0.06285593662031753,0.18888457654835936,0.02829448564234608,1.0,0.6737830878017905,0.6729599860257017,0.6730268153244864,0.0,,,,,,,,,,,,,,,12.0,0.0,0.0,0.0,0.0,0.0,0.0,,,,,,,,,,,,,,,,,,,,,,0.001
17,5678,val,,,,,,,,,,,,,,,,,,,,,,,,,,,,,,,,,,,,,,,,,,,,,,,,,,,,,,,,,,,,,,,,,,,,,,,,,,,,,,,,,,,,,,,,,,,,,,,,,,,,,,,,,,,,,,,,,,,,,,,,,16.028932571411133,671.0868530273438,25.905344101697313,0.11645542085170746,0.06840392202138901,14.583977699279785,23.482063103519167,0.10372155159711838,0.06230374425649643,15.94413948059082,25.858069736695594,0.11457590013742447,0.06805182248353958,18.271390914916992,29.332312941865517,0.1306777149438858,0.07784484326839447,16.028932571411133,25.905344101697313,0.11645542085170746,0.06840392202138901,0.001
17,5678,test_select,,,,,,,,,,,,,,,,,,,,,,,,,,,,,,,,,,,,,,,,,,,,,,,,,,,,,,,,,,,,,,,,,,,,,,,,,,,,,,,,,,,,,,,,,,,,,,,,,,,,,,,,,,,,,,,,,,,,,,,,,21.369564056396484,1170.23046875,34.20863149484352,0.12924808263778687,0.08679734915494919,17.485210418701172,27.49252051162336,0.10752196609973907,0.0709797814488411,21.031980514526367,33.342159272622666,0.12614120543003082,0.08541802316904068,27.30388641357422,42.791761913893104,0.15752384066581726,0.11100554466247559,21.369564056396484,34.20863149484352,0.12924808263778687,0.08679734915494919,0.001
18,5680,train,19.169219970703125,15.964895248413086,15.963057518005371,0.0,0.0264256801456213,0.0264256801456213,0.0,0.006555166561156511,3.9999998989515007e-05,0.019999999552965164,0.004000000189989805,0.019999999552965164,0.00039999998989515007,0.00039999998989515007,0.4000000059604645,0.00015723115939181298,0.1752738654613495,0.0,0.0,0.0,0.0,0.0,0.0,0.0,0.0,0.4630739390850067,0.4630739390850067,1.0,0.4630739390850067,0.4630739390850067,0.4630739390850067,0.0,-0.004975351970642805,0.06984928995370865,1.0,0.00015723115939181298,1.0,0.0,0.0,0.00015723115939181298,0.0,0.0,0.1752738654613495,0.0,0.47527387738227844,0.0,0.47527366876602173,0.47527366876602173,0.6919239163398743,0.0,0.0,0.0,0.0,0.0,0.0,0.0,0.0,1.0,0.0,9.537411096971482e-05,0.4442981481552124,0.05523544177412987,0.958829939365387,0.0,15.963057518005371,15.964895248413086,15.964895248413086,0.18591663241386414,-0.10342059284448624,-9.367315083330663e-12,0.0,0.0,4.46919584274292,4.46919584274292,1.6510423421859741,1.6510423421859741,0.7542089223861694,0.0,0.0,0.0,0.0,0.47527387738227844,0.0,0.47527363896369934,0.47527363896369934,0.6919239163398743,0.0,1.6510423421859741,1.6510423421859741,1.6510423421859741,1.650570034980774,0.06984928995370865,0.18789170682430267,0.028593260794878006,1.0,0.6205778121948242,0.6486464142799377,0.6675681471824646,0.0,,,,,,,,,,,,,,,12.0,0.0,0.0,0.0,0.0,0.0,0.0,,,,,,,,,,,,,,,,,,,,,,0.001
18,5700,train,20.34949493408203,16.948490142822266,16.946571350097656,0.0,0.027317754924297333,0.027317754924297333,0.0,0.006729579996317625,3.9999998989515007e-05,0.019999999552965164,0.004000000189989805,0.019999999552965164,0.00039999998989515007,0.00039999998989515007,0.4000000059604645,0.0001897183246910572,0.17273741960525513,0.0,0.0,0.0,0.0,0.0,0.0,0.0,0.0,0.4614572823047638,0.4614572823047638,1.0,0.4614572823047638,0.4614572823047638,0.4614572823047638,0.0,-0.005691791418939829,0.08460071682929993,1.0,0.0001897183246910572,1.0,0.0,0.0,0.0001897183246910572,0.0,0.0,0.17273741960525513,0.0,0.4727374315261841,0.0,0.47273749113082886,0.47273749113082886,0.6916599869728088,0.0,0.0,0.0,0.0,0.0,0.0,0.0,0.0,1.0,0.0,0.0003218011115677655,0.44402188062667847,0.05542135238647461,0.9578141570091248,0.0,16.946571350097656,16.948490142822266,16.948490142822266,0.1738615334033966,-0.07624518871307373,-7.450416672494242e-11,0.0,0.0,4.795608997344971,4.795608997344971,1.6507164239883423,1.6507164239883423,0.793883740901947,0.0,0.0,0.0,0.0,0.4727374315261841,0.0,0.47273746132850647,0.47273746132850647,0.6916599869728088,0.0,1.6507163047790527,1.6507163047790527,1.6507164239883423,1.6453757286071777,0.08460071682929993,0.18795175850391388,0.028558170422911644,1.0,0.6401467323303223,0.6502665877342224,0.6536849737167358,0.0,,,,,,,,,,,,,,,12.0,0.0,0.0,0.0,0.0,0.0,0.0,,,,,,,,,,,,,,,,,,,,,,0.001
18,5720,train,18.825191497802734,15.677637100219727,15.679424285888672,0.0,0.02605782076716423,0.02605782076716423,0.0,0.0069012888707220554,3.9999998989515007e-05,0.019999999552965164,0.004000000189989805,0.019999999552965164,0.00039999998989515007,0.00039999998989515007,0.4000000059604645,0.00021276099141687155,0.17064568400382996,0.0,0.0,0.0,0.0,0.0,0.0,0.0,0.0,0.4617185890674591,0.4617185890674591,1.0,0.4617185890674591,0.4617185890674591,0.4617185890674591,0.0,-0.0068529811687767506,0.08421897888183594,1.0,0.00021276099141687155,1.0,0.0,0.0,0.00021276099141687155,0.0,0.0,0.17064568400382996,0.0,0.4706456959247589,0.0,0.4706455171108246,0.4706455171108246,0.6914229393005371,0.0,0.0,0.0,0.0,0.0,0.0,0.0,0.0,1.0,0.0,0.0008644064655527472,0.44274306297302246,0.055588215589523315,0.9567891955375671,0.0,15.679424285888672,15.677637100219727,15.677637100219727,0.1819133311510086,-0.10463692247867584,3.411954885290669e-10,0.0,0.0,4.879659652709961,4.879659652709961,1.6496999263763428,1.6496999263763428,0.8210314512252808,0.0,0.0,0.0,0.0,0.4706456959247589,0.0,0.4706454873085022,0.4706454873085022,0.6914229393005371,0.0,1.6496996879577637,1.6496999263763428,1.6496999263763428,1.6483873128890991,0.08421897888183594,0.18842221796512604,0.02825167030096054,1.0,0.6643717885017395,0.7017595171928406,0.7113257646560669,0.0,,,,,,,,,,,,,,,12.0,0.0,0.0,0.0,0.0,0.0,0.0,,,,,,,,,,,,,,,,,,,,,,0.001
18,5740,train,18.086973190307617,15.063019752502441,15.061623573303223,0.0,0.024779794737696648,0.024779794737696648,0.0,0.00697198836132884,3.9999998989515007e-05,0.019999999552965164,0.004000000189989805,0.019999999552965164,0.00039999998989515007,0.00039999998989515007,0.4000000059604645,0.00016866826626937836,0.1692926287651062,0.0,0.0,0.0,0.0,0.0,0.0,0.0,0.0,0.4610046148300171,0.4610046148300171,1.0,0.4610046148300171,0.4610046148300171,0.4610046148300171,0.0,-0.005341500975191593,0.07949282228946686,1.0,0.00016866826626937836,1.0,0.0,0.0,0.00016866826626937836,0.0,0.0,0.1692926287651062,0.0,0.46929264068603516,0.0,0.4692925810813904,0.4692925810813904,0.691260039806366,0.0,0.0,0.0,0.0,0.0,0.0,0.0,0.0,1.0,0.0,-0.0009501746390014887,0.4409192204475403,0.05543264001607895,0.9561883807182312,0.0,15.061623573303223,15.063019752502441,15.063019752502441,0.18773162364959717,-0.11502458155155182,5.362340016468181e-10,0.0,0.0,4.777883052825928,4.777883052825928,1.6451208591461182,1.6451208591461182,0.8551133275032043,0.0,0.0,0.0,0.0,0.46929264068603516,0.0,0.469292551279068,0.469292551279068,0.691260039806366,0.0,1.6451208591461182,1.6451208591461182,1.6451208591461182,1.6496589183807373,0.07949282228946686,0.18913023173809052,0.028535109013319016,1.0,0.6670557260513306,0.685823917388916,0.6454035043716431,0.0,,,,,,,,,,,,,,,12.0,0.0,0.0,0.0,0.0,0.0,0.0,,,,,,,,,,,,,,,,,,,,,,0.001
18,5760,train,20.252826690673828,16.86797332763672,16.86575698852539,0.0,0.028339052572846413,0.028339052572846413,0.0,0.006975166965276003,3.9999998989515007e-05,0.019999999552965164,0.004000000189989805,0.019999999552965164,0.00039999998989515007,0.00039999998989515007,0.4000000059604645,0.00015320612874347717,0.17027780413627625,0.0,0.0,0.0,0.0,0.0,0.0,0.0,0.0,0.46106892824172974,0.46106892824172974,1.0,0.46106892824172974,0.46106892824172974,0.46106892824172974,0.0,-0.0034706322476267815,0.05952954292297363,1.0,0.00015320612874347717,1.0,0.0,0.0,0.00015320612874347717,0.0,0.0,0.17027780413627625,0.0,0.4702778458595276,0.0,0.47027787566185,0.47027787566185,0.6913794875144958,0.0,0.0,0.0,0.0,0.0,0.0,0.0,0.0,1.0,0.0,-0.0001153971825260669,0.4432840347290039,0.05530748888850212,0.9563868641853333,0.0,16.86575698852539,16.86797332763672,16.86797332763672,0.19294071197509766,-0.1452668011188507,1.4700622663621488e-10,0.0,0.0,4.687457084655762,4.687457084655762,1.651213526725769,1.651213526725769,0.8634678721427917,0.0,0.0,0.0,0.0,0.4702778160572052,0.0,0.47027787566185,0.47027787566185,0.6913794875144958,0.0,1.651213526725769,1.651213526725769,1.651213526725769,1.6426851749420166,0.05952954292297363,0.1887994259595871,0.028447210788726807,1.0,0.6305631995201111,0.6005955934524536,0.6777170896530151,0.0,,,,,,,,,,,,,,,12.0,0.0,0.0,0.0,0.0,0.0,0.0,,,,,,,,,,,,,,,,,,,,,,0.001
18,5780,train,17.478172302246094,14.55530071258545,14.555994033813477,0.0,0.025198591873049736,0.025198591873049736,0.0,0.0069218710996210575,3.9999998989515007e-05,0.019999999552965164,0.004000000189989805,0.019999999552965164,0.00039999998989515007,0.00039999998989515007,0.4000000059604645,0.00024359699455089867,0.17212960124015808,0.0,0.0,0.0,0.0,0.0,0.0,0.0,0.0,0.46248942613601685,0.46248942613601685,1.0,0.46248942613601685,0.46248942613601685,0.46248942613601685,0.0,-0.005643150303512812,0.06142798438668251,1.0,0.00024359699455089867,1.0,0.0,0.0,0.00024359699455089867,0.0,0.0,0.17212960124015808,0.0,0.47212961316108704,0.0,0.47212934494018555,0.47212934494018555,0.6915929913520813,0.0,0.0,0.0,0.0,0.0,0.0,0.0,0.0,1.0,0.0,0.00023019082436803728,0.4401962459087372,0.055520106106996536,0.9573729634284973,0.0,14.555994033813477,14.55530071258545,14.55530071258545,0.16216309368610382,-0.053183894604444504,-5.212168197044065e-11,0.0,0.0,4.552811145782471,4.552811145782471,1.6545679569244385,1.6545679569244385,0.6758646368980408,0.0,0.0,0.0,0.0,0.47212961316108704,0.0,0.47212934494018555,0.47212934494018555,0.6915929913520813,0.0,1.6545679569244385,1.6545679569244385,1.6545679569244385,1.6529330015182495,0.06142798438668251,0.18763688206672668,0.028204716742038727,1.0,0.754478931427002,0.7329491376876831,0.7424688339233398,0.0,,,,,,,,,,,,,,,12.0,0.0,0.0,0.0,0.0,0.0,0.0,,,,,,,,,,,,,,,,,,,,,,0.001
18,5800,train,20.732948303222656,17.267820358276367,17.267271041870117,0.0,0.025070462375879288,0.025070462375879288,0.0,0.006866617128252983,3.9999998989515007e-05,0.019999999552965164,0.004000000189989805,0.019999999552965164,0.00039999998989515007,0.00039999998989515007,0.4000000059604645,0.00023633442469872534,0.17244744300842285,0.0,0.0,0.0,0.0,0.0,0.0,0.0,0.0,0.462605744600296,0.462605744600296,1.0,0.462605744600296,0.46260571479797363,0.46260571479797363,0.0,-0.004411527421325445,0.07131005823612213,1.0,0.00023633442469872534,1.0,0.0,0.0,0.00023633442469872534,0.0,0.0,0.17244744300842285,0.0,0.4724474549293518,0.0,0.4724475145339966,0.4724475145339966,0.6916280388832092,0.0,0.0,0.0,0.0,0.0,0.0,0.0,0.0,1.0,0.0,-0.0008779228082858026,0.4412878751754761,0.055586688220500946,0.9581032395362854,0.0,17.267271041870117,17.267820358276367,17.267820358276367,0.17861686646938324,-0.08664194494485855,-4.0303285708809256e-10,0.0,0.0,4.621110916137695,4.621110916137695,1.6511403322219849,1.6511403322219849,0.782745361328125,0.0,0.0,0.0,0.0,0.4724474549293518,0.0,0.4724475145339966,0.4724475145339966,0.6916280388832092,0.0,1.6511403322219849,1.6511403322219849,1.6511403322219849,1.6518710851669312,0.07131005823612213,0.18724972009658813,0.028526727110147476,1.0,0.6593520045280457,0.6741756200790405,0.701927125453949,0.0,,,,,,,,,,,,,,,12.0,0.0,0.0,0.0,0.0,0.0,0.0,,,,,,,,,,,,,,,,,,,,,,0.001
18,5820,train,20.745962142944336,17.27845573425293,17.278942108154297,0.0,0.02480228990316391,0.02480228990316391,0.0,0.006761476397514343,3.9999998989515007e-05,0.019999999552965164,0.004000000189989805,0.019999999552965164,0.00039999998989515007,0.00039999998989515007,0.4000000059604645,0.00025830575032159686,0.17355743050575256,0.0,0.0,0.0,0.0,0.0,0.0,0.0,0.0,0.4647202789783478,0.4647202789783478,1.0,0.4647202789783478,0.4647202789783478,0.4647202789783478,0.0,-0.00396023178473115,0.05865490064024925,1.0,0.00025830575032159686,1.0,0.0,0.0,0.00025830575032159686,0.0,0.0,0.17355743050575256,0.0,0.4735574424266815,0.0,0.4735572338104248,0.4735572338104248,0.6917478442192078,0.0,0.0,0.0,0.0,0.0,0.0,0.0,0.0,1.0,0.0,0.001020559691824019,0.44267767667770386,0.05561675503849983,0.9592245221138,0.0,17.278942108154297,17.27845573425293,17.27845573425293,0.19275814294815063,-0.08933871984481812,5.947273229445216e-11,0.0,0.0,4.51197624206543,4.51197624206543,1.6546943187713623,1.6546943187713623,0.8147673010826111,0.0,0.0,0.0,0.0,0.4735574424266815,0.0,0.4735572338104248,0.4735572338104248,0.6917478442192078,0.0,1.6546943187713623,1.6546943187713623,1.6546943187713623,1.6581906080245972,0.05865490064024925,0.18759435415267944,0.028533445671200752,1.0,0.7233430743217468,0.6697074174880981,0.6563271880149841,0.0,,,,,,,,,,,,,,,12.0,0.0,0.0,0.0,0.0,0.0,0.0,,,,,,,,,,,,,,,,,,,,,,0.001
18,5840,train,19.638795852661133,16.35541343688965,16.358457565307617,0.0,0.02532159350812435,0.02532159350812435,0.0,0.0067695872858166695,3.9999998989515007e-05,0.019999999552965164,0.004000000189989805,0.019999999552965164,0.00039999998989515007,0.00039999998989515007,0.4000000059604645,0.0001575099304318428,0.172745019197464,0.0,0.0,0.0,0.0,0.0,0.0,0.0,0.0,0.463151216506958,0.463151216506958,1.0,0.463151216506958,0.4631511867046356,0.4631511867046356,0.0,-0.006124626379460096,0.07965853810310364,1.0,0.0001575099304318428,1.0,0.0,0.0,0.0001575099304318428,0.0,0.0,0.172745019197464,0.0,0.47274503111839294,0.0,0.4727451205253601,0.4727451205253601,0.6916605830192566,0.0,0.0,0.0,0.0,0.0,0.0,0.0,0.0,1.0,0.0,0.0009036006522364914,0.44031140208244324,0.055609505623579025,0.9594613909721375,0.0,16.358457565307617,16.35541343688965,16.35541343688965,0.17217563092708588,-0.07564681768417358,5.539128600240417e-10,0.0,0.0,4.709173679351807,4.709173202514648,1.6547414064407349,1.6547414064407349,0.7652672529220581,0.0,0.0,0.0,0.0,0.47274503111839294,0.0,0.4727450907230377,0.4727450907230377,0.6916605830192566,0.0,1.6547410488128662,1.6547410488128662,1.6547414064407349,1.6506503820419312,0.07965853810310364,0.18714913725852966,0.02850833535194397,1.0,0.6559910774230957,0.7078816890716553,0.7092779874801636,0.0,,,,,,,,,,,,,,,12.0,0.0,0.0,0.0,0.0,0.0,0.0,,,,,,,,,,,,,,,,,,,,,,0.001
18,5860,train,18.84086036682129,15.691691398620605,15.687307357788086,0.0,0.024701319634914398,0.024701319634914398,0.0,0.00675848638638854,3.9999998989515007e-05,0.019999999552965164,0.004000000189989805,0.019999999552965164,0.00039999998989515007,0.00039999998989515007,0.4000000059604645,0.00023663202591706067,0.17174547910690308,0.0,0.0,0.0,0.0,0.0,0.0,0.0,0.0,0.46436554193496704,0.46436554193496704,1.0,0.46436554193496704,0.46436554193496704,0.46436554193496704,0.0,-0.004976118449121714,0.07689204812049866,1.0,0.00023663202591706067,1.0,0.0,0.0,0.00023663202591706067,0.0,0.0,0.17174547910690308,0.0,0.47174546122550964,0.0,0.4717453420162201,0.4717453420162201,0.69154953956604,0.0,0.0,0.0,0.0,0.0,0.0,0.0,0.0,1.0,0.0,0.0018049207283183932,0.44199442863464355,0.055960990488529205,0.9596772193908691,0.0,15.687307357788086,15.691691398620605,15.691691398620605,0.18158744275569916,-0.11777651309967041,1.1370554497958096e-10,0.0,0.0,4.374053478240967,4.374053478240967,1.654817819595337,1.654817819595337,0.7568713426589966,0.0,0.0,0.0,0.0,0.47174549102783203,0.0,0.4717453420162201,0.4717453420162201,0.69154953956604,0.0,1.654817819595337,1.654817819595337,1.654817819595337,1.6611473560333252,0.07689204812049866,0.1867636740207672,0.02838217280805111,1.0,0.5677489042282104,0.6283993721008301,0.6170645952224731,0.0,,,,,,,,,,,,,,,12.0,0.0,0.0,0.0,0.0,0.0,0.0,,,,,,,,,,,,,,,,,,,,,,0.001
18,5880,train,20.116920471191406,16.75370216369629,16.75763702392578,0.0,0.024921083822846413,0.024921083822846413,0.0,0.006828542333096266,3.9999998989515007e-05,0.019999999552965164,0.004000000189989805,0.019999999552965164,0.00039999998989515007,0.00039999998989515007,0.4000000059604645,0.0001107693969970569,0.17081499099731445,0.0,0.0,0.0,0.0,0.0,0.0,0.0,0.0,0.46351954340934753,0.46351954340934753,1.0,0.46351954340934753,0.46351954340934753,0.46351954340934753,0.0,-0.005443681497126818,0.07780299335718155,1.0,0.0001107693969970569,1.0,0.0,0.0,0.0001107693969970569,0.0,0.0,0.17081499099731445,0.0,0.4708150029182434,0.0,0.47081512212753296,0.47081512212753296,0.6914425492286682,0.0,0.0,0.0,0.0,0.0,0.0,0.0,0.0,1.0,0.0,0.0009231916046701372,0.441463440656662,0.056038934737443924,0.9592233300209045,0.0,16.75763702392578,16.75370216369629,16.75370216369629,0.1825784593820572,-0.07691354304552078,3.1988378612624047e-10,0.0,0.0,4.648698329925537,4.648698329925537,1.6514405012130737,1.6514405012130737,0.8072001934051514,0.0,0.0,0.0,0.0,0.4708150029182434,0.0,0.47081512212753296,0.47081512212753296,0.6914425492286682,0.0,1.6514405012130737,1.6514402627944946,1.6514405012130737,1.6610430479049683,0.07780299335718155,0.1889433115720749,0.028550345450639725,1.0,0.7263554334640503,0.6869060397148132,0.6883970499038696,0.0,,,,,,,,,,,,,,,12.0,0.0,0.0,0.0,0.0,0.0,0.0,,,,,,,,,,,,,,,,,,,,,,0.001
18,5900,train,20.555606842041016,17.120304107666016,17.11800193786621,0.0,0.025285368785262108,0.025285368785262108,0.0,0.006937265861779451,3.9999998989515007e-05,0.019999999552965164,0.004000000189989805,0.019999999552965164,0.00039999998989515007,0.00039999998989515007,0.4000000059604645,0.0002706905361264944,0.17038455605506897,0.0,0.0,0.0,0.0,0.0,0.0,0.0,0.0,0.4636397361755371,0.4636397361755371,1.0,0.4636397361755371,0.4636397063732147,0.4636397063732147,0.0,-0.004095720127224922,0.07310108095407486,1.0,0.0002706905361264944,1.0,0.0,0.0,0.0002706905361264944,0.0,0.0,0.17038455605506897,0.0,0.4703845679759979,0.0,0.47038453817367554,0.47038453817367554,0.6913917660713196,0.0,0.0,0.0,0.0,0.0,0.0,0.0,0.0,1.0,0.0,-0.0003620429488364607,0.44087228178977966,0.05618475005030632,0.9588757157325745,0.0,17.11800193786621,17.120304107666016,17.120304107666016,0.20050625503063202,-0.09803837537765503,-5.1549479962442746e-11,0.0,0.0,4.436141490936279,4.436141490936279,1.660455346107483,1.660455346107483,0.8390222787857056,0.0,0.0,0.0,0.0,0.4703845679759979,0.0,0.47038450837135315,0.47038450837135315,0.6913917660713196,0.0,1.660455346107483,1.660455346107483,1.660455346107483,1.6525416374206543,0.07310108095407486,0.18878017365932465,0.028373122215270996,1.0,0.7612032890319824,0.6756585836410522,0.6742851138114929,0.0,,,,,,,,,,,,,,,12.0,0.0,0.0,0.0,0.0,0.0,0.0,,,,,,,,,,,,,,,,,,,,,,0.001
18,5920,train,19.55058479309082,16.281639099121094,16.286428451538086,0.0,0.025639139115810394,0.025639139115810394,0.0,0.007159864995628595,3.9999998989515007e-05,0.019999999552965164,0.004000000189989805,0.019999999552965164,0.00039999998989515007,0.00039999998989515007,0.4000000059604645,0.0001615452638361603,0.16844028234481812,0.0,0.0,0.0,0.0,0.0,0.0,0.0,0.0,0.4616546928882599,0.4616546928882599,1.0,0.4616546928882599,0.4616546928882599,0.4616546928882599,0.0,-0.007188135292381048,0.0946306437253952,1.0,0.0001615452638361603,1.0,0.0,0.0,0.0001615452638361603,0.0,0.0,0.16844028234481812,0.0,0.46844029426574707,0.0,0.46844035387039185,0.46844035387039185,0.6911540031433105,0.0,0.0,0.0,0.0,0.0,0.0,0.0,0.0,1.0,0.0,0.0012461519800126553,0.44132959842681885,0.05672305449843407,0.957439661026001,0.0,16.286428451538086,16.281639099121094,16.281639099121094,0.21798540651798248,-0.1753944456577301,2.151169173347789e-11,0.0,0.0,4.625229835510254,4.625229835510254,1.6503856182098389,1.6503856182098389,0.9741350412368774,0.0,0.0,0.0,0.0,0.46844029426574707,0.0,0.46844032406806946,0.46844032406806946,0.6911540031433105,0.0,1.6503854990005493,1.6503856182098389,1.6503856182098389,1.6533045768737793,0.0946306437253952,0.18851123750209808,0.02836472913622856,1.0,0.6802355051040649,0.6803551912307739,0.6977733373641968,0.0,,,,,,,,,,,,,,,12.0,0.0,0.0,0.0,0.0,0.0,0.0,,,,,,,,,,,,,,,,,,,,,,0.001
18,5940,train,19.37689971923828,16.137210845947266,16.13981819152832,0.0,0.029764069244265556,0.029764069244265556,0.0,0.007330786902457476,3.9999998989515007e-05,0.019999999552965164,0.004000000189989805,0.019999999552965164,0.00039999998989515007,0.00039999998989515007,0.4000000059604645,0.0002427536528557539,0.16682720184326172,0.0,0.0,0.0,0.0,0.0,0.0,0.0,0.0,0.46090999245643616,0.46090999245643616,1.0,0.46090999245643616,0.46090999245643616,0.46090999245643616,0.0,-0.0060964967124164104,0.09093961864709854,1.0,0.0002427536528557539,1.0,0.0,0.0,0.0002427536528557539,0.0,0.0,0.16682720184326172,0.0,0.4668272137641907,0.0,0.4668270945549011,0.4668270945549011,0.6909446716308594,0.0,0.0,0.0,0.0,0.0,0.0,0.0,0.0,1.0,0.0,-0.0005309419939294457,0.43822115659713745,0.05708005651831627,0.9563193321228027,0.0,16.13981819152832,16.137210845947266,16.137210845947266,0.1826394498348236,-0.08288343995809555,1.0666237337808582e-10,0.0,0.0,4.882408142089844,4.882408142089844,1.6543354988098145,1.6543354988098145,0.8142493963241577,0.0,0.0,0.0,0.0,0.4668272137641907,0.0,0.46682706475257874,0.46682706475257874,0.6909446716308594,0.0,1.654335379600525,1.654335379600525,1.6543354988098145,1.6565494537353516,0.09093961864709854,0.18856535851955414,0.028474818915128708,1.0,0.7189427614212036,0.6562596559524536,0.6560558676719666,0.0,,,,,,,,,,,,,,,12.0,0.0,0.0,0.0,0.0,0.0,0.0,,,,,,,,,,,,,,,,,,,,,,0.001
18,5960,train,19.029699325561523,15.848275184631348,15.84870433807373,0.0,0.0264902301132679,0.0264902301132679,0.0,0.007451996672898531,3.9999998989515007e-05,0.019999999552965164,0.004000000189989805,0.019999999552965164,0.00039999998989515007,0.00039999998989515007,0.4000000059604645,0.00030739049543626606,0.1675054132938385,0.0,0.0,0.0,0.0,0.0,0.0,0.0,0.0,0.4619024693965912,0.4619024693965912,1.0,0.4619024693965912,0.4619024395942688,0.4619024395942688,0.0,-0.005711649544537067,0.07457201927900314,1.0,0.00030739049543626606,1.0,0.0,0.0,0.00030739049543626606,0.0,0.0,0.1675054132938385,0.0,0.46750542521476746,0.0,0.46750521659851074,0.46750521659851074,0.691034197807312,0.0,0.0,0.0,0.0,0.0,0.0,0.0,0.0,1.0,0.0,0.0007207436137832701,0.4366924464702606,0.05743546783924103,0.9559388756752014,0.0,15.84870433807373,15.848275184631348,15.848275184631348,0.19621944427490234,-0.12590597569942474,4.179083190614108e-10,0.0,0.0,4.609675407409668,4.609675407409668,1.6574599742889404,1.6574599742889404,0.8332661390304565,0.0,0.0,0.0,0.0,0.46750542521476746,0.0,0.46750521659851074,0.46750521659851074,0.691034197807312,0.0,1.65746009349823,1.6574599742889404,1.6574599742889404,1.6620235443115234,0.07457201927900314,0.18879207968711853,0.02839672565460205,1.0,0.6094178557395935,0.6439470648765564,0.621130108833313,0.0,,,,,,,,,,,,,,,12.0,0.0,0.0,0.0,0.0,0.0,0.0,,,,,,,,,,,,,,,,,,,,,,0.001
18,5980,train,20.971174240112305,17.466276168823242,17.466129302978516,0.0,0.026631483808159828,0.026631483808159828,0.0,0.007488143164664507,3.9999998989515007e-05,0.019999999552965164,0.004000000189989805,0.019999999552965164,0.00039999998989515007,0.00039999998989515007,0.4000000059604645,0.00016197575314436108,0.16895973682403564,0.0,0.0,0.0,0.0,0.0,0.0,0.0,0.0,0.46139025688171387,0.46139025688171387,1.0,0.46139025688171387,0.4613902270793915,0.4613902270793915,0.0,-0.004851632285863161,0.070038802921772,1.0,0.00016197575314436108,1.0,0.0,0.0,0.00016197575314436108,0.0,0.0,0.16895973682403564,0.0,0.4689597487449646,0.0,0.46895965933799744,0.46895965933799744,0.6912192106246948,0.0,0.0,0.0,0.0,0.0,0.0,0.0,0.0,1.0,0.0,-9.85905498964712e-05,0.4397032558917999,0.05759202316403389,0.9559668898582458,0.0,17.466129302978516,17.466276168823242,17.466276168823242,0.1939620077610016,-0.10639489442110062,-3.551477445462581e-10,0.0,0.0,4.727449893951416,4.727449893951416,1.6575381755828857,1.6575381755828857,0.8989171981811523,0.0,0.0,0.0,0.0,0.4689597487449646,0.0,0.46895962953567505,0.46895962953567505,0.6912192106246948,0.0,1.6575381755828857,1.6575381755828857,1.6575381755828857,1.6548418998718262,0.070038802921772,0.18908442556858063,0.028353838250041008,1.0,0.6604681015014648,0.6652365922927856,0.6506857872009277,0.0,,,,,,,,,,,,,,,12.0,0.0,0.0,0.0,0.0,0.0,0.0,,,,,,,,,,,,,,,,,,,,,,0.001
18,6000,train,19.582284927368164,16.308717727661133,16.309566497802734,0.0,0.02488579787313938,0.02488579787313938,0.0,0.007478368002921343,3.9999998989515007e-05,0.019999999552965164,0.004000000189989805,0.019999999552965164,0.00039999998989515007,0.00039999998989515007,0.4000000059604645,0.00014708127127960324,0.1708860695362091,0.0,0.0,0.0,0.0,0.0,0.0,0.0,0.0,0.46193215250968933,0.46193215250968933,1.0,0.46193215250968933,0.46193215250968933,0.46193215250968933,0.0,-0.0033221952617168427,0.06145275756716728,1.0,0.00014708127127960324,1.0,0.0,0.0,0.00014708127127960324,0.0,0.0,0.1708860695362091,0.0,0.47088608145713806,0.0,0.4708859324455261,0.4708859324455261,0.691450834274292,0.0,0.0,0.0,0.0,0.0,0.0,0.0,0.0,1.0,0.0,-0.00029014356550760567,0.43800511956214905,0.05763949453830719,0.956652820110321,0.0,16.309566497802734,16.308717727661133,16.308717727661133,0.18094298243522644,-0.10120587050914764,2.695621781345636e-10,0.0,0.0,4.688353538513184,4.688353538513184,1.6605885028839111,1.6605885028839111,0.7920817732810974,0.0,0.0,0.0,0.0,0.47088608145713806,0.0,0.4708859324455261,0.4708859324455261,0.691450834274292,0.0,1.6605885028839111,1.6605885028839111,1.6605885028839111,1.6578315496444702,0.06145275756716728,0.18726418912410736,0.028147496283054352,1.0,0.7297452092170715,0.7054762244224548,0.6648824214935303,0.0,,,,,,,,,,,,,,,12.0,0.0,0.0,0.0,0.0,0.0,0.0,,,,,,,,,,,,,,,,,,,,,,0.001
18,6012,train_epoch,19.617828997309335,16.338471224208078,16.33838569903802,0.0,0.0259241013603653,0.0259241013603653,0.0,0.007008618417246167,3.9999998989515007e-05,0.019999999552965164,0.004000000189989805,0.019999999552965164,0.00039999998989515007,0.00039999998989515007,0.4000000059604645,0.00019741277730623595,0.17075367905422598,0.0,0.0,0.0,0.0,0.0,0.0,0.0,0.0,0.46223985568848913,0.46223985568848913,1.0,0.46223985568848913,0.4622398553315751,0.4622398553315751,0.0,-0.00522110625560546,0.074781545499217,1.0,0.00019741277730623595,1.0,0.0,0.0,0.00019741277730623595,0.0,0.0,0.17075367905422598,0.0,0.47075369258126815,0.0,0.4707536642066019,0.4707536642066019,0.691427292759547,0.0,0.0,0.0,0.0,0.0,0.0,0.0,0.0,1.0,0.0,-3.425875963192814e-05,0.44102691060411714,0.05616059104081043,0.9576185427739948,0.0,16.33838569903802,16.338471224208078,16.338471224208078,0.18942488551496744,-0.10692584740477586,3.317630039378421e-11,0.0,0.0,4.663553816115785,4.6635538061221915,1.6534828529386463,1.6534828529386463,0.8313380845649514,0.0,0.0,0.0,0.0,0.47075369097515496,0.0,0.47075365233921007,0.47075365233921007,0.691427292759547,0.0,1.653482805825993,1.6534828179610703,1.6534828529386463,1.6532526401702516,0.074781545499217,0.18816829129250465,0.028457439733211867,1.0,0.6643372249460506,0.6640941738011594,0.6638458041016927,0.0,,,,,,,,,,,,,,,12.0,0.0,0.0,0.0,0.0,0.0,0.0,,,,,,,,,,,,,,,,,,,,,,0.001
18,6012,val,,,,,,,,,,,,,,,,,,,,,,,,,,,,,,,,,,,,,,,,,,,,,,,,,,,,,,,,,,,,,,,,,,,,,,,,,,,,,,,,,,,,,,,,,,,,,,,,,,,,,,,,,,,,,,,,,,,,,,,,,16.459692001342773,681.6465454101562,26.108361599498277,0.1402803361415863,0.07024219632148743,15.197154998779297,23.91140543879832,0.12441416829824448,0.06492328643798828,16.337696075439453,26.014342826887706,0.13867957890033722,0.06973156332969666,18.380859375,29.25848004912689,0.15660463273525238,0.07831123471260071,16.459692001342773,26.108361599498277,0.1402803361415863,0.07024219632148743,0.001
18,6012,test_select,,,,,,,,,,,,,,,,,,,,,,,,,,,,,,,,,,,,,,,,,,,,,,,,,,,,,,,,,,,,,,,,,,,,,,,,,,,,,,,,,,,,,,,,,,,,,,,,,,,,,,,,,,,,,,,,,,,,,,,,,21.496232986450195,1173.0081787109375,34.249206979300084,0.14100821316242218,0.08731184154748917,17.521743774414062,27.428618294812082,0.11586643755435944,0.07112808525562286,21.229440689086914,33.5409414145841,0.13746461272239685,0.08621998131275177,27.313308715820312,42.66788989538855,0.17478474974632263,0.11104385554790497,21.496232986450195,34.249206979300084,0.14100821316242218,0.08731184154748917,0.001
19,6020,train,19.64923858642578,16.36363410949707,16.36261558532715,0.0,0.02380490116775036,0.02380490116775036,0.0,0.0074579850770533085,4.5000000682193786e-05,0.02250000089406967,0.0044999998062849045,0.02250000089406967,0.00044999999227002263,0.00044999999227002263,0.44999998807907104,0.0003672359453048557,0.17259132862091064,0.0,0.0,0.0,0.0,0.0,0.0,0.0,0.0,0.4617420434951782,0.4617420434951782,1.0,0.4617420434951782,0.4617420732975006,0.4617420732975006,0.0,-0.004599934909492731,0.06490218639373779,1.0,0.0003672359453048557,1.0,0.0,0.0,0.0003672359453048557,0.0,0.0,0.17259132862091064,0.0,0.4725913405418396,0.0,0.47259125113487244,0.47259125113487244,0.6916440725326538,0.0,0.0,0.0,0.0,0.0,0.0,0.0,0.0,1.0,0.0,-0.0007204706780612469,0.4351479113101959,0.057863157242536545,0.9575335383415222,0.0,16.36261558532715,16.36363410949707,16.36363410949707,0.22407859563827515,-0.16731005907058716,-1.768231255860897e-10,0.0,0.0,4.661584377288818,4.661584377288818,1.6632508039474487,1.6632508039474487,1.0065397024154663,0.0,0.0,0.0,0.0,0.4725913405418396,0.0,0.47259125113487244,0.47259125113487244,0.6916440725326538,0.0,1.6632508039474487,1.6632508039474487,1.6632508039474487,1.660443902015686,0.06490218639373779,0.1855728030204773,0.02806013450026512,1.0,0.6361812949180603,0.6019971370697021,0.6101539134979248,0.0,,,,,,,,,,,,,,,12.0,0.0,0.0,0.0,0.0,0.0,0.0,,,,,,,,,,,,,,,,,,,,,,0.001
19,6040,train,20.884632110595703,17.393150329589844,17.391666412353516,0.0,0.02413955144584179,0.02413955144584179,0.0,0.00733396178111434,4.5000000682193786e-05,0.02250000089406967,0.0044999998062849045,0.02250000089406967,0.00044999999227002263,0.00044999999227002263,0.44999998807907104,0.00020976744417566806,0.17369458079338074,0.0,0.0,0.0,0.0,0.0,0.0,0.0,0.0,0.4639778435230255,0.4639778435230255,1.0,0.4639778435230255,0.4639778435230255,0.4639778435230255,0.0,-0.004876711871474981,0.06778541952371597,1.0,0.00020976744417566806,1.0,0.0,0.0,0.00020976744417566806,0.0,0.0,0.17369458079338074,0.0,0.47369465231895447,0.0,0.47369450330734253,0.47369450330734253,0.6917628049850464,0.0,0.0,0.0,0.0,0.0,0.0,0.0,0.0,1.0,0.0,0.00033488054759800434,0.43692296743392944,0.05790252611041069,0.9592847228050232,0.0,17.391666412353516,17.393150329589844,17.393150329589844,0.19188757240772247,-0.08434184640645981,-2.84751888735002e-10,0.0,0.0,4.465670585632324,4.465670585632324,1.6646662950515747,1.6646662950515747,0.8355307579040527,0.0,0.0,0.0,0.0,0.4736945927143097,0.0,0.47369447350502014,0.47369447350502014,0.6917628049850464,0.0,1.6646662950515747,1.6646662950515747,1.6646662950515747,1.6651604175567627,0.06778541952371597,0.18403619527816772,0.028082225471735,1.0,0.6260513663291931,0.6176650524139404,0.556411623954773,0.0,,,,,,,,,,,,,,,12.0,0.0,0.0,0.0,0.0,0.0,0.0,,,,,,,,,,,,,,,,,,,,,,0.001
19,6060,train,19.52210807800293,16.256929397583008,16.259828567504883,0.0,0.023409118875861168,0.023409118875861168,0.0,0.0071831657551229,4.5000000682193786e-05,0.02250000089406967,0.0044999998062849045,0.02250000089406967,0.00044999999227002263,0.00044999999227002263,0.44999998807907104,0.0002095178933814168,0.17438432574272156,0.0,0.0,0.0,0.0,0.0,0.0,0.0,0.0,0.46691611409187317,0.46691611409187317,1.0,0.46691611409187317,0.46691611409187317,0.46691611409187317,0.0,-0.003945892211049795,0.06581422686576843,1.0,0.0002095178933814168,1.0,0.0,0.0,0.0002095178933814168,0.0,0.0,0.17438432574272156,0.0,0.4743843376636505,0.0,0.4743844270706177,0.4743844270706177,0.6918342113494873,0.0,0.0,0.0,0.0,0.0,0.0,0.0,0.0,1.0,0.0,0.00043529795948415995,0.4374443590641022,0.05793659761548042,0.9612602591514587,0.0,16.259828567504883,16.256929397583008,16.256929397583008,0.18968914449214935,-0.1295466274023056,5.41235875561874e-11,0.0,0.0,4.638260841369629,4.638260364532471,1.6704707145690918,1.6704707145690918,0.8192748427391052,0.0,0.0,0.0,0.0,0.4743843376636505,0.0,0.4743844270706177,0.4743844270706177,0.6918342113494873,0.0,1.6704707145690918,1.6704704761505127,1.6704707145690918,1.668325424194336,0.06581422686576843,0.18371249735355377,0.028296174481511116,1.0,0.6356586217880249,0.6662765741348267,0.6325089931488037,0.0,,,,,,,,,,,,,,,12.0,0.0,0.0,0.0,0.0,0.0,0.0,,,,,,,,,,,,,,,,,,,,,,0.001
19,6080,train,18.38310432434082,15.308329582214355,15.307770729064941,0.0,0.022968973964452744,0.022968973964452744,0.0,0.007155199069529772,4.5000000682193786e-05,0.02250000089406967,0.0044999998062849045,0.02250000089406967,0.00044999999227002263,0.00044999999227002263,0.44999998807907104,0.00019228269229643047,0.17375704646110535,0.0,0.0,0.0,0.0,0.0,0.0,0.0,0.0,0.467616468667984,0.467616468667984,1.0,0.467616468667984,0.4676164984703064,0.4676164984703064,0.0,-0.004935109987854958,0.07776240259408951,1.0,0.00019228269229643047,1.0,0.0,0.0,0.00019228269229643047,0.0,0.0,0.17375704646110535,0.0,0.4737570583820343,0.0,0.47375723719596863,0.47375723719596863,0.6917692422866821,0.0,0.0,0.0,0.0,0.0,0.0,0.0,0.0,1.0,0.0,-0.0006019489956088364,0.4368669092655182,0.058212246745824814,0.9622687697410583,0.0,15.307770729064941,15.308329582214355,15.308329582214355,0.1853586584329605,-0.1343507319688797,7.659301665130513e-11,0.0,0.0,4.6759934425354,4.6759934425354,1.669667363166809,1.669667363166809,0.8442091941833496,0.0,0.0,0.0,0.0,0.4737570583820343,0.0,0.47375723719596863,0.47375723719596863,0.6917692422866821,0.0,1.669667363166809,1.669667363166809,1.669667363166809,1.668847680091858,0.07776240259408951,0.18274031579494476,0.02832776866853237,1.0,0.5935120582580566,0.5961731672286987,0.6103772521018982,0.0,,,,,,,,,,,,,,,12.0,0.0,0.0,0.0,0.0,0.0,0.0,,,,,,,,,,,,,,,,,,,,,,0.001
19,6100,train,21.784658432006836,18.143123626708984,18.141311645507812,0.0,0.027173282578587532,0.027173282578587532,0.0,0.007209699600934982,4.5000000682193786e-05,0.02250000089406967,0.0044999998062849045,0.02250000089406967,0.00044999999227002263,0.00044999999227002263,0.44999998807907104,0.0002675290161278099,0.1703627109527588,0.0,0.0,0.0,0.0,0.0,0.0,0.0,0.0,0.4660934805870056,0.4660934805870056,1.0,0.4660934805870056,0.4660934507846832,0.4660934507846832,0.0,-0.006226592231541872,0.1038181260228157,1.0,0.0002675290161278099,1.0,0.0,0.0,0.0002675290161278099,0.0,0.0,0.1703627109527588,0.0,0.47036275267601013,0.0,0.4703628420829773,0.4703628420829773,0.6913893222808838,0.0,0.0,0.0,0.0,0.0,0.0,0.0,0.0,1.0,0.0,-0.0007128044380806386,0.4346415102481842,0.05845847353339195,0.9620328545570374,0.0,18.141311645507812,18.143123626708984,18.143123626708984,0.2172282338142395,-0.1288638710975647,-5.472536313000376e-10,0.0,0.0,4.66690731048584,4.66690731048584,1.6721292734146118,1.6721292734146118,0.9686281085014343,0.0,0.0,0.0,0.0,0.47036272287368774,0.0,0.4703628420829773,0.4703628420829773,0.6913893222808838,0.0,1.6721292734146118,1.6721292734146118,1.6721292734146118,1.6724536418914795,0.1038181260228157,0.1833120435476303,0.028554854914546013,1.0,0.6821047067642212,0.6825711131095886,0.6463048458099365,0.0,,,,,,,,,,,,,,,12.0,0.0,0.0,0.0,0.0,0.0,0.0,,,,,,,,,,,,,,,,,,,,,,0.001
19,6120,train,17.64417839050293,14.692781448364258,14.691052436828613,0.0,0.022526664659380913,0.022526664659380913,0.0,0.007260740734636784,4.5000000682193786e-05,0.02250000089406967,0.0044999998062849045,0.02250000089406967,0.00044999999227002263,0.00044999999227002263,0.44999998807907104,0.00020859597134403884,0.1697210967540741,0.0,0.0,0.0,0.0,0.0,0.0,0.0,0.0,0.4667136073112488,0.4667136073112488,1.0,0.4667136073112488,0.4667136073112488,0.4667136073112488,0.0,-0.0029518597293645144,0.0739506185054779,1.0,0.00020859597134403884,1.0,0.0,0.0,0.00020859597134403884,0.0,0.0,0.1697210967540741,0.0,0.46972110867500305,0.0,0.4697211980819702,0.4697211980819702,0.6913127303123474,0.0,0.0,0.0,0.0,0.0,0.0,0.0,0.0,1.0,0.0,0.00021816215303260833,0.43640613555908203,0.058556921780109406,0.9618322849273682,0.0,14.691052436828613,14.692781448364258,14.692781448364258,0.177766352891922,-0.066744364798069,4.3958717221848076e-10,0.0,0.0,4.3777594566345215,4.3777594566345215,1.6710104942321777,1.6710104942321777,0.6778014302253723,0.0,0.0,0.0,0.0,0.46972110867500305,0.0,0.4697211980819702,0.4697211980819702,0.6913127303123474,0.0,1.6710104942321777,1.6710104942321777,1.6710104942321777,1.67232346534729,0.0739506185054779,0.1826820820569992,0.028377583250403404,1.0,0.7283603549003601,0.6785455942153931,0.6413641571998596,0.0,,,,,,,,,,,,,,,12.0,0.0,0.0,0.0,0.0,0.0,0.0,,,,,,,,,,,,,,,,,,,,,,0.001
19,6140,train,20.579030990600586,17.1378116607666,17.13996124267578,0.0,0.02307707630097866,0.02307707630097866,0.0,0.007205951493233442,4.5000000682193786e-05,0.02250000089406967,0.0044999998062849045,0.02250000089406967,0.00044999999227002263,0.00044999999227002263,0.44999998807907104,0.00016609068552497774,0.1715688705444336,0.0,0.0,0.0,0.0,0.0,0.0,0.0,0.0,0.46787163615226746,0.46787163615226746,1.0,0.46787163615226746,0.46787160634994507,0.46787160634994507,0.0,-0.004852586891502142,0.06301797926425934,1.0,0.00016609068552497774,1.0,0.0,0.0,0.00016609068552497774,0.0,0.0,0.1715688705444336,0.0,0.47156891226768494,0.0,0.4715687930583954,0.4715687930583954,0.6915296912193298,0.0,0.0,0.0,0.0,0.0,0.0,0.0,0.0,1.0,0.0,-0.0003232003946322948,0.4368557333946228,0.058757539838552475,0.9628989100456238,0.0,17.13996124267578,17.1378116607666,17.1378116607666,0.18822114169597626,-0.07909844815731049,-4.881504089837563e-10,0.0,0.0,4.556602478027344,4.556602478027344,1.6694605350494385,1.6694605350494385,0.7983730435371399,0.0,0.0,0.0,0.0,0.47156888246536255,0.0,0.4715687930583954,0.4715687930583954,0.6915296912193298,0.0,1.6694605350494385,1.6694605350494385,1.6694605350494385,1.671237587928772,0.06301797926425934,0.181429922580719,0.028359876945614815,1.0,0.6710666418075562,0.7061588764190674,0.6892534494400024,0.0,,,,,,,,,,,,,,,12.0,0.0,0.0,0.0,0.0,0.0,0.0,,,,,,,,,,,,,,,,,,,,,,0.001
19,6160,train,20.12625503540039,16.76152801513672,16.757404327392578,0.0,0.02428414300084114,0.02428414300084114,0.0,0.007261026185005903,4.5000000682193786e-05,0.02250000089406967,0.0044999998062849045,0.02250000089406967,0.00044999999227002263,0.00044999999227002263,0.44999998807907104,0.0002438030205667019,0.16898265480995178,0.0,0.0,0.0,0.0,0.0,0.0,0.0,0.0,0.46762338280677795,0.46762338280677795,1.0,0.46762338280677795,0.46762344241142273,0.46762344241142273,0.0,-0.004082626663148403,0.09967334568500519,1.0,0.0002438030205667019,1.0,0.0,0.0,0.0002438030205667019,0.0,0.0,0.16898265480995178,0.0,0.46898266673088074,0.0,0.46898263692855835,0.46898263692855835,0.6912218928337097,0.0,0.0,0.0,0.0,0.0,0.0,0.0,0.0,1.0,0.0,0.00020173241500742733,0.43491122126579285,0.058346547186374664,0.9624617695808411,0.0,16.757404327392578,16.76152801513672,16.76152801513672,0.19725430011749268,-0.047090813517570496,-2.3130070081478493e-10,0.0,0.0,4.5861005783081055,4.5861005783081055,1.674714207649231,1.674714207649231,0.8224092721939087,0.0,0.0,0.0,0.0,0.46898266673088074,0.0,0.46898263692855835,0.46898263692855835,0.6912218928337097,0.0,1.67471444606781,1.674714207649231,1.674714207649231,1.6760526895523071,0.09967334568500519,0.1817585527896881,0.02800595946609974,1.0,0.6743723154067993,0.6948364973068237,0.6490414142608643,0.0,,,,,,,,,,,,,,,12.0,0.0,0.0,0.0,0.0,0.0,0.0,,,,,,,,,,,,,,,,,,,,,,0.001
19,6180,train,19.195035934448242,15.984529495239258,15.986462593078613,0.0,0.023722747340798378,0.023722747340798378,0.0,0.0072408816777169704,4.5000000682193786e-05,0.02250000089406967,0.0044999998062849045,0.02250000089406967,0.00044999999227002263,0.00044999999227002263,0.44999998807907104,0.00016899251204449683,0.1681627631187439,0.0,0.0,0.0,0.0,0.0,0.0,0.0,0.0,0.4668346643447876,0.4668346643447876,1.0,0.4668346643447876,0.4668346643447876,0.4668346643447876,0.0,-0.004424280487000942,0.08488228172063828,1.0,0.00016899251204449683,1.0,0.0,0.0,0.00016899251204449683,0.0,0.0,0.1681627631187439,0.0,0.46816277503967285,0.0,0.46816286444664,0.46816286444664,0.6911184787750244,0.0,0.0,0.0,0.0,0.0,0.0,0.0,0.0,1.0,0.0,2.062418388959486e-05,0.43509894609451294,0.05839650705456734,0.9624345898628235,0.0,15.986462593078613,15.984529495239258,15.984529495239258,0.1794547438621521,-0.09021482616662979,3.7857625367898606e-10,0.0,0.0,4.51640510559082,4.51640510559082,1.6714662313461304,1.6714662313461304,0.7705340385437012,0.0,0.0,0.0,0.0,0.46816277503967285,0.0,0.4681628346443176,0.4681628346443176,0.6911184787750244,0.0,1.6714661121368408,1.6714664697647095,1.6714662313461304,1.6664217710494995,0.08488228172063828,0.1834416538476944,0.028518812730908394,1.0,0.6419619917869568,0.6585028171539307,0.6727138757705688,0.0,,,,,,,,,,,,,,,12.0,0.0,0.0,0.0,0.0,0.0,0.0,,,,,,,,,,,,,,,,,,,,,,0.001
19,6200,train,17.20165252685547,14.323688507080078,14.324189186096191,0.0,0.020485851913690567,0.020485851913690567,0.0,0.007341461256146431,4.5000000682193786e-05,0.02250000089406967,0.0044999998062849045,0.02250000089406967,0.00044999999227002263,0.00044999999227002263,0.44999998807907104,0.00019256738596595824,0.16680729389190674,0.0,0.0,0.0,0.0,0.0,0.0,0.0,0.0,0.466283917427063,0.466283917427063,1.0,0.466283917427063,0.466283917427063,0.466283917427063,0.0,-0.005725995171815157,0.09476878494024277,1.0,0.00019256738596595824,1.0,0.0,0.0,0.00019256738596595824,0.0,0.0,0.16680729389190674,0.0,0.4668073058128357,0.0,0.46680721640586853,0.46680721640586853,0.6909421682357788,0.0,0.0,0.0,0.0,0.0,0.0,0.0,0.0,1.0,0.0,0.0005347414989955723,0.43382778763771057,0.05863729491829872,0.96186763048172,0.0,14.324189186096191,14.323688507080078,14.323688507080078,0.16331534087657928,-0.05791425332427025,1.998840537531521e-10,0.0,0.0,4.9207305908203125,4.9207305908203125,1.6725130081176758,1.6725130081176758,0.7396703362464905,0.0,0.0,0.0,0.0,0.4668073058128357,0.0,0.46680721640586853,0.46680721640586853,0.6909421682357788,0.0,1.6725130081176758,1.6725130081176758,1.6725130081176758,1.6692097187042236,0.09476878494024277,0.18276004493236542,0.028540993109345436,1.0,0.6664854288101196,0.6731017827987671,0.6672360897064209,0.0,,,,,,,,,,,,,,,12.0,0.0,0.0,0.0,0.0,0.0,0.0,,,,,,,,,,,,,,,,,,,,,,0.001
19,6220,train,18.701051712036133,15.573328971862793,15.572781562805176,0.0,0.022879665717482567,0.022879665717482567,0.0,0.0073668756522238255,4.5000000682193786e-05,0.02250000089406967,0.0044999998062849045,0.02250000089406967,0.00044999999227002263,0.00044999999227002263,0.44999998807907104,0.00022762817388866097,0.16535300016403198,0.0,0.0,0.0,0.0,0.0,0.0,0.0,0.0,0.4658384323120117,0.4658384323120117,1.0,0.4658384323120117,0.4658384621143341,0.4658384621143341,0.0,-0.006373983342200518,0.0998026579618454,1.0,0.00022762817388866097,1.0,0.0,0.0,0.00022762817388866097,0.0,0.0,0.16535300016403198,0.0,0.46535301208496094,0.0,0.46535295248031616,0.46535295248031616,0.6907444596290588,0.0,0.0,0.0,0.0,0.0,0.0,0.0,0.0,1.0,0.0,-0.0003744832065422088,0.4337572157382965,0.058592937886714935,0.9616456627845764,0.0,15.572781562805176,15.573328971862793,15.573328971862793,0.1896197646856308,-0.09447957575321198,2.2666762564127474e-11,0.0,0.0,4.525209903717041,4.525209903717041,1.6744118928909302,1.6744118928909302,0.8047886490821838,0.0,0.0,0.0,0.0,0.46535301208496094,0.0,0.4653529226779938,0.4653529226779938,0.6907444596290588,0.0,1.6744118928909302,1.6744118928909302,1.6744118928909302,1.672717809677124,0.0998026579618454,0.18262648582458496,0.028398314490914345,1.0,0.6234171390533447,0.6337125301361084,0.6603483557701111,0.0,,,,,,,,,,,,,,,12.0,0.0,0.0,0.0,0.0,0.0,0.0,,,,,,,,,,,,,,,,,,,,,,0.001
19,6240,train,20.15340805053711,16.783872604370117,16.781639099121094,0.0,0.023842964321374893,0.023842964321374893,0.0,0.007374885957688093,4.5000000682193786e-05,0.02250000089406967,0.0044999998062849045,0.02250000089406967,0.00044999999227002263,0.00044999999227002263,0.44999998807907104,0.00017092264897655696,0.16573259234428406,0.0,0.0,0.0,0.0,0.0,0.0,0.0,0.0,0.466603547334671,0.466603547334671,1.0,0.466603547334671,0.466603547334671,0.466603547334671,0.0,-0.0040083881467580795,0.08269041776657104,1.0,0.00017092264897655696,1.0,0.0,0.0,0.00017092264897655696,0.0,0.0,0.16573259234428406,0.0,0.465732604265213,0.0,0.4657326638698578,0.4657326638698578,0.6907966732978821,0.0,0.0,0.0,0.0,0.0,0.0,0.0,0.0,1.0,0.0,-6.0881873650942e-05,0.4370301365852356,0.05839316174387932,0.9616109728813171,0.0,16.781639099121094,16.783872604370117,16.783872604370117,0.209036722779274,-0.134256973862648,4.89216611665455e-10,0.0,0.0,4.8931427001953125,4.8931427001953125,1.6731021404266357,1.6731021404266357,1.0002927780151367,0.0,0.0,0.0,0.0,0.465732604265213,0.0,0.4657326638698578,0.4657326638698578,0.6907966732978821,0.0,1.6731021404266357,1.6731021404266357,1.6731021404266357,1.6689547300338745,0.08269041776657104,0.18232759833335876,0.028251536190509796,1.0,0.6572247743606567,0.6766595840454102,0.6637749075889587,0.0,,,,,,,,,,,,,,,12.0,0.0,0.0,0.0,0.0,0.0,0.0,,,,,,,,,,,,,,,,,,,,,,0.001
19,6260,train,18.501216888427734,15.406136512756348,15.409419059753418,0.0,0.024397164583206177,0.024397164583206177,0.0,0.007416569162160158,4.5000000682193786e-05,0.02250000089406967,0.0044999998062849045,0.02250000089406967,0.00044999999227002263,0.00044999999227002263,0.44999998807907104,9.830819180933759e-05,0.16563937067985535,0.0,0.0,0.0,0.0,0.0,0.0,0.0,0.0,0.4656575918197632,0.4656575918197632,1.0,0.4656575918197632,0.4656575918197632,0.4656575918197632,0.0,-0.005517499055713415,0.0913059189915657,1.0,9.830819180933759e-05,1.0,0.0,0.0,9.830819180933759e-05,0.0,0.0,0.16563937067985535,0.0,0.4656393826007843,0.0,0.46563953161239624,0.46563953161239624,0.6907843351364136,0.0,0.0,0.0,0.0,0.0,0.0,0.0,0.0,1.0,0.0,-0.00030724069802090526,0.435636043548584,0.05778485909104347,0.9610597491264343,0.0,15.409419059753418,15.406136512756348,15.406136512756348,0.19441567361354828,-0.1164286807179451,-4.4855691383460794e-10,0.0,0.0,4.716498374938965,4.716498374938965,1.6722882986068726,1.6722882986068726,0.8980280160903931,0.0,0.0,0.0,0.0,0.4656393826007843,0.0,0.46563953161239624,0.46563953161239624,0.6907843351364136,0.0,1.6722882986068726,1.6722882986068726,1.6722882986068726,1.6708874702453613,0.0913059189915657,0.1827259510755539,0.02875535748898983,1.0,0.6433553695678711,0.6369008421897888,0.682158350944519,0.0,,,,,,,,,,,,,,,12.0,0.0,0.0,0.0,0.0,0.0,0.0,,,,,,,,,,,,,,,,,,,,,,0.001
19,6280,train,20.017894744873047,16.671510696411133,16.666242599487305,0.0,0.023017803207039833,0.023017803207039833,0.0,0.007651687134057283,4.5000000682193786e-05,0.02250000089406967,0.0044999998062849045,0.02250000089406967,0.00044999999227002263,0.00044999999227002263,0.44999998807907104,0.00022379361325874925,0.16406264901161194,0.0,0.0,0.0,0.0,0.0,0.0,0.0,0.0,0.46457719802856445,0.46457719802856445,1.0,0.46457719802856445,0.46457716822624207,0.46457716822624207,0.0,-0.0065038870088756084,0.10559393465518951,1.0,0.00022379361325874925,1.0,0.0,0.0,0.00022379361325874925,0.0,0.0,0.16406264901161194,0.0,0.4640626609325409,0.0,0.46406251192092896,0.46406251192092896,0.690561830997467,0.0,0.0,0.0,0.0,0.0,0.0,0.0,0.0,1.0,0.0,0.0013145632110536098,0.4322848618030548,0.058661285787820816,0.959540069103241,0.0,16.666242599487305,16.671510696411133,16.671510696411133,0.2146865278482437,-0.14888884127140045,-3.1160998781309956e-10,0.0,0.0,4.4850358963012695,4.4850358963012695,1.668058156967163,1.668058156967163,0.9020472168922424,0.0,0.0,0.0,0.0,0.4640626609325409,0.0,0.46406248211860657,0.46406248211860657,0.690561830997467,0.0,1.668058156967163,1.668058156967163,1.668058156967163,1.6692774295806885,0.10559393465518951,0.18275287747383118,0.02835768647491932,1.0,0.6104097366333008,0.5767437815666199,0.6583527326583862,0.0,,,,,,,,,,,,,,,12.0,0.0,0.0,0.0,0.0,0.0,0.0,,,,,,,,,,,,,,,,,,,,,,0.001
19,6300,train,19.28302574157715,16.05848503112793,16.05695343017578,0.0,0.02458617463707924,0.02458617463707924,0.0,0.007773853372782469,4.5000000682193786e-05,0.02250000089406967,0.0044999998062849045,0.02250000089406967,0.00044999999227002263,0.00044999999227002263,0.44999998807907104,0.00014944924623705447,0.1642267107963562,0.0,0.0,0.0,0.0,0.0,0.0,0.0,0.0,0.4637506604194641,0.4637506604194641,1.0,0.4637506604194641,0.4637506604194641,0.4637506604194641,0.0,-0.006331137381494045,0.09234302490949631,1.0,0.00014944924623705447,1.0,0.0,0.0,0.00014944924623705447,0.0,0.0,0.1642267107963562,0.0,0.46422672271728516,0.0,0.46422669291496277,0.46422669291496277,0.6905855536460876,0.0,0.0,0.0,0.0,0.0,0.0,0.0,0.0,1.0,0.0,-0.0005838891956955194,0.43231847882270813,0.0587499625980854,0.9582844376564026,0.0,16.05695343017578,16.05848503112793,16.05848503112793,0.1863265037536621,-0.11785692721605301,1.0149726614727683e-09,0.0,0.0,4.630592346191406,4.6305928230285645,1.6733757257461548,1.6733757257461548,0.8812708258628845,0.0,0.0,0.0,0.0,0.46422672271728516,0.0,0.46422669291496277,0.46422669291496277,0.6905855536460876,0.0,1.6733757257461548,1.6733756065368652,1.6733757257461548,1.6692276000976562,0.09234302490949631,0.1828061044216156,0.028311677277088165,1.0,0.6133410930633545,0.6253702640533447,0.6498334407806396,0.0,,,,,,,,,,,,,,,12.0,0.0,0.0,0.0,0.0,0.0,0.0,,,,,,,,,,,,,,,,,,,,,,0.001
19,6320,train,20.34200096130371,16.941402435302734,16.937522888183594,0.0,0.022643228992819786,0.022643228992819786,0.0,0.0078285438939929,4.5000000682193786e-05,0.02250000089406967,0.0044999998062849045,0.02250000089406967,0.00044999999227002263,0.00044999999227002263,0.44999998807907104,0.00028199295047670603,0.16355746984481812,0.0,0.0,0.0,0.0,0.0,0.0,0.0,0.0,0.4633740484714508,0.4633740484714508,1.0,0.4633740484714508,0.4633740186691284,0.4633740186691284,0.0,-0.005242230836302042,0.09810188412666321,1.0,0.00028199295047670603,1.0,0.0,0.0,0.00028199295047670603,0.0,0.0,0.16355746984481812,0.0,0.46355748176574707,0.0,0.46355757117271423,0.46355757117271423,0.690488874912262,0.0,0.0,0.0,0.0,0.0,0.0,0.0,0.0,1.0,0.0,-0.0005872807814739645,0.4326038360595703,0.05876432731747627,0.9578036069869995,0.0,16.937522888183594,16.941402435302734,16.941402435302734,0.18424318730831146,-0.114939846098423,-1.1739953453826502e-10,0.0,0.0,4.404166221618652,4.404166221618652,1.6698825359344482,1.6698825359344482,0.8107115030288696,0.0,0.0,0.0,0.0,0.46355748176574707,0.0,0.46355757117271423,0.46355757117271423,0.690488874912262,0.0,1.6698825359344482,1.6698824167251587,1.6698825359344482,1.671340823173523,0.09810188412666321,0.18472278118133545,0.02884838543832302,1.0,0.5666574239730835,0.6267678737640381,0.6543546915054321,0.0,,,,,,,,,,,,,,,12.0,0.0,0.0,0.0,0.0,0.0,0.0,,,,,,,,,,,,,,,,,,,,,,0.001
19,6340,train,19.36935806274414,16.12991714477539,16.131803512573242,0.0,0.023636285215616226,0.023636285215616226,0.0,0.00790556613355875,4.5000000682193786e-05,0.02250000089406967,0.0044999998062849045,0.02250000089406967,0.00044999999227002263,0.00044999999227002263,0.44999998807907104,0.00016451432020403445,0.16313964128494263,0.0,0.0,0.0,0.0,0.0,0.0,0.0,0.0,0.46205639839172363,0.46205639839172363,1.0,0.46205639839172363,0.46205639839172363,0.46205639839172363,0.0,-0.007912538945674896,0.10198500752449036,1.0,0.00016451432020403445,1.0,0.0,0.0,0.00016451432020403445,0.0,0.0,0.16313964128494263,0.0,0.4631396532058716,0.0,0.46313971281051636,0.46313971281051636,0.6904277205467224,0.0,0.0,0.0,0.0,0.0,0.0,0.0,0.0,1.0,0.0,0.0008767246035858989,0.4316762685775757,0.05881579592823982,0.9573553204536438,0.0,16.131803512573242,16.12991714477539,16.12991714477539,0.19354301691055298,-0.11334405839443207,-3.034398010637318e-10,0.0,0.0,4.8460588455200195,4.8460588455200195,1.6718003749847412,1.6718003749847412,0.8962180018424988,0.0,0.0,0.0,0.0,0.4631396532058716,0.0,0.46313971281051636,0.46313971281051636,0.6904277205467224,0.0,1.6718003749847412,1.671800136566162,1.6718003749847412,1.6698702573776245,0.10198500752449036,0.1840502768754959,0.028267445042729378,1.0,0.7229220271110535,0.7173038721084595,0.683316171169281,0.0,,,,,,,,,,,,,,,12.0,0.0,0.0,0.0,0.0,0.0,0.0,,,,,,,,,,,,,,,,,,,,,,0.001
19,6346,train_epoch,19.504563474369622,16.24285404410905,16.24268683701932,0.0,0.023389101039595947,0.023389101039595947,0.0,0.007402480087761661,4.5000000682193786e-05,0.02250000089406967,0.0044999998062849045,0.02250000089406967,0.00044999999227002263,0.00044999999227002263,0.44999998807907104,0.0001975633409409296,0.16833009147001599,0.0,0.0,0.0,0.0,0.0,0.0,0.0,0.0,0.4655562883722568,0.4655562883722568,1.0,0.4655562883722568,0.4655562887291708,0.4655562887291708,0.0,-0.0053224397466300494,0.08689399788568834,1.0,0.0001975633409409296,1.0,0.0,0.0,0.0001975633409409296,0.0,0.0,0.16833009147001599,0.0,0.4683301053539722,0.0,0.4683300873298131,0.4683300873298131,0.6911121692486152,0.0,0.0,0.0,0.0,0.0,0.0,0.0,0.0,1.0,0.0,-2.3161133263854793e-05,0.4348202972355003,0.05837620950922995,0.96070258792289,0.0,16.24268683701932,16.24285404410905,16.24285404410905,0.19033254214568052,-0.1002628743191233,7.3272275278478e-12,0.0,0.0,4.616997270527,4.616997284803562,1.6705115244774047,1.6705115244774047,0.827966201626612,0.0,0.0,0.0,0.0,0.46833010339094494,0.0,0.4683300767116204,0.4683300767116204,0.6911121692486152,0.0,1.670511483075376,1.6705114791493216,1.6705115244774047,1.6704191347796047,0.08689399788568834,0.18319941428071723,0.028389629110426248,1.0,0.6530744979481498,0.6531077068365977,0.6530292630195618,0.0,,,,,,,,,,,,,,,12.0,0.0,0.0,0.0,0.0,0.0,0.0,,,,,,,,,,,,,,,,,,,,,,0.001
19,6346,val,,,,,,,,,,,,,,,,,,,,,,,,,,,,,,,,,,,,,,,,,,,,,,,,,,,,,,,,,,,,,,,,,,,,,,,,,,,,,,,,,,,,,,,,,,,,,,,,,,,,,,,,,,,,,,,,,,,,,,,,,16.206167221069336,684.6686401367188,26.166173586077097,0.11712043732404709,0.06916026771068573,14.770235061645508,23.735512902693007,0.10514204949140549,0.0630994513630867,16.049476623535156,25.99864193230521,0.11366328597068787,0.06850141286849976,18.44423484802246,29.6098068487637,0.13315363228321075,0.07858124375343323,16.206167221069336,26.166173586077097,0.11712043732404709,0.06916026771068573,0.001
19,6346,test_select,,,,,,,,,,,,,,,,,,,,,,,,,,,,,,,,,,,,,,,,,,,,,,,,,,,,,,,,,,,,,,,,,,,,,,,,,,,,,,,,,,,,,,,,,,,,,,,,,,,,,,,,,,,,,,,,,,,,,,,,,21.24011993408203,1157.24755859375,34.018341502691605,0.1251993328332901,0.08627159148454666,17.40302848815918,27.453004944245176,0.10251978784799576,0.07064617425203323,21.01510238647461,33.32450241095132,0.12260734289884567,0.08534947782754898,27.396961212158203,42.72596038042548,0.15865273773670197,0.11138394474983215,21.24011993408203,34.018341502691605,0.1251993328332901,0.08627159148454666,0.001
20,6360,train,18.31431007385254,15.24979019165039,15.249955177307129,0.0,0.02388104610145092,0.02388104610145092,0.0,0.00806195568293333,4.999999873689376e-05,0.02500000037252903,0.004999999888241291,0.02500000037252903,0.0005000000237487257,0.0005000000237487257,0.5,0.00020416536426637322,0.16377952694892883,0.0,0.0,0.0,0.0,0.0,0.0,0.0,0.0,0.46162015199661255,0.46162015199661255,1.0,0.46162015199661255,0.46162018179893494,0.46162018179893494,0.0,-0.004882468841969967,0.08957068622112274,1.0,0.00020416536426637322,1.0,0.0,0.0,0.00020416536426637322,0.0,0.0,0.16377952694892883,0.0,0.4637795388698578,0.0,0.46377962827682495,0.46377962827682495,0.690521240234375,0.0,0.0,0.0,0.0,0.0,0.0,0.0,0.0,1.0,0.0,-0.0009892365196719766,0.4287651479244232,0.059413690119981766,0.9565264582633972,0.0,15.249955177307129,15.24979019165039,15.24979019165039,0.18292421102523804,-0.05443480983376503,5.801180091857816e-10,0.0,0.0,4.690465450286865,4.690465450286865,1.6696468591690063,1.6696468591690063,0.7748794555664062,0.0,0.0,0.0,0.0,0.4637795388698578,0.0,0.46377959847450256,0.46377959847450256,0.690521240234375,0.0,1.6696465015411377,1.6696467399597168,1.6696468591690063,1.6688686609268188,0.08957068622112274,0.18454043567180634,0.028581805527210236,1.0,0.7157177925109863,0.6856554746627808,0.7056796550750732,0.0,,,,,,,,,,,,,,,12.0,0.0,0.0,0.0,0.0,0.0,0.0,,,,,,,,,,,,,,,,,,,,,,0.001
20,6380,train,19.81936264038086,16.50406837463379,16.50404930114746,0.0,0.02227039448916912,0.02227039448916912,0.0,0.008106650784611702,4.999999873689376e-05,0.02500000037252903,0.004999999888241291,0.02500000037252903,0.0005000000237487257,0.0005000000237487257,0.5,0.00015776122745592147,0.1633581817150116,0.0,0.0,0.0,0.0,0.0,0.0,0.0,0.0,0.46152129769325256,0.46152129769325256,1.0,0.46152129769325256,0.46152129769325256,0.46152129769325256,0.0,-0.007068796083331108,0.10208512842655182,1.0,0.00015776122745592147,1.0,0.0,0.0,0.00015776122745592147,0.0,0.0,0.1633581817150116,0.0,0.46335819363594055,0.0,0.4633583426475525,0.4633583426475525,0.6904597282409668,0.0,0.0,0.0,0.0,0.0,0.0,0.0,0.0,1.0,0.0,0.0005444352864287794,0.4287669062614441,0.059490595012903214,0.9565879702568054,0.0,16.50404930114746,16.50406837463379,16.50406837463379,0.19489793479442596,-0.1011173278093338,1.7754055170460248e-10,0.0,0.0,4.548040390014648,4.548040390014648,1.6690807342529297,1.6690807342529297,0.8253801465034485,0.0,0.0,0.0,0.0,0.46335819363594055,0.0,0.4633583426475525,0.4633583426475525,0.6904597282409668,0.0,1.6690807342529297,1.6690804958343506,1.6690807342529297,1.6734163761138916,0.10208512842655182,0.18336912989616394,0.028746532276272774,1.0,0.6000872254371643,0.5831609964370728,0.5663937330245972,0.0,,,,,,,,,,,,,,,12.0,0.0,0.0,0.0,0.0,0.0,0.0,,,,,,,,,,,,,,,,,,,,,,0.001
20,6400,train,19.50253677368164,16.23977279663086,16.241374969482422,0.0,0.02281106822192669,0.02281106822192669,0.0,0.00819841306656599,4.999999873689376e-05,0.02500000037252903,0.004999999888241291,0.02500000037252903,0.0005000000237487257,0.0005000000237487257,0.5,0.00013170234160497785,0.16216197609901428,0.0,0.0,0.0,0.0,0.0,0.0,0.0,0.0,0.4612087607383728,0.4612087607383728,1.0,0.4612087607383728,0.4612087607383728,0.4612087607383728,0.0,-0.006170423701405525,0.10634370148181915,1.0,0.00013170234160497785,1.0,0.0,0.0,0.00013170234160497785,0.0,0.0,0.16216197609901428,0.0,0.46216198801994324,0.0,0.4621618986129761,0.4621618986129761,0.6902809739112854,0.0,0.0,0.0,0.0,0.0,0.0,0.0,0.0,1.0,0.0,-0.0001457225444028154,0.43047288060188293,0.059729088097810745,0.9561930298805237,0.0,16.241374969482422,16.23977279663086,16.23977279663086,0.18267683684825897,-0.07908403128385544,-4.3090433998749234e-10,0.0,0.0,4.591518878936768,4.591518878936768,1.6752104759216309,1.6752104759216309,0.7801194190979004,0.0,0.0,0.0,0.0,0.46216198801994324,0.0,0.4621618986129761,0.4621618986129761,0.6902809739112854,0.0,1.6752104759216309,1.6752104759216309,1.6752104759216309,1.6703869104385376,0.10634370148181915,0.18418321013450623,0.028775641694664955,1.0,0.6687064170837402,0.646724283695221,0.6807988882064819,0.0,,,,,,,,,,,,,,,12.0,0.0,0.0,0.0,0.0,0.0,0.0,,,,,,,,,,,,,,,,,,,,,,0.001
20,6420,train,19.020782470703125,15.838116645812988,15.840653419494629,0.0,0.025099055841565132,0.025099055841565132,0.0,0.008212131448090076,4.999999873689376e-05,0.02500000037252903,0.004999999888241291,0.02500000037252903,0.0005000000237487257,0.0005000000237487257,0.5,0.00018899026326835155,0.16142550110816956,0.0,0.0,0.0,0.0,0.0,0.0,0.0,0.0,0.4609736204147339,0.4609736204147339,1.0,0.4609736204147339,0.4609736204147339,0.4609736204147339,0.0,-0.008797208778560162,0.10997603833675385,1.0,0.00018899026326835155,1.0,0.0,0.0,0.00018899026326835155,0.0,0.0,0.16142550110816956,0.0,0.4614255130290985,0.0,0.4614253044128418,0.4614253044128418,0.6901683807373047,0.0,0.0,0.0,0.0,0.0,0.0,0.0,0.0,1.0,0.0,-0.0002447624283377081,0.428813099861145,0.06012590974569321,0.9564386010169983,0.0,15.840653419494629,15.838116645812988,15.838116645812988,0.20395499467849731,-0.11844592541456223,7.980880400992874e-10,0.0,0.0,4.498944282531738,4.498944282531738,1.6745964288711548,1.6745964288711548,0.8753702640533447,0.0,0.0,0.0,0.0,0.4614255130290985,0.0,0.4614253044128418,0.4614253044128418,0.6901683807373047,0.0,1.6745963096618652,1.6745963096618652,1.6745964288711548,1.674755334854126,0.10997603833675385,0.18347667157649994,0.0286894291639328,1.0,0.6430325508117676,0.6453832983970642,0.642088770866394,0.0,,,,,,,,,,,,,,,12.0,0.0,0.0,0.0,0.0,0.0,0.0,,,,,,,,,,,,,,,,,,,,,,0.001
20,6440,train,20.41234016418457,16.997957229614258,16.999435424804688,0.0,0.021914705634117126,0.021914705634117126,0.0,0.008172029629349709,4.999999873689376e-05,0.02500000037252903,0.004999999888241291,0.02500000037252903,0.0005000000237487257,0.0005000000237487257,0.5,0.00024046712496783584,0.16226500272750854,0.0,0.0,0.0,0.0,0.0,0.0,0.0,0.0,0.46216943860054016,0.46216943860054016,1.0,0.46216943860054016,0.46216943860054016,0.46216943860054016,0.0,-0.004204694181680679,0.09192541241645813,1.0,0.00024046712496783584,1.0,0.0,0.0,0.00024046712496783584,0.0,0.0,0.16226500272750854,0.0,0.4622650146484375,0.0,0.4622649848461151,0.4622649848461151,0.6902964115142822,0.0,0.0,0.0,0.0,0.0,0.0,0.0,0.0,1.0,0.0,0.00021659971389453858,0.4295569956302643,0.05982586368918419,0.9569430947303772,0.0,16.999435424804688,16.997957229614258,16.997957229614258,0.187207892537117,-0.09769709408283234,-1.1877604455534652e-10,0.0,0.0,4.407289505004883,4.407289505004883,1.6715346574783325,1.6715346574783325,0.7831302285194397,0.0,0.0,0.0,0.0,0.4622650146484375,0.0,0.4622649848461151,0.4622649848461151,0.6902964115142822,0.0,1.6715346574783325,1.6715346574783325,1.6715346574783325,1.6728148460388184,0.09192541241645813,0.1835227608680725,0.02858300879597664,1.0,0.5814456939697266,0.5977511405944824,0.5859382152557373,0.0,,,,,,,,,,,,,,,12.0,0.0,0.0,0.0,0.0,0.0,0.0,,,,,,,,,,,,,,,,,,,,,,0.001
20,6460,train,20.033662796020508,16.68175506591797,16.686771392822266,0.0,0.021964097395539284,0.021964097395539284,0.0,0.008128946647047997,4.999999873689376e-05,0.02500000037252903,0.004999999888241291,0.02500000037252903,0.0005000000237487257,0.0005000000237487257,0.5,0.0002828948199748993,0.16596171259880066,0.0,0.0,0.0,0.0,0.0,0.0,0.0,0.0,0.4640180766582489,0.4640180766582489,1.0,0.4640180766582489,0.4640180766582489,0.4640180766582489,0.0,-0.003427808405831456,0.06666978448629379,1.0,0.0002828948199748993,1.0,0.0,0.0,0.0002828948199748993,0.0,0.0,0.16596171259880066,0.0,0.4659617245197296,0.0,0.4659618139266968,0.4659618139266968,0.690828263759613,0.0,0.0,0.0,0.0,0.0,0.0,0.0,0.0,1.0,0.0,-0.0005859035882167518,0.43033263087272644,0.06010157987475395,0.9582616090774536,0.0,16.686771392822266,16.68175506591797,16.68175506591797,0.2024543136358261,-0.11204018443822861,2.806738730321001e-10,0.0,0.0,4.549911975860596,4.549911975860596,1.6717010736465454,1.6717010736465454,0.8913332223892212,0.0,0.0,0.0,0.0,0.4659617245197296,0.0,0.4659618139266968,0.4659618139266968,0.690828263759613,0.0,1.6717009544372559,1.6717009544372559,1.6717010736465454,1.6760351657867432,0.06666978448629379,0.18209828436374664,0.02859915979206562,1.0,0.618720293045044,0.6719476580619812,0.6562319397926331,0.0,,,,,,,,,,,,,,,12.0,0.0,0.0,0.0,0.0,0.0,0.0,,,,,,,,,,,,,,,,,,,,,,0.001
20,6480,train,19.0565242767334,15.867964744567871,15.870007514953613,0.0,0.02197994478046894,0.02197994478046894,0.0,0.008058778010308743,4.999999873689376e-05,0.02500000037252903,0.004999999888241291,0.02500000037252903,0.0005000000237487257,0.0005000000237487257,0.5,0.00014011957682669163,0.16678619384765625,0.0,0.0,0.0,0.0,0.0,0.0,0.0,0.0,0.46420416235923767,0.46420416235923767,1.0,0.46420416235923767,0.46420416235923767,0.46420416235923767,0.0,-0.008279857225716114,0.09580820053815842,1.0,0.00014011957682669163,1.0,0.0,0.0,0.00014011957682669163,0.0,0.0,0.16678619384765625,0.0,0.4667862057685852,0.0,0.4667860269546509,0.4667860269546509,0.6909390687942505,0.0,0.0,0.0,0.0,0.0,0.0,0.0,0.0,1.0,0.0,0.0018429599003866315,0.4284716546535492,0.06003119423985481,0.959434986114502,0.0,15.870007514953613,15.867964744567871,15.867964744567871,0.17940641939640045,-0.07152656465768814,7.254108425058803e-10,0.0,0.0,4.611526966094971,4.611526966094971,1.6805118322372437,1.6805118322372437,0.7614530920982361,0.0,0.0,0.0,0.0,0.4667862057685852,0.0,0.4667860269546509,0.4667860269546509,0.6909390687942505,0.0,1.6805118322372437,1.6805118322372437,1.6805118322372437,1.6774040460586548,0.09580820053815842,0.1814001053571701,0.028459591791033745,1.0,0.6029379367828369,0.6155855655670166,0.6628859043121338,0.0,,,,,,,,,,,,,,,12.0,0.0,0.0,0.0,0.0,0.0,0.0,,,,,,,,,,,,,,,,,,,,,,0.001
20,6500,train,18.452919006347656,15.365035057067871,15.366499900817871,0.0,0.02114216424524784,0.02114216424524784,0.0,0.008065151050686836,4.999999873689376e-05,0.02500000037252903,0.004999999888241291,0.02500000037252903,0.0005000000237487257,0.0005000000237487257,0.5,0.0001909957209136337,0.16686278581619263,0.0,0.0,0.0,0.0,0.0,0.0,0.0,0.0,0.4657042622566223,0.4657042622566223,1.0,0.4657042622566223,0.4657042622566223,0.4657042622566223,0.0,-0.00506205391138792,0.09478785842657089,1.0,0.0001909957209136337,1.0,0.0,0.0,0.0001909957209136337,0.0,0.0,0.16686278581619263,0.0,0.4668627977371216,0.0,0.46686291694641113,0.46686291694641113,0.6909492611885071,0.0,0.0,0.0,0.0,0.0,0.0,0.0,0.0,1.0,0.0,-7.380651368293911e-05,0.42940574884414673,0.06032023951411247,0.9601817727088928,0.0,15.366499900817871,15.365035057067871,15.365035057067871,0.19949117302894592,-0.11569663882255554,-9.19105850455404e-12,0.0,0.0,4.585328578948975,4.585328578948975,1.6820659637451172,1.6820659637451172,0.8649412393569946,0.0,0.0,0.0,0.0,0.4668627977371216,0.0,0.46686291694641113,0.46686291694641113,0.6909492611885071,0.0,1.682065725326538,1.682065725326538,1.6820659637451172,1.6802151203155518,0.09478785842657089,0.18023717403411865,0.028832538053393364,1.0,0.5881869792938232,0.6218439340591431,0.6225758790969849,0.0,,,,,,,,,,,,,,,12.0,0.0,0.0,0.0,0.0,0.0,0.0,,,,,,,,,,,,,,,,,,,,,,0.001
20,6520,train,18.11699676513672,15.085294723510742,15.085838317871094,0.0,0.02082635462284088,0.02082635462284088,0.0,0.008172518573701382,4.999999873689376e-05,0.02500000037252903,0.004999999888241291,0.02500000037252903,0.0005000000237487257,0.0005000000237487257,0.5,0.00026941063697449863,0.16398665308952332,0.0,0.0,0.0,0.0,0.0,0.0,0.0,0.0,0.4644278883934021,0.4644278883934021,1.0,0.4644278883934021,0.4644278883934021,0.4644278883934021,0.0,-0.006307288073003292,0.11686772853136063,1.0,0.00026941063697449863,1.0,0.0,0.0,0.00026941063697449863,0.0,0.0,0.16398665308952332,0.0,0.46398666501045227,0.0,0.4639868140220642,0.4639868140220642,0.6905511617660522,0.0,0.0,0.0,0.0,0.0,0.0,0.0,0.0,1.0,0.0,0.00029879019712097943,0.4299415349960327,0.060640644282102585,0.9595962166786194,0.0,15.085838317871094,15.085294723510742,15.085294723510742,0.18247193098068237,-0.0863681510090828,-1.9391668826251873e-10,0.0,0.0,4.508833885192871,4.508833885192871,1.6774699687957764,1.6774699687957764,0.7832638025283813,0.0,0.0,0.0,0.0,0.46398666501045227,0.0,0.4639867842197418,0.4639867842197418,0.6905511617660522,0.0,1.6774699687957764,1.6774699687957764,1.6774699687957764,1.679836392402649,0.11686772853136063,0.1808931827545166,0.028534920886158943,1.0,0.6258216500282288,0.62587970495224,0.5927820205688477,0.0,,,,,,,,,,,,,,,12.0,0.0,0.0,0.0,0.0,0.0,0.0,,,,,,,,,,,,,,,,,,,,,,0.001
20,6540,train,20.281627655029297,16.88934898376465,16.88877296447754,0.0,0.020726999267935753,0.020726999267935753,0.0,0.008241227827966213,4.999999873689376e-05,0.02500000037252903,0.004999999888241291,0.02500000037252903,0.0005000000237487257,0.0005000000237487257,0.5,0.0002109307679347694,0.1630396842956543,0.0,0.0,0.0,0.0,0.0,0.0,0.0,0.0,0.4641333818435669,0.4641333818435669,1.0,0.4641333818435669,0.4641333818435669,0.4641333818435669,0.0,-0.006942323874682188,0.10634849965572357,1.0,0.0002109307679347694,1.0,0.0,0.0,0.0002109307679347694,0.0,0.0,0.1630396842956543,0.0,0.46303972601890564,0.0,0.4630398750305176,0.4630398750305176,0.6904125809669495,0.0,0.0,0.0,0.0,0.0,0.0,0.0,0.0,1.0,0.0,0.0006408049957826734,0.4264441728591919,0.06063403934240341,0.9593552947044373,0.0,16.88877296447754,16.88934898376465,16.88934898376465,0.22389139235019684,-0.12371736764907837,-2.4370064299894523e-10,0.0,0.0,4.462662220001221,4.462662220001221,1.6848886013031006,1.6848886013031006,0.9519340991973877,0.0,0.0,0.0,0.0,0.46303969621658325,0.0,0.4630398750305176,0.4630398750305176,0.6904125809669495,0.0,1.6848886013031006,1.6848886013031006,1.6848886013031006,1.686363697052002,0.10634849965572357,0.18000920116901398,0.028997719287872314,1.0,0.6745532751083374,0.6292970180511475,0.6221686601638794,0.0,,,,,,,,,,,,,,,12.0,0.0,0.0,0.0,0.0,0.0,0.0,,,,,,,,,,,,,,,,,,,,,,0.001
20,6560,train,19.797643661499023,16.48628044128418,16.484098434448242,0.0,0.023083949461579323,0.023083949461579323,0.0,0.008320954628288746,4.999999873689376e-05,0.02500000037252903,0.004999999888241291,0.02500000037252903,0.0005000000237487257,0.0005000000237487257,0.5,0.00018389914475847036,0.16124248504638672,0.0,0.0,0.0,0.0,0.0,0.0,0.0,0.0,0.4629042446613312,0.4629042446613312,1.0,0.4629042446613312,0.4629042446613312,0.4629042446613312,0.0,-0.007405748125165701,0.11597014218568802,1.0,0.00018389914475847036,1.0,0.0,0.0,0.00018389914475847036,0.0,0.0,0.16124248504638672,0.0,0.4612424969673157,0.0,0.4612423777580261,0.4612423777580261,0.690139889717102,0.0,0.0,0.0,0.0,0.0,0.0,0.0,0.0,1.0,0.0,0.00012210158456582576,0.42505592107772827,0.060707371681928635,0.9584385752677917,0.0,16.484098434448242,16.48628044128418,16.48628044128418,0.1935717910528183,-0.11081796884536743,-5.688207127541034e-10,0.0,0.0,4.928829669952393,4.928829669952393,1.6831884384155273,1.6831884384155273,0.9327291250228882,0.0,0.0,0.0,0.0,0.4612424969673157,0.0,0.4612423777580261,0.4612423777580261,0.690139889717102,0.0,1.6831884384155273,1.6831880807876587,1.6831884384155273,1.6818379163742065,0.11597014218568802,0.1820589303970337,0.028991907835006714,1.0,0.6449486613273621,0.6612710952758789,0.6495718955993652,0.0,,,,,,,,,,,,,,,12.0,0.0,0.0,0.0,0.0,0.0,0.0,,,,,,,,,,,,,,,,,,,,,,0.001
20,6580,train,19.20366859436035,15.990826606750488,15.991561889648438,0.0,0.02065500058233738,0.02065500058233738,0.0,0.008214915171265602,4.999999873689376e-05,0.02500000037252903,0.004999999888241291,0.02500000037252903,0.0005000000237487257,0.0005000000237487257,0.5,0.00034072279231622815,0.16295719146728516,0.0,0.0,0.0,0.0,0.0,0.0,0.0,0.0,0.4643787145614624,0.4643787145614624,1.0,0.4643787145614624,0.4643787145614624,0.4643787145614624,0.0,-0.004679539240896702,0.08890683203935623,1.0,0.00034072279231622815,1.0,0.0,0.0,0.00034072279231622815,0.0,0.0,0.16295719146728516,0.0,0.4629572033882141,0.0,0.46295711398124695,0.46295711398124695,0.6904004216194153,0.0,0.0,0.0,0.0,0.0,0.0,0.0,0.0,1.0,0.0,0.0006341107073239982,0.4276851415634155,0.060343217104673386,0.9589629173278809,0.0,15.991561889648438,15.990826606750488,15.990826606750488,0.182773619890213,-0.1040044054389,2.3133604754033144e-10,0.0,0.0,4.468885898590088,4.468885898590088,1.6834546327590942,1.6834546327590942,0.805102527141571,0.0,0.0,0.0,0.0,0.4629572033882141,0.0,0.46295711398124695,0.46295711398124695,0.6904004216194153,0.0,1.6834545135498047,1.6834545135498047,1.6834546327590942,1.683125615119934,0.08890683203935623,0.18306003510951996,0.02918366901576519,1.0,0.652808666229248,0.6540166139602661,0.6550377011299133,0.0,,,,,,,,,,,,,,,12.0,0.0,0.0,0.0,0.0,0.0,0.0,,,,,,,,,,,,,,,,,,,,,,0.001
20,6600,train,18.039569854736328,15.021299362182617,15.018684387207031,0.0,0.019985370337963104,0.019985370337963104,0.0,0.008235221728682518,4.999999873689376e-05,0.02500000037252903,0.004999999888241291,0.02500000037252903,0.0005000000237487257,0.0005000000237487257,0.5,0.00017079172539524734,0.1644461452960968,0.0,0.0,0.0,0.0,0.0,0.0,0.0,0.0,0.46508705615997314,0.46508705615997314,1.0,0.46508705615997314,0.46508705615997314,0.46508705615997314,0.0,-0.005080326925963163,0.08870833367109299,1.0,0.00017079172539524734,1.0,0.0,0.0,0.00017079172539524734,0.0,0.0,0.1644461452960968,0.0,0.46444615721702576,0.0,0.46444615721702576,0.46444615721702576,0.69061678647995,0.0,0.0,0.0,0.0,0.0,0.0,0.0,0.0,1.0,0.0,-0.00044921718654222786,0.4276844263076782,0.060530513525009155,0.9593969583511353,0.0,15.018684387207031,15.021299362182617,15.021299362182617,0.1713794320821762,-0.07274595648050308,-2.497712314752931e-10,0.0,0.0,4.549064636230469,4.549064636230469,1.6785163879394531,1.6785163879394531,0.717589795589447,0.0,0.0,0.0,0.0,0.46444615721702576,0.0,0.46444615721702576,0.46444615721702576,0.69061678647995,0.0,1.6785163879394531,1.6785163879394531,1.6785163879394531,1.6825838088989258,0.08870833367109299,0.1814446598291397,0.028899753466248512,1.0,0.6129060983657837,0.6662495136260986,0.6652125120162964,0.0,,,,,,,,,,,,,,,12.0,0.0,0.0,0.0,0.0,0.0,0.0,,,,,,,,,,,,,,,,,,,,,,0.001
20,6620,train,19.436887741088867,16.18567657470703,16.18341636657715,0.0,0.0190519317984581,0.0190519317984581,0.0,0.00815401691943407,4.999999873689376e-05,0.02500000037252903,0.004999999888241291,0.02500000037252903,0.0005000000237487257,0.0005000000237487257,0.5,0.0001391931582475081,0.1649945080280304,0.0,0.0,0.0,0.0,0.0,0.0,0.0,0.0,0.4655900001525879,0.4655900001525879,1.0,0.4655900001525879,0.4655900299549103,0.4655900299549103,0.0,-0.005973102990537882,0.0960899218916893,1.0,0.0001391931582475081,1.0,0.0,0.0,0.0001391931582475081,0.0,0.0,0.1649945080280304,0.0,0.46499451994895935,0.0,0.4649946093559265,0.4649946093559265,0.6906946897506714,0.0,0.0,0.0,0.0,0.0,0.0,0.0,0.0,1.0,0.0,0.00013728218618780375,0.4271987974643707,0.06065232306718826,0.9605777859687805,0.0,16.18341636657715,16.18567657470703,16.18567657470703,0.18673305213451385,-0.0858786553144455,-1.300869550968642e-10,0.0,0.0,4.587583541870117,4.587583541870117,1.6840990781784058,1.6840990781784058,0.8213644623756409,0.0,0.0,0.0,0.0,0.46499451994895935,0.0,0.4649946093559265,0.4649946093559265,0.6906946897506714,0.0,1.6840990781784058,1.6840989589691162,1.6840990781784058,1.677242398262024,0.0960899218916893,0.1808166801929474,0.028486056253314018,1.0,0.6466073989868164,0.7135145664215088,0.6881083846092224,0.0,,,,,,,,,,,,,,,12.0,0.0,0.0,0.0,0.0,0.0,0.0,,,,,,,,,,,,,,,,,,,,,,0.001
20,6640,train,17.140607833862305,14.271374702453613,14.27310562133789,0.0,0.021318810060620308,0.021318810060620308,0.0,0.008123687468469143,4.999999873689376e-05,0.02500000037252903,0.004999999888241291,0.02500000037252903,0.0005000000237487257,0.0005000000237487257,0.5,0.0001628055761102587,0.16501447558403015,0.0,0.0,0.0,0.0,0.0,0.0,0.0,0.0,0.4666430652141571,0.4666430652141571,1.0,0.4666430652141571,0.4666430652141571,0.4666430652141571,0.0,-0.005836185999214649,0.09995292872190475,1.0,0.0001628055761102587,1.0,0.0,0.0,0.0001628055761102587,0.0,0.0,0.16501447558403015,0.0,0.4650144875049591,0.0,0.4650144577026367,0.4650144577026367,0.6906969547271729,0.0,0.0,0.0,0.0,0.0,0.0,0.0,0.0,1.0,0.0,-7.206729151221225e-06,0.42695242166519165,0.060665667057037354,0.9613388180732727,0.0,14.27310562133789,14.271374702453613,14.271374702453613,0.19125106930732727,-0.11578167229890823,-9.069033501604706e-13,0.0,0.0,4.787791728973389,4.787791728973389,1.6837568283081055,1.6837568283081055,0.8574574589729309,0.0,0.0,0.0,0.0,0.4650144875049591,0.0,0.4650144577026367,0.4650144577026367,0.6906969547271729,0.0,1.6837568283081055,1.6837568283081055,1.6837568283081055,1.6908878087997437,0.09995292872190475,0.17934708297252655,0.02859816886484623,1.0,0.6405614614486694,0.6177924275398254,0.6376025080680847,0.0,,,,,,,,,,,,,,,12.0,0.0,0.0,0.0,0.0,0.0,0.0,,,,,,,,,,,,,,,,,,,,,,0.001
20,6660,train,17.305028915405273,14.408913612365723,14.407356262207031,0.0,0.022212855517864227,0.022212855517864227,0.0,0.008160479366779327,4.999999873689376e-05,0.02500000037252903,0.004999999888241291,0.02500000037252903,0.0005000000237487257,0.0005000000237487257,0.5,0.0002469910541549325,0.16327714920043945,0.0,0.0,0.0,0.0,0.0,0.0,0.0,0.0,0.46689268946647644,0.46689268946647644,1.0,0.46689268946647644,0.46689268946647644,0.46689268946647644,0.0,-0.007305398117750883,0.11507660895586014,1.0,0.0002469910541549325,1.0,0.0,0.0,0.0002469910541549325,0.0,0.0,0.16327714920043945,0.0,0.4632771611213684,0.0,0.46327728033065796,0.46327728033065796,0.6904475688934326,0.0,0.0,0.0,0.0,0.0,0.0,0.0,0.0,1.0,0.0,-6.84250335325487e-05,0.42695340514183044,0.060612160712480545,0.9612608551979065,0.0,14.407356262207031,14.408913612365723,14.408913612365723,0.1917928159236908,-0.11696959286928177,-1.9115309335404618e-10,0.0,0.0,4.556547164916992,4.556547164916992,1.6897238492965698,1.6897238492965698,0.8243772983551025,0.0,0.0,0.0,0.0,0.4632771611213684,0.0,0.46327728033065796,0.46327728033065796,0.6904475688934326,0.0,1.6897238492965698,1.6897237300872803,1.6897238492965698,1.6895612478256226,0.11507660895586014,0.17960728704929352,0.028416303917765617,1.0,0.742729663848877,0.6901966333389282,0.6967333555221558,0.0,,,,,,,,,,,,,,,12.0,0.0,0.0,0.0,0.0,0.0,0.0,,,,,,,,,,,,,,,,,,,,,,0.001
20,6680,train,19.17852020263672,15.969941139221191,15.970196723937988,0.0,0.01973126269876957,0.01973126269876957,0.0,0.00824990589171648,4.999999873689376e-05,0.02500000037252903,0.004999999888241291,0.02500000037252903,0.0005000000237487257,0.0005000000237487257,0.5,0.00017697515431791544,0.16270345449447632,0.0,0.0,0.0,0.0,0.0,0.0,0.0,0.0,0.4654651880264282,0.4654651880264282,1.0,0.4654651880264282,0.46546515822410583,0.46546515822410583,0.0,-0.007113755214959383,0.10867808014154434,1.0,0.00017697515431791544,1.0,0.0,0.0,0.00017697515431791544,0.0,0.0,0.16270345449447632,0.0,0.4627034664154053,0.0,0.4627033472061157,0.4627033472061157,0.690362811088562,0.0,0.0,0.0,0.0,0.0,0.0,0.0,0.0,1.0,0.0,0.0001912739680847153,0.42765167355537415,0.060730744153261185,0.960664689540863,0.0,15.970196723937988,15.969941139221191,15.969941139221191,0.19028089940547943,-0.09583491086959839,4.3573006314190366e-10,0.0,0.0,4.541982173919678,4.5419816970825195,1.6905553340911865,1.6905553340911865,0.7998808026313782,0.0,0.0,0.0,0.0,0.4627034664154053,0.0,0.4627033472061157,0.4627033472061157,0.690362811088562,0.0,1.6905553340911865,1.6905553340911865,1.6905553340911865,1.6861547231674194,0.10867808014154434,0.18205583095550537,0.028647271916270256,1.0,0.5909728407859802,0.6186422109603882,0.6473878622055054,0.0,,,,,,,,,,,,,,,12.0,0.0,0.0,0.0,0.0,0.0,0.0,,,,,,,,,,,,,,,,,,,,,,0.001
20,6680,train_epoch,19.408624888894085,16.16174493435614,16.161665062704486,0.0,0.02176613124187835,0.02176613124187835,0.0,0.008161671576787254,4.999999873689376e-05,0.02500000037252903,0.004999999888241291,0.02500000037252903,0.0005000000237487257,0.0005000000237487257,0.5,0.00019393452001571052,0.16384679926726634,0.0,0.0,0.0,0.0,0.0,0.0,0.0,0.0,0.4640279033048424,0.4640279033048424,1.0,0.4640279033048424,0.4640279051786411,0.4640279051786411,0.0,-0.005970965870823377,0.09888058207081464,1.0,0.00019393452001571052,1.0,0.0,0.0,0.00019393452001571052,0.0,0.0,0.16384679926726634,0.0,0.4638468115451093,0.0,0.463846786650355,0.463846786650355,0.6905252847842828,0.0,0.0,0.0,0.0,0.0,0.0,0.0,0.0,1.0,0.0,2.6640639921669808e-05,0.42875322592472603,0.06024901014557499,0.9587819465620075,0.0,16.161665062704486,16.16174493435614,16.16174493435614,0.19682685731949207,-0.10440038087705296,-3.1614690252630796e-11,0.0,0.0,4.585794547360814,4.585794543077846,1.6790496560627828,1.6790496560627828,0.8613695439821232,0.0,0.0,0.0,0.0,0.46384681118819526,0.0,0.4638467749614202,0.4638467749614202,0.6905252847842828,0.0,1.6790496085932154,1.6790495985996223,1.6790496560627828,1.6790254658567692,0.09888058207081464,0.1818629943146677,0.02866449335333473,1.0,0.6484908138563533,0.6490916056547337,0.6494065615945234,0.0,,,,,,,,,,,,,,,12.0,0.0,0.0,0.0,0.0,0.0,0.0,,,,,,,,,,,,,,,,,,,,,,0.001
20,6680,val,,,,,,,,,,,,,,,,,,,,,,,,,,,,,,,,,,,,,,,,,,,,,,,,,,,,,,,,,,,,,,,,,,,,,,,,,,,,,,,,,,,,,,,,,,,,,,,,,,,,,,,,,,,,,,,,,,,,,,,,,15.89203929901123,660.40087890625,25.698266068088135,0.11035472899675369,0.06781972199678421,14.482118606567383,23.369011912647004,0.09875135868787766,0.061868589371442795,15.896241188049316,25.752507652471923,0.10872264206409454,0.06784738600254059,17.996702194213867,28.928878389644016,0.13014161586761475,0.07667454332113266,15.89203929901123,25.698266068088135,0.11035472899675369,0.06781972199678421,0.001
20,6680,test_select,,,,,,,,,,,,,,,,,,,,,,,,,,,,,,,,,,,,,,,,,,,,,,,,,,,,,,,,,,,,,,,,,,,,,,,,,,,,,,,,,,,,,,,,,,,,,,,,,,,,,,,,,,,,,,,,,,,,,,,,,21.167774200439453,1145.492431640625,33.84512419301523,0.1270507276058197,0.08597773313522339,17.2659912109375,27.252184859013482,0.10778934508562088,0.07008988410234451,20.88260269165039,33.175983391957466,0.12237750738859177,0.08481135964393616,27.128564834594727,42.19452053853157,0.16478323936462402,0.11029277741909027,21.167774200439453,33.84512419301523,0.1270507276058197,0.08597773313522339,0.001
21,6700,train,20.254396438598633,16.8648738861084,16.86758041381836,0.0,0.022607730701565742,0.022607730701565742,0.0,0.008475758135318756,5.500000042957254e-05,0.027499999850988388,0.005499999970197678,0.027499999850988388,0.0005499999970197678,0.0005499999970197678,0.550000011920929,0.00014063977869227529,0.15721145272254944,0.0,0.0,0.0,0.0,0.0,0.0,0.0,0.0,0.4635637402534485,0.4635637402534485,1.0,0.4635637402534485,0.4635637104511261,0.4635637104511261,0.0,-0.00879226066172123,0.14907687902450562,1.0,0.00014063977869227529,1.0,0.0,0.0,0.00014063977869227529,0.0,0.0,0.15721145272254944,0.0,0.4572114646434784,0.0,0.45721131563186646,0.45721131563186646,0.6894811987876892,0.0,0.0,0.0,0.0,0.0,0.0,0.0,0.0,1.0,0.0,-0.00018483377061784267,0.42648306488990784,0.06127101927995682,0.9593841433525085,0.0,16.86758041381836,16.8648738861084,16.8648738861084,0.21124984323978424,-0.11288371682167053,1.369476615442622e-10,0.0,0.0,4.575265884399414,4.575265884399414,1.6840605735778809,1.6840605735778809,0.9236297607421875,0.0,0.0,0.0,0.0,0.4572114646434784,0.0,0.45721128582954407,0.45721128582954407,0.6894811987876892,0.0,1.6840603351593018,1.6840605735778809,1.6840605735778809,1.6852399110794067,0.14907687902450562,0.18097400665283203,0.028626207262277603,1.0,0.650576114654541,0.656758725643158,0.6141985654830933,0.0,,,,,,,,,,,,,,,12.0,0.0,0.0,0.0,0.0,0.0,0.0,,,,,,,,,,,,,,,,,,,,,,0.001
21,6720,train,20.590681076049805,17.145296096801758,17.146703720092773,0.0,0.02482159249484539,0.02482159249484539,0.0,0.008755175396800041,5.500000042957254e-05,0.027499999850988388,0.005499999970197678,0.027499999850988388,0.0005499999970197678,0.0005499999970197678,0.550000011920929,0.00018242870282847434,0.1546587347984314,0.0,0.0,0.0,0.0,0.0,0.0,0.0,0.0,0.46288618445396423,0.46288618445396423,1.0,0.46288618445396423,0.46288618445396423,0.46288618445396423,0.0,-0.00721546309068799,0.13382001221179962,1.0,0.00018242870282847434,1.0,0.0,0.0,0.00018242870282847434,0.0,0.0,0.1546587347984314,0.0,0.45465874671936035,0.0,0.4546588361263275,0.4546588361263275,0.6890297532081604,0.0,0.0,0.0,0.0,0.0,0.0,0.0,0.0,1.0,0.0,0.000890791998244822,0.42316168546676636,0.062093425542116165,0.9577671885490417,0.0,17.146703720092773,17.145296096801758,17.145296096801758,0.21618926525115967,-0.07214980572462082,3.846046814359738e-10,0.0,0.0,4.525529861450195,4.525529861450195,1.6849340200424194,1.6849340200424194,0.8810457587242126,0.0,0.0,0.0,0.0,0.45465874671936035,0.0,0.4546588063240051,0.4546588063240051,0.6890297532081604,0.0,1.6849339008331299,1.6849340200424194,1.6849340200424194,1.6896754503250122,0.13382001221179962,0.18285658955574036,0.02852754108607769,1.0,0.7415304183959961,0.6994681358337402,0.6568347215652466,0.0,,,,,,,,,,,,,,,12.0,0.0,0.0,0.0,0.0,0.0,0.0,,,,,,,,,,,,,,,,,,,,,,0.001
21,6740,train,20.196687698364258,16.816936492919922,16.819143295288086,0.0,0.021514801308512688,0.021514801308512688,0.0,0.008951378054916859,5.500000042957254e-05,0.027499999850988388,0.005499999970197678,0.027499999850988388,0.0005499999970197678,0.0005499999970197678,0.550000011920929,0.0002356653130846098,0.15568950772285461,0.0,0.0,0.0,0.0,0.0,0.0,0.0,0.0,0.461976021528244,0.461976021528244,1.0,0.461976021528244,0.461976021528244,0.461976021528244,0.0,-0.005295863840728998,0.10908936709165573,1.0,0.0002356653130846098,1.0,0.0,0.0,0.0002356653130846098,0.0,0.0,0.15568950772285461,0.0,0.45568951964378357,0.0,0.45568960905075073,0.45568960905075073,0.6892148852348328,0.0,0.0,0.0,0.0,0.0,0.0,0.0,0.0,1.0,0.0,0.00039657080196775496,0.42264485359191895,0.062344472855329514,0.9563420414924622,0.0,16.819143295288086,16.816936492919922,16.816936492919922,0.21052426099777222,-0.14254023134708405,-8.748408109049421e-10,0.0,0.0,4.777704238891602,4.777703762054443,1.6823208332061768,1.6823208332061768,0.9888434410095215,0.0,0.0,0.0,0.0,0.45568951964378357,0.0,0.45568960905075073,0.45568960905075073,0.6892148852348328,0.0,1.6823208332061768,1.6823207139968872,1.6823208332061768,1.6848655939102173,0.10908936709165573,0.18372130393981934,0.028644466772675514,1.0,0.727290153503418,0.7055176496505737,0.6924161314964294,0.0,,,,,,,,,,,,,,,12.0,0.0,0.0,0.0,0.0,0.0,0.0,,,,,,,,,,,,,,,,,,,,,,0.001
21,6760,train,19.54300308227539,16.272621154785156,16.272491455078125,0.0,0.02136201597750187,0.02136201597750187,0.0,0.00893306452780962,5.500000042957254e-05,0.027499999850988388,0.005499999970197678,0.027499999850988388,0.0005499999970197678,0.0005499999970197678,0.550000011920929,0.00016725916066206992,0.15634199976921082,0.0,0.0,0.0,0.0,0.0,0.0,0.0,0.0,0.46092286705970764,0.46092286705970764,1.0,0.46092286705970764,0.46092286705970764,0.46092286705970764,0.0,-0.009262374602258205,0.11813873797655106,1.0,0.00016725916066206992,1.0,0.0,0.0,0.00016725916066206992,0.0,0.0,0.15634199976921082,0.0,0.45634201169013977,0.0,0.4563421607017517,0.4563421607017517,0.6893304586410522,0.0,0.0,0.0,0.0,0.0,0.0,0.0,0.0,1.0,0.0,0.0003616414323914796,0.42271503806114197,0.062320414930582047,0.9565162062644958,0.0,16.272491455078125,16.272621154785156,16.272621154785156,0.1946980208158493,-0.1039208173751831,3.1012922785400576e-10,0.0,0.0,4.87296724319458,4.87296724319458,1.687745213508606,1.687745213508606,0.9233313202857971,0.0,0.0,0.0,0.0,0.45634201169013977,0.0,0.4563421308994293,0.4563421308994293,0.6893304586410522,0.0,1.687745213508606,1.687745213508606,1.687745213508606,1.6837815046310425,0.11813873797655106,0.1821957379579544,0.02884189411997795,1.0,0.6256856918334961,0.6309293508529663,0.6442856192588806,0.0,,,,,,,,,,,,,,,12.0,0.0,0.0,0.0,0.0,0.0,0.0,,,,,,,,,,,,,,,,,,,,,,0.001
21,6780,train,19.01085090637207,15.829605102539062,15.826759338378906,0.0,0.019957706332206726,0.019957706332206726,0.0,0.00890739168971777,5.500000042957254e-05,0.027499999850988388,0.005499999970197678,0.027499999850988388,0.0005499999970197678,0.0005499999970197678,0.550000011920929,0.00017104600556194782,0.1571771502494812,0.0,0.0,0.0,0.0,0.0,0.0,0.0,0.0,0.46244069933891296,0.46244069933891296,1.0,0.46244069933891296,0.46244072914123535,0.46244072914123535,0.0,-0.005340030416846275,0.11303777247667313,1.0,0.00017104600556194782,1.0,0.0,0.0,0.00017104600556194782,0.0,0.0,0.1571771502494812,0.0,0.45717716217041016,0.0,0.45717713236808777,0.45717713236808777,0.689475417137146,0.0,0.0,0.0,0.0,0.0,0.0,0.0,0.0,1.0,0.0,-0.00016007044177968055,0.42108047008514404,0.061890508979558945,0.95704185962677,0.0,15.826759338378906,15.829605102539062,15.829605102539062,0.20112232863903046,-0.08244501799345016,-5.358720758796842e-11,0.0,0.0,4.743101119995117,4.743101119995117,1.6913665533065796,1.6913665533065796,0.8749816417694092,0.0,0.0,0.0,0.0,0.45717716217041016,0.0,0.45717713236808777,0.45717713236808777,0.689475417137146,0.0,1.6913665533065796,1.6913665533065796,1.6913665533065796,1.6856292486190796,0.11303777247667313,0.18161506950855255,0.02868923358619213,1.0,0.7499282956123352,0.664799690246582,0.6309163570404053,0.0,,,,,,,,,,,,,,,12.0,0.0,0.0,0.0,0.0,0.0,0.0,,,,,,,,,,,,,,,,,,,,,,0.001
21,6800,train,18.002378463745117,14.988669395446777,14.989127159118652,0.0,0.01764160394668579,0.01764160394668579,0.0,0.008766927756369114,5.500000042957254e-05,0.027499999850988388,0.005499999970197678,0.027499999850988388,0.0005499999970197678,0.0005499999970197678,0.550000011920929,0.00019830092787742615,0.1583375632762909,0.0,0.0,0.0,0.0,0.0,0.0,0.0,0.0,0.4640251100063324,0.4640251100063324,1.0,0.4640251100063324,0.4640251100063324,0.4640251100063324,0.0,-0.006152468267828226,0.10857344418764114,1.0,0.00019830092787742615,1.0,0.0,0.0,0.00019830092787742615,0.0,0.0,0.1583375632762909,0.0,0.45833757519721985,0.0,0.4583373963832855,0.4583373963832855,0.6896718144416809,0.0,0.0,0.0,0.0,0.0,0.0,0.0,0.0,1.0,0.0,0.00016313910600729287,0.4248882234096527,0.06137866899371147,0.9579643607139587,0.0,14.989127159118652,14.988669395446777,14.988669395446777,0.1812492161989212,-0.04951460286974907,2.655433928300255e-10,0.0,0.0,4.7037248611450195,4.7037248611450195,1.6866613626480103,1.6866613626480103,0.774057924747467,0.0,0.0,0.0,0.0,0.45833757519721985,0.0,0.45833736658096313,0.45833736658096313,0.6896718144416809,0.0,1.6866611242294312,1.6866613626480103,1.6866613626480103,1.6894057989120483,0.10857344418764114,0.18168415129184723,0.028973489999771118,1.0,0.6873207092285156,0.6394848823547363,0.6479542255401611,0.0,,,,,,,,,,,,,,,12.0,0.0,0.0,0.0,0.0,0.0,0.0,,,,,,,,,,,,,,,,,,,,,,0.001
21,6820,train,18.549182891845703,15.444190979003906,15.445363998413086,0.0,0.019193299114704132,0.019193299114704132,0.0,0.008757004514336586,5.500000042957254e-05,0.027499999850988388,0.005499999970197678,0.027499999850988388,0.0005499999970197678,0.0005499999970197678,0.550000011920929,0.00022844140767119825,0.158645898103714,0.0,0.0,0.0,0.0,0.0,0.0,0.0,0.0,0.46372002363204956,0.46372002363204956,1.0,0.46372002363204956,0.46372002363204956,0.46372002363204956,0.0,-0.007240695878863335,0.11438054591417313,1.0,0.00022844140767119825,1.0,0.0,0.0,0.00022844140767119825,0.0,0.0,0.158645898103714,0.0,0.45864591002464294,0.0,0.4586459994316101,0.4586459994316101,0.6897227764129639,0.0,0.0,0.0,0.0,0.0,0.0,0.0,0.0,1.0,0.0,0.0003196623583789915,0.42423391342163086,0.061316635459661484,0.9583509564399719,0.0,15.445363998413086,15.444190979003906,15.444190979003906,0.19917075335979462,-0.08770851045846939,-5.693359672598319e-11,0.0,0.0,4.453221321105957,4.453221321105957,1.6910967826843262,1.6910967826843262,0.8028576970100403,0.0,0.0,0.0,0.0,0.45864591002464294,0.0,0.4586459994316101,0.4586459994316101,0.6897227764129639,0.0,1.6910967826843262,1.6910966634750366,1.6910967826843262,1.687073826789856,0.11438054591417313,0.18100197613239288,0.028755681589245796,1.0,0.635633111000061,0.6259405016899109,0.6148924231529236,0.0,,,,,,,,,,,,,,,12.0,0.0,0.0,0.0,0.0,0.0,0.0,,,,,,,,,,,,,,,,,,,,,,0.001
21,6840,train,19.672361373901367,16.380878448486328,16.377685546875,0.0,0.019713371992111206,0.019713371992111206,0.0,0.008794388733804226,5.500000042957254e-05,0.027499999850988388,0.005499999970197678,0.027499999850988388,0.0005499999970197678,0.0005499999970197678,0.550000011920929,0.00025454035494476557,0.15833300352096558,0.0,0.0,0.0,0.0,0.0,0.0,0.0,0.0,0.46416717767715454,0.46416717767715454,1.0,0.46416717767715454,0.46416717767715454,0.46416717767715454,0.0,-0.00666178809478879,0.1186027005314827,1.0,0.00025454035494476557,1.0,0.0,0.0,0.00025454035494476557,0.0,0.0,0.15833300352096558,0.0,0.45833301544189453,0.0,0.45833295583724976,0.45833295583724976,0.6896706223487854,0.0,0.0,0.0,0.0,0.0,0.0,0.0,0.0,1.0,0.0,0.0005181267042644322,0.4239175319671631,0.061489325016736984,0.9582650065422058,0.0,16.377685546875,16.380878448486328,16.380878448486328,0.19928652048110962,-0.11774185299873352,-4.3833599944198554e-11,0.0,0.0,4.730296611785889,4.730296611785889,1.6888604164123535,1.6888604164123535,0.9345796704292297,0.0,0.0,0.0,0.0,0.45833301544189453,0.0,0.45833295583724976,0.45833295583724976,0.6896706223487854,0.0,1.6888604164123535,1.6888604164123535,1.6888604164123535,1.6901623010635376,0.1186027005314827,0.1807146966457367,0.028989184647798538,1.0,0.70847487449646,0.6646864414215088,0.7020151019096375,0.0,,,,,,,,,,,,,,,12.0,0.0,0.0,0.0,0.0,0.0,0.0,,,,,,,,,,,,,,,,,,,,,,0.001
21,6860,train,20.0001277923584,16.65458106994629,16.647857666015625,0.0,0.02018452063202858,0.02018452063202858,0.0,0.00865592248737812,5.500000042957254e-05,0.027499999850988388,0.005499999970197678,0.027499999850988388,0.0005499999970197678,0.0005499999970197678,0.550000011920929,0.00016670083277858794,0.16049477458000183,0.0,0.0,0.0,0.0,0.0,0.0,0.0,0.0,0.46460986137390137,0.46460986137390137,1.0,0.46460986137390137,0.46460986137390137,0.46460986137390137,0.0,-0.0050545851700007915,0.09740327298641205,1.0,0.00016670083277858794,1.0,0.0,0.0,0.00016670083277858794,0.0,0.0,0.16049477458000183,0.0,0.4604947865009308,0.0,0.4604945778846741,0.4604945778846741,0.6900228261947632,0.0,0.0,0.0,0.0,0.0,0.0,0.0,0.0,1.0,0.0,-0.0005775290774181485,0.42341312766075134,0.0607130266726017,0.9591168165206909,0.0,16.647857666015625,16.65458106994629,16.65458106994629,0.21723440289497375,-0.12021447718143463,-3.348681054671232e-10,0.0,0.0,4.343007564544678,4.343007564544678,1.6832387447357178,1.6832387447357178,0.8999552130699158,0.0,0.0,0.0,0.0,0.4604947865009308,0.0,0.4604945480823517,0.4604945480823517,0.6900228261947632,0.0,1.6832387447357178,1.6832387447357178,1.6832387447357178,1.6890690326690674,0.09740327298641205,0.18155469000339508,0.02898217923939228,1.0,0.7015997171401978,0.7039784789085388,0.6747344732284546,0.0,,,,,,,,,,,,,,,12.0,0.0,0.0,0.0,0.0,0.0,0.0,,,,,,,,,,,,,,,,,,,,,,0.001
21,6880,train,19.35103988647461,16.113357543945312,16.108375549316406,0.0,0.019431786611676216,0.019431786611676216,0.0,0.008623950183391571,5.500000042957254e-05,0.027499999850988388,0.005499999970197678,0.027499999850988388,0.0005499999970197678,0.0005499999970197678,0.550000011920929,0.00020825151295866817,0.1618914008140564,0.0,0.0,0.0,0.0,0.0,0.0,0.0,0.0,0.4661816656589508,0.4661816656589508,1.0,0.4661816656589508,0.4661816656589508,0.4661816656589508,0.0,-0.006964472588151693,0.10102345049381256,1.0,0.00020825151295866817,1.0,0.0,0.0,0.00020825151295866817,0.0,0.0,0.1618914008140564,0.0,0.46189141273498535,0.0,0.4618914723396301,0.4618914723396301,0.690239667892456,0.0,0.0,0.0,0.0,0.0,0.0,0.0,0.0,1.0,0.0,0.00035130244214087725,0.42518365383148193,0.060908425599336624,0.9599729180335999,0.0,16.108375549316406,16.113357543945312,16.113357543945312,0.18568170070648193,-0.07648581266403198,5.802599511994799e-10,0.0,0.0,4.591091632843018,4.591091632843018,1.6926251649856567,1.6926251649856567,0.8202704191207886,0.0,0.0,0.0,0.0,0.46189141273498535,0.0,0.46189144253730774,0.46189144253730774,0.690239667892456,0.0,1.6926250457763672,1.6926250457763672,1.6926251649856567,1.6892642974853516,0.10102345049381256,0.17986147105693817,0.028813794255256653,1.0,0.588091254234314,0.6000899076461792,0.5809008479118347,0.0,,,,,,,,,,,,,,,12.0,0.0,0.0,0.0,0.0,0.0,0.0,,,,,,,,,,,,,,,,,,,,,,0.001
21,6900,train,20.523773193359375,17.089855194091797,17.08956527709961,0.0,0.01915566809475422,0.01915566809475422,0.0,0.008597920648753643,5.500000042957254e-05,0.027499999850988388,0.005499999970197678,0.027499999850988388,0.0005499999970197678,0.0005499999970197678,0.550000011920929,0.00015683089441154152,0.16262072324752808,0.0,0.0,0.0,0.0,0.0,0.0,0.0,0.0,0.4662616550922394,0.4662616550922394,1.0,0.4662616550922394,0.4662616550922394,0.4662616550922394,0.0,-0.006368899252265692,0.10429810732603073,1.0,0.00015683089441154152,1.0,0.0,0.0,0.00015683089441154152,0.0,0.0,0.16262072324752808,0.0,0.46262073516845703,0.0,0.46262067556381226,0.46262067556381226,0.6903501152992249,0.0,0.0,0.0,0.0,0.0,0.0,0.0,0.0,1.0,0.0,0.0006164585938677192,0.42358946800231934,0.06105351075530052,0.9608710408210754,0.0,17.08956527709961,17.089855194091797,17.089855194091797,0.1925109624862671,-0.10344637930393219,1.9085569236132471e-10,0.0,0.0,4.404978275299072,4.404978275299072,1.689689040184021,1.689689040184021,0.8061597347259521,0.0,0.0,0.0,0.0,0.46262073516845703,0.0,0.46262067556381226,0.46262067556381226,0.6903501152992249,0.0,1.689689040184021,1.689689040184021,1.689689040184021,1.6910111904144287,0.10429810732603073,0.17939543724060059,0.02901533432304859,1.0,0.5979204177856445,0.6204028129577637,0.6183561086654663,0.0,,,,,,,,,,,,,,,12.0,0.0,0.0,0.0,0.0,0.0,0.0,,,,,,,,,,,,,,,,,,,,,,0.001
21,6920,train,18.04991340637207,15.028706550598145,15.025968551635742,0.0,0.01946239359676838,0.01946239359676838,0.0,0.008568240329623222,5.500000042957254e-05,0.027499999850988388,0.005499999970197678,0.027499999850988388,0.0005499999970197678,0.0005499999970197678,0.550000011920929,0.00020448301802389324,0.16033485531806946,0.0,0.0,0.0,0.0,0.0,0.0,0.0,0.0,0.4662756025791168,0.4662756025791168,1.0,0.4662756025791168,0.4662756323814392,0.4662756323814392,0.0,-0.005481486674398184,0.1244252473115921,1.0,0.00020448301802389324,1.0,0.0,0.0,0.00020448301802389324,0.0,0.0,0.16033485531806946,0.0,0.4603348672389984,0.0,0.4603349566459656,0.4603349566459656,0.6899969577789307,0.0,0.0,0.0,0.0,0.0,0.0,0.0,0.0,1.0,0.0,-0.00034959465847350657,0.42328304052352905,0.06070680543780327,0.9608626961708069,0.0,15.025968551635742,15.028706550598145,15.028706550598145,0.18413519859313965,-0.12802204489707947,4.819019627788634e-10,0.0,0.0,4.717900276184082,4.717900276184082,1.6923638582229614,1.6923638582229614,0.8155902028083801,0.0,0.0,0.0,0.0,0.4603348672389984,0.0,0.4603349268436432,0.4603349268436432,0.6899969577789307,0.0,1.6923635005950928,1.6923636198043823,1.6923638582229614,1.688649296760559,0.1244252473115921,0.1785469949245453,0.028758730739355087,1.0,0.6608774662017822,0.643436074256897,0.6728009581565857,0.0,,,,,,,,,,,,,,,12.0,0.0,0.0,0.0,0.0,0.0,0.0,,,,,,,,,,,,,,,,,,,,,,0.001
21,6940,train,19.567445755004883,16.29340934753418,16.290321350097656,0.0,0.019120287150144577,0.019120287150144577,0.0,0.008603017777204514,5.500000042957254e-05,0.027499999850988388,0.005499999970197678,0.027499999850988388,0.0005499999970197678,0.0005499999970197678,0.550000011920929,0.0001647664757911116,0.15936973690986633,0.0,0.0,0.0,0.0,0.0,0.0,0.0,0.0,0.46538352966308594,0.46538352966308594,1.0,0.46538352966308594,0.46538352966308594,0.46538352966308594,0.0,-0.007703888695687056,0.12077385932207108,1.0,0.0001647664757911116,1.0,0.0,0.0,0.0001647664757911116,0.0,0.0,0.15936973690986633,0.0,0.4593697488307953,0.0,0.4593698978424072,0.4593698978424072,0.6898421049118042,0.0,0.0,0.0,0.0,0.0,0.0,0.0,0.0,1.0,0.0,-0.00040868480573408306,0.4232858121395111,0.06021710857748985,0.9604210257530212,0.0,16.290321350097656,16.29340934753418,16.29340934753418,0.20772285759449005,-0.14345704019069672,1.6866431862272435e-10,0.0,0.0,4.432059288024902,4.432059288024902,1.693970799446106,1.693970799446106,0.89361572265625,0.0,0.0,0.0,0.0,0.4593697488307953,0.0,0.4593698978424072,0.4593698978424072,0.6898421049118042,0.0,1.693970799446106,1.693970799446106,1.693970799446106,1.6885372400283813,0.12077385932207108,0.1788187175989151,0.029019678011536598,1.0,0.5402478575706482,0.5803683996200562,0.5920863151550293,0.0,,,,,,,,,,,,,,,12.0,0.0,0.0,0.0,0.0,0.0,0.0,,,,,,,,,,,,,,,,,,,,,,0.001
21,6960,train,19.05570411682129,15.866385459899902,15.8665189743042,0.0,0.020279251039028168,0.020279251039028168,0.0,0.008589283563196659,5.500000042957254e-05,0.027499999850988388,0.005499999970197678,0.027499999850988388,0.0005499999970197678,0.0005499999970197678,0.550000011920929,0.00017366945394314826,0.15933743119239807,0.0,0.0,0.0,0.0,0.0,0.0,0.0,0.0,0.46576887369155884,0.46576887369155884,1.0,0.46576887369155884,0.46576887369155884,0.46576887369155884,0.0,-0.005761665757745504,0.11268479377031326,1.0,0.00017366945394314826,1.0,0.0,0.0,0.00017366945394314826,0.0,0.0,0.15933743119239807,0.0,0.459337443113327,0.0,0.4593375623226166,0.4593375623226166,0.6898366212844849,0.0,0.0,0.0,0.0,0.0,0.0,0.0,0.0,1.0,0.0,-0.00023825572861824185,0.42528924345970154,0.06020451337099075,0.9604426026344299,0.0,15.8665189743042,15.866385459899902,15.866385459899902,0.2068406045436859,-0.1166505515575409,3.1413072143493537e-10,0.0,0.0,4.788281440734863,4.788281440734863,1.6963109970092773,1.6963109970092773,0.9739813804626465,0.0,0.0,0.0,0.0,0.459337443113327,0.0,0.4593375623226166,0.4593375623226166,0.6898366212844849,0.0,1.6963109970092773,1.6963109970092773,1.6963109970092773,1.700899362564087,0.11268479377031326,0.17981208860874176,0.028969069942831993,1.0,0.6942474842071533,0.6690735816955566,0.6701704859733582,0.0,,,,,,,,,,,,,,,12.0,0.0,0.0,0.0,0.0,0.0,0.0,,,,,,,,,,,,,,,,,,,,,,0.001
21,6980,train,18.01116371154785,14.996085166931152,14.99583625793457,0.0,0.01785026490688324,0.01785026490688324,0.0,0.008756409399211407,5.500000042957254e-05,0.027499999850988388,0.005499999970197678,0.027499999850988388,0.0005499999970197678,0.0005499999970197678,0.550000011920929,0.00010520426440052688,0.15831372141838074,0.0,0.0,0.0,0.0,0.0,0.0,0.0,0.0,0.4646204710006714,0.4646204710006714,1.0,0.4646204710006714,0.4646204710006714,0.4646204710006714,0.0,-0.006824496667832136,0.12079551070928574,1.0,0.00010520426440052688,1.0,0.0,0.0,0.00010520426440052688,0.0,0.0,0.15831372141838074,0.0,0.4583137631416321,0.0,0.45831364393234253,0.45831364393234253,0.6896674633026123,0.0,0.0,0.0,0.0,0.0,0.0,0.0,0.0,1.0,0.0,0.0013211535988375545,0.42087990045547485,0.06022968888282776,0.9594354033470154,0.0,14.99583625793457,14.996085166931152,14.996085166931152,0.19999493658542633,-0.11913511902093887,-6.940465424598585e-10,0.0,0.0,4.64495849609375,4.64495849609375,1.6917428970336914,1.6917428970336914,0.9002999663352966,0.0,0.0,0.0,0.0,0.4583137333393097,0.0,0.45831364393234253,0.45831364393234253,0.6896674633026123,0.0,1.691743016242981,1.6917428970336914,1.6917428970336914,1.6938432455062866,0.12079551070928574,0.18009911477565765,0.028662391006946564,1.0,0.6296868920326233,0.6730749011039734,0.6297086477279663,0.0,,,,,,,,,,,,,,,12.0,0.0,0.0,0.0,0.0,0.0,0.0,,,,,,,,,,,,,,,,,,,,,,0.001
21,7000,train,19.383655548095703,16.13974380493164,16.139795303344727,0.0,0.017732348293066025,0.017732348293066025,0.0,0.00880422443151474,5.500000042957254e-05,0.027499999850988388,0.005499999970197678,0.027499999850988388,0.0005499999970197678,0.0005499999970197678,0.550000011920929,0.00011986849131062627,0.15890240669250488,0.0,0.0,0.0,0.0,0.0,0.0,0.0,0.0,0.4659290909767151,0.4659290909767151,1.0,0.4659290909767151,0.4659291207790375,0.4659291207790375,0.0,-0.0036197982262820005,0.10789983719587326,1.0,0.00011986849131062627,1.0,0.0,0.0,0.00011986849131062627,0.0,0.0,0.15890240669250488,0.0,0.45890241861343384,0.0,0.4589024782180786,0.4589024782180786,0.6897653937339783,0.0,0.0,0.0,0.0,0.0,0.0,0.0,0.0,1.0,0.0,4.157465446041897e-05,0.422076553106308,0.06050791218876839,0.9595662951469421,0.0,16.139795303344727,16.13974380493164,16.13974380493164,0.20122075080871582,-0.08691254258155823,6.473713058674502e-12,0.0,0.0,4.4614338874816895,4.4614338874816895,1.6920346021652222,1.6920346021652222,0.8203309774398804,0.0,0.0,0.0,0.0,0.45890241861343384,0.0,0.4589024782180786,0.4589024782180786,0.6897653937339783,0.0,1.692034363746643,1.6920346021652222,1.6920346021652222,1.6942847967147827,0.10789983719587326,0.18019899725914001,0.028924403712153435,1.0,0.6416903734207153,0.6245784163475037,0.6220563650131226,0.0,,,,,,,,,,,,,,,12.0,0.0,0.0,0.0,0.0,0.0,0.0,,,,,,,,,,,,,,,,,,,,,,0.001
21,7014,train_epoch,19.31344226448836,16.08125740039848,16.08114838742924,0.0,0.019869501752678504,0.019869501752678504,0.0,0.008712125693944221,5.500000042957254e-05,0.027499999850988388,0.005499999970197678,0.027499999850988388,0.0005499999970197678,0.0005499999970197678,0.550000011920929,0.00019847360811413065,0.15866982151648243,0.0,0.0,0.0,0.0,0.0,0.0,0.0,0.0,0.46428205197799705,0.46428205197799705,1.0,0.46428205197799705,0.4642820532271962,0.4642820532271962,0.0,-0.0068044728874145245,0.11637411587787959,1.0,0.00019847360811413065,1.0,0.0,0.0,0.00019847360811413065,0.0,0.0,0.15866982151648243,0.0,0.45866983308049736,0.0,0.45866982130233397,0.45866982130233397,0.689717930412578,0.0,0.0,0.0,0.0,0.0,0.0,0.0,0.0,1.0,0.0,4.1404140854873716e-05,0.42360045096117577,0.061129916381247026,0.9589289367912772,0.0,16.08114838742924,16.08125740039848,16.08125740039848,0.20011734516320828,-0.10613887507223084,-6.71071954613345e-13,0.0,0.0,4.56507609133235,4.565076104181255,1.6896542242901054,1.6896542242901054,0.8755483166900223,0.0,0.0,0.0,0.0,0.45866983343741136,0.0,0.4586698105056843,0.4586698105056843,0.689717930412578,0.0,1.6896541725375696,1.6896541757497958,1.6896542242901054,1.689494955682469,0.11637411587787959,0.1809274407917868,0.028809340174371253,1.0,0.6434468671590269,0.643457662738012,0.643347759803612,0.0,,,,,,,,,,,,,,,12.0,0.0,0.0,0.0,0.0,0.0,0.0,,,,,,,,,,,,,,,,,,,,,,0.001
21,7014,val,,,,,,,,,,,,,,,,,,,,,,,,,,,,,,,,,,,,,,,,,,,,,,,,,,,,,,,,,,,,,,,,,,,,,,,,,,,,,,,,,,,,,,,,,,,,,,,,,,,,,,,,,,,,,,,,,,,,,,,,,15.867578506469727,655.8318481445312,25.609214125867496,0.11321082711219788,0.06771533936262131,14.890995979309082,23.80437469026505,0.10358529537916183,0.0636153444647789,16.114282608032227,25.92975576218794,0.11229564994573593,0.06877801567316055,17.74017906188965,28.546853619313286,0.12986744940280914,0.07558164745569229,15.867578506469727,25.609214125867496,0.11321082711219788,0.06771533936262131,0.001
21,7014,test_select,,,,,,,,,,,,,,,,,,,,,,,,,,,,,,,,,,,,,,,,,,,,,,,,,,,,,,,,,,,,,,,,,,,,,,,,,,,,,,,,,,,,,,,,,,,,,,,,,,,,,,,,,,,,,,,,,,,,,,,,,21.343002319335938,1162.87060546875,34.10088863165812,0.13493670523166656,0.08668947219848633,17.34303092956543,27.37556296688538,0.11318128556013107,0.07040262222290039,21.008264541625977,33.2958814668759,0.13244184851646423,0.08532169461250305,27.456754684448242,42.690594003905005,0.16381430625915527,0.11162704974412918,21.343002319335938,34.10088863165812,0.13493670523166656,0.08668947219848633,0.001
22,7020,train,19.569068908691406,16.29357147216797,16.290386199951172,0.0,0.01833999715745449,0.01833999715745449,0.0,0.00889039970934391,5.999999848427251e-05,0.029999999329447746,0.006000000052154064,0.029999999329447746,0.0006000000284984708,0.0006000000284984708,0.6000000238418579,0.0002192719402955845,0.15878117084503174,0.0,0.0,0.0,0.0,0.0,0.0,0.0,0.0,0.46597927808761597,0.46597927808761597,1.0,0.46597927808761597,0.46597927808761597,0.46597927808761597,0.0,-0.009152247570455074,0.11908581107854843,1.0,0.0002192719402955845,1.0,0.0,0.0,0.0002192719402955845,0.0,0.0,0.15878117084503174,0.0,0.4587811827659607,0.0,0.45878109335899353,0.45878109335899353,0.6897451877593994,0.0,0.0,0.0,0.0,0.0,0.0,0.0,0.0,1.0,0.0,0.00017368202679790556,0.421667218208313,0.06070723012089729,0.9597228169441223,0.0,16.290386199951172,16.29357147216797,16.29357147216797,0.21975688636302948,-0.10709704458713531,-1.691678741533309e-10,0.0,0.0,4.3482136726379395,4.3482136726379395,1.694839358329773,1.694839358329773,0.9409195184707642,0.0,0.0,0.0,0.0,0.4587811827659607,0.0,0.45878106355667114,0.45878106355667114,0.6897451877593994,0.0,1.694839358329773,1.694839358329773,1.694839358329773,1.6980648040771484,0.11908581107854843,0.17833536863327026,0.029010476544499397,1.0,0.7019442915916443,0.6753878593444824,0.7040581107139587,0.0,,,,,,,,,,,,,,,12.0,0.0,0.0,0.0,0.0,0.0,0.0,,,,,,,,,,,,,,,,,,,,,,0.001
22,7040,train,18.235000610351562,15.181292533874512,15.181819915771484,0.0,0.017606142908334732,0.017606142908334732,0.0,0.008978021331131458,5.999999848427251e-05,0.029999999329447746,0.006000000052154064,0.029999999329447746,0.0006000000284984708,0.0006000000284984708,0.6000000238418579,0.00019006321963388473,0.15682122111320496,0.0,0.0,0.0,0.0,0.0,0.0,0.0,0.0,0.46450275182724,0.46450275182724,1.0,0.46450275182724,0.46450275182724,0.46450275182724,0.0,-0.008258311077952385,0.13548782467842102,1.0,0.00019006321963388473,1.0,0.0,0.0,0.00019006321963388473,0.0,0.0,0.15682122111320496,0.0,0.4568212330341339,0.0,0.45682114362716675,0.45682114362716675,0.6894136667251587,0.0,0.0,0.0,0.0,0.0,0.0,0.0,0.0,1.0,0.0,-0.00037831926601938903,0.4229166507720947,0.06116756051778793,0.959443986415863,0.0,15.181819915771484,15.181292533874512,15.181292533874512,0.17534051835536957,-0.09822645783424377,2.799499521088933e-10,0.0,0.0,4.312060832977295,4.312060356140137,1.6969821453094482,1.6969821453094482,0.7798076868057251,0.0,0.0,0.0,0.0,0.4568212330341339,0.0,0.45682111382484436,0.45682111382484436,0.6894136667251587,0.0,1.6969820261001587,1.6969820261001587,1.6969821453094482,1.692812204360962,0.13548782467842102,0.17943236231803894,0.02895134873688221,1.0,0.6299461126327515,0.6695634722709656,0.6673242449760437,0.0,,,,,,,,,,,,,,,12.0,0.0,0.0,0.0,0.0,0.0,0.0,,,,,,,,,,,,,,,,,,,,,,0.001
22,7060,train,18.51966094970703,15.418718338012695,15.417967796325684,0.0,0.019777996465563774,0.019777996465563774,0.0,0.009164481423795223,5.999999848427251e-05,0.029999999329447746,0.006000000052154064,0.029999999329447746,0.0006000000284984708,0.0006000000284984708,0.6000000238418579,0.00017655559349805117,0.1543104648590088,0.0,0.0,0.0,0.0,0.0,0.0,0.0,0.0,0.46287301182746887,0.46287301182746887,1.0,0.46287301182746887,0.46287301182746887,0.46287301182746887,0.0,-0.00891670398414135,0.14485952258110046,1.0,0.00017655559349805117,1.0,0.0,0.0,0.00017655559349805117,0.0,0.0,0.1543104648590088,0.0,0.45431050658226013,0.0,0.45431065559387207,0.45431065559387207,0.6889665722846985,0.0,0.0,0.0,0.0,0.0,0.0,0.0,0.0,1.0,0.0,-0.0010698490077629685,0.4181327521800995,0.06229867786169052,0.9586494565010071,0.0,15.417967796325684,15.418718338012695,15.418718338012695,0.1994348019361496,-0.11903425306081772,-2.539315979710466e-10,0.0,0.0,4.687808990478516,4.687808990478516,1.6921155452728271,1.6921155452728271,0.8558416366577148,0.0,0.0,0.0,0.0,0.45431047677993774,0.0,0.45431065559387207,0.45431065559387207,0.6889665722846985,0.0,1.6921155452728271,1.6921155452728271,1.6921155452728271,1.6962844133377075,0.14485952258110046,0.17972178757190704,0.029035944491624832,1.0,0.6432012319564819,0.6381353139877319,0.6357580423355103,0.0,,,,,,,,,,,,,,,12.0,0.0,0.0,0.0,0.0,0.0,0.0,,,,,,,,,,,,,,,,,,,,,,0.001
22,7080,train,20.857770919799805,17.367725372314453,17.36311149597168,0.0,0.02063649334013462,0.02063649334013462,0.0,0.009143340401351452,5.999999848427251e-05,0.029999999329447746,0.006000000052154064,0.029999999329447746,0.0006000000284984708,0.0006000000284984708,0.6000000238418579,0.00024117648717947304,0.15274456143379211,0.0,0.0,0.0,0.0,0.0,0.0,0.0,0.0,0.46427854895591736,0.46427854895591736,1.0,0.46427854895591736,0.46427854895591736,0.46427854895591736,0.0,-0.007020716089755297,0.14007718861103058,1.0,0.00024117648717947304,1.0,0.0,0.0,0.00024117648717947304,0.0,0.0,0.15274456143379211,0.0,0.45274457335472107,0.0,0.452744722366333,0.452744722366333,0.6886744499206543,0.0,0.0,0.0,0.0,0.0,0.0,0.0,0.0,1.0,0.0,-0.00044744039769284427,0.4209383428096771,0.06184243783354759,0.9586696624755859,0.0,17.36311149597168,17.367725372314453,17.367725372314453,0.21447908878326416,-0.09874942898750305,-3.9836825505012996e-10,0.0,0.0,4.544549465179443,4.544549465179443,1.6996136903762817,1.6996136903762817,0.9574604630470276,0.0,0.0,0.0,0.0,0.45274457335472107,0.0,0.452744722366333,0.452744722366333,0.6886744499206543,0.0,1.6996136903762817,1.6996136903762817,1.6996136903762817,1.699426531791687,0.14007718861103058,0.1793745905160904,0.028840256854891777,1.0,0.6797232627868652,0.681534469127655,0.6899871826171875,0.0,,,,,,,,,,,,,,,12.0,0.0,0.0,0.0,0.0,0.0,0.0,,,,,,,,,,,,,,,,,,,,,,0.001
22,7100,train,17.089689254760742,14.22703742980957,14.226604461669922,0.0,0.016587233170866966,0.016587233170866966,0.0,0.009162423200905323,5.999999848427251e-05,0.029999999329447746,0.006000000052154064,0.029999999329447746,0.0006000000284984708,0.0006000000284984708,0.6000000238418579,0.00015480100410059094,0.15363022685050964,0.0,0.0,0.0,0.0,0.0,0.0,0.0,0.0,0.46501997113227844,0.46501997113227844,1.0,0.46501997113227844,0.46501994132995605,0.46501994132995605,0.0,-0.008310671895742416,0.1267421394586563,1.0,0.00015480100410059094,1.0,0.0,0.0,0.00015480100410059094,0.0,0.0,0.15363022685050964,0.0,0.453630268573761,0.0,0.45363014936447144,0.45363014936447144,0.688840925693512,0.0,0.0,0.0,0.0,0.0,0.0,0.0,0.0,1.0,0.0,0.00015300624363590032,0.4182647466659546,0.06233670189976692,0.9591138958930969,0.0,14.226604461669922,14.22703742980957,14.22703742980957,0.16733795404434204,-0.05063542723655701,-1.9077035784409446e-10,0.0,0.0,4.527181625366211,4.527181625366211,1.6972038745880127,1.6972038745880127,0.7075228691101074,0.0,0.0,0.0,0.0,0.4536302387714386,0.0,0.45363011956214905,0.45363011956214905,0.688840925693512,0.0,1.6972038745880127,1.6972038745880127,1.6972038745880127,1.702732801437378,0.1267421394586563,0.1785663515329361,0.029015524312853813,1.0,0.6275601387023926,0.6541299819946289,0.6955768465995789,0.0,,,,,,,,,,,,,,,12.0,0.0,0.0,0.0,0.0,0.0,0.0,,,,,,,,,,,,,,,,,,,,,,0.001
22,7120,train,18.057842254638672,15.033935546875,15.032866477966309,0.0,0.017516715452075005,0.017516715452075005,0.0,0.009253695607185364,5.999999848427251e-05,0.029999999329447746,0.006000000052154064,0.029999999329447746,0.0006000000284984708,0.0006000000284984708,0.6000000238418579,0.00015786851872690022,0.15278571844100952,0.0,0.0,0.0,0.0,0.0,0.0,0.0,0.0,0.46430057287216187,0.46430057287216187,1.0,0.46430057287216187,0.46430057287216187,0.46430057287216187,0.0,-0.008189540356397629,0.13836191594600677,1.0,0.00015786851872690022,1.0,0.0,0.0,0.00015786851872690022,0.0,0.0,0.15278571844100952,0.0,0.4527857303619385,0.0,0.45278581976890564,0.45278581976890564,0.6886824369430542,0.0,0.0,0.0,0.0,0.0,0.0,0.0,0.0,1.0,0.0,0.00027475584647618234,0.41951385140419006,0.06286842375993729,0.9590972661972046,0.0,15.032866477966309,15.033935546875,15.033935546875,0.1847275197505951,-0.08540521562099457,2.0658755262026318e-10,0.0,0.0,4.588956356048584,4.588956356048584,1.6956946849822998,1.6956946849822998,0.8050438761711121,0.0,0.0,0.0,0.0,0.4527857303619385,0.0,0.45278581976890564,0.45278581976890564,0.6886824369430542,0.0,1.6956946849822998,1.6956946849822998,1.6956946849822998,1.7005549669265747,0.13836191594600677,0.17859743535518646,0.029048291966319084,1.0,0.6149502992630005,0.6427345871925354,0.6026906967163086,0.0,,,,,,,,,,,,,,,12.0,0.0,0.0,0.0,0.0,0.0,0.0,,,,,,,,,,,,,,,,,,,,,,0.001
22,7140,train,21.02766227722168,17.50821304321289,17.510780334472656,0.0,0.016912858933210373,0.016912858933210373,0.0,0.009304112754762173,5.999999848427251e-05,0.029999999329447746,0.006000000052154064,0.029999999329447746,0.0006000000284984708,0.0006000000284984708,0.6000000238418579,0.000188223464647308,0.1512579619884491,0.0,0.0,0.0,0.0,0.0,0.0,0.0,0.0,0.46376505494117737,0.46376505494117737,1.0,0.46376505494117737,0.46376505494117737,0.46376505494117737,0.0,-0.008516764268279076,0.14700958132743835,1.0,0.000188223464647308,1.0,0.0,0.0,0.000188223464647308,0.0,0.0,0.1512579619884491,0.0,0.45125797390937805,0.0,0.45125812292099,0.45125812292099,0.6883881688117981,0.0,0.0,0.0,0.0,0.0,0.0,0.0,0.0,1.0,0.0,0.0003798750985879451,0.4184194803237915,0.06312154978513718,0.9589931964874268,0.0,17.510780334472656,17.50821304321289,17.50821304321289,0.19363664090633392,-0.10434970259666443,-3.4940120241522266e-11,0.0,0.0,4.444439888000488,4.444439888000488,1.7034844160079956,1.7034844160079956,0.866181492805481,0.0,0.0,0.0,0.0,0.45125797390937805,0.0,0.4512580931186676,0.4512580931186676,0.6883881688117981,0.0,1.7034844160079956,1.7034844160079956,1.7034844160079956,1.7010269165039062,0.14700958132743835,0.1784828156232834,0.02890811674296856,1.0,0.5997699499130249,0.5867210626602173,0.5706239938735962,0.0,,,,,,,,,,,,,,,12.0,0.0,0.0,0.0,0.0,0.0,0.0,,,,,,,,,,,,,,,,,,,,,,0.001
22,7160,train,19.378190994262695,16.133825302124023,16.135446548461914,0.0,0.01732861064374447,0.01732861064374447,0.0,0.009461882524192333,5.999999848427251e-05,0.029999999329447746,0.006000000052154064,0.029999999329447746,0.0006000000284984708,0.0006000000284984708,0.6000000238418579,0.0001781915343599394,0.14902988076210022,0.0,0.0,0.0,0.0,0.0,0.0,0.0,0.0,0.4629932641983032,0.4629932641983032,1.0,0.4629932641983032,0.46299323439598083,0.46299323439598083,0.0,-0.008956552483141422,0.15618152916431427,1.0,0.0001781915343599394,1.0,0.0,0.0,0.0001781915343599394,0.0,0.0,0.14902988076210022,0.0,0.4490298628807068,0.0,0.44902974367141724,0.44902974367141724,0.687942385673523,0.0,0.0,0.0,0.0,0.0,0.0,0.0,0.0,1.0,0.0,0.00010804431803990155,0.4181897044181824,0.06335599720478058,0.958238959312439,0.0,16.135446548461914,16.133825302124023,16.133825302124023,0.1908886730670929,-0.0954989492893219,-8.266921175392739e-11,0.0,0.0,4.570613384246826,4.570613384246826,1.6990125179290771,1.6990125179290771,0.8178907036781311,0.0,0.0,0.0,0.0,0.4490298926830292,0.0,0.44902971386909485,0.44902971386909485,0.687942385673523,0.0,1.6990125179290771,1.6990125179290771,1.6990125179290771,1.6990859508514404,0.15618152916431427,0.1795332133769989,0.029016613960266113,1.0,0.6260335445404053,0.5930113196372986,0.5847881436347961,0.0,,,,,,,,,,,,,,,12.0,0.0,0.0,0.0,0.0,0.0,0.0,,,,,,,,,,,,,,,,,,,,,,0.001
22,7180,train,19.015277862548828,15.831853866577148,15.830650329589844,0.0,0.017947977408766747,0.017947977408766747,0.0,0.009558171033859253,5.999999848427251e-05,0.029999999329447746,0.006000000052154064,0.029999999329447746,0.0006000000284984708,0.0006000000284984708,0.6000000238418579,0.00022587834973819554,0.14891764521598816,0.0,0.0,0.0,0.0,0.0,0.0,0.0,0.0,0.462952584028244,0.462952584028244,1.0,0.462952584028244,0.462952584028244,0.462952584028244,0.0,-0.007327577564865351,0.1434778869152069,1.0,0.00022587834973819554,1.0,0.0,0.0,0.00022587834973819554,0.0,0.0,0.14891764521598816,0.0,0.4489176571369171,0.0,0.4489177465438843,0.4489177465438843,0.6879194974899292,0.0,0.0,0.0,0.0,0.0,0.0,0.0,0.0,1.0,0.0,-1.9001716282218695e-05,0.4156038165092468,0.06320880353450775,0.9577834010124207,0.0,15.830650329589844,15.831853866577148,15.831853866577148,0.16845005750656128,-0.05905812978744507,4.936934541732718e-12,0.0,0.0,4.658406734466553,4.658406734466553,1.7066859006881714,1.7066859006881714,0.7276114821434021,0.0,0.0,0.0,0.0,0.4489176571369171,0.0,0.4489177465438843,0.4489177465438843,0.6879194974899292,0.0,1.7066859006881714,1.7066859006881714,1.7066859006881714,1.6998229026794434,0.1434778869152069,0.18001414835453033,0.029010716825723648,1.0,0.6487076878547668,0.6221224665641785,0.6621577143669128,0.0,,,,,,,,,,,,,,,12.0,0.0,0.0,0.0,0.0,0.0,0.0,,,,,,,,,,,,,,,,,,,,,,0.001
22,7200,train,20.22150421142578,16.837066650390625,16.835590362548828,0.0,0.015349047258496284,0.015349047258496284,0.0,0.009490389376878738,5.999999848427251e-05,0.029999999329447746,0.006000000052154064,0.029999999329447746,0.0006000000284984708,0.0006000000284984708,0.6000000238418579,0.0002466686419211328,0.15450596809387207,0.0,0.0,0.0,0.0,0.0,0.0,0.0,0.0,0.465716153383255,0.465716153383255,1.0,0.465716153383255,0.465716153383255,0.465716153383255,0.0,-0.0037198420614004135,0.09595416486263275,1.0,0.0002466686419211328,1.0,0.0,0.0,0.0002466686419211328,0.0,0.0,0.15450596809387207,0.0,0.454505980014801,0.0,0.454505980014801,0.454505980014801,0.6890023350715637,0.0,0.0,0.0,0.0,0.0,0.0,0.0,0.0,1.0,0.0,0.00027456582756713033,0.4188644587993622,0.06343907862901688,0.9588810205459595,0.0,16.835590362548828,16.837066650390625,16.837066650390625,0.20283760130405426,-0.0836213231086731,-7.510858046622104e-10,0.0,0.0,4.230945110321045,4.230944633483887,1.7061870098114014,1.7061870098114014,0.8332110643386841,0.0,0.0,0.0,0.0,0.454505980014801,0.0,0.45450595021247864,0.45450595021247864,0.6890023350715637,0.0,1.7061870098114014,1.7061870098114014,1.7061870098114014,1.7025810480117798,0.09595416486263275,0.17956572771072388,0.028620589524507523,1.0,0.6061239242553711,0.6240024566650391,0.6373403072357178,0.0,,,,,,,,,,,,,,,12.0,0.0,0.0,0.0,0.0,0.0,0.0,,,,,,,,,,,,,,,,,,,,,,0.001
22,7220,train,19.961071014404297,16.61959457397461,16.620506286621094,0.0,0.01613641530275345,0.01613641530275345,0.0,0.009355947375297546,5.999999848427251e-05,0.029999999329447746,0.006000000052154064,0.029999999329447746,0.0006000000284984708,0.0006000000284984708,0.6000000238418579,0.000319034093990922,0.15845680236816406,0.0,0.0,0.0,0.0,0.0,0.0,0.0,0.0,0.46652647852897644,0.46652647852897644,1.0,0.46652647852897644,0.46652647852897644,0.46652647852897644,0.0,-0.005092782899737358,0.09494807571172714,1.0,0.000319034093990922,1.0,0.0,0.0,0.000319034093990922,0.0,0.0,0.15845680236816406,0.0,0.458456814289093,0.0,0.45845672488212585,0.45845672488212585,0.6896915435791016,0.0,0.0,0.0,0.0,0.0,0.0,0.0,0.0,1.0,0.0,0.0003235574113205075,0.415081262588501,0.06333955377340317,0.9605545401573181,0.0,16.620506286621094,16.61959457397461,16.61959457397461,0.21712984144687653,-0.08703899383544922,-7.341036112329391e-11,0.0,0.0,4.512895584106445,4.512895584106445,1.7102702856063843,1.7102702856063843,0.961667537689209,0.0,0.0,0.0,0.0,0.458456814289093,0.0,0.45845672488212585,0.45845672488212585,0.6896915435791016,0.0,1.7102702856063843,1.7102702856063843,1.7102702856063843,1.7100212574005127,0.09494807571172714,0.177899569272995,0.02880711294710636,1.0,0.6400035619735718,0.6545363664627075,0.6449880599975586,0.0,,,,,,,,,,,,,,,12.0,0.0,0.0,0.0,0.0,0.0,0.0,,,,,,,,,,,,,,,,,,,,,,0.001
22,7240,train,17.715213775634766,14.748419761657715,14.74666976928711,0.0,0.017189983278512955,0.017189983278512955,0.0,0.009337580762803555,5.999999848427251e-05,0.029999999329447746,0.006000000052154064,0.029999999329447746,0.0006000000284984708,0.0006000000284984708,0.6000000238418579,0.00014555733650922775,0.15959444642066956,0.0,0.0,0.0,0.0,0.0,0.0,0.0,0.0,0.4680829346179962,0.4680829346179962,1.0,0.4680829346179962,0.4680829346179962,0.4680829346179962,0.0,-0.008717241697013378,0.11750458925962448,1.0,0.00014555733650922775,1.0,0.0,0.0,0.00014555733650922775,0.0,0.0,0.15959444642066956,0.0,0.4595944583415985,0.0,0.4595942497253418,0.4595942497253418,0.689878523349762,0.0,0.0,0.0,0.0,0.0,0.0,0.0,0.0,1.0,0.0,-0.0005618516588583589,0.4146370589733124,0.06349397450685501,0.9615020155906677,0.0,14.74666976928711,14.748419761657715,14.748419761657715,0.1958937793970108,-0.0857691690325737,6.210284370089525e-11,0.0,0.0,4.575984001159668,4.575984001159668,1.7087693214416504,1.7087693214416504,0.8528192043304443,0.0,0.0,0.0,0.0,0.4595944583415985,0.0,0.4595942497253418,0.4595942497253418,0.689878523349762,0.0,1.7087693214416504,1.7087693214416504,1.7087693214416504,1.706986904144287,0.11750458925962448,0.17679454386234283,0.028904102742671967,1.0,0.6357574462890625,0.554405152797699,0.6546444892883301,0.0,,,,,,,,,,,,,,,12.0,0.0,0.0,0.0,0.0,0.0,0.0,,,,,,,,,,,,,,,,,,,,,,0.001
22,7260,train,18.682048797607422,15.55449104309082,15.550675392150879,0.0,0.017482083290815353,0.017482083290815353,0.0,0.009292838163673878,5.999999848427251e-05,0.029999999329447746,0.006000000052154064,0.029999999329447746,0.0006000000284984708,0.0006000000284984708,0.6000000238418579,0.0001332361134700477,0.15842166543006897,0.0,0.0,0.0,0.0,0.0,0.0,0.0,0.0,0.46674844622612,0.46674844622612,1.0,0.46674844622612,0.46674844622612,0.46674844622612,0.0,-0.006306112743914127,0.13290901482105255,1.0,0.0001332361134700477,1.0,0.0,0.0,0.0001332361134700477,0.0,0.0,0.15842166543006897,0.0,0.4584216773509979,0.0,0.45842158794403076,0.45842158794403076,0.6896858215332031,0.0,0.0,0.0,0.0,0.0,0.0,0.0,0.0,1.0,0.0,-0.0003836361865978688,0.4166959524154663,0.06320065259933472,0.9617742300033569,0.0,15.550675392150879,15.55449104309082,15.55449104309082,0.18531271815299988,-0.060731541365385056,-4.476925080654226e-11,0.0,0.0,4.478350639343262,4.478350639343262,1.7099686861038208,1.7099686861038208,0.7672383785247803,0.0,0.0,0.0,0.0,0.4584216773509979,0.0,0.45842158794403076,0.45842158794403076,0.6896858215332031,0.0,1.7099685668945312,1.7099685668945312,1.7099686861038208,1.7060343027114868,0.13290901482105255,0.1768689602613449,0.02865970879793167,1.0,0.6255636811256409,0.6066063642501831,0.6282236576080322,0.0,,,,,,,,,,,,,,,12.0,0.0,0.0,0.0,0.0,0.0,0.0,,,,,,,,,,,,,,,,,,,,,,0.001
22,7280,train,19.49567222595215,16.232223510742188,16.230138778686523,0.0,0.016548074781894684,0.016548074781894684,0.0,0.00933037418872118,5.999999848427251e-05,0.029999999329447746,0.006000000052154064,0.029999999329447746,0.0006000000284984708,0.0006000000284984708,0.6000000238418579,0.0002050443581538275,0.1565515398979187,0.0,0.0,0.0,0.0,0.0,0.0,0.0,0.0,0.4675480127334595,0.4675480127334595,1.0,0.4675480127334595,0.46754804253578186,0.46754804253578186,0.0,-0.007877507247030735,0.14057929813861847,1.0,0.0002050443581538275,1.0,0.0,0.0,0.0002050443581538275,0.0,0.0,0.1565515398979187,0.0,0.45655155181884766,0.0,0.45655152201652527,0.45655152201652527,0.6893671154975891,0.0,0.0,0.0,0.0,0.0,0.0,0.0,0.0,1.0,0.0,0.00031843013130128384,0.4163286089897156,0.06275128573179245,0.9615366458892822,0.0,16.230138778686523,16.232223510742188,16.232223510742188,0.20026108622550964,-0.04945162683725357,-7.036295851525765e-11,0.0,0.0,4.6681718826293945,4.6681718826293945,1.710811734199524,1.710811734199524,0.8722793459892273,0.0,0.0,0.0,0.0,0.45655155181884766,0.0,0.45655152201652527,0.45655152201652527,0.6893671154975891,0.0,1.710811734199524,1.710811734199524,1.710811734199524,1.7131412029266357,0.14057929813861847,0.1771438866853714,0.028777476400136948,1.0,0.6543585062026978,0.6382660865783691,0.6470891833305359,0.0,,,,,,,,,,,,,,,12.0,0.0,0.0,0.0,0.0,0.0,0.0,,,,,,,,,,,,,,,,,,,,,,0.001
22,7300,train,19.53723907470703,16.266000747680664,16.26884651184082,0.0,0.018782716244459152,0.018782716244459152,0.0,0.009329015389084816,5.999999848427251e-05,0.029999999329447746,0.006000000052154064,0.029999999329447746,0.0006000000284984708,0.0006000000284984708,0.6000000238418579,0.00022616912610828876,0.15697810053825378,0.0,0.0,0.0,0.0,0.0,0.0,0.0,0.0,0.46701860427856445,0.46701860427856445,1.0,0.46701860427856445,0.46701860427856445,0.46701860427856445,0.0,-0.006589094176888466,0.12561410665512085,1.0,0.00022616912610828876,1.0,0.0,0.0,0.00022616912610828876,0.0,0.0,0.15697810053825378,0.0,0.45697811245918274,0.0,0.45697829127311707,0.45697829127311707,0.6894410848617554,0.0,0.0,0.0,0.0,0.0,0.0,0.0,0.0,1.0,0.0,0.00043555645970627666,0.41747182607650757,0.06270823627710342,0.961570143699646,0.0,16.26884651184082,16.266000747680664,16.266000747680664,0.20663751661777496,-0.1032947525382042,-1.5946167997160643e-10,0.0,0.0,4.713144302368164,4.713144302368164,1.709138035774231,1.709138035774231,0.9693520069122314,0.0,0.0,0.0,0.0,0.45697811245918274,0.0,0.45697829127311707,0.45697829127311707,0.6894410848617554,0.0,1.709138035774231,1.709138035774231,1.709138035774231,1.703145146369934,0.12561410665512085,0.17709149420261383,0.028829213231801987,1.0,0.7189975380897522,0.6277978420257568,0.7042752504348755,0.0,,,,,,,,,,,,,,,12.0,0.0,0.0,0.0,0.0,0.0,0.0,,,,,,,,,,,,,,,,,,,,,,0.001
22,7320,train,19.443401336669922,16.188343048095703,16.18785858154297,0.0,0.018243517726659775,0.018243517726659775,0.0,0.009313092567026615,5.999999848427251e-05,0.029999999329447746,0.006000000052154064,0.029999999329447746,0.0006000000284984708,0.0006000000284984708,0.6000000238418579,0.00021403848950285465,0.15575626492500305,0.0,0.0,0.0,0.0,0.0,0.0,0.0,0.0,0.4679614305496216,0.4679614305496216,1.0,0.4679614305496216,0.4679614305496216,0.4679614305496216,0.0,-0.005878369323909283,0.13417673110961914,1.0,0.00021403848950285465,1.0,0.0,0.0,0.00021403848950285465,0.0,0.0,0.15575626492500305,0.0,0.4557563066482544,0.0,0.45575636625289917,0.45575636625289917,0.6892268657684326,0.0,0.0,0.0,0.0,0.0,0.0,0.0,0.0,1.0,0.0,0.0001441134518245235,0.4177827835083008,0.0629904568195343,0.9616879224777222,0.0,16.18785858154297,16.188343048095703,16.188343048095703,0.1708097755908966,-0.07949580997228622,1.949455007144163e-11,0.0,0.0,4.545456409454346,4.545456409454346,1.713568091392517,1.713568091392517,0.7266545295715332,0.0,0.0,0.0,0.0,0.455756276845932,0.0,0.45575636625289917,0.45575636625289917,0.6892268657684326,0.0,1.713568091392517,1.7135679721832275,1.713568091392517,1.707277536392212,0.13417673110961914,0.1774984896183014,0.0289935115724802,1.0,0.5945374965667725,0.6377342939376831,0.5976002216339111,0.0,,,,,,,,,,,,,,,12.0,0.0,0.0,0.0,0.0,0.0,0.0,,,,,,,,,,,,,,,,,,,,,,0.001
22,7340,train,19.923751831054688,16.5885066986084,16.588956832885742,0.0,0.017913103103637695,0.017913103103637695,0.0,0.009409317746758461,5.999999848427251e-05,0.029999999329447746,0.006000000052154064,0.029999999329447746,0.0006000000284984708,0.0006000000284984708,0.6000000238418579,0.00028491191915236413,0.15604710578918457,0.0,0.0,0.0,0.0,0.0,0.0,0.0,0.0,0.4673245847225189,0.4673245847225189,1.0,0.4673245847225189,0.46732455492019653,0.46732455492019653,0.0,-0.007396963890641928,0.12806962430477142,1.0,0.00028491191915236413,1.0,0.0,0.0,0.00028491191915236413,0.0,0.0,0.15604710578918457,0.0,0.4560471177101135,0.0,0.4560471475124359,0.4560471475124359,0.6892783045768738,0.0,0.0,0.0,0.0,0.0,0.0,0.0,0.0,1.0,0.0,-2.2291615096037276e-05,0.4128444492816925,0.06316505372524261,0.9614867568016052,0.0,16.588956832885742,16.5885066986084,16.5885066986084,0.20718927681446075,-0.08415212482213974,1.0103937686523068e-09,0.0,0.0,4.546586990356445,4.546586990356445,1.7118008136749268,1.7118008136749268,0.8798912763595581,0.0,0.0,0.0,0.0,0.4560471177101135,0.0,0.4560471475124359,0.4560471475124359,0.6892783045768738,0.0,1.7118008136749268,1.7118008136749268,1.7118008136749268,1.715537667274475,0.12806962430477142,0.1777680665254593,0.028937071561813354,1.0,0.6771103143692017,0.6392937302589417,0.6321114301681519,0.0,,,,,,,,,,,,,,,12.0,0.0,0.0,0.0,0.0,0.0,0.0,,,,,,,,,,,,,,,,,,,,,,0.001
22,7348,train_epoch,19.25659959758827,16.032706683267378,16.03255680792346,0.0,0.017666036380220674,0.017666036380220674,0.0,0.009286015938610552,5.999999848427251e-05,0.029999999329447746,0.006000000052154064,0.029999999329447746,0.0006000000284984708,0.0006000000284984708,0.6000000238418579,0.00019004362463044186,0.15496445041216775,0.0,0.0,0.0,0.0,0.0,0.0,0.0,0.0,0.46552119854681506,0.46552119854681506,1.0,0.46552119854681506,0.46552119934987163,0.46552119934987163,0.0,-0.007171720126922616,0.1302647245545944,1.0,0.00019004362463044186,1.0,0.0,0.0,0.00019004362463044186,0.0,0.0,0.15496445041216775,0.0,0.4549644621546397,0.0,0.4549644490380487,0.4549644490380487,0.6890652133319193,0.0,0.0,0.0,0.0,0.0,0.0,0.0,0.0,1.0,0.0,-3.684195489917939e-05,0.417686764173165,0.0627389908349978,0.9599146146974163,0.0,16.03255680792346,16.032706683267378,16.032706683267378,0.20006468713640452,-0.10050442595659437,4.2030498154928685e-12,0.0,0.0,4.523406495591123,4.523406492735812,1.7032993186019851,1.7032993186019851,0.8727836758790616,0.0,0.0,0.0,0.0,0.45496446233309673,0.0,0.45496443743834236,0.45496443743834236,0.6890652133319193,0.0,1.703299262566481,1.7032992736308161,1.7032993186019851,1.703600647563706,0.1302647245545944,0.17841415415088574,0.028926635339499233,1.0,0.6336464296557947,0.6339917723647135,0.633760163527049,0.0,,,,,,,,,,,,,,,12.0,0.0,0.0,0.0,0.0,0.0,0.0,,,,,,,,,,,,,,,,,,,,,,0.001
22,7348,val,,,,,,,,,,,,,,,,,,,,,,,,,,,,,,,,,,,,,,,,,,,,,,,,,,,,,,,,,,,,,,,,,,,,,,,,,,,,,,,,,,,,,,,,,,,,,,,,,,,,,,,,,,,,,,,,,,,,,,,,,15.815139770507812,644.4889526367188,25.38678696953828,0.1218189001083374,0.0674915462732315,14.44009780883789,23.26316149230769,0.10158632695674896,0.06168907880783081,15.773504257202148,25.364688676201506,0.12498505413532257,0.06732352077960968,18.002809524536133,28.549347568412685,0.13818080723285675,0.07670056074857712,15.815139770507812,25.38678696953828,0.1218189001083374,0.0674915462732315,0.001
22,7348,test_select,,,,,,,,,,,,,,,,,,,,,,,,,,,,,,,,,,,,,,,,,,,,,,,,,,,,,,,,,,,,,,,,,,,,,,,,,,,,,,,,,,,,,,,,,,,,,,,,,,,,,,,,,,,,,,,,,,,,,,,,,21.5861873626709,1175.942138671875,34.29201275329103,0.14381776750087738,0.08767722547054291,17.346805572509766,27.30876444884785,0.11096052825450897,0.07041793316602707,21.291976928710938,33.49844220083693,0.14463815093040466,0.08647395670413971,28.16360092163086,43.470340834028,0.17996691167354584,0.11450076103210449,21.5861873626709,34.29201275329103,0.14381776750087738,0.08767722547054291,0.001
23,7360,train,18.769620895385742,15.625282287597656,15.62710952758789,0.0,0.018640441820025444,0.018640441820025444,0.0,0.009501534514129162,6.500000017695129e-05,0.032499998807907104,0.006500000134110451,0.032499998807907104,0.0006500000017695129,0.0006500000017695129,0.6499999761581421,0.00020693916303571314,0.15386196970939636,0.0,0.0,0.0,0.0,0.0,0.0,0.0,0.0,0.4669781029224396,0.4669781029224396,1.0,0.4669781029224396,0.4669781029224396,0.4669781029224396,0.0,-0.008036624640226364,0.14786404371261597,1.0,0.00020693916303571314,1.0,0.0,0.0,0.00020693916303571314,0.0,0.0,0.15386196970939636,0.0,0.4538619816303253,0.0,0.45386192202568054,0.45386192202568054,0.6888834834098816,0.0,0.0,0.0,0.0,0.0,0.0,0.0,0.0,1.0,0.0,-0.00014071773330215365,0.41316166520118713,0.06315958499908447,0.9612622857093811,0.0,15.62710952758789,15.625282287597656,15.625282287597656,0.23741285502910614,-0.17264994978904724,2.2661753029673548e-10,0.0,0.0,4.761565208435059,4.761565208435059,1.7106528282165527,1.7106528282165527,1.083756446838379,0.0,0.0,0.0,0.0,0.4538619816303253,0.0,0.45386192202568054,0.45386192202568054,0.6888834834098816,0.0,1.7106528282165527,1.7106528282165527,1.7106528282165527,1.711222767829895,0.14786404371261597,0.17703072726726532,0.028969647362828255,1.0,0.6615050435066223,0.6592206954956055,0.6012646555900574,0.0,,,,,,,,,,,,,,,12.0,0.0,0.0,0.0,0.0,0.0,0.0,,,,,,,,,,,,,,,,,,,,,,0.001
23,7380,train,18.17181968688965,15.127413749694824,15.126988410949707,0.0,0.020696429535746574,0.020696429535746574,0.0,0.009543054737150669,6.500000017695129e-05,0.032499998807907104,0.006500000134110451,0.032499998807907104,0.0006500000017695129,0.0006500000017695129,0.6499999761581421,0.00025424902560189366,0.15001603960990906,0.0,0.0,0.0,0.0,0.0,0.0,0.0,0.0,0.46760183572769165,0.46760183572769165,1.0,0.46760183572769165,0.46760183572769165,0.46760183572769165,0.0,-0.0072058397345244884,0.16476790606975555,1.0,0.00025424902560189366,1.0,0.0,0.0,0.00025424902560189366,0.0,0.0,0.15001603960990906,0.0,0.450016051530838,0.0,0.4500160217285156,0.4500160217285156,0.6881421208381653,0.0,0.0,0.0,0.0,0.0,0.0,0.0,0.0,1.0,0.0,0.00018910451035480946,0.4141979515552521,0.0633166953921318,0.9611908197402954,0.0,15.126988410949707,15.127413749694824,15.127413749694824,0.20055298507213593,-0.08203969150781631,3.06156558438353e-11,0.0,0.0,4.2328691482543945,4.2328691482543945,1.7088648080825806,1.7088648080825806,0.8241656422615051,0.0,0.0,0.0,0.0,0.450016051530838,0.0,0.4500160217285156,0.4500160217285156,0.6881421208381653,0.0,1.7088648080825806,1.7088648080825806,1.7088648080825806,1.7190415859222412,0.16476790606975555,0.1769762635231018,0.029168598353862762,1.0,0.6545107364654541,0.6727349162101746,0.6935674548149109,0.0,,,,,,,,,,,,,,,12.0,0.0,0.0,0.0,0.0,0.0,0.0,,,,,,,,,,,,,,,,,,,,,,0.001
23,7400,train,17.917816162109375,14.916682243347168,14.911104202270508,0.0,0.01940535567700863,0.01940535567700863,0.0,0.009694449603557587,6.500000017695129e-05,0.032499998807907104,0.006500000134110451,0.032499998807907104,0.0006500000017695129,0.0006500000017695129,0.6499999761581421,0.00015228567644953728,0.14974689483642578,0.0,0.0,0.0,0.0,0.0,0.0,0.0,0.0,0.46624699234962463,0.46624699234962463,1.0,0.46624699234962463,0.46624699234962463,0.46624699234962463,0.0,-0.006858963053673506,0.14610818028450012,1.0,0.00015228567644953728,1.0,0.0,0.0,0.00015228567644953728,0.0,0.0,0.14974689483642578,0.0,0.44974690675735474,0.0,0.4497467875480652,0.4497467875480652,0.6880876421928406,0.0,0.0,0.0,0.0,0.0,0.0,0.0,0.0,1.0,0.0,-0.0006578281172551215,0.41392579674720764,0.06357056647539139,0.9602723717689514,0.0,14.911104202270508,14.916682243347168,14.916682243347168,0.1966157853603363,-0.07660280168056488,3.044973162502629e-10,0.0,0.0,4.250293731689453,4.250293731689453,1.7090950012207031,1.7090950012207031,0.7741507291793823,0.0,0.0,0.0,0.0,0.44974690675735474,0.0,0.4497467577457428,0.4497467577457428,0.6880876421928406,0.0,1.7090950012207031,1.7090950012207031,1.7090950012207031,1.7109651565551758,0.14610818028450012,0.17694680392742157,0.028911743313074112,1.0,0.6245248317718506,0.5930907130241394,0.5793053507804871,0.0,,,,,,,,,,,,,,,12.0,0.0,0.0,0.0,0.0,0.0,0.0,,,,,,,,,,,,,,,,,,,,,,0.001
23,7420,train,17.961376190185547,14.952978134155273,14.947555541992188,0.0,0.018508128821849823,0.018508128821849823,0.0,0.009720875881612301,6.500000017695129e-05,0.032499998807907104,0.006500000134110451,0.032499998807907104,0.0006500000017695129,0.0006500000017695129,0.6499999761581421,0.00021817618107888848,0.15088844299316406,0.0,0.0,0.0,0.0,0.0,0.0,0.0,0.0,0.46636685729026794,0.46636685729026794,1.0,0.46636685729026794,0.46636685729026794,0.46636685729026794,0.0,-0.008088000118732452,0.1369614601135254,1.0,0.00021817618107888848,1.0,0.0,0.0,0.00021817618107888848,0.0,0.0,0.15088844299316406,0.0,0.450888454914093,0.0,0.45088833570480347,0.45088833570480347,0.688315749168396,0.0,0.0,0.0,0.0,0.0,0.0,0.0,0.0,1.0,0.0,-0.000764728058129549,0.41421231627464294,0.06369750201702118,0.9604198336601257,0.0,14.947555541992188,14.952978134155273,14.952978134155273,0.17211106419563293,-0.06659308075904846,3.0048241672631093e-10,0.0,0.0,4.535110950469971,4.535110950469971,1.715589165687561,1.715589165687561,0.7217035293579102,0.0,0.0,0.0,0.0,0.450888454914093,0.0,0.45088833570480347,0.45088833570480347,0.688315749168396,0.0,1.715589165687561,1.7155888080596924,1.715589165687561,1.715849757194519,0.1369614601135254,0.17643842101097107,0.028835633769631386,1.0,0.6608022451400757,0.641732394695282,0.6147497892379761,0.0,,,,,,,,,,,,,,,12.0,0.0,0.0,0.0,0.0,0.0,0.0,,,,,,,,,,,,,,,,,,,,,,0.001
23,7440,train,18.453828811645508,15.36211109161377,15.364521026611328,0.0,0.01775875687599182,0.01775875687599182,0.0,0.009824800305068493,6.500000017695129e-05,0.032499998807907104,0.006500000134110451,0.032499998807907104,0.0006500000017695129,0.0006500000017695129,0.6499999761581421,0.00019628148584160954,0.14984247088432312,0.0,0.0,0.0,0.0,0.0,0.0,0.0,0.0,0.4651155471801758,0.4651155471801758,1.0,0.4651155471801758,0.4651155471801758,0.4651155471801758,0.0,-0.009402571246027946,0.1535758674144745,1.0,0.00019628148584160954,1.0,0.0,0.0,0.00019628148584160954,0.0,0.0,0.14984247088432312,0.0,0.4498424530029297,0.0,0.4498423933982849,0.4498423933982849,0.6881071329116821,0.0,0.0,0.0,0.0,0.0,0.0,0.0,0.0,1.0,0.0,-0.0004079722857568413,0.410702645778656,0.06387325376272202,0.9600271582603455,0.0,15.364521026611328,15.36211109161377,15.36211109161377,0.18786050379276276,-0.08428330719470978,-6.4068861327371e-11,0.0,0.0,4.322861671447754,4.322861671447754,1.7111471891403198,1.7111471891403198,0.7804572582244873,0.0,0.0,0.0,0.0,0.4498424828052521,0.0,0.4498423635959625,0.4498423635959625,0.6881071329116821,0.0,1.7111471891403198,1.7111471891403198,1.7111471891403198,1.7165286540985107,0.1535758674144745,0.17654827237129211,0.029150694608688354,1.0,0.5800438523292542,0.6129870414733887,0.5917059779167175,0.0,,,,,,,,,,,,,,,12.0,0.0,0.0,0.0,0.0,0.0,0.0,,,,,,,,,,,,,,,,,,,,,,0.001
23,7460,train,16.693632125854492,13.89543342590332,13.897103309631348,0.0,0.015744443982839584,0.015744443982839584,0.0,0.009961099363863468,6.500000017695129e-05,0.032499998807907104,0.006500000134110451,0.032499998807907104,0.0006500000017695129,0.0006500000017695129,0.6499999761581421,0.0002186632773373276,0.15037459135055542,0.0,0.0,0.0,0.0,0.0,0.0,0.0,0.0,0.46585530042648315,0.46585530042648315,1.0,0.46585530042648315,0.46585530042648315,0.46585530042648315,0.0,-0.007585040759295225,0.14506058394908905,1.0,0.0002186632773373276,1.0,0.0,0.0,0.0002186632773373276,0.0,0.0,0.15037459135055542,0.0,0.4503746032714844,0.0,0.4503745436668396,0.4503745436668396,0.6882135272026062,0.0,0.0,0.0,0.0,0.0,0.0,0.0,0.0,1.0,0.0,0.0005050286999903619,0.4120815098285675,0.06426330655813217,0.9595763087272644,0.0,13.897103309631348,13.89543342590332,13.89543342590332,0.18162916600704193,-0.0999021902680397,1.0319591708940479e-10,0.0,0.0,4.657751560211182,4.657751560211182,1.7106109857559204,1.7106109857559204,0.8241205811500549,0.0,0.0,0.0,0.0,0.4503746032714844,0.0,0.4503745436668396,0.4503745436668396,0.6882135272026062,0.0,1.7106109857559204,1.7106108665466309,1.7106109857559204,1.7198587656021118,0.14506058394908905,0.1776529848575592,0.029031895101070404,1.0,0.5818546414375305,0.6048711538314819,0.5750761032104492,0.0,,,,,,,,,,,,,,,12.0,0.0,0.0,0.0,0.0,0.0,0.0,,,,,,,,,,,,,,,,,,,,,,0.001
23,7480,train,19.136789321899414,15.932013511657715,15.929997444152832,0.0,0.016479987651109695,0.016479987651109695,0.0,0.010028278455138206,6.500000017695129e-05,0.032499998807907104,0.006500000134110451,0.032499998807907104,0.0006500000017695129,0.0006500000017695129,0.6499999761581421,0.00026627042097970843,0.15132519602775574,0.0,0.0,0.0,0.0,0.0,0.0,0.0,0.0,0.4651753008365631,0.4651753008365631,1.0,0.4651753008365631,0.4651753306388855,0.4651753306388855,0.0,-0.008697908371686935,0.14105147123336792,1.0,0.00026627042097970843,1.0,0.0,0.0,0.00026627042097970843,0.0,0.0,0.15132519602775574,0.0,0.4513252377510071,0.0,0.45132511854171753,0.45132511854171753,0.6884009838104248,0.0,0.0,0.0,0.0,0.0,0.0,0.0,0.0,1.0,0.0,-0.0003462160821072757,0.4110959768295288,0.06440544128417969,0.9599155187606812,0.0,15.929997444152832,15.932013511657715,15.932013511657715,0.21020182967185974,-0.12784670293331146,-2.6700103239463147e-10,0.0,0.0,4.444313049316406,4.444313049316406,1.7114371061325073,1.7114371061325073,0.9190971851348877,0.0,0.0,0.0,0.0,0.4513252079486847,0.0,0.45132508873939514,0.45132508873939514,0.6884009838104248,0.0,1.7114369869232178,1.7114369869232178,1.7114371061325073,1.7173824310302734,0.14105147123336792,0.17702065408229828,0.02907155640423298,1.0,0.6717373132705688,0.6870924234390259,0.6760544776916504,0.0,,,,,,,,,,,,,,,12.0,0.0,0.0,0.0,0.0,0.0,0.0,,,,,,,,,,,,,,,,,,,,,,0.001
23,7500,train,19.841951370239258,16.51935577392578,16.518444061279297,0.0,0.02135857567191124,0.02135857567191124,0.0,0.010091742500662804,6.500000017695129e-05,0.032499998807907104,0.006500000134110451,0.032499998807907104,0.0006500000017695129,0.0006500000017695129,0.6499999761581421,0.00025552979786880314,0.14855808019638062,0.0,0.0,0.0,0.0,0.0,0.0,0.0,0.0,0.4645351767539978,0.4645351767539978,1.0,0.4645351767539978,0.4645352065563202,0.4645352065563202,0.0,-0.01024278812110424,0.1696358025074005,1.0,0.00025552979786880314,1.0,0.0,0.0,0.00025552979786880314,0.0,0.0,0.14855808019638062,0.0,0.44855809211730957,0.0,0.4485582709312439,0.4485582709312439,0.6878452897071838,0.0,0.0,0.0,0.0,0.0,0.0,0.0,0.0,1.0,0.0,0.0006738752708770335,0.40948721766471863,0.0645807534456253,0.959337055683136,0.0,16.518444061279297,16.51935577392578,16.51935577392578,0.19497528672218323,-0.08903118222951889,-6.998617241293914e-10,0.0,0.0,4.658099174499512,4.658099174499512,1.7163628339767456,1.7163628339767456,0.8914089798927307,0.0,0.0,0.0,0.0,0.44855809211730957,0.0,0.4485582411289215,0.4485582411289215,0.6878452897071838,0.0,1.7163628339767456,1.7163628339767456,1.7163628339767456,1.7229905128479004,0.1696358025074005,0.17794127762317657,0.02910238690674305,1.0,0.6339945793151855,0.6390883922576904,0.6304214596748352,0.0,,,,,,,,,,,,,,,12.0,0.0,0.0,0.0,0.0,0.0,0.0,,,,,,,,,,,,,,,,,,,,,,0.001
23,7520,train,18.499155044555664,15.400830268859863,15.397174835205078,0.0,0.02057444117963314,0.02057444117963314,0.0,0.010120226070284843,6.500000017695129e-05,0.032499998807907104,0.006500000134110451,0.032499998807907104,0.0006500000017695129,0.0006500000017695129,0.6499999761581421,0.00021228709374554455,0.14715954661369324,0.0,0.0,0.0,0.0,0.0,0.0,0.0,0.0,0.4647761285305023,0.4647761285305023,1.0,0.4647761285305023,0.46477609872817993,0.46477609872817993,0.0,-0.007357676513493061,0.16408908367156982,1.0,0.00021228709374554455,1.0,0.0,0.0,0.00021228709374554455,0.0,0.0,0.14715954661369324,0.0,0.4471595585346222,0.0,0.44715937972068787,0.44715937972068787,0.687552809715271,0.0,0.0,0.0,0.0,0.0,0.0,0.0,0.0,1.0,0.0,0.0003299881936982274,0.41040900349617004,0.06431332230567932,0.9588504433631897,0.0,15.397174835205078,15.400830268859863,15.400830268859863,0.20827727019786835,-0.08873490989208221,1.7364945592568404e-10,0.0,0.0,4.407702922821045,4.407702922821045,1.7152069807052612,1.7152069807052612,0.8440191149711609,0.0,0.0,0.0,0.0,0.4471595585346222,0.0,0.44715937972068787,0.44715937972068787,0.687552809715271,0.0,1.7152069807052612,1.7152067422866821,1.7152069807052612,1.7141063213348389,0.16408908367156982,0.17869415879249573,0.029211169108748436,1.0,0.6610691547393799,0.6199102401733398,0.6342107653617859,0.0,,,,,,,,,,,,,,,12.0,0.0,0.0,0.0,0.0,0.0,0.0,,,,,,,,,,,,,,,,,,,,,,0.001
23,7540,train,17.745574951171875,14.772791862487793,14.769740104675293,0.0,0.018347926437854767,0.018347926437854767,0.0,0.010141192004084587,6.500000017695129e-05,0.032499998807907104,0.006500000134110451,0.032499998807907104,0.0006500000017695129,0.0006500000017695129,0.6499999761581421,0.00014035083586350083,0.14947032928466797,0.0,0.0,0.0,0.0,0.0,0.0,0.0,0.0,0.4651358425617218,0.4651358425617218,1.0,0.4651358425617218,0.4651358127593994,0.4651358127593994,0.0,-0.005609162617474794,0.1345723569393158,1.0,0.00014035083586350083,1.0,0.0,0.0,0.00014035083586350083,0.0,0.0,0.14947032928466797,0.0,0.4494703412055969,0.0,0.4494702219963074,0.4494702219963074,0.6880321502685547,0.0,0.0,0.0,0.0,0.0,0.0,0.0,0.0,1.0,0.0,0.0007163560949265957,0.4097622334957123,0.06431590020656586,0.9594362378120422,0.0,14.769740104675293,14.772791862487793,14.772791862487793,0.20399145781993866,-0.1189359799027443,1.241035885168884e-10,0.0,0.0,4.676666736602783,4.676666736602783,1.719262719154358,1.719262719154358,0.9443919658660889,0.0,0.0,0.0,0.0,0.4494703412055969,0.0,0.449470192193985,0.449470192193985,0.6880321502685547,0.0,1.719262719154358,1.719262719154358,1.719262719154358,1.7166999578475952,0.1345723569393158,0.17710645496845245,0.02918286621570587,1.0,0.6011762619018555,0.619133472442627,0.6235487461090088,0.0,,,,,,,,,,,,,,,12.0,0.0,0.0,0.0,0.0,0.0,0.0,,,,,,,,,,,,,,,,,,,,,,0.001
23,7560,train,18.843034744262695,15.686690330505371,15.68720531463623,0.0,0.017882926389575005,0.017882926389575005,0.0,0.01018268708139658,6.500000017695129e-05,0.032499998807907104,0.006500000134110451,0.032499998807907104,0.0006500000017695129,0.0006500000017695129,0.6499999761581421,0.00025473174173384905,0.1529809832572937,0.0,0.0,0.0,0.0,0.0,0.0,0.0,0.0,0.46727219223976135,0.46727219223976135,1.0,0.46727219223976135,0.46727225184440613,0.46727225184440613,0.0,-0.005791286937892437,0.11713266372680664,1.0,0.00025473174173384905,1.0,0.0,0.0,0.00025473174173384905,0.0,0.0,0.1529809832572937,0.0,0.45298099517822266,0.0,0.4529808759689331,0.4529808759689331,0.6887189745903015,0.0,0.0,0.0,0.0,0.0,0.0,0.0,0.0,1.0,0.0,0.0001805353385861963,0.4093804955482483,0.06475242227315903,0.9601306319236755,0.0,15.68720531463623,15.686690330505371,15.686690330505371,0.21887001395225525,-0.13665327429771423,-1.6434393776409983e-11,0.0,0.0,4.566392421722412,4.566392421722412,1.7230703830718994,1.7230703830718994,0.9933996200561523,0.0,0.0,0.0,0.0,0.45298099517822266,0.0,0.4529808759689331,0.4529808759689331,0.6887189745903015,0.0,1.7230703830718994,1.7230703830718994,1.7230703830718994,1.7183270454406738,0.11713266372680664,0.17686650156974792,0.029322167858481407,1.0,0.6688272953033447,0.6420617699623108,0.6848112940788269,0.0,,,,,,,,,,,,,,,12.0,0.0,0.0,0.0,0.0,0.0,0.0,,,,,,,,,,,,,,,,,,,,,,0.001
23,7580,train,20.018760681152344,16.666475296020508,16.666784286499023,0.0,0.017808951437473297,0.017808951437473297,0.0,0.010009530000388622,6.500000017695129e-05,0.032499998807907104,0.006500000134110451,0.032499998807907104,0.0006500000017695129,0.0006500000017695129,0.6499999761581421,0.0001670589263085276,0.15593555569648743,0.0,0.0,0.0,0.0,0.0,0.0,0.0,0.0,0.4679039716720581,0.4679039716720581,1.0,0.4679039716720581,0.4679039418697357,0.4679039418697357,0.0,-0.0054917470552027225,0.11375647783279419,1.0,0.0001670589263085276,1.0,0.0,0.0,0.0001670589263085276,0.0,0.0,0.15593555569648743,0.0,0.4559355676174164,0.0,0.4559357166290283,0.4559357166290283,0.6892586946487427,0.0,0.0,0.0,0.0,0.0,0.0,0.0,0.0,1.0,0.0,-0.0003231902082916349,0.4108316898345947,0.06421098113059998,0.9617374539375305,0.0,16.666784286499023,16.666475296020508,16.666475296020508,0.21455267071723938,-0.11804094910621643,1.604298638380186e-10,0.0,0.0,4.5403337478637695,4.5403337478637695,1.7243521213531494,1.7243521213531494,0.9656469821929932,0.0,0.0,0.0,0.0,0.4559355676174164,0.0,0.4559357166290283,0.4559357166290283,0.6892586946487427,0.0,1.7243520021438599,1.7243520021438599,1.7243521213531494,1.719866394996643,0.11375647783279419,0.1752939075231552,0.029066428542137146,1.0,0.5803990364074707,0.5919250249862671,0.5992770195007324,0.0,,,,,,,,,,,,,,,12.0,0.0,0.0,0.0,0.0,0.0,0.0,,,,,,,,,,,,,,,,,,,,,,0.001
23,7600,train,18.884164810180664,15.720779418945312,15.722125053405762,0.0,0.017606109380722046,0.017606109380722046,0.0,0.009881787933409214,6.500000017695129e-05,0.032499998807907104,0.006500000134110451,0.032499998807907104,0.0006500000017695129,0.0006500000017695129,0.6499999761581421,0.00018160368199460208,0.15675827860832214,0.0,0.0,0.0,0.0,0.0,0.0,0.0,0.0,0.4689199924468994,0.4689199924468994,1.0,0.4689199924468994,0.468919962644577,0.468919962644577,0.0,-0.006436188239604235,0.12643004953861237,1.0,0.00018160368199460208,1.0,0.0,0.0,0.00018160368199460208,0.0,0.0,0.15675827860832214,0.0,0.4567582905292511,0.0,0.45675814151763916,0.45675814151763916,0.6894028782844543,0.0,0.0,0.0,0.0,0.0,0.0,0.0,0.0,1.0,0.0,0.0002623653563205153,0.4111385643482208,0.06381157040596008,0.9629685282707214,0.0,15.722125053405762,15.720779418945312,15.720779418945312,0.20401346683502197,-0.06951911747455597,2.1005655548300695e-10,0.0,0.0,4.302278995513916,4.302278995513916,1.7207179069519043,1.7207179069519043,0.8496429324150085,0.0,0.0,0.0,0.0,0.4567582905292511,0.0,0.45675814151763916,0.45675814151763916,0.6894028782844543,0.0,1.7207179069519043,1.7207179069519043,1.7207179069519043,1.7239354848861694,0.12643004953861237,0.17514561116695404,0.02925647608935833,1.0,0.6032388806343079,0.5913805961608887,0.5910780429840088,0.0,,,,,,,,,,,,,,,12.0,0.0,0.0,0.0,0.0,0.0,0.0,,,,,,,,,,,,,,,,,,,,,,0.001
23,7620,train,19.670181274414062,16.37578582763672,16.37744140625,0.0,0.017439497634768486,0.017439497634768486,0.0,0.009946811012923717,6.500000017695129e-05,0.032499998807907104,0.006500000134110451,0.032499998807907104,0.0006500000017695129,0.0006500000017695129,0.6499999761581421,0.00018487023771740496,0.15349313616752625,0.0,0.0,0.0,0.0,0.0,0.0,0.0,0.0,0.46775156259536743,0.46775156259536743,1.0,0.46775156259536743,0.46775156259536743,0.46775156259536743,0.0,-0.00801450852304697,0.15975522994995117,1.0,0.00018487023771740496,1.0,0.0,0.0,0.00018487023771740496,0.0,0.0,0.15349313616752625,0.0,0.4534931778907776,0.0,0.4534932076931,0.4534932076931,0.6888154149055481,0.0,0.0,0.0,0.0,0.0,0.0,0.0,0.0,1.0,0.0,0.00024306999694090337,0.41033798456192017,0.06391702592372894,0.962721049785614,0.0,16.37744140625,16.37578582763672,16.37578582763672,0.20502781867980957,-0.10641264170408249,4.672419395834737e-11,0.0,0.0,4.50681734085083,4.50681734085083,1.7218126058578491,1.7218126058578491,0.8684074878692627,0.0,0.0,0.0,0.0,0.4534931480884552,0.0,0.4534931778907776,0.4534931778907776,0.6888154149055481,0.0,1.7218126058578491,1.7218126058578491,1.7218126058578491,1.7216603755950928,0.15975522994995117,0.17503902316093445,0.02931515872478485,1.0,0.5997491478919983,0.5838581919670105,0.5798371434211731,0.0,,,,,,,,,,,,,,,12.0,0.0,0.0,0.0,0.0,0.0,0.0,,,,,,,,,,,,,,,,,,,,,,0.001
23,7640,train,18.838401794433594,15.683431625366211,15.680306434631348,0.0,0.018035825341939926,0.018035825341939926,0.0,0.010034552775323391,6.500000017695129e-05,0.032499998807907104,0.006500000134110451,0.032499998807907104,0.0006500000017695129,0.0006500000017695129,0.6499999761581421,0.00019271011115051806,0.15081974864006042,0.0,0.0,0.0,0.0,0.0,0.0,0.0,0.0,0.4673415422439575,0.4673415422439575,1.0,0.4673415422439575,0.46734151244163513,0.46734151244163513,0.0,-0.008019385859370232,0.16585543751716614,1.0,0.00019271011115051806,1.0,0.0,0.0,0.00019271011115051806,0.0,0.0,0.15081974864006042,0.0,0.4508197605609894,0.0,0.45081958174705505,0.45081958174705505,0.6883017420768738,0.0,0.0,0.0,0.0,0.0,0.0,0.0,0.0,1.0,0.0,-0.00015039402933325619,0.4105462431907654,0.06417948752641678,0.9620772004127502,0.0,15.680306434631348,15.683431625366211,15.683431625366211,0.20467184484004974,-0.13257963955402374,1.8374424204381512e-10,0.0,0.0,4.718710422515869,4.718709945678711,1.7241884469985962,1.7241884469985962,0.9900301098823547,0.0,0.0,0.0,0.0,0.4508197605609894,0.0,0.45081958174705505,0.45081958174705505,0.6883017420768738,0.0,1.7241884469985962,1.7241884469985962,1.7241884469985962,1.7239233255386353,0.16585543751716614,0.17540870606899261,0.02924923039972782,1.0,0.6441913843154907,0.6451148986816406,0.6101380586624146,0.0,,,,,,,,,,,,,,,12.0,0.0,0.0,0.0,0.0,0.0,0.0,,,,,,,,,,,,,,,,,,,,,,0.001
23,7660,train,20.21904754638672,16.83333396911621,16.833675384521484,0.0,0.019332822412252426,0.019332822412252426,0.0,0.010120372287929058,6.500000017695129e-05,0.032499998807907104,0.006500000134110451,0.032499998807907104,0.0006500000017695129,0.0006500000017695129,0.6499999761581421,0.0001958028005901724,0.15151116251945496,0.0,0.0,0.0,0.0,0.0,0.0,0.0,0.0,0.46799543499946594,0.46799543499946594,1.0,0.46799543499946594,0.46799546480178833,0.46799546480178833,0.0,-0.005193590652197599,0.142024964094162,1.0,0.0001958028005901724,1.0,0.0,0.0,0.0001958028005901724,0.0,0.0,0.15151116251945496,0.0,0.4515111744403839,0.0,0.45151108503341675,0.45151108503341675,0.6884377002716064,0.0,0.0,0.0,0.0,0.0,0.0,0.0,0.0,1.0,0.0,-0.0003680372901726514,0.4077663719654083,0.06427596509456635,0.9617919325828552,0.0,16.833675384521484,16.83333396911621,16.83333396911621,0.23815007507801056,-0.15964441001415253,1.5868162339671699e-10,0.0,0.0,4.399545669555664,4.399545669555664,1.721919059753418,1.721919059753418,1.099643588066101,0.0,0.0,0.0,0.0,0.4515111744403839,0.0,0.45151108503341675,0.45151108503341675,0.6884377002716064,0.0,1.721919059753418,1.721919059753418,1.721919059753418,1.7223793268203735,0.142024964094162,0.1743670552968979,0.029407456517219543,1.0,0.5871548652648926,0.6511328816413879,0.6295108199119568,0.0,,,,,,,,,,,,,,,12.0,0.0,0.0,0.0,0.0,0.0,0.0,,,,,,,,,,,,,,,,,,,,,,0.001
23,7680,train,18.775360107421875,15.629949569702148,15.632512092590332,0.0,0.017641104757785797,0.017641104757785797,0.0,0.010179040022194386,6.500000017695129e-05,0.032499998807907104,0.006500000134110451,0.032499998807907104,0.0006500000017695129,0.0006500000017695129,0.6499999761581421,0.00023585156304761767,0.15149417519569397,0.0,0.0,0.0,0.0,0.0,0.0,0.0,0.0,0.46757498383522034,0.46757498383522034,1.0,0.46757498383522034,0.46757498383522034,0.46757498383522034,0.0,-0.00989008042961359,0.1485939621925354,1.0,0.00023585156304761767,1.0,0.0,0.0,0.00023585156304761767,0.0,0.0,0.15149417519569397,0.0,0.4514941871166229,0.0,0.45149415731430054,0.45149415731430054,0.6884344816207886,0.0,0.0,0.0,0.0,0.0,0.0,0.0,0.0,1.0,0.0,0.00012685680121649057,0.4091174900531769,0.0644439086318016,0.9618691802024841,0.0,15.632512092590332,15.629949569702148,15.629949569702148,0.22212618589401245,-0.14170314371585846,-1.3444839686016508e-10,0.0,0.0,4.598050117492676,4.598050117492676,1.7249399423599243,1.7249399423599243,1.0089199542999268,0.0,0.0,0.0,0.0,0.4514941871166229,0.0,0.45149415731430054,0.45149415731430054,0.6884344816207886,0.0,1.7249400615692139,1.7249397039413452,1.7249399423599243,1.7274073362350464,0.1485939621925354,0.17404954135417938,0.029379012063145638,1.0,0.6162717342376709,0.5842534899711609,0.6345058679580688,0.0,,,,,,,,,,,,,,,12.0,0.0,0.0,0.0,0.0,0.0,0.0,,,,,,,,,,,,,,,,,,,,,,0.001
23,7682,train_epoch,19.071234394690233,15.876967961202839,15.876845294130062,0.0,0.0184314735763578,0.0184314735763578,0.0,0.009934676763696406,6.500000017695129e-05,0.032499998807907104,0.006500000134110451,0.032499998807907104,0.0006500000017695129,0.0006500000017695129,0.6499999761581421,0.00019282506341668833,0.1514817528025119,0.0,0.0,0.0,0.0,0.0,0.0,0.0,0.0,0.46666826004396655,0.46666826004396655,1.0,0.46666826004396655,0.46666826057933763,0.46666826057933763,0.0,-0.007380241030425636,0.14512270999079693,1.0,0.00019282506341668833,1.0,0.0,0.0,0.00019282506341668833,0.0,0.0,0.1514817528025119,0.0,0.45148176463421236,0.0,0.45148173224426313,0.45148173224426313,0.6884199113189103,0.0,0.0,0.0,0.0,0.0,0.0,0.0,0.0,1.0,0.0,3.185088280316085e-05,0.4112889238460335,0.06405645831973253,0.960772807191232,0.0,15.876845294130062,15.876967961202839,15.876967961202839,0.20397669473986427,-0.10647978553336537,-3.897272931528034e-12,0.0,0.0,4.479332478460438,4.4793324827434065,1.717810781772979,1.717810781772979,0.8932343300231202,0.0,0.0,0.0,0.0,0.45148176472344087,0.0,0.4514817206445568,0.4514817206445568,0.6884199113189103,0.0,1.717810727522045,1.7178107257374746,1.717810781772979,1.7180276316796947,0.14512270999079693,0.17638741986837217,0.029130731447192724,1.0,0.6207150136996172,0.6209009482475099,0.6213150697197029,0.0,,,,,,,,,,,,,,,12.0,0.0,0.0,0.0,0.0,0.0,0.0,,,,,,,,,,,,,,,,,,,,,,0.001
23,7682,val,,,,,,,,,,,,,,,,,,,,,,,,,,,,,,,,,,,,,,,,,,,,,,,,,,,,,,,,,,,,,,,,,,,,,,,,,,,,,,,,,,,,,,,,,,,,,,,,,,,,,,,,,,,,,,,,,,,,,,,,,15.904072761535645,646.85205078125,25.433286275690957,0.1306227445602417,0.0678710788488388,14.498642921447754,23.211443689785057,0.1159282699227333,0.06193918734788895,15.894712448120117,25.42464907843801,0.13106973469257355,0.06784085184335709,17.92915916442871,28.55559164095263,0.14541226625442505,0.07638678699731827,15.904072761535645,25.433286275690957,0.1306227445602417,0.0678710788488388,0.001
23,7682,test_select,,,,,,,,,,,,,,,,,,,,,,,,,,,,,,,,,,,,,,,,,,,,,,,,,,,,,,,,,,,,,,,,,,,,,,,,,,,,,,,,,,,,,,,,,,,,,,,,,,,,,,,,,,,,,,,,,,,,,,,,,22.006589889526367,1207.9058837890625,34.75494042275231,0.15324024856090546,0.0893847867846489,17.850053787231445,27.812408927168306,0.1281842738389969,0.0724608451128006,21.968975067138672,34.359806656565496,0.15299725532531738,0.0892234817147255,27.907630920410156,43.08742701981055,0.18395252525806427,0.11346010863780975,22.006589889526367,34.75494042275231,0.15324024856090546,0.0893847867846489,0.001
24,7700,train,20.5461483001709,17.10455322265625,17.106103897094727,0.0,0.018201543018221855,0.018201543018221855,0.0,0.01026337780058384,7.000000186963007e-05,0.03500000014901161,0.007000000216066837,0.03500000014901161,0.000699999975040555,0.000699999975040555,0.699999988079071,0.0002185617631766945,0.15128245949745178,0.0,0.0,0.0,0.0,0.0,0.0,0.0,0.0,0.4674028158187866,0.4674028158187866,1.0,0.4674028158187866,0.4674028158187866,0.4674028158187866,0.0,-0.005547062028199434,0.14865274727344513,1.0,0.0002185617631766945,1.0,0.0,0.0,0.0002185617631766945,0.0,0.0,0.15128245949745178,0.0,0.45128247141838074,0.0,0.45128244161605835,0.45128244161605835,0.688392698764801,0.0,0.0,0.0,0.0,0.0,0.0,0.0,0.0,1.0,0.0,-0.00034280054387636483,0.40892335772514343,0.06450364738702774,0.961661696434021,0.0,17.106103897094727,17.10455322265625,17.10455322265625,0.228239044547081,-0.1337837278842926,-4.0797576428275306e-10,0.0,0.0,4.40122127532959,4.40122127532959,1.7289676666259766,1.7289676666259766,0.9934329986572266,0.0,0.0,0.0,0.0,0.45128247141838074,0.0,0.45128241181373596,0.45128241181373596,0.688392698764801,0.0,1.728967547416687,1.728967547416687,1.7289676666259766,1.7224643230438232,0.14865274727344513,0.17362451553344727,0.02941971644759178,1.0,0.6747539043426514,0.6010162234306335,0.5945405960083008,0.0,,,,,,,,,,,,,,,12.0,0.0,0.0,0.0,0.0,0.0,0.0,,,,,,,,,,,,,,,,,,,,,,0.001
24,7720,train,20.57486915588379,17.12933921813965,17.125728607177734,0.0,0.017735959962010384,0.017735959962010384,0.0,0.010349636897444725,7.000000186963007e-05,0.03500000014901161,0.007000000216066837,0.03500000014901161,0.000699999975040555,0.000699999975040555,0.699999988079071,0.00019239731773268431,0.15136930346488953,0.0,0.0,0.0,0.0,0.0,0.0,0.0,0.0,0.46803018450737,0.46803018450737,1.0,0.46803018450737,0.46803018450737,0.46803018450737,0.0,-0.007576984819024801,0.14770525693893433,1.0,0.00019239731773268431,1.0,0.0,0.0,0.00019239731773268431,0.0,0.0,0.15136930346488953,0.0,0.4513693153858185,0.0,0.4513692855834961,0.4513692855834961,0.6884098052978516,0.0,0.0,0.0,0.0,0.0,0.0,0.0,0.0,1.0,0.0,-0.0003383208822924644,0.4075862169265747,0.0645238533616066,0.9616959691047668,0.0,17.125728607177734,17.12933921813965,17.12933921813965,0.20463591814041138,-0.08727339655160904,5.042677386768446e-10,0.0,0.0,4.391547203063965,4.391547203063965,1.725967288017273,1.725967288017273,0.8819150328636169,0.0,0.0,0.0,0.0,0.4513693153858185,0.0,0.4513692855834961,0.4513692855834961,0.6884098052978516,0.0,1.725967288017273,1.725967288017273,1.725967288017273,1.7293791770935059,0.14770525693893433,0.17273306846618652,0.029012834653258324,1.0,0.6001553535461426,0.6161156296730042,0.6184346675872803,0.0,,,,,,,,,,,,,,,12.0,0.0,0.0,0.0,0.0,0.0,0.0,,,,,,,,,,,,,,,,,,,,,,0.001
24,7740,train,19.653400421142578,16.360414505004883,16.36307716369629,0.0,0.016470100730657578,0.016470100730657578,0.0,0.010276606306433678,7.000000186963007e-05,0.03500000014901161,0.007000000216066837,0.03500000014901161,0.000699999975040555,0.000699999975040555,0.699999988079071,0.0001074582469300367,0.1527819037437439,0.0,0.0,0.0,0.0,0.0,0.0,0.0,0.0,0.4687695801258087,0.4687695801258087,1.0,0.4687695801258087,0.4687695801258087,0.4687695801258087,0.0,-0.006063686218112707,0.13720043003559113,1.0,0.0001074582469300367,1.0,0.0,0.0,0.0001074582469300367,0.0,0.0,0.1527819037437439,0.0,0.45278191566467285,0.0,0.45278200507164,0.45278200507164,0.6886813640594482,0.0,0.0,0.0,0.0,0.0,0.0,0.0,0.0,1.0,0.0,0.00012488866923376918,0.4092542827129364,0.06446328014135361,0.9625966548919678,0.0,16.36307716369629,16.360414505004883,16.360414505004883,0.1992698460817337,-0.07453170418739319,2.122518411029617e-10,0.0,0.0,4.370169639587402,4.370169639587402,1.7313282489776611,1.7313282489776611,0.82686448097229,0.0,0.0,0.0,0.0,0.45278191566467285,0.0,0.45278200507164,0.45278200507164,0.6886813640594482,0.0,1.7313282489776611,1.7313282489776611,1.7313282489776611,1.7308820486068726,0.13720043003559113,0.1712546944618225,0.029322266578674316,1.0,0.6648404598236084,0.6516426205635071,0.6322967410087585,0.0,,,,,,,,,,,,,,,12.0,0.0,0.0,0.0,0.0,0.0,0.0,,,,,,,,,,,,,,,,,,,,,,0.001
24,7760,train,19.374460220336914,16.128469467163086,16.127771377563477,0.0,0.017030201852321625,0.017030201852321625,0.0,0.010143233463168144,7.000000186963007e-05,0.03500000014901161,0.007000000216066837,0.03500000014901161,0.000699999975040555,0.000699999975040555,0.699999988079071,0.00021727145940531045,0.15331193804740906,0.0,0.0,0.0,0.0,0.0,0.0,0.0,0.0,0.4698389768600464,0.4698389768600464,1.0,0.4698389768600464,0.4698390066623688,0.4698390066623688,0.0,-0.00730864005163312,0.14083321392536163,1.0,0.00021727145940531045,1.0,0.0,0.0,0.00021727145940531045,0.0,0.0,0.15331193804740906,0.0,0.453311949968338,0.0,0.4533120393753052,0.4533120393753052,0.6887816190719604,0.0,0.0,0.0,0.0,0.0,0.0,0.0,0.0,1.0,0.0,-0.0004371691611595452,0.4078533351421356,0.06435497850179672,0.9636829495429993,0.0,16.127771377563477,16.128469467163086,16.128469467163086,0.21886776387691498,-0.11608820408582687,4.1315462162572203e-10,0.0,0.0,4.432644367218018,4.432644367218018,1.735710620880127,1.735710620880127,0.9477106332778931,0.0,0.0,0.0,0.0,0.453311949968338,0.0,0.4533120393753052,0.4533120393753052,0.6887816190719604,0.0,1.735710620880127,1.735710620880127,1.735710620880127,1.7318618297576904,0.14083321392536163,0.1718253493309021,0.029223274439573288,1.0,0.6209969520568848,0.5894803404808044,0.6179636716842651,0.0,,,,,,,,,,,,,,,12.0,0.0,0.0,0.0,0.0,0.0,0.0,,,,,,,,,,,,,,,,,,,,,,0.001
24,7780,train,18.295297622680664,15.229528427124023,15.227067947387695,0.0,0.016710875555872917,0.016710875555872917,0.0,0.010220333933830261,7.000000186963007e-05,0.03500000014901161,0.007000000216066837,0.03500000014901161,0.000699999975040555,0.000699999975040555,0.699999988079071,0.00015560620522592217,0.15005889534950256,0.0,0.0,0.0,0.0,0.0,0.0,0.0,0.0,0.46820974349975586,0.46820974349975586,1.0,0.46820974349975586,0.46820974349975586,0.46820974349975586,0.0,-0.00832023099064827,0.17049330472946167,1.0,0.00015560620522592217,1.0,0.0,0.0,0.00015560620522592217,0.0,0.0,0.15005889534950256,0.0,0.4500589072704315,0.0,0.4500586986541748,0.4500586986541748,0.6881504654884338,0.0,0.0,0.0,0.0,0.0,0.0,0.0,0.0,1.0,0.0,-0.00026049400912597775,0.40984198451042175,0.06453081965446472,0.9631780385971069,0.0,15.227067947387695,15.229528427124023,15.229528427124023,0.1972457766532898,-0.09751319885253906,3.972013828956733e-10,0.0,0.0,4.430850982666016,4.430850982666016,1.7304928302764893,1.7304928302764893,0.8410637378692627,0.0,0.0,0.0,0.0,0.4500589072704315,0.0,0.4500586986541748,0.4500586986541748,0.6881504654884338,0.0,1.7304928302764893,1.7304928302764893,1.7304928302764893,1.731407880783081,0.17049330472946167,0.17110110819339752,0.029163487255573273,1.0,0.6085948944091797,0.610098123550415,0.5765787959098816,0.0,,,,,,,,,,,,,,,12.0,0.0,0.0,0.0,0.0,0.0,0.0,,,,,,,,,,,,,,,,,,,,,,0.001
24,7800,train,20.19658851623535,16.813175201416016,16.815185546875,0.0,0.016874508932232857,0.016874508932232857,0.0,0.010283603332936764,7.000000186963007e-05,0.03500000014901161,0.007000000216066837,0.03500000014901161,0.000699999975040555,0.000699999975040555,0.699999988079071,0.00013805422349832952,0.1484157145023346,0.0,0.0,0.0,0.0,0.0,0.0,0.0,0.0,0.46859458088874817,0.46859458088874817,1.0,0.46859458088874817,0.46859458088874817,0.46859458088874817,0.0,-0.0050389450043439865,0.16528542339801788,1.0,0.00013805422349832952,1.0,0.0,0.0,0.00013805422349832952,0.0,0.0,0.1484157145023346,0.0,0.44841572642326355,0.0,0.448415607213974,0.448415607213974,0.6878159642219543,0.0,0.0,0.0,0.0,0.0,0.0,0.0,0.0,1.0,0.0,0.00025820144219323993,0.40737205743789673,0.06473169475793839,0.9627463221549988,0.0,16.815185546875,16.813175201416016,16.813175201416016,0.2349671870470047,-0.14178216457366943,6.286146603251552e-11,0.0,0.0,4.7683563232421875,4.768355846405029,1.73593270778656,1.73593270778656,1.1461716890335083,0.0,0.0,0.0,0.0,0.44841572642326355,0.0,0.4484155774116516,0.4484155774116516,0.6878159642219543,0.0,1.735932469367981,1.73593270778656,1.73593270778656,1.7265280485153198,0.16528542339801788,0.1721315085887909,0.029446139931678772,1.0,0.6429990530014038,0.6376428008079529,0.6280879378318787,0.0,,,,,,,,,,,,,,,12.0,0.0,0.0,0.0,0.0,0.0,0.0,,,,,,,,,,,,,,,,,,,,,,0.001
24,7820,train,20.932981491088867,17.427038192749023,17.42780113220215,0.0,0.01644078828394413,0.01644078828394413,0.0,0.01027270220220089,7.000000186963007e-05,0.03500000014901161,0.007000000216066837,0.03500000014901161,0.000699999975040555,0.000699999975040555,0.699999988079071,8.854463521856815e-05,0.14796346426010132,0.0,0.0,0.0,0.0,0.0,0.0,0.0,0.0,0.4691549837589264,0.4691549837589264,1.0,0.4691549837589264,0.4691549837589264,0.4691549837589264,0.0,-0.009088950231671333,0.16151776909828186,1.0,8.854463521856815e-05,1.0,0.0,0.0,8.854463521856815e-05,0.0,0.0,0.14796346426010132,0.0,0.4479634761810303,0.0,0.44796332716941833,0.44796332716941833,0.6877214312553406,0.0,0.0,0.0,0.0,0.0,0.0,0.0,0.0,1.0,0.0,-0.0003343551652505994,0.40662044286727905,0.06468256562948227,0.9629318118095398,0.0,17.42780113220215,17.427038192749023,17.427038192749023,0.21896708011627197,-0.13736680150032043,7.421738917878784e-11,0.0,0.0,4.267579078674316,4.267579078674316,1.7270445823669434,1.7270445823669434,0.9355725646018982,0.0,0.0,0.0,0.0,0.4479634761810303,0.0,0.44796332716941833,0.44796332716941833,0.6877214312553406,0.0,1.727044701576233,1.7270445823669434,1.7270445823669434,1.7338820695877075,0.16151776909828186,0.17233258485794067,0.029495570808649063,1.0,0.5085693597793579,0.5570888519287109,0.5468809604644775,0.0,,,,,,,,,,,,,,,12.0,0.0,0.0,0.0,0.0,0.0,0.0,,,,,,,,,,,,,,,,,,,,,,0.001
24,7840,train,18.514610290527344,15.412118911743164,15.41100788116455,0.0,0.014258199371397495,0.014258199371397495,0.0,0.010316598229110241,7.000000186963007e-05,0.03500000014901161,0.007000000216066837,0.03500000014901161,0.000699999975040555,0.000699999975040555,0.699999988079071,0.00013960176147520542,0.14629599452018738,0.0,0.0,0.0,0.0,0.0,0.0,0.0,0.0,0.46878311038017273,0.46878311038017273,1.0,0.46878311038017273,0.46878311038017273,0.46878311038017273,0.0,-0.008274022489786148,0.1712503880262375,1.0,0.00013960176147520542,1.0,0.0,0.0,0.00013960176147520542,0.0,0.0,0.14629599452018738,0.0,0.44629600644111633,0.0,0.44629618525505066,0.44629618525505066,0.6873679161071777,0.0,0.0,0.0,0.0,0.0,0.0,0.0,0.0,1.0,0.0,-0.00021522458700928837,0.40577879548072815,0.06472507864236832,0.9627881646156311,0.0,15.41100788116455,15.412118911743164,15.412118911743164,0.2027696967124939,-0.09058083593845367,-2.6964391830475165e-10,0.0,0.0,4.46254825592041,4.46254825592041,1.727769374847412,1.727769374847412,0.9104601740837097,0.0,0.0,0.0,0.0,0.44629600644111633,0.0,0.44629618525505066,0.44629618525505066,0.6873679161071777,0.0,1.727769374847412,1.727769374847412,1.727769374847412,1.729892373085022,0.1712503880262375,0.17227530479431152,0.029399748891592026,1.0,0.5978574156761169,0.6135674715042114,0.5895141363143921,0.0,,,,,,,,,,,,,,,12.0,0.0,0.0,0.0,0.0,0.0,0.0,,,,,,,,,,,,,,,,,,,,,,0.001
24,7860,train,19.70046043395996,16.400264739990234,16.398679733276367,0.0,0.020160162821412086,0.020160162821412086,0.0,0.010143600404262543,7.000000186963007e-05,0.03500000014901161,0.007000000216066837,0.03500000014901161,0.000699999975040555,0.000699999975040555,0.699999988079071,0.00015922027523629367,0.14307928085327148,0.0,0.0,0.0,0.0,0.0,0.0,0.0,0.0,0.4679598808288574,0.4679598808288574,1.0,0.4679598808288574,0.4679599106311798,0.4679599106311798,0.0,-0.009216248989105225,0.18798987567424774,1.0,0.00015922027523629367,1.0,0.0,0.0,0.00015922027523629367,0.0,0.0,0.14307928085327148,0.0,0.44307929277420044,0.0,0.4430793523788452,0.4430793523788452,0.686653196811676,0.0,0.0,0.0,0.0,0.0,0.0,0.0,0.0,1.0,0.0,-0.00013307455810718238,0.40918758511543274,0.06380818784236908,0.9625716805458069,0.0,16.398679733276367,16.400264739990234,16.400264739990234,0.21588245034217834,-0.15145733952522278,-6.714833133969478e-10,0.0,0.0,4.43662691116333,4.43662691116333,1.7319281101226807,1.7319281101226807,0.9417938590049744,0.0,0.0,0.0,0.0,0.44307929277420044,0.0,0.4430793523788452,0.4430793523788452,0.686653196811676,0.0,1.7319278717041016,1.7319278717041016,1.7319281101226807,1.722338318824768,0.18798987567424774,0.17312371730804443,0.029086938127875328,1.0,0.6692453622817993,0.601650595664978,0.6792609691619873,0.0,,,,,,,,,,,,,,,12.0,0.0,0.0,0.0,0.0,0.0,0.0,,,,,,,,,,,,,,,,,,,,,,0.001
24,7880,train,17.975807189941406,14.962804794311523,14.963129043579102,0.0,0.018459508195519447,0.018459508195519447,0.0,0.0102059505879879,7.000000186963007e-05,0.03500000014901161,0.007000000216066837,0.03500000014901161,0.000699999975040555,0.000699999975040555,0.699999988079071,0.00016418303130194545,0.14255619049072266,0.0,0.0,0.0,0.0,0.0,0.0,0.0,0.0,0.46743157505989075,0.46743157505989075,1.0,0.46743157505989075,0.46743160486221313,0.46743160486221313,0.0,-0.00840253196656704,0.17487722635269165,1.0,0.00016418303130194545,1.0,0.0,0.0,0.00016418303130194545,0.0,0.0,0.14255619049072266,0.0,0.4425562024116516,0.0,0.44255608320236206,0.44255608320236206,0.6865330338478088,0.0,0.0,0.0,0.0,0.0,0.0,0.0,0.0,1.0,0.0,0.0005202471511438489,0.40614938735961914,0.06331215798854828,0.961833119392395,0.0,14.963129043579102,14.962804794311523,14.962804794311523,0.18063057959079742,-0.0504431389272213,7.210276264935089e-10,0.0,0.0,4.557623863220215,4.557623863220215,1.7215558290481567,1.7215558290481567,0.7878527641296387,0.0,0.0,0.0,0.0,0.4425562024116516,0.0,0.44255608320236206,0.44255608320236206,0.6865330338478088,0.0,1.7215558290481567,1.7215558290481567,1.7215558290481567,1.7269399166107178,0.17487722635269165,0.17391306161880493,0.029401063919067383,1.0,0.5538569688796997,0.6077557802200317,0.5889918804168701,0.0,,,,,,,,,,,,,,,12.0,0.0,0.0,0.0,0.0,0.0,0.0,,,,,,,,,,,,,,,,,,,,,,0.001
24,7900,train,18.461257934570312,15.367453575134277,15.367552757263184,0.0,0.017247993499040604,0.017247993499040604,0.0,0.010372543707489967,7.000000186963007e-05,0.03500000014901161,0.007000000216066837,0.03500000014901161,0.000699999975040555,0.000699999975040555,0.699999988079071,0.00021056397235952318,0.14272910356521606,0.0,0.0,0.0,0.0,0.0,0.0,0.0,0.0,0.4664461314678192,0.4664461314678192,1.0,0.4664461314678192,0.4664461314678192,0.4664461314678192,0.0,-0.00719688693061471,0.16607947647571564,1.0,0.00021056397235952318,1.0,0.0,0.0,0.00021056397235952318,0.0,0.0,0.14272910356521606,0.0,0.442729115486145,0.0,0.44272923469543457,0.44272923469543457,0.6865730285644531,0.0,0.0,0.0,0.0,0.0,0.0,0.0,0.0,1.0,0.0,0.00046725597348995507,0.40688925981521606,0.06367725133895874,0.9607716202735901,0.0,15.367552757263184,15.367453575134277,15.367453575134277,0.20979103446006775,-0.11921099573373795,6.50311582361951e-10,0.0,0.0,4.419027328491211,4.419027328491211,1.7274718284606934,1.7274718284606934,0.9062670469284058,0.0,0.0,0.0,0.0,0.442729115486145,0.0,0.44272923469543457,0.44272923469543457,0.6865730285644531,0.0,1.7274718284606934,1.7274718284606934,1.7274718284606934,1.7279415130615234,0.16607947647571564,0.1737675815820694,0.02936660870909691,1.0,0.6571593284606934,0.6447460651397705,0.6441875696182251,0.0,,,,,,,,,,,,,,,12.0,0.0,0.0,0.0,0.0,0.0,0.0,,,,,,,,,,,,,,,,,,,,,,0.001
24,7920,train,19.135766983032227,15.929587364196777,15.929581642150879,0.0,0.017958102747797966,0.017958102747797966,0.0,0.010550443083047867,7.000000186963007e-05,0.03500000014901161,0.007000000216066837,0.03500000014901161,0.000699999975040555,0.000699999975040555,0.699999988079071,0.000181572453584522,0.141493022441864,0.0,0.0,0.0,0.0,0.0,0.0,0.0,0.0,0.4651276767253876,0.4651276767253876,1.0,0.4651276767253876,0.4651276469230652,0.4651276469230652,0.0,-0.009860944002866745,0.17767339944839478,1.0,0.000181572453584522,1.0,0.0,0.0,0.000181572453584522,0.0,0.0,0.141493022441864,0.0,0.44149303436279297,0.0,0.4414930045604706,0.4414930045604706,0.6862851977348328,0.0,0.0,0.0,0.0,0.0,0.0,0.0,0.0,1.0,0.0,-0.0006665514083579183,0.40665578842163086,0.06382641196250916,0.959550678730011,0.0,15.929581642150879,15.929587364196777,15.929587364196777,0.23189544677734375,-0.15465492010116577,3.9675265850469543e-10,0.0,0.0,4.249258995056152,4.249258995056152,1.722211480140686,1.722211480140686,1.0075714588165283,0.0,0.0,0.0,0.0,0.44149303436279297,0.0,0.4414930045604706,0.4414930045604706,0.6862851977348328,0.0,1.722211480140686,1.722211480140686,1.722211480140686,1.7217708826065063,0.17767339944839478,0.17427799105644226,0.029033459722995758,1.0,0.6172537803649902,0.5728930234909058,0.5833801031112671,0.0,,,,,,,,,,,,,,,12.0,0.0,0.0,0.0,0.0,0.0,0.0,,,,,,,,,,,,,,,,,,,,,,0.001
24,7940,train,18.37509536743164,15.29691219329834,15.289755821228027,0.0,0.018087003380060196,0.018087003380060196,0.0,0.010783456265926361,7.000000186963007e-05,0.03500000014901161,0.007000000216066837,0.03500000014901161,0.000699999975040555,0.000699999975040555,0.699999988079071,0.0001981736859306693,0.14125365018844604,0.0,0.0,0.0,0.0,0.0,0.0,0.0,0.0,0.4642620086669922,0.4642620086669922,1.0,0.4642620086669922,0.4642620086669922,0.4642620086669922,0.0,-0.00939184706658125,0.17599406838417053,1.0,0.0001981736859306693,1.0,0.0,0.0,0.0001981736859306693,0.0,0.0,0.14125365018844604,0.0,0.441253662109375,0.0,0.4412536025047302,0.4412536025047302,0.6862290501594543,0.0,0.0,0.0,0.0,0.0,0.0,0.0,0.0,1.0,0.0,-9.707761819299776e-06,0.4062331020832062,0.06422358751296997,0.958125650882721,0.0,15.289755821228027,15.29691219329834,15.29691219329834,0.1926523745059967,-0.033510006964206696,7.493429488025782e-11,0.0,0.0,4.206854820251465,4.206854820251465,1.7239304780960083,1.7239304780960083,0.774742841720581,0.0,0.0,0.0,0.0,0.441253662109375,0.0,0.44125357270240784,0.44125357270240784,0.6862290501594543,0.0,1.7239304780960083,1.7239304780960083,1.7239304780960083,1.7264275550842285,0.17599406838417053,0.17411638796329498,0.02958287112414837,1.0,0.6329574584960938,0.6467950344085693,0.6227412223815918,0.0,,,,,,,,,,,,,,,12.0,0.0,0.0,0.0,0.0,0.0,0.0,,,,,,,,,,,,,,,,,,,,,,0.001
24,7960,train,19.008607864379883,15.823624610900879,15.823801040649414,0.0,0.01635085977613926,0.01635085977613926,0.0,0.010790150612592697,7.000000186963007e-05,0.03500000014901161,0.007000000216066837,0.03500000014901161,0.000699999975040555,0.000699999975040555,0.699999988079071,0.0002846478600986302,0.14421939849853516,0.0,0.0,0.0,0.0,0.0,0.0,0.0,0.0,0.4654829800128937,0.4654829800128937,1.0,0.4654829800128937,0.4654829800128937,0.4654829800128937,0.0,-0.006788777653127909,0.1506606638431549,1.0,0.0002846478600986302,1.0,0.0,0.0,0.0002846478600986302,0.0,0.0,0.14421939849853516,0.0,0.4442194104194641,0.0,0.44421929121017456,0.44421929121017456,0.6869112253189087,0.0,0.0,0.0,0.0,0.0,0.0,0.0,0.0,1.0,0.0,0.0005452195182442665,0.40570321679115295,0.06447308510541916,0.9586566090583801,0.0,15.823801040649414,15.823624610900879,15.823624610900879,0.2149679809808731,-0.1408960223197937,7.589695538712249e-11,0.0,0.0,4.516999244689941,4.516999244689941,1.728430151939392,1.728430151939392,0.9935150146484375,0.0,0.0,0.0,0.0,0.4442194104194641,0.0,0.4442192614078522,0.4442192614078522,0.6869112253189087,0.0,1.728430151939392,1.728430151939392,1.728430151939392,1.7308125495910645,0.1506606638431549,0.17297978699207306,0.029407858848571777,1.0,0.6000829935073853,0.6265550851821899,0.6509437561035156,0.0,,,,,,,,,,,,,,,12.0,0.0,0.0,0.0,0.0,0.0,0.0,,,,,,,,,,,,,,,,,,,,,,0.001
24,7980,train,18.838481903076172,15.682538032531738,15.67833137512207,0.0,0.017707614228129387,0.017707614228129387,0.0,0.01076513808220625,7.000000186963007e-05,0.03500000014901161,0.007000000216066837,0.03500000014901161,0.000699999975040555,0.000699999975040555,0.699999988079071,0.00013275397941470146,0.14579913020133972,0.0,0.0,0.0,0.0,0.0,0.0,0.0,0.0,0.46556830406188965,0.46556830406188965,1.0,0.46556830406188965,0.46556830406188965,0.46556830406188965,0.0,-0.008741335943341255,0.15253973007202148,1.0,0.00013275397941470146,1.0,0.0,0.0,0.00013275397941470146,0.0,0.0,0.14579913020133972,0.0,0.4457991123199463,0.0,0.44579917192459106,0.44579917192459106,0.6872598528862,0.0,0.0,0.0,0.0,0.0,0.0,0.0,0.0,1.0,0.0,0.000964361010119319,0.4013412594795227,0.06470775604248047,0.9594347476959229,0.0,15.67833137512207,15.682538032531738,15.682538032531738,0.21369442343711853,-0.07275953888893127,2.5541160852959877e-10,0.0,0.0,4.40797758102417,4.40797758102417,1.7310471534729004,1.7310471534729004,0.9123064279556274,0.0,0.0,0.0,0.0,0.4457991421222687,0.0,0.4457991421222687,0.4457991421222687,0.6872598528862,0.0,1.7310471534729004,1.7310471534729004,1.7310471534729004,1.730681300163269,0.15253973007202148,0.17183853685855865,0.02938118390738964,1.0,0.5772650241851807,0.6115021705627441,0.579521656036377,0.0,,,,,,,,,,,,,,,12.0,0.0,0.0,0.0,0.0,0.0,0.0,,,,,,,,,,,,,,,,,,,,,,0.001
24,8000,train,19.626619338989258,16.33838653564453,16.33965492248535,0.0,0.017871085554361343,0.017871085554361343,0.0,0.01067294366657734,7.000000186963007e-05,0.03500000014901161,0.007000000216066837,0.03500000014901161,0.000699999975040555,0.000699999975040555,0.699999988079071,0.00016262877034023404,0.14611709117889404,0.0,0.0,0.0,0.0,0.0,0.0,0.0,0.0,0.4660431146621704,0.4660431146621704,1.0,0.4660431146621704,0.4660431146621704,0.4660431146621704,0.0,-0.009701481088995934,0.16236001253128052,1.0,0.00016262877034023404,1.0,0.0,0.0,0.00016262877034023404,0.0,0.0,0.14611709117889404,0.0,0.446117103099823,0.0,0.44611692428588867,0.44611692428588867,0.6873289942741394,0.0,0.0,0.0,0.0,0.0,0.0,0.0,0.0,1.0,0.0,-0.0006822724244557321,0.40694302320480347,0.0644722580909729,0.9600571990013123,0.0,16.33965492248535,16.33838653564453,16.33838653564453,0.21968792378902435,-0.13877984881401062,1.5684950560590494e-10,0.0,0.0,4.383077144622803,4.3830766677856445,1.7240066528320312,1.7240066528320312,0.9377197623252869,0.0,0.0,0.0,0.0,0.446117103099823,0.0,0.44611692428588867,0.44611692428588867,0.6873289942741394,0.0,1.7240066528320312,1.7240066528320312,1.7240066528320312,1.7312291860580444,0.16236001253128052,0.17228572070598602,0.029502607882022858,1.0,0.6727688312530518,0.6080422401428223,0.6142281293869019,0.0,,,,,,,,,,,,,,,12.0,0.0,0.0,0.0,0.0,0.0,0.0,,,,,,,,,,,,,,,,,,,,,,0.001
24,8016,train_epoch,19.055049553602757,15.862287524217617,15.862139045121427,0.0,0.017262676538353016,0.017262676538353016,0.0,0.010402630515463517,7.000000186963007e-05,0.03500000014901161,0.007000000216066837,0.03500000014901161,0.000699999975040555,0.000699999975040555,0.699999988079071,0.0001930608910142129,0.14684004019834324,0.0,0.0,0.0,0.0,0.0,0.0,0.0,0.0,0.4673173058175755,0.4673173058175755,1.0,0.4673173058175755,0.4673173058175755,0.4673173058175755,0.0,-0.00798212238001877,0.16211762712030353,1.0,0.0001930608910142129,1.0,0.0,0.0,0.0001930608910142129,0.0,0.0,0.14684004019834324,0.0,0.44684005247618624,0.0,0.4468400338274276,0.4468400338274276,0.6874534212900493,0.0,0.0,0.0,0.0,0.0,0.0,0.0,0.0,1.0,0.0,-1.4812340756822402e-05,0.4069705129026653,0.06434924516849175,0.9613869857645321,0.0,15.862139045121427,15.862287524217617,15.862287524217617,0.20450339537716197,-0.10197684986371837,2.2517715143522065e-11,0.0,0.0,4.441838745585459,4.441838745585459,1.7281060575725076,1.7281060575725076,0.8909805167221023,0.0,0.0,0.0,0.0,0.4468400521192722,0.0,0.4468400232984634,0.4468400232984634,0.6874534212900493,0.0,1.7281060233087597,1.728106006890714,1.7281060575725076,1.728146079771533,0.16211762712030353,0.17275113019043814,0.029346984805550404,1.0,0.6118710454174144,0.6112265529746781,0.6114849228701905,0.0,,,,,,,,,,,,,,,12.0,0.0,0.0,0.0,0.0,0.0,0.0,,,,,,,,,,,,,,,,,,,,,,0.001
24,8016,val,,,,,,,,,,,,,,,,,,,,,,,,,,,,,,,,,,,,,,,,,,,,,,,,,,,,,,,,,,,,,,,,,,,,,,,,,,,,,,,,,,,,,,,,,,,,,,,,,,,,,,,,,,,,,,,,,,,,,,,,,15.984030723571777,652.64794921875,25.54697534383963,0.12401773780584335,0.06821230053901672,14.591778755187988,23.327673670701046,0.10780419409275055,0.06233707070350647,15.931218147277832,25.500092150951755,0.12481307238340378,0.06799666583538055,18.07671546936035,28.683745626810907,0.1397630125284195,0.07701542973518372,15.984030723571777,25.54697534383963,0.12401773780584335,0.06821230053901672,0.001
24,8016,test_select,,,,,,,,,,,,,,,,,,,,,,,,,,,,,,,,,,,,,,,,,,,,,,,,,,,,,,,,,,,,,,,,,,,,,,,,,,,,,,,,,,,,,,,,,,,,,,,,,,,,,,,,,,,,,,,,,,,,,,,,,21.806598663330078,1201.8626708984375,34.66789106505381,0.12944413721561432,0.08857246488332748,17.675113677978516,27.73665153508812,0.10441935807466507,0.0717506855726242,21.6279296875,33.998413048902,0.12757083773612976,0.08783837407827377,27.955604553222656,43.349144344839004,0.16320592164993286,0.11365514248609543,21.806598663330078,34.66789106505381,0.12944413721561432,0.08857246488332748,0.001
25,8020,train,18.112991333007812,15.076059341430664,15.076366424560547,0.0,0.016271350905299187,0.016271350905299187,0.0,0.010738643817603588,7.500000356230885e-05,0.03750000149011612,0.007499999832361937,0.03750000149011612,0.000750000006519258,0.000750000006519258,0.75,0.00013701862189918756,0.1438622772693634,0.0,0.0,0.0,0.0,0.0,0.0,0.0,0.0,0.4652682840824127,0.4652682840824127,1.0,0.4652682840824127,0.4652682840824127,0.4652682840824127,0.0,-0.007847283035516739,0.18008726835250854,1.0,0.00013701862189918756,1.0,0.0,0.0,0.00013701862189918756,0.0,0.0,0.1438622772693634,0.0,0.44386228919029236,0.0,0.4438623785972595,0.4438623785972595,0.6868306994438171,0.0,0.0,0.0,0.0,0.0,0.0,0.0,0.0,1.0,0.0,-0.0007272115908563137,0.40384840965270996,0.06450936198234558,0.9597136378288269,0.0,15.076366424560547,15.076059341430664,15.076059341430664,0.19415974617004395,-0.11102394014596939,-2.8400218288204826e-10,0.0,0.0,4.395400047302246,4.395399570465088,1.728628158569336,1.728628158569336,0.8419753313064575,0.0,0.0,0.0,0.0,0.44386228919029236,0.0,0.44386234879493713,0.44386234879493713,0.6868306994438171,0.0,1.728628158569336,1.728628158569336,1.728628158569336,1.7292884588241577,0.18008726835250854,0.17258939146995544,0.029545379802584648,1.0,0.6080060005187988,0.6344122886657715,0.6292271614074707,0.0,,,,,,,,,,,,,,,12.0,0.0,0.0,0.0,0.0,0.0,0.0,,,,,,,,,,,,,,,,,,,,,,0.001
25,8040,train,19.288738250732422,16.056034088134766,16.055007934570312,0.0,0.016661370173096657,0.016661370173096657,0.0,0.010794601403176785,7.500000356230885e-05,0.03750000149011612,0.007499999832361937,0.03750000149011612,0.000750000006519258,0.000750000006519258,0.75,0.0002074837393593043,0.14404606819152832,0.0,0.0,0.0,0.0,0.0,0.0,0.0,0.0,0.4659442603588104,0.4659442603588104,1.0,0.4659442603588104,0.4659442603588104,0.4659442603588104,0.0,-0.01054301206022501,0.17253084480762482,1.0,0.0002074837393593043,1.0,0.0,0.0,0.0002074837393593043,0.0,0.0,0.14404606819152832,0.0,0.4440460801124573,0.0,0.44404610991477966,0.44404610991477966,0.6868724822998047,0.0,0.0,0.0,0.0,0.0,0.0,0.0,0.0,1.0,0.0,-0.0005401211092248559,0.40492796897888184,0.06435198336839676,0.9597365856170654,0.0,16.055007934570312,16.056034088134766,16.056034088134766,0.2077781707048416,-0.14489759504795074,-7.453582751004717e-10,0.0,0.0,4.314499378204346,4.314499378204346,1.7265691757202148,1.7265691757202148,0.8883092999458313,0.0,0.0,0.0,0.0,0.4440460801124573,0.0,0.44404610991477966,0.44404610991477966,0.6868724822998047,0.0,1.7265691757202148,1.7265689373016357,1.7265691757202148,1.7278776168823242,0.17253084480762482,0.1726592779159546,0.02937486581504345,1.0,0.5693084001541138,0.5726761817932129,0.5669560432434082,0.0,,,,,,,,,,,,,,,12.0,0.0,0.0,0.0,0.0,0.0,0.0,,,,,,,,,,,,,,,,,,,,,,0.001
25,8060,train,19.218894958496094,15.99771499633789,15.997392654418945,0.0,0.018254751339554787,0.018254751339554787,0.0,0.010933616198599339,7.500000356230885e-05,0.03750000149011612,0.007499999832361937,0.03750000149011612,0.000750000006519258,0.000750000006519258,0.75,0.00020334310829639435,0.1431097388267517,0.0,0.0,0.0,0.0,0.0,0.0,0.0,0.0,0.46467190980911255,0.46467190980911255,1.0,0.46467190980911255,0.46467190980911255,0.46467190980911255,0.0,-0.006484989542514086,0.17459045350551605,1.0,0.00020334310829639435,1.0,0.0,0.0,0.00020334310829639435,0.0,0.0,0.1431097388267517,0.0,0.44310975074768066,0.0,0.4431098401546478,0.4431098401546478,0.6866602897644043,0.0,0.0,0.0,0.0,0.0,0.0,0.0,0.0,1.0,0.0,-0.0007837925222702324,0.4026104211807251,0.06459051370620728,0.9593439698219299,0.0,15.997392654418945,15.99771499633789,15.99771499633789,0.20524583756923676,-0.09409478306770325,4.519189744645047e-10,0.0,0.0,4.229393005371094,4.229393005371094,1.7334558963775635,1.7334558963775635,0.8576248288154602,0.0,0.0,0.0,0.0,0.44310975074768066,0.0,0.4431098401546478,0.4431098401546478,0.6866602897644043,0.0,1.7334558963775635,1.733455777168274,1.7334558963775635,1.7321851253509521,0.17459045350551605,0.1728007197380066,0.02937285043299198,1.0,0.6444827318191528,0.6219281554222107,0.6013442873954773,0.0,,,,,,,,,,,,,,,12.0,0.0,0.0,0.0,0.0,0.0,0.0,,,,,,,,,,,,,,,,,,,,,,0.001
25,8080,train,20.320262908935547,16.915714263916016,16.914325714111328,0.0,0.01851692423224449,0.01851692423224449,0.0,0.01107893418520689,7.500000356230885e-05,0.03750000149011612,0.007499999832361937,0.03750000149011612,0.000750000006519258,0.000750000006519258,0.75,0.00015965040074661374,0.1391095519065857,0.0,0.0,0.0,0.0,0.0,0.0,0.0,0.0,0.464091956615448,0.464091956615448,1.0,0.464091956615448,0.464091956615448,0.464091956615448,0.0,-0.014001029543578625,0.20536278188228607,1.0,0.00015965040074661374,1.0,0.0,0.0,0.00015965040074661374,0.0,0.0,0.1391095519065857,0.0,0.43910956382751465,0.0,0.4391093850135803,0.4391093850135803,0.6857134103775024,0.0,0.0,0.0,0.0,0.0,0.0,0.0,0.0,1.0,0.0,-8.223030454246327e-05,0.40204310417175293,0.06484070420265198,0.958459198474884,0.0,16.914325714111328,16.915714263916016,16.915714263916016,0.21068218350410461,-0.1338595747947693,1.2783454850229248e-10,0.0,0.0,4.5877227783203125,4.5877227783203125,1.7323095798492432,1.7323095798492432,0.966040313243866,0.0,0.0,0.0,0.0,0.43910956382751465,0.0,0.43910935521125793,0.43910935521125793,0.6857134103775024,0.0,1.7323095798492432,1.7323095798492432,1.7323095798492432,1.7337675094604492,0.20536278188228607,0.1736530065536499,0.029504049569368362,1.0,0.5946992635726929,0.5991276502609253,0.5991114377975464,0.0,,,,,,,,,,,,,,,12.0,0.0,0.0,0.0,0.0,0.0,0.0,,,,,,,,,,,,,,,,,,,,,,0.001
25,8100,train,17.276592254638672,14.379396438598633,14.377986907958984,0.0,0.01658323034644127,0.01658323034644127,0.0,0.011170737445354462,7.500000356230885e-05,0.03750000149011612,0.007499999832361937,0.03750000149011612,0.000750000006519258,0.000750000006519258,0.75,0.00026016088668257,0.13945883512496948,0.0,0.0,0.0,0.0,0.0,0.0,0.0,0.0,0.46381741762161255,0.46381741762161255,1.0,0.46381741762161255,0.46381741762161255,0.46381741762161255,0.0,-0.005657293368130922,0.18285448849201202,1.0,0.00026016088668257,1.0,0.0,0.0,0.00026016088668257,0.0,0.0,0.13945883512496948,0.0,0.43945884704589844,0.0,0.43945881724357605,0.43945881724357605,0.685798704624176,0.0,0.0,0.0,0.0,0.0,0.0,0.0,0.0,1.0,0.0,0.00011759937478927895,0.4019303321838379,0.06531921774148941,0.9582275748252869,0.0,14.377986907958984,14.379396438598633,14.379396438598633,0.1788211166858673,-0.06333516538143158,-5.0946007829066886e-11,0.0,0.0,4.565356731414795,4.565356731414795,1.7324402332305908,1.7324402332305908,0.813690185546875,0.0,0.0,0.0,0.0,0.43945884704589844,0.0,0.43945881724357605,0.43945881724357605,0.685798704624176,0.0,1.7324402332305908,1.7324402332305908,1.7324402332305908,1.7292817831039429,0.18285448849201202,0.17408841848373413,0.029728339985013008,1.0,0.589218258857727,0.6345539093017578,0.6060502529144287,0.0,,,,,,,,,,,,,,,12.0,0.0,0.0,0.0,0.0,0.0,0.0,,,,,,,,,,,,,,,,,,,,,,0.001
25,8120,train,19.141916275024414,15.933393478393555,15.934686660766602,0.0,0.015603609383106232,0.015603609383106232,0.0,0.01119215041399002,7.500000356230885e-05,0.03750000149011612,0.007499999832361937,0.03750000149011612,0.000750000006519258,0.000750000006519258,0.75,0.00024764586123637855,0.14043161273002625,0.0,0.0,0.0,0.0,0.0,0.0,0.0,0.0,0.46434658765792847,0.46434658765792847,1.0,0.46434658765792847,0.46434658765792847,0.46434658765792847,0.0,-0.01101925503462553,0.1750461310148239,1.0,0.00024764586123637855,1.0,0.0,0.0,0.00024764586123637855,0.0,0.0,0.14043161273002625,0.0,0.4404316246509552,0.0,0.4404315948486328,0.4404315948486328,0.6860335469245911,0.0,0.0,0.0,0.0,0.0,0.0,0.0,0.0,1.0,0.0,-7.196518708951771e-05,0.4039076566696167,0.06517776846885681,0.958261251449585,0.0,15.934686660766602,15.933393478393555,15.933393478393555,0.2100459486246109,-0.09104486554861069,1.009685876574018e-10,0.0,0.0,4.416233062744141,4.416233062744141,1.7387932538986206,1.7387932538986206,0.9096590280532837,0.0,0.0,0.0,0.0,0.4404316246509552,0.0,0.4404315948486328,0.4404315948486328,0.6860335469245911,0.0,1.738793134689331,1.738793134689331,1.7387932538986206,1.7360129356384277,0.1750461310148239,0.17366069555282593,0.029750164598226547,1.0,0.5995218753814697,0.5687772631645203,0.5799249410629272,0.0,,,,,,,,,,,,,,,12.0,0.0,0.0,0.0,0.0,0.0,0.0,,,,,,,,,,,,,,,,,,,,,,0.001
25,8140,train,19.108182907104492,15.905295372009277,15.906505584716797,0.0,0.013746083714067936,0.013746083714067936,0.0,0.011160746216773987,7.500000356230885e-05,0.03750000149011612,0.007499999832361937,0.03750000149011612,0.000750000006519258,0.000750000006519258,0.75,0.0001518133212812245,0.14244553446769714,0.0,0.0,0.0,0.0,0.0,0.0,0.0,0.0,0.46586909890174866,0.46586909890174866,1.0,0.46586909890174866,0.46586906909942627,0.46586906909942627,0.0,-0.007054104935377836,0.16264303028583527,1.0,0.0001518133212812245,1.0,0.0,0.0,0.0001518133212812245,0.0,0.0,0.14244553446769714,0.0,0.4424455761909485,0.0,0.44244545698165894,0.44244545698165894,0.6865075826644897,0.0,0.0,0.0,0.0,0.0,0.0,0.0,0.0,1.0,0.0,9.606038656784222e-05,0.4012994170188904,0.06528546661138535,0.95881587266922,0.0,15.906505584716797,15.905295372009277,15.905295372009277,0.1900794506072998,-0.058252424001693726,-3.783819785274645e-11,0.0,0.0,4.113064289093018,4.113064289093018,1.737012505531311,1.737012505531311,0.7893745303153992,0.0,0.0,0.0,0.0,0.4424455463886261,0.0,0.44244542717933655,0.44244542717933655,0.6865075826644897,0.0,1.737012267112732,1.737012505531311,1.737012505531311,1.7362191677093506,0.16264303028583527,0.1727365255355835,0.029464570805430412,1.0,0.6173348426818848,0.6472713947296143,0.6600993275642395,0.0,,,,,,,,,,,,,,,12.0,0.0,0.0,0.0,0.0,0.0,0.0,,,,,,,,,,,,,,,,,,,,,,0.001
25,8160,train,18.347522735595703,15.271337509155273,15.272790908813477,0.0,0.01584112085402012,0.01584112085402012,0.0,0.011271434836089611,7.500000356230885e-05,0.03750000149011612,0.007499999832361937,0.03750000149011612,0.000750000006519258,0.000750000006519258,0.75,0.0001853595022112131,0.14107918739318848,0.0,0.0,0.0,0.0,0.0,0.0,0.0,0.0,0.46508166193962097,0.46508166193962097,1.0,0.46508166193962097,0.46508169174194336,0.46508169174194336,0.0,-0.011485029011964798,0.18468192219734192,1.0,0.0001853595022112131,1.0,0.0,0.0,0.0001853595022112131,0.0,0.0,0.14107918739318848,0.0,0.44107919931411743,0.0,0.44107919931411743,0.44107919931411743,0.686187744140625,0.0,0.0,0.0,0.0,0.0,0.0,0.0,0.0,1.0,0.0,-0.0007756106206215918,0.40288329124450684,0.06522879004478455,0.9586575031280518,0.0,15.272790908813477,15.271337509155273,15.271337509155273,0.1914890557527542,-0.09150523692369461,-4.418281018825354e-10,0.0,0.0,4.2577643394470215,4.2577643394470215,1.7390186786651611,1.7390186786651611,0.8047309517860413,0.0,0.0,0.0,0.0,0.44107919931411743,0.0,0.44107916951179504,0.44107916951179504,0.686187744140625,0.0,1.7390183210372925,1.7390183210372925,1.7390186786651611,1.7356793880462646,0.18468192219734192,0.17166464030742645,0.02965068258345127,1.0,0.7104122042655945,0.6014726161956787,0.6291678547859192,0.0,,,,,,,,,,,,,,,12.0,0.0,0.0,0.0,0.0,0.0,0.0,,,,,,,,,,,,,,,,,,,,,,0.001
25,8180,train,17.621742248535156,14.66722583770752,14.664631843566895,0.0,0.014324463903903961,0.014324463903903961,0.0,0.011268247850239277,7.500000356230885e-05,0.03750000149011612,0.007499999832361937,0.03750000149011612,0.000750000006519258,0.000750000006519258,0.75,0.0001798079174477607,0.1425887942314148,0.0,0.0,0.0,0.0,0.0,0.0,0.0,0.0,0.46546027064323425,0.46546027064323425,1.0,0.46546027064323425,0.46546024084091187,0.46546024084091187,0.0,-0.005951691884547472,0.1684173047542572,1.0,0.0001798079174477607,1.0,0.0,0.0,0.0001798079174477607,0.0,0.0,0.1425887942314148,0.0,0.44258880615234375,0.0,0.4425886869430542,0.4425886869430542,0.6865406036376953,0.0,0.0,0.0,0.0,0.0,0.0,0.0,0.0,1.0,0.0,0.0004453036526683718,0.40104565024375916,0.06557301431894302,0.959413468837738,0.0,14.664631843566895,14.66722583770752,14.66722583770752,0.19061757624149323,-0.11562692373991013,2.6129390318097023e-10,0.0,0.0,4.29291296005249,4.29291296005249,1.7446393966674805,1.7446393966674805,0.7979865074157715,0.0,0.0,0.0,0.0,0.44258880615234375,0.0,0.4425886869430542,0.4425886869430542,0.6865406036376953,0.0,1.7446393966674805,1.7446393966674805,1.7446393966674805,1.7392003536224365,0.1684173047542572,0.17159226536750793,0.02928600087761879,1.0,0.5998282432556152,0.6184206008911133,0.6440608501434326,0.0,,,,,,,,,,,,,,,12.0,0.0,0.0,0.0,0.0,0.0,0.0,,,,,,,,,,,,,,,,,,,,,,0.001
25,8200,train,18.63519287109375,15.51137924194336,15.510915756225586,0.0,0.014714364893734455,0.014714364893734455,0.0,0.011218338273465633,7.500000356230885e-05,0.03750000149011612,0.007499999832361937,0.03750000149011612,0.000750000006519258,0.000750000006519258,0.75,0.00013914391456637532,0.143586665391922,0.0,0.0,0.0,0.0,0.0,0.0,0.0,0.0,0.46604833006858826,0.46604833006858826,1.0,0.46604833006858826,0.46604833006858826,0.46604833006858826,0.0,-0.011602421291172504,0.17075426876544952,1.0,0.00013914391456637532,1.0,0.0,0.0,0.00013914391456637532,0.0,0.0,0.143586665391922,0.0,0.44358667731285095,0.0,0.4435867965221405,0.4435867965221405,0.6867688298225403,0.0,0.0,0.0,0.0,0.0,0.0,0.0,0.0,1.0,0.0,0.0007460534106940031,0.4016720950603485,0.06550036370754242,0.960222065448761,0.0,15.510915756225586,15.51137924194336,15.51137924194336,0.20289643108844757,-0.10921570658683777,3.6317920892869893e-10,0.0,0.0,4.277034282684326,4.277034282684326,1.7354905605316162,1.7354905605316162,0.8481163382530212,0.0,0.0,0.0,0.0,0.44358667731285095,0.0,0.4435867965221405,0.4435867965221405,0.6867688298225403,0.0,1.7354905605316162,1.7354905605316162,1.7354905605316162,1.739617943763733,0.17075426876544952,0.17084874212741852,0.02941305562853813,1.0,0.5554631352424622,0.6203292608261108,0.6253981590270996,0.0,,,,,,,,,,,,,,,12.0,0.0,0.0,0.0,0.0,0.0,0.0,,,,,,,,,,,,,,,,,,,,,,0.001
25,8220,train,19.421796798706055,16.16670799255371,16.166831970214844,0.0,0.014400348998606205,0.014400348998606205,0.0,0.011149726808071136,7.500000356230885e-05,0.03750000149011612,0.007499999832361937,0.03750000149011612,0.000750000006519258,0.000750000006519258,0.75,0.00019008484377991408,0.14354822039604187,0.0,0.0,0.0,0.0,0.0,0.0,0.0,0.0,0.4683194160461426,0.4683194160461426,1.0,0.4683194160461426,0.4683193862438202,0.4683193862438202,0.0,-0.005652810912579298,0.17261044681072235,1.0,0.00019008484377991408,1.0,0.0,0.0,0.00019008484377991408,0.0,0.0,0.14354822039604187,0.0,0.4435482323169708,0.0,0.44354820251464844,0.44354820251464844,0.6867599487304688,0.0,0.0,0.0,0.0,0.0,0.0,0.0,0.0,1.0,0.0,0.00012994222925044596,0.4009387493133545,0.06543359905481339,0.9609081149101257,0.0,16.166831970214844,16.16670799255371,16.16670799255371,0.2222021222114563,-0.10460469126701355,-5.92112914254983e-10,0.0,0.0,4.42424201965332,4.42424201965332,1.7367433309555054,1.7367433309555054,0.9568251967430115,0.0,0.0,0.0,0.0,0.4435482323169708,0.0,0.44354820251464844,0.44354820251464844,0.6867599487304688,0.0,1.7367433309555054,1.7367433309555054,1.7367433309555054,1.7419453859329224,0.17261044681072235,0.17050836980342865,0.029518231749534607,1.0,0.6168602108955383,0.6021332740783691,0.6057783365249634,0.0,,,,,,,,,,,,,,,12.0,0.0,0.0,0.0,0.0,0.0,0.0,,,,,,,,,,,,,,,,,,,,,,0.001
25,8240,train,18.5765380859375,15.46229362487793,15.462834358215332,0.0,0.013843050226569176,0.013843050226569176,0.0,0.0110532371327281,7.500000356230885e-05,0.03750000149011612,0.007499999832361937,0.03750000149011612,0.000750000006519258,0.000750000006519258,0.75,0.00023617397528141737,0.1440584361553192,0.0,0.0,0.0,0.0,0.0,0.0,0.0,0.0,0.4677636921405792,0.4677636921405792,1.0,0.4677636921405792,0.4677637219429016,0.4677637219429016,0.0,-0.009751575998961926,0.1714879721403122,1.0,0.00023617397528141737,1.0,0.0,0.0,0.00023617397528141737,0.0,0.0,0.1440584361553192,0.0,0.44405844807624817,0.0,0.444058358669281,0.444058358669281,0.6868751049041748,0.0,0.0,0.0,0.0,0.0,0.0,0.0,0.0,1.0,0.0,0.00044963916298002005,0.4020686447620392,0.06547775119543076,0.9617610573768616,0.0,15.462834358215332,15.46229362487793,15.46229362487793,0.20041082799434662,-0.08778183162212372,6.371753680234349e-10,0.0,0.0,4.483686447143555,4.483686447143555,1.743159294128418,1.743159294128418,0.9051467180252075,0.0,0.0,0.0,0.0,0.44405844807624817,0.0,0.4440583288669586,0.4440583288669586,0.6868751049041748,0.0,1.7431590557098389,1.7431590557098389,1.743159294128418,1.7397708892822266,0.1714879721403122,0.17025615274906158,0.02954387664794922,1.0,0.5893990397453308,0.6168304681777954,0.6176358461380005,0.0,,,,,,,,,,,,,,,12.0,0.0,0.0,0.0,0.0,0.0,0.0,,,,,,,,,,,,,,,,,,,,,,0.001
25,8260,train,19.431575775146484,16.175153732299805,16.173341751098633,0.0,0.014177895151078701,0.014177895151078701,0.0,0.011062652803957462,7.500000356230885e-05,0.03750000149011612,0.007499999832361937,0.03750000149011612,0.000750000006519258,0.000750000006519258,0.75,0.0002875697973649949,0.14516445994377136,0.0,0.0,0.0,0.0,0.0,0.0,0.0,0.0,0.4691636860370636,0.4691636860370636,1.0,0.4691636860370636,0.4691636860370636,0.4691636860370636,0.0,-0.005525003653019667,0.1626701056957245,1.0,0.0002875697973649949,1.0,0.0,0.0,0.0002875697973649949,0.0,0.0,0.14516445994377136,0.0,0.4451644718647003,0.0,0.44516438245773315,0.44516438245773315,0.6871211528778076,0.0,0.0,0.0,0.0,0.0,0.0,0.0,0.0,1.0,0.0,-0.00014956221275497228,0.40039414167404175,0.0654507502913475,0.9622589349746704,0.0,16.173341751098633,16.175153732299805,16.175153732299805,0.2054338902235031,-0.09758424758911133,6.156273824053926e-10,0.0,0.0,4.312829494476318,4.312829494476318,1.7434954643249512,1.7434954643249512,0.8929499983787537,0.0,0.0,0.0,0.0,0.4451644718647003,0.0,0.44516438245773315,0.44516438245773315,0.6871211528778076,0.0,1.7434954643249512,1.7434953451156616,1.7434954643249512,1.7465876340866089,0.1626701056957245,0.16941441595554352,0.029450098052620888,1.0,0.7172178030014038,0.6274794936180115,0.7002743482589722,0.0,,,,,,,,,,,,,,,12.0,0.0,0.0,0.0,0.0,0.0,0.0,,,,,,,,,,,,,,,,,,,,,,0.001
25,8280,train,19.077211380004883,15.879568099975586,15.879335403442383,0.0,0.01472936850041151,0.01472936850041151,0.0,0.01109261717647314,7.500000356230885e-05,0.03750000149011612,0.007499999832361937,0.03750000149011612,0.000750000006519258,0.000750000006519258,0.75,0.00021747470600530505,0.14624834060668945,0.0,0.0,0.0,0.0,0.0,0.0,0.0,0.0,0.46913591027259827,0.46913591027259827,1.0,0.46913591027259827,0.46913594007492065,0.46913594007492065,0.0,-0.008200544863939285,0.1609029769897461,1.0,0.00021747470600530505,1.0,0.0,0.0,0.00021747470600530505,0.0,0.0,0.14624834060668945,0.0,0.4462483525276184,0.0,0.4462484121322632,0.4462484121322632,0.687357485294342,0.0,0.0,0.0,0.0,0.0,0.0,0.0,0.0,1.0,0.0,-0.0001258522243006155,0.3986085057258606,0.0657835453748703,0.9628528356552124,0.0,15.879335403442383,15.879568099975586,15.879568099975586,0.2135782241821289,-0.07951381802558899,1.1725047321942128e-10,0.0,0.0,4.388733863830566,4.388733863830566,1.7437360286712646,1.7437360286712646,0.8895185589790344,0.0,0.0,0.0,0.0,0.4462483525276184,0.0,0.4462484121322632,0.4462484121322632,0.687357485294342,0.0,1.7437360286712646,1.7437360286712646,1.7437360286712646,1.745587706565857,0.1609029769897461,0.16912171244621277,0.029481692239642143,1.0,0.6076653599739075,0.591899037361145,0.5368961691856384,0.0,,,,,,,,,,,,,,,12.0,0.0,0.0,0.0,0.0,0.0,0.0,,,,,,,,,,,,,,,,,,,,,,0.001
25,8300,train,18.88265037536621,15.717157363891602,15.71839714050293,0.0,0.016240915283560753,0.016240915283560753,0.0,0.011143296025693417,7.500000356230885e-05,0.03750000149011612,0.007499999832361937,0.03750000149011612,0.000750000006519258,0.000750000006519258,0.75,0.00021421417477540672,0.1431296169757843,0.0,0.0,0.0,0.0,0.0,0.0,0.0,0.0,0.4688594341278076,0.4688594341278076,1.0,0.4688594341278076,0.4688594341278076,0.4688594341278076,0.0,-0.009793605655431747,0.19295547902584076,1.0,0.00021421417477540672,1.0,0.0,0.0,0.00021421417477540672,0.0,0.0,0.1431296169757843,0.0,0.44312962889671326,0.0,0.4431297183036804,0.4431297183036804,0.6866647005081177,0.0,0.0,0.0,0.0,0.0,0.0,0.0,0.0,1.0,0.0,0.00016198305820580572,0.4022611677646637,0.0657706931233406,0.9626972079277039,0.0,15.71839714050293,15.717157363891602,15.717157363891602,0.21805743873119354,-0.1508810818195343,-1.2935917614864678e-10,0.0,0.0,4.293471336364746,4.293471813201904,1.742732048034668,1.742732048034668,0.9611030220985413,0.0,0.0,0.0,0.0,0.44312962889671326,0.0,0.4431297183036804,0.4431297183036804,0.6866647005081177,0.0,1.742732048034668,1.742732048034668,1.742732048034668,1.7477729320526123,0.19295547902584076,0.16951756179332733,0.029429495334625244,1.0,0.6072922945022583,0.5884144306182861,0.5805737972259521,0.0,,,,,,,,,,,,,,,12.0,0.0,0.0,0.0,0.0,0.0,0.0,,,,,,,,,,,,,,,,,,,,,,0.001
25,8320,train,18.27761459350586,15.213607788085938,15.211649894714355,0.0,0.015882084146142006,0.015882084146142006,0.0,0.011476070620119572,7.500000356230885e-05,0.03750000149011612,0.007499999832361937,0.03750000149011612,0.000750000006519258,0.000750000006519258,0.75,0.00018226468819193542,0.13891693949699402,0.0,0.0,0.0,0.0,0.0,0.0,0.0,0.0,0.4661359488964081,0.4661359488964081,1.0,0.4661359488964081,0.46613597869873047,0.46613597869873047,0.0,-0.00923432968556881,0.2123931646347046,1.0,0.00018226468819193542,1.0,0.0,0.0,0.00018226468819193542,0.0,0.0,0.13891693949699402,0.0,0.4389169216156006,0.0,0.43891680240631104,0.43891680240631104,0.6856665015220642,0.0,0.0,0.0,0.0,0.0,0.0,0.0,0.0,1.0,0.0,-0.00029416201869025826,0.4013300836086273,0.06618980318307877,0.9607210755348206,0.0,15.211649894714355,15.213607788085938,15.213607788085938,0.1854756623506546,-0.07708142697811127,-1.1005666517016621e-10,0.0,0.0,4.527462005615234,4.527462005615234,1.749657154083252,1.749657154083252,0.8117101788520813,0.0,0.0,0.0,0.0,0.438916951417923,0.0,0.43891680240631104,0.43891680240631104,0.6856665015220642,0.0,1.749657154083252,1.749657154083252,1.749657154083252,1.743401050567627,0.2123931646347046,0.170094296336174,0.029520921409130096,1.0,0.5549443960189819,0.5747654438018799,0.5379564762115479,0.0,,,,,,,,,,,,,,,12.0,0.0,0.0,0.0,0.0,0.0,0.0,,,,,,,,,,,,,,,,,,,,,,0.001
25,8340,train,17.52170181274414,14.583614349365234,14.581963539123535,0.0,0.018211472779512405,0.018211472779512405,0.0,0.011706260964274406,7.500000356230885e-05,0.03750000149011612,0.007499999832361937,0.03750000149011612,0.000750000006519258,0.000750000006519258,0.75,0.00017868439317680895,0.1366252899169922,0.0,0.0,0.0,0.0,0.0,0.0,0.0,0.0,0.46465522050857544,0.46465522050857544,1.0,0.46465522050857544,0.46465522050857544,0.46465522050857544,0.0,-0.01072558481246233,0.21131359040737152,1.0,0.00017868439317680895,1.0,0.0,0.0,0.00017868439317680895,0.0,0.0,0.1366252899169922,0.0,0.43662530183792114,0.0,0.4366251826286316,0.4366251826286316,0.6850928664207458,0.0,0.0,0.0,0.0,0.0,0.0,0.0,0.0,1.0,0.0,0.00014883953554090112,0.39672017097473145,0.06716658920049667,0.9592591524124146,0.0,14.581963539123535,14.583614349365234,14.583614349365234,0.18614821135997772,-0.08545112609863281,-8.462196221525886e-11,0.0,0.0,4.417799949645996,4.417799949645996,1.7417950630187988,1.7417950630187988,0.8045185804367065,0.0,0.0,0.0,0.0,0.43662530183792114,0.0,0.4366251826286316,0.4366251826286316,0.6850928664207458,0.0,1.7417950630187988,1.7417947053909302,1.7417950630187988,1.7445284128189087,0.21131359040737152,0.17144787311553955,0.02959212101995945,1.0,0.6055899858474731,0.6085407733917236,0.6157011985778809,0.0,,,,,,,,,,,,,,,12.0,0.0,0.0,0.0,0.0,0.0,0.0,,,,,,,,,,,,,,,,,,,,,,0.001
25,8350,train_epoch,19.001384923558035,15.816449533679528,15.816266156956107,0.0,0.0159432177186503,0.0159432177186503,0.0,0.01116389566530546,7.500000356230885e-05,0.03750000149011612,0.007499999832361937,0.03750000149011612,0.000750000006519258,0.000750000006519258,0.75,0.00019187731630448393,0.14216391305009762,0.0,0.0,0.0,0.0,0.0,0.0,0.0,0.0,0.4661696422956661,0.4661696422956661,1.0,0.4661696422956661,0.46616964193875204,0.46616964193875204,0.0,-0.008824114139821983,0.17997216642973665,1.0,0.00019187731630448393,1.0,0.0,0.0,0.00019187731630448393,0.0,0.0,0.14216391305009762,0.0,0.4421639251494836,0.0,0.44216391051600795,0.44216391051600795,0.6864300347016957,0.0,0.0,0.0,0.0,0.0,0.0,0.0,0.0,1.0,0.0,-9.195134978682688e-06,0.4013673921009738,0.06542035669623734,0.9600507274359286,0.0,15.816266156956107,15.816449533679528,15.816449533679528,0.2084331187659395,-0.1089799150512247,-2.073795104655202e-12,0.0,0.0,4.4083653874026085,4.40836538311964,1.7380422517924965,1.7380422517924965,0.9109213237990876,0.0,0.0,0.0,0.0,0.4421639249710266,0.0,0.44216389829170205,0.44216389829170205,0.6864300347016957,0.0,1.73804219468625,1.7380421925447658,1.7380422517924965,1.7379181388609424,0.17997216642973665,0.171433638759002,0.029489690872901927,1.0,0.6078606092644309,0.6086375036996282,0.6088114921561258,0.0,,,,,,,,,,,,,,,12.0,0.0,0.0,0.0,0.0,0.0,0.0,,,,,,,,,,,,,,,,,,,,,,0.001
25,8350,val,,,,,,,,,,,,,,,,,,,,,,,,,,,,,,,,,,,,,,,,,,,,,,,,,,,,,,,,,,,,,,,,,,,,,,,,,,,,,,,,,,,,,,,,,,,,,,,,,,,,,,,,,,,,,,,,,,,,,,,,,15.745250701904297,644.1318969726562,25.379753682269186,0.12359851598739624,0.06719329953193665,14.68018913269043,23.560935375770843,0.10564213246107101,0.06271477043628693,15.628948211669922,25.303845694549945,0.12001055479049683,0.06670653820037842,17.530672073364258,28.26523955479316,0.13314348459243774,0.07468903809785843,15.745250701904297,25.379753682269186,0.12359851598739624,0.06719329953193665,0.001
25,8350,test_select,,,,,,,,,,,,,,,,,,,,,,,,,,,,,,,,,,,,,,,,,,,,,,,,,,,,,,,,,,,,,,,,,,,,,,,,,,,,,,,,,,,,,,,,,,,,,,,,,,,,,,,,,,,,,,,,,,,,,,,,,22.735980987548828,1275.9769287109375,35.72081926147464,0.15308213233947754,0.09234736114740372,18.234710693359375,28.33384051897461,0.12115918099880219,0.0740223154425621,22.457664489746094,34.85845751818165,0.14849427342414856,0.09120819717645645,29.34421157836914,44.996809782750155,0.18335336446762085,0.11930061131715775,22.735980987548828,35.72081926147464,0.15308213233947754,0.09234736114740372,0.001
26,8360,train,19.24937629699707,16.022470474243164,16.018840789794922,0.0,0.017389671877026558,0.017389671877026558,0.0,0.011736477725207806,7.999999797903001e-05,0.03999999910593033,0.00800000037997961,0.03999999910593033,0.0007999999797903001,0.0007999999797903001,0.800000011920929,0.00020481758110690862,0.138185054063797,0.0,0.0,0.0,0.0,0.0,0.0,0.0,0.0,0.46526792645454407,0.46526792645454407,1.0,0.46526792645454407,0.46526792645454407,0.46526792645454407,0.0,-0.007282609585672617,0.18465615808963776,1.0,0.00020481758110690862,1.0,0.0,0.0,0.00020481758110690862,0.0,0.0,0.138185054063797,0.0,0.43818506598472595,0.0,0.4381852149963379,0.4381852149963379,0.6854857206344604,0.0,0.0,0.0,0.0,0.0,0.0,0.0,0.0,1.0,0.0,0.00048008255544118583,0.39737263321876526,0.06713677197694778,0.9591250419616699,0.0,16.018840789794922,16.022470474243164,16.022470474243164,0.20428740978240967,-0.09069941192865372,1.9563448083737e-10,0.0,0.0,4.48856258392334,4.48856258392334,1.7485843896865845,1.7485843896865845,0.8792600631713867,0.0,0.0,0.0,0.0,0.43818506598472595,0.0,0.4381852149963379,0.4381852149963379,0.6854857206344604,0.0,1.7485840320587158,1.7485841512680054,1.7485843896865845,1.7430458068847656,0.18465615808963776,0.17106805741786957,0.02962513267993927,1.0,0.6480950117111206,0.6436168551445007,0.6296226382255554,0.0,,,,,,,,,,,,,,,12.0,0.0,0.0,0.0,0.0,0.0,0.0,,,,,,,,,,,,,,,,,,,,,,0.001
26,8380,train,18.55133628845215,15.44019889831543,15.440359115600586,0.0,0.01577824354171753,0.01577824354171753,0.0,0.011770891956984997,7.999999797903001e-05,0.03999999910593033,0.00800000037997961,0.03999999910593033,0.0007999999797903001,0.0007999999797903001,0.800000011920929,0.0002503881696611643,0.13850033283233643,0.0,0.0,0.0,0.0,0.0,0.0,0.0,0.0,0.4650387763977051,0.4650387763977051,1.0,0.4650387763977051,0.4650387763977051,0.4650387763977051,0.0,-0.013315590098500252,0.19029107689857483,1.0,0.0002503881696611643,1.0,0.0,0.0,0.0002503881696611643,0.0,0.0,0.13850033283233643,0.0,0.4385003447532654,0.0,0.43850016593933105,0.43850016593933105,0.6855635643005371,0.0,0.0,0.0,0.0,0.0,0.0,0.0,0.0,1.0,0.0,0.00042505114106461406,0.396199494600296,0.0675218254327774,0.9592993259429932,0.0,15.440359115600586,15.44019889831543,15.44019889831543,0.1918841302394867,-0.11090384423732758,3.139496718151946e-10,0.0,0.0,4.315831661224365,4.315831661224365,1.7443190813064575,1.7443190813064575,0.8296252489089966,0.0,0.0,0.0,0.0,0.4385003447532654,0.0,0.43850016593933105,0.43850016593933105,0.6855635643005371,0.0,1.744318962097168,1.7443190813064575,1.7443190813064575,1.7466011047363281,0.19029107689857483,0.17041009664535522,0.02964869700372219,1.0,0.5829449892044067,0.5926447510719299,0.5854613780975342,0.0,,,,,,,,,,,,,,,12.0,0.0,0.0,0.0,0.0,0.0,0.0,,,,,,,,,,,,,,,,,,,,,,0.001
26,8400,train,20.127836227416992,16.7542781829834,16.752336502075195,0.0,0.016078118234872818,0.016078118234872818,0.0,0.011860563419759274,7.999999797903001e-05,0.03999999910593033,0.00800000037997961,0.03999999910593033,0.0007999999797903001,0.0007999999797903001,0.800000011920929,0.00017235480481758714,0.13754305243492126,0.0,0.0,0.0,0.0,0.0,0.0,0.0,0.0,0.46532732248306274,0.46532732248306274,1.0,0.46532732248306274,0.46532732248306274,0.46532732248306274,0.0,-0.006519861984997988,0.1962055116891861,1.0,0.00017235480481758714,1.0,0.0,0.0,0.00017235480481758714,0.0,0.0,0.13754305243492126,0.0,0.4375430643558502,0.0,0.4375431537628174,0.4375431537628174,0.6853251457214355,0.0,0.0,0.0,0.0,0.0,0.0,0.0,0.0,1.0,0.0,0.00038710987428203225,0.3979592025279999,0.06752689182758331,0.9590981006622314,0.0,16.752336502075195,16.7542781829834,16.7542781829834,0.22973835468292236,-0.13675886392593384,-2.1283555473594618e-10,0.0,0.0,4.270281791687012,4.270281791687012,1.748488187789917,1.748488187789917,0.9635353088378906,0.0,0.0,0.0,0.0,0.4375430643558502,0.0,0.4375431537628174,0.4375431537628174,0.6853251457214355,0.0,1.748488187789917,1.748488187789917,1.748488187789917,1.7464758157730103,0.1962055116891861,0.17083339393138885,0.029721979051828384,1.0,0.5901851654052734,0.6087687015533447,0.6026598215103149,0.0,,,,,,,,,,,,,,,12.0,0.0,0.0,0.0,0.0,0.0,0.0,,,,,,,,,,,,,,,,,,,,,,0.001
26,8420,train,17.481212615966797,14.548476219177246,14.548145294189453,0.0,0.015286767855286598,0.015286767855286598,0.0,0.011809512041509151,7.999999797903001e-05,0.03999999910593033,0.00800000037997961,0.03999999910593033,0.0007999999797903001,0.0007999999797903001,0.800000011920929,0.00020154671801719815,0.13872328400611877,0.0,0.0,0.0,0.0,0.0,0.0,0.0,0.0,0.46633806824684143,0.46633806824684143,1.0,0.46633806824684143,0.46633806824684143,0.46633806824684143,0.0,-0.01071586087346077,0.18718020617961884,1.0,0.00020154671801719815,1.0,0.0,0.0,0.00020154671801719815,0.0,0.0,0.13872328400611877,0.0,0.43872329592704773,0.0,0.4387231469154358,0.4387231469154358,0.6856186985969543,0.0,0.0,0.0,0.0,0.0,0.0,0.0,0.0,1.0,0.0,-0.000482878735056147,0.3947544991970062,0.06783369928598404,0.9598968625068665,0.0,14.548145294189453,14.548476219177246,14.548476219177246,0.1829506903886795,-0.047529805451631546,-1.7843722333044099e-10,0.0,0.0,4.33923864364624,4.33923864364624,1.7459826469421387,1.7459826469421387,0.7695512771606445,0.0,0.0,0.0,0.0,0.43872329592704773,0.0,0.4387231171131134,0.4387231171131134,0.6856186985969543,0.0,1.7459825277328491,1.7459826469421387,1.7459826469421387,1.7511695623397827,0.18718020617961884,0.17062364518642426,0.02966836467385292,1.0,0.6645517349243164,0.6230863332748413,0.6634820699691772,0.0,,,,,,,,,,,,,,,12.0,0.0,0.0,0.0,0.0,0.0,0.0,,,,,,,,,,,,,,,,,,,,,,0.001
26,8440,train,18.550418853759766,15.439358711242676,15.439558029174805,0.0,0.017014501616358757,0.017014501616358757,0.0,0.011898409575223923,7.999999797903001e-05,0.03999999910593033,0.00800000037997961,0.03999999910593033,0.0007999999797903001,0.0007999999797903001,0.800000011920929,0.0002079936966765672,0.13610190153121948,0.0,0.0,0.0,0.0,0.0,0.0,0.0,0.0,0.4657745063304901,0.4657745063304901,1.0,0.4657745063304901,0.4657745063304901,0.4657745063304901,0.0,-0.013270401395857334,0.2147965431213379,1.0,0.0002079936966765672,1.0,0.0,0.0,0.0002079936966765672,0.0,0.0,0.13610190153121948,0.0,0.43610191345214844,0.0,0.43610188364982605,0.43610188364982605,0.6849592924118042,0.0,0.0,0.0,0.0,0.0,0.0,0.0,0.0,1.0,0.0,0.0009201568900607526,0.3966854512691498,0.06783325225114822,0.9598594903945923,0.0,15.439558029174805,15.439358711242676,15.439358711242676,0.21248427033424377,-0.10282193869352341,1.4280424065482578e-10,0.0,0.0,4.421205043792725,4.421205043792725,1.7517776489257812,1.7517776489257812,0.9088886976242065,0.0,0.0,0.0,0.0,0.43610191345214844,0.0,0.43610188364982605,0.43610188364982605,0.6849592924118042,0.0,1.7517776489257812,1.7517776489257812,1.7517776489257812,1.7514712810516357,0.2147965431213379,0.1697465181350708,0.02961328811943531,1.0,0.63222336769104,0.6204463243484497,0.5950738787651062,0.0,,,,,,,,,,,,,,,12.0,0.0,0.0,0.0,0.0,0.0,0.0,,,,,,,,,,,,,,,,,,,,,,0.001
26,8460,train,17.493085861206055,14.558396339416504,14.557912826538086,0.0,0.01621732860803604,0.01621732860803604,0.0,0.011987351812422276,7.999999797903001e-05,0.03999999910593033,0.00800000037997961,0.03999999910593033,0.0007999999797903001,0.0007999999797903001,0.800000011920929,0.0002317934122402221,0.13410234451293945,0.0,0.0,0.0,0.0,0.0,0.0,0.0,0.0,0.4656512439250946,0.4656512439250946,1.0,0.4656512439250946,0.4656512439250946,0.4656512439250946,0.0,-0.0073017156682908535,0.21659280359745026,1.0,0.0002317934122402221,1.0,0.0,0.0,0.0002317934122402221,0.0,0.0,0.13410234451293945,0.0,0.4341023564338684,0.0,0.43410247564315796,0.43410247564315796,0.6844369173049927,0.0,0.0,0.0,0.0,0.0,0.0,0.0,0.0,1.0,0.0,9.516587306279689e-05,0.39507123827934265,0.06797956675291061,0.9596112966537476,0.0,14.557912826538086,14.558396339416504,14.558396339416504,0.1880405843257904,-0.07487291097640991,-8.400478229697583e-11,0.0,0.0,4.295506954193115,4.295506954193115,1.7536797523498535,1.7536797523498535,0.7521641850471497,0.0,0.0,0.0,0.0,0.4341023564338684,0.0,0.43410244584083557,0.43410244584083557,0.6844369173049927,0.0,1.7536795139312744,1.7536795139312744,1.7536797523498535,1.7502139806747437,0.21659280359745026,0.17020606994628906,0.029409034177660942,1.0,0.5814242362976074,0.533258855342865,0.5999026298522949,0.0,,,,,,,,,,,,,,,12.0,0.0,0.0,0.0,0.0,0.0,0.0,,,,,,,,,,,,,,,,,,,,,,0.001
26,8480,train,18.06894302368164,15.038681983947754,15.03587532043457,0.0,0.015066656284034252,0.015066656284034252,0.0,0.011997586116194725,7.999999797903001e-05,0.03999999910593033,0.00800000037997961,0.03999999910593033,0.0007999999797903001,0.0007999999797903001,0.800000011920929,0.0002268944081151858,0.13501104712486267,0.0,0.0,0.0,0.0,0.0,0.0,0.0,0.0,0.46612218022346497,0.46612218022346497,1.0,0.46612218022346497,0.46612218022346497,0.46612218022346497,0.0,-0.010663758032023907,0.20083951950073242,1.0,0.0002268944081151858,1.0,0.0,0.0,0.0002268944081151858,0.0,0.0,0.13501104712486267,0.0,0.43501102924346924,0.0,0.4350111484527588,0.4350111484527588,0.684675931930542,0.0,0.0,0.0,0.0,0.0,0.0,0.0,0.0,1.0,0.0,0.0005757673643529415,0.39316999912261963,0.06797086447477341,0.9599900841712952,0.0,15.03587532043457,15.038681983947754,15.038681983947754,0.20930929481983185,-0.10622235387563705,2.0781162901606365e-10,0.0,0.0,4.535854339599609,4.535854339599609,1.7540416717529297,1.7540416717529297,0.9088290333747864,0.0,0.0,0.0,0.0,0.4350110590457916,0.0,0.4350111484527588,0.4350111484527588,0.684675931930542,0.0,1.7540414333343506,1.7540416717529297,1.7540416717529297,1.7531006336212158,0.20083951950073242,0.1701611876487732,0.0296481903642416,1.0,0.5925483703613281,0.5516890287399292,0.5795732140541077,0.0,,,,,,,,,,,,,,,12.0,0.0,0.0,0.0,0.0,0.0,0.0,,,,,,,,,,,,,,,,,,,,,,0.001
26,8500,train,18.800029754638672,15.647540092468262,15.646574020385742,0.0,0.017244519665837288,0.017244519665837288,0.0,0.01204212848097086,7.999999797903001e-05,0.03999999910593033,0.00800000037997961,0.03999999910593033,0.0007999999797903001,0.0007999999797903001,0.800000011920929,0.00018472982628736645,0.1340448260307312,0.0,0.0,0.0,0.0,0.0,0.0,0.0,0.0,0.4661464989185333,0.4661464989185333,1.0,0.4661464989185333,0.4661464989185333,0.4661464989185333,0.0,-0.011273711919784546,0.21051490306854248,1.0,0.00018472982628736645,1.0,0.0,0.0,0.00018472982628736645,0.0,0.0,0.1340448260307312,0.0,0.43404483795166016,0.0,0.4340447783470154,0.4340447783470154,0.6844215989112854,0.0,0.0,0.0,0.0,0.0,0.0,0.0,0.0,1.0,0.0,-0.00012488466745708138,0.3922383487224579,0.06803041696548462,0.9600573182106018,0.0,15.646574020385742,15.647540092468262,15.647540092468262,0.21809831261634827,-0.1168106198310852,-1.4888762445153247e-10,0.0,0.0,4.514383792877197,4.514383792877197,1.7530449628829956,1.7530449628829956,0.9726736545562744,0.0,0.0,0.0,0.0,0.43404483795166016,0.0,0.4340447783470154,0.4340447783470154,0.6844215989112854,0.0,1.7530449628829956,1.7530449628829956,1.7530449628829956,1.7584866285324097,0.21051490306854248,0.16970154643058777,0.02964327298104763,1.0,0.6072084307670593,0.6068042516708374,0.6112699508666992,0.0,,,,,,,,,,,,,,,12.0,0.0,0.0,0.0,0.0,0.0,0.0,,,,,,,,,,,,,,,,,,,,,,0.001
26,8520,train,17.791202545166016,14.806652069091797,14.806777000427246,0.0,0.018012458458542824,0.018012458458542824,0.0,0.012182672508060932,7.999999797903001e-05,0.03999999910593033,0.00800000037997961,0.03999999910593033,0.0007999999797903001,0.0007999999797903001,0.800000011920929,0.0002529005869291723,0.13243436813354492,0.0,0.0,0.0,0.0,0.0,0.0,0.0,0.0,0.46598052978515625,0.46598052978515625,1.0,0.46598052978515625,0.46598052978515625,0.46598052978515625,0.0,-0.010170651599764824,0.2190408557653427,1.0,0.0002529005869291723,1.0,0.0,0.0,0.0002529005869291723,0.0,0.0,0.13243436813354492,0.0,0.4324343800544739,0.0,0.4324345290660858,0.4324345290660858,0.6839888691902161,0.0,0.0,0.0,0.0,0.0,0.0,0.0,0.0,1.0,0.0,-0.0006885334732942283,0.3951065242290497,0.06827497482299805,0.9593662619590759,0.0,14.806777000427246,14.806652069091797,14.806652069091797,0.18181465566158295,-0.10157923400402069,1.3833881262748093e-10,0.0,0.0,4.279766082763672,4.279766082763672,1.7498729228973389,1.7498729228973389,0.7904608249664307,0.0,0.0,0.0,0.0,0.4324343800544739,0.0,0.4324345290660858,0.4324345290660858,0.6839888691902161,0.0,1.7498729228973389,1.7498729228973389,1.7498729228973389,1.7506426572799683,0.2190408557653427,0.16907496750354767,0.029658952727913857,1.0,0.519559919834137,0.5910704135894775,0.5699041485786438,0.0,,,,,,,,,,,,,,,12.0,0.0,0.0,0.0,0.0,0.0,0.0,,,,,,,,,,,,,,,,,,,,,,0.001
26,8540,train,19.648393630981445,16.35428237915039,16.354583740234375,0.0,0.01804564893245697,0.01804564893245697,0.0,0.012212526984512806,7.999999797903001e-05,0.03999999910593033,0.00800000037997961,0.03999999910593033,0.0007999999797903001,0.0007999999797903001,0.800000011920929,0.00026915903436020017,0.13480016589164734,0.0,0.0,0.0,0.0,0.0,0.0,0.0,0.0,0.4658953845500946,0.4658953845500946,1.0,0.4658953845500946,0.4658953845500946,0.4658953845500946,0.0,-0.006075788289308548,0.19162419438362122,1.0,0.00026915903436020017,1.0,0.0,0.0,0.00026915903436020017,0.0,0.0,0.13480016589164734,0.0,0.4348002076148987,0.0,0.43480023741722107,0.43480023741722107,0.6846206784248352,0.0,0.0,0.0,0.0,0.0,0.0,0.0,0.0,1.0,0.0,0.00046993125579319894,0.391389936208725,0.06813284009695053,0.9596285223960876,0.0,16.354583740234375,16.35428237915039,16.35428237915039,0.21701613068580627,-0.10422572493553162,-3.3038508040483805e-10,0.0,0.0,4.513065338134766,4.513065338134766,1.757214903831482,1.757214903831482,0.9877811670303345,0.0,0.0,0.0,0.0,0.4348001778125763,0.0,0.43480023741722107,0.43480023741722107,0.6846206784248352,0.0,1.757214903831482,1.7572147846221924,1.757214903831482,1.7541899681091309,0.19162419438362122,0.16820454597473145,0.02937447465956211,1.0,0.609807014465332,0.6214268207550049,0.5395570993423462,0.0,,,,,,,,,,,,,,,12.0,0.0,0.0,0.0,0.0,0.0,0.0,,,,,,,,,,,,,,,,,,,,,,0.001
26,8560,train,18.1486759185791,15.104259490966797,15.106705665588379,0.0,0.013981405645608902,0.013981405645608902,0.0,0.012262833304703236,7.999999797903001e-05,0.03999999910593033,0.00800000037997961,0.03999999910593033,0.0007999999797903001,0.0007999999797903001,0.800000011920929,0.00018956662097480148,0.1370851993560791,0.0,0.0,0.0,0.0,0.0,0.0,0.0,0.0,0.46678560972213745,0.46678560972213745,1.0,0.46678560972213745,0.46678563952445984,0.46678563952445984,0.0,-0.008144831284880638,0.18042896687984467,1.0,0.00018956662097480148,1.0,0.0,0.0,0.00018956662097480148,0.0,0.0,0.1370851993560791,0.0,0.43708521127700806,0.0,0.43708521127700806,0.43708521127700806,0.6852095723152161,0.0,0.0,0.0,0.0,0.0,0.0,0.0,0.0,1.0,0.0,0.00037924721254967153,0.39116230607032776,0.06800200790166855,0.9597130417823792,0.0,15.106705665588379,15.104259490966797,15.104259490966797,0.18117180466651917,-0.007826254703104496,-4.992705138207043e-10,0.0,0.0,4.400535583496094,4.400535583496094,1.7575130462646484,1.7575130462646484,0.6988269686698914,0.0,0.0,0.0,0.0,0.43708521127700806,0.0,0.43708518147468567,0.43708518147468567,0.6852095723152161,0.0,1.7575130462646484,1.7575130462646484,1.7575130462646484,1.755281686782837,0.18042896687984467,0.16768643260002136,0.029281554743647575,1.0,0.5862998366355896,0.6140050292015076,0.5695127844810486,0.0,,,,,,,,,,,,,,,12.0,0.0,0.0,0.0,0.0,0.0,0.0,,,,,,,,,,,,,,,,,,,,,,0.001
26,8580,train,17.776073455810547,14.793719291687012,14.796408653259277,0.0,0.014355266466736794,0.014355266466736794,0.0,0.012299444526433945,7.999999797903001e-05,0.03999999910593033,0.00800000037997961,0.03999999910593033,0.0007999999797903001,0.0007999999797903001,0.800000011920929,0.00021178059978410602,0.13762488961219788,0.0,0.0,0.0,0.0,0.0,0.0,0.0,0.0,0.46641281247138977,0.46641281247138977,1.0,0.46641281247138977,0.46641284227371216,0.46641284227371216,0.0,-0.010165329091250896,0.19044776260852814,1.0,0.00021178059978410602,1.0,0.0,0.0,0.00021178059978410602,0.0,0.0,0.13762488961219788,0.0,0.43762490153312683,0.0,0.43762487173080444,0.43762487173080444,0.6853453516960144,0.0,0.0,0.0,0.0,0.0,0.0,0.0,0.0,1.0,0.0,0.0003219128120690584,0.3933085799217224,0.06806253641843796,0.9597944617271423,0.0,14.796408653259277,14.793719291687012,14.793719291687012,0.19425368309020996,-0.08433392643928528,-2.748264393837019e-10,0.0,0.0,4.5078630447387695,4.5078630447387695,1.75827157497406,1.75827157497406,0.8709244728088379,0.0,0.0,0.0,0.0,0.43762490153312683,0.0,0.43762484192848206,0.43762484192848206,0.6853453516960144,0.0,1.75827157497406,1.75827157497406,1.75827157497406,1.7604464292526245,0.19044776260852814,0.16775140166282654,0.029406124725937843,1.0,0.6207964420318604,0.5890519618988037,0.6156896352767944,0.0,,,,,,,,,,,,,,,12.0,0.0,0.0,0.0,0.0,0.0,0.0,,,,,,,,,,,,,,,,,,,,,,0.001
26,8600,train,18.621288299560547,15.498309135437012,15.499367713928223,0.0,0.015000621788203716,0.015000621788203716,0.0,0.012401084415614605,7.999999797903001e-05,0.03999999910593033,0.00800000037997961,0.03999999910593033,0.0007999999797903001,0.0007999999797903001,0.800000011920929,0.00016181281534954906,0.13737860321998596,0.0,0.0,0.0,0.0,0.0,0.0,0.0,0.0,0.4664701223373413,0.4664701223373413,1.0,0.4664701223373413,0.4664700925350189,0.4664700925350189,0.0,-0.010149064473807812,0.20056112110614777,1.0,0.00016181281534954906,1.0,0.0,0.0,0.00016181281534954906,0.0,0.0,0.13737860321998596,0.0,0.4373786151409149,0.0,0.43737849593162537,0.43737849593162537,0.6852836608886719,0.0,0.0,0.0,0.0,0.0,0.0,0.0,0.0,1.0,0.0,-2.1511776139959693e-05,0.39230871200561523,0.06840744614601135,0.9595929980278015,0.0,15.499367713928223,15.498309135437012,15.498309135437012,0.2224089652299881,-0.141837939620018,3.027473549632731e-10,0.0,0.0,4.690870761871338,4.690870761871338,1.756341814994812,1.756341814994812,1.0551360845565796,0.0,0.0,0.0,0.0,0.4373786151409149,0.0,0.43737849593162537,0.43737849593162537,0.6852836608886719,0.0,1.756341814994812,1.756341576576233,1.756341814994812,1.7613525390625,0.20056112110614777,0.16822075843811035,0.029611116275191307,1.0,0.6480472087860107,0.6748298406600952,0.6365312337875366,0.0,,,,,,,,,,,,,,,12.0,0.0,0.0,0.0,0.0,0.0,0.0,,,,,,,,,,,,,,,,,,,,,,0.001
26,8620,train,18.027381896972656,15.004070281982422,15.000847816467285,0.0,0.01589336432516575,0.01589336432516575,0.0,0.012441080063581467,7.999999797903001e-05,0.03999999910593033,0.00800000037997961,0.03999999910593033,0.0007999999797903001,0.0007999999797903001,0.800000011920929,0.0002319005725439638,0.13724347949028015,0.0,0.0,0.0,0.0,0.0,0.0,0.0,0.0,0.46653932332992554,0.46653932332992554,1.0,0.46653932332992554,0.4665393531322479,0.4665393531322479,0.0,-0.008383761160075665,0.20140160620212555,1.0,0.0002319005725439638,1.0,0.0,0.0,0.0002319005725439638,0.0,0.0,0.13724347949028015,0.0,0.4372434914112091,0.0,0.4372435510158539,0.4372435510158539,0.685249388217926,0.0,0.0,0.0,0.0,0.0,0.0,0.0,0.0,1.0,0.0,-9.836812387220562e-05,0.39159107208251953,0.06868195533752441,0.9598067402839661,0.0,15.000847816467285,15.004070281982422,15.004070281982422,0.193326935172081,-0.1059323251247406,-4.6495786387712457e-11,0.0,0.0,4.304586887359619,4.304586887359619,1.758081078529358,1.758081078529358,0.8202463388442993,0.0,0.0,0.0,0.0,0.4372434914112091,0.0,0.4372435212135315,0.4372435212135315,0.685249388217926,0.0,1.7580809593200684,1.758081078529358,1.758081078529358,1.7624616622924805,0.20140160620212555,0.16735488176345825,0.029270876199007034,1.0,0.666672945022583,0.6538287401199341,0.608647346496582,0.0,,,,,,,,,,,,,,,12.0,0.0,0.0,0.0,0.0,0.0,0.0,,,,,,,,,,,,,,,,,,,,,,0.001
26,8640,train,18.895992279052734,15.727993965148926,15.724435806274414,0.0,0.01466906163841486,0.01466906163841486,0.0,0.012293247506022453,7.999999797903001e-05,0.03999999910593033,0.00800000037997961,0.03999999910593033,0.0007999999797903001,0.0007999999797903001,0.800000011920929,0.00021608245151583105,0.13819622993469238,0.0,0.0,0.0,0.0,0.0,0.0,0.0,0.0,0.46691155433654785,0.46691155433654785,1.0,0.46691155433654785,0.46691155433654785,0.46691155433654785,0.0,-0.008051079697906971,0.1925106644630432,1.0,0.00021608245151583105,1.0,0.0,0.0,0.00021608245151583105,0.0,0.0,0.13819622993469238,0.0,0.43819624185562134,0.0,0.4381962716579437,0.4381962716579437,0.6854879260063171,0.0,0.0,0.0,0.0,0.0,0.0,0.0,0.0,1.0,0.0,-0.0002315900637768209,0.3889569640159607,0.06798244267702103,0.9605234265327454,0.0,15.724435806274414,15.727993965148926,15.727993965148926,0.20899146795272827,-0.09045598655939102,-1.410171840410257e-10,0.0,0.0,4.317626953125,4.317626953125,1.755300760269165,1.755300760269165,0.8829416036605835,0.0,0.0,0.0,0.0,0.43819624185562134,0.0,0.43819624185562134,0.43819624185562134,0.6854879260063171,0.0,1.755300521850586,1.755300760269165,1.755300760269165,1.758781909942627,0.1925106644630432,0.16715116798877716,0.02962430752813816,1.0,0.5672105550765991,0.5763406753540039,0.6150426268577576,0.0,,,,,,,,,,,,,,,12.0,0.0,0.0,0.0,0.0,0.0,0.0,,,,,,,,,,,,,,,,,,,,,,0.001
26,8660,train,19.065265655517578,15.868650436401367,15.867400169372559,0.0,0.014287305064499378,0.014287305064499378,0.0,0.012227664701640606,7.999999797903001e-05,0.03999999910593033,0.00800000037997961,0.03999999910593033,0.0007999999797903001,0.0007999999797903001,0.800000011920929,0.0001386128569720313,0.13947442173957825,0.0,0.0,0.0,0.0,0.0,0.0,0.0,0.0,0.46772047877311707,0.46772047877311707,1.0,0.46772047877311707,0.46772050857543945,0.46772050857543945,0.0,-0.00891998689621687,0.18686246871948242,1.0,0.0001386128569720313,1.0,0.0,0.0,0.0001386128569720313,0.0,0.0,0.13947442173957825,0.0,0.4394744634628296,0.0,0.43947458267211914,0.43947458267211914,0.6858024597167969,0.0,0.0,0.0,0.0,0.0,0.0,0.0,0.0,1.0,0.0,4.750323569169268e-05,0.3905768394470215,0.06797976046800613,0.9613683819770813,0.0,15.867400169372559,15.868650436401367,15.868650436401367,0.23050515353679657,-0.12500087916851044,3.57394863703675e-10,0.0,0.0,4.2558794021606445,4.2558794021606445,1.7606632709503174,1.7606632709503174,0.9471583962440491,0.0,0.0,0.0,0.0,0.4394744336605072,0.0,0.43947458267211914,0.43947458267211914,0.6858024597167969,0.0,1.7606630325317383,1.7606632709503174,1.7606632709503174,1.7568994760513306,0.18686246871948242,0.16674621403217316,0.029528629034757614,1.0,0.620071530342102,0.5855705142021179,0.5869946479797363,0.0,,,,,,,,,,,,,,,12.0,0.0,0.0,0.0,0.0,0.0,0.0,,,,,,,,,,,,,,,,,,,,,,0.001
26,8680,train,18.581605911254883,15.465453147888184,15.464947700500488,0.0,0.014837677590548992,0.014837677590548992,0.0,0.012138202786445618,7.999999797903001e-05,0.03999999910593033,0.00800000037997961,0.03999999910593033,0.0007999999797903001,0.0007999999797903001,0.800000011920929,0.00029403442749753594,0.1389760971069336,0.0,0.0,0.0,0.0,0.0,0.0,0.0,0.0,0.4678581953048706,0.4678581953048706,1.0,0.4678581953048706,0.4678581953048706,0.4678581953048706,0.0,-0.00911956187337637,0.19630469381809235,1.0,0.00029403442749753594,1.0,0.0,0.0,0.00029403442749753594,0.0,0.0,0.1389760971069336,0.0,0.43897610902786255,0.0,0.4389760196208954,0.4389760196208954,0.6856805682182312,0.0,0.0,0.0,0.0,0.0,0.0,0.0,0.0,1.0,0.0,0.00017648577340878546,0.39347758889198303,0.06784293800592422,0.9617360234260559,0.0,15.464947700500488,15.465453147888184,15.465453147888184,0.2088829129934311,-0.09541641920804977,-2.7350388620561716e-10,0.0,0.0,4.458072662353516,4.458072662353516,1.7623933553695679,1.7623933553695679,0.897606372833252,0.0,0.0,0.0,0.0,0.43897610902786255,0.0,0.4389760196208954,0.4389760196208954,0.6856805682182312,0.0,1.7623933553695679,1.7623932361602783,1.7623933553695679,1.7603741884231567,0.19630469381809235,0.16634120047092438,0.02944808267056942,1.0,0.5946150422096252,0.5994689464569092,0.5877851247787476,0.0,,,,,,,,,,,,,,,12.0,0.0,0.0,0.0,0.0,0.0,0.0,,,,,,,,,,,,,,,,,,,,,,0.001
26,8684,train_epoch,18.911765132835527,15.74057108199525,15.740285713515595,0.0,0.01602854966436942,0.01602854966436942,0.0,0.012088407723311179,7.999999797903001e-05,0.03999999910593033,0.00800000037997961,0.03999999910593033,0.0007999999797903001,0.0007999999797903001,0.800000011920929,0.00019617019238004122,0.1367815850737566,0.0,0.0,0.0,0.0,0.0,0.0,0.0,0.0,0.4663495158185502,0.4663495158185502,1.0,0.4663495158185502,0.4663495155508647,0.4663495155508647,0.0,-0.009296855352495513,0.19737000272659486,1.0,0.00019617019238004122,1.0,0.0,0.0,0.00019617019238004122,0.0,0.0,0.1367815850737566,0.0,0.436781596370086,0.0,0.4367815768290423,0.4367815768290423,0.6851241320906999,0.0,0.0,0.0,0.0,0.0,0.0,0.0,0.0,1.0,0.0,5.8601928738774614e-08,0.39390596194181615,0.06793577145941243,0.9599077287548317,0.0,15.740285713515595,15.74057108199525,15.74057108199525,0.20892014390158797,-0.10538034388951645,-5.4078311372146286e-12,0.0,0.0,4.383349983991977,4.3833499768536965,1.753998515848628,1.753998515848628,0.9063648322742143,0.0,0.0,0.0,0.0,0.43678159699468555,0.0,0.4367815646939649,0.4367815646939649,0.6851241320906999,0.0,1.7539984601700378,1.7539984673083187,1.753998515848628,1.7541674464762569,0.19737000272659486,0.16889890261039048,0.02955557909532043,1.0,0.5988850306251092,0.5991267567266247,0.5991070836247084,0.0,,,,,,,,,,,,,,,12.0,0.0,0.0,0.0,0.0,0.0,0.0,,,,,,,,,,,,,,,,,,,,,,0.001
26,8684,val,,,,,,,,,,,,,,,,,,,,,,,,,,,,,,,,,,,,,,,,,,,,,,,,,,,,,,,,,,,,,,,,,,,,,,,,,,,,,,,,,,,,,,,,,,,,,,,,,,,,,,,,,,,,,,,,,,,,,,,,,15.601336479187012,642.2560424804688,25.34277101029934,0.11091980338096619,0.06657914072275162,14.540349960327148,23.481629028997727,0.09724395722150803,0.06211736053228378,15.446782112121582,25.206840870290673,0.1138828918337822,0.06592902541160583,17.534931182861328,28.304055678843866,0.1238972544670105,0.07470718771219254,15.601336479187012,25.34277101029934,0.11091980338096619,0.06657914072275162,0.001
26,8684,test_select,,,,,,,,,,,,,,,,,,,,,,,,,,,,,,,,,,,,,,,,,,,,,,,,,,,,,,,,,,,,,,,,,,,,,,,,,,,,,,,,,,,,,,,,,,,,,,,,,,,,,,,,,,,,,,,,,,,,,,,,,22.224599838256836,1259.0810546875,35.48353216194098,0.1354275643825531,0.0902702733874321,17.60826873779297,27.791870421463855,0.1077728271484375,0.07147932052612305,21.903024673461914,34.46146618133343,0.13719488680362701,0.08895563334226608,28.88101577758789,44.83824688576777,0.16687630116939545,0.11741746217012405,22.224599838256836,35.48353216194098,0.1354275643825531,0.0902702733874321,0.001
27,8700,train,19.529178619384766,16.253828048706055,16.253856658935547,0.0,0.013044945895671844,0.013044945895671844,0.0,0.012068105861544609,8.499999967170879e-05,0.042500000447034836,0.008500000461935997,0.042500000447034836,0.0008500000112690032,0.0008500000112690032,0.8500000238418579,0.00018087856005877256,0.1377396583557129,0.0,0.0,0.0,0.0,0.0,0.0,0.0,0.0,0.46877020597457886,0.46877020597457886,1.0,0.46877020597457886,0.46877020597457886,0.46877020597457886,0.0,-0.009139594621956348,0.20522640645503998,1.0,0.00018087856005877256,1.0,0.0,0.0,0.00018087856005877256,0.0,0.0,0.1377396583557129,0.0,0.43773967027664185,0.0,0.4377398192882538,0.4377398192882538,0.6853745579719543,0.0,0.0,0.0,0.0,0.0,0.0,0.0,0.0,1.0,0.0,-0.00035819271579384804,0.3949476480484009,0.06680544465780258,0.9621767997741699,0.0,16.253856658935547,16.253828048706055,16.253828048706055,0.2059464007616043,-0.10263445228338242,-3.3598895887720914e-10,0.0,0.0,4.29746150970459,4.29746150970459,1.7557646036148071,1.7557646036148071,0.9008884429931641,0.0,0.0,0.0,0.0,0.43773967027664185,0.0,0.4377398192882538,0.4377398192882538,0.6853745579719543,0.0,1.7557646036148071,1.7557646036148071,1.7557646036148071,1.7611253261566162,0.20522640645503998,0.16631962358951569,0.029607431963086128,1.0,0.5573256015777588,0.582510232925415,0.5135854482650757,0.0,,,,,,,,,,,,,,,12.0,0.0,0.0,0.0,0.0,0.0,0.0,,,,,,,,,,,,,,,,,,,,,,0.001
27,8720,train,18.15622329711914,15.10983657836914,15.108881950378418,0.0,0.01202445663511753,0.01202445663511753,0.0,0.011962292715907097,8.499999967170879e-05,0.042500000447034836,0.008500000461935997,0.042500000447034836,0.0008500000112690032,0.0008500000112690032,0.8500000238418579,0.0001730321382638067,0.1395745575428009,0.0,0.0,0.0,0.0,0.0,0.0,0.0,0.0,0.4701988995075226,0.4701988995075226,1.0,0.4701988995075226,0.4701988995075226,0.4701988995075226,0.0,-0.004918209742754698,0.18359772861003876,1.0,0.0001730321382638067,1.0,0.0,0.0,0.0001730321382638067,0.0,0.0,0.1395745575428009,0.0,0.43957456946372986,0.0,0.43957459926605225,0.43957459926605225,0.6858270764350891,0.0,0.0,0.0,0.0,0.0,0.0,0.0,0.0,1.0,0.0,-0.0006583649083040655,0.3917904198169708,0.06660693138837814,0.96306973695755,0.0,15.108881950378418,15.10983657836914,15.10983657836914,0.19575199484825134,-0.11979857087135315,2.569000290275625e-10,0.0,0.0,4.416050434112549,4.416050910949707,1.761036992073059,1.761036992073059,0.8762471079826355,0.0,0.0,0.0,0.0,0.43957456946372986,0.0,0.43957459926605225,0.43957459926605225,0.6858270764350891,0.0,1.761036992073059,1.761036992073059,1.761036992073059,1.7663134336471558,0.18359772861003876,0.16559246182441711,0.02941194176673889,1.0,0.5483313202857971,0.5754470825195312,0.5788924694061279,0.0,,,,,,,,,,,,,,,12.0,0.0,0.0,0.0,0.0,0.0,0.0,,,,,,,,,,,,,,,,,,,,,,0.001
27,8740,train,18.451786041259766,15.35580825805664,15.356328964233398,0.0,0.013897606171667576,0.013897606171667576,0.0,0.011913169175386429,8.499999967170879e-05,0.042500000447034836,0.008500000461935997,0.042500000447034836,0.0008500000112690032,0.0008500000112690032,0.8500000238418579,0.00013909215340390801,0.1408255398273468,0.0,0.0,0.0,0.0,0.0,0.0,0.0,0.0,0.47057557106018066,0.47057557106018066,1.0,0.47057557106018066,0.4705755412578583,0.4705755412578583,0.0,-0.009572315029799938,0.18160982429981232,1.0,0.00013909215340390801,1.0,0.0,0.0,0.00013909215340390801,0.0,0.0,0.1408255398273468,0.0,0.44082555174827576,0.0,0.4408256411552429,0.4408256411552429,0.6861274242401123,0.0,0.0,0.0,0.0,0.0,0.0,0.0,0.0,1.0,0.0,5.168309871805832e-05,0.39174526929855347,0.06646745651960373,0.9641137719154358,0.0,15.356328964233398,15.35580825805664,15.35580825805664,0.19876475632190704,-0.09755510836839676,1.482447775646989e-10,0.0,0.0,4.46274471282959,4.46274471282959,1.7638200521469116,1.7638200521469116,0.9098944664001465,0.0,0.0,0.0,0.0,0.44082555174827576,0.0,0.44082561135292053,0.44082561135292053,0.6861274242401123,0.0,1.7638200521469116,1.7638200521469116,1.7638200521469116,1.7631490230560303,0.18160982429981232,0.16494667530059814,0.029443610459566116,1.0,0.6219712495803833,0.6153518557548523,0.6129850745201111,0.0,,,,,,,,,,,,,,,12.0,0.0,0.0,0.0,0.0,0.0,0.0,,,,,,,,,,,,,,,,,,,,,,0.001
27,8760,train,19.39035987854004,16.138477325439453,16.136144638061523,0.0,0.01137719489634037,0.01137719489634037,0.0,0.01181403361260891,8.499999967170879e-05,0.042500000447034836,0.008500000461935997,0.042500000447034836,0.0008500000112690032,0.0008500000112690032,0.8500000238418579,0.00019398733275011182,0.1423417627811432,0.0,0.0,0.0,0.0,0.0,0.0,0.0,0.0,0.47155535221099854,0.47155535221099854,1.0,0.47155535221099854,0.4715553820133209,0.4715553820133209,0.0,-0.005560968071222305,0.17509189248085022,1.0,0.00019398733275011182,1.0,0.0,0.0,0.00019398733275011182,0.0,0.0,0.1423417627811432,0.0,0.44234177470207214,0.0,0.44234174489974976,0.44234174489974976,0.6864833831787109,0.0,0.0,0.0,0.0,0.0,0.0,0.0,0.0,1.0,0.0,0.00037332356441766024,0.3925187885761261,0.06631071865558624,0.9650142788887024,0.0,16.136144638061523,16.138477325439453,16.138477325439453,0.21615982055664062,-0.1261654645204544,9.310404530671335e-11,0.0,0.0,4.095762729644775,4.095762252807617,1.761938452720642,1.761938452720642,0.8624289035797119,0.0,0.0,0.0,0.0,0.44234177470207214,0.0,0.44234174489974976,0.44234174489974976,0.6864833831787109,0.0,1.761938452720642,1.761938452720642,1.761938452720642,1.7664238214492798,0.17509189248085022,0.16506345570087433,0.029437324032187462,1.0,0.5224196314811707,0.5411831140518188,0.528907060623169,0.0,,,,,,,,,,,,,,,12.0,0.0,0.0,0.0,0.0,0.0,0.0,,,,,,,,,,,,,,,,,,,,,,0.001
27,8780,train,18.60633659362793,15.485312461853027,15.481061935424805,0.0,0.01410635095089674,0.01410635095089674,0.0,0.01178817916661501,8.499999967170879e-05,0.042500000447034836,0.008500000461935997,0.042500000447034836,0.0008500000112690032,0.0008500000112690032,0.8500000238418579,0.00024103220493998379,0.14169421792030334,0.0,0.0,0.0,0.0,0.0,0.0,0.0,0.0,0.47237858176231384,0.47237858176231384,1.0,0.47237858176231384,0.47237858176231384,0.47237858176231384,0.0,-0.008531374856829643,0.18868301808834076,1.0,0.00024103220493998379,1.0,0.0,0.0,0.00024103220493998379,0.0,0.0,0.14169421792030334,0.0,0.4416942298412323,0.0,0.44169411063194275,0.44169411063194275,0.6863327026367188,0.0,0.0,0.0,0.0,0.0,0.0,0.0,0.0,1.0,0.0,-2.3199972929432988e-05,0.3963072597980499,0.0666826143860817,0.9658336043357849,0.0,15.481061935424805,15.485312461853027,15.485312461853027,0.2058434635400772,-0.09878387302160263,-2.730222992131104e-10,0.0,0.0,4.429137706756592,4.429137706756592,1.7657346725463867,1.7657346725463867,0.9116414189338684,0.0,0.0,0.0,0.0,0.4416942298412323,0.0,0.44169408082962036,0.44169408082962036,0.6863327026367188,0.0,1.7657346725463867,1.7657346725463867,1.7657346725463867,1.7675526142120361,0.18868301808834076,0.1639726161956787,0.029300911352038383,1.0,0.5988384485244751,0.5764343738555908,0.5607339143753052,0.0,,,,,,,,,,,,,,,12.0,0.0,0.0,0.0,0.0,0.0,0.0,,,,,,,,,,,,,,,,,,,,,,0.001
27,8800,train,17.083698272705078,14.215553283691406,14.21654987335205,0.0,0.012150370515882969,0.012150370515882969,0.0,0.011733700521290302,8.499999967170879e-05,0.042500000447034836,0.008500000461935997,0.042500000447034836,0.0008500000112690032,0.0008500000112690032,0.8500000238418579,0.0002552628284320235,0.14286351203918457,0.0,0.0,0.0,0.0,0.0,0.0,0.0,0.0,0.47439906001091003,0.47439906001091003,1.0,0.47439906001091003,0.47439906001091003,0.47439906001091003,0.0,-0.005029701162129641,0.1782449632883072,1.0,0.0002552628284320235,1.0,0.0,0.0,0.0002552628284320235,0.0,0.0,0.14286351203918457,0.0,0.4428635239601135,0.0,0.4428635537624359,0.4428635537624359,0.6866036653518677,0.0,0.0,0.0,0.0,0.0,0.0,0.0,0.0,1.0,0.0,-8.975679520517588e-05,0.39349088072776794,0.06664179265499115,0.966650664806366,0.0,14.21654987335205,14.215553283691406,14.215553283691406,0.20413625240325928,-0.09603551030158997,1.688879869288229e-10,0.0,0.0,4.310027122497559,4.310027122497559,1.7619223594665527,1.7619223594665527,0.8625443577766418,0.0,0.0,0.0,0.0,0.4428635239601135,0.0,0.4428635537624359,0.4428635537624359,0.6866036653518677,0.0,1.7619221210479736,1.7619221210479736,1.7619223594665527,1.769984245300293,0.1782449632883072,0.16310274600982666,0.029382063075900078,1.0,0.6179426908493042,0.6123780012130737,0.629029393196106,0.0,,,,,,,,,,,,,,,12.0,0.0,0.0,0.0,0.0,0.0,0.0,,,,,,,,,,,,,,,,,,,,,,0.001
27,8820,train,17.956037521362305,14.942622184753418,14.943490028381348,0.0,0.011990973725914955,0.011990973725914955,0.0,0.011918392032384872,8.499999967170879e-05,0.042500000447034836,0.008500000461935997,0.042500000447034836,0.0008500000112690032,0.0008500000112690032,0.8500000238418579,0.00013925982057116926,0.14002344012260437,0.0,0.0,0.0,0.0,0.0,0.0,0.0,0.0,0.47230687737464905,0.47230687737464905,1.0,0.47230687737464905,0.47230687737464905,0.47230687737464905,0.0,-0.01068700011819601,0.20676659047603607,1.0,0.00013925982057116926,1.0,0.0,0.0,0.00013925982057116926,0.0,0.0,0.14002344012260437,0.0,0.4400234520435333,0.0,0.44002342224121094,0.44002342224121094,0.6859354972839355,0.0,0.0,0.0,0.0,0.0,0.0,0.0,0.0,1.0,0.0,-0.0003147726529277861,0.3920876979827881,0.06723245233297348,0.9655580520629883,0.0,14.943490028381348,14.942622184753418,14.942622184753418,0.1969958245754242,-0.09360503405332565,-1.183063091936276e-10,0.0,0.0,4.332911014556885,4.332911014556885,1.7666058540344238,1.7666058540344238,0.8361939787864685,0.0,0.0,0.0,0.0,0.4400234520435333,0.0,0.44002342224121094,0.44002342224121094,0.6859354972839355,0.0,1.7666057348251343,1.7666057348251343,1.7666058540344238,1.7662214040756226,0.20676659047603607,0.1634059101343155,0.02928704209625721,1.0,0.5388391017913818,0.5848399996757507,0.5864965915679932,0.0,,,,,,,,,,,,,,,12.0,0.0,0.0,0.0,0.0,0.0,0.0,,,,,,,,,,,,,,,,,,,,,,0.001
27,8840,train,19.944490432739258,16.599634170532227,16.60048484802246,0.0,0.013406633399426937,0.013406633399426937,0.0,0.012022648938000202,8.499999967170879e-05,0.042500000447034836,0.008500000461935997,0.042500000447034836,0.0008500000112690032,0.0008500000112690032,0.8500000238418579,0.00022555400209967047,0.14009585976600647,0.0,0.0,0.0,0.0,0.0,0.0,0.0,0.0,0.4719294309616089,0.4719294309616089,1.0,0.4719294309616089,0.4719294309616089,0.4719294309616089,0.0,-0.005005946848541498,0.19643071293830872,1.0,0.00022555400209967047,1.0,0.0,0.0,0.00022555400209967047,0.0,0.0,0.14009585976600647,0.0,0.4400958716869354,0.0,0.4400957524776459,0.4400957524776459,0.6859529614448547,0.0,0.0,0.0,0.0,0.0,0.0,0.0,0.0,1.0,0.0,-0.0006722748512402177,0.392365038394928,0.0674036517739296,0.9653717279434204,0.0,16.60048484802246,16.599634170532227,16.599634170532227,0.20427663624286652,-0.1048455461859703,5.164895733322794e-10,0.0,0.0,4.346063613891602,4.346063613891602,1.7683920860290527,1.7683920860290527,0.9121602177619934,0.0,0.0,0.0,0.0,0.4400958716869354,0.0,0.4400957226753235,0.4400957226753235,0.6859529614448547,0.0,1.768391728401184,1.7683920860290527,1.7683920860290527,1.7703732252120972,0.19643071293830872,0.16272316873073578,0.029310038313269615,1.0,0.5791319608688354,0.5872598886489868,0.5258605480194092,0.0,,,,,,,,,,,,,,,12.0,0.0,0.0,0.0,0.0,0.0,0.0,,,,,,,,,,,,,,,,,,,,,,0.001
27,8860,train,19.89960479736328,16.56269073486328,16.560958862304688,0.0,0.012194027192890644,0.012194027192890644,0.0,0.012008043006062508,8.499999967170879e-05,0.042500000447034836,0.008500000461935997,0.042500000447034836,0.0008500000112690032,0.0008500000112690032,0.8500000238418579,0.00017584377201274037,0.14114776253700256,0.0,0.0,0.0,0.0,0.0,0.0,0.0,0.0,0.4722239077091217,0.4722239077091217,1.0,0.4722239077091217,0.4722239077091217,0.4722239077091217,0.0,-0.007033186964690685,0.1854258030653,1.0,0.00017584377201274037,1.0,0.0,0.0,0.00017584377201274037,0.0,0.0,0.14114776253700256,0.0,0.4411477744579315,0.0,0.44114774465560913,0.44114774465560913,0.6862037181854248,0.0,0.0,0.0,0.0,0.0,0.0,0.0,0.0,1.0,0.0,0.00025415894924663007,0.39067792892456055,0.06741338223218918,0.9661626219749451,0.0,16.560958862304688,16.56269073486328,16.56269073486328,0.22814682126045227,-0.10823991894721985,3.660758085555216e-10,0.0,0.0,4.139693737030029,4.139693737030029,1.7718696594238281,1.7718696594238281,0.9667726755142212,0.0,0.0,0.0,0.0,0.4411477744579315,0.0,0.44114771485328674,0.44114771485328674,0.6862037181854248,0.0,1.7718696594238281,1.771869421005249,1.7718696594238281,1.77126145362854,0.1854258030653,0.16254518926143646,0.029351068660616875,1.0,0.6459452509880066,0.6313867568969727,0.6479852199554443,0.0,,,,,,,,,,,,,,,12.0,0.0,0.0,0.0,0.0,0.0,0.0,,,,,,,,,,,,,,,,,,,,,,0.001
27,8880,train,18.302547454833984,15.231499671936035,15.231736183166504,0.0,0.01272964384406805,0.01272964384406805,0.0,0.01194707304239273,8.499999967170879e-05,0.042500000447034836,0.008500000461935997,0.042500000447034836,0.0008500000112690032,0.0008500000112690032,0.8500000238418579,0.00023359297483693808,0.13779568672180176,0.0,0.0,0.0,0.0,0.0,0.0,0.0,0.0,0.4713713824748993,0.4713713824748993,1.0,0.4713713824748993,0.4713713824748993,0.4713713824748993,0.0,-0.010513034649193287,0.21739545464515686,1.0,0.00023359297483693808,1.0,0.0,0.0,0.00023359297483693808,0.0,0.0,0.13779568672180176,0.0,0.4377956986427307,0.0,0.4377956986427307,0.4377956986427307,0.6853885650634766,0.0,0.0,0.0,0.0,0.0,0.0,0.0,0.0,1.0,0.0,-0.00010699120321078226,0.3910863995552063,0.06690897047519684,0.9657962918281555,0.0,15.231736183166504,15.231499671936035,15.231499671936035,0.20374460518360138,-0.10968334972858429,4.419630286744969e-11,0.0,0.0,4.347692966461182,4.347692966461182,1.7693527936935425,1.7693527936935425,0.8383924961090088,0.0,0.0,0.0,0.0,0.4377956986427307,0.0,0.4377956688404083,0.4377956688404083,0.6853885650634766,0.0,1.7693527936935425,1.7693527936935425,1.7693527936935425,1.7662572860717773,0.21739545464515686,0.16278569400310516,0.02926967851817608,1.0,0.6134423017501831,0.602942168712616,0.5661882162094116,0.0,,,,,,,,,,,,,,,12.0,0.0,0.0,0.0,0.0,0.0,0.0,,,,,,,,,,,,,,,,,,,,,,0.001
27,8900,train,17.978132247924805,14.961520195007324,14.959592819213867,0.0,0.013878402300179005,0.013878402300179005,0.0,0.011988990008831024,8.499999967170879e-05,0.042500000447034836,0.008500000461935997,0.042500000447034836,0.0008500000112690032,0.0008500000112690032,0.8500000238418579,0.0001436076854588464,0.13278797268867493,0.0,0.0,0.0,0.0,0.0,0.0,0.0,0.0,0.4704321026802063,0.4704321026802063,1.0,0.4704321026802063,0.4704321324825287,0.4704321324825287,0.0,-0.011580550111830235,0.24518541991710663,1.0,0.0001436076854588464,1.0,0.0,0.0,0.0001436076854588464,0.0,0.0,0.13278797268867493,0.0,0.4327879846096039,0.0,0.43278807401657104,0.43278807401657104,0.6840851902961731,0.0,0.0,0.0,0.0,0.0,0.0,0.0,0.0,1.0,0.0,-0.0003967002558056265,0.3909126818180084,0.06643403321504593,0.964217483997345,0.0,14.959592819213867,14.961520195007324,14.961520195007324,0.2110443115234375,-0.13948170840740204,5.131932656610161e-10,0.0,0.0,4.46991491317749,4.46991491317749,1.7648506164550781,1.7648506164550781,0.9574123024940491,0.0,0.0,0.0,0.0,0.4327879846096039,0.0,0.43278804421424866,0.43278804421424866,0.6840851902961731,0.0,1.7648506164550781,1.7648506164550781,1.7648506164550781,1.771475076675415,0.24518541991710663,0.1649390310049057,0.0292961485683918,1.0,0.6019567251205444,0.5931824445724487,0.6482040286064148,0.0,,,,,,,,,,,,,,,12.0,0.0,0.0,0.0,0.0,0.0,0.0,,,,,,,,,,,,,,,,,,,,,,0.001
27,8920,train,18.821468353271484,15.663992881774902,15.665163040161133,0.0,0.012875620275735855,0.012875620275735855,0.0,0.012218733318150043,8.499999967170879e-05,0.042500000447034836,0.008500000461935997,0.042500000447034836,0.0008500000112690032,0.0008500000112690032,0.8500000238418579,0.00020868364663328975,0.12850332260131836,0.0,0.0,0.0,0.0,0.0,0.0,0.0,0.0,0.46636903285980225,0.46636903285980225,1.0,0.46636903285980225,0.46636906266212463,0.46636906266212463,0.0,-0.011249695904552937,0.25443315505981445,1.0,0.00020868364663328975,1.0,0.0,0.0,0.00020868364663328975,0.0,0.0,0.12850332260131836,0.0,0.4285033345222473,0.0,0.4285033941268921,0.4285033941268921,0.6828882694244385,0.0,0.0,0.0,0.0,0.0,0.0,0.0,0.0,1.0,0.0,0.0004519685753621161,0.39219334721565247,0.06619704514741898,0.9615052342414856,0.0,15.665163040161133,15.663992881774902,15.663992881774902,0.20942391455173492,-0.12266560643911362,-9.021696167899051e-10,0.0,0.0,4.15767240524292,4.15767240524292,1.7614538669586182,1.7614538669586182,0.8618537783622742,0.0,0.0,0.0,0.0,0.4285033345222473,0.0,0.4285033941268921,0.4285033941268921,0.6828882694244385,0.0,1.7614538669586182,1.7614538669586182,1.7614538669586182,1.759323000907898,0.25443315505981445,0.1676807850599289,0.02940124087035656,1.0,0.5725729465484619,0.5658645033836365,0.5216467976570129,0.0,,,,,,,,,,,,,,,12.0,0.0,0.0,0.0,0.0,0.0,0.0,,,,,,,,,,,,,,,,,,,,,,0.001
27,8940,train,19.224510192871094,15.999754905700684,16.001144409179688,0.0,0.013078163377940655,0.013078163377940655,0.0,0.012256194837391376,8.499999967170879e-05,0.042500000447034836,0.008500000461935997,0.042500000447034836,0.0008500000112690032,0.0008500000112690032,0.8500000238418579,0.00018473707314115018,0.13010230660438538,0.0,0.0,0.0,0.0,0.0,0.0,0.0,0.0,0.46782946586608887,0.46782946586608887,1.0,0.46782946586608887,0.46782946586608887,0.46782946586608887,0.0,-0.006617230363190174,0.21848860383033752,1.0,0.00018473707314115018,1.0,0.0,0.0,0.00018473707314115018,0.0,0.0,0.13010230660438538,0.0,0.43010231852531433,0.0,0.43010231852531433,0.43010231852531433,0.6833438873291016,0.0,0.0,0.0,0.0,0.0,0.0,0.0,0.0,1.0,0.0,-0.0007029078551568091,0.3924309313297272,0.06625363975763321,0.9611712694168091,0.0,16.001144409179688,15.999754905700684,15.999754905700684,0.19526605308055878,-0.08643344044685364,-2.9418137370562647e-10,0.0,0.0,4.337809085845947,4.337808609008789,1.7571321725845337,1.7571321725845337,0.8393153548240662,0.0,0.0,0.0,0.0,0.43010231852531433,0.0,0.43010231852531433,0.43010231852531433,0.6833438873291016,0.0,1.7571321725845337,1.7571321725845337,1.7571321725845337,1.7633754014968872,0.21848860383033752,0.16833990812301636,0.029477057978510857,1.0,0.5835871696472168,0.5798180103302002,0.6235439777374268,0.0,,,,,,,,,,,,,,,12.0,0.0,0.0,0.0,0.0,0.0,0.0,,,,,,,,,,,,,,,,,,,,,,0.001
27,8960,train,19.717243194580078,16.41024398803711,16.41201400756836,0.0,0.014416081830859184,0.014416081830859184,0.0,0.012272670865058899,8.499999967170879e-05,0.042500000447034836,0.008500000461935997,0.042500000447034836,0.0008500000112690032,0.0008500000112690032,0.8500000238418579,0.00015443519805558026,0.13155674934387207,0.0,0.0,0.0,0.0,0.0,0.0,0.0,0.0,0.46802136301994324,0.46802136301994324,1.0,0.46802136301994324,0.46802136301994324,0.46802136301994324,0.0,-0.010979614220559597,0.2064772993326187,1.0,0.00015443519805558026,1.0,0.0,0.0,0.00015443519805558026,0.0,0.0,0.13155674934387207,0.0,0.431556761264801,0.0,0.4315567910671234,0.4315567910671234,0.6837487816810608,0.0,0.0,0.0,0.0,0.0,0.0,0.0,0.0,1.0,0.0,0.00035544330603443086,0.39104291796684265,0.06625097244977951,0.9615970253944397,0.0,16.41201400756836,16.41024398803711,16.41024398803711,0.22326889634132385,-0.13060884177684784,-4.533132758055558e-10,0.0,0.0,4.259393692016602,4.259393692016602,1.7653954029083252,1.7653954029083252,0.9416539072990417,0.0,0.0,0.0,0.0,0.431556761264801,0.0,0.4315567910671234,0.4315567910671234,0.6837487816810608,0.0,1.7653954029083252,1.7653954029083252,1.7653954029083252,1.7618829011917114,0.2064772993326187,0.1677025854587555,0.029499130323529243,1.0,0.5956258773803711,0.5772855281829834,0.5848590135574341,0.0,,,,,,,,,,,,,,,12.0,0.0,0.0,0.0,0.0,0.0,0.0,,,,,,,,,,,,,,,,,,,,,,0.001
27,8980,train,20.25705909729004,16.860754013061523,16.858789443969727,0.0,0.012506709434092045,0.012506709434092045,0.0,0.012257819063961506,8.499999967170879e-05,0.042500000447034836,0.008500000461935997,0.042500000447034836,0.0008500000112690032,0.0008500000112690032,0.8500000238418579,0.00012988447269890457,0.13422039151191711,0.0,0.0,0.0,0.0,0.0,0.0,0.0,0.0,0.46860572695732117,0.46860572695732117,1.0,0.46860572695732117,0.46860572695732117,0.46860572695732117,0.0,-0.006074162665754557,0.18972396850585938,1.0,0.00012988447269890457,1.0,0.0,0.0,0.00012988447269890457,0.0,0.0,0.13422039151191711,0.0,0.43422040343284607,0.0,0.43422049283981323,0.43422049283981323,0.6844680309295654,0.0,0.0,0.0,0.0,0.0,0.0,0.0,0.0,1.0,0.0,-2.8614387701964006e-05,0.39313921332359314,0.06629710644483566,0.9623979926109314,0.0,16.858789443969727,16.860754013061523,16.860754013061523,0.21601594984531403,-0.09811975806951523,1.6209590614213454e-10,0.0,0.0,4.1400370597839355,4.1400370597839355,1.7633236646652222,1.7633236646652222,0.8801642060279846,0.0,0.0,0.0,0.0,0.43422040343284607,0.0,0.43422046303749084,0.43422046303749084,0.6844680309295654,0.0,1.763323426246643,1.763323426246643,1.7633236646652222,1.756935477256775,0.18972396850585938,0.16655583679676056,0.029334720224142075,1.0,0.5304638147354126,0.5424432754516602,0.5701569318771362,0.0,,,,,,,,,,,,,,,12.0,0.0,0.0,0.0,0.0,0.0,0.0,,,,,,,,,,,,,,,,,,,,,,0.001
27,9000,train,18.67097282409668,15.538561820983887,15.538768768310547,0.0,0.012963557615876198,0.012963557615876198,0.0,0.012296989560127258,8.499999967170879e-05,0.042500000447034836,0.008500000461935997,0.042500000447034836,0.0008500000112690032,0.0008500000112690032,0.8500000238418579,0.0001977603096747771,0.1351912021636963,0.0,0.0,0.0,0.0,0.0,0.0,0.0,0.0,0.4703674614429474,0.4703674614429474,1.0,0.4703674614429474,0.4703674614429474,0.4703674614429474,0.0,-0.009191902354359627,0.19452081620693207,1.0,0.0001977603096747771,1.0,0.0,0.0,0.0001977603096747771,0.0,0.0,0.1351912021636963,0.0,0.43519121408462524,0.0,0.43519121408462524,0.43519121408462524,0.6847230195999146,0.0,0.0,0.0,0.0,0.0,0.0,0.0,0.0,1.0,0.0,0.00017476813809480518,0.3906871974468231,0.06661694496870041,0.9630420804023743,0.0,15.538768768310547,15.538561820983887,15.538561820983887,0.21314820647239685,-0.09413035213947296,3.519302071985919e-10,0.0,0.0,4.246634006500244,4.246634006500244,1.7689812183380127,1.7689812183380127,0.9242595434188843,0.0,0.0,0.0,0.0,0.43519121408462524,0.0,0.43519118428230286,0.43519118428230286,0.6847230195999146,0.0,1.7689812183380127,1.7689812183380127,1.7689812183380127,1.7657157182693481,0.19452081620693207,0.16539178788661957,0.029573621228337288,1.0,0.6025099158287048,0.5959520936012268,0.634346604347229,0.0,,,,,,,,,,,,,,,12.0,0.0,0.0,0.0,0.0,0.0,0.0,,,,,,,,,,,,,,,,,,,,,,0.001
27,9018,train_epoch,18.844301172359263,15.683054735560617,15.682937839074048,0.0,0.0128890258778712,0.0128890258778712,0.0,0.012038173558313154,8.499999967170879e-05,0.042500000447034836,0.008500000461935997,0.042500000447034836,0.0008500000112690032,0.0008500000112690032,0.8500000238418579,0.0001910739154558389,0.13730242241642432,0.0,0.0,0.0,0.0,0.0,0.0,0.0,0.0,0.4704410145561138,0.4704410145561138,1.0,0.4704410145561138,0.47044101642991254,0.47044101642991254,0.0,-0.008146393659362892,0.20123593750114213,1.0,0.0001910739154558389,1.0,0.0,0.0,0.0001910739154558389,0.0,0.0,0.13730242241642432,0.0,0.43730243326661117,0.0,0.43730241747316484,0.43730241747316484,0.6852262054017918,0.0,0.0,0.0,0.0,0.0,0.0,0.0,0.0,1.0,0.0,-1.9942945693297794e-05,0.3922218774963996,0.0666800822148066,0.9639352831298006,0.0,15.682937839074048,15.683054735560617,15.683054735560617,0.2100858753937447,-0.10761117278235759,4.0019253686647455e-12,0.0,0.0,4.351827747807532,4.351827750662844,1.7646993370113258,1.7646993370113258,0.9120389306973554,0.0,0.0,0.0,0.0,0.4373024343373533,0.0,0.43730240498117345,0.43730240498117345,0.6852262054017918,0.0,1.7646992981076954,1.764699303461406,1.7646993370113258,1.7649340233403052,0.20123593750114213,0.1651680890225365,0.029401572716762563,1.0,0.592138000501844,0.5921141361583493,0.591957181959809,0.0,,,,,,,,,,,,,,,12.0,0.0,0.0,0.0,0.0,0.0,0.0,,,,,,,,,,,,,,,,,,,,,,0.001
27,9018,val,,,,,,,,,,,,,,,,,,,,,,,,,,,,,,,,,,,,,,,,,,,,,,,,,,,,,,,,,,,,,,,,,,,,,,,,,,,,,,,,,,,,,,,,,,,,,,,,,,,,,,,,,,,,,,,,,,,,,,,,,15.950156211853027,654.0540161132812,25.574479781870075,0.11217077076435089,0.06806773692369461,14.580041885375977,23.329038097501737,0.10517708212137222,0.06228693202137947,15.892182350158691,25.564922190024973,0.10829585045576096,0.06783005595207214,18.05489730834961,28.631746654786994,0.13506262004375458,0.07692248374223709,15.950156211853027,25.574479781870075,0.11217077076435089,0.06806773692369461,0.001
27,9018,test_select,,,,,,,,,,,,,,,,,,,,,,,,,,,,,,,,,,,,,,,,,,,,,,,,,,,,,,,,,,,,,,,,,,,,,,,,,,,,,,,,,,,,,,,,,,,,,,,,,,,,,,,,,,,,,,,,,,,,,,,,,23.40398406982422,1357.026123046875,36.83783548265119,0.14310459792613983,0.09506062418222427,18.84328269958496,28.981214029118284,0.12565810978412628,0.07649277150630951,23.187522888183594,36.059370463753076,0.13613471388816833,0.09417242556810379,30.265724182128906,46.34179815090665,0.18747682869434357,0.12304706871509552,23.40398406982422,36.83783548265119,0.14310459792613983,0.09506062418222427,0.001
28,9020,train,18.921220779418945,15.745941162109375,15.745503425598145,0.0,0.01289901789277792,0.01289901789277792,0.0,0.012278879061341286,9.000000136438757e-05,0.04500000178813934,0.008999999612569809,0.04500000178813934,0.0008999999845400453,0.0008999999845400453,0.8999999761581421,0.00013055239105597138,0.1368190050125122,0.0,0.0,0.0,0.0,0.0,0.0,0.0,0.0,0.4717042148113251,0.4717042148113251,1.0,0.4717042148113251,0.47170424461364746,0.47170424461364746,0.0,-0.007396314293146133,0.19050586223602295,1.0,0.00013055239105597138,1.0,0.0,0.0,0.00013055239105597138,0.0,0.0,0.1368190050125122,0.0,0.43681901693344116,0.0,0.43681883811950684,0.43681883811950684,0.6851423978805542,0.0,0.0,0.0,0.0,0.0,0.0,0.0,0.0,1.0,0.0,0.0005222954205237329,0.39145758748054504,0.06641865521669388,0.963532030582428,0.0,15.745503425598145,15.745941162109375,15.745941162109375,0.2256912887096405,-0.1369207501411438,3.19018811367755e-10,0.0,0.0,4.394458770751953,4.394458770751953,1.7637691497802734,1.7637691497802734,0.9731584787368774,0.0,0.0,0.0,0.0,0.43681901693344116,0.0,0.43681883811950684,0.43681883811950684,0.6851423978805542,0.0,1.7637691497802734,1.7637691497802734,1.7637691497802734,1.7684292793273926,0.19050586223602295,0.1654329150915146,0.029706478118896484,1.0,0.5656148195266724,0.570036768913269,0.5670076608657837,0.0,,,,,,,,,,,,,,,12.0,0.0,0.0,0.0,0.0,0.0,0.0,,,,,,,,,,,,,,,,,,,,,,0.001
28,9040,train,19.578964233398438,16.29408073425293,16.294132232666016,0.0,0.013455543667078018,0.013455543667078018,0.0,0.012307487428188324,9.000000136438757e-05,0.04500000178813934,0.008999999612569809,0.04500000178813934,0.0008999999845400453,0.0008999999845400453,0.8999999761581421,0.00019711788627319038,0.1366960108280182,0.0,0.0,0.0,0.0,0.0,0.0,0.0,0.0,0.4689747095108032,0.4689747095108032,1.0,0.4689747095108032,0.4689747095108032,0.4689747095108032,0.0,-0.009741333313286304,0.20094075798988342,1.0,0.00019711788627319038,1.0,0.0,0.0,0.00019711788627319038,0.0,0.0,0.1366960108280182,0.0,0.43669599294662476,0.0,0.4366959035396576,0.4366959035396576,0.6851108074188232,0.0,0.0,0.0,0.0,0.0,0.0,0.0,0.0,1.0,0.0,0.00019403998157940805,0.3899162709712982,0.06615261733531952,0.9635593295097351,0.0,16.294132232666016,16.29408073425293,16.29408073425293,0.24686267971992493,-0.1764778196811676,-4.985630797094132e-10,0.0,0.0,4.492262363433838,4.492262363433838,1.7681869268417358,1.7681869268417358,1.156501293182373,0.0,0.0,0.0,0.0,0.43669602274894714,0.0,0.4366958737373352,0.4366958737373352,0.6851108074188232,0.0,1.7681866884231567,1.7681869268417358,1.7681869268417358,1.7641743421554565,0.20094075798988342,0.1652851402759552,0.02948520891368389,1.0,0.6053743362426758,0.5769459009170532,0.5911965370178223,0.0,,,,,,,,,,,,,,,12.0,0.0,0.0,0.0,0.0,0.0,0.0,,,,,,,,,,,,,,,,,,,,,,0.001
28,9060,train,18.07110023498535,15.037692070007324,15.037022590637207,0.0,0.013307527638971806,0.013307527638971806,0.0,0.01246293168514967,9.000000136438757e-05,0.04500000178813934,0.008999999612569809,0.04500000178813934,0.0008999999845400453,0.0008999999845400453,0.8999999761581421,0.00018551664834376425,0.1325148642063141,0.0,0.0,0.0,0.0,0.0,0.0,0.0,0.0,0.4681965708732605,0.4681965708732605,1.0,0.4681965708732605,0.4681965708732605,0.4681965708732605,0.0,-0.012871146202087402,0.23796238005161285,1.0,0.00018551664834376425,1.0,0.0,0.0,0.00018551664834376425,0.0,0.0,0.1325148642063141,0.0,0.43251487612724304,0.0,0.4325147271156311,0.4325147271156311,0.6840108633041382,0.0,0.0,0.0,0.0,0.0,0.0,0.0,0.0,1.0,0.0,-0.0001728769129840657,0.38765978813171387,0.06648638099431992,0.9623174071311951,0.0,15.037022590637207,15.037692070007324,15.037692070007324,0.22444938123226166,-0.13269729912281036,2.1280525952516172e-10,0.0,0.0,4.4423909187316895,4.4423909187316895,1.7666738033294678,1.7666738033294678,0.9968385696411133,0.0,0.0,0.0,0.0,0.43251487612724304,0.0,0.4325146973133087,0.4325146973133087,0.6840108633041382,0.0,1.7666738033294678,1.7666738033294678,1.7666738033294678,1.770978569984436,0.23796238005161285,0.16587980091571808,0.029570283368229866,1.0,0.548798680305481,0.5988577604293823,0.5933963060379028,0.0,,,,,,,,,,,,,,,12.0,0.0,0.0,0.0,0.0,0.0,0.0,,,,,,,,,,,,,,,,,,,,,,0.001
28,9080,train,19.830263137817383,16.503894805908203,16.501649856567383,0.0,0.014263772405683994,0.014263772405683994,0.0,0.01262956578284502,9.000000136438757e-05,0.04500000178813934,0.008999999612569809,0.04500000178813934,0.0008999999845400453,0.0008999999845400453,0.8999999761581421,0.00016671478806529194,0.13079193234443665,0.0,0.0,0.0,0.0,0.0,0.0,0.0,0.0,0.46807941794395447,0.46807941794395447,1.0,0.46807941794395447,0.46807941794395447,0.46807941794395447,0.0,-0.006488348823040724,0.23482359945774078,1.0,0.00016671478806529194,1.0,0.0,0.0,0.00016671478806529194,0.0,0.0,0.13079193234443665,0.0,0.430791974067688,0.0,0.43079203367233276,0.43079203367233276,0.68353670835495,0.0,0.0,0.0,0.0,0.0,0.0,0.0,0.0,1.0,0.0,-0.0005107024917379022,0.38931190967559814,0.06641639024019241,0.9615234732627869,0.0,16.501649856567383,16.503894805908203,16.503894805908203,0.20046351850032806,-0.12059768289327621,-2.492863693248637e-10,0.0,0.0,4.141605854034424,4.141605854034424,1.7723958492279053,1.7723958492279053,0.8728787899017334,0.0,0.0,0.0,0.0,0.4307919442653656,0.0,0.43079203367233276,0.43079203367233276,0.68353670835495,0.0,1.7723958492279053,1.7723956108093262,1.7723958492279053,1.7699023485183716,0.23482359945774078,0.1657528430223465,0.029324382543563843,1.0,0.5164452195167542,0.5587188005447388,0.5838527083396912,0.0,,,,,,,,,,,,,,,12.0,0.0,0.0,0.0,0.0,0.0,0.0,,,,,,,,,,,,,,,,,,,,,,0.001
28,9100,train,16.751073837280273,13.93802261352539,13.935193061828613,0.0,0.013761543668806553,0.013761543668806553,0.0,0.01264115609228611,9.000000136438757e-05,0.04500000178813934,0.008999999612569809,0.04500000178813934,0.0008999999845400453,0.0008999999845400453,0.8999999761581421,0.00014234264381229877,0.13043996691703796,0.0,0.0,0.0,0.0,0.0,0.0,0.0,0.0,0.46800321340560913,0.46800321340560913,1.0,0.46800321340560913,0.4680032432079315,0.4680032432079315,0.0,-0.012858648784458637,0.2294379621744156,1.0,0.00014234264381229877,1.0,0.0,0.0,0.00014234264381229877,0.0,0.0,0.13043996691703796,0.0,0.4304399788379669,0.0,0.4304400384426117,0.4304400384426117,0.6834387183189392,0.0,0.0,0.0,0.0,0.0,0.0,0.0,0.0,1.0,0.0,0.0003072628751397133,0.3867660462856293,0.06641224026679993,0.9617884755134583,0.0,13.935193061828613,13.93802261352539,13.93802261352539,0.1900283396244049,-0.0943271666765213,-1.663619242364689e-10,0.0,0.0,4.463481903076172,4.463481903076172,1.7712219953536987,1.7712219953536987,0.8181086778640747,0.0,0.0,0.0,0.0,0.4304399788379669,0.0,0.4304400086402893,0.4304400086402893,0.6834387183189392,0.0,1.7712219953536987,1.7712219953536987,1.7712219953536987,1.7696067094802856,0.2294379621744156,0.16492941975593567,0.02940823696553707,1.0,0.5680050849914551,0.5337425470352173,0.59554123878479,0.0,,,,,,,,,,,,,,,12.0,0.0,0.0,0.0,0.0,0.0,0.0,,,,,,,,,,,,,,,,,,,,,,0.001
28,9120,train,18.507923126220703,15.401415824890137,15.40268611907959,0.0,0.013300033286213875,0.013300033286213875,0.0,0.012677344493567944,9.000000136438757e-05,0.04500000178813934,0.008999999612569809,0.04500000178813934,0.0008999999845400453,0.0008999999845400453,0.8999999761581421,0.00016166013665497303,0.12969428300857544,0.0,0.0,0.0,0.0,0.0,0.0,0.0,0.0,0.46765875816345215,0.46765875816345215,1.0,0.46765875816345215,0.46765875816345215,0.46765875816345215,0.0,-0.007335299160331488,0.22787337005138397,1.0,0.00016166013665497303,1.0,0.0,0.0,0.00016166013665497303,0.0,0.0,0.12969428300857544,0.0,0.4296942949295044,0.0,0.42969441413879395,0.42969441413879395,0.6832287907600403,0.0,0.0,0.0,0.0,0.0,0.0,0.0,0.0,1.0,0.0,-2.5580000055924756e-06,0.38700592517852783,0.06676626205444336,0.9619219899177551,0.0,15.40268611907959,15.401415824890137,15.401415824890137,0.2110242396593094,-0.11975724995136261,-4.943795928191719e-10,0.0,0.0,4.347423553466797,4.347423553466797,1.7727785110473633,1.7727785110473633,0.9050669074058533,0.0,0.0,0.0,0.0,0.4296942949295044,0.0,0.42969441413879395,0.42969441413879395,0.6832287907600403,0.0,1.7727785110473633,1.7727785110473633,1.7727785110473633,1.7686231136322021,0.22787337005138397,0.16498011350631714,0.02956746704876423,1.0,0.5624651908874512,0.576265811920166,0.6032671928405762,0.0,,,,,,,,,,,,,,,12.0,0.0,0.0,0.0,0.0,0.0,0.0,,,,,,,,,,,,,,,,,,,,,,0.001
28,9140,train,18.930164337158203,15.75304126739502,15.755729675292969,0.0,0.012282744981348515,0.012282744981348515,0.0,0.012762357480823994,9.000000136438757e-05,0.04500000178813934,0.008999999612569809,0.04500000178813934,0.0008999999845400453,0.0008999999845400453,0.8999999761581421,0.00014733860734850168,0.1299596130847931,0.0,0.0,0.0,0.0,0.0,0.0,0.0,0.0,0.46864813566207886,0.46864813566207886,1.0,0.46864813566207886,0.46864813566207886,0.46864813566207886,0.0,-0.011238280683755875,0.22399652004241943,1.0,0.00014733860734850168,1.0,0.0,0.0,0.00014733860734850168,0.0,0.0,0.1299596130847931,0.0,0.42995962500572205,0.0,0.4299597144126892,0.4299597144126892,0.683303713798523,0.0,0.0,0.0,0.0,0.0,0.0,0.0,0.0,1.0,0.0,-5.399741348810494e-05,0.3867992162704468,0.06694769859313965,0.9620950818061829,0.0,15.755729675292969,15.75304126739502,15.75304126739502,0.21664635837078094,-0.10248538851737976,2.2370581775899012e-10,0.0,0.0,4.368846893310547,4.368846893310547,1.7672526836395264,1.7672526836395264,0.9285299777984619,0.0,0.0,0.0,0.0,0.42995962500572205,0.0,0.4299596846103668,0.4299596846103668,0.683303713798523,0.0,1.7672526836395264,1.7672526836395264,1.7672526836395264,1.7773017883300781,0.22399652004241943,0.1644211709499359,0.029509838670492172,1.0,0.6105207204818726,0.5867414474487305,0.5847735404968262,0.0,,,,,,,,,,,,,,,12.0,0.0,0.0,0.0,0.0,0.0,0.0,,,,,,,,,,,,,,,,,,,,,,0.001
28,9160,train,19.142423629760742,15.930445671081543,15.929580688476562,0.0,0.01402751263231039,0.01402751263231039,0.0,0.012807193212211132,9.000000136438757e-05,0.04500000178813934,0.008999999612569809,0.04500000178813934,0.0008999999845400453,0.0008999999845400453,0.8999999761581421,0.00022911542328074574,0.12922891974449158,0.0,0.0,0.0,0.0,0.0,0.0,0.0,0.0,0.46875977516174316,0.46875977516174316,1.0,0.46875977516174316,0.46875977516174316,0.46875977516174316,0.0,-0.010128917172551155,0.23008061945438385,1.0,0.00022911542328074574,1.0,0.0,0.0,0.00022911542328074574,0.0,0.0,0.12922891974449158,0.0,0.42922890186309814,0.0,0.4292290210723877,0.4292290210723877,0.683096170425415,0.0,0.0,0.0,0.0,0.0,0.0,0.0,0.0,1.0,0.0,-0.0005673335399478674,0.38598477840423584,0.06722140312194824,0.9621424078941345,0.0,15.929580688476562,15.930445671081543,15.930445671081543,0.2225027233362198,-0.12126873433589935,-1.3437249923864414e-10,0.0,0.0,4.350093841552734,4.350093841552734,1.7731581926345825,1.7731581926345825,0.9443200826644897,0.0,0.0,0.0,0.0,0.42922893166542053,0.0,0.4292290210723877,0.4292290210723877,0.683096170425415,0.0,1.7731581926345825,1.7731581926345825,1.7731581926345825,1.7747925519943237,0.23008061945438385,0.16472740471363068,0.02942708507180214,1.0,0.591700553894043,0.604877233505249,0.6147975921630859,0.0,,,,,,,,,,,,,,,12.0,0.0,0.0,0.0,0.0,0.0,0.0,,,,,,,,,,,,,,,,,,,,,,0.001
28,9180,train,18.296598434448242,15.225433349609375,15.225406646728516,0.0,0.014695610851049423,0.014695610851049423,0.0,0.012786593288183212,9.000000136438757e-05,0.04500000178813934,0.008999999612569809,0.04500000178813934,0.0008999999845400453,0.0008999999845400453,0.8999999761581421,0.00019322536536492407,0.12942242622375488,0.0,0.0,0.0,0.0,0.0,0.0,0.0,0.0,0.46855419874191284,0.46855419874191284,1.0,0.46855419874191284,0.46855416893959045,0.46855416893959045,0.0,-0.008920170366764069,0.22577036917209625,1.0,0.00019322536536492407,1.0,0.0,0.0,0.00019322536536492407,0.0,0.0,0.12942242622375488,0.0,0.42942243814468384,0.0,0.4294224679470062,0.4294224679470062,0.683151364326477,0.0,0.0,0.0,0.0,0.0,0.0,0.0,0.0,1.0,0.0,-0.0004776394634973258,0.3880130648612976,0.06705769896507263,0.9625381231307983,0.0,15.225406646728516,15.225433349609375,15.225433349609375,0.18901842832565308,-0.053765203803777695,-3.1778943365701195e-10,0.0,0.0,4.24870491027832,4.24870491027832,1.7745161056518555,1.7745161056518555,0.7911362648010254,0.0,0.0,0.0,0.0,0.42942243814468384,0.0,0.4294224679470062,0.4294224679470062,0.683151364326477,0.0,1.7745161056518555,1.7745161056518555,1.7745161056518555,1.774131178855896,0.22577036917209625,0.164376899600029,0.029554998502135277,1.0,0.5278968811035156,0.5670655965805054,0.5395444631576538,0.0,,,,,,,,,,,,,,,12.0,0.0,0.0,0.0,0.0,0.0,0.0,,,,,,,,,,,,,,,,,,,,,,0.001
28,9200,train,18.77606201171875,15.62453842163086,15.626012802124023,0.0,0.019725706428289413,0.019725706428289413,0.0,0.012910465709865093,9.000000136438757e-05,0.04500000178813934,0.008999999612569809,0.04500000178813934,0.0008999999845400453,0.0008999999845400453,0.8999999761581421,0.00020298088202252984,0.12680935859680176,0.0,0.0,0.0,0.0,0.0,0.0,0.0,0.0,0.4688553810119629,0.4688553810119629,1.0,0.4688553810119629,0.4688554108142853,0.4688554108142853,0.0,-0.01168622076511383,0.2459358274936676,1.0,0.00020298088202252984,1.0,0.0,0.0,0.00020298088202252984,0.0,0.0,0.12680935859680176,0.0,0.4268093705177307,0.0,0.4268094301223755,0.4268094301223755,0.6823947429656982,0.0,0.0,0.0,0.0,0.0,0.0,0.0,0.0,1.0,0.0,0.00041944507393054664,0.3876086473464966,0.0672912672162056,0.9624072909355164,0.0,15.626012802124023,15.62453842163086,15.62453842163086,0.21409690380096436,-0.1331687569618225,4.984979651290189e-10,0.0,0.0,4.496349811553955,4.496349811553955,1.7714760303497314,1.7714760303497314,0.993496835231781,0.0,0.0,0.0,0.0,0.4268093705177307,0.0,0.4268094301223755,0.4268094301223755,0.6823947429656982,0.0,1.7714760303497314,1.7714760303497314,1.7714760303497314,1.7760463953018188,0.2459358274936676,0.16493749618530273,0.02986149489879608,1.0,0.566983699798584,0.5806246995925903,0.5852600932121277,0.0,,,,,,,,,,,,,,,12.0,0.0,0.0,0.0,0.0,0.0,0.0,,,,,,,,,,,,,,,,,,,,,,0.001
28,9220,train,18.7933349609375,15.638397216796875,15.643741607666016,0.0,0.018941963091492653,0.018941963091492653,0.0,0.013059689663350582,9.000000136438757e-05,0.04500000178813934,0.008999999612569809,0.04500000178813934,0.0008999999845400453,0.0008999999845400453,0.8999999761581421,0.00019964615057688206,0.12518689036369324,0.0,0.0,0.0,0.0,0.0,0.0,0.0,0.0,0.4670810103416443,0.4670810103416443,1.0,0.4670810103416443,0.4670810401439667,0.4670810401439667,0.0,-0.009585154242813587,0.24931062757968903,1.0,0.00019964615057688206,1.0,0.0,0.0,0.00019964615057688206,0.0,0.0,0.12518689036369324,0.0,0.4251869320869446,0.0,0.4251868426799774,0.4251868426799774,0.6819113492965698,0.0,0.0,0.0,0.0,0.0,0.0,0.0,0.0,1.0,0.0,-0.0004715128743555397,0.38493818044662476,0.06746534258127213,0.9613506197929382,0.0,15.643741607666016,15.638397216796875,15.638397216796875,0.2326575368642807,-0.17441079020500183,-1.7734129442725788e-10,0.0,0.0,4.473478317260742,4.473478317260742,1.7731010913848877,1.7731010913848877,1.053225040435791,0.0,0.0,0.0,0.0,0.4251869022846222,0.0,0.4251868426799774,0.4251868426799774,0.6819113492965698,0.0,1.7731010913848877,1.7731010913848877,1.7731010913848877,1.7755378484725952,0.24931062757968903,0.16473115980625153,0.029432998970150948,1.0,0.5910052061080933,0.5771917104721069,0.5872781276702881,0.0,,,,,,,,,,,,,,,12.0,0.0,0.0,0.0,0.0,0.0,0.0,,,,,,,,,,,,,,,,,,,,,,0.001
28,9240,train,19.551984786987305,16.271825790405273,16.270374298095703,0.0,0.01508624479174614,0.01508624479174614,0.0,0.013105303049087524,9.000000136438757e-05,0.04500000178813934,0.008999999612569809,0.04500000178813934,0.0008999999845400453,0.0008999999845400453,0.8999999761581421,0.00018402021669317037,0.12665382027626038,0.0,0.0,0.0,0.0,0.0,0.0,0.0,0.0,0.46831953525543213,0.46831953525543213,1.0,0.46831953525543213,0.46831953525543213,0.46831953525543213,0.0,-0.009608171880245209,0.23062847554683685,1.0,0.00018402021669317037,1.0,0.0,0.0,0.00018402021669317037,0.0,0.0,0.12665382027626038,0.0,0.42665383219718933,0.0,0.4266536831855774,0.4266536831855774,0.6823487877845764,0.0,0.0,0.0,0.0,0.0,0.0,0.0,0.0,1.0,0.0,-9.322003279521596e-06,0.38419005274772644,0.0678325742483139,0.9611037969589233,0.0,16.270374298095703,16.271825790405273,16.271825790405273,0.2271973341703415,-0.14646326005458832,-7.715629801730017e-10,0.0,0.0,4.428400993347168,4.428400993347168,1.774483561515808,1.774483561515808,1.0345178842544556,0.0,0.0,0.0,0.0,0.42665383219718933,0.0,0.426653653383255,0.426653653383255,0.6823487877845764,0.0,1.7744834423065186,1.7744834423065186,1.774483561515808,1.77303147315979,0.23062847554683685,0.1651858687400818,0.029304370284080505,1.0,0.6056946516036987,0.6191797256469727,0.6258172392845154,0.0,,,,,,,,,,,,,,,12.0,0.0,0.0,0.0,0.0,0.0,0.0,,,,,,,,,,,,,,,,,,,,,,0.001
28,9260,train,19.466503143310547,16.2008113861084,16.198036193847656,0.0,0.01818806119263172,0.01818806119263172,0.0,0.013333410955965519,9.000000136438757e-05,0.04500000178813934,0.008999999612569809,0.04500000178813934,0.0008999999845400453,0.0008999999845400453,0.8999999761581421,0.0002549210621509701,0.12384644150733948,0.0,0.0,0.0,0.0,0.0,0.0,0.0,0.0,0.4658302068710327,0.4658302068710327,1.0,0.4658302068710327,0.4658302068710327,0.4658302068710327,0.0,-0.014251637272536755,0.2555113136768341,1.0,0.0002549210621509701,1.0,0.0,0.0,0.0002549210621509701,0.0,0.0,0.12384644150733948,0.0,0.42384645342826843,0.0,0.423846572637558,0.423846572637558,0.6815032958984375,0.0,0.0,0.0,0.0,0.0,0.0,0.0,0.0,1.0,0.0,-5.774278179160319e-05,0.38608840107917786,0.06786931306123734,0.9597015976905823,0.0,16.198036193847656,16.2008113861084,16.2008113861084,0.256146639585495,-0.16678936779499054,3.2282129747152055e-10,0.0,0.0,4.34144926071167,4.34144926071167,1.7766375541687012,1.7766375541687012,1.1531795263290405,0.0,0.0,0.0,0.0,0.42384645342826843,0.0,0.4238465428352356,0.4238465428352356,0.6815032958984375,0.0,1.7766375541687012,1.7766375541687012,1.7766375541687012,1.7732120752334595,0.2555113136768341,0.16496285796165466,0.02963605895638466,1.0,0.6164098978042603,0.6543793082237244,0.5856893062591553,0.0,,,,,,,,,,,,,,,12.0,0.0,0.0,0.0,0.0,0.0,0.0,,,,,,,,,,,,,,,,,,,,,,0.001
28,9280,train,18.22355842590332,15.165321350097656,15.161587715148926,0.0,0.015766561031341553,0.015766561031341553,0.0,0.013484388589859009,9.000000136438757e-05,0.04500000178813934,0.008999999612569809,0.04500000178813934,0.0008999999845400453,0.0008999999845400453,0.8999999761581421,0.00017824344104155898,0.12292110919952393,0.0,0.0,0.0,0.0,0.0,0.0,0.0,0.0,0.4647698700428009,0.4647698700428009,1.0,0.4647698700428009,0.4647698700428009,0.4647698700428009,0.0,-0.009740211069583893,0.2537402808666229,1.0,0.00017824344104155898,1.0,0.0,0.0,0.00017824344104155898,0.0,0.0,0.12292110919952393,0.0,0.4229211211204529,0.0,0.42292094230651855,0.42292094230651855,0.6812172532081604,0.0,0.0,0.0,0.0,0.0,0.0,0.0,0.0,1.0,0.0,0.0006509492523036897,0.3823181986808777,0.06806593388319016,0.9582996368408203,0.0,15.161587715148926,15.165321350097656,15.165321350097656,0.1927838772535324,-0.1199280247092247,-1.5745656167798217e-10,0.0,0.0,4.3287787437438965,4.3287787437438965,1.774642825126648,1.774642825126648,0.8557336330413818,0.0,0.0,0.0,0.0,0.4229211211204529,0.0,0.42292094230651855,0.42292094230651855,0.6812172532081604,0.0,1.774642825126648,1.774642825126648,1.774642825126648,1.7730329036712646,0.2537402808666229,0.16549892723560333,0.02960924245417118,1.0,0.6006168127059937,0.5992016792297363,0.6070435047149658,0.0,,,,,,,,,,,,,,,12.0,0.0,0.0,0.0,0.0,0.0,0.0,,,,,,,,,,,,,,,,,,,,,,0.001
28,9300,train,19.262548446655273,16.030658721923828,16.029918670654297,0.0,0.017172222957015038,0.017172222957015038,0.0,0.013746460899710655,9.000000136438757e-05,0.04500000178813934,0.008999999612569809,0.04500000178813934,0.0008999999845400453,0.0008999999845400453,0.8999999761581421,0.00020889176812488586,0.12254232168197632,0.0,0.0,0.0,0.0,0.0,0.0,0.0,0.0,0.46333837509155273,0.46333837509155273,1.0,0.46333837509155273,0.4633384048938751,0.4633384048938751,0.0,-0.014160998165607452,0.2526790201663971,1.0,0.00020889176812488586,1.0,0.0,0.0,0.00020889176812488586,0.0,0.0,0.12254232168197632,0.0,0.4225423336029053,0.0,0.42254215478897095,0.42254215478897095,0.6810991168022156,0.0,0.0,0.0,0.0,0.0,0.0,0.0,0.0,1.0,0.0,0.0005885566934011877,0.38185447454452515,0.06844032555818558,0.9571417570114136,0.0,16.029918670654297,16.030658721923828,16.030658721923828,0.22956940531730652,-0.10137169808149338,1.2894386079709275e-11,0.0,0.0,4.323063373565674,4.323063850402832,1.7745404243469238,1.7745404243469238,1.0113023519515991,0.0,0.0,0.0,0.0,0.4225423336029053,0.0,0.42254212498664856,0.42254212498664856,0.6810991168022156,0.0,1.7745404243469238,1.7745404243469238,1.7745404243469238,1.7758703231811523,0.2526790201663971,0.1646994799375534,0.02934914268553257,1.0,0.6019357442855835,0.5805361270904541,0.5983798503875732,0.0,,,,,,,,,,,,,,,12.0,0.0,0.0,0.0,0.0,0.0,0.0,,,,,,,,,,,,,,,,,,,,,,0.001
28,9320,train,18.21217918395996,15.155448913574219,15.15426254272461,0.0,0.017327044159173965,0.017327044159173965,0.0,0.01401684433221817,9.000000136438757e-05,0.04500000178813934,0.008999999612569809,0.04500000178813934,0.0008999999845400453,0.0008999999845400453,0.8999999761581421,0.00019657173834275454,0.12115874886512756,0.0,0.0,0.0,0.0,0.0,0.0,0.0,0.0,0.462727427482605,0.462727427482605,1.0,0.462727427482605,0.462727427482605,0.462727427482605,0.0,-0.013461056165397167,0.2603139877319336,1.0,0.00019657173834275454,1.0,0.0,0.0,0.00019657173834275454,0.0,0.0,0.12115874886512756,0.0,0.4211587607860565,0.0,0.4211586117744446,0.4211586117744446,0.6806634664535522,0.0,0.0,0.0,0.0,0.0,0.0,0.0,0.0,1.0,0.0,0.0007540617370977998,0.3805942237377167,0.06892957538366318,0.95590740442276,0.0,15.15426254272461,15.155448913574219,15.155448913574219,0.19644327461719513,-0.06816466897726059,4.771897876842957e-10,0.0,0.0,4.541866779327393,4.541866779327393,1.7716925144195557,1.7716925144195557,0.8734575510025024,0.0,0.0,0.0,0.0,0.4211587607860565,0.0,0.4211585819721222,0.4211585819721222,0.6806634664535522,0.0,1.7716922760009766,1.7716925144195557,1.7716925144195557,1.7791913747787476,0.2603139877319336,0.16569341719150543,0.02951125055551529,1.0,0.6285592317581177,0.6162440180778503,0.5779969096183777,0.0,,,,,,,,,,,,,,,12.0,0.0,0.0,0.0,0.0,0.0,0.0,,,,,,,,,,,,,,,,,,,,,,0.001
28,9340,train,18.999393463134766,15.81204605102539,15.807788848876953,0.0,0.01665814220905304,0.01665814220905304,0.0,0.014131956733763218,9.000000136438757e-05,0.04500000178813934,0.008999999612569809,0.04500000178813934,0.0008999999845400453,0.0008999999845400453,0.8999999761581421,0.0001485391694586724,0.12084954977035522,0.0,0.0,0.0,0.0,0.0,0.0,0.0,0.0,0.4616840183734894,0.4616840183734894,1.0,0.4616840183734894,0.461683988571167,0.461683988571167,0.0,-0.011524421162903309,0.25708243250846863,1.0,0.0001485391694586724,1.0,0.0,0.0,0.0001485391694586724,0.0,0.0,0.12084954977035522,0.0,0.4208495616912842,0.0,0.4208495020866394,0.4208495020866394,0.6805648803710938,0.0,0.0,0.0,0.0,0.0,0.0,0.0,0.0,1.0,0.0,0.0013326562475413084,0.3789612352848053,0.06925620883703232,0.9552270770072937,0.0,15.807788848876953,15.81204605102539,15.81204605102539,0.22362929582595825,-0.10297469049692154,-4.4925665965145356e-10,0.0,0.0,4.192525863647461,4.192525863647461,1.7761141061782837,1.7761141061782837,0.9310497045516968,0.0,0.0,0.0,0.0,0.4208495616912842,0.0,0.420849472284317,0.420849472284317,0.6805648803710938,0.0,1.7761141061782837,1.7761141061782837,1.7761141061782837,1.7758530378341675,0.25708243250846863,0.16589318215847015,0.02959963120520115,1.0,0.5446006059646606,0.566165566444397,0.5504052639007568,0.0,,,,,,,,,,,,,,,12.0,0.0,0.0,0.0,0.0,0.0,0.0,,,,,,,,,,,,,,,,,,,,,,0.001
28,9352,train_epoch,18.798286266669542,15.643589370978807,15.643404900670765,0.0,0.01524163033077103,0.01524163033077103,0.0,0.013036058961921287,9.000000136438757e-05,0.04500000178813934,0.008999999612569809,0.04500000178813934,0.0008999999845400453,0.0008999999845400453,0.8999999761581421,0.00018926374671313616,0.12768347481053746,0.0,0.0,0.0,0.0,0.0,0.0,0.0,0.0,0.4669119400713972,0.4669119400713972,1.0,0.4669119400713972,0.4669119409636823,0.4669119409636823,0.0,-0.010842384600420734,0.2371536796678326,1.0,0.00018926374671313616,1.0,0.0,0.0,0.00018926374671313616,0.0,0.0,0.12768347481053746,0.0,0.4276834864637809,0.0,0.4276834741502465,0.4276834741502465,0.6826081805957291,0.0,0.0,0.0,0.0,0.0,0.0,0.0,0.0,1.0,0.0,3.0073224465950206e-06,0.3860543439845125,0.06740469788898251,0.9606140562874115,0.0,15.643404900670765,15.643589370978807,15.643589370978807,0.21396343463552212,-0.11206392742537274,4.941791044961566e-12,0.0,0.0,4.326539150255169,4.326539153110481,1.7732903182863475,1.7732903182863475,0.92632831392174,0.0,0.0,0.0,0.0,0.42768348673146644,0.0,0.42768346174748356,0.42768346174748356,0.6826081805957291,0.0,1.7732902676045537,1.7732902633215852,1.7732903182863475,1.7732414196351332,0.2371536796678326,0.16521204289740432,0.029534371223992217,1.0,0.5834768725904876,0.5832189482129263,0.5834768885623909,0.0,,,,,,,,,,,,,,,12.0,0.0,0.0,0.0,0.0,0.0,0.0,,,,,,,,,,,,,,,,,,,,,,0.001
28,9352,val,,,,,,,,,,,,,,,,,,,,,,,,,,,,,,,,,,,,,,,,,,,,,,,,,,,,,,,,,,,,,,,,,,,,,,,,,,,,,,,,,,,,,,,,,,,,,,,,,,,,,,,,,,,,,,,,,,,,,,,,,15.817057609558105,649.6880493164062,25.488978977519015,0.1086040586233139,0.06749973446130753,14.325493812561035,23.09326105284153,0.09640602767467499,0.06119948998093605,15.79568099975586,25.430625942745564,0.1064271405339241,0.0674181804060936,18.442943572998047,29.208513623024473,0.13026198744773865,0.0785757452249527,15.817057609558105,25.488978977519015,0.1086040586233139,0.06749973446130753,0.001
28,9352,test_select,,,,,,,,,,,,,,,,,,,,,,,,,,,,,,,,,,,,,,,,,,,,,,,,,,,,,,,,,,,,,,,,,,,,,,,,,,,,,,,,,,,,,,,,,,,,,,,,,,,,,,,,,,,,,,,,,,,,,,,,,23.146635055541992,1328.4881591796875,36.44843150506874,0.13724398612976074,0.09401534497737885,18.176738739013672,28.197307225435996,0.10839637368917465,0.07378698140382767,23.119585037231445,35.90994527873685,0.131971538066864,0.09389649331569672,30.698854446411133,46.87189312620491,0.18112434446811676,0.12480799108743668,23.146635055541992,36.44843150506874,0.13724398612976074,0.09401534497737885,0.001
29,9360,train,17.626585006713867,14.66638469696045,14.665571212768555,0.0,0.01338726282119751,0.01338726282119751,0.0,0.01407651137560606,9.500000305706635e-05,0.04749999940395355,0.009499999694526196,0.04749999940395355,0.0009500000160187483,0.0009500000160187483,0.949999988079071,0.00011296465527266264,0.12246346473693848,0.0,0.0,0.0,0.0,0.0,0.0,0.0,0.0,0.46199291944503784,0.46199291944503784,1.0,0.46199291944503784,0.46199291944503784,0.46199291944503784,0.0,-0.011861932463943958,0.2422422617673874,1.0,0.00011296465527266264,1.0,0.0,0.0,0.00011296465527266264,0.0,0.0,0.12246346473693848,0.0,0.42246347665786743,0.0,0.42246347665786743,0.42246347665786743,0.6810747385025024,0.0,0.0,0.0,0.0,0.0,0.0,0.0,0.0,1.0,0.0,0.0003649070276878774,0.3797251284122467,0.06914050877094269,0.9555649161338806,0.0,14.665571212768555,14.66638469696045,14.66638469696045,0.22594241797924042,-0.12326419353485107,-7.674737512175511e-10,0.0,0.0,4.0010175704956055,4.0010175704956055,1.7735722064971924,1.7735722064971924,0.8921903967857361,0.0,0.0,0.0,0.0,0.42246347665786743,0.0,0.42246344685554504,0.42246344685554504,0.6810747385025024,0.0,1.7735722064971924,1.7735722064971924,1.7735722064971924,1.7742542028427124,0.2422422617673874,0.16587422788143158,0.029260750859975815,1.0,0.49584633111953735,0.5518845319747925,0.5523617267608643,0.0,,,,,,,,,,,,,,,12.0,0.0,0.0,0.0,0.0,0.0,0.0,,,,,,,,,,,,,,,,,,,,,,0.001
29,9380,train,19.500728607177734,16.228145599365234,16.227066040039062,0.0,0.013903024606406689,0.013903024606406689,0.0,0.014070083387196064,9.500000305706635e-05,0.04749999940395355,0.009499999694526196,0.04749999940395355,0.0009500000160187483,0.0009500000160187483,0.949999988079071,0.00018584958161227405,0.12265768647193909,0.0,0.0,0.0,0.0,0.0,0.0,0.0,0.0,0.46302223205566406,0.46302223205566406,1.0,0.46302223205566406,0.46302226185798645,0.46302226185798645,0.0,-0.013272394426167011,0.24530087411403656,1.0,0.00018584958161227405,1.0,0.0,0.0,0.00018584958161227405,0.0,0.0,0.12265768647193909,0.0,0.42265769839286804,0.0,0.4226575493812561,0.4226575493812561,0.6811352968215942,0.0,0.0,0.0,0.0,0.0,0.0,0.0,0.0,1.0,0.0,-0.0002526458411011845,0.37993112206459045,0.06886369735002518,0.9558785557746887,0.0,16.227066040039062,16.228145599365234,16.228145599365234,0.2318837195634842,-0.10770142823457718,-3.76316144912181e-10,0.0,0.0,4.228812217712402,4.228812217712402,1.7801262140274048,1.7801262140274048,0.9653476476669312,0.0,0.0,0.0,0.0,0.42265769839286804,0.0,0.4226575195789337,0.4226575195789337,0.6811352968215942,0.0,1.7801262140274048,1.7801262140274048,1.7801262140274048,1.773064136505127,0.24530087411403656,0.16484063863754272,0.029348354786634445,1.0,0.5947709679603577,0.5243963003158569,0.5631080865859985,0.0,,,,,,,,,,,,,,,12.0,0.0,0.0,0.0,0.0,0.0,0.0,,,,,,,,,,,,,,,,,,,,,,0.001
29,9400,train,17.657936096191406,14.692803382873535,14.6892671585083,0.0,0.01466366183012724,0.01466366183012724,0.0,0.014000209048390388,9.500000305706635e-05,0.04749999940395355,0.009499999694526196,0.04749999940395355,0.0009500000160187483,0.0009500000160187483,0.949999988079071,0.00022039125906303525,0.12442615628242493,0.0,0.0,0.0,0.0,0.0,0.0,0.0,0.0,0.46428531408309937,0.46428531408309937,1.0,0.46428531408309937,0.46428531408309937,0.46428531408309937,0.0,-0.009437285363674164,0.23341810703277588,1.0,0.00022039125906303525,1.0,0.0,0.0,0.00022039125906303525,0.0,0.0,0.12442615628242493,0.0,0.4244261682033539,0.0,0.42442628741264343,0.42442628741264343,0.6816806197166443,0.0,0.0,0.0,0.0,0.0,0.0,0.0,0.0,1.0,0.0,0.0005489884642884135,0.3802168071269989,0.06883823126554489,0.9567641615867615,0.0,14.6892671585083,14.692803382873535,14.692803382873535,0.19267772138118744,-0.06974871456623077,4.139349418785798e-10,0.0,0.0,4.350615978240967,4.350615978240967,1.779594898223877,1.779594898223877,0.8358095288276672,0.0,0.0,0.0,0.0,0.4244261682033539,0.0,0.42442628741264343,0.42442628741264343,0.6816806197166443,0.0,1.779594898223877,1.779594898223877,1.779594898223877,1.7757277488708496,0.23341810703277588,0.16465042531490326,0.029413443058729172,1.0,0.5424219369888306,0.6155080795288086,0.5317659974098206,0.0,,,,,,,,,,,,,,,12.0,0.0,0.0,0.0,0.0,0.0,0.0,,,,,,,,,,,,,,,,,,,,,,0.001
29,9420,train,20.06499671936035,16.69828224182129,16.69773292541504,0.0,0.012863398529589176,0.012863398529589176,0.0,0.013968166895210743,9.500000305706635e-05,0.04749999940395355,0.009499999694526196,0.04749999940395355,0.0009500000160187483,0.0009500000160187483,0.949999988079071,0.0001726243644952774,0.12330999970436096,0.0,0.0,0.0,0.0,0.0,0.0,0.0,0.0,0.4638810455799103,0.4638810455799103,1.0,0.4638810455799103,0.4638810455799103,0.4638810455799103,0.0,-0.014711527153849602,0.25063562393188477,1.0,0.0001726243644952774,1.0,0.0,0.0,0.0001726243644952774,0.0,0.0,0.12330999970436096,0.0,0.4233100116252899,0.0,0.42330992221832275,0.42330992221832275,0.6813375353813171,0.0,0.0,0.0,0.0,0.0,0.0,0.0,0.0,1.0,0.0,-0.00012947713548783213,0.38072672486305237,0.06880713999271393,0.9571779370307922,0.0,16.69773292541504,16.69828224182129,16.69828224182129,0.223310649394989,-0.09934673458337784,-2.5495447419920936e-10,0.0,0.0,4.35201358795166,4.35201358795166,1.7807960510253906,1.7807960510253906,0.942314863204956,0.0,0.0,0.0,0.0,0.4233100116252899,0.0,0.42330992221832275,0.42330992221832275,0.6813375353813171,0.0,1.7807960510253906,1.7807960510253906,1.7807960510253906,1.7775015830993652,0.25063562393188477,0.1652241200208664,0.029409468173980713,1.0,0.5868897438049316,0.5905276536941528,0.5917145609855652,0.0,,,,,,,,,,,,,,,12.0,0.0,0.0,0.0,0.0,0.0,0.0,,,,,,,,,,,,,,,,,,,,,,0.001
29,9440,train,19.41692543029785,16.15802764892578,16.158424377441406,0.0,0.013390996493399143,0.013390996493399143,0.0,0.013977442868053913,9.500000305706635e-05,0.04749999940395355,0.009499999694526196,0.04749999940395355,0.0009500000160187483,0.0009500000160187483,0.949999988079071,0.00027574109844863415,0.12311676144599915,0.0,0.0,0.0,0.0,0.0,0.0,0.0,0.0,0.464201956987381,0.464201956987381,1.0,0.464201956987381,0.464201956987381,0.464201956987381,0.0,-0.01219326164573431,0.2525792717933655,1.0,0.00027574109844863415,1.0,0.0,0.0,0.00027574109844863415,0.0,0.0,0.12311676144599915,0.0,0.4231168031692505,0.0,0.42311686277389526,0.42311686277389526,0.6812781691551208,0.0,0.0,0.0,0.0,0.0,0.0,0.0,0.0,1.0,0.0,-4.830645411857404e-05,0.3805265724658966,0.0689343512058258,0.9577442407608032,0.0,16.158424377441406,16.15802764892578,16.15802764892578,0.22744055092334747,-0.12706251442432404,-2.4665669506873655e-10,0.0,0.0,4.13995885848999,4.139958381652832,1.7804458141326904,1.7804458141326904,0.9482789039611816,0.0,0.0,0.0,0.0,0.4231167733669281,0.0,0.4231168329715729,0.4231168329715729,0.6812781691551208,0.0,1.7804458141326904,1.7804458141326904,1.7804458141326904,1.7836143970489502,0.2525792717933655,0.1649397909641266,0.029410231858491898,1.0,0.5985735654830933,0.5576671361923218,0.6037471294403076,0.0,,,,,,,,,,,,,,,12.0,0.0,0.0,0.0,0.0,0.0,0.0,,,,,,,,,,,,,,,,,,,,,,0.001
29,9460,train,20.341224670410156,16.928627014160156,16.925662994384766,0.0,0.017321227118372917,0.017321227118372917,0.0,0.01395708229392767,9.500000305706635e-05,0.04749999940395355,0.009499999694526196,0.04749999940395355,0.0009500000160187483,0.0009500000160187483,0.949999988079071,0.0002418080111965537,0.12323662638664246,0.0,0.0,0.0,0.0,0.0,0.0,0.0,0.0,0.4653489887714386,0.4653489887714386,1.0,0.4653489887714386,0.4653489887714386,0.4653489887714386,0.0,-0.00902619119733572,0.2479129135608673,1.0,0.0002418080111965537,1.0,0.0,0.0,0.0002418080111965537,0.0,0.0,0.12323662638664246,0.0,0.4232366383075714,0.0,0.42323657870292664,0.42323657870292664,0.6813151240348816,0.0,0.0,0.0,0.0,0.0,0.0,0.0,0.0,1.0,0.0,-0.0004515417676884681,0.3811402916908264,0.0690464898943901,0.9585302472114563,0.0,16.925662994384766,16.928627014160156,16.928627014160156,0.22472509741783142,-0.14222025871276855,1.729281717821607e-10,0.0,0.0,4.32780647277832,4.32780647277832,1.7850239276885986,1.7850239276885986,1.0030338764190674,0.0,0.0,0.0,0.0,0.4232366383075714,0.0,0.42323657870292664,0.42323657870292664,0.6813151240348816,0.0,1.7850239276885986,1.785023808479309,1.7850239276885986,1.7802478075027466,0.2479129135608673,0.16443610191345215,0.02926199696958065,1.0,0.5938571095466614,0.5953764319419861,0.5874205827713013,0.0,,,,,,,,,,,,,,,12.0,0.0,0.0,0.0,0.0,0.0,0.0,,,,,,,,,,,,,,,,,,,,,,0.001
29,9480,train,18.424631118774414,15.331143379211426,15.330162048339844,0.0,0.014918633736670017,0.014918633736670017,0.0,0.013910702429711819,9.500000305706635e-05,0.04749999940395355,0.009499999694526196,0.04749999940395355,0.0009500000160187483,0.0009500000160187483,0.949999988079071,0.0002177619026042521,0.12765425443649292,0.0,0.0,0.0,0.0,0.0,0.0,0.0,0.0,0.4670877754688263,0.4670877754688263,1.0,0.4670877754688263,0.4670877754688263,0.4670877754688263,0.0,-0.005612541921436787,0.2114410698413849,1.0,0.0002177619026042521,1.0,0.0,0.0,0.0002177619026042521,0.0,0.0,0.12765425443649292,0.0,0.4276542663574219,0.0,0.4276542067527771,0.4276542067527771,0.6826422214508057,0.0,0.0,0.0,0.0,0.0,0.0,0.0,0.0,1.0,0.0,-0.0005363437812775373,0.37943947315216064,0.06900343298912048,0.9594792723655701,0.0,15.330162048339844,15.331143379211426,15.331143379211426,0.19397296011447906,-0.11441414803266525,4.687410459780494e-10,0.0,0.0,4.665243148803711,4.665243148803711,1.7852070331573486,1.7852070331573486,0.9172356128692627,0.0,0.0,0.0,0.0,0.4276542663574219,0.0,0.4276541769504547,0.4276541769504547,0.6826422214508057,0.0,1.785206913948059,1.785206913948059,1.7852070331573486,1.7865937948226929,0.2114410698413849,0.1634325236082077,0.029352890327572823,1.0,0.5880125761032104,0.556693971157074,0.5489199757575989,0.0,,,,,,,,,,,,,,,12.0,0.0,0.0,0.0,0.0,0.0,0.0,,,,,,,,,,,,,,,,,,,,,,0.001
29,9500,train,19.94931983947754,16.60182762145996,16.600099563598633,0.0,0.012608948163688183,0.012608948163688183,0.0,0.01378839835524559,9.500000305706635e-05,0.04749999940395355,0.009499999694526196,0.04749999940395355,0.0009500000160187483,0.0009500000160187483,0.949999988079071,0.00020761191262863576,0.13270971179008484,0.0,0.0,0.0,0.0,0.0,0.0,0.0,0.0,0.46919354796409607,0.46919354796409607,1.0,0.46919354796409607,0.46919354796409607,0.46919354796409607,0.0,-0.007554125040769577,0.184723898768425,1.0,0.00020761191262863576,1.0,0.0,0.0,0.00020761191262863576,0.0,0.0,0.13270971179008484,0.0,0.4327097237110138,0.0,0.4327096939086914,0.4327096939086914,0.6840636134147644,0.0,0.0,0.0,0.0,0.0,0.0,0.0,0.0,1.0,0.0,-0.00046514725545421243,0.3790397346019745,0.0689791589975357,0.9609654545783997,0.0,16.600099563598633,16.60182762145996,16.60182762145996,0.22840610146522522,-0.11793747544288635,-7.283215003317522e-11,0.0,0.0,4.495145320892334,4.495145320892334,1.7891634702682495,1.7891634702682495,1.0147340297698975,0.0,0.0,0.0,0.0,0.4327097237110138,0.0,0.4327096939086914,0.4327096939086914,0.6840636134147644,0.0,1.7891634702682495,1.7891634702682495,1.7891634702682495,1.7877150774002075,0.184723898768425,0.1618562638759613,0.02926444448530674,1.0,0.6019051671028137,0.5590914487838745,0.5413727760314941,0.0,,,,,,,,,,,,,,,12.0,0.0,0.0,0.0,0.0,0.0,0.0,,,,,,,,,,,,,,,,,,,,,,0.001
29,9520,train,18.264856338500977,15.198507308959961,15.194024085998535,0.0,0.0133969122543931,0.0133969122543931,0.0,0.013658045791089535,9.500000305706635e-05,0.04749999940395355,0.009499999694526196,0.04749999940395355,0.0009500000160187483,0.0009500000160187483,0.949999988079071,0.00020345447410363704,0.1335572600364685,0.0,0.0,0.0,0.0,0.0,0.0,0.0,0.0,0.4697810411453247,0.4697810411453247,1.0,0.4697810411453247,0.4697810411453247,0.4697810411453247,0.0,-0.00994674488902092,0.20200441777706146,1.0,0.00020345447410363704,1.0,0.0,0.0,0.00020345447410363704,0.0,0.0,0.1335572600364685,0.0,0.43355727195739746,0.0,0.4335571527481079,0.4335571527481079,0.6842918395996094,0.0,0.0,0.0,0.0,0.0,0.0,0.0,0.0,1.0,0.0,-0.00019620907551143318,0.38267388939857483,0.06890232115983963,0.9622054100036621,0.0,15.194024085998535,15.198507308959961,15.198507308959961,0.20012091100215912,-0.09215299785137177,3.254060632063016e-10,0.0,0.0,4.206605434417725,4.206605434417725,1.7902412414550781,1.7902412414550781,0.8323425650596619,0.0,0.0,0.0,0.0,0.43355727195739746,0.0,0.4335571527481079,0.4335571527481079,0.6842918395996094,0.0,1.790241003036499,1.790241003036499,1.7902412414550781,1.7910076379776,0.20200441777706146,0.16088657081127167,0.029287369921803474,1.0,0.5020629167556763,0.5444375872612,0.556557297706604,0.0,,,,,,,,,,,,,,,12.0,0.0,0.0,0.0,0.0,0.0,0.0,,,,,,,,,,,,,,,,,,,,,,0.001
29,9540,train,18.431859970092773,15.337316513061523,15.33521842956543,0.0,0.012496857903897762,0.012496857903897762,0.0,0.013600148260593414,9.500000305706635e-05,0.04749999940395355,0.009499999694526196,0.04749999940395355,0.0009500000160187483,0.0009500000160187483,0.949999988079071,0.00018990288663189858,0.13083839416503906,0.0,0.0,0.0,0.0,0.0,0.0,0.0,0.0,0.4698377847671509,0.4698377847671509,1.0,0.4698377847671509,0.4698377847671509,0.4698377847671509,0.0,-0.011330006644129753,0.23807482421398163,1.0,0.00018990288663189858,1.0,0.0,0.0,0.00018990288663189858,0.0,0.0,0.13083839416503906,0.0,0.430838406085968,0.0,0.43083831667900085,0.43083831667900085,0.6835498809814453,0.0,0.0,0.0,0.0,0.0,0.0,0.0,0.0,1.0,0.0,0.00014713869313709438,0.38034340739250183,0.0688229352235794,0.9628778100013733,0.0,15.33521842956543,15.337316513061523,15.337316513061523,0.20248785614967346,-0.08083828538656235,-2.7478574970984937e-10,0.0,0.0,4.238056659698486,4.238056659698486,1.7945257425308228,1.7945257425308228,0.8184469938278198,0.0,0.0,0.0,0.0,0.430838406085968,0.0,0.43083831667900085,0.43083831667900085,0.6835498809814453,0.0,1.7945257425308228,1.7945257425308228,1.7945257425308228,1.7921156883239746,0.23807482421398163,0.16116659343242645,0.029474802315235138,1.0,0.5859057307243347,0.566387414932251,0.5617539286613464,0.0,,,,,,,,,,,,,,,12.0,0.0,0.0,0.0,0.0,0.0,0.0,,,,,,,,,,,,,,,,,,,,,,0.001
29,9560,train,18.648338317871094,15.517105102539062,15.518259048461914,0.0,0.01406802423298359,0.01406802423298359,0.0,0.01369787473231554,9.500000305706635e-05,0.04749999940395355,0.009499999694526196,0.04749999940395355,0.0009500000160187483,0.0009500000160187483,0.949999988079071,0.00019240149413235486,0.1298648715019226,0.0,0.0,0.0,0.0,0.0,0.0,0.0,0.0,0.46996086835861206,0.46996086835861206,1.0,0.46996086835861206,0.46996086835861206,0.46996086835861206,0.0,-0.00890174601227045,0.2425966113805771,1.0,0.00019240149413235486,1.0,0.0,0.0,0.00019240149413235486,0.0,0.0,0.1298648715019226,0.0,0.42986488342285156,0.0,0.4298648536205292,0.4298648536205292,0.6832770109176636,0.0,0.0,0.0,0.0,0.0,0.0,0.0,0.0,1.0,0.0,-0.00017344490333925933,0.3784845769405365,0.06907428801059723,0.9627408385276794,0.0,15.518259048461914,15.517105102539062,15.517105102539062,0.20548398792743683,-0.1119004637002945,-8.090047520781241e-10,0.0,0.0,4.306014537811279,4.306014537811279,1.7931795120239258,1.7931795120239258,0.9061295390129089,0.0,0.0,0.0,0.0,0.42986488342285156,0.0,0.4298648536205292,0.4298648536205292,0.6832770109176636,0.0,1.7931795120239258,1.7931795120239258,1.7931795120239258,1.7920862436294556,0.2425966113805771,0.161162331700325,0.02946227602660656,1.0,0.49019014835357666,0.6084246039390564,0.5791239142417908,0.0,,,,,,,,,,,,,,,12.0,0.0,0.0,0.0,0.0,0.0,0.0,,,,,,,,,,,,,,,,,,,,,,0.001
29,9580,train,19.2233829498291,15.996492385864258,15.996723175048828,0.0,0.013735353946685791,0.013735353946685791,0.0,0.013688581995666027,9.500000305706635e-05,0.04749999940395355,0.009499999694526196,0.04749999940395355,0.0009500000160187483,0.0009500000160187483,0.949999988079071,0.00018407125025987625,0.12991183996200562,0.0,0.0,0.0,0.0,0.0,0.0,0.0,0.0,0.46962422132492065,0.46962422132492065,1.0,0.46962422132492065,0.46962422132492065,0.46962422132492065,0.0,-0.008207231760025024,0.23618759214878082,1.0,0.00018407125025987625,1.0,0.0,0.0,0.00018407125025987625,0.0,0.0,0.12991183996200562,0.0,0.42991185188293457,0.0,0.42991194128990173,0.42991194128990173,0.6832903027534485,0.0,0.0,0.0,0.0,0.0,0.0,0.0,0.0,1.0,0.0,-0.00011444889241829515,0.38059207797050476,0.06900132447481155,0.9628482460975647,0.0,15.996723175048828,15.996492385864258,15.996492385864258,0.22837407886981964,-0.11710243672132492,-6.361901561113825e-10,0.0,0.0,4.227739334106445,4.227739334106445,1.7881181240081787,1.7881181240081787,0.9554569125175476,0.0,0.0,0.0,0.0,0.42991185188293457,0.0,0.42991191148757935,0.42991191148757935,0.6832903027534485,0.0,1.7881178855895996,1.7881181240081787,1.7881181240081787,1.7894779443740845,0.23618759214878082,0.16150936484336853,0.029567768797278404,1.0,0.6386318802833557,0.5863522291183472,0.5788599252700806,0.0,,,,,,,,,,,,,,,12.0,0.0,0.0,0.0,0.0,0.0,0.0,,,,,,,,,,,,,,,,,,,,,,0.001
29,9600,train,19.76521873474121,16.44795799255371,16.449180603027344,0.0,0.011640554293990135,0.011640554293990135,0.0,0.013717897236347198,9.500000305706635e-05,0.04749999940395355,0.009499999694526196,0.04749999940395355,0.0009500000160187483,0.0009500000160187483,0.949999988079071,0.00020037265494465828,0.12950944900512695,0.0,0.0,0.0,0.0,0.0,0.0,0.0,0.0,0.4691922962665558,0.4691922962665558,1.0,0.4691922962665558,0.4691922962665558,0.4691922962665558,0.0,-0.011080778203904629,0.23884248733520508,1.0,0.00020037265494465828,1.0,0.0,0.0,0.00020037265494465828,0.0,0.0,0.12950944900512695,0.0,0.4295094609260559,0.0,0.4295095205307007,0.4295095205307007,0.6831761002540588,0.0,0.0,0.0,0.0,0.0,0.0,0.0,0.0,1.0,0.0,7.754023681627586e-05,0.37955498695373535,0.06904904544353485,0.9628530740737915,0.0,16.449180603027344,16.44795799255371,16.44795799255371,0.22969508171081543,-0.11058937758207321,2.6515634132806554e-10,0.0,0.0,4.104077339172363,4.104077339172363,1.7899521589279175,1.7899521589279175,0.9668381214141846,0.0,0.0,0.0,0.0,0.4295094609260559,0.0,0.4295095205307007,0.4295095205307007,0.6831761002540588,0.0,1.7899521589279175,1.7899521589279175,1.7899521589279175,1.790798306465149,0.23884248733520508,0.1610795259475708,0.029440419748425484,1.0,0.554131031036377,0.5531367063522339,0.5545585751533508,0.0,,,,,,,,,,,,,,,12.0,0.0,0.0,0.0,0.0,0.0,0.0,,,,,,,,,,,,,,,,,,,,,,0.001
29,9620,train,19.179378509521484,15.960456848144531,15.956941604614258,0.0,0.01343364454805851,0.01343364454805851,0.0,0.013829314149916172,9.500000305706635e-05,0.04749999940395355,0.009499999694526196,0.04749999940395355,0.0009500000160187483,0.0009500000160187483,0.949999988079071,0.0002124975435435772,0.12900248169898987,0.0,0.0,0.0,0.0,0.0,0.0,0.0,0.0,0.46963775157928467,0.46963775157928467,1.0,0.46963775157928467,0.4696377217769623,0.4696377217769623,0.0,-0.008516477420926094,0.23946630954742432,1.0,0.0002124975435435772,1.0,0.0,0.0,0.0002124975435435772,0.0,0.0,0.12900248169898987,0.0,0.4290024936199188,0.0,0.4290023744106293,0.4290023744106293,0.6830316781997681,0.0,0.0,0.0,0.0,0.0,0.0,0.0,0.0,1.0,0.0,-0.00010796907736221328,0.3791281282901764,0.06932077556848526,0.9625292420387268,0.0,15.956941604614258,15.960456848144531,15.960456848144531,0.23919126391410828,-0.13274414837360382,-2.0236257114447653e-10,0.0,0.0,4.396289348602295,4.396289348602295,1.7897058725357056,1.7897058725357056,1.0632559061050415,0.0,0.0,0.0,0.0,0.4290024936199188,0.0,0.4290023744106293,0.4290023744106293,0.6830316781997681,0.0,1.7897058725357056,1.7897058725357056,1.7897058725357056,1.7956360578536987,0.23946630954742432,0.16095511615276337,0.029395855963230133,1.0,0.6241505146026611,0.6086981296539307,0.5827605724334717,0.0,,,,,,,,,,,,,,,12.0,0.0,0.0,0.0,0.0,0.0,0.0,,,,,,,,,,,,,,,,,,,,,,0.001
29,9640,train,17.158523559570312,14.27597427368164,14.275321006774902,0.0,0.012332680635154247,0.012332680635154247,0.0,0.013864452950656414,9.500000305706635e-05,0.04749999940395355,0.009499999694526196,0.04749999940395355,0.0009500000160187483,0.0009500000160187483,0.949999988079071,0.00013136205961927772,0.12847086787223816,0.0,0.0,0.0,0.0,0.0,0.0,0.0,0.0,0.46973538398742676,0.46973538398742676,1.0,0.46973538398742676,0.46973538398742676,0.46973538398742676,0.0,-0.012758775614202023,0.24524500966072083,1.0,0.00013136205961927772,1.0,0.0,0.0,0.00013136205961927772,0.0,0.0,0.12847086787223816,0.0,0.4284708797931671,0.0,0.4284709692001343,0.4284709692001343,0.6828792095184326,0.0,0.0,0.0,0.0,0.0,0.0,0.0,0.0,1.0,0.0,-1.1689056009345222e-05,0.37972292304039,0.06933658570051193,0.962729811668396,0.0,14.275321006774902,14.27597427368164,14.27597427368164,0.18495789170265198,-0.06119347736239433,1.3116002728352782e-10,0.0,0.0,4.259171485900879,4.259171485900879,1.7924277782440186,1.7924277782440186,0.770273745059967,0.0,0.0,0.0,0.0,0.4284708797931671,0.0,0.4284709692001343,0.4284709692001343,0.6828792095184326,0.0,1.7924277782440186,1.7924277782440186,1.7924277782440186,1.790516972541809,0.24524500966072083,0.16035035252571106,0.029625408351421356,1.0,0.5523295998573303,0.5577477812767029,0.5704583525657654,0.0,,,,,,,,,,,,,,,12.0,0.0,0.0,0.0,0.0,0.0,0.0,,,,,,,,,,,,,,,,,,,,,,0.001
29,9660,train,19.026695251464844,15.8326997756958,15.83220100402832,0.0,0.01540528703480959,0.01540528703480959,0.0,0.014038460329174995,9.500000305706635e-05,0.04749999940395355,0.009499999694526196,0.04749999940395355,0.0009500000160187483,0.0009500000160187483,0.949999988079071,0.0001448088587494567,0.1252901554107666,0.0,0.0,0.0,0.0,0.0,0.0,0.0,0.0,0.4684973359107971,0.4684973359107971,1.0,0.4684973359107971,0.4684973359107971,0.4684973359107971,0.0,-0.009868274442851543,0.2660570442676544,1.0,0.0001448088587494567,1.0,0.0,0.0,0.0001448088587494567,0.0,0.0,0.1252901554107666,0.0,0.42529016733169556,0.0,0.4252902865409851,0.4252902865409851,0.6819421052932739,0.0,0.0,0.0,0.0,0.0,0.0,0.0,0.0,1.0,0.0,-0.000499228248372674,0.3778190612792969,0.06966002285480499,0.9619749188423157,0.0,15.83220100402832,15.8326997756958,15.8326997756958,0.2134619653224945,-0.1215762197971344,-2.44055140680155e-11,0.0,0.0,4.204329490661621,4.204329490661621,1.7970874309539795,1.7970874309539795,0.8944041728973389,0.0,0.0,0.0,0.0,0.42529016733169556,0.0,0.4252902567386627,0.4252902567386627,0.6819421052932739,0.0,1.7970874309539795,1.7970874309539795,1.7970874309539795,1.7940943241119385,0.2660570442676544,0.16025182604789734,0.02948683127760887,1.0,0.5369128584861755,0.5615194439888,0.5727028846740723,0.0,,,,,,,,,,,,,,,12.0,0.0,0.0,0.0,0.0,0.0,0.0,,,,,,,,,,,,,,,,,,,,,,0.001
29,9680,train,19.403438568115234,16.146831512451172,16.145708084106445,0.0,0.013092119246721268,0.013092119246721268,0.0,0.014109545387327671,9.500000305706635e-05,0.04749999940395355,0.009499999694526196,0.04749999940395355,0.0009500000160187483,0.0009500000160187483,0.949999988079071,0.0002064098953269422,0.12556487321853638,0.0,0.0,0.0,0.0,0.0,0.0,0.0,0.0,0.46881812810897827,0.46881812810897827,1.0,0.46881812810897827,0.46881815791130066,0.46881815791130066,0.0,-0.009775322861969471,0.2537965178489685,1.0,0.0002064098953269422,1.0,0.0,0.0,0.0002064098953269422,0.0,0.0,0.12556487321853638,0.0,0.42556488513946533,0.0,0.4255650043487549,0.4255650043487549,0.6820247173309326,0.0,0.0,0.0,0.0,0.0,0.0,0.0,0.0,1.0,0.0,8.339923806488514e-05,0.37447893619537354,0.06982424855232239,0.9617688059806824,0.0,16.145708084106445,16.146831512451172,16.146831512451172,0.22601757943630219,-0.13204769790172577,4.031684708305505e-10,0.0,0.0,4.436700344085693,4.436700344085693,1.7986974716186523,1.7986974716186523,1.0188510417938232,0.0,0.0,0.0,0.0,0.42556488513946533,0.0,0.4255650043487549,0.4255650043487549,0.6820247173309326,0.0,1.7986974716186523,1.7986974716186523,1.7986974716186523,1.7997910976409912,0.2537965178489685,0.15968449413776398,0.02935514599084854,1.0,0.5464768409729004,0.5715739727020264,0.5600720643997192,0.0,,,,,,,,,,,,,,,12.0,0.0,0.0,0.0,0.0,0.0,0.0,,,,,,,,,,,,,,,,,,,,,,0.001
29,9686,train_epoch,18.718434893442485,15.575887411654353,15.57568698300573,0.0,0.01375235329398852,0.01375235329398852,0.0,0.013873026670029242,9.500000305706635e-05,0.04749999940395355,0.009499999694526196,0.04749999940395355,0.0009500000160187483,0.0009500000160187483,0.949999988079071,0.00019166239963486808,0.1272083068500736,0.0,0.0,0.0,0.0,0.0,0.0,0.0,0.0,0.4672644412267708,0.4672644412267708,1.0,0.4672644412267708,0.4672644414944563,0.4672644414944563,0.0,-0.010196928862025013,0.2368384595670386,1.0,0.00019166239963486808,1.0,0.0,0.0,0.00019166239963486808,0.0,0.0,0.1272083068500736,0.0,0.4272083185925455,0.0,0.42720831181117874,0.42720831181117874,0.6824864875413701,0.0,0.0,0.0,0.0,0.0,0.0,0.0,0.0,1.0,0.0,-4.4863762192206e-05,0.37961613926701915,0.06908176386516965,0.9602962227281696,0.0,15.57568698300573,15.575887411654353,15.575887411654353,0.21408811184817444,-0.10861620014536189,-3.984557765966105e-11,0.0,0.0,4.303599945799319,4.303599945085491,1.7870092295600983,1.7870092295600983,0.9262638018873637,0.0,0.0,0.0,0.0,0.4272083187710025,0.0,0.4272083005683865,0.4272083005683865,0.6824864875413701,0.0,1.7870091728107658,1.7870091799490466,1.7870092295600983,1.7873070953848833,0.2368384595670386,0.1625313683005864,0.029424969447096307,1.0,0.5764510637807275,0.5763265421825968,0.5765865113206966,0.0,,,,,,,,,,,,,,,12.0,0.0,0.0,0.0,0.0,0.0,0.0,,,,,,,,,,,,,,,,,,,,,,0.001
29,9686,val,,,,,,,,,,,,,,,,,,,,,,,,,,,,,,,,,,,,,,,,,,,,,,,,,,,,,,,,,,,,,,,,,,,,,,,,,,,,,,,,,,,,,,,,,,,,,,,,,,,,,,,,,,,,,,,,,,,,,,,,,15.355023384094238,625.3571166992188,25.00714131401706,0.10778383910655975,0.06552799046039581,14.23952865600586,23.013183795771692,0.0974331796169281,0.06083223223686218,15.290788650512695,24.95010157012141,0.10577590763568878,0.06526323407888412,17.276010513305664,28.021140700761542,0.12462015450000763,0.0736040472984314,15.355023384094238,25.00714131401706,0.10778383910655975,0.06552799046039581,0.001
29,9686,test_select,,,,,,,,,,,,,,,,,,,,,,,,,,,,,,,,,,,,,,,,,,,,,,,,,,,,,,,,,,,,,,,,,,,,,,,,,,,,,,,,,,,,,,,,,,,,,,,,,,,,,,,,,,,,,,,,,,,,,,,,,22.390241622924805,1256.07861328125,35.441199377013895,0.13530991971492767,0.09094305336475372,18.070655822753906,28.118812253348512,0.1090291291475296,0.07335634529590607,22.185148239135742,34.74548573983209,0.1325460970401764,0.09010142832994461,28.900489807128906,44.621498462064224,0.1759498417377472,0.11749663949012756,22.390241622924805,35.441199377013895,0.13530991971492767,0.09094305336475372,0.001
30,9700,train,19.340862274169922,16.093320846557617,16.093420028686523,0.0,0.012546109035611153,0.012546109035611153,0.0,0.014110399410128593,9.999999747378752e-05,0.05000000074505806,0.009999999776482582,0.05000000074505806,0.0010000000474974513,0.0010000000474974513,1.0,0.00018493449897505343,0.12383478879928589,0.0,0.0,0.0,0.0,0.0,0.0,0.0,0.0,0.4684106409549713,0.4684106409549713,1.0,0.4684106409549713,0.4684106707572937,0.4684106707572937,0.0,-0.011782604269683361,0.26363280415534973,1.0,0.00018493449897505343,1.0,0.0,0.0,0.00018493449897505343,0.0,0.0,0.12383478879928589,0.0,0.42383480072021484,0.0,0.4238346815109253,0.4238346815109253,0.6814995408058167,0.0,0.0,0.0,0.0,0.0,0.0,0.0,0.0,1.0,0.0,-0.00012149808753747493,0.3769543766975403,0.06948341429233551,0.9618119597434998,0.0,16.093420028686523,16.093320846557617,16.093320846557617,0.22053052484989166,-0.13124758005142212,-2.164884521649313e-10,0.0,0.0,4.491734981536865,4.491734981536865,1.7906749248504639,1.7906749248504639,1.0116387605667114,0.0,0.0,0.0,0.0,0.42383480072021484,0.0,0.4238346815109253,0.4238346815109253,0.6814995408058167,0.0,1.7906749248504639,1.7906749248504639,1.7906749248504639,1.7894151210784912,0.26363280415534973,0.15961605310440063,0.029442984610795975,1.0,0.5468888282775879,0.6161903142929077,0.5818430185317993,0.0,,,,,,,,,,,,,,,12.0,0.0,0.0,0.0,0.0,0.0,0.0,,,,,,,,,,,,,,,,,,,,,,0.001
30,9720,train,19.449581146240234,16.184110641479492,16.183000564575195,0.0,0.012296400032937527,0.012296400032937527,0.0,0.014087426476180553,9.999999747378752e-05,0.05000000074505806,0.009999999776482582,0.05000000074505806,0.0010000000474974513,0.0010000000474974513,1.0,0.00017344739171676338,0.12290111184120178,0.0,0.0,0.0,0.0,0.0,0.0,0.0,0.0,0.46885499358177185,0.46885499358177185,1.0,0.46885499358177185,0.46885499358177185,0.46885499358177185,0.0,-0.011569902300834656,0.26490533351898193,1.0,0.00017344739171676338,1.0,0.0,0.0,0.00017344739171676338,0.0,0.0,0.12290111184120178,0.0,0.42290112376213074,0.0,0.42290109395980835,0.42290109395980835,0.6812114119529724,0.0,0.0,0.0,0.0,0.0,0.0,0.0,0.0,1.0,0.0,-0.0010306121548637748,0.37563514709472656,0.06946318596601486,0.9619017839431763,0.0,16.183000564575195,16.184110641479492,16.184110641479492,0.2295369654893875,-0.10391374677419662,5.319845119977629e-10,0.0,0.0,4.3616461753845215,4.3616461753845215,1.791456937789917,1.791456937789917,1.0023374557495117,0.0,0.0,0.0,0.0,0.42290112376213074,0.0,0.42290106415748596,0.42290106415748596,0.6812114119529724,0.0,1.791456699371338,1.791456937789917,1.791456937789917,1.7998219728469849,0.26490533351898193,0.15927699208259583,0.029422027990221977,1.0,0.5971236228942871,0.5505915880203247,0.5922139883041382,0.0,,,,,,,,,,,,,,,12.0,0.0,0.0,0.0,0.0,0.0,0.0,,,,,,,,,,,,,,,,,,,,,,0.001
30,9740,train,17.213491439819336,14.320650100708008,14.320423126220703,0.0,0.011495238170027733,0.011495238170027733,0.0,0.014109219424426556,9.999999747378752e-05,0.05000000074505806,0.009999999776482582,0.05000000074505806,0.0010000000474974513,0.0010000000474974513,1.0,0.00014505856961477548,0.12142577767372131,0.0,0.0,0.0,0.0,0.0,0.0,0.0,0.0,0.46763908863067627,0.46763908863067627,1.0,0.46763908863067627,0.46763908863067627,0.46763908863067627,0.0,-0.011578806675970554,0.2704842984676361,1.0,0.00014505856961477548,1.0,0.0,0.0,0.00014505856961477548,0.0,0.0,0.12142577767372131,0.0,0.4214257597923279,0.0,0.42142564058303833,0.42142564058303833,0.6807479858398438,0.0,0.0,0.0,0.0,0.0,0.0,0.0,0.0,1.0,0.0,0.0001548260188428685,0.3747328519821167,0.06932775676250458,0.9620060324668884,0.0,14.320423126220703,14.320650100708008,14.320650100708008,0.2115071564912796,-0.09086082130670547,4.508693973725997e-10,0.0,0.0,4.091263771057129,4.091263294219971,1.7963497638702393,1.7963497638702393,0.8422806859016418,0.0,0.0,0.0,0.0,0.42142578959465027,0.0,0.42142561078071594,0.42142561078071594,0.6807479858398438,0.0,1.7963496446609497,1.7963497638702393,1.7963497638702393,1.7980316877365112,0.2704842984676361,0.15991610288619995,0.029368478804826736,1.0,0.5884882211685181,0.5482032299041748,0.5695430040359497,0.0,,,,,,,,,,,,,,,12.0,0.0,0.0,0.0,0.0,0.0,0.0,,,,,,,,,,,,,,,,,,,,,,0.001
30,9760,train,17.89224624633789,14.886049270629883,14.887053489685059,0.0,0.013150309212505817,0.013150309212505817,0.0,0.014252240769565105,9.999999747378752e-05,0.05000000074505806,0.009999999776482582,0.05000000074505806,0.0010000000474974513,0.0010000000474974513,1.0,0.00022958876797929406,0.11788934469223022,0.0,0.0,0.0,0.0,0.0,0.0,0.0,0.0,0.46679869294166565,0.46679869294166565,1.0,0.46679869294166565,0.46679872274398804,0.46679872274398804,0.0,-0.012924225069582462,0.2900752127170563,1.0,0.00022958876797929406,1.0,0.0,0.0,0.00022958876797929406,0.0,0.0,0.11788934469223022,0.0,0.4178893566131592,0.0,0.41788923740386963,0.41788923740386963,0.6796016097068787,0.0,0.0,0.0,0.0,0.0,0.0,0.0,0.0,1.0,0.0,0.0008632690878584981,0.3731260895729065,0.06935383379459381,0.9608799815177917,0.0,14.887053489685059,14.886049270629883,14.886049270629883,0.2023402750492096,-0.11913390457630157,6.921919201013926e-12,0.0,0.0,4.382358074188232,4.382358074188232,1.7977110147476196,1.7977110147476196,0.8983386158943176,0.0,0.0,0.0,0.0,0.4178893566131592,0.0,0.41788923740386963,0.41788923740386963,0.6796016097068787,0.0,1.7977110147476196,1.7977110147476196,1.7977110147476196,1.8017418384552002,0.2900752127170563,0.16079957783222198,0.029492488130927086,1.0,0.49419325590133667,0.515255868434906,0.522249698638916,0.0,,,,,,,,,,,,,,,12.0,0.0,0.0,0.0,0.0,0.0,0.0,,,,,,,,,,,,,,,,,,,,,,0.001
30,9780,train,19.202260971069336,15.97787857055664,15.978479385375977,0.0,0.012658294290304184,0.012658294290304184,0.0,0.014514222741127014,9.999999747378752e-05,0.05000000074505806,0.009999999776482582,0.05000000074505806,0.0010000000474974513,0.0010000000474974513,1.0,0.00026096150395460427,0.11516141891479492,0.0,0.0,0.0,0.0,0.0,0.0,0.0,0.0,0.4656238257884979,0.4656238257884979,1.0,0.4656238257884979,0.4656238257884979,0.4656238257884979,0.0,-0.014805138111114502,0.29917117953300476,1.0,0.00026096150395460427,1.0,0.0,0.0,0.00026096150395460427,0.0,0.0,0.11516141891479492,0.0,0.4151614308357239,0.0,0.4151615500450134,0.4151615500450134,0.678682267665863,0.0,0.0,0.0,0.0,0.0,0.0,0.0,0.0,1.0,0.0,-0.00021633699361700565,0.3757258653640747,0.06940849870443344,0.9596409201622009,0.0,15.978479385375977,15.97787857055664,15.97787857055664,0.2265850156545639,-0.13763995468616486,-7.869603857457719e-10,0.0,0.0,4.265170097351074,4.265170097351074,1.792286992073059,1.792286992073059,0.9527257680892944,0.0,0.0,0.0,0.0,0.4151614308357239,0.0,0.4151615500450134,0.4151615500450134,0.678682267665863,0.0,1.792286992073059,1.7922866344451904,1.792286992073059,1.7910319566726685,0.29917117953300476,0.16102485358715057,0.02941127121448517,1.0,0.645831823348999,0.5997989177703857,0.629618763923645,0.0,,,,,,,,,,,,,,,12.0,0.0,0.0,0.0,0.0,0.0,0.0,,,,,,,,,,,,,,,,,,,,,,0.001
30,9800,train,18.767053604125977,15.615394592285156,15.614144325256348,0.0,0.016697054728865623,0.016697054728865623,0.0,0.014704232104122639,9.999999747378752e-05,0.05000000074505806,0.009999999776482582,0.05000000074505806,0.0010000000474974513,0.0010000000474974513,1.0,0.00012142682680860162,0.11383649706840515,0.0,0.0,0.0,0.0,0.0,0.0,0.0,0.0,0.4646221399307251,0.4646221399307251,1.0,0.4646221399307251,0.4646221399307251,0.4646221399307251,0.0,-0.011660831980407238,0.2942934036254883,1.0,0.00012142682680860162,1.0,0.0,0.0,0.00012142682680860162,0.0,0.0,0.11383649706840515,0.0,0.4138365089893341,0.0,0.4138365685939789,0.4138365685939789,0.678224503993988,0.0,0.0,0.0,0.0,0.0,0.0,0.0,0.0,1.0,0.0,-0.0002708228421397507,0.3744712471961975,0.06932470947504044,0.9585756659507751,0.0,15.614144325256348,15.615394592285156,15.615394592285156,0.23205344378948212,-0.17735224962234497,7.433081372631989e-10,0.0,0.0,4.46604585647583,4.466046333312988,1.7968971729278564,1.7968971729278564,1.0849553346633911,0.0,0.0,0.0,0.0,0.4138365089893341,0.0,0.4138365387916565,0.4138365387916565,0.678224503993988,0.0,1.7968969345092773,1.7968971729278564,1.7968971729278564,1.8007946014404297,0.2942934036254883,0.16025681793689728,0.029433004558086395,1.0,0.582095742225647,0.5736867785453796,0.5679563283920288,0.0,,,,,,,,,,,,,,,12.0,0.0,0.0,0.0,0.0,0.0,0.0,,,,,,,,,,,,,,,,,,,,,,0.001
30,9820,train,18.9998836517334,15.809883117675781,15.806804656982422,0.0,0.013301088474690914,0.013301088474690914,0.0,0.014726708643138409,9.999999747378752e-05,0.05000000074505806,0.009999999776482582,0.05000000074505806,0.0010000000474974513,0.0010000000474974513,1.0,0.00024186819791793823,0.11420750617980957,0.0,0.0,0.0,0.0,0.0,0.0,0.0,0.0,0.46429380774497986,0.46429380774497986,1.0,0.46429380774497986,0.46429377794265747,0.46429377794265747,0.0,-0.01212706882506609,0.2818116545677185,1.0,0.00024186819791793823,1.0,0.0,0.0,0.00024186819791793823,0.0,0.0,0.11420750617980957,0.0,0.4142075181007385,0.0,0.4142075181007385,0.4142075181007385,0.6783531308174133,0.0,0.0,0.0,0.0,0.0,0.0,0.0,0.0,1.0,0.0,-0.0004623456043191254,0.3728649318218231,0.06926166266202927,0.95848548412323,0.0,15.806804656982422,15.809883117675781,15.809883117675781,0.22729894518852234,-0.11335767805576324,-3.1945432410473984e-10,0.0,0.0,4.117860317230225,4.117860317230225,1.7959140539169312,1.7959140539169312,0.9723708629608154,0.0,0.0,0.0,0.0,0.4142075181007385,0.0,0.41420748829841614,0.41420748829841614,0.6783531308174133,0.0,1.7959139347076416,1.7959139347076416,1.7959140539169312,1.7968029975891113,0.2818116545677185,0.1604367047548294,0.02926485240459442,1.0,0.6029605269432068,0.626425564289093,0.6507408618927002,0.0,,,,,,,,,,,,,,,12.0,0.0,0.0,0.0,0.0,0.0,0.0,,,,,,,,,,,,,,,,,,,,,,0.001
30,9840,train,19.388214111328125,16.13266944885254,16.133329391479492,0.0,0.014360261149704456,0.014360261149704456,0.0,0.014677207916975021,9.999999747378752e-05,0.05000000074505806,0.009999999776482582,0.05000000074505806,0.0010000000474974513,0.0010000000474974513,1.0,0.00019666065054479986,0.11815539002418518,0.0,0.0,0.0,0.0,0.0,0.0,0.0,0.0,0.46736499667167664,0.46736499667167664,1.0,0.46736499667167664,0.46736499667167664,0.46736499667167664,0.0,-0.007516360376030207,0.24761389195919037,1.0,0.00019666065054479986,1.0,0.0,0.0,0.00019666065054479986,0.0,0.0,0.11815539002418518,0.0,0.41815540194511414,0.0,0.418155312538147,0.418155312538147,0.6796894669532776,0.0,0.0,0.0,0.0,0.0,0.0,0.0,0.0,1.0,0.0,-0.00023957322991918772,0.3745073080062866,0.06922601908445358,0.9594508409500122,0.0,16.133329391479492,16.13266944885254,16.13266944885254,0.23144716024398804,-0.1428847312927246,3.2645944281206596e-10,0.0,0.0,4.361553192138672,4.361553192138672,1.7979099750518799,1.7979099750518799,1.0206984281539917,0.0,0.0,0.0,0.0,0.41815540194511414,0.0,0.418155312538147,0.418155312538147,0.6796894669532776,0.0,1.7979097366333008,1.7979097366333008,1.7979099750518799,1.7970871925354004,0.24761389195919037,0.15991489589214325,0.029557980597019196,1.0,0.5924195647239685,0.5714489817619324,0.5545276403427124,0.0,,,,,,,,,,,,,,,12.0,0.0,0.0,0.0,0.0,0.0,0.0,,,,,,,,,,,,,,,,,,,,,,0.001
30,9860,train,18.52971649169922,15.417220115661621,15.418246269226074,0.0,0.014449041336774826,0.014449041336774826,0.0,0.014792188070714474,9.999999747378752e-05,0.05000000074505806,0.009999999776482582,0.05000000074505806,0.0010000000474974513,0.0010000000474974513,1.0,0.00021629827097058296,0.11859914660453796,0.0,0.0,0.0,0.0,0.0,0.0,0.0,0.0,0.46673837304115295,0.46673837304115295,1.0,0.46673837304115295,0.46673837304115295,0.46673837304115295,0.0,-0.01479008886963129,0.2577405273914337,1.0,0.00021629827097058296,1.0,0.0,0.0,0.00021629827097058296,0.0,0.0,0.11859914660453796,0.0,0.4185991585254669,0.0,0.4185992181301117,0.4185992181301117,0.6798361539840698,0.0,0.0,0.0,0.0,0.0,0.0,0.0,0.0,1.0,0.0,-0.00023584353039041162,0.37223079800605774,0.06981219351291656,0.9595680832862854,0.0,15.418246269226074,15.417220115661621,15.417220115661621,0.2444244623184204,-0.20516745746135712,1.5949684628591143e-10,0.0,0.0,4.467998504638672,4.467998504638672,1.8006421327590942,1.8006421327590942,1.141939640045166,0.0,0.0,0.0,0.0,0.4185991585254669,0.0,0.4185992181301117,0.4185992181301117,0.6798361539840698,0.0,1.8006421327590942,1.8006421327590942,1.8006421327590942,1.8000680208206177,0.2577405273914337,0.1589694768190384,0.029343459755182266,1.0,0.5697643756866455,0.5396807789802551,0.5764862895011902,0.0,,,,,,,,,,,,,,,12.0,0.0,0.0,0.0,0.0,0.0,0.0,,,,,,,,,,,,,,,,,,,,,,0.001
30,9880,train,19.135591506958008,15.92204475402832,15.9235258102417,0.0,0.014359274879097939,0.014359274879097939,0.0,0.014878621324896812,9.999999747378752e-05,0.05000000074505806,0.009999999776482582,0.05000000074505806,0.0010000000474974513,0.0010000000474974513,1.0,0.00012272363528609276,0.11772629618644714,0.0,0.0,0.0,0.0,0.0,0.0,0.0,0.0,0.4667189121246338,0.4667189121246338,1.0,0.4667189121246338,0.4667189419269562,0.4667189419269562,0.0,-0.010963797569274902,0.2720823585987091,1.0,0.00012272363528609276,1.0,0.0,0.0,0.00012272363528609276,0.0,0.0,0.11772629618644714,0.0,0.4177263081073761,0.0,0.4177262485027313,0.4177262485027313,0.6795476675033569,0.0,0.0,0.0,0.0,0.0,0.0,0.0,0.0,1.0,0.0,0.00011361549695720896,0.3738439977169037,0.06998438388109207,0.9594393372535706,0.0,15.9235258102417,15.92204475402832,15.92204475402832,0.19817830622196198,-0.08121585100889206,-1.8666736559258545e-11,0.0,0.0,4.4410834312438965,4.4410834312438965,1.8039623498916626,1.8039623498916626,0.8794987797737122,0.0,0.0,0.0,0.0,0.4177263081073761,0.0,0.4177262485027313,0.4177262485027313,0.6795476675033569,0.0,1.8039623498916626,1.8039623498916626,1.8039623498916626,1.807327151298523,0.2720823585987091,0.15910324454307556,0.02932235784828663,1.0,0.6252632141113281,0.5867810249328613,0.5885643362998962,0.0,,,,,,,,,,,,,,,12.0,0.0,0.0,0.0,0.0,0.0,0.0,,,,,,,,,,,,,,,,,,,,,,0.001
30,9900,train,17.00031089782715,14.142925262451172,14.142611503601074,0.0,0.014498375356197357,0.014498375356197357,0.0,0.014795728959143162,9.999999747378752e-05,0.05000000074505806,0.009999999776482582,0.05000000074505806,0.0010000000474974513,0.0010000000474974513,1.0,0.00015231213183142245,0.11895573139190674,0.0,0.0,0.0,0.0,0.0,0.0,0.0,0.0,0.467002272605896,0.467002272605896,1.0,0.467002272605896,0.467002272605896,0.467002272605896,0.0,-0.011421889998018742,0.26415348052978516,1.0,0.00015231213183142245,1.0,0.0,0.0,0.00015231213183142245,0.0,0.0,0.11895573139190674,0.0,0.4189557433128357,0.0,0.41895556449890137,0.41895556449890137,0.6799526214599609,0.0,0.0,0.0,0.0,0.0,0.0,0.0,0.0,1.0,0.0,0.0008346836548298597,0.3737858533859253,0.06981942057609558,0.9601535797119141,0.0,14.142611503601074,14.142925262451172,14.142925262451172,0.20728589594364166,-0.11380413174629211,-3.5035432888186335e-11,0.0,0.0,4.198360443115234,4.198360443115234,1.8065763711929321,1.8065763711929321,0.886069118976593,0.0,0.0,0.0,0.0,0.4189557433128357,0.0,0.41895556449890137,0.41895556449890137,0.6799526214599609,0.0,1.8065762519836426,1.8065762519836426,1.8065763711929321,1.8016126155853271,0.26415348052978516,0.15899284183979034,0.029644982889294624,1.0,0.5662370920181274,0.5714715123176575,0.5442600250244141,0.0,,,,,,,,,,,,,,,12.0,0.0,0.0,0.0,0.0,0.0,0.0,,,,,,,,,,,,,,,,,,,,,,0.001
30,9920,train,18.384130477905273,15.295408248901367,15.29883098602295,0.0,0.0157010555267334,0.0157010555267334,0.0,0.014783385209739208,9.999999747378752e-05,0.05000000074505806,0.009999999776482582,0.05000000074505806,0.0010000000474974513,0.0010000000474974513,1.0,0.00015999932656995952,0.1195988655090332,0.0,0.0,0.0,0.0,0.0,0.0,0.0,0.0,0.4674558639526367,0.4674558639526367,1.0,0.4674558639526367,0.4674558937549591,0.4674558937549591,0.0,-0.009959296323359013,0.2614131569862366,1.0,0.00015999932656995952,1.0,0.0,0.0,0.00015999932656995952,0.0,0.0,0.1195988655090332,0.0,0.41959887742996216,0.0,0.4195989966392517,0.4195989966392517,0.6801624298095703,0.0,0.0,0.0,0.0,0.0,0.0,0.0,0.0,1.0,0.0,-0.000511849531903863,0.374738872051239,0.06969895213842392,0.9605905413627625,0.0,15.29883098602295,15.295408248901367,15.295408248901367,0.20262296497821808,-0.08604110032320023,7.575400029491419e-11,0.0,0.0,4.30733060836792,4.30733060836792,1.801990270614624,1.801990270614624,0.8822512030601501,0.0,0.0,0.0,0.0,0.41959887742996216,0.0,0.4195989966392517,0.4195989966392517,0.6801624298095703,0.0,1.801990270614624,1.801990270614624,1.801990270614624,1.8015767335891724,0.2614131569862366,0.15964874625205994,0.02976858615875244,1.0,0.5398257970809937,0.5643410086631775,0.5580004453659058,0.0,,,,,,,,,,,,,,,12.0,0.0,0.0,0.0,0.0,0.0,0.0,,,,,,,,,,,,,,,,,,,,,,0.001
30,9940,train,18.014202117919922,14.987798690795898,14.987191200256348,0.0,0.015199040994048119,0.015199040994048119,0.0,0.014831001870334148,9.999999747378752e-05,0.05000000074505806,0.009999999776482582,0.05000000074505806,0.0010000000474974513,0.0010000000474974513,1.0,0.00010628043673932552,0.12026140093803406,0.0,0.0,0.0,0.0,0.0,0.0,0.0,0.0,0.4680483937263489,0.4680483937263489,1.0,0.4680483937263489,0.4680483937263489,0.4680483937263489,0.0,-0.012404222972691059,0.26150232553482056,1.0,0.00010628043673932552,1.0,0.0,0.0,0.00010628043673932552,0.0,0.0,0.12026140093803406,0.0,0.420261412858963,0.0,0.4202614426612854,0.4202614426612854,0.6803761720657349,0.0,0.0,0.0,0.0,0.0,0.0,0.0,0.0,1.0,0.0,1.2328359844104853e-05,0.37140244245529175,0.06986220180988312,0.9606723785400391,0.0,14.987191200256348,14.987798690795898,14.987798690795898,0.1950366348028183,-0.09294126182794571,6.504156935260852e-11,0.0,0.0,4.269636154174805,4.269636154174805,1.8057821989059448,1.8057821989059448,0.8013625144958496,0.0,0.0,0.0,0.0,0.420261412858963,0.0,0.420261412858963,0.420261412858963,0.6803761720657349,0.0,1.8057821989059448,1.8057821989059448,1.8057821989059448,1.8064961433410645,0.26150232553482056,0.15901055932044983,0.02946867235004902,1.0,0.5600628852844238,0.5820944309234619,0.5911006927490234,0.0,,,,,,,,,,,,,,,12.0,0.0,0.0,0.0,0.0,0.0,0.0,,,,,,,,,,,,,,,,,,,,,,0.001
30,9960,train,17.88603401184082,14.880881309509277,14.880949020385742,0.0,0.015424905344843864,0.015424905344843864,0.0,0.014741643331944942,9.999999747378752e-05,0.05000000074505806,0.009999999776482582,0.05000000074505806,0.0010000000474974513,0.0010000000474974513,1.0,0.0002015431091422215,0.12054774165153503,0.0,0.0,0.0,0.0,0.0,0.0,0.0,0.0,0.46784618496894836,0.46784618496894836,1.0,0.46784618496894836,0.46784618496894836,0.46784618496894836,0.0,-0.009624384343624115,0.2618269622325897,1.0,0.0002015431091422215,1.0,0.0,0.0,0.0002015431091422215,0.0,0.0,0.12054774165153503,0.0,0.420547753572464,0.0,0.4205477833747864,0.4205477833747864,0.6804682016372681,0.0,0.0,0.0,0.0,0.0,0.0,0.0,0.0,1.0,0.0,0.0007861960330046713,0.3720509707927704,0.07015340775251389,0.961361825466156,0.0,14.880949020385742,14.880881309509277,14.880881309509277,0.1939738541841507,-0.10528595000505447,-3.679787585753047e-10,0.0,0.0,4.523678779602051,4.523678779602051,1.8009872436523438,1.8009872436523438,0.842956006526947,0.0,0.0,0.0,0.0,0.420547753572464,0.0,0.420547753572464,0.420547753572464,0.6804682016372681,0.0,1.8009870052337646,1.8009870052337646,1.8009872436523438,1.8014286756515503,0.2618269622325897,0.15887659788131714,0.02955733612179756,1.0,0.6272645592689514,0.5588743686676025,0.5784863233566284,0.0,,,,,,,,,,,,,,,12.0,0.0,0.0,0.0,0.0,0.0,0.0,,,,,,,,,,,,,,,,,,,,,,0.001
30,9980,train,18.175783157348633,15.122218132019043,15.122344970703125,0.0,0.014800447039306164,0.014800447039306164,0.0,0.014667288400232792,9.999999747378752e-05,0.05000000074505806,0.009999999776482582,0.05000000074505806,0.0010000000474974513,0.0010000000474974513,1.0,0.00018999993335455656,0.12271210551261902,0.0,0.0,0.0,0.0,0.0,0.0,0.0,0.0,0.47052469849586487,0.47052469849586487,1.0,0.47052469849586487,0.47052469849586487,0.47052469849586487,0.0,-0.009539675898849964,0.2476586252450943,1.0,0.00018999993335455656,1.0,0.0,0.0,0.00018999993335455656,0.0,0.0,0.12271210551261902,0.0,0.4227120876312256,0.0,0.42271190881729126,0.42271190881729126,0.68115234375,0.0,0.0,0.0,0.0,0.0,0.0,0.0,0.0,1.0,0.0,-0.00013002143532503396,0.3723312020301819,0.07000000029802322,0.962040364742279,0.0,15.122344970703125,15.122218132019043,15.122218132019043,0.2023162692785263,-0.1049763411283493,-3.3844366198465536e-10,0.0,0.0,4.230650424957275,4.230650424957275,1.804544448852539,1.804544448852539,0.8566874861717224,0.0,0.0,0.0,0.0,0.422712117433548,0.0,0.42271187901496887,0.42271187901496887,0.68115234375,0.0,1.804544448852539,1.804544448852539,1.804544448852539,1.8060245513916016,0.2476586252450943,0.15856783092021942,0.029483318328857422,1.0,0.5116214156150818,0.5537557601928711,0.4972430169582367,0.0,,,,,,,,,,,,,,,12.0,0.0,0.0,0.0,0.0,0.0,0.0,,,,,,,,,,,,,,,,,,,,,,0.001
30,10000,train,19.01150894165039,15.818412780761719,15.819771766662598,0.0,0.018517429009079933,0.018517429009079933,0.0,0.014744666405022144,9.999999747378752e-05,0.05000000074505806,0.009999999776482582,0.05000000074505806,0.0010000000474974513,0.0010000000474974513,1.0,0.0001609307073522359,0.12030532956123352,0.0,0.0,0.0,0.0,0.0,0.0,0.0,0.0,0.46823650598526,0.46823650598526,1.0,0.46823650598526,0.4682364761829376,0.4682364761829376,0.0,-0.013727179728448391,0.27470022439956665,1.0,0.0001609307073522359,1.0,0.0,0.0,0.0001609307073522359,0.0,0.0,0.12030532956123352,0.0,0.4203053414821625,0.0,0.42030543088912964,0.42030543088912964,0.6803901791572571,0.0,0.0,0.0,0.0,0.0,0.0,0.0,0.0,1.0,0.0,-0.00013295280223246664,0.37492939829826355,0.07000186294317245,0.9617844820022583,0.0,15.819771766662598,15.818412780761719,15.818412780761719,0.20933537185192108,-0.09209577739238739,-2.933706888530452e-10,0.0,0.0,4.326977729797363,4.326977729797363,1.8077774047851562,1.8077774047851562,0.8886785507202148,0.0,0.0,0.0,0.0,0.4203053414821625,0.0,0.42030540108680725,0.42030540108680725,0.6803901791572571,0.0,1.8077774047851562,1.8077774047851562,1.8077774047851562,1.8028255701065063,0.27470022439956665,0.15794411301612854,0.029645975679159164,1.0,0.5438270568847656,0.5860982537269592,0.5692790746688843,0.0,,,,,,,,,,,,,,,12.0,0.0,0.0,0.0,0.0,0.0,0.0,,,,,,,,,,,,,,,,,,,,,,0.001
30,10020,train,19.26664924621582,16.031185150146484,16.033077239990234,0.0,0.012339201755821705,0.012339201755821705,0.0,0.014807223342359066,9.999999747378752e-05,0.05000000074505806,0.009999999776482582,0.05000000074505806,0.0010000000474974513,0.0010000000474974513,1.0,0.00020826261606998742,0.12023556232452393,0.0,0.0,0.0,0.0,0.0,0.0,0.0,0.0,0.46854016184806824,0.46854016184806824,1.0,0.46854016184806824,0.46854016184806824,0.46854016184806824,0.0,-0.007706213276833296,0.2699451148509979,1.0,0.00020826261606998742,1.0,0.0,0.0,0.00020826261606998742,0.0,0.0,0.12023556232452393,0.0,0.4202355742454529,0.0,0.42023539543151855,0.42023539543151855,0.6803678870201111,0.0,0.0,0.0,0.0,0.0,0.0,0.0,0.0,1.0,0.0,-0.00018184947839472443,0.3709225356578827,0.06990445405244827,0.9613708853721619,0.0,16.033077239990234,16.031185150146484,16.031185150146484,0.23320387303829193,-0.10518675297498703,-1.768229312970604e-10,0.0,0.0,4.030206680297852,4.030206680297852,1.80867600440979,1.80867600440979,0.9458373188972473,0.0,0.0,0.0,0.0,0.4202355742454529,0.0,0.42023539543151855,0.42023539543151855,0.6803678870201111,0.0,1.80867600440979,1.80867600440979,1.80867600440979,1.8068686723709106,0.2699451148509979,0.15795685350894928,0.029813844710588455,1.0,0.5519860982894897,0.5650123357772827,0.5409609079360962,0.0,,,,,,,,,,,,,,,12.0,0.0,0.0,0.0,0.0,0.0,0.0,,,,,,,,,,,,,,,,,,,,,,0.001
30,10020,train_epoch,18.627466124688794,15.498869293464159,15.49864311275368,0.0,0.01419129831337197,0.01419129831337197,0.0,0.014589019239640342,9.999999747378752e-05,0.05000000074505806,0.009999999776482582,0.05000000074505806,0.0010000000474974513,0.0010000000474974513,1.0,0.00018616413221744023,0.11923638664319844,0.0,0.0,0.0,0.0,0.0,0.0,0.0,0.0,0.46729277850625045,0.46729277850625045,1.0,0.46729277850625045,0.46729277788165086,0.46729277788165086,0.0,-0.011505552267789572,0.26940328636747635,1.0,0.00018616413221744023,1.0,0.0,0.0,0.00018616413221744023,0.0,0.0,0.11923638664319844,0.0,0.4192363983856704,0.0,0.41923638651827855,0.41923638651827855,0.6800273624722829,0.0,0.0,0.0,0.0,0.0,0.0,0.0,0.0,1.0,0.0,2.3598767402624404e-05,0.37446379268954616,0.06963796844471715,0.960577024849589,0.0,15.49864311275368,15.498869293464159,15.498869293464159,0.21624604697355967,-0.11138145998120308,6.131806678242041e-13,0.0,0.0,4.262370901193448,4.262370905476416,1.8003587908373622,1.8003587908373622,0.9282306156115617,0.0,0.0,0.0,0.0,0.41923639856412737,0.0,0.4192363745616582,0.4192363745616582,0.6800273624722829,0.0,1.8003587397986542,1.8003587397986542,1.8003587908373622,1.800509899676203,0.26940328636747635,0.15949545519616076,0.029548622126841617,1.0,0.5715877842938829,0.5709899454238172,0.5710845585176331,0.0,,,,,,,,,,,,,,,12.0,0.0,0.0,0.0,0.0,0.0,0.0,,,,,,,,,,,,,,,,,,,,,,0.001
30,10020,val,,,,,,,,,,,,,,,,,,,,,,,,,,,,,,,,,,,,,,,,,,,,,,,,,,,,,,,,,,,,,,,,,,,,,,,,,,,,,,,,,,,,,,,,,,,,,,,,,,,,,,,,,,,,,,,,,,,,,,,,,15.269661903381348,620.0670776367188,24.9011461109066,0.10994595289230347,0.06516370922327042,14.182881355285645,22.943325373607436,0.10044211894273758,0.0605902336537838,15.206165313720703,24.872185475980242,0.10690291225910187,0.06490204483270645,17.03131675720215,27.728954135721338,0.12582528591156006,0.07256154716014862,15.269661903381348,24.9011461109066,0.10994595289230347,0.06516370922327042,0.001
30,10020,test_select,,,,,,,,,,,,,,,,,,,,,,,,,,,,,,,,,,,,,,,,,,,,,,,,,,,,,,,,,,,,,,,,,,,,,,,,,,,,,,,,,,,,,,,,,,,,,,,,,,,,,,,,,,,,,,,,,,,,,,,,,22.605430603027344,1273.0426025390625,35.67972256813473,0.14482055604457855,0.09181711077690125,18.347436904907227,28.51708472291216,0.12212968617677689,0.07447992265224457,22.24553680419922,34.73310979477111,0.1405017077922821,0.09034668654203415,29.314985275268555,45.06319618480945,0.18583545088768005,0.11918177455663681,22.605430603027344,35.67972256813473,0.14482055604457855,0.09181711077690125,0.001
31,10040,train,19.0511417388916,15.851865768432617,15.852477073669434,0.0,0.013311212882399559,0.013311212882399559,0.0,0.015062729828059673,9.999999747378752e-05,0.05000000074505806,0.009999999776482582,0.05000000074505806,0.0010000000474974513,0.0010000000474974513,1.0,0.0001385466894134879,0.11901181936264038,0.0,0.0,0.0,0.0,0.0,0.0,0.0,0.0,0.4665762782096863,0.4665762782096863,1.0,0.4665762782096863,0.46657630801200867,0.46657630801200867,0.0,-0.014460177160799503,0.279484361410141,1.0,0.0001385466894134879,1.0,0.0,0.0,0.0001385466894134879,0.0,0.0,0.11901181936264038,0.0,0.41901183128356934,0.0,0.4190117120742798,0.4190117120742798,0.6799710392951965,0.0,0.0,0.0,0.0,0.0,0.0,0.0,0.0,1.0,0.0,0.0003494792035780847,0.3698679804801941,0.0703182965517044,0.9605275988578796,0.0,15.852477073669434,15.851865768432617,15.851865768432617,0.2228131890296936,-0.07015078514814377,5.319066853637366e-10,0.0,0.0,4.289629936218262,4.289629936218262,1.8111270666122437,1.8111270666122437,0.9938924908638,0.0,0.0,0.0,0.0,0.41901183128356934,0.0,0.4190117120742798,0.4190117120742798,0.6799710392951965,0.0,1.8111270666122437,1.8111270666122437,1.8111270666122437,1.8070366382598877,0.279484361410141,0.15729156136512756,0.029498981311917305,1.0,0.6741774678230286,0.6216014623641968,0.6409006714820862,0.0,,,,,,,,,,,,,,,12.0,0.0,0.0,0.0,0.0,0.0,0.0,,,,,,,,,,,,,,,,,,,,,,0.001
31,10060,train,17.836544036865234,14.839750289916992,14.839425086975098,0.0,0.01428275741636753,0.01428275741636753,0.0,0.01510123535990715,9.999999747378752e-05,0.05000000074505806,0.009999999776482582,0.05000000074505806,0.0010000000474974513,0.0010000000474974513,1.0,0.0002728211984504014,0.11920824646949768,0.0,0.0,0.0,0.0,0.0,0.0,0.0,0.0,0.4679058790206909,0.4679058790206909,1.0,0.4679058790206909,0.4679058790206909,0.4679058790206909,0.0,-0.008682094514369965,0.2728939354419708,1.0,0.0002728211984504014,1.0,0.0,0.0,0.0002728211984504014,0.0,0.0,0.11920824646949768,0.0,0.41920825839042664,0.0,0.4192081391811371,0.4192081391811371,0.6800348162651062,0.0,0.0,0.0,0.0,0.0,0.0,0.0,0.0,1.0,0.0,-4.6218618081184104e-05,0.37002068758010864,0.07025828957557678,0.9607326984405518,0.0,14.839425086975098,14.839750289916992,14.839750289916992,0.2361346334218979,-0.13357806205749512,-9.477515439115791e-10,0.0,0.0,4.3923211097717285,4.3923211097717285,1.8154125213623047,1.8154125213623047,1.0190181732177734,0.0,0.0,0.0,0.0,0.41920825839042664,0.0,0.4192081391811371,0.4192081391811371,0.6800348162651062,0.0,1.8154125213623047,1.8154125213623047,1.8154125213623047,1.8079180717468262,0.2728939354419708,0.15690730512142181,0.02938915230333805,1.0,0.5913689136505127,0.5592890977859497,0.5678338408470154,0.0,,,,,,,,,,,,,,,12.0,0.0,0.0,0.0,0.0,0.0,0.0,,,,,,,,,,,,,,,,,,,,,,0.001
31,10080,train,18.27484703063965,15.204910278320312,15.205544471740723,0.0,0.011340370401740074,0.011340370401740074,0.0,0.015024208463728428,9.999999747378752e-05,0.05000000074505806,0.009999999776482582,0.05000000074505806,0.0010000000474974513,0.0010000000474974513,1.0,0.00019264422007836401,0.1215009093284607,0.0,0.0,0.0,0.0,0.0,0.0,0.0,0.0,0.4689278304576874,0.4689278304576874,1.0,0.4689278304576874,0.4689278304576874,0.4689278304576874,0.0,-0.008341016247868538,0.25298306345939636,1.0,0.00019264422007836401,1.0,0.0,0.0,0.00019264422007836401,0.0,0.0,0.1215009093284607,0.0,0.42150092124938965,0.0,0.4215008020401001,0.4215008020401001,0.6807716488838196,0.0,0.0,0.0,0.0,0.0,0.0,0.0,0.0,1.0,0.0,6.999131437623873e-05,0.3703584671020508,0.07008383423089981,0.9612844586372375,0.0,15.205544471740723,15.204910278320312,15.204910278320312,0.2059503048658371,-0.10031874477863312,-1.9213441948551235e-10,0.0,0.0,3.9705300331115723,3.9705300331115723,1.8163057565689087,1.8163057565689087,0.8273471593856812,0.0,0.0,0.0,0.0,0.42150092124938965,0.0,0.4215008020401001,0.4215008020401001,0.6807716488838196,0.0,1.8163057565689087,1.8163057565689087,1.8163057565689087,1.8102539777755737,0.25298306345939636,0.15671700239181519,0.029551949352025986,1.0,0.5600773692131042,0.587897002696991,0.57609623670578,0.0,,,,,,,,,,,,,,,12.0,0.0,0.0,0.0,0.0,0.0,0.0,,,,,,,,,,,,,,,,,,,,,,0.001
31,10100,train,18.164020538330078,15.112764358520508,15.111780166625977,0.0,0.012889265082776546,0.012889265082776546,0.0,0.014825346879661083,9.999999747378752e-05,0.05000000074505806,0.009999999776482582,0.05000000074505806,0.0010000000474974513,0.0010000000474974513,1.0,0.00017000966181512922,0.12216487526893616,0.0,0.0,0.0,0.0,0.0,0.0,0.0,0.0,0.4688769578933716,0.4688769578933716,1.0,0.4688769578933716,0.4688769578933716,0.4688769578933716,0.0,-0.011542067863047123,0.25488126277923584,1.0,0.00017000966181512922,1.0,0.0,0.0,0.00017000966181512922,0.0,0.0,0.12216487526893616,0.0,0.4221648871898651,0.0,0.42216476798057556,0.42216476798057556,0.6809808611869812,0.0,0.0,0.0,0.0,0.0,0.0,0.0,0.0,1.0,0.0,-0.0002432476176181808,0.37362685799598694,0.06975001096725464,0.9623790383338928,0.0,15.111780166625977,15.112764358520508,15.112764358520508,0.20588265359401703,-0.10100129246711731,7.05740396678145e-11,0.0,0.0,4.400501251220703,4.400501251220703,1.8131110668182373,1.8131110668182373,0.902830958366394,0.0,0.0,0.0,0.0,0.4221648871898651,0.0,0.42216476798057556,0.42216476798057556,0.6809808611869812,0.0,1.8131109476089478,1.8131109476089478,1.8131110668182373,1.811745047569275,0.25488126277923584,0.1569395661354065,0.029650626704096794,1.0,0.5651658177375793,0.6108750700950623,0.5754352807998657,0.0,,,,,,,,,,,,,,,12.0,0.0,0.0,0.0,0.0,0.0,0.0,,,,,,,,,,,,,,,,,,,,,,0.001
31,10120,train,17.513465881347656,14.57045841217041,14.570988655090332,0.0,0.01102412585169077,0.01102412585169077,0.0,0.014982896856963634,9.999999747378752e-05,0.05000000074505806,0.009999999776482582,0.05000000074505806,0.0010000000474974513,0.0010000000474974513,1.0,0.0001362658222205937,0.12023574113845825,0.0,0.0,0.0,0.0,0.0,0.0,0.0,0.0,0.4689439535140991,0.4689439535140991,1.0,0.4689439535140991,0.4689439833164215,0.4689439833164215,0.0,-0.012103072367608547,0.27544209361076355,1.0,0.0001362658222205937,1.0,0.0,0.0,0.0001362658222205937,0.0,0.0,0.12023574113845825,0.0,0.4202357530593872,0.0,0.42023587226867676,0.42023587226867676,0.6803682446479797,0.0,0.0,0.0,0.0,0.0,0.0,0.0,0.0,1.0,0.0,0.0004834181454498321,0.3692553639411926,0.06998027861118317,0.9617553353309631,0.0,14.570988655090332,14.57045841217041,14.57045841217041,0.19536341726779938,-0.015355749987065792,-2.131689269546655e-10,0.0,0.0,3.984809398651123,3.984809398651123,1.8099063634872437,1.8099063634872437,0.732368528842926,0.0,0.0,0.0,0.0,0.4202357530593872,0.0,0.42023587226867676,0.42023587226867676,0.6803682446479797,0.0,1.8099063634872437,1.8099063634872437,1.8099063634872437,1.8120332956314087,0.27544209361076355,0.15657317638397217,0.029571861028671265,1.0,0.5733076333999634,0.550531804561615,0.5862916707992554,0.0,,,,,,,,,,,,,,,12.0,0.0,0.0,0.0,0.0,0.0,0.0,,,,,,,,,,,,,,,,,,,,,,0.001
31,10140,train,18.57859230041504,15.45806884765625,15.45883846282959,0.0,0.010287116281688213,0.010287116281688213,0.0,0.015057208947837353,9.999999747378752e-05,0.05000000074505806,0.009999999776482582,0.05000000074505806,0.0010000000474974513,0.0010000000474974513,1.0,0.00017299939645454288,0.12034222483634949,0.0,0.0,0.0,0.0,0.0,0.0,0.0,0.0,0.468647301197052,0.468647301197052,1.0,0.468647301197052,0.468647301197052,0.468647301197052,0.0,-0.009277830831706524,0.27109819650650024,1.0,0.00017299939645454288,1.0,0.0,0.0,0.00017299939645454288,0.0,0.0,0.12034222483634949,0.0,0.42034223675727844,0.0,0.4203421473503113,0.4203421473503113,0.6804022789001465,0.0,0.0,0.0,0.0,0.0,0.0,0.0,0.0,1.0,0.0,8.298409375129268e-05,0.37107977271080017,0.07010314613580704,0.9612734913825989,0.0,15.45883846282959,15.45806884765625,15.45806884765625,0.19821037352085114,-0.06726335734128952,3.882548171851852e-10,0.0,0.0,4.233097553253174,4.233097553253174,1.8089722394943237,1.8089722394943237,0.8436237573623657,0.0,0.0,0.0,0.0,0.42034223675727844,0.0,0.4203421175479889,0.4203421175479889,0.6804022789001465,0.0,1.8089722394943237,1.8089722394943237,1.8089722394943237,1.8120383024215698,0.27109819650650024,0.15706034004688263,0.029678072780370712,1.0,0.45616358518600464,0.5133147835731506,0.5506006479263306,0.0,,,,,,,,,,,,,,,12.0,0.0,0.0,0.0,0.0,0.0,0.0,,,,,,,,,,,,,,,,,,,,,,0.001
31,10160,train,19.006824493408203,15.815166473388672,15.814390182495117,0.0,0.01155217457562685,0.01155217457562685,0.0,0.015222000889480114,9.999999747378752e-05,0.05000000074505806,0.009999999776482582,0.05000000074505806,0.0010000000474974513,0.0010000000474974513,1.0,0.00012652594887185842,0.11951270699501038,0.0,0.0,0.0,0.0,0.0,0.0,0.0,0.0,0.4680025279521942,0.4680025279521942,1.0,0.4680025279521942,0.4680025577545166,0.4680025577545166,0.0,-0.012449768371880054,0.27688881754875183,1.0,0.00012652594887185842,1.0,0.0,0.0,0.00012652594887185842,0.0,0.0,0.11951270699501038,0.0,0.41951271891593933,0.0,0.4195125699043274,0.4195125699043274,0.6801340579986572,0.0,0.0,0.0,0.0,0.0,0.0,0.0,0.0,1.0,0.0,0.00021853508951608092,0.36791589856147766,0.0703195184469223,0.9610257744789124,0.0,15.814390182495117,15.815166473388672,15.815166473388672,0.23451827466487885,-0.14337830245494843,2.475259441858668e-10,0.0,0.0,4.381651401519775,4.381651401519775,1.814267873764038,1.814267873764038,1.0262162685394287,0.0,0.0,0.0,0.0,0.41951271891593933,0.0,0.419512540102005,0.419512540102005,0.6801340579986572,0.0,1.814267873764038,1.814267873764038,1.814267873764038,1.8126057386398315,0.27688881754875183,0.15653449296951294,0.029553765431046486,1.0,0.6590467095375061,0.6435468196868896,0.6121615171432495,0.0,,,,,,,,,,,,,,,12.0,0.0,0.0,0.0,0.0,0.0,0.0,,,,,,,,,,,,,,,,,,,,,,0.001
31,10180,train,19.149999618530273,15.93436336517334,15.934334754943848,0.0,0.010576006956398487,0.010576006956398487,0.0,0.01523078978061676,9.999999747378752e-05,0.05000000074505806,0.009999999776482582,0.05000000074505806,0.0010000000474974513,0.0010000000474974513,1.0,0.000191009312402457,0.11888426542282104,0.0,0.0,0.0,0.0,0.0,0.0,0.0,0.0,0.4686662554740906,0.4686662554740906,1.0,0.4686662554740906,0.4686662554740906,0.4686662554740906,0.0,-0.011010670103132725,0.27957579493522644,1.0,0.000191009312402457,1.0,0.0,0.0,0.000191009312402457,0.0,0.0,0.11888426542282104,0.0,0.41888427734375,0.0,0.4188842475414276,0.4188842475414276,0.6799296736717224,0.0,0.0,0.0,0.0,0.0,0.0,0.0,0.0,1.0,0.0,0.0002381312515353784,0.3680518865585327,0.07015009224414825,0.9612464308738708,0.0,15.934334754943848,15.93436336517334,15.93436336517334,0.21939370036125183,-0.1264934092760086,1.6664754298734152e-10,0.0,0.0,3.8889527320861816,3.8889527320861816,1.8125673532485962,1.8125673532485962,0.8728984594345093,0.0,0.0,0.0,0.0,0.41888427734375,0.0,0.4188842475414276,0.4188842475414276,0.6799296736717224,0.0,1.8125673532485962,1.8125673532485962,1.8125673532485962,1.8132195472717285,0.27957579493522644,0.15658807754516602,0.029623938724398613,1.0,0.520900309085846,0.5569755434989929,0.5627573728561401,0.0,,,,,,,,,,,,,,,12.0,0.0,0.0,0.0,0.0,0.0,0.0,,,,,,,,,,,,,,,,,,,,,,0.001
31,10200,train,18.481355667114258,15.377314567565918,15.376224517822266,0.0,0.0107948062941432,0.0107948062941432,0.0,0.015194687992334366,9.999999747378752e-05,0.05000000074505806,0.009999999776482582,0.05000000074505806,0.0010000000474974513,0.0010000000474974513,1.0,0.000154807697981596,0.11622542142868042,0.0,0.0,0.0,0.0,0.0,0.0,0.0,0.0,0.46893948316574097,0.46893948316574097,1.0,0.46893948316574097,0.46893951296806335,0.46893951296806335,0.0,-0.014433713629841805,0.2987569272518158,1.0,0.000154807697981596,1.0,0.0,0.0,0.000154807697981596,0.0,0.0,0.11622542142868042,0.0,0.4162254333496094,0.0,0.4162253737449646,0.4162253737449646,0.6790446639060974,0.0,0.0,0.0,0.0,0.0,0.0,0.0,0.0,1.0,0.0,0.00010984602704411373,0.36950555443763733,0.06991342455148697,0.961633026599884,0.0,15.376224517822266,15.377314567565918,15.377314567565918,0.21397283673286438,-0.07121043652296066,2.2628542095670667e-10,0.0,0.0,4.016573905944824,4.016573905944824,1.8124821186065674,1.8124821186065674,0.8564816117286682,0.0,0.0,0.0,0.0,0.4162254333496094,0.0,0.4162253737449646,0.4162253737449646,0.6790446639060974,0.0,1.8124821186065674,1.8124821186065674,1.8124821186065674,1.822938323020935,0.2987569272518158,0.1563745141029358,0.029558440670371056,1.0,0.6071279048919678,0.5603795051574707,0.5824590921401978,0.0,,,,,,,,,,,,,,,12.0,0.0,0.0,0.0,0.0,0.0,0.0,,,,,,,,,,,,,,,,,,,,,,0.001
31,10220,train,17.926490783691406,14.914937973022461,14.91365909576416,0.0,0.012138884514570236,0.012138884514570236,0.0,0.015340778045356274,9.999999747378752e-05,0.05000000074505806,0.009999999776482582,0.05000000074505806,0.0010000000474974513,0.0010000000474974513,1.0,0.0001435257727280259,0.11548414826393127,0.0,0.0,0.0,0.0,0.0,0.0,0.0,0.0,0.4682618975639343,0.4682618975639343,1.0,0.4682618975639343,0.46826186776161194,0.46826186776161194,0.0,-0.009775624610483646,0.2946400046348572,1.0,0.0001435257727280259,1.0,0.0,0.0,0.0001435257727280259,0.0,0.0,0.11548414826393127,0.0,0.41548416018486023,0.0,0.4154840409755707,0.4154840409755707,0.6787928342819214,0.0,0.0,0.0,0.0,0.0,0.0,0.0,0.0,1.0,0.0,-3.64331754099112e-05,0.3687511682510376,0.07030850648880005,0.9613244533538818,0.0,14.91365909576416,14.914937973022461,14.914937973022461,0.20251770317554474,-0.08510910719633102,-2.5409145273935785e-11,0.0,0.0,4.110083103179932,4.110083103179932,1.8133519887924194,1.8133519887924194,0.8446761965751648,0.0,0.0,0.0,0.0,0.41548416018486023,0.0,0.4154840409755707,0.4154840409755707,0.6787928342819214,0.0,1.8133519887924194,1.8133519887924194,1.8133519887924194,1.8173309564590454,0.2946400046348572,0.1565069854259491,0.02943018265068531,1.0,0.5536959767341614,0.5924546718597412,0.5803143382072449,0.0,,,,,,,,,,,,,,,12.0,0.0,0.0,0.0,0.0,0.0,0.0,,,,,,,,,,,,,,,,,,,,,,0.001
31,10240,train,19.352697372436523,16.103374481201172,16.102603912353516,0.0,0.012054674327373505,0.012054674327373505,0.0,0.01541383471339941,9.999999747378752e-05,0.05000000074505806,0.009999999776482582,0.05000000074505806,0.0010000000474974513,0.0010000000474974513,1.0,0.00017541454872116446,0.11498001217842102,0.0,0.0,0.0,0.0,0.0,0.0,0.0,0.0,0.4680728316307068,0.4680728316307068,1.0,0.4680728316307068,0.4680728316307068,0.4680728316307068,0.0,-0.013587716035544872,0.29401981830596924,1.0,0.00017541454872116446,1.0,0.0,0.0,0.00017541454872116446,0.0,0.0,0.11498001217842102,0.0,0.41498002409935,0.0,0.4149801433086395,0.4149801433086395,0.6786199808120728,0.0,0.0,0.0,0.0,0.0,0.0,0.0,0.0,1.0,0.0,-0.00014865805860608816,0.3697860836982727,0.07054097950458527,0.9611532092094421,0.0,16.102603912353516,16.103374481201172,16.103374481201172,0.21938073635101318,-0.10587257146835327,-3.6771405365065846e-10,0.0,0.0,4.10593318939209,4.10593318939209,1.8177871704101562,1.8177871704101562,0.8960095047950745,0.0,0.0,0.0,0.0,0.41498002409935,0.0,0.4149801433086395,0.4149801433086395,0.6786199808120728,0.0,1.8177871704101562,1.8177871704101562,1.8177871704101562,1.813483476638794,0.29401981830596924,0.15643204748630524,0.029438693076372147,1.0,0.535091757774353,0.5641095638275146,0.5723395347595215,0.0,,,,,,,,,,,,,,,12.0,0.0,0.0,0.0,0.0,0.0,0.0,,,,,,,,,,,,,,,,,,,,,,0.001
31,10260,train,17.981077194213867,14.960012435913086,14.960343360900879,0.0,0.014919612556695938,0.014919612556695938,0.0,0.015445602126419544,9.999999747378752e-05,0.05000000074505806,0.009999999776482582,0.05000000074505806,0.0010000000474974513,0.0010000000474974513,1.0,0.000232685764785856,0.11567354202270508,0.0,0.0,0.0,0.0,0.0,0.0,0.0,0.0,0.46884647011756897,0.46884647011756897,1.0,0.46884647011756897,0.46884649991989136,0.46884649991989136,0.0,-0.008950453251600266,0.2833670377731323,1.0,0.000232685764785856,1.0,0.0,0.0,0.000232685764785856,0.0,0.0,0.11567354202270508,0.0,0.41567355394363403,0.0,0.4156736135482788,0.4156736135482788,0.6788572072982788,0.0,0.0,0.0,0.0,0.0,0.0,0.0,0.0,1.0,0.0,-0.0001555278868181631,0.3685850203037262,0.07042794674634933,0.961425244808197,0.0,14.960343360900879,14.960012435913086,14.960012435913086,0.1970892995595932,-0.0256483256816864,-4.692686794705025e-10,0.0,0.0,4.218282699584961,4.218282699584961,1.8203554153442383,1.8203554153442383,0.7847293019294739,0.0,0.0,0.0,0.0,0.41567355394363403,0.0,0.4156736135482788,0.4156736135482788,0.6788572072982788,0.0,1.8203554153442383,1.8203554153442383,1.8203554153442383,1.8185852766036987,0.2833670377731323,0.15611989796161652,0.02941887639462948,1.0,0.5188185572624207,0.5424150824546814,0.5582317113876343,0.0,,,,,,,,,,,,,,,12.0,0.0,0.0,0.0,0.0,0.0,0.0,,,,,,,,,,,,,,,,,,,,,,0.001
31,10280,train,18.203706741333008,15.145716667175293,15.14415168762207,0.0,0.016868311911821365,0.016868311911821365,0.0,0.01545215118676424,9.999999747378752e-05,0.05000000074505806,0.009999999776482582,0.05000000074505806,0.0010000000474974513,0.0010000000474974513,1.0,0.00017455547640565783,0.11760732531547546,0.0,0.0,0.0,0.0,0.0,0.0,0.0,0.0,0.46992558240890503,0.46992558240890503,1.0,0.46992558240890503,0.4699256122112274,0.4699256122112274,0.0,-0.01007457822561264,0.2687545716762543,1.0,0.00017455547640565783,1.0,0.0,0.0,0.00017455547640565783,0.0,0.0,0.11760732531547546,0.0,0.4176073372364044,0.0,0.4176073968410492,0.4176073968410492,0.6795081496238708,0.0,0.0,0.0,0.0,0.0,0.0,0.0,0.0,1.0,0.0,-0.0008446407155133784,0.36832475662231445,0.07060680538415909,0.9619863629341125,0.0,15.14415168762207,15.145716667175293,15.145716667175293,0.22788651287555695,-0.17001491785049438,-4.154893651353575e-10,0.0,0.0,4.367785930633545,4.367785930633545,1.8197704553604126,1.8197704553604126,1.0310184955596924,0.0,0.0,0.0,0.0,0.4176073372364044,0.0,0.4176073670387268,0.4176073670387268,0.6795081496238708,0.0,1.8197704553604126,1.8197704553604126,1.8197704553604126,1.815515398979187,0.2687545716762543,0.15577161312103271,0.02952215075492859,1.0,0.5563229918479919,0.5596253275871277,0.5817386507987976,0.0,,,,,,,,,,,,,,,12.0,0.0,0.0,0.0,0.0,0.0,0.0,,,,,,,,,,,,,,,,,,,,,,0.001
31,10300,train,19.813692092895508,16.487586975097656,16.485979080200195,0.0,0.012982177548110485,0.012982177548110485,0.0,0.015366182662546635,9.999999747378752e-05,0.05000000074505806,0.009999999776482582,0.05000000074505806,0.0010000000474974513,0.0010000000474974513,1.0,0.00015400300617329776,0.11938968300819397,0.0,0.0,0.0,0.0,0.0,0.0,0.0,0.0,0.46899428963661194,0.46899428963661194,1.0,0.46899428963661194,0.46899428963661194,0.46899428963661194,0.0,-0.008710655383765697,0.25979411602020264,1.0,0.00015400300617329776,1.0,0.0,0.0,0.00015400300617329776,0.0,0.0,0.11938968300819397,0.0,0.4193896949291229,0.0,0.41938960552215576,0.41938960552215576,0.6800939440727234,0.0,0.0,0.0,0.0,0.0,0.0,0.0,0.0,1.0,0.0,-0.0008272344712167978,0.36765968799591064,0.07033596187829971,0.9625046253204346,0.0,16.485979080200195,16.487586975097656,16.487586975097656,0.23564870655536652,-0.12370385974645615,-2.1912968661830234e-10,0.0,0.0,4.165417671203613,4.165417671203613,1.823146939277649,1.823146939277649,1.0120397806167603,0.0,0.0,0.0,0.0,0.4193896949291229,0.0,0.41938960552215576,0.41938960552215576,0.6800939440727234,0.0,1.823146939277649,1.823146939277649,1.823146939277649,1.812027931213379,0.25979411602020264,0.15577729046344757,0.029410455375909805,1.0,0.5409178733825684,0.5300853252410889,0.553832471370697,0.0,,,,,,,,,,,,,,,12.0,0.0,0.0,0.0,0.0,0.0,0.0,,,,,,,,,,,,,,,,,,,,,,0.001
31,10320,train,17.43100357055664,14.501578330993652,14.502315521240234,0.0,0.011908192187547684,0.011908192187547684,0.0,0.015329170972108841,9.999999747378752e-05,0.05000000074505806,0.009999999776482582,0.05000000074505806,0.0010000000474974513,0.0010000000474974513,1.0,0.0001942125236382708,0.12043678760528564,0.0,0.0,0.0,0.0,0.0,0.0,0.0,0.0,0.47073498368263245,0.47073498368263245,1.0,0.47073498368263245,0.47073501348495483,0.47073501348495483,0.0,-0.01012464053928852,0.25973331928253174,1.0,0.0001942125236382708,1.0,0.0,0.0,0.0001942125236382708,0.0,0.0,0.12043678760528564,0.0,0.4204367995262146,0.0,0.42043671011924744,0.42043671011924744,0.6804326772689819,0.0,0.0,0.0,0.0,0.0,0.0,0.0,0.0,1.0,0.0,-0.0007498878985643387,0.3678361177444458,0.0703175961971283,0.962623655796051,0.0,14.502315521240234,14.501578330993652,14.501578330993652,0.20418298244476318,-0.0905943289399147,2.4036161949680945e-10,0.0,0.0,4.307974338531494,4.307974338531494,1.8176058530807495,1.8176058530807495,0.8678407073020935,0.0,0.0,0.0,0.0,0.4204367995262146,0.0,0.42043671011924744,0.42043671011924744,0.6804326772689819,0.0,1.8176058530807495,1.8176058530807495,1.8176058530807495,1.8205111026763916,0.25973331928253174,0.15530084073543549,0.029370591044425964,1.0,0.5878678560256958,0.5342967510223389,0.5310943126678467,0.0,,,,,,,,,,,,,,,12.0,0.0,0.0,0.0,0.0,0.0,0.0,,,,,,,,,,,,,,,,,,,,,,0.001
31,10340,train,19.44498062133789,16.18061637878418,16.177265167236328,0.0,0.010847310535609722,0.010847310535609722,0.0,0.01527993381023407,9.999999747378752e-05,0.05000000074505806,0.009999999776482582,0.05000000074505806,0.0010000000474974513,0.0010000000474974513,1.0,0.00016884507203940302,0.12223529815673828,0.0,0.0,0.0,0.0,0.0,0.0,0.0,0.0,0.4707573652267456,0.4707573652267456,1.0,0.4707573652267456,0.4707573652267456,0.4707573652267456,0.0,-0.007462530862540007,0.2510594129562378,1.0,0.00016884507203940302,1.0,0.0,0.0,0.00016884507203940302,0.0,0.0,0.12223529815673828,0.0,0.42223531007766724,0.0,0.4222352206707001,0.4222352206707001,0.6810033917427063,0.0,0.0,0.0,0.0,0.0,0.0,0.0,0.0,1.0,0.0,-0.00024840858532115817,0.3696143329143524,0.0702882930636406,0.9629220366477966,0.0,16.177265167236328,16.18061637878418,16.18061637878418,0.23227326571941376,-0.12238187342882156,-5.6764318939750424e-11,0.0,0.0,4.234099864959717,4.234099864959717,1.8209295272827148,1.8209295272827148,0.9802417755126953,0.0,0.0,0.0,0.0,0.42223531007766724,0.0,0.4222352206707001,0.4222352206707001,0.6810033917427063,0.0,1.8209295272827148,1.8209294080734253,1.8209295272827148,1.818571925163269,0.2510594129562378,0.1550048142671585,0.029470913112163544,1.0,0.5409039258956909,0.5547040700912476,0.5365993976593018,0.0,,,,,,,,,,,,,,,12.0,0.0,0.0,0.0,0.0,0.0,0.0,,,,,,,,,,,,,,,,,,,,,,0.001
31,10354,train_epoch,18.552810588996568,15.436660304040966,15.436399736804162,0.0,0.012432243973351347,0.012432243973351347,0.0,0.015196484198492623,9.999999747378752e-05,0.05000000074505806,0.009999999776482582,0.05000000074505806,0.0010000000474974513,0.0010000000474974513,1.0,0.00019230748782325452,0.11899852110240274,0.0,0.0,0.0,0.0,0.0,0.0,0.0,0.0,0.46879621858368375,0.46879621858368375,1.0,0.46879621858368375,0.4687962199221114,0.4687962199221114,0.0,-0.010687480670885144,0.2731997187355321,1.0,0.00019230748782325452,1.0,0.0,0.0,0.00019230748782325452,0.0,0.0,0.11899852110240274,0.0,0.41899853275564614,0.0,0.4189985181221705,0.4189985181221705,0.6799564498984171,0.0,0.0,0.0,0.0,0.0,0.0,0.0,0.0,1.0,0.0,-4.69330881253495e-05,0.3695141851545094,0.07021637519676528,0.9616325167481771,0.0,15.436399736804162,15.436660304040966,15.436660304040966,0.2163861336376139,-0.10790577461987645,-9.542937833459609e-12,0.0,0.0,4.218374148814264,4.2183741466727795,1.8144216359018566,1.8144216359018566,0.9231568471400323,0.0,0.0,0.0,0.0,0.4189985330233317,0.0,0.41899850634400715,0.41899850634400715,0.6799564498984171,0.0,1.8144215848631489,1.8144215862908049,1.8144216359018566,1.8142228065850492,0.2731997187355321,0.15642901278006102,0.029543219803425367,1.0,0.5638061148856215,0.5647261796775692,0.5644617798977983,0.0,,,,,,,,,,,,,,,12.0,0.0,0.0,0.0,0.0,0.0,0.0,,,,,,,,,,,,,,,,,,,,,,0.001
31,10354,val,,,,,,,,,,,,,,,,,,,,,,,,,,,,,,,,,,,,,,,,,,,,,,,,,,,,,,,,,,,,,,,,,,,,,,,,,,,,,,,,,,,,,,,,,,,,,,,,,,,,,,,,,,,,,,,,,,,,,,,,,15.408819198608398,624.7003173828125,24.994005629006576,0.12285230308771133,0.06575756520032883,14.244529724121094,23.04106123705433,0.10780990123748779,0.06085359305143356,15.393935203552246,24.980896021072283,0.12795686721801758,0.06570346653461456,17.212236404418945,27.84776337167291,0.13925383985042572,0.07333233207464218,15.408819198608398,24.994005629006576,0.12285230308771133,0.06575756520032883,0.001
31,10354,test_select,,,,,,,,,,,,,,,,,,,,,,,,,,,,,,,,,,,,,,,,,,,,,,,,,,,,,,,,,,,,,,,,,,,,,,,,,,,,,,,,,,,,,,,,,,,,,,,,,,,,,,,,,,,,,,,,,,,,,,,,,22.966291427612305,1285.284912109375,35.85087045120906,0.16196011006832123,0.09328282624483109,18.61164093017578,28.75357272298414,0.13240714371204376,0.07555243372917175,22.600908279418945,34.85986699843299,0.16336870193481445,0.09178996086120605,29.350013732910156,44.66715828544363,0.20117449760437012,0.1193241998553276,22.966291427612305,35.85087045120906,0.16196011006832123,0.09328282624483109,0.001
32,10360,train,19.4586124420166,16.1917667388916,16.19012451171875,0.0,0.00920515600591898,0.00920515600591898,0.0,0.015180646441876888,9.999999747378752e-05,0.05000000074505806,0.009999999776482582,0.05000000074505806,0.0010000000474974513,0.0010000000474974513,1.0,0.0001765078050084412,0.12306997179985046,0.0,0.0,0.0,0.0,0.0,0.0,0.0,0.0,0.4705950915813446,0.4705950915813446,1.0,0.4705950915813446,0.4705950915813446,0.4705950915813446,0.0,-0.009861422702670097,0.25311028957366943,1.0,0.0001765078050084412,1.0,0.0,0.0,0.0001765078050084412,0.0,0.0,0.12306997179985046,0.0,0.4230699837207794,0.0,0.4230700731277466,0.4230700731277466,0.6812635660171509,0.0,0.0,0.0,0.0,0.0,0.0,0.0,0.0,1.0,0.0,-9.614243754185736e-05,0.3675234913825989,0.07014664262533188,0.9636151790618896,0.0,16.19012451171875,16.1917667388916,16.1917667388916,0.24545465409755707,-0.13162492215633392,-3.93322624470116e-10,0.0,0.0,4.498465538024902,4.498465538024902,1.8156375885009766,1.8156375885009766,1.1339867115020752,0.0,0.0,0.0,0.0,0.4230699837207794,0.0,0.4230700731277466,0.4230700731277466,0.6812635660171509,0.0,1.8156375885009766,1.8156375885009766,1.8156375885009766,1.819671630859375,0.25311028957366943,0.15513664484024048,0.029384922236204147,1.0,0.5900132060050964,0.553955078125,0.5874451398849487,0.0,,,,,,,,,,,,,,,12.0,0.0,0.0,0.0,0.0,0.0,0.0,,,,,,,,,,,,,,,,,,,,,,0.001
32,10380,train,17.823558807373047,14.82886028289795,14.828389167785645,0.0,0.010578610002994537,0.010578610002994537,0.0,0.015128474682569504,9.999999747378752e-05,0.05000000074505806,0.009999999776482582,0.05000000074505806,0.0010000000474974513,0.0010000000474974513,1.0,0.00017038745863828808,0.12342014908790588,0.0,0.0,0.0,0.0,0.0,0.0,0.0,0.0,0.4727701246738434,0.4727701246738434,1.0,0.4727701246738434,0.4727701246738434,0.4727701246738434,0.0,-0.009264486841857433,0.25708672404289246,1.0,0.00017038745863828808,1.0,0.0,0.0,0.00017038745863828808,0.0,0.0,0.12342014908790588,0.0,0.42342016100883484,0.0,0.4234202802181244,0.4234202802181244,0.6813718676567078,0.0,0.0,0.0,0.0,0.0,0.0,0.0,0.0,1.0,0.0,-2.3072303520166315e-05,0.3678867816925049,0.07018143683671951,0.9643401503562927,0.0,14.828389167785645,14.82886028289795,14.82886028289795,0.20361767709255219,-0.12174510955810547,3.5894107131007047e-10,0.0,0.0,4.385788917541504,4.385788917541504,1.8202314376831055,1.8202314376831055,0.8996187448501587,0.0,0.0,0.0,0.0,0.42342016100883484,0.0,0.4234202802181244,0.4234202802181244,0.6813718676567078,0.0,1.8202314376831055,1.8202314376831055,1.8202314376831055,1.8233071565628052,0.25708672404289246,0.15463776886463165,0.02940540388226509,1.0,0.5994466543197632,0.614116907119751,0.5562311410903931,0.0,,,,,,,,,,,,,,,12.0,0.0,0.0,0.0,0.0,0.0,0.0,,,,,,,,,,,,,,,,,,,,,,0.001
32,10400,train,17.4589786529541,14.524835586547852,14.525715827941895,0.0,0.011232606135308743,0.011232606135308743,0.0,0.015050140209496021,9.999999747378752e-05,0.05000000074505806,0.009999999776482582,0.05000000074505806,0.0010000000474974513,0.0010000000474974513,1.0,0.00018049520440399647,0.12147849798202515,0.0,0.0,0.0,0.0,0.0,0.0,0.0,0.0,0.4719109833240509,0.4719109833240509,1.0,0.4719109833240509,0.4719109833240509,0.4719109833240509,0.0,-0.011607623659074306,0.27737417817115784,1.0,0.00018049520440399647,1.0,0.0,0.0,0.00018049520440399647,0.0,0.0,0.12147849798202515,0.0,0.4214785099029541,0.0,0.4214785695075989,0.4214785695075989,0.6807649731636047,0.0,0.0,0.0,0.0,0.0,0.0,0.0,0.0,1.0,0.0,-3.0425442673731595e-05,0.36838483810424805,0.07008074969053268,0.9646368622779846,0.0,14.525715827941895,14.524835586547852,14.524835586547852,0.21068322658538818,-0.1276632845401764,9.698408742764286e-11,0.0,0.0,4.292298316955566,4.292298316955566,1.813020944595337,1.813020944595337,0.9153569936752319,0.0,0.0,0.0,0.0,0.4214785099029541,0.0,0.4214785397052765,0.4214785397052765,0.6807649731636047,0.0,1.813020944595337,1.813020944595337,1.813020944595337,1.8189380168914795,0.27737417817115784,0.15462613105773926,0.029340697452425957,1.0,0.5201975703239441,0.5379186272621155,0.5079196691513062,0.0,,,,,,,,,,,,,,,12.0,0.0,0.0,0.0,0.0,0.0,0.0,,,,,,,,,,,,,,,,,,,,,,0.001
32,10420,train,19.2518310546875,16.01914405822754,16.018661499023438,0.0,0.011174247600138187,0.011174247600138187,0.0,0.01512955967336893,9.999999747378752e-05,0.05000000074505806,0.009999999776482582,0.05000000074505806,0.0010000000474974513,0.0010000000474974513,1.0,0.0001796618162188679,0.1210450530052185,0.0,0.0,0.0,0.0,0.0,0.0,0.0,0.0,0.47123631834983826,0.47123631834983826,1.0,0.47123631834983826,0.47123631834983826,0.47123631834983826,0.0,-0.00837942585349083,0.2763743996620178,1.0,0.0001796618162188679,1.0,0.0,0.0,0.0001796618162188679,0.0,0.0,0.1210450530052185,0.0,0.42104506492614746,0.0,0.42104488611221313,0.42104488611221313,0.6806272268295288,0.0,0.0,0.0,0.0,0.0,0.0,0.0,0.0,1.0,0.0,-0.0005472347256727517,0.3717178404331207,0.07022575289011002,0.9643245339393616,0.0,16.018661499023438,16.01914405822754,16.01914405822754,0.2384413331747055,-0.13352665305137634,1.918072090045797e-10,0.0,0.0,4.359176158905029,4.359176158905029,1.8136259317398071,1.8136259317398071,1.0582135915756226,0.0,0.0,0.0,0.0,0.42104506492614746,0.0,0.42104485630989075,0.42104485630989075,0.6806272268295288,0.0,1.8136258125305176,1.8136258125305176,1.8136259317398071,1.8175487518310547,0.2763743996620178,0.15465466678142548,0.029376327991485596,1.0,0.6038175821304321,0.6005355715751648,0.5517720580101013,0.0,,,,,,,,,,,,,,,12.0,0.0,0.0,0.0,0.0,0.0,0.0,,,,,,,,,,,,,,,,,,,,,,0.001
32,10440,train,19.505449295043945,16.230430603027344,16.230066299438477,0.0,0.012282168492674828,0.012282168492674828,0.0,0.015210329554975033,9.999999747378752e-05,0.05000000074505806,0.009999999776482582,0.05000000074505806,0.0010000000474974513,0.0010000000474974513,1.0,0.00013547143316827714,0.11980083584785461,0.0,0.0,0.0,0.0,0.0,0.0,0.0,0.0,0.47115230560302734,0.47115230560302734,1.0,0.47115230560302734,0.47115227580070496,0.47115227580070496,0.0,-0.01103754248470068,0.2830761671066284,1.0,0.00013547143316827714,1.0,0.0,0.0,0.00013547143316827714,0.0,0.0,0.11980083584785461,0.0,0.41980084776878357,0.0,0.4198009967803955,0.4198009967803955,0.680227518081665,0.0,0.0,0.0,0.0,0.0,0.0,0.0,0.0,1.0,0.0,0.0003238606732338667,0.36941295862197876,0.07027099281549454,0.964130699634552,0.0,16.230066299438477,16.230430603027344,16.230430603027344,0.24276532232761383,-0.12782493233680725,2.629377826579571e-10,0.0,0.0,4.236301422119141,4.236301422119141,1.8196148872375488,1.8196148872375488,1.0424715280532837,0.0,0.0,0.0,0.0,0.41980084776878357,0.0,0.4198009967803955,0.4198009967803955,0.680227518081665,0.0,1.8196148872375488,1.8196148872375488,1.8196148872375488,1.820716142654419,0.2830761671066284,0.15418867766857147,0.02939555235207081,1.0,0.5603204965591431,0.5682383179664612,0.5573309659957886,0.0,,,,,,,,,,,,,,,12.0,0.0,0.0,0.0,0.0,0.0,0.0,,,,,,,,,,,,,,,,,,,,,,0.001
32,10460,train,17.088706970214844,14.216279029846191,14.217267990112305,0.0,0.011079759337008,0.011079759337008,0.0,0.015222537331283092,9.999999747378752e-05,0.05000000074505806,0.009999999776482582,0.05000000074505806,0.0010000000474974513,0.0010000000474974513,1.0,0.00019990873988717794,0.12035176157951355,0.0,0.0,0.0,0.0,0.0,0.0,0.0,0.0,0.4716581702232361,0.4716581702232361,1.0,0.4716581702232361,0.4716581702232361,0.4716581702232361,0.0,-0.007761816959828138,0.2729918360710144,1.0,0.00019990873988717794,1.0,0.0,0.0,0.00019990873988717794,0.0,0.0,0.12035176157951355,0.0,0.4203517735004425,0.0,0.42035171389579773,0.42035171389579773,0.6804052591323853,0.0,0.0,0.0,0.0,0.0,0.0,0.0,0.0,1.0,0.0,0.000672971538733691,0.367690771818161,0.07013261318206787,0.9640777707099915,0.0,14.217267990112305,14.216279029846191,14.216279029846191,0.19187021255493164,-0.07204300165176392,-2.405598775734319e-10,0.0,0.0,4.009389400482178,4.009389400482178,1.8266339302062988,1.8266339302062988,0.7616465091705322,0.0,0.0,0.0,0.0,0.4203517735004425,0.0,0.42035171389579773,0.42035171389579773,0.6804052591323853,0.0,1.8266339302062988,1.8266339302062988,1.8266339302062988,1.8258568048477173,0.2729918360710144,0.15410879254341125,0.02929454669356346,1.0,0.5431979894638062,0.5801383852958679,0.5689780712127686,0.0,,,,,,,,,,,,,,,12.0,0.0,0.0,0.0,0.0,0.0,0.0,,,,,,,,,,,,,,,,,,,,,,0.001
32,10480,train,18.79427146911621,15.637763023376465,15.637876510620117,0.0,0.009927375242114067,0.009927375242114067,0.0,0.015304666943848133,9.999999747378752e-05,0.05000000074505806,0.009999999776482582,0.05000000074505806,0.0010000000474974513,0.0010000000474974513,1.0,0.00020726521324831992,0.12221452593803406,0.0,0.0,0.0,0.0,0.0,0.0,0.0,0.0,0.4718795716762543,0.4718795716762543,1.0,0.4718795716762543,0.4718795716762543,0.4718795716762543,0.0,-0.009149957448244095,0.2583240568637848,1.0,0.00020726521324831992,1.0,0.0,0.0,0.00020726521324831992,0.0,0.0,0.12221452593803406,0.0,0.422214537858963,0.0,0.4222145974636078,0.4222145974636078,0.6809966564178467,0.0,0.0,0.0,0.0,0.0,0.0,0.0,0.0,1.0,0.0,0.00018915545661002398,0.36795487999916077,0.07029048353433609,0.9640241265296936,0.0,15.637876510620117,15.637763023376465,15.637763023376465,0.23672324419021606,-0.18101218342781067,-2.5158733429897495e-10,0.0,0.0,4.2835845947265625,4.2835845947265625,1.8262473344802856,1.8262473344802856,1.086859107017517,0.0,0.0,0.0,0.0,0.422214537858963,0.0,0.4222145974636078,0.4222145974636078,0.6809966564178467,0.0,1.8262473344802856,1.8262473344802856,1.8262473344802856,1.820766568183899,0.2583240568637848,0.1539192646741867,0.02937781997025013,1.0,0.6172237396240234,0.5767362117767334,0.5990572571754456,0.0,,,,,,,,,,,,,,,12.0,0.0,0.0,0.0,0.0,0.0,0.0,,,,,,,,,,,,,,,,,,,,,,0.001
32,10500,train,19.58738899230957,16.299039840698242,16.296981811523438,0.0,0.0119154779240489,0.0119154779240489,0.0,0.015327280387282372,9.999999747378752e-05,0.05000000074505806,0.009999999776482582,0.05000000074505806,0.0010000000474974513,0.0010000000474974513,1.0,0.00021964535699225962,0.12024208903312683,0.0,0.0,0.0,0.0,0.0,0.0,0.0,0.0,0.47062596678733826,0.47062596678733826,1.0,0.47062596678733826,0.47062596678733826,0.47062596678733826,0.0,-0.012256159447133541,0.2800798714160919,1.0,0.00021964535699225962,1.0,0.0,0.0,0.00021964535699225962,0.0,0.0,0.12024208903312683,0.0,0.4202421009540558,0.0,0.420242041349411,0.420242041349411,0.6803701519966125,0.0,0.0,0.0,0.0,0.0,0.0,0.0,0.0,1.0,0.0,0.0004090784350410104,0.3684661388397217,0.07018745690584183,0.9638615250587463,0.0,16.296981811523438,16.299039840698242,16.299039840698242,0.22979651391506195,-0.14025023579597473,-4.51506776411037e-10,0.0,0.0,4.0589752197265625,4.0589752197265625,1.8220700025558472,1.8220700025558472,0.9445908665657043,0.0,0.0,0.0,0.0,0.4202421009540558,0.0,0.420242041349411,0.420242041349411,0.6803701519966125,0.0,1.8220700025558472,1.8220700025558472,1.8220700025558472,1.8183462619781494,0.2800798714160919,0.15439918637275696,0.029401857405900955,1.0,0.5235288143157959,0.5037630200386047,0.5730035305023193,0.0,,,,,,,,,,,,,,,12.0,0.0,0.0,0.0,0.0,0.0,0.0,,,,,,,,,,,,,,,,,,,,,,0.001
32,10520,train,18.353452682495117,15.270779609680176,15.268462181091309,0.0,0.011747056618332863,0.011747056618332863,0.0,0.01552356593310833,9.999999747378752e-05,0.05000000074505806,0.009999999776482582,0.05000000074505806,0.0010000000474974513,0.0010000000474974513,1.0,0.00014960643602535129,0.11997345089912415,0.0,0.0,0.0,0.0,0.0,0.0,0.0,0.0,0.47117388248443604,0.47117388248443604,1.0,0.47117388248443604,0.47117388248443604,0.47117388248443604,0.0,-0.008960051462054253,0.2797689437866211,1.0,0.00014960643602535129,1.0,0.0,0.0,0.00014960643602535129,0.0,0.0,0.11997345089912415,0.0,0.4199734926223755,0.0,0.41997355222702026,0.41997355222702026,0.6802833080291748,0.0,0.0,0.0,0.0,0.0,0.0,0.0,0.0,1.0,0.0,8.135636016959324e-05,0.3666931986808777,0.0706690326333046,0.9632797241210938,0.0,15.268462181091309,15.270779609680176,15.270779609680176,0.21852251887321472,-0.10858845710754395,1.7140965730133573e-11,0.0,0.0,4.196015357971191,4.196015357971191,1.8227843046188354,1.8227843046188354,0.930277407169342,0.0,0.0,0.0,0.0,0.4199734628200531,0.0,0.4199735224246979,0.4199735224246979,0.6802833080291748,0.0,1.8227840662002563,1.8227843046188354,1.8227843046188354,1.8226304054260254,0.2797689437866211,0.15394243597984314,0.029279140755534172,1.0,0.6385995745658875,0.581467866897583,0.5956995487213135,0.0,,,,,,,,,,,,,,,12.0,0.0,0.0,0.0,0.0,0.0,0.0,,,,,,,,,,,,,,,,,,,,,,0.001
32,10540,train,17.82828140258789,14.832985877990723,14.832160949707031,0.0,0.011604707688093185,0.011604707688093185,0.0,0.015795940533280373,9.999999747378752e-05,0.05000000074505806,0.009999999776482582,0.05000000074505806,0.0010000000474974513,0.0010000000474974513,1.0,0.00022900376643519849,0.12002292275428772,0.0,0.0,0.0,0.0,0.0,0.0,0.0,0.0,0.46934762597084045,0.46934762597084045,1.0,0.46934762597084045,0.46934762597084045,0.46934762597084045,0.0,-0.010168788023293018,0.27733904123306274,1.0,0.00022900376643519849,1.0,0.0,0.0,0.00022900376643519849,0.0,0.0,0.12002292275428772,0.0,0.4200229048728943,0.0,0.4200228154659271,0.4200228154659271,0.6802995800971985,0.0,0.0,0.0,0.0,0.0,0.0,0.0,0.0,1.0,0.0,0.0005342095391824841,0.3634384870529175,0.0709834098815918,0.9622511267662048,0.0,14.832160949707031,14.832985877990723,14.832985877990723,0.20562326908111572,-0.0975203588604927,3.592670050345248e-10,0.0,0.0,4.126631736755371,4.126631736755371,1.8292301893234253,1.8292301893234253,0.8754780888557434,0.0,0.0,0.0,0.0,0.4200229346752167,0.0,0.42002278566360474,0.42002278566360474,0.6802995800971985,0.0,1.8292298316955566,1.8292301893234253,1.8292301893234253,1.8244370222091675,0.27733904123306274,0.15345360338687897,0.029292721301317215,1.0,0.5119916796684265,0.5231600999832153,0.5277044177055359,0.0,,,,,,,,,,,,,,,12.0,0.0,0.0,0.0,0.0,0.0,0.0,,,,,,,,,,,,,,,,,,,,,,0.001
32,10560,train,17.317562103271484,14.407188415527344,14.407785415649414,0.0,0.011241422966122627,0.011241422966122627,0.0,0.015925848856568336,9.999999747378752e-05,0.05000000074505806,0.009999999776482582,0.05000000074505806,0.0010000000474974513,0.0010000000474974513,1.0,0.00014621601440012455,0.1192893385887146,0.0,0.0,0.0,0.0,0.0,0.0,0.0,0.0,0.4688636362552643,0.4688636362552643,1.0,0.4688636362552643,0.4688636064529419,0.4688636064529419,0.0,-0.012041013687849045,0.28408899903297424,1.0,0.00014621601440012455,1.0,0.0,0.0,0.00014621601440012455,0.0,0.0,0.1192893385887146,0.0,0.41928935050964355,0.0,0.4192892014980316,0.4192892014980316,0.680061399936676,0.0,0.0,0.0,0.0,0.0,0.0,0.0,0.0,1.0,0.0,-0.0003233201277907938,0.36606988310813904,0.07130434364080429,0.9619767069816589,0.0,14.407785415649414,14.407188415527344,14.407188415527344,0.19380272924900055,-0.0806308388710022,4.05794148283789e-10,0.0,0.0,4.321932792663574,4.321933269500732,1.8295209407806396,1.8295209407806396,0.8435736298561096,0.0,0.0,0.0,0.0,0.41928935050964355,0.0,0.41928917169570923,0.41928917169570923,0.680061399936676,0.0,1.8295209407806396,1.8295209407806396,1.8295209407806396,1.830662488937378,0.28408899903297424,0.15352453291416168,0.029222363606095314,1.0,0.5352160930633545,0.5377005338668823,0.5316276550292969,0.0,,,,,,,,,,,,,,,12.0,0.0,0.0,0.0,0.0,0.0,0.0,,,,,,,,,,,,,,,,,,,,,,0.001
32,10580,train,17.914966583251953,14.90517520904541,14.904614448547363,0.0,0.01033717393875122,0.01033717393875122,0.0,0.015907520428299904,9.999999747378752e-05,0.05000000074505806,0.009999999776482582,0.05000000074505806,0.0010000000474974513,0.0010000000474974513,1.0,0.0001486144756199792,0.12028899788856506,0.0,0.0,0.0,0.0,0.0,0.0,0.0,0.0,0.4704723656177521,0.4704723656177521,1.0,0.4704723656177521,0.47047239542007446,0.47047239542007446,0.0,-0.007680345326662064,0.2734300196170807,1.0,0.0001486144756199792,1.0,0.0,0.0,0.0001486144756199792,0.0,0.0,0.12028899788856506,0.0,0.420289009809494,0.0,0.420289009809494,0.420289009809494,0.6803854703903198,0.0,0.0,0.0,0.0,0.0,0.0,0.0,0.0,1.0,0.0,-0.00028953980654478073,0.36394983530044556,0.07135660946369171,0.9624983668327332,0.0,14.904614448547363,14.90517520904541,14.90517520904541,0.22370605170726776,-0.1414736956357956,2.720917380294452e-10,0.0,0.0,4.246570110321045,4.246570110321045,1.8259127140045166,1.8259127140045166,1.0118893384933472,0.0,0.0,0.0,0.0,0.420289009809494,0.0,0.420289009809494,0.420289009809494,0.6803854703903198,0.0,1.8259127140045166,1.8259127140045166,1.8259127140045166,1.8279268741607666,0.2734300196170807,0.15362080931663513,0.029226014390587807,1.0,0.5574321746826172,0.566638708114624,0.596672534942627,0.0,,,,,,,,,,,,,,,12.0,0.0,0.0,0.0,0.0,0.0,0.0,,,,,,,,,,,,,,,,,,,,,,0.001
32,10600,train,17.62472915649414,14.663106918334961,14.663501739501953,0.0,0.01250520721077919,0.01250520721077919,0.0,0.01596604846417904,9.999999747378752e-05,0.05000000074505806,0.009999999776482582,0.05000000074505806,0.0010000000474974513,0.0010000000474974513,1.0,0.0001080811707652174,0.11909577250480652,0.0,0.0,0.0,0.0,0.0,0.0,0.0,0.0,0.46960315108299255,0.46960315108299255,1.0,0.46960315108299255,0.46960318088531494,0.46960318088531494,0.0,-0.013955806382000446,0.2874196469783783,1.0,0.0001080811707652174,1.0,0.0,0.0,0.0001080811707652174,0.0,0.0,0.11909577250480652,0.0,0.4190957844257355,0.0,0.4190956950187683,0.4190956950187683,0.6799984574317932,0.0,0.0,0.0,0.0,0.0,0.0,0.0,0.0,1.0,0.0,0.0001793488481780514,0.3637392520904541,0.07130759954452515,0.9623393416404724,0.0,14.663501739501953,14.663106918334961,14.663106918334961,0.23363876342773438,-0.09649079293012619,6.547492409358924e-11,0.0,0.0,4.012790679931641,4.012790679931641,1.8306188583374023,1.8306188583374023,0.9950894713401794,0.0,0.0,0.0,0.0,0.4190957844257355,0.0,0.4190956652164459,0.4190956652164459,0.6799984574317932,0.0,1.8306188583374023,1.8306188583374023,1.8306188583374023,1.8291099071502686,0.2874196469783783,0.15327884256839752,0.029324376955628395,1.0,0.5539934635162354,0.5735536813735962,0.5934188365936279,0.0,,,,,,,,,,,,,,,12.0,0.0,0.0,0.0,0.0,0.0,0.0,,,,,,,,,,,,,,,,,,,,,,0.001
32,10620,train,20.2596378326416,16.858692169189453,16.860342025756836,0.0,0.009588406421244144,0.009588406421244144,0.0,0.015917936339974403,9.999999747378752e-05,0.05000000074505806,0.009999999776482582,0.05000000074505806,0.0010000000474974513,0.0010000000474974513,1.0,0.00012731779133901,0.12070605158805847,0.0,0.0,0.0,0.0,0.0,0.0,0.0,0.0,0.4712817370891571,0.4712817370891571,1.0,0.4712817370891571,0.4712817370891571,0.4712817370891571,0.0,-0.006320490967482328,0.27110418677330017,1.0,0.00012731779133901,1.0,0.0,0.0,0.00012731779133901,0.0,0.0,0.12070605158805847,0.0,0.4207060635089874,0.0,0.4207060933113098,0.4207060933113098,0.6805190443992615,0.0,0.0,0.0,0.0,0.0,0.0,0.0,0.0,1.0,0.0,0.00020449415023904294,0.3631041347980499,0.0713328942656517,0.9629289507865906,0.0,16.860342025756836,16.858692169189453,16.858692169189453,0.22940467298030853,-0.09956160187721252,-4.270841666431657e-11,0.0,0.0,3.9078266620635986,3.9078266620635986,1.8322209119796753,1.8322209119796753,0.8867634534835815,0.0,0.0,0.0,0.0,0.4207060635089874,0.0,0.4207060635089874,0.4207060635089874,0.6805190443992615,0.0,1.8322209119796753,1.8322209119796753,1.8322209119796753,1.8340184688568115,0.27110418677330017,0.15271082520484924,0.02934299409389496,1.0,0.580776572227478,0.583503246307373,0.5406463146209717,0.0,,,,,,,,,,,,,,,12.0,0.0,0.0,0.0,0.0,0.0,0.0,,,,,,,,,,,,,,,,,,,,,,0.001
32,10640,train,19.495954513549805,16.222721099853516,16.221670150756836,0.0,0.010579459369182587,0.010579459369182587,0.0,0.015913037583231926,9.999999747378752e-05,0.05000000074505806,0.009999999776482582,0.05000000074505806,0.0010000000474974513,0.0010000000474974513,1.0,0.00018231036665383726,0.12288513779640198,0.0,0.0,0.0,0.0,0.0,0.0,0.0,0.0,0.47079843282699585,0.47079843282699585,1.0,0.47079843282699585,0.47079843282699585,0.47079843282699585,0.0,-0.009475353173911572,0.25714412331581116,1.0,0.00018231036665383726,1.0,0.0,0.0,0.00018231036665383726,0.0,0.0,0.12288513779640198,0.0,0.42288514971733093,0.0,0.4228852391242981,0.4228852391242981,0.6812059879302979,0.0,0.0,0.0,0.0,0.0,0.0,0.0,0.0,1.0,0.0,0.0002962401486001909,0.3621257543563843,0.0713300108909607,0.963488757610321,0.0,16.221670150756836,16.222721099853516,16.222721099853516,0.25089678168296814,-0.1423027217388153,4.1726183619417156e-10,0.0,0.0,4.208513259887695,4.208513259887695,1.8260753154754639,1.8260753154754639,1.08531653881073,0.0,0.0,0.0,0.0,0.42288514971733093,0.0,0.4228852093219757,0.4228852093219757,0.6812059879302979,0.0,1.8260751962661743,1.8260753154754639,1.8260753154754639,1.8329378366470337,0.25714412331581116,0.15271411836147308,0.029399381950497627,1.0,0.6015694737434387,0.5700759887695312,0.5693719387054443,0.0,,,,,,,,,,,,,,,12.0,0.0,0.0,0.0,0.0,0.0,0.0,,,,,,,,,,,,,,,,,,,,,,0.001
32,10660,train,18.622220993041992,15.494598388671875,15.493949890136719,0.0,0.010036764666438103,0.010036764666438103,0.0,0.015989966690540314,9.999999747378752e-05,0.05000000074505806,0.009999999776482582,0.05000000074505806,0.0010000000474974513,0.0010000000474974513,1.0,0.0001981285895453766,0.1211351752281189,0.0,0.0,0.0,0.0,0.0,0.0,0.0,0.0,0.47010838985443115,0.47010838985443115,1.0,0.47010838985443115,0.47010838985443115,0.47010838985443115,0.0,-0.010328876785933971,0.27836042642593384,1.0,0.0001981285895453766,1.0,0.0,0.0,0.0001981285895453766,0.0,0.0,0.1211351752281189,0.0,0.42113518714904785,0.0,0.421135276556015,0.421135276556015,0.680655837059021,0.0,0.0,0.0,0.0,0.0,0.0,0.0,0.0,1.0,0.0,0.00018798341625370085,0.3644579350948334,0.07150797545909882,0.963243842124939,0.0,15.493949890136719,15.494598388671875,15.494598388671875,0.22542832791805267,-0.10707340389490128,-2.6154625687446753e-10,0.0,0.0,4.020743370056152,4.020743370056152,1.8316116333007812,1.8316116333007812,0.9356058835983276,0.0,0.0,0.0,0.0,0.42113518714904785,0.0,0.4211352467536926,0.4211352467536926,0.680655837059021,0.0,1.8316116333007812,1.8316116333007812,1.8316116333007812,1.8378856182098389,0.27836042642593384,0.15231594443321228,0.029191143810749054,1.0,0.5752595067024231,0.5723418593406677,0.5755900144577026,0.0,,,,,,,,,,,,,,,12.0,0.0,0.0,0.0,0.0,0.0,0.0,,,,,,,,,,,,,,,,,,,,,,0.001
32,10680,train,18.29555320739746,15.222076416015625,15.222620964050293,0.0,0.011301131919026375,0.011301131919026375,0.0,0.01598910242319107,9.999999747378752e-05,0.05000000074505806,0.009999999776482582,0.05000000074505806,0.0010000000474974513,0.0010000000474974513,1.0,0.00021536168060265481,0.12280485033988953,0.0,0.0,0.0,0.0,0.0,0.0,0.0,0.0,0.47105613350868225,0.47105613350868225,1.0,0.47105613350868225,0.47105613350868225,0.47105613350868225,0.0,-0.007223830092698336,0.26459136605262756,1.0,0.00021536168060265481,1.0,0.0,0.0,0.00021536168060265481,0.0,0.0,0.12280485033988953,0.0,0.4228048324584961,0.0,0.42280471324920654,0.42280471324920654,0.6811811327934265,0.0,0.0,0.0,0.0,0.0,0.0,0.0,0.0,1.0,0.0,0.0005204417393542826,0.3647940158843994,0.07147648185491562,0.9635941386222839,0.0,15.222620964050293,15.222076416015625,15.222076416015625,0.20679545402526855,-0.10180142521858215,2.914468666403991e-10,0.0,0.0,4.029143810272217,4.029143810272217,1.8352134227752686,1.8352134227752686,0.8300949931144714,0.0,0.0,0.0,0.0,0.4228048622608185,0.0,0.42280471324920654,0.42280471324920654,0.6811811327934265,0.0,1.8352131843566895,1.8352131843566895,1.8352134227752686,1.8272432088851929,0.26459136605262756,0.15204013884067535,0.029310299083590508,1.0,0.5266550779342651,0.5396755933761597,0.5356354117393494,0.0,,,,,,,,,,,,,,,12.0,0.0,0.0,0.0,0.0,0.0,0.0,,,,,,,,,,,,,,,,,,,,,,0.001
32,10688,train_epoch,18.48192520484239,15.377524224583974,15.377337213047964,0.0,0.01109521193039453,0.01109521193039453,0.0,0.015563748765759125,9.999999747378752e-05,0.05000000074505806,0.009999999776482582,0.05000000074505806,0.0010000000474974513,0.0010000000474974513,1.0,0.0001854259527914371,0.12098697639867931,0.0,0.0,0.0,0.0,0.0,0.0,0.0,0.0,0.470931131325796,0.470931131325796,1.0,0.470931131325796,0.47093113186116703,0.47093113186116703,0.0,-0.009823971496292664,0.2730585929162488,1.0,0.0001854259527914371,1.0,0.0,0.0,0.0001854259527914371,0.0,0.0,0.12098697639867931,0.0,0.42098698840883675,0.0,0.42098697582761685,0.42098697582761685,0.6806053208733747,0.0,0.0,0.0,0.0,0.0,0.0,0.0,0.0,1.0,0.0,-1.0930579993235555e-05,0.3663282853936007,0.07076938381184361,0.9634271421118411,0.0,15.377337213047964,15.377524224583974,15.377524224583974,0.2184382937179354,-0.10909509629814211,1.2571718183845122e-11,0.0,0.0,4.178945993948839,4.17894600108712,1.8259262613907545,1.8259262613907545,0.928634094085522,0.0,0.0,0.0,0.0,0.4209869883196083,0.0,0.42098696520942414,0.42098696520942414,0.6806053208733747,0.0,1.825926211065875,1.8259262167764996,1.8259262613907545,1.8257693733997689,0.2730585929162488,0.15370781625994664,0.029339736913091052,1.0,0.5601530071504102,0.5603193441729346,0.560461867355301,0.0,,,,,,,,,,,,,,,12.0,0.0,0.0,0.0,0.0,0.0,0.0,,,,,,,,,,,,,,,,,,,,,,0.001
32,10688,val,,,,,,,,,,,,,,,,,,,,,,,,,,,,,,,,,,,,,,,,,,,,,,,,,,,,,,,,,,,,,,,,,,,,,,,,,,,,,,,,,,,,,,,,,,,,,,,,,,,,,,,,,,,,,,,,,,,,,,,,,15.65457820892334,636.4264526367188,25.227493982492966,0.11950543522834778,0.0668063536286354,14.465336799621582,23.243285163155857,0.10234384983778,0.061796896159648895,15.61910343170166,25.278069030797848,0.11189854890108109,0.06666451692581177,17.652198791503906,28.113136603855345,0.15075568854808807,0.07520679384469986,15.65457820892334,25.227493982492966,0.11950543522834778,0.0668063536286354,0.001
32,10688,test_select,,,,,,,,,,,,,,,,,,,,,,,,,,,,,,,,,,,,,,,,,,,,,,,,,,,,,,,,,,,,,,,,,,,,,,,,,,,,,,,,,,,,,,,,,,,,,,,,,,,,,,,,,,,,,,,,,,,,,,,,,22.834739685058594,1261.4329833984375,35.516657829790766,0.15594227612018585,0.0927484929561615,18.518535614013672,28.432913005743668,0.12559357285499573,0.0751744881272316,22.502561569213867,34.62371493271898,0.14724372327327728,0.09139054268598557,29.49028968811035,44.613650462803285,0.20627117156982422,0.11989449709653854,22.834739685058594,35.516657829790766,0.15594227612018585,0.0927484929561615,0.001
33,10700,train,21.080163955688477,17.542224884033203,17.543672561645508,0.0,0.014185529202222824,0.014185529202222824,0.0,0.015978166833519936,9.999999747378752e-05,0.05000000074505806,0.009999999776482582,0.05000000074505806,0.0010000000474974513,0.0010000000474974513,1.0,0.0002188354847021401,0.12383291125297546,0.0,0.0,0.0,0.0,0.0,0.0,0.0,0.0,0.4728168547153473,0.4728168547153473,1.0,0.4728168547153473,0.4728168547153473,0.4728168547153473,0.0,-0.009394307620823383,0.2608007788658142,1.0,0.0002188354847021401,1.0,0.0,0.0,0.0002188354847021401,0.0,0.0,0.12383291125297546,0.0,0.4238329231739044,0.0,0.4238330125808716,0.4238330125808716,0.6814993023872375,0.0,0.0,0.0,0.0,0.0,0.0,0.0,0.0,1.0,0.0,0.0003077391884289682,0.3634665310382843,0.07152053713798523,0.9641607403755188,0.0,17.543672561645508,17.542224884033203,17.542224884033203,0.2691757082939148,-0.11751231551170349,-7.126548240421471e-10,0.0,0.0,3.7845959663391113,3.7845959663391113,1.8333078622817993,1.8333078622817993,1.0618499517440796,0.0,0.0,0.0,0.0,0.4238329231739044,0.0,0.4238330125808716,0.4238330125808716,0.6814993023872375,0.0,1.8333078622817993,1.8333078622817993,1.8333078622817993,1.8367080688476562,0.2608007788658142,0.15147270262241364,0.029386714100837708,1.0,0.5938118696212769,0.5863728523254395,0.6019588708877563,0.0,,,,,,,,,,,,,,,12.0,0.0,0.0,0.0,0.0,0.0,0.0,,,,,,,,,,,,,,,,,,,,,,0.001
33,10720,train,18.214445114135742,15.154460906982422,15.154147148132324,0.0,0.012196136638522148,0.012196136638522148,0.0,0.015933562070131302,9.999999747378752e-05,0.05000000074505806,0.009999999776482582,0.05000000074505806,0.0010000000474974513,0.0010000000474974513,1.0,0.00019930137204937637,0.1256413757801056,0.0,0.0,0.0,0.0,0.0,0.0,0.0,0.0,0.47359368205070496,0.47359368205070496,1.0,0.47359368205070496,0.47359368205070496,0.47359368205070496,0.0,-0.006886755581945181,0.25049588084220886,1.0,0.00019930137204937637,1.0,0.0,0.0,0.00019930137204937637,0.0,0.0,0.1256413757801056,0.0,0.42564138770103455,0.0,0.4256414771080017,0.4256414771080017,0.6820475459098816,0.0,0.0,0.0,0.0,0.0,0.0,0.0,0.0,1.0,0.0,-0.0016968934796750546,0.3635697066783905,0.0716463178396225,0.9648904800415039,0.0,15.154147148132324,15.154460906982422,15.154460906982422,0.22607412934303284,-0.11479098349809647,-4.696174005225373e-10,0.0,0.0,4.145566940307617,4.145566940307617,1.832213282585144,1.832213282585144,0.9531400799751282,0.0,0.0,0.0,0.0,0.42564138770103455,0.0,0.4256414473056793,0.4256414473056793,0.6820475459098816,0.0,1.832213282585144,1.832213282585144,1.832213282585144,1.8353995084762573,0.25049588084220886,0.15156149864196777,0.02950000762939453,1.0,0.5470281839370728,0.5633376836776733,0.5806891322135925,0.0,,,,,,,,,,,,,,,12.0,0.0,0.0,0.0,0.0,0.0,0.0,,,,,,,,,,,,,,,,,,,,,,0.001
33,10740,train,19.37826919555664,16.123733520507812,16.12673568725586,0.0,0.012257619760930538,0.012257619760930538,0.0,0.015997884795069695,9.999999747378752e-05,0.05000000074505806,0.009999999776482582,0.05000000074505806,0.0010000000474974513,0.0010000000474974513,1.0,0.00024232789292000234,0.12543246150016785,0.0,0.0,0.0,0.0,0.0,0.0,0.0,0.0,0.47413116693496704,0.47413116693496704,1.0,0.47413116693496704,0.47413116693496704,0.47413116693496704,0.0,-0.010181193239986897,0.26082196831703186,1.0,0.00024232789292000234,1.0,0.0,0.0,0.00024232789292000234,0.0,0.0,0.12543246150016785,0.0,0.4254325032234192,0.0,0.42543265223503113,0.42543265223503113,0.6819851994514465,0.0,0.0,0.0,0.0,0.0,0.0,0.0,0.0,1.0,0.0,0.00014651221863459796,0.3626914620399475,0.07180985063314438,0.9654926657676697,0.0,16.12673568725586,16.123733520507812,16.123733520507812,0.2364998757839203,-0.1269504278898239,1.7604239246904463e-11,0.0,0.0,4.375400543212891,4.375400543212891,1.8378255367279053,1.8378255367279053,1.0677125453948975,0.0,0.0,0.0,0.0,0.4254324734210968,0.0,0.42543265223503113,0.42543265223503113,0.6819851994514465,0.0,1.8378255367279053,1.8378255367279053,1.8378255367279053,1.8421096801757812,0.26082196831703186,0.15096671879291534,0.029424848034977913,1.0,0.6191344261169434,0.6181144118309021,0.5793520212173462,0.0,,,,,,,,,,,,,,,12.0,0.0,0.0,0.0,0.0,0.0,0.0,,,,,,,,,,,,,,,,,,,,,,0.001
33,10760,train,18.963546752929688,15.778517723083496,15.779203414916992,0.0,0.01315591111779213,0.01315591111779213,0.0,0.016030794009566307,9.999999747378752e-05,0.05000000074505806,0.009999999776482582,0.05000000074505806,0.0010000000474974513,0.0010000000474974513,1.0,0.00019214196072425693,0.12458351254463196,0.0,0.0,0.0,0.0,0.0,0.0,0.0,0.0,0.4733968675136566,0.4733968675136566,1.0,0.4733968675136566,0.47339683771133423,0.47339683771133423,0.0,-0.008984526619315147,0.27169573307037354,1.0,0.00019214196072425693,1.0,0.0,0.0,0.00019214196072425693,0.0,0.0,0.12458351254463196,0.0,0.4245835244655609,0.0,0.42458364367485046,0.42458364367485046,0.6817283630371094,0.0,0.0,0.0,0.0,0.0,0.0,0.0,0.0,1.0,0.0,8.596399129601195e-05,0.36136361956596375,0.07182568311691284,0.965820848941803,0.0,15.779203414916992,15.778517723083496,15.778517723083496,0.21600250899791718,-0.10118168592453003,2.905269358421947e-10,0.0,0.0,4.079554557800293,4.079554557800293,1.8407251834869385,1.8407251834869385,0.8833825588226318,0.0,0.0,0.0,0.0,0.4245835244655609,0.0,0.42458364367485046,0.42458364367485046,0.6817283630371094,0.0,1.8407251834869385,1.840725064277649,1.8407251834869385,1.8426786661148071,0.27169573307037354,0.15079352259635925,0.02957453764975071,1.0,0.484614759683609,0.5154262781143188,0.4756048619747162,0.0,,,,,,,,,,,,,,,12.0,0.0,0.0,0.0,0.0,0.0,0.0,,,,,,,,,,,,,,,,,,,,,,0.001
33,10780,train,17.60756492614746,14.647669792175293,14.653613090515137,0.0,0.011244935914874077,0.011244935914874077,0.0,0.016020139679312706,9.999999747378752e-05,0.05000000074505806,0.009999999776482582,0.05000000074505806,0.0010000000474974513,0.0010000000474974513,1.0,0.00017301275511272252,0.12496307492256165,0.0,0.0,0.0,0.0,0.0,0.0,0.0,0.0,0.4746876060962677,0.4746876060962677,1.0,0.4746876060962677,0.4746876060962677,0.4746876060962677,0.0,-0.006440466735512018,0.2669261395931244,1.0,0.00017301275511272252,1.0,0.0,0.0,0.00017301275511272252,0.0,0.0,0.12496307492256165,0.0,0.424963116645813,0.0,0.42496317625045776,0.42496317625045776,0.6818434000015259,0.0,0.0,0.0,0.0,0.0,0.0,0.0,0.0,1.0,0.0,-0.0001922927185660228,0.3613453507423401,0.07172077149152756,0.9660559892654419,0.0,14.653613090515137,14.647669792175293,14.647669792175293,0.20383292436599731,-0.06847532093524933,-1.2925933934315736e-10,0.0,0.0,4.1710638999938965,4.1710638999938965,1.835717797279358,1.835717797279358,0.8657774925231934,0.0,0.0,0.0,0.0,0.4249630868434906,0.0,0.42496317625045776,0.42496317625045776,0.6818434000015259,0.0,1.835717797279358,1.835717797279358,1.835717797279358,1.8475823402404785,0.2669261395931244,0.15082134306430817,0.02936726249754429,1.0,0.5618036985397339,0.5743322372436523,0.5550788640975952,0.0,,,,,,,,,,,,,,,12.0,0.0,0.0,0.0,0.0,0.0,0.0,,,,,,,,,,,,,,,,,,,,,,0.001
33,10800,train,18.698078155517578,15.557560920715332,15.557182312011719,0.0,0.009033082984387875,0.009033082984387875,0.0,0.015775393694639206,9.999999747378752e-05,0.05000000074505806,0.009999999776482582,0.05000000074505806,0.0010000000474974513,0.0010000000474974513,1.0,0.00014248928346205503,0.1269914209842682,0.0,0.0,0.0,0.0,0.0,0.0,0.0,0.0,0.4750153422355652,0.4750153422355652,1.0,0.4750153422355652,0.4750153422355652,0.4750153422355652,0.0,-0.0074025606736540794,0.2515057325363159,1.0,0.00014248928346205503,1.0,0.0,0.0,0.00014248928346205503,0.0,0.0,0.1269914209842682,0.0,0.42699140310287476,0.0,0.4269913136959076,0.4269913136959076,0.6824487447738647,0.0,0.0,0.0,0.0,0.0,0.0,0.0,0.0,1.0,0.0,-0.00022214537602849305,0.36377963423728943,0.07113564014434814,0.9668903946876526,0.0,15.557182312011719,15.557560920715332,15.557560920715332,0.2002307027578354,-0.05918452516198158,9.587514115949602e-11,0.0,0.0,4.045119285583496,4.045119285583496,1.83099365234375,1.83099365234375,0.8126380443572998,0.0,0.0,0.0,0.0,0.42699143290519714,0.0,0.4269913136959076,0.4269913136959076,0.6824487447738647,0.0,1.83099365234375,1.83099365234375,1.83099365234375,1.8416260480880737,0.2515057325363159,0.15033285319805145,0.029304131865501404,1.0,0.5223982334136963,0.541580855846405,0.5896021723747253,0.0,,,,,,,,,,,,,,,12.0,0.0,0.0,0.0,0.0,0.0,0.0,,,,,,,,,,,,,,,,,,,,,,0.001
33,10820,train,17.64214324951172,14.677706718444824,14.676018714904785,0.0,0.012003274634480476,0.012003274634480476,0.0,0.01579008437693119,9.999999747378752e-05,0.05000000074505806,0.009999999776482582,0.05000000074505806,0.0010000000474974513,0.0010000000474974513,1.0,0.00018533229012973607,0.12665867805480957,0.0,0.0,0.0,0.0,0.0,0.0,0.0,0.0,0.47505563497543335,0.47505563497543335,1.0,0.47505563497543335,0.47505563497543335,0.47505563497543335,0.0,-0.009862367063760757,0.260650634765625,1.0,0.00018533229012973607,1.0,0.0,0.0,0.00018533229012973607,0.0,0.0,0.12665867805480957,0.0,0.4266586899757385,0.0,0.4266587197780609,0.4266587197780609,0.682350218296051,0.0,0.0,0.0,0.0,0.0,0.0,0.0,0.0,1.0,0.0,-1.2451328984752763e-05,0.3631637990474701,0.07106736302375793,0.9666576981544495,0.0,14.676018714904785,14.677706718444824,14.677706718444824,0.2243473082780838,-0.12180762737989426,-6.571999888738134e-11,0.0,0.0,4.373806953430176,4.373806953430176,1.8393070697784424,1.8393070697784424,0.9949654936790466,0.0,0.0,0.0,0.0,0.4266586899757385,0.0,0.4266586899757385,0.4266586899757385,0.682350218296051,0.0,1.8393068313598633,1.8393070697784424,1.8393070697784424,1.8375022411346436,0.260650634765625,0.15023337304592133,0.02929334156215191,1.0,0.564190149307251,0.570777416229248,0.4852122664451599,0.0,,,,,,,,,,,,,,,12.0,0.0,0.0,0.0,0.0,0.0,0.0,,,,,,,,,,,,,,,,,,,,,,0.001
33,10840,train,18.980161666870117,15.7921142578125,15.792502403259277,0.0,0.019452016800642014,0.019452016800642014,0.0,0.015903376042842865,9.999999747378752e-05,0.05000000074505806,0.009999999776482582,0.05000000074505806,0.0010000000474974513,0.0010000000474974513,1.0,0.00014831501175649464,0.12385770678520203,0.0,0.0,0.0,0.0,0.0,0.0,0.0,0.0,0.4741189479827881,0.4741189479827881,1.0,0.4741189479827881,0.4741189777851105,0.4741189777851105,0.0,-0.010304710827767849,0.28467947244644165,1.0,0.00014831501175649464,1.0,0.0,0.0,0.00014831501175649464,0.0,0.0,0.12385770678520203,0.0,0.423857718706131,0.0,0.4238576889038086,0.4238576889038086,0.6815069913864136,0.0,0.0,0.0,0.0,0.0,0.0,0.0,0.0,1.0,0.0,0.00023502393742091954,0.36470746994018555,0.07131697982549667,0.9656277894973755,0.0,15.792502403259277,15.7921142578125,15.7921142578125,0.231377512216568,-0.06792435795068741,-5.506493039320048e-10,0.0,0.0,4.217156887054443,4.217156887054443,1.8399111032485962,1.8399111032485962,0.9899620413780212,0.0,0.0,0.0,0.0,0.423857718706131,0.0,0.4238576889038086,0.4238576889038086,0.6815069913864136,0.0,1.8399111032485962,1.8399111032485962,1.8399111032485962,1.8359774351119995,0.28467947244644165,0.15090923011302948,0.029227240011096,1.0,0.5535725355148315,0.5803813934326172,0.536579430103302,0.0,,,,,,,,,,,,,,,12.0,0.0,0.0,0.0,0.0,0.0,0.0,,,,,,,,,,,,,,,,,,,,,,0.001
33,10860,train,18.862201690673828,15.694332122802734,15.69437026977539,0.0,0.01067511085420847,0.01067511085420847,0.0,0.01615012064576149,9.999999747378752e-05,0.05000000074505806,0.009999999776482582,0.05000000074505806,0.0010000000474974513,0.0010000000474974513,1.0,0.00021069985814392567,0.12260529398918152,0.0,0.0,0.0,0.0,0.0,0.0,0.0,0.0,0.472293883562088,0.472293883562088,1.0,0.472293883562088,0.472293883562088,0.472293883562088,0.0,-0.009347809478640556,0.2881011366844177,1.0,0.00021069985814392567,1.0,0.0,0.0,0.00021069985814392567,0.0,0.0,0.12260529398918152,0.0,0.4226052761077881,0.0,0.42260512709617615,0.42260512709617615,0.6811187267303467,0.0,0.0,0.0,0.0,0.0,0.0,0.0,0.0,1.0,0.0,0.00024702047812752426,0.3620961308479309,0.07151215523481369,0.9643515944480896,0.0,15.69437026977539,15.694332122802734,15.694332122802734,0.22994031012058258,-0.15551598370075226,-2.0863950844773882e-10,0.0,0.0,3.90911865234375,3.90911865234375,1.838067650794983,1.838067650794983,0.9379597306251526,0.0,0.0,0.0,0.0,0.4226053059101105,0.0,0.42260509729385376,0.42260509729385376,0.6811187267303467,0.0,1.8380675315856934,1.838067650794983,1.838067650794983,1.8371233940124512,0.2881011366844177,0.15072400867938995,0.029305357486009598,1.0,0.4442073106765747,0.4661010205745697,0.4510825574398041,0.0,,,,,,,,,,,,,,,12.0,0.0,0.0,0.0,0.0,0.0,0.0,,,,,,,,,,,,,,,,,,,,,,0.001
33,10880,train,18.447593688964844,15.348244667053223,15.349165916442871,0.0,0.02189238741993904,0.02189238741993904,0.0,0.01614491455256939,9.999999747378752e-05,0.05000000074505806,0.009999999776482582,0.05000000074505806,0.0010000000474974513,0.0010000000474974513,1.0,8.910970063880086e-05,0.1201813817024231,0.0,0.0,0.0,0.0,0.0,0.0,0.0,0.0,0.4716522991657257,0.4716522991657257,1.0,0.4716522991657257,0.4716522991657257,0.4716522991657257,0.0,-0.012102494016289711,0.3016780614852905,1.0,8.910970063880086e-05,1.0,0.0,0.0,8.910970063880086e-05,0.0,0.0,0.1201813817024231,0.0,0.42018139362335205,0.0,0.4201815128326416,0.4201815128326416,0.680350661277771,0.0,0.0,0.0,0.0,0.0,0.0,0.0,0.0,1.0,0.0,0.0025874441489577293,0.36244845390319824,0.07140585780143738,0.9643539786338806,0.0,15.349165916442871,15.348244667053223,15.348244667053223,0.22016750276088715,-0.10945437103509903,1.2137120475319563e-10,0.0,0.0,4.042457580566406,4.042457580566406,1.8387017250061035,1.8387017250061035,0.8921777606010437,0.0,0.0,0.0,0.0,0.42018139362335205,0.0,0.4201815128326416,0.4201815128326416,0.680350661277771,0.0,1.8387017250061035,1.8387017250061035,1.8387017250061035,1.8394486904144287,0.3016780614852905,0.15043677389621735,0.029253775253891945,1.0,0.5437102317810059,0.5489025712013245,0.5342749953269958,0.0,,,,,,,,,,,,,,,12.0,0.0,0.0,0.0,0.0,0.0,0.0,,,,,,,,,,,,,,,,,,,,,,0.001
33,10900,train,18.63581085205078,15.505430221557617,15.506196975708008,0.0,0.015736063942313194,0.015736063942313194,0.0,0.01640937849879265,9.999999747378752e-05,0.05000000074505806,0.009999999776482582,0.05000000074505806,0.0010000000474974513,0.0010000000474974513,1.0,0.00014580943388864398,0.11796709895133972,0.0,0.0,0.0,0.0,0.0,0.0,0.0,0.0,0.47055888175964355,0.47055888175964355,1.0,0.47055888175964355,0.47055888175964355,0.47055888175964355,0.0,-0.0110023720189929,0.30933380126953125,1.0,0.00014580943388864398,1.0,0.0,0.0,0.00014580943388864398,0.0,0.0,0.11796709895133972,0.0,0.4179671108722687,0.0,0.41796717047691345,0.41796717047691345,0.6796271800994873,0.0,0.0,0.0,0.0,0.0,0.0,0.0,0.0,1.0,0.0,0.0002258794120280072,0.36162930727005005,0.0716443732380867,0.9626502394676208,0.0,15.506196975708008,15.505430221557617,15.505430221557617,0.20475254952907562,-0.06476282328367233,6.456261913978523e-11,0.0,0.0,4.1049485206604,4.1049485206604,1.8337500095367432,1.8337500095367432,0.8166196346282959,0.0,0.0,0.0,0.0,0.4179671108722687,0.0,0.41796714067459106,0.41796714067459106,0.6796271800994873,0.0,1.8337500095367432,1.8337500095367432,1.8337500095367432,1.8352760076522827,0.30933380126953125,0.1508421152830124,0.029143432155251503,1.0,0.5140619874000549,0.5245382785797119,0.544365406036377,0.0,,,,,,,,,,,,,,,12.0,0.0,0.0,0.0,0.0,0.0,0.0,,,,,,,,,,,,,,,,,,,,,,0.001
33,10920,train,18.278696060180664,15.208111763000488,15.208197593688965,0.0,0.012725849635899067,0.012725849635899067,0.0,0.01653345488011837,9.999999747378752e-05,0.05000000074505806,0.009999999776482582,0.05000000074505806,0.0010000000474974513,0.0010000000474974513,1.0,0.0002537736436352134,0.11896511912345886,0.0,0.0,0.0,0.0,0.0,0.0,0.0,0.0,0.4697742760181427,0.4697742760181427,1.0,0.4697742760181427,0.4697742462158203,0.4697742462158203,0.0,-0.007773939520120621,0.29020681977272034,1.0,0.0002537736436352134,1.0,0.0,0.0,0.0002537736436352134,0.0,0.0,0.11896511912345886,0.0,0.4189651310443878,0.0,0.41896504163742065,0.41896504163742065,0.6799558401107788,0.0,0.0,0.0,0.0,0.0,0.0,0.0,0.0,1.0,0.0,0.0003801054845098406,0.360900342464447,0.07171083241701126,0.9618261456489563,0.0,15.208197593688965,15.208111763000488,15.208111763000488,0.21226619184017181,-0.10243014246225357,-2.3619883826597743e-10,0.0,0.0,4.3235602378845215,4.3235602378845215,1.8358768224716187,1.8358768224716187,0.9189926385879517,0.0,0.0,0.0,0.0,0.4189651310443878,0.0,0.41896504163742065,0.41896504163742065,0.6799558401107788,0.0,1.8358768224716187,1.8358768224716187,1.8358768224716187,1.8374160528182983,0.29020681977272034,0.15131990611553192,0.02926512435078621,1.0,0.5998393893241882,0.6122908592224121,0.5583908557891846,0.0,,,,,,,,,,,,,,,12.0,0.0,0.0,0.0,0.0,0.0,0.0,,,,,,,,,,,,,,,,,,,,,,0.001
33,10940,train,19.18927574157715,15.96683406829834,15.967490196228027,0.0,0.012065214104950428,0.012065214104950428,0.0,0.016472050920128822,9.999999747378752e-05,0.05000000074505806,0.009999999776482582,0.05000000074505806,0.0010000000474974513,0.0010000000474974513,1.0,0.00014371862926054746,0.12061646580696106,0.0,0.0,0.0,0.0,0.0,0.0,0.0,0.0,0.4703003466129303,0.4703003466129303,1.0,0.4703003466129303,0.4703003466129303,0.4703003466129303,0.0,-0.010718864388763905,0.27571287751197815,1.0,0.00014371862926054746,1.0,0.0,0.0,0.00014371862926054746,0.0,0.0,0.12061646580696106,0.0,0.42061647772789,0.0,0.42061662673950195,0.42061662673950195,0.6804904341697693,0.0,0.0,0.0,0.0,0.0,0.0,0.0,0.0,1.0,0.0,-6.415385723812506e-05,0.3608843684196472,0.07170236855745316,0.962628960609436,0.0,15.967490196228027,15.96683406829834,15.96683406829834,0.22915613651275635,-0.11620548367500305,-7.627731085646516e-11,0.0,0.0,4.200436592102051,4.200436592102051,1.8405083417892456,1.8405083417892456,0.9841625690460205,0.0,0.0,0.0,0.0,0.42061647772789,0.0,0.42061662673950195,0.42061662673950195,0.6804904341697693,0.0,1.8405083417892456,1.840508222579956,1.8405083417892456,1.8343868255615234,0.27571287751197815,0.15120497345924377,0.02915751375257969,1.0,0.5845907926559448,0.6188286542892456,0.5877148509025574,0.0,,,,,,,,,,,,,,,12.0,0.0,0.0,0.0,0.0,0.0,0.0,,,,,,,,,,,,,,,,,,,,,,0.001
33,10960,train,18.924531936645508,15.746283531188965,15.746006965637207,0.0,0.014046574011445045,0.014046574011445045,0.0,0.016443779692053795,9.999999747378752e-05,0.05000000074505806,0.009999999776482582,0.05000000074505806,0.0010000000474974513,0.0010000000474974513,1.0,0.0001663068833295256,0.11885210871696472,0.0,0.0,0.0,0.0,0.0,0.0,0.0,0.0,0.4704262316226959,0.4704262316226959,1.0,0.4704262316226959,0.4704262316226959,0.4704262316226959,0.0,-0.012129346840083599,0.293552964925766,1.0,0.0001663068833295256,1.0,0.0,0.0,0.0001663068833295256,0.0,0.0,0.11885210871696472,0.0,0.4188521206378937,0.0,0.41885218024253845,0.41885218024253845,0.6799188852310181,0.0,0.0,0.0,0.0,0.0,0.0,0.0,0.0,1.0,0.0,0.00047546662972308695,0.36052462458610535,0.07170993834733963,0.9629459977149963,0.0,15.746006965637207,15.746283531188965,15.746283531188965,0.23926235735416412,-0.14519678056240082,-1.512052150154375e-10,0.0,0.0,4.044229030609131,4.044228553771973,1.8377434015274048,1.8377434015274048,0.9862091541290283,0.0,0.0,0.0,0.0,0.4188521206378937,0.0,0.41885218024253845,0.41885218024253845,0.6799188852310181,0.0,1.8377434015274048,1.8377434015274048,1.8377434015274048,1.8415495157241821,0.293552964925766,0.1508329063653946,0.02929743379354477,1.0,0.5674751996994019,0.5828538537025452,0.5914276838302612,0.0,,,,,,,,,,,,,,,12.0,0.0,0.0,0.0,0.0,0.0,0.0,,,,,,,,,,,,,,,,,,,,,,0.001
33,10980,train,17.464139938354492,14.52955436706543,14.52767562866211,0.0,0.014639385975897312,0.014639385975897312,0.0,0.016510937362909317,9.999999747378752e-05,0.05000000074505806,0.009999999776482582,0.05000000074505806,0.0010000000474974513,0.0010000000474974513,1.0,0.0002088334149448201,0.11667653918266296,0.0,0.0,0.0,0.0,0.0,0.0,0.0,0.0,0.4700133800506592,0.4700133800506592,1.0,0.4700133800506592,0.4700133800506592,0.4700133800506592,0.0,-0.011288505047559738,0.30787181854248047,1.0,0.0002088334149448201,1.0,0.0,0.0,0.0002088334149448201,0.0,0.0,0.11667653918266296,0.0,0.4166765511035919,0.0,0.4166766107082367,0.4166766107082367,0.6791967749595642,0.0,0.0,0.0,0.0,0.0,0.0,0.0,0.0,1.0,0.0,-0.00024754265905357897,0.36062514781951904,0.07169120758771896,0.962189257144928,0.0,14.52767562866211,14.52955436706543,14.52955436706543,0.1980850249528885,-0.09434431046247482,-1.69197184041181e-10,0.0,0.0,4.170609951019287,4.170609951019287,1.8362274169921875,1.8362274169921875,0.8217973113059998,0.0,0.0,0.0,0.0,0.4166765511035919,0.0,0.4166765809059143,0.4166765809059143,0.6791967749595642,0.0,1.836227297782898,1.8362274169921875,1.8362274169921875,1.8390861749649048,0.30787181854248047,0.15121743083000183,0.02916582114994526,1.0,0.5118870139122009,0.5130819082260132,0.5380882620811462,0.0,,,,,,,,,,,,,,,12.0,0.0,0.0,0.0,0.0,0.0,0.0,,,,,,,,,,,,,,,,,,,,,,0.001
33,11000,train,18.31067657470703,15.235122680664062,15.233116149902344,0.0,0.013158668763935566,0.013158668763935566,0.0,0.01654219999909401,9.999999747378752e-05,0.05000000074505806,0.009999999776482582,0.05000000074505806,0.0010000000474974513,0.0010000000474974513,1.0,0.000291272415779531,0.11655256152153015,0.0,0.0,0.0,0.0,0.0,0.0,0.0,0.0,0.4692375957965851,0.4692375957965851,1.0,0.4692375957965851,0.4692375659942627,0.4692375659942627,0.0,-0.009747207164764404,0.30152428150177,1.0,0.000291272415779531,1.0,0.0,0.0,0.000291272415779531,0.0,0.0,0.11655256152153015,0.0,0.4165525734424591,0.0,0.4165526330471039,0.4165526330471039,0.6791552305221558,0.0,0.0,0.0,0.0,0.0,0.0,0.0,0.0,1.0,0.0,-0.0004643310094252229,0.36183956265449524,0.07156582921743393,0.9621726870536804,0.0,15.233116149902344,15.235122680664062,15.235122680664062,0.2279691845178604,-0.11835579574108124,-8.32405755435417e-10,0.0,0.0,3.949148416519165,3.949148416519165,1.8352406024932861,1.8352406024932861,0.9168710112571716,0.0,0.0,0.0,0.0,0.4165525734424591,0.0,0.4165526032447815,0.4165526032447815,0.6791552305221558,0.0,1.8352406024932861,1.8352406024932861,1.8352406024932861,1.8383376598358154,0.30152428150177,0.15126922726631165,0.029318559914827347,1.0,0.5364852547645569,0.5363951921463013,0.5524627566337585,0.0,,,,,,,,,,,,,,,12.0,0.0,0.0,0.0,0.0,0.0,0.0,,,,,,,,,,,,,,,,,,,,,,0.001
33,11020,train,19.20567512512207,15.980244636535645,15.981816291809082,0.0,0.01438337005674839,0.01438337005674839,0.0,0.016477828845381737,9.999999747378752e-05,0.05000000074505806,0.009999999776482582,0.05000000074505806,0.0010000000474974513,0.0010000000474974513,1.0,0.0001021965581458062,0.11641356348991394,0.0,0.0,0.0,0.0,0.0,0.0,0.0,0.0,0.4704868197441101,0.4704868197441101,1.0,0.4704868197441101,0.4704868197441101,0.4704868197441101,0.0,-0.010900582186877728,0.29828929901123047,1.0,0.0001021965581458062,1.0,0.0,0.0,0.0001021965581458062,0.0,0.0,0.11641356348991394,0.0,0.4164136052131653,0.0,0.41641372442245483,0.41641372442245483,0.6791079044342041,0.0,0.0,0.0,0.0,0.0,0.0,0.0,0.0,1.0,0.0,-0.00015704476390965283,0.360611230134964,0.07140640914440155,0.9623600840568542,0.0,15.981816291809082,15.980244636535645,15.980244636535645,0.2195706069469452,-0.10505472123622894,1.5773109207639635e-10,0.0,0.0,4.114229679107666,4.114229679107666,1.8353451490402222,1.8353451490402222,0.9146490097045898,0.0,0.0,0.0,0.0,0.4164135754108429,0.0,0.41641372442245483,0.41641372442245483,0.6791079044342041,0.0,1.8353451490402222,1.8353451490402222,1.8353451490402222,1.8416757583618164,0.29828929901123047,0.1516067087650299,0.029381219297647476,1.0,0.546607255935669,0.5718852281570435,0.5491861701011658,0.0,,,,,,,,,,,,,,,12.0,0.0,0.0,0.0,0.0,0.0,0.0,,,,,,,,,,,,,,,,,,,,,,0.001
33,11022,train_epoch,18.47376951057754,15.370585989809323,15.37032352093451,0.0,0.013495838735252619,0.013495838735252619,0.0,0.016176160826476035,9.999999747378752e-05,0.05000000074505806,0.009999999776482582,0.05000000074505806,0.0010000000474974513,0.0010000000474974513,1.0,0.0001843484815634985,0.12193294690397685,0.0,0.0,0.0,0.0,0.0,0.0,0.0,0.0,0.4720017083747658,0.4720017083747658,1.0,0.4720017083747658,0.4720017089101369,0.4720017089101369,0.0,-0.009671733154173561,0.2804004299694193,1.0,0.0001843484815634985,1.0,0.0,0.0,0.0001843484815634985,0.0,0.0,0.12193294690397685,0.0,0.4219329594495054,0.0,0.42193295998487645,0.42193295998487645,0.6808817209954747,0.0,0.0,0.0,0.0,0.0,0.0,0.0,0.0,1.0,0.0,4.941234826292965e-06,0.3619267824524177,0.07156266481755022,0.9642320145033076,0.0,15.37032352093451,15.370585989809323,15.370585989809323,0.2204112741583122,-0.10900239637093674,-3.2879919634495525e-11,0.0,0.0,4.142279173799618,4.142279170944305,1.838047496929854,1.838047496929854,0.9249338641495048,0.0,0.0,0.0,0.0,0.4219329588249058,0.0,0.42193294883131266,0.42193294883131266,0.6808817209954747,0.0,1.8380474473188024,1.8380474401805216,1.838047496929854,1.8382714894003498,0.2804004299694193,0.15099376444509643,0.029322836821352293,1.0,0.5538619804882003,0.554053282130978,0.5542278123829893,0.0,,,,,,,,,,,,,,,12.0,0.0,0.0,0.0,0.0,0.0,0.0,,,,,,,,,,,,,,,,,,,,,,0.001
33,11022,val,,,,,,,,,,,,,,,,,,,,,,,,,,,,,,,,,,,,,,,,,,,,,,,,,,,,,,,,,,,,,,,,,,,,,,,,,,,,,,,,,,,,,,,,,,,,,,,,,,,,,,,,,,,,,,,,,,,,,,,,,15.535832405090332,636.2531127929688,25.224058214192432,0.10908448696136475,0.06629960238933563,14.376863479614258,23.17490524058634,0.09740152955055237,0.061418935656547546,15.58774185180664,25.354903959296635,0.10845382511615753,0.06653067469596863,17.325965881347656,28.04172241144936,0.13041318953037262,0.07381689548492432,15.535832405090332,25.224058214192432,0.10908448696136475,0.06629960238933563,0.001
33,11022,test_select,,,,,,,,,,,,,,,,,,,,,,,,,,,,,,,,,,,,,,,,,,,,,,,,,,,,,,,,,,,,,,,,,,,,,,,,,,,,,,,,,,,,,,,,,,,,,,,,,,,,,,,,,,,,,,,,,,,,,,,,,22.93695068359375,1298.5277099609375,36.03508998130763,0.14427776634693146,0.09316365420818329,18.337404251098633,28.39231257023523,0.11364051699638367,0.07443919777870178,22.436521530151367,34.778643980874776,0.1407795399427414,0.0911223441362381,30.024099349975586,45.6545708965707,0.19509688019752502,0.1220647320151329,22.93695068359375,36.03508998130763,0.14427776634693146,0.09316365420818329,0.001
34,11040,train,17.625219345092773,14.663496971130371,14.663358688354492,0.0,0.012804148718714714,0.012804148718714714,0.0,0.016434291377663612,9.999999747378752e-05,0.05000000074505806,0.009999999776482582,0.05000000074505806,0.0010000000474974513,0.0010000000474974513,1.0,0.00022348776110447943,0.1181604266166687,0.0,0.0,0.0,0.0,0.0,0.0,0.0,0.0,0.4715055525302887,0.4715055525302887,1.0,0.4715055525302887,0.4715055525302887,0.4715055525302887,0.0,-0.008109860122203827,0.28137022256851196,1.0,0.00022348776110447943,1.0,0.0,0.0,0.00022348776110447943,0.0,0.0,0.1181604266166687,0.0,0.41816043853759766,0.0,0.4181603789329529,0.4181603789329529,0.6796912550926208,0.0,0.0,0.0,0.0,0.0,0.0,0.0,0.0,1.0,0.0,-2.0821742509724572e-05,0.3581811785697937,0.070949487388134,0.9627438187599182,0.0,14.663358688354492,14.663496971130371,14.663496971130371,0.20630165934562683,-0.09401808679103851,-1.5613152437587985e-10,0.0,0.0,4.305390357971191,4.305390357971191,1.8405882120132446,1.8405882120132446,0.8979594707489014,0.0,0.0,0.0,0.0,0.41816043853759766,0.0,0.4181603491306305,0.4181603491306305,0.6796912550926208,0.0,1.8405882120132446,1.8405882120132446,1.8405882120132446,1.8410454988479614,0.28137022256851196,0.15122458338737488,0.029356760904192924,1.0,0.5122133493423462,0.49515312910079956,0.5371021628379822,0.0,,,,,,,,,,,,,,,12.0,0.0,0.0,0.0,0.0,0.0,0.0,,,,,,,,,,,,,,,,,,,,,,0.001
34,11060,train,18.999343872070312,15.807995796203613,15.811716079711914,0.0,0.01172853447496891,0.01172853447496891,0.0,0.016414249315857887,9.999999747378752e-05,0.05000000074505806,0.009999999776482582,0.05000000074505806,0.0010000000474974513,0.0010000000474974513,1.0,0.0002607353962957859,0.11965268850326538,0.0,0.0,0.0,0.0,0.0,0.0,0.0,0.0,0.4716072976589203,0.4716072976589203,1.0,0.4716072976589203,0.4716072976589203,0.4716072976589203,0.0,-0.008862214162945747,0.2724972069263458,1.0,0.0002607353962957859,1.0,0.0,0.0,0.0002607353962957859,0.0,0.0,0.11965268850326538,0.0,0.41965270042419434,0.0,0.4196525514125824,0.4196525514125824,0.6801796555519104,0.0,0.0,0.0,0.0,0.0,0.0,0.0,0.0,1.0,0.0,0.00024918868439272046,0.36079153418540955,0.07079651951789856,0.963062584400177,0.0,15.811716079711914,15.807995796203613,15.807995796203613,0.21326155960559845,-0.1373104602098465,-1.9351618918417302e-10,0.0,0.0,4.2679338455200195,4.2679338455200195,1.8425586223602295,1.8425586223602295,0.9490597248077393,0.0,0.0,0.0,0.0,0.41965270042419434,0.0,0.4196525514125824,0.4196525514125824,0.6801796555519104,0.0,1.8425586223602295,1.8425586223602295,1.8425586223602295,1.84006929397583,0.2724972069263458,0.15122629702091217,0.02920338697731495,1.0,0.4973462224006653,0.5057898759841919,0.5367617607116699,0.0,,,,,,,,,,,,,,,12.0,0.0,0.0,0.0,0.0,0.0,0.0,,,,,,,,,,,,,,,,,,,,,,0.001
34,11080,train,19.899682998657227,16.559223175048828,16.55691909790039,0.0,0.012158328667283058,0.012158328667283058,0.0,0.016434520483016968,9.999999747378752e-05,0.05000000074505806,0.009999999776482582,0.05000000074505806,0.0010000000474974513,0.0010000000474974513,1.0,0.0001540582743473351,0.12117663025856018,0.0,0.0,0.0,0.0,0.0,0.0,0.0,0.0,0.47236019372940063,0.47236019372940063,1.0,0.47236019372940063,0.47236016392707825,0.47236016392707825,0.0,-0.010006371885538101,0.2673359215259552,1.0,0.0001540582743473351,1.0,0.0,0.0,0.0001540582743473351,0.0,0.0,0.12117663025856018,0.0,0.42117661237716675,0.0,0.4211764335632324,0.4211764335632324,0.6806686520576477,0.0,0.0,0.0,0.0,0.0,0.0,0.0,0.0,1.0,0.0,-0.0007900687051005661,0.358807235956192,0.07087063044309616,0.9635108709335327,0.0,16.55691909790039,16.559223175048828,16.559223175048828,0.20915842056274414,-0.09261095523834229,4.5962156303147594e-10,0.0,0.0,4.026208400726318,4.026208400726318,1.8405158519744873,1.8405158519744873,0.8634176850318909,0.0,0.0,0.0,0.0,0.42117664217948914,0.0,0.4211764335632324,0.4211764335632324,0.6806686520576477,0.0,1.8405158519744873,1.8405158519744873,1.8405158519744873,1.844146966934204,0.2673359215259552,0.15045826137065887,0.029071034863591194,1.0,0.4929024875164032,0.5502692461013794,0.5011996030807495,0.0,,,,,,,,,,,,,,,12.0,0.0,0.0,0.0,0.0,0.0,0.0,,,,,,,,,,,,,,,,,,,,,,0.001
34,11100,train,17.72942543029785,14.750007629394531,14.751869201660156,0.0,0.011533740907907486,0.011533740907907486,0.0,0.0163987185806036,9.999999747378752e-05,0.05000000074505806,0.009999999776482582,0.05000000074505806,0.0010000000474974513,0.0010000000474974513,1.0,0.00016325466276612133,0.12299937009811401,0.0,0.0,0.0,0.0,0.0,0.0,0.0,0.0,0.4723793566226959,0.4723793566226959,1.0,0.4723793566226959,0.4723793566226959,0.4723793566226959,0.0,-0.007392923813313246,0.2592426538467407,1.0,0.00016325466276612133,1.0,0.0,0.0,0.00016325466276612133,0.0,0.0,0.12299937009811401,0.0,0.42299938201904297,0.0,0.4229993224143982,0.4229993224143982,0.6812419295310974,0.0,0.0,0.0,0.0,0.0,0.0,0.0,0.0,1.0,0.0,-2.1491610823431984e-05,0.361416757106781,0.07072833925485611,0.9642271399497986,0.0,14.751869201660156,14.750007629394531,14.750007629394531,0.20498868823051453,-0.07323940843343735,-6.193835028200922e-11,0.0,0.0,4.145746231079102,4.145746231079102,1.8410106897354126,1.8410106897354126,0.8332907557487488,0.0,0.0,0.0,0.0,0.42299938201904297,0.0,0.4229993224143982,0.4229993224143982,0.6812419295310974,0.0,1.8410106897354126,1.8410106897354126,1.8410106897354126,1.8370442390441895,0.2592426538467407,0.14993324875831604,0.02921377122402191,1.0,0.5877605080604553,0.5757046937942505,0.5713936686515808,0.0,,,,,,,,,,,,,,,12.0,0.0,0.0,0.0,0.0,0.0,0.0,,,,,,,,,,,,,,,,,,,,,,0.001
34,11120,train,19.136085510253906,15.92243480682373,15.922734260559082,0.0,0.01172441616654396,0.01172441616654396,0.0,0.016301356256008148,9.999999747378752e-05,0.05000000074505806,0.009999999776482582,0.05000000074505806,0.0010000000474974513,0.0010000000474974513,1.0,0.00021160763571970165,0.12469902634620667,0.0,0.0,0.0,0.0,0.0,0.0,0.0,0.0,0.47319453954696655,0.47319453954696655,1.0,0.47319453954696655,0.47319453954696655,0.47319453954696655,0.0,-0.008635529316961765,0.2544187605381012,1.0,0.00021160763571970165,1.0,0.0,0.0,0.00021160763571970165,0.0,0.0,0.12469902634620667,0.0,0.4246990382671356,0.0,0.42469915747642517,0.42469915747642517,0.6817634105682373,0.0,0.0,0.0,0.0,0.0,0.0,0.0,0.0,1.0,0.0,-2.1718378775403835e-05,0.3612268269062042,0.07071801275014877,0.9649834036827087,0.0,15.922734260559082,15.92243480682373,15.92243480682373,0.21964049339294434,-0.12155133485794067,2.734410475824234e-10,0.0,0.0,4.106735706329346,4.106735706329346,1.8430778980255127,1.8430778980255127,0.9091343879699707,0.0,0.0,0.0,0.0,0.4246990382671356,0.0,0.4246991276741028,0.4246991276741028,0.6817634105682373,0.0,1.8430777788162231,1.8430778980255127,1.8430778980255127,1.8398098945617676,0.2544187605381012,0.14966073632240295,0.029166659340262413,1.0,0.5459350347518921,0.529846727848053,0.5752604007720947,0.0,,,,,,,,,,,,,,,12.0,0.0,0.0,0.0,0.0,0.0,0.0,,,,,,,,,,,,,,,,,,,,,,0.001
34,11140,train,19.956832885742188,16.606779098510742,16.604415893554688,0.0,0.012650663033127785,0.012650663033127785,0.0,0.016388902440667152,9.999999747378752e-05,0.05000000074505806,0.009999999776482582,0.05000000074505806,0.0010000000474974513,0.0010000000474974513,1.0,9.619389311410487e-05,0.12371271848678589,0.0,0.0,0.0,0.0,0.0,0.0,0.0,0.0,0.47353395819664,0.47353395819664,1.0,0.47353395819664,0.47353395819664,0.47353395819664,0.0,-0.010899227112531662,0.2721959352493286,1.0,9.619389311410487e-05,1.0,0.0,0.0,9.619389311410487e-05,0.0,0.0,0.12371271848678589,0.0,0.42371273040771484,0.0,0.42371270060539246,0.42371270060539246,0.6814619898796082,0.0,0.0,0.0,0.0,0.0,0.0,0.0,0.0,1.0,0.0,-0.0008718319586478174,0.35922035574913025,0.07095606625080109,0.9649484157562256,0.0,16.604415893554688,16.606779098510742,16.606779098510742,0.2388855516910553,-0.14222583174705505,-7.225283565892582e-11,0.0,0.0,4.0722432136535645,4.0722432136535645,1.8452965021133423,1.8452965021133423,0.9783540964126587,0.0,0.0,0.0,0.0,0.42371273040771484,0.0,0.42371270060539246,0.42371270060539246,0.6814619898796082,0.0,1.8452965021133423,1.8452965021133423,1.8452965021133423,1.8473840951919556,0.2721959352493286,0.14952881634235382,0.02933836355805397,1.0,0.5700260996818542,0.552905261516571,0.5290977954864502,0.0,,,,,,,,,,,,,,,12.0,0.0,0.0,0.0,0.0,0.0,0.0,,,,,,,,,,,,,,,,,,,,,,0.001
34,11160,train,17.010046005249023,14.150871276855469,14.150680541992188,0.0,0.010499663650989532,0.010499663650989532,0.0,0.01644500344991684,9.999999747378752e-05,0.05000000074505806,0.009999999776482582,0.05000000074505806,0.0010000000474974513,0.0010000000474974513,1.0,0.00017596653196960688,0.12283751368522644,0.0,0.0,0.0,0.0,0.0,0.0,0.0,0.0,0.47318321466445923,0.47318321466445923,1.0,0.47318321466445923,0.47318321466445923,0.47318321466445923,0.0,-0.00843482930213213,0.28092658519744873,1.0,0.00017596653196960688,1.0,0.0,0.0,0.00017596653196960688,0.0,0.0,0.12283751368522644,0.0,0.4228375554084778,0.0,0.4228377044200897,0.4228377044200897,0.6811912655830383,0.0,0.0,0.0,0.0,0.0,0.0,0.0,0.0,1.0,0.0,-3.4921416954603046e-05,0.3621028661727905,0.07112569361925125,0.9646698236465454,0.0,14.150680541992188,14.150871276855469,14.150871276855469,0.21322795748710632,-0.08832778036594391,-2.6420976517727013e-10,0.0,0.0,4.006457328796387,4.006457328796387,1.8496617078781128,1.8496617078781128,0.852967381477356,0.0,0.0,0.0,0.0,0.4228375256061554,0.0,0.4228377044200897,0.4228377044200897,0.6811912655830383,0.0,1.8496617078781128,1.8496617078781128,1.8496617078781128,1.844748854637146,0.28092658519744873,0.149238720536232,0.029097776859998703,1.0,0.5639790296554565,0.5736048221588135,0.5445636510848999,0.0,,,,,,,,,,,,,,,12.0,0.0,0.0,0.0,0.0,0.0,0.0,,,,,,,,,,,,,,,,,,,,,,0.001
34,11180,train,17.36086082458496,14.443204879760742,14.443476676940918,0.0,0.012092211283743382,0.012092211283743382,0.0,0.016513878479599953,9.999999747378752e-05,0.05000000074505806,0.009999999776482582,0.05000000074505806,0.0010000000474974513,0.0010000000474974513,1.0,0.00018652543076314032,0.12091299891471863,0.0,0.0,0.0,0.0,0.0,0.0,0.0,0.0,0.4705994725227356,0.4705994725227356,1.0,0.4705994725227356,0.470599502325058,0.470599502325058,0.0,-0.011741362512111664,0.2954922616481781,1.0,0.00018652543076314032,1.0,0.0,0.0,0.00018652543076314032,0.0,0.0,0.12091299891471863,0.0,0.4209130108356476,0.0,0.42091304063796997,0.42091304063796997,0.6805852651596069,0.0,0.0,0.0,0.0,0.0,0.0,0.0,0.0,1.0,0.0,0.0007070692372508347,0.3600218594074249,0.07134026288986206,0.9644593000411987,0.0,14.443476676940918,14.443204879760742,14.443204879760742,0.2095964103937149,-0.11066270619630814,2.973132851025184e-10,0.0,0.0,4.00354528427124,4.00354528427124,1.846897840499878,1.846897840499878,0.8287269473075867,0.0,0.0,0.0,0.0,0.4209130108356476,0.0,0.4209130108356476,0.4209130108356476,0.6805852651596069,0.0,1.8468976020812988,1.8468976020812988,1.846897840499878,1.8436882495880127,0.2954922616481781,0.14919516444206238,0.02909144014120102,1.0,0.42952412366867065,0.4811400771141052,0.48878106474876404,0.0,,,,,,,,,,,,,,,12.0,0.0,0.0,0.0,0.0,0.0,0.0,,,,,,,,,,,,,,,,,,,,,,0.001
34,11200,train,18.802906036376953,15.645074844360352,15.644308090209961,0.0,0.00998288206756115,0.00998288206756115,0.0,0.016482053324580193,9.999999747378752e-05,0.05000000074505806,0.009999999776482582,0.05000000074505806,0.0010000000474974513,0.0010000000474974513,1.0,0.00015357957454398274,0.12064006924629211,0.0,0.0,0.0,0.0,0.0,0.0,0.0,0.0,0.472458153963089,0.472458153963089,1.0,0.472458153963089,0.472458153963089,0.472458153963089,0.0,-0.006909993942826986,0.2906884551048279,1.0,0.00015357957454398274,1.0,0.0,0.0,0.00015357957454398274,0.0,0.0,0.12064006924629211,0.0,0.42064008116722107,0.0,0.42064017057418823,0.42064017057418823,0.6804980039596558,0.0,0.0,0.0,0.0,0.0,0.0,0.0,0.0,1.0,0.0,0.0005143362213857472,0.35836586356163025,0.07114992290735245,0.9646090269088745,0.0,15.644308090209961,15.645074844360352,15.645074844360352,0.2105676531791687,-0.0793953537940979,-2.939440080229616e-10,0.0,0.0,3.981417655944824,3.981417655944824,1.84556245803833,1.84556245803833,0.8428473472595215,0.0,0.0,0.0,0.0,0.42064008116722107,0.0,0.42064017057418823,0.42064017057418823,0.6804980039596558,0.0,1.84556245803833,1.845562219619751,1.84556245803833,1.840308427810669,0.2906884551048279,0.14899833500385284,0.029117906466126442,1.0,0.5725423693656921,0.5712778568267822,0.5315857529640198,0.0,,,,,,,,,,,,,,,12.0,0.0,0.0,0.0,0.0,0.0,0.0,,,,,,,,,,,,,,,,,,,,,,0.001
34,11220,train,18.549903869628906,15.434216499328613,15.433552742004395,0.0,0.009414995089173317,0.009414995089173317,0.0,0.016503065824508667,9.999999747378752e-05,0.05000000074505806,0.009999999776482582,0.05000000074505806,0.0010000000474974513,0.0010000000474974513,1.0,0.0002427935105515644,0.12139308452606201,0.0,0.0,0.0,0.0,0.0,0.0,0.0,0.0,0.4730152487754822,0.4730152487754822,1.0,0.4730152487754822,0.4730152189731598,0.4730152189731598,0.0,-0.009487262926995754,0.281216561794281,1.0,0.0002427935105515644,1.0,0.0,0.0,0.0002427935105515644,0.0,0.0,0.12139308452606201,0.0,0.42139309644699097,3.403558821446495e-07,0.4213918149471283,0.4213942885398865,0.6807376742362976,0.0,0.0,0.0,0.0,0.0,0.0,0.0,0.0,1.0,0.0,1.2111398064007517e-05,0.3593062162399292,0.07142433524131775,0.964694082736969,0.0,15.433552742004395,15.434216499328613,15.434216499328613,0.20675848424434662,-0.07717239111661911,-3.9995037837137204e-10,0.0,0.0,4.003281116485596,4.003281116485596,1.8462154865264893,1.8462154865264893,0.8461463451385498,0.0,0.0,0.0,0.0,0.42139309644699097,1.1560139228095068e-06,0.42138800024986267,0.42139777541160583,0.6807376742362976,0.0,1.8462151288986206,1.8462154865264893,1.8462154865264893,1.84904146194458,0.281216561794281,0.14884021878242493,0.029224300757050514,1.0,0.6039761304855347,0.6275101900100708,0.5777214765548706,0.0,,,,,,,,,,,,,,,12.0,0.0,0.0,0.0,0.0,0.0,0.0,,,,,,,,,,,,,,,,,,,,,,0.001
34,11240,train,18.207910537719727,15.14891242980957,15.14958667755127,0.0,0.00973555352538824,0.00973555352538824,0.0,0.016363749280571938,9.999999747378752e-05,0.05000000074505806,0.009999999776482582,0.05000000074505806,0.0010000000474974513,0.0010000000474974513,1.0,0.0001885154051706195,0.12325876951217651,0.0,0.0,0.0,0.0,0.0,0.0,0.0,0.0,0.4744857847690582,0.4744857847690582,1.0,0.4744857847690582,0.4744857847690582,0.4744857847690582,0.0,-0.006163402926176786,0.265598326921463,1.0,0.0001885154051706195,1.0,0.0,0.0,0.0001885154051706195,0.0,0.0,0.12325876951217651,0.0,0.42325878143310547,6.42082568447222e-06,0.42323634028434753,0.42328259348869324,0.6813220977783203,0.0,0.0,0.0,0.0,0.0,0.0,0.0,0.0,1.0,0.0,-0.00037926636287011206,0.35936251282691956,0.0710749626159668,0.9660033583641052,0.0,15.14958667755127,15.14891242980957,15.14891242980957,0.21389833092689514,-0.10924802720546722,-5.840564698544881e-10,0.0,0.0,4.352512359619141,4.352512359619141,1.8434414863586426,1.8434414863586426,0.9528443217277527,0.0,0.0,0.0,0.0,0.42325878143310547,2.249693170597311e-05,0.42316293716430664,0.42336249351501465,0.6813220977783203,0.0,1.8434430360794067,1.8434404134750366,1.8434414863586426,1.8474422693252563,0.265598326921463,0.14826305210590363,0.029103334993124008,1.0,0.5066146850585938,0.5435051321983337,0.5252588987350464,0.0,,,,,,,,,,,,,,,12.0,0.0,0.0,0.0,0.0,0.0,0.0,,,,,,,,,,,,,,,,,,,,,,0.001
34,11260,train,18.618003845214844,15.490796089172363,15.49055004119873,0.0,0.009022977203130722,0.009022977203130722,0.0,0.016358507797122,9.999999747378752e-05,0.05000000074505806,0.009999999776482582,0.05000000074505806,0.0010000000474974513,0.0010000000474974513,1.0,0.00024356559151783586,0.12470868229866028,0.0,0.0,0.0,0.0,0.0,0.0,0.0,0.0,0.4753653109073639,0.4753653109073639,1.0,0.4753653109073639,0.4753653109073639,0.4753653109073639,0.0,-0.008327755145728588,0.2590146064758301,1.0,0.00024356559151783586,1.0,0.0,0.0,0.00024356559151783586,0.0,0.0,0.12470868229866028,0.0,0.4247087240219116,3.3830231132014887e-06,0.42469581961631775,0.4247223138809204,0.6817664504051208,0.0,0.0,0.0,0.0,0.0,0.0,0.0,0.0,1.0,0.0,0.00018807478772941977,0.3622949421405792,0.07134577631950378,0.9666427969932556,0.0,15.49055004119873,15.490796089172363,15.490796089172363,0.23929254710674286,-0.18007014691829681,-6.267377172797239e-10,0.0,0.0,4.209624290466309,4.209624767303467,1.8405742645263672,1.8405742645263672,1.0432238578796387,0.0,0.0,0.0,0.0,0.42470869421958923,1.1842145795526449e-05,0.42465904355049133,0.42476338148117065,0.6817664504051208,0.0,1.8405715227127075,1.8405758142471313,1.8405742645263672,1.8454620838165283,0.2590146064758301,0.14787741005420685,0.02908824011683464,1.0,0.5277668237686157,0.5465288162231445,0.5313462615013123,0.0,,,,,,,,,,,,,,,12.0,0.0,0.0,0.0,0.0,0.0,0.0,,,,,,,,,,,,,,,,,,,,,,0.001
34,11280,train,17.611337661743164,14.651999473571777,14.651392936706543,0.0,0.009491882286965847,0.009491882286965847,0.0,0.016476567834615707,9.999999747378752e-05,0.05000000074505806,0.009999999776482582,0.05000000074505806,0.0010000000474974513,0.0010000000474974513,1.0,0.0002196802233811468,0.12517157196998596,0.0,0.0,0.0,0.0,0.0,0.0,0.0,0.0,0.4742988646030426,0.4742988646030426,1.0,0.4742988646030426,0.4742988348007202,0.4742988348007202,0.0,-0.008340604603290558,0.2625373899936676,1.0,0.0002196802233811468,1.0,0.0,0.0,0.0002196802233811468,0.0,0.0,0.12517157196998596,0.0,0.4251715838909149,1.4379232879946358e-06,0.42516669631004333,0.4251778721809387,0.6819064617156982,0.0,0.0,0.0,0.0,0.0,0.0,0.0,0.0,1.0,0.0,0.00014685610949527472,0.35848116874694824,0.0717979371547699,0.9666826128959656,0.0,14.651392936706543,14.651999473571777,14.651999473571777,0.20522326231002808,-0.07067438960075378,-1.76233506954393e-11,0.0,0.0,4.1289567947387695,4.1289567947387695,1.8522530794143677,1.8522530794143677,0.8509755730628967,0.0,0.0,0.0,0.0,0.4251715838909149,4.980645371688297e-06,0.4251508414745331,0.42519140243530273,0.6819064617156982,0.0,1.852251648902893,1.852254033088684,1.8522530794143677,1.8486593961715698,0.2625373899936676,0.14739391207695007,0.029072368517518044,1.0,0.5808728337287903,0.5830453634262085,0.6112140417098999,0.0,,,,,,,,,,,,,,,12.0,0.0,0.0,0.0,0.0,0.0,0.0,,,,,,,,,,,,,,,,,,,,,,0.001
34,11300,train,17.443349838256836,14.511853218078613,14.511734962463379,0.0,0.009694813750684261,0.009694813750684261,0.0,0.016440866515040398,9.999999747378752e-05,0.05000000074505806,0.009999999776482582,0.05000000074505806,0.0010000000474974513,0.0010000000474974513,1.0,0.00018637723405845463,0.1241273283958435,0.0,0.0,0.0,0.0,0.0,0.0,0.0,0.0,0.47565576434135437,0.47565576434135437,1.0,0.47565576434135437,0.475655734539032,0.475655734539032,0.0,-0.00843867938965559,0.27573686838150024,1.0,0.00018637723405845463,1.0,0.0,0.0,0.00018637723405845463,0.0,0.0,0.1241273283958435,0.0,0.42412734031677246,3.3904182572541686e-08,0.42412710189819336,0.4241272807121277,0.6815891861915588,0.0,0.0,0.0,0.0,0.0,0.0,0.0,0.0,1.0,0.0,-0.00036131960223428905,0.35967153310775757,0.07128369063138962,0.9667288064956665,0.0,14.511734962463379,14.511853218078613,14.511853218078613,0.20932476222515106,-0.11827492713928223,8.409701754419352e-12,0.0,0.0,3.980684280395508,3.980684280395508,1.8549938201904297,1.8549938201904297,0.8362924456596375,0.0,0.0,0.0,0.0,0.42412734031677246,7.93854866287802e-08,0.42412692308425903,0.4241275191307068,0.6815891861915588,0.0,1.8549938201904297,1.8549938201904297,1.8549938201904297,1.8521597385406494,0.27573686838150024,0.14713908731937408,0.029063308611512184,1.0,0.5592831969261169,0.5389406681060791,0.5490890145301819,0.0,,,,,,,,,,,,,,,12.0,0.0,0.0,0.0,0.0,0.0,0.0,,,,,,,,,,,,,,,,,,,,,,0.001
34,11320,train,16.8120174407959,13.985889434814453,13.985499382019043,0.0,0.00908708292990923,0.00908708292990923,0.0,0.016589537262916565,9.999999747378752e-05,0.05000000074505806,0.009999999776482582,0.05000000074505806,0.0010000000474974513,0.0010000000474974513,1.0,0.0002788364072330296,0.12229782342910767,0.0,0.0,0.0,0.0,0.0,0.0,0.0,0.0,0.47416701912879944,0.47416701912879944,1.0,0.47416701912879944,0.47416698932647705,0.47416698932647705,0.0,-0.011676267720758915,0.2921740412712097,1.0,0.0002788364072330296,1.0,0.0,0.0,0.0002788364072330296,0.0,0.0,0.12229782342910767,0.0,0.42229777574539185,9.073058038211457e-08,0.42229753732681274,0.4222981631755829,0.6810227632522583,0.0,0.0,0.0,0.0,0.0,0.0,0.0,0.0,1.0,0.0,6.519107409985736e-05,0.35928869247436523,0.07150798290967941,0.9659029245376587,0.0,13.985499382019043,13.985889434814453,13.985889434814453,0.19173359870910645,-0.09006896615028381,-2.4334056991648367e-10,0.0,0.0,4.181045055389404,4.181045055389404,1.8509070873260498,1.8509070873260498,0.7981712222099304,0.0,0.0,0.0,0.0,0.4222978353500366,2.892549559874169e-07,0.4222964346408844,0.42229920625686646,0.6810227632522583,0.0,1.8509069681167603,1.8509070873260498,1.8509070873260498,1.8472980260849,0.2921740412712097,0.14711947739124298,0.029010439291596413,1.0,0.5879712104797363,0.5402259230613708,0.5681694746017456,0.0,,,,,,,,,,,,,,,12.0,0.0,0.0,0.0,0.0,0.0,0.0,,,,,,,,,,,,,,,,,,,,,,0.001
34,11340,train,17.17484474182129,14.288284301757812,14.287616729736328,0.0,0.0102172140032053,0.0102172140032053,0.0,0.01670055463910103,9.999999747378752e-05,0.05000000074505806,0.009999999776482582,0.05000000074505806,0.0010000000474974513,0.0010000000474974513,1.0,0.00018744035332929343,0.12059897184371948,0.0,0.0,0.0,0.0,0.0,0.0,0.0,0.0,0.4734113812446594,0.4734113812446594,1.0,0.4734113812446594,0.4734113812446594,0.4734113812446594,0.0,-0.0084105608984828,0.3003753423690796,1.0,0.00018744035332929343,1.0,0.0,0.0,0.00018744035332929343,0.0,0.0,0.12059897184371948,0.0,0.42059898376464844,2.8749381542070296e-08,0.4205988347530365,0.42059892416000366,0.6804847121238708,0.0,0.0,0.0,0.0,0.0,0.0,0.0,0.0,1.0,0.0,0.0004740155709441751,0.3581041097640991,0.07151869684457779,0.9654307961463928,0.0,14.287616729736328,14.288284301757812,14.288284301757812,0.21279431879520416,-0.10149119049310684,-3.272606630133623e-10,0.0,0.0,4.062373161315918,4.062373161315918,1.8541805744171143,1.8541805744171143,0.8857933878898621,0.0,0.0,0.0,0.0,0.42059898376464844,2.532863518922568e-08,0.4205987751483917,0.42059895396232605,0.6804847121238708,0.0,1.8541805744171143,1.8541805744171143,1.8541805744171143,1.8543615341186523,0.3003753423690796,0.1472473442554474,0.02898402512073517,1.0,0.543175458908081,0.5324629545211792,0.5437861680984497,0.0,,,,,,,,,,,,,,,12.0,0.0,0.0,0.0,0.0,0.0,0.0,,,,,,,,,,,,,,,,,,,,,,0.001
34,11356,train_epoch,18.44696918361915,15.348314790668601,15.348075466955493,0.0,0.010732908195029655,0.010732908195029655,0.0,0.01645769488936413,9.999999747378752e-05,0.05000000074505806,0.009999999776482582,0.05000000074505806,0.0010000000474974513,0.0010000000474974513,1.0,0.00019316192844713213,0.12214456766308425,0.0,0.0,0.0,0.0,0.0,0.0,0.0,0.0,0.4729780232656502,0.4729780232656502,1.0,0.4729780232656502,0.4729780215703085,0.4729780215703085,0.0,-0.008821000515143135,0.2762140779795047,1.0,0.00019316192844713213,1.0,0.0,0.0,0.00019316192844713213,0.0,0.0,0.12214456766308425,0.0,0.4221445770856149,5.675205886911374e-07,0.4221424701328049,0.42214667475865986,0.6809655731309674,0.0,0.0,0.0,0.0,0.0,0.0,0.0,0.0,1.0,0.0,-4.435252827318867e-05,0.3597200545900596,0.0711672578207747,0.9649099588037251,0.0,15.348075466955493,15.348314790668601,15.348314790668601,0.22253886302431186,-0.11693826635384899,3.461050563576022e-11,0.0,0.0,4.1176040558044065,4.11760404723847,1.8448440725218036,1.8448440725218036,0.9359870358498511,0.0,0.0,0.0,0.0,0.4221445795840132,1.9555208129233187e-06,0.4221358675799684,0.42215317211108294,0.6809655731309674,0.0,1.8448438248234595,1.8448441838789842,1.8448440725218036,1.845244903407411,0.2762140779795047,0.1490237831534026,0.029123346282247296,1.0,0.5504775620149281,0.5507995716469016,0.5508908083338937,0.0,,,,,,,,,,,,,,,12.0,0.0,0.0,0.0,0.0,0.0,0.0,,,,,,,,,,,,,,,,,,,,,,0.001
34,11356,val,,,,,,,,,,,,,,,,,,,,,,,,,,,,,,,,,,,,,,,,,,,,,,,,,,,,,,,,,,,,,,,,,,,,,,,,,,,,,,,,,,,,,,,,,,,,,,,,,,,,,,,,,,,,,,,,,,,,,,,,,15.46864128112793,625.433349609375,25.008665490373033,0.11747875809669495,0.06601285934448242,14.337212562561035,22.96591447208368,0.11415031552314758,0.061249539256095886,15.37634563446045,24.909604639984,0.11745848506689072,0.06562839448451996,17.46834373474121,28.06046850247025,0.13446246087551117,0.07442348450422287,15.46864128112793,25.008665490373033,0.11747875809669495,0.06601285934448242,0.001
34,11356,test_select,,,,,,,,,,,,,,,,,,,,,,,,,,,,,,,,,,,,,,,,,,,,,,,,,,,,,,,,,,,,,,,,,,,,,,,,,,,,,,,,,,,,,,,,,,,,,,,,,,,,,,,,,,,,,,,,,,,,,,,,,23.409692764282227,1354.60400390625,36.80494537295566,0.1584516167640686,0.0950838029384613,19.20391082763672,29.591986566388417,0.137837752699852,0.07795671373605728,23.063703536987305,35.88599400085899,0.1554967164993286,0.09366954118013382,30.186620712280273,46.318688436067575,0.20259837806224823,0.1227254569530487,23.409692764282227,36.80494537295566,0.1584516167640686,0.0950838029384613,0.001
35,11360,train,17.356502532958984,14.439713478088379,14.438822746276855,0.0,0.008391031995415688,0.008391031995415688,0.0,0.01677747070789337,9.999999747378752e-05,0.05000000074505806,0.009999999776482582,0.05000000074505806,0.0010000000474974513,0.0010000000474974513,1.0,0.00022163329413160682,0.12268039584159851,0.0,0.0,0.0,0.0,0.0,0.0,0.0,0.0,0.4746569097042084,0.4746569097042084,1.0,0.4746569097042084,0.4746569097042084,0.4746569097042084,0.0,-0.00618695979937911,0.27690041065216064,1.0,0.00022163329413160682,1.0,0.0,0.0,0.00022163329413160682,0.0,0.0,0.12268039584159851,0.0,0.42268043756484985,5.980518835713156e-08,0.4226803183555603,0.42268049716949463,0.6811426877975464,0.0,0.0,0.0,0.0,0.0,0.0,0.0,0.0,1.0,0.0,0.00016297254478558898,0.3563167452812195,0.07154499739408493,0.9655593037605286,0.0,14.438822746276855,14.439713478088379,14.439713478088379,0.2051255851984024,-0.06836120039224625,3.6798650238090147e-10,0.0,0.0,3.957871198654175,3.957871198654175,1.8519694805145264,1.8519694805145264,0.8189725279808044,0.0,0.0,0.0,0.0,0.42268040776252747,1.0726492405410681e-07,0.42267996072769165,0.4226808547973633,0.6811426877975464,0.0,1.8519693613052368,1.8519694805145264,1.8519694805145264,1.8469692468643188,0.27690041065216064,0.14741262793540955,0.029200972989201546,1.0,0.5714771747589111,0.5410109758377075,0.5343052744865417,0.0,,,,,,,,,,,,,,,12.0,0.0,0.0,0.0,0.0,0.0,0.0,,,,,,,,,,,,,,,,,,,,,,0.001
35,11380,train,19.26521110534668,16.02988624572754,16.031131744384766,0.0,0.009748298674821854,0.009748298674821854,0.0,0.016751570627093315,9.999999747378752e-05,0.05000000074505806,0.009999999776482582,0.05000000074505806,0.0010000000474974513,0.0010000000474974513,1.0,0.00018341329996474087,0.12322825193405151,0.0,0.0,0.0,0.0,0.0,0.0,0.0,0.0,0.47474971413612366,0.47474971413612366,1.0,0.47474971413612366,0.47474974393844604,0.47474974393844604,0.0,-0.010203185491263866,0.27505871653556824,1.0,0.00018341329996474087,1.0,0.0,0.0,0.00018341329996474087,0.0,0.0,0.12322825193405151,0.0,0.42322826385498047,4.569575651203195e-08,0.42322826385498047,0.42322832345962524,0.681312620639801,0.0,0.0,0.0,0.0,0.0,0.0,0.0,0.0,1.0,0.0,-0.00018173243734054267,0.35668638348579407,0.0714753270149231,0.9663199186325073,0.0,16.031131744384766,16.02988624572754,16.02988624572754,0.22962072491645813,-0.11386656016111374,3.363984368842665e-10,0.0,0.0,4.083022117614746,4.083022117614746,1.8536641597747803,1.8536641597747803,0.9766402244567871,0.0,0.0,0.0,0.0,0.42322826385498047,3.1664090016647606e-08,0.4232282042503357,0.42322835326194763,0.681312620639801,0.0,1.8536639213562012,1.8536639213562012,1.8536641597747803,1.8531914949417114,0.27505871653556824,0.14692091941833496,0.029084037989377975,1.0,0.570204496383667,0.5924249887466431,0.5594774484634399,0.0,,,,,,,,,,,,,,,12.0,0.0,0.0,0.0,0.0,0.0,0.0,,,,,,,,,,,,,,,,,,,,,,0.001
35,11400,train,17.731704711914062,14.752303123474121,14.751874923706055,0.0,0.008782061748206615,0.008782061748206615,0.0,0.016679415479302406,9.999999747378752e-05,0.05000000074505806,0.009999999776482582,0.05000000074505806,0.0010000000474974513,0.0010000000474974513,1.0,0.0001832403795560822,0.12269037961959839,0.0,0.0,0.0,0.0,0.0,0.0,0.0,0.0,0.4743856191635132,0.4743856191635132,1.0,0.4743856191635132,0.4743855893611908,0.4743855893611908,0.0,-0.008350761607289314,0.28161561489105225,1.0,0.0001832403795560822,1.0,0.0,0.0,0.0001832403795560822,0.0,0.0,0.12269037961959839,0.0,0.42269039154052734,3.0924045546498746e-08,0.4226902723312378,0.42269033193588257,0.681145429611206,0.0,0.0,0.0,0.0,0.0,0.0,0.0,0.0,1.0,0.0,6.573893915629014e-05,0.3575911819934845,0.07117009162902832,0.9662491679191589,0.0,14.751874923706055,14.752303123474121,14.752303123474121,0.2103509157896042,-0.11346074193716049,-1.376388586438182e-10,0.0,0.0,4.069754123687744,4.069754123687744,1.8463271856307983,1.8463271856307983,0.8541218042373657,0.0,0.0,0.0,0.0,0.42269039154052734,4.4478660754521115e-08,0.4226902723312378,0.42269036173820496,0.681145429611206,0.0,1.8463271856307983,1.8463271856307983,1.8463271856307983,1.8520396947860718,0.28161561489105225,0.14704866707324982,0.0291569996625185,1.0,0.4728660583496094,0.4910336136817932,0.48642945289611816,0.0,,,,,,,,,,,,,,,12.0,0.0,0.0,0.0,0.0,0.0,0.0,,,,,,,,,,,,,,,,,,,,,,0.001
35,11420,train,19.551448822021484,16.268335342407227,16.270492553710938,0.0,0.010696892626583576,0.010696892626583576,0.0,0.01684100367128849,9.999999747378752e-05,0.05000000074505806,0.009999999776482582,0.05000000074505806,0.0010000000474974513,0.0010000000474974513,1.0,0.00016018115275073797,0.11910581588745117,0.0,0.0,0.0,0.0,0.0,0.0,0.0,0.0,0.47269755601882935,0.47269755601882935,1.0,0.47269755601882935,0.47269755601882935,0.47269755601882935,0.0,-0.012258321978151798,0.31019851565361023,1.0,0.00016018115275073797,1.0,0.0,0.0,0.00016018115275073797,0.0,0.0,0.11910581588745117,0.0,0.4191058278083801,0.0,0.4191059470176697,0.4191059470176697,0.6800020337104797,0.0,0.0,0.0,0.0,0.0,0.0,0.0,0.0,1.0,0.0,-0.00019984850951004773,0.35798707604408264,0.07140947133302689,0.96523118019104,0.0,16.270492553710938,16.268335342407227,16.268335342407227,0.21303267776966095,-0.08153651654720306,-2.09897904612788e-10,0.0,0.0,4.022007465362549,4.022007465362549,1.8552461862564087,1.8552461862564087,0.837553858757019,0.0,0.0,0.0,0.0,0.4191058278083801,2.1715871767469253e-08,0.4191059172153473,0.41910597681999207,0.6800020337104797,0.0,1.8552461862564087,1.8552461862564087,1.8552461862564087,1.8502603769302368,0.31019851565361023,0.1479298621416092,0.02938874252140522,1.0,0.5189093351364136,0.533647358417511,0.5604652166366577,0.0,,,,,,,,,,,,,,,12.0,0.0,0.0,0.0,0.0,0.0,0.0,,,,,,,,,,,,,,,,,,,,,,0.001
35,11440,train,17.579965591430664,14.625823020935059,14.62551498413086,0.0,0.010997047647833824,0.010997047647833824,0.0,0.01682286150753498,9.999999747378752e-05,0.05000000074505806,0.009999999776482582,0.05000000074505806,0.0010000000474974513,0.0010000000474974513,1.0,0.00031596043845638633,0.11988082528114319,0.0,0.0,0.0,0.0,0.0,0.0,0.0,0.0,0.4727795422077179,0.4727795422077179,1.0,0.4727795422077179,0.4727795422077179,0.4727795422077179,0.0,-0.006545754615217447,0.2953247129917145,1.0,0.00031596043845638633,1.0,0.0,0.0,0.00031596043845638633,0.0,0.0,0.11988082528114319,0.0,0.41988083720207214,0.0,0.41988083720207214,0.41988083720207214,0.6802538633346558,0.0,0.0,0.0,0.0,0.0,0.0,0.0,0.0,1.0,0.0,-0.0003895688569173217,0.3578272759914398,0.0710916742682457,0.9650368690490723,0.0,14.62551498413086,14.625823020935059,14.625823020935059,0.19899678230285645,-0.07000894099473953,1.5753569282406232e-10,0.0,0.0,4.177572250366211,4.177572250366211,1.851456642150879,1.851456642150879,0.819750189781189,0.0,0.0,0.0,0.0,0.41988083720207214,0.0,0.41988083720207214,0.41988083720207214,0.6802538633346558,0.0,1.8514564037322998,1.8514564037322998,1.851456642150879,1.8561041355133057,0.2953247129917145,0.14878250658512115,0.02908564731478691,1.0,0.530515193939209,0.5207737684249878,0.552182674407959,0.0,,,,,,,,,,,,,,,12.0,0.0,0.0,0.0,0.0,0.0,0.0,,,,,,,,,,,,,,,,,,,,,,0.001
35,11460,train,20.851289749145508,17.3516845703125,17.352933883666992,0.0,0.009850375354290009,0.009850375354290009,0.0,0.01688036136329174,9.999999747378752e-05,0.05000000074505806,0.009999999776482582,0.05000000074505806,0.0010000000474974513,0.0010000000474974513,1.0,0.0001359896268695593,0.1213161051273346,0.0,0.0,0.0,0.0,0.0,0.0,0.0,0.0,0.4733821451663971,0.4733821451663971,1.0,0.4733821451663971,0.4733821451663971,0.4733821451663971,0.0,-0.008592185564339161,0.2806568443775177,1.0,0.0001359896268695593,1.0,0.0,0.0,0.0001359896268695593,0.0,0.0,0.1213161051273346,0.0,0.42131611704826355,0.0,0.421315997838974,0.421315997838974,0.6807135343551636,0.0,0.0,0.0,0.0,0.0,0.0,0.0,0.0,1.0,0.0,5.383016832638532e-05,0.3576362729072571,0.07110023498535156,0.965022623538971,0.0,17.352933883666992,17.3516845703125,17.3516845703125,0.24626117944717407,-0.15223783254623413,-3.5076039295312e-10,0.0,0.0,4.156144142150879,4.156144142150879,1.8552745580673218,1.8552745580673218,1.076917052268982,0.0,0.0,0.0,0.0,0.42131611704826355,0.0,0.421315997838974,0.421315997838974,0.6807135343551636,0.0,1.8552745580673218,1.8552745580673218,1.8552745580673218,1.8526902198791504,0.2806568443775177,0.14933928847312927,0.0291526410728693,1.0,0.5112722516059875,0.5453166365623474,0.5436207056045532,0.0,,,,,,,,,,,,,,,12.0,0.0,0.0,0.0,0.0,0.0,0.0,,,,,,,,,,,,,,,,,,,,,,0.001
35,11480,train,18.305736541748047,15.230879783630371,15.229132652282715,0.0,0.009489967487752438,0.009489967487752438,0.0,0.01688845083117485,9.999999747378752e-05,0.05000000074505806,0.009999999776482582,0.05000000074505806,0.0010000000474974513,0.0010000000474974513,1.0,0.00014235556591302156,0.12223643064498901,0.0,0.0,0.0,0.0,0.0,0.0,0.0,0.0,0.4738692045211792,0.4738692045211792,1.0,0.4738692045211792,0.4738692045211792,0.4738692045211792,0.0,-0.008997773751616478,0.2757941484451294,1.0,0.00014235556591302156,1.0,0.0,0.0,0.00014235556591302156,0.0,0.0,0.12223643064498901,0.0,0.42223644256591797,0.0,0.4222363233566284,0.4222363233566284,0.6810036301612854,0.0,0.0,0.0,0.0,0.0,0.0,0.0,0.0,1.0,0.0,1.7393786038155667e-05,0.3557420074939728,0.0716065987944603,0.9651265740394592,0.0,15.229132652282715,15.230879783630371,15.230879783630371,0.21855100989341736,-0.10450413078069687,-2.7998790785854766e-11,0.0,0.0,4.008899688720703,4.008899688720703,1.8552601337432861,1.8552601337432861,0.8803971409797668,0.0,0.0,0.0,0.0,0.42223644256591797,0.0,0.4222363233566284,0.4222363233566284,0.6810036301612854,0.0,1.8552601337432861,1.8552601337432861,1.8552601337432861,1.8546936511993408,0.2757941484451294,0.14965619146823883,0.029008053243160248,1.0,0.5600114464759827,0.5397068858146667,0.5086557865142822,0.0,,,,,,,,,,,,,,,12.0,0.0,0.0,0.0,0.0,0.0,0.0,,,,,,,,,,,,,,,,,,,,,,0.001
35,11500,train,18.74643898010254,15.597633361816406,15.598694801330566,0.0,0.008851172402501106,0.008851172402501106,0.0,0.016855629161000252,9.999999747378752e-05,0.05000000074505806,0.009999999776482582,0.05000000074505806,0.0010000000474974513,0.0010000000474974513,1.0,0.00033420458203181624,0.12362244725227356,0.0,0.0,0.0,0.0,0.0,0.0,0.0,0.0,0.4749564826488495,0.4749564826488495,1.0,0.4749564826488495,0.4749564528465271,0.4749564528465271,0.0,-0.006757729221135378,0.2676248848438263,1.0,0.00033420458203181624,1.0,0.0,0.0,0.00033420458203181624,0.0,0.0,0.12362244725227356,0.0,0.4236224591732025,0.0,0.42362260818481445,0.42362260818481445,0.6814345717430115,0.0,0.0,0.0,0.0,0.0,0.0,0.0,0.0,1.0,0.0,1.2296073691686615e-05,0.35657837986946106,0.07149693369865417,0.9658381342887878,0.0,15.598694801330566,15.597633361816406,15.597633361816406,0.21315324306488037,-0.07925403118133545,-1.1526746224177487e-10,0.0,0.0,4.028210639953613,4.028210639953613,1.8553346395492554,1.8553346395492554,0.8721356987953186,0.0,0.0,0.0,0.0,0.4236224591732025,0.0,0.42362260818481445,0.42362260818481445,0.6814345717430115,0.0,1.8553345203399658,1.8553345203399658,1.8553346395492554,1.8634686470031738,0.2676248848438263,0.14919964969158173,0.028957003727555275,1.0,0.5544909834861755,0.5564786195755005,0.5082482695579529,0.0,,,,,,,,,,,,,,,12.0,0.0,0.0,0.0,0.0,0.0,0.0,,,,,,,,,,,,,,,,,,,,,,0.001
35,11520,train,17.473739624023438,14.537373542785645,14.536571502685547,0.0,0.007731976918876171,0.007731976918876171,0.0,0.01681171916425228,9.999999747378752e-05,0.05000000074505806,0.009999999776482582,0.05000000074505806,0.0010000000474974513,0.0010000000474974513,1.0,0.0001389642129652202,0.12471404671669006,0.0,0.0,0.0,0.0,0.0,0.0,0.0,0.0,0.4756547808647156,0.4756547808647156,1.0,0.4756547808647156,0.47565481066703796,0.47565481066703796,0.0,-0.009040872566401958,0.26539337635040283,1.0,0.0001389642129652202,1.0,0.0,0.0,0.0001389642129652202,0.0,0.0,0.12471404671669006,0.0,0.424714058637619,0.0,0.42471393942832947,0.42471393942832947,0.6817682385444641,0.0,0.0,0.0,0.0,0.0,0.0,0.0,0.0,1.0,0.0,0.0002199510345235467,0.3579305112361908,0.07145543396472931,0.9666278958320618,0.0,14.536571502685547,14.537373542785645,14.537373542785645,0.21129368245601654,-0.050132863223552704,-2.6499955008141285e-10,0.0,0.0,4.11317777633667,4.11317777633667,1.8547483682632446,1.8547483682632446,0.8300381302833557,0.0,0.0,0.0,0.0,0.424714058637619,0.0,0.42471393942832947,0.42471393942832947,0.6817682385444641,0.0,1.854748249053955,1.854748249053955,1.8547483682632446,1.85469651222229,0.26539337635040283,0.149298757314682,0.029036810621619225,1.0,0.5316265225410461,0.5625118613243103,0.5709906220436096,0.0,,,,,,,,,,,,,,,12.0,0.0,0.0,0.0,0.0,0.0,0.0,,,,,,,,,,,,,,,,,,,,,,0.001
35,11540,train,17.4781436920166,14.540383338928223,14.543582916259766,0.0,0.008843221701681614,0.008843221701681614,0.0,0.01683090440928936,9.999999747378752e-05,0.05000000074505806,0.009999999776482582,0.05000000074505806,0.0010000000474974513,0.0010000000474974513,1.0,0.0003121421323157847,0.12386360764503479,0.0,0.0,0.0,0.0,0.0,0.0,0.0,0.0,0.4745931327342987,0.4745931327342987,1.0,0.4745931327342987,0.4745931327342987,0.4745931327342987,0.0,-0.00862134899944067,0.27783095836639404,1.0,0.0003121421323157847,1.0,0.0,0.0,0.0003121421323157847,0.0,0.0,0.12386360764503479,0.0,0.42386361956596375,0.0,0.4238637089729309,0.4238637089729309,0.6815085411071777,0.0,0.0,0.0,0.0,0.0,0.0,0.0,0.0,1.0,0.0,0.00012498708383645862,0.35880962014198303,0.07135649025440216,0.9667931199073792,0.0,14.543582916259766,14.540383338928223,14.540383338928223,0.2050236165523529,-0.11318421363830566,4.2418143997302593e-10,0.0,0.0,4.010773181915283,4.010772705078125,1.8576993942260742,1.8576993942260742,0.837357223033905,0.0,0.0,0.0,0.0,0.42386361956596375,0.0,0.4238636791706085,0.4238636791706085,0.6815085411071777,0.0,1.8576993942260742,1.8576993942260742,1.8576993942260742,1.8555278778076172,0.27783095836639404,0.14929525554180145,0.028946489095687866,1.0,0.5328024625778198,0.49503597617149353,0.5478861927986145,0.0,,,,,,,,,,,,,,,12.0,0.0,0.0,0.0,0.0,0.0,0.0,,,,,,,,,,,,,,,,,,,,,,0.001
35,11560,train,19.845361709594727,16.513784408569336,16.512422561645508,0.0,0.009232861921191216,0.009232861921191216,0.0,0.016733461990952492,9.999999747378752e-05,0.05000000074505806,0.009999999776482582,0.05000000074505806,0.0010000000474974513,0.0010000000474974513,1.0,0.00018273675232194364,0.12410089373588562,0.0,0.0,0.0,0.0,0.0,0.0,0.0,0.0,0.47510138154029846,0.47510138154029846,1.0,0.47510138154029846,0.47510138154029846,0.47510138154029846,0.0,-0.008211667649447918,0.2774757146835327,1.0,0.00018273675232194364,1.0,0.0,0.0,0.00018273675232194364,0.0,0.0,0.12410089373588562,0.0,0.4241008758544922,0.0,0.4241008460521698,0.4241008460521698,0.6815813183784485,0.0,0.0,0.0,0.0,0.0,0.0,0.0,0.0,1.0,0.0,0.0005524777225218713,0.35630813241004944,0.07128050178289413,0.9672005772590637,0.0,16.512422561645508,16.513784408569336,16.513784408569336,0.24287697672843933,-0.09205646812915802,5.408077874413664e-10,0.0,0.0,4.151660442352295,4.151660442352295,1.854602575302124,1.854602575302124,1.0274924039840698,0.0,0.0,0.0,0.0,0.4241009056568146,0.0,0.4241008460521698,0.4241008460521698,0.6815813183784485,0.0,1.854602575302124,1.854602575302124,1.854602575302124,1.8602912425994873,0.2774757146835327,0.1491411179304123,0.028972458094358444,1.0,0.6298127770423889,0.5966799855232239,0.5868719816207886,0.0,,,,,,,,,,,,,,,12.0,0.0,0.0,0.0,0.0,0.0,0.0,,,,,,,,,,,,,,,,,,,,,,0.001
35,11580,train,17.965951919555664,14.947189331054688,14.948046684265137,0.0,0.010602163150906563,0.010602163150906563,0.0,0.01677410677075386,9.999999747378752e-05,0.05000000074505806,0.009999999776482582,0.05000000074505806,0.0010000000474974513,0.0010000000474974513,1.0,0.00032523556728847325,0.12149420380592346,0.0,0.0,0.0,0.0,0.0,0.0,0.0,0.0,0.4750162959098816,0.4750162959098816,1.0,0.4750162959098816,0.4750162959098816,0.4750162959098816,0.0,-0.010845866054296494,0.29926010966300964,1.0,0.00032523556728847325,1.0,0.0,0.0,0.00032523556728847325,0.0,0.0,0.12149420380592346,0.0,0.4214942157268524,0.0,0.4214940667152405,0.4214940667152405,0.680769681930542,0.0,0.0,0.0,0.0,0.0,0.0,0.0,0.0,1.0,0.0,-1.0631521945470013e-05,0.35701748728752136,0.07096987217664719,0.9668715000152588,0.0,14.948046684265137,14.947189331054688,14.947189331054688,0.2237093150615692,-0.1235126331448555,-2.920005903739309e-11,0.0,0.0,4.1552863121032715,4.1552863121032715,1.8534537553787231,1.8534537553787231,0.9746893048286438,0.0,0.0,0.0,0.0,0.4214942157268524,0.0,0.4214940369129181,0.4214940369129181,0.680769681930542,0.0,1.853453516960144,1.853453516960144,1.8534537553787231,1.8596996068954468,0.29926010966300964,0.1491648107767105,0.02898428402841091,1.0,0.5432003140449524,0.5587091445922852,0.5460204482078552,0.0,,,,,,,,,,,,,,,12.0,0.0,0.0,0.0,0.0,0.0,0.0,,,,,,,,,,,,,,,,,,,,,,0.001
35,11600,train,18.218421936035156,15.157785415649414,15.15754222869873,0.0,0.011691032908856869,0.011691032908856869,0.0,0.01686730794608593,9.999999747378752e-05,0.05000000074505806,0.009999999776482582,0.05000000074505806,0.0010000000474974513,0.0010000000474974513,1.0,0.0002357604680582881,0.1188623309135437,0.0,0.0,0.0,0.0,0.0,0.0,0.0,0.0,0.4737381637096405,0.4737381637096405,1.0,0.4737381637096405,0.4737381637096405,0.4737381637096405,0.0,-0.009232500568032265,0.3130909204483032,1.0,0.0002357604680582881,1.0,0.0,0.0,0.0002357604680582881,0.0,0.0,0.1188623309135437,0.0,0.41886234283447266,0.0,0.4188622832298279,0.4188622832298279,0.6799221038818359,0.0,0.0,0.0,0.0,0.0,0.0,0.0,0.0,1.0,0.0,-0.0007311207009479403,0.3581305146217346,0.07100380212068558,0.965610921382904,0.0,15.15754222869873,15.157785415649414,15.157785415649414,0.23755767941474915,-0.11342141777276993,2.648554292550287e-11,0.0,0.0,4.096920490264893,4.096920490264893,1.8567395210266113,1.8567395210266113,1.0030516386032104,0.0,0.0,0.0,0.0,0.41886234283447266,0.0,0.4188622534275055,0.4188622534275055,0.6799221038818359,0.0,1.8567394018173218,1.8567394018173218,1.8567395210266113,1.8538867235183716,0.3130909204483032,0.14979396760463715,0.028929604217410088,1.0,0.547757089138031,0.5146557092666626,0.567737877368927,0.0,,,,,,,,,,,,,,,12.0,0.0,0.0,0.0,0.0,0.0,0.0,,,,,,,,,,,,,,,,,,,,,,0.001
35,11620,train,18.34922218322754,15.266876220703125,15.266406059265137,0.0,0.011899512261152267,0.011899512261152267,0.0,0.01701393350958824,9.999999747378752e-05,0.05000000074505806,0.009999999776482582,0.05000000074505806,0.0010000000474974513,0.0010000000474974513,1.0,0.00022026532678864896,0.11856570839881897,0.0,0.0,0.0,0.0,0.0,0.0,0.0,0.0,0.47248193621635437,0.47248193621635437,1.0,0.47248193621635437,0.47248193621635437,0.47248193621635437,0.0,-0.009293289855122566,0.30596035718917847,1.0,0.00022026532678864896,1.0,0.0,0.0,0.00022026532678864896,0.0,0.0,0.11856570839881897,0.0,0.4185657203197479,0.0,0.4185656011104584,0.4185656011104584,0.6798248887062073,0.0,0.0,0.0,0.0,0.0,0.0,0.0,0.0,1.0,0.0,-0.0007107144920155406,0.3550330400466919,0.07122036814689636,0.9650160074234009,0.0,15.266406059265137,15.266876220703125,15.266876220703125,0.21264071762561798,-0.11309904605150223,1.4595161190733563e-10,0.0,0.0,4.112615585327148,4.112615585327148,1.85215425491333,1.85215425491333,0.9082238078117371,0.0,0.0,0.0,0.0,0.4185657203197479,0.0,0.4185656011104584,0.4185656011104584,0.6798248887062073,0.0,1.85215425491333,1.85215425491333,1.85215425491333,1.8509801626205444,0.30596035718917847,0.1499226987361908,0.02894848771393299,1.0,0.4928588271141052,0.5895456075668335,0.5264246463775635,0.0,,,,,,,,,,,,,,,12.0,0.0,0.0,0.0,0.0,0.0,0.0,,,,,,,,,,,,,,,,,,,,,,0.001
35,11640,train,16.497360229492188,13.723886489868164,13.72301959991455,0.0,0.008929084055125713,0.008929084055125713,0.0,0.017031194642186165,9.999999747378752e-05,0.05000000074505806,0.009999999776482582,0.05000000074505806,0.0010000000474974513,0.0010000000474974513,1.0,0.00016281692660413682,0.11721724271774292,0.0,0.0,0.0,0.0,0.0,0.0,0.0,0.0,0.4717821478843689,0.4717821478843689,1.0,0.4717821478843689,0.4717821478843689,0.4717821478843689,0.0,-0.0118852024897933,0.31118741631507874,1.0,0.00016281692660413682,1.0,0.0,0.0,0.00016281692660413682,0.0,0.0,0.11721724271774292,0.0,0.4172172546386719,0.0,0.4172171354293823,0.4172171354293823,0.6793780326843262,0.0,0.0,0.0,0.0,0.0,0.0,0.0,0.0,1.0,0.0,-4.609950337908231e-05,0.35501769185066223,0.0712432935833931,0.9644489884376526,0.0,13.72301959991455,13.723886489868164,13.723886489868164,0.1973770558834076,-0.09619241952896118,1.6755362375331373e-10,0.0,0.0,4.016496181488037,4.016496181488037,1.8535985946655273,1.8535985946655273,0.797511637210846,0.0,0.0,0.0,0.0,0.4172172546386719,0.0,0.4172171354293823,0.4172171354293823,0.6793780326843262,0.0,1.8535985946655273,1.8535985946655273,1.8535985946655273,1.8548928499221802,0.31118741631507874,0.1495715230703354,0.02869310975074768,1.0,0.5827354192733765,0.5636724829673767,0.6278226375579834,0.0,,,,,,,,,,,,,,,12.0,0.0,0.0,0.0,0.0,0.0,0.0,,,,,,,,,,,,,,,,,,,,,,0.001
35,11660,train,19.398452758789062,16.141328811645508,16.141002655029297,0.0,0.011308389715850353,0.011308389715850353,0.0,0.01717134192585945,9.999999747378752e-05,0.05000000074505806,0.009999999776482582,0.05000000074505806,0.0010000000474974513,0.0010000000474974513,1.0,0.00014391139848157763,0.11521103978157043,0.0,0.0,0.0,0.0,0.0,0.0,0.0,0.0,0.47069910168647766,0.47069910168647766,1.0,0.47069910168647766,0.4706990718841553,0.4706990718841553,0.0,-0.010747116059064865,0.3197278380393982,1.0,0.00014391139848157763,1.0,0.0,0.0,0.00014391139848157763,0.0,0.0,0.11521103978157043,0.0,0.4152110517024994,0.0,0.41521120071411133,0.41521120071411133,0.6786993741989136,0.0,0.0,0.0,0.0,0.0,0.0,0.0,0.0,1.0,0.0,0.00011950344924116507,0.3548898696899414,0.0714854747056961,0.9633235335350037,0.0,16.141002655029297,16.141328811645508,16.141328811645508,0.22189849615097046,-0.1134665235877037,-7.867682616513605e-10,0.0,0.0,4.129013538360596,4.129013538360596,1.847554326057434,1.847554326057434,0.969574511051178,0.0,0.0,0.0,0.0,0.4152110517024994,0.0,0.41521120071411133,0.41521120071411133,0.6786993741989136,0.0,1.847554326057434,1.847554326057434,1.847554326057434,1.8510833978652954,0.3197278380393982,0.15018442273139954,0.028786612674593925,1.0,0.5862441658973694,0.5638668537139893,0.6024339199066162,0.0,,,,,,,,,,,,,,,12.0,0.0,0.0,0.0,0.0,0.0,0.0,,,,,,,,,,,,,,,,,,,,,,0.001
35,11680,train,17.114906311035156,14.238273620605469,14.238953590393066,0.0,0.01242030132561922,0.01242030132561922,0.0,0.017520515248179436,9.999999747378752e-05,0.05000000074505806,0.009999999776482582,0.05000000074505806,0.0010000000474974513,0.0010000000474974513,1.0,0.00018827003077603877,0.11253824830055237,0.0,0.0,0.0,0.0,0.0,0.0,0.0,0.0,0.4684523046016693,0.4684523046016693,1.0,0.4684523046016693,0.4684523046016693,0.4684523046016693,0.0,-0.013489087112247944,0.33246898651123047,1.0,0.00018827003077603877,1.0,0.0,0.0,0.00018827003077603877,0.0,0.0,0.11253824830055237,0.0,0.4125382602214813,0.0,0.41253817081451416,0.41253817081451416,0.677768886089325,0.0,0.0,0.0,0.0,0.0,0.0,0.0,0.0,1.0,0.0,0.0005062959971837699,0.3543761372566223,0.07194707542657852,0.9611212611198425,0.0,14.238953590393066,14.238273620605469,14.238273620605469,0.20060737431049347,-0.07085510343313217,-8.376858234848683e-11,0.0,0.0,4.238434791564941,4.238434791564941,1.8556705713272095,1.8556705713272095,0.8098916411399841,0.0,0.0,0.0,0.0,0.4125382602214813,0.0,0.41253817081451416,0.41253817081451416,0.677768886089325,0.0,1.8556705713272095,1.8556705713272095,1.8556705713272095,1.853406548500061,0.33246898651123047,0.151264950633049,0.028888769447803497,1.0,0.5344392657279968,0.511339008808136,0.5480591654777527,0.0,,,,,,,,,,,,,,,12.0,0.0,0.0,0.0,0.0,0.0,0.0,,,,,,,,,,,,,,,,,,,,,,0.001
35,11690,train_epoch,18.395386313249965,15.305340472809569,15.305086027362389,0.0,0.010075700098459057,0.010075700098459057,0.0,0.01690306066128308,9.999999747378752e-05,0.05000000074505806,0.009999999776482582,0.05000000074505806,0.0010000000474974513,0.0010000000474974513,1.0,0.00019161855438752044,0.1206248561422268,0.0,0.0,0.0,0.0,0.0,0.0,0.0,0.0,0.473373641778609,0.473373641778609,1.0,0.473373641778609,0.4733736408863239,0.4733736408863239,0.0,-0.009434549229966845,0.29231885441406047,1.0,0.00019161855438752044,1.0,0.0,0.0,0.00019161855438752044,0.0,0.0,0.1206248561422268,0.0,0.42062486708164215,3.972552636561387e-09,0.4206248496820827,0.4206248641371013,0.6804698975143318,0.0,0.0,0.0,0.0,0.0,0.0,0.0,0.0,1.0,0.0,-3.746471961227133e-05,0.3567071919312734,0.07132927007125524,0.9653533192094929,0.0,15.305086027362389,15.305340472809569,15.305340472809569,0.22354315631760807,-0.1146084108749965,5.458591434307672e-12,0.0,0.0,4.080233137764616,4.080233149185866,1.8536033473328917,1.8536033473328917,0.9289368078737201,0.0,0.0,0.0,0.0,0.42062486806315574,7.857650552096228e-09,0.42062482211047303,0.42062486868775534,0.6804698975143318,0.0,1.85360329772184,1.85360329772184,1.8536033473328917,1.8537625395609234,0.29231885441406047,0.14906780711726514,0.029002655409053415,1.0,0.5451788217007757,0.5453194227225766,0.5453979277503704,0.0,,,,,,,,,,,,,,,12.0,0.0,0.0,0.0,0.0,0.0,0.0,,,,,,,,,,,,,,,,,,,,,,0.001
35,11690,val,,,,,,,,,,,,,,,,,,,,,,,,,,,,,,,,,,,,,,,,,,,,,,,,,,,,,,,,,,,,,,,,,,,,,,,,,,,,,,,,,,,,,,,,,,,,,,,,,,,,,,,,,,,,,,,,,,,,,,,,,15.24591064453125,613.6730346679688,24.772424884697273,0.10910438746213913,0.06506235152482986,14.166219711303711,22.870350182724984,0.09779558330774307,0.06051905080676079,15.222074508666992,24.77923521916839,0.10904845595359802,0.06496994942426682,16.99720001220703,27.5033622767006,0.12669703364372253,0.07241619378328323,15.24591064453125,24.772424884697273,0.10910438746213913,0.06506235152482986,0.001
35,11690,test_select,,,,,,,,,,,,,,,,,,,,,,,,,,,,,,,,,,,,,,,,,,,,,,,,,,,,,,,,,,,,,,,,,,,,,,,,,,,,,,,,,,,,,,,,,,,,,,,,,,,,,,,,,,,,,,,,,,,,,,,,,23.099308013916016,1315.56103515625,36.27066356101374,0.14869968593120575,0.09382310509681702,18.662817001342773,28.78763246957146,0.1202566921710968,0.07576017826795578,22.74768829345703,35.32657352298691,0.14377887547016144,0.09238609671592712,30.10491371154785,45.94910036354085,0.1963857263326645,0.12239327281713486,23.099308013916016,36.27066356101374,0.14869968593120575,0.09382310509681702,0.001
36,11700,train,17.12395477294922,14.246057510375977,14.246114730834961,0.0,0.010443084873259068,0.010443084873259068,0.0,0.017765497788786888,9.999999747378752e-05,0.05000000074505806,0.009999999776482582,0.05000000074505806,0.0010000000474974513,0.0010000000474974513,1.0,0.00019313169468659908,0.11136457324028015,0.0,0.0,0.0,0.0,0.0,0.0,0.0,0.0,0.46732935309410095,0.46732935309410095,1.0,0.46732935309410095,0.46732935309410095,0.46732935309410095,0.0,-0.012882540002465248,0.33242836594581604,1.0,0.00019313169468659908,1.0,0.0,0.0,0.00019313169468659908,0.0,0.0,0.11136457324028015,0.0,0.4113645851612091,0.0,0.4113645553588867,0.4113645553588867,0.6773512363433838,0.0,0.0,0.0,0.0,0.0,0.0,0.0,0.0,1.0,0.0,-0.00022503119544126093,0.35094761848449707,0.07227214425802231,0.9601079821586609,0.0,14.246114730834961,14.246057510375977,14.246057510375977,0.20075243711471558,-0.04852297157049179,-2.854781966377118e-10,0.0,0.0,3.9718148708343506,3.9718148708343506,1.852881669998169,1.852881669998169,0.8058983683586121,0.0,0.0,0.0,0.0,0.4113645851612091,0.0,0.4113645553588867,0.4113645553588867,0.6773512363433838,0.0,1.8528813123703003,1.8528813123703003,1.852881669998169,1.8532838821411133,0.33242836594581604,0.15143656730651855,0.02885604463517666,1.0,0.5415437817573547,0.5750465393066406,0.5691665410995483,0.0,,,,,,,,,,,,,,,12.0,0.0,0.0,0.0,0.0,0.0,0.0,,,,,,,,,,,,,,,,,,,,,,0.001
36,11720,train,17.4046688079834,14.48000431060791,14.480303764343262,0.0,0.009900580160319805,0.009900580160319805,0.0,0.01785454899072647,9.999999747378752e-05,0.05000000074505806,0.009999999776482582,0.05000000074505806,0.0010000000474974513,0.0010000000474974513,1.0,0.0002003185509238392,0.11075925827026367,0.0,0.0,0.0,0.0,0.0,0.0,0.0,0.0,0.4666152894496918,0.4666152894496918,1.0,0.4666152894496918,0.4666152894496918,0.4666152894496918,0.0,-0.011001556180417538,0.3289721608161926,1.0,0.0002003185509238392,1.0,0.0,0.0,0.0002003185509238392,0.0,0.0,0.11075925827026367,0.0,0.4107592701911926,0.0,0.41075941920280457,0.41075941920280457,0.6771336197853088,0.0,0.0,0.0,0.0,0.0,0.0,0.0,0.0,1.0,0.0,0.00015455024549737573,0.35370349884033203,0.07253944873809814,0.9597024321556091,0.0,14.480303764343262,14.48000431060791,14.48000431060791,0.20389315485954285,-0.08746444433927536,1.934809951142924e-11,0.0,0.0,4.126041412353516,4.126041412353516,1.8551181554794312,1.8551181554794312,0.8248008489608765,0.0,0.0,0.0,0.0,0.4107592701911926,0.0,0.41075941920280457,0.41075941920280457,0.6771336197853088,0.0,1.8551180362701416,1.8551180362701416,1.8551181554794312,1.8532973527908325,0.3289721608161926,0.15059520304203033,0.028865868225693703,1.0,0.5935572385787964,0.5617897510528564,0.5721973180770874,0.0,,,,,,,,,,,,,,,12.0,0.0,0.0,0.0,0.0,0.0,0.0,,,,,,,,,,,,,,,,,,,,,,0.001
36,11740,train,19.817298889160156,16.49048614501953,16.490184783935547,0.0,0.011158086359500885,0.011158086359500885,0.0,0.01780295930802822,9.999999747378752e-05,0.05000000074505806,0.009999999776482582,0.05000000074505806,0.0010000000474974513,0.0010000000474974513,1.0,0.0002543670416343957,0.11164498329162598,0.0,0.0,0.0,0.0,0.0,0.0,0.0,0.0,0.4683651924133301,0.4683651924133301,1.0,0.4683651924133301,0.46836525201797485,0.46836525201797485,0.0,-0.012447521090507507,0.31800276041030884,1.0,0.0002543670416343957,1.0,0.0,0.0,0.0002543670416343957,0.0,0.0,0.11164498329162598,0.0,0.41164499521255493,0.0,0.4116450250148773,0.4116450250148773,0.6774519681930542,0.0,0.0,0.0,0.0,0.0,0.0,0.0,0.0,1.0,0.0,-0.0002302519278600812,0.3512406051158905,0.07233776152133942,0.9605171084403992,0.0,16.490184783935547,16.49048614501953,16.49048614501953,0.23440614342689514,-0.14084888994693756,4.938553455069439e-10,0.0,0.0,4.086803436279297,4.086803436279297,1.856779932975769,1.856779932975769,0.9892565608024597,0.0,0.0,0.0,0.0,0.41164499521255493,0.0,0.41164499521255493,0.41164499521255493,0.6774519681930542,0.0,1.8567798137664795,1.856779932975769,1.856779932975769,1.855893850326538,0.31800276041030884,0.15069787204265594,0.028621239587664604,1.0,0.5487591028213501,0.5765017867088318,0.5427888631820679,0.0,,,,,,,,,,,,,,,12.0,0.0,0.0,0.0,0.0,0.0,0.0,,,,,,,,,,,,,,,,,,,,,,0.001
36,11760,train,17.05860137939453,14.191383361816406,14.191774368286133,0.0,0.011752679012715816,0.011752679012715816,0.0,0.017732298001646996,9.999999747378752e-05,0.05000000074505806,0.009999999776482582,0.05000000074505806,0.0010000000474974513,0.0010000000474974513,1.0,0.0001949820143636316,0.11256524920463562,0.0,0.0,0.0,0.0,0.0,0.0,0.0,0.0,0.4693771302700043,0.4693771302700043,1.0,0.4693771302700043,0.4693771004676819,0.4693771004676819,0.0,-0.01091664470732212,0.3103800117969513,1.0,0.0001949820143636316,1.0,0.0,0.0,0.0001949820143636316,0.0,0.0,0.11256524920463562,0.0,0.4125652313232422,0.0,0.4125652015209198,0.4125652015209198,0.6777784824371338,0.0,0.0,0.0,0.0,0.0,0.0,0.0,0.0,1.0,0.0,-0.000437887356383726,0.35306423902511597,0.07213352620601654,0.9614284634590149,0.0,14.191774368286133,14.191383361816406,14.191383361816406,0.19214163720607758,-0.022433379665017128,-1.5312291712366033e-10,0.0,0.0,3.9699018001556396,3.9699018001556396,1.8536685705184937,1.8536685705184937,0.7486584782600403,0.0,0.0,0.0,0.0,0.4125652611255646,0.0,0.4125652015209198,0.4125652015209198,0.6777784824371338,0.0,1.853668451309204,1.853668451309204,1.8536685705184937,1.8534908294677734,0.3103800117969513,0.15059831738471985,0.028812669217586517,1.0,0.5263363122940063,0.5515704154968262,0.5388188362121582,0.0,,,,,,,,,,,,,,,12.0,0.0,0.0,0.0,0.0,0.0,0.0,,,,,,,,,,,,,,,,,,,,,,0.001
36,11780,train,18.755023956298828,15.605067253112793,15.605801582336426,0.0,0.011907021515071392,0.011907021515071392,0.0,0.01783754862844944,9.999999747378752e-05,0.05000000074505806,0.009999999776482582,0.05000000074505806,0.0010000000474974513,0.0010000000474974513,1.0,0.00013720427523367107,0.11163133382797241,0.0,0.0,0.0,0.0,0.0,0.0,0.0,0.0,0.4681558907032013,0.4681558907032013,1.0,0.4681558907032013,0.4681558907032013,0.4681558907032013,0.0,-0.012097070924937725,0.31951749324798584,1.0,0.00013720427523367107,1.0,0.0,0.0,0.00013720427523367107,0.0,0.0,0.11163133382797241,0.0,0.41163134574890137,0.0,0.4116312861442566,0.4116312861442566,0.6774466037750244,0.0,0.0,0.0,0.0,0.0,0.0,0.0,0.0,1.0,0.0,0.00012184093793621287,0.35289716720581055,0.07223129272460938,0.9611193537712097,0.0,15.605801582336426,15.605067253112793,15.605067253112793,0.22551611065864563,-0.10006649792194366,-2.2124890808328246e-10,0.0,0.0,3.966440439224243,3.966440439224243,1.86052405834198,1.86052405834198,0.911612868309021,0.0,0.0,0.0,0.0,0.41163134574890137,0.0,0.4116312563419342,0.4116312563419342,0.6774466037750244,0.0,1.8605239391326904,1.8605239391326904,1.86052405834198,1.8544049263000488,0.31951749324798584,0.15064315497875214,0.028731083497405052,1.0,0.504859209060669,0.4961220622062683,0.5221808552742004,0.0,,,,,,,,,,,,,,,12.0,0.0,0.0,0.0,0.0,0.0,0.0,,,,,,,,,,,,,,,,,,,,,,0.001
36,11800,train,17.437145233154297,14.507251739501953,14.505814552307129,0.0,0.010138760320842266,0.010138760320842266,0.0,0.017930397763848305,9.999999747378752e-05,0.05000000074505806,0.009999999776482582,0.05000000074505806,0.0010000000474974513,0.0010000000474974513,1.0,0.00014542345888912678,0.11150088906288147,0.0,0.0,0.0,0.0,0.0,0.0,0.0,0.0,0.46850284934043884,0.46850284934043884,1.0,0.46850284934043884,0.46850284934043884,0.46850284934043884,0.0,-0.01101663801819086,0.31986942887306213,1.0,0.00014542345888912678,1.0,0.0,0.0,0.00014542345888912678,0.0,0.0,0.11150088906288147,0.0,0.4115009009838104,0.0,0.41150087118148804,0.41150087118148804,0.6774004101753235,0.0,0.0,0.0,0.0,0.0,0.0,0.0,0.0,1.0,0.0,-2.184998447773978e-05,0.35145750641822815,0.07214013487100601,0.9604587554931641,0.0,14.505814552307129,14.507251739501953,14.507251739501953,0.2001011222600937,-0.0783410519361496,4.363265304618835e-11,0.0,0.0,4.080512046813965,4.080512046813965,1.8592307567596436,1.8592307567596436,0.8073486685752869,0.0,0.0,0.0,0.0,0.4115009009838104,0.0,0.41150087118148804,0.41150087118148804,0.6774004101753235,0.0,1.8592307567596436,1.8592307567596436,1.8592307567596436,1.8554229736328125,0.31986942887306213,0.1507185995578766,0.028817391023039818,1.0,0.6026926636695862,0.5787103772163391,0.5315842628479004,0.0,,,,,,,,,,,,,,,12.0,0.0,0.0,0.0,0.0,0.0,0.0,,,,,,,,,,,,,,,,,,,,,,0.001
36,11820,train,18.340946197509766,15.260302543640137,15.259770393371582,0.0,0.009867136366665363,0.009867136366665363,0.0,0.018097909167408943,9.999999747378752e-05,0.05000000074505806,0.009999999776482582,0.05000000074505806,0.0010000000474974513,0.0010000000474974513,1.0,0.0002124988823197782,0.11214396357536316,0.0,0.0,0.0,0.0,0.0,0.0,0.0,0.0,0.46804147958755493,0.46804147958755493,1.0,0.46804147958755493,0.46804144978523254,0.46804144978523254,0.0,-0.011336413212120533,0.31447097659111023,1.0,0.0002124988823197782,1.0,0.0,0.0,0.0002124988823197782,0.0,0.0,0.11214396357536316,0.0,0.4121439754962921,0.0,0.4121440649032593,0.4121440649032593,0.6776295304298401,0.0,0.0,0.0,0.0,0.0,0.0,0.0,0.0,1.0,0.0,0.00018845443264581263,0.34842824935913086,0.07221001386642456,0.9599137306213379,0.0,15.259770393371582,15.260302543640137,15.260302543640137,0.23768165707588196,-0.12049493193626404,-5.200691544082758e-10,0.0,0.0,4.148987293243408,4.148987293243408,1.8622825145721436,1.8622825145721436,1.0410528182983398,0.0,0.0,0.0,0.0,0.4121439754962921,0.0,0.4121440649032593,0.4121440649032593,0.6776295304298401,0.0,1.8622825145721436,1.8622825145721436,1.8622825145721436,1.8642804622650146,0.31447097659111023,0.15009655058383942,0.02866527996957302,1.0,0.6487220525741577,0.6164897680282593,0.6227376461029053,0.0,,,,,,,,,,,,,,,12.0,0.0,0.0,0.0,0.0,0.0,0.0,,,,,,,,,,,,,,,,,,,,,,0.001
36,11840,train,19.13287925720215,15.92048454284668,15.918595314025879,0.0,0.009353913366794586,0.009353913366794586,0.0,0.01831880956888199,9.999999747378752e-05,0.05000000074505806,0.009999999776482582,0.05000000074505806,0.0010000000474974513,0.0010000000474974513,1.0,0.00013748047058470547,0.11144369840621948,0.0,0.0,0.0,0.0,0.0,0.0,0.0,0.0,0.4682445824146271,0.4682445824146271,1.0,0.4682445824146271,0.4682445824146271,0.4682445824146271,0.0,-0.014196318574249744,0.32267290353775024,1.0,0.00013748047058470547,1.0,0.0,0.0,0.00013748047058470547,0.0,0.0,0.11144369840621948,0.0,0.41144371032714844,0.0,0.4114435911178589,0.4114435911178589,0.6773796677589417,0.0,0.0,0.0,0.0,0.0,0.0,0.0,0.0,1.0,0.0,0.00017634536197874695,0.34848931431770325,0.07268285751342773,0.95921391248703,0.0,15.918595314025879,15.92048454284668,15.92048454284668,0.25149303674697876,-0.11362286657094955,4.5152379057888936e-10,0.0,0.0,3.7831521034240723,3.7831521034240723,1.8621494770050049,1.8621494770050049,0.9592441320419312,0.0,0.0,0.0,0.0,0.41144371032714844,0.0,0.4114435911178589,0.4114435911178589,0.6773796677589417,0.0,1.8621494770050049,1.8621494770050049,1.8621494770050049,1.8674567937850952,0.32267290353775024,0.1501854509115219,0.028871608898043633,1.0,0.47950878739356995,0.5228065252304077,0.5179253220558167,0.0,,,,,,,,,,,,,,,12.0,0.0,0.0,0.0,0.0,0.0,0.0,,,,,,,,,,,,,,,,,,,,,,0.001
36,11860,train,17.659706115722656,14.692264556884766,14.694293975830078,0.0,0.009795556776225567,0.009795556776225567,0.0,0.018433041870594025,9.999999747378752e-05,0.05000000074505806,0.009999999776482582,0.05000000074505806,0.0010000000474974513,0.0010000000474974513,1.0,0.00015669839922338724,0.11174771189689636,0.0,0.0,0.0,0.0,0.0,0.0,0.0,0.0,0.4663231074810028,0.4663231074810028,1.0,0.4663231074810028,0.4663231074810028,0.4663231074810028,0.0,-0.009249618276953697,0.3192831575870514,1.0,0.00015669839922338724,1.0,0.0,0.0,0.00015669839922338724,0.0,0.0,0.11174771189689636,0.0,0.4117477238178253,0.0,0.41174763441085815,0.41174763441085815,0.677488386631012,0.0,0.0,0.0,0.0,0.0,0.0,0.0,0.0,1.0,0.0,0.00016579515067860484,0.3494932949542999,0.0731876790523529,0.9590649008750916,0.0,14.694293975830078,14.692264556884766,14.692264556884766,0.20308977365493774,-0.09802383929491043,2.462213211096298e-10,0.0,0.0,4.135583400726318,4.135583400726318,1.8641927242279053,1.8641927242279053,0.879913330078125,0.0,0.0,0.0,0.0,0.4117477238178253,0.0,0.41174760460853577,0.41174760460853577,0.677488386631012,0.0,1.8641924858093262,1.8641924858093262,1.8641927242279053,1.8581407070159912,0.3192831575870514,0.15001696348190308,0.028657369315624237,1.0,0.5211643576622009,0.5488641262054443,0.49772128462791443,0.0,,,,,,,,,,,,,,,12.0,0.0,0.0,0.0,0.0,0.0,0.0,,,,,,,,,,,,,,,,,,,,,,0.001
36,11880,train,19.98957633972168,16.633926391601562,16.6346378326416,0.0,0.00895962119102478,0.00895962119102478,0.0,0.018222592771053314,9.999999747378752e-05,0.05000000074505806,0.009999999776482582,0.05000000074505806,0.0010000000474974513,0.0010000000474974513,1.0,0.0001890699495561421,0.11557403206825256,0.0,0.0,0.0,0.0,0.0,0.0,0.0,0.0,0.46927210688591003,0.46927210688591003,1.0,0.46927210688591003,0.46927207708358765,0.46927207708358765,0.0,-0.007710064295679331,0.289494127035141,1.0,0.0001890699495561421,1.0,0.0,0.0,0.0001890699495561421,0.0,0.0,0.11557403206825256,0.0,0.4155740439891815,0.0,0.41557395458221436,0.41557395458221436,0.6788233518600464,0.0,0.0,0.0,0.0,0.0,0.0,0.0,0.0,1.0,0.0,0.00024399132234975696,0.35048708319664,0.07309126108884811,0.9605224132537842,0.0,16.6346378326416,16.633926391601562,16.633926391601562,0.23084226250648499,-0.08066599071025848,-6.803885788109199e-10,0.0,0.0,3.8197855949401855,3.8197855949401855,1.8649011850357056,1.8649011850357056,0.8892364501953125,0.0,0.0,0.0,0.0,0.4155740439891815,0.0,0.41557395458221436,0.41557395458221436,0.6788233518600464,0.0,1.8649011850357056,1.8649011850357056,1.8649011850357056,1.8648144006729126,0.289494127035141,0.14956682920455933,0.028687937185168266,1.0,0.4948490560054779,0.5488448739051819,0.5027850866317749,0.0,,,,,,,,,,,,,,,12.0,0.0,0.0,0.0,0.0,0.0,0.0,,,,,,,,,,,,,,,,,,,,,,0.001
36,11900,train,17.97989845275879,14.959202766418457,14.959745407104492,0.0,0.008058952167630196,0.008058952167630196,0.0,0.018244631588459015,9.999999747378752e-05,0.05000000074505806,0.009999999776482582,0.05000000074505806,0.0010000000474974513,0.0010000000474974513,1.0,0.00019923858053516597,0.11905410885810852,0.0,0.0,0.0,0.0,0.0,0.0,0.0,0.0,0.4704010784626007,0.4704010784626007,1.0,0.4704010784626007,0.4704010486602783,0.4704010486602783,0.0,-0.00916553009301424,0.27100518345832825,1.0,0.00019923858053516597,1.0,0.0,0.0,0.00019923858053516597,0.0,0.0,0.11905410885810852,0.0,0.4190541207790375,0.0,0.41905421018600464,0.41905421018600464,0.6799850463867188,0.0,0.0,0.0,0.0,0.0,0.0,0.0,0.0,1.0,0.0,0.00010847264638869092,0.3495478928089142,0.07324381172657013,0.961581289768219,0.0,14.959745407104492,14.959202766418457,14.959202766418457,0.2132924348115921,-0.07541846483945847,1.3761965178549218e-10,0.0,0.0,3.9897191524505615,3.9897191524505615,1.8679531812667847,1.8679531812667847,0.8347448110580444,0.0,0.0,0.0,0.0,0.4190541207790375,0.0,0.41905418038368225,0.41905418038368225,0.6799850463867188,0.0,1.867952823638916,1.8679529428482056,1.8679531812667847,1.8692190647125244,0.27100518345832825,0.14906325936317444,0.028759589418768883,1.0,0.4751090109348297,0.5077999234199524,0.48717188835144043,0.0,,,,,,,,,,,,,,,12.0,0.0,0.0,0.0,0.0,0.0,0.0,,,,,,,,,,,,,,,,,,,,,,0.001
36,11920,train,17.721445083618164,14.743632316589355,14.744945526123047,0.0,0.008382013067603111,0.008382013067603111,0.0,0.01825678162276745,9.999999747378752e-05,0.05000000074505806,0.009999999776482582,0.05000000074505806,0.0010000000474974513,0.0010000000474974513,1.0,0.00017622191808186471,0.11930382251739502,0.0,0.0,0.0,0.0,0.0,0.0,0.0,0.0,0.4713989496231079,0.4713989496231079,1.0,0.4713989496231079,0.4713989496231079,0.4713989496231079,0.0,-0.010673888027668,0.2833528518676758,1.0,0.00017622191808186471,1.0,0.0,0.0,0.00017622191808186471,0.0,0.0,0.11930382251739502,0.0,0.419303834438324,0.0,0.41930365562438965,0.41930365562438965,0.6800664663314819,0.0,0.0,0.0,0.0,0.0,0.0,0.0,0.0,1.0,0.0,0.00028723737341351807,0.34896335005760193,0.07335085421800613,0.9626467823982239,0.0,14.744945526123047,14.743632316589355,14.743632316589355,0.20683975517749786,-0.09714159369468689,-1.302424856332307e-12,0.0,0.0,4.243631839752197,4.243631839752197,1.8729711771011353,1.8729711771011353,0.8997592926025391,0.0,0.0,0.0,0.0,0.419303834438324,0.0,0.41930365562438965,0.41930365562438965,0.6800664663314819,0.0,1.8729711771011353,1.8729711771011353,1.8729711771011353,1.868788480758667,0.2833528518676758,0.14856550097465515,0.028736501932144165,1.0,0.6099409461021423,0.5512672662734985,0.5816712379455566,0.0,,,,,,,,,,,,,,,12.0,0.0,0.0,0.0,0.0,0.0,0.0,,,,,,,,,,,,,,,,,,,,,,0.001
36,11940,train,20.248807907104492,16.850421905517578,16.847627639770508,0.0,0.010670393705368042,0.010670393705368042,0.0,0.01840219460427761,9.999999747378752e-05,0.05000000074505806,0.009999999776482582,0.05000000074505806,0.0010000000474974513,0.0010000000474974513,1.0,0.00016776358825154603,0.11720097064971924,0.0,0.0,0.0,0.0,0.0,0.0,0.0,0.0,0.4701043665409088,0.4701043665409088,1.0,0.4701043665409088,0.4701043665409088,0.4701043665409088,0.0,-0.01174113992601633,0.3098573684692383,1.0,0.00016776358825154603,1.0,0.0,0.0,0.00016776358825154603,0.0,0.0,0.11720097064971924,0.0,0.4172009825706482,0.0,0.41720080375671387,0.41720080375671387,0.6793726682662964,0.0,0.0,0.0,0.0,0.0,0.0,0.0,0.0,1.0,0.0,-0.00017246257630176842,0.34781789779663086,0.073777936398983,0.9624984860420227,0.0,16.847627639770508,16.850421905517578,16.850421905517578,0.24415047466754913,-0.15432380139827728,6.738695712549259e-10,0.0,0.0,3.9322309494018555,3.9322309494018555,1.8687623739242554,1.8687623739242554,1.0242700576782227,0.0,0.0,0.0,0.0,0.4172009825706482,0.0,0.41720080375671387,0.41720080375671387,0.6793726682662964,0.0,1.8687622547149658,1.8687623739242554,1.8687623739242554,1.8605458736419678,0.3098573684692383,0.14856024086475372,0.02861373871564865,1.0,0.583091139793396,0.5457960963249207,0.5837699174880981,0.0,,,,,,,,,,,,,,,12.0,0.0,0.0,0.0,0.0,0.0,0.0,,,,,,,,,,,,,,,,,,,,,,0.001
36,11960,train,18.144311904907227,15.09610366821289,15.09733772277832,0.0,0.008293697610497475,0.008293697610497475,0.0,0.01844761148095131,9.999999747378752e-05,0.05000000074505806,0.009999999776482582,0.05000000074505806,0.0010000000474974513,0.0010000000474974513,1.0,0.0001607104204595089,0.11673924326896667,0.0,0.0,0.0,0.0,0.0,0.0,0.0,0.0,0.47012069821357727,0.47012069821357727,1.0,0.47012069821357727,0.47012069821357727,0.47012069821357727,0.0,-0.010581121779978275,0.31448331475257874,1.0,0.0001607104204595089,1.0,0.0,0.0,0.0001607104204595089,0.0,0.0,0.11673924326896667,0.0,0.41673925518989563,0.0,0.41673919558525085,0.41673919558525085,0.6792178153991699,0.0,0.0,0.0,0.0,0.0,0.0,0.0,0.0,1.0,0.0,0.0006718142540194094,0.3484348654747009,0.07341562211513519,0.9621703028678894,0.0,15.09733772277832,15.09610366821289,15.09610366821289,0.21006140112876892,-0.08329297602176666,3.503048406905407e-10,0.0,0.0,4.007392406463623,4.007392406463623,1.8729004859924316,1.8729004859924316,0.8623684048652649,0.0,0.0,0.0,0.0,0.41673925518989563,0.0,0.41673919558525085,0.41673919558525085,0.6792178153991699,0.0,1.8729004859924316,1.8729004859924316,1.8729004859924316,1.8679156303405762,0.31448331475257874,0.1488780528306961,0.028425874188542366,1.0,0.5234684944152832,0.53529953956604,0.5538109540939331,0.0,,,,,,,,,,,,,,,12.0,0.0,0.0,0.0,0.0,0.0,0.0,,,,,,,,,,,,,,,,,,,,,,0.001
36,11980,train,17.432859420776367,14.503719329833984,14.50184154510498,0.0,0.010125823318958282,0.010125823318958282,0.0,0.01851438172161579,9.999999747378752e-05,0.05000000074505806,0.009999999776482582,0.05000000074505806,0.0010000000474974513,0.0010000000474974513,1.0,0.00021686413674615324,0.1148340106010437,0.0,0.0,0.0,0.0,0.0,0.0,0.0,0.0,0.4691546559333801,0.4691546559333801,1.0,0.4691546559333801,0.4691546559333801,0.4691546559333801,0.0,-0.014718647114932537,0.3297177255153656,1.0,0.00021686413674615324,1.0,0.0,0.0,0.00021686413674615324,0.0,0.0,0.1148340106010437,0.0,0.41483402252197266,0.0,0.4148339629173279,0.4148339629173279,0.6785697340965271,0.0,0.0,0.0,0.0,0.0,0.0,0.0,0.0,1.0,0.0,-5.967612378299236e-05,0.34870755672454834,0.07363591343164444,0.9618319272994995,0.0,14.50184154510498,14.503719329833984,14.503719329833984,0.22295869886875153,-0.10699153691530228,-4.86217066608674e-10,0.0,0.0,4.041760444641113,4.041760444641113,1.8677483797073364,1.8677483797073364,0.9287605285644531,0.0,0.0,0.0,0.0,0.41483402252197266,0.0,0.4148339629173279,0.4148339629173279,0.6785697340965271,0.0,1.867748498916626,1.8677483797073364,1.8677483797073364,1.8689144849777222,0.3297177255153656,0.1488114893436432,0.028483493253588676,1.0,0.551501989364624,0.5457743406295776,0.5448070764541626,0.0,,,,,,,,,,,,,,,12.0,0.0,0.0,0.0,0.0,0.0,0.0,,,,,,,,,,,,,,,,,,,,,,0.001
36,12000,train,17.776029586791992,14.789520263671875,14.788827896118164,0.0,0.00967070646584034,0.00967070646584034,0.0,0.018613526597619057,9.999999747378752e-05,0.05000000074505806,0.009999999776482582,0.05000000074505806,0.0010000000474974513,0.0010000000474974513,1.0,0.00016670659533701837,0.11392775177955627,0.0,0.0,0.0,0.0,0.0,0.0,0.0,0.0,0.4690571129322052,0.4690571129322052,1.0,0.4690571129322052,0.4690571129322052,0.4690571129322052,0.0,-0.00943868886679411,0.3303804397583008,1.0,0.00016670659533701837,1.0,0.0,0.0,0.00016670659533701837,0.0,0.0,0.11392775177955627,0.0,0.41392776370048523,0.0,0.4139276444911957,0.4139276444911957,0.6782563328742981,0.0,0.0,0.0,0.0,0.0,0.0,0.0,0.0,1.0,0.0,-0.0005669484962709248,0.34751200675964355,0.0736987441778183,0.9612326622009277,0.0,14.788827896118164,14.789520263671875,14.789520263671875,0.2258731722831726,-0.09721098840236664,-3.006351001477725e-10,0.0,0.0,4.153036594390869,4.153036594390869,1.8719159364700317,1.8719159364700317,0.9716684222221375,0.0,0.0,0.0,0.0,0.41392776370048523,0.0,0.4139276444911957,0.4139276444911957,0.6782563328742981,0.0,1.8719159364700317,1.8719158172607422,1.8719159364700317,1.8715776205062866,0.3303804397583008,0.14878436923027039,0.028388148173689842,1.0,0.5354000329971313,0.5706794261932373,0.5561795234680176,0.0,,,,,,,,,,,,,,,12.0,0.0,0.0,0.0,0.0,0.0,0.0,,,,,,,,,,,,,,,,,,,,,,0.001
36,12020,train,18.839000701904297,15.67552375793457,15.673807144165039,0.0,0.009562768042087555,0.009562768042087555,0.0,0.018778176978230476,9.999999747378752e-05,0.05000000074505806,0.009999999776482582,0.05000000074505806,0.0010000000474974513,0.0010000000474974513,1.0,0.0001814646238926798,0.11382606625556946,0.0,0.0,0.0,0.0,0.0,0.0,0.0,0.0,0.4686639904975891,0.4686639904975891,1.0,0.4686639904975891,0.4686639904975891,0.4686639904975891,0.0,-0.012982518412172794,0.3266478478908539,1.0,0.0001814646238926798,1.0,0.0,0.0,0.0001814646238926798,0.0,0.0,0.11382606625556946,0.0,0.4138260781764984,0.0,0.41382619738578796,0.41382619738578796,0.6782209277153015,0.0,0.0,0.0,0.0,0.0,0.0,0.0,0.0,1.0,0.0,-4.486965190153569e-05,0.3478899598121643,0.07414386421442032,0.9606921076774597,0.0,15.673807144165039,15.67552375793457,15.67552375793457,0.23873235285282135,-0.14387892186641693,4.734230785174987e-10,0.0,0.0,4.119406223297119,4.119406223297119,1.8755195140838623,1.8755195140838623,1.024848461151123,0.0,0.0,0.0,0.0,0.4138260781764984,0.0,0.41382619738578796,0.41382619738578796,0.6782209277153015,0.0,1.8755195140838623,1.8755195140838623,1.8755195140838623,1.8708670139312744,0.3266478478908539,0.1487521529197693,0.028602667152881622,1.0,0.591956377029419,0.5525238513946533,0.5669602751731873,0.0,,,,,,,,,,,,,,,12.0,0.0,0.0,0.0,0.0,0.0,0.0,,,,,,,,,,,,,,,,,,,,,,0.001
36,12024,train_epoch,18.27281223799654,15.203425818574642,15.203125750947141,0.0,0.00996276491717575,0.00996276491717575,0.0,0.018178285757626245,9.999999747378752e-05,0.05000000074505806,0.009999999776482582,0.05000000074505806,0.0010000000474974513,0.0010000000474974513,1.0,0.00018976163918561648,0.11387192257150204,0.0,0.0,0.0,0.0,0.0,0.0,0.0,0.0,0.46912154162715297,0.46912154162715297,1.0,0.46912154162715297,0.46912154162715297,0.46912154162715297,0.0,-0.011177776211281559,0.31366822123527527,1.0,0.00018976163918561648,1.0,0.0,0.0,0.00018976163918561648,0.0,0.0,0.11387192257150204,0.0,0.41387193431397395,0.0,0.4138719230711817,0.4138719230711817,0.6782210852928504,0.0,0.0,0.0,0.0,0.0,0.0,0.0,0.0,1.0,0.0,-6.545925561600532e-05,0.34975796937942505,0.07293347287142349,0.9608938908148669,0.0,15.203125750947141,15.203425818574642,15.203425818574642,0.22321926075184417,-0.11632795345796618,-1.4936364321881002e-11,0.0,0.0,4.052266135901034,4.05226613732869,1.8636651677999667,1.8636651677999667,0.9254369748209765,0.0,0.0,0.0,0.0,0.413871934492431,0.0,0.4138719123637605,0.4138719123637605,0.6782210852928504,0.0,1.863665116761259,1.8636651121213765,1.8636651677999667,1.8631268307834328,0.31366822123527527,0.14977648292116064,0.02870920476152333,1.0,0.5406044750156517,0.5407872187520215,0.5407676025778948,0.0,,,,,,,,,,,,,,,12.0,0.0,0.0,0.0,0.0,0.0,0.0,,,,,,,,,,,,,,,,,,,,,,0.001
36,12024,val,,,,,,,,,,,,,,,,,,,,,,,,,,,,,,,,,,,,,,,,,,,,,,,,,,,,,,,,,,,,,,,,,,,,,,,,,,,,,,,,,,,,,,,,,,,,,,,,,,,,,,,,,,,,,,,,,,,,,,,,,15.498652458190918,629.1311645507812,25.08248720822521,0.11100774258375168,0.06614093482494354,14.345952033996582,23.08772201224806,0.09667176753282547,0.06128688529133797,15.2857666015625,24.86911293794599,0.11162044107913971,0.06524178385734558,17.635726928710938,28.310415296456046,0.1274951547384262,0.07513661682605743,15.498652458190918,25.08248720822521,0.11100774258375168,0.06614093482494354,0.001
36,12024,test_select,,,,,,,,,,,,,,,,,,,,,,,,,,,,,,,,,,,,,,,,,,,,,,,,,,,,,,,,,,,,,,,,,,,,,,,,,,,,,,,,,,,,,,,,,,,,,,,,,,,,,,,,,,,,,,,,,,,,,,,,,24.000288009643555,1404.254638671875,37.473385738039134,0.14944955706596375,0.09748263657093048,19.318880081176758,29.680032983643333,0.11812387406826019,0.07842341810464859,23.407115936279297,36.09905264078962,0.14960968494415283,0.09506425261497498,31.25713348388672,47.46572828186801,0.1909256875514984,0.12707769870758057,24.000288009643555,37.473385738039134,0.14944955706596375,0.09748263657093048,0.001
