epoch,step,split,total_loss,pred_loss,inv_loss,gate_loss,swap_loss,swap_diff_loss,swap_same_loss,kl_loss,effective_lambda_kl,effective_lambda_envpred,effective_lambda_future_mi,effective_lambda_swap,effective_lambda_sep,effective_lambda_mask_sparse,aux_schedule_factor,ind_loss,sparse_loss,entropy_loss,residual_norm_loss,env_consistency_loss,z_cons_loss,y_cons_loss,effective_lambda_z_cons,effective_lambda_y_cons,persistence_mi_loss,envpred_loss,future_mi_loss,future_mi_type,env_fut_nll,env_fut_nll_plus,env_fut_nll_minus,env_fut_kl,pred_fut_logvar_mean,pred_fut_mu_norm,future_mi_valid,sep_loss,sep_mi_type,club_upper_bound,club_fit_nll,cross_cov_loss,hsic_loss,rank_loss,mask_sparse_loss,effective_lambda_persistence_mi,rho_mean,rho_std,rho_min,rho_max,rho_entropy,delta_gain_mean,delta_gain_std,delta_gain_pos_ratio,s_gain_mean,persist_score_mean,persist_score_std,s_persist_mean,s_gate_mean,persistence_valid,potential_gain_mean,swap_delta_mean,swap_weight_mean,env_mu_abs_mean,env_std_mean,r_env_abs_mean,y_inv_mae,y_potential_mae,y_hat_mae,sep_projection_ratio,sep_cos_z_env_before,sep_cos_z_env_after,sep_lowrank_energy_ratio,sep_residual_norm,sep_z_raw_norm,sep_z_inv_norm,sep_env_raw_norm,sep_env_norm,sep_proj_norm,sep_basis_rank,sep_svd_top_singular_mean,sep_lowrank_rank,sep_env_residual_norm,mask_mean,mask_std,mask_min,mask_max,mask_entropy,mask_active_ratio,env_plus_norm,env_minus_norm,env_hist_norm,env_fut_norm,env_fut_pred_norm,fusion_gamma_abs_mean,fusion_beta_abs_mean,timestamp_valid,cur_time_emb_norm,seq_time_emb_norm,future_time_emb_norm,backbone_aux_loss,curriculum_horizon,cast_vq_loss,cast_commit_loss,cast_mi_loss,stone_graph_perturb_loss,stone_spatial_graph_entropy,stone_temporal_graph_entropy,val_mae,val_mse,val_rmse,val_mape,val_wape,val_mae_h3,val_rmse_h3,val_mape_h3,val_wape_h3,val_mae_h6,val_rmse_h6,val_mape_h6,val_wape_h6,val_mae_h12,val_rmse_h12,val_mape_h12,val_wape_h12,val_mae_avg12,val_rmse_avg12,val_mape_avg12,val_wape_avg12,lr
1,20,train,0.1998903602361679,0.16669969260692596,0.16595330834388733,0.0,0.0,0.0,0.0,0.0,0.0,0.0,0.0,0.0,0.0,0.0,0.0,0.0,0.0,0.0,0.0,0.0,0.0,0.0,0.0,0.0,0.0,0.0,0.0,1.0,0.5095505118370056,0.5095505118370056,0.5096694231033325,0.0,0.019663453102111816,0.4660007655620575,1.0,0.0,1.0,0.0,0.0,0.00025680381804704666,0.0,0.0,0.0,0.0,0.2759154736995697,0.01435631513595581,0.23662734031677246,0.3354812562465668,0.5867781639099121,0.0,0.0,0.0,0.0,0.0,0.0,0.0,0.0,1.0,0.0,1.0925493370450567e-05,0.4700520634651184,0.06609753519296646,1.0012493133544922,0.0,0.16595330834388733,0.16669969260692596,0.16669969260692596,0.08313185721635818,0.02053014747798443,-2.336110749290299e-10,0.0,0.0,3.968377113342285,3.968377113342285,1.6787757873535156,1.6787757873535156,0.31418943405151367,0.0,0.0,0.0,0.0,0.2759154736995697,0.030218835920095444,0.18127913773059845,0.462238073348999,0.5867781639099121,0.0,1.6874991655349731,1.6801140308380127,1.6787757873535156,1.6758840084075928,0.4660007655620575,0.013535800389945507,0.005267307627946138,1.0,3.038862705230713,3.0425915718078613,3.0371196269989014,0.0,3.0,0.0,0.0,0.0,0.0,0.0,0.0,,,,,,,,,,,,,,,,,,,,,,0.001
1,40,train,0.22305059432983398,0.18575428426265717,0.1864815205335617,0.0,0.0,0.0,0.0,0.0,0.0,0.0,0.0,0.0,0.0,0.0,0.0,0.0,0.0,0.0,0.0,0.0,0.0,0.0,0.0,0.0,0.0,0.0,0.0,1.0,0.5076047778129578,0.507604718208313,0.507645308971405,0.0,0.017903592437505722,0.4618366062641144,1.0,0.0,1.0,0.0,0.0,0.00021715130424126983,0.0,0.0,0.0,0.0,0.2738257944583893,0.013390986248850822,0.23234328627586365,0.32149720191955566,0.584539532661438,0.0,0.0,0.0,0.0,0.0,0.0,0.0,0.0,1.0,0.0,9.250600669474807e-06,0.4647514522075653,0.07033297419548035,0.9991295337677002,0.0,0.1864815205335617,0.18575428426265717,0.18575428426265717,0.07133562862873077,0.012747852131724358,-2.8555180442424444e-10,0.0,0.0,3.9835190773010254,3.9835195541381836,1.6831468343734741,1.6831468343734741,0.2663862407207489,0.0,0.0,0.0,0.0,0.2738257944583893,0.03148559480905533,0.16487348079681396,0.43370792269706726,0.584539532661438,0.0,1.6910393238067627,1.6855415105819702,1.6831468343734741,1.6811976432800293,0.4618366062641144,0.019304392859339714,0.006189296022057533,1.0,3.0249037742614746,3.0325944423675537,3.143693447113037,0.0,3.0,0.0,0.0,0.0,0.0,0.0,0.0,,,,,,,,,,,,,,,,,,,,,,0.001
1,60,train,0.16675785183906555,0.13896408677101135,0.1389688104391098,0.0,0.0,0.0,0.0,0.0,0.0,0.0,0.0,0.0,0.0,0.0,0.0,0.0,0.0,0.0,0.0,0.0,0.0,0.0,0.0,0.0,0.0,0.0,0.0,1.0,0.5042059421539307,0.5042059421539307,0.5042643547058105,0.0,0.019405411556363106,0.47164076566696167,1.0,0.0,1.0,0.0,0.0,0.0002886632573790848,0.0,0.0,0.0,0.0,0.27660858631134033,0.013341173529624939,0.23276671767234802,0.3264867961406708,0.5869981050491333,0.0,0.0,0.0,0.0,0.0,0.0,0.0,0.0,1.0,0.0,-1.5407773389597423e-05,0.45928633213043213,0.07373136281967163,0.9951058626174927,0.0,0.1389688104391098,0.13896408677101135,0.13896408677101135,0.07133376598358154,0.026414655148983,9.721107946392138e-11,0.0,0.0,3.781672239303589,3.781672239303589,1.6846923828125,1.6846923828125,0.250828355550766,0.0,0.0,0.0,0.0,0.27660858631134033,0.03306850045919418,0.1693992167711258,0.4515818953514099,0.5869981050491333,0.0,1.693326711654663,1.6873905658721924,1.6846923828125,1.680901050567627,0.47164076566696167,0.02230708859860897,0.005462048575282097,1.0,3.028932809829712,3.0850932598114014,3.0423343181610107,0.0,3.0,0.0,0.0,0.0,0.0,0.0,0.0,,,,,,,,,,,,,,,,,,,,,,0.001
1,80,train,0.24083659052848816,0.20061400532722473,0.20111289620399475,0.0,0.0,0.0,0.0,0.0,0.0,0.0,0.0,0.0,0.0,0.0,0.0,0.0,0.0,0.0,0.0,0.0,0.0,0.0,0.0,0.0,0.0,0.0,0.0,1.0,0.49790409207344055,0.49790412187576294,0.49790000915527344,0.0,0.01869298703968525,0.4595101475715637,1.0,0.0,1.0,0.0,0.0,0.0002968353219330311,0.0,0.0,0.0,0.0,0.27767685055732727,0.01473699975758791,0.22875827550888062,0.3374665677547455,0.587908148765564,0.0,0.0,0.0,0.0,0.0,0.0,0.0,0.0,1.0,0.0,4.2573530663503334e-05,0.4566822946071625,0.07770727574825287,0.9914538264274597,0.0,0.20111289620399475,0.20061400532722473,0.20061400532722473,0.06594376266002655,0.0008931859629228711,-4.464582523122651e-11,0.0,0.0,3.773965358734131,3.773965358734131,1.6833040714263916,1.6833040714263916,0.2286795973777771,0.0,0.0,0.0,0.0,0.2776768207550049,0.03378504142165184,0.14681200683116913,0.47159433364868164,0.587908148765564,0.0,1.6895278692245483,1.6870025396347046,1.6833040714263916,1.6818549633026123,0.4595101475715637,0.02498568221926689,0.006435459479689598,1.0,2.9605255126953125,3.0110671520233154,3.0571441650390625,0.0,3.0,0.0,0.0,0.0,0.0,0.0,0.0,,,,,,,,,,,,,,,,,,,,,,0.001
1,100,train,0.16501569747924805,0.13751772046089172,0.13748985528945923,0.0,0.0,0.0,0.0,0.0,0.0,0.0,0.0,0.0,0.0,0.0,0.0,0.0,0.0,0.0,0.0,0.0,0.0,0.0,0.0,0.0,0.0,0.0,0.0,1.0,0.4982357919216156,0.498235821723938,0.49822407960891724,0.0,0.01961362361907959,0.4655356705188751,1.0,0.0,1.0,0.0,0.0,0.000284588459180668,0.0,0.0,0.0,0.0,0.2761307656764984,0.01212021429091692,0.23030738532543182,0.3203171193599701,0.5865264534950256,0.0,0.0,0.0,0.0,0.0,0.0,0.0,0.0,1.0,0.0,6.424776074709371e-05,0.45424142479896545,0.07838766276836395,0.9888660907745361,0.0,0.13748985528945923,0.13751772046089172,0.13751772046089172,0.05838724598288536,0.01680152118206024,2.9910632304286366e-10,0.0,0.0,3.9251773357391357,3.925177812576294,1.6836365461349487,1.6836365461349487,0.21082301437854767,0.0,0.0,0.0,0.0,0.2761307656764984,0.033117447048425674,0.15718050301074982,0.44582393765449524,0.5865264534950256,0.0,1.6916496753692627,1.686773657798767,1.6836365461349487,1.6832318305969238,0.4655356705188751,0.026535499840974808,0.007788635790348053,1.0,2.8454947471618652,2.903653144836426,2.9263916015625,0.0,3.0,0.0,0.0,0.0,0.0,0.0,0.0,,,,,,,,,,,,,,,,,,,,,,0.001
1,120,train,0.16265685856342316,0.13552936911582947,0.13563747704029083,0.0,0.0,0.0,0.0,0.0,0.0,0.0,0.0,0.0,0.0,0.0,0.0,0.0,0.0,0.0,0.0,0.0,0.0,0.0,0.0,0.0,0.0,0.0,0.0,1.0,0.49618083238601685,0.49618083238601685,0.4961835443973541,0.0,0.0175139419734478,0.4654601514339447,1.0,0.0,1.0,0.0,0.0,0.0002637898433022201,0.0,0.0,0.0,0.0,0.27559781074523926,0.0139134731143713,0.22793048620224,0.32696065306663513,0.5854829549789429,0.0,0.0,0.0,0.0,0.0,0.0,0.0,0.0,1.0,0.0,3.472714888630435e-05,0.4540562331676483,0.07918094098567963,0.9861326217651367,0.0,0.13563747704029083,0.13552936911582947,0.13552936911582947,0.06381551176309586,-0.002307267626747489,-6.402390423376758e-11,0.0,0.0,3.9222936630249023,3.9222936630249023,1.6799873113632202,1.6799873113632202,0.22796018421649933,0.0,0.0,0.0,0.0,0.27559781074523926,0.036146875470876694,0.15301457047462463,0.4656910300254822,0.5854829549789429,0.0,1.6885404586791992,1.68412446975708,1.6799873113632202,1.6823776960372925,0.4654601514339447,0.028876453638076782,0.0073540168814361095,1.0,3.0856637954711914,3.090061902999878,3.01861834526062,0.0,3.0,0.0,0.0,0.0,0.0,0.0,0.0,,,,,,,,,,,,,,,,,,,,,,0.001
1,140,train,0.1676989495754242,0.13972927629947662,0.13984836637973785,0.0,0.0,0.0,0.0,0.0,0.0,0.0,0.0,0.0,0.0,0.0,0.0,0.0,0.0,0.0,0.0,0.0,0.0,0.0,0.0,0.0,0.0,0.0,0.0,1.0,0.4899534285068512,0.4899534285068512,0.4899779260158539,0.0,0.02002737671136856,0.4607183635234833,1.0,0.0,1.0,0.0,0.0,0.0002550178614910692,0.0,0.0,0.0,0.0,0.2742875814437866,0.013825725764036179,0.2265087366104126,0.33413368463516235,0.5841954946517944,0.0,0.0,0.0,0.0,0.0,0.0,0.0,0.0,1.0,0.0,8.38063278933987e-05,0.4525476396083832,0.07899798452854156,0.9804025888442993,0.0,0.13984836637973785,0.13972927629947662,0.13972927629947662,0.05737236514687538,0.016248168423771858,-1.752146622235884e-10,0.0,0.0,3.74569034576416,3.74569034576416,1.6740866899490356,1.6740866899490356,0.19451913237571716,0.0,0.0,0.0,0.0,0.2742875814437866,0.03621635586023331,0.15620294213294983,0.48856690526008606,0.5841954946517944,0.0,1.6822630167007446,1.6782917976379395,1.6740866899490356,1.6701816320419312,0.4607183635234833,0.03106234036386013,0.008623264729976654,1.0,2.7822389602661133,2.8895931243896484,2.9115781784057617,0.0,3.0,0.0,0.0,0.0,0.0,0.0,0.0,,,,,,,,,,,,,,,,,,,,,,0.001
1,160,train,0.16620050370693207,0.1384911686182022,0.1385466754436493,0.0,0.0,0.0,0.0,0.0,0.0,0.0,0.0,0.0,0.0,0.0,0.0,0.0,0.0,0.0,0.0,0.0,0.0,0.0,0.0,0.0,0.0,0.0,0.0,1.0,0.4843176305294037,0.4843176305294037,0.48433631658554077,0.0,0.018463898450136185,0.4601249396800995,1.0,0.0,1.0,0.0,0.0,0.00028336013201624155,0.0,0.0,0.0,0.0,0.27289634943008423,0.0139261893928051,0.23251813650131226,0.3389333188533783,0.5829248428344727,0.0,0.0,0.0,0.0,0.0,0.0,0.0,0.0,1.0,0.0,4.840428300667554e-05,0.4484016001224518,0.0818922221660614,0.9738197326660156,0.0,0.1385466754436493,0.1384911686182022,0.1384911686182022,0.05419573187828064,0.012006745673716068,3.879467302958517e-10,0.0,0.0,3.8523812294006348,3.8523812294006348,1.6699825525283813,1.6699825525283813,0.18667379021644592,0.0,0.0,0.0,0.0,0.27289631962776184,0.03568650409579277,0.16076110303401947,0.478788822889328,0.5829248428344727,0.0,1.6773226261138916,1.6742123365402222,1.6699825525283813,1.6737042665481567,0.4601249396800995,0.032030824571847916,0.009368880651891232,1.0,2.823716640472412,2.8319270610809326,2.8227615356445312,0.0,3.0,0.0,0.0,0.0,0.0,0.0,0.0,,,,,,,,,,,,,,,,,,,,,,0.001
1,180,train,0.15278220176696777,0.12731194496154785,0.12735125422477722,0.0,0.0,0.0,0.0,0.0,0.0,0.0,0.0,0.0,0.0,0.0,0.0,0.0,0.0,0.0,0.0,0.0,0.0,0.0,0.0,0.0,0.0,0.0,0.0,1.0,0.4744720757007599,0.4744720757007599,0.4744429588317871,0.0,0.01780092716217041,0.45974740386009216,1.0,0.0,1.0,0.0,0.0,0.000439145922427997,0.0,0.0,0.0,0.0,0.27169424295425415,0.013366460800170898,0.22986195981502533,0.3292737305164337,0.5816017389297485,0.0,0.0,0.0,0.0,0.0,0.0,0.0,0.0,1.0,0.0,2.667914486664813e-05,0.4424109160900116,0.0859469473361969,0.9637638330459595,0.0,0.12735125422477722,0.12731194496154785,0.12731194496154785,0.05580509081482887,0.004090855363756418,-9.370053344337492e-11,0.0,0.0,3.912062406539917,3.912062883377075,1.6601663827896118,1.6601663827896118,0.19504781067371368,0.0,0.0,0.0,0.0,0.27169427275657654,0.03640713542699814,0.14099222421646118,0.47431060671806335,0.5816017389297485,0.0,1.6646593809127808,1.6658111810684204,1.6601663827896118,1.6646491289138794,0.45974740386009216,0.03282679617404938,0.008856027387082577,1.0,2.9116897583007812,2.911550998687744,2.8978374004364014,0.0,3.0,0.0,0.0,0.0,0.0,0.0,0.0,,,,,,,,,,,,,,,,,,,,,,0.001
1,200,train,0.17978090047836304,0.14982593059539795,0.14977481961250305,0.0,0.0,0.0,0.0,0.0,0.0,0.0,0.0,0.0,0.0,0.0,0.0,0.0,0.0,0.0,0.0,0.0,0.0,0.0,0.0,0.0,0.0,0.0,0.0,1.0,0.46995067596435547,0.46995067596435547,0.46999531984329224,0.0,0.021440502256155014,0.46658167243003845,1.0,0.0,1.0,0.0,0.0,0.00034821045119315386,0.0,0.0,0.0,0.0,0.27280527353286743,0.012389371171593666,0.23020219802856445,0.32323238253593445,0.5828163623809814,0.0,0.0,0.0,0.0,0.0,0.0,0.0,0.0,1.0,0.0,1.692135992925614e-05,0.4408494532108307,0.08758140355348587,0.956562340259552,0.0,0.14977481961250305,0.14982593059539795,0.14982593059539795,0.053376518189907074,0.009627202525734901,-1.526254400641136e-10,0.0,0.0,3.7540652751922607,3.7540652751922607,1.654555082321167,1.654555082321167,0.18207678198814392,0.0,0.0,0.0,0.0,0.27280527353286743,0.03576437756419182,0.15328992903232574,0.4608912169933319,0.5828163623809814,0.0,1.6570696830749512,1.6607487201690674,1.654555082321167,1.6588228940963745,0.46658167243003845,0.03361423686146736,0.009468359872698784,1.0,2.868295192718506,2.865548849105835,2.955488920211792,0.0,3.0,0.0,0.0,0.0,0.0,0.0,0.0,,,,,,,,,,,,,,,,,,,,,,0.001
1,220,train,0.1836751103401184,0.15302912890911102,0.15322989225387573,0.0,0.0,0.0,0.0,0.0,0.0,0.0,0.0,0.0,0.0,0.0,0.0,0.0,0.0,0.0,0.0,0.0,0.0,0.0,0.0,0.0,0.0,0.0,0.0,1.0,0.4630887806415558,0.4630887806415558,0.4630850851535797,0.0,0.019862988963723183,0.4599634110927582,1.0,0.0,1.0,0.0,0.0,0.00037453448749147356,0.0,0.0,0.0,0.0,0.269927054643631,0.012628098018467426,0.2217014878988266,0.3121979534626007,0.5799149870872498,0.0,0.0,0.0,0.0,0.0,0.0,0.0,0.0,1.0,0.0,-1.3785027476842515e-05,0.4386012554168701,0.08711045980453491,0.949030876159668,0.0,0.15322989225387573,0.15302912890911102,0.15302912890911102,0.05726221948862076,0.00031950834090821445,-1.91506793062457e-11,0.0,0.0,3.864476203918457,3.864476203918457,1.6469134092330933,1.6469134092330933,0.196409210562706,0.0,0.0,0.0,0.0,0.26992708444595337,0.03594166412949562,0.13532060384750366,0.45074185729026794,0.5799149870872498,0.0,1.6492177248001099,1.6531509160995483,1.6469134092330933,1.6471123695373535,0.4599634110927582,0.03475397825241089,0.01036918070167303,1.0,2.728968620300293,2.802845001220703,2.8124003410339355,0.0,3.0,0.0,0.0,0.0,0.0,0.0,0.0,,,,,,,,,,,,,,,,,,,,,,0.001
1,240,train,0.14493758976459503,0.12078440934419632,0.12076589465141296,0.0,0.0,0.0,0.0,0.0,0.0,0.0,0.0,0.0,0.0,0.0,0.0,0.0,0.0,0.0,0.0,0.0,0.0,0.0,0.0,0.0,0.0,0.0,0.0,1.0,0.4540310502052307,0.4540310800075531,0.4540445804595947,0.0,0.019142409786581993,0.4643963575363159,1.0,0.0,1.0,0.0,0.0,0.00037170189898461103,0.0,0.0,0.0,0.0,0.27115243673324585,0.01414832565933466,0.22596406936645508,0.32307949662208557,0.5809516906738281,0.0,0.0,0.0,0.0,0.0,0.0,0.0,0.0,1.0,0.0,-3.05541362877193e-07,0.4392422139644623,0.08989393711090088,0.9399445652961731,0.0,0.12076589465141296,0.12078440934419632,0.12078440934419632,0.051315825432538986,0.004137748386710882,1.2467653298653403e-10,0.0,0.0,3.9073646068573,3.9073646068573,1.64137864112854,1.64137864112854,0.18079543113708496,0.0,0.0,0.0,0.0,0.27115243673324585,0.0370030477643013,0.14219464361667633,0.4974179267883301,0.5809516906738281,0.0,1.6421406269073486,1.6484770774841309,1.64137864112854,1.6369298696517944,0.4643963575363159,0.03559669107198715,0.010651551187038422,1.0,2.9251046180725098,2.910081624984741,2.897874355316162,0.0,3.0,0.0,0.0,0.0,0.0,0.0,0.0,,,,,,,,,,,,,,,,,,,,,,0.001
1,260,train,0.1553053855895996,0.12939871847629547,0.1295333206653595,0.0,0.0,0.0,0.0,0.0,0.0,0.0,0.0,0.0,0.0,0.0,0.0,0.0,0.0,0.0,0.0,0.0,0.0,0.0,0.0,0.0,0.0,0.0,0.0,1.0,0.4421156048774719,0.4421156048774719,0.4421354830265045,0.0,0.0178876630961895,0.4624618589878082,1.0,0.0,1.0,0.0,0.0,0.00035249910433776677,0.0,0.0,0.0,0.0,0.2704925239086151,0.013034223578870296,0.22394153475761414,0.3145883083343506,0.5806221961975098,0.0,0.0,0.0,0.0,0.0,0.0,0.0,0.0,1.0,0.0,9.468723874306306e-05,0.4324120879173279,0.09154682606458664,0.9270994663238525,0.0,0.1295333206653595,0.12939871847629547,0.12939871847629547,0.05596350505948067,-0.007786506321281195,-4.042819690130983e-10,0.0,0.0,3.980522394180298,3.980522394180298,1.631270170211792,1.631270170211792,0.19916582107543945,0.0,0.0,0.0,0.0,0.2704924941062927,0.035171207040548325,0.15003599226474762,0.4849300980567932,0.5806221961975098,0.0,1.6308540105819702,1.6380356550216675,1.631270170211792,1.6247049570083618,0.4624618589878082,0.036024898290634155,0.010589789599180222,1.0,2.888533115386963,2.8684089183807373,3.0701656341552734,0.0,3.0,0.0,0.0,0.0,0.0,0.0,0.0,,,,,,,,,,,,,,,,,,,,,,0.001
1,280,train,0.14514271914958954,0.12103189527988434,0.12055414170026779,0.0,0.0,0.0,0.0,0.0,0.0,0.0,0.0,0.0,0.0,0.0,0.0,0.0,0.0,0.0,0.0,0.0,0.0,0.0,0.0,0.0,0.0,0.0,0.0,1.0,0.4294397830963135,0.4294397830963135,0.4294392466545105,0.0,0.01824602112174034,0.46359094977378845,1.0,0.0,1.0,0.0,0.0,0.0002919366816058755,0.0,0.0,0.0,0.0,0.26926881074905396,0.012712563388049603,0.22624582052230835,0.3153863549232483,0.5791444182395935,0.0,0.0,0.0,0.0,0.0,0.0,0.0,0.0,1.0,0.0,-8.089285984169692e-05,0.42765185236930847,0.09444402903318405,0.9113115668296814,0.0,0.12055414170026779,0.12103189527988434,0.12103189527988434,0.05546652525663376,-0.005857211071997881,-3.646801610690531e-11,0.0,0.0,4.106884002685547,4.106884002685547,1.6105098724365234,1.6105098724365234,0.2017289400100708,0.0,0.0,0.0,0.0,0.26926881074905396,0.036571767181158066,0.1463087648153305,0.48540544509887695,0.5791444182395935,0.0,1.608607292175293,1.618378758430481,1.6105098724365234,1.607574701309204,0.46359094977378845,0.03614181652665138,0.010734673589468002,1.0,2.6417908668518066,2.7922911643981934,2.876368284225464,0.0,3.0,0.0,0.0,0.0,0.0,0.0,0.0,,,,,,,,,,,,,,,,,,,,,,0.001
1,300,train,0.14020028710365295,0.11684413254261017,0.11678079515695572,0.0,0.0,0.0,0.0,0.0,0.0,0.0,0.0,0.0,0.0,0.0,0.0,0.0,0.0,0.0,0.0,0.0,0.0,0.0,0.0,0.0,0.0,0.0,0.0,1.0,0.4071849584579468,0.40718498826026917,0.40720391273498535,0.0,0.02030450664460659,0.46255186200141907,1.0,0.0,1.0,0.0,0.0,0.000596375553868711,0.0,0.0,0.0,0.0,0.27064570784568787,0.0125023378059268,0.2274150550365448,0.31445884704589844,0.5804973840713501,0.0,0.0,0.0,0.0,0.0,0.0,0.0,0.0,1.0,0.0,-2.0385419702506624e-05,0.4236970543861389,0.09504468739032745,0.8836681842803955,0.0,0.11678079515695572,0.11684413254261017,0.11684413254261017,0.049721017479896545,0.011917493306100368,1.428778206857828e-10,0.0,0.0,3.8878936767578125,3.8878936767578125,1.5735735893249512,1.5735735893249512,0.17289437353610992,0.0,0.0,0.0,0.0,0.27064570784568787,0.036725204437971115,0.15346196293830872,0.47325000166893005,0.5804973840713501,0.0,1.5700985193252563,1.5820142030715942,1.5735735893249512,1.5744469165802002,0.46255186200141907,0.037237945944070816,0.010380365885794163,1.0,2.8771438598632812,2.8144330978393555,2.91217041015625,0.0,3.0,0.0,0.0,0.0,0.0,0.0,0.0,,,,,,,,,,,,,,,,,,,,,,0.001
1,320,train,0.14530520141124725,0.12110698968172073,0.12099102884531021,0.0,0.0,0.0,0.0,0.0,0.0,0.0,0.0,0.0,0.0,0.0,0.0,0.0,0.0,0.0,0.0,0.0,0.0,0.0,0.0,0.0,0.0,0.0,0.0,1.0,0.3833165168762207,0.3833165168762207,0.38331338763237,0.0,0.019845541566610336,0.46317973732948303,1.0,0.0,1.0,0.0,0.0,0.0005615489208139479,0.0,0.0,0.0,0.0,0.2671522796154022,0.0136743588373065,0.22522900998592377,0.3169100880622864,0.5769945383071899,0.0,0.0,0.0,0.0,0.0,0.0,0.0,0.0,1.0,0.0,-3.568424654076807e-05,0.4161176085472107,0.09672673791646957,0.8559093475341797,0.0,0.12099102884531021,0.12110698968172073,0.12110698968172073,0.0579405352473259,0.017965042963624,-9.561002684010944e-11,0.0,0.0,3.90464448928833,3.90464448928833,1.539709448814392,1.539709448814392,0.1968012899160385,0.0,0.0,0.0,0.0,0.2671522796154022,0.036628853529691696,0.148504838347435,0.46933266520500183,0.5769945383071899,0.0,1.5358655452728271,1.5478624105453491,1.539709448814392,1.53850257396698,0.46317973732948303,0.037629324942827225,0.010906797833740711,1.0,2.7741591930389404,2.82783842086792,2.980782985687256,0.0,3.0,0.0,0.0,0.0,0.0,0.0,0.0,,,,,,,,,,,,,,,,,,,,,,0.001
1,334,train_epoch,0.1897625238327923,0.15814263614530336,0.15809943834821621,0.0,0.0,0.0,0.0,0.0,0.0,0.0,0.0,0.0,0.0,0.0,0.0,0.0,0.0,0.0,0.0,0.0,0.0,0.0,0.0,0.0,0.0,0.0,0.0,1.0,0.4690829830433794,0.4690829822403228,0.4690961821707423,0.0,0.018982863142907976,0.4636704451488164,1.0,0.0,1.0,0.0,0.0,0.0003392524144320866,0.0,0.0,0.0,0.0,0.27239862798216813,0.013255763810105667,0.22952828440302148,0.32430200733824405,0.5825387537479401,0.0,0.0,0.0,0.0,0.0,0.0,0.0,0.0,1.0,0.0,1.4353479325713735e-05,0.44548046410440684,0.08314086035072446,0.9559167960803666,0.0,0.15809943834821621,0.15814263614530336,0.15814263614530336,0.06153834637945998,0.0066855666057503305,-8.695105056142069e-13,0.0,0.0,3.872766800269395,3.8727668016970513,1.6482856045226137,1.6482856045226137,0.2168140579126552,0.0,0.0,0.0,0.0,0.2723986178993465,0.034808841283003725,0.15111212784837105,0.46608203827977895,0.5825387537479401,7.796906648725856e-07,1.6522556343478356,1.6533983296263004,1.6482856045226137,1.648077808097451,0.4636704451488164,0.029479432352651245,0.008501451504333112,1.0,2.935587388312745,2.936529120999182,2.9369406029135883,0.0,3.0,0.0,0.0,0.0,0.0,0.0,0.0,,,,,,,,,,,,,,,,,,,,,,0.001
1,334,val,,,,,,,,,,,,,,,,,,,,,,,,,,,,,,,,,,,,,,,,,,,,,,,,,,,,,,,,,,,,,,,,,,,,,,,,,,,,,,,,,,,,,,,,,,,,,,,,,,,,,,,,,,,92.22788664272854,16430.258928571428,128.1805715721826,175.10501330239433,50.47765578542437,18.353782023702347,28.407449679271437,11.982231203998838,8.702450777803149,68.53627388817924,83.8589739921023,136.9404206786837,38.06316685676575,137.2189850125994,166.04131025043714,272.3844165461404,77.20728945732117,92.22788664272854,128.1805715721826,175.10501330239433,50.47765578542437,0.001
1,334,test_select,,,,,,,,,,,,,,,,,,,,,,,,,,,,,,,,,,,,,,,,,,,,,,,,,,,,,,,,,,,,,,,,,,,,,,,,,,,,,,,,,,,,,,,,,,,,,,,,,,,,,,,,,,,96.3426251752036,18033.14792742048,134.287556859973,155.65521240234375,54.07982957363129,17.78618609053748,27.918299253372084,10.812294870615005,8.451848030090332,72.1810337815966,88.2971612755111,122.78961171422687,41.60065157072885,143.63990885870797,173.8103517448678,243.13318579537528,82.61393397194999,96.3426251752036,134.287556859973,155.65521240234375,54.07982957363129,0.001
1,334,test,,,,,,,,,,,,,,,,,,,,,,,,,,,,,,,,,,,,,,,,,,,,,,,,,,,,,,,,,,,,,,,,,,,,,,,,,,,,,,,,,,,,,,,,,,,,,,,,,,,,,,,,,,,96.3426251752036,18033.14792742048,134.287556859973,155.65521240234375,54.07982957363129,17.78618609053748,27.918299253372084,10.812294870615005,8.451848030090332,72.1810337815966,88.2971612755111,122.78961171422687,41.60065157072885,143.63990885870797,173.8103517448678,243.13318579537528,82.61393397194999,96.3426251752036,134.287556859973,155.65521240234375,54.07982957363129,0.001
2,340,train,0.18696273863315582,0.15596333146095276,0.15499703586101532,0.0,0.0,0.0,0.0,0.0,0.0,0.0,0.0,0.0,0.0,0.0,0.0,0.0,0.0,0.0,0.0,0.0,0.0,0.0,0.0,0.0,0.0,0.0,0.0,1.0,0.3064798414707184,0.3064798414707184,0.3064858317375183,0.0,0.017369795590639114,0.4618406593799591,1.0,0.0,1.0,0.0,0.0,0.0008889185264706612,0.0,0.0,0.0,0.0,0.2704589366912842,0.011205857619643211,0.23612889647483826,0.31413257122039795,0.5807560086250305,0.0,0.0,0.0,0.0,0.0,0.0,0.0,0.0,1.0,0.0,-8.842809620546177e-05,0.37030044198036194,0.11564713716506958,0.7571694254875183,0.0,0.15499703586101532,0.15596333146095276,0.15596333146095276,0.0850067064166069,-0.003156811697408557,1.3386836084094966e-10,0.0,0.0,4.0318732261657715,4.0318732261657715,1.4595072269439697,1.4595072269439697,0.34371235966682434,0.0,0.0,0.0,0.0,0.2704589366912842,0.034241948276758194,0.16065064072608948,0.45480069518089294,0.5807560086250305,0.0,1.4555119276046753,1.4662283658981323,1.4595072269439697,1.454904317855835,0.4618406593799591,0.0339958518743515,0.010361823253333569,1.0,2.8004801273345947,2.8290247917175293,2.897813320159912,0.0,4.0,0.0,0.0,0.0,0.0,0.0,0.0,,,,,,,,,,,,,,,,,,,,,,0.001
2,360,train,0.15520450472831726,0.1293264478445053,0.12939025461673737,0.0,0.0,0.0,0.0,0.0,0.0,0.0,0.0,0.0,0.0,0.0,0.0,0.0,0.0,0.0,0.0,0.0,0.0,0.0,0.0,0.0,0.0,0.0,0.0,1.0,0.47759678959846497,0.47759681940078735,0.4776390492916107,0.0,0.019257573410868645,0.4627039432525635,1.0,0.0,1.0,0.0,0.0,0.001160789281129837,0.0,0.0,0.0,0.0,0.2726230323314667,0.013455544598400593,0.21906527876853943,0.32717540860176086,0.5816515684127808,0.0,0.0,0.0,0.0,0.0,0.0,0.0,0.0,1.0,0.0,2.485426011844538e-05,0.475800096988678,0.0544808954000473,0.9670425653457642,0.0,0.12939025461673737,0.1293264478445053,0.1293264478445053,0.07222052663564682,0.015015501528978348,9.225766678389036e-11,0.0,0.0,3.7110466957092285,3.7110466957092285,1.611719012260437,1.611719012260437,0.2553589344024658,0.0,0.0,0.0,0.0,0.2726230323314667,0.040927138179540634,0.13522467017173767,0.49052268266677856,0.5816515684127808,0.0,1.6207494735717773,1.6185511350631714,1.611719012260437,1.6172094345092773,0.4627039432525635,0.05119471997022629,0.011716162785887718,1.0,2.738121271133423,2.63999605178833,2.7722620964050293,0.0,4.0,0.0,0.0,0.0,0.0,0.0,0.0,,,,,,,,,,,,,,,,,,,,,,0.001
2,380,train,0.1672600507736206,0.1393710821866989,0.13944484293460846,0.0,0.0,0.0,0.0,0.0,0.0,0.0,0.0,0.0,0.0,0.0,0.0,0.0,0.0,0.0,0.0,0.0,0.0,0.0,0.0,0.0,0.0,0.0,0.0,1.0,0.4843141436576843,0.4843141436576843,0.48435690999031067,0.0,0.018814990296959877,0.467382550239563,1.0,0.0,1.0,0.0,0.0,0.001290646381676197,0.0,0.0,0.0,0.0,0.27818891406059265,0.014434751123189926,0.2359289973974228,0.33508121967315674,0.5871567726135254,0.0,0.0,0.0,0.0,0.0,0.0,0.0,0.0,1.0,0.0,0.00013827109069097787,0.47066786885261536,0.06237724795937538,0.9739526510238647,0.0,0.13944484293460846,0.1393710821866989,0.1393710821866989,0.06355106085538864,0.00209493818692863,-9.931062916468392e-11,0.0,0.0,3.8903648853302,3.8903648853302,1.63691246509552,1.63691246509552,0.22971764206886292,0.0,0.0,0.0,0.0,0.27818891406059265,0.04059452936053276,0.15831248462200165,0.5067591667175293,0.5871567726135254,1.5318628356908448e-05,1.646283745765686,1.6426143646240234,1.63691246509552,1.6397210359573364,0.467382550239563,0.05544734001159668,0.012460400350391865,1.0,2.921494483947754,2.8170299530029297,2.865910053253174,0.0,4.0,0.0,0.0,0.0,0.0,0.0,0.0,,,,,,,,,,,,,,,,,,,,,,0.001
2,400,train,0.14221268892288208,0.11851207166910172,0.11850306391716003,0.0,0.0,0.0,0.0,0.0,0.0,0.0,0.0,0.0,0.0,0.0,0.0,0.0,0.0,0.0,0.0,0.0,0.0,0.0,0.0,0.0,0.0,0.0,0.0,1.0,0.48124825954437256,0.4812481999397278,0.4812489449977875,0.0,0.018247829750180244,0.4595605731010437,1.0,0.0,1.0,0.0,0.0,0.0008149049244821072,0.0,0.0,0.0,0.0,0.2808677554130554,0.013262600637972355,0.24036574363708496,0.32982921600341797,0.5903333425521851,0.0,0.0,0.0,0.0,0.0,0.0,0.0,0.0,1.0,0.0,0.00010018837201641873,0.4680110812187195,0.06669576466083527,0.9706203937530518,0.0,0.11850306391716003,0.11851207166910172,0.11851207166910172,0.057678572833538055,0.002965508960187435,1.7677377617264511e-10,0.0,0.0,3.7537760734558105,3.7537760734558105,1.6383212804794312,1.6383212804794312,0.1962515264749527,0.0,0.0,0.0,0.0,0.28086772561073303,0.03733965381979942,0.15583404898643494,0.4630930721759796,0.5903333425521851,0.0,1.6447373628616333,1.6436940431594849,1.6383212804794312,1.6389074325561523,0.4595605731010437,0.05653573200106621,0.013010148890316486,1.0,2.734355926513672,2.7419276237487793,2.844618320465088,0.0,4.0,0.0,0.0,0.0,0.0,0.0,0.0,,,,,,,,,,,,,,,,,,,,,,0.001
2,420,train,0.13082298636436462,0.10903649032115936,0.10893251746892929,0.0,0.0,0.0,0.0,0.0,0.0,0.0,0.0,0.0,0.0,0.0,0.0,0.0,0.0,0.0,0.0,0.0,0.0,0.0,0.0,0.0,0.0,0.0,0.0,1.0,0.47542473673820496,0.47542473673820496,0.4754679501056671,0.0,0.019539177417755127,0.46052131056785583,1.0,0.0,1.0,0.0,0.0,0.0007125982083380222,0.0,0.0,0.0,0.0,0.2785438001155853,0.013294405303895473,0.23657529056072235,0.3272283971309662,0.5880451798439026,0.0,0.0,0.0,0.0,0.0,0.0,0.0,0.0,1.0,0.0,4.082781379111111e-05,0.46258896589279175,0.06890507787466049,0.9654311537742615,0.0,0.10893251746892929,0.10903649032115936,0.10903649032115936,0.05413711816072464,0.008598508313298225,5.392072205401277e-11,0.0,0.0,3.6457319259643555,3.6457319259643555,1.6364258527755737,1.6364258527755737,0.1782718300819397,0.0,0.0,0.0,0.0,0.2785438299179077,0.037715427577495575,0.14414963126182556,0.5247927308082581,0.5880451798439026,1.5318628356908448e-05,1.643310546875,1.641706943511963,1.6364258527755737,1.6331278085708618,0.46052131056785583,0.056868813931941986,0.012846267782151699,1.0,2.6899070739746094,2.725097179412842,2.7527709007263184,0.0,4.0,0.0,0.0,0.0,0.0,0.0,0.0,,,,,,,,,,,,,,,,,,,,,,0.001
2,440,train,0.14028356969356537,0.11690381914377213,0.11689877510070801,0.0,0.0,0.0,0.0,0.0,0.0,0.0,0.0,0.0,0.0,0.0,0.0,0.0,0.0,0.0,0.0,0.0,0.0,0.0,0.0,0.0,0.0,0.0,0.0,1.0,0.4725433886051178,0.4725433588027954,0.4726051390171051,0.0,0.01784663461148739,0.4626425802707672,1.0,0.0,1.0,0.0,0.0,0.0014119993429630995,0.0,0.0,0.0,0.0,0.27847030758857727,0.01789570227265358,0.21665138006210327,0.35116398334503174,0.5875759124755859,0.0,0.0,0.0,0.0,0.0,0.0,0.0,0.0,1.0,0.0,5.0738548452500254e-05,0.4582458734512329,0.0740717276930809,0.9611104130744934,0.0,0.11689877510070801,0.11690381914377213,0.11690381914377213,0.058738887310028076,-0.0009608492255210876,3.952567440013155e-11,0.0,0.0,4.029966354370117,4.029966354370117,1.637331247329712,1.637331247329712,0.21268124878406525,0.0,0.0,0.0,0.0,0.2784702777862549,0.039804089814424515,0.14232255518436432,0.5109589099884033,0.5875759124755859,3.0637256713816896e-05,1.6443233489990234,1.6427005529403687,1.637331247329712,1.6395041942596436,0.4626425802707672,0.05717996880412102,0.01309469435364008,1.0,2.854220390319824,2.739640712738037,2.7810328006744385,0.0,4.0,0.0,0.0,0.0,0.0,0.0,0.0,,,,,,,,,,,,,,,,,,,,,,0.001
2,460,train,0.14584468305110931,0.12155382335186005,0.12145432829856873,0.0,0.0,0.0,0.0,0.0,0.0,0.0,0.0,0.0,0.0,0.0,0.0,0.0,0.0,0.0,0.0,0.0,0.0,0.0,0.0,0.0,0.0,0.0,0.0,1.0,0.4666423797607422,0.4666424095630646,0.46667176485061646,0.0,0.018970927223563194,0.4587865471839905,1.0,0.0,1.0,0.0,0.0,0.0016861578915268183,0.0,0.0,0.0,0.0,0.27632829546928406,0.01513360533863306,0.2338578701019287,0.3445417881011963,0.5859435200691223,0.0,0.0,0.0,0.0,0.0,0.0,0.0,0.0,1.0,0.0,0.00020621235307771713,0.4575861394405365,0.07721525430679321,0.953472375869751,0.0,0.12145432829856873,0.12155382335186005,0.12155382335186005,0.05079119652509689,0.013761652633547783,-1.7315701650311155e-10,0.0,0.0,3.720372200012207,3.720372438430786,1.6310123205184937,1.6310123205184937,0.16913925111293793,0.0,0.0,0.0,0.0,0.27632829546928406,0.03755400702357292,0.15245570242404938,0.5419333577156067,0.5859435200691223,1.5318628356908448e-05,1.6350650787353516,1.6370352506637573,1.6310123205184937,1.6303365230560303,0.4587865471839905,0.059125080704689026,0.013486349023878574,1.0,2.717358112335205,2.689685344696045,2.807939291000366,0.0,4.0,0.0,0.0,0.0,0.0,0.0,0.0,,,,,,,,,,,,,,,,,,,,,,0.001
2,480,train,0.15101037919521332,0.12579353153705597,0.12608420848846436,0.0,0.0,0.0,0.0,0.0,0.0,0.0,0.0,0.0,0.0,0.0,0.0,0.0,0.0,0.0,0.0,0.0,0.0,0.0,0.0,0.0,0.0,0.0,0.0,1.0,0.45772579312324524,0.45772579312324524,0.4577128291130066,0.0,0.018569141626358032,0.4616122245788574,1.0,0.0,1.0,0.0,0.0,0.006130723748356104,0.0,0.0,0.0,0.0,0.2780250012874603,0.015367372892796993,0.23610565066337585,0.3427011966705322,0.587605357170105,0.0,0.0,0.0,0.0,0.0,0.0,0.0,0.0,1.0,0.0,0.00041279138531535864,0.45527711510658264,0.0878974050283432,0.9449958801269531,0.0,0.12608420848846436,0.12579353153705597,0.12579353153705597,0.05999542772769928,0.025665344670414925,1.1052204984540737e-10,0.0,0.0,3.7968873977661133,3.7968873977661133,1.633655309677124,1.633655309677124,0.20420020818710327,0.0,0.0,0.0,0.0,0.2780250310897827,0.03742794692516327,0.15999659895896912,0.5505815148353577,0.587605357170105,3.0637256713816896e-05,1.6386935710906982,1.6389726400375366,1.633655309677124,1.6386058330535889,0.4616122245788574,0.058425914496183395,0.013395173475146294,1.0,2.7145233154296875,2.7233684062957764,2.702348470687866,0.0,4.0,0.0,0.0,0.0,0.0,0.0,0.0,,,,,,,,,,,,,,,,,,,,,,0.001
2,500,train,0.13405698537826538,0.11166325956583023,0.11196861416101456,0.0,0.0,0.0,0.0,0.0,0.0,0.0,0.0,0.0,0.0,0.0,0.0,0.0,0.0,0.0,0.0,0.0,0.0,0.0,0.0,0.0,0.0,0.0,0.0,1.0,0.4540354311466217,0.4540354311466217,0.4540814757347107,0.0,0.018519327044487,0.4613383114337921,1.0,0.0,1.0,0.0,0.0,0.0039013817440718412,0.0,0.0,0.0,0.0,0.2742437422275543,0.016125191003084183,0.21972624957561493,0.3296331763267517,0.5834644436836243,0.0,0.0,0.0,0.0,0.0,0.0,0.0,0.0,1.0,0.0,0.0007291613146662712,0.42875951528549194,0.11482907831668854,0.9324595332145691,0.0,0.11196861416101456,0.11166325956583023,0.11166325956583023,0.05395374819636345,0.007912368513643742,-3.675584281381816e-10,0.0,0.0,3.8946893215179443,3.894688844680786,1.6955918073654175,1.6955918073654175,0.187947079539299,0.0,0.0,0.0,0.0,0.27424371242523193,0.039839912205934525,0.13578422367572784,0.4956986904144287,0.5834644436836243,0.0,1.7003964185714722,1.7014645338058472,1.6955918073654175,1.698818325996399,0.4613383114337921,0.06296280771493912,0.014017123728990555,1.0,2.7745108604431152,2.7509655952453613,2.764342784881592,0.0,4.0,0.0,0.0,0.0,0.0,0.0,0.0,,,,,,,,,,,,,,,,,,,,,,0.001
2,520,train,0.1474352777004242,0.12282902002334595,0.12303126603364944,0.0,0.0,0.0,0.0,0.0,0.0,0.0,0.0,0.0,0.0,0.0,0.0,0.0,0.0,0.0,0.0,0.0,0.0,0.0,0.0,0.0,0.0,0.0,0.0,1.0,0.4421493709087372,0.4421493709087372,0.44216012954711914,0.0,0.017065977677702904,0.4634767472743988,1.0,0.0,1.0,0.0,0.0,0.01052209921181202,0.0,0.0,0.0,0.0,0.2747003138065338,0.018419697880744934,0.2238755077123642,0.341991126537323,0.5830212235450745,0.0,0.0,0.0,0.0,0.0,0.0,0.0,0.0,1.0,0.0,8.294975850731134e-05,0.4383712708950043,0.13207928836345673,0.9141095876693726,0.0,0.12303126603364944,0.12282902002334595,0.12282902002334595,0.0456574410200119,0.004297533538192511,-3.0939503736782115e-10,0.0,0.0,3.9195919036865234,3.9195919036865234,1.717339277267456,1.717339277267456,0.1633472740650177,0.0,0.0,0.0,0.0,0.2747003138065338,0.044142115861177444,0.1258532851934433,0.5561066269874573,0.5830212235450745,0.00010723040031734854,1.722267508506775,1.7242261171340942,1.717339277267456,1.7029502391815186,0.4634767472743988,0.06303714960813522,0.014400090090930462,1.0,2.686972141265869,2.7003917694091797,2.7829694747924805,0.0,4.0,0.0,0.0,0.0,0.0,0.0,0.0,,,,,,,,,,,,,,,,,,,,,,0.001
2,540,train,0.14651617407798767,0.12203456461429596,0.12240804731845856,0.0,0.0,0.0,0.0,0.0,0.0,0.0,0.0,0.0,0.0,0.0,0.0,0.0,0.0,0.0,0.0,0.0,0.0,0.0,0.0,0.0,0.0,0.0,0.0,1.0,0.43325456976890564,0.43325456976890564,0.4332684874534607,0.0,0.0178084596991539,0.46183261275291443,1.0,0.0,1.0,0.0,0.0,0.008570163510739803,0.0,0.0,0.0,0.0,0.2782728374004364,0.022192232310771942,0.21453458070755005,0.36187803745269775,0.5841972231864929,0.0,0.0,0.0,0.0,0.0,0.0,0.0,0.0,1.0,0.0,-8.126338798319921e-05,0.44340112805366516,0.13763876259326935,0.8973384499549866,0.0,0.12240804731845856,0.12203456461429596,0.12203456461429596,0.0530853234231472,-0.0015556900762021542,-7.85897805166691e-11,0.0,0.0,3.8395020961761475,3.8395020961761475,1.7059588432312012,1.7059588432312012,0.18162670731544495,0.0,0.0,0.0,0.0,0.278272807598114,0.053606800734996796,0.11799164861440659,0.5808647871017456,0.5841972231864929,0.0006280637462623417,1.7152119874954224,1.7146743535995483,1.7059588432312012,1.7029900550842285,0.46183261275291443,0.06242343783378601,0.013823281042277813,1.0,2.6688156127929688,2.729214668273926,2.6398801803588867,0.0,4.0,0.0,0.0,0.0,0.0,0.0,0.0,,,,,,,,,,,,,,,,,,,,,,0.001
2,560,train,0.14542192220687866,0.12114210426807404,0.12139905989170074,0.0,0.0,0.0,0.0,0.0,0.0,0.0,0.0,0.0,0.0,0.0,0.0,0.0,0.0,0.0,0.0,0.0,0.0,0.0,0.0,0.0,0.0,0.0,0.0,1.0,0.4185831546783447,0.4185831546783447,0.41858726739883423,0.0,0.01753152348101139,0.46280959248542786,1.0,0.0,1.0,0.0,0.0,0.004854654427617788,0.0,0.0,0.0,0.0,0.2727595865726471,0.029394473880529404,0.18897080421447754,0.3593800663948059,0.576544463634491,0.0,0.0,0.0,0.0,0.0,0.0,0.0,0.0,1.0,0.0,0.0019653718918561935,0.40993356704711914,0.16926078498363495,0.8611558675765991,0.0,0.12139905989170074,0.12114210426807404,0.12114210426807404,0.0506688617169857,0.00027147322543896735,6.110406451653727e-12,0.0,0.0,3.999547004699707,3.999547004699707,1.8123005628585815,1.8123005628585815,0.17640313506126404,0.0,0.0,0.0,0.0,0.2727596163749695,0.06149599701166153,0.10637299716472626,0.6088605523109436,0.576544463634491,0.002113970695063472,1.825278639793396,1.8208187818527222,1.8123005628585815,1.8408435583114624,0.46280959248542786,0.06807506084442139,0.014983576722443104,1.0,2.7090070247650146,2.7306888103485107,2.7119388580322266,0.0,4.0,0.0,0.0,0.0,0.0,0.0,0.0,,,,,,,,,,,,,,,,,,,,,,0.001
2,580,train,0.13914689421653748,0.11588611453771591,0.11630389094352722,0.0,0.0,0.0,0.0,0.0,0.0,0.0,0.0,0.0,0.0,0.0,0.0,0.0,0.0,0.0,0.0,0.0,0.0,0.0,0.0,0.0,0.0,0.0,0.0,1.0,0.40148845314979553,0.40148845314979553,0.4015485942363739,0.0,0.0177911426872015,0.46052345633506775,1.0,0.0,1.0,0.0,0.0,0.014336921274662018,0.0,0.0,0.0,0.0,0.2738780379295349,0.03245650976896286,0.20282649993896484,0.3931260108947754,0.5735666155815125,0.0,0.0,0.0,0.0,0.0,0.0,0.0,0.0,1.0,0.0,0.0032477390486747026,0.40157759189605713,0.19255562126636505,0.8247805833816528,0.0,0.11630389094352722,0.11588611453771591,0.11588611453771591,0.04764030873775482,0.01073679979890585,-4.1007328088760175e-10,0.0,0.0,3.6351664066314697,3.6351664066314697,1.8828279972076416,1.8828279972076416,0.15146972239017487,0.0,0.0,0.0,0.0,0.2738780379295349,0.0737084373831749,0.060795072466135025,0.7187646627426147,0.5735666155815125,0.008241422474384308,1.912050485610962,1.8891949653625488,1.8828279972076416,1.82243013381958,0.46052345633506775,0.06911075860261917,0.014523262158036232,1.0,2.546431541442871,2.664236545562744,2.605318307876587,0.0,4.0,0.0,0.0,0.0,0.0,0.0,0.0,,,,,,,,,,,,,,,,,,,,,,0.001
2,600,train,0.14842961728572845,0.12357185781002045,0.12428879737854004,0.0,0.0,0.0,0.0,0.0,0.0,0.0,0.0,0.0,0.0,0.0,0.0,0.0,0.0,0.0,0.0,0.0,0.0,0.0,0.0,0.0,0.0,0.0,0.0,1.0,0.390566885471344,0.390566885471344,0.3905760943889618,0.0,0.01805674284696579,0.4603264331817627,1.0,0.0,1.0,0.0,0.0,0.00817206222563982,0.0,0.0,0.0,0.0,0.27593860030174255,0.037319764494895935,0.17092780768871307,0.44231462478637695,0.5687119960784912,0.0,0.0,0.0,0.0,0.0,0.0,0.0,0.0,1.0,0.0,0.0008747189422138035,0.4385387599468231,0.17869554460048676,0.815611720085144,0.0,0.12428879737854004,0.12357185781002045,0.12357185781002045,0.04733557999134064,0.0023412168957293034,1.8279013025424007e-10,0.0,0.0,3.8009982109069824,3.8009982109069824,1.7864365577697754,1.7864365577697754,0.16304655373096466,0.0,0.0,0.0,0.0,0.27593857049942017,0.09081035107374191,0.07300127297639847,0.7819773554801941,0.5687119960784912,0.025076594203710556,1.8253834247589111,1.7995846271514893,1.7864365577697754,1.7716858386993408,0.4603264331817627,0.06749171018600464,0.015034627169370651,1.0,2.6573212146759033,2.6966636180877686,2.7446508407592773,0.0,4.0,0.0,0.0,0.0,0.0,0.0,0.0,,,,,,,,,,,,,,,,,,,,,,0.001
2,620,train,0.14105042815208435,0.11751689016819,0.11766768991947174,0.0,0.0,0.0,0.0,0.0,0.0,0.0,0.0,0.0,0.0,0.0,0.0,0.0,0.0,0.0,0.0,0.0,0.0,0.0,0.0,0.0,0.0,0.0,0.0,1.0,0.3664834499359131,0.3664834499359131,0.366560697555542,0.0,0.019047381356358528,0.45797082781791687,1.0,0.0,1.0,0.0,0.0,0.009645482525229454,0.0,0.0,0.0,0.0,0.27693963050842285,0.0415971539914608,0.16041021049022675,0.4073030352592468,0.5611624121665955,0.0,0.0,0.0,0.0,0.0,0.0,0.0,0.0,1.0,0.0,0.0013087027473375201,0.4235887825489044,0.1740613877773285,0.7886573672294617,0.0,0.11766768991947174,0.11751689016819,0.11751689016819,0.05136977508664131,0.00782102346420288,-7.596182710623012e-11,0.0,0.0,3.8044533729553223,3.8044533729553223,1.7044448852539062,1.7044448852539062,0.17246809601783752,0.0,0.0,0.0,0.0,0.27693966031074524,0.10776746273040771,0.03765971213579178,0.800701916217804,0.5611624121665955,0.04120710864663124,1.7679704427719116,1.7188044786453247,1.7044448852539062,1.7159205675125122,0.45797082781791687,0.06541433185338974,0.014208483509719372,1.0,2.5372543334960938,2.604041576385498,2.5655124187469482,0.0,4.0,0.0,0.0,0.0,0.0,0.0,0.0,,,,,,,,,,,,,,,,,,,,,,0.001
2,640,train,0.13871613144874573,0.11550057679414749,0.11607775837182999,0.0,0.0,0.0,0.0,0.0,0.0,0.0,0.0,0.0,0.0,0.0,0.0,0.0,0.0,0.0,0.0,0.0,0.0,0.0,0.0,0.0,0.0,0.0,0.0,1.0,0.3506813049316406,0.3506813049316406,0.3506879508495331,0.0,0.017154952511191368,0.46102672815322876,1.0,0.0,1.0,0.0,0.0,0.009419035166501999,0.0,0.0,0.0,0.0,0.287191241979599,0.048872873187065125,0.15590769052505493,0.47147807478904724,0.5641980171203613,0.0,0.0,0.0,0.0,0.0,0.0,0.0,0.0,1.0,0.0,0.0035746293142437935,0.40428614616394043,0.20331114530563354,0.7292578220367432,0.0,0.11607775837182999,0.11550057679414749,0.11550057679414749,0.04963625967502594,0.0009443701128475368,2.3859123010616656e-10,0.0,0.0,3.8485186100006104,3.8485186100006104,1.8446980714797974,1.8446980714797974,0.17326365411281586,0.0,0.0,0.0,0.0,0.287191241979599,0.12123125046491623,0.03328309580683708,0.8031536340713501,0.5641980171203613,0.06848958879709244,1.9204626083374023,1.854934573173523,1.8446980714797974,1.799163818359375,0.46102672815322876,0.07598331570625305,0.01583307608962059,1.0,2.7289109230041504,2.6811294555664062,2.691443920135498,0.0,4.0,0.0,0.0,0.0,0.0,0.0,0.0,,,,,,,,,,,,,,,,,,,,,,0.001
2,660,train,0.15019699931144714,0.1250125914812088,0.1259220391511917,0.0,0.0,0.0,0.0,0.0,0.0,0.0,0.0,0.0,0.0,0.0,0.0,0.0,0.0,0.0,0.0,0.0,0.0,0.0,0.0,0.0,0.0,0.0,0.0,1.0,0.31572678685188293,0.31572678685188293,0.3157184422016144,0.0,0.018764996901154518,0.4598606824874878,1.0,0.0,1.0,0.0,0.0,0.008055327460169792,0.0,0.0,0.0,0.0,0.2886214256286621,0.054905761033296585,0.13869249820709229,0.4674811363220215,0.5569140315055847,0.0,0.0,0.0,0.0,0.0,0.0,0.0,0.0,1.0,0.0,0.0033805454149842262,0.41368934512138367,0.17332303524017334,0.7041583061218262,0.0,0.1259220391511917,0.1250125914812088,0.1250125914812088,0.05032971873879433,-0.005030378233641386,2.626797390714586e-10,0.0,0.0,3.7746617794036865,3.7746617794036865,1.6223676204681396,1.6223676204681396,0.17256809771060944,0.0,0.0,0.0,0.0,0.2886214554309845,0.13475961983203888,0.03362230584025383,0.8304749727249146,0.5569140315055847,0.0811580941081047,1.687684416770935,1.6469662189483643,1.6223676204681396,1.6108025312423706,0.4598606824874878,0.067372165620327,0.014991778880357742,1.0,2.640990734100342,2.7220027446746826,2.7580618858337402,0.0,4.0,0.0,0.0,0.0,0.0,0.0,0.0,,,,,,,,,,,,,,,,,,,,,,0.001
2,668,train_epoch,0.1492107794536445,0.12430689780565793,0.12451940663381965,0.0,0.0,0.0,0.0,0.0,0.0,0.0,0.0,0.0,0.0,0.0,0.0,0.0,0.0,0.0,0.0,0.0,0.0,0.0,0.0,0.0,0.0,0.0,0.0,1.0,0.42582355064903193,0.4258235508274889,0.425848461196808,0.0,0.01870068401923615,0.46119499964985305,1.0,0.0,1.0,0.0,0.0,0.00734866796189314,0.0,0.0,0.0,0.0,0.27558036193162383,0.024593600445611034,0.20508583171103528,0.36403406166030977,0.5771949726664377,0.0,0.0,0.0,0.0,0.0,0.0,0.0,0.0,1.0,0.0,0.0007473644417143396,0.4401588085704221,0.12032989778383049,0.8842353114110981,0.0,0.12451940663381965,0.12430689780565793,0.12430689780565793,0.0544434001635827,0.006430568997524471,-1.1232326883612724e-11,0.0,0.0,3.8532401137723182,3.8532401137723182,1.6840509940050319,1.6840509940050319,0.19009725013357437,0.0,0.0,0.0,0.0,0.27558036416233656,0.06071707696659479,0.11105527205693864,0.6001993155408049,0.5771949726664377,0.011749984240621873,1.7053026057289031,1.6925299067697126,1.6840509940050319,1.6831930818671952,0.46119499964985305,0.06075757293554837,0.013609237709601305,1.0,2.726755201459645,2.7252634699473126,2.726026530751211,0.0,4.0,0.0,0.0,0.0,0.0,0.0,0.0,,,,,,,,,,,,,,,,,,,,,,0.001
2,668,val,,,,,,,,,,,,,,,,,,,,,,,,,,,,,,,,,,,,,,,,,,,,,,,,,,,,,,,,,,,,,,,,,,,,,,,,,,,,,,,,,,,,,,,,,,,,,,,,,,,,,,,,,,,82.3329257283892,14299.888017926898,119.58213920952785,155.37570544651575,45.21244730268206,16.65976965001651,26.26572767211526,11.100930362939835,7.852496917758669,74.85205057689122,90.96448333973807,148.27777876172746,41.83842938286917,131.23890216009957,158.71563498419022,261.05474604879106,74.23799078805106,82.3329257283892,119.58213920952785,155.37570544651575,45.21244730268206,0.001
2,668,test_select,,,,,,,,,,,,,,,,,,,,,,,,,,,,,,,,,,,,,,,,,,,,,,,,,,,,,,,,,,,,,,,,,,,,,,,,,,,,,,,,,,,,,,,,,,,,,,,,,,,,,,,,,,,86.1726586818695,15719.76178414481,125.37847416580252,139.3686818054744,48.542180572237285,16.815530508756638,26.24586988382862,13.139194062777928,8.07470452785492,79.23421604292733,96.47196685414241,134.49225051062447,45.80503562518528,137.40308502742224,166.15186817589455,234.04861392293657,79.50274586677551,86.1726586818695,125.37847416580252,139.3686818054744,48.542180572237285,0.001
2,668,test,,,,,,,,,,,,,,,,,,,,,,,,,,,,,,,,,,,,,,,,,,,,,,,,,,,,,,,,,,,,,,,,,,,,,,,,,,,,,,,,,,,,,,,,,,,,,,,,,,,,,,,,,,,86.1726586818695,15719.76178414481,125.37847416580252,139.3686818054744,48.542180572237285,16.815530508756638,26.24586988382862,13.139194062777928,8.07470452785492,79.23421604292733,96.47196685414241,134.49225051062447,45.80503562518528,137.40308502742224,166.15186817589455,234.04861392293657,79.50274586677551,86.1726586818695,125.37847416580252,139.3686818054744,48.542180572237285,0.001
3,680,train,0.13265696167945862,0.11054271459579468,0.11057126522064209,0.0,0.0,0.0,0.0,0.0,0.0,0.0,0.0,0.0,0.0,0.0,0.0,0.0,0.0,0.0,0.0,0.0,0.0,0.0,0.0,0.0,0.0,0.0,0.0,1.0,0.30138731002807617,0.30138731002807617,0.3013577163219452,0.0,0.017536887899041176,0.46214529871940613,1.0,0.0,1.0,0.0,0.0,0.00971042737364769,0.0,0.0,0.0,0.0,0.2639043629169464,0.04988666996359825,0.11945657432079315,0.44493865966796875,0.5252529382705688,0.0,0.0,0.0,0.0,0.0,0.0,0.0,0.0,1.0,0.0,0.002881194930523634,0.3895213007926941,0.2019457221031189,0.669167697429657,0.0,0.11057126522064209,0.11054271459579468,0.11054271459579468,0.04431917145848274,0.0014014552580192685,9.348199297987136e-11,0.0,0.0,3.889225959777832,3.889225959777832,1.7009458541870117,1.7009458541870117,0.15306848287582397,0.0,0.0,0.0,0.0,0.2639043629169464,0.14296387135982513,0.01539640687406063,0.88593590259552,0.5252529382705688,0.07215073704719543,1.7756695747375488,1.7301177978515625,1.7009458541870117,1.733418583869934,0.46214529871940613,0.06835874915122986,0.014849797822535038,1.0,2.619579792022705,2.707918167114258,2.7026326656341553,0.0,4.0,0.0,0.0,0.0,0.0,0.0,0.0,,,,,,,,,,,,,,,,,,,,,,0.001
3,700,train,0.1326289027929306,0.11021336913108826,0.11207766830921173,0.0,0.0,0.0,0.0,0.0,0.0,0.0,0.0,0.0,0.0,0.0,0.0,0.0,0.0,0.0,0.0,0.0,0.0,0.0,0.0,0.0,0.0,0.0,0.0,1.0,0.28109419345855713,0.28109419345855713,0.2810288071632385,0.0,0.01912795752286911,0.46145009994506836,1.0,0.0,1.0,0.0,0.0,0.01510568242520094,0.0,0.0,0.0,0.0,0.255158007144928,0.06458926200866699,0.06579083204269409,0.5110876560211182,0.5110839009284973,0.0,0.0,0.0,0.0,0.0,0.0,0.0,0.0,1.0,0.0,0.003546774387359619,0.41789260506629944,0.19879499077796936,0.6319918632507324,0.0,0.11207766830921173,0.11021336913108826,0.11021336913108826,0.044334180653095245,-0.0023199792485684156,1.8198102746946887e-10,0.0,0.0,3.997434139251709,3.997434377670288,1.6463561058044434,1.6463561058044434,0.16112399101257324,0.0,0.0,0.0,0.0,0.25515803694725037,0.14856047928333282,0.015479713678359985,0.885421872138977,0.5110839009284973,0.07636336237192154,1.7031670808792114,1.6767672300338745,1.6463561058044434,1.6230090856552124,0.46145009994506836,0.06839815527200699,0.014927485957741737,1.0,2.759230613708496,2.662513256072998,2.678274631500244,0.0,4.0,0.0,0.0,0.0,0.0,0.0,0.0,,,,,,,,,,,,,,,,,,,,,,0.001
3,720,train,0.1319299042224884,0.10976172238588333,0.11084088683128357,0.0,0.0,0.0,0.0,0.0,0.0,0.0,0.0,0.0,0.0,0.0,0.0,0.0,0.0,0.0,0.0,0.0,0.0,0.0,0.0,0.0,0.0,0.0,0.0,1.0,0.2701839208602905,0.2701839208602905,0.2701769173145294,0.0,0.01928107813000679,0.4623199999332428,1.0,0.0,1.0,0.0,0.0,0.006746336352080107,0.0,0.0,0.0,0.0,0.24042639136314392,0.058554258197546005,0.060737304389476776,0.4215981364250183,0.49427640438079834,0.0,0.0,0.0,0.0,0.0,0.0,0.0,0.0,1.0,0.0,0.003905792720615864,0.40499377250671387,0.2133878469467163,0.5801893472671509,0.0,0.11084088683128357,0.10976172238588333,0.10976172238588333,0.05006386339664459,0.013682309538125992,-1.5589442237118334e-10,0.0,0.0,3.8615996837615967,3.8615996837615967,1.6307110786437988,1.6307110786437988,0.173622265458107,0.0,0.0,0.0,0.0,0.24042637646198273,0.14585573971271515,0.015766600146889687,0.8847457766532898,0.49427640438079834,0.0667738988995552,1.6807427406311035,1.6638565063476562,1.6307110786437988,1.6454615592956543,0.4623199999332428,0.07037414610385895,0.015506097115576267,1.0,2.5168449878692627,2.541212797164917,2.548997640609741,0.0,4.0,0.0,0.0,0.0,0.0,0.0,0.0,,,,,,,,,,,,,,,,,,,,,,0.001
3,740,train,0.1325783133506775,0.11032097786664963,0.1112866997718811,0.0,0.0,0.0,0.0,0.0,0.0,0.0,0.0,0.0,0.0,0.0,0.0,0.0,0.0,0.0,0.0,0.0,0.0,0.0,0.0,0.0,0.0,0.0,0.0,1.0,0.2321215569972992,0.2321215569972992,0.23215089738368988,0.0,0.01756160706281662,0.46075400710105896,1.0,0.0,1.0,0.0,0.0,0.013053586706519127,0.0,0.0,0.0,0.0,0.26608774065971375,0.0796116515994072,0.06399477273225784,0.541933536529541,0.5126500725746155,0.0,0.0,0.0,0.0,0.0,0.0,0.0,0.0,1.0,0.0,0.0012996590230613947,0.39426693320274353,0.21176712214946747,0.5246819257736206,0.0,0.1112866997718811,0.11032097786664963,0.11032097786664963,0.05921049416065216,0.018725069239735603,1.876329369654428e-10,0.0,0.0,3.856222152709961,3.856222152709961,1.5618480443954468,1.5618480443954468,0.20406608283519745,0.0,0.0,0.0,0.0,0.26608774065971375,0.16183701157569885,0.00940412376075983,0.9653578400611877,0.5126500725746155,0.08909314125776291,1.6117342710494995,1.5917747020721436,1.5618480443954468,1.589322805404663,0.46075400710105896,0.07036235183477402,0.015317442826926708,1.0,2.6512317657470703,2.658226251602173,2.6591885089874268,0.0,4.0,0.0,0.0,0.0,0.0,0.0,0.0,,,,,,,,,,,,,,,,,,,,,,0.001
3,760,train,0.1348239928483963,0.11215616017580032,0.11333918571472168,0.0,0.0,0.0,0.0,0.0,0.0,0.0,0.0,0.0,0.0,0.0,0.0,0.0,0.0,0.0,0.0,0.0,0.0,0.0,0.0,0.0,0.0,0.0,0.0,1.0,0.20222191512584686,0.20222188532352448,0.20216715335845947,0.0,0.019308503717184067,0.4623761475086212,1.0,0.0,1.0,0.0,0.0,0.011445747688412666,0.0,0.0,0.0,0.0,0.26379305124282837,0.0719100758433342,0.06893061101436615,0.5246750116348267,0.4992709457874298,0.0,0.0,0.0,0.0,0.0,0.0,0.0,0.0,1.0,0.0,0.003000580472871661,0.3916563093662262,0.203861802816391,0.49595871567726135,0.0,0.11333918571472168,0.11215616017580032,0.11215616017580032,0.04894045740365982,0.006629157345741987,-2.1739214595140055e-10,0.0,0.0,3.891411304473877,3.891411304473877,1.5153803825378418,1.5153803825378418,0.17595432698726654,0.0,0.0,0.0,0.0,0.26379305124282837,0.17363248765468597,0.002999893156811595,0.9090632200241089,0.4992709457874298,0.1054687574505806,1.5921270847320557,1.553984522819519,1.5153803825378418,1.4793545007705688,0.4623761475086212,0.07033627480268478,0.01527493167668581,1.0,2.6578054428100586,2.6361937522888184,2.6578879356384277,0.0,4.0,0.0,0.0,0.0,0.0,0.0,0.0,,,,,,,,,,,,,,,,,,,,,,0.001
3,780,train,0.12587612867355347,0.10478046536445618,0.10547833144664764,0.0,0.0,0.0,0.0,0.0,0.0,0.0,0.0,0.0,0.0,0.0,0.0,0.0,0.0,0.0,0.0,0.0,0.0,0.0,0.0,0.0,0.0,0.0,0.0,1.0,0.1953182965517044,0.1953182965517044,0.1952655166387558,0.0,0.018547307699918747,0.46053314208984375,1.0,0.0,1.0,0.0,0.0,0.014792650006711483,0.0,0.0,0.0,0.0,0.2424355447292328,0.07361926883459091,0.031908322125673294,0.5132510662078857,0.459776371717453,0.0,0.0,0.0,0.0,0.0,0.0,0.0,0.0,1.0,0.0,0.0037030100356787443,0.36995729804039,0.21792933344841003,0.43622198700904846,0.0,0.10547833144664764,0.10478046536445618,0.10478046536445618,0.05451301112771034,0.020629750564694405,3.8887774944651454e-11,0.0,0.0,3.775514841079712,3.775514841079712,1.5064493417739868,1.5064493417739868,0.19528135657310486,0.0,0.0,0.0,0.0,0.24243557453155518,0.18749235570430756,0.0025376833509653807,0.9341167211532593,0.459776371717453,0.1134038046002388,1.5582972764968872,1.5462158918380737,1.5064493417739868,1.5174431800842285,0.46053314208984375,0.07091252505779266,0.01525611337274313,1.0,2.591125011444092,2.618075132369995,2.620187759399414,0.0,4.0,0.0,0.0,0.0,0.0,0.0,0.0,,,,,,,,,,,,,,,,,,,,,,0.001
3,800,train,0.13712094724178314,0.11418593674898148,0.11467503756284714,0.0,0.0,0.0,0.0,0.0,0.0,0.0,0.0,0.0,0.0,0.0,0.0,0.0,0.0,0.0,0.0,0.0,0.0,0.0,0.0,0.0,0.0,0.0,0.0,1.0,0.16795627772808075,0.16795624792575836,0.1679285168647766,0.0,0.018256720155477524,0.4626496434211731,1.0,0.0,1.0,0.0,0.0,0.02443406544625759,0.0,0.0,0.0,0.0,0.26274341344833374,0.08185945451259613,0.06374241411685944,0.5224612951278687,0.4670707583427429,0.0,0.0,0.0,0.0,0.0,0.0,0.0,0.0,1.0,0.0,0.0015815666411072016,0.3874686062335968,0.1860976666212082,0.43122828006744385,0.0,0.11467503756284714,0.11418593674898148,0.11418593674898148,0.04850052297115326,0.014968832954764366,1.824518869320002e-10,0.0,0.0,4.031545162200928,4.031545162200928,1.3541418313980103,1.3541418313980103,0.1882341355085373,0.0,0.0,0.0,0.0,0.26274341344833374,0.20415900647640228,0.001447243383154273,0.9632925987243652,0.4670707583427429,0.11953125894069672,1.4270806312561035,1.3923026323318481,1.3541418313980103,1.389863133430481,0.4626496434211731,0.06567680835723877,0.014520440250635147,1.0,2.5898170471191406,2.6430344581604004,2.6425516605377197,0.0,4.0,0.0,0.0,0.0,0.0,0.0,0.0,,,,,,,,,,,,,,,,,,,,,,0.001
3,820,train,0.1410740166902542,0.11716676503419876,0.11953627318143845,0.0,0.0,0.0,0.0,0.0,0.0,0.0,0.0,0.0,0.0,0.0,0.0,0.0,0.0,0.0,0.0,0.0,0.0,0.0,0.0,0.0,0.0,0.0,0.0,1.0,0.15865732729434967,0.15865731239318848,0.15863454341888428,0.0,0.01736726239323616,0.46239885687828064,1.0,0.0,1.0,0.0,0.0,0.010234011337161064,0.0,0.0,0.0,0.0,0.22924457490444183,0.10130767524242401,0.03028768114745617,0.5538390278816223,0.4229778051376343,0.0,0.0,0.0,0.0,0.0,0.0,0.0,0.0,1.0,0.0,0.007530763745307922,0.3556920886039734,0.22213095426559448,0.3518087565898895,0.0,0.11953627318143845,0.11716676503419876,0.11716676503419876,0.05993620306253433,0.0038701053708791733,-4.4899060164249605e-11,0.0,0.0,3.959548234939575,3.959548234939575,1.4549564123153687,1.4549564123153687,0.2342032492160797,0.0,0.0,0.0,0.0,0.22924456000328064,0.20190967619419098,0.0006483849720098078,0.94898521900177,0.4229778051376343,0.11202512681484222,1.5476993322372437,1.4842528104782104,1.4549564123153687,1.4521019458770752,0.46239885687828064,0.0751330554485321,0.01601688377559185,1.0,2.630361557006836,2.687483549118042,2.7128047943115234,0.0,4.0,0.0,0.0,0.0,0.0,0.0,0.0,,,,,,,,,,,,,,,,,,,,,,0.001
3,840,train,0.12589384615421295,0.10481827706098557,0.10537786036729813,0.0,0.0,0.0,0.0,0.0,0.0,0.0,0.0,0.0,0.0,0.0,0.0,0.0,0.0,0.0,0.0,0.0,0.0,0.0,0.0,0.0,0.0,0.0,0.0,1.0,0.14363709092140198,0.14363709092140198,0.1436048001050949,0.0,0.018457746133208275,0.4577997624874115,1.0,0.0,1.0,0.0,0.0,0.007379945367574692,0.0,0.0,0.0,0.0,0.21234756708145142,0.08864754438400269,0.0575840100646019,0.5533527731895447,0.4094768166542053,0.0,0.0,0.0,0.0,0.0,0.0,0.0,0.0,1.0,0.0,0.001862499164417386,0.37983542680740356,0.18860413134098053,0.3805854916572571,0.0,0.10537786036729813,0.10481827706098557,0.10481827706098557,0.04699831083416939,0.014387298375368118,-7.844544458457392e-11,0.0,0.0,3.878100633621216,3.878100633621216,1.286421537399292,1.286421537399292,0.16772323846817017,0.0,0.0,0.0,0.0,0.2123475819826126,0.19096380472183228,0.0017575633246451616,0.9669641256332397,0.4094768166542053,0.10520833730697632,1.339709997177124,1.3315777778625488,1.286421537399292,1.2442176342010498,0.4577997624874115,0.0668470710515976,0.014650058932602406,1.0,2.783517360687256,2.707249402999878,2.6835575103759766,0.0,4.0,0.0,0.0,0.0,0.0,0.0,0.0,,,,,,,,,,,,,,,,,,,,,,0.001
3,860,train,0.13921037316322327,0.11586637049913406,0.11672002822160721,0.0,0.0,0.0,0.0,0.0,0.0,0.0,0.0,0.0,0.0,0.0,0.0,0.0,0.0,0.0,0.0,0.0,0.0,0.0,0.0,0.0,0.0,0.0,0.0,1.0,0.12463837116956711,0.12463837116956711,0.12457157671451569,0.0,0.01771095022559166,0.4570990204811096,1.0,0.0,1.0,0.0,0.0,0.02585388720035553,0.0,0.0,0.0,0.0,0.2554892301559448,0.08889462053775787,0.028620658442378044,0.5225515961647034,0.45886579155921936,0.0,0.0,0.0,0.0,0.0,0.0,0.0,0.0,1.0,0.0,0.00246097962372005,0.3746541142463684,0.19016730785369873,0.32390856742858887,0.0,0.11672002822160721,0.11586637049913406,0.11586637049913406,0.05544852837920189,0.01631353422999382,1.8581518268501185e-10,0.0,0.0,3.9652814865112305,3.9652814865112305,1.2202832698822021,1.2202832698822021,0.22701670229434967,0.0,0.0,0.0,0.0,0.2554892301559448,0.20116710662841797,0.0004051647847518325,0.9510922431945801,0.45886579155921936,0.13743872940540314,1.2779812812805176,1.2537444829940796,1.2202832698822021,1.2298803329467773,0.4570990204811096,0.06473926454782486,0.013998153619468212,1.0,2.6024889945983887,2.575573682785034,2.6268835067749023,0.0,4.0,0.0,0.0,0.0,0.0,0.0,0.0,,,,,,,,,,,,,,,,,,,,,,0.001
3,880,train,0.14814934134483337,0.1229977011680603,0.12575823068618774,0.0,0.0,0.0,0.0,0.0,0.0,0.0,0.0,0.0,0.0,0.0,0.0,0.0,0.0,0.0,0.0,0.0,0.0,0.0,0.0,0.0,0.0,0.0,0.0,1.0,0.16707785427570343,0.16707783937454224,0.16699570417404175,0.0,0.018256274983286858,0.46118226647377014,1.0,0.0,1.0,0.0,0.0,0.027428535744547844,0.0,0.0,0.0,0.0,0.20379313826560974,0.08386432379484177,0.013305443339049816,0.45448994636535645,0.39390480518341064,0.0,0.0,0.0,0.0,0.0,0.0,0.0,0.0,1.0,0.0,0.009663053788244724,0.3281203508377075,0.2605404257774353,0.26058998703956604,0.0,0.12575823068618774,0.1229977011680603,0.1229977011680603,0.06693963706493378,0.02693517692387104,-1.0918958792682787e-10,0.0,0.0,3.9105281829833984,3.9105281829833984,1.6010056734085083,1.6010056734085083,0.26198357343673706,0.0,0.0,0.0,0.0,0.20379315316677094,0.1920389086008072,0.00034894890268333256,0.9753323197364807,0.39390480518341064,0.09701287001371384,1.7671167850494385,1.5980968475341797,1.6010056734085083,1.6810486316680908,0.46118226647377014,0.08690514415502548,0.01828852854669094,1.0,2.60264253616333,2.6181087493896484,2.5848195552825928,0.0,4.0,0.0,0.0,0.0,0.0,0.0,0.0,,,,,,,,,,,,,,,,,,,,,,0.001
3,900,train,0.1273641735315323,0.10608626902103424,0.10638953745365143,0.0,0.0,0.0,0.0,0.0,0.0,0.0,0.0,0.0,0.0,0.0,0.0,0.0,0.0,0.0,0.0,0.0,0.0,0.0,0.0,0.0,0.0,0.0,0.0,1.0,0.1304939091205597,0.1304938942193985,0.1304062306880951,0.0,0.019312510266900063,0.4572679400444031,1.0,0.0,1.0,0.0,0.0,0.03837043046951294,0.0,0.0,0.0,0.0,0.2415372133255005,0.09974249452352524,0.026706142351031303,0.5146809816360474,0.4433479607105255,0.0,0.0,0.0,0.0,0.0,0.0,0.0,0.0,1.0,0.0,0.0012293218169361353,0.3476030230522156,0.20074363052845,0.2832549512386322,0.0,0.10638953745365143,0.10608626902103424,0.10608626902103424,0.06320655345916748,0.03019580990076065,-1.6227222343623282e-10,0.0,0.0,3.740100145339966,3.740100145339966,1.302633285522461,1.302633285522461,0.24068480730056763,0.0,0.0,0.0,0.0,0.2415372133255005,0.1975921094417572,0.0006424090242944658,0.956417977809906,0.4433479607105255,0.12504597008228302,1.282700538635254,1.3536462783813477,1.302633285522461,1.3421562910079956,0.4572679400444031,0.06908424943685532,0.015112163498997688,1.0,2.527770757675171,2.547653913497925,2.545680522918701,0.0,4.0,0.0,0.0,0.0,0.0,0.0,0.0,,,,,,,,,,,,,,,,,,,,,,0.001
3,920,train,0.14254368841648102,0.11832017451524734,0.12111756950616837,0.0,0.0,0.0,0.0,0.0,0.0,0.0,0.0,0.0,0.0,0.0,0.0,0.0,0.0,0.0,0.0,0.0,0.0,0.0,0.0,0.0,0.0,0.0,0.0,1.0,0.119114451110363,0.11911444365978241,0.11905481666326523,0.0,0.017902683466672897,0.4543420672416687,1.0,0.0,1.0,0.0,0.0,0.029704315587878227,0.0,0.0,0.0,0.0,0.22862805426120758,0.09079543501138687,0.030407778918743134,0.5404186248779297,0.42016616463661194,0.0,0.0,0.0,0.0,0.0,0.0,0.0,0.0,1.0,0.0,0.004802796524018049,0.3757030665874481,0.1970757097005844,0.2729129195213318,0.0,0.12111756950616837,0.11832017451524734,0.11832017451524734,0.06632500141859055,0.026280952617526054,-7.818396624559298e-11,0.0,0.0,3.8575599193573,3.8575599193573,1.255087971687317,1.255087971687317,0.26373031735420227,0.0,0.0,0.0,0.0,0.22862805426120758,0.2025042325258255,0.00016120634973049164,0.9536744356155396,0.42016616463661194,0.12503065168857574,1.2884254455566406,1.2992240190505981,1.255087971687317,1.2474992275238037,0.4543420672416687,0.06794070452451706,0.014827084727585316,1.0,2.504887819290161,2.563737630844116,2.5146143436431885,0.0,4.0,0.0,0.0,0.0,0.0,0.0,0.0,,,,,,,,,,,,,,,,,,,,,,0.001
3,940,train,0.14390838146209717,0.11990616470575333,0.12001106888055801,0.0,0.0,0.0,0.0,0.0,0.0,0.0,0.0,0.0,0.0,0.0,0.0,0.0,0.0,0.0,0.0,0.0,0.0,0.0,0.0,0.0,0.0,0.0,0.0,1.0,0.11487231403589249,0.11487231403589249,0.11483170092105865,0.0,0.01723816990852356,0.45779702067375183,1.0,0.0,1.0,0.0,0.0,0.020204583182930946,0.0,0.0,0.0,0.0,0.21112468838691711,0.0994771346449852,0.024133911356329918,0.4761677384376526,0.398505300283432,0.0,0.0,0.0,0.0,0.0,0.0,0.0,0.0,1.0,0.0,0.005283062811940908,0.34960734844207764,0.2058766782283783,0.25771385431289673,0.0,0.12001106888055801,0.11990616470575333,0.11990616470575333,0.06607901304960251,0.025737207382917404,-6.92454635298212e-11,0.0,0.0,3.904680013656616,3.904680013656616,1.2932109832763672,1.2932109832763672,0.26176559925079346,0.0,0.0,0.0,0.0,0.21112468838691711,0.1988794207572937,0.00019167056598234922,0.9691917896270752,0.398505300283432,0.09534314274787903,1.378773808479309,1.3195998668670654,1.2932109832763672,1.2711987495422363,0.45779702067375183,0.07325844466686249,0.01589980348944664,1.0,2.567687511444092,2.595181465148926,2.5664472579956055,0.0,4.0,0.0,0.0,0.0,0.0,0.0,0.0,,,,,,,,,,,,,,,,,,,,,,0.001
3,960,train,0.12451226264238358,0.10355208814144135,0.10480086505413055,0.0,0.0,0.0,0.0,0.0,0.0,0.0,0.0,0.0,0.0,0.0,0.0,0.0,0.0,0.0,0.0,0.0,0.0,0.0,0.0,0.0,0.0,0.0,0.0,1.0,0.1337839514017105,0.1337839514017105,0.13371862471103668,0.0,0.01950988546013832,0.4566485285758972,1.0,0.0,1.0,0.0,0.0,0.01526353694498539,0.0,0.0,0.0,0.0,0.22745902836322784,0.1007983535528183,0.01942567341029644,0.5082747936248779,0.4061014950275421,0.0,0.0,0.0,0.0,0.0,0.0,0.0,0.0,1.0,0.0,0.003179804654791951,0.3379228115081787,0.19178254902362823,0.24816665053367615,0.0,0.10480086505413055,0.10355208814144135,0.10355208814144135,0.07751675695180893,0.04540763422846794,1.9472867762715396e-10,0.0,0.0,4.035507678985596,4.035507678985596,1.2371466159820557,1.2371466159820557,0.3153148889541626,0.0,0.0,0.0,0.0,0.22745901346206665,0.21336372196674347,0.0005122352158650756,0.9657442569732666,0.4061014950275421,0.12916667759418488,1.2442140579223633,1.2854021787643433,1.2371466159820557,1.2642607688903809,0.4566485285758972,0.06974533200263977,0.014557328075170517,1.0,2.778524875640869,2.6301355361938477,2.589845657348633,0.0,4.0,0.0,0.0,0.0,0.0,0.0,0.0,,,,,,,,,,,,,,,,,,,,,,0.001
3,980,train,0.12726068496704102,0.10579679161310196,0.10731945931911469,0.0,0.0,0.0,0.0,0.0,0.0,0.0,0.0,0.0,0.0,0.0,0.0,0.0,0.0,0.0,0.0,0.0,0.0,0.0,0.0,0.0,0.0,0.0,0.0,1.0,0.11477313190698624,0.11477313190698624,0.11466637253761292,0.0,0.0181544478982687,0.4596554934978485,1.0,0.0,1.0,0.0,0.0,0.011669225059449673,0.0,0.0,0.0,0.0,0.21574214100837708,0.10350353270769119,0.011209916323423386,0.5234971046447754,0.3875718414783478,0.0,0.0,0.0,0.0,0.0,0.0,0.0,0.0,1.0,0.0,0.0027500144205987453,0.3632082939147949,0.18264424800872803,0.23576146364212036,0.0,0.10731945931911469,0.10579679161310196,0.10579679161310196,0.07056482881307602,0.0392584428191185,-8.859975947350662e-11,0.0,0.0,3.945115804672241,3.945115804672241,1.1748515367507935,1.1748515367507935,0.2882269620895386,0.0,0.0,0.0,0.0,0.2157421112060547,0.21424609422683716,0.00014835219189990312,0.9657813906669617,0.3875718414783478,0.11825980991125107,1.2381353378295898,1.211667776107788,1.1748515367507935,1.181659460067749,0.4596554934978485,0.06934139877557755,0.014833486638963223,1.0,2.7569923400878906,2.572340488433838,2.5945334434509277,0.0,4.0,0.0,0.0,0.0,0.0,0.0,0.0,,,,,,,,,,,,,,,,,,,,,,0.001
3,1000,train,0.11791641265153885,0.09817593544721603,0.09870239347219467,0.0,0.0,0.0,0.0,0.0,0.0,0.0,0.0,0.0,0.0,0.0,0.0,0.0,0.0,0.0,0.0,0.0,0.0,0.0,0.0,0.0,0.0,0.0,0.0,1.0,0.10551133006811142,0.10551132261753082,0.10537941753864288,0.0,0.01914108358323574,0.4595072269439697,1.0,0.0,1.0,0.0,0.0,0.015545212663710117,0.0,0.0,0.0,0.0,0.2436877191066742,0.11543082445859909,0.016450222581624985,0.5523039102554321,0.4073694050312042,0.0,0.0,0.0,0.0,0.0,0.0,0.0,0.0,1.0,0.0,0.001935167470946908,0.3634908199310303,0.18563053011894226,0.2422706037759781,0.0,0.09870239347219467,0.09817593544721603,0.09817593544721603,0.06141553446650505,0.015482771210372448,-1.182427211698922e-10,0.0,0.0,3.8851850032806396,3.8851850032806396,1.2120299339294434,1.2120299339294434,0.2387104034423828,0.0,0.0,0.0,0.0,0.2436877191066742,0.23122276365756989,0.0004615647194441408,0.9799715280532837,0.4073694050312042,0.14784008264541626,1.168905258178711,1.2676565647125244,1.2120299339294434,1.2125319242477417,0.4595072269439697,0.06789892166852951,0.014408002607524395,1.0,2.6120011806488037,2.6098411083221436,2.679478883743286,0.0,4.0,0.0,0.0,0.0,0.0,0.0,0.0,,,,,,,,,,,,,,,,,,,,,,0.001
3,1002,train_epoch,0.13407431957785954,0.11150197936835403,0.11286170118137034,0.0,0.0,0.0,0.0,0.0,0.0,0.0,0.0,0.0,0.0,0.0,0.0,0.0,0.0,0.0,0.0,0.0,0.0,0.0,0.0,0.0,0.0,0.0,0.0,1.0,0.1759758876290864,0.17597588738370798,0.17592723756850123,0.0,0.018384271039220388,0.4594879394876743,1.0,0.0,1.0,0.0,0.0,0.01819637794853439,0.0,0.0,0.0,0.0,0.23700744774705634,0.08561892314496154,0.04689995892635898,0.5148496355660661,0.4466329583686269,0.0,0.0,0.0,0.0,0.0,0.0,0.0,0.0,1.0,0.0,0.003421529097171308,0.37078589566810405,0.20336994921375892,0.3932251048659136,0.0,0.11286170118137034,0.11150197936835403,0.11150197936835403,0.05790276217558784,0.01932478074810794,-4.48648062528168e-12,0.0,0.0,3.8921787024971968,3.892178703211025,1.4123066214030375,1.4123066214030375,0.2203679915941404,0.0,0.0,0.0,0.0,0.23700745024545464,0.18764376310174335,0.004334553804021666,0.9452775559739438,0.4466329583686269,0.10752347060395571,1.4674998111353663,1.448028485932036,1.4123066214030375,1.4149697794171865,0.4594879394876743,0.06990932049731652,0.015093472616155883,1.0,2.6246580577896026,2.62460812051853,2.624565198036011,0.0,4.0,0.0,0.0,0.0,0.0,0.0,0.0,,,,,,,,,,,,,,,,,,,,,,0.001
3,1002,val,,,,,,,,,,,,,,,,,,,,,,,,,,,,,,,,,,,,,,,,,,,,,,,,,,,,,,,,,,,,,,,,,,,,,,,,,,,,,,,,,,,,,,,,,,,,,,,,,,,,,,,,,,,82.01079906736102,14215.90066092355,119.23045190270625,155.3244012423924,45.10997782434736,15.996629331793104,25.418513028920415,10.776518877063479,7.512559034994671,74.72342222077506,90.39418788170877,150.06986345563615,42.16319273199354,130.50224249703544,157.4825186718227,262.27225882666454,74.22499803134373,82.01079906736102,119.23045190270625,155.3244012423924,45.10997782434736,0.001
3,1002,test_select,,,,,,,,,,,,,,,,,,,,,,,,,,,,,,,,,,,,,,,,,,,,,,,,,,,,,,,,,,,,,,,,,,,,,,,,,,,,,,,,,,,,,,,,,,,,,,,,,,,,,,,,,,,86.13587263652256,15693.222207205636,125.27259160409206,139.37984316689628,48.53813879830496,16.823347274746215,26.357811075675745,12.426527248961586,7.991639848266329,79.71261491094317,96.95976157569618,136.8609389918191,46.35607259614127,136.9195946284703,165.38713817580128,235.66976152147566,79.59831271852765,86.13587263652256,125.27259160409206,139.37984316689628,48.53813879830496,0.001
3,1002,test,,,,,,,,,,,,,,,,,,,,,,,,,,,,,,,,,,,,,,,,,,,,,,,,,,,,,,,,,,,,,,,,,,,,,,,,,,,,,,,,,,,,,,,,,,,,,,,,,,,,,,,,,,,86.13587263652256,15693.222207205636,125.27259160409206,139.37984316689628,48.53813879830496,16.823347274746215,26.357811075675745,12.426527248961586,7.991639848266329,79.71261491094317,96.95976157569618,136.8609389918191,46.35607259614127,136.9195946284703,165.38713817580128,235.66976152147566,79.59831271852765,86.13587263652256,125.27259160409206,139.37984316689628,48.53813879830496,0.001
4,1020,train,0.12642164528369904,0.10494817793369293,0.10736732184886932,0.0,0.0,0.0,0.0,0.0,0.0,0.0,0.0,0.0,0.0,0.0,0.0,0.0,0.0,0.0,0.0,0.0,0.0,0.0,0.0,0.0,0.0,0.0,0.0,1.0,0.11288667470216751,0.11288667470216751,0.11277160048484802,0.0,0.017405742779374123,0.4566837251186371,1.0,0.0,1.0,0.0,0.0,0.013734611682593822,0.0,0.0,0.0,0.0,0.20451483130455017,0.08522406965494156,0.016900338232517242,0.4775249660015106,0.38564229011535645,0.0,0.0,0.0,0.0,0.0,0.0,0.0,0.0,1.0,0.0,0.0058122980408370495,0.31573379039764404,0.23525691032409668,0.1838475912809372,0.0,0.10736732184886932,0.10494817793369293,0.10494817793369293,0.059564657509326935,0.004034844692796469,6.082123693573749e-11,0.0,0.0,3.8279261589050293,3.8279261589050293,1.3786107301712036,1.3786107301712036,0.22479093074798584,0.0,0.0,0.0,0.0,0.20451481640338898,0.20099909603595734,0.00022660261311102659,0.9686554074287415,0.38564229011535645,0.0975949838757515,1.2855584621429443,1.4370603561401367,1.3786107301712036,1.3181113004684448,0.4566837251186371,0.0728127658367157,0.016159549355506897,1.0,2.5283546447753906,2.6371750831604004,2.609099864959717,0.0,4.0,0.0,0.0,0.0,0.0,0.0,0.0,,,,,,,,,,,,,,,,,,,,,,0.001
4,1040,train,0.13660967350006104,0.11331414431333542,0.1164776086807251,0.0,0.0,0.0,0.0,0.0,0.0,0.0,0.0,0.0,0.0,0.0,0.0,0.0,0.0,0.0,0.0,0.0,0.0,0.0,0.0,0.0,0.0,0.0,0.0,1.0,0.1036435067653656,0.1036435067653656,0.10356216877698898,0.0,0.018100187182426453,0.4587375819683075,1.0,0.0,1.0,0.0,0.0,0.022958766669034958,0.0,0.0,0.0,0.0,0.20571494102478027,0.10704722255468369,0.0205273125320673,0.5607030987739563,0.37857481837272644,0.0,0.0,0.0,0.0,0.0,0.0,0.0,0.0,1.0,0.0,0.007256161421537399,0.3187929093837738,0.20148995518684387,0.19725774228572845,0.0,0.1164776086807251,0.11331414431333542,0.11331414431333542,0.08041055500507355,0.034415245056152344,7.59289506269134e-11,0.0,0.0,3.9921603202819824,3.9921603202819824,1.2085577249526978,1.2085577249526978,0.32889610528945923,0.0,0.0,0.0,0.0,0.20571495592594147,0.20787903666496277,0.00015315091877710074,0.9843908548355103,0.37857481837272644,0.10352329164743423,1.2844511270523071,1.2361723184585571,1.2085577249526978,1.2141599655151367,0.4587375819683075,0.0718698650598526,0.015699734911322594,1.0,2.718440055847168,2.602250576019287,2.497598171234131,0.0,4.0,0.0,0.0,0.0,0.0,0.0,0.0,,,,,,,,,,,,,,,,,,,,,,0.001
4,1060,train,0.14393217861652374,0.11982233077287674,0.1205492615699768,0.0,0.0,0.0,0.0,0.0,0.0,0.0,0.0,0.0,0.0,0.0,0.0,0.0,0.0,0.0,0.0,0.0,0.0,0.0,0.0,0.0,0.0,0.0,0.0,1.0,0.08255359530448914,0.08255359530448914,0.0824064090847969,0.0,0.017877571284770966,0.456649512052536,1.0,0.0,1.0,0.0,0.0,0.04959113895893097,0.0,0.0,0.0,0.0,0.22398176789283752,0.08920294791460037,0.022009095177054405,0.4809933602809906,0.39129048585891724,0.0,0.0,0.0,0.0,0.0,0.0,0.0,0.0,1.0,0.0,0.0036984472535550594,0.3264473080635071,0.20577764511108398,0.15660960972309113,0.0,0.1205492615699768,0.11982233077287674,0.11982233077287674,0.08509033918380737,0.0436936654150486,2.3558385797706194e-10,0.0,0.0,3.736078977584839,3.736078977584839,1.2006555795669556,1.2006555795669556,0.3462596833705902,0.0,0.0,0.0,0.0,0.22398176789283752,0.2220354527235031,0.00020798340847250074,0.9890695214271545,0.39129048585891724,0.12899817526340485,1.275269865989685,1.213647484779358,1.2006555795669556,1.1099671125411987,0.456649512052536,0.06698302179574966,0.014810769818723202,1.0,2.5689430236816406,2.5948774814605713,2.5414772033691406,0.0,4.0,0.0,0.0,0.0,0.0,0.0,0.0,,,,,,,,,,,,,,,,,,,,,,0.001
4,1080,train,0.11421576142311096,0.09485196322202682,0.09681900590658188,0.0,0.0,0.0,0.0,0.0,0.0,0.0,0.0,0.0,0.0,0.0,0.0,0.0,0.0,0.0,0.0,0.0,0.0,0.0,0.0,0.0,0.0,0.0,0.0,1.0,0.0888233333826065,0.0888233333826065,0.08876223862171173,0.0,0.019049132242798805,0.4586191475391388,1.0,0.0,1.0,0.0,0.0,0.023242313414812088,0.0,0.0,0.0,0.0,0.22411753237247467,0.1076989695429802,0.01710301823914051,0.5667082667350769,0.38887569308280945,0.0,0.0,0.0,0.0,0.0,0.0,0.0,0.0,1.0,0.0,0.004246633965522051,0.3290071487426758,0.19781489670276642,0.18107280135154724,0.0,0.09681900590658188,0.09485196322202682,0.09485196322202682,0.07678446918725967,0.041815005242824554,1.1658285448135075e-10,0.0,0.0,3.9108126163482666,3.9108126163482666,1.2248084545135498,1.2248084545135498,0.29540809988975525,0.0,0.0,0.0,0.0,0.22411753237247467,0.22212521731853485,0.0005829725414514542,0.9702103137969971,0.38887569308280945,0.14140625298023224,1.3049852848052979,1.2565354108810425,1.2248084545135498,1.1302284002304077,0.4586191475391388,0.07233352959156036,0.01627560518682003,1.0,2.6378233432769775,2.6375300884246826,2.5738368034362793,0.0,4.0,0.0,0.0,0.0,0.0,0.0,0.0,,,,,,,,,,,,,,,,,,,,,,0.001
4,1100,train,0.14173249900341034,0.11780392378568649,0.11964286118745804,0.0,0.0,0.0,0.0,0.0,0.0,0.0,0.0,0.0,0.0,0.0,0.0,0.0,0.0,0.0,0.0,0.0,0.0,0.0,0.0,0.0,0.0,0.0,0.0,1.0,0.08586487919092178,0.08586488664150238,0.0857405960559845,0.0,0.017939899116754532,0.4568703770637512,1.0,0.0,1.0,0.0,0.0,0.052474793046712875,0.0,0.0,0.0,0.0,0.20782269537448883,0.09598790854215622,0.024949844926595688,0.5347738265991211,0.3739885687828064,0.0,0.0,0.0,0.0,0.0,0.0,0.0,0.0,1.0,0.0,0.004453591071069241,0.3445703387260437,0.19993504881858826,0.16078004240989685,0.0,0.11964286118745804,0.11780392378568649,0.11780392378568649,0.08497337996959686,0.03699886053800583,5.1606909717838434e-11,0.0,0.0,3.822511911392212,3.822511911392212,1.1934839487075806,1.1934839487075806,0.3514693081378937,0.0,0.0,0.0,0.0,0.20782269537448883,0.21538786590099335,8.206803613575175e-05,0.9760514497756958,0.3739885687828064,0.11844363808631897,1.2325912714004517,1.217090368270874,1.1934839487075806,1.1437065601348877,0.4568703770637512,0.06854140013456345,0.014790642075240612,1.0,2.480015277862549,2.5318639278411865,2.575580596923828,0.0,4.0,0.0,0.0,0.0,0.0,0.0,0.0,,,,,,,,,,,,,,,,,,,,,,0.001
4,1120,train,0.130768284201622,0.10861586034297943,0.11076212674379349,0.0,0.0,0.0,0.0,0.0,0.0,0.0,0.0,0.0,0.0,0.0,0.0,0.0,0.0,0.0,0.0,0.0,0.0,0.0,0.0,0.0,0.0,0.0,0.0,1.0,0.08868543803691864,0.08868543803691864,0.08852697163820267,0.0,0.019163992255926132,0.45507723093032837,1.0,0.0,1.0,0.0,0.0,0.02412213571369648,0.0,0.0,0.0,0.0,0.18856166303157806,0.09391899406909943,0.010215092450380325,0.5617552995681763,0.33235427737236023,0.0,0.0,0.0,0.0,0.0,0.0,0.0,0.0,1.0,0.0,0.004620490130037069,0.31209784746170044,0.20600199699401855,0.15200847387313843,0.0,0.11076212674379349,0.10861586034297943,0.10861586034297943,0.07849761843681335,0.04517476260662079,6.389024725939052e-11,0.0,0.0,3.8261008262634277,3.8261008262634277,1.1877837181091309,1.1877837181091309,0.30347466468811035,0.0,0.0,0.0,0.0,0.18856163322925568,0.22086171805858612,3.438358544372022e-05,0.983065128326416,0.33235427737236023,0.11518076807260513,1.2271263599395752,1.2144728899002075,1.1877837181091309,1.1525439023971558,0.45507723093032837,0.06604618579149246,0.014562390744686127,1.0,2.451085329055786,2.549459218978882,2.5191421508789062,0.0,4.0,0.0,0.0,0.0,0.0,0.0,0.0,,,,,,,,,,,,,,,,,,,,,,0.001
4,1140,train,0.13395945727825165,0.11138108372688293,0.11289188265800476,0.0,0.0,0.0,0.0,0.0,0.0,0.0,0.0,0.0,0.0,0.0,0.0,0.0,0.0,0.0,0.0,0.0,0.0,0.0,0.0,0.0,0.0,0.0,0.0,1.0,0.08739206939935684,0.08739207684993744,0.08731622248888016,0.0,0.018973277881741524,0.45806029438972473,1.0,0.0,1.0,0.0,0.0,0.01753758266568184,0.0,0.0,0.0,0.0,0.15025615692138672,0.09044317901134491,0.0065551637671887875,0.42851966619491577,0.2972571551799774,0.0,0.0,0.0,0.0,0.0,0.0,0.0,0.0,1.0,0.0,0.005227259360253811,0.30879902839660645,0.1910746991634369,0.13558468222618103,0.0,0.11289188265800476,0.11138108372688293,0.11138108372688293,0.07090116292238235,0.01936480402946472,-2.2995830240013504e-10,0.0,0.0,3.9150490760803223,3.9150490760803223,1.13974928855896,1.13974928855896,0.28021907806396484,0.0,0.0,0.0,0.0,0.1502561718225479,0.19004590809345245,9.10154776647687e-05,0.9691425561904907,0.2972571551799774,0.07726716250181198,1.199918508529663,1.1637917757034302,1.13974928855896,1.1375818252563477,0.45806029438972473,0.06971698999404907,0.015823163092136383,1.0,2.7053236961364746,2.537415027618408,2.5591647624969482,0.0,4.0,0.0,0.0,0.0,0.0,0.0,0.0,,,,,,,,,,,,,,,,,,,,,,0.001
4,1160,train,0.13583537936210632,0.11305052787065506,0.11392422765493393,0.0,0.0,0.0,0.0,0.0,0.0,0.0,0.0,0.0,0.0,0.0,0.0,0.0,0.0,0.0,0.0,0.0,0.0,0.0,0.0,0.0,0.0,0.0,0.0,1.0,0.08723869174718857,0.08723869174718857,0.08715769648551941,0.0,0.018048107624053955,0.45453324913978577,1.0,0.0,1.0,0.0,0.0,0.015373075380921364,0.0,0.0,0.0,0.0,0.16344931721687317,0.08309957385063171,0.021922916173934937,0.47230929136276245,0.3157116174697876,0.0,0.0,0.0,0.0,0.0,0.0,0.0,0.0,1.0,0.0,0.004448662977665663,0.32282570004463196,0.20384013652801514,0.1252090483903885,0.0,0.11392422765493393,0.11305052787065506,0.11305052787065506,0.07274490594863892,-0.0016795715782791376,7.658679246347333e-12,0.0,0.0,3.889545440673828,3.889545440673828,1.216511845588684,1.216511845588684,0.2937432825565338,0.0,0.0,0.0,0.0,0.16344931721687317,0.20006024837493896,4.741218072012998e-05,0.9754011631011963,0.3157116174697876,0.08750000596046448,1.2720071077346802,1.2365692853927612,1.216511845588684,1.1315383911132812,0.45453324913978577,0.07402100414037704,0.01715347170829773,1.0,2.3478097915649414,2.512345790863037,2.546583890914917,0.0,4.0,0.0,0.0,0.0,0.0,0.0,0.0,,,,,,,,,,,,,,,,,,,,,,0.001
4,1180,train,0.12309543788433075,0.10221605747938156,0.10439688712358475,0.0,0.0,0.0,0.0,0.0,0.0,0.0,0.0,0.0,0.0,0.0,0.0,0.0,0.0,0.0,0.0,0.0,0.0,0.0,0.0,0.0,0.0,0.0,0.0,1.0,0.07869523018598557,0.07869524508714676,0.07863718271255493,0.0,0.02098027989268303,0.4562293589115143,1.0,0.0,1.0,0.0,0.0,0.025031015276908875,0.0,0.0,0.0,0.0,0.19337572157382965,0.11766988784074783,0.010793237015604973,0.5729100108146667,0.34661078453063965,0.0,0.0,0.0,0.0,0.0,0.0,0.0,0.0,1.0,0.0,0.003693109378218651,0.29677248001098633,0.18108084797859192,0.1416555792093277,0.0,0.10439688712358475,0.10221605747938156,0.10221605747938156,0.06899277120828629,0.013140995986759663,-5.5624942152388e-11,0.0,0.0,3.8073389530181885,3.8073389530181885,1.1366724967956543,1.1366724967956543,0.26412227749824524,0.0,0.0,0.0,0.0,0.19337572157382965,0.2164992243051529,8.759232150623575e-05,0.9760790467262268,0.34661078453063965,0.11383272707462311,1.1079456806182861,1.1662534475326538,1.1366724967956543,1.0891969203948975,0.4562293589115143,0.07370723783969879,0.015819048509001732,1.0,2.5613932609558105,2.5423572063446045,2.4926981925964355,0.0,4.0,0.0,0.0,0.0,0.0,0.0,0.0,,,,,,,,,,,,,,,,,,,,,,0.001
4,1200,train,0.13135069608688354,0.10882510244846344,0.11262796819210052,0.0,0.0,0.0,0.0,0.0,0.0,0.0,0.0,0.0,0.0,0.0,0.0,0.0,0.0,0.0,0.0,0.0,0.0,0.0,0.0,0.0,0.0,0.0,0.0,1.0,0.06914980709552765,0.06914980709552765,0.06908495724201202,0.0,0.017857084050774574,0.4587463438510895,1.0,0.0,1.0,0.0,0.0,0.037938378751277924,0.0,0.0,0.0,0.0,0.17820104956626892,0.1129186749458313,0.005660684313625097,0.5248522162437439,0.3323168158531189,0.0,0.0,0.0,0.0,0.0,0.0,0.0,0.0,1.0,0.0,0.006474022287875414,0.3064245879650116,0.18304026126861572,0.11865729093551636,0.0,0.11262796819210052,0.10882510244846344,0.10882510244846344,0.0768418088555336,0.024214426055550575,6.162653720664935e-11,0.0,0.0,4.074268341064453,4.074268817901611,1.1417838335037231,1.1417838335037231,0.31841057538986206,0.0,0.0,0.0,0.0,0.17820106446743011,0.20526725053787231,0.0001317539718002081,0.9587399363517761,0.3323168158531189,0.10160846263170242,1.1784288883209229,1.1569472551345825,1.1417838335037231,1.117087483406067,0.4587463438510895,0.07479071617126465,0.016526713967323303,1.0,2.57588529586792,2.5929811000823975,2.501319646835327,0.0,4.0,0.0,0.0,0.0,0.0,0.0,0.0,,,,,,,,,,,,,,,,,,,,,,0.001
4,1220,train,0.12262628227472305,0.10191910713911057,0.10353586822748184,0.0,0.0,0.0,0.0,0.0,0.0,0.0,0.0,0.0,0.0,0.0,0.0,0.0,0.0,0.0,0.0,0.0,0.0,0.0,0.0,0.0,0.0,0.0,0.0,1.0,0.06739947199821472,0.06739947944879532,0.06730130314826965,0.0,0.019744860008358955,0.4584251642227173,1.0,0.0,1.0,0.0,0.0,0.04313361644744873,0.0,0.0,0.0,0.0,0.21256664395332336,0.10117897391319275,0.0075967153534293175,0.5684452056884766,0.36148273944854736,0.0,0.0,0.0,0.0,0.0,0.0,0.0,0.0,1.0,0.0,0.00280065112747252,0.3401174247264862,0.1708184778690338,0.12620706856250763,0.0,0.10353586822748184,0.10191910713911057,0.10191910713911057,0.07763296365737915,0.0506029911339283,-9.355346358708161e-11,0.0,0.0,4.027831554412842,4.027831554412842,1.0415929555892944,1.0415929555892944,0.33476200699806213,0.0,0.0,0.0,0.0,0.21256664395332336,0.23103606700897217,0.0001558509247843176,0.9778563380241394,0.36148273944854736,0.12954963743686676,1.0755044221878052,1.0665136575698853,1.0415929555892944,1.0683306455612183,0.4584251642227173,0.06884042173624039,0.014244618825614452,1.0,2.4565672874450684,2.5900516510009766,2.554842948913574,0.0,4.0,0.0,0.0,0.0,0.0,0.0,0.0,,,,,,,,,,,,,,,,,,,,,,0.001
4,1240,train,0.1231934055685997,0.10254891216754913,0.10322247445583344,0.0,0.0,0.0,0.0,0.0,0.0,0.0,0.0,0.0,0.0,0.0,0.0,0.0,0.0,0.0,0.0,0.0,0.0,0.0,0.0,0.0,0.0,0.0,0.0,1.0,0.07790995389223099,0.07790994644165039,0.07786758989095688,0.0,0.019016308709979057,0.4600270390510559,1.0,0.0,1.0,0.0,0.0,0.059584327042102814,0.0,0.0,0.0,0.0,0.17964734137058258,0.10944492369890213,0.0048353360034525394,0.5624195337295532,0.3231535851955414,0.0,0.0,0.0,0.0,0.0,0.0,0.0,0.0,1.0,0.0,0.003763639135286212,0.30779778957366943,0.17530976235866547,0.10295644402503967,0.0,0.10322247445583344,0.10254891216754913,0.10254891216754913,0.0765032097697258,0.0468769408762455,-9.715422216727276e-11,0.0,0.0,3.8268368244171143,3.8268368244171143,1.0628750324249268,1.0628750324249268,0.31175729632377625,0.0,0.0,0.0,0.0,0.17964734137058258,0.21796461939811707,6.781789852539077e-05,0.9722219705581665,0.3231535851955414,0.1145833432674408,1.120198130607605,1.0783350467681885,1.0628750324249268,1.0563572645187378,0.4600270390510559,0.07331006973981857,0.015619889833033085,1.0,2.5266175270080566,2.5334410667419434,2.478179454803467,0.0,4.0,0.0,0.0,0.0,0.0,0.0,0.0,,,,,,,,,,,,,,,,,,,,,,0.001
4,1260,train,0.1277698576450348,0.10648749768733978,0.10641179978847504,0.0,0.0,0.0,0.0,0.0,0.0,0.0,0.0,0.0,0.0,0.0,0.0,0.0,0.0,0.0,0.0,0.0,0.0,0.0,0.0,0.0,0.0,0.0,0.0,1.0,0.06672666221857071,0.06672666221857071,0.06666282564401627,0.0,0.01843963749706745,0.46010980010032654,1.0,0.0,1.0,0.0,0.0,0.05896180123090744,0.0,0.0,0.0,0.0,0.17055270075798035,0.1019187718629837,0.008167004212737083,0.5076343417167664,0.30847784876823425,0.0,0.0,0.0,0.0,0.0,0.0,0.0,0.0,1.0,0.0,0.0007494714227505028,0.3185269236564636,0.1826459765434265,0.09396159648895264,0.0,0.10641179978847504,0.10648749768733978,0.10648749768733978,0.08014186471700668,0.0525747649371624,1.8027968007316986e-10,0.0,0.0,3.8161323070526123,3.816132068634033,1.0883548259735107,1.0883548259735107,0.3320203423500061,0.0,0.0,0.0,0.0,0.17055270075798035,0.2148924469947815,0.0001445120869902894,0.9839116334915161,0.30847784876823425,0.10121017694473267,1.1477415561676025,1.0961735248565674,1.0883548259735107,1.0729632377624512,0.46010980010032654,0.07403754442930222,0.01596362702548504,1.0,2.483142852783203,2.5164794921875,2.517956256866455,0.0,4.0,0.0,0.0,0.0,0.0,0.0,0.0,,,,,,,,,,,,,,,,,,,,,,0.001
4,1280,train,0.12570792436599731,0.10460230708122253,0.1055281013250351,0.0,0.0,0.0,0.0,0.0,0.0,0.0,0.0,0.0,0.0,0.0,0.0,0.0,0.0,0.0,0.0,0.0,0.0,0.0,0.0,0.0,0.0,0.0,0.0,1.0,0.07292988896369934,0.07292988896369934,0.0728999450802803,0.0,0.019264424219727516,0.45540979504585266,1.0,0.0,1.0,0.0,0.0,0.03727831691503525,0.0,0.0,0.0,0.0,0.1550925374031067,0.07482549548149109,0.010572991333901882,0.37532687187194824,0.3138880133628845,0.0,0.0,0.0,0.0,0.0,0.0,0.0,0.0,1.0,0.0,0.0022207789588719606,0.32297369837760925,0.16393475234508514,0.10039535909891129,0.0,0.1055281013250351,0.10460230708122253,0.10460230708122253,0.07328663766384125,0.03201856464147568,-4.780719656954924e-12,0.0,0.0,3.70870304107666,3.70870304107666,0.9937363862991333,0.9937363862991333,0.2861057221889496,0.0,0.0,0.0,0.0,0.1550925374031067,0.18616047501564026,4.449241532711312e-05,0.9653317928314209,0.3138880133628845,0.06822916865348816,1.060787320137024,0.9944579601287842,0.9937363862991333,1.0505164861679077,0.45540979504585266,0.07394417375326157,0.01565183699131012,1.0,2.4600143432617188,2.4541194438934326,2.519500255584717,0.0,4.0,0.0,0.0,0.0,0.0,0.0,0.0,,,,,,,,,,,,,,,,,,,,,,0.001
4,1300,train,0.12176123261451721,0.1013113334774971,0.10224949568510056,0.0,0.0,0.0,0.0,0.0,0.0,0.0,0.0,0.0,0.0,0.0,0.0,0.0,0.0,0.0,0.0,0.0,0.0,0.0,0.0,0.0,0.0,0.0,0.0,1.0,0.050993695855140686,0.050993695855140686,0.050860483199357986,0.0,0.01912769116461277,0.45442089438438416,1.0,0.0,1.0,0.0,0.0,0.07107178866863251,0.0,0.0,0.0,0.0,0.18147985637187958,0.09384883940219879,0.007563427090644836,0.4492753744125366,0.31381770968437195,0.0,0.0,0.0,0.0,0.0,0.0,0.0,0.0,1.0,0.0,0.0030165580101311207,0.29475659132003784,0.17237187922000885,0.08694124221801758,0.0,0.10224949568510056,0.1013113334774971,0.1013113334774971,0.081611767411232,0.05135565623641014,5.6299531009385007e-11,0.0,0.0,3.931570291519165,3.931570291519165,1.06588613986969,1.06588613986969,0.33127158880233765,0.0,0.0,0.0,0.0,0.18147985637187958,0.22775165736675262,6.563428905792534e-05,0.990139901638031,0.31381770968437195,0.11124388128519058,1.084302544593811,1.0711206197738647,1.06588613986969,0.981792151927948,0.45442089438438416,0.07314348965883255,0.014716479927301407,1.0,2.373533248901367,2.5010945796966553,2.455113410949707,0.0,4.0,0.0,0.0,0.0,0.0,0.0,0.0,,,,,,,,,,,,,,,,,,,,,,0.001
4,1320,train,0.1318787783384323,0.10932953655719757,0.11274620145559311,0.0,0.0,0.0,0.0,0.0,0.0,0.0,0.0,0.0,0.0,0.0,0.0,0.0,0.0,0.0,0.0,0.0,0.0,0.0,0.0,0.0,0.0,0.0,0.0,1.0,0.07161237299442291,0.07161237299442291,0.07151171565055847,0.0,0.019508298486471176,0.4574953615665436,1.0,0.0,1.0,0.0,0.0,0.03413722664117813,0.0,0.0,0.0,0.0,0.17239218950271606,0.10692489147186279,0.0064157783053815365,0.47815757989883423,0.3208509385585785,0.0,0.0,0.0,0.0,0.0,0.0,0.0,0.0,1.0,0.0,0.0070791784673929214,0.2691953778266907,0.19498632848262787,0.08086057752370834,0.0,0.11274620145559311,0.10932953655719757,0.10932953655719757,0.08768057823181152,0.022273549810051918,1.1910868125131202e-10,0.0,0.0,3.9050662517547607,3.905066728591919,1.1872910261154175,1.1872910261154175,0.347565233707428,0.0,0.0,0.0,0.0,0.17239218950271606,0.20647621154785156,1.3988547834742349e-05,0.9934567809104919,0.3208509385585785,0.0883578509092331,1.2030104398727417,1.2002569437026978,1.1872910261154175,1.0736892223358154,0.4574953615665436,0.07943668216466904,0.017188873142004013,1.0,2.4901504516601562,2.501797676086426,2.493373394012451,0.0,4.0,0.0,0.0,0.0,0.0,0.0,0.0,,,,,,,,,,,,,,,,,,,,,,0.001
4,1336,train_epoch,0.13037470447089144,0.10840087667286039,0.10986913691559237,0.0,0.0,0.0,0.0,0.0,0.0,0.0,0.0,0.0,0.0,0.0,0.0,0.0,0.0,0.0,0.0,0.0,0.0,0.0,0.0,0.0,0.0,0.0,0.0,1.0,0.08345151543171106,0.08345151537594324,0.08336939368240848,0.0,0.018522114704870536,0.45671088270798416,1.0,0.0,1.0,0.0,0.0,0.030973156875077477,0.0,0.0,0.0,0.0,0.19354683098321904,0.1016910706094639,0.013299303584520198,0.5200414022285781,0.3494794471356683,0.0,0.0,0.0,0.0,0.0,0.0,0.0,0.0,1.0,0.0,0.0035951929173012637,0.31468071882239357,0.18501970988369273,0.1396677402366778,0.0,0.10986913691559237,0.10840087667286039,0.10840087667286039,0.07554851621835532,0.031141550321369654,-1.2570470943715963e-11,0.0,0.0,3.9170609498452285,3.9170609498452285,1.112177259015466,1.112177259015466,0.3078668427592266,0.0,0.0,0.0,0.0,0.19354683267856074,0.21326525933192875,0.00013533465966122343,0.9752960026621105,0.3494794471356683,0.1109272329705561,1.1531715621491392,1.1349422428422344,1.112177259015466,1.1119375773175748,0.45671088270798416,0.07166706480665835,0.015443632769548965,1.0,2.5413268426221287,2.5431941198017785,2.542741009575164,0.0,4.0,0.0,0.0,0.0,0.0,0.0,0.0,,,,,,,,,,,,,,,,,,,,,,0.001
4,1336,val,,,,,,,,,,,,,,,,,,,,,,,,,,,,,,,,,,,,,,,,,,,,,,,,,,,,,,,,,,,,,,,,,,,,,,,,,,,,,,,,,,,,,,,,,,,,,,,,,,,,,,,,,,,81.86820660318647,14234.292833600726,119.30755564339053,155.25932059969222,45.101706743240356,16.077726257698878,25.440667961700576,10.734136743204933,7.751200543982642,73.46577065331596,88.53841736887355,153.5532055922917,42.08453415121351,131.27066101346696,158.34990322363544,266.4143487044743,75.01038908958435,81.86820660318647,119.30755564339053,155.25932059969222,45.101706743240356,0.001
4,1336,test_select,,,,,,,,,,,,,,,,,,,,,,,,,,,,,,,,,,,,,,,,,,,,,,,,,,,,,,,,,,,,,,,,,,,,,,,,,,,,,,,,,,,,,,,,,,,,,,,,,,,,,,,,,,,86.11968302726746,15748.791891915458,125.49419066998861,139.58108326366968,48.572155884334016,17.075718300683157,26.85754337816533,12.451317910637174,8.280295516763415,79.39883055005755,96.89377572226462,140.8352732317788,46.60702851840428,137.50228105272566,165.8286200699543,239.27925865990775,80.3669353212629,86.11968302726746,125.49419066998861,139.58108326366968,48.572155884334016,0.001
4,1336,test,,,,,,,,,,,,,,,,,,,,,,,,,,,,,,,,,,,,,,,,,,,,,,,,,,,,,,,,,,,,,,,,,,,,,,,,,,,,,,,,,,,,,,,,,,,,,,,,,,,,,,,,,,,86.11968302726746,15748.791891915458,125.49419066998861,139.58108326366968,48.572155884334016,17.075718300683157,26.85754337816533,12.451317910637174,8.280295516763415,79.39883055005755,96.89377572226462,140.8352732317788,46.60702851840428,137.50228105272566,165.8286200699543,239.27925865990775,80.3669353212629,86.11968302726746,125.49419066998861,139.58108326366968,48.572155884334016,0.001
5,1340,train,0.18405961990356445,0.15312346816062927,0.1546807736158371,0.0,0.0,0.0,0.0,0.0,0.0,0.0,0.0,0.0,0.0,0.0,0.0,0.0,0.0,0.0,0.0,0.0,0.0,0.0,0.0,0.0,0.0,0.0,0.0,1.0,0.06222481280565262,0.06222481280565262,0.062126219272613525,0.0,0.019320886582136154,0.4544939398765564,1.0,0.0,1.0,0.0,0.0,0.027794715017080307,0.0,0.0,0.0,0.0,0.21458132565021515,0.11724148690700531,0.011018311604857445,0.497484415769577,0.3538076877593994,0.0,0.0,0.0,0.0,0.0,0.0,0.0,0.0,1.0,0.0,0.003260389668866992,0.30823859572410583,0.1599094718694687,0.09687373787164688,0.0,0.1546807736158371,0.15312346816062927,0.15312346816062927,0.08191396296024323,0.05312953516840935,-7.90726650823359e-11,0.0,0.0,3.9049055576324463,3.9049055576324463,0.959564745426178,0.959564745426178,0.31619128584861755,0.0,0.0,0.0,0.0,0.21458134055137634,0.23832820355892181,0.0001216820819536224,0.9829574227333069,0.3538076877593994,0.14474572241306305,0.9978333711624146,0.9790437817573547,0.959564745426178,0.9735416173934937,0.4544939398765564,0.07303085178136826,0.015379359014332294,1.0,2.4349076747894287,2.493349075317383,2.4365761280059814,0.0,5.0,0.0,0.0,0.0,0.0,0.0,0.0,,,,,,,,,,,,,,,,,,,,,,0.001
5,1360,train,0.13619475066661835,0.11312602460384369,0.11534364521503448,0.0,0.0,0.0,0.0,0.0,0.0,0.0,0.0,0.0,0.0,0.0,0.0,0.0,0.0,0.0,0.0,0.0,0.0,0.0,0.0,0.0,0.0,0.0,0.0,1.0,0.05845098942518234,0.05845097824931145,0.058377962559461594,0.0,0.019161779433488846,0.45453551411628723,1.0,0.0,1.0,0.0,0.0,0.07157355546951294,0.0,0.0,0.0,0.0,0.187049001455307,0.1041756346821785,0.008856385014951229,0.5046539902687073,0.3633730113506317,0.0,0.0,0.0,0.0,0.0,0.0,0.0,0.0,1.0,0.0,0.005887324456125498,0.3098428249359131,0.16734351217746735,0.09638527780771255,0.0,0.11534364521503448,0.11312602460384369,0.11312602460384369,0.07170315831899643,0.020853618159890175,6.282604991802998e-11,0.0,0.0,3.740495204925537,3.740495204925537,0.9642824530601501,0.9642824530601501,0.28692859411239624,0.0,0.0,0.0,0.0,0.1870490312576294,0.19265776872634888,8.6644031398464e-05,0.9615342020988464,0.3633730113506317,0.08544731140136719,1.050351858139038,0.9648109078407288,0.9642824530601501,0.9611079692840576,0.45453551411628723,0.09067849814891815,0.01744343712925911,1.0,2.49074125289917,2.4433414936065674,2.4322640895843506,0.0,5.0,0.0,0.0,0.0,0.0,0.0,0.0,,,,,,,,,,,,,,,,,,,,,,0.001
5,1380,train,0.12541143596172333,0.10425961017608643,0.10575910657644272,0.0,0.0,0.0,0.0,0.0,0.0,0.0,0.0,0.0,0.0,0.0,0.0,0.0,0.0,0.0,0.0,0.0,0.0,0.0,0.0,0.0,0.0,0.0,0.0,1.0,0.05706565082073212,0.05706565082073212,0.05697109177708626,0.0,0.018278658390045166,0.4573487937450409,1.0,0.0,1.0,0.0,0.0,0.023733705282211304,0.0,0.0,0.0,0.0,0.18910489976406097,0.10401960462331772,0.009971817955374718,0.5668147802352905,0.349181592464447,0.0,0.0,0.0,0.0,0.0,0.0,0.0,0.0,1.0,0.0,0.004968653433024883,0.31402766704559326,0.17912298440933228,0.09376930445432663,0.0,0.10575910657644272,0.10425961017608643,0.10425961017608643,0.05846524238586426,0.019225073978304863,-2.660055231640257e-10,0.0,0.0,3.8092200756073,3.8092200756073,1.0502862930297852,1.0502862930297852,0.2355348765850067,0.0,0.0,0.0,0.0,0.18910489976406097,0.2102159708738327,0.00016800158482510597,0.9706118702888489,0.349181592464447,0.10140931606292725,1.06394362449646,1.0659507513046265,1.0502862930297852,1.0200797319412231,0.4573487937450409,0.09647493809461594,0.018460894003510475,1.0,2.5235748291015625,2.451657295227051,2.492945671081543,0.0,5.0,0.0,0.0,0.0,0.0,0.0,0.0,,,,,,,,,,,,,,,,,,,,,,0.001
5,1400,train,0.12014055997133255,0.09993640333414078,0.10102076828479767,0.0,0.0,0.0,0.0,0.0,0.0,0.0,0.0,0.0,0.0,0.0,0.0,0.0,0.0,0.0,0.0,0.0,0.0,0.0,0.0,0.0,0.0,0.0,0.0,1.0,0.056050240993499756,0.05605023726820946,0.055972255766391754,0.0,0.0178596880286932,0.45317748188972473,1.0,0.0,1.0,0.0,0.0,0.03244820237159729,0.0,0.0,0.0,0.0,0.19633892178535461,0.10993702709674835,0.008601900190114975,0.5253123641014099,0.347612589597702,0.0,0.0,0.0,0.0,0.0,0.0,0.0,0.0,1.0,0.0,0.0045602889731526375,0.2771415114402771,0.17512591183185577,0.08327378332614899,0.0,0.10102076828479767,0.09993640333414078,0.09993640333414078,0.07753828912973404,0.04480597749352455,-5.4693412993023216e-11,0.0,0.0,3.9053258895874023,3.9053256511688232,1.0025205612182617,1.0025205612182617,0.31602951884269714,0.0,0.0,0.0,0.0,0.196338951587677,0.22061848640441895,2.479291106283199e-05,0.9794846177101135,0.347612589597702,0.12308517843484879,1.0706290006637573,1.0156817436218262,1.0025205612182617,0.9826869368553162,0.45317748188972473,0.10217329114675522,0.018391171470284462,1.0,2.34623384475708,2.4068353176116943,2.4197874069213867,0.0,5.0,0.0,0.0,0.0,0.0,0.0,0.0,,,,,,,,,,,,,,,,,,,,,,0.001
5,1420,train,0.1327347308397293,0.11042320728302002,0.11155760288238525,0.0,0.0,0.0,0.0,0.0,0.0,0.0,0.0,0.0,0.0,0.0,0.0,0.0,0.0,0.0,0.0,0.0,0.0,0.0,0.0,0.0,0.0,0.0,0.0,1.0,0.06102210283279419,0.06102209910750389,0.06095975264906883,0.0,0.018450835719704628,0.4548259973526001,1.0,0.0,1.0,0.0,0.0,0.024945735931396484,0.0,0.0,0.0,0.0,0.17756839096546173,0.08965789526700974,0.005167765077203512,0.3928706645965576,0.33646318316459656,0.0,0.0,0.0,0.0,0.0,0.0,0.0,0.0,1.0,0.0,0.003789977403357625,0.28256756067276,0.15948066115379333,0.07467226684093475,0.0,0.11155760288238525,0.11042320728302002,0.11042320728302002,0.0735568106174469,0.044929809868335724,1.6510802447466943e-10,0.0,0.0,3.8053650856018066,3.8053650856018066,0.9170277714729309,0.9170277714729309,0.30592411756515503,0.0,0.0,0.0,0.0,0.17756840586662292,0.201382115483284,6.141483027022332e-05,0.9184660911560059,0.33646318316459656,0.09155943989753723,1.010636329650879,0.9195337891578674,0.9170277714729309,0.9567998647689819,0.4548259973526001,0.09830252081155777,0.017353937029838562,1.0,2.377509117126465,2.4080073833465576,2.385486602783203,0.0,5.0,0.0,0.0,0.0,0.0,0.0,0.0,,,,,,,,,,,,,,,,,,,,,,0.001
5,1440,train,0.12392523884773254,0.10277856886386871,0.10573334991931915,0.0,0.0,0.0,0.0,0.0,0.0,0.0,0.0,0.0,0.0,0.0,0.0,0.0,0.0,0.0,0.0,0.0,0.0,0.0,0.0,0.0,0.0,0.0,0.0,1.0,0.05013922229409218,0.05013922229409218,0.0500892698764801,0.0,0.018055737018585205,0.4532301127910614,1.0,0.0,1.0,0.0,0.0,0.027996785938739777,0.0,0.0,0.0,0.0,0.19021707773208618,0.10293985903263092,0.016028165817260742,0.4785183072090149,0.3472942113876343,0.0,0.0,0.0,0.0,0.0,0.0,0.0,0.0,1.0,0.0,0.007076476700603962,0.26165542006492615,0.17115524411201477,0.06479592621326447,0.0,0.10573334991931915,0.10277856886386871,0.10277856886386871,0.0779448002576828,0.04105984792113304,4.362632130550104e-11,0.0,0.0,3.721362352371216,3.721362352371216,1.0010606050491333,1.0010606050491333,0.2996498942375183,0.0,0.0,0.0,0.0,0.19021710753440857,0.21365401148796082,5.601452721748501e-05,0.9847028851509094,0.3472942113876343,0.098146453499794,1.0376222133636475,1.0062251091003418,1.0010606050491333,0.9584813117980957,0.4532301127910614,0.09974013268947601,0.01876121200621128,1.0,2.2241060733795166,2.3715028762817383,2.373016357421875,0.0,5.0,0.0,0.0,0.0,0.0,0.0,0.0,,,,,,,,,,,,,,,,,,,,,,0.001
5,1460,train,0.13459497690200806,0.11185594648122787,0.11369512975215912,0.0,0.0,0.0,0.0,0.0,0.0,0.0,0.0,0.0,0.0,0.0,0.0,0.0,0.0,0.0,0.0,0.0,0.0,0.0,0.0,0.0,0.0,0.0,0.0,1.0,0.042352285236120224,0.042352285236120224,0.04230481758713722,0.0,0.017466222867369652,0.45586276054382324,1.0,0.0,1.0,0.0,0.0,0.03652884066104889,0.0,0.0,0.0,0.0,0.16364212334156036,0.07492603361606598,0.014415550976991653,0.37079375982284546,0.3254108130931854,0.0,0.0,0.0,0.0,0.0,0.0,0.0,0.0,1.0,0.0,0.0027098762802779675,0.26915284991264343,0.15890555083751678,0.0567447654902935,0.0,0.11369512975215912,0.11185594648122787,0.11185594648122787,0.07597702741622925,0.047244470566511154,2.5881616294576304e-10,0.0,0.0,3.873317003250122,3.873317003250122,0.9375141263008118,0.9375141263008118,0.31614071130752563,0.0,0.0,0.0,0.0,0.16364212334156036,0.188958078622818,2.983384911203757e-05,0.9571628570556641,0.3254108130931854,0.07613358646631241,0.9709097743034363,0.9391143321990967,0.9375141263008118,0.9236071705818176,0.45586276054382324,0.09705924242734909,0.016799237579107285,1.0,2.3975636959075928,2.4091696739196777,2.4695184230804443,0.0,5.0,0.0,0.0,0.0,0.0,0.0,0.0,,,,,,,,,,,,,,,,,,,,,,0.001
5,1480,train,0.12249469012022018,0.1020427867770195,0.10225952416658401,0.0,0.0,0.0,0.0,0.0,0.0,0.0,0.0,0.0,0.0,0.0,0.0,0.0,0.0,0.0,0.0,0.0,0.0,0.0,0.0,0.0,0.0,0.0,0.0,1.0,0.05289752036333084,0.05289752036333084,0.05286785215139389,0.0,0.018389401957392693,0.45633673667907715,1.0,0.0,1.0,0.0,0.0,0.035225506871938705,0.0,0.0,0.0,0.0,0.1727476567029953,0.09523860365152359,0.006693176459521055,0.4968780279159546,0.33966025710105896,0.0,0.0,0.0,0.0,0.0,0.0,0.0,0.0,1.0,0.0,0.0018536023562774062,0.2660853862762451,0.17586807906627655,0.05629774183034897,0.0,0.10225952416658401,0.1020427867770195,0.1020427867770195,0.07555925846099854,0.040473293513059616,-1.5038000011902142e-10,0.0,0.0,3.8184635639190674,3.8184635639190674,0.9890674352645874,0.9890674352645874,0.30671778321266174,0.0,0.0,0.0,0.0,0.1727476567029953,0.19304734468460083,0.00015020703722257167,0.9632419347763062,0.33966025710105896,0.08138787001371384,0.9943560361862183,0.999359667301178,0.9890674352645874,0.9539272785186768,0.45633673667907715,0.09766273945569992,0.01759006455540657,1.0,2.4965920448303223,2.4095027446746826,2.4380669593811035,0.0,5.0,0.0,0.0,0.0,0.0,0.0,0.0,,,,,,,,,,,,,,,,,,,,,,0.001
5,1500,train,0.12065891176462173,0.10036695003509521,0.1014598160982132,0.0,0.0,0.0,0.0,0.0,0.0,0.0,0.0,0.0,0.0,0.0,0.0,0.0,0.0,0.0,0.0,0.0,0.0,0.0,0.0,0.0,0.0,0.0,0.0,1.0,0.046933528035879135,0.046933528035879135,0.046888675540685654,0.0,0.01809539645910263,0.4547947347164154,1.0,0.0,1.0,0.0,0.0,0.04744555056095123,0.0,0.0,0.0,0.0,0.20083226263523102,0.09430957585573196,0.01224551536142826,0.4510403573513031,0.3736118674278259,0.0,0.0,0.0,0.0,0.0,0.0,0.0,0.0,1.0,0.0,0.0032523167319595814,0.2611842453479767,0.1607486605644226,0.05445906147360802,0.0,0.1014598160982132,0.10036695003509521,0.10036695003509521,0.08583873510360718,0.05269503965973854,5.3422093138078e-11,0.0,0.0,3.782182216644287,3.782182216644287,0.9312564730644226,0.9312564730644226,0.3546822965145111,0.0,0.0,0.0,0.0,0.20083226263523102,0.20596693456172943,0.00018849634216167033,0.9896456003189087,0.3736118674278259,0.10344669967889786,0.9722239971160889,0.9375039935112,0.9312564730644226,0.921684741973877,0.4547947347164154,0.09709859639406204,0.017348872497677803,1.0,2.4054150581359863,2.397498607635498,2.4704911708831787,0.0,5.0,0.0,0.0,0.0,0.0,0.0,0.0,,,,,,,,,,,,,,,,,,,,,,0.001
5,1520,train,0.13365507125854492,0.11126741021871567,0.11193831264972687,0.0,0.0,0.0,0.0,0.0,0.0,0.0,0.0,0.0,0.0,0.0,0.0,0.0,0.0,0.0,0.0,0.0,0.0,0.0,0.0,0.0,0.0,0.0,0.0,1.0,0.058515872806310654,0.058515872806310654,0.0584510862827301,0.0,0.01879848912358284,0.4533088803291321,1.0,0.0,1.0,0.0,0.0,0.022872215136885643,0.0,0.0,0.0,0.0,0.15795552730560303,0.08177060633897781,0.007443381007760763,0.4342500567436218,0.3219945728778839,0.0,0.0,0.0,0.0,0.0,0.0,0.0,0.0,1.0,0.0,0.006543551106005907,0.27723127603530884,0.1788991391658783,0.04718197137117386,0.0,0.11193831264972687,0.11126741021871567,0.11126741021871567,0.08854939043521881,0.023455418646335602,6.462708146415252e-11,0.0,0.0,3.8423011302948,3.8423011302948,1.0097600221633911,1.0097600221633911,0.36579176783561707,0.0,0.0,0.0,0.0,0.15795554220676422,0.18206389248371124,3.351470877532847e-05,0.9875819683074951,0.3219945728778839,0.06282169371843338,1.054779052734375,1.0147424936294556,1.0097600221633911,0.9762760996818542,0.4533088803291321,0.09816479682922363,0.01952141709625721,1.0,2.3306474685668945,2.36893892288208,2.3525829315185547,0.0,5.0,0.0,0.0,0.0,0.0,0.0,0.0,,,,,,,,,,,,,,,,,,,,,,0.001
5,1540,train,0.131873220205307,0.10987011343240738,0.11001557111740112,0.0,0.0,0.0,0.0,0.0,0.0,0.0,0.0,0.0,0.0,0.0,0.0,0.0,0.0,0.0,0.0,0.0,0.0,0.0,0.0,0.0,0.0,0.0,0.0,1.0,0.0548972487449646,0.0548972487449646,0.054839927703142166,0.0,0.018771318718791008,0.45081594586372375,1.0,0.0,1.0,0.0,0.0,0.06711538136005402,0.0,0.0,0.0,0.0,0.19031798839569092,0.09852524846792221,0.011199849657714367,0.5194454789161682,0.3427443206310272,0.0,0.0,0.0,0.0,0.0,0.0,0.0,0.0,1.0,0.0,0.0024223350919783115,0.2883032560348511,0.16524837911128998,0.04472978785634041,0.0,0.11001557111740112,0.10987011343240738,0.10987011343240738,0.09442424029111862,0.03770608454942703,-4.265183345397716e-11,0.0,0.0,4.0066423416137695,4.0066423416137695,0.9740850329399109,0.9740850329399109,0.3943853974342346,0.0,0.0,0.0,0.0,0.19031798839569092,0.21554486453533173,3.366392047610134e-05,0.9672657251358032,0.3427443206310272,0.1091911792755127,1.0077710151672363,0.975251317024231,0.9740850329399109,0.9787222743034363,0.45081594586372375,0.09983626008033752,0.018155312165617943,1.0,2.233569622039795,2.3375511169433594,2.3190300464630127,0.0,5.0,0.0,0.0,0.0,0.0,0.0,0.0,,,,,,,,,,,,,,,,,,,,,,0.001
5,1560,train,0.12981830537319183,0.10785087943077087,0.10983714461326599,0.0,0.0,0.0,0.0,0.0,0.0,0.0,0.0,0.0,0.0,0.0,0.0,0.0,0.0,0.0,0.0,0.0,0.0,0.0,0.0,0.0,0.0,0.0,0.0,1.0,0.05137765035033226,0.05137764662504196,0.051371000707149506,0.0,0.01857086829841137,0.45282092690467834,1.0,0.0,1.0,0.0,0.0,0.04904529079794884,0.0,0.0,0.0,0.0,0.169137641787529,0.11869491636753082,0.004704424645751715,0.5564800500869751,0.3031289875507355,0.0,0.0,0.0,0.0,0.0,0.0,0.0,0.0,1.0,0.0,0.004808162339031696,0.29562920331954956,0.15146848559379578,0.04577575623989105,0.0,0.10983714461326599,0.10785087943077087,0.10785087943077087,0.08906461298465729,0.04061223939061165,-1.3620823913207403e-10,0.0,0.0,3.7280712127685547,3.7280712127685547,0.9042311906814575,0.9042311906814575,0.35349419713020325,0.0,0.0,0.0,0.0,0.169137641787529,0.21634046733379364,3.6133128560322803e-06,0.9718135595321655,0.3031289875507355,0.109620101749897,0.9843690991401672,0.9030898213386536,0.9042311906814575,0.8944471478462219,0.45282092690467834,0.09914914518594742,0.018242202699184418,1.0,2.346243381500244,2.348623037338257,2.382892608642578,0.0,5.0,0.0,0.0,0.0,0.0,0.0,0.0,,,,,,,,,,,,,,,,,,,,,,0.001
5,1580,train,0.13832838833332062,0.11493061482906342,0.11698884516954422,0.0,0.0,0.0,0.0,0.0,0.0,0.0,0.0,0.0,0.0,0.0,0.0,0.0,0.0,0.0,0.0,0.0,0.0,0.0,0.0,0.0,0.0,0.0,0.0,1.0,0.055319346487522125,0.055319346487522125,0.055251192301511765,0.0,0.019016698002815247,0.4499072730541229,1.0,0.0,1.0,0.0,0.0,0.04465566575527191,0.0,0.0,0.0,0.0,0.1736321747303009,0.08241796493530273,0.014821173623204231,0.4536006450653076,0.331281453371048,0.0,0.0,0.0,0.0,0.0,0.0,0.0,0.0,1.0,0.0,0.004044068977236748,0.28861740231513977,0.15649962425231934,0.04388808459043503,0.0,0.11698884516954422,0.11493061482906342,0.11493061482906342,0.08325673639774323,0.04178909212350845,3.9688821673600216e-11,0.0,0.0,3.7578284740448,3.7578284740448,0.9158022999763489,0.9158022999763489,0.3354947865009308,0.0,0.0,0.0,0.0,0.1736321896314621,0.2007123976945877,2.0412608137121424e-05,0.9764049053192139,0.331281453371048,0.08026961237192154,0.9480366706848145,0.9208698868751526,0.9158022999763489,0.9091876149177551,0.4499072730541229,0.09749691188335419,0.018062226474285126,1.0,2.2333407402038574,2.350651502609253,2.3139398097991943,0.0,5.0,0.0,0.0,0.0,0.0,0.0,0.0,,,,,,,,,,,,,,,,,,,,,,0.001
5,1600,train,0.1275559812784195,0.10615939646959305,0.10698293894529343,0.0,0.0,0.0,0.0,0.0,0.0,0.0,0.0,0.0,0.0,0.0,0.0,0.0,0.0,0.0,0.0,0.0,0.0,0.0,0.0,0.0,0.0,0.0,0.0,1.0,0.04944205656647682,0.04944205656647682,0.04935101047158241,0.0,0.01969829387962818,0.4521194100379944,1.0,0.0,1.0,0.0,0.0,0.03253980353474617,0.0,0.0,0.0,0.0,0.18118582665920258,0.10394896566867828,0.005438670516014099,0.4761959910392761,0.3205640912055969,0.0,0.0,0.0,0.0,0.0,0.0,0.0,0.0,1.0,0.0,0.004739539232105017,0.2911749482154846,0.1605449616909027,0.04367290064692497,0.0,0.10698293894529343,0.10615939646959305,0.10615939646959305,0.09416371583938599,0.0397181361913681,-1.141241823265915e-10,0.0,0.0,3.769115447998047,3.769115447998047,0.9535037279129028,0.9535037279129028,0.35580021142959595,0.0,0.0,0.0,0.0,0.18118584156036377,0.2196454107761383,1.7733880667947233e-05,0.9837266206741333,0.3205640912055969,0.106648288667202,1.0596046447753906,0.9607816934585571,0.9535037279129028,0.9217617511749268,0.4521194100379944,0.09944234788417816,0.019104154780507088,1.0,2.3533003330230713,2.3508412837982178,2.3210971355438232,0.0,5.0,0.0,0.0,0.0,0.0,0.0,0.0,,,,,,,,,,,,,,,,,,,,,,0.001
5,1620,train,0.1270574927330017,0.10551103204488754,0.10773234069347382,0.0,0.0,0.0,0.0,0.0,0.0,0.0,0.0,0.0,0.0,0.0,0.0,0.0,0.0,0.0,0.0,0.0,0.0,0.0,0.0,0.0,0.0,0.0,0.0,1.0,0.040463220328092575,0.040463220328092575,0.04039142280817032,0.0,0.01836564391851425,0.45078736543655396,1.0,0.0,1.0,0.0,0.0,0.031942255795001984,0.0,0.0,0.0,0.0,0.20933414995670319,0.11748482286930084,0.008701005950570107,0.5333126783370972,0.3468450903892517,0.0,0.0,0.0,0.0,0.0,0.0,0.0,0.0,1.0,0.0,0.00464410986751318,0.30640512704849243,0.15695197880268097,0.045067980885505676,0.0,0.10773234069347382,0.10551103204488754,0.10551103204488754,0.0868029072880745,0.034670501947402954,1.9188990674212647e-10,0.0,0.0,3.958066701889038,3.958066701889038,0.8996627330780029,0.8996627330780029,0.35836464166641235,0.0,0.0,0.0,0.0,0.20933416485786438,0.23318111896514893,6.382218543876661e-06,0.9707032442092896,0.3468450903892517,0.141115203499794,0.9834980964660645,0.9032599925994873,0.8996627330780029,0.8890469074249268,0.45078736543655396,0.0952671617269516,0.017370950430631638,1.0,2.4793877601623535,2.3768510818481445,2.2967209815979004,0.0,5.0,0.0,0.0,0.0,0.0,0.0,0.0,,,,,,,,,,,,,,,,,,,,,,0.001
5,1640,train,0.12796035408973694,0.10621677339076996,0.10871788114309311,0.0,0.0,0.0,0.0,0.0,0.0,0.0,0.0,0.0,0.0,0.0,0.0,0.0,0.0,0.0,0.0,0.0,0.0,0.0,0.0,0.0,0.0,0.0,0.0,1.0,0.046930450946092606,0.046930450946092606,0.046877872198820114,0.0,0.020085375756025314,0.4550374746322632,1.0,0.0,1.0,0.0,0.0,0.042606648057699203,0.0,0.0,0.0,0.0,0.17531971633434296,0.09223391860723495,0.00632208026945591,0.40020284056663513,0.32882073521614075,0.0,0.0,0.0,0.0,0.0,0.0,0.0,0.0,1.0,0.0,0.0022400349844247103,0.29700201749801636,0.16189470887184143,0.049431223422288895,0.0,0.10871788114309311,0.10621677339076996,0.10621677339076996,0.09158768504858017,0.042509984225034714,-2.881193894577194e-10,0.0,0.0,4.011265277862549,4.011265277862549,0.9613773226737976,0.9613773226737976,0.3735608458518982,0.0,0.0,0.0,0.0,0.17531973123550415,0.20668934285640717,0.00025624968111515045,0.9729253649711609,0.32882073521614075,0.10105699300765991,1.0056413412094116,0.9624982476234436,0.9613773226737976,0.9198558330535889,0.4550374746322632,0.09948384016752243,0.018479395657777786,1.0,2.294192314147949,2.33223032951355,2.3341567516326904,0.0,5.0,0.0,0.0,0.0,0.0,0.0,0.0,,,,,,,,,,,,,,,,,,,,,,0.001
5,1660,train,0.13671572506427765,0.11341509968042374,0.11650314927101135,0.0,0.0,0.0,0.0,0.0,0.0,0.0,0.0,0.0,0.0,0.0,0.0,0.0,0.0,0.0,0.0,0.0,0.0,0.0,0.0,0.0,0.0,0.0,0.0,1.0,0.054659403860569,0.054659403860569,0.05462014675140381,0.0,0.019305264577269554,0.45331647992134094,1.0,0.0,1.0,0.0,0.0,0.03623403236269951,0.0,0.0,0.0,0.0,0.16577689349651337,0.10110463947057724,0.006278160959482193,0.4283338487148285,0.3094269037246704,0.0,0.0,0.0,0.0,0.0,0.0,0.0,0.0,1.0,0.0,0.005906408187001944,0.29775670170783997,0.16658277809619904,0.041726138442754745,0.0,0.11650314927101135,0.11341509968042374,0.11341509968042374,0.09662128239870071,0.04573498293757439,-3.688441219118488e-10,0.0,0.0,3.7562036514282227,3.7562036514282227,0.9772598743438721,0.9772598743438721,0.37900063395500183,0.0,0.0,0.0,0.0,0.16577690839767456,0.20431697368621826,4.581761822919361e-05,0.9755094647407532,0.3094269037246704,0.0915134847164154,1.000228762626648,0.9821243286132812,0.9772598743438721,0.9490156173706055,0.45331647992134094,0.10118599236011505,0.019607216119766235,1.0,2.2212796211242676,2.2864608764648438,2.3404273986816406,0.0,5.0,0.0,0.0,0.0,0.0,0.0,0.0,,,,,,,,,,,,,,,,,,,,,,0.001
5,1670,train_epoch,0.13658865072770032,0.11355219038571426,0.11518230041611695,0.0,0.0,0.0,0.0,0.0,0.0,0.0,0.0,0.0,0.0,0.0,0.0,0.0,0.0,0.0,0.0,0.0,0.0,0.0,0.0,0.0,0.0,0.0,0.0,1.0,0.05379426954481416,0.0537942692548215,0.05373173746877088,0.0,0.018688861526058104,0.45344270721167146,1.0,0.0,1.0,0.0,0.0,0.04339392953914797,0.0,0.0,0.0,0.0,0.1852314494505614,0.10623455355445782,0.010039762967101627,0.5085862282507434,0.33332425525445425,0.0,0.0,0.0,0.0,0.0,0.0,0.0,0.0,1.0,0.0,0.004243128680968085,0.2903581899618674,0.1659378145269291,0.057347436686475836,0.0,0.11518230041611695,0.11355219038571426,0.11355219038571426,0.08298840741822106,0.03948108790776889,-2.326071698393579e-12,0.0,0.0,3.8369783055996467,3.8369783055996467,0.9599048887898108,0.9599048887898108,0.3378619198759873,0.0,0.0,0.0,0.0,0.1852314631471377,0.21454498310110526,6.312434074875646e-05,0.9777368492708949,0.33332425525445425,0.10654532546902488,1.0147052369788736,0.9645162256891856,0.9599048887898108,0.9587552899015164,0.45344270721167146,0.0969963760120783,0.017874595023200896,1.0,2.393901711452507,2.391310365614063,2.39224168212114,0.0,5.0,0.0,0.0,0.0,0.0,0.0,0.0,,,,,,,,,,,,,,,,,,,,,,0.001
5,1670,val,,,,,,,,,,,,,,,,,,,,,,,,,,,,,,,,,,,,,,,,,,,,,,,,,,,,,,,,,,,,,,,,,,,,,,,,,,,,,,,,,,,,,,,,,,,,,,,,,,,,,,,,,,,76.27731047357831,13349.030151367188,115.53800306118843,142.62309401375907,41.99734154769352,16.484247045857565,25.528565838174515,12.330115471567426,8.083209663629532,75.01795434951782,90.14281881105741,161.32964042254858,43.52692292417799,136.1531720161438,163.79644677104153,283.45400180135454,78.78085085323879,76.27731047357831,115.53800306118843,142.62309401375907,41.99734154769352,0.001
5,1670,test_select,,,,,,,,,,,,,,,,,,,,,,,,,,,,,,,,,,,,,,,,,,,,,,,,,,,,,,,,,,,,,,,,,,,,,,,,,,,,,,,,,,,,,,,,,,,,,,,,,,,,,,,,,,,80.24724456242153,14759.301121303013,121.48786409062846,127.7455827168056,45.18462877614157,17.58018704823085,27.291935801314345,11.829887615782875,8.611219282661166,80.88517604555402,98.41996336139349,146.7191765989576,48.165025983537944,142.67050164086479,171.69962133379644,254.3451244490487,84.4632408959525,80.24724456242153,121.48786409062846,127.7455827168056,45.18462877614157,0.001
5,1670,test,,,,,,,,,,,,,,,,,,,,,,,,,,,,,,,,,,,,,,,,,,,,,,,,,,,,,,,,,,,,,,,,,,,,,,,,,,,,,,,,,,,,,,,,,,,,,,,,,,,,,,,,,,,80.24724456242153,14759.301121303013,121.48786409062846,127.7455827168056,45.18462877614157,17.58018704823085,27.291935801314345,11.829887615782875,8.611219282661166,80.88517604555402,98.41996336139349,146.7191765989576,48.165025983537944,142.67050164086479,171.69962133379644,254.3451244490487,84.4632408959525,80.24724456242153,121.48786409062846,127.7455827168056,45.18462877614157,0.001
6,1680,train,0.1277153491973877,0.10617849975824356,0.10768420994281769,0.0,0.0,0.0,0.0,0.0,0.0,0.0,0.0,0.0,0.0,0.0,0.0,0.0,0.0,0.0,0.0,0.0,0.0,0.0,0.0,0.0,0.0,0.0,0.0,1.0,0.04462482035160065,0.044624824076890945,0.04453142359852791,0.0,0.018123548477888107,0.4539831280708313,1.0,0.0,1.0,0.0,0.0,0.04731565713882446,0.0,0.0,0.0,0.0,0.192226380109787,0.0982852503657341,0.0032863616943359375,0.47210925817489624,0.330595463514328,0.0,0.0,0.0,0.0,0.0,0.0,0.0,0.0,1.0,0.0,0.004056383389979601,0.2928999960422516,0.14952567219734192,0.042952120304107666,0.0,0.10768420994281769,0.10617849975824356,0.10617849975824356,0.09783926606178284,0.06459113210439682,2.806040400038512e-10,0.0,0.0,3.905493974685669,3.9054934978485107,0.8878914713859558,0.8878914713859558,0.40600812435150146,0.0,0.0,0.0,0.0,0.19222639501094818,0.2264024317264557,4.4203941797604784e-05,0.9793344736099243,0.330595463514328,0.12219669669866562,0.9595199823379517,0.8882717490196228,0.8878914713859558,0.8678097128868103,0.4539831280708313,0.09767811745405197,0.01806936226785183,1.0,2.3556900024414062,2.327040195465088,2.2690041065216064,0.0,5.0,0.0,0.0,0.0,0.0,0.0,0.0,,,,,,,,,,,,,,,,,,,,,,0.001
6,1700,train,0.1278769075870514,0.10654686391353607,0.10665024816989899,0.0,0.0,0.0,0.0,0.0,0.0,0.0,0.0,0.0,0.0,0.0,0.0,0.0,0.0,0.0,0.0,0.0,0.0,0.0,0.0,0.0,0.0,0.0,0.0,1.0,0.05321389436721802,0.05321389436721802,0.05314158648252487,0.0,0.0186495129019022,0.45240750908851624,1.0,0.0,1.0,0.0,0.0,0.07269193232059479,0.0,0.0,0.0,0.0,0.16619685292243958,0.08853980898857117,0.0016571267042309046,0.405249685049057,0.2933303713798523,0.0,0.0,0.0,0.0,0.0,0.0,0.0,0.0,1.0,0.0,0.0044815135188400745,0.31918686628341675,0.16103842854499817,0.04350081458687782,0.0,0.10665024816989899,0.10654686391353607,0.10654686391353607,0.08505473285913467,0.04102376475930214,-2.427371914581755e-10,0.0,0.0,3.796509265899658,3.796509265899658,0.9430007338523865,0.9430007338523865,0.3543267250061035,0.0,0.0,0.0,0.0,0.16619688272476196,0.21986036002635956,1.7411061890015844e-06,0.9881241917610168,0.2933303713798523,0.09721201658248901,1.0550835132598877,0.9409384727478027,0.9430007338523865,0.9230666160583496,0.45240750908851624,0.10013995319604874,0.019690901041030884,1.0,2.335242748260498,2.3499598503112793,2.378408193588257,0.0,5.0,0.0,0.0,0.0,0.0,0.0,0.0,,,,,,,,,,,,,,,,,,,,,,0.001
6,1720,train,0.13622717559337616,0.11318439245223999,0.11521393060684204,0.0,0.0,0.0,0.0,0.0,0.0,0.0,0.0,0.0,0.0,0.0,0.0,0.0,0.0,0.0,0.0,0.0,0.0,0.0,0.0,0.0,0.0,0.0,0.0,1.0,0.04633994400501251,0.04633994400501251,0.04628629982471466,0.0,0.01706039533019066,0.4516751766204834,1.0,0.0,1.0,0.0,0.0,0.042882710695266724,0.0,0.0,0.0,0.0,0.17174182832241058,0.09320720285177231,0.0029290548991411924,0.5029048919677734,0.32134491205215454,0.0,0.0,0.0,0.0,0.0,0.0,0.0,0.0,1.0,0.0,0.005985376890748739,0.3111361563205719,0.15902331471443176,0.03852914646267891,0.0,0.11521393060684204,0.11318439245223999,0.11318439245223999,0.09671343863010406,0.04687841236591339,-5.375845255062295e-11,0.0,0.0,3.744450807571411,3.744450807571411,0.9312507510185242,0.9312507510185242,0.37413233518600464,0.0,0.0,0.0,0.0,0.17174182832241058,0.20543335378170013,2.747512553469278e-05,0.9839427471160889,0.32134491205215454,0.09592524915933609,1.033392310142517,0.9250828623771667,0.9312507510185242,0.9218178391456604,0.4516751766204834,0.10003267228603363,0.01870294287800789,1.0,2.3324532508850098,2.2948758602142334,2.3096179962158203,0.0,5.0,0.0,0.0,0.0,0.0,0.0,0.0,,,,,,,,,,,,,,,,,,,,,,0.001
6,1740,train,0.1254807859659195,0.104280486702919,0.10600148886442184,0.0,0.0,0.0,0.0,0.0,0.0,0.0,0.0,0.0,0.0,0.0,0.0,0.0,0.0,0.0,0.0,0.0,0.0,0.0,0.0,0.0,0.0,0.0,0.0,1.0,0.05712476745247841,0.05712476745247841,0.05703788995742798,0.0,0.019655168056488037,0.45168814063072205,1.0,0.0,1.0,0.0,0.0,0.059631168842315674,0.0,0.0,0.0,0.0,0.15826784074306488,0.0950167253613472,0.002028202172368765,0.39632508158683777,0.29605910181999207,0.0,0.0,0.0,0.0,0.0,0.0,0.0,0.0,1.0,0.0,0.00430331053212285,0.3053063154220581,0.1580180823802948,0.04231325536966324,0.0,0.10600148886442184,0.104280486702919,0.104280486702919,0.08984840661287308,0.04496306553483009,-8.32178076448642e-11,0.0,0.0,3.800802230834961,3.800802230834961,0.9312417507171631,0.9312417507171631,0.347943514585495,0.0,0.0,0.0,0.0,0.15826784074306488,0.20381903648376465,2.2135060135042295e-05,0.9889455437660217,0.29605910181999207,0.08786765486001968,0.9998246431350708,0.9336884617805481,0.9312417507171631,0.9241825938224792,0.45168814063072205,0.10032889246940613,0.01861313171684742,1.0,2.3444647789001465,2.311546802520752,2.404264211654663,0.0,5.0,0.0,0.0,0.0,0.0,0.0,0.0,,,,,,,,,,,,,,,,,,,,,,0.001
6,1760,train,0.14148852229118347,0.11772213876247406,0.11883194744586945,0.0,0.0,0.0,0.0,0.0,0.0,0.0,0.0,0.0,0.0,0.0,0.0,0.0,0.0,0.0,0.0,0.0,0.0,0.0,0.0,0.0,0.0,0.0,0.0,1.0,0.05042822286486626,0.05042821913957596,0.050348903983831406,0.0,0.020097507163882256,0.4495895504951477,1.0,0.0,1.0,0.0,0.0,0.06263129413127899,0.0,0.0,0.0,0.0,0.17768330872058868,0.1170133575797081,0.004170625004917383,0.4931991696357727,0.3015081584453583,0.0,0.0,0.0,0.0,0.0,0.0,0.0,0.0,1.0,0.0,0.005151581484824419,0.31735309958457947,0.17303386330604553,0.03307072073221207,0.0,0.11883194744586945,0.11772213876247406,0.11772213876247406,0.11723222583532333,0.06467866152524948,2.0728158078853198e-10,0.0,0.0,4.070865631103516,4.070865631103516,1.0308400392532349,1.0308400392532349,0.48936644196510315,0.0,0.0,0.0,0.0,0.17768330872058868,0.2279425859451294,7.36799529477139e-06,0.9894556403160095,0.3015081584453583,0.11415442079305649,1.086690068244934,1.037227749824524,1.0308400392532349,0.9920848608016968,0.4495895504951477,0.1016562283039093,0.017686281353235245,1.0,2.354778289794922,2.280397415161133,2.297518014907837,0.0,5.0,0.0,0.0,0.0,0.0,0.0,0.0,,,,,,,,,,,,,,,,,,,,,,0.001
6,1780,train,0.13829781115055084,0.11514054983854294,0.11578627675771713,0.0,0.0,0.0,0.0,0.0,0.0,0.0,0.0,0.0,0.0,0.0,0.0,0.0,0.0,0.0,0.0,0.0,0.0,0.0,0.0,0.0,0.0,0.0,0.0,1.0,0.060210250318050385,0.060210246592760086,0.06011912226676941,0.0,0.019625559449195862,0.45170480012893677,1.0,0.0,1.0,0.0,0.0,0.0615677572786808,0.0,0.0,0.0,0.0,0.19913776218891144,0.098675437271595,0.006470983847975731,0.502567708492279,0.33000341057777405,0.0,0.0,0.0,0.0,0.0,0.0,0.0,0.0,1.0,0.0,0.00285388994961977,0.32346948981285095,0.166237935423851,0.0316217876970768,0.0,0.11578627675771713,0.11514054983854294,0.11514054983854294,0.11765282601118088,0.0752037763595581,-9.405982069610186e-12,0.0,0.0,3.9181296825408936,3.9181296825408936,0.9728897213935852,0.9728897213935852,0.47814860939979553,0.0,0.0,0.0,0.0,0.19913779199123383,0.2358485907316208,3.155121885356493e-05,0.9926570057868958,0.33000341057777405,0.1287837028503418,0.9834099411964417,0.978344738483429,0.9728897213935852,1.0495854616165161,0.45170480012893677,0.10022897273302078,0.017453940585255623,1.0,2.4093997478485107,2.3408899307250977,2.2699639797210693,0.0,5.0,0.0,0.0,0.0,0.0,0.0,0.0,,,,,,,,,,,,,,,,,,,,,,0.001
6,1800,train,0.12337273359298706,0.10253641754388809,0.10418158769607544,0.0,0.0,0.0,0.0,0.0,0.0,0.0,0.0,0.0,0.0,0.0,0.0,0.0,0.0,0.0,0.0,0.0,0.0,0.0,0.0,0.0,0.0,0.0,0.0,1.0,0.047818221151828766,0.047818221151828766,0.04780232533812523,0.0,0.018778475001454353,0.45514780282974243,1.0,0.0,1.0,0.0,0.0,0.04405447840690613,0.0,0.0,0.0,0.0,0.16744308173656464,0.09496107697486877,0.007821159437298775,0.4289170205593109,0.3070923686027527,0.0,0.0,0.0,0.0,0.0,0.0,0.0,0.0,1.0,0.0,0.0030597306322306395,0.30949321389198303,0.1641572266817093,0.03280556574463844,0.0,0.10418158769607544,0.10253641754388809,0.10253641754388809,0.11199655383825302,0.0658457949757576,7.370042770515894e-11,0.0,0.0,4.130460262298584,4.130460262298584,0.9552067518234253,0.9552067518234253,0.47806012630462646,0.0,0.0,0.0,0.0,0.16744311153888702,0.2099326103925705,9.496977327216882e-06,0.9793588519096375,0.3070923686027527,0.09695159643888474,0.990818440914154,0.9573362469673157,0.9552067518234253,0.9264386296272278,0.45514780282974243,0.10194405168294907,0.018595069646835327,1.0,2.5182676315307617,2.312721014022827,2.318230152130127,0.0,5.0,0.0,0.0,0.0,0.0,0.0,0.0,,,,,,,,,,,,,,,,,,,,,,0.001
6,1820,train,0.13875499367713928,0.11521361768245697,0.11770684272050858,0.0,0.0,0.0,0.0,0.0,0.0,0.0,0.0,0.0,0.0,0.0,0.0,0.0,0.0,0.0,0.0,0.0,0.0,0.0,0.0,0.0,0.0,0.0,0.0,1.0,0.05392156168818474,0.05392156168818474,0.053855787962675095,0.0,0.019823499023914337,0.4523642659187317,1.0,0.0,1.0,0.0,0.0,0.054863542318344116,0.0,0.0,0.0,0.0,0.16195814311504364,0.08643855899572372,0.004122963175177574,0.3668329119682312,0.2935293912887573,0.0,0.0,0.0,0.0,0.0,0.0,0.0,0.0,1.0,0.0,0.004469024483114481,0.3225191533565521,0.15557730197906494,0.033502332866191864,0.0,0.11770684272050858,0.11521361768245697,0.11521361768245697,0.10017026960849762,0.060910336673259735,5.238423583797669e-11,0.0,0.0,4.186491012573242,4.186491012573242,0.9219532012939453,0.9219532012939453,0.44051793217658997,0.0,0.0,0.0,0.0,0.16195815801620483,0.2134753167629242,1.2549799976113718e-05,0.9784520268440247,0.2935293912887573,0.09166666865348816,0.9648039937019348,0.9258438348770142,0.9219532012939453,0.9431538581848145,0.4523642659187317,0.09846046566963196,0.017234891653060913,1.0,2.3032848834991455,2.2979695796966553,2.2525651454925537,0.0,5.0,0.0,0.0,0.0,0.0,0.0,0.0,,,,,,,,,,,,,,,,,,,,,,0.001
6,1840,train,0.13351918756961823,0.11095277965068817,0.11283205449581146,0.0,0.0,0.0,0.0,0.0,0.0,0.0,0.0,0.0,0.0,0.0,0.0,0.0,0.0,0.0,0.0,0.0,0.0,0.0,0.0,0.0,0.0,0.0,0.0,1.0,0.05909380689263344,0.05909380689263344,0.059026088565588,0.0,0.02008901536464691,0.45438286662101746,1.0,0.0,1.0,0.0,0.0,0.08657830953598022,0.0,0.0,0.0,0.0,0.14809438586235046,0.09537215530872345,0.0027822861447930336,0.3915988802909851,0.26572099328041077,0.0,0.0,0.0,0.0,0.0,0.0,0.0,0.0,1.0,0.0,0.005011244211345911,0.31189343333244324,0.1723373979330063,0.030502552166581154,0.0,0.11283205449581146,0.11095277965068817,0.11095277965068817,0.10717713087797165,0.05542975291609764,-2.3327925702254504e-10,0.0,0.0,3.917971611022949,3.917971611022949,1.028339147567749,1.028339147567749,0.43639957904815674,0.0,0.0,0.0,0.0,0.14809440076351166,0.21291817724704742,6.042985205567675e-06,0.9822940230369568,0.26572099328041077,0.09100797027349472,1.0753428936004639,1.0308260917663574,1.028339147567749,0.9812329411506653,0.45438286662101746,0.10434313863515854,0.019518181681632996,1.0,2.254073143005371,2.249177932739258,2.309465169906616,0.0,5.0,0.0,0.0,0.0,0.0,0.0,0.0,,,,,,,,,,,,,,,,,,,,,,0.001
6,1860,train,0.11743898689746857,0.09771599620580673,0.09861495345830917,0.0,0.0,0.0,0.0,0.0,0.0,0.0,0.0,0.0,0.0,0.0,0.0,0.0,0.0,0.0,0.0,0.0,0.0,0.0,0.0,0.0,0.0,0.0,0.0,1.0,0.040412597358226776,0.040412597358226776,0.040380023419857025,0.0,0.018618978559970856,0.45026394724845886,1.0,0.0,1.0,0.0,0.0,0.05728261172771454,0.0,0.0,0.0,0.0,0.18549542129039764,0.09671611338853836,0.01354098692536354,0.48479676246643066,0.3190620243549347,0.0,0.0,0.0,0.0,0.0,0.0,0.0,0.0,1.0,0.0,0.0022866607178002596,0.30144673585891724,0.14376069605350494,0.031810611486434937,0.0,0.09861495345830917,0.09771599620580673,0.09771599620580673,0.08425109088420868,0.05170416086912155,1.660168669204154e-10,0.0,0.0,4.110089302062988,4.110089302062988,0.8665233254432678,0.8665233254432678,0.3601008653640747,0.0,0.0,0.0,0.0,0.18549542129039764,0.2260889708995819,2.388277425779961e-05,0.9879035353660583,0.3190620243549347,0.11893383413553238,0.8918027877807617,0.8706130385398865,0.8665233254432678,0.8727672100067139,0.45026394724845886,0.09993600845336914,0.01743471994996071,1.0,2.368966817855835,2.2827460765838623,2.2823486328125,0.0,5.0,0.0,0.0,0.0,0.0,0.0,0.0,,,,,,,,,,,,,,,,,,,,,,0.001
6,1880,train,0.12736451625823975,0.10608164966106415,0.1064143255352974,0.0,0.0,0.0,0.0,0.0,0.0,0.0,0.0,0.0,0.0,0.0,0.0,0.0,0.0,0.0,0.0,0.0,0.0,0.0,0.0,0.0,0.0,0.0,0.0,1.0,0.052797265350818634,0.052797265350818634,0.052727311849594116,0.0,0.018749738112092018,0.45388367772102356,1.0,0.0,1.0,0.0,0.0,0.0676863044500351,0.0,0.0,0.0,0.0,0.15960337221622467,0.11253082752227783,0.002340064849704504,0.5376733541488647,0.2658312916755676,0.0,0.0,0.0,0.0,0.0,0.0,0.0,0.0,1.0,0.0,0.0007930627907626331,0.3134157359600067,0.15636274218559265,0.029576608911156654,0.0,0.1064143255352974,0.10608164966106415,0.10608164966106415,0.08988051861524582,0.05442686751484871,-1.1105469842342952e-12,0.0,0.0,3.6348273754119873,3.6348278522491455,0.8967387676239014,0.8967387676239014,0.3397687077522278,0.0,0.0,0.0,0.0,0.15960337221622467,0.23067884147167206,4.008180621895008e-05,0.9733919501304626,0.2658312916755676,0.11142770200967789,0.9631396532058716,0.9011455178260803,0.8967387676239014,0.9392648339271545,0.45388367772102356,0.10122720897197723,0.01822054199874401,1.0,2.232903242111206,2.240565061569214,2.34009051322937,0.0,5.0,0.0,0.0,0.0,0.0,0.0,0.0,,,,,,,,,,,,,,,,,,,,,,0.001
6,1900,train,0.12471400201320648,0.10388394445180893,0.10415028035640717,0.0,0.0,0.0,0.0,0.0,0.0,0.0,0.0,0.0,0.0,0.0,0.0,0.0,0.0,0.0,0.0,0.0,0.0,0.0,0.0,0.0,0.0,0.0,0.0,1.0,0.05031009390950203,0.05031009390950203,0.05020693689584732,0.0,0.018427621573209763,0.45414671301841736,1.0,0.0,1.0,0.0,0.0,0.07294537127017975,0.0,0.0,0.0,0.0,0.14900340139865875,0.10268176347017288,0.00742871081456542,0.4816370904445648,0.2727726399898529,0.0,0.0,0.0,0.0,0.0,0.0,0.0,0.0,1.0,0.0,0.0033145323395729065,0.30860328674316406,0.16224011778831482,0.027379468083381653,0.0,0.10415028035640717,0.10388394445180893,0.10388394445180893,0.09564221650362015,0.05736413970589638,-1.7745167835148123e-10,0.0,0.0,3.9515626430511475,3.9515626430511475,0.9418256282806396,0.9418256282806396,0.4026329219341278,0.0,0.0,0.0,0.0,0.14900340139865875,0.20849891006946564,2.1057348931208253e-05,0.9873567819595337,0.2727726399898529,0.08149510622024536,0.9673550128936768,0.9454283118247986,0.9418256282806396,0.8939141631126404,0.45414671301841736,0.10114443302154541,0.01806838996708393,1.0,2.3028881549835205,2.3134403228759766,2.2759015560150146,0.0,5.0,0.0,0.0,0.0,0.0,0.0,0.0,,,,,,,,,,,,,,,,,,,,,,0.001
6,1920,train,0.13862042129039764,0.11526555567979813,0.11677432060241699,0.0,0.0,0.0,0.0,0.0,0.0,0.0,0.0,0.0,0.0,0.0,0.0,0.0,0.0,0.0,0.0,0.0,0.0,0.0,0.0,0.0,0.0,0.0,0.0,1.0,0.050552427768707275,0.050552427768707275,0.05049331486225128,0.0,0.017741817981004715,0.4504496455192566,1.0,0.0,1.0,0.0,0.0,0.05424801632761955,0.0,0.0,0.0,0.0,0.1703609675168991,0.10687724500894547,0.0023981130216270685,0.5732874274253845,0.2970622479915619,0.0,0.0,0.0,0.0,0.0,0.0,0.0,0.0,1.0,0.0,0.004243343602865934,0.2884664833545685,0.15846626460552216,0.0250390637665987,0.0,0.11677432060241699,0.11526555567979813,0.11526555567979813,0.10591837018728256,0.053888410329818726,1.2546767791388191e-10,0.0,0.0,3.9347336292266846,3.9347336292266846,0.9377821087837219,0.9377821087837219,0.42100486159324646,0.0,0.0,0.0,0.0,0.1703609824180603,0.22167964279651642,2.424114973109681e-05,0.9913669228553772,0.2970622479915619,0.10208334028720856,1.0103029012680054,0.9403835535049438,0.9377821087837219,0.9027799963951111,0.4504496455192566,0.10271293669939041,0.018410827964544296,1.0,2.30391788482666,2.3045716285705566,2.300377368927002,0.0,5.0,0.0,0.0,0.0,0.0,0.0,0.0,,,,,,,,,,,,,,,,,,,,,,0.001
6,1940,train,0.13384483754634857,0.11132872104644775,0.1125805601477623,0.0,0.0,0.0,0.0,0.0,0.0,0.0,0.0,0.0,0.0,0.0,0.0,0.0,0.0,0.0,0.0,0.0,0.0,0.0,0.0,0.0,0.0,0.0,0.0,1.0,0.05038345232605934,0.05038345605134964,0.050320956856012344,0.0,0.018556613475084305,0.4516615867614746,1.0,0.0,1.0,0.0,0.0,0.07378744333982468,0.0,0.0,0.0,0.0,0.13628514111042023,0.08882854133844376,0.002791923936456442,0.38512587547302246,0.2526490390300751,0.0,0.0,0.0,0.0,0.0,0.0,0.0,0.0,1.0,0.0,0.0038904703687876463,0.308016300201416,0.16275186836719513,0.023607861250638962,0.0,0.1125805601477623,0.11132872104644775,0.11132872104644775,0.11103347688913345,0.06464898586273193,6.400686924923349e-11,0.0,0.0,3.8625152111053467,3.8625152111053467,0.9629512429237366,0.9629512429237366,0.4329400062561035,0.0,0.0,0.0,0.0,0.13628515601158142,0.20429734885692596,5.5716081988066435e-06,0.9939858317375183,0.2526490390300751,0.08224571496248245,1.0278286933898926,0.9613269567489624,0.9629512429237366,0.9694610834121704,0.4516615867614746,0.10216209292411804,0.018185585737228394,1.0,2.288273572921753,2.249640941619873,2.2639756202697754,0.0,5.0,0.0,0.0,0.0,0.0,0.0,0.0,,,,,,,,,,,,,,,,,,,,,,0.001
6,1960,train,0.12114708870649338,0.1007072925567627,0.10219898074865341,0.0,0.0,0.0,0.0,0.0,0.0,0.0,0.0,0.0,0.0,0.0,0.0,0.0,0.0,0.0,0.0,0.0,0.0,0.0,0.0,0.0,0.0,0.0,0.0,1.0,0.046651143580675125,0.046651143580675125,0.04659605771303177,0.0,0.018136579543352127,0.4511536955833435,1.0,0.0,1.0,0.0,0.0,0.06439638137817383,0.0,0.0,0.0,0.0,0.15977448225021362,0.09733178466558456,0.004142218269407749,0.5124589204788208,0.2773647606372833,0.0,0.0,0.0,0.0,0.0,0.0,0.0,0.0,1.0,0.0,0.004106343723833561,0.3062132000923157,0.15196165442466736,0.025076886638998985,0.0,0.10219898074865341,0.1007072925567627,0.1007072925567627,0.09789479523897171,0.05062759667634964,-3.096714273898016e-10,0.0,0.0,3.9583637714385986,3.9583632946014404,0.8812312483787537,0.8812312483787537,0.38434964418411255,0.0,0.0,0.0,0.0,0.15977449715137482,0.21987484395503998,3.73324473912362e-06,0.9774236083030701,0.2773647606372833,0.10586704313755035,0.9449858069419861,0.884222149848938,0.8812312483787537,0.8999014496803284,0.4511536955833435,0.10131318867206573,0.01760801486670971,1.0,2.2708232402801514,2.313119411468506,2.267211437225342,0.0,5.0,0.0,0.0,0.0,0.0,0.0,0.0,,,,,,,,,,,,,,,,,,,,,,0.001
6,1980,train,0.11990861594676971,0.09970153868198395,0.10103540122509003,0.0,0.0,0.0,0.0,0.0,0.0,0.0,0.0,0.0,0.0,0.0,0.0,0.0,0.0,0.0,0.0,0.0,0.0,0.0,0.0,0.0,0.0,0.0,0.0,1.0,0.04917680472135544,0.04917680472135544,0.0491173192858696,0.0,0.01890452206134796,0.4524194896221161,1.0,0.0,1.0,0.0,0.0,0.0882207378745079,0.0,0.0,0.0,0.0,0.16296453773975372,0.10171875357627869,0.005057791247963905,0.48749732971191406,0.2794835865497589,0.0,0.0,0.0,0.0,0.0,0.0,0.0,0.0,1.0,0.0,0.0027582061011344194,0.29760611057281494,0.15001386404037476,0.023607803508639336,0.0,0.10103540122509003,0.09970153868198395,0.09970153868198395,0.09212654829025269,0.056681353598833084,-1.5102198658301091e-10,0.0,0.0,3.863088846206665,3.863088846206665,0.8775981664657593,0.8775981664657593,0.3608554005622864,0.0,0.0,0.0,0.0,0.1629645675420761,0.223737895488739,6.974031748541165e-06,0.9879325032234192,0.2794835865497589,0.1031709611415863,0.9391161203384399,0.8777406811714172,0.8775981664657593,0.9135415554046631,0.4524194896221161,0.10340435057878494,0.017724353820085526,1.0,2.1624302864074707,2.27939510345459,2.2414586544036865,0.0,5.0,0.0,0.0,0.0,0.0,0.0,0.0,,,,,,,,,,,,,,,,,,,,,,0.001
6,2000,train,0.13104955852031708,0.1091184914112091,0.10965536534786224,0.0,0.0,0.0,0.0,0.0,0.0,0.0,0.0,0.0,0.0,0.0,0.0,0.0,0.0,0.0,0.0,0.0,0.0,0.0,0.0,0.0,0.0,0.0,0.0,1.0,0.039351195096969604,0.039351195096969604,0.03930121660232544,0.0,0.018962522968649864,0.45338866114616394,1.0,0.0,1.0,0.0,0.0,0.06729452311992645,0.0,0.0,0.0,0.0,0.17486009001731873,0.10994770377874374,0.007283724378794432,0.4693182110786438,0.30618587136268616,0.0,0.0,0.0,0.0,0.0,0.0,0.0,0.0,1.0,0.0,0.001960990484803915,0.3091946840286255,0.14981505274772644,0.024042388424277306,0.0,0.10965536534786224,0.1091184914112091,0.1091184914112091,0.10198100656270981,0.07566061615943909,3.18933386644904e-11,0.0,0.0,3.828178644180298,3.828178644180298,0.8915950059890747,0.8915950059890747,0.3847482204437256,0.0,0.0,0.0,0.0,0.17486010491847992,0.21973510086536407,8.553994121029973e-06,0.9885969758033752,0.30618587136268616,0.1065870150923729,0.9647700786590576,0.8916500210762024,0.8915950059890747,0.8896006345748901,0.45338866114616394,0.10214882344007492,0.01795355975627899,1.0,2.3679561614990234,2.29042387008667,2.3449721336364746,0.0,5.0,0.0,0.0,0.0,0.0,0.0,0.0,,,,,,,,,,,,,,,,,,,,,,0.001
6,2004,train_epoch,0.13079699434473843,0.10880952388672771,0.10993735233466782,0.0,0.0,0.0,0.0,0.0,0.0,0.0,0.0,0.0,0.0,0.0,0.0,0.0,0.0,0.0,0.0,0.0,0.0,0.0,0.0,0.0,0.0,0.0,0.0,1.0,0.0491288958931576,0.04912889623891808,0.049062095493256686,0.0,0.018823398561579382,0.45220712853406003,1.0,0.0,1.0,0.0,0.0,0.06012185410356629,0.0,0.0,0.0,0.0,0.16342300526842385,0.0988737845982977,0.007175099506171164,0.46901998155845137,0.2899805478260903,0.0,0.0,0.0,0.0,0.0,0.0,0.0,0.0,1.0,0.0,0.003373895260850616,0.30775479606525624,0.15819272885244048,0.03227191220433591,0.0,0.10993735233466782,0.10880952388672771,0.10880952388672771,0.09950318905764712,0.05372206899086515,-3.774525744920028e-12,0.0,0.0,3.9470948487698676,3.9470948402039303,0.9304911738741184,0.9304911738741184,0.40506971087641347,0.0,0.0,0.0,0.0,0.16342301811732932,0.21635249564926068,1.943526252430846e-05,0.9817422524897638,0.2899805478260903,0.09957374446094036,0.9926078719293286,0.9317149812589862,0.9304911738741184,0.9280838993138182,0.45220712853406003,0.10114462852121113,0.01819227511498207,1.0,2.3023138895720066,2.301029243868982,2.3016906612647507,0.0,5.0,0.0,0.0,0.0,0.0,0.0,0.0,,,,,,,,,,,,,,,,,,,,,,0.001
6,2004,val,,,,,,,,,,,,,,,,,,,,,,,,,,,,,,,,,,,,,,,,,,,,,,,,,,,,,,,,,,,,,,,,,,,,,,,,,,,,,,,,,,,,,,,,,,,,,,,,,,,,,,,,,,,75.63355479921613,13342.492518833706,115.50970746579573,141.81077064786638,41.58355666909899,15.467359806810107,24.94484683463164,10.599561559302467,7.19533343400274,73.76515187535968,88.22609209929657,162.91438330922807,43.52072765145983,136.4108782495771,164.0554163011558,286.74568680354525,79.36317477907453,75.63355479921613,115.50970746579573,141.81077064786638,41.58355666909899,0.001
6,2004,test_select,,,,,,,,,,,,,,,,,,,,,,,,,,,,,,,,,,,,,,,,,,,,,,,,,,,,,,,,,,,,,,,,,,,,,,,,,,,,,,,,,,,,,,,,,,,,,,,,,,,,,,,,,,,79.93218854495457,14776.661499023438,121.5592921130402,128.48418014390128,44.94814528737749,17.26698335153716,26.924700360465728,15.124131364481789,8.192838238818306,80.49627593585423,97.97274481346065,149.30524141447884,48.528807861464365,142.83726263046265,171.79170818153665,257.29505126816883,85.07200694084167,79.93218854495457,121.5592921130402,128.48418014390128,44.94814528737749,0.001
6,2004,test,,,,,,,,,,,,,,,,,,,,,,,,,,,,,,,,,,,,,,,,,,,,,,,,,,,,,,,,,,,,,,,,,,,,,,,,,,,,,,,,,,,,,,,,,,,,,,,,,,,,,,,,,,,79.93218854495457,14776.661499023438,121.5592921130402,128.48418014390128,44.94814528737749,17.26698335153716,26.924700360465728,15.124131364481789,8.192838238818306,80.49627593585423,97.97274481346065,149.30524141447884,48.528807861464365,142.83726263046265,171.79170818153665,257.29505126816883,85.07200694084167,79.93218854495457,121.5592921130402,128.48418014390128,44.94814528737749,0.001
7,2020,train,0.13050727546215057,0.10843751579523087,0.11034879088401794,0.0,0.0,0.0,0.0,0.0,0.0,0.0,0.0,0.0,0.0,0.0,0.0,0.0,0.0,0.0,0.0,0.0,0.0,0.0,0.0,0.0,0.0,0.0,0.0,1.0,0.05722615495324135,0.05722615495324135,0.05711833015084267,0.0,0.0181279294192791,0.45357632637023926,1.0,0.0,1.0,0.0,0.0,0.0746498629450798,0.0,0.0,0.0,0.0,0.136811301112175,0.09872546792030334,0.0035362611524760723,0.49147018790245056,0.23893845081329346,0.0,0.0,0.0,0.0,0.0,0.0,0.0,0.0,1.0,0.0,0.005501152481883764,0.3183518350124359,0.1608344167470932,0.022200752049684525,0.0,0.11034879088401794,0.10843751579523087,0.10843751579523087,0.09308065474033356,0.05819297209382057,-5.1018692742710314e-11,0.0,0.0,3.947557210922241,3.947557210922241,0.9679955244064331,0.9679955244064331,0.3790372610092163,0.0,0.0,0.0,0.0,0.13681131601333618,0.21491621434688568,8.624027941550594e-06,0.9770763516426086,0.23893845081329346,0.08272059261798859,1.1224662065505981,0.9703726768493652,0.9679955244064331,0.9998651146888733,0.45357632637023926,0.1038551777601242,0.01793781854212284,1.0,2.2915902137756348,2.326418161392212,2.3348963260650635,0.0,5.0,0.0,0.0,0.0,0.0,0.0,0.0,,,,,,,,,,,,,,,,,,,,,,0.001
7,2040,train,0.13100089132785797,0.1090005487203598,0.11000169068574905,0.0,0.0,0.0,0.0,0.0,0.0,0.0,0.0,0.0,0.0,0.0,0.0,0.0,0.0,0.0,0.0,0.0,0.0,0.0,0.0,0.0,0.0,0.0,0.0,1.0,0.04202045127749443,0.042020440101623535,0.041994061321020126,0.0,0.018953613936901093,0.4539853632450104,1.0,0.0,1.0,0.0,0.0,0.07809571921825409,0.0,0.0,0.0,0.0,0.1615729182958603,0.1089601218700409,0.0026912204921245575,0.47257813811302185,0.26466017961502075,0.0,0.0,0.0,0.0,0.0,0.0,0.0,0.0,1.0,0.0,0.0038800789043307304,0.309697687625885,0.14753493666648865,0.02137203887104988,0.0,0.11000169068574905,0.1090005487203598,0.1090005487203598,0.1011485606431961,0.06342332810163498,-3.354945141142984e-11,0.0,0.0,3.7602059841156006,3.7602059841156006,0.9027844071388245,0.9027844071388245,0.37711769342422485,0.0,0.0,0.0,0.0,0.16157293319702148,0.23337598145008087,1.1790501048380975e-05,0.9935024380683899,0.26466017961502075,0.10352329164743423,0.9138241410255432,0.9139503836631775,0.9027844071388245,0.9316605925559998,0.4539853632450104,0.10607577115297318,0.01832062192261219,1.0,2.276500701904297,2.289419651031494,2.3142850399017334,0.0,5.0,0.0,0.0,0.0,0.0,0.0,0.0,,,,,,,,,,,,,,,,,,,,,,0.001
7,2060,train,0.13833944499492645,0.11527995020151138,0.11529745906591415,0.0,0.0,0.0,0.0,0.0,0.0,0.0,0.0,0.0,0.0,0.0,0.0,0.0,0.0,0.0,0.0,0.0,0.0,0.0,0.0,0.0,0.0,0.0,0.0,1.0,0.04253024980425835,0.04253024607896805,0.04240262880921364,0.0,0.018559763208031654,0.4498848021030426,1.0,0.0,1.0,0.0,0.0,0.06553444266319275,0.0,0.0,0.0,0.0,0.16708658635616302,0.10277221351861954,0.005225329659879208,0.5123534798622131,0.27186647057533264,0.0,0.0,0.0,0.0,0.0,0.0,0.0,0.0,1.0,0.0,0.001417901599779725,0.3111128509044647,0.1535361260175705,0.02076471410691738,0.0,0.11529745906591415,0.11527995020151138,0.11527995020151138,0.1019120067358017,0.06268928200006485,3.07823315448541e-11,0.0,0.0,4.021641254425049,4.021641254425049,0.9019515514373779,0.9019515514373779,0.4167284071445465,0.0,0.0,0.0,0.0,0.16708660125732422,0.23600827157497406,1.3669696272700094e-05,0.9938638210296631,0.27186647057533264,0.11245404928922653,0.9781057238578796,0.905424952507019,0.9019515514373779,0.8912932872772217,0.4498848021030426,0.1011967733502388,0.01659480668604374,1.0,2.2449147701263428,2.311394214630127,2.2870681285858154,0.0,5.0,0.0,0.0,0.0,0.0,0.0,0.0,,,,,,,,,,,,,,,,,,,,,,0.001
7,2080,train,0.13059155642986298,0.10860762000083923,0.10991965234279633,0.0,0.0,0.0,0.0,0.0,0.0,0.0,0.0,0.0,0.0,0.0,0.0,0.0,0.0,0.0,0.0,0.0,0.0,0.0,0.0,0.0,0.0,0.0,0.0,1.0,0.046046607196331024,0.046046607196331024,0.045962851494550705,0.0,0.018622640520334244,0.4551025927066803,1.0,0.0,1.0,0.0,0.0,0.07615292817354202,0.0,0.0,0.0,0.0,0.11346446722745895,0.08408261835575104,0.00436172541230917,0.5281883478164673,0.2210538536310196,0.0,0.0,0.0,0.0,0.0,0.0,0.0,0.0,1.0,0.0,0.0024128067307174206,0.3084051311016083,0.15416063368320465,0.022422250360250473,0.0,0.10991965234279633,0.10860762000083923,0.10860762000083923,0.08651044964790344,0.04963283613324165,3.980367702105525e-10,0.0,0.0,4.107128143310547,4.107128143310547,0.915031909942627,0.915031909942627,0.34572502970695496,0.0,0.0,0.0,0.0,0.11346448212862015,0.18886083364486694,7.153269962145714e-06,0.9939544796943665,0.2210538536310196,0.05640318989753723,0.9776653051376343,0.9173871278762817,0.915031909942627,0.9358541965484619,0.4551025927066803,0.10656365007162094,0.018778499215841293,1.0,2.340322971343994,2.238046407699585,2.2333695888519287,0.0,5.0,0.0,0.0,0.0,0.0,0.0,0.0,,,,,,,,,,,,,,,,,,,,,,0.001
7,2100,train,0.13321492075920105,0.11083099991083145,0.11191961914300919,0.0,0.0,0.0,0.0,0.0,0.0,0.0,0.0,0.0,0.0,0.0,0.0,0.0,0.0,0.0,0.0,0.0,0.0,0.0,0.0,0.0,0.0,0.0,0.0,1.0,0.03917452320456505,0.03917452320456505,0.039126209914684296,0.0,0.017878413200378418,0.45019420981407166,1.0,0.0,1.0,0.0,0.0,0.08247846364974976,0.0,0.0,0.0,0.0,0.1579529494047165,0.103175088763237,0.0033385613933205605,0.4925013482570648,0.26531481742858887,0.0,0.0,0.0,0.0,0.0,0.0,0.0,0.0,1.0,0.0,0.003541478654369712,0.30180737376213074,0.14780020713806152,0.021270206198096275,0.0,0.11191961914300919,0.11083099991083145,0.11083099991083145,0.09054116159677505,0.043937310576438904,1.3274607801871952e-10,0.0,0.0,4.132186412811279,4.1321868896484375,0.8970467448234558,0.8970467448234558,0.38048186898231506,0.0,0.0,0.0,0.0,0.15795296430587769,0.22816550731658936,1.248886292160023e-05,0.9902058243751526,0.26531481742858887,0.10049020498991013,0.9351345300674438,0.898741602897644,0.8970467448234558,0.8775599002838135,0.45019420981407166,0.10668029636144638,0.01810518093407154,1.0,2.2613911628723145,2.306713819503784,2.3057644367218018,0.0,5.0,0.0,0.0,0.0,0.0,0.0,0.0,,,,,,,,,,,,,,,,,,,,,,0.001
7,2120,train,0.1458355337381363,0.12127036601305008,0.12282586842775345,0.0,0.0,0.0,0.0,0.0,0.0,0.0,0.0,0.0,0.0,0.0,0.0,0.0,0.0,0.0,0.0,0.0,0.0,0.0,0.0,0.0,0.0,0.0,0.0,1.0,0.04631771519780159,0.04631771892309189,0.046281393617391586,0.0,0.018274474889039993,0.4506697952747345,1.0,0.0,1.0,0.0,0.0,0.08103252947330475,0.0,0.0,0.0,0.0,0.1398390233516693,0.07366382330656052,0.008657028898596764,0.3377033472061157,0.24868880212306976,0.0,0.0,0.0,0.0,0.0,0.0,0.0,0.0,1.0,0.0,0.004607821814715862,0.3202939033508301,0.16723839938640594,0.018662458285689354,0.0,0.12282586842775345,0.12127036601305008,0.12127036601305008,0.108491450548172,0.06663352996110916,4.55362303419804e-10,0.0,0.0,4.057272434234619,4.057272434234619,0.9899576902389526,0.9899576902389526,0.4623662829399109,0.0,0.0,0.0,0.0,0.1398390382528305,0.21225903928279877,6.883927198941819e-06,0.9924435019493103,0.24868880212306976,0.08913909643888474,1.0721111297607422,0.9872779846191406,0.9899576902389526,0.9201356768608093,0.4506697952747345,0.10785916447639465,0.01853124238550663,1.0,2.2414464950561523,2.2716240882873535,2.2667975425720215,0.0,5.0,0.0,0.0,0.0,0.0,0.0,0.0,,,,,,,,,,,,,,,,,,,,,,0.001
7,2140,train,0.1338595300912857,0.11153312772512436,0.11163201928138733,0.0,0.0,0.0,0.0,0.0,0.0,0.0,0.0,0.0,0.0,0.0,0.0,0.0,0.0,0.0,0.0,0.0,0.0,0.0,0.0,0.0,0.0,0.0,0.0,1.0,0.055554986000061035,0.055554986000061035,0.055509138852357864,0.0,0.018491609022021294,0.4523937404155731,1.0,0.0,1.0,0.0,0.0,0.10744191706180573,0.0,0.0,0.0,0.0,0.11300089955329895,0.07469809800386429,0.0017642439343035221,0.3529822826385498,0.23444969952106476,0.0,0.0,0.0,0.0,0.0,0.0,0.0,0.0,1.0,0.0,0.005116732325404882,0.33024054765701294,0.1799054741859436,0.02161446586251259,0.0,0.11163201928138733,0.11153312772512436,0.11153312772512436,0.11095283180475235,0.053330522030591965,-4.022533417469276e-10,0.0,0.0,4.047058582305908,4.047059059143066,1.0729564428329468,1.0729564428329468,0.46010923385620117,0.0,0.0,0.0,0.0,0.11300091445446014,0.1732492446899414,3.5993873552797595e-06,0.9847996234893799,0.23444969952106476,0.05657169595360756,1.164840579032898,1.069708228111267,1.0729564428329468,1.0686091184616089,0.4523937404155731,0.11415305733680725,0.021036358550190926,1.0,2.168278455734253,2.231841802597046,2.255988359451294,0.0,5.0,0.0,0.0,0.0,0.0,0.0,0.0,,,,,,,,,,,,,,,,,,,,,,0.001
7,2160,train,0.14410561323165894,0.11993838101625443,0.12083613127470016,0.0,0.0,0.0,0.0,0.0,0.0,0.0,0.0,0.0,0.0,0.0,0.0,0.0,0.0,0.0,0.0,0.0,0.0,0.0,0.0,0.0,0.0,0.0,0.0,1.0,0.05468153953552246,0.05468153953552246,0.05465186387300491,0.0,0.018222514539957047,0.45020270347595215,1.0,0.0,1.0,0.0,0.0,0.06806124001741409,0.0,0.0,0.0,0.0,0.16599056124687195,0.11928503215312958,0.002071074675768614,0.5902540683746338,0.2743551433086395,0.0,0.0,0.0,0.0,0.0,0.0,0.0,0.0,1.0,0.0,0.003733895719051361,0.33298325538635254,0.16879220306873322,0.01940341852605343,0.0,0.12083613127470016,0.11993838101625443,0.11993838101625443,0.11813673377037048,0.0421285517513752,-7.046825623024944e-11,0.0,0.0,3.8828866481781006,3.8828866481781006,0.9757518172264099,0.9757518172264099,0.45173367857933044,0.0,0.0,0.0,0.0,0.16599059104919434,0.23371285200119019,4.8412221076432616e-06,0.9913826584815979,0.2743551433086395,0.11083027720451355,1.0143241882324219,0.9830449223518372,0.9757518172264099,0.9907073974609375,0.45020270347595215,0.10834507644176483,0.018925726413726807,1.0,2.210461139678955,2.3086800575256348,2.2617344856262207,0.0,5.0,0.0,0.0,0.0,0.0,0.0,0.0,,,,,,,,,,,,,,,,,,,,,,0.001
7,2180,train,0.13344186544418335,0.11108244210481644,0.11179711669683456,0.0,0.0,0.0,0.0,0.0,0.0,0.0,0.0,0.0,0.0,0.0,0.0,0.0,0.0,0.0,0.0,0.0,0.0,0.0,0.0,0.0,0.0,0.0,0.0,1.0,0.04507738724350929,0.045077383518218994,0.044999223202466965,0.0,0.01758355274796486,0.45139554142951965,1.0,0.0,1.0,0.0,0.0,0.08035892248153687,0.0,0.0,0.0,0.0,0.1571529507637024,0.11467915028333664,0.004721504170447588,0.47643011808395386,0.25369980931282043,0.0,0.0,0.0,0.0,0.0,0.0,0.0,0.0,1.0,0.0,0.0029611678328365088,0.3184255361557007,0.16926030814647675,0.019919011741876602,0.0,0.11179711669683456,0.11108244210481644,0.11108244210481644,0.11243577301502228,0.0618247389793396,2.723006264915284e-10,0.0,0.0,3.7892520427703857,3.7892520427703857,0.9863777160644531,0.9863777160644531,0.4224235713481903,0.0,0.0,0.0,0.0,0.1571529656648636,0.23582322895526886,4.903401986666722e-06,0.9958989024162292,0.25369980931282043,0.10306373238563538,0.9643983244895935,0.9934650659561157,0.9863777160644531,0.9216324687004089,0.45139554142951965,0.1083141341805458,0.018165649846196175,1.0,2.1900863647460938,2.2732033729553223,2.1955490112304688,0.0,5.0,0.0,0.0,0.0,0.0,0.0,0.0,,,,,,,,,,,,,,,,,,,,,,0.001
7,2200,train,0.1281365305185318,0.10667023062705994,0.1073315218091011,0.0,0.0,0.0,0.0,0.0,0.0,0.0,0.0,0.0,0.0,0.0,0.0,0.0,0.0,0.0,0.0,0.0,0.0,0.0,0.0,0.0,0.0,0.0,0.0,1.0,0.04781283438205719,0.04781283065676689,0.047779906541109085,0.0,0.018499791622161865,0.4531354606151581,1.0,0.0,1.0,0.0,0.0,0.09511463344097137,0.0,0.0,0.0,0.0,0.1359792798757553,0.10078204423189163,0.004058988764882088,0.451552152633667,0.2361879050731659,0.0,0.0,0.0,0.0,0.0,0.0,0.0,0.0,1.0,0.0,0.0034783820156008005,0.32616716623306274,0.16081668436527252,0.022181836888194084,0.0,0.1073315218091011,0.10667023062705994,0.10667023062705994,0.1048976257443428,0.05845842882990837,-2.782429842085321e-10,0.0,0.0,3.9527587890625,3.9527587890625,0.9376484751701355,0.9376484751701355,0.4030954837799072,0.0,0.0,0.0,0.0,0.1359792947769165,0.21621990203857422,2.153766445189831e-06,0.9895268678665161,0.2361879050731659,0.08005515486001968,0.9562893509864807,0.9454746246337891,0.9376484751701355,0.9855406284332275,0.4531354606151581,0.11030951142311096,0.01915900409221649,1.0,2.1606030464172363,2.175497531890869,2.1583614349365234,0.0,5.0,0.0,0.0,0.0,0.0,0.0,0.0,,,,,,,,,,,,,,,,,,,,,,0.001
7,2220,train,0.12390974164009094,0.10316778719425201,0.10370978713035583,0.0,0.0,0.0,0.0,0.0,0.0,0.0,0.0,0.0,0.0,0.0,0.0,0.0,0.0,0.0,0.0,0.0,0.0,0.0,0.0,0.0,0.0,0.0,0.0,1.0,0.053848229348659515,0.053848229348659515,0.053813084959983826,0.0,0.018190089613199234,0.45371735095977783,1.0,0.0,1.0,0.0,0.0,0.06131879985332489,0.0,0.0,0.0,0.0,0.13563473522663116,0.09775424748659134,0.003944908734411001,0.4443184733390808,0.24789322912693024,0.0,0.0,0.0,0.0,0.0,0.0,0.0,0.0,1.0,0.0,0.001871012500487268,0.3146277070045471,0.16521476209163666,0.021403707563877106,0.0,0.10370978713035583,0.10316778719425201,0.10316778719425201,0.09420814365148544,0.04093898460268974,8.824466851686807e-11,0.0,0.0,3.8969576358795166,3.8969576358795166,0.9701910018920898,0.9701910018920898,0.361554354429245,0.0,0.0,0.0,0.0,0.13563475012779236,0.2068852037191391,1.8430054069540347e-06,0.986362636089325,0.24789322912693024,0.08195465803146362,0.9755195379257202,0.9757950305938721,0.9701910018920898,0.9959841966629028,0.45371735095977783,0.11171583831310272,0.01975555717945099,1.0,2.15041446685791,2.228161334991455,2.2724087238311768,0.0,5.0,0.0,0.0,0.0,0.0,0.0,0.0,,,,,,,,,,,,,,,,,,,,,,0.001
7,2240,train,0.1318432241678238,0.1096130907535553,0.11115063726902008,0.0,0.0,0.0,0.0,0.0,0.0,0.0,0.0,0.0,0.0,0.0,0.0,0.0,0.0,0.0,0.0,0.0,0.0,0.0,0.0,0.0,0.0,0.0,0.0,1.0,0.04292818531394005,0.04292818531394005,0.04291230067610741,0.0,0.018030835315585136,0.45021820068359375,1.0,0.0,1.0,0.0,0.0,0.08169174194335938,0.0,0.0,0.0,0.0,0.16924458742141724,0.10452817380428314,0.004458392038941383,0.46861690282821655,0.29083019495010376,0.0,0.0,0.0,0.0,0.0,0.0,0.0,0.0,1.0,0.0,0.0038704238831996918,0.315548837184906,0.1517605483531952,0.02000197023153305,0.0,0.11115063726902008,0.1096130907535553,0.1096130907535553,0.11780348420143127,0.059632424265146255,-6.887683479117612e-11,0.0,0.0,4.057150363922119,4.057150363922119,0.929361879825592,0.929361879825592,0.45801842212677,0.0,0.0,0.0,0.0,0.16924458742141724,0.22487150132656097,1.0644681424309965e-05,0.9855361580848694,0.29083019495010376,0.09825368225574493,0.9679610729217529,0.9347464442253113,0.929361879825592,0.9129625558853149,0.45021820068359375,0.11100839078426361,0.01893114298582077,1.0,2.152294158935547,2.2158632278442383,2.1942384243011475,0.0,5.0,0.0,0.0,0.0,0.0,0.0,0.0,,,,,,,,,,,,,,,,,,,,,,0.001
7,2260,train,0.1321260929107666,0.10970858484506607,0.11208752542734146,0.0,0.0,0.0,0.0,0.0,0.0,0.0,0.0,0.0,0.0,0.0,0.0,0.0,0.0,0.0,0.0,0.0,0.0,0.0,0.0,0.0,0.0,0.0,0.0,1.0,0.046755217015743256,0.04675521329045296,0.04666818305850029,0.0,0.019295578822493553,0.45234280824661255,1.0,0.0,1.0,0.0,0.0,0.08255382627248764,0.0,0.0,0.0,0.0,0.1295417845249176,0.1069987341761589,0.006476977374404669,0.4887906014919281,0.2223099023103714,0.0,0.0,0.0,0.0,0.0,0.0,0.0,0.0,1.0,0.0,0.004706969950348139,0.31670859456062317,0.17033803462982178,0.017993932589888573,0.0,0.11208752542734146,0.10970858484506607,0.10970858484506607,0.10602753609418869,0.04149326682090759,2.2893959297776156e-11,0.0,0.0,4.101829528808594,4.101829528808594,0.9932383298873901,0.9932383298873901,0.4115293622016907,0.0,0.0,0.0,0.0,0.1295417994260788,0.21514162421226501,4.860082299273927e-06,0.9905778169631958,0.2223099023103714,0.08264400064945221,1.0650674104690552,0.9949855208396912,0.9932383298873901,0.9575572609901428,0.45234280824661255,0.10954465717077255,0.018906021490693092,1.0,2.2031331062316895,2.2435097694396973,2.2924225330352783,0.0,5.0,0.0,0.0,0.0,0.0,0.0,0.0,,,,,,,,,,,,,,,,,,,,,,0.001
7,2280,train,0.12713971734046936,0.10588648170232773,0.10626619309186935,0.0,0.0,0.0,0.0,0.0,0.0,0.0,0.0,0.0,0.0,0.0,0.0,0.0,0.0,0.0,0.0,0.0,0.0,0.0,0.0,0.0,0.0,0.0,0.0,1.0,0.04530241712927818,0.04530241712927818,0.04526158794760704,0.0,0.01891355589032173,0.45296332240104675,1.0,0.0,1.0,0.0,0.0,0.09967309236526489,0.0,0.0,0.0,0.0,0.2016487717628479,0.12886807322502136,0.0034194565378129482,0.5325556397438049,0.2961885631084442,0.0,0.0,0.0,0.0,0.0,0.0,0.0,0.0,1.0,0.0,0.0005736236926168203,0.3201451897621155,0.1581757664680481,0.018264438956975937,0.0,0.10626619309186935,0.10588648170232773,0.10588648170232773,0.10087735205888748,0.07239339500665665,-9.801599809566852e-11,0.0,0.0,4.10361385345459,4.10361385345459,0.9308847784996033,0.9308847784996033,0.41121208667755127,0.0,0.0,0.0,0.0,0.2016487717628479,0.26307493448257446,1.1625843399087898e-05,0.9873277544975281,0.2961885631084442,0.16308212280273438,0.9653723239898682,0.93670654296875,0.9308847784996033,0.9297288060188293,0.45296332240104675,0.11077365279197693,0.018114345148205757,1.0,2.3457164764404297,2.271890163421631,2.257964849472046,0.0,5.0,0.0,0.0,0.0,0.0,0.0,0.0,,,,,,,,,,,,,,,,,,,,,,0.001
7,2300,train,0.12413252890110016,0.10332193970680237,0.10405293852090836,0.0,0.0,0.0,0.0,0.0,0.0,0.0,0.0,0.0,0.0,0.0,0.0,0.0,0.0,0.0,0.0,0.0,0.0,0.0,0.0,0.0,0.0,0.0,0.0,1.0,0.04451238736510277,0.04451237991452217,0.04452965781092644,0.0,0.01822649873793125,0.45248210430145264,1.0,0.0,1.0,0.0,0.0,0.10071390867233276,0.0,0.0,0.0,0.0,0.16115474700927734,0.10610558837652206,0.0025052367709577084,0.48475298285484314,0.2524827718734741,0.0,0.0,0.0,0.0,0.0,0.0,0.0,0.0,1.0,0.0,0.003953126259148121,0.3293924331665039,0.16030320525169373,0.01647384837269783,0.0,0.10405293852090836,0.10332193970680237,0.10332193970680237,0.10929270833730698,0.07675449550151825,1.3770945104726873e-12,0.0,0.0,3.9812731742858887,3.9812731742858887,0.9354394674301147,0.9354394674301147,0.44374266266822815,0.0,0.0,0.0,0.0,0.16115474700927734,0.2373080998659134,8.036658414312114e-07,0.9863225221633911,0.2524827718734741,0.1172487810254097,0.9858073592185974,0.9373575448989868,0.9354394674301147,0.9123740196228027,0.45248210430145264,0.11050811409950256,0.018661314621567726,1.0,2.210984706878662,2.26602840423584,2.305701971054077,0.0,5.0,0.0,0.0,0.0,0.0,0.0,0.0,,,,,,,,,,,,,,,,,,,,,,0.001
7,2320,train,0.11334948986768723,0.09442472457885742,0.09462381154298782,0.0,0.0,0.0,0.0,0.0,0.0,0.0,0.0,0.0,0.0,0.0,0.0,0.0,0.0,0.0,0.0,0.0,0.0,0.0,0.0,0.0,0.0,0.0,0.0,1.0,0.04674765467643738,0.046747658401727676,0.046643126755952835,0.0,0.018745988607406616,0.45147767663002014,1.0,0.0,1.0,0.0,0.0,0.0648990198969841,0.0,0.0,0.0,0.0,0.1262792944908142,0.08463352173566818,0.0034792721271514893,0.39191222190856934,0.22732071578502655,0.0,0.0,0.0,0.0,0.0,0.0,0.0,0.0,1.0,0.0,0.0021006078459322453,0.32083597779273987,0.1596435010433197,0.016487613320350647,0.0,0.09462381154298782,0.09442472457885742,0.09442472457885742,0.09423117339611053,0.051883764564991,-2.6131311003929625e-10,0.0,0.0,3.975984573364258,3.975984573364258,0.9263939261436462,0.9263939261436462,0.3606415092945099,0.0,0.0,0.0,0.0,0.1262793093919754,0.20664463937282562,1.0166545507672708e-06,0.9960504174232483,0.22732071578502655,0.07408088445663452,0.9781673550605774,0.930546224117279,0.9263939261436462,0.9460514783859253,0.45147767663002014,0.11154050379991531,0.019007090479135513,1.0,2.1294922828674316,2.238708972930908,2.2333874702453613,0.0,5.0,0.0,0.0,0.0,0.0,0.0,0.0,,,,,,,,,,,,,,,,,,,,,,0.001
7,2338,train_epoch,0.12893673933730154,0.10729700237691045,0.1081986820358716,0.0,0.0,0.0,0.0,0.0,0.0,0.0,0.0,0.0,0.0,0.0,0.0,0.0,0.0,0.0,0.0,0.0,0.0,0.0,0.0,0.0,0.0,0.0,0.0,1.0,0.0475250081477051,0.047525008315008554,0.047477243925461515,0.0,0.018848600351212625,0.4520844879621517,1.0,0.0,1.0,0.0,0.0,0.0785733975447759,0.0,0.0,0.0,0.0,0.15121990714422956,0.09868728561315708,0.005272357504324106,0.4536901112802014,0.26122780278057395,0.0,0.0,0.0,0.0,0.0,0.0,0.0,0.0,1.0,0.0,0.0032144937686751805,0.31802132377724446,0.1605300521422289,0.0200268919496033,0.0,0.1081986820358716,0.10729700237691045,0.10729700237691045,0.102804747527231,0.05684517195147133,1.3027579782207555e-11,0.0,0.0,4.02400600053593,4.024006021950773,0.9463319757027541,0.9463319757027541,0.4122092025187201,0.0,0.0,0.0,0.0,0.15121991845394323,0.218944772587208,8.019049505287921e-06,0.9847503322327208,0.26122780278057395,0.09553453412107722,1.008376533578256,0.9487335326785813,0.9463319757027541,0.9432097603817899,0.4520844879621517,0.10863542119542996,0.018675956406636152,1.0,2.2548985459847364,2.2531288762292463,2.253620688786764,0.0,5.0,0.0,0.0,0.0,0.0,0.0,0.0,,,,,,,,,,,,,,,,,,,,,,0.001
7,2338,val,,,,,,,,,,,,,,,,,,,,,,,,,,,,,,,,,,,,,,,,,,,,,,,,,,,,,,,,,,,,,,,,,,,,,,,,,,,,,,,,,,,,,,,,,,,,,,,,,,,,,,,,,,,75.39681363105774,13273.952462332589,115.21264020207413,142.20143951688493,41.42422224794115,15.165400790316719,24.434788886290132,12.153381164584841,7.124323112624032,75.32428162438529,89.95109302235618,165.1759856769017,44.236534101622446,135.40827785219466,162.67905673055895,286.4613192422049,79.0777325970786,75.39681363105774,115.21264020207413,142.20143951688493,41.42422224794115,0.001
