epoch,step,split,total_loss,pred_loss,inv_loss,gate_loss,swap_loss,swap_diff_loss,swap_same_loss,kl_loss,effective_lambda_kl,effective_lambda_envpred,effective_lambda_future_mi,effective_lambda_swap,effective_lambda_sep,effective_lambda_mask_sparse,aux_schedule_factor,ind_loss,sparse_loss,entropy_loss,residual_norm_loss,env_consistency_loss,z_cons_loss,y_cons_loss,effective_lambda_z_cons,effective_lambda_y_cons,persistence_mi_loss,envpred_loss,future_mi_loss,future_mi_type,env_fut_nll,env_fut_nll_plus,env_fut_nll_minus,env_fut_kl,pred_fut_logvar_mean,pred_fut_mu_norm,future_mi_valid,sep_loss,sep_mi_type,club_upper_bound,club_fit_nll,cross_cov_loss,hsic_loss,rank_loss,mask_sparse_loss,effective_lambda_persistence_mi,rho_mean,rho_std,rho_min,rho_max,rho_entropy,delta_gain_mean,delta_gain_std,delta_gain_pos_ratio,s_gain_mean,persist_score_mean,persist_score_std,s_persist_mean,s_gate_mean,persistence_valid,potential_gain_mean,swap_delta_mean,swap_weight_mean,env_mu_abs_mean,env_std_mean,r_env_abs_mean,y_inv_mae,y_potential_mae,y_hat_mae,sep_projection_ratio,sep_cos_z_env_before,sep_cos_z_env_after,sep_lowrank_energy_ratio,sep_residual_norm,sep_z_raw_norm,sep_z_inv_norm,sep_env_raw_norm,sep_env_norm,sep_proj_norm,sep_basis_rank,sep_svd_top_singular_mean,sep_lowrank_rank,sep_env_residual_norm,mask_mean,mask_std,mask_min,mask_max,mask_entropy,mask_active_ratio,env_plus_norm,env_minus_norm,env_hist_norm,env_fut_norm,env_fut_pred_norm,fusion_gamma_abs_mean,fusion_beta_abs_mean,timestamp_valid,cur_time_emb_norm,seq_time_emb_norm,future_time_emb_norm,backbone_aux_loss,grad_consensus/agree_mean,grad_consensus/agree_std,grad_consensus/agree_min,grad_consensus/agree_max,grad_consensus/rho_mean,grad_consensus/rho_max,grad_consensus/using_fallback_z_inv,grad_consensus/ema_agree_mean,curriculum_horizon,cast_vq_loss,cast_commit_loss,cast_mi_loss,stone_graph_perturb_loss,stone_spatial_graph_entropy,stone_temporal_graph_entropy,val_mae,val_mse,val_rmse,val_mape,val_wape,val_mae_h3,val_rmse_h3,val_mape_h3,val_wape_h3,val_mae_h6,val_rmse_h6,val_mape_h6,val_wape_h6,val_mae_h12,val_rmse_h12,val_mape_h12,val_wape_h12,val_mae_avg12,val_rmse_avg12,val_mape_avg12,val_wape_avg12,lr
1,20,train,0.2185392826795578,0.1821153163909912,0.18211984634399414,0.0,0.0,0.0,0.0,0.0,0.0,0.0,0.0,0.0,0.0,0.0,0.0,0.0,0.0,0.0,0.0,0.0,0.0,0.0,0.0,0.0,0.0,0.0,0.0,1.0,0.49728715419769287,0.49728718400001526,0.49730831384658813,0.0,0.009506919421255589,0.5050029754638672,1.0,0.0,1.0,0.0,0.0,0.00016243706340901554,0.0,0.0,0.0,0.0,0.002913039643317461,0.0005182374734431505,0.0016486773965880275,0.005919348448514938,0.01973959431052208,0.0,0.0,0.0,0.0,0.0,0.0,0.0,0.0,1.0,0.0,3.2070099678094266e-06,0.4631841480731964,0.0705847516655922,0.9897217750549316,0.0,0.18211984634399414,0.1821153163909912,0.1821153163909912,0.07254952192306519,-0.0048217992298305035,2.46262538139419e-10,0.0,0.0,4.026154041290283,4.026154041290283,1.666983962059021,1.666983962059021,0.2804918587207794,0.0,0.0,0.0,0.0,0.0029130398761481047,0.0010514389723539352,0.0004355911223683506,0.013804437592625618,0.01973959431052208,0.0,1.7486834526062012,1.667000651359558,1.666983962059021,1.6621536016464233,0.5050029754638672,0.0,0.006187790539115667,1.0,3.183892250061035,3.1613128185272217,3.1509413719177246,0.0,0.0,0.0,0.0,0.0,0.0,0.0,0.0,0.0,3.0,0.0,0.0,0.0,0.0,0.0,0.0,,,,,,,,,,,,,,,,,,,,,,0.001
1,40,train,0.18043477833271027,0.15036141872406006,0.15036681294441223,0.0,0.0,0.0,0.0,0.0,0.0,0.0,0.0,0.0,0.0,0.0,0.0,0.0,0.0,0.0,0.0,0.0,0.0,0.0,0.0,0.0,0.0,0.0,0.0,1.0,0.4933111369609833,0.4933111369609833,0.4933203458786011,0.0,0.010118353180587292,0.5032089352607727,1.0,0.0,1.0,0.0,0.0,0.00015862486907280982,0.0,0.0,0.0,0.0,0.0027391163166612387,0.0004247446486260742,0.001587257138453424,0.004840373992919922,0.0187156293541193,0.0,0.0,0.0,0.0,0.0,0.0,0.0,0.0,1.0,0.0,-3.0554249974557024e-07,0.46377578377723694,0.07351397722959518,0.9850247502326965,0.0,0.15036681294441223,0.15036141872406006,0.15036141872406006,0.05847712233662605,0.00045103844604454935,-1.033792149107704e-10,0.0,0.0,4.075294494628906,4.075294494628906,1.6626993417739868,1.6626993417739868,0.22149239480495453,0.0,0.0,0.0,0.0,0.002739116083830595,0.001029818202368915,0.00046108587412163615,0.012817134149372578,0.0187156293541193,0.0,1.763592004776001,1.6627087593078613,1.6626993417739868,1.662467122077942,0.5032089352607727,0.0,0.004953844007104635,1.0,2.9413318634033203,3.0013339519500732,3.052121639251709,0.0,0.0,0.0,0.0,0.0,0.0,0.0,0.0,0.0,3.0,0.0,0.0,0.0,0.0,0.0,0.0,,,,,,,,,,,,,,,,,,,,,,0.001
1,60,train,0.16553743183612823,0.13794827461242676,0.1379457712173462,0.0,0.0,0.0,0.0,0.0,0.0,0.0,0.0,0.0,0.0,0.0,0.0,0.0,0.0,0.0,0.0,0.0,0.0,0.0,0.0,0.0,0.0,0.0,0.0,1.0,0.48765793442726135,0.48765793442726135,0.4877063035964966,0.0,0.009368160739541054,0.5058294534683228,1.0,0.0,1.0,0.0,0.0,0.00042342834058217704,0.0,0.0,0.0,0.0,0.002847307361662388,0.0005244275089353323,0.0015594920841977,0.005848702974617481,0.01930512860417366,0.0,0.0,0.0,0.0,0.0,0.0,0.0,0.0,1.0,0.0,6.78214917115838e-07,0.4521331489086151,0.0823611319065094,0.977401614189148,0.0,0.1379457712173462,0.13794827461242676,0.13794827461242676,0.05922520160675049,-0.0075989761389791965,1.0523705518128423e-10,0.0,0.0,4.108497142791748,4.108497142791748,1.6722965240478516,1.6722965240478516,0.22081200778484344,0.0,0.0,0.0,0.0,0.002847307361662388,0.0011896920623257756,0.00043019032455049455,0.023268558084964752,0.01930512860417366,0.0,1.7866592407226562,1.6723105907440186,1.6722965240478516,1.6705803871154785,0.5058294534683228,0.0,0.004086684435606003,1.0,3.1225476264953613,3.094435691833496,3.0215883255004883,0.0,0.0,0.0,0.0,0.0,0.0,0.0,0.0,0.0,3.0,0.0,0.0,0.0,0.0,0.0,0.0,,,,,,,,,,,,,,,,,,,,,,0.001
1,80,train,0.1509796679019928,0.12581829726696014,0.12580682337284088,0.0,0.0,0.0,0.0,0.0,0.0,0.0,0.0,0.0,0.0,0.0,0.0,0.0,0.0,0.0,0.0,0.0,0.0,0.0,0.0,0.0,0.0,0.0,0.0,1.0,0.48039403557777405,0.48039403557777405,0.48047083616256714,0.0,0.010129318572580814,0.5078995227813721,1.0,0.0,1.0,0.0,0.0,0.0003651330480352044,0.0,0.0,0.0,0.0,0.002963430481031537,0.0005275045405142009,0.0015498119173571467,0.006029910407960415,0.019957121461629868,0.0,0.0,0.0,0.0,0.0,0.0,0.0,0.0,1.0,0.0,-1.060160570887092e-06,0.4401558041572571,0.09336325526237488,0.9686137437820435,0.0,0.12580682337284088,0.12581829726696014,0.12581829726696014,0.05504938215017319,-0.008885946124792099,1.1335030136727653e-10,0.0,0.0,3.9910199642181396,3.9910199642181396,1.6806604862213135,1.6806604862213135,0.19974356889724731,0.0,0.0,0.0,0.0,0.002963430481031537,0.0012829236220568419,0.00038814160507172346,0.01659056358039379,0.019957121461629868,0.0,1.8030455112457275,1.6806766986846924,1.6806604862213135,1.6790064573287964,0.5078995227813721,0.0,0.0036447476595640182,1.0,3.107616424560547,3.0791633129119873,3.060729503631592,0.0,0.0,0.0,0.0,0.0,0.0,0.0,0.0,0.0,3.0,0.0,0.0,0.0,0.0,0.0,0.0,,,,,,,,,,,,,,,,,,,,,,0.001
1,100,train,0.187372088432312,0.15614429116249084,0.15613900125026703,0.0,0.0,0.0,0.0,0.0,0.0,0.0,0.0,0.0,0.0,0.0,0.0,0.0,0.0,0.0,0.0,0.0,0.0,0.0,0.0,0.0,0.0,0.0,0.0,1.0,0.4712604880332947,0.4712604880332947,0.4713364243507385,0.0,0.009027903899550438,0.5018237233161926,1.0,0.0,1.0,0.0,0.0,0.0004816639411728829,0.0,0.0,0.0,0.0,0.002831084653735161,0.0005375657347030938,0.0014149602502584457,0.006056658923625946,0.019174113869667053,0.0,0.0,0.0,0.0,0.0,0.0,0.0,0.0,1.0,0.0,1.110295556827623e-06,0.4248378574848175,0.10440975427627563,0.9588793516159058,0.0,0.15613900125026703,0.15614429116249084,0.15614429116249084,0.05196988210082054,-6.932688847882673e-05,8.773796272842915e-11,0.0,0.0,3.738469362258911,3.738469362258911,1.6947300434112549,1.6947300434112549,0.17909106612205505,0.0,0.0,0.0,0.0,0.002831084653735161,0.0012809268664568663,0.00040369221824221313,0.017034567892551422,0.019174113869667053,0.0,1.8165147304534912,1.6947669982910156,1.6947300434112549,1.6913352012634277,0.5018237233161926,0.0,0.0033685415983200073,1.0,3.0134263038635254,2.9891161918640137,3.0541398525238037,0.0,0.0,0.0,0.0,0.0,0.0,0.0,0.0,0.0,3.0,0.0,0.0,0.0,0.0,0.0,0.0,,,,,,,,,,,,,,,,,,,,,,0.001
1,120,train,0.21683910489082336,0.18070021271705627,0.18069443106651306,0.0,0.0,0.0,0.0,0.0,0.0,0.0,0.0,0.0,0.0,0.0,0.0,0.0,0.0,0.0,0.0,0.0,0.0,0.0,0.0,0.0,0.0,0.0,0.0,1.0,0.4618726670742035,0.4618726670742035,0.46192339062690735,0.0,0.009556637145578861,0.4983116388320923,1.0,0.0,1.0,0.0,0.0,0.0005213100230321288,0.0,0.0,0.0,0.0,0.002751353895291686,0.0005387449637055397,0.0012916030827909708,0.006258984096348286,0.018689770251512527,0.0,0.0,0.0,0.0,0.0,0.0,0.0,0.0,1.0,0.0,1.2540292004814546e-07,0.4058625102043152,0.11748611181974411,0.9467969536781311,0.0,0.18069443106651306,0.18070021271705627,0.18070021271705627,0.04550633952021599,-0.0028097371105104685,1.6875437158780926e-10,0.0,0.0,3.9945435523986816,3.9945435523986816,1.7110610008239746,1.7110610008239746,0.16452190279960632,0.0,0.0,0.0,0.0,0.002751353895291686,0.0013123671524226665,0.0003567751555237919,0.021909628063440323,0.018689770251512527,0.0,1.8330492973327637,1.7111238241195679,1.7110610008239746,1.7112913131713867,0.4983116388320923,0.0,0.00293175783008337,1.0,2.8602633476257324,2.9846792221069336,3.0034408569335938,0.0,0.0,0.0,0.0,0.0,0.0,0.0,0.0,0.0,3.0,0.0,0.0,0.0,0.0,0.0,0.0,,,,,,,,,,,,,,,,,,,,,,0.001
1,140,train,0.21438854932785034,0.17865842580795288,0.1786506175994873,0.0,0.0,0.0,0.0,0.0,0.0,0.0,0.0,0.0,0.0,0.0,0.0,0.0,0.0,0.0,0.0,0.0,0.0,0.0,0.0,0.0,0.0,0.0,0.0,1.0,0.45052972435951233,0.45052972435951233,0.45064377784729004,0.0,0.00915303360670805,0.4993593692779541,1.0,0.0,1.0,0.0,0.0,0.0011230286909267306,0.0,0.0,0.0,0.0,0.002618966158479452,0.0005137448315508664,0.0013358311261981726,0.005378346890211105,0.017911363393068314,0.0,0.0,0.0,0.0,0.0,0.0,0.0,0.0,1.0,0.0,-1.682161041571817e-06,0.3747556507587433,0.1368505209684372,0.9303770065307617,0.0,0.1786506175994873,0.17865842580795288,0.17865842580795288,0.04350613057613373,-0.0005192749085836112,-8.19858694822706e-11,0.0,0.0,4.376712799072266,4.376712799072266,1.7501490116119385,1.7501490116119385,0.16951878368854523,0.0,0.0,0.0,0.0,0.002618966158479452,0.0012679863721132278,0.000308091810438782,0.018562842160463333,0.017911363393068314,0.0,1.8600267171859741,1.7502398490905762,1.7501490116119385,1.7551647424697876,0.4993593692779541,0.0,0.0029942868277430534,1.0,2.949850082397461,2.976194143295288,2.963090419769287,0.0,0.0,0.0,0.0,0.0,0.0,0.0,0.0,0.0,3.0,0.0,0.0,0.0,0.0,0.0,0.0,,,,,,,,,,,,,,,,,,,,,,0.001
1,160,train,0.18450196087360382,0.1537511795759201,0.15375393629074097,0.0,0.0,0.0,0.0,0.0,0.0,0.0,0.0,0.0,0.0,0.0,0.0,0.0,0.0,0.0,0.0,0.0,0.0,0.0,0.0,0.0,0.0,0.0,0.0,1.0,0.4424441158771515,0.4424441158771515,0.44259339570999146,0.0,0.00918041542172432,0.5030874609947205,1.0,0.0,1.0,0.0,0.0,0.001118411892093718,0.0,0.0,0.0,0.0,0.0026034414768218994,0.0005505990120582283,0.0010939989006146789,0.006178397219628096,0.017771493643522263,0.0,0.0,0.0,0.0,0.0,0.0,0.0,0.0,1.0,0.0,-8.594357154834142e-07,0.3578484356403351,0.14647667109966278,0.9188442230224609,0.0,0.15375393629074097,0.1537511795759201,0.1537511795759201,0.04308748617768288,-0.0027917686384171247,-2.643464613871771e-11,0.0,0.0,4.289887428283691,4.289887428283691,1.7765711545944214,1.7765711545944214,0.16260284185409546,0.0,0.0,0.0,0.0,0.002603441709652543,0.0013840430183336139,0.0002475383225828409,0.020586051046848297,0.017771493643522263,0.0,1.890128493309021,1.7767068147659302,1.7765711545944214,1.775776982307434,0.5030874609947205,0.0,0.002826317213475704,1.0,3.0438790321350098,2.9731202125549316,2.9842886924743652,0.0,0.0,0.0,0.0,0.0,0.0,0.0,0.0,0.0,3.0,0.0,0.0,0.0,0.0,0.0,0.0,,,,,,,,,,,,,,,,,,,,,,0.001
1,167,train_epoch,0.21028288824115685,0.17523604796496695,0.17523419468881127,0.0,0.0,0.0,0.0,0.0,0.0,0.0,0.0,0.0,0.0,0.0,0.0,0.0,0.0,0.0,0.0,0.0,0.0,0.0,0.0,0.0,0.0,0.0,0.0,1.0,0.4748768233610484,0.4748768246102476,0.4749514005498258,0.0,0.009610695245781701,0.5021423369110701,1.0,0.0,1.0,0.0,0.0,0.0004837101668800495,0.0,0.0,0.0,0.0,0.002802191458330183,0.0004947010051629166,0.0015221391964848794,0.005548163428679555,0.019028330467150596,0.0,0.0,0.0,0.0,0.0,0.0,0.0,0.0,1.0,0.0,3.899398103680915e-08,0.4269205021287153,0.1003544010712715,0.9618811564531154,0.0,0.17523419468881127,0.17523604796496695,0.17523604796496695,0.05625044021331622,-0.00180459154669919,5.126312349971798e-12,0.0,0.0,4.015578052954759,4.015578052954759,1.6976313755183876,1.6976313755183876,0.20714682403081905,0.0,0.0,0.0,0.0,0.0028021914039565595,0.0011972158204089337,0.0004031974688962849,0.018107606309973552,0.019028330467150596,0.0,1.8064084688346542,1.6976727447110023,1.6976313755183876,1.6974847138284923,0.5021423369110701,0.0,0.003844899743025799,1.0,3.038791870642565,3.0385256013470494,3.038506552130876,0.0,0.0,0.0,0.0,0.0,0.0,0.0,0.0,0.0,3.0,0.0,0.0,0.0,0.0,0.0,0.0,,,,,,,,,,,,,,,,,,,,,,0.001
1,167,val,,,,,,,,,,,,,,,,,,,,,,,,,,,,,,,,,,,,,,,,,,,,,,,,,,,,,,,,,,,,,,,,,,,,,,,,,,,,,,,,,,,,,,,,,,,,,,,,,,,,,,,,,,,,,,,,,,,95.6879299708775,17596.720598493303,132.65263132894614,186.58778660637992,48.96025466918945,21.533316135406494,30.271930793078806,26.543613689286367,10.575889893940516,112.82959474836078,140.0612049452662,201.88430452346802,55.505845478602815,131.33845942361015,160.29012365374206,255.36155196598597,66.06500707353864,95.6879299708775,132.65263132894614,186.58778660637992,48.96025466918945,0.001
1,167,test,,,,,,,,,,,,,,,,,,,,,,,,,,,,,,,,,,,,,,,,,,,,,,,,,,,,,,,,,,,,,,,,,,,,,,,,,,,,,,,,,,,,,,,,,,,,,,,,,,,,,,,,,,,,,,,,,,,99.95485074179513,19334.360909598214,139.04805251997675,165.0538432257516,51.88662954739162,21.526963591575623,30.33847969490113,24.001693189144135,10.717021610055651,118.56143133980888,146.84810187779618,178.7930632999965,59.013863699776785,137.68193735395158,168.09549049390398,225.40872532980782,70.5706307547433,99.95485074179513,139.04805251997675,165.0538432257516,51.88662954739162,0.001
2,180,train,0.19043007493019104,0.15868088603019714,0.15874597430229187,0.0,0.0,0.0,0.0,0.0,0.0,0.0,0.0,0.0,0.0,0.0,0.0,0.0,0.0,0.0,0.0,0.0,0.0,0.0,0.0,0.0,0.0,0.0,0.0,1.0,0.4292108118534088,0.4292108118534088,0.4293753206729889,0.0,0.009668792597949505,0.5068382024765015,1.0,0.0,1.0,0.0,0.0,0.0054149627685546875,0.0,0.0,0.0,0.0,0.0024395484942942858,0.00048427251749671996,0.0012173268478363752,0.005205641966313124,0.016814958304166794,0.0,0.0,0.0,0.0,0.0,0.0,0.0,0.0,1.0,0.0,2.071390099445125e-06,0.2656276822090149,0.20196504890918732,0.8842470645904541,0.0,0.15874597430229187,0.15868088603019714,0.15868088603019714,0.05517579987645149,0.013509674929082394,-5.919970460024904e-13,0.0,0.0,4.145318984985352,4.14531946182251,2.0160224437713623,2.0160224437713623,0.22006633877754211,0.0,0.0,0.0,0.0,0.0024395480286329985,0.001292131608352065,0.00023365480592474341,0.023803213611245155,0.016814958304166794,0.0,2.086719512939453,2.0161938667297363,2.0160224437713623,2.0203135013580322,0.5068382024765015,0.0,0.0029737879522144794,1.0,3.039454936981201,2.954932689666748,2.9492740631103516,0.0,0.0,0.0,0.0,0.0,0.0,0.0,0.0,0.0,4.0,0.0,0.0,0.0,0.0,0.0,0.0,,,,,,,,,,,,,,,,,,,,,,0.001
2,200,train,0.1555343121290207,0.12961028516292572,0.12962016463279724,0.0,0.0,0.0,0.0,0.0,0.0,0.0,0.0,0.0,0.0,0.0,0.0,0.0,0.0,0.0,0.0,0.0,0.0,0.0,0.0,0.0,0.0,0.0,0.0,1.0,0.4808290898799896,0.4808290898799896,0.48095703125,0.0,0.009550634771585464,0.5084167718887329,1.0,0.0,1.0,0.0,0.0,0.0021015380043536425,0.0,0.0,0.0,0.0,0.0026592633221298456,0.0007454853621311486,0.0010504364036023617,0.007741391193121672,0.017874324694275856,0.0,0.0,0.0,0.0,0.0,0.0,0.0,0.0,1.0,0.0,7.554975582024781e-06,0.3908689618110657,0.11198391765356064,0.9651928544044495,0.0,0.12962016463279724,0.12961028516292572,0.12961028516292572,0.08101460337638855,-0.00610362458974123,5.904512989651778e-11,0.0,0.0,4.0128655433654785,4.0128655433654785,1.7846025228500366,1.7846025228500366,0.32904767990112305,0.0,0.0,0.0,0.0,0.0026592635549604893,0.0019319651182740927,0.00013498890621121973,0.04869893565773964,0.017874324694275856,0.0,2.0055906772613525,1.7847715616226196,1.7846025228500366,1.781134009361267,0.5084167718887329,0.0,0.006357703823596239,1.0,2.905552387237549,2.8936057090759277,2.87689208984375,0.0,0.0,0.0,0.0,0.0,0.0,0.0,0.0,0.0,4.0,0.0,0.0,0.0,0.0,0.0,0.0,,,,,,,,,,,,,,,,,,,,,,0.001
2,220,train,0.17598548531532288,0.14665594696998596,0.14664772152900696,0.0,0.0,0.0,0.0,0.0,0.0,0.0,0.0,0.0,0.0,0.0,0.0,0.0,0.0,0.0,0.0,0.0,0.0,0.0,0.0,0.0,0.0,0.0,0.0,1.0,0.481252521276474,0.4812525808811188,0.48128968477249146,0.0,0.00952092930674553,0.507903516292572,1.0,0.0,1.0,0.0,0.0,0.0036749769933521748,0.0,0.0,0.0,0.0,0.0025260511320084333,0.0005569845670834184,0.0011750251287594438,0.00621210178360343,0.017191080376505852,0.0,0.0,0.0,0.0,0.0,0.0,0.0,0.0,1.0,0.0,7.876398740336299e-06,0.3884364366531372,0.11548713594675064,0.9652703404426575,0.0,0.14664772152900696,0.14665594696998596,0.14665594696998596,0.059960730373859406,-0.01701374165713787,6.52979684212518e-11,0.0,0.0,3.8222227096557617,3.8222227096557617,1.7937716245651245,1.7937716245651245,0.21832974255084991,0.0,0.0,0.0,0.0,0.0025260511320084333,0.00165126146748662,0.00012485083425417542,0.029639238491654396,0.017191080376505852,0.0,1.983074426651001,1.7939331531524658,1.7937716245651245,1.7958446741104126,0.507903516292572,0.0,0.005678247660398483,1.0,2.8639750480651855,2.8686180114746094,2.8619236946105957,0.0,0.0,0.0,0.0,0.0,0.0,0.0,0.0,0.0,4.0,0.0,0.0,0.0,0.0,0.0,0.0,,,,,,,,,,,,,,,,,,,,,,0.001
2,240,train,0.18157581984996796,0.15130260586738586,0.15136605501174927,0.0,0.0,0.0,0.0,0.0,0.0,0.0,0.0,0.0,0.0,0.0,0.0,0.0,0.0,0.0,0.0,0.0,0.0,0.0,0.0,0.0,0.0,0.0,0.0,1.0,0.47625482082366943,0.47625482082366943,0.4763336777687073,0.0,0.010086609981954098,0.502209484577179,1.0,0.0,1.0,0.0,0.0,0.0042203254997730255,0.0,0.0,0.0,0.0,0.0023778164759278297,0.0005059180548414588,0.001044592121616006,0.005465073045343161,0.01640031859278679,0.0,0.0,0.0,0.0,0.0,0.0,0.0,0.0,1.0,0.0,3.5577295420807786e-06,0.36340710520744324,0.1301475167274475,0.9577578902244568,0.0,0.15136605501174927,0.15130260586738586,0.15130260586738586,0.05214463546872139,-0.018540158867836,1.0403223421606711e-11,0.0,0.0,4.032660961151123,4.032660961151123,1.8408631086349487,1.8408631086349487,0.18983209133148193,0.0,0.0,0.0,0.0,0.0023778167087584734,0.0013852320844307542,0.00016894923464860767,0.035513702780008316,0.01640031859278679,0.0,1.974153757095337,1.8410226106643677,1.8408631086349487,1.838532567024231,0.502209484577179,0.0,0.004938176833093166,1.0,2.8127713203430176,2.814253807067871,2.818380355834961,0.0,0.0,0.0,0.0,0.0,0.0,0.0,0.0,0.0,4.0,0.0,0.0,0.0,0.0,0.0,0.0,,,,,,,,,,,,,,,,,,,,,,0.001
2,260,train,0.16110725700855255,0.13426059484481812,0.134233295917511,0.0,0.0,0.0,0.0,0.0,0.0,0.0,0.0,0.0,0.0,0.0,0.0,0.0,0.0,0.0,0.0,0.0,0.0,0.0,0.0,0.0,0.0,0.0,0.0,1.0,0.47085365653038025,0.47085365653038025,0.47092071175575256,0.0,0.009549202397465706,0.506940484046936,1.0,0.0,1.0,0.0,0.0,0.005123595707118511,0.0,0.0,0.0,0.0,0.002448124112561345,0.0005889019812457263,0.0011817633640021086,0.006322530563920736,0.016805550083518028,0.0,0.0,0.0,0.0,0.0,0.0,0.0,0.0,1.0,0.0,3.9134984035626985e-06,0.35912275314331055,0.13550922274589539,0.9509496688842773,0.0,0.134233295917511,0.13426059484481812,0.13426059484481812,0.04376586154103279,-0.014369969256222248,1.5992854610069607e-11,0.0,0.0,3.9849658012390137,3.9849660396575928,1.8528831005096436,1.8528831005096436,0.1564619392156601,0.0,0.0,0.0,0.0,0.002448124112561345,0.0014418743085116148,0.00015828039613552392,0.026337916031479836,0.016805550083518028,0.0,1.976434588432312,1.853054165840149,1.8528831005096436,1.8491185903549194,0.506940484046936,0.0,0.005131981801241636,1.0,2.8888022899627686,2.804672956466675,2.87467360496521,0.0,0.0,0.0,0.0,0.0,0.0,0.0,0.0,0.0,4.0,0.0,0.0,0.0,0.0,0.0,0.0,,,,,,,,,,,,,,,,,,,,,,0.001
2,280,train,0.15864506363868713,0.1322006732225418,0.132221981883049,0.0,0.0,0.0,0.0,0.0,0.0,0.0,0.0,0.0,0.0,0.0,0.0,0.0,0.0,0.0,0.0,0.0,0.0,0.0,0.0,0.0,0.0,0.0,0.0,1.0,0.46693819761276245,0.46693819761276245,0.46703392267227173,0.0,0.009250176139175892,0.5053237080574036,1.0,0.0,1.0,0.0,0.0,0.008423255756497383,0.0,0.0,0.0,0.0,0.0023979819379746914,0.000511675956659019,0.0010315796826034784,0.005229913629591465,0.016526388004422188,0.0,0.0,0.0,0.0,0.0,0.0,0.0,0.0,1.0,0.0,1.2120231986045837e-05,0.34113720059394836,0.1467645764350891,0.9427886009216309,0.0,0.132221981883049,0.1322006732225418,0.1322006732225418,0.04536039009690285,-0.016195794567465782,2.8427290035826225e-11,0.0,0.0,3.9027884006500244,3.9027884006500244,1.8891901969909668,1.8891901969909668,0.15970754623413086,0.0,0.0,0.0,0.0,0.002397982170805335,0.0013800320448353887,0.00020221348677296191,0.022272927686572075,0.016526388004422188,0.0,2.002779722213745,1.8893698453903198,1.8891901969909668,1.8906394243240356,0.5053237080574036,0.0,0.0049329157918691635,1.0,2.8461594581604004,2.7835261821746826,2.7807228565216064,0.0,0.0,0.0,0.0,0.0,0.0,0.0,0.0,0.0,4.0,0.0,0.0,0.0,0.0,0.0,0.0,,,,,,,,,,,,,,,,,,,,,,0.001
2,300,train,0.1376742124557495,0.11473318934440613,0.11470512300729752,0.0,0.0,0.0,0.0,0.0,0.0,0.0,0.0,0.0,0.0,0.0,0.0,0.0,0.0,0.0,0.0,0.0,0.0,0.0,0.0,0.0,0.0,0.0,0.0,1.0,0.46343329548835754,0.46343329548835754,0.46350279450416565,0.0,0.009611609391868114,0.5050483345985413,1.0,0.0,1.0,0.0,0.0,0.008066710084676743,0.0,0.0,0.0,0.0,0.002335375640541315,0.0004901826032437384,0.0010745637118816376,0.00604773685336113,0.016151005402207375,0.0,0.0,0.0,0.0,0.0,0.0,0.0,0.0,1.0,0.0,-7.653039574506693e-06,0.3221006393432617,0.15800286829471588,0.9350160360336304,0.0,0.11470512300729752,0.11473318934440613,0.11473318934440613,0.04428061470389366,-0.012672701850533485,-8.001259377277137e-11,0.0,0.0,3.9722509384155273,3.9722509384155273,1.9284610748291016,1.9284610748291016,0.15254952013492584,0.0,0.0,0.0,0.0,0.002335375640541315,0.0013536220649257302,0.0002066101151285693,0.04138007387518883,0.016151005402207375,0.0,2.0339863300323486,1.9286516904830933,1.9284610748291016,1.9343781471252441,0.5050483345985413,0.0,0.00522797554731369,1.0,2.8168115615844727,2.8281168937683105,2.81162166595459,0.0,0.0,0.0,0.0,0.0,0.0,0.0,0.0,0.0,4.0,0.0,0.0,0.0,0.0,0.0,0.0,,,,,,,,,,,,,,,,,,,,,,0.001
2,320,train,0.18616323173046112,0.1551479548215866,0.15507641434669495,0.0,0.0,0.0,0.0,0.0,0.0,0.0,0.0,0.0,0.0,0.0,0.0,0.0,0.0,0.0,0.0,0.0,0.0,0.0,0.0,0.0,0.0,0.0,0.0,1.0,0.45853227376937866,0.4585322439670563,0.45861318707466125,0.0,0.009807746857404709,0.5087518095970154,1.0,0.0,1.0,0.0,0.0,0.00872000027447939,0.0,0.0,0.0,0.0,0.0023418378550559282,0.000506077311001718,0.0011671665124595165,0.005327507853507996,0.016179978847503662,0.0,0.0,0.0,0.0,0.0,0.0,0.0,0.0,1.0,0.0,-4.041778083774261e-06,0.3125852942466736,0.16419266164302826,0.9276893138885498,0.0,0.15507641434669495,0.1551479548215866,0.1551479548215866,0.045707184821367264,-0.008348445408046246,-2.7588681339452137e-11,0.0,0.0,3.940467119216919,3.940467119216919,1.9552253484725952,1.9552253484725952,0.15769150853157043,0.0,0.0,0.0,0.0,0.0023418378550559282,0.0013864196371287107,0.00016517075709998608,0.036229752004146576,0.016179978847503662,0.0,2.050891160964966,1.9554407596588135,1.9552253484725952,1.9493259191513062,0.5087518095970154,0.0,0.0052629150450229645,1.0,2.8771204948425293,2.8087239265441895,2.7573165893554688,0.0,0.0,0.0,0.0,0.0,0.0,0.0,0.0,0.0,4.0,0.0,0.0,0.0,0.0,0.0,0.0,,,,,,,,,,,,,,,,,,,,,,0.001
2,334,train_epoch,0.1706276185319809,0.14219080964605252,0.14218404576806964,0.0,0.0,0.0,0.0,0.0,0.0,0.0,0.0,0.0,0.0,0.0,0.0,0.0,0.0,0.0,0.0,0.0,0.0,0.0,0.0,0.0,0.0,0.0,0.0,1.0,0.4655471720738325,0.46554717403685975,0.46563911223839854,0.0,0.00977115396097927,0.5056003435643134,1.0,0.0,1.0,0.0,0.0,0.005926402974427638,0.0,0.0,0.0,0.0,0.0024220720881562748,0.0005315691361644356,0.0011236863907895045,0.005856410340924641,0.016634439391468813,0.0,0.0,0.0,0.0,0.0,0.0,0.0,0.0,1.0,0.0,1.158529684534862e-07,0.3424895430753331,0.14648707505471692,0.9409958381138875,0.0,0.14218404576806964,0.14219080964605252,0.14219080964605252,0.05804814445133694,-0.008320266695122909,3.1157380898251158e-12,0.0,0.0,3.9989799825017323,3.9989799910676695,1.8848186131722913,1.8848186131722913,0.22073695777419083,0.0,0.0,0.0,0.0,0.00242207214810668,0.0014603034548550666,0.00017145506473513275,0.029137836797107124,0.016634439391468813,0.0,2.017104103893577,1.884997336450451,1.8848186131722913,1.88454217539576,0.5056003435643134,0.0,0.005147634762824474,1.0,2.8455605178536056,2.8453783446443297,2.844918826383031,0.0,0.0,0.0,0.0,0.0,0.0,0.0,0.0,0.0,4.0,0.0,0.0,0.0,0.0,0.0,0.0,,,,,,,,,,,,,,,,,,,,,,0.001
2,334,val,,,,,,,,,,,,,,,,,,,,,,,,,,,,,,,,,,,,,,,,,,,,,,,,,,,,,,,,,,,,,,,,,,,,,,,,,,,,,,,,,,,,,,,,,,,,,,,,,,,,,,,,,,,,,,,,,,,84.91497707366943,15138.654488699776,123.03923962988301,157.66478266034807,42.888620785304475,17.762502091271536,27.674263253757466,11.40489217213222,8.205813603741783,116.04913725171771,142.88621391740588,215.5442466054644,57.803937503269744,123.01077597481864,150.86898134687954,235.45294516427177,61.546827043805806,84.91497707366943,123.03923962988301,157.66478266034807,42.888620785304475,0.001
2,334,test,,,,,,,,,,,,,,,,,,,,,,,,,,,,,,,,,,,,,,,,,,,,,,,,,,,,,,,,,,,,,,,,,,,,,,,,,,,,,,,,,,,,,,,,,,,,,,,,,,,,,,,,,,,,,,,,,,,88.64439514705113,16631.211094447546,128.96205292429067,140.00668518883842,45.431917326790945,17.385866778237478,27.57620127570796,10.458362834794181,8.073756524494716,121.93573529379708,149.92066906804874,190.9649873461042,61.496735027858186,129.0818123136248,158.35992020573565,207.66262299673897,65.76472704751151,88.64439514705113,128.96205292429067,140.00668518883842,45.431917326790945,0.001
3,340,train,0.14357993006706238,0.11964569985866547,0.11967113614082336,0.0,0.0,0.0,0.0,0.0,0.0,0.0,0.0,0.0,0.0,0.0,0.0,0.0,0.0,0.0,0.0,0.0,0.0,0.0,0.0,0.0,0.0,0.0,0.0,1.0,0.4526689946651459,0.4526689946651459,0.45274442434310913,0.0,0.009614543989300728,0.5017516613006592,1.0,0.0,1.0,0.0,0.0,0.013029057532548904,0.0,0.0,0.0,0.0,0.0021538594737648964,0.0004498874768614769,0.0010498480405658484,0.004748156294226646,0.015083246864378452,0.0,0.0,0.0,0.0,0.0,0.0,0.0,0.0,1.0,0.0,3.462048880464863e-06,0.297143816947937,0.17797063291072845,0.9173887968063354,0.0,0.11967113614082336,0.11964569985866547,0.11964569985866547,0.04180781915783882,-0.011013692244887352,-5.4116308656482204e-11,0.0,0.0,4.056205749511719,4.056205749511719,2.007556200027466,2.007556200027466,0.14956481754779816,0.0,0.0,0.0,0.0,0.0021538594737648964,0.0012114665005356073,0.00017957075033336878,0.020691005513072014,0.015083246864378452,0.0,2.0836331844329834,2.0077576637268066,2.007556200027466,2.0024290084838867,0.5017516613006592,0.0,0.005396624095737934,1.0,2.8072972297668457,2.7954509258270264,2.7582921981811523,0.0,0.0,0.0,0.0,0.0,0.0,0.0,0.0,0.0,4.0,0.0,0.0,0.0,0.0,0.0,0.0,,,,,,,,,,,,,,,,,,,,,,0.001
3,360,train,0.14432403445243835,0.12026427686214447,0.12029878795146942,0.0,0.0,0.0,0.0,0.0,0.0,0.0,0.0,0.0,0.0,0.0,0.0,0.0,0.0,0.0,0.0,0.0,0.0,0.0,0.0,0.0,0.0,0.0,0.0,1.0,0.4482766091823578,0.4482766091823578,0.44837889075279236,0.0,0.009191128425300121,0.505154550075531,1.0,0.0,1.0,0.0,0.0,0.012661212123930454,0.0,0.0,0.0,0.0,0.0021170824766159058,0.00044708687346428633,0.0009553552372381091,0.00436051283031702,0.014855816029012203,0.0,0.0,0.0,0.0,0.0,0.0,0.0,0.0,1.0,0.0,2.230836071248632e-05,0.27108561992645264,0.1998431384563446,0.9031664729118347,0.0,0.12029878795146942,0.12026427686214447,0.12026427686214447,0.0436769537627697,-0.014763571321964264,-3.589620961585993e-11,0.0,0.0,3.9196088314056396,3.9196088314056396,2.1020004749298096,2.1020004749298096,0.150857076048851,0.0,0.0,0.0,0.0,0.0021170824766159058,0.0012037652777507901,0.00015767182048875839,0.018672769889235497,0.014855816029012203,0.0,2.1655094623565674,2.1022112369537354,2.1020004749298096,2.0921406745910645,0.505154550075531,0.0,0.005728918593376875,1.0,2.829437255859375,2.7877585887908936,2.744053363800049,0.0,0.0,0.0,0.0,0.0,0.0,0.0,0.0,0.0,4.0,0.0,0.0,0.0,0.0,0.0,0.0,,,,,,,,,,,,,,,,,,,,,,0.001
3,380,train,0.1368691474199295,0.11405550688505173,0.11406820267438889,0.0,0.0,0.0,0.0,0.0,0.0,0.0,0.0,0.0,0.0,0.0,0.0,0.0,0.0,0.0,0.0,0.0,0.0,0.0,0.0,0.0,0.0,0.0,0.0,1.0,0.4403098225593567,0.4403098225593567,0.4403822124004364,0.0,0.010107097215950489,0.5068291425704956,1.0,0.0,1.0,0.0,0.0,0.011500353924930096,0.0,0.0,0.0,0.0,0.0020527937449514866,0.0004386447253637016,0.0009182409266941249,0.0046859788708388805,0.014463291503489017,0.0,0.0,0.0,0.0,0.0,0.0,0.0,0.0,1.0,0.0,1.0727783774200361e-05,0.24454271793365479,0.21322330832481384,0.8890589475631714,0.0,0.11406820267438889,0.11405550688505173,0.11405550688505173,0.04622559994459152,-0.014172470197081566,9.414187311651556e-12,0.0,0.0,3.9509191513061523,3.9509191513061523,2.159414052963257,2.159414052963257,0.16046196222305298,0.0,0.0,0.0,0.0,0.002052793512120843,0.0011813313467428088,0.00014560646377503872,0.021005596965551376,0.014463291503489017,0.0,2.2031755447387695,2.15964674949646,2.159414052963257,2.153442859649658,0.5068291425704956,0.0,0.005712983664125204,1.0,2.833789348602295,2.792520523071289,2.758989095687866,0.0,0.0,0.0,0.0,0.0,0.0,0.0,0.0,0.0,4.0,0.0,0.0,0.0,0.0,0.0,0.0,,,,,,,,,,,,,,,,,,,,,,0.001
3,400,train,0.14667321741580963,0.12223082035779953,0.1222119852900505,0.0,0.0,0.0,0.0,0.0,0.0,0.0,0.0,0.0,0.0,0.0,0.0,0.0,0.0,0.0,0.0,0.0,0.0,0.0,0.0,0.0,0.0,0.0,0.0,1.0,0.43500304222106934,0.43500304222106934,0.4350520372390747,0.0,0.009806017391383648,0.5062447190284729,1.0,0.0,1.0,0.0,0.0,0.020139433443546295,0.0,0.0,0.0,0.0,0.002004064153879881,0.0004566267889458686,0.0007781947497278452,0.004521733615547419,0.014155082404613495,0.0,0.0,0.0,0.0,0.0,0.0,0.0,0.0,1.0,0.0,-9.95188565866556e-06,0.24548140168190002,0.21656620502471924,0.8797292113304138,0.0,0.1222119852900505,0.12223082035779953,0.12223082035779953,0.038578830659389496,-0.004331320524215698,1.0129158622973478e-10,0.0,0.0,4.073941230773926,4.073941230773926,2.176140308380127,2.176140308380127,0.1362544298171997,0.0,0.0,0.0,0.0,0.002004064153879881,0.0011774832382798195,0.00010923856461886317,0.01987924985587597,0.014155082404613495,0.0,2.215730667114258,2.1763782501220703,2.176140308380127,2.1695010662078857,0.5062447190284729,0.0,0.005536714103072882,1.0,2.7274608612060547,2.7333602905273438,2.7173526287078857,0.0,0.0,0.0,0.0,0.0,0.0,0.0,0.0,0.0,4.0,0.0,0.0,0.0,0.0,0.0,0.0,,,,,,,,,,,,,,,,,,,,,,0.001
3,420,train,0.1653151661157608,0.13778039813041687,0.13767381012439728,0.0,0.0,0.0,0.0,0.0,0.0,0.0,0.0,0.0,0.0,0.0,0.0,0.0,0.0,0.0,0.0,0.0,0.0,0.0,0.0,0.0,0.0,0.0,0.0,1.0,0.42965295910835266,0.42965298891067505,0.42970168590545654,0.0,0.010010050609707832,0.5056717991828918,1.0,0.0,1.0,0.0,0.0,0.017307791858911514,0.0,0.0,0.0,0.0,0.0019490898121148348,0.0004180970718152821,0.000750563689507544,0.004467342514544725,0.013833926059305668,0.0,0.0,0.0,0.0,0.0,0.0,0.0,0.0,1.0,0.0,-7.628882485732902e-06,0.24150124192237854,0.22228319942951202,0.8680992722511292,0.0,0.13767381012439728,0.13778039813041687,0.13778039813041687,0.04472145810723305,-0.017577238380908966,3.772398018964118e-11,0.0,0.0,4.000968933105469,4.000968933105469,2.1947884559631348,2.1947884559631348,0.1525038480758667,0.0,0.0,0.0,0.0,0.001949089695699513,0.001119189546443522,0.00011310919944662601,0.01999230869114399,0.013833926059305668,0.0,2.225733518600464,2.1950206756591797,2.1947884559631348,2.1947524547576904,0.5056717991828918,0.0,0.005770474206656218,1.0,2.731131076812744,2.741250991821289,2.7214102745056152,0.0,0.0,0.0,0.0,0.0,0.0,0.0,0.0,0.0,4.0,0.0,0.0,0.0,0.0,0.0,0.0,,,,,,,,,,,,,,,,,,,,,,0.001
3,440,train,0.13929468393325806,0.11607358604669571,0.11610548198223114,0.0,0.0,0.0,0.0,0.0,0.0,0.0,0.0,0.0,0.0,0.0,0.0,0.0,0.0,0.0,0.0,0.0,0.0,0.0,0.0,0.0,0.0,0.0,0.0,1.0,0.41912877559661865,0.41912877559661865,0.41920584440231323,0.0,0.009468316100537777,0.5070545077323914,1.0,0.0,1.0,0.0,0.0,0.020285584032535553,0.0,0.0,0.0,0.0,0.0018676633480936289,0.0004388430679682642,0.0008417392964474857,0.005400299560278654,0.013339764438569546,0.0,0.0,0.0,0.0,0.0,0.0,0.0,0.0,1.0,0.0,1.506067746959161e-05,0.2226499766111374,0.24014942348003387,0.8462277054786682,0.0,0.11610548198223114,0.11607358604669571,0.11607358604669571,0.044128917157649994,-0.012114113196730614,9.090533187317007e-11,0.0,0.0,3.9859275817871094,3.9859275817871094,2.271322250366211,2.271322250366211,0.1491837203502655,0.0,0.0,0.0,0.0,0.0018676633480936289,0.0010652641067281365,9.970092651201412e-05,0.019672365859150887,0.013339764438569546,0.0,2.281463384628296,2.271552562713623,2.271322250366211,2.266834259033203,0.5070545077323914,0.0,0.006041118875145912,1.0,2.756589889526367,2.7659099102020264,2.799067258834839,0.0,0.0,0.0,0.0,0.0,0.0,0.0,0.0,0.0,4.0,0.0,0.0,0.0,0.0,0.0,0.0,,,,,,,,,,,,,,,,,,,,,,0.001
3,460,train,0.16131028532981873,0.13439656794071198,0.13456855714321136,0.0,0.0,0.0,0.0,0.0,0.0,0.0,0.0,0.0,0.0,0.0,0.0,0.0,0.0,0.0,0.0,0.0,0.0,0.0,0.0,0.0,0.0,0.0,0.0,1.0,0.40690264105796814,0.40690264105796814,0.4069472551345825,0.0,0.0096922367811203,0.5059409141540527,1.0,0.0,1.0,0.0,0.0,0.024059675633907318,0.0,0.0,0.0,0.0,0.001800956786610186,0.00040562768117524683,0.0008742309873923659,0.005393675994127989,0.012930663302540779,0.0,0.0,0.0,0.0,0.0,0.0,0.0,0.0,1.0,0.0,3.0689811865158845e-06,0.20854899287223816,0.2477235198020935,0.8266606330871582,0.0,0.13456855714321136,0.13439656794071198,0.13439656794071198,0.04275248944759369,-0.013453708030283451,1.2600141763297046e-10,0.0,0.0,4.161052703857422,4.161052703857422,2.303330183029175,2.303330183029175,0.15715539455413818,0.0,0.0,0.0,0.0,0.001800956786610186,0.0010253582149744034,0.00015320304373744875,0.017312997952103615,0.012930663302540779,0.0,2.306241512298584,2.303557872772217,2.303330183029175,2.316495418548584,0.5059409141540527,0.0,0.006026390008628368,1.0,2.7515151500701904,2.739365577697754,2.7360665798187256,0.0,0.0,0.0,0.0,0.0,0.0,0.0,0.0,0.0,4.0,0.0,0.0,0.0,0.0,0.0,0.0,,,,,,,,,,,,,,,,,,,,,,0.001
3,480,train,0.1337159126996994,0.11142808198928833,0.11143915355205536,0.0,0.0,0.0,0.0,0.0,0.0,0.0,0.0,0.0,0.0,0.0,0.0,0.0,0.0,0.0,0.0,0.0,0.0,0.0,0.0,0.0,0.0,0.0,0.0,1.0,0.3967427611351013,0.3967427611351013,0.3968032896518707,0.0,0.010131397284567356,0.5063748359680176,1.0,0.0,1.0,0.0,0.0,0.028035210445523262,0.0,0.0,0.0,0.0,0.0017877983627840877,0.00046643291716463864,0.0007862531929276884,0.004692811984568834,0.01283201202750206,0.0,0.0,0.0,0.0,0.0,0.0,0.0,0.0,1.0,0.0,1.2255127330718096e-05,0.21635667979717255,0.2542693018913269,0.8081656098365784,0.0,0.11143915355205536,0.11142808198928833,0.11142808198928833,0.043282851576805115,-0.008249937556684017,3.346592100661461e-11,0.0,0.0,4.1234354972839355,4.123434543609619,2.3260915279388428,2.3260915279388428,0.15897692739963531,0.0,0.0,0.0,0.0,0.0017877984791994095,0.0010552601888775826,0.00013584397675003856,0.01777729205787182,0.01283201202750206,0.0,2.3268496990203857,2.3263111114501953,2.3260915279388428,2.3189327716827393,0.5063748359680176,0.0,0.0061090318486094475,1.0,2.812053680419922,2.752026319503784,2.7399134635925293,0.0,0.0,0.0,0.0,0.0,0.0,0.0,0.0,0.0,4.0,0.0,0.0,0.0,0.0,0.0,0.0,,,,,,,,,,,,,,,,,,,,,,0.001
3,500,train,0.15307457745075226,0.12754400074481964,0.12765291333198547,0.0,0.0,0.0,0.0,0.0,0.0,0.0,0.0,0.0,0.0,0.0,0.0,0.0,0.0,0.0,0.0,0.0,0.0,0.0,0.0,0.0,0.0,0.0,0.0,1.0,0.38239702582359314,0.38239702582359314,0.3824711740016937,0.0,0.009528364054858685,0.5101260542869568,1.0,0.0,1.0,0.0,0.0,0.02843332849442959,0.0,0.0,0.0,0.0,0.0018442727159708738,0.00045612448593601584,0.0007221451378427446,0.004391969181597233,0.013190205208957195,0.0,0.0,0.0,0.0,0.0,0.0,0.0,0.0,1.0,0.0,2.2345262550516054e-05,0.18873950839042664,0.26338618993759155,0.7837132215499878,0.0,0.12765291333198547,0.12754400074481964,0.12754400074481964,0.040318939834833145,-0.013320031575858593,6.988171846744606e-11,0.0,0.0,3.9545791149139404,3.9545791149139404,2.3559534549713135,2.3559534549713135,0.13447196781635284,0.0,0.0,0.0,0.0,0.0018442727159708738,0.0010592141188681126,0.00011928206367883831,0.020753279328346252,0.013190205208957195,0.0,2.336531400680542,2.356201171875,2.3559534549713135,2.350094795227051,0.5101260542869568,0.0,0.005999779794365168,1.0,2.682461738586426,2.722095251083374,2.775247097015381,0.0,0.0,0.0,0.0,0.0,0.0,0.0,0.0,0.0,4.0,0.0,0.0,0.0,0.0,0.0,0.0,,,,,,,,,,,,,,,,,,,,,,0.001
3,501,train_epoch,0.14908856180256713,0.12424076080857636,0.12423900340845485,0.0,0.0,0.0,0.0,0.0,0.0,0.0,0.0,0.0,0.0,0.0,0.0,0.0,0.0,0.0,0.0,0.0,0.0,0.0,0.0,0.0,0.0,0.0,0.0,1.0,0.4242675086695277,0.42426750742032854,0.4243330552192505,0.0,0.009731442885038381,0.5076811638420927,1.0,0.0,1.0,0.0,0.0,0.018680719725653796,0.0,0.0,0.0,0.0,0.001992584415293204,0.00044670709060967907,0.0008839068078285384,0.004701960341123764,0.01409054070733443,0.0,0.0,0.0,0.0,0.0,0.0,0.0,0.0,1.0,0.0,1.393380914604149e-06,0.23920430394703757,0.2228697128816993,0.8613926225793576,0.0,0.12423900340845485,0.12424076080857636,0.12424076080857636,0.04293533030919686,-0.013315464439488178,1.4357320503710358e-11,0.0,0.0,3.9911109430347373,3.991110937324113,2.1942655797490103,2.1942655797490103,0.14803605754218416,0.0,0.0,0.0,0.0,0.001992584472455218,0.0011525124877490504,0.00014401605890570265,0.02049537639908805,0.01409054070733443,0.0,2.2263193344641588,2.194497413264063,2.1942655797490103,2.1931122056024517,0.5076811638420927,0.0,0.005793977916396842,1.0,2.760598071321042,2.7594343944937885,2.7585611671744705,0.0,0.0,0.0,0.0,0.0,0.0,0.0,0.0,0.0,4.0,0.0,0.0,0.0,0.0,0.0,0.0,,,,,,,,,,,,,,,,,,,,,,0.001
3,501,val,,,,,,,,,,,,,,,,,,,,,,,,,,,,,,,,,,,,,,,,,,,,,,,,,,,,,,,,,,,,,,,,,,,,,,,,,,,,,,,,,,,,,,,,,,,,,,,,,,,,,,,,,,,,,,,,,,,84.44168724332538,15062.856497628349,122.73082945058405,159.36700998033797,42.755818775721956,17.8220431464059,27.455267980344388,16.39640243564333,8.405284021581922,115.69273730686733,142.41534874064538,215.48208543232508,57.71804680143084,123.1011289869036,150.92774855968588,235.96349477767944,61.58138009480068,84.44168724332538,122.73082945058405,159.36700998033797,42.755818775721956,0.001
3,501,test,,,,,,,,,,,,,,,,,,,,,,,,,,,,,,,,,,,,,,,,,,,,,,,,,,,,,,,,,,,,,,,,,,,,,,,,,,,,,,,,,,,,,,,,,,,,,,,,,,,,,,,,,,,,,,,,,,,88.21428625924247,16544.402413504464,128.62504582508208,141.67619344166346,45.35899271283831,17.621989250183105,27.145369018402498,15.501616886683873,8.44921463727951,121.56242343357631,149.4261234919649,190.94041000093733,61.40856409072876,129.17098440442766,158.43559303630138,208.00597776685441,65.80207463673183,88.21428625924247,128.62504582508208,141.67619344166346,45.35899271283831,0.001
4,520,train,0.14071998000144958,0.11728441715240479,0.1171778067946434,0.0,0.0,0.0,0.0,0.0,0.0,0.0,0.0,0.0,0.0,0.0,0.0,0.0,0.0,0.0,0.0,0.0,0.0,0.0,0.0,0.0,0.0,0.0,0.0,1.0,0.3716028332710266,0.3716028034687042,0.3716385066509247,0.0,0.009682255797088146,0.5115432143211365,1.0,0.0,1.0,0.0,0.0,0.038599610328674316,0.0,0.0,0.0,0.0,0.0017303716158494353,0.00048775525647215545,0.0007263051811605692,0.004774896427989006,0.012480022385716438,0.0,0.0,0.0,0.0,0.0,0.0,0.0,0.0,1.0,0.0,1.498460642324062e-05,0.17936047911643982,0.2846178710460663,0.7480701208114624,0.0,0.1171778067946434,0.11728441715240479,0.11728441715240479,0.03887442871928215,-0.010904776863753796,-9.08272346222816e-11,0.0,0.0,4.00879430770874,4.00879430770874,2.4698538780212402,2.4698538780212402,0.13527946174144745,0.0,0.0,0.0,0.0,0.0017303716158494353,0.0010098479688167572,0.00011484046990517527,0.01657344214618206,0.012480022385716438,0.0,2.444857358932495,2.4700710773468018,2.4698538780212402,2.473365306854248,0.5115432143211365,0.0,0.006557633634656668,1.0,2.8014650344848633,2.733619451522827,2.762303352355957,0.0,0.0,0.0,0.0,0.0,0.0,0.0,0.0,0.0,4.0,0.0,0.0,0.0,0.0,0.0,0.0,,,,,,,,,,,,,,,,,,,,,,0.001
4,540,train,0.1579323559999466,0.13164392113685608,0.13144218921661377,0.0,0.0,0.0,0.0,0.0,0.0,0.0,0.0,0.0,0.0,0.0,0.0,0.0,0.0,0.0,0.0,0.0,0.0,0.0,0.0,0.0,0.0,0.0,0.0,1.0,0.3526456952095032,0.3526456952095032,0.35269877314567566,0.0,0.009543299674987793,0.508346676826477,1.0,0.0,1.0,0.0,0.0,0.027722448110580444,0.0,0.0,0.0,0.0,0.0017463312251493335,0.0004967621644027531,0.0008314489386975765,0.004747307393699884,0.01257870439440012,0.0,0.0,0.0,0.0,0.0,0.0,0.0,0.0,1.0,0.0,-1.878279545053374e-05,0.1814129799604416,0.27739664912223816,0.7314026951789856,0.0,0.13144218921661377,0.13164392113685608,0.13164392113685608,0.043758492916822433,-0.005512546747922897,3.454836070004852e-11,0.0,0.0,3.8907485008239746,3.8907485008239746,2.4070887565612793,2.4070887565612793,0.14225298166275024,0.0,0.0,0.0,0.0,0.0017463314579799771,0.0010325871407985687,0.000149955740198493,0.02495652064681053,0.01257870439440012,0.0,2.381439685821533,2.40730619430542,2.4070887565612793,2.3844828605651855,0.508346676826477,0.0,0.007041719742119312,1.0,2.6832051277160645,2.7020859718322754,2.6905879974365234,0.0,0.0,0.0,0.0,0.0,0.0,0.0,0.0,0.0,4.0,0.0,0.0,0.0,0.0,0.0,0.0,,,,,,,,,,,,,,,,,,,,,,0.001
4,560,train,0.14390482008457184,0.11989714950323105,0.12003832310438156,0.0,0.0,0.0,0.0,0.0,0.0,0.0,0.0,0.0,0.0,0.0,0.0,0.0,0.0,0.0,0.0,0.0,0.0,0.0,0.0,0.0,0.0,0.0,0.0,1.0,0.33532339334487915,0.33532339334487915,0.33535000681877136,0.0,0.009599310345947742,0.5098583698272705,1.0,0.0,1.0,0.0,0.0,0.03700520098209381,0.0,0.0,0.0,0.0,0.001662424416281283,0.00046820472925901413,0.0005971073405817151,0.004486659541726112,0.012052006088197231,0.0,0.0,0.0,0.0,0.0,0.0,0.0,0.0,1.0,0.0,3.7026322388555855e-05,0.17769116163253784,0.2793290913105011,0.7022238969802856,0.0,0.12003832310438156,0.11989714950323105,0.11989714950323105,0.04581639915704727,-0.014920582994818687,6.637537047771147e-11,0.0,0.0,3.947450637817383,3.947450637817383,2.4039952754974365,2.4039952754974365,0.16027311980724335,0.0,0.0,0.0,0.0,0.001662424416281283,0.0009831584757193923,8.18268017610535e-05,0.029300536960363388,0.012052006088197231,0.0,2.374361515045166,2.404202699661255,2.4039952754974365,2.4103028774261475,0.5098583698272705,0.0,0.0064779589883983135,1.0,2.7280850410461426,2.729374408721924,2.7440290451049805,0.0,0.0,0.0,0.0,0.0,0.0,0.0,0.0,0.0,4.0,0.0,0.0,0.0,0.0,0.0,0.0,,,,,,,,,,,,,,,,,,,,,,0.001
4,580,train,0.13504667580127716,0.11252094805240631,0.11262866854667664,0.0,0.0,0.0,0.0,0.0,0.0,0.0,0.0,0.0,0.0,0.0,0.0,0.0,0.0,0.0,0.0,0.0,0.0,0.0,0.0,0.0,0.0,0.0,0.0,1.0,0.3197985291481018,0.3197984993457794,0.3198154866695404,0.0,0.00962064042687416,0.5131953358650208,1.0,0.0,1.0,0.0,0.0,0.04215097427368164,0.0,0.0,0.0,0.0,0.0015490459045395255,0.0004496092442423105,0.0006138146272860467,0.004094208590686321,0.011343828402459621,0.0,0.0,0.0,0.0,0.0,0.0,0.0,0.0,1.0,0.0,-3.7248645412546466e-07,0.14099204540252686,0.30634161829948425,0.6519816517829895,0.0,0.11262866854667664,0.11252094805240631,0.11252094805240631,0.04109213128685951,-0.020284390076994896,-1.1681358658144347e-10,0.0,0.0,4.047740459442139,4.047740459442139,2.539095878601074,2.539095878601074,0.14601077139377594,0.0,0.0,0.0,0.0,0.0015490460209548473,0.0009055318660102785,0.00010712858056649566,0.019455304369330406,0.011343828402459621,0.0,2.4805984497070312,2.539309501647949,2.539095878601074,2.547808885574341,0.5131953358650208,0.0,0.0063415877521038055,1.0,2.6748909950256348,2.685062885284424,2.766997814178467,0.0,0.0,0.0,0.0,0.0,0.0,0.0,0.0,0.0,4.0,0.0,0.0,0.0,0.0,0.0,0.0,,,,,,,,,,,,,,,,,,,,,,0.001
4,600,train,0.1485527753829956,0.12379621714353561,0.12378277629613876,0.0,0.0,0.0,0.0,0.0,0.0,0.0,0.0,0.0,0.0,0.0,0.0,0.0,0.0,0.0,0.0,0.0,0.0,0.0,0.0,0.0,0.0,0.0,0.0,1.0,0.3084506392478943,0.3084506392478943,0.3084662854671478,0.0,0.009196416474878788,0.5113054513931274,1.0,0.0,1.0,0.0,0.0,0.02672876976430416,0.0,0.0,0.0,0.0,0.0015562254702672362,0.0004723028978332877,0.0005550318164750934,0.004211251623928547,0.011385544203221798,0.0,0.0,0.0,0.0,0.0,0.0,0.0,0.0,1.0,0.0,-2.6970885301125236e-05,0.15796515345573425,0.29975390434265137,0.6360546946525574,0.0,0.12378277629613876,0.12379621714353561,0.12379621714353561,0.046443380415439606,-0.01241576112806797,-4.623308333395748e-11,0.0,0.0,4.000927925109863,4.000927925109863,2.4897568225860596,2.4897568225860596,0.1623268723487854,0.0,0.0,0.0,0.0,0.0015562254702672362,0.0009264855762012303,6.758076779078692e-05,0.019650066271424294,0.011385544203221798,0.0,2.4435808658599854,2.489952325820923,2.4897568225860596,2.4971277713775635,0.5113054513931274,0.0,0.006940282881259918,1.0,2.7578964233398438,2.707627058029175,2.732114315032959,0.0,0.0,0.0,0.0,0.0,0.0,0.0,0.0,0.0,4.0,0.0,0.0,0.0,0.0,0.0,0.0,,,,,,,,,,,,,,,,,,,,,,0.001
4,620,train,0.13781847059726715,0.11484161764383316,0.11488427221775055,0.0,0.0,0.0,0.0,0.0,0.0,0.0,0.0,0.0,0.0,0.0,0.0,0.0,0.0,0.0,0.0,0.0,0.0,0.0,0.0,0.0,0.0,0.0,0.0,1.0,0.2843482494354248,0.2843482494354248,0.28437644243240356,0.0,0.008896537125110626,0.5087072849273682,1.0,0.0,1.0,0.0,0.0,0.0288041103631258,0.0,0.0,0.0,0.0,0.0014773779548704624,0.0004273800877854228,0.0005734566366299987,0.0038318007718771696,0.01089603640139103,0.0,0.0,0.0,0.0,0.0,0.0,0.0,0.0,1.0,0.0,-2.793803832901176e-05,0.13062036037445068,0.3103904724121094,0.5928074717521667,0.0,0.11488427221775055,0.11484161764383316,0.11484161764383316,0.05445064231753349,-0.010271579027175903,8.101420576056562e-12,0.0,0.0,3.9958813190460205,3.9958813190460205,2.5220437049865723,2.5220437049865723,0.19511975347995758,0.0,0.0,0.0,0.0,0.0014773778384551406,0.000848164432682097,0.00010744357132352889,0.014186429791152477,0.01089603640139103,0.0,2.455676794052124,2.5222373008728027,2.5220437049865723,2.5228285789489746,0.5087072849273682,0.0,0.006826569326221943,1.0,2.671053886413574,2.6700990200042725,2.6687934398651123,0.0,0.0,0.0,0.0,0.0,0.0,0.0,0.0,0.0,4.0,0.0,0.0,0.0,0.0,0.0,0.0,,,,,,,,,,,,,,,,,,,,,,0.001
4,640,train,0.13306893408298492,0.1108715757727623,0.11098679155111313,0.0,0.0,0.0,0.0,0.0,0.0,0.0,0.0,0.0,0.0,0.0,0.0,0.0,0.0,0.0,0.0,0.0,0.0,0.0,0.0,0.0,0.0,0.0,0.0,1.0,0.2633468806743622,0.2633468806743622,0.26335206627845764,0.0,0.009680289775133133,0.5141865611076355,1.0,0.0,1.0,0.0,0.0,0.03591415286064148,0.0,0.0,0.0,0.0,0.0014252813998609781,0.0004659623955376446,0.0004952445160597563,0.004244554787874222,0.01054641418159008,0.0,0.0,0.0,0.0,0.0,0.0,0.0,0.0,1.0,0.0,3.4390210203127936e-05,0.108614981174469,0.33422568440437317,0.5301322937011719,0.0,0.11098679155111313,0.1108715757727623,0.1108715757727623,0.05646013095974922,-0.006121015641838312,1.403069882499608e-10,0.0,0.0,4.009188652038574,4.009188652038574,2.6408207416534424,2.6408207416534424,0.20049506425857544,0.0,0.0,0.0,0.0,0.0014252815162763,0.0008674900163896382,8.372350566787645e-05,0.018494004383683205,0.01054641418159008,0.0,2.55704665184021,2.6410136222839355,2.6408207416534424,2.646116018295288,0.5141865611076355,0.0,0.008367128670215607,1.0,2.730907440185547,2.682119846343994,2.6688034534454346,0.0,0.0,0.0,0.0,0.0,0.0,0.0,0.0,0.0,4.0,0.0,0.0,0.0,0.0,0.0,0.0,,,,,,,,,,,,,,,,,,,,,,0.001
4,660,train,0.13516968488693237,0.1126716136932373,0.11249032616615295,0.0,0.0,0.0,0.0,0.0,0.0,0.0,0.0,0.0,0.0,0.0,0.0,0.0,0.0,0.0,0.0,0.0,0.0,0.0,0.0,0.0,0.0,0.0,0.0,1.0,0.25948405265808105,0.25948405265808105,0.25947853922843933,0.0,0.009502089582383633,0.5143461227416992,1.0,0.0,1.0,0.0,0.0,0.04021556302905083,0.0,0.0,0.0,0.0,0.0015113027766346931,0.0005038662347942591,0.0004941613296978176,0.004446191247552633,0.01108213048428297,0.0,0.0,0.0,0.0,0.0,0.0,0.0,0.0,1.0,0.0,-4.6456738346023485e-05,0.11975687742233276,0.33606162667274475,0.4998530447483063,0.0,0.11249032616615295,0.1126716136932373,0.1126716136932373,0.04593156278133392,-0.0021162712946534157,-5.720240600637361e-11,0.0,0.0,4.0331220626831055,4.0331220626831055,2.637955904006958,2.637955904006958,0.16701146960258484,0.0,0.0,0.0,0.0,0.0015113027766346931,0.0009412948274984956,7.337865827139467e-05,0.02007659524679184,0.01108213048428297,0.0,2.553422212600708,2.6381607055664062,2.637955904006958,2.663583278656006,0.5143461227416992,0.0,0.009502234868705273,1.0,2.6613471508026123,2.689427137374878,2.655717372894287,0.0,0.0,0.0,0.0,0.0,0.0,0.0,0.0,0.0,4.0,0.0,0.0,0.0,0.0,0.0,0.0,,,,,,,,,,,,,,,,,,,,,,0.001
4,668,train_epoch,0.139921888129083,0.11660168034409335,0.11660103620347863,0.0,0.0,0.0,0.0,0.0,0.0,0.0,0.0,0.0,0.0,0.0,0.0,0.0,0.0,0.0,0.0,0.0,0.0,0.0,0.0,0.0,0.0,0.0,0.0,1.0,0.31664116885847676,0.31664116876924825,0.3166720926940084,0.0,0.00953399586842624,0.5109449389451992,1.0,0.0,1.0,0.0,0.0,0.03711356178015292,0.0,0.0,0.0,0.0,0.0016098374565003697,0.00048291335519525907,0.0005756562433141412,0.0046250231279629074,0.011716267082862511,0.0,0.0,0.0,0.0,0.0,0.0,0.0,0.0,1.0,0.0,1.545941333738837e-06,0.16020471575909745,0.29872794333332314,0.6490521773606718,0.0,0.11660103620347863,0.11660168034409335,0.11660168034409335,0.04539334872168695,-0.00981772057105603,1.8280481420998698e-11,0.0,0.0,3.9882341530508625,3.9882341573338307,2.49136539847551,2.49136539847551,0.15874781356957143,0.0,0.0,0.0,0.0,0.0016098375011146247,0.000962394860943969,0.00011488532402722059,0.018839830716703823,0.011716267082862511,0.0,2.4440376373108275,2.4915703884855716,2.49136539847551,2.485518596843331,0.5109449389451992,0.0,0.007124357943250212,1.0,2.715216762291457,2.7131409830675866,2.7132805921360403,0.0,0.0,0.0,0.0,0.0,0.0,0.0,0.0,0.0,4.0,0.0,0.0,0.0,0.0,0.0,0.0,,,,,,,,,,,,,,,,,,,,,,0.001
4,668,val,,,,,,,,,,,,,,,,,,,,,,,,,,,,,,,,,,,,,,,,,,,,,,,,,,,,,,,,,,,,,,,,,,,,,,,,,,,,,,,,,,,,,,,,,,,,,,,,,,,,,,,,,,,,,,,,,,,84.0974691254752,15020.334001813617,122.55747223981741,157.26042658942086,42.50110101699829,16.760929669652665,26.420492311537767,11.59754089798246,7.73448291846684,115.77831486293248,142.62818605000618,215.12901885168893,57.66994558061872,123.58317347935268,151.42131252935908,236.99439471108573,61.82762581961496,84.0974691254752,122.55747223981741,157.26042658942086,42.50110101699829,0.001
4,668,test,,,,,,,,,,,,,,,,,,,,,,,,,,,,,,,,,,,,,,,,,,,,,,,,,,,,,,,,,,,,,,,,,,,,,,,,,,,,,,,,,,,,,,,,,,,,,,,,,,,,,,,,,,,,,,,,,,,87.8314780507769,16491.29181780134,128.41842475985032,139.6733650479998,45.05524069922311,16.53991038458688,26.27787955878332,11.008216781275612,7.682771393230984,121.65547548021588,149.6117331849769,190.40042986188615,61.36932018824986,129.60314123971122,158.83301422890702,208.75991923468453,66.05280276707241,87.8314780507769,128.41842475985032,139.6733650479998,45.05524069922311,0.001
5,680,train,0.1483517289161682,0.12361518293619156,0.12368274480104446,0.0,0.0,0.0,0.0,0.0,0.0,0.0,0.0,0.0,0.0,0.0,0.0,0.0,0.0,0.0,0.0,0.0,0.0,0.0,0.0,0.0,0.0,0.0,0.0,1.0,0.24919363856315613,0.24919362366199493,0.24919730424880981,0.0,0.01002897322177887,0.5094199180603027,1.0,0.0,1.0,0.0,0.0,0.02291039749979973,0.0,0.0,0.0,0.0,0.0014655831037089229,0.0005175042315386236,0.0004447978863026947,0.005378703586757183,0.010758951306343079,0.0,0.0,0.0,0.0,0.0,0.0,0.0,0.0,1.0,0.0,3.3758482459234074e-05,0.15823149681091309,0.3111869990825653,0.51163649559021,0.0,0.12368274480104446,0.12361518293619156,0.12361518293619156,0.05087551847100258,0.0021796778310090303,2.9682936664165993e-10,0.0,0.0,4.004353046417236,4.004353046417236,2.4881327152252197,2.4881327152252197,0.1785246878862381,0.0,0.0,0.0,0.0,0.0014655834529548883,0.0009765932336449623,6.169459084048867e-05,0.014036512933671474,0.010758951306343079,0.0,2.4181814193725586,2.4883270263671875,2.4881327152252197,2.4492545127868652,0.5094199180603027,0.0,0.008448958396911621,1.0,2.7063653469085693,2.668759822845459,2.6471078395843506,0.0,0.0,0.0,0.0,0.0,0.0,0.0,0.0,0.0,5.0,0.0,0.0,0.0,0.0,0.0,0.0,,,,,,,,,,,,,,,,,,,,,,0.001
5,700,train,0.13767215609550476,0.11472772806882858,0.11472216993570328,0.0,0.0,0.0,0.0,0.0,0.0,0.0,0.0,0.0,0.0,0.0,0.0,0.0,0.0,0.0,0.0,0.0,0.0,0.0,0.0,0.0,0.0,0.0,0.0,1.0,0.24150080978870392,0.24150080978870392,0.24150975048542023,0.0,0.009852103888988495,0.5140131711959839,1.0,0.0,1.0,0.0,0.0,0.03794212266802788,0.0,0.0,0.0,0.0,0.00133449025452137,0.0005501181003637612,0.000276863866019994,0.0048695895820856094,0.009849579073488712,0.0,0.0,0.0,0.0,0.0,0.0,0.0,0.0,1.0,0.0,4.1211809730157256e-05,0.12088526785373688,0.34568843245506287,0.448564350605011,0.0,0.11472216993570328,0.11472772806882858,0.11472772806882858,0.05205556005239487,-0.013841207139194012,-2.0418007562472695e-10,0.0,0.0,3.8593010902404785,3.8593010902404785,2.6643853187561035,2.6643853187561035,0.17993947863578796,0.0,0.0,0.0,0.0,0.0013344904873520136,0.0010338346473872662,1.8120726963388734e-05,0.023233652114868164,0.009849579073488712,0.0,2.54280686378479,2.6646218299865723,2.6643853187561035,2.6656742095947266,0.5140131711959839,0.0,0.008639645762741566,1.0,2.6472575664520264,2.6596059799194336,2.6807126998901367,0.0,0.0,0.0,0.0,0.0,0.0,0.0,0.0,0.0,5.0,0.0,0.0,0.0,0.0,0.0,0.0,,,,,,,,,,,,,,,,,,,,,,0.001
5,720,train,0.13267646729946136,0.11056642234325409,0.11055023223161697,0.0,0.0,0.0,0.0,0.0,0.0,0.0,0.0,0.0,0.0,0.0,0.0,0.0,0.0,0.0,0.0,0.0,0.0,0.0,0.0,0.0,0.0,0.0,0.0,1.0,0.21938465535640717,0.21938465535640717,0.21939587593078613,0.0,0.009466215968132019,0.5070331692695618,1.0,0.0,1.0,0.0,0.0,0.04359551891684532,0.0,0.0,0.0,0.0,0.0013619024539366364,0.0006277513457462192,0.00025411060778424144,0.005877893418073654,0.009936881251633167,0.0,0.0,0.0,0.0,0.0,0.0,0.0,0.0,1.0,0.0,-4.3082633055746555e-05,0.13683418929576874,0.3196534812450409,0.4439753293991089,0.0,0.11055023223161697,0.11056642234325409,0.11056642234325409,0.04886637255549431,-0.01658392883837223,-5.8544961413498076e-12,0.0,0.0,3.992436408996582,3.992436408996582,2.4899041652679443,2.4899041652679443,0.169025719165802,0.0,0.0,0.0,0.0,0.0013619024539366364,0.0012264181859791279,3.063358599320054e-05,0.022882750257849693,0.009936881251633167,0.0,2.377229690551758,2.4901554584503174,2.4899041652679443,2.472012519836426,0.5070331692695618,0.0,0.00915658101439476,1.0,2.5797576904296875,2.607114553451538,2.612947940826416,0.0,0.0,0.0,0.0,0.0,0.0,0.0,0.0,0.0,5.0,0.0,0.0,0.0,0.0,0.0,0.0,,,,,,,,,,,,,,,,,,,,,,0.001
5,740,train,0.14356796443462372,0.11962277442216873,0.11972597241401672,0.0,0.0,0.0,0.0,0.0,0.0,0.0,0.0,0.0,0.0,0.0,0.0,0.0,0.0,0.0,0.0,0.0,0.0,0.0,0.0,0.0,0.0,0.0,0.0,1.0,0.2099364548921585,0.2099364846944809,0.2100069224834442,0.0,0.009777061641216278,0.508529007434845,1.0,0.0,1.0,0.0,0.0,0.03874972462654114,0.0,0.0,0.0,0.0,0.0015097970608621836,0.0006911563104949892,0.0002611257659737021,0.0068457662127912045,0.010861320421099663,0.0,0.0,0.0,0.0,0.0,0.0,0.0,0.0,1.0,0.0,8.55951202538563e-06,0.17208924889564514,0.2955639064311981,0.4476000964641571,0.0,0.11972597241401672,0.11962277442216873,0.11962277442216873,0.050035521388053894,-0.01187740545719862,-8.697680770053395e-11,0.0,0.0,3.774979591369629,3.774980068206787,2.3157694339752197,2.3157694339752197,0.17076832056045532,0.0,0.0,0.0,0.0,0.0015097971772775054,0.001346440752968192,3.048431608476676e-05,0.029220640659332275,0.010861320421099663,0.0,2.2365307807922363,2.3160006999969482,2.3157694339752197,2.3018853664398193,0.508529007434845,0.0,0.008027513511478901,1.0,2.500840187072754,2.5945210456848145,2.640366315841675,0.0,0.0,0.0,0.0,0.0,0.0,0.0,0.0,0.0,5.0,0.0,0.0,0.0,0.0,0.0,0.0,,,,,,,,,,,,,,,,,,,,,,0.001
5,760,train,0.13937732577323914,0.1161326989531517,0.11622315645217896,0.0,0.0,0.0,0.0,0.0,0.0,0.0,0.0,0.0,0.0,0.0,0.0,0.0,0.0,0.0,0.0,0.0,0.0,0.0,0.0,0.0,0.0,0.0,0.0,1.0,0.2015700340270996,0.2015700340270996,0.2016834318637848,0.0,0.00972643680870533,0.511104941368103,1.0,0.0,1.0,0.0,0.0,0.02967175468802452,0.0,0.0,0.0,0.0,0.00151531002484262,0.0007324710604734719,0.00021749213919974864,0.007092997431755066,0.010861107148230076,0.0,0.0,0.0,0.0,0.0,0.0,0.0,0.0,1.0,0.0,1.6571493688388728e-05,0.17597465217113495,0.31314584612846375,0.40240511298179626,0.0,0.11622315645217896,0.1161326989531517,0.1161326989531517,0.07094882428646088,-0.0032094556372612715,2.4813704910253698e-11,0.0,0.0,3.8321547508239746,3.832155227661133,2.3813376426696777,2.3813376426696777,0.25240305066108704,0.0,0.0,0.0,0.0,0.00151531002484262,0.0014380443608388305,2.904098255385179e-05,0.033678993582725525,0.010861107148230076,0.0,2.285026788711548,2.381575584411621,2.3813376426696777,2.373317241668701,0.511104941368103,0.0,0.00856618769466877,1.0,2.6486754417419434,2.6064677238464355,2.6046242713928223,0.0,0.0,0.0,0.0,0.0,0.0,0.0,0.0,0.0,5.0,0.0,0.0,0.0,0.0,0.0,0.0,,,,,,,,,,,,,,,,,,,,,,0.001
5,780,train,0.14254656434059143,0.11879707127809525,0.11874743551015854,0.0,0.0,0.0,0.0,0.0,0.0,0.0,0.0,0.0,0.0,0.0,0.0,0.0,0.0,0.0,0.0,0.0,0.0,0.0,0.0,0.0,0.0,0.0,0.0,1.0,0.18478618562221527,0.18478618562221527,0.1848493367433548,0.0,0.00963658094406128,0.5061640739440918,1.0,0.0,1.0,0.0,0.0,0.03311019018292427,0.0,0.0,0.0,0.0,0.0014001223025843501,0.0006329260068014264,0.0003760971303563565,0.007245161570608616,0.010163092985749245,0.0,0.0,0.0,0.0,0.0,0.0,0.0,0.0,1.0,0.0,-3.9282709622057155e-05,0.14896713197231293,0.30903661251068115,0.36223942041397095,0.0,0.11874743551015854,0.11879707127809525,0.11879707127809525,0.05370680242776871,-0.015868939459323883,-6.40841407717474e-11,0.0,0.0,3.9629573822021484,3.9629573822021484,2.3537871837615967,2.3537871837615967,0.18714340031147003,0.0,0.0,0.0,0.0,0.001400122418999672,0.0013096252223476768,2.962970938824583e-05,0.04023027420043945,0.010163092985749245,0.0,2.234992027282715,2.3540377616882324,2.3537871837615967,2.360304832458496,0.5061640739440918,0.0,0.008486989885568619,1.0,2.5478076934814453,2.579986333847046,2.5795273780822754,0.0,0.0,0.0,0.0,0.0,0.0,0.0,0.0,0.0,5.0,0.0,0.0,0.0,0.0,0.0,0.0,,,,,,,,,,,,,,,,,,,,,,0.001
5,800,train,0.13066022098064423,0.10886833816766739,0.10895939916372299,0.0,0.0,0.0,0.0,0.0,0.0,0.0,0.0,0.0,0.0,0.0,0.0,0.0,0.0,0.0,0.0,0.0,0.0,0.0,0.0,0.0,0.0,0.0,0.0,1.0,0.17973394691944122,0.17973394691944122,0.17984548211097717,0.0,0.0090655367821455,0.5076800584793091,1.0,0.0,1.0,0.0,0.0,0.045823901891708374,0.0,0.0,0.0,0.0,0.0014015912311151624,0.0006677671335637569,0.00024191764532588422,0.007059067487716675,0.010153998620808125,0.0,0.0,0.0,0.0,0.0,0.0,0.0,0.0,1.0,0.0,3.793317955569364e-05,0.14697392284870148,0.3393397629261017,0.31046155095100403,0.0,0.10895939916372299,0.10886833816766739,0.10886833816766739,0.052127860486507416,-0.0020061254035681486,7.329227502683722e-12,0.0,0.0,3.8282601833343506,3.8282601833343506,2.496673345565796,2.496673345565796,0.18074215948581696,0.0,0.0,0.0,0.0,0.0014015912311151624,0.0013520147185772657,1.3500486602424644e-05,0.03473623842000961,0.010153998620808125,0.0,2.3635425567626953,2.496931314468384,2.496673345565796,2.5205600261688232,0.5076800584793091,0.0,0.009729650802910328,1.0,2.5128707885742188,2.580721855163574,2.610478162765503,0.0,0.0,0.0,0.0,0.0,0.0,0.0,0.0,0.0,5.0,0.0,0.0,0.0,0.0,0.0,0.0,,,,,,,,,,,,,,,,,,,,,,0.001
5,820,train,0.14819537103176117,0.12344017624855042,0.12377597391605377,0.0,0.0,0.0,0.0,0.0,0.0,0.0,0.0,0.0,0.0,0.0,0.0,0.0,0.0,0.0,0.0,0.0,0.0,0.0,0.0,0.0,0.0,0.0,0.0,1.0,0.15746678411960602,0.15746678411960602,0.15752346813678741,0.0,0.009721139445900917,0.5060261487960815,1.0,0.0,1.0,0.0,0.0,0.03601544350385666,0.0,0.0,0.0,0.0,0.0014081023400649428,0.0006675725453533232,0.00023714429698884487,0.006186813116073608,0.010204058140516281,0.0,0.0,0.0,0.0,0.0,0.0,0.0,0.0,1.0,0.0,3.340055263834074e-05,0.14257067441940308,0.32322537899017334,0.29536861181259155,0.0,0.12377597391605377,0.12344017624855042,0.12344017624855042,0.05560425668954849,-0.013098197989165783,-6.96310162306979e-11,0.0,0.0,4.043338775634766,4.043338775634766,2.3902764320373535,2.3902764320373535,0.20920056104660034,0.0,0.0,0.0,0.0,0.0014081025728955865,0.0013411358231678605,1.6150343071785755e-05,0.034440621733665466,0.010204058140516281,0.0,2.2923436164855957,2.3904759883880615,2.3902764320373535,2.361646890640259,0.5060261487960815,0.0,0.010681523010134697,1.0,2.6578502655029297,2.6025137901306152,2.5926177501678467,0.0,0.0,0.0,0.0,0.0,0.0,0.0,0.0,0.0,5.0,0.0,0.0,0.0,0.0,0.0,0.0,,,,,,,,,,,,,,,,,,,,,,0.001
5,835,train_epoch,0.1452668845475077,0.12105543866842806,0.12105722796774196,0.0,0.0,0.0,0.0,0.0,0.0,0.0,0.0,0.0,0.0,0.0,0.0,0.0,0.0,0.0,0.0,0.0,0.0,0.0,0.0,0.0,0.0,0.0,0.0,1.0,0.2013818840245287,0.2013818842029857,0.2014378618872808,0.0,0.009522957203095544,0.5076315524335393,1.0,0.0,1.0,0.0,0.0,0.04002518990930326,0.0,0.0,0.0,0.0,0.0014646874383805754,0.000671305031965983,0.00029191951356998306,0.006610195093905319,0.010594594928095797,0.0,0.0,0.0,0.0,0.0,0.0,0.0,0.0,1.0,0.0,6.152874703787233e-06,0.15085387448529283,0.31626972556114197,0.402458817837481,0.0,0.12105722796774196,0.12105543866842806,0.12105543866842806,0.054566783484763015,-0.011983867970638223,6.21715059362238e-13,0.0,0.0,3.905027676485256,3.9050276793405683,2.4175941801356697,2.4175941801356697,0.19246322398414156,0.0,0.0,0.0,0.0,0.0014646875750117317,0.0012978969691153951,3.324878005645326e-05,0.03623000563060987,0.010594594928095797,0.0,2.32362852410642,2.4178140905802836,2.4175941801356697,2.404948555780742,0.5076315524335393,0.0,0.009296776576268815,1.0,2.6172895231646693,2.6188152792924893,2.6175476733795895,0.0,0.0,0.0,0.0,0.0,0.0,0.0,0.0,0.0,5.0,0.0,0.0,0.0,0.0,0.0,0.0,,,,,,,,,,,,,,,,,,,,,,0.001
5,835,val,,,,,,,,,,,,,,,,,,,,,,,,,,,,,,,,,,,,,,,,,,,,,,,,,,,,,,,,,,,,,,,,,,,,,,,,,,,,,,,,,,,,,,,,,,,,,,,,,,,,,,,,,,,,,,,,,,,80.74230807168144,15066.57901436942,122.74599388317901,149.1622038568769,40.66615210260664,16.48613750934601,26.04407327340115,12.581852580819811,7.659295209816524,118.28545951843262,146.12612633036215,217.7339606966291,58.67121458053589,123.54779447828021,151.39157939990437,238.8958786555699,61.888743673052105,80.74230807168144,122.74599388317901,149.1622038568769,40.66615210260664,0.001
5,835,test,,,,,,,,,,,,,,,,,,,,,,,,,,,,,,,,,,,,,,,,,,,,,,,,,,,,,,,,,,,,,,,,,,,,,,,,,,,,,,,,,,,,,,,,,,,,,,,,,,,,,,,,,,,,,,,,,,,84.2089398929051,16457.6146937779,128.28723511627297,132.80522557667322,43.083660330091206,16.446984478405543,25.914060849193362,13.100896980081286,7.7807740569114685,123.9896673474993,152.58705639593384,192.15763568878174,62.31488697869437,129.42355510166712,158.4986207479985,209.7594484601702,66.03351872307914,84.2089398929051,128.28723511627297,132.80522557667322,43.083660330091206,0.001
6,840,train,0.12666183710098267,0.10556232929229736,0.10549752414226532,0.0,0.0,0.0,0.0,0.0,0.0,0.0,0.0,0.0,0.0,0.0,0.0,0.0,0.0,0.0,0.0,0.0,0.0,0.0,0.0,0.0,0.0,0.0,0.0,1.0,0.1436282843351364,0.1436282843351364,0.14372171461582184,0.0,0.009273043833673,0.5005514025688171,1.0,0.0,1.0,0.0,0.0,0.051031287759542465,0.0,0.0,0.0,0.0,0.001725940266624093,0.0011295811273157597,0.00024340358504559845,0.013781355693936348,0.011913175694644451,0.0,0.0,0.0,0.0,0.0,0.0,0.0,0.0,1.0,0.0,2.3726372091914527e-05,0.15535968542099,0.31120002269744873,0.2802692651748657,0.0,0.10549752414226532,0.10556232929229736,0.10556232929229736,0.059073615819215775,-0.022465893998742104,4.936834968605197e-11,0.0,0.0,3.9673664569854736,3.9673666954040527,2.2482638359069824,2.2482638359069824,0.2189556360244751,0.0,0.0,0.0,0.0,0.0017259404994547367,0.002187792444601655,3.9463353459723294e-05,0.07972699403762817,0.011913175694644451,0.0,2.184420585632324,2.2484378814697266,2.2482638359069824,2.2581288814544678,0.5005514025688171,0.0,0.01263472344726324,1.0,2.5327401161193848,2.564736843109131,2.5841898918151855,0.0,0.0,0.0,0.0,0.0,0.0,0.0,0.0,0.0,5.0,0.0,0.0,0.0,0.0,0.0,0.0,,,,,,,,,,,,,,,,,,,,,,0.001
6,860,train,0.138796865940094,0.11562369018793106,0.11586587876081467,0.0,0.0,0.0,0.0,0.0,0.0,0.0,0.0,0.0,0.0,0.0,0.0,0.0,0.0,0.0,0.0,0.0,0.0,0.0,0.0,0.0,0.0,0.0,0.0,1.0,0.1463746577501297,0.1463746577501297,0.146459698677063,0.0,0.009602400474250317,0.5049194693565369,1.0,0.0,1.0,0.0,0.0,0.06460907310247421,0.0,0.0,0.0,0.0,0.002676809672266245,0.00269789039157331,0.0004614678327925503,0.042795609682798386,0.016262630000710487,0.0,0.0,0.0,0.0,0.0,0.0,0.0,0.0,1.0,0.0,5.913123823120259e-05,0.21561279892921448,0.30400896072387695,0.2887650728225708,0.0,0.11586587876081467,0.11562369018793106,0.11562369018793106,0.058735016733407974,-0.011260798200964928,-5.7367048611478566e-11,0.0,0.0,3.939143657684326,3.939143657684326,2.171935796737671,2.171935796737671,0.22138141095638275,0.0,0.0,0.0,0.0,0.0026768099050968885,0.007176032289862633,2.5156807168968953e-05,0.42615482211112976,0.016262630000710487,0.0,2.2241814136505127,2.1721737384796143,2.171935796737671,2.143634557723999,0.5049194693565369,0.0,0.015651380643248558,1.0,2.587766408920288,2.6018741130828857,2.5515904426574707,0.0,0.0,0.0,0.0,0.0,0.0,0.0,0.0,0.0,5.0,0.0,0.0,0.0,0.0,0.0,0.0,,,,,,,,,,,,,,,,,,,,,,0.001
6,880,train,0.13697893917560577,0.11418302357196808,0.11397958546876907,0.0,0.0,0.0,0.0,0.0,0.0,0.0,0.0,0.0,0.0,0.0,0.0,0.0,0.0,0.0,0.0,0.0,0.0,0.0,0.0,0.0,0.0,0.0,0.0,1.0,0.13758666813373566,0.13758666813373566,0.13771255314350128,0.0,0.01006980612874031,0.4986936151981354,1.0,0.0,1.0,0.0,0.0,0.06245848536491394,0.0,0.0,0.0,0.0,0.00294839171692729,0.002462464151903987,0.00021145828941371292,0.029827285557985306,0.01695554330945015,0.0,0.0,0.0,0.0,0.0,0.0,0.0,0.0,1.0,0.0,1.2690274161286652e-05,0.17472684383392334,0.31742316484451294,0.23818635940551758,0.0,0.11397958546876907,0.11418302357196808,0.11418302357196808,0.06868879497051239,-0.026611749082803726,-1.2860806863912444e-10,0.0,0.0,3.8586843013763428,3.8586843013763428,2.210090160369873,2.210090160369873,0.2582278549671173,0.0,0.0,0.0,0.0,0.0029483921825885773,0.006874470505863428,7.475478469132213e-06,0.21244950592517853,0.01695554330945015,0.0,2.2305991649627686,2.2104837894439697,2.210090160369873,2.1961092948913574,0.4986936151981354,0.0,0.017293499782681465,1.0,2.5203893184661865,2.5580239295959473,2.531390428543091,0.0,0.0,0.0,0.0,0.0,0.0,0.0,0.0,0.0,5.0,0.0,0.0,0.0,0.0,0.0,0.0,,,,,,,,,,,,,,,,,,,,,,0.001
6,900,train,0.15383735299110413,0.12813851237297058,0.12849418818950653,0.0,0.0,0.0,0.0,0.0,0.0,0.0,0.0,0.0,0.0,0.0,0.0,0.0,0.0,0.0,0.0,0.0,0.0,0.0,0.0,0.0,0.0,0.0,0.0,1.0,0.12802773714065552,0.12802773714065552,0.1281639188528061,0.0,0.009432020597159863,0.5025412440299988,1.0,0.0,1.0,0.0,0.0,0.058685608208179474,0.0,0.0,0.0,0.0,0.004182986915111542,0.003748132847249508,0.00026299478486180305,0.039207957684993744,0.02103334292769432,0.0,0.0,0.0,0.0,0.0,0.0,0.0,0.0,1.0,0.0,5.378296009439509e-06,0.1828872561454773,0.3240114748477936,0.20360596477985382,0.0,0.12849418818950653,0.12813851237297058,0.12813851237297058,0.06444019824266434,-0.01156456395983696,-1.3847098467856256e-10,0.0,0.0,3.8060810565948486,3.8060805797576904,2.2296338081359863,2.2296338081359863,0.24214616417884827,0.0,0.0,0.0,0.0,0.004182986915111542,0.01308828592300415,2.1520704649446998e-06,0.4180770814418793,0.02103334292769432,0.0,2.2888529300689697,2.230438232421875,2.2296338081359863,2.1870784759521484,0.5025412440299988,0.0,0.022061433643102646,1.0,2.601668357849121,2.544973850250244,2.5997090339660645,0.0,0.0,0.0,0.0,0.0,0.0,0.0,0.0,0.0,5.0,0.0,0.0,0.0,0.0,0.0,0.0,,,,,,,,,,,,,,,,,,,,,,0.001
6,920,train,0.13302278518676758,0.11086587607860565,0.11078456789255142,0.0,0.0,0.0,0.0,0.0,0.0,0.0,0.0,0.0,0.0,0.0,0.0,0.0,0.0,0.0,0.0,0.0,0.0,0.0,0.0,0.0,0.0,0.0,0.0,1.0,0.12537962198257446,0.12537960708141327,0.1255241483449936,0.0,0.009284937754273415,0.4984549283981323,1.0,0.0,1.0,0.0,0.0,0.055991366505622864,0.0,0.0,0.0,0.0,0.010548544116318226,0.013601732440292835,0.00018849204934667796,0.10802412033081055,0.033309414982795715,0.0,0.0,0.0,0.0,0.0,0.0,0.0,0.0,1.0,0.0,0.00011657307186396793,0.16602614521980286,0.3352295458316803,0.17225466668605804,0.0,0.11078456789255142,0.11086587607860565,0.11086587607860565,0.06556891649961472,-0.016146179288625717,3.4674069171458655e-11,0.0,0.0,3.8505587577819824,3.8505587577819824,2.2701663970947266,2.2701663970947266,0.2395421266555786,0.0,0.0,0.0,0.0,0.010548543184995651,0.04804205521941185,1.061130092239182e-06,0.8828274607658386,0.033309414982795715,0.002205882454290986,2.3273262977600098,2.272644281387329,2.2701663970947266,2.246990203857422,0.4984549283981323,0.0,0.03286090865731239,1.0,2.465475082397461,2.5281529426574707,2.551901340484619,0.0,0.0,0.0,0.0,0.0,0.0,0.0,0.0,0.0,5.0,0.0,0.0,0.0,0.0,0.0,0.0,,,,,,,,,,,,,,,,,,,,,,0.001
6,940,train,0.15081705152988434,0.12577234208583832,0.1252235472202301,0.0,0.0,0.0,0.0,0.0,0.0,0.0,0.0,0.0,0.0,0.0,0.0,0.0,0.0,0.0,0.0,0.0,0.0,0.0,0.0,0.0,0.0,0.0,0.0,1.0,0.11738105118274689,0.11738105118274689,0.11751264333724976,0.0,0.009554779157042503,0.49739551544189453,1.0,0.0,1.0,0.0,0.0,0.06479692459106445,0.0,0.0,0.0,0.0,0.021674562245607376,0.027328096330165863,7.751386874588206e-05,0.18092739582061768,0.052447762340307236,0.0,0.0,0.0,0.0,0.0,0.0,0.0,0.0,1.0,0.0,7.06152495695278e-05,0.179045170545578,0.3170563280582428,0.19191785156726837,0.0,0.1252235472202301,0.12577234208583832,0.12577234208583832,0.07539596408605576,0.006743691861629486,3.792467728747084e-11,0.0,0.0,3.9624035358428955,3.9624035358428955,2.118415355682373,2.118415355682373,0.2955891489982605,0.0,0.0,0.0,0.0,0.021674564108252525,0.08400815725326538,2.367547295989425e-07,0.994835615158081,0.052447762340307236,0.008739277720451355,2.297234296798706,2.1266555786132812,2.118415355682373,2.0966403484344482,0.49739551544189453,0.0,0.03824968263506889,1.0,2.5328269004821777,2.5403342247009277,2.551473379135132,0.0,0.0,0.0,0.0,0.0,0.0,0.0,0.0,0.0,5.0,0.0,0.0,0.0,0.0,0.0,0.0,,,,,,,,,,,,,,,,,,,,,,0.001
6,960,train,0.1440459042787552,0.11998642981052399,0.12029735743999481,0.0,0.0,0.0,0.0,0.0,0.0,0.0,0.0,0.0,0.0,0.0,0.0,0.0,0.0,0.0,0.0,0.0,0.0,0.0,0.0,0.0,0.0,0.0,0.0,1.0,0.11977197229862213,0.11977196484804153,0.11988761276006699,0.0,0.009475206956267357,0.5008655786514282,1.0,0.0,1.0,0.0,0.0,0.08084309101104736,0.0,0.0,0.0,0.0,0.025878824293613434,0.027534708380699158,7.266124885063618e-05,0.2163293957710266,0.05954951420426369,0.0,0.0,0.0,0.0,0.0,0.0,0.0,0.0,1.0,0.0,0.0005255787400528789,0.17646223306655884,0.3336230218410492,0.15735875070095062,0.0,0.12029735743999481,0.11998642981052399,0.11998642981052399,0.06821926683187485,0.0019565087277442217,3.075332349888882e-11,0.0,0.0,3.9140374660491943,3.9140374660491943,2.2107434272766113,2.2107434272766113,0.268368661403656,0.0,0.0,0.0,0.0,0.02587882988154888,0.09353116899728775,5.7226177574420944e-08,0.9836879968643188,0.05954951420426369,0.012392770498991013,2.387180805206299,2.2159249782562256,2.2107434272766113,2.118243455886841,0.5008655786514282,0.0,0.050082385540008545,1.0,2.5136537551879883,2.550961494445801,2.5302131175994873,0.0,0.0,0.0,0.0,0.0,0.0,0.0,0.0,0.0,5.0,0.0,0.0,0.0,0.0,0.0,0.0,,,,,,,,,,,,,,,,,,,,,,0.001
6,980,train,0.14138469099998474,0.11779139190912247,0.11796652525663376,0.0,0.0,0.0,0.0,0.0,0.0,0.0,0.0,0.0,0.0,0.0,0.0,0.0,0.0,0.0,0.0,0.0,0.0,0.0,0.0,0.0,0.0,0.0,0.0,1.0,0.14417749643325806,0.14417749643325806,0.1444530487060547,0.0,0.009295825846493244,0.5066021680831909,1.0,0.0,1.0,0.0,0.0,0.07431387156248093,0.0,0.0,0.0,0.0,0.03622868284583092,0.03672301396727562,0.0002273769787279889,0.21293023228645325,0.06655972450971603,0.0,0.0,0.0,0.0,0.0,0.0,0.0,0.0,1.0,0.0,0.0007046956452541053,0.17152313888072968,0.3455081582069397,0.1460030972957611,0.0,0.11796652525663376,0.11779139190912247,0.11779139190912247,0.07074499875307083,-0.009978562593460083,7.056641382341411e-11,0.0,0.0,4.007343769073486,4.007343769073486,2.318110466003418,2.318110466003418,0.27726879715919495,0.0,0.0,0.0,0.0,0.03622868284583092,0.12738363444805145,6.86777070768585e-08,0.9859639406204224,0.06655972450971603,0.024371936917304993,2.495007276535034,2.3272674083709717,2.318110466003418,2.2729077339172363,0.5066021680831909,0.0,0.041090574115514755,1.0,2.6994705200195312,2.56335711479187,2.566967725753784,0.0,0.0,0.0,0.0,0.0,0.0,0.0,0.0,0.0,5.0,0.0,0.0,0.0,0.0,0.0,0.0,,,,,,,,,,,,,,,,,,,,,,0.001
6,1000,train,0.13369835913181305,0.11132185161113739,0.1118825227022171,0.0,0.0,0.0,0.0,0.0,0.0,0.0,0.0,0.0,0.0,0.0,0.0,0.0,0.0,0.0,0.0,0.0,0.0,0.0,0.0,0.0,0.0,0.0,0.0,1.0,0.13294924795627594,0.13294923305511475,0.13306640088558197,0.0,0.009379821829497814,0.500420093536377,1.0,0.0,1.0,0.0,0.0,0.08915586024522781,0.0,0.0,0.0,0.0,0.0295631792396307,0.032786305993795395,0.00015062617603689432,0.1969706118106842,0.06464856117963791,0.0,0.0,0.0,0.0,0.0,0.0,0.0,0.0,1.0,0.0,0.00048171496018767357,0.21130529046058655,0.3376447558403015,0.14965492486953735,0.0,0.1118825227022171,0.11132185161113739,0.11132185161113739,0.07435183227062225,-0.018284354358911514,-1.8202220286589466e-10,0.0,0.0,3.9888439178466797,3.9888439178466797,2.2070982456207275,2.2070982456207275,0.29320406913757324,0.0,0.0,0.0,0.0,0.0295631792396307,0.10254022479057312,5.822322890480791e-08,0.9871891140937805,0.06464856117963791,0.013955270871520042,2.3947079181671143,2.210904598236084,2.2070982456207275,2.1855859756469727,0.500420093536377,0.0,0.04758705943822861,1.0,2.5801477432250977,2.5185277462005615,2.5401265621185303,0.0,0.0,0.0,0.0,0.0,0.0,0.0,0.0,0.0,5.0,0.0,0.0,0.0,0.0,0.0,0.0,,,,,,,,,,,,,,,,,,,,,,0.001
6,1002,train_epoch,0.13882822262312838,0.115670765856069,0.11578728619985237,0.0,0.0,0.0,0.0,0.0,0.0,0.0,0.0,0.0,0.0,0.0,0.0,0.0,0.0,0.0,0.0,0.0,0.0,0.0,0.0,0.0,0.0,0.0,0.0,1.0,0.1312852671403371,0.13128526660496603,0.13141223480423053,0.0,0.009317264858700202,0.5015439985398047,1.0,0.0,1.0,0.0,0.0,0.06693583912032093,0.0,0.0,0.0,0.0,0.015138243038547477,0.01657542349592208,0.00025622607686300345,0.1161293817717515,0.03778336671721971,0.0,0.0,0.0,0.0,0.0,0.0,0.0,0.0,1.0,0.0,0.00023764806356764697,0.1822599796299449,0.3237306104448741,0.20200616817274494,0.0,0.11578728619985237,0.115670765856069,0.115670765856069,0.06835870712460158,-0.011738499828719207,-3.040623621617565e-12,0.0,0.0,3.9148920481790324,3.9148920453237204,2.211997688173534,2.211997688173534,0.2583589590416697,0.0,0.0,0.0,0.0,0.01513824423476719,0.053905931267954274,6.9175956194139e-06,0.6677151895657985,0.03778336671721971,0.007369085795463995,2.323618013701753,2.2153392973060377,2.211997688173534,2.191587772911894,0.5015439985398047,0.0,0.030222989574163972,1.0,2.560318374348258,2.560820212621175,2.5598414915050576,0.0,0.0,0.0,0.0,0.0,0.0,0.0,0.0,0.0,5.0,0.0,0.0,0.0,0.0,0.0,0.0,,,,,,,,,,,,,,,,,,,,,,0.001
6,1002,val,,,,,,,,,,,,,,,,,,,,,,,,,,,,,,,,,,,,,,,,,,,,,,,,,,,,,,,,,,,,,,,,,,,,,,,,,,,,,,,,,,,,,,,,,,,,,,,,,,,,,,,,,,,,,,,,,,,80.64318193708148,15003.619820731026,122.48926410396557,147.74351903370447,40.570311955043245,16.65501982825143,25.989575151044853,11.25868250642504,7.682050406932831,116.65460191454206,144.74782235526172,212.71468905040197,57.61372014454433,122.26056657518659,150.29863640774252,233.72995444706507,61.038362230573384,80.64318193708148,122.48926410396557,147.74351903370447,40.570311955043245,0.001
6,1002,test,,,,,,,,,,,,,,,,,,,,,,,,,,,,,,,,,,,,,,,,,,,,,,,,,,,,,,,,,,,,,,,,,,,,,,,,,,,,,,,,,,,,,,,,,,,,,,,,,,,,,,,,,,,,,,,,,,,84.21441010066441,16349.745291573661,127.86612253280249,131.47992147718156,43.00615062032427,17.01091057913644,26.716048535118233,10.6257244178227,7.898735906396594,122.32868453434536,151.06907322679476,188.3067788396563,61.206288882664275,128.09034837995256,157.16230499806463,206.54815898622786,65.12617860521588,84.21441010066441,127.86612253280249,131.47992147718156,43.00615062032427,0.001
7,1020,train,0.13638241589069366,0.11363740265369415,0.11372504383325577,0.0,0.0,0.0,0.0,0.0,0.0,0.0,0.0,0.0,0.0,0.0,0.0,0.0,0.0,0.0,0.0,0.0,0.0,0.0,0.0,0.0,0.0,0.0,0.0,1.0,0.14851778745651245,0.14851778745651245,0.14865459501743317,0.0,0.008810575120151043,0.5050976872444153,1.0,0.0,1.0,0.0,0.0,0.09587377309799194,0.0,0.0,0.0,0.0,0.06152576953172684,0.04710263013839722,0.0002110617351718247,0.26396188139915466,0.0967634990811348,0.0,0.0,0.0,0.0,0.0,0.0,0.0,0.0,1.0,0.0,0.0005195619887672365,0.20117732882499695,0.34550318121910095,0.1393643617630005,0.0,0.11372504383325577,0.11363740265369415,0.11363740265369415,0.07082578539848328,-0.014641594141721725,-1.2716194763839894e-10,0.0,0.0,3.851656198501587,3.851656198501587,2.2241010665893555,2.2241010665893555,0.2691503167152405,0.0,0.0,0.0,0.0,0.061525773257017136,0.1718042492866516,2.5051962282418572e-08,0.9988687634468079,0.0967634990811348,0.04608609527349472,2.441805124282837,2.243316173553467,2.2241010665893555,2.2312633991241455,0.5050976872444153,0.0,0.06571123003959656,1.0,2.50219464302063,2.5191287994384766,2.5408289432525635,0.0,0.0,0.0,0.0,0.0,0.0,0.0,0.0,0.0,5.0,0.0,0.0,0.0,0.0,0.0,0.0,,,,,,,,,,,,,,,,,,,,,,0.001
7,1040,train,0.13190440833568573,0.10972034186124802,0.11092031747102737,0.0,0.0,0.0,0.0,0.0,0.0,0.0,0.0,0.0,0.0,0.0,0.0,0.0,0.0,0.0,0.0,0.0,0.0,0.0,0.0,0.0,0.0,0.0,0.0,1.0,0.12702172994613647,0.12702172994613647,0.12711001932621002,0.0,0.00888351071625948,0.5021722316741943,1.0,0.0,1.0,0.0,0.0,0.0990443229675293,0.0,0.0,0.0,0.0,0.05868807062506676,0.05559244006872177,0.0004796989378519356,0.2836261987686157,0.0923193171620369,0.0,0.0,0.0,0.0,0.0,0.0,0.0,0.0,1.0,0.0,0.0018987260991707444,0.2211875468492508,0.33746662735939026,0.12466169148683548,0.0,0.11092031747102737,0.10972034186124802,0.10972034186124802,0.07206648588180542,-0.01812274381518364,6.911574090828765e-11,0.0,0.0,3.8370730876922607,3.8370730876922607,2.123641014099121,2.123641014099121,0.2632293999195099,0.0,0.0,0.0,0.0,0.058688074350357056,0.16819880902767181,3.155842520641272e-08,0.9974385499954224,0.0923193171620369,0.04293811693787575,2.3885858058929443,2.1418702602386475,2.123641014099121,2.0905697345733643,0.5021722316741943,0.0,0.06718693673610687,1.0,2.50980281829834,2.527118444442749,2.524168014526367,0.0,0.0,0.0,0.0,0.0,0.0,0.0,0.0,0.0,5.0,0.0,0.0,0.0,0.0,0.0,0.0,,,,,,,,,,,,,,,,,,,,,,0.001
7,1060,train,0.1333816945552826,0.11107639223337173,0.1115264818072319,0.0,0.0,0.0,0.0,0.0,0.0,0.0,0.0,0.0,0.0,0.0,0.0,0.0,0.0,0.0,0.0,0.0,0.0,0.0,0.0,0.0,0.0,0.0,0.0,1.0,0.1631591022014618,0.1631591022014618,0.16345614194869995,0.0,0.009335000067949295,0.5025545358657837,1.0,0.0,1.0,0.0,0.0,0.11070209741592407,0.0,0.0,0.0,0.0,0.06798775494098663,0.07831885665655136,1.5635443560313433e-05,0.39755553007125854,0.08578913658857346,0.0,0.0,0.0,0.0,0.0,0.0,0.0,0.0,1.0,0.0,0.0015841921558603644,0.2273426353931427,0.3762367069721222,0.10959012806415558,0.0,0.1115264818072319,0.11107639223337173,0.11107639223337173,0.07878275960683823,-0.013869406655430794,1.182680602757058e-11,0.0,0.0,3.9524519443511963,3.952451467514038,2.376596212387085,2.376596212387085,0.30316993594169617,0.0,0.0,0.0,0.0,0.06798776984214783,0.19577200710773468,2.2046620085092172e-09,0.9994361996650696,0.08578913658857346,0.0565180778503418,2.4839208126068115,2.3983500003814697,2.376596212387085,2.321899175643921,0.5025545358657837,0.0,0.07880692183971405,1.0,2.565915584564209,2.524364471435547,2.5024545192718506,0.0,0.0,0.0,0.0,0.0,0.0,0.0,0.0,0.0,5.0,0.0,0.0,0.0,0.0,0.0,0.0,,,,,,,,,,,,,,,,,,,,,,0.001
7,1080,train,0.13616162538528442,0.11336582154035568,0.11397900432348251,0.0,0.0,0.0,0.0,0.0,0.0,0.0,0.0,0.0,0.0,0.0,0.0,0.0,0.0,0.0,0.0,0.0,0.0,0.0,0.0,0.0,0.0,0.0,0.0,1.0,0.15153630077838898,0.15153630077838898,0.1517622172832489,0.0,0.008356628939509392,0.5009414553642273,1.0,0.0,1.0,0.0,0.0,0.10271431505680084,0.0,0.0,0.0,0.0,0.06575189530849457,0.0761665552854538,0.0001617651869310066,0.5133388638496399,0.09850034862756729,0.0,0.0,0.0,0.0,0.0,0.0,0.0,0.0,1.0,0.0,0.0012118180748075247,0.23295138776302338,0.38317543268203735,0.09431885182857513,0.0,0.11397900432348251,0.11336582154035568,0.11336582154035568,0.08792553097009659,-0.02629503421485424,-6.68348432153465e-11,0.0,0.0,3.812973737716675,3.812973737716675,2.347822427749634,2.347822427749634,0.33370381593704224,0.0,0.0,0.0,0.0,0.06575189530849457,0.18032033741474152,5.213950604598949e-09,0.9999222755432129,0.09850034862756729,0.04967065155506134,2.361186981201172,2.368408441543579,2.347822427749634,2.2669830322265625,0.5009414553642273,0.0,0.07069497555494308,1.0,2.5303313732147217,2.557910919189453,2.6114540100097656,0.0,0.0,0.0,0.0,0.0,0.0,0.0,0.0,0.0,5.0,0.0,0.0,0.0,0.0,0.0,0.0,,,,,,,,,,,,,,,,,,,,,,0.001
7,1100,train,0.1253506988286972,0.10417942702770233,0.10585635900497437,0.0,0.0,0.0,0.0,0.0,0.0,0.0,0.0,0.0,0.0,0.0,0.0,0.0,0.0,0.0,0.0,0.0,0.0,0.0,0.0,0.0,0.0,0.0,0.0,1.0,0.13987664878368378,0.13987664878368378,0.14002110064029694,0.0,0.00848214142024517,0.5041188597679138,1.0,0.0,1.0,0.0,0.0,0.11088983714580536,0.0,0.0,0.0,0.0,0.0832333192229271,0.08715108036994934,0.00018072285456582904,0.3955378532409668,0.11089643090963364,0.0,0.0,0.0,0.0,0.0,0.0,0.0,0.0,1.0,0.0,0.002216518158093095,0.21884527802467346,0.3599863052368164,0.0865657702088356,0.0,0.10585635900497437,0.10417942702770233,0.10417942702770233,0.070259228348732,-0.020156683400273323,-3.448841212616571e-11,0.0,0.0,3.9399313926696777,3.9399313926696777,2.2203149795532227,2.2203149795532227,0.2568707764148712,0.0,0.0,0.0,0.0,0.08323333412408829,0.20766547322273254,2.7768565225017028e-09,0.9989656209945679,0.11089643090963364,0.06619179248809814,2.3432796001434326,2.233076810836792,2.2203149795532227,2.236814022064209,0.5041188597679138,0.0,0.06754739582538605,1.0,2.5564982891082764,2.5265777111053467,2.539071798324585,0.0,0.0,0.0,0.0,0.0,0.0,0.0,0.0,0.0,5.0,0.0,0.0,0.0,0.0,0.0,0.0,,,,,,,,,,,,,,,,,,,,,,0.001
7,1120,train,0.1352357417345047,0.11263605207204819,0.11299844831228256,0.0,0.0,0.0,0.0,0.0,0.0,0.0,0.0,0.0,0.0,0.0,0.0,0.0,0.0,0.0,0.0,0.0,0.0,0.0,0.0,0.0,0.0,0.0,0.0,1.0,0.14253860712051392,0.14253860712051392,0.14277766644954681,0.0,0.008639022707939148,0.5002519488334656,1.0,0.0,1.0,0.0,0.0,0.12632891535758972,0.0,0.0,0.0,0.0,0.0939897820353508,0.1027650460600853,0.00015261562657542527,0.5165483355522156,0.11084023863077164,0.0,0.0,0.0,0.0,0.0,0.0,0.0,0.0,1.0,0.0,0.0012847089674323797,0.23744985461235046,0.3660251498222351,0.08855894953012466,0.0,0.11299844831228256,0.11263605207204819,0.11263605207204819,0.08183126151561737,-0.015991302207112312,-1.5721661472678505e-10,0.0,0.0,4.0237836837768555,4.0237836837768555,2.2578394412994385,2.2578394412994385,0.3135460317134857,0.0,0.0,0.0,0.0,0.0939897894859314,0.2290065437555313,4.611352688588255e-10,0.9997386336326599,0.11084023863077164,0.08030024915933609,2.2763960361480713,2.287929058074951,2.2578394412994385,2.2370331287384033,0.5002519488334656,0.0,0.07428254932165146,1.0,2.569410800933838,2.5284805297851562,2.578681707382202,0.0,0.0,0.0,0.0,0.0,0.0,0.0,0.0,0.0,5.0,0.0,0.0,0.0,0.0,0.0,0.0,,,,,,,,,,,,,,,,,,,,,,0.001
7,1140,train,0.12998653948307037,0.10816311836242676,0.10911707580089569,0.0,0.0,0.0,0.0,0.0,0.0,0.0,0.0,0.0,0.0,0.0,0.0,0.0,0.0,0.0,0.0,0.0,0.0,0.0,0.0,0.0,0.0,0.0,0.0,1.0,0.144815132021904,0.144815132021904,0.14488723874092102,0.0,0.008671807125210762,0.5078243017196655,1.0,0.0,1.0,0.0,0.0,0.142689049243927,0.0,0.0,0.0,0.0,0.07137814164161682,0.08568404614925385,0.00036020996049046516,0.5451919436454773,0.10123864561319351,0.0,0.0,0.0,0.0,0.0,0.0,0.0,0.0,1.0,0.0,0.0032767390366643667,0.2183188945055008,0.3734850287437439,0.08087065815925598,0.0,0.10911707580089569,0.10816311836242676,0.10816311836242676,0.07373110949993134,-0.02458074502646923,-4.4027975709681755e-11,0.0,0.0,3.961228370666504,3.961228370666504,2.267214059829712,2.267214059829712,0.27945882081985474,0.0,0.0,0.0,0.0,0.07137814909219742,0.19077348709106445,1.9037991183523673e-09,0.9990696310997009,0.10123864561319351,0.055223654955625534,2.5002450942993164,2.2825067043304443,2.267214059829712,2.2742443084716797,0.5078243017196655,0.0,0.11386945843696594,1.0,2.480292797088623,2.497955083847046,2.4601998329162598,0.0,0.0,0.0,0.0,0.0,0.0,0.0,0.0,0.0,5.0,0.0,0.0,0.0,0.0,0.0,0.0,,,,,,,,,,,,,,,,,,,,,,0.001
7,1160,train,0.13461215794086456,0.11207275092601776,0.11269703507423401,0.0,0.0,0.0,0.0,0.0,0.0,0.0,0.0,0.0,0.0,0.0,0.0,0.0,0.0,0.0,0.0,0.0,0.0,0.0,0.0,0.0,0.0,0.0,0.0,1.0,0.13030511140823364,0.13030511140823364,0.13056638836860657,0.0,0.009069232270121574,0.4993964433670044,1.0,0.0,1.0,0.0,0.0,0.13284483551979065,0.0,0.0,0.0,0.0,0.10402660816907883,0.10281563550233841,0.00011227899813093245,0.5409683585166931,0.13600637018680573,0.0,0.0,0.0,0.0,0.0,0.0,0.0,0.0,1.0,0.0,0.001322143361903727,0.23810730874538422,0.34668609499931335,0.08514367789030075,0.0,0.11269703507423401,0.11207275092601776,0.11207275092601776,0.07133179157972336,-0.012275651097297668,9.931921951533695e-11,0.0,0.0,3.9210126399993896,3.9210126399993896,2.103898048400879,2.103898048400879,0.2630889117717743,0.0,0.0,0.0,0.0,0.10402662307024002,0.2279573380947113,3.6662950453347776e-10,0.9988352656364441,0.13600637018680573,0.08544731140136719,2.1104648113250732,2.133185863494873,2.103898048400879,2.1018383502960205,0.4993964433670044,0.0,0.07609124481678009,1.0,2.4661123752593994,2.5284955501556396,2.510993719100952,0.0,0.0,0.0,0.0,0.0,0.0,0.0,0.0,0.0,5.0,0.0,0.0,0.0,0.0,0.0,0.0,,,,,,,,,,,,,,,,,,,,,,0.001
7,1169,train_epoch,0.134310159631475,0.11182635513965242,0.11241902174528487,0.0,0.0,0.0,0.0,0.0,0.0,0.0,0.0,0.0,0.0,0.0,0.0,0.0,0.0,0.0,0.0,0.0,0.0,0.0,0.0,0.0,0.0,0.0,0.0,1.0,0.1371875225069994,0.13718752232854237,0.13738813965085023,0.0,0.008829570537109576,0.5006730890202665,1.0,0.0,1.0,0.0,0.0,0.11722487666292819,0.0,0.0,0.0,0.0,0.06893165397296051,0.07494693238310471,0.00017628439822756862,0.42344763901776183,0.09614697154499814,0.0,0.0,0.0,0.0,0.0,0.0,0.0,0.0,1.0,0.0,0.0013971195084009115,0.21775632436403972,0.3576603778108151,0.10193003129637884,0.0,0.11241902174528487,0.11182635513965242,0.11182635513965242,0.07530120706665301,-0.01499263875790827,-3.409099632208402e-12,0.0,0.0,3.9347354751861023,3.934735463764853,2.2264350959640775,2.2264350959640775,0.28728269593801325,0.0,0.0,0.0,0.0,0.06893165881360719,0.18716230854659738,1.0557413768765286e-08,0.9979742422789156,0.09614697154499814,0.05424390505709334,2.3335207479442666,2.24555131204114,2.2264350959640775,2.2009631302542316,0.5006730890202665,0.0,0.07425439194915537,1.0,2.5229981231118392,2.5242998243092063,2.52406498629176,0.0,0.0,0.0,0.0,0.0,0.0,0.0,0.0,0.0,5.0,0.0,0.0,0.0,0.0,0.0,0.0,,,,,,,,,,,,,,,,,,,,,,0.001
7,1169,val,,,,,,,,,,,,,,,,,,,,,,,,,,,,,,,,,,,,,,,,,,,,,,,,,,,,,,,,,,,,,,,,,,,,,,,,,,,,,,,,,,,,,,,,,,,,,,,,,,,,,,,,,,,,,,,,,,,80.22206510816302,15069.343924386161,122.75725609668115,147.7628171103341,40.37960968698774,15.516924755913871,25.03075539481434,10.249428604330335,7.1097394994327,116.60275840759277,144.65957961094136,212.66279200145178,57.60170425687517,121.56534467424665,149.2687224662167,232.60488244465418,60.66517972946167,80.22206510816302,122.75725609668115,147.7628171103341,40.37960968698774,0.001
7,1169,test,,,,,,,,,,,,,,,,,,,,,,,,,,,,,,,,,,,,,,,,,,,,,,,,,,,,,,,,,,,,,,,,,,,,,,,,,,,,,,,,,,,,,,,,,,,,,,,,,,,,,,,,,,,,,,,,,,,83.75473846708026,16371.130597795758,127.94971902194924,132.0079766682216,42.83361571175711,16.160690571580613,25.66426111365512,12.166713297367096,7.554787576198578,122.20703574589321,151.0111160156621,187.97886051450456,61.168176310403005,127.3203466960362,156.09846485577378,205.2414321899414,64.67831877299717,83.75473846708026,127.94971902194924,132.0079766682216,42.83361571175711,0.001
8,1180,train,0.18628272414207458,0.15510894358158112,0.15586893260478973,0.0,0.0,0.0,0.0,0.0,0.0,0.0,0.0,0.0,0.0,0.0,0.0,0.0,0.0,0.0,0.0,0.0,0.0,0.0,0.0,0.0,0.0,0.0,0.0,1.0,0.129116490483284,0.1291165053844452,0.12932491302490234,0.0,0.00904790684580803,0.49479854106903076,1.0,0.0,1.0,0.0,0.0,0.14554324746131897,0.0,0.0,0.0,0.0,0.08491256088018417,0.11933454126119614,2.834427505149506e-06,0.8109180331230164,0.10847307741641998,0.0,0.0,0.0,0.0,0.0,0.0,0.0,0.0,1.0,0.0,0.002147539984434843,0.17855168879032135,0.3796832263469696,0.059932149946689606,0.0,0.15586893260478973,0.15510894358158112,0.15510894358158112,0.07958845049142838,-0.023746773600578308,5.227004246100009e-11,0.0,0.0,3.973048686981201,3.973048448562622,2.3127357959747314,2.3127357959747314,0.3003341257572174,0.0,0.0,0.0,0.0,0.08491256088018417,0.21254073083400726,1.5963947941344259e-09,0.9999349117279053,0.10847307741641998,0.06878829747438431,2.334430694580078,2.3212051391601562,2.3127357959747314,2.298510789871216,0.49479854106903076,0.0,0.09732672572135925,1.0,2.5183777809143066,2.491851806640625,2.5055527687072754,0.0,0.0,0.0,0.0,0.0,0.0,0.0,0.0,0.0,6.0,0.0,0.0,0.0,0.0,0.0,0.0,,,,,,,,,,,,,,,,,,,,,,0.001
8,1200,train,0.14577515423297882,0.12136689573526382,0.1220412626862526,0.0,0.0,0.0,0.0,0.0,0.0,0.0,0.0,0.0,0.0,0.0,0.0,0.0,0.0,0.0,0.0,0.0,0.0,0.0,0.0,0.0,0.0,0.0,0.0,1.0,0.14109958708286285,0.14109958708286285,0.1412767618894577,0.0,0.008851625956594944,0.5015358328819275,1.0,0.0,1.0,0.0,0.0,0.13543438911437988,0.0,0.0,0.0,0.0,0.13402396440505981,0.14192365109920502,0.00017487547302152961,0.748961329460144,0.14359666407108307,0.0,0.0,0.0,0.0,0.0,0.0,0.0,0.0,1.0,0.0,0.0022315960377454758,0.2365877777338028,0.3586793541908264,0.07804908603429794,0.0,0.1220412626862526,0.12136689573526382,0.12136689573526382,0.06699856370687485,-0.007315620314329863,2.7549676082094798e-11,0.0,0.0,3.9105770587921143,3.9105770587921143,2.261643648147583,2.261643648147583,0.24677631258964539,0.0,0.0,0.0,0.0,0.13402396440505981,0.2688494920730591,5.20912701862386e-10,0.9999063014984131,0.14359666407108307,0.11934743076562881,2.3050005435943604,2.287968158721924,2.261643648147583,2.263159990310669,0.5015358328819275,0.0,0.11414696276187897,1.0,2.5689525604248047,2.4938457012176514,2.5197391510009766,0.0,0.0,0.0,0.0,0.0,0.0,0.0,0.0,0.0,6.0,0.0,0.0,0.0,0.0,0.0,0.0,,,,,,,,,,,,,,,,,,,,,,0.001
8,1220,train,0.13648661971092224,0.11370345205068588,0.1139158383011818,0.0,0.0,0.0,0.0,0.0,0.0,0.0,0.0,0.0,0.0,0.0,0.0,0.0,0.0,0.0,0.0,0.0,0.0,0.0,0.0,0.0,0.0,0.0,0.0,1.0,0.13802044093608856,0.13802044093608856,0.1382543444633484,0.0,0.009312276728451252,0.4984375238418579,1.0,0.0,1.0,0.0,0.0,0.12585419416427612,0.0,0.0,0.0,0.0,0.09492316097021103,0.11619556695222855,0.00015540597087237984,0.6913208961486816,0.11796793341636658,0.0,0.0,0.0,0.0,0.0,0.0,0.0,0.0,1.0,0.0,0.0017155652167275548,0.21895799040794373,0.3620217740535736,0.07066778093576431,0.0,0.1139158383011818,0.11370345205068588,0.11370345205068588,0.07585632801055908,-0.01234124694019556,-2.647684016476859e-10,0.0,0.0,3.778202533721924,3.778202533721924,2.2369384765625,2.2369384765625,0.2751813232898712,0.0,0.0,0.0,0.0,0.09492315351963043,0.22456105053424835,3.756396860232769e-10,0.9999992847442627,0.11796793341636658,0.07801777124404907,2.321859121322632,2.2593767642974854,2.2369384765625,2.2156982421875,0.4984375238418579,0.0,0.10929754376411438,1.0,2.4096598625183105,2.4769299030303955,2.4411070346832275,0.0,0.0,0.0,0.0,0.0,0.0,0.0,0.0,0.0,6.0,0.0,0.0,0.0,0.0,0.0,0.0,,,,,,,,,,,,,,,,,,,,,,0.001
8,1240,train,0.13181914389133453,0.10995384305715561,0.10932650417089462,0.0,0.0,0.0,0.0,0.0,0.0,0.0,0.0,0.0,0.0,0.0,0.0,0.0,0.0,0.0,0.0,0.0,0.0,0.0,0.0,0.0,0.0,0.0,0.0,1.0,0.13058260083198547,0.13058260083198547,0.13087362051010132,0.0,0.009193800389766693,0.4987209737300873,1.0,0.0,1.0,0.0,0.0,0.14816400408744812,0.0,0.0,0.0,0.0,0.13784922659397125,0.15747539699077606,4.630878538591787e-05,0.9421916007995605,0.13282711803913116,0.0,0.0,0.0,0.0,0.0,0.0,0.0,0.0,1.0,0.0,0.0006745198043063283,0.22020889818668365,0.34039169549942017,0.07371168583631516,0.0,0.10932650417089462,0.10995384305715561,0.10995384305715561,0.07631392031908035,-0.01002538576722145,6.67725111314077e-11,0.0,0.0,3.8390913009643555,3.8390915393829346,2.0981123447418213,2.0981123447418213,0.2779785096645355,0.0,0.0,0.0,0.0,0.13784922659397125,0.2808079421520233,3.41931233327486e-10,0.9999856948852539,0.13282711803913116,0.12237286567687988,2.1436264514923096,2.117244005203247,2.0981123447418213,2.1463563442230225,0.4987209737300873,0.0,0.09014157205820084,1.0,2.482179641723633,2.438800573348999,2.4476592540740967,0.0,0.0,0.0,0.0,0.0,0.0,0.0,0.0,0.0,6.0,0.0,0.0,0.0,0.0,0.0,0.0,,,,,,,,,,,,,,,,,,,,,,0.001
8,1260,train,0.1453370451927185,0.12085433304309845,0.12241359055042267,0.0,0.0,0.0,0.0,0.0,0.0,0.0,0.0,0.0,0.0,0.0,0.0,0.0,0.0,0.0,0.0,0.0,0.0,0.0,0.0,0.0,0.0,0.0,0.0,1.0,0.136676624417305,0.136676624417305,0.13692602515220642,0.0,0.009277071803808212,0.5011336803436279,1.0,0.0,1.0,0.0,0.0,0.14129316806793213,0.0,0.0,0.0,0.0,0.0901401937007904,0.09971034526824951,0.00013681522978004068,0.5433858633041382,0.11126186698675156,0.0,0.0,0.0,0.0,0.0,0.0,0.0,0.0,1.0,0.0,0.0028846401255577803,0.2349027842283249,0.36443594098091125,0.0562681183218956,0.0,0.12241359055042267,0.12085433304309845,0.12085433304309845,0.07938958704471588,-0.02882932312786579,1.3271773957601596e-10,0.0,0.0,3.786048173904419,3.786048173904419,2.2442924976348877,2.2442924976348877,0.282988578081131,0.0,0.0,0.0,0.0,0.09014018625020981,0.22105520963668823,2.142989535824924e-10,0.9999648332595825,0.11126186698675156,0.07341452687978745,2.3367815017700195,2.257495641708374,2.2442924976348877,2.2334835529327393,0.5011336803436279,0.0,0.12184861302375793,1.0,2.429743766784668,2.4361395835876465,2.3976941108703613,0.0,0.0,0.0,0.0,0.0,0.0,0.0,0.0,0.0,6.0,0.0,0.0,0.0,0.0,0.0,0.0,,,,,,,,,,,,,,,,,,,,,,0.001
8,1280,train,0.1290576159954071,0.10738585889339447,0.10835880041122437,0.0,0.0,0.0,0.0,0.0,0.0,0.0,0.0,0.0,0.0,0.0,0.0,0.0,0.0,0.0,0.0,0.0,0.0,0.0,0.0,0.0,0.0,0.0,0.0,1.0,0.14305710792541504,0.14305710792541504,0.14337024092674255,0.0,0.00928457546979189,0.5021479725837708,1.0,0.0,1.0,0.0,0.0,0.13008037209510803,0.0,0.0,0.0,0.0,0.08498144149780273,0.09251635521650314,5.902845805394463e-05,0.4745519161224365,0.11312515288591385,0.0,0.0,0.0,0.0,0.0,0.0,0.0,0.0,1.0,0.0,0.0021430044434964657,0.23456932604312897,0.36392316222190857,0.051339179277420044,0.0,0.10835880041122437,0.10738585889339447,0.10738585889339447,0.07989924401044846,-0.011164160445332527,-8.591553683767739e-12,0.0,0.0,3.811713695526123,3.811713695526123,2.2541842460632324,2.2541842460632324,0.2846253514289856,0.0,0.0,0.0,0.0,0.08498144149780273,0.21126876771450043,1.3110175271779934e-11,0.999923825263977,0.11312515288591385,0.07124693691730499,2.227780818939209,2.275742769241333,2.2541842460632324,2.235942840576172,0.5021479725837708,0.0,0.08451486378908157,1.0,2.4591281414031982,2.443429946899414,2.437379837036133,0.0,0.0,0.0,0.0,0.0,0.0,0.0,0.0,0.0,6.0,0.0,0.0,0.0,0.0,0.0,0.0,,,,,,,,,,,,,,,,,,,,,,0.001
8,1300,train,0.1312386840581894,0.10933511704206467,0.10951783508062363,0.0,0.0,0.0,0.0,0.0,0.0,0.0,0.0,0.0,0.0,0.0,0.0,0.0,0.0,0.0,0.0,0.0,0.0,0.0,0.0,0.0,0.0,0.0,0.0,1.0,0.1328122317790985,0.1328122317790985,0.13313919305801392,0.0,0.008854382671415806,0.5013141632080078,1.0,0.0,1.0,0.0,0.0,0.12890931963920593,0.0,0.0,0.0,0.0,0.14894242584705353,0.1698809415102005,0.00026384362718090415,0.8574371337890625,0.1383703202009201,0.0,0.0,0.0,0.0,0.0,0.0,0.0,0.0,1.0,0.0,0.001095115439966321,0.2225954830646515,0.3633686304092407,0.04822614789009094,0.0,0.10951783508062363,0.10933511704206467,0.10933511704206467,0.07007265836000443,-0.029400579631328583,3.819219940304208e-10,0.0,0.0,3.859342098236084,3.859342098236084,2.225078582763672,2.225078582763672,0.24871647357940674,0.0,0.0,0.0,0.0,0.14894242584705353,0.2921864986419678,4.121245844590504e-10,0.9999955892562866,0.1383703202009201,0.13199296593666077,2.1426165103912354,2.261063814163208,2.225078582763672,2.1859824657440186,0.5013141632080078,0.0,0.08343315124511719,1.0,2.4838171005249023,2.4571495056152344,2.4715938568115234,0.0,0.0,0.0,0.0,0.0,0.0,0.0,0.0,0.0,6.0,0.0,0.0,0.0,0.0,0.0,0.0,,,,,,,,,,,,,,,,,,,,,,0.001
8,1320,train,0.13554954528808594,0.11297577619552612,0.11286886781454086,0.0,0.0,0.0,0.0,0.0,0.0,0.0,0.0,0.0,0.0,0.0,0.0,0.0,0.0,0.0,0.0,0.0,0.0,0.0,0.0,0.0,0.0,0.0,0.0,1.0,0.1578644961118698,0.15786448121070862,0.15805548429489136,0.0,0.009543545544147491,0.5023284554481506,1.0,0.0,1.0,0.0,0.0,0.15142974257469177,0.0,0.0,0.0,0.0,0.08322227746248245,0.10872782766819,8.109967166092247e-05,0.5927730798721313,0.0991736501455307,0.0,0.0,0.0,0.0,0.0,0.0,0.0,0.0,1.0,0.0,0.0025469583924859762,0.2480403482913971,0.37604472041130066,0.04660693556070328,0.0,0.11286886781454086,0.11297577619552612,0.11297577619552612,0.0829617902636528,-0.015839803963899612,-2.0525874055987714e-10,0.0,0.0,3.9279232025146484,3.9279232025146484,2.243919849395752,2.243919849395752,0.3114117980003357,0.0,0.0,0.0,0.0,0.08322227746248245,0.21773764491081238,3.5365502193407394e-10,0.9998077750205994,0.0991736501455307,0.07025888562202454,2.331031322479248,2.26436448097229,2.243919849395752,2.188499689102173,0.5023284554481506,0.0,0.1290341317653656,1.0,2.3920769691467285,2.4417481422424316,2.442779302597046,0.0,0.0,0.0,0.0,0.0,0.0,0.0,0.0,0.0,6.0,0.0,0.0,0.0,0.0,0.0,0.0,,,,,,,,,,,,,,,,,,,,,,0.001
8,1336,train_epoch,0.13935388999427864,0.11594590839154706,0.11703990658600173,0.0,0.0,0.0,0.0,0.0,0.0,0.0,0.0,0.0,0.0,0.0,0.0,0.0,0.0,0.0,0.0,0.0,0.0,0.0,0.0,0.0,0.0,0.0,0.0,1.0,0.13858617507590504,0.1385861751205193,0.1388257218156746,0.0,0.009055005760116135,0.5004805074837393,1.0,0.0,1.0,0.0,0.0,0.13755533531932773,0.0,0.0,0.0,0.0,0.10660996852431469,0.12296167654013206,0.00023192273227617402,0.6622226033025159,0.12147086127075607,0.0,0.0,0.0,0.0,0.0,0.0,0.0,0.0,1.0,0.0,0.0025780595032830057,0.2261746512380189,0.3615411871564602,0.060496065096405455,0.0,0.11703990658600173,0.11594590839154706,0.11594590839154706,0.0762560277240362,-0.019601578755819374,-3.1101037906293285e-12,0.0,0.0,3.833155719106069,3.8331557362379427,2.2279900119690126,2.2279900119690126,0.27544702179060726,0.0,0.0,0.0,0.0,0.10660996582515225,0.24118235162989107,7.923763768793885e-10,0.9998893016826607,0.12147086127075607,0.09060395359546838,2.284272699298973,2.2494196977444036,2.2279900119690126,2.2059101630113798,0.5004805074837393,0.0,0.10455146021471766,1.0,2.457688058921677,2.4572481937751083,2.456825413389834,0.0,0.0,0.0,0.0,0.0,0.0,0.0,0.0,0.0,6.0,0.0,0.0,0.0,0.0,0.0,0.0,,,,,,,,,,,,,,,,,,,,,,0.001
8,1336,val,,,,,,,,,,,,,,,,,,,,,,,,,,,,,,,,,,,,,,,,,,,,,,,,,,,,,,,,,,,,,,,,,,,,,,,,,,,,,,,,,,,,,,,,,,,,,,,,,,,,,,,,,,,,,,,,,,,71.65860598427909,13129.430411202567,114.5837266421483,130.98678016662598,36.103892156056,15.456882970673698,24.856635643649625,10.624879777431488,7.1111350400107245,17.513172064508712,28.251422291674295,12.07768931559154,8.0665465763637,121.47276851109096,148.49042506906994,234.61717700958252,60.78022445951189,71.65860598427909,114.5837266421483,130.98678016662598,36.103892156056,0.001
8,1336,test,,,,,,,,,,,,,,,,,,,,,,,,,,,,,,,,,,,,,,,,,,,,,,,,,,,,,,,,,,,,,,,,,,,,,,,,,,,,,,,,,,,,,,,,,,,,,,,,,,,,,,,,,,,,,,,,,,,75.06047834668841,14300.231907435826,119.58357708078407,117.29157866750445,38.418589864458355,16.257696185793197,25.767496918261187,11.931083968707494,7.622679267610822,19.554741552897863,31.00775492483317,14.916248943124499,9.24483733517783,127.54472827911377,156.00444454806407,206.58367395401,64.91747072764805,75.06047834668841,119.58357708078407,117.29157866750445,38.418589864458355,0.001
9,1340,train,0.13519707322120667,0.11243408173322678,0.11381493508815765,0.0,0.0,0.0,0.0,0.0,0.0,0.0,0.0,0.0,0.0,0.0,0.0,0.0,0.0,0.0,0.0,0.0,0.0,0.0,0.0,0.0,0.0,0.0,0.0,1.0,0.13153722882270813,0.13153722882270813,0.13174407184123993,0.0,0.00901609193533659,0.49701789021492004,1.0,0.0,1.0,0.0,0.0,0.1410750150680542,0.0,0.0,0.0,0.0,0.11997111141681671,0.12154009193181992,0.00043929641833528876,0.6760127544403076,0.14357797801494598,0.0,0.0,0.0,0.0,0.0,0.0,0.0,0.0,1.0,0.0,0.00280402903445065,0.2476493865251541,0.35117703676223755,0.04503058269619942,0.0,0.11381493508815765,0.11243408173322678,0.11243408173322678,0.09119053184986115,-0.04304294288158417,1.444864089483744e-10,0.0,0.0,3.7664849758148193,3.7664849758148193,2.121121883392334,2.121121883392334,0.32714077830314636,0.0,0.0,0.0,0.0,0.11997111141681671,0.24979783594608307,1.52102608286242e-09,0.999962568283081,0.14357797801494598,0.09963236004114151,2.2275540828704834,2.137815237045288,2.121121883392334,2.1269071102142334,0.49701789021492004,0.0,0.10208511352539062,1.0,2.4085066318511963,2.397453784942627,2.4108052253723145,0.0,0.0,0.0,0.0,0.0,0.0,0.0,0.0,0.0,6.0,0.0,0.0,0.0,0.0,0.0,0.0,,,,,,,,,,,,,,,,,,,,,,0.001
9,1360,train,0.14384998381137848,0.1196463480591774,0.12101820111274719,0.0,0.0,0.0,0.0,0.0,0.0,0.0,0.0,0.0,0.0,0.0,0.0,0.0,0.0,0.0,0.0,0.0,0.0,0.0,0.0,0.0,0.0,0.0,0.0,1.0,0.149055615067482,0.149055615067482,0.14913205802440643,0.0,0.00878465548157692,0.5046156644821167,1.0,0.0,1.0,0.0,0.0,0.1396796703338623,0.0,0.0,0.0,0.0,0.09704341739416122,0.1507129669189453,0.00021856205421499908,0.8616828322410583,0.11618325114250183,0.0,0.0,0.0,0.0,0.0,0.0,0.0,0.0,1.0,0.0,0.0027687903493642807,0.2483455091714859,0.3741333782672882,0.03860050439834595,0.0,0.12101820111274719,0.1196463480591774,0.1196463480591774,0.08013414591550827,-0.03210374340415001,-4.5674439924647814e-11,0.0,0.0,3.881211996078491,3.881211996078491,2.228728771209717,2.228728771209717,0.2973220646381378,0.0,0.0,0.0,0.0,0.09704340994358063,0.23012512922286987,3.06633218816188e-10,0.9999641180038452,0.11618325114250183,0.07976409792900085,2.38801908493042,2.2381887435913086,2.228728771209717,2.2203164100646973,0.5046156644821167,0.0,0.12929242849349976,1.0,2.528090715408325,2.4147849082946777,2.40179443359375,0.0,0.0,0.0,0.0,0.0,0.0,0.0,0.0,0.0,6.0,0.0,0.0,0.0,0.0,0.0,0.0,,,,,,,,,,,,,,,,,,,,,,0.001
9,1380,train,0.12990166246891022,0.10804157704114914,0.109300397336483,0.0,0.0,0.0,0.0,0.0,0.0,0.0,0.0,0.0,0.0,0.0,0.0,0.0,0.0,0.0,0.0,0.0,0.0,0.0,0.0,0.0,0.0,0.0,0.0,1.0,0.139648899435997,0.139648899435997,0.13985028862953186,0.0,0.01008218340575695,0.5045520067214966,1.0,0.0,1.0,0.0,0.0,0.1593102067708969,0.0,0.0,0.0,0.0,0.10982165485620499,0.16034221649169922,7.62601412134245e-05,0.8029500246047974,0.11881802976131439,0.0,0.0,0.0,0.0,0.0,0.0,0.0,0.0,1.0,0.0,0.0021573530975729227,0.26709723472595215,0.3570447862148285,0.03847864270210266,0.0,0.109300397336483,0.10804157704114914,0.10804157704114914,0.08114343881607056,-0.034528519958257675,7.169258936512435e-11,0.0,0.0,3.8535587787628174,3.8535587787628174,2.119344711303711,2.119344711303711,0.30087628960609436,0.0,0.0,0.0,0.0,0.10982164740562439,0.24894201755523682,2.691188071002326e-11,0.9999970197677612,0.11881802976131439,0.09234069287776947,2.126479148864746,2.1349315643310547,2.119344711303711,2.1130528450012207,0.5045520067214966,0.0,0.09613274782896042,1.0,2.3127474784851074,2.4262657165527344,2.4190831184387207,0.0,0.0,0.0,0.0,0.0,0.0,0.0,0.0,0.0,6.0,0.0,0.0,0.0,0.0,0.0,0.0,,,,,,,,,,,,,,,,,,,,,,0.001
9,1400,train,0.13708585500717163,0.11406348645687103,0.1151118353009224,0.0,0.0,0.0,0.0,0.0,0.0,0.0,0.0,0.0,0.0,0.0,0.0,0.0,0.0,0.0,0.0,0.0,0.0,0.0,0.0,0.0,0.0,0.0,0.0,1.0,0.14774948358535767,0.14774948358535767,0.14801639318466187,0.0,0.008943857625126839,0.5044035315513611,1.0,0.0,1.0,0.0,0.0,0.1341327428817749,0.0,0.0,0.0,0.0,0.08082952350378036,0.10212094336748123,0.0001541546080261469,0.592595100402832,0.10181081295013428,0.0,0.0,0.0,0.0,0.0,0.0,0.0,0.0,1.0,0.0,0.0021492750383913517,0.24482056498527527,0.36097294092178345,0.033899493515491486,0.0,0.1151118353009224,0.11406348645687103,0.11406348645687103,0.07967884838581085,-0.03320105001330376,2.582621894120507e-10,0.0,0.0,3.717341899871826,3.717341899871826,2.1469831466674805,2.1469831466674805,0.28766727447509766,0.0,0.0,0.0,0.0,0.08082952350378036,0.21224068105220795,1.0704729463961726e-10,0.9999097585678101,0.10181081295013428,0.0655713900923729,2.193019151687622,2.166132926940918,2.1469831466674805,2.206080675125122,0.5044035315513611,0.0,0.0959378182888031,1.0,2.409811496734619,2.4224743843078613,2.4263553619384766,0.0,0.0,0.0,0.0,0.0,0.0,0.0,0.0,0.0,6.0,0.0,0.0,0.0,0.0,0.0,0.0,,,,,,,,,,,,,,,,,,,,,,0.001
9,1420,train,0.13323569297790527,0.11085078865289688,0.11192453652620316,0.0,0.0,0.0,0.0,0.0,0.0,0.0,0.0,0.0,0.0,0.0,0.0,0.0,0.0,0.0,0.0,0.0,0.0,0.0,0.0,0.0,0.0,0.0,0.0,1.0,0.12442123889923096,0.12442123889923096,0.12459702789783478,0.0,0.009454596787691116,0.499517560005188,1.0,0.0,1.0,0.0,0.0,0.12820965051651,0.0,0.0,0.0,0.0,0.11239304393529892,0.14899492263793945,7.985337288118899e-05,0.6935187578201294,0.11920015513896942,0.0,0.0,0.0,0.0,0.0,0.0,0.0,0.0,1.0,0.0,0.002747446531429887,0.2672232389450073,0.36097073554992676,0.035261232405900955,0.0,0.11192453652620316,0.11085078865289688,0.11085078865289688,0.09838780760765076,-0.04575030878186226,4.812875792348237e-11,0.0,0.0,3.8175997734069824,3.8175997734069824,2.120365619659424,2.120365619659424,0.35548534989356995,0.0,0.0,0.0,0.0,0.11239303648471832,0.2531598210334778,2.3121136949466603e-10,0.9999973773956299,0.11920015513896942,0.09954044967889786,2.2012128829956055,2.1284525394439697,2.120365619659424,2.0318260192871094,0.499517560005188,0.0,0.11000876128673553,1.0,2.3864243030548096,2.4196691513061523,2.4227848052978516,0.0,0.0,0.0,0.0,0.0,0.0,0.0,0.0,0.0,6.0,0.0,0.0,0.0,0.0,0.0,0.0,,,,,,,,,,,,,,,,,,,,,,0.001
9,1440,train,0.13234351575374603,0.11032601445913315,0.11008752882480621,0.0,0.0,0.0,0.0,0.0,0.0,0.0,0.0,0.0,0.0,0.0,0.0,0.0,0.0,0.0,0.0,0.0,0.0,0.0,0.0,0.0,0.0,0.0,0.0,1.0,0.1243906244635582,0.1243906244635582,0.1245904266834259,0.0,0.008723795413970947,0.5018286108970642,1.0,0.0,1.0,0.0,0.0,0.16008557379245758,0.0,0.0,0.0,0.0,0.11817704141139984,0.13612955808639526,0.00014849333092570305,0.8351485133171082,0.14296838641166687,0.0,0.0,0.0,0.0,0.0,0.0,0.0,0.0,1.0,0.0,0.0012569165555760264,0.2608815133571625,0.3450336754322052,0.033972449600696564,0.0,0.11008752882480621,0.11032601445913315,0.11032601445913315,0.09528647363185883,-0.05139109864830971,-1.0095804400811481e-11,0.0,0.0,3.8373544216156006,3.8373544216156006,2.052302122116089,2.052302122116089,0.3454129695892334,0.0,0.0,0.0,0.0,0.11817702651023865,0.24664658308029175,2.728119639916482e-11,0.9999643564224243,0.14296838641166687,0.0975949838757515,2.145371675491333,2.0835041999816895,2.052302122116089,2.048572063446045,0.5018286108970642,0.0,0.09540823101997375,1.0,2.3763058185577393,2.409522533416748,2.415292739868164,0.0,0.0,0.0,0.0,0.0,0.0,0.0,0.0,0.0,6.0,0.0,0.0,0.0,0.0,0.0,0.0,,,,,,,,,,,,,,,,,,,,,,0.001
9,1460,train,0.12867853045463562,0.1068820133805275,0.10898254811763763,0.0,0.0,0.0,0.0,0.0,0.0,0.0,0.0,0.0,0.0,0.0,0.0,0.0,0.0,0.0,0.0,0.0,0.0,0.0,0.0,0.0,0.0,0.0,0.0,1.0,0.15059325098991394,0.15059325098991394,0.1508617252111435,0.0,0.008995939046144485,0.5054010152816772,1.0,0.0,1.0,0.0,0.0,0.14579720795154572,0.0,0.0,0.0,0.0,0.10926113277673721,0.13104362785816193,0.00010785309132188559,0.8707548379898071,0.12110650539398193,0.0,0.0,0.0,0.0,0.0,0.0,0.0,0.0,1.0,0.0,0.003404072718694806,0.2567465007305145,0.3527999818325043,0.032847754657268524,0.0,0.10898254811763763,0.1068820133805275,0.1068820133805275,0.08877769857645035,-0.018350329250097275,1.6784655609836108e-10,0.0,0.0,3.847081184387207,3.847081184387207,2.0852463245391846,2.0852463245391846,0.3200569152832031,0.0,0.0,0.0,0.0,0.10926113277673721,0.2473338395357132,8.167705400907721e-10,0.9999829530715942,0.12110650539398193,0.094929538667202,2.13559889793396,2.1034834384918213,2.0852463245391846,2.212536334991455,0.5054010152816772,0.0,0.09927503764629364,1.0,2.481365919113159,2.407465696334839,2.423966884613037,0.0,0.0,0.0,0.0,0.0,0.0,0.0,0.0,0.0,6.0,0.0,0.0,0.0,0.0,0.0,0.0,,,,,,,,,,,,,,,,,,,,,,0.001
9,1480,train,0.1293223351240158,0.10738907009363174,0.10966632515192032,0.0,0.0,0.0,0.0,0.0,0.0,0.0,0.0,0.0,0.0,0.0,0.0,0.0,0.0,0.0,0.0,0.0,0.0,0.0,0.0,0.0,0.0,0.0,0.0,1.0,0.1349676251411438,0.1349676251411438,0.13525354862213135,0.0,0.008636780083179474,0.5015020966529846,1.0,0.0,1.0,0.0,0.0,0.16212579607963562,0.0,0.0,0.0,0.0,0.1526813805103302,0.18179678916931152,8.171591616701335e-05,0.8242685198783875,0.150494784116745,0.0,0.0,0.0,0.0,0.0,0.0,0.0,0.0,1.0,0.0,0.003735852427780628,0.24617119133472443,0.35405436158180237,0.02948998659849167,0.0,0.10966632515192032,0.10738907009363174,0.10738907009363174,0.08801103383302689,-0.047488223761320114,1.744009658910528e-10,0.0,0.0,3.930001735687256,3.930001735687256,2.11051607131958,2.11051607131958,0.32493484020233154,0.0,0.0,0.0,0.0,0.1526813805103302,0.28911057114601135,3.767403888854659e-10,0.9999964237213135,0.150494784116745,0.13802850246429443,2.2019753456115723,2.1456446647644043,2.11051607131958,2.132401704788208,0.5015020966529846,0.0,0.09915376454591751,1.0,2.529601573944092,2.4047422409057617,2.4239792823791504,0.0,0.0,0.0,0.0,0.0,0.0,0.0,0.0,0.0,6.0,0.0,0.0,0.0,0.0,0.0,0.0,,,,,,,,,,,,,,,,,,,,,,0.001
9,1500,train,0.12887565791606903,0.10725146532058716,0.10812096297740936,0.0,0.0,0.0,0.0,0.0,0.0,0.0,0.0,0.0,0.0,0.0,0.0,0.0,0.0,0.0,0.0,0.0,0.0,0.0,0.0,0.0,0.0,0.0,0.0,1.0,0.12606653571128845,0.12606653571128845,0.12626595795154572,0.0,0.00896467361599207,0.5023881793022156,1.0,0.0,1.0,0.0,0.0,0.17151489853858948,0.0,0.0,0.0,0.0,0.10951690375804901,0.12554271519184113,0.00032278773142024875,0.5411898493766785,0.1294165551662445,0.0,0.0,0.0,0.0,0.0,0.0,0.0,0.0,1.0,0.0,0.0020633710082620382,0.25317418575286865,0.35002174973487854,0.029764195904135704,0.0,0.10812096297740936,0.10725146532058716,0.10725146532058716,0.07832810282707214,-0.03368835896253586,1.3962939138245645e-10,0.0,0.0,3.852220296859741,3.852220296859741,2.0659830570220947,2.0659830570220947,0.28880050778388977,0.0,0.0,0.0,0.0,0.10951689630746841,0.24253620207309723,1.6328555174638382e-10,0.9999940395355225,0.1294165551662445,0.09370405226945877,2.1150412559509277,2.078892707824707,2.0659830570220947,2.042340040206909,0.5023881793022156,0.0,0.09209021925926208,1.0,2.3452656269073486,2.389089584350586,2.380380630493164,0.0,0.0,0.0,0.0,0.0,0.0,0.0,0.0,0.0,6.0,0.0,0.0,0.0,0.0,0.0,0.0,,,,,,,,,,,,,,,,,,,,,,0.001
9,1503,train_epoch,0.13193434329625375,0.10974982661936811,0.11092258226907181,0.0,0.0,0.0,0.0,0.0,0.0,0.0,0.0,0.0,0.0,0.0,0.0,0.0,0.0,0.0,0.0,0.0,0.0,0.0,0.0,0.0,0.0,0.0,0.0,1.0,0.13215503962097053,0.13215504046864138,0.13237463789964152,0.0,0.009040068009656347,0.5002960803622971,1.0,0.0,1.0,0.0,0.0,0.146144883495248,0.0,0.0,0.0,0.0,0.11280943805764536,0.1383473655420863,0.00025139011314874557,0.736012490209705,0.1230294533564659,0.0,0.0,0.0,0.0,0.0,0.0,0.0,0.0,1.0,0.0,0.0027004170272606326,0.2537043904829882,0.3552579801239653,0.035070261377060485,0.0,0.11092258226907181,0.10974982661936811,0.10974982661936811,0.08690868380540859,-0.03525119741631304,5.158134054805687e-12,0.0,0.0,3.838002905874195,3.838002915867788,2.110753658288967,2.110753658288967,0.31842193061006285,0.0,0.0,0.0,0.0,0.11280943547001855,0.25024287197404277,3.901781131312905e-10,0.9999347621809223,0.1230294533564659,0.09734433362940828,2.195511880749,2.131497702198828,2.110753658288967,2.091323152987543,0.5002960803622971,0.0,0.10660627943848422,1.0,2.4196157612486515,2.4186387590305536,2.417744745037513,0.0,0.0,0.0,0.0,0.0,0.0,0.0,0.0,0.0,6.0,0.0,0.0,0.0,0.0,0.0,0.0,,,,,,,,,,,,,,,,,,,,,,0.001
9,1503,val,,,,,,,,,,,,,,,,,,,,,,,,,,,,,,,,,,,,,,,,,,,,,,,,,,,,,,,,,,,,,,,,,,,,,,,,,,,,,,,,,,,,,,,,,,,,,,,,,,,,,,,,,,,,,,,,,,,71.80531855991909,13057.31090436663,114.26859106669089,131.94483069011144,36.16470871652876,15.665772676467896,24.91678151801198,10.805192768573761,7.126514954226358,17.756726145744324,28.207110751236954,12.526627234050206,8.086172470024653,121.45507485525948,148.241871205902,236.31941509246826,60.88925961085728,71.80531855991909,114.26859106669089,131.94483069011144,36.16470871652876,0.001
10,1520,train,0.14111284911632538,0.11729752272367477,0.11907663941383362,0.0,0.0,0.0,0.0,0.0,0.0,0.0,0.0,0.0,0.0,0.0,0.0,0.0,0.0,0.0,0.0,0.0,0.0,0.0,0.0,0.0,0.0,0.0,0.0,1.0,0.13858141005039215,0.13858142495155334,0.13874170184135437,0.0,0.008965503424406052,0.5054448246955872,1.0,0.0,1.0,0.0,0.0,0.1411491483449936,0.0,0.0,0.0,0.0,0.12092779576778412,0.15051734447479248,0.0001767962530720979,0.8363981246948242,0.13287174701690674,0.0,0.0,0.0,0.0,0.0,0.0,0.0,0.0,1.0,0.0,0.0029765695799142122,0.2773164212703705,0.36307403445243835,0.026617126539349556,0.0,0.11907663941383362,0.11729752272367477,0.11729752272367477,0.08891704678535461,-0.037997450679540634,-1.8632531281759235e-11,0.0,0.0,3.927459478378296,3.927459478378296,2.1220455169677734,2.1220455169677734,0.3326745629310608,0.0,0.0,0.0,0.0,0.12092779576778412,0.2577059864997864,1.0785704274152152e-10,0.9999375343322754,0.13287174701690674,0.10869332402944565,2.3325273990631104,2.142184019088745,2.1220455169677734,2.1277146339416504,0.5054448246955872,0.0,0.11587508767843246,1.0,2.4274017810821533,2.4138588905334473,2.3973002433776855,0.0,0.0,0.0,0.0,0.0,0.0,0.0,0.0,0.0,6.0,0.0,0.0,0.0,0.0,0.0,0.0,,,,,,,,,,,,,,,,,,,,,,0.001
10,1540,train,0.130842387676239,0.10877112299203873,0.11035634577274323,0.0,0.0,0.0,0.0,0.0,0.0,0.0,0.0,0.0,0.0,0.0,0.0,0.0,0.0,0.0,0.0,0.0,0.0,0.0,0.0,0.0,0.0,0.0,0.0,1.0,0.1345449835062027,0.1345449835062027,0.13473640382289886,0.0,0.008828285150229931,0.5062047839164734,1.0,0.0,1.0,0.0,0.0,0.1561221033334732,0.0,0.0,0.0,0.0,0.11998722702264786,0.140757754445076,0.00022768080816604197,0.8146530985832214,0.12670253217220306,0.0,0.0,0.0,0.0,0.0,0.0,0.0,0.0,1.0,0.0,0.003304768819361925,0.2709854543209076,0.34907251596450806,0.03035394847393036,0.0,0.11035634577274323,0.10877112299203873,0.10877112299203873,0.08506380021572113,-0.02334110625088215,-2.6777153411261523e-11,0.0,0.0,3.8999624252319336,3.8999624252319336,2.0412864685058594,2.0412864685058594,0.3125207722187042,0.0,0.0,0.0,0.0,0.11998722702264786,0.26001590490341187,1.493967061172441e-09,0.9999994039535522,0.12670253217220306,0.10361520200967789,2.1771175861358643,2.0583102703094482,2.0412864685058594,2.0104782581329346,0.5062047839164734,0.0,0.10205922275781631,1.0,2.3633549213409424,2.3883285522460938,2.402998447418213,0.0,0.0,0.0,0.0,0.0,0.0,0.0,0.0,0.0,6.0,0.0,0.0,0.0,0.0,0.0,0.0,,,,,,,,,,,,,,,,,,,,,,0.001
10,1560,train,0.1307910531759262,0.10900009423494339,0.10895481705665588,0.0,0.0,0.0,0.0,0.0,0.0,0.0,0.0,0.0,0.0,0.0,0.0,0.0,0.0,0.0,0.0,0.0,0.0,0.0,0.0,0.0,0.0,0.0,0.0,1.0,0.13756875693798065,0.13756875693798065,0.1377621293067932,0.0,0.009054629132151604,0.49903014302253723,1.0,0.0,1.0,0.0,0.0,0.1523081362247467,0.0,0.0,0.0,0.0,0.1302693784236908,0.17735198140144348,0.00018739743973128498,0.8432499170303345,0.1277872771024704,0.0,0.0,0.0,0.0,0.0,0.0,0.0,0.0,1.0,0.0,0.0013264003209769726,0.2679261565208435,0.34969526529312134,0.026744626462459564,0.0,0.10895481705665588,0.10900009423494339,0.10900009423494339,0.10224517434835434,-0.05187680572271347,-3.230270217979836e-10,0.0,0.0,3.9549474716186523,3.9549474716186523,2.055950164794922,2.055950164794922,0.3852240741252899,0.0,0.0,0.0,0.0,0.1302693784236908,0.2735294997692108,1.5480486337260402e-10,0.9999935626983643,0.1277872771024704,0.12079504132270813,2.207608461380005,2.0650484561920166,2.055950164794922,2.046264410018921,0.49903014302253723,0.0,0.10629735141992569,1.0,2.375016212463379,2.36533784866333,2.375635862350464,0.0,0.0,0.0,0.0,0.0,0.0,0.0,0.0,0.0,6.0,0.0,0.0,0.0,0.0,0.0,0.0,,,,,,,,,,,,,,,,,,,,,,0.001
10,1580,train,0.13221436738967896,0.10994675755500793,0.11133802682161331,0.0,0.0,0.0,0.0,0.0,0.0,0.0,0.0,0.0,0.0,0.0,0.0,0.0,0.0,0.0,0.0,0.0,0.0,0.0,0.0,0.0,0.0,0.0,0.0,1.0,0.12454436719417572,0.12454435229301453,0.12482589483261108,0.0,0.008931628428399563,0.4994005560874939,1.0,0.0,1.0,0.0,0.0,0.14322057366371155,0.0,0.0,0.0,0.0,0.17465917766094208,0.21692800521850586,0.00014808360720053315,0.9049497842788696,0.13669101893901825,0.0,0.0,0.0,0.0,0.0,0.0,0.0,0.0,1.0,0.0,0.0024073715321719646,0.26524224877357483,0.353664755821228,0.02660384029150009,0.0,0.11133802682161331,0.10994675755500793,0.10994675755500793,0.09509912878274918,-0.05068155750632286,9.242927256902789e-11,0.0,0.0,3.9179723262786865,3.9179723262786865,2.067304849624634,2.067304849624634,0.35460811853408813,0.0,0.0,0.0,0.0,0.17465916275978088,0.3209173083305359,1.3815401600503208e-10,0.9999998807907104,0.13669101893901825,0.16405485570430756,2.1177611351013184,2.08272385597229,2.067304849624634,1.9797568321228027,0.4994005560874939,0.0,0.0886608213186264,1.0,2.485529661178589,2.430910110473633,2.4334423542022705,0.0,0.0,0.0,0.0,0.0,0.0,0.0,0.0,0.0,6.0,0.0,0.0,0.0,0.0,0.0,0.0,,,,,,,,,,,,,,,,,,,,,,0.001
10,1600,train,0.12731775641441345,0.10602813214063644,0.10644812881946564,0.0,0.0,0.0,0.0,0.0,0.0,0.0,0.0,0.0,0.0,0.0,0.0,0.0,0.0,0.0,0.0,0.0,0.0,0.0,0.0,0.0,0.0,0.0,0.0,1.0,0.12034730613231659,0.12034732103347778,0.12049214541912079,0.0,0.00892215222120285,0.5037611126899719,1.0,0.0,1.0,0.0,0.0,0.14919857680797577,0.0,0.0,0.0,0.0,0.1384020745754242,0.15369102358818054,0.00027634805883280933,0.8293625116348267,0.1451955884695053,0.0,0.0,0.0,0.0,0.0,0.0,0.0,0.0,1.0,0.0,0.0023940217215567827,0.2651543915271759,0.3531515896320343,0.026436826214194298,0.0,0.10644812881946564,0.10602813214063644,0.10602813214063644,0.09328901022672653,-0.03879653289914131,-8.819286967387541e-11,0.0,0.0,3.89501953125,3.89501953125,2.0511624813079834,2.0511624813079834,0.3413686454296112,0.0,0.0,0.0,0.0,0.138402059674263,0.2749135196208954,1.5444033552025616e-10,0.9999569654464722,0.1451955884695053,0.12454044818878174,2.297868013381958,2.0607006549835205,2.0511624813079834,2.0492687225341797,0.5037611126899719,0.0,0.10873958468437195,1.0,2.3251657485961914,2.3881423473358154,2.3711228370666504,0.0,0.0,0.0,0.0,0.0,0.0,0.0,0.0,0.0,6.0,0.0,0.0,0.0,0.0,0.0,0.0,,,,,,,,,,,,,,,,,,,,,,0.001
10,1620,train,0.12544609606266022,0.10434745252132416,0.10549319535493851,0.0,0.0,0.0,0.0,0.0,0.0,0.0,0.0,0.0,0.0,0.0,0.0,0.0,0.0,0.0,0.0,0.0,0.0,0.0,0.0,0.0,0.0,0.0,0.0,1.0,0.1430053859949112,0.1430054008960724,0.14321421086788177,0.0,0.008897327817976475,0.49534064531326294,1.0,0.0,1.0,0.0,0.0,0.1486719399690628,0.0,0.0,0.0,0.0,0.13545772433280945,0.1533334106206894,0.0002456484944559634,0.7352005839347839,0.14291778206825256,0.0,0.0,0.0,0.0,0.0,0.0,0.0,0.0,1.0,0.0,0.002098129130899906,0.2585594654083252,0.3601891100406647,0.023909172043204308,0.0,0.10549319535493851,0.10434745252132416,0.10434745252132416,0.08395128697156906,-0.020537283271551132,4.898869504499359e-11,0.0,0.0,3.9345710277557373,3.9345710277557373,2.0681560039520264,2.0681560039520264,0.3147607743740082,0.0,0.0,0.0,0.0,0.13545772433280945,0.27115148305892944,3.254631841809186e-10,0.9999830722808838,0.14291778206825256,0.11782322824001312,2.170168876647949,2.097019672393799,2.0681560039520264,2.1686835289001465,0.49534064531326294,0.0,0.08412587642669678,1.0,2.395610809326172,2.38997745513916,2.4235920906066895,0.0,0.0,0.0,0.0,0.0,0.0,0.0,0.0,0.0,6.0,0.0,0.0,0.0,0.0,0.0,0.0,,,,,,,,,,,,,,,,,,,,,,0.001
10,1640,train,0.12840186059474945,0.1067805215716362,0.10810671001672745,0.0,0.0,0.0,0.0,0.0,0.0,0.0,0.0,0.0,0.0,0.0,0.0,0.0,0.0,0.0,0.0,0.0,0.0,0.0,0.0,0.0,0.0,0.0,0.0,1.0,0.1388835608959198,0.1388835608959198,0.13908682763576508,0.0,0.009287605062127113,0.4974187910556793,1.0,0.0,1.0,0.0,0.0,0.15211986005306244,0.0,0.0,0.0,0.0,0.1346895843744278,0.167760968208313,0.0003121088375337422,0.8086622953414917,0.12366794794797897,0.0,0.0,0.0,0.0,0.0,0.0,0.0,0.0,1.0,0.0,0.0026119316462427378,0.2654666602611542,0.3583868443965912,0.023090464994311333,0.0,0.10810671001672745,0.1067805215716362,0.1067805215716362,0.09898041188716888,-0.052509453147649765,6.498276916566681e-11,0.0,0.0,3.766998052597046,3.766998052597046,2.066709041595459,2.066709041595459,0.35436514019966125,0.0,0.0,0.0,0.0,0.1346895843744278,0.2829112708568573,1.4191907371507995e-10,0.9999924898147583,0.12366794794797897,0.1231694296002388,2.2239503860473633,2.088467597961426,2.066709041595459,2.076951742172241,0.4974187910556793,0.0,0.08791898190975189,1.0,2.3225793838500977,2.388361692428589,2.3504347801208496,0.0,0.0,0.0,0.0,0.0,0.0,0.0,0.0,0.0,6.0,0.0,0.0,0.0,0.0,0.0,0.0,,,,,,,,,,,,,,,,,,,,,,0.001
10,1660,train,0.1246754378080368,0.10368895530700684,0.10493239015340805,0.0,0.0,0.0,0.0,0.0,0.0,0.0,0.0,0.0,0.0,0.0,0.0,0.0,0.0,0.0,0.0,0.0,0.0,0.0,0.0,0.0,0.0,0.0,0.0,1.0,0.1258033961057663,0.1258033961057663,0.12595206499099731,0.0,0.009008798748254776,0.5046301484107971,1.0,0.0,1.0,0.0,0.0,0.18176263570785522,0.0,0.0,0.0,0.0,0.10606763511896133,0.1249655932188034,0.0002687281812541187,0.7671805620193481,0.13726353645324707,0.0,0.0,0.0,0.0,0.0,0.0,0.0,0.0,1.0,0.0,0.0029196981340646744,0.24206000566482544,0.3523617684841156,0.02449728734791279,0.0,0.10493239015340805,0.10368895530700684,0.10368895530700684,0.08004111051559448,-0.03479387238621712,1.5280811338502787e-10,0.0,0.0,3.841822862625122,3.841822862625122,2.078616142272949,2.078616142272949,0.28234705328941345,0.0,0.0,0.0,0.0,0.10606763511896133,0.2318987399339676,3.321749542095631e-10,0.9998395442962646,0.13726353645324707,0.0880744531750679,2.2072994709014893,2.0977513790130615,2.078616142272949,2.079101324081421,0.5046301484107971,0.0,0.08922542631626129,1.0,2.28617525100708,2.380030632019043,2.380707263946533,0.0,0.0,0.0,0.0,0.0,0.0,0.0,0.0,0.0,6.0,0.0,0.0,0.0,0.0,0.0,0.0,,,,,,,,,,,,,,,,,,,,,,0.001
10,1670,train_epoch,0.13061621611168284,0.10868650072527503,0.10964857626282526,0.0,0.0,0.0,0.0,0.0,0.0,0.0,0.0,0.0,0.0,0.0,0.0,0.0,0.0,0.0,0.0,0.0,0.0,0.0,0.0,0.0,0.0,0.0,0.0,1.0,0.13065635555697058,0.1306563559584989,0.1308491868887119,0.0,0.008977752797930184,0.5008013353733245,1.0,0.0,1.0,0.0,0.0,0.15556889491345355,0.0,0.0,0.0,0.0,0.12244086342300484,0.1458471691358589,0.00024746487399094047,0.7695065579728452,0.12901600035364758,0.0,0.0,0.0,0.0,0.0,0.0,0.0,0.0,1.0,0.0,0.0022606148165437616,0.26730491354793845,0.3544898697002205,0.025980951788718114,0.0,0.10964857626282526,0.10868650072527503,0.10868650072527503,0.09328701686180994,-0.039233350721996525,-1.1316992213246183e-11,0.0,0.0,3.8707232932130733,3.870723291785417,2.0790704617243327,2.0790704617243327,0.3428560191999652,0.0,0.0,0.0,0.0,0.12244085967540741,0.2604094059345965,3.019882769317414e-10,0.9999476492761852,0.12901600035364758,0.10758511182255373,2.1903174101949454,2.0969527410175988,2.0790704617243327,2.062348782659291,0.5008013353733245,0.0,0.09524008903853194,1.0,2.396095942594334,2.3965216867938013,2.3951799712495174,0.0,0.0,0.0,0.0,0.0,0.0,0.0,0.0,0.0,6.0,0.0,0.0,0.0,0.0,0.0,0.0,,,,,,,,,,,,,,,,,,,,,,0.001
10,1670,val,,,,,,,,,,,,,,,,,,,,,,,,,,,,,,,,,,,,,,,,,,,,,,,,,,,,,,,,,,,,,,,,,,,,,,,,,,,,,,,,,,,,,,,,,,,,,,,,,,,,,,,,,,,,,,,,,,,71.79972451073783,13211.551967075893,114.9415154201296,131.59949111938477,36.166411467960906,15.401740040097918,24.765098997343305,10.545472000326429,7.0506016952650885,17.465105022702897,28.12660775569591,12.135898896626063,8.002285122871399,121.36987958635602,147.89635759303104,237.3525993483407,60.90307746614729,71.79972451073783,114.9415154201296,131.59949111938477,36.166411467960906,0.001
11,1680,train,0.18154379725456238,0.15078024566173553,0.15205952525138855,0.0,0.0035464863758534193,0.0035464863758534193,0.0,4.006654262542725,4.999999873689376e-06,0.0024999999441206455,0.0005000000237487257,0.0024999999441206455,4.999999873689376e-05,4.999999873689376e-05,0.05000000074505806,0.13993890583515167,0.02472226321697235,0.0,0.0,0.0,0.0,0.0,0.0,0.0,0.0,0.10483625531196594,0.10483625531196594,1.0,0.10483625531196594,0.10483625531196594,0.10546775162220001,0.0,-0.0388435497879982,0.5472818613052368,1.0,0.13993890583515167,1.0,0.0,0.0,0.13993890583515167,0.0,0.0,0.02472226321697235,0.0,0.12472226470708847,0.18254706263542175,0.00015288474969565868,0.8749659061431885,0.11973197013139725,0.0,0.0,0.0,0.0,0.0,0.0,0.0,0.0,1.0,0.0,0.001942845992743969,0.27115747332572937,0.36985504627227783,0.021355051547288895,0.0,0.15205952525138855,0.15078024566173553,0.15078024566173553,0.10899075865745544,-0.0671418234705925,1.989746006847426e-10,0.0,0.0,3.91766619682312,3.917666435241699,2.2159805297851562,2.2159805297851562,0.4121619760990143,0.0,0.0,0.0,0.0,0.12472226470708847,0.2725648283958435,1.9823574726185456e-10,0.9999953508377075,0.11973197013139725,0.11101409792900085,2.338576316833496,2.233668088912964,2.2159805297851562,2.1654767990112305,0.5472818613052368,0.0,0.08920648694038391,1.0,2.5054497718811035,2.386136293411255,2.3490777015686035,0.0,0.014044718816876411,0.008635993115603924,0.00041582065750844777,0.033957671374082565,0.0014044719282537699,0.0033957671839743853,0.0,0.01404472067952156,7.0,0.0,0.0,0.0,0.0,0.0,0.0,,,,,,,,,,,,,,,,,,,,,,0.001
11,1700,train,0.14101271331310272,0.11735755205154419,0.11895010620355606,0.0,0.004136563278734684,0.004136563278734684,0.0,3.8728158473968506,4.999999873689376e-06,0.0024999999441206455,0.0005000000237487257,0.0024999999441206455,4.999999873689376e-05,4.999999873689376e-05,0.05000000074505806,0.1387019157409668,0.022773556411266327,0.0,0.0,0.0,0.0,0.0,0.0,0.0,0.0,-0.057540446519851685,-0.057540446519851685,1.0,-0.057540446519851685,-0.057540446519851685,-0.057447649538517,0.0,-0.4069424867630005,1.5389443635940552,1.0,0.1387019157409668,1.0,0.0,0.0,0.1387019157409668,0.0,0.0,0.022773556411266327,0.0,0.0772264376282692,0.10313159227371216,0.0005202682223170996,0.5981055498123169,0.0997830331325531,0.0,0.0,0.0,0.0,0.0,0.0,0.0,0.0,1.0,0.0,0.0027861110866069794,0.2557516396045685,0.36342790722846985,0.025464536622166634,0.0,0.11895010620355606,0.11735755205154419,0.11735755205154419,0.0796918123960495,-0.022203966975212097,9.843281745247623e-11,0.0,0.0,3.7311575412750244,3.7311575412750244,2.1598970890045166,2.1598970890045166,0.28565022349357605,0.0,0.0,0.0,0.0,0.07722644507884979,0.20675258338451385,2.3285373629278183e-10,0.9999140501022339,0.0997830331325531,0.061726413667201996,2.2619690895080566,2.1696696281433105,2.1598970890045166,2.1423490047454834,1.5389443635940552,0.0,0.13045735657215118,1.0,2.2916762828826904,2.328399658203125,2.3274717330932617,0.0,0.011170623824000359,0.009139236994087696,0.00024810939794406295,0.042509060353040695,0.0011170624056831002,0.004250905942171812,0.0,0.011170623824000359,7.0,0.0,0.0,0.0,0.0,0.0,0.0,,,,,,,,,,,,,,,,,,,,,,0.001
11,1720,train,0.13838179409503937,0.11589686572551727,0.11900585889816284,0.0,0.003061836352571845,0.003061836352571845,0.0,3.860241651535034,4.999999873689376e-06,0.0024999999441206455,0.0005000000237487257,0.0024999999441206455,4.999999873689376e-05,4.999999873689376e-05,0.05000000074505806,0.12889550626277924,0.00096922367811203,0.0,0.0,0.0,0.0,0.0,0.0,0.0,0.0,-0.44990023970603943,-0.44990023970603943,1.0,-0.44990023970603943,-0.4499002993106842,-0.4646737277507782,0.0,-1.5499138832092285,1.874993920326233,1.0,0.12889550626277924,1.0,0.0,0.0,0.12889550626277924,0.0,0.0,0.00096922367811203,0.0,0.10096921771764755,0.12449776381254196,0.0007546443957835436,0.7017356753349304,0.11738551408052444,0.0,0.0,0.0,0.0,0.0,0.0,0.0,0.0,1.0,0.0,0.004181483760476112,0.25667694211006165,0.3578450679779053,0.025485934689641,0.0,0.11900585889816284,0.11589686572551727,0.11589686572551727,0.08111855387687683,-0.025605877861380577,-2.569135737484629e-10,0.0,0.0,3.6586196422576904,3.6586196422576904,2.1222691535949707,2.1222691535949707,0.2743612825870514,0.0,0.0,0.0,0.0,0.10096922516822815,0.23659619688987732,1.277710229286022e-11,0.999984860420227,0.11738551408052444,0.08647365868091583,2.1684978008270264,2.138784408569336,2.1222691535949707,2.080174446105957,1.874993920326233,0.0,0.0987660363316536,1.0,2.3461313247680664,2.31112003326416,2.3277812004089355,0.0,0.004723636899143457,0.0032326586078852415,0.00026337828603573143,0.014479340054094791,0.0004723637248389423,0.0014479340752586722,0.0,0.004723636899143457,7.0,0.0,0.0,0.0,0.0,0.0,0.0,,,,,,,,,,,,,,,,,,,,,,0.001
11,1740,train,0.13457328081130981,0.11359842866659164,0.11549028754234314,0.0,0.0031460297759622335,0.0031460297759622335,0.0,3.8913869857788086,4.999999873689376e-06,0.0024999999441206455,0.0005000000237487257,0.0024999999441206455,4.999999873689376e-05,4.999999873689376e-05,0.05000000074505806,0.14632627367973328,0.041476331651210785,0.0,0.0,0.0,0.0,0.0,0.0,0.0,0.0,-0.7199739813804626,-0.7199739813804626,1.0,-0.7199739813804626,-0.7199739813804626,-0.7317148447036743,0.0,-2.18308424949646,1.996645212173462,1.0,0.14632627367973328,1.0,0.0,0.0,0.14632627367973328,0.0,0.0,0.041476331651210785,0.0,0.1414763182401657,0.19583658874034882,4.387024091556668e-05,0.9207455515861511,0.11867821961641312,0.0,0.0,0.0,0.0,0.0,0.0,0.0,0.0,1.0,0.0,0.003298614639788866,0.25566986203193665,0.3585437536239624,0.02428968995809555,0.0,0.11549028754234314,0.11359842866659164,0.11359842866659164,0.0792277380824089,-0.02439296990633011,-1.5917298035184047e-10,0.0,0.0,3.6934471130371094,3.6934471130371094,2.121398687362671,2.121398687362671,0.27811166644096375,0.0,0.0,0.0,0.0,0.1414763331413269,0.2929369807243347,3.187094754775188e-10,0.9999996423721313,0.11867821961641312,0.13075214624404907,2.153508424758911,2.134822368621826,2.121398687362671,2.1202406883239746,1.996645212173462,0.0,0.09774208068847656,1.0,2.2662792205810547,2.3123950958251953,2.32765531539917,0.0,0.003502732142806053,0.0020713459234684706,0.00017494017083663493,0.010479711927473545,0.0003502732142806053,0.0010479711927473545,0.0,0.003502732142806053,7.0,0.0,0.0,0.0,0.0,0.0,0.0,,,,,,,,,,,,,,,,,,,,,,0.001
11,1760,train,0.12775558233261108,0.1082853451371193,0.11018353700637817,0.0,0.003749194322153926,0.003749194322153926,0.0,3.9044430255889893,4.999999873689376e-06,0.0024999999441206455,0.0005000000237487257,0.0024999999441206455,4.999999873689376e-05,4.999999873689376e-05,0.05000000074505806,0.1366405487060547,0.005593299865722656,0.0,0.0,0.0,0.0,0.0,0.0,0.0,0.0,-0.8674901127815247,-0.8674901127815247,1.0,-0.8674901127815247,-0.8674901127815247,-0.8924121856689453,0.0,-2.555121660232544,2.260058879852295,1.0,0.1366405487060547,1.0,0.0,0.0,0.1366405487060547,0.0,0.0,0.005593299865722656,0.0,0.09440669417381287,0.11188200861215591,0.0001125553681049496,0.5879583358764648,0.12502288818359375,0.0,0.0,0.0,0.0,0.0,0.0,0.0,0.0,1.0,0.0,0.0038129310123622417,0.26230940222740173,0.3618248701095581,0.02396964840590954,0.0,0.11018353700637817,0.1082853451371193,0.1082853451371193,0.09060213714838028,-0.02833978272974491,1.9718579546967874e-10,0.0,0.0,3.7172062397003174,3.7172062397003174,2.146721124649048,2.146721124649048,0.3163972795009613,0.0,0.0,0.0,0.0,0.09440670162439346,0.2198536992073059,1.4019907457196723e-10,0.9997956156730652,0.12502288818359375,0.07210478186607361,2.2992188930511475,2.1647908687591553,2.146721124649048,2.1706483364105225,2.260058879852295,0.0,0.13092750310897827,1.0,2.27548885345459,2.297496795654297,2.309462070465088,0.0,0.005602531600743532,0.002549265045672655,0.0005287952371872962,0.010520967654883862,0.0005602532182820141,0.0010520968353375793,0.0,0.005602531600743532,7.0,0.0,0.0,0.0,0.0,0.0,0.0,,,,,,,,,,,,,,,,,,,,,,0.001
11,1780,train,0.13337528705596924,0.11347676813602448,0.11421187967061996,0.0,0.003873990150168538,0.003873990150168538,0.0,3.9237403869628906,4.999999873689376e-06,0.0024999999441206455,0.0005000000237487257,0.0024999999441206455,4.999999873689376e-05,4.999999873689376e-05,0.05000000074505806,0.15606151521205902,0.0291188582777977,0.0,0.0,0.0,0.0,0.0,0.0,0.0,0.0,-0.9941454529762268,-0.9941454529762268,1.0,-0.9941454529762268,-0.9941455721855164,-1.0137443542480469,0.0,-2.817464828491211,2.2165064811706543,1.0,0.15606151521205902,1.0,0.0,0.0,0.15606151521205902,0.0,0.0,0.0291188582777977,0.0,0.129118874669075,0.13643324375152588,0.0003305608406662941,0.7887958884239197,0.13237325847148895,0.0,0.0,0.0,0.0,0.0,0.0,0.0,0.0,1.0,0.0,0.002038228325545788,0.2683582901954651,0.36102092266082764,0.023471863940358162,0.0,0.11421187967061996,0.11347676813602448,0.11347676813602448,0.09811514616012573,-0.03884194418787956,1.5595465197026925e-10,0.0,0.0,3.7729310989379883,3.7729310989379883,2.1785807609558105,2.1785807609558105,0.35033899545669556,0.0,0.0,0.0,0.0,0.12911885976791382,0.270124226808548,1.7194889956329007e-10,0.9999595880508423,0.13237325847148895,0.11443015187978745,2.261382818222046,2.18880295753479,2.1785807609558105,2.088380813598633,2.2165064811706543,0.0,0.11425193399190903,1.0,2.217536687850952,2.2984752655029297,2.2921323776245117,0.0,0.004287766758352518,0.0027730159927159548,1.8382865164312534e-05,0.012964807450771332,0.0004287766641937196,0.0012964807683601975,0.0,0.004287767224013805,7.0,0.0,0.0,0.0,0.0,0.0,0.0,,,,,,,,,,,,,,,,,,,,,,0.001
11,1800,train,0.13127759099006653,0.11159378290176392,0.11352839320898056,0.0,0.003980100620537996,0.003980100620537996,0.0,3.900489091873169,4.999999873689376e-06,0.0024999999441206455,0.0005000000237487257,0.0024999999441206455,4.999999873689376e-05,4.999999873689376e-05,0.05000000074505806,0.15863800048828125,0.0001773834228515625,0.0,0.0,0.0,0.0,0.0,0.0,0.0,0.0,-1.0197573900222778,-1.0197573900222778,1.0,-1.0197573900222778,-1.0197573900222778,-1.0600188970565796,0.0,-2.8892147541046143,2.2883095741271973,1.0,0.15863800048828125,1.0,0.0,0.0,0.15863800048828125,0.0,0.0,0.0001773834228515625,0.0,0.10017737746238708,0.12362359464168549,0.0001607381709618494,0.7340323328971863,0.11544328182935715,0.0,0.0,0.0,0.0,0.0,0.0,0.0,0.0,1.0,0.0,0.0035073391627520323,0.28636229038238525,0.3545568883419037,0.024332508444786072,0.0,0.11352839320898056,0.11159378290176392,0.11159378290176392,0.09417724609375,-0.03526589274406433,3.88581944399391e-11,0.0,0.0,3.7785885334014893,3.7785885334014893,2.0654842853546143,2.0654842853546143,0.3492814600467682,0.0,0.0,0.0,0.0,0.10017738491296768,0.23686516284942627,9.617444340914716e-11,0.9999860525131226,0.11544328182935715,0.08301164954900742,2.206406593322754,2.0805675983428955,2.0654842853546143,2.0755467414855957,2.2883095741271973,0.0,0.11943967640399933,1.0,2.3328094482421875,2.2897706031799316,2.323347568511963,0.0,0.0020195492543280125,0.0016033148858696222,5.079942638985813e-05,0.0073911165818572044,0.0002019549283431843,0.0007391116814687848,0.0,0.0020195492543280125,7.0,0.0,0.0,0.0,0.0,0.0,0.0,,,,,,,,,,,,,,,,,,,,,,0.001
11,1820,train,0.12099998444318771,0.10371564328670502,0.10321405529975891,0.0,0.0037040573079138994,0.0037040573079138994,0.0,3.9147441387176514,4.999999873689376e-06,0.0024999999441206455,0.0005000000237487257,0.0024999999441206455,4.999999873689376e-05,4.999999873689376e-05,0.05000000074505806,0.13050422072410583,0.03462085872888565,0.0,0.0,0.0,0.0,0.0,0.0,0.0,0.0,-1.1318533420562744,-1.1318533420562744,1.0,-1.1318533420562744,-1.131853461265564,-1.1792150735855103,0.0,-3.169401168823242,2.237109422683716,1.0,0.13050422072410583,1.0,0.0,0.0,0.13050422072410583,0.0,0.0,0.03462085872888565,0.0,0.13462084531784058,0.15668822824954987,4.260269633959979e-05,0.8829035758972168,0.13721723854541779,0.0,0.0,0.0,0.0,0.0,0.0,0.0,0.0,1.0,0.0,0.0004573010664898902,0.27698054909706116,0.3458038866519928,0.02278658002614975,0.0,0.10321405529975891,0.10371564328670502,0.10371564328670502,0.09805778414011002,-0.04634616896510124,-1.9818861829445922e-10,0.0,0.0,3.716240406036377,3.716240406036377,2.043794870376587,2.043794870376587,0.3530127704143524,0.0,0.0,0.0,0.0,0.13462086021900177,0.27502408623695374,6.3486694200365346e-12,0.9999927282333374,0.13721723854541779,0.11590839922428131,2.0776023864746094,2.0720479488372803,2.043794870376587,2.0495173931121826,2.237109422683716,0.0,0.08700688183307648,1.0,2.2390801906585693,2.3176963329315186,2.2941620349884033,0.0,0.0032149730250239372,0.0019862065091729164,6.739061063854024e-05,0.00902086403220892,0.00032149735488928854,0.0009020864381454885,0.0,0.003214973257854581,7.0,0.0,0.0,0.0,0.0,0.0,0.0,,,,,,,,,,,,,,,,,,,,,,0.001
11,1837,train_epoch,0.1379493552589131,0.11643309052475913,0.11744869130100319,0.0,0.003685793918864188,0.003685793918864188,0.0,3.890335131548122,4.999999873689376e-06,0.0024999999441206455,0.0005000000237487257,0.0024999999441206455,4.999999873689376e-05,4.999999873689376e-05,0.05000000074505806,0.1365210124386285,0.02050706922651051,0.0,0.0,0.0,0.0,0.0,0.0,0.0,0.0,-0.6699972309222344,-0.6699972309222344,1.0,-0.6699972309222344,-0.6699972310003094,-0.6907405834868104,0.0,-2.0353621349943256,1.9098119576891026,1.0,0.1365210124386285,1.0,0.0,0.0,0.1365210124386285,0.0,0.0,0.02050706922651051,0.0,0.1167858423230177,0.14336112239760554,0.00021086722971996275,0.7870273923802519,0.12765445363914182,0.0,0.0,0.0,0.0,0.0,0.0,0.0,0.0,1.0,0.0,0.002363464631757861,0.2653472673393295,0.3550390238890391,0.02422388432223997,0.0,0.11744869130100319,0.11643309052475913,0.11643309052475913,0.09208060064893997,-0.036113963782380215,-7.240399070590453e-12,0.0,0.0,3.774940680600926,3.7749406934498313,2.1002274430440573,2.1002274430440573,0.3316948940297087,0.0,0.0,0.0,0.0,0.11678584504448725,0.25278638999262254,1.79699255543415e-10,0.9999104027976533,0.12765445363914182,0.1006731540856961,2.1966645089452137,2.1201671005009177,2.1002274430440573,2.0861380828354887,1.9098119576891026,0.0,0.10618985796759943,1.0,2.318449267370258,2.3181682703737727,2.318278078547495,0.0,0.006078774772422712,0.003943238808901724,0.0001993005543996839,0.0168139900354122,0.0006078774900514421,0.0016813990325404856,0.0,0.006078774816339869,7.0,0.0,0.0,0.0,0.0,0.0,0.0,,,,,,,,,,,,,,,,,,,,,,0.001
11,1837,val,,,,,,,,,,,,,,,,,,,,,,,,,,,,,,,,,,,,,,,,,,,,,,,,,,,,,,,,,,,,,,,,,,,,,,,,,,,,,,,,,,,,,,,,,,,,,,,,,,,,,,,,,,,,,,,,,,,60.47467613220215,10286.181937081474,101.42081609354894,108.60224400247846,30.36992621421814,15.167739800044469,24.434828640454782,10.521284869738988,6.9361486945833475,16.914815255573817,27.309626692207804,11.771445623465947,7.731577643326351,120.9525124686105,146.84703298039457,242.61543471472604,61.19889981406076,60.47467613220215,101.42081609354894,108.60224400247846,30.36992621421814,0.001
11,1837,test,,,,,,,,,,,,,,,,,,,,,,,,,,,,,,,,,,,,,,,,,,,,,,,,,,,,,,,,,,,,,,,,,,,,,,,,,,,,,,,,,,,,,,,,,,,,,,,,,,,,,,,,,,,,,,,,,,,64.5006948879787,11234.799769810268,105.99433838564336,98.96378755569458,32.831569705690654,17.7508066041129,27.610016318135955,14.812006780079432,8.23129950250898,21.662490793636866,33.88371044615016,18.0813484447343,10.072690674236842,127.19643742697579,154.6801169549409,212.68606022426061,65.43742663519723,64.5006948879787,105.99433838564336,98.96378755569458,32.831569705690654,0.001
12,1840,train,0.13055111467838287,0.11446085572242737,0.11497970670461655,0.0,0.003615817753598094,0.003615817753598094,0.0,3.893388509750366,9.999999747378752e-06,0.004999999888241291,0.0010000000474974513,0.004999999888241291,9.999999747378752e-05,9.999999747378752e-05,0.10000000149011612,0.13324590027332306,0.012077666819095612,0.0,0.0,0.0,0.0,0.0,0.0,0.0,0.0,-1.1628715991973877,-1.1628715991973877,1.0,-1.1628715991973877,-1.1628715991973877,-1.1836938858032227,0.0,-3.235543727874756,2.2523305416107178,1.0,0.13324590027332306,1.0,0.0,0.0,0.13324590027332306,0.0,0.0,0.012077666819095612,0.0,0.11207766830921173,0.16450335085391998,1.5230192730086856e-05,0.8451910018920898,0.11882288008928299,0.0,0.0,0.0,0.0,0.0,0.0,0.0,0.0,1.0,0.0,0.001323682488873601,0.26889708638191223,0.34174472093582153,0.023577101528644562,0.0,0.11497970670461655,0.11446085572242737,0.11446085572242737,0.11209917813539505,-0.05068691447377205,-4.925804555910851e-11,0.0,0.0,3.894015073776245,3.894015073776245,2.019143581390381,2.019143581390381,0.42129993438720703,0.0,0.0,0.0,0.0,0.11207766830921173,0.2533169090747833,2.0213633544763354e-10,0.9999934434890747,0.11882288008928299,0.09701287001371384,2.128837823867798,2.0413897037506104,2.019143581390381,2.0479977130889893,2.2523305416107178,0.0,0.09756433963775635,1.0,2.3195178508758545,2.281907081604004,2.304658889770508,0.0,0.0031711081974208355,0.002005486050620675,0.00011602450831560418,0.010343064554035664,0.0003171107964590192,0.0010343064786866307,0.0,0.0031711081974208355,7.0,0.0,0.0,0.0,0.0,0.0,0.0,,,,,,,,,,,,,,,,,,,,,,0.001
12,1860,train,0.11672808974981308,0.10296919196844101,0.10407331585884094,0.0,0.003492821706458926,0.003492821706458926,0.0,3.874688148498535,9.999999747378752e-06,0.004999999888241291,0.0010000000474974513,0.004999999888241291,9.999999747378752e-05,9.999999747378752e-05,0.10000000149011612,0.12783166766166687,0.012473255395889282,0.0,0.0,0.0,0.0,0.0,0.0,0.0,0.0,-1.187669277191162,-1.187669277191162,1.0,-1.187669277191162,-1.187669277191162,-1.2224575281143188,0.0,-3.3296124935150146,2.338486433029175,1.0,0.12783166766166687,1.0,0.0,0.0,0.12783166766166687,0.0,0.0,0.012473255395889282,0.0,0.08752673864364624,0.10188233107328415,0.0001368306839140132,0.6532430648803711,0.12124034762382507,0.0,0.0,0.0,0.0,0.0,0.0,0.0,0.0,1.0,0.0,0.0023824090603739023,0.2600594460964203,0.3517107367515564,0.024946536868810654,0.0,0.10407331585884094,0.10296919196844101,0.10296919196844101,0.09452524781227112,-0.03744608908891678,-1.8401702384096552e-10,0.0,0.0,3.7470862865448,3.7470862865448,2.067958354949951,2.067958354949951,0.3283599019050598,0.0,0.0,0.0,0.0,0.08752674609422684,0.21005676686763763,7.585995200065643e-12,0.9993091821670532,0.12124034762382507,0.06713388860225677,2.256589889526367,2.0849199295043945,2.067958354949951,2.1178877353668213,2.338486433029175,0.0,0.1004277765750885,1.0,2.272789716720581,2.302551746368408,2.283717155456543,0.0,0.002248194068670273,0.001549206324853003,5.944900476606563e-05,0.00684736343100667,0.00022481943597085774,0.0006847363547421992,0.0,0.002248194068670273,7.0,0.0,0.0,0.0,0.0,0.0,0.0,,,,,,,,,,,,,,,,,,,,,,0.001
12,1880,train,0.12782064080238342,0.11221963912248611,0.11359450221061707,0.0,0.003060202579945326,0.003060202579945326,0.0,4.004140377044678,9.999999747378752e-06,0.004999999888241291,0.0010000000474974513,0.004999999888241291,9.999999747378752e-05,9.999999747378752e-05,0.10000000149011612,0.12332947552204132,0.0006278827786445618,0.0,0.0,0.0,0.0,0.0,0.0,0.0,0.0,-1.1976059675216675,-1.1976059675216675,1.0,-1.1976059675216675,-1.1976059675216675,-1.2155073881149292,0.0,-3.3079464435577393,2.4550888538360596,1.0,0.12332947552204132,1.0,0.0,0.0,0.12332947552204132,0.0,0.0,0.0006278827786445618,0.0,0.10062788426876068,0.13181935250759125,0.00026323291240260005,0.7831828594207764,0.12503410875797272,0.0,0.0,0.0,0.0,0.0,0.0,0.0,0.0,1.0,0.0,0.002496891189366579,0.2554703652858734,0.36096712946891785,0.02046474628150463,0.0,0.11359450221061707,0.11221963912248611,0.11221963912248611,0.08712305873632431,-0.019614962860941887,5.994882368298704e-11,0.0,0.0,3.7656326293945312,3.7656326293945312,2.156277656555176,2.156277656555176,0.311894953250885,0.0,0.0,0.0,0.0,0.10062788426876068,0.23195557296276093,5.932177058604049e-12,0.9999125003814697,0.12503410875797272,0.08161765336990356,2.2151355743408203,2.1656739711761475,2.156277656555176,2.204625368118286,2.4550888538360596,0.0,0.09140617400407791,1.0,2.2958524227142334,2.272554397583008,2.2781741619110107,0.0,0.004012698773294687,0.0030112718231976032,4.122971949982457e-05,0.012156963348388672,0.00040126987732946873,0.0012156963348388672,0.0,0.004012698773294687,7.0,0.0,0.0,0.0,0.0,0.0,0.0,,,,,,,,,,,,,,,,,,,,,,0.001
12,1900,train,0.12271028012037277,0.10849139094352722,0.10870064795017242,0.0,0.00357682048343122,0.00357682048343122,0.0,3.9356515407562256,9.999999747378752e-06,0.004999999888241291,0.0010000000474974513,0.004999999888241291,9.999999747378752e-05,9.999999747378752e-05,0.10000000149011612,0.13669347763061523,0.0066971927881240845,0.0,0.0,0.0,0.0,0.0,0.0,0.0,0.0,-1.265468955039978,-1.265468955039978,1.0,-1.265468955039978,-1.2654688358306885,-1.2642812728881836,0.0,-3.4828906059265137,2.275024652481079,1.0,0.13669347763061523,1.0,0.0,0.0,0.13669347763061523,0.0,0.0,0.0066971927881240845,0.0,0.1066972017288208,0.13231900334358215,0.00012242313823662698,0.824074923992157,0.12984497845172882,0.0,0.0,0.0,0.0,0.0,0.0,0.0,0.0,1.0,0.0,0.001223636558279395,0.2770299017429352,0.3500753343105316,0.022100472822785378,0.0,0.10870064795017242,0.10849139094352722,0.10849139094352722,0.10039825737476349,-0.045133043080568314,1.482700941191073e-11,0.0,0.0,3.80436372756958,3.80436372756958,2.079807996749878,2.079807996749878,0.37264037132263184,0.0,0.0,0.0,0.0,0.1066971942782402,0.2374652624130249,8.284660392605947e-13,0.9998216032981873,0.12984497845172882,0.08885570615530014,2.1336827278137207,2.111926555633545,2.079807996749878,2.081918478012085,2.275024652481079,0.0,0.0872747153043747,1.0,2.2816460132598877,2.2813148498535156,2.2793166637420654,0.0,0.0020872591994702816,0.0014836961636319757,5.461357068270445e-05,0.006009920034557581,0.00020872594905085862,0.0006009920034557581,0.0,0.0020872591994702816,7.0,0.0,0.0,0.0,0.0,0.0,0.0,,,,,,,,,,,,,,,,,,,,,,0.001
12,1920,train,0.13350772857666016,0.11716100573539734,0.11880265176296234,0.0,0.0034403635654598475,0.0034403635654598475,0.0,3.924351215362549,9.999999747378752e-06,0.004999999888241291,0.0010000000474974513,0.004999999888241291,9.999999747378752e-05,9.999999747378752e-05,0.10000000149011612,0.12799003720283508,0.00858413428068161,0.0,0.0,0.0,0.0,0.0,0.0,0.0,0.0,-1.2473193407058716,-1.2473193407058716,1.0,-1.2473193407058716,-1.2473194599151611,-1.2457551956176758,0.0,-3.4218461513519287,2.3296284675598145,1.0,0.12799003720283508,1.0,0.0,0.0,0.12799003720283508,0.0,0.0,0.00858413428068161,0.0,0.10858413577079773,0.14159730076789856,0.00011454670311650261,0.9122687578201294,0.12391974031925201,0.0,0.0,0.0,0.0,0.0,0.0,0.0,0.0,1.0,0.0,0.0026193337980657816,0.2875473201274872,0.3525168299674988,0.022914491593837738,0.0,0.11880265176296234,0.11716100573539734,0.11716100573539734,0.09806942939758301,-0.046660762280225754,1.177639374905226e-10,0.0,0.0,3.666640520095825,3.666640520095825,2.064455270767212,2.064455270767212,0.35468050837516785,0.0,0.0,0.0,0.0,0.10858413577079773,0.24466611444950104,5.887930117423612e-13,0.9999960660934448,0.12391974031925201,0.09139859676361084,2.120487689971924,2.087712049484253,2.064455270767212,2.0706028938293457,2.3296284675598145,0.0,0.08962592482566833,1.0,2.2281105518341064,2.293774366378784,2.243922710418701,0.0,0.002265282440930605,0.0018631962593644857,4.209182952763513e-05,0.008047076873481274,0.00022652825282420963,0.0008047076989896595,0.0,0.002265282440930605,7.0,0.0,0.0,0.0,0.0,0.0,0.0,,,,,,,,,,,,,,,,,,,,,,0.001
12,1940,train,0.11123049259185791,0.09898099303245544,0.1007021814584732,0.0,0.002858411753550172,0.002858411753550172,0.0,3.943366765975952,9.999999747378752e-06,0.004999999888241291,0.0010000000474974513,0.004999999888241291,9.999999747378752e-05,9.999999747378752e-05,0.10000000149011612,0.13269400596618652,0.050038449466228485,0.0,0.0,0.0,0.0,0.0,0.0,0.0,0.0,-1.3271571397781372,-1.3271571397781372,1.0,-1.3271571397781372,-1.3271570205688477,-1.3362371921539307,0.0,-3.5861754417419434,2.2777485847473145,1.0,0.13269400596618652,1.0,0.0,0.0,0.13269400596618652,0.0,0.0,0.050038449466228485,0.0,0.1500384509563446,0.15391235053539276,7.609927706653252e-05,0.945991039276123,0.15903568267822266,0.0,0.0,0.0,0.0,0.0,0.0,0.0,0.0,1.0,0.0,0.00272174458950758,0.25252315402030945,0.34858331084251404,0.02176712080836296,0.0,0.1007021814584732,0.09898099303245544,0.09898099303245544,0.08492085337638855,-0.026465481147170067,-2.7979116246079627e-10,0.0,0.0,3.8257594108581543,3.8257594108581543,2.083753824234009,2.083753824234009,0.3035191297531128,0.0,0.0,0.0,0.0,0.1500384509563446,0.2816448509693146,3.1428971838248776e-12,0.9999219179153442,0.15903568267822266,0.13390779495239258,2.1740939617156982,2.1042227745056152,2.083753824234009,2.0641345977783203,2.2777485847473145,0.0,0.08395881950855255,1.0,2.246516466140747,2.2776689529418945,2.260134696960449,0.0,0.005290337838232517,0.0023910559248179197,0.0007047494873404503,0.012053504586219788,0.0005290337721817195,0.0012053505051881075,0.0,0.005290337838232517,7.0,0.0,0.0,0.0,0.0,0.0,0.0,,,,,,,,,,,,,,,,,,,,,,0.001
12,1960,train,0.11875209957361221,0.10529649257659912,0.1062626764178276,0.0,0.003226569155231118,0.003226569155231118,0.0,3.9201157093048096,9.999999747378752e-06,0.004999999888241291,0.0010000000474974513,0.004999999888241291,9.999999747378752e-05,9.999999747378752e-05,0.10000000149011612,0.12533515691757202,0.009455136954784393,0.0,0.0,0.0,0.0,0.0,0.0,0.0,0.0,-1.3109567165374756,-1.3109567165374756,1.0,-1.3109567165374756,-1.3109567165374756,-1.3163182735443115,0.0,-3.549445629119873,2.400252342224121,1.0,0.12533515691757202,1.0,0.0,0.0,0.12533515691757202,0.0,0.0,0.009455136954784393,0.0,0.09054485708475113,0.11384870857000351,0.0002420667151454836,0.719904899597168,0.12466452270746231,0.0,0.0,0.0,0.0,0.0,0.0,0.0,0.0,1.0,0.0,0.0022562837693840265,0.2564590573310852,0.34561607241630554,0.021732226014137268,0.0,0.1062626764178276,0.10529649257659912,0.10529649257659912,0.09428318589925766,-0.0332467220723629,-2.3459009734771996e-10,0.0,0.0,3.8132827281951904,3.8132827281951904,2.0406038761138916,2.0406038761138916,0.3441339433193207,0.0,0.0,0.0,0.0,0.09054486453533173,0.21407732367515564,1.1644740727234648e-11,0.9999771118164062,0.12466452270746231,0.06928615272045135,2.1576743125915527,2.047917604446411,2.0406038761138916,2.1305391788482666,2.400252342224121,0.0,0.09191698580980301,1.0,2.1904501914978027,2.260059356689453,2.2376809120178223,0.0,0.001992899226024747,0.001465915935114026,6.37491830275394e-05,0.006135578267276287,0.00019928991969209164,0.0006135578150860965,0.0,0.001992899226024747,7.0,0.0,0.0,0.0,0.0,0.0,0.0,,,,,,,,,,,,,,,,,,,,,,0.001
12,1980,train,0.12409894913434982,0.10955403000116348,0.11144343763589859,0.0,0.0034041733015328646,0.0034041733015328646,0.0,3.943366527557373,9.999999747378752e-06,0.004999999888241291,0.0010000000474974513,0.004999999888241291,9.999999747378752e-05,9.999999747378752e-05,0.10000000149011612,0.14943362772464752,0.002702668309211731,0.0,0.0,0.0,0.0,0.0,0.0,0.0,0.0,-1.3025740385055542,-1.3025740385055542,1.0,-1.3025740385055542,-1.3025740385055542,-1.3207755088806152,0.0,-3.566580295562744,2.3937134742736816,1.0,0.14943362772464752,1.0,0.0,0.0,0.14943362772464752,0.0,0.0,0.002702668309211731,0.0,0.09729732573032379,0.13662464916706085,0.00019076091120950878,0.8218342661857605,0.11282138526439667,0.0,0.0,0.0,0.0,0.0,0.0,0.0,0.0,1.0,0.0,0.0027937754057347775,0.27756550908088684,0.3548160791397095,0.021645626053214073,0.0,0.11144343763589859,0.10955403000116348,0.10955403000116348,0.08862907439470291,-0.01277459692209959,1.993683412804259e-10,0.0,0.0,3.7959530353546143,3.7959530353546143,2.109563112258911,2.109563112258911,0.3183220326900482,0.0,0.0,0.0,0.0,0.09729733318090439,0.23350714147090912,1.0173357815890238e-11,0.9999911785125732,0.11282138526439667,0.08364737033843994,2.2133772373199463,2.118300676345825,2.109563112258911,2.123453378677368,2.3937134742736816,0.0,0.09725283831357956,1.0,2.271730422973633,2.2460503578186035,2.247854709625244,0.0,0.004815505817532539,0.0026638058479875326,0.0005458177765831351,0.010847609490156174,0.00048155058175325394,0.001084760995581746,0.0,0.004815506283193827,7.0,0.0,0.0,0.0,0.0,0.0,0.0,,,,,,,,,,,,,,,,,,,,,,0.001
12,2000,train,0.13030219078063965,0.11499910801649094,0.11519928276538849,0.0,0.003721185028553009,0.003721185028553009,0.0,3.95908260345459,9.999999747378752e-06,0.004999999888241291,0.0010000000474974513,0.004999999888241291,9.999999747378752e-05,9.999999747378752e-05,0.10000000149011612,0.12967875599861145,0.04270225018262863,0.0,0.0,0.0,0.0,0.0,0.0,0.0,0.0,-1.3020362854003906,-1.3020362854003906,1.0,-1.3020362854003906,-1.3020362854003906,-1.2758727073669434,0.0,-3.615896701812744,2.3925442695617676,1.0,0.12967875599861145,1.0,0.0,0.0,0.12967875599861145,0.0,0.0,0.04270225018262863,0.0,0.14270225167274475,0.16261325776576996,0.00035935157211497426,0.8781298995018005,0.15686684846878052,0.0,0.0,0.0,0.0,0.0,0.0,0.0,0.0,1.0,0.0,0.0013777314452454448,0.28438717126846313,0.36354273557662964,0.021300513297319412,0.0,0.11519928276538849,0.11499910801649094,0.11499910801649094,0.10881370306015015,-0.04278751462697983,3.805059045625114e-11,0.0,0.0,3.8319735527038574,3.8319735527038574,2.159278392791748,2.159278392791748,0.4021640717983246,0.0,0.0,0.0,0.0,0.14270225167274475,0.27355995774269104,5.811990428858382e-13,0.9998558759689331,0.15686684846878052,0.12464767694473267,2.191723346710205,2.1871073246002197,2.159278392791748,2.1736972332000732,2.3925442695617676,0.0,0.09282218664884567,1.0,2.299989700317383,2.2528884410858154,2.264509677886963,0.0,0.002507854253053665,0.0019728722982108593,1.0541520168771967e-05,0.0076161534525454044,0.0002507854369468987,0.0007616153452545404,0.0,0.002507854253053665,7.0,0.0,0.0,0.0,0.0,0.0,0.0,,,,,,,,,,,,,,,,,,,,,,0.001
12,2004,train_epoch,0.12327090012813043,0.1088590325263446,0.10962994258382364,0.0,0.0035122515003525923,0.0035122515003525923,0.0,3.9101298883289632,9.999999747378752e-06,0.004999999888241291,0.0010000000474974513,0.004999999888241291,9.999999747378752e-05,9.999999747378752e-05,0.10000000149011612,0.13366181840618213,0.022746311110293793,0.0,0.0,0.0,0.0,0.0,0.0,0.0,0.0,-1.2644038992727589,-1.2644038992727589,1.0,-1.2644038992727589,-1.264403899986587,-1.2772553523857437,0.0,-3.4806904178893494,2.3055504324907314,1.0,0.13366181840618213,1.0,0.0,0.0,0.13366181840618213,0.0,0.0,0.022746311110293793,0.0,0.12072612389832914,0.15116991749602163,0.00018298556135518966,0.8637274910589892,0.1353387545325799,0.0,0.0,0.0,0.0,0.0,0.0,0.0,0.0,1.0,0.0,0.0018233336756789422,0.2701669520960597,0.35071488215537844,0.022795923689971426,0.0,0.10962994258382364,0.1088590325263446,0.1088590325263446,0.09808001805565314,-0.03952689538849239,1.4721175358334782e-11,0.0,0.0,3.8153023948212583,3.8153023776893846,2.0839614454143773,2.0839614454143773,0.35529314275987134,0.0,0.0,0.0,0.0,0.12072612657518444,0.25463031607116765,6.728416116049293e-11,0.9998833419320112,0.1353387545325799,0.10365978213484416,2.1704483246374986,2.099018343194516,2.0839614454143773,2.071591632094926,2.3055504324907314,0.0,0.09366571880921633,1.0,2.2717020340308456,2.270382812637055,2.270200322488111,0.0,0.003846905399169661,0.002326217765116808,0.00017167278096716682,0.009863446926709242,0.0003846905470970728,0.0009863447092269954,0.0,0.003846905423568082,7.0,0.0,0.0,0.0,0.0,0.0,0.0,,,,,,,,,,,,,,,,,,,,,,0.001
12,2004,val,,,,,,,,,,,,,,,,,,,,,,,,,,,,,,,,,,,,,,,,,,,,,,,,,,,,,,,,,,,,,,,,,,,,,,,,,,,,,,,,,,,,,,,,,,,,,,,,,,,,,,,,,,,,,,,,,,,60.48626599993025,10342.568612234933,101.69841991021755,108.28974665914264,30.37418511935643,15.056414876665388,24.30562865134253,10.33106300660542,6.918982207775116,16.77033301762172,27.167505884316704,11.823410366262708,7.713890663215092,121.3881493977138,147.31157575784752,243.3085244042533,61.453629629952566,60.48626599993025,101.69841991021755,108.28974665914264,30.37418511935643,0.001
13,2020,train,0.11320702731609344,0.1043078824877739,0.10552404075860977,0.0,0.0032679743599146605,0.0032679743599146605,0.0,3.930603504180908,1.4999999621068127e-05,0.007499999832361937,0.001500000013038516,0.007499999832361937,0.0001500000071246177,0.0001500000071246177,0.15000000596046448,0.11689388751983643,0.024118274450302124,0.0,0.0,0.0,0.0,0.0,0.0,0.0,0.0,-1.3678092956542969,-1.3678092956542969,1.0,-1.3678092956542969,-1.3678094148635864,-1.3507299423217773,0.0,-3.6440837383270264,2.3782238960266113,1.0,0.11689388751983643,1.0,0.0,0.0,0.11689388751983643,0.0,0.0,0.024118274450302124,0.0,0.12411827594041824,0.16300690174102783,0.000286162830889225,0.8992618322372437,0.14269940555095673,0.0,0.0,0.0,0.0,0.0,0.0,0.0,0.0,1.0,0.0,0.0020598797127604485,0.2745664119720459,0.3504427373409271,0.021604102104902267,0.0,0.10552404075860977,0.1043078824877739,0.1043078824877739,0.10014081001281738,-0.02179608680307865,-1.3546672117392689e-10,0.0,0.0,3.851529598236084,3.851529598236084,2.1263861656188965,2.1263861656188965,0.3731682300567627,0.0,0.0,0.0,0.0,0.12411827594041824,0.2574028968811035,1.0043368046941392e-12,0.9998712539672852,0.14269940555095673,0.10520067811012268,2.1284656524658203,2.1508398056030273,2.1263861656188965,2.09541392326355,2.3782238960266113,0.0,0.08056140691041946,1.0,2.2825357913970947,2.2546305656433105,2.275324583053589,0.0,0.0029377846512943506,0.002334598684683442,4.1539620724506676e-05,0.009264066815376282,0.00029377848841249943,0.0009264067048206925,0.0,0.0029377846512943506,7.0,0.0,0.0,0.0,0.0,0.0,0.0,,,,,,,,,,,,,,,,,,,,,,0.001
13,2040,train,0.11773362755775452,0.10815697908401489,0.10918199270963669,0.0,0.0034742506686598063,0.0034742506686598063,0.0,3.715125560760498,1.4999999621068127e-05,0.007499999832361937,0.001500000013038516,0.007499999832361937,0.0001500000071246177,0.0001500000071246177,0.15000000596046448,0.15216456353664398,0.0184149369597435,0.0,0.0,0.0,0.0,0.0,0.0,0.0,0.0,-1.3741246461868286,-1.3741246461868286,1.0,-1.3741246461868286,-1.3741246461868286,-1.354154348373413,0.0,-3.6805179119110107,2.241609811782837,1.0,0.15216456353664398,1.0,0.0,0.0,0.15216456353664398,0.0,0.0,0.0184149369597435,0.0,0.08158506453037262,0.11116983741521835,0.0004810802638530731,0.7680858373641968,0.11586380004882812,0.0,0.0,0.0,0.0,0.0,0.0,0.0,0.0,1.0,0.0,0.001932102139107883,0.28503742814064026,0.3323591649532318,0.028216706588864326,0.0,0.10918199270963669,0.10815697908401489,0.10815697908401489,0.10110635310411453,-0.04000292345881462,-3.147069063680341e-11,0.0,0.0,3.8386783599853516,3.8386783599853516,2.025729179382324,2.025729179382324,0.37132078409194946,0.0,0.0,0.0,0.0,0.08158506453037262,0.2031370848417282,1.0039115806020904e-12,0.9998641014099121,0.11586380004882812,0.06346507370471954,2.1444571018218994,2.031712055206299,2.025729179382324,2.045677661895752,2.241609811782837,0.0,0.08690110594034195,1.0,2.2240023612976074,2.2299911975860596,2.218432903289795,0.0,0.0029161511920392513,0.0023849885910749435,0.00012690039875451475,0.009424497373402119,0.00029161511338315904,0.0009424497256986797,0.0,0.0029161511920392513,7.0,0.0,0.0,0.0,0.0,0.0,0.0,,,,,,,,,,,,,,,,,,,,,,0.001
13,2060,train,0.12313469499349594,0.11218996345996857,0.1137503981590271,0.0,0.003720911918208003,0.003720911918208003,0.0,3.966754674911499,1.4999999621068127e-05,0.007499999832361937,0.001500000013038516,0.007499999832361937,0.0001500000071246177,0.0001500000071246177,0.15000000596046448,0.12434843927621841,0.017027005553245544,0.0,0.0,0.0,0.0,0.0,0.0,0.0,0.0,-1.3237725496292114,-1.3237725496292114,1.0,-1.3237725496292114,-1.3237725496292114,-1.304888367652893,0.0,-3.6320419311523438,2.454512357711792,1.0,0.12434843927621841,1.0,0.0,0.0,0.12434843927621841,0.0,0.0,0.017027005553245544,0.0,0.11702701449394226,0.16087602078914642,0.00023116978991311044,0.8587090373039246,0.13694436848163605,0.0,0.0,0.0,0.0,0.0,0.0,0.0,0.0,1.0,0.0,0.0029246702324599028,0.2711871564388275,0.3720603585243225,0.02106114849448204,0.0,0.1137503981590271,0.11218996345996857,0.11218996345996857,0.10802536457777023,-0.021133655682206154,-4.020783705982467e-11,0.0,0.0,3.9201645851135254,3.9201645851135254,2.218580484390259,2.218580484390259,0.40227508544921875,0.0,0.0,0.0,0.0,0.11702700704336166,0.24978996813297272,2.520209041456667e-10,0.999887228012085,0.13694436848163605,0.09975490719079971,2.3097219467163086,2.2369391918182373,2.218580484390259,2.1781325340270996,2.454512357711792,0.0,0.11348637193441391,1.0,2.325815200805664,2.2118825912475586,2.262073516845703,0.0,0.0029599887784570456,0.00209418055601418,0.00013949480489827693,0.008145752362906933,0.000295998906949535,0.0008145752362906933,0.0,0.002959989011287689,7.0,0.0,0.0,0.0,0.0,0.0,0.0,,,,,,,,,,,,,,,,,,,,,,0.001
13,2080,train,0.12439941614866257,0.11373291164636612,0.11454568803310394,0.0,0.0034618754871189594,0.0034618754871189594,0.0,3.9230740070343018,1.4999999621068127e-05,0.007499999832361937,0.001500000013038516,0.007499999832361937,0.0001500000071246177,0.0001500000071246177,0.15000000596046448,0.1469065248966217,0.004599370062351227,0.0,0.0,0.0,0.0,0.0,0.0,0.0,0.0,-1.37224280834198,-1.37224280834198,1.0,-1.37224280834198,-1.37224280834198,-1.363421082496643,0.0,-3.7249298095703125,2.35443377494812,1.0,0.1469065248966217,1.0,0.0,0.0,0.1469065248966217,0.0,0.0,0.004599370062351227,0.0,0.10459937155246735,0.1429928094148636,0.00021961721358820796,0.8736137747764587,0.1315944641828537,0.0,0.0,0.0,0.0,0.0,0.0,0.0,0.0,1.0,0.0,0.0015598619356751442,0.29795363545417786,0.36431896686553955,0.02219879813492298,0.0,0.11454568803310394,0.11373291164636612,0.11373291164636612,0.09421620517969131,-0.03914610296487808,-1.7713536193397772e-10,0.0,0.0,3.912104845046997,3.912104845046997,2.168409585952759,2.168409585952759,0.3524339497089386,0.0,0.0,0.0,0.0,0.10459937155246735,0.2335599660873413,8.54251478582535e-12,0.9997484087944031,0.1315944641828537,0.08661918342113495,2.0731024742126465,2.1889610290527344,2.168409585952759,2.0688016414642334,2.35443377494812,0.0,0.07686569541692734,1.0,2.196437120437622,2.25557279586792,2.259631633758545,0.0,0.0027613183483481407,0.0020594969391822815,3.359958645887673e-05,0.011981404386460781,0.00027613184647634625,0.0011981404386460781,0.0,0.0027613183483481407,7.0,0.0,0.0,0.0,0.0,0.0,0.0,,,,,,,,,,,,,,,,,,,,,,0.001
13,2100,train,0.11769455671310425,0.10812655836343765,0.10924780368804932,0.0,0.0035243418533354998,0.0035243418533354998,0.0,3.855149269104004,1.4999999621068127e-05,0.007499999832361937,0.001500000013038516,0.007499999832361937,0.0001500000071246177,0.0001500000071246177,0.15000000596046448,0.12581415474414825,0.02255202829837799,0.0,0.0,0.0,0.0,0.0,0.0,0.0,0.0,-1.376452922821045,-1.376452922821045,1.0,-1.376452922821045,-1.376452922821045,-1.3651043176651,0.0,-3.731095790863037,2.342017650604248,1.0,0.12581415474414825,1.0,0.0,0.0,0.12581415474414825,0.0,0.0,0.02255202829837799,0.0,0.12255202978849411,0.17741268873214722,2.479389513609931e-05,0.9424168467521667,0.13090644776821136,0.0,0.0,0.0,0.0,0.0,0.0,0.0,0.0,1.0,0.0,0.001998267136514187,0.28456205129623413,0.342038631439209,0.02324470691382885,0.0,0.10924780368804932,0.10812655836343765,0.10812655836343765,0.10818585008382797,-0.045359112322330475,1.9574612764028387e-10,0.0,0.0,3.8687429428100586,3.8687429428100586,2.0481019020080566,2.0481019020080566,0.3974335789680481,0.0,0.0,0.0,0.0,0.12255202978849411,0.26295092701911926,5.039470360110321e-13,0.9999904632568359,0.13090644776821136,0.10444241017103195,2.143617630004883,2.051522970199585,2.0481019020080566,2.0612730979919434,2.342017650604248,0.0,0.09117838740348816,1.0,2.202962875366211,2.256086587905884,2.2287778854370117,0.0,0.007635662332177162,0.003812007373198867,8.106175664579496e-05,0.015186705626547337,0.0007635662332177162,0.001518670585937798,0.0,0.0076356614008545876,7.0,0.0,0.0,0.0,0.0,0.0,0.0,,,,,,,,,,,,,,,,,,,,,,0.001
13,2120,train,0.11585377156734467,0.10705771297216415,0.10769226402044296,0.0,0.0032814976293593645,0.0032814976293593645,0.0,3.86859130859375,1.4999999621068127e-05,0.007499999832361937,0.001500000013038516,0.007499999832361937,0.0001500000071246177,0.0001500000071246177,0.15000000596046448,0.12902681529521942,0.010940991342067719,0.0,0.0,0.0,0.0,0.0,0.0,0.0,0.0,-1.4273371696472168,-1.4273371696472168,1.0,-1.4273371696472168,-1.4273371696472168,-1.3936681747436523,0.0,-3.7823290824890137,2.3058626651763916,1.0,0.12902681529521942,1.0,0.0,0.0,0.12902681529521942,0.0,0.0,0.010940991342067719,0.0,0.11094098538160324,0.14039346575737,0.00017547394963912666,0.9220446944236755,0.14213640987873077,0.0,0.0,0.0,0.0,0.0,0.0,0.0,0.0,1.0,0.0,0.0013231495395302773,0.26714441180229187,0.3537432551383972,0.022941986098885536,0.0,0.10769226402044296,0.10705771297216415,0.10705771297216415,0.09784241020679474,-0.04094155505299568,7.841303995004267e-12,0.0,0.0,3.9381613731384277,3.9381613731384277,2.1237645149230957,2.1237645149230957,0.3632446825504303,0.0,0.0,0.0,0.0,0.11094099283218384,0.23724378645420074,1.2537315817137164e-14,0.9995861649513245,0.14213640987873077,0.0913909375667572,2.1563799381256104,2.14518404006958,2.1237645149230957,2.083312749862671,2.3058626651763916,0.0,0.0789334774017334,1.0,2.1988940238952637,2.216183662414551,2.204655408859253,0.0,0.005453312769532204,0.004042432177811861,0.00017582291911821812,0.01576666533946991,0.0005453312769532204,0.001576666603796184,0.0,0.005453312769532204,7.0,0.0,0.0,0.0,0.0,0.0,0.0,,,,,,,,,,,,,,,,,,,,,,0.001
13,2140,train,0.11986885219812393,0.11008570343255997,0.11150311678647995,0.0,0.002933315932750702,0.002933315932750702,0.0,3.8258533477783203,1.4999999621068127e-05,0.007499999832361937,0.001500000013038516,0.007499999832361937,0.0001500000071246177,0.0001500000071246177,0.15000000596046448,0.13999731838703156,0.003451220691204071,0.0,0.0,0.0,0.0,0.0,0.0,0.0,0.0,-1.402042031288147,-1.402042031288147,1.0,-1.402042031288147,-1.4020419120788574,-1.3796192407608032,0.0,-3.776719570159912,2.371967315673828,1.0,0.13999731838703156,1.0,0.0,0.0,0.13999731838703156,0.0,0.0,0.003451220691204071,0.0,0.09654878824949265,0.12384216487407684,0.00013138334907125682,0.8868588209152222,0.15008753538131714,0.0,0.0,0.0,0.0,0.0,0.0,0.0,0.0,1.0,0.0,0.001975764287635684,0.26803746819496155,0.34875011444091797,0.024303359910845757,0.0,0.11150311678647995,0.11008570343255997,0.11008570343255997,0.09844931960105896,-0.05279984325170517,-8.814335372697713e-11,0.0,0.0,3.8420565128326416,3.8420565128326416,2.1096339225769043,2.1096339225769043,0.34994903206825256,0.0,0.0,0.0,0.0,0.09654878079891205,0.20680966973304749,3.3226138854147713e-12,0.9991378784179688,0.15008753538131714,0.06865043193101883,2.1427581310272217,2.115030288696289,2.1096339225769043,2.1218245029449463,2.371967315673828,0.0,0.07508586347103119,1.0,2.152350664138794,2.2096383571624756,2.2193286418914795,0.0,0.004107851535081863,0.0024006743915379047,0.00013298801786731929,0.010066499933600426,0.00041078514186665416,0.0010066500399261713,0.0,0.004107851535081863,7.0,0.0,0.0,0.0,0.0,0.0,0.0,,,,,,,,,,,,,,,,,,,,,,0.001
13,2160,train,0.11717372387647629,0.1078244149684906,0.10938002914190292,0.0,0.003192261327058077,0.003192261327058077,0.0,3.8404629230499268,1.4999999621068127e-05,0.007499999832361937,0.001500000013038516,0.007499999832361937,0.0001500000071246177,0.0001500000071246177,0.15000000596046448,0.11852011829614639,0.019327618181705475,0.0,0.0,0.0,0.0,0.0,0.0,0.0,0.0,-1.4032132625579834,-1.4032132625579834,1.0,-1.4032132625579834,-1.4032132625579834,-1.376172661781311,0.0,-3.761539936065674,2.4056284427642822,1.0,0.11852011829614639,1.0,0.0,0.0,0.11852011829614639,0.0,0.0,0.019327618181705475,0.0,0.1193276196718216,0.16762009263038635,5.333218723535538e-05,0.8995200395584106,0.1375175416469574,0.0,0.0,0.0,0.0,0.0,0.0,0.0,0.0,1.0,0.0,0.001281542587094009,0.27496880292892456,0.351954847574234,0.024204345420002937,0.0,0.10938002914190292,0.1078244149684906,0.1078244149684906,0.11149463802576065,-0.0579335056245327,2.5120417898594205e-11,0.0,0.0,3.9292304515838623,3.9292304515838623,2.147372007369995,2.147372007369995,0.4306710660457611,0.0,0.0,0.0,0.0,0.1193276196718216,0.25367146730422974,7.764814485833327e-11,0.9999788999557495,0.1375175416469574,0.10265012830495834,2.2051944732666016,2.1638941764831543,2.147372007369995,2.1394906044006348,2.4056284427642822,0.0,0.07783037424087524,1.0,2.274496078491211,2.2414231300354004,2.2376694679260254,0.0,0.015326036140322685,0.0054883770644664764,0.0031121571082621813,0.02479097619652748,0.0015326037537306547,0.0024790975730866194,0.0,0.01532603707164526,7.0,0.0,0.0,0.0,0.0,0.0,0.0,,,,,,,,,,,,,,,,,,,,,,0.001
13,2171,train_epoch,0.11798018203702515,0.10843557748430503,0.10912140378516591,0.0,0.0035138859157032238,0.0035138859157032238,0.0,3.875758716446197,1.4999999621068127e-05,0.007499999832361937,0.001500000013038516,0.007499999832361937,0.0001500000071246177,0.0001500000071246177,0.15000000596046448,0.1314503501007657,0.023762440030089396,0.0,0.0,0.0,0.0,0.0,0.0,0.0,0.0,-1.3763832332131392,-1.3763832332131392,1.0,-1.3763832332131392,-1.3763832289301707,-1.3625506276855925,0.0,-3.71914029835227,2.3547274623802323,1.0,0.1314503501007657,1.0,0.0,0.0,0.1314503501007657,0.0,0.0,0.023762440030089396,0.0,0.12127446499234902,0.1564116825957498,0.00015314745315026266,0.9187268668306088,0.1455290392487349,0.0,0.0,0.0,0.0,0.0,0.0,0.0,0.0,1.0,0.0,0.0015906952190823562,0.2780802995858792,0.35145457865235336,0.02317362770572037,0.0,0.10912140378516591,0.10843557748430503,0.10843557748430503,0.10307859491088434,-0.042644878894001426,6.5052536017656005e-12,0.0,0.0,3.8593545545361,3.8593545488254755,2.1102958889064674,2.1102958889064674,0.3785962596267997,0.0,0.0,0.0,0.0,0.12127446842764666,0.24917328741379127,3.392861472749702e-11,0.9998400543264286,0.1455290392487349,0.10194285731472655,2.1720868927276062,2.122843061378616,2.1102958889064674,2.0984801782105498,2.3547274623802323,0.0,0.08667321382703895,1.0,2.233508946652898,2.2321643129794184,2.2328961480877356,0.0,0.00422662464082018,0.002418310254251774,0.00015900068208039245,0.01026011267844253,0.00042266246849116115,0.0010260112827969994,0.0,0.004226624616421759,7.0,0.0,0.0,0.0,0.0,0.0,0.0,,,,,,,,,,,,,,,,,,,,,,0.001
13,2171,val,,,,,,,,,,,,,,,,,,,,,,,,,,,,,,,,,,,,,,,,,,,,,,,,,,,,,,,,,,,,,,,,,,,,,,,,,,,,,,,,,,,,,,,,,,,,,,,,,,,,,,,,,,,,,,,,,,,60.48269898550851,10366.537283761161,101.81619362243494,107.74670822279793,30.35173852103097,15.138798832893372,24.275523443781537,10.588867621762413,7.0033270972115655,16.846750855445862,27.113525610615643,11.567423914160047,7.794010664735522,121.85320881434849,147.93172668135992,242.84119653701782,61.55579151426043,60.48269898550851,101.81619362243494,107.74670822279793,30.35173852103097,0.001
14,2180,train,0.12721021473407745,0.11974386125802994,0.1202995628118515,0.0,0.0036534673999994993,0.0036534673999994993,0.0,3.7459352016448975,1.9999999494757503e-05,0.009999999776482582,0.0020000000949949026,0.009999999776482582,0.00019999999494757503,0.00019999999494757503,0.20000000298023224,0.13877975940704346,0.008176110684871674,0.0,0.0,0.0,0.0,0.0,0.0,0.0,0.0,-1.3945358991622925,-1.3945358991622925,1.0,-1.3945358991622925,-1.3945358991622925,-1.3827563524246216,0.0,-3.7558059692382812,2.3669373989105225,1.0,0.13877975940704346,1.0,0.0,0.0,0.13877975940704346,0.0,0.0,0.008176110684871674,0.0,0.10817611217498779,0.16165035963058472,2.4707765987841412e-05,0.9305685758590698,0.14409123361110687,0.0,0.0,0.0,0.0,0.0,0.0,0.0,0.0,1.0,0.0,0.0011353062000125647,0.3028683364391327,0.34304168820381165,0.026573920622467995,0.0,0.1202995628118515,0.11974386125802994,0.11974386125802994,0.10225359350442886,-0.05314204841852188,3.0540814321966536e-10,0.0,0.0,3.822740077972412,3.822740077972412,2.0793235301971436,2.0793235301971436,0.3725816309452057,0.0,0.0,0.0,0.0,0.10817611217498779,0.2308608740568161,3.4788435153421116e-12,0.9988991022109985,0.14409123361110687,0.0872395858168602,2.13603138923645,2.0924782752990723,2.0793235301971436,2.111774206161499,2.3669373989105225,0.0,0.07868475466966629,1.0,2.1250381469726562,2.187321186065674,2.2056283950805664,0.0,0.009427759796380997,0.0069542801938951015,0.0001205243170261383,0.026194607838988304,0.0009427759796380997,0.0026194609235972166,0.0,0.009427759796380997,8.0,0.0,0.0,0.0,0.0,0.0,0.0,,,,,,,,,,,,,,,,,,,,,,0.001
14,2200,train,0.12236154079437256,0.11559717357158661,0.11608010530471802,0.0,0.004554820712655783,0.004554820712655783,0.0,3.8196027278900146,1.9999999494757503e-05,0.009999999776482582,0.0020000000949949026,0.009999999776482582,0.00019999999494757503,0.00019999999494757503,0.20000000298023224,0.15043973922729492,0.010239571332931519,0.0,0.0,0.0,0.0,0.0,0.0,0.0,0.0,-1.3838107585906982,-1.3838107585906982,1.0,-1.3838107585906982,-1.3838107585906982,-1.404008388519287,0.0,-3.7685043811798096,2.42008900642395,1.0,0.15043973922729492,1.0,0.0,0.0,0.15043973922729492,0.0,0.0,0.010239571332931519,0.0,0.0897604301571846,0.1052856519818306,0.00019573327153921127,0.735787034034729,0.1419672966003418,0.0,0.0,0.0,0.0,0.0,0.0,0.0,0.0,1.0,0.0,0.0031929935794323683,0.2912900745868683,0.3613070845603943,0.02497624047100544,0.0,0.11608010530471802,0.11559717357158661,0.11559717357158661,0.10341499000787735,-0.04198312386870384,1.9791238092814467e-10,0.0,0.0,3.8324787616729736,3.8324787616729736,2.160799026489258,2.160799026489258,0.3780078589916229,0.0,0.0,0.0,0.0,0.0897604301571846,0.19796575605869293,6.66284044538619e-14,0.9977224469184875,0.1419672966003418,0.0642693042755127,2.36680006980896,2.175785541534424,2.160799026489258,2.1803925037384033,2.42008900642395,0.0,0.1303623765707016,1.0,2.1934328079223633,2.1775269508361816,2.1703624725341797,0.0,0.009611480869352818,0.0059289950877428055,0.0005654511041939259,0.023226577788591385,0.0009611481218598783,0.0023226577322930098,0.0,0.009611480869352818,8.0,0.0,0.0,0.0,0.0,0.0,0.0,,,,,,,,,,,,,,,,,,,,,,0.001
14,2220,train,0.11004451662302017,0.10557037591934204,0.10628651082515717,0.0,0.00364267872646451,0.00364267872646451,0.0,3.744924545288086,1.9999999494757503e-05,0.009999999776482582,0.0020000000949949026,0.009999999776482582,0.00019999999494757503,0.00019999999494757503,0.20000000298023224,0.11848592013120651,0.039345838129520416,0.0,0.0,0.0,0.0,0.0,0.0,0.0,0.0,-1.4105042219161987,-1.4105042219161987,1.0,-1.4105042219161987,-1.4105042219161987,-1.4189733266830444,0.0,-3.8081648349761963,2.341470241546631,1.0,0.11848592013120651,1.0,0.0,0.0,0.11848592013120651,0.0,0.0,0.039345838129520416,0.0,0.13934583961963654,0.17238035798072815,0.00015550912939943373,0.9672175645828247,0.1709042340517044,0.0,0.0,0.0,0.0,0.0,0.0,0.0,0.0,1.0,0.0,0.0016749907517805696,0.28497928380966187,0.35197174549102783,0.02772868424654007,0.0,0.10628651082515717,0.10557037591934204,0.10557037591934204,0.10869613289833069,-0.03315706178545952,8.094603459740668e-11,0.0,0.0,3.8956902027130127,3.8956902027130127,2.1317412853240967,2.1317412853240967,0.41067051887512207,0.0,0.0,0.0,0.0,0.13934583961963654,0.26062142848968506,2.533894752007604e-12,0.9999663829803467,0.1709042340517044,0.11581648886203766,2.190945863723755,2.1472065448760986,2.1317412853240967,2.0964295864105225,2.341470241546631,0.0,0.08807934075593948,1.0,2.261228561401367,2.1860666275024414,2.1283841133117676,0.0,0.004522082861512899,0.002613472519442439,1.3040936210018117e-05,0.01251010037958622,0.0004522083036135882,0.001251010107807815,0.0,0.004522082395851612,8.0,0.0,0.0,0.0,0.0,0.0,0.0,,,,,,,,,,,,,,,,,,,,,,0.001
14,2240,train,0.11378325521945953,0.10892432928085327,0.10942069441080093,0.0,0.0037143086083233356,0.0037143086083233356,0.0,3.660560131072998,1.9999999494757503e-05,0.009999999776482582,0.0020000000949949026,0.009999999776482582,0.00019999999494757503,0.00019999999494757503,0.20000000298023224,0.12933266162872314,0.006228439509868622,0.0,0.0,0.0,0.0,0.0,0.0,0.0,0.0,-1.4302232265472412,-1.4302232265472412,1.0,-1.4302232265472412,-1.4302232265472412,-1.4430242776870728,0.0,-3.8508377075195312,2.3335249423980713,1.0,0.12933266162872314,1.0,0.0,0.0,0.12933266162872314,0.0,0.0,0.006228439509868622,0.0,0.10622844099998474,0.14160507917404175,0.0002310973359271884,0.8888151049613953,0.14803315699100494,0.0,0.0,0.0,0.0,0.0,0.0,0.0,0.0,1.0,0.0,0.0018645310774445534,0.2790117561817169,0.34811675548553467,0.02879619039595127,0.0,0.10942069441080093,0.10892432928085327,0.10892432928085327,0.0991559699177742,-0.04757120460271835,9.537449302543521e-11,0.0,0.0,3.8185131549835205,3.8185131549835205,2.1191563606262207,2.1191563606262207,0.35367000102996826,0.0,0.0,0.0,0.0,0.10622844099998474,0.22553102672100067,5.962456223196355e-11,0.9978432655334473,0.14803315699100494,0.0868336483836174,2.1878745555877686,2.1345620155334473,2.1191563606262207,2.069528579711914,2.3335249423980713,0.0,0.09380575269460678,1.0,2.1576881408691406,2.134101629257202,2.1485836505889893,0.0,0.003235785523429513,0.0023141764104366302,2.6417677872814238e-05,0.00978090614080429,0.0003235785407014191,0.0009780906839296222,0.0,0.0032357857562601566,8.0,0.0,0.0,0.0,0.0,0.0,0.0,,,,,,,,,,,,,,,,,,,,,,0.001
14,2260,train,0.11652231216430664,0.11101590096950531,0.11173740029335022,0.0,0.003684153314679861,0.003684153314679861,0.0,3.771698236465454,1.9999999494757503e-05,0.009999999776482582,0.0020000000949949026,0.009999999776482582,0.00019999999494757503,0.00019999999494757503,0.20000000298023224,0.12403745949268341,0.026574082672595978,0.0,0.0,0.0,0.0,0.0,0.0,0.0,0.0,-1.415289282798767,-1.415289282798767,1.0,-1.415289282798767,-1.4152894020080566,-1.3928892612457275,0.0,-3.7615725994110107,2.4776158332824707,1.0,0.12403745949268341,1.0,0.0,0.0,0.12403745949268341,0.0,0.0,0.026574082672595978,0.0,0.1265740841627121,0.16360673308372498,0.00016738276463001966,0.9471973180770874,0.17039750516414642,0.0,0.0,0.0,0.0,0.0,0.0,0.0,0.0,1.0,0.0,0.0013602423714473844,0.29320913553237915,0.3646183907985687,0.026185808703303337,0.0,0.11173740029335022,0.11101590096950531,0.11101590096950531,0.10313475131988525,-0.027389802038669586,-2.8531467119452536e-11,0.0,0.0,3.7979636192321777,3.7979636192321777,2.1985836029052734,2.1985836029052734,0.3824297785758972,0.0,0.0,0.0,0.0,0.1265740841627121,0.24282394349575043,1.318321211744855e-12,0.9995611310005188,0.17039750516414642,0.09976256638765335,2.149597406387329,2.2157742977142334,2.1985836029052734,2.1516427993774414,2.4776158332824707,0.0,0.08348164707422256,1.0,2.1654086112976074,2.16255784034729,2.1403236389160156,0.0,0.002047669840976596,0.0014878304209560156,1.2249141946085729e-05,0.006683113053441048,0.00020476699864957482,0.000668311316985637,0.0,0.002047669840976596,8.0,0.0,0.0,0.0,0.0,0.0,0.0,,,,,,,,,,,,,,,,,,,,,,0.001
14,2280,train,0.11086075007915497,0.10665842145681381,0.10645224899053574,0.0,0.003712673671543598,0.003712673671543598,0.0,3.625657558441162,1.9999999494757503e-05,0.009999999776482582,0.0020000000949949026,0.009999999776482582,0.00019999999494757503,0.00019999999494757503,0.20000000298023224,0.12201201915740967,0.009640254080295563,0.0,0.0,0.0,0.0,0.0,0.0,0.0,0.0,-1.4353410005569458,-1.4353410005569458,1.0,-1.4353410005569458,-1.4353410005569458,-1.409927248954773,0.0,-3.853084087371826,2.3993003368377686,1.0,0.12201201915740967,1.0,0.0,0.0,0.12201201915740967,0.0,0.0,0.009640254080295563,0.0,0.10964025557041168,0.1479719877243042,5.774438614025712e-05,0.988815188407898,0.16019536554813385,0.0,0.0,0.0,0.0,0.0,0.0,0.0,0.0,1.0,0.0,0.0005725944065488875,0.28020912408828735,0.3453482985496521,0.030235419049859047,0.0,0.10645224899053574,0.10665842145681381,0.10665842145681381,0.1082935556769371,-0.0497555285692215,1.1150048245811561e-10,0.0,0.0,3.748582601547241,3.748582601547241,2.1035401821136475,2.1035401821136475,0.37811189889907837,0.0,0.0,0.0,0.0,0.10964025557041168,0.22252823412418365,3.847006914414752e-12,0.9997195601463318,0.16019536554813385,0.08223039656877518,2.088559150695801,2.1140830516815186,2.1035401821136475,2.0812487602233887,2.3993003368377686,0.0,0.08399153500795364,1.0,2.0911946296691895,2.134955883026123,2.1346945762634277,0.0,0.0029881508089601994,0.0016304414020851254,0.00023737041919957846,0.007021370809525251,0.00029881508089601994,0.000702137069310993,0.0,0.0029881505761295557,8.0,0.0,0.0,0.0,0.0,0.0,0.0,,,,,,,,,,,,,,,,,,,,,,0.001
14,2300,train,0.11316293478012085,0.10814868658781052,0.10958167910575867,0.0,0.003541308920830488,0.003541308920830488,0.0,3.7272746562957764,1.9999999494757503e-05,0.009999999776482582,0.0020000000949949026,0.009999999776482582,0.00019999999494757503,0.00019999999494757503,0.20000000298023224,0.12490388005971909,0.0062851980328559875,0.0,0.0,0.0,0.0,0.0,0.0,0.0,0.0,-1.4198572635650635,-1.4198572635650635,1.0,-1.4198572635650635,-1.4198572635650635,-1.4006683826446533,0.0,-3.8448326587677,2.4312379360198975,1.0,0.12490388005971909,1.0,0.0,0.0,0.12490388005971909,0.0,0.0,0.0062851980328559875,0.0,0.09371480345726013,0.1379515677690506,7.964807446114719e-05,0.9537380933761597,0.1464567333459854,0.0,0.0,0.0,0.0,0.0,0.0,0.0,0.0,1.0,0.0,0.002312567550688982,0.29067012667655945,0.35778355598449707,0.02670401707291603,0.0,0.10958167910575867,0.10814868658781052,0.10814868658781052,0.10593635588884354,-0.04366740211844444,9.932057259964822e-11,0.0,0.0,3.7235732078552246,3.7235732078552246,2.1681110858917236,2.1681110858917236,0.3777052164077759,0.0,0.0,0.0,0.0,0.09371480345726013,0.20408888161182404,8.161292280005339e-13,0.9995108842849731,0.1464567333459854,0.06926317512989044,2.1693108081817627,2.179959774017334,2.1681110858917236,2.170380115509033,2.4312379360198975,0.0,0.09361369162797928,1.0,2.0922203063964844,2.13016676902771,2.1002488136291504,0.0,0.0022401809692382812,0.0016123190289363265,3.0365294151124544e-05,0.0075014629401266575,0.00022401809110306203,0.0007501462823711336,0.0,0.0022401809692382812,8.0,0.0,0.0,0.0,0.0,0.0,0.0,,,,,,,,,,,,,,,,,,,,,,0.001
14,2320,train,0.11324294656515121,0.10840123891830444,0.1093500480055809,0.0,0.0033804073464125395,0.0033804073464125395,0.0,3.6567862033843994,1.9999999494757503e-05,0.009999999776482582,0.0020000000949949026,0.009999999776482582,0.00019999999494757503,0.00019999999494757503,0.20000000298023224,0.13189980387687683,0.0016132369637489319,0.0,0.0,0.0,0.0,0.0,0.0,0.0,0.0,-1.4301631450653076,-1.4301631450653076,1.0,-1.4301631450653076,-1.4301632642745972,-1.418073296546936,0.0,-3.825310230255127,2.4227895736694336,1.0,0.13189980387687683,1.0,0.0,0.0,0.13189980387687683,0.0,0.0,0.0016132369637489319,0.0,0.09838676452636719,0.13388408720493317,0.00011121676652692258,0.8336743116378784,0.15186896920204163,0.0,0.0,0.0,0.0,0.0,0.0,0.0,0.0,1.0,0.0,0.0013437739107757807,0.2648620903491974,0.35483118891716003,0.029137535020709038,0.0,0.1093500480055809,0.10840123891830444,0.10840123891830444,0.09334681183099747,-0.041215650737285614,2.5297808292634727e-10,0.0,0.0,3.9643120765686035,3.9643120765686035,2.1519787311553955,2.1519787311553955,0.3545478880405426,0.0,0.0,0.0,0.0,0.09838676452636719,0.21002888679504395,1.8370027721203996e-11,0.997994065284729,0.15186896920204163,0.07326134294271469,2.23067569732666,2.1565566062927246,2.1519787311553955,2.1660711765289307,2.4227895736694336,0.0,0.08458361774682999,1.0,2.103816032409668,2.110370635986328,2.104729413986206,0.0,0.004265356808900833,0.0027049763593822718,2.3553189748781733e-05,0.010655984282493591,0.0004265356983523816,0.0010655984515324235,0.0,0.004265356808900833,8.0,0.0,0.0,0.0,0.0,0.0,0.0,,,,,,,,,,,,,,,,,,,,,,0.001
14,2338,train_epoch,0.11658995790395908,0.11112819741407555,0.11185826669017712,0.0,0.003705540543678635,0.003705540543678635,0.0,3.704039709296769,1.9999999494757503e-05,0.009999999776482582,0.0020000000949949026,0.009999999776482582,0.00019999999494757503,0.00019999999494757503,0.20000000298023224,0.1285477610762248,0.017415597365644877,0.0,0.0,0.0,0.0,0.0,0.0,0.0,0.0,-1.4208519080441868,-1.4208519080441868,1.0,-1.4208519080441868,-1.420851901619734,-1.4068901638784808,0.0,-3.8121051617011337,2.375797654340367,1.0,0.1285477610762248,1.0,0.0,0.0,0.1285477610762248,0.0,0.0,0.017415597365644877,0.0,0.10985220303970897,0.14985714469127312,0.00014894030171566403,0.9234997669379869,0.15092231681246956,0.0,0.0,0.0,0.0,0.0,0.0,0.0,0.0,1.0,0.0,0.001683238388612883,0.2890295900270611,0.35126040188852187,0.027860564029145385,0.0,0.11185826669017712,0.11112819741407555,0.11112819741407555,0.10522845052851888,-0.04479889408824687,-1.348347589082252e-12,0.0,0.0,3.834942330857237,3.834942356555048,2.129417545067336,2.129417545067336,0.3854489110544056,0.0,0.0,0.0,0.0,0.10985220361969428,0.22775309135813912,5.689045825346491e-11,0.9994850058755474,0.15092231681246956,0.0863614272839295,2.158709042086573,2.140930412772173,2.129417545067336,2.1205655486283903,2.375797654340367,0.0,0.09073413966480129,1.0,2.1484978455983237,2.1471572978767806,2.146946141819754,0.0,0.005269101171191046,0.0032017024374751007,0.00019839734885300787,0.013629814456523713,0.0005269101283249506,0.0013629814685171772,0.0,0.005269101151672309,8.0,0.0,0.0,0.0,0.0,0.0,0.0,,,,,,,,,,,,,,,,,,,,,,0.001
14,2338,val,,,,,,,,,,,,,,,,,,,,,,,,,,,,,,,,,,,,,,,,,,,,,,,,,,,,,,,,,,,,,,,,,,,,,,,,,,,,,,,,,,,,,,,,,,,,,,,,,,,,,,,,,,,,,,,,,,,56.53473738261631,9916.237827845982,99.5803084341778,100.98242882319859,28.41770795413426,14.868240458624703,24.087230123234974,10.694131757531848,6.792570080075945,16.28925951889583,26.603214605206475,11.371022880077362,7.441099677767072,126.29299463544574,153.02714917453898,250.90429135731287,63.74342925207956,56.53473738261631,99.5803084341778,100.98242882319859,28.41770795413426,0.001
14,2338,test,,,,,,,,,,,,,,,,,,,,,,,,,,,,,,,,,,,,,,,,,,,,,,,,,,,,,,,,,,,,,,,,,,,,,,,,,,,,,,,,,,,,,,,,,,,,,,,,,,,,,,,,,,,,,,,,,,,60.99024895259312,10882.397216796875,104.31872898380652,92.63092878886631,31.058514526912145,17.732619370732987,27.42272161435228,15.57463403259005,8.263549055371966,21.868246606418065,34.52100681309906,18.438281408378057,10.162815460136958,133.02902684892928,161.55914095706783,220.7649463244847,68.21561820166451,60.99024895259312,104.31872898380652,92.63092878886631,31.058514526912145,0.001
15,2340,train,0.11446169763803482,0.11282745748758316,0.1135806143283844,0.0,0.003677623812109232,0.003677623812109232,0.0,3.5760388374328613,2.499999936844688e-05,0.012500000186264515,0.0024999999441206455,0.012500000186264515,0.0002500000118743628,0.0002500000118743628,0.25,0.12237467616796494,0.009357564151287079,0.0,0.0,0.0,0.0,0.0,0.0,0.0,0.0,-1.4166791439056396,-1.4166791439056396,1.0,-1.4166791439056396,-1.4166791439056396,-1.4090640544891357,0.0,-3.8146426677703857,2.4216384887695312,1.0,0.12237467616796494,1.0,0.0,0.0,0.12237467616796494,0.0,0.0,0.009357564151287079,0.0,0.09064244478940964,0.14074960350990295,0.00011854472541017458,0.8700775504112244,0.14411358535289764,0.0,0.0,0.0,0.0,0.0,0.0,0.0,0.0,1.0,0.0,0.0018559773452579975,0.2916945517063141,0.3454156517982483,0.030973613262176514,0.0,0.1135806143283844,0.11282745748758316,0.11282745748758316,0.10483825951814651,-0.048648033291101456,-2.640099250328376e-10,0.0,0.0,3.9027395248413086,3.9027395248413086,2.079756259918213,2.079756259918213,0.3843180239200592,0.0,0.0,0.0,0.0,0.09064243733882904,0.20016781985759735,1.4186569453900066e-11,0.9989808201789856,0.14411358535289764,0.06666667014360428,2.1195054054260254,2.088542938232422,2.079756259918213,2.1079936027526855,2.4216384887695312,0.0,0.09165788441896439,1.0,2.0531458854675293,2.0940585136413574,2.0930590629577637,0.0,0.0027463079895824194,0.002164188539609313,6.701681286358507e-06,0.008945454843342304,0.00027463078731670976,0.000894545519258827,0.0,0.0027463077567517757,8.0,0.0,0.0,0.0,0.0,0.0,0.0,,,,,,,,,,,,,,,,,,,,,,0.001
15,2360,train,0.11400699615478516,0.1121719479560852,0.11323430389165878,0.0,0.004392437636852264,0.004392437636852264,0.0,3.6246895790100098,2.499999936844688e-05,0.012500000186264515,0.0024999999441206455,0.012500000186264515,0.0002500000118743628,0.0002500000118743628,0.25,0.126456618309021,0.003804214298725128,0.0,0.0,0.0,0.0,0.0,0.0,0.0,0.0,-1.3993260860443115,-1.3993260860443115,1.0,-1.3993260860443115,-1.3993260860443115,-1.3624666929244995,0.0,-3.7563226222991943,2.5056025981903076,1.0,0.126456618309021,1.0,0.0,0.0,0.126456618309021,0.0,0.0,0.003804214298725128,0.0,0.09619578719139099,0.13619950413703918,5.465141293825582e-05,0.9067286849021912,0.14023424685001373,0.0,0.0,0.0,0.0,0.0,0.0,0.0,0.0,1.0,0.0,0.002755620749667287,0.31787198781967163,0.37099066376686096,0.03127336502075195,0.0,0.11323430389165878,0.1121719479560852,0.1121719479560852,0.11152061074972153,-0.04258071631193161,1.3525247588574985e-10,0.0,0.0,3.9667513370513916,3.9667513370513916,2.2345261573791504,2.2345261573791504,0.43214380741119385,0.0,0.0,0.0,0.0,0.09619578719139099,0.21348229050636292,1.6224215027005329e-10,0.9998635053634644,0.14023424685001373,0.07364430278539658,2.2550883293151855,2.2639033794403076,2.2345261573791504,2.219378709793091,2.5056025981903076,0.0,0.11177883297204971,1.0,2.216012954711914,2.1229214668273926,2.145941972732544,0.0,0.0035516805946826935,0.0016963527305051684,0.0005951242637820542,0.008341765962541103,0.000355168100213632,0.0008341766078956425,0.0,0.0035516805946826935,8.0,0.0,0.0,0.0,0.0,0.0,0.0,,,,,,,,,,,,,,,,,,,,,,0.001
15,2380,train,0.10536469519138336,0.10547604411840439,0.10627631843090057,0.0,0.0033534204121679068,0.0033534204121679068,0.0,3.5494847297668457,2.499999936844688e-05,0.012500000186264515,0.0024999999441206455,0.012500000186264515,0.0002500000118743628,0.0002500000118743628,0.25,0.12502837181091309,0.01236887276172638,0.0,0.0,0.0,0.0,0.0,0.0,0.0,0.0,-1.4354407787322998,-1.4354407787322998,1.0,-1.4354407787322998,-1.4354407787322998,-1.4213420152664185,0.0,-3.837355375289917,2.4397695064544678,1.0,0.12502837181091309,1.0,0.0,0.0,0.12502837181091309,0.0,0.0,0.01236887276172638,0.0,0.1123688668012619,0.14984001219272614,1.831359986681491e-05,0.9227429628372192,0.16973094642162323,0.0,0.0,0.0,0.0,0.0,0.0,0.0,0.0,1.0,0.0,0.001296518137678504,0.2831706404685974,0.35203054547309875,0.032589733600616455,0.0,0.10627631843090057,0.10547604411840439,0.10547604411840439,0.1045948714017868,-0.05257746949791908,-1.7386611594893964e-10,0.0,0.0,3.8587992191314697,3.8587992191314697,2.1649134159088135,2.1649134159088135,0.38735952973365784,0.0,0.0,0.0,0.0,0.1123688742518425,0.22077319025993347,1.4073609898995754e-12,0.9984978437423706,0.16973094642162323,0.08216912299394608,2.1472859382629395,2.1848862171173096,2.1649134159088135,2.184204339981079,2.4397695064544678,0.0,0.07899834215641022,1.0,2.0857372283935547,2.1116943359375,2.0951578617095947,0.0,0.004763565957546234,0.0024840165860950947,0.00014963890134822577,0.009998385794460773,0.0004763565957546234,0.0009998385794460773,0.0,0.004763565957546234,8.0,0.0,0.0,0.0,0.0,0.0,0.0,,,,,,,,,,,,,,,,,,,,,,0.001
15,2400,train,0.10657183825969696,0.10604523867368698,0.10662327706813812,0.0,0.003817185526713729,0.003817185526713729,0.0,3.5422067642211914,2.499999936844688e-05,0.012500000186264515,0.0024999999441206455,0.012500000186264515,0.0002500000118743628,0.0002500000118743628,0.25,0.1211526021361351,0.025890521705150604,0.0,0.0,0.0,0.0,0.0,0.0,0.0,0.0,-1.398072600364685,-1.398072600364685,1.0,-1.398072600364685,-1.398072600364685,-1.378841757774353,0.0,-3.766023635864258,2.609128952026367,1.0,0.1211526021361351,1.0,0.0,0.0,0.1211526021361351,0.0,0.0,0.025890521705150604,0.0,0.07410947978496552,0.1071363016963005,0.00012848657206632197,0.9132117033004761,0.1328011304140091,0.0,0.0,0.0,0.0,0.0,0.0,0.0,0.0,1.0,0.0,0.0020532296039164066,0.286761611700058,0.3682722747325897,0.03310814127326012,0.0,0.10662327706813812,0.10604523867368698,0.10604523867368698,0.10274693369865417,-0.01948290690779686,1.7257578699414466e-10,0.0,0.0,3.8937442302703857,3.8937442302703857,2.2663259506225586,2.2663259506225586,0.38398608565330505,0.0,0.0,0.0,0.0,0.07410947978496552,0.17344674468040466,6.024672948024001e-13,0.9974150657653809,0.1328011304140091,0.04397212341427803,2.2878425121307373,2.2718279361724854,2.2663259506225586,2.3063483238220215,2.609128952026367,0.0,0.10384790599346161,1.0,2.090310573577881,2.1000423431396484,2.156745433807373,0.0,0.0034261741675436497,0.00225299084559083,3.114142964477651e-05,0.008523036725819111,0.00034261742257513106,0.0008523036958649755,0.0,0.0034261741675436497,8.0,0.0,0.0,0.0,0.0,0.0,0.0,,,,,,,,,,,,,,,,,,,,,,0.001
15,2420,train,0.11221830546855927,0.11146651208400726,0.11104537546634674,0.0,0.0038092732429504395,0.0038092732429504395,0.0,3.5384979248046875,2.499999936844688e-05,0.012500000186264515,0.0024999999441206455,0.012500000186264515,0.0002500000118743628,0.0002500000118743628,0.25,0.12659326195716858,0.00589115172624588,0.0,0.0,0.0,0.0,0.0,0.0,0.0,0.0,-1.4417657852172852,-1.4417657852172852,1.0,-1.4417657852172852,-1.4417659044265747,-1.4448888301849365,0.0,-3.866685390472412,2.3701987266540527,1.0,0.12659326195716858,1.0,0.0,0.0,0.12659326195716858,0.0,0.0,0.00589115172624588,0.0,0.105891153216362,0.13297003507614136,0.00017873919568955898,0.880764365196228,0.16514892876148224,0.0,0.0,0.0,0.0,0.0,0.0,0.0,0.0,1.0,0.0,0.00024376016517635435,0.2979993224143982,0.3560906648635864,0.03278852254152298,0.0,0.11104537546634674,0.11146651208400726,0.11146651208400726,0.109249547123909,-0.04269419237971306,1.8876591956207278e-10,0.0,0.0,3.8715202808380127,3.8715202808380127,2.1910884380340576,2.1910884380340576,0.4034460783004761,0.0,0.0,0.0,0.0,0.105891153216362,0.21285361051559448,2.1897164637074695e-10,0.9991515874862671,0.16514892876148224,0.0791436955332756,2.116276264190674,2.2053604125976562,2.1910884380340576,2.1312673091888428,2.3701987266540527,0.0,0.07649923115968704,1.0,2.1496095657348633,2.1160621643066406,2.0977067947387695,0.0,0.0059419660829007626,0.0035403443034738302,5.89942246733699e-05,0.013982911594212055,0.0005941966082900763,0.0013982912059873343,0.0,0.005941965617239475,8.0,0.0,0.0,0.0,0.0,0.0,0.0,,,,,,,,,,,,,,,,,,,,,,0.001
15,2440,train,0.10653446614742279,0.10648896545171738,0.10672959685325623,0.0,0.0034455033019185066,0.0034455033019185066,0.0,3.4849190711975098,2.499999936844688e-05,0.012500000186264515,0.0024999999441206455,0.012500000186264515,0.0002500000118743628,0.0002500000118743628,0.25,0.11866834759712219,0.05250775068998337,0.0,0.0,0.0,0.0,0.0,0.0,0.0,0.0,-1.4315602779388428,-1.4315602779388428,1.0,-1.4315602779388428,-1.4315602779388428,-1.4225249290466309,0.0,-3.854196071624756,2.40118670463562,1.0,0.11866834759712219,1.0,0.0,0.0,0.11866834759712219,0.0,0.0,0.05250775068998337,0.0,0.1525077372789383,0.16821563243865967,0.00019013273413293064,0.9324695467948914,0.2171119898557663,0.0,0.0,0.0,0.0,0.0,0.0,0.0,0.0,1.0,0.0,0.0011778223561123013,0.2830905318260193,0.3653281033039093,0.03490368276834488,0.0,0.10672959685325623,0.10648896545171738,0.10648896545171738,0.09642598778009415,-0.03286166116595268,1.493904444593852e-10,0.0,0.0,3.8151955604553223,3.8151955604553223,2.249265193939209,2.249265193939209,0.34745386242866516,0.0,0.0,0.0,0.0,0.1525077521800995,0.2500694990158081,8.90835257123801e-14,0.9996296167373657,0.2171119898557663,0.12159161269664764,2.155247926712036,2.2743942737579346,2.249265193939209,2.1472415924072266,2.40118670463562,0.0,0.07914157211780548,1.0,2.0919153690338135,2.101511001586914,2.06931209564209,0.0,0.0018010796047747135,0.0013631777837872505,4.2739848140627146e-05,0.004779145121574402,0.00018010797793976963,0.00047791452379897237,0.0,0.0018010796047747135,8.0,0.0,0.0,0.0,0.0,0.0,0.0,,,,,,,,,,,,,,,,,,,,,,0.001
15,2460,train,0.11470094323158264,0.11345648020505905,0.11494201421737671,0.0,0.0035091505851596594,0.0035091505851596594,0.0,3.46284818649292,2.499999936844688e-05,0.012500000186264515,0.0024999999441206455,0.012500000186264515,0.0002500000118743628,0.0002500000118743628,0.25,0.13027524948120117,0.03269297629594803,0.0,0.0,0.0,0.0,0.0,0.0,0.0,0.0,-1.4610068798065186,-1.4610068798065186,1.0,-1.4610068798065186,-1.461006760597229,-1.4480106830596924,0.0,-3.927722215652466,2.3493237495422363,1.0,0.13027524948120117,1.0,0.0,0.0,0.13027524948120117,0.0,0.0,0.03269297629594803,0.0,0.06730702519416809,0.08762436360120773,6.773823406547308e-05,0.7172267436981201,0.1392899602651596,0.0,0.0,0.0,0.0,0.0,0.0,0.0,0.0,1.0,0.0,0.002435256727039814,0.2929184138774872,0.34857460856437683,0.03451337665319443,0.0,0.11494201421737671,0.11345648020505905,0.11345648020505905,0.11304023116827011,-0.06055217236280441,1.1138374250707628e-10,0.0,0.0,3.7693920135498047,3.7693920135498047,2.154146194458008,2.154146194458008,0.41821590065956116,0.0,0.0,0.0,0.0,0.06730702519416809,0.1504407674074173,1.3511832763768439e-09,0.9819398522377014,0.1392899602651596,0.03723958507180214,2.191124200820923,2.1608099937438965,2.154146194458008,2.107415199279785,2.3493237495422363,0.0,0.09207906574010849,1.0,2.03861141204834,2.1057982444763184,2.1132678985595703,0.0,0.0021871179342269897,0.0018758215010166168,0.00010822386684594676,0.008735707961022854,0.00021871179342269897,0.0008735707961022854,0.0,0.0021871179342269897,8.0,0.0,0.0,0.0,0.0,0.0,0.0,,,,,,,,,,,,,,,,,,,,,,0.001
15,2480,train,0.10842984914779663,0.10772433876991272,0.10933822393417358,0.0,0.003593832952901721,0.003593832952901721,0.0,3.444272041320801,2.499999936844688e-05,0.012500000186264515,0.0024999999441206455,0.012500000186264515,0.0002500000118743628,0.0002500000118743628,0.25,0.10889479517936707,0.0030623823404312134,0.0,0.0,0.0,0.0,0.0,0.0,0.0,0.0,-1.421410322189331,-1.421410322189331,1.0,-1.421410322189331,-1.421410322189331,-1.4103803634643555,0.0,-3.820697546005249,2.482043504714966,1.0,0.10889479517936707,1.0,0.0,0.0,0.10889479517936707,0.0,0.0,0.0030623823404312134,0.0,0.10306238383054733,0.1569330394268036,0.00021194873261265457,0.9738447070121765,0.15522931516170502,0.0,0.0,0.0,0.0,0.0,0.0,0.0,0.0,1.0,0.0,0.0023284254129976034,0.2805109918117523,0.35652509331703186,0.0359114333987236,0.0,0.10933822393417358,0.10772433876991272,0.10772433876991272,0.11011786013841629,-0.041324712336063385,-9.244057602719735e-11,0.0,0.0,3.8795547485351562,3.8795549869537354,2.2042200565338135,2.2042200565338135,0.41006240248680115,0.0,0.0,0.0,0.0,0.10306238383054733,0.2161455899477005,3.815720526004207e-13,0.9995152950286865,0.15522931516170502,0.0792432650923729,2.2781736850738525,2.2050399780273438,2.2042200565338135,2.180738687515259,2.482043504714966,0.0,0.09763231128454208,1.0,2.094529628753662,2.0855536460876465,2.08735990524292,0.0,0.008929642848670483,0.003670634003356099,0.0008255983120761812,0.014758933335542679,0.0008929641917347908,0.0014758933102712035,0.0,0.008929641917347908,8.0,0.0,0.0,0.0,0.0,0.0,0.0,,,,,,,,,,,,,,,,,,,,,,0.001
15,2500,train,0.1139025092124939,0.11209412664175034,0.11311765760183334,0.0,0.0037975520826876163,0.0037975520826876163,0.0,3.3937556743621826,2.499999936844688e-05,0.012500000186264515,0.0024999999441206455,0.012500000186264515,0.0002500000118743628,0.0002500000118743628,0.25,0.12201796472072601,0.029093652963638306,0.0,0.0,0.0,0.0,0.0,0.0,0.0,0.0,-1.3990155458450317,-1.3990155458450317,1.0,-1.3990155458450317,-1.3990156650543213,-1.3743172883987427,0.0,-3.780146837234497,2.4953858852386475,1.0,0.12201796472072601,1.0,0.0,0.0,0.12201796472072601,0.0,0.0,0.029093652963638306,0.0,0.07090634852647781,0.10739462822675705,0.00045658223098143935,0.8658599853515625,0.13509725034236908,0.0,0.0,0.0,0.0,0.0,0.0,0.0,0.0,1.0,0.0,0.0015342606930062175,0.3052322566509247,0.35722482204437256,0.03769727051258087,0.0,0.11311765760183334,0.11209412664175034,0.11209412664175034,0.11719610542058945,-0.06411370635032654,5.826469168246362e-11,0.0,0.0,3.867068290710449,3.867068290710449,2.172365665435791,2.172365665435791,0.4388723075389862,0.0,0.0,0.0,0.0,0.07090634852647781,0.16441112756729126,6.736207078250622e-12,0.9978031516075134,0.13509725034236908,0.04326746612787247,2.134045362472534,2.1852309703826904,2.172365665435791,2.235137939453125,2.4953858852386475,0.0,0.08755995333194733,1.0,2.0523509979248047,2.0629796981811523,2.0704762935638428,0.0,0.004993474576622248,0.0021806303411722183,0.00012769829481840134,0.00936941523104906,0.0004993474576622248,0.0009369415347464383,0.0,0.004993474576622248,8.0,0.0,0.0,0.0,0.0,0.0,0.0,,,,,,,,,,,,,,,,,,,,,,0.001
15,2505,train_epoch,0.10883729605974551,0.10831234572890276,0.10903077599352705,0.0,0.0036437847961052626,0.0036437847961052626,0.0,3.5049265558848126,2.499999936844688e-05,0.012500000186264515,0.0024999999441206455,0.012500000186264515,0.0002500000118743628,0.0002500000118743628,0.25,0.11973854854792178,0.014386029568261014,0.0,0.0,0.0,0.0,0.0,0.0,0.0,0.0,-1.4298603591804733,-1.4298603591804733,1.0,-1.4298603591804733,-1.429860357038989,-1.4100419718348338,0.0,-3.835999992793192,2.431383799649998,1.0,0.11973854854792178,1.0,0.0,0.0,0.11973854854792178,0.0,0.0,0.014386029568261014,0.0,0.10213604190213951,0.1443117948438593,0.00016562768522855473,0.917016168554386,0.15833560417512219,0.0,0.0,0.0,0.0,0.0,0.0,0.0,0.0,1.0,0.0,0.0016542135006406562,0.2916962284884767,0.3563847017145442,0.033801684680277715,0.0,0.10903077599352705,0.10831234572890276,0.10831234572890276,0.10906279220909415,-0.04614247496568871,1.8576815488341754e-11,0.0,0.0,3.8865773734932176,3.8865773806314983,2.1813661723793625,2.1813661723793625,0.40672025619866603,0.0,0.0,0.0,0.0,0.10213604404362375,0.20948746149054545,9.305232518654689e-11,0.9983697108879774,0.15833560417512219,0.07428741287774668,2.1726471392694346,2.192930675552277,2.1813661723793625,2.1739493558506764,2.431383799649998,0.0,0.0881840476911225,1.0,2.095500354995271,2.095314632632775,2.0957428923624004,0.0,0.003756912022935015,0.002226468271152033,0.00014074974843536215,0.00937104851431297,0.0003756912113906269,0.0009371048678828035,0.0,0.0037569120180553305,8.0,0.0,0.0,0.0,0.0,0.0,0.0,,,,,,,,,,,,,,,,,,,,,,0.001
15,2505,val,,,,,,,,,,,,,,,,,,,,,,,,,,,,,,,,,,,,,,,,,,,,,,,,,,,,,,,,,,,,,,,,,,,,,,,,,,,,,,,,,,,,,,,,,,,,,,,,,,,,,,,,,,,,,,,,,,,56.8573329108102,9928.77748325893,99.6432510672897,102.12272374970573,28.565045050212316,15.200746382985797,24.2280404971281,12.609665998390742,6.959623788084302,16.59267602648054,26.6539803891378,13.397923180035182,7.571541207177298,127.50392191750663,154.23086805814802,253.12611777441842,64.39082050323486,56.8573329108102,99.6432510672897,102.12272374970573,28.565045050212316,0.001
16,2520,train,0.10765120387077332,0.11012642830610275,0.11058425903320312,0.0,0.0034511955454945564,0.0034511955454945564,0.0,3.31056809425354,2.9999999242136255e-05,0.014999999664723873,0.003000000026077032,0.014999999664723873,0.0003000000142492354,0.0003000000142492354,0.30000001192092896,0.11931174993515015,0.028032220900058746,0.0,0.0,0.0,0.0,0.0,0.0,0.0,0.0,-1.377075433731079,-1.377075433731079,1.0,-1.377075433731079,-1.377075433731079,-1.3587992191314697,0.0,-3.75565505027771,2.5430383682250977,1.0,0.11931174993515015,1.0,0.0,0.0,0.11931174993515015,0.0,0.0,0.028032220900058746,0.0,0.07196778059005737,0.11803947389125824,0.00031179439974948764,0.8418138027191162,0.14281386137008667,0.0,0.0,0.0,0.0,0.0,0.0,0.0,0.0,1.0,0.0,0.0017737511079758406,0.2853849232196808,0.36663857102394104,0.04089268296957016,0.0,0.11058425903320312,0.11012642830610275,0.11012642830610275,0.10277384519577026,-0.04201178625226021,-8.247250105064552e-11,0.0,0.0,4.028519630432129,4.028519630432129,2.226810932159424,2.226810932159424,0.3858736753463745,0.0,0.0,0.0,0.0,0.07196778059005737,0.15963639318943024,7.533937124333534e-13,0.9950166344642639,0.14281386137008667,0.039859071373939514,2.204432725906372,2.235649585723877,2.226810932159424,2.2424190044403076,2.5430383682250977,0.0,0.08350422233343124,1.0,2.074551582336426,2.0831193923950195,2.050539255142212,0.0,0.00826661940664053,0.0036552734673023224,0.00029680170700885355,0.014421453699469566,0.0008266619988717139,0.0014421454397961497,0.0,0.00826661940664053,8.0,0.0,0.0,0.0,0.0,0.0,0.0,,,,,,,,,,,,,,,,,,,,,,0.001
16,2540,train,0.10014091432094574,0.10424383729696274,0.10491503775119781,0.0,0.003774403128772974,0.003774403128772974,0.0,3.2114417552948,2.9999999242136255e-05,0.014999999664723873,0.003000000026077032,0.014999999664723873,0.0003000000142492354,0.0003000000142492354,0.30000001192092896,0.11220837384462357,0.03361723572015762,0.0,0.0,0.0,0.0,0.0,0.0,0.0,0.0,-1.4045909643173218,-1.4045909643173218,1.0,-1.4045909643173218,-1.4045909643173218,-1.4005420207977295,0.0,-3.795527219772339,2.4645726680755615,1.0,0.11220837384462357,1.0,0.0,0.0,0.11220837384462357,0.0,0.0,0.03361723572015762,0.0,0.0663827657699585,0.0922890231013298,0.0001733921089908108,0.740404486656189,0.13715076446533203,0.0,0.0,0.0,0.0,0.0,0.0,0.0,0.0,1.0,0.0,0.0020731394179165363,0.29327794909477234,0.3599611222743988,0.04403192549943924,0.0,0.10491503775119781,0.10424383729696274,0.10424383729696274,0.11093442887067795,-0.05066512152552605,-7.973709886810454e-11,0.0,0.0,3.973135232925415,3.973135232925415,2.2037456035614014,2.2037456035614014,0.4221697151660919,0.0,0.0,0.0,0.0,0.0663827657699585,0.1507740020751953,2.3605709401075536e-12,0.9863974452018738,0.13715076446533203,0.03369332477450371,2.171128749847412,2.213592290878296,2.2037456035614014,2.2151682376861572,2.4645726680755615,0.0,0.09411836415529251,1.0,2.021017074584961,2.0416924953460693,2.041806936264038,0.0,0.0037263710983097553,0.0024494389072060585,0.0002632629475556314,0.01014276035130024,0.0003726371214725077,0.0010142760584130883,0.0,0.0037263710983097553,8.0,0.0,0.0,0.0,0.0,0.0,0.0,,,,,,,,,,,,,,,,,,,,,,0.001
16,2560,train,0.11315707862377167,0.11451142281293869,0.11563249677419662,0.0,0.003779348451644182,0.003779348451644182,0.0,3.209728240966797,2.9999999242136255e-05,0.014999999664723873,0.003000000026077032,0.014999999664723873,0.0003000000142492354,0.0003000000142492354,0.30000001192092896,0.10141292214393616,0.0010646060109138489,0.0,0.0,0.0,0.0,0.0,0.0,0.0,0.0,-1.3702542781829834,-1.3702542781829834,1.0,-1.3702542781829834,-1.3702542781829834,-1.3343281745910645,0.0,-3.7313385009765625,2.49353289604187,1.0,0.10141292214393616,1.0,0.0,0.0,0.10141292214393616,0.0,0.0,0.0010646060109138489,0.0,0.10106459259986877,0.156487375497818,0.0001891924039227888,0.9265071153640747,0.16013900935649872,0.0,0.0,0.0,0.0,0.0,0.0,0.0,0.0,1.0,0.0,0.0018199727637693286,0.2917557656764984,0.3682681918144226,0.04499807581305504,0.0,0.11563249677419662,0.11451142281293869,0.11451142281293869,0.11802568286657333,-0.0583115853369236,1.1956280410174713e-10,0.0,0.0,3.974590539932251,3.974590539932251,2.254796028137207,2.254796028137207,0.45638060569763184,0.0,0.0,0.0,0.0,0.10106460750102997,0.20832253992557526,1.8985310285685175e-12,0.999826967716217,0.16013900935649872,0.07308517396450043,2.250685453414917,2.2754976749420166,2.254796028137207,2.2315378189086914,2.49353289604187,0.0,0.09790824353694916,1.0,2.2043607234954834,2.080883264541626,2.0729541778564453,0.0,0.004122570622712374,0.002560629043728113,7.170355092966929e-05,0.009265311062335968,0.00041225706809200346,0.0009265310945920646,0.0,0.004122570622712374,8.0,0.0,0.0,0.0,0.0,0.0,0.0,,,,,,,,,,,,,,,,,,,,,,0.001
16,2580,train,0.10308724641799927,0.10632370412349701,0.10654453188180923,0.0,0.004187197424471378,0.004187197424471378,0.0,3.129610538482666,2.9999999242136255e-05,0.014999999664723873,0.003000000026077032,0.014999999664723873,0.0003000000142492354,0.0003000000142492354,0.30000001192092896,0.12289602309465408,0.02242197096347809,0.0,0.0,0.0,0.0,0.0,0.0,0.0,0.0,-1.3747589588165283,-1.3747589588165283,1.0,-1.3747589588165283,-1.3747589588165283,-1.3655155897140503,0.0,-3.7193992137908936,2.5430376529693604,1.0,0.12289602309465408,1.0,0.0,0.0,0.12289602309465408,0.0,0.0,0.02242197096347809,0.0,0.07757803052663803,0.10529381036758423,4.882680514128879e-05,0.7332696914672852,0.14742803573608398,0.0,0.0,0.0,0.0,0.0,0.0,0.0,0.0,1.0,0.0,0.0016379037406295538,0.30679038166999817,0.36209535598754883,0.04720790684223175,0.0,0.10654453188180923,0.10632370412349701,0.10632370412349701,0.09972166270017624,-0.029447410255670547,1.2787006176129267e-10,0.0,0.0,3.9124574661254883,3.9124574661254883,2.212996244430542,2.212996244430542,0.36797359585762024,0.0,0.0,0.0,0.0,0.07757803052663803,0.1697641760110855,8.145138209736391e-12,0.9949670433998108,0.14742803573608398,0.04668352007865906,2.190040111541748,2.2208285331726074,2.212996244430542,2.2366154193878174,2.5430376529693604,0.0,0.10219714790582657,1.0,2.0803585052490234,2.0694351196289062,2.0728509426116943,0.0,0.0021080190781503916,0.001734937890432775,0.00010538574861129746,0.008613352663815022,0.00021080192527733743,0.00086133525473997,0.0,0.0021080190781503916,8.0,0.0,0.0,0.0,0.0,0.0,0.0,,,,,,,,,,,,,,,,,,,,,,0.001
16,2600,train,0.10461883991956711,0.10786325484514236,0.10758668929338455,0.0,0.004181591793894768,0.004181591793894768,0.0,3.1398167610168457,2.9999999242136255e-05,0.014999999664723873,0.003000000026077032,0.014999999664723873,0.0003000000142492354,0.0003000000142492354,0.30000001192092896,0.10806649923324585,0.005099140107631683,0.0,0.0,0.0,0.0,0.0,0.0,0.0,0.0,-1.3862570524215698,-1.3862570524215698,1.0,-1.3862570524215698,-1.3862570524215698,-1.374443531036377,0.0,-3.784044027328491,2.4926247596740723,1.0,0.10806649923324585,1.0,0.0,0.0,0.10806649923324585,0.0,0.0,0.005099140107631683,0.0,0.09490085393190384,0.14714907109737396,0.0001055965549312532,0.8952398300170898,0.15808315575122833,0.0,0.0,0.0,0.0,0.0,0.0,0.0,0.0,1.0,0.0,0.0013585904380306602,0.31444302201271057,0.3628079295158386,0.04639590531587601,0.0,0.10758668929338455,0.10786325484514236,0.10786325484514236,0.11118568480014801,-0.04699574038386345,2.3868371168411784e-10,0.0,0.0,4.013609409332275,4.013609409332275,2.198909044265747,2.198909044265747,0.4235043227672577,0.0,0.0,0.0,0.0,0.09490086138248444,0.19725656509399414,4.212848819795667e-11,0.9976209998130798,0.15808315575122833,0.0677083358168602,2.2244153022766113,2.2135980129241943,2.198909044265747,2.1847989559173584,2.4926247596740723,0.0,0.09892547875642776,1.0,2.1246538162231445,2.056743621826172,2.067249298095703,0.0,0.003078070003539324,0.0018046473851427436,0.00015594420256093144,0.007635023910552263,0.0003078069712501019,0.0007635023794136941,0.0,0.003078070003539324,8.0,0.0,0.0,0.0,0.0,0.0,0.0,,,,,,,,,,,,,,,,,,,,,,0.001
16,2620,train,0.11336266994476318,0.11565764993429184,0.11596713215112686,0.0,0.003652517218142748,0.003652517218142748,0.0,3.127638339996338,2.9999999242136255e-05,0.014999999664723873,0.003000000026077032,0.014999999664723873,0.0003000000142492354,0.0003000000142492354,0.30000001192092896,0.11291126161813736,0.006471656262874603,0.0,0.0,0.0,0.0,0.0,0.0,0.0,0.0,-1.4262688159942627,-1.4262688159942627,1.0,-1.4262688159942627,-1.4262688159942627,-1.412609577178955,0.0,-3.830235481262207,2.4487624168395996,1.0,0.11291126161813736,1.0,0.0,0.0,0.11291126161813736,0.0,0.0,0.006471656262874603,0.0,0.09352833777666092,0.11805099248886108,0.0002901637344621122,0.9330872297286987,0.17482100427150726,0.0,0.0,0.0,0.0,0.0,0.0,0.0,0.0,1.0,0.0,0.0009108544909395278,0.29151877760887146,0.3502196967601776,0.04640982300043106,0.0,0.11596713215112686,0.11565764993429184,0.11565764993429184,0.1154121458530426,-0.06715136021375656,-3.762976909238436e-12,0.0,0.0,3.850217580795288,3.850217342376709,2.1559700965881348,2.1559700965881348,0.4265834093093872,0.0,0.0,0.0,0.0,0.09352834522724152,0.1820911020040512,6.519954931852312e-13,0.9994851350784302,0.17482100427150726,0.05396752804517746,2.1684305667877197,2.164140224456787,2.1559700965881348,2.205752372741699,2.4487624168395996,0.0,0.08306296169757843,1.0,2.0424835681915283,2.055025339126587,2.0510144233703613,0.0,0.0020447741262614727,0.0013102828525006771,2.7141943064634688e-05,0.005236306227743626,0.00020447743008844554,0.0005236306460574269,0.0,0.0020447743590921164,8.0,0.0,0.0,0.0,0.0,0.0,0.0,,,,,,,,,,,,,,,,,,,,,,0.001
16,2640,train,0.09986669570207596,0.10392938554286957,0.10472818464040756,0.0,0.0033492755610495806,0.0033492755610495806,0.0,3.0784988403320312,2.9999999242136255e-05,0.014999999664723873,0.003000000026077032,0.014999999664723873,0.0003000000142492354,0.0003000000142492354,0.30000001192092896,0.11274074018001556,0.004899241030216217,0.0,0.0,0.0,0.0,0.0,0.0,0.0,0.0,-1.3992345333099365,-1.3992345333099365,1.0,-1.3992345333099365,-1.3992345333099365,-1.3690792322158813,0.0,-3.7555229663848877,2.480867624282837,1.0,0.11274074018001556,1.0,0.0,0.0,0.11274074018001556,0.0,0.0,0.004899241030216217,0.0,0.0951007530093193,0.1455206573009491,0.00025729351909831166,0.9658762216567993,0.16721180081367493,0.0,0.0,0.0,0.0,0.0,0.0,0.0,0.0,1.0,0.0,0.0015663673402741551,0.2950007915496826,0.36344581842422485,0.04773172363638878,0.0,0.10472818464040756,0.10392938554286957,0.10392938554286957,0.1107456237077713,-0.048275455832481384,-2.2603334481896553e-10,0.0,0.0,4.053602695465088,4.053602695465088,2.241185426712036,2.241185426712036,0.4352281987667084,0.0,0.0,0.0,0.0,0.0951007604598999,0.19324623048305511,1.2683137526336985e-11,0.998887836933136,0.16721180081367493,0.06102175638079643,2.207728624343872,2.245467185974121,2.241185426712036,2.247251272201538,2.480867624282837,0.0,0.0752086415886879,1.0,2.026125907897949,2.0202910900115967,2.0270209312438965,0.0,0.004654750693589449,0.0029712957330048084,9.7015050414484e-05,0.011838119477033615,0.0004654750810004771,0.0011838119244202971,0.0,0.004654750693589449,8.0,0.0,0.0,0.0,0.0,0.0,0.0,,,,,,,,,,,,,,,,,,,,,,0.001
16,2660,train,0.10875412076711655,0.11207744479179382,0.11215072870254517,0.0,0.0032431231811642647,0.0032431231811642647,0.0,3.1179122924804688,2.9999999242136255e-05,0.014999999664723873,0.003000000026077032,0.014999999664723873,0.0003000000142492354,0.0003000000142492354,0.30000001192092896,0.11050455272197723,0.028180323541164398,0.0,0.0,0.0,0.0,0.0,0.0,0.0,0.0,-1.4409593343734741,-1.4409593343734741,1.0,-1.4409593343734741,-1.4409592151641846,-1.4062674045562744,0.0,-3.844754219055176,2.3205158710479736,1.0,0.11050455272197723,1.0,0.0,0.0,0.11050455272197723,0.0,0.0,0.028180323541164398,0.0,0.12818031013011932,0.17385359108448029,0.00011060146789532155,0.9317277669906616,0.19852915406227112,0.0,0.0,0.0,0.0,0.0,0.0,0.0,0.0,1.0,0.0,0.0005638962029479444,0.2887863218784332,0.3402943015098572,0.04553327336907387,0.0,0.11215072870254517,0.11207744479179382,0.11207744479179382,0.12885795533657074,-0.08847980946302414,4.589411142785771e-11,0.0,0.0,3.8709113597869873,3.8709113597869873,2.0946695804595947,2.0946695804595947,0.4874694049358368,0.0,0.0,0.0,0.0,0.12818032503128052,0.22831161320209503,1.4838480444367974e-10,0.9972495436668396,0.19852915406227112,0.09181220084428787,2.0803256034851074,2.1182308197021484,2.0946695804595947,2.1146328449249268,2.3205158710479736,0.0,0.06943820416927338,1.0,2.0560078620910645,2.049053192138672,2.0317649841308594,0.0,0.004145483020693064,0.0021456866525113583,6.112291430326877e-06,0.008831280283629894,0.00041454832535237074,0.0008831280283629894,0.0,0.004145483020693064,8.0,0.0,0.0,0.0,0.0,0.0,0.0,,,,,,,,,,,,,,,,,,,,,,0.001
16,2672,train_epoch,0.10554131173980451,0.10867264576836261,0.10936215716207813,0.0,0.003655224093263913,0.003655224093263913,0.0,3.183124516538517,2.9999999242136255e-05,0.014999999664723873,0.003000000026077032,0.014999999664723873,0.0003000000142492354,0.0003000000142492354,0.30000001192092896,0.11058060369805661,0.014056669157779145,0.0,0.0,0.0,0.0,0.0,0.0,0.0,0.0,-1.3995266153426942,-1.3995266153426942,1.0,-1.3995266153426942,-1.3995266210533188,-1.3760685263993497,0.0,-3.7789644666774542,2.4761007403185267,1.0,0.11058060369805661,1.0,0.0,0.0,0.11058060369805661,0.0,0.0,0.014056669157779145,0.0,0.09831780355847525,0.14135207414270162,0.00020497414881172156,0.9153355963215857,0.16652963756622668,0.0,0.0,0.0,0.0,0.0,0.0,0.0,0.0,1.0,0.0,0.001588117791960869,0.29590226950759657,0.3621657073140858,0.04486557794455997,0.0,0.10936215716207813,0.10867264576836261,0.10867264576836261,0.11205547851716686,-0.0516624156006439,1.4081706555268046e-11,0.0,0.0,3.92526995636032,3.9252699406561025,2.2249112314806725,2.2249112314806725,0.4230217573171604,0.0,0.0,0.0,0.0,0.098317805789188,0.19668262956028212,2.038861383718016e-10,0.9972955291856549,0.16652963756622668,0.06609139634954359,2.200601930389861,2.234929267517821,2.2249112314806725,2.219206751463656,2.4761007403185267,0.0,0.08703547006774091,1.0,2.062220959606285,2.0608463815586298,2.061630067711105,0.0,0.004812758693382322,0.0026847387693298167,0.00019411838726759884,0.011130880681563636,0.00048127588376815537,0.0011130880881979237,0.0,0.0048127587017474955,8.0,0.0,0.0,0.0,0.0,0.0,0.0,,,,,,,,,,,,,,,,,,,,,,0.001
16,2672,val,,,,,,,,,,,,,,,,,,,,,,,,,,,,,,,,,,,,,,,,,,,,,,,,,,,,,,,,,,,,,,,,,,,,,,,,,,,,,,,,,,,,,,,,,,,,,,,,,,,,,,,,,,,,,,,,,,,57.209634235927034,9917.369341169086,99.58598968313306,106.21357297897339,28.833313465118408,15.691649198532104,24.36857530371009,16.577748656272888,7.340376343045916,17.150183728763036,26.696984125545406,19.39531580890928,7.999956786632538,127.17136710030692,153.98735648432714,253.2892871584211,64.17252377101353,57.209634235927034,99.58598968313306,106.21357297897339,28.833313465118408,0.001
17,2680,train,0.1018800213932991,0.10883449018001556,0.10953963547945023,0.0,0.003266588319092989,0.003266588319092989,0.0,3.0524611473083496,3.5000000934815034e-05,0.017500000074505806,0.0035000001080334187,0.017500000074505806,0.0003499999875202775,0.0003499999875202775,0.3499999940395355,0.10710672289133072,0.0007390975952148438,0.0,0.0,0.0,0.0,0.0,0.0,0.0,0.0,-1.3840066194534302,-1.3840066194534302,1.0,-1.3840066194534302,-1.3840066194534302,-1.3692318201065063,0.0,-3.743427038192749,2.539287567138672,1.0,0.10710672289133072,1.0,0.0,0.0,0.10710672289133072,0.0,0.0,0.0007390975952148438,0.0,0.10073909908533096,0.13242945075035095,0.00041923648677766323,0.9303889274597168,0.1865730881690979,0.0,0.0,0.0,0.0,0.0,0.0,0.0,0.0,1.0,0.0,0.0014677525032311678,0.286486953496933,0.36346304416656494,0.0488862618803978,0.0,0.10953963547945023,0.10883449018001556,0.10883449018001556,0.11499147862195969,-0.0700673758983612,-1.7182298639450977e-10,0.0,0.0,3.8505609035491943,3.8505609035491943,2.2300398349761963,2.2300398349761963,0.4231252372264862,0.0,0.0,0.0,0.0,0.10073909908533096,0.18799060583114624,6.497147264639125e-10,0.9966492056846619,0.1865730881690979,0.05929841101169586,2.197281837463379,2.2445995807647705,2.2300398349761963,2.2293152809143066,2.539287567138672,0.0,0.07713358104228973,1.0,1.971861720085144,2.0552854537963867,2.0879969596862793,0.0,0.0030469740740954876,0.0023798926267772913,2.8680095056188293e-05,0.009653628803789616,0.00030469740158878267,0.0009653628803789616,0.0,0.0030469740740954876,8.0,0.0,0.0,0.0,0.0,0.0,0.0,,,,,,,,,,,,,,,,,,,,,,0.001
17,2700,train,0.10519327968358994,0.11128927022218704,0.11221446096897125,0.0,0.0035927884746342897,0.0035927884746342897,0.0,3.046499013900757,3.5000000934815034e-05,0.017500000074505806,0.0035000001080334187,0.017500000074505806,0.0003499999875202775,0.0003499999875202775,0.3499999940395355,0.12056279927492142,0.0384952612221241,0.0,0.0,0.0,0.0,0.0,0.0,0.0,0.0,-1.3697174787521362,-1.3697174787521362,1.0,-1.3697174787521362,-1.3697174787521362,-1.3401885032653809,0.0,-3.74186372756958,2.5807437896728516,1.0,0.12056279927492142,1.0,0.0,0.0,0.12056279927492142,0.0,0.0,0.0384952612221241,0.0,0.06150474026799202,0.08728713542222977,0.00038479146314784884,0.9181302785873413,0.14149361848831177,0.0,0.0,0.0,0.0,0.0,0.0,0.0,0.0,1.0,0.0,0.0016717896796762943,0.3074173629283905,0.38705646991729736,0.05092187225818634,0.0,0.11221446096897125,0.11128927022218704,0.11128927022218704,0.11296575516462326,-0.02931653894484043,-1.2871910134992781e-11,0.0,0.0,3.9860029220581055,3.9860029220581055,2.379342794418335,2.379342794418335,0.43782034516334534,0.0,0.0,0.0,0.0,0.06150474026799202,0.13280756771564484,7.333764151518096e-11,0.9961515069007874,0.14149361848831177,0.026240810751914978,2.207728862762451,2.3858208656311035,2.379342794418335,2.3355839252471924,2.5807437896728516,0.0,0.08096922934055328,1.0,2.076406240463257,2.064241409301758,2.030489444732666,0.0,0.003934219479560852,0.002559415064752102,0.00021877532708458602,0.00996068213135004,0.0003934219421353191,0.0009960682364180684,0.0,0.003934219013899565,8.0,0.0,0.0,0.0,0.0,0.0,0.0,,,,,,,,,,,,,,,,,,,,,,0.001
17,2720,train,0.09943612664937973,0.1070064976811409,0.10734125226736069,0.0,0.004162898752838373,0.004162898752838373,0.0,3.044830083847046,3.5000000934815034e-05,0.017500000074505806,0.0035000001080334187,0.017500000074505806,0.0003499999875202775,0.0003499999875202775,0.3499999940395355,0.10921541601419449,0.03536606580018997,0.0,0.0,0.0,0.0,0.0,0.0,0.0,0.0,-1.3937445878982544,-1.3937445878982544,1.0,-1.3937445878982544,-1.3937444686889648,-1.3646548986434937,0.0,-3.7586262226104736,2.460207939147949,1.0,0.10921541601419449,1.0,0.0,0.0,0.10921541601419449,0.0,0.0,0.03536606580018997,0.0,0.13536608219146729,0.21168915927410126,0.0003678705252241343,0.9532058238983154,0.16921624541282654,0.0,0.0,0.0,0.0,0.0,0.0,0.0,0.0,1.0,0.0,0.0017634665127843618,0.30420249700546265,0.36201125383377075,0.049278754740953445,0.0,0.10734125226736069,0.1070064976811409,0.1070064976811409,0.11365754902362823,-0.060612697154283524,-6.703739646729545e-11,0.0,0.0,3.9634203910827637,3.9634203910827637,2.1687417030334473,2.1687417030334473,0.4323490560054779,0.0,0.0,0.0,0.0,0.1353660672903061,0.25933146476745605,7.491119946578806e-10,0.9985673427581787,0.16921624541282654,0.1148897111415863,2.1966443061828613,2.1810131072998047,2.1687417030334473,2.207669973373413,2.460207939147949,0.0,0.10394962877035141,1.0,1.9867510795593262,2.024350643157959,1.9989938735961914,0.0,0.0026000626385211945,0.0020182731095701456,1.2636546671274118e-05,0.00868833065032959,0.0002600062289275229,0.0008688330999575555,0.0,0.002600062172859907,8.0,0.0,0.0,0.0,0.0,0.0,0.0,,,,,,,,,,,,,,,,,,,,,,0.001
17,2740,train,0.09444152563810349,0.10268574953079224,0.10380684584379196,0.0,0.0031910273246467113,0.0031910273246467113,0.0,2.945575475692749,3.5000000934815034e-05,0.017500000074505806,0.0035000001080334187,0.017500000074505806,0.0003499999875202775,0.0003499999875202775,0.3499999940395355,0.10264851152896881,0.029942192137241364,0.0,0.0,0.0,0.0,0.0,0.0,0.0,0.0,-1.3909969329833984,-1.3909969329833984,1.0,-1.3909969329833984,-1.3909969329833984,-1.3594640493392944,0.0,-3.7600257396698,2.5141611099243164,1.0,0.10264851152896881,1.0,0.0,0.0,0.10264851152896881,0.0,0.0,0.029942192137241364,0.0,0.12994219362735748,0.18010921776294708,0.00046392990043386817,0.9360119700431824,0.2084970623254776,0.0,0.0,0.0,0.0,0.0,0.0,0.0,0.0,1.0,0.0,0.001502476749010384,0.29399484395980835,0.368042916059494,0.05415097624063492,0.0,0.10380684584379196,0.10268574953079224,0.10268574953079224,0.10354181379079819,-0.053948402404785156,6.456980089497577e-11,0.0,0.0,3.9169089794158936,3.9169089794158936,2.3110108375549316,2.3110108375549316,0.3846963346004486,0.0,0.0,0.0,0.0,0.12994219362735748,0.22347120940685272,2.4218533428710387e-11,0.9977051615715027,0.2084970623254776,0.09487592428922653,2.276380777359009,2.316735029220581,2.3110108375549316,2.3002851009368896,2.5141611099243164,0.0,0.07421190291643143,1.0,2.0228800773620605,2.0436220169067383,2.0463967323303223,0.0,0.006894902791827917,0.002187528647482395,0.0001970063749467954,0.011244808323681355,0.000689490232616663,0.0011244808556511998,0.0,0.00689490232616663,8.0,0.0,0.0,0.0,0.0,0.0,0.0,,,,,,,,,,,,,,,,,,,,,,0.001
17,2760,train,0.09485168755054474,0.10266368836164474,0.10310760885477066,0.0,0.00362764042802155,0.00362764042802155,0.0,2.881542205810547,3.5000000934815034e-05,0.017500000074505806,0.0035000001080334187,0.017500000074505806,0.0003499999875202775,0.0003499999875202775,0.3499999940395355,0.08737660944461823,0.026139430701732635,0.0,0.0,0.0,0.0,0.0,0.0,0.0,0.0,-1.3636950254440308,-1.3636950254440308,1.0,-1.3636950254440308,-1.3636950254440308,-1.348497748374939,0.0,-3.712836503982544,2.5319013595581055,1.0,0.08737660944461823,1.0,0.0,0.0,0.08737660944461823,0.0,0.0,0.026139430701732635,0.0,0.07386057078838348,0.11129100620746613,0.00010550646402407438,0.8994005918502808,0.15509255230426788,0.0,0.0,0.0,0.0,0.0,0.0,0.0,0.0,1.0,0.0,0.0014727936359122396,0.2945224642753601,0.3624497354030609,0.05551294609904289,0.0,0.10310760885477066,0.10266368836164474,0.10266368836164474,0.1110045313835144,-0.04349615424871445,-1.1262157179059429e-10,0.0,0.0,3.9584107398986816,3.9584107398986816,2.2283077239990234,2.2283077239990234,0.4181371033191681,0.0,0.0,0.0,0.0,0.07386057078838348,0.15452100336551666,2.1721831278131987e-10,0.9932959675788879,0.15509255230426788,0.037117037922143936,2.239521026611328,2.2301182746887207,2.2283077239990234,2.252802848815918,2.5319013595581055,0.0,0.08942851424217224,1.0,2.006129264831543,2.0271620750427246,2.0340051651000977,0.0,0.005060606636106968,0.0025357159320265055,0.00019962059741374105,0.0112277427688241,0.0005060607800260186,0.0011227743234485388,0.0,0.0050606075674295425,8.0,0.0,0.0,0.0,0.0,0.0,0.0,,,,,,,,,,,,,,,,,,,,,,0.001
17,2780,train,0.10892203450202942,0.11434615403413773,0.1153826117515564,0.0,0.003429529257118702,0.003429529257118702,0.0,2.8919153213500977,3.5000000934815034e-05,0.017500000074505806,0.0035000001080334187,0.017500000074505806,0.0003499999875202775,0.0003499999875202775,0.3499999940395355,0.09761995077133179,0.0065397173166275024,0.0,0.0,0.0,0.0,0.0,0.0,0.0,0.0,-1.3665870428085327,-1.3665870428085327,1.0,-1.3665870428085327,-1.3665869235992432,-1.3260115385055542,0.0,-3.7023746967315674,2.490825653076172,1.0,0.09761995077133179,1.0,0.0,0.0,0.09761995077133179,0.0,0.0,0.0065397173166275024,0.0,0.09346028417348862,0.14620362222194672,0.0003180244821123779,0.9524434804916382,0.17700016498565674,0.0,0.0,0.0,0.0,0.0,0.0,0.0,0.0,1.0,0.0,0.0017060731770470738,0.2995099127292633,0.37363874912261963,0.056131958961486816,0.0,0.1153826117515564,0.11434615403413773,0.11434615403413773,0.11308006942272186,-0.04497600346803665,-1.2096122714577717e-11,0.0,0.0,3.9775099754333496,3.9775099754333496,2.3245551586151123,2.3245551586151123,0.4271162152290344,0.0,0.0,0.0,0.0,0.09346028417348862,0.1827457696199417,9.345704765628682e-11,0.9993102550506592,0.17700016498565674,0.052068017423152924,2.206239700317383,2.342008590698242,2.3245551586151123,2.2832372188568115,2.490825653076172,0.0,0.081049844622612,1.0,2.0282769203186035,2.0170507431030273,2.0133919715881348,0.0,0.004734652582556009,0.0025811134837567806,7.162545080063865e-05,0.012100045569241047,0.0004734652757178992,0.0012100045569241047,0.0,0.004734653048217297,8.0,0.0,0.0,0.0,0.0,0.0,0.0,,,,,,,,,,,,,,,,,,,,,,0.001
17,2800,train,0.10094697773456573,0.1075979471206665,0.10796066373586655,0.0,0.003896937007084489,0.003896937007084489,0.0,2.8810980319976807,3.5000000934815034e-05,0.017500000074505806,0.0035000001080334187,0.017500000074505806,0.0003499999875202775,0.0003499999875202775,0.3499999940395355,0.0953521728515625,0.04150029271841049,0.0,0.0,0.0,0.0,0.0,0.0,0.0,0.0,-1.3552403450012207,-1.3552403450012207,1.0,-1.3552403450012207,-1.3552403450012207,-1.3367019891738892,0.0,-3.714592933654785,2.569108247756958,1.0,0.0953521728515625,1.0,0.0,0.0,0.0953521728515625,0.0,0.0,0.04150029271841049,0.0,0.14150027930736542,0.20073996484279633,6.584181392099708e-05,0.9680771231651306,0.20037047564983368,0.0,0.0,0.0,0.0,0.0,0.0,0.0,0.0,1.0,0.0,0.0013509447453543544,0.3079145550727844,0.3638295531272888,0.0561683252453804,0.0,0.10796066373586655,0.1075979471206665,0.1075979471206665,0.11106284707784653,-0.057490359991788864,1.2046197372939105e-11,0.0,0.0,3.9827349185943604,3.9827349185943604,2.2772793769836426,2.2772793769836426,0.42895692586898804,0.0,0.0,0.0,0.0,0.1415002942085266,0.24701334536075592,6.777305279481727e-12,0.9983205199241638,0.20037047564983368,0.11408548802137375,2.262648344039917,2.286237955093384,2.2772793769836426,2.2821102142333984,2.569108247756958,0.0,0.09543173015117645,1.0,2.0877299308776855,2.0090255737304688,2.0114030838012695,0.0,0.003570293076336384,0.0023997097741812468,4.251343398209428e-06,0.010110355913639069,0.00035702931927517056,0.0010110356379300356,0.0,0.003570293076336384,8.0,0.0,0.0,0.0,0.0,0.0,0.0,,,,,,,,,,,,,,,,,,,,,,0.001
17,2820,train,0.10597404837608337,0.11177471280097961,0.11220889538526535,0.0,0.0037678999360650778,0.0037678999360650778,0.0,2.811692953109741,3.5000000934815034e-05,0.017500000074505806,0.0035000001080334187,0.017500000074505806,0.0003499999875202775,0.0003499999875202775,0.3499999940395355,0.11280679702758789,0.019897200167179108,0.0,0.0,0.0,0.0,0.0,0.0,0.0,0.0,-1.354915976524353,-1.354915976524353,1.0,-1.354915976524353,-1.354915976524353,-1.3393776416778564,0.0,-3.694019079208374,2.5489351749420166,1.0,0.11280679702758789,1.0,0.0,0.0,0.11280679702758789,0.0,0.0,0.019897200167179108,0.0,0.08010279387235641,0.1067734807729721,0.0004034668381791562,0.8737231492996216,0.16579005122184753,0.0,0.0,0.0,0.0,0.0,0.0,0.0,0.0,1.0,0.0,0.0015186351956799626,0.309368759393692,0.37546053528785706,0.05896271765232086,0.0,0.11220889538526535,0.11177471280097961,0.11177471280097961,0.11131283640861511,-0.041580937802791595,-1.2196206544690114e-10,0.0,0.0,4.043696403503418,4.04369592666626,2.3046488761901855,2.3046488761901855,0.42830631136894226,0.0,0.0,0.0,0.0,0.08010280132293701,0.16000305116176605,1.5827839039417313e-10,0.9966894388198853,0.16579005122184753,0.041352637112140656,2.1366376876831055,2.32676100730896,2.3046488761901855,2.255812644958496,2.5489351749420166,0.0,0.08704570680856705,1.0,1.966216802597046,1.988216757774353,1.9914191961288452,0.0,0.0034050168469548225,0.002234899438917637,2.0506946384557523e-05,0.009132224135100842,0.00034050169051624835,0.0009132224367931485,0.0,0.0034050168469548225,8.0,0.0,0.0,0.0,0.0,0.0,0.0,,,,,,,,,,,,,,,,,,,,,,0.001
17,2839,train_epoch,0.10031290428188747,0.10745792653032406,0.10816358841821819,0.0,0.003673260961798672,0.003673260961798672,0.0,2.944683289099596,3.5000000934815034e-05,0.017500000074505806,0.0035000001080334187,0.017500000074505806,0.0003499999875202775,0.0003499999875202775,0.3499999940395355,0.10260819853422884,0.01574491673779345,0.0,0.0,0.0,0.0,0.0,0.0,0.0,0.0,-1.3803099636546152,-1.3803099636546152,1.0,-1.3803099636546152,-1.3803099629407871,-1.3553016842482333,0.0,-3.7428808769066175,2.5093231015576576,1.0,0.10260819853422884,1.0,0.0,0.0,0.10260819853422884,0.0,0.0,0.01574491673779345,0.0,0.09736356313178639,0.13839363520909212,0.0002776398606073201,0.8891242517682607,0.1766201314811935,0.0,0.0,0.0,0.0,0.0,0.0,0.0,0.0,1.0,0.0,0.0015967838774099481,0.29992870299402113,0.3668551107723556,0.053420597140839,0.0,0.10816358841821819,0.10745792653032406,0.10745792653032406,0.11393702030181885,-0.05315357190138566,1.4107695637687153e-12,0.0,0.0,3.9700523964659182,3.970052403604199,2.267901784645583,2.267901784645583,0.436595997053706,0.0,0.0,0.0,0.0,0.09736356549634191,0.1868532776921809,4.120875130259136e-10,0.9947753969780699,0.1766201314811935,0.06071221889805294,2.225984407756143,2.2786938644454864,2.267901784645583,2.262581275608725,2.5093231015576576,0.0,0.08783897177544897,1.0,2.027166602854243,2.0273339270117754,2.027356702410532,0.0,0.00411999861021041,0.0024428904108134307,0.0001730125282595728,0.01014834730523432,0.0004119998676957518,0.0010148347470446484,0.0,0.004119998629032048,8.0,0.0,0.0,0.0,0.0,0.0,0.0,,,,,,,,,,,,,,,,,,,,,,0.001
17,2839,val,,,,,,,,,,,,,,,,,,,,,,,,,,,,,,,,,,,,,,,,,,,,,,,,,,,,,,,,,,,,,,,,,,,,,,,,,,,,,,,,,,,,,,,,,,,,,,,,,,,,,,,,,,,,,,,,,,,56.94036442892892,10032.900913783482,100.16436948228387,102.23466372489929,28.65539108003889,14.887442571776253,23.96284937721502,10.966565881456647,6.858970122677939,16.460838147572108,26.458858567450157,12.914059724126544,7.632597471986498,127.71444879259381,154.34096454168764,254.29353979655676,64.41271550314767,56.94036442892892,100.16436948228387,102.23466372489929,28.65539108003889,0.001
18,2840,train,0.2064938098192215,0.19912773370742798,0.19920173287391663,0.0,0.003918954636901617,0.003918954636901617,0.0,2.804086446762085,3.9999998989515007e-05,0.019999999552965164,0.004000000189989805,0.019999999552965164,0.00039999998989515007,0.00039999998989515007,0.4000000059604645,0.10948719084262848,0.010379798710346222,0.0,0.0,0.0,0.0,0.0,0.0,0.0,0.0,-1.3630317449569702,-1.3630317449569702,1.0,-1.3630317449569702,-1.3630317449569702,-1.3498774766921997,0.0,-3.709678888320923,2.5187761783599854,1.0,0.10948719084262848,1.0,0.0,0.0,0.10948719084262848,0.0,0.0,0.010379798710346222,0.0,0.11037979274988174,0.161712184548378,0.0006960325408726931,0.898394763469696,0.18890231847763062,0.0,0.0,0.0,0.0,0.0,0.0,0.0,0.0,1.0,0.0,0.0004905213136225939,0.3094204068183899,0.37186411023139954,0.059341613203287125,0.0,0.19920173287391663,0.19912773370742798,0.19912773370742798,0.1207423284649849,-0.049392733722925186,-1.0451329385263719e-10,0.0,0.0,4.080799102783203,4.080799102783203,2.283039093017578,2.283039093017578,0.469231516122818,0.0,0.0,0.0,0.0,0.11037980020046234,0.20484817028045654,5.533691126852203e-12,0.9985652565956116,0.18890231847763062,0.075643390417099,2.1820807456970215,2.2975363731384277,2.283039093017578,2.292858123779297,2.5187761783599854,0.0,0.08479262888431549,1.0,1.9748284816741943,1.993155837059021,1.9887008666992188,0.0,0.00612880103290081,0.0026253031101077795,0.00019018235616385937,0.012918788008391857,0.000612880103290081,0.0012918788706883788,0.0,0.00612880103290081,9.0,0.0,0.0,0.0,0.0,0.0,0.0,,,,,,,,,,,,,,,,,,,,,,0.001
18,2860,train,0.10938512533903122,0.1165936142206192,0.11758027970790863,0.0,0.003975905478000641,0.003975905478000641,0.0,2.7495217323303223,3.9999998989515007e-05,0.019999999552965164,0.004000000189989805,0.019999999552965164,0.00039999998989515007,0.00039999998989515007,0.4000000059604645,0.10577960312366486,0.026784032583236694,0.0,0.0,0.0,0.0,0.0,0.0,0.0,0.0,-1.2902946472167969,-1.2902946472167969,1.0,-1.2902946472167969,-1.2902946472167969,-1.2624260187149048,0.0,-3.558276653289795,2.676124334335327,1.0,0.10577960312366486,1.0,0.0,0.0,0.10577960312366486,0.0,0.0,0.026784032583236694,0.0,0.07321596145629883,0.09870964288711548,1.839122523961123e-05,0.765246570110321,0.16836722195148468,0.0,0.0,0.0,0.0,0.0,0.0,0.0,0.0,1.0,0.0,0.0017731793923303485,0.317306250333786,0.38155028223991394,0.06384876370429993,0.0,0.11758027970790863,0.1165936142206192,0.1165936142206192,0.0982624962925911,-0.007929407060146332,-5.820937482026167e-11,0.0,0.0,3.751105546951294,3.751105546951294,2.35908579826355,2.35908579826355,0.35222700238227844,0.0,0.0,0.0,0.0,0.07321596890687943,0.139881432056427,2.4746135696140925e-11,0.9869929552078247,0.16836722195148468,0.02863817662000656,2.2834901809692383,2.36415433883667,2.35908579826355,2.402393341064453,2.676124334335327,0.0,0.0905398577451706,1.0,1.9306004047393799,2.005054235458374,2.026359796524048,0.0,0.0143673000857234,0.011077666655182838,7.439777255058289e-05,0.04461847245693207,0.0014367300318554044,0.004461847245693207,0.0,0.0143673000857234,9.0,0.0,0.0,0.0,0.0,0.0,0.0,,,,,,,,,,,,,,,,,,,,,,0.001
18,2880,train,0.0951438918709755,0.1063602939248085,0.10759466886520386,0.0,0.003848857479169965,0.003848857479169965,0.0,2.724215507507324,3.9999998989515007e-05,0.019999999552965164,0.004000000189989805,0.019999999552965164,0.00039999998989515007,0.00039999998989515007,0.4000000059604645,0.1092899888753891,0.007328592240810394,0.0,0.0,0.0,0.0,0.0,0.0,0.0,0.0,-1.3736640214920044,-1.3736640214920044,1.0,-1.3736640214920044,-1.3736640214920044,-1.3469066619873047,0.0,-3.6993908882141113,2.40673828125,1.0,0.1092899888753891,1.0,0.0,0.0,0.1092899888753891,0.0,0.0,0.007328592240810394,0.0,0.10732859373092651,0.1438644826412201,8.030772005440667e-05,0.8684398531913757,0.19610647857189178,0.0,0.0,0.0,0.0,0.0,0.0,0.0,0.0,1.0,0.0,0.0024658215697854757,0.3099786639213562,0.35395798087120056,0.06224491819739342,0.0,0.10759466886520386,0.1063602939248085,0.1063602939248085,0.11103283613920212,-0.05512216314673424,-2.4933295011964063e-11,0.0,0.0,3.718754291534424,3.718754768371582,2.1888535022735596,2.1888535022735596,0.4064479172229767,0.0,0.0,0.0,0.0,0.10732859373092651,0.19429364800453186,3.38316685777329e-09,0.9973914623260498,0.19610647857189178,0.06768535822629929,2.205594778060913,2.2011921405792236,2.1888535022735596,2.200653553009033,2.40673828125,0.0,0.09579290449619293,1.0,1.9425511360168457,1.9407501220703125,1.926456093788147,0.0,0.0056361849419772625,0.004819934256374836,1.9191656974726357e-05,0.0224322397261858,0.0005636186106130481,0.0022432240657508373,0.0,0.00563618540763855,9.0,0.0,0.0,0.0,0.0,0.0,0.0,,,,,,,,,,,,,,,,,,,,,,0.001
18,2900,train,0.10225396603345871,0.11207721382379532,0.11317575722932816,0.0,0.003911229781806469,0.003911229781806469,0.0,2.726457357406616,3.9999998989515007e-05,0.019999999552965164,0.004000000189989805,0.019999999552965164,0.00039999998989515007,0.00039999998989515007,0.4000000059604645,0.1089116632938385,0.018732689321041107,0.0,0.0,0.0,0.0,0.0,0.0,0.0,0.0,-1.3623642921447754,-1.3623642921447754,1.0,-1.3623642921447754,-1.3623642921447754,-1.3366565704345703,0.0,-3.7137906551361084,2.479714870452881,1.0,0.1089116632938385,1.0,0.0,0.0,0.1089116632938385,0.0,0.0,0.018732689321041107,0.0,0.08126731216907501,0.13277222216129303,0.0002498856047168374,0.9353563785552979,0.1639682948589325,0.0,0.0,0.0,0.0,0.0,0.0,0.0,0.0,1.0,0.0,0.0020066522993147373,0.31907498836517334,0.36516353487968445,0.06221683695912361,0.0,0.11317575722932816,0.11207721382379532,0.11207721382379532,0.10965783149003983,-0.039039019495248795,1.2753113669272675e-11,0.0,0.0,3.790060043334961,3.790060043334961,2.257634401321411,2.257634401321411,0.3980167806148529,0.0,0.0,0.0,0.0,0.08126731216907501,0.16727402806282043,1.519056685994613e-10,0.9982216954231262,0.1639682948589325,0.04393382743000984,2.2031595706939697,2.2669575214385986,2.257634401321411,2.2575485706329346,2.479714870452881,0.0,0.09047051519155502,1.0,1.9696310758590698,1.9605965614318848,1.9532729387283325,0.0,0.0037072962149977684,0.0028349885251373053,8.598644490120932e-05,0.011215433478355408,0.0003707295982167125,0.0011215433478355408,0.0,0.0037072962149977684,9.0,0.0,0.0,0.0,0.0,0.0,0.0,,,,,,,,,,,,,,,,,,,,,,0.001
18,2920,train,0.09569714963436127,0.1059490516781807,0.1070161685347557,0.0,0.003637253073975444,0.003637253073975444,0.0,2.631690502166748,3.9999998989515007e-05,0.019999999552965164,0.004000000189989805,0.019999999552965164,0.00039999998989515007,0.00039999998989515007,0.4000000059604645,0.102645143866539,0.01928812265396118,0.0,0.0,0.0,0.0,0.0,0.0,0.0,0.0,-1.328413486480713,-1.328413486480713,1.0,-1.328413486480713,-1.328413486480713,-1.314242959022522,0.0,-3.629160165786743,2.5083420276641846,1.0,0.102645143866539,1.0,0.0,0.0,0.102645143866539,0.0,0.0,0.01928812265396118,0.0,0.08071188628673553,0.11478182673454285,0.0007104472606442869,0.8129187822341919,0.1749991774559021,0.0,0.0,0.0,0.0,0.0,0.0,0.0,0.0,1.0,0.0,0.002423242200165987,0.305196613073349,0.36459818482398987,0.06849449872970581,0.0,0.1070161685347557,0.1059490516781807,0.1059490516781807,0.11510458588600159,-0.03865019604563713,-3.9787541317171105e-11,0.0,0.0,3.7541680335998535,3.7541677951812744,2.255694627761841,2.255694627761841,0.4154759347438812,0.0,0.0,0.0,0.0,0.08071187883615494,0.15354236960411072,2.6558641508245273e-08,0.9820057153701782,0.1749991774559021,0.03740043193101883,2.227025270462036,2.2609949111938477,2.255694627761841,2.2448976039886475,2.5083420276641846,0.0,0.09331487119197845,1.0,1.9201900959014893,1.9687861204147339,1.9964563846588135,0.0,0.0040193418972194195,0.0023263669572770596,0.0001001885102596134,0.00913933478295803,0.0004019342304673046,0.0009139335015788674,0.0,0.0040193418972194195,9.0,0.0,0.0,0.0,0.0,0.0,0.0,,,,,,,,,,,,,,,,,,,,,,0.001
18,2940,train,0.09421180188655853,0.10551897436380386,0.10574139654636383,0.0,0.004028076771646738,0.004028076771646738,0.0,2.769749879837036,3.9999998989515007e-05,0.019999999552965164,0.004000000189989805,0.019999999552965164,0.00039999998989515007,0.00039999998989515007,0.4000000059604645,0.08513684570789337,0.013514235615730286,0.0,0.0,0.0,0.0,0.0,0.0,0.0,0.0,-1.361928105354309,-1.361928105354309,1.0,-1.361928105354309,-1.361928105354309,-1.3455113172531128,0.0,-3.709510326385498,2.4907007217407227,1.0,0.08513684570789337,1.0,0.0,0.0,0.08513684570789337,0.0,0.0,0.013514235615730286,0.0,0.113514244556427,0.15248066186904907,0.00043530130642466247,0.9784756898880005,0.20369046926498413,0.0,0.0,0.0,0.0,0.0,0.0,0.0,0.0,1.0,0.0,0.0018856317037716508,0.3069089949131012,0.3682086765766144,0.05927690491080284,0.0,0.10574139654636383,0.10551897436380386,0.10551897436380386,0.10810352116823196,-0.011485151946544647,-1.9765447611952425e-10,0.0,0.0,3.887831449508667,3.887831449508667,2.257626533508301,2.257626533508301,0.40846890211105347,0.0,0.0,0.0,0.0,0.1135142371058464,0.19987401366233826,1.1945065769847218e-10,0.9979536533355713,0.20369046926498413,0.07147672027349472,2.2189271450042725,2.2731943130493164,2.257626533508301,2.2841169834136963,2.4907007217407227,0.0,0.10095994919538498,1.0,1.9565300941467285,1.921449065208435,1.935232400894165,0.0,0.0033131414093077183,0.0022630621679127216,0.00033024061121977866,0.010000300593674183,0.00033131413511000574,0.0010000300826504827,0.0,0.0033131414093077183,9.0,0.0,0.0,0.0,0.0,0.0,0.0,,,,,,,,,,,,,,,,,,,,,,0.001
18,2960,train,0.08750393241643906,0.10095579922199249,0.10138791799545288,0.0,0.003565547289326787,0.003565547289326787,0.0,2.8105292320251465,3.9999998989515007e-05,0.019999999552965164,0.004000000189989805,0.019999999552965164,0.00039999998989515007,0.00039999998989515007,0.4000000059604645,0.09062406420707703,0.002513416111469269,0.0,0.0,0.0,0.0,0.0,0.0,0.0,0.0,-1.4146015644073486,-1.4146015644073486,1.0,-1.4146015644073486,-1.4146015644073486,-1.3730595111846924,0.0,-3.789608955383301,2.3912603855133057,1.0,0.09062406420707703,1.0,0.0,0.0,0.09062406420707703,0.0,0.0,0.002513416111469269,0.0,0.10251341760158539,0.12488490343093872,0.00034788937773555517,0.8242615461349487,0.20905952155590057,0.0,0.0,0.0,0.0,0.0,0.0,0.0,0.0,1.0,0.0,0.0013990290462970734,0.2987004816532135,0.35753852128982544,0.05628303438425064,0.0,0.10138791799545288,0.10095579922199249,0.10095579922199249,0.12331745028495789,-0.0673055350780487,-3.874986789775825e-11,0.0,0.0,3.735814094543457,3.735814094543457,2.2137625217437744,2.2137625217437744,0.4515189826488495,0.0,0.0,0.0,0.0,0.10251341760158539,0.17274516820907593,3.024033023990569e-09,0.9970582723617554,0.20905952155590057,0.04967065155506134,2.201185464859009,2.220583438873291,2.2137625217437744,2.2226786613464355,2.3912603855133057,0.0,0.08655480295419693,1.0,1.8709571361541748,1.9533346891403198,1.9166637659072876,0.0,0.0036009130999445915,0.0022592905443161726,1.9631192117230967e-05,0.008710396476089954,0.0003600913332775235,0.0008710396359674633,0.0,0.0036009130999445915,9.0,0.0,0.0,0.0,0.0,0.0,0.0,,,,,,,,,,,,,,,,,,,,,,0.001
18,2980,train,0.09869332611560822,0.10990419238805771,0.11055237799882889,0.0,0.003740692976862192,0.003740692976862192,0.0,2.7643237113952637,3.9999998989515007e-05,0.019999999552965164,0.004000000189989805,0.019999999552965164,0.00039999998989515007,0.00039999998989515007,0.4000000059604645,0.08786022663116455,0.01809283345937729,0.0,0.0,0.0,0.0,0.0,0.0,0.0,0.0,-1.3978790044784546,-1.3978790044784546,1.0,-1.3978790044784546,-1.3978790044784546,-1.3559107780456543,0.0,-3.792175531387329,2.4172749519348145,1.0,0.08786022663116455,1.0,0.0,0.0,0.08786022663116455,0.0,0.0,0.01809283345937729,0.0,0.11809283494949341,0.15947295725345612,0.0001569867308717221,0.9348057508468628,0.2054591029882431,0.0,0.0,0.0,0.0,0.0,0.0,0.0,0.0,1.0,0.0,0.0018031877698376775,0.2987551987171173,0.3734360933303833,0.05893837660551071,0.0,0.11055237799882889,0.10990419238805771,0.10990419238805771,0.11999429017305374,-0.050286665558815,-1.562071028082812e-10,0.0,0.0,3.8452744483947754,3.8452744483947754,2.3243582248687744,2.3243582248687744,0.4459057152271271,0.0,0.0,0.0,0.0,0.11809283494949341,0.20767268538475037,1.4569980777423552e-09,0.9990993738174438,0.2054591029882431,0.07736673206090927,2.1979477405548096,2.350703001022339,2.3243582248687744,2.2022197246551514,2.4172749519348145,0.0,0.0921417623758316,1.0,1.9145903587341309,1.9349029064178467,1.9059221744537354,0.0,0.0031474491115659475,0.0018400131957605481,4.317063684311506e-08,0.008480723015964031,0.0003147448878735304,0.0008480722899548709,0.0,0.003147448878735304,9.0,0.0,0.0,0.0,0.0,0.0,0.0,,,,,,,,,,,,,,,,,,,,,,0.001
18,3000,train,0.09489159286022186,0.1060938909649849,0.10668694227933884,0.0,0.003711275290697813,0.003711275290697813,0.0,2.710355520248413,3.9999998989515007e-05,0.019999999552965164,0.004000000189989805,0.019999999552965164,0.00039999998989515007,0.00039999998989515007,0.4000000059604645,0.09459397941827774,0.008921466767787933,0.0,0.0,0.0,0.0,0.0,0.0,0.0,0.0,-1.3651549816131592,-1.3651549816131592,1.0,-1.3651549816131592,-1.3651549816131592,-1.3346779346466064,0.0,-3.7148842811584473,2.516728401184082,1.0,0.09459397941827774,1.0,0.0,0.0,0.09459397941827774,0.0,0.0,0.008921466767787933,0.0,0.10892146825790405,0.13876646757125854,0.000420739728724584,0.8495134115219116,0.20847396552562714,0.0,0.0,0.0,0.0,0.0,0.0,0.0,0.0,1.0,0.0,0.0014319990295916796,0.30003082752227783,0.3627588152885437,0.06152888387441635,0.0,0.10668694227933884,0.1060938909649849,0.1060938909649849,0.12440583109855652,-0.05361839756369591,2.0565266156680195e-10,0.0,0.0,3.796178102493286,3.796178102493286,2.249648094177246,2.249648094177246,0.45104801654815674,0.0,0.0,0.0,0.0,0.10892146825790405,0.1882271021604538,2.227327350334818e-11,0.9951007962226868,0.20847396552562714,0.05919883772730827,2.194904327392578,2.2597732543945312,2.249648094177246,2.306833267211914,2.516728401184082,0.0,0.08523774892091751,1.0,1.9798152446746826,1.928068995475769,1.9434146881103516,0.0,0.0023254239931702614,0.0016953740268945694,2.6463178073754534e-05,0.00862565916031599,0.0002325423847651109,0.0008625659393146634,0.0,0.0023254239931702614,9.0,0.0,0.0,0.0,0.0,0.0,0.0,,,,,,,,,,,,,,,,,,,,,,0.001
18,3006,train_epoch,0.10209671082253942,0.11180890079386933,0.1126542148922018,0.0,0.0038645359168866435,0.0038645359168866435,0.0,2.7384169901202537,3.9999998989515007e-05,0.019999999552965164,0.004000000189989805,0.019999999552965164,0.00039999998989515007,0.00039999998989515007,0.4000000059604645,0.09907133685436077,0.013062767260624263,0.0,0.0,0.0,0.0,0.0,0.0,0.0,0.0,-1.3531131401747287,-1.3531131401747287,1.0,-1.3531131401747287,-1.3531131408885568,-1.328701958684864,0.0,-3.689387148725772,2.5250000639589962,1.0,0.09907133685436077,1.0,0.0,0.0,0.09907133685436077,0.0,0.0,0.013062767260624263,0.0,0.09549654951084874,0.13349888009760907,0.0004748824623108927,0.8624014679543273,0.18637354172275453,0.0,0.0,0.0,0.0,0.0,0.0,0.0,0.0,1.0,0.0,0.001922867610816381,0.30661843618946877,0.3706475310696813,0.06184627452564097,0.0,0.1126542148922018,0.11180890079386933,0.11180890079386933,0.11252978765322062,-0.042181582686429964,-1.1828838730055373e-11,0.0,0.0,3.8287526333403443,3.8287526447615936,2.2979466001430673,2.2979466001430673,0.4177750017114742,0.0,0.0,0.0,0.0,0.09549655044774809,0.17638112403853926,3.949947534370721e-09,0.9915892428266788,0.18637354172275453,0.05403407661433884,2.2387818247972135,2.3081940262617464,2.2979466001430673,2.293454688466238,2.5250000639589962,0.0,0.09375655316485616,1.0,1.9647307438764743,1.9647067514008392,1.9647238825609583,0.0,0.004897290109489447,0.0033794786630499504,0.00015059298181354028,0.014474054288208306,0.0004897290166912874,0.0014474054501868762,0.0,0.004897290147132726,9.0,0.0,0.0,0.0,0.0,0.0,0.0,,,,,,,,,,,,,,,,,,,,,,0.001
18,3006,val,,,,,,,,,,,,,,,,,,,,,,,,,,,,,,,,,,,,,,,,,,,,,,,,,,,,,,,,,,,,,,,,,,,,,,,,,,,,,,,,,,,,,,,,,,,,,,,,,,,,,,,,,,,,,,,,,,,46.980787481580464,7783.077200753348,88.2217501569389,80.83688136509487,23.56302285194397,14.749039036887032,23.81862824419572,10.1641606092453,6.754078320094517,15.9818343435015,26.060617214882363,11.453862224306379,7.304699523108346,134.7783707209996,162.5026649742841,267.7566283089774,68.16664266586304,46.980787481580464,88.2217501569389,80.83688136509487,23.56302285194397,0.001
18,3006,test,,,,,,,,,,,,,,,,,,,,,,,,,,,,,,,,,,,,,,,,,,,,,,,,,,,,,,,,,,,,,,,,,,,,,,,,,,,,,,,,,,,,,,,,,,,,,,,,,,,,,,,,,,,,,,,,,,,52.71332475117275,8784.321855817523,93.72471315409572,76.23970103263855,26.65562997545515,18.253391282899038,28.31422556680618,13.966533030782427,8.47125893831253,22.932300073759897,36.06961111861454,18.078850661005294,10.616203001567296,141.17966951642717,170.50962292955563,235.85052088328771,72.68149675641742,52.71332475117275,93.72471315409572,76.23970103263855,26.65562997545515,0.001
19,3020,train,0.09529633074998856,0.10938501358032227,0.11009963601827621,0.0,0.0039232876151800156,0.0039232876151800156,0.0,2.680143356323242,4.5000000682193786e-05,0.02250000089406967,0.0044999998062849045,0.02250000089406967,0.00044999999227002263,0.00044999999227002263,0.44999998807907104,0.08865399658679962,0.0047457292675971985,0.0,0.0,0.0,0.0,0.0,0.0,0.0,0.0,-1.3466488122940063,-1.3466488122940063,1.0,-1.3466488122940063,-1.3466488122940063,-1.3378725051879883,0.0,-3.674532651901245,2.5786807537078857,1.0,0.08865399658679962,1.0,0.0,0.0,0.08865399658679962,0.0,0.0,0.0047457292675971985,0.0,0.09525427967309952,0.12214846163988113,0.0005858608055859804,0.7700871825218201,0.20357200503349304,0.0,0.0,0.0,0.0,0.0,0.0,0.0,0.0,1.0,0.0,0.0014093575300648808,0.29820600152015686,0.3708336651325226,0.06272339820861816,0.0,0.11009963601827621,0.10938501358032227,0.10938501358032227,0.1063397154211998,-0.04537041485309601,7.596352713523657e-11,0.0,0.0,3.9594411849975586,3.9594411849975586,2.3054516315460205,2.3054516315460205,0.402068555355072,0.0,0.0,0.0,0.0,0.09525427222251892,0.16107049584388733,1.0360805963172126e-10,0.9872559309005737,0.20357200503349304,0.04673713445663452,2.2679641246795654,2.3139877319335938,2.3054516315460205,2.29990553855896,2.5786807537078857,0.0,0.08989114314317703,1.0,1.95967698097229,1.9197940826416016,1.94775390625,0.0,0.0025929934345185757,0.0018778106896206737,9.221446089213714e-05,0.006906252354383469,0.00025929935509338975,0.0006906252237968147,0.0,0.0025929934345185757,9.0,0.0,0.0,0.0,0.0,0.0,0.0,,,,,,,,,,,,,,,,,,,,,,0.001
19,3040,train,0.09999407827854156,0.1136549636721611,0.11464004218578339,0.0,0.003935045097023249,0.003935045097023249,0.0,2.679198980331421,4.5000000682193786e-05,0.02250000089406967,0.0044999998062849045,0.02250000089406967,0.00044999999227002263,0.00044999999227002263,0.44999998807907104,0.09652896225452423,0.001582898199558258,0.0,0.0,0.0,0.0,0.0,0.0,0.0,0.0,-1.3645238876342773,-1.3645238876342773,1.0,-1.3645238876342773,-1.364524006843567,-1.3354262113571167,0.0,-3.7174415588378906,2.469932794570923,1.0,0.09652896225452423,1.0,0.0,0.0,0.09652896225452423,0.0,0.0,0.001582898199558258,0.0,0.09841709583997726,0.13722987473011017,0.00019190157763659954,0.8714698553085327,0.1983506828546524,0.0,0.0,0.0,0.0,0.0,0.0,0.0,0.0,1.0,0.0,0.002054310403764248,0.31631675362586975,0.36793455481529236,0.062936931848526,0.0,0.11464004218578339,0.1136549636721611,0.1136549636721611,0.11967208981513977,-0.05167520418763161,-6.509935646104026e-11,0.0,0.0,3.8339033126831055,3.8339033126831055,2.2928149700164795,2.2928149700164795,0.442049503326416,0.0,0.0,0.0,0.0,0.09841710329055786,0.17446011304855347,6.866667234817214e-09,0.9935811758041382,0.1983506828546524,0.052481621503829956,2.2354094982147217,2.3000245094299316,2.2928149700164795,2.252419948577881,2.469932794570923,0.0,0.09168631583452225,1.0,1.935265302658081,1.9152988195419312,1.9407204389572144,0.0,0.005730345845222473,0.003104109549894929,0.00016731508367229253,0.011494169943034649,0.0005730345728807151,0.0011494170175865293,0.0,0.005730345845222473,9.0,0.0,0.0,0.0,0.0,0.0,0.0,,,,,,,,,,,,,,,,,,,,,,0.001
19,3060,train,0.08821411430835724,0.10389851033687592,0.10454685240983963,0.0,0.0037968240212649107,0.0037968240212649107,0.0,2.6199512481689453,4.5000000682193786e-05,0.02250000089406967,0.0044999998062849045,0.02250000089406967,0.00044999999227002263,0.00044999999227002263,0.44999998807907104,0.08973803371191025,0.016369640827178955,0.0,0.0,0.0,0.0,0.0,0.0,0.0,0.0,-1.3646239042282104,-1.3646239042282104,1.0,-1.3646239042282104,-1.3646239042282104,-1.3427478075027466,0.0,-3.717576265335083,2.5079762935638428,1.0,0.08973803371191025,1.0,0.0,0.0,0.08973803371191025,0.0,0.0,0.016369640827178955,0.0,0.08363036066293716,0.14005522429943085,0.0004039354098495096,0.8750607371330261,0.16909530758857727,0.0,0.0,0.0,0.0,0.0,0.0,0.0,0.0,1.0,0.0,0.0017745357472449541,0.3092671036720276,0.3669418394565582,0.06550765782594681,0.0,0.10454685240983963,0.10389851033687592,0.10389851033687592,0.11936485022306442,-0.04643211141228676,-8.952873165046782e-11,0.0,0.0,3.9783949851989746,3.9783949851989746,2.2612669467926025,2.2612669467926025,0.4727930426597595,0.0,0.0,0.0,0.0,0.08363036066293716,0.1689424365758896,2.6974410261004778e-08,0.9873549342155457,0.16909530758857727,0.04785539582371712,2.2022042274475098,2.280257225036621,2.2612669467926025,2.308455467224121,2.5079762935638428,0.0,0.0904199555516243,1.0,1.905005693435669,1.908776044845581,1.9109560251235962,0.0,0.007448668126016855,0.003187370952218771,0.00027476847753860056,0.012817148119211197,0.0007448668475262821,0.0012817148817703128,0.0,0.007448668126016855,9.0,0.0,0.0,0.0,0.0,0.0,0.0,,,,,,,,,,,,,,,,,,,,,,0.001
19,3080,train,0.09956818073987961,0.11252012848854065,0.11229372769594193,0.0,0.004338011145591736,0.004338011145591736,0.0,2.571429491043091,4.5000000682193786e-05,0.02250000089406967,0.0044999998062849045,0.02250000089406967,0.00044999999227002263,0.00044999999227002263,0.44999998807907104,0.07948657870292664,0.0211150124669075,0.0,0.0,0.0,0.0,0.0,0.0,0.0,0.0,-1.32108473777771,-1.32108473777771,1.0,-1.32108473777771,-1.32108473777771,-1.298661470413208,0.0,-3.6316323280334473,2.537700653076172,1.0,0.07948657870292664,1.0,0.0,0.0,0.07948657870292664,0.0,0.0,0.0211150124669075,0.0,0.07888498902320862,0.12135888636112213,0.000269593030679971,0.8129606246948242,0.17221543192863464,0.0,0.0,0.0,0.0,0.0,0.0,0.0,0.0,1.0,0.0,0.001019332674331963,0.3244258761405945,0.3774050176143646,0.06907951831817627,0.0,0.11229372769594193,0.11252012848854065,0.11252012848854065,0.1066574901342392,-0.02230846881866455,1.791470721768107e-10,0.0,0.0,3.963470935821533,3.963470458984375,2.3373425006866455,2.3373425006866455,0.411373108625412,0.0,0.0,0.0,0.0,0.07888498902320862,0.1525798887014389,2.4908775042575826e-09,0.9949474334716797,0.17221543192863464,0.03895527124404907,2.224343776702881,2.3511080741882324,2.3373425006866455,2.3368546962738037,2.537700653076172,0.0,0.09239877015352249,1.0,1.9165387153625488,1.8859809637069702,1.9185024499893188,0.0,0.0034534584265202284,0.002255072584375739,0.00039257245953194797,0.009872471913695335,0.0003453458193689585,0.000987247214652598,0.0,0.003453457960858941,9.0,0.0,0.0,0.0,0.0,0.0,0.0,,,,,,,,,,,,,,,,,,,,,,0.001
19,3100,train,0.09437283873558044,0.10835118591785431,0.10896270722150803,0.0,0.003624711651355028,0.003624711651355028,0.0,2.5468287467956543,4.5000000682193786e-05,0.02250000089406967,0.0044999998062849045,0.02250000089406967,0.00044999999227002263,0.00044999999227002263,0.44999998807907104,0.08181576430797577,0.004755876958370209,0.0,0.0,0.0,0.0,0.0,0.0,0.0,0.0,-1.333555817604065,-1.333555817604065,1.0,-1.333555817604065,-1.333555817604065,-1.3054896593093872,0.0,-3.6544792652130127,2.5827603340148926,1.0,0.08181576430797577,1.0,0.0,0.0,0.08181576430797577,0.0,0.0,0.004755876958370209,0.0,0.09524411708116531,0.13745081424713135,0.0007603747071698308,0.8596911430358887,0.18879470229148865,0.0,0.0,0.0,0.0,0.0,0.0,0.0,0.0,1.0,0.0,0.0015329296002164483,0.2933417558670044,0.3750993609428406,0.07027682662010193,0.0,0.10896270722150803,0.10835118591785431,0.10835118591785431,0.11852007359266281,-0.03914574161171913,2.0949657286717382e-10,0.0,0.0,3.9262642860412598,3.9262642860412598,2.3176491260528564,2.3176491260528564,0.4602173864841461,0.0,0.0,0.0,0.0,0.09524412453174591,0.1765378713607788,2.0733996464183946e-10,0.9932301044464111,0.18879470229148865,0.05162377655506134,2.1930549144744873,2.340806007385254,2.3176491260528564,2.294895648956299,2.5827603340148926,0.0,0.08679191768169403,1.0,1.9271048307418823,1.8879398107528687,1.8887017965316772,0.0,0.004273965489119291,0.002489183098077774,0.00011552205978659913,0.009245851077139378,0.0004273965605534613,0.0009245850960724056,0.0,0.004273965023458004,9.0,0.0,0.0,0.0,0.0,0.0,0.0,,,,,,,,,,,,,,,,,,,,,,0.001
19,3120,train,0.09760866314172745,0.1109544113278389,0.11147862672805786,0.0,0.003938829060643911,0.003938829060643911,0.0,2.583834648132324,4.5000000682193786e-05,0.02250000089406967,0.0044999998062849045,0.02250000089406967,0.00044999999227002263,0.00044999999227002263,0.44999998807907104,0.0850360095500946,0.04043850302696228,0.0,0.0,0.0,0.0,0.0,0.0,0.0,0.0,-1.3297343254089355,-1.3297343254089355,1.0,-1.3297343254089355,-1.329734206199646,-1.3022929430007935,0.0,-3.636672258377075,2.5975446701049805,1.0,0.0850360095500946,1.0,0.0,0.0,0.0850360095500946,0.0,0.0,0.04043850302696228,0.0,0.05956149473786354,0.07052779942750931,0.0007063913508318365,0.6731142997741699,0.158854141831398,0.0,0.0,0.0,0.0,0.0,0.0,0.0,0.0,1.0,0.0,0.001648565987125039,0.31657835841178894,0.3840635418891907,0.06936971843242645,0.0,0.11147862672805786,0.1109544113278389,0.1109544113278389,0.11391226202249527,-0.02085700072348118,-5.469640018684885e-11,0.0,0.0,3.9605872631073,3.9605872631073,2.380188465118408,2.380188465118408,0.4381587505340576,0.0,0.0,0.0,0.0,0.05956149846315384,0.10930661112070084,9.076452367473564e-10,0.9447709321975708,0.158854141831398,0.015326287597417831,2.2055277824401855,2.3985061645507812,2.380188465118408,2.3137240409851074,2.5975446701049805,0.0,0.0956297367811203,1.0,1.819495439529419,1.9039506912231445,1.899395227432251,0.0,0.003028851468116045,0.002030415693297982,0.00013798498548567295,0.008786546997725964,0.0003028851351700723,0.0008786547114141285,0.0,0.003028851468116045,9.0,0.0,0.0,0.0,0.0,0.0,0.0,,,,,,,,,,,,,,,,,,,,,,0.001
19,3140,train,0.08840721845626831,0.10380898416042328,0.10379791259765625,0.0,0.004020125605165958,0.004020125605165958,0.0,2.6342246532440186,4.5000000682193786e-05,0.02250000089406967,0.0044999998062849045,0.02250000089406967,0.00044999999227002263,0.00044999999227002263,0.44999998807907104,0.08456198126077652,0.02022191882133484,0.0,0.0,0.0,0.0,0.0,0.0,0.0,0.0,-1.3487956523895264,-1.3487956523895264,1.0,-1.3487956523895264,-1.3487956523895264,-1.3294459581375122,0.0,-3.6736602783203125,2.57928466796875,1.0,0.08456198126077652,1.0,0.0,0.0,0.08456198126077652,0.0,0.0,0.02022191882133484,0.0,0.07977807521820068,0.11059533059597015,0.0008926966111175716,0.8369321227073669,0.1826072335243225,0.0,0.0,0.0,0.0,0.0,0.0,0.0,0.0,1.0,0.0,0.001064566895365715,0.31068864464759827,0.375639408826828,0.06555840373039246,0.0,0.10379791259765625,0.10380898416042328,0.10380898416042328,0.11139616370201111,-0.04307275637984276,-4.8685343950749527e-11,0.0,0.0,3.9432711601257324,3.9432711601257324,2.330780506134033,2.330780506134033,0.4251357316970825,0.0,0.0,0.0,0.0,0.07977808266878128,0.14518877863883972,7.669487267492059e-09,0.9845601320266724,0.1826072335243225,0.03258272260427475,2.218811511993408,2.343076229095459,2.330780506134033,2.3732407093048096,2.57928466796875,0.0,0.09061924368143082,1.0,1.8910679817199707,1.9070299863815308,1.909484624862671,0.0,0.0037107730749994516,0.0020126099698245525,0.00010321144509362057,0.008470103144645691,0.00037107730167917907,0.0008470103493891656,0.0,0.003710772842168808,9.0,0.0,0.0,0.0,0.0,0.0,0.0,,,,,,,,,,,,,,,,,,,,,,0.001
19,3160,train,0.08417171239852905,0.10058322548866272,0.10123635083436966,0.0,0.0033779542427510023,0.0033779542427510023,0.0,2.5939600467681885,4.5000000682193786e-05,0.02250000089406967,0.0044999998062849045,0.02250000089406967,0.00044999999227002263,0.00044999999227002263,0.44999998807907104,0.0773812010884285,0.039804957807064056,0.0,0.0,0.0,0.0,0.0,0.0,0.0,0.0,-1.3668243885040283,-1.3668243885040283,1.0,-1.3668243885040283,-1.3668243885040283,-1.3428877592086792,0.0,-3.70070743560791,2.5059974193573,1.0,0.0773812010884285,1.0,0.0,0.0,0.0773812010884285,0.0,0.0,0.039804957807064056,0.0,0.13980494439601898,0.1722593903541565,0.0002673066919669509,0.880882740020752,0.24684961140155792,0.0,0.0,0.0,0.0,0.0,0.0,0.0,0.0,1.0,0.0,0.0013356342678889632,0.2894243597984314,0.36685696244239807,0.06758628040552139,0.0,0.10123635083436966,0.10058322548866272,0.10058322548866272,0.11661005020141602,-0.04966914281249046,-1.0113071491346659e-10,0.0,0.0,3.8430607318878174,3.8430607318878174,2.312695026397705,2.312695026397705,0.4436244070529938,0.0,0.0,0.0,0.0,0.13980495929718018,0.21231013536453247,1.0382358972549355e-08,0.991707980632782,0.24684961140155792,0.09305300563573837,2.26608943939209,2.32615327835083,2.312695026397705,2.3241896629333496,2.5059974193573,0.0,0.08068883419036865,1.0,1.9179637432098389,1.9256868362426758,1.9182415008544922,0.0,0.0058975135907530785,0.003322719130665064,4.742135570268147e-05,0.014697895385324955,0.0005897513474337757,0.0014697895385324955,0.0,0.0058975135907530785,9.0,0.0,0.0,0.0,0.0,0.0,0.0,,,,,,,,,,,,,,,,,,,,,,0.001
19,3173,train_epoch,0.09301017880618215,0.10774754242090408,0.1084745168507456,0.0,0.0036661132367071278,0.0036661132367071278,0.0,2.6324323537107,4.5000000682193786e-05,0.02250000089406967,0.0044999998062849045,0.02250000089406967,0.00044999999227002263,0.00044999999227002263,0.44999998807907104,0.08635659448936314,0.013836065385334505,0.0,0.0,0.0,0.0,0.0,0.0,0.0,0.0,-1.3584556001389099,-1.3584556001389099,1.0,-1.3584556001389099,-1.3584555958559412,-1.3325718084495224,0.0,-3.701554763816788,2.521525011805003,1.0,0.08635659448936314,1.0,0.0,0.0,0.08635659448936314,0.0,0.0,0.013836065385334505,0.0,0.09661881844262163,0.13026510455651197,0.0006950785122345784,0.8437260392897143,0.19755452095034592,0.0,0.0,0.0,0.0,0.0,0.0,0.0,0.0,1.0,0.0,0.0016147516219783295,0.30220023315109895,0.3697146809029722,0.06535490446104975,0.0,0.1084745168507456,0.10774754242090408,0.10774754242090408,0.1164473664617824,-0.048476176827164465,-1.7464636322947284e-11,0.0,0.0,3.8735538813882244,3.8735538870988493,2.3048731067223462,2.3048731067223462,0.43985551310156634,0.0,0.0,0.0,0.0,0.09661881913414258,0.16921286325076382,1.4012745715126582e-08,0.9868243479443167,0.19755452095034592,0.05022028839204483,2.2270464911432324,2.31638019099207,2.3048731067223462,2.3021045587733835,2.521525011805003,0.0,0.0872055180593879,1.0,1.9155287799720992,1.9148038047516418,1.9152840468697918,0.0,0.004156329729008728,0.002386888837676027,0.00016342472430786966,0.009989401847012564,0.00041563297849508214,0.0009989402013618922,0.0,0.004156329701821917,9.0,0.0,0.0,0.0,0.0,0.0,0.0,,,,,,,,,,,,,,,,,,,,,,0.001
19,3173,val,,,,,,,,,,,,,,,,,,,,,,,,,,,,,,,,,,,,,,,,,,,,,,,,,,,,,,,,,,,,,,,,,,,,,,,,,,,,,,,,,,,,,,,,,,,,,,,,,,,,,,,,,,,,,,,,,,,46.89347062792097,7742.694030761719,87.9925794073666,80.4368725504194,23.504195860454015,14.653517757143293,23.7348151516397,9.812887353556496,6.698576390743256,15.960380571229118,25.97311541474753,11.045310829366956,7.29831998688834,134.95165511540003,162.76950066912036,267.32694475991383,68.11648709433419,46.89347062792097,87.9925794073666,80.4368725504194,23.504195860454015,0.001
19,3173,test,,,,,,,,,,,,,,,,,,,,,,,,,,,,,,,,,,,,,,,,,,,,,,,,,,,,,,,,,,,,,,,,,,,,,,,,,,,,,,,,,,,,,,,,,,,,,,,,,,,,,,,,,,,,,,,,,,,53.004772663116455,8754.988473074776,93.56809538018167,77.09530455725533,26.771903582981654,18.595690403665817,28.446024442587916,15.658817044326238,8.634801856109075,23.56219446659088,36.42488522137959,19.44465615068163,10.90897547347205,141.24886117662703,170.6762949861547,235.74948964800154,72.58105530057635,53.004772663116455,93.56809538018167,77.09530455725533,26.771903582981654,0.001
20,3180,train,0.09067556262016296,0.10929479449987411,0.11016492545604706,0.0,0.003936051391065121,0.003936051391065121,0.0,2.5900449752807617,4.999999873689376e-05,0.02500000037252903,0.004999999888241291,0.02500000037252903,0.0005000000237487257,0.0005000000237487257,0.5,0.07827584445476532,0.005384325981140137,0.0,0.0,0.0,0.0,0.0,0.0,0.0,0.0,-1.3640649318695068,-1.3640649318695068,1.0,-1.3640649318695068,-1.3640650510787964,-1.3327574729919434,0.0,-3.710024833679199,2.4848990440368652,1.0,0.07827584445476532,1.0,0.0,0.0,0.07827584445476532,0.0,0.0,0.005384325981140137,0.0,0.09461566805839539,0.1379656195640564,0.0003217363846488297,0.7892833948135376,0.18836861848831177,0.0,0.0,0.0,0.0,0.0,0.0,0.0,0.0,1.0,0.0,0.002025006338953972,0.32088857889175415,0.3666728138923645,0.06543470174074173,0.0,0.11016492545604706,0.10929479449987411,0.10929479449987411,0.1137644499540329,-0.0431809276342392,8.749492449999785e-12,0.0,0.0,3.9567642211914062,3.9567642211914062,2.286290407180786,2.286290407180786,0.43324917554855347,0.0,0.0,0.0,0.0,0.09461567550897598,0.1746031492948532,8.355911518265202e-10,0.9751256108283997,0.18836861848831177,0.052749697118997574,2.1626548767089844,2.3017451763153076,2.286290407180786,2.243070363998413,2.4848990440368652,0.0,0.09210630506277084,1.0,1.9331390857696533,1.8881785869598389,1.885550618171692,0.0,0.004113652743399143,0.0024910562206059694,8.807965059531853e-05,0.010028673335909843,0.00041136526851914823,0.0010028673568740487,0.0,0.004113652743399143,9.0,0.0,0.0,0.0,0.0,0.0,0.0,,,,,,,,,,,,,,,,,,,,,,0.001
20,3200,train,0.0924212783575058,0.1103193610906601,0.11142919212579727,0.0,0.0035151035990566015,0.0035151035990566015,0.0,2.5731637477874756,4.999999873689376e-05,0.02500000037252903,0.004999999888241291,0.02500000037252903,0.0005000000237487257,0.0005000000237487257,0.5,0.07305928319692612,0.020489402115345,0.0,0.0,0.0,0.0,0.0,0.0,0.0,0.0,-1.3482407331466675,-1.3482407331466675,1.0,-1.3482407331466675,-1.3482409715652466,-1.3291404247283936,0.0,-3.677717924118042,2.535245180130005,1.0,0.07305928319692612,1.0,0.0,0.0,0.07305928319692612,0.0,0.0,0.020489402115345,0.0,0.12048940360546112,0.15916459262371063,0.0008083698339760303,0.7982568144798279,0.22668138146400452,0.0,0.0,0.0,0.0,0.0,0.0,0.0,0.0,1.0,0.0,0.002626692410558462,0.29196563363075256,0.3637256324291229,0.06719623506069183,0.0,0.11142919212579727,0.1103193610906601,0.1103193610906601,0.11358118057250977,-0.05289385840296745,4.463790101438825e-11,0.0,0.0,3.836073398590088,3.836073398590088,2.255781412124634,2.255781412124634,0.4248068034648895,0.0,0.0,0.0,0.0,0.12048940360546112,0.19444115459918976,1.9996283795453706e-10,0.9899936318397522,0.22668138146400452,0.0727941244840622,2.236550807952881,2.268340826034546,2.255781412124634,2.3159477710723877,2.535245180130005,0.0,0.09534407407045364,1.0,1.9300733804702759,1.8702338933944702,1.886881709098816,0.0,0.0037412443198263645,0.0020106974989175797,0.00013005801883991808,0.009156798012554646,0.00037412444362416863,0.0009156797896139324,0.0,0.003741244086995721,9.0,0.0,0.0,0.0,0.0,0.0,0.0,,,,,,,,,,,,,,,,,,,,,,0.001
20,3220,train,0.09130168706178665,0.10952990502119064,0.1094859391450882,0.0,0.0039231968112289906,0.0039231968112289906,0.0,2.529195547103882,4.999999873689376e-05,0.02500000037252903,0.004999999888241291,0.02500000037252903,0.0005000000237487257,0.0005000000237487257,0.5,0.07787898182868958,0.021357372403144836,0.0,0.0,0.0,0.0,0.0,0.0,0.0,0.0,-1.3466519117355347,-1.3466519117355347,1.0,-1.3466519117355347,-1.3466519117355347,-1.3212676048278809,0.0,-3.670740842819214,2.578217029571533,1.0,0.07787898182868958,1.0,0.0,0.0,0.07787898182868958,0.0,0.0,0.021357372403144836,0.0,0.12135737389326096,0.16516946256160736,0.0007843120256438851,0.9378520846366882,0.2200707048177719,0.0,0.0,0.0,0.0,0.0,0.0,0.0,0.0,1.0,0.0,0.0014383400557562709,0.2999972105026245,0.3669746518135071,0.06985650211572647,0.0,0.1094859391450882,0.10952990502119064,0.10952990502119064,0.11366203427314758,-0.045387111604213715,-3.516107197065743e-11,0.0,0.0,4.031383037567139,4.031383037567139,2.296849012374878,2.296849012374878,0.4497992992401123,0.0,0.0,0.0,0.0,0.12135737389326096,0.20214539766311646,1.0500971203697418e-09,0.9985857009887695,0.2200707048177719,0.07771140336990356,2.185727596282959,2.3158247470855713,2.296849012374878,2.280845880508423,2.578217029571533,0.0,0.0942314863204956,1.0,1.8565245866775513,1.8249125480651855,1.8407753705978394,0.0,0.011185281910002232,0.005591004621237516,0.0008436995558440685,0.02052144706249237,0.0011185281910002232,0.0020521448459476233,0.0,0.011185280978679657,9.0,0.0,0.0,0.0,0.0,0.0,0.0,,,,,,,,,,,,,,,,,,,,,,0.001
20,3240,train,0.09031541645526886,0.1091771349310875,0.10988295823335648,0.0,0.0036168128717690706,0.0036168128717690706,0.0,2.5869088172912598,4.999999873689376e-05,0.02500000037252903,0.004999999888241291,0.02500000037252903,0.0005000000237487257,0.0005000000237487257,0.5,0.08115352690219879,0.013653025031089783,0.0,0.0,0.0,0.0,0.0,0.0,0.0,0.0,-1.3701825141906738,-1.3701825141906738,1.0,-1.3701825141906738,-1.3701825141906738,-1.339820146560669,0.0,-3.725240707397461,2.4450018405914307,1.0,0.08115352690219879,1.0,0.0,0.0,0.08115352690219879,0.0,0.0,0.013653025031089783,0.0,0.08634696900844574,0.09975369274616241,0.0010198153322562575,0.8103229403495789,0.20972327888011932,0.0,0.0,0.0,0.0,0.0,0.0,0.0,0.0,1.0,0.0,0.0016012375708669424,0.300201952457428,0.3732752501964569,0.067317433655262,0.0,0.10988295823335648,0.1091771349310875,0.1091771349310875,0.11495112627744675,-0.05734829604625702,2.181411579149639e-10,0.0,0.0,3.983180284500122,3.983180284500122,2.3301734924316406,2.3301734924316406,0.44668886065483093,0.0,0.0,0.0,0.0,0.08634697645902634,0.13520477712154388,1.0168330177862117e-08,0.9764207005500793,0.20972327888011932,0.0287071093916893,2.213101863861084,2.339059352874756,2.3301734924316406,2.2616255283355713,2.4450018405914307,0.0,0.08891032636165619,1.0,1.8965983390808105,1.87799870967865,1.8575395345687866,0.0,0.008240805938839912,0.0037369029596447945,5.686248550773598e-05,0.015200769528746605,0.0008240805473178625,0.0015200769994407892,0.0,0.008240805938839912,9.0,0.0,0.0,0.0,0.0,0.0,0.0,,,,,,,,,,,,,,,,,,,,,,0.001
20,3260,train,0.08579365909099579,0.10475524514913559,0.10498000681400299,0.0,0.003925783094018698,0.003925783094018698,0.0,2.551205635070801,4.999999873689376e-05,0.02500000037252903,0.004999999888241291,0.02500000037252903,0.0005000000237487257,0.0005000000237487257,0.5,0.07645239681005478,0.006352521479129791,0.0,0.0,0.0,0.0,0.0,0.0,0.0,0.0,-1.3408231735229492,-1.3408231735229492,1.0,-1.3408231735229492,-1.3408234119415283,-1.3144311904907227,0.0,-3.6486711502075195,2.5305845737457275,1.0,0.07645239681005478,1.0,0.0,0.0,0.07645239681005478,0.0,0.0,0.006352521479129791,0.0,0.09364748001098633,0.12002331763505936,0.0009134362335316837,0.7484902739524841,0.2045750468969345,0.0,0.0,0.0,0.0,0.0,0.0,0.0,0.0,1.0,0.0,0.0011355563765391707,0.3099237382411957,0.3710470199584961,0.06881668418645859,0.0,0.10498000681400299,0.10475524514913559,0.10475524514913559,0.12324909120798111,-0.05691603198647499,1.644700625691442e-10,0.0,0.0,3.9497439861297607,3.9497437477111816,2.3177859783172607,2.3177859783172607,0.478531152009964,0.0,0.0,0.0,0.0,0.09364748001098633,0.15729820728302002,5.431252669829689e-10,0.9692170023918152,0.2045750468969345,0.042264096438884735,2.2576942443847656,2.3259520530700684,2.3177859783172607,2.3095085620880127,2.5305845737457275,0.0,0.08948280662298203,1.0,1.9415597915649414,1.9019092321395874,1.8953145742416382,0.0,0.01020829752087593,0.004519321024417877,0.00033118476858362556,0.017833635210990906,0.0010208298917859793,0.0017833635210990906,0.0,0.01020829752087593,9.0,0.0,0.0,0.0,0.0,0.0,0.0,,,,,,,,,,,,,,,,,,,,,,0.001
20,3280,train,0.0960293859243393,0.11337295919656754,0.11391566693782806,0.0,0.0038639456033706665,0.0038639456033706665,0.0,2.520232915878296,4.999999873689376e-05,0.02500000037252903,0.004999999888241291,0.02500000037252903,0.0005000000237487257,0.0005000000237487257,0.5,0.07558654993772507,0.011612698435783386,0.0,0.0,0.0,0.0,0.0,0.0,0.0,0.0,-1.3464306592941284,-1.3464306592941284,1.0,-1.3464306592941284,-1.346430778503418,-1.3147900104522705,0.0,-3.6727383136749268,2.4774415493011475,1.0,0.07558654993772507,1.0,0.0,0.0,0.07558654993772507,0.0,0.0,0.011612698435783386,0.0,0.08838730305433273,0.11160174012184143,0.0011197129497304559,0.8234639167785645,0.20246589183807373,0.0,0.0,0.0,0.0,0.0,0.0,0.0,0.0,1.0,0.0,0.0015487492782995105,0.314642071723938,0.3690829575061798,0.07000146806240082,0.0,0.11391566693782806,0.11337295919656754,0.11337295919656754,0.114597387611866,-0.0478089302778244,-1.6992456053355198e-10,0.0,0.0,4.02629280090332,4.02629280090332,2.2893378734588623,2.2893378734588623,0.45198988914489746,0.0,0.0,0.0,0.0,0.08838730305433273,0.14684589207172394,1.3799816844795032e-09,0.9947987794876099,0.20246589183807373,0.03225337341427803,2.1518442630767822,2.308786153793335,2.2893378734588623,2.2371790409088135,2.4774415493011475,0.0,0.09017673879861832,1.0,1.8186142444610596,1.8467082977294922,1.8234326839447021,0.0,0.00691199442371726,0.003998138941824436,8.962117863120511e-05,0.01570800133049488,0.000691199442371726,0.0015708002028986812,0.0,0.006911993958055973,9.0,0.0,0.0,0.0,0.0,0.0,0.0,,,,,,,,,,,,,,,,,,,,,,0.001
20,3300,train,0.090389683842659,0.10887202620506287,0.10891777276992798,0.0,0.0036402202676981688,0.0036402202676981688,0.0,2.6002771854400635,4.999999873689376e-05,0.02500000037252903,0.004999999888241291,0.02500000037252903,0.0005000000237487257,0.0005000000237487257,0.5,0.0685558095574379,0.0018533840775489807,0.0,0.0,0.0,0.0,0.0,0.0,0.0,0.0,-1.350737452507019,-1.350737452507019,1.0,-1.350737452507019,-1.35073721408844,-1.3167665004730225,0.0,-3.69571852684021,2.5062878131866455,1.0,0.0685558095574379,1.0,0.0,0.0,0.0685558095574379,0.0,0.0,0.0018533840775489807,0.0,0.09814661741256714,0.12365580350160599,0.000559721258468926,0.8725835084915161,0.21070793271064758,0.0,0.0,0.0,0.0,0.0,0.0,0.0,0.0,1.0,0.0,0.0007086550467647612,0.3165777325630188,0.37592369318008423,0.06549358367919922,0.0,0.10891777276992798,0.10887202620506287,0.10887202620506287,0.11869639158248901,-0.06476033478975296,-5.444157624712176e-11,0.0,0.0,4.04530668258667,4.04530668258667,2.334132432937622,2.334132432937622,0.46660372614860535,0.0,0.0,0.0,0.0,0.09814661741256714,0.16412140429019928,4.474246306784835e-09,0.9886779189109802,0.21070793271064758,0.04536611959338188,2.177704334259033,2.352405548095703,2.334132432937622,2.3085973262786865,2.5062878131866455,0.0,0.08063241094350815,1.0,1.8822596073150635,1.9110597372055054,1.9143863916397095,0.0,0.003316457848995924,0.0020032301545143127,0.0002190250379499048,0.008144346065819263,0.0003316458023618907,0.0008144346065819263,0.0,0.0033164580818265676,9.0,0.0,0.0,0.0,0.0,0.0,0.0,,,,,,,,,,,,,,,,,,,,,,0.001
20,3320,train,0.09022574126720428,0.10883381962776184,0.10963523387908936,0.0,0.0033034090884029865,0.0033034090884029865,0.0,2.580470323562622,4.999999873689376e-05,0.02500000037252903,0.004999999888241291,0.02500000037252903,0.0005000000237487257,0.0005000000237487257,0.5,0.06907838582992554,0.02274026721715927,0.0,0.0,0.0,0.0,0.0,0.0,0.0,0.0,-1.3597544431686401,-1.3597544431686401,1.0,-1.3597544431686401,-1.3597544431686401,-1.3300641775131226,0.0,-3.701895236968994,2.4428226947784424,1.0,0.06907838582992554,1.0,0.0,0.0,0.06907838582992554,0.0,0.0,0.02274026721715927,0.0,0.12274026870727539,0.16386708617210388,0.0014690206153318286,0.8933672904968262,0.2276834100484848,0.0,0.0,0.0,0.0,0.0,0.0,0.0,0.0,1.0,0.0,0.0011048505548387766,0.3023791015148163,0.3727584481239319,0.06713143736124039,0.0,0.10963523387908936,0.10883381962776184,0.10883381962776184,0.11081298440694809,-0.04515829682350159,-1.9039761087191742e-11,0.0,0.0,3.9560117721557617,3.9560117721557617,2.3086702823638916,2.3086702823638916,0.43154603242874146,0.0,0.0,0.0,0.0,0.12274026870727539,0.19934262335300446,1.6398539193218653e-09,0.9957420229911804,0.2276834100484848,0.07500766217708588,2.22454571723938,2.3309178352355957,2.3086702823638916,2.2466588020324707,2.4428226947784424,0.0,0.07913795858621597,1.0,1.921889305114746,1.8954981565475464,1.8942015171051025,0.0,0.0029324234928935766,0.001986317103728652,4.7177269152598456e-05,0.008262813091278076,0.0002932423958554864,0.0008262813207693398,0.0,0.0029324237257242203,9.0,0.0,0.0,0.0,0.0,0.0,0.0,,,,,,,,,,,,,,,,,,,,,,0.001
20,3340,train,0.09346900880336761,0.11191081255674362,0.11296011507511139,0.0,0.0034678224474191666,0.0034678224474191666,0.0,2.6047451496124268,4.999999873689376e-05,0.02500000037252903,0.004999999888241291,0.02500000037252903,0.0005000000237487257,0.0005000000237487257,0.5,0.08576695621013641,0.006526842713356018,0.0,0.0,0.0,0.0,0.0,0.0,0.0,0.0,-1.3765631914138794,-1.3765631914138794,1.0,-1.3765631914138794,-1.3765631914138794,-1.3382142782211304,0.0,-3.7203543186187744,2.4973154067993164,1.0,0.08576695621013641,1.0,0.0,0.0,0.08576695621013641,0.0,0.0,0.006526842713356018,0.0,0.0934731513261795,0.10819055885076523,0.0007677387911826372,0.892744243144989,0.2142348438501358,0.0,0.0,0.0,0.0,0.0,0.0,0.0,0.0,1.0,0.0,0.0017932358896359801,0.3080914318561554,0.37012994289398193,0.06385760754346848,0.0,0.11296011507511139,0.11191081255674362,0.11191081255674362,0.12161077558994293,-0.07535479962825775,-3.749828919596965e-11,0.0,0.0,3.824005126953125,3.824005126953125,2.302081346511841,2.302081346511841,0.45066407322883606,0.0,0.0,0.0,0.0,0.0934731587767601,0.14699779450893402,1.7611108660275931e-07,0.9793558716773987,0.2142348438501358,0.03428309038281441,2.2179601192474365,2.311387062072754,2.302081346511841,2.3208718299865723,2.4973154067993164,0.0,0.087433360517025,1.0,1.812145709991455,1.87154221534729,1.8618321418762207,0.0,0.004303105641156435,0.0019037553574889898,0.0003657464112620801,0.008179651573300362,0.0004303105524741113,0.0008179651922546327,0.0,0.004303105641156435,9.0,0.0,0.0,0.0,0.0,0.0,0.0,,,,,,,,,,,,,,,,,,,,,,0.001
20,3340,train_epoch,0.08970683264339756,0.10809334180133785,0.10883680860439461,0.0,0.0036987163304925677,0.0036987163304925677,0.0,2.563454680814001,4.999999873689376e-05,0.02500000037252903,0.004999999888241291,0.02500000037252903,0.0005000000237487257,0.0005000000237487257,0.5,0.07649404939241752,0.0119201464433513,0.0,0.0,0.0,0.0,0.0,0.0,0.0,0.0,-1.3472905715782486,-1.3472905715782486,1.0,-1.3472905715782486,-1.347290584427154,-1.3198842623990452,0.0,-3.679894473024471,2.522782705501168,1.0,0.07649404939241752,1.0,0.0,0.0,0.07649404939241752,0.0,0.0,0.0119201464433513,0.0,0.09739357052359753,0.12741846145091656,0.0009447406812028647,0.8325287639024015,0.20525213192679925,0.0,0.0,0.0,0.0,0.0,0.0,0.0,0.0,1.0,0.0,0.0016366017968073197,0.3061824276775657,0.3709019925779925,0.06797616357753376,0.0,0.10883680860439461,0.10809334180133785,0.10809334180133785,0.11609781885932306,-0.05113530287262565,6.2584440836859955e-12,0.0,0.0,3.9265871519100166,3.9265871590482972,2.3066409462226365,2.3066409462226365,0.4460170003111491,0.0,0.0,0.0,0.0,0.09739357146049687,0.16477039487597472,1.922691510822333e-08,0.9848882577376451,0.20525213192679925,0.047211416355685557,2.2251598992033634,2.3186262267792297,2.3066409462226365,2.3033872393077006,2.522782705501168,0.0,0.09014010152773942,1.0,1.8837915837407826,1.8830852215875409,1.8830831571967301,0.0,0.004904432308687243,0.002636770846065647,0.00020722123045257778,0.011000527542999048,0.0004904432351907303,0.0011000527737489317,0.0,0.004904432306595949,9.0,0.0,0.0,0.0,0.0,0.0,0.0,,,,,,,,,,,,,,,,,,,,,,0.001
20,3340,val,,,,,,,,,,,,,,,,,,,,,,,,,,,,,,,,,,,,,,,,,,,,,,,,,,,,,,,,,,,,,,,,,,,,,,,,,,,,,,,,,,,,,,,,,,,,,,,,,,,,,,,,,,,,,,,,,,,47.10620539528983,7813.792201450893,88.39565714134882,80.83608961105347,23.686728358268738,14.759573084967476,23.941328141716543,9.95313995225089,6.754406426634107,16.073737502098083,26.11252379526879,11.490346355097634,7.389270944254739,135.77415902273995,163.8322634598043,266.92900541850497,68.50975969859532,47.10620539528983,88.39565714134882,80.83608961105347,23.686728358268738,0.001
21,3360,train,0.08950995653867722,0.11011653393507004,0.11069519817829132,0.0,0.003635299624875188,0.003635299624875188,0.0,2.4642882347106934,5.500000042957254e-05,0.027499999850988388,0.005499999970197678,0.027499999850988388,0.0005499999970197678,0.0005499999970197678,0.550000011920929,0.07097811996936798,0.021220333874225616,0.0,0.0,0.0,0.0,0.0,0.0,0.0,0.0,-1.3039946556091309,-1.3039946556091309,1.0,-1.3039946556091309,-1.3039947748184204,-1.2880990505218506,0.0,-3.5984890460968018,2.6536741256713867,1.0,0.07097811996936798,1.0,0.0,0.0,0.07097811996936798,0.0,0.0,0.021220333874225616,0.0,0.07877965271472931,0.12000434100627899,0.0011525291483849287,0.9364849925041199,0.18177853524684906,0.0,0.0,0.0,0.0,0.0,0.0,0.0,0.0,1.0,0.0,0.0011703664204105735,0.29601648449897766,0.3897750675678253,0.07448650896549225,0.0,0.11069519817829132,0.11011653393507004,0.11011653393507004,0.11144722253084183,-0.061465851962566376,6.111417621967874e-11,0.0,0.0,3.837780237197876,3.8377797603607178,2.452634572982788,2.452634572982788,0.41642996668815613,0.0,0.0,0.0,0.0,0.0787796676158905,0.14653272926807404,2.9316868932482976e-09,0.9947826266288757,0.18177853524684906,0.03182445093989372,2.38158917427063,2.458214044570923,2.452634572982788,2.4185099601745605,2.6536741256713867,0.0,0.08516961336135864,1.0,1.8527497053146362,1.8646587133407593,1.8457050323486328,0.0,0.00508465152233839,0.0032029205467551947,0.0005862396792508662,0.015623376704752445,0.0005084651638753712,0.0015623377403244376,0.0,0.00508465152233839,10.0,0.0,0.0,0.0,0.0,0.0,0.0,,,,,,,,,,,,,,,,,,,,,,0.001
21,3380,train,0.08360173553228378,0.10495618730783463,0.10639168322086334,0.0,0.004074184224009514,0.004074184224009514,0.0,2.438288688659668,5.500000042957254e-05,0.027499999850988388,0.005499999970197678,0.027499999850988388,0.0005499999970197678,0.0005499999970197678,0.550000011920929,0.06719647347927094,0.023898832499980927,0.0,0.0,0.0,0.0,0.0,0.0,0.0,0.0,-1.3008801937103271,-1.3008801937103271,1.0,-1.3008801937103271,-1.3008801937103271,-1.2706705331802368,0.0,-3.563260316848755,2.567598342895508,1.0,0.06719647347927094,1.0,0.0,0.0,0.06719647347927094,0.0,0.0,0.023898832499980927,0.0,0.0761011615395546,0.09304789453744888,0.0011130950879305601,0.7192877531051636,0.18613201379776,0.0,0.0,0.0,0.0,0.0,0.0,0.0,0.0,1.0,0.0,0.003001480596140027,0.3212556838989258,0.3808861970901489,0.07636463642120361,0.0,0.10639168322086334,0.10495618730783463,0.10495618730783463,0.12004091590642929,-0.04952419176697731,6.457080703459184e-11,0.0,0.0,3.744143486022949,3.744143486022949,2.3364031314849854,2.3364031314849854,0.44636106491088867,0.0,0.0,0.0,0.0,0.07610116899013519,0.12939056754112244,1.2061815546360322e-08,0.9641384482383728,0.18613201379776,0.024103861302137375,2.267538070678711,2.345184326171875,2.3364031314849854,2.3290963172912598,2.567598342895508,0.0,0.11071763932704926,1.0,1.809546947479248,1.8586630821228027,1.8545862436294556,0.0,0.003460270818322897,0.002194315893575549,4.422120036906563e-05,0.009110979735851288,0.00034602705272845924,0.0009110979735851288,0.0,0.003460270818322897,10.0,0.0,0.0,0.0,0.0,0.0,0.0,,,,,,,,,,,,,,,,,,,,,,0.001
21,3400,train,0.09611251205205917,0.11655882000923157,0.1164165809750557,0.0,0.004435437731444836,0.004435437731444836,0.0,2.547776460647583,5.500000042957254e-05,0.027499999850988388,0.005499999970197678,0.027499999850988388,0.0005499999970197678,0.0005499999970197678,0.550000011920929,0.07429790496826172,0.006866268813610077,0.0,0.0,0.0,0.0,0.0,0.0,0.0,0.0,-1.3344355821609497,-1.3344355821609497,1.0,-1.3344355821609497,-1.3344355821609497,-1.3088322877883911,0.0,-3.652146577835083,2.4819443225860596,1.0,0.07429790496826172,1.0,0.0,0.0,0.07429790496826172,0.0,0.0,0.006866268813610077,0.0,0.09313373267650604,0.1035512313246727,0.000918824109248817,0.6903082728385925,0.2154201716184616,0.0,0.0,0.0,0.0,0.0,0.0,0.0,0.0,1.0,0.0,0.0008227647049352527,0.33050480484962463,0.3747377395629883,0.0680660530924797,0.0,0.1164165809750557,0.11655882000923157,0.11655882000923157,0.12197297066450119,-0.05722895264625549,-1.0504871972294438e-10,0.0,0.0,3.7720470428466797,3.7720468044281006,2.281251907348633,2.281251907348633,0.44804078340530396,0.0,0.0,0.0,0.0,0.09313373267650604,0.1467626839876175,7.15865766665047e-08,0.9770522117614746,0.2154201716184616,0.03427543118596077,2.187800884246826,2.2921009063720703,2.281251907348633,2.278729200363159,2.4819443225860596,0.0,0.10269750654697418,1.0,1.888314962387085,1.8411353826522827,1.812722086906433,0.0,0.005146135110408068,0.0035005698446184397,0.00021670320711564273,0.015112164430320263,0.000514613522682339,0.0015112165128812194,0.0,0.005146135576069355,10.0,0.0,0.0,0.0,0.0,0.0,0.0,,,,,,,,,,,,,,,,,,,,,,0.001
21,3420,train,0.0781414657831192,0.10085791349411011,0.10186121612787247,0.0,0.0036518899723887444,0.0036518899723887444,0.0,2.4426097869873047,5.500000042957254e-05,0.027499999850988388,0.005499999970197678,0.027499999850988388,0.0005499999970197678,0.0005499999970197678,0.550000011920929,0.06700430810451508,0.0035303831100463867,0.0,0.0,0.0,0.0,0.0,0.0,0.0,0.0,-1.3140078783035278,-1.3140078783035278,1.0,-1.3140078783035278,-1.3140078783035278,-1.2952207326889038,0.0,-3.6146302223205566,2.552500009536743,1.0,0.06700430810451508,1.0,0.0,0.0,0.06700430810451508,0.0,0.0,0.0035303831100463867,0.0,0.10353037714958191,0.12991006672382355,0.0013682716526091099,0.8379443883895874,0.22355063259601593,0.0,0.0,0.0,0.0,0.0,0.0,0.0,0.0,1.0,0.0,0.001992615172639489,0.2941676378250122,0.37836575508117676,0.0746166929602623,0.0,0.10186121612787247,0.10085791349411011,0.10085791349411011,0.1087537333369255,-0.04919404536485672,4.0663934025575443e-11,0.0,0.0,3.7556333541870117,3.7556333541870117,2.3618438243865967,2.3618438243865967,0.3929099142551422,0.0,0.0,0.0,0.0,0.1035303846001625,0.1641559600830078,7.740704965897294e-09,0.9753193855285645,0.22355063259601593,0.04879749193787575,2.3250417709350586,2.3734631538391113,2.3618438243865967,2.339182138442993,2.552500009536743,0.0,0.09575948119163513,1.0,1.8494586944580078,1.8504960536956787,1.8490818738937378,0.0,0.0039028716273605824,0.0023868465796113014,1.0514807399886195e-05,0.00898434966802597,0.0003902871685568243,0.0008984349551610649,0.0,0.0039028716273605824,10.0,0.0,0.0,0.0,0.0,0.0,0.0,,,,,,,,,,,,,,,,,,,,,,0.001
21,3440,train,0.09420732408761978,0.11421336233615875,0.11571482568979263,0.0,0.0037242774851620197,0.0037242774851620197,0.0,2.4998321533203125,5.500000042957254e-05,0.027499999850988388,0.005499999970197678,0.027499999850988388,0.0005499999970197678,0.0005499999970197678,0.550000011920929,0.06360285729169846,0.0018409937620162964,0.0,0.0,0.0,0.0,0.0,0.0,0.0,0.0,-1.3159061670303345,-1.3159061670303345,1.0,-1.3159061670303345,-1.3159061670303345,-1.2850180864334106,0.0,-3.6349174976348877,2.544236421585083,1.0,0.06360285729169846,1.0,0.0,0.0,0.06360285729169846,0.0,0.0,0.0018409937620162964,0.0,0.09815900772809982,0.12881475687026978,0.00198547774925828,0.9380224943161011,0.21550555527210236,0.0,0.0,0.0,0.0,0.0,0.0,0.0,0.0,1.0,0.0,0.0025664072018116713,0.3181248605251312,0.38017594814300537,0.07077910751104355,0.0,0.11571482568979263,0.11421336233615875,0.11421336233615875,0.11859465390443802,-0.04766172170639038,1.311498548650647e-10,0.0,0.0,3.8294837474823,3.8294837474823,2.363295078277588,2.363295078277588,0.4558179974555969,0.0,0.0,0.0,0.0,0.09815900772809982,0.16116516292095184,9.086971175520375e-09,0.9961185455322266,0.21550555527210236,0.04100796952843666,2.246464729309082,2.373025894165039,2.363295078277588,2.3413612842559814,2.544236421585083,0.0,0.09420055896043777,1.0,1.8448160886764526,1.8417590856552124,1.853136420249939,0.0,0.004825518932193518,0.003061569994315505,0.00022934339358471334,0.011481378227472305,0.00048255189904011786,0.001148137846030295,0.0,0.004825519397854805,10.0,0.0,0.0,0.0,0.0,0.0,0.0,,,,,,,,,,,,,,,,,,,,,,0.001
21,3460,train,0.08592020720243454,0.10791739821434021,0.109860859811306,0.0,0.003933232743293047,0.003933232743293047,0.0,2.504833698272705,5.500000042957254e-05,0.027499999850988388,0.005499999970197678,0.027499999850988388,0.0005499999970197678,0.0005499999970197678,0.550000011920929,0.06258447468280792,0.017418354749679565,0.0,0.0,0.0,0.0,0.0,0.0,0.0,0.0,-1.3411914110183716,-1.3411914110183716,1.0,-1.3411914110183716,-1.3411914110183716,-1.3106285333633423,0.0,-3.668023109436035,2.457167387008667,1.0,0.06258447468280792,1.0,0.0,0.0,0.06258447468280792,0.0,0.0,0.017418354749679565,0.0,0.08258164674043655,0.10828031599521637,0.001239247154444456,0.7830049395561218,0.19335918128490448,0.0,0.0,0.0,0.0,0.0,0.0,0.0,0.0,1.0,0.0,0.0034192565362900496,0.3191736936569214,0.3714129328727722,0.06988237053155899,0.0,0.109860859811306,0.10791739821434021,0.10791739821434021,0.12733213603496552,-0.055007386952638626,-6.706959206764784e-12,0.0,0.0,3.8465609550476074,3.8465609550476074,2.305337429046631,2.305337429046631,0.4855460226535797,0.0,0.0,0.0,0.0,0.08258164674043655,0.1417711079120636,4.751008120251754e-08,0.9694812297821045,0.19335918128490448,0.031127452850341797,2.2402710914611816,2.3184521198272705,2.305337429046631,2.2477240562438965,2.457167387008667,0.0,0.10827682167291641,1.0,1.803325891494751,1.804391622543335,1.8090956211090088,0.0,0.012371823191642761,0.004921909887343645,0.0009243786334991455,0.020263537764549255,0.00123718217946589,0.002026353729888797,0.0,0.012371823191642761,10.0,0.0,0.0,0.0,0.0,0.0,0.0,,,,,,,,,,,,,,,,,,,,,,0.001
21,3480,train,0.08911003172397614,0.10937556624412537,0.11129768937826157,0.0,0.003868269268423319,0.003868269268423319,0.0,2.511516809463501,5.500000042957254e-05,0.027499999850988388,0.005499999970197678,0.027499999850988388,0.0005499999970197678,0.0005499999970197678,0.550000011920929,0.06347806006669998,0.005001582205295563,0.0,0.0,0.0,0.0,0.0,0.0,0.0,0.0,-1.2971891164779663,-1.2971891164779663,1.0,-1.2971891164779663,-1.2971891164779663,-1.2535033226013184,0.0,-3.5730361938476562,2.637944221496582,1.0,0.06347806006669998,1.0,0.0,0.0,0.06347806006669998,0.0,0.0,0.005001582205295563,0.0,0.09499841928482056,0.12715262174606323,0.0007167672738432884,0.9105690717697144,0.2089710533618927,0.0,0.0,0.0,0.0,0.0,0.0,0.0,0.0,1.0,0.0,0.0029520168900489807,0.31307122111320496,0.39253535866737366,0.07153413444757462,0.0,0.11129768937826157,0.10937556624412537,0.10937556624412537,0.12484025955200195,-0.04687618464231491,1.3606427096135576e-10,0.0,0.0,3.7739017009735107,3.7739017009735107,2.420466899871826,2.420466899871826,0.46033111214637756,0.0,0.0,0.0,0.0,0.09499841928482056,0.16002720594406128,5.345876519236015e-10,0.9953488707542419,0.2089710533618927,0.03963695093989372,2.295832872390747,2.4367218017578125,2.420466899871826,2.4277541637420654,2.637944221496582,0.0,0.10126522183418274,1.0,1.8286664485931396,1.8213434219360352,1.8348101377487183,0.0,0.007015107665210962,0.004180559888482094,5.651819083141163e-05,0.014553144574165344,0.000701510813087225,0.0014553144574165344,0.0,0.00701510813087225,10.0,0.0,0.0,0.0,0.0,0.0,0.0,,,,,,,,,,,,,,,,,,,,,,0.001
21,3500,train,0.09634934365749359,0.11708161234855652,0.11772803962230682,0.0,0.003922168165445328,0.003922168165445328,0.0,2.5550825595855713,5.500000042957254e-05,0.027499999850988388,0.005499999970197678,0.027499999850988388,0.0005499999970197678,0.0005499999970197678,0.550000011920929,0.062444426119327545,0.009231828153133392,0.0,0.0,0.0,0.0,0.0,0.0,0.0,0.0,-1.3504753112792969,-1.3504753112792969,1.0,-1.3504753112792969,-1.3504751920700073,-1.3127248287200928,0.0,-3.683410167694092,2.4718146324157715,1.0,0.062444426119327545,1.0,0.0,0.0,0.062444426119327545,0.0,0.0,0.009231828153133392,0.0,0.09076816588640213,0.11643099039793015,0.0008066216250881553,0.830570638179779,0.2105240672826767,0.0,0.0,0.0,0.0,0.0,0.0,0.0,0.0,1.0,0.0,0.0014504613354802132,0.32351967692375183,0.3738221526145935,0.06747926026582718,0.0,0.11772803962230682,0.11708161234855652,0.11708161234855652,0.13013425469398499,-0.06721433997154236,7.16217146354281e-12,0.0,0.0,3.8998310565948486,3.8998310565948486,2.2912473678588867,2.2912473678588867,0.5035118460655212,0.0,0.0,0.0,0.0,0.09076817333698273,0.14786140620708466,2.3547557237435512e-09,0.9820166230201721,0.2105240672826767,0.03404565155506134,2.175506353378296,2.3000330924987793,2.2912473678588867,2.291823387145996,2.4718146324157715,0.0,0.09115653485059738,1.0,1.7604150772094727,1.7797048091888428,1.7672840356826782,0.0,0.0030381339602172375,0.002391263609752059,5.689608951797709e-05,0.00981776975095272,0.00030381340184248984,0.000981776975095272,0.0,0.0030381339602172375,10.0,0.0,0.0,0.0,0.0,0.0,0.0,,,,,,,,,,,,,,,,,,,,,,0.001
21,3507,train_epoch,0.09202934342051694,0.11264505460412202,0.11344330481247987,0.0,0.00386233735567483,0.00386233735567483,0.0,2.5029065894509506,5.500000042957254e-05,0.027499999850988388,0.005499999970197678,0.027499999850988388,0.0005499999970197678,0.0005499999970197678,0.550000011920929,0.06766395346668666,0.012301532049735863,0.0,0.0,0.0,0.0,0.0,0.0,0.0,0.0,-1.3209766063861503,-1.3209766063861503,1.0,-1.3209766063861503,-1.320976602103182,-1.2920640821228484,0.0,-3.6287853803463324,2.5532166501005253,1.0,0.06766395346668666,1.0,0.0,0.0,0.06766395346668666,0.0,0.0,0.012301532049735863,0.0,0.09673378317655917,0.12152520692098641,0.0012150326592800303,0.8089197081720044,0.21339558966145544,0.0,0.0,0.0,0.0,0.0,0.0,0.0,0.0,1.0,0.0,0.0017626993767680143,0.312940714780442,0.377677699762904,0.07092954267463285,0.0,0.11344330481247987,0.11264505460412202,0.11264505460412202,0.11761781350224318,-0.049973265451942375,1.8558268622709773e-11,0.0,0.0,3.842447192369107,3.8424471766648893,2.336554473031781,2.336554473031781,0.4444034047826321,0.0,0.0,0.0,0.0,0.09673379093943955,0.15587217869337447,2.3395796802046072e-08,0.9791050014381637,0.21339558966145544,0.0416847394255107,2.2500161653507256,2.3478418153203178,2.336554473031781,2.332568771111037,2.5532166501005253,0.0,0.09523137458070309,1.0,1.828915229814495,1.8279641117164476,1.8281062698649788,0.0,0.00601822178961408,0.0036253202755372237,0.00021170178981079886,0.01505096388066154,0.0006018221881282432,0.00150509640779402,0.0,0.00601822182656026,10.0,0.0,0.0,0.0,0.0,0.0,0.0,,,,,,,,,,,,,,,,,,,,,,0.001
21,3507,val,,,,,,,,,,,,,,,,,,,,,,,,,,,,,,,,,,,,,,,,,,,,,,,,,,,,,,,,,,,,,,,,,,,,,,,,,,,,,,,,,,,,,,,,,,,,,,,,,,,,,,,,,,,,,,,,,,,36.37296714101519,5384.160409109933,73.37683836954228,55.85435322352818,17.81085557597024,14.660584500857762,23.794460768502642,10.10965906722205,6.711546429565975,15.725460716656276,25.855605033782258,10.918279341288976,7.186583272048405,135.6396642412458,163.49579798613752,265.17882830756054,68.24503060749599,36.37296714101519,73.37683836954228,55.85435322352818,17.81085557597024,0.001
21,3507,test,,,,,,,,,,,,,,,,,,,,,,,,,,,,,,,,,,,,,,,,,,,,,,,,,,,,,,,,,,,,,,,,,,,,,,,,,,,,,,,,,,,,,,,,,,,,,,,,,,,,,,,,,,,,,,,,,,,42.866353613989695,6177.748461042132,78.59865432080966,57.40863129070827,21.157480018479482,18.531562311308726,28.461304967515584,15.190519205161504,8.630284564835685,23.307669162750244,35.979048308723385,20.34242968899863,10.817271479538508,142.03249890463692,171.89404795019263,235.73115376063757,72.73490919385638,42.866353613989695,78.59865432080966,57.40863129070827,21.157480018479482,0.001
22,3520,train,0.08186794817447662,0.10720566660165787,0.10675203800201416,0.0,0.0044021341018378735,0.0044021341018378735,0.0,2.518054962158203,5.999999848427251e-05,0.029999999329447746,0.006000000052154064,0.029999999329447746,0.0006000000284984708,0.0006000000284984708,0.6000000238418579,0.0578092597424984,0.005705796182155609,0.0,0.0,0.0,0.0,0.0,0.0,0.0,0.0,-1.3058158159255981,-1.3058158159255981,1.0,-1.3058158159255981,-1.3058159351348877,-1.284134864807129,0.0,-3.6068875789642334,2.6088497638702393,1.0,0.0578092597424984,1.0,0.0,0.0,0.0578092597424984,0.0,0.0,0.005705796182155609,0.0,0.09429419785737991,0.1166035458445549,0.0008029427262954414,0.8583606481552124,0.2182484120130539,0.0,0.0,0.0,0.0,0.0,0.0,0.0,0.0,1.0,0.0,0.0009686437551863492,0.3223801255226135,0.37789884209632874,0.06948468089103699,0.0,0.10675203800201416,0.10720566660165787,0.10720566660165787,0.1232849583029747,-0.04175663739442825,2.6984639522886766e-10,0.0,0.0,3.8669822216033936,3.8669822216033936,2.3451430797576904,2.3451430797576904,0.48580875992774963,0.0,0.0,0.0,0.0,0.09429420530796051,0.14704424142837524,6.917395101169177e-09,0.9849613904953003,0.2182484120130539,0.03584558889269829,2.2840850353240967,2.352430820465088,2.3451430797576904,2.3945045471191406,2.6088497638702393,0.0,0.10066615045070648,1.0,1.885824203491211,1.806618094444275,1.8155933618545532,0.0,0.002794701373204589,0.0018053031526505947,0.00022540695499628782,0.007003583014011383,0.000279470143141225,0.0007003583014011383,0.0,0.0027947011403739452,10.0,0.0,0.0,0.0,0.0,0.0,0.0,,,,,,,,,,,,,,,,,,,,,,0.001
22,3540,train,0.0803748220205307,0.1060374528169632,0.10699426382780075,0.0,0.0038035791367292404,0.0038035791367292404,0.0,2.5513296127319336,5.999999848427251e-05,0.029999999329447746,0.006000000052154064,0.029999999329447746,0.0006000000284984708,0.0006000000284984708,0.6000000238418579,0.06561392545700073,0.007593721151351929,0.0,0.0,0.0,0.0,0.0,0.0,0.0,0.0,-1.3159055709838867,-1.3159055709838867,1.0,-1.3159055709838867,-1.3159055709838867,-1.28750741481781,0.0,-3.620076894760132,2.6242241859436035,1.0,0.06561392545700073,1.0,0.0,0.0,0.06561392545700073,0.0,0.0,0.007593721151351929,0.0,0.0924062728881836,0.1231565773487091,0.0010137129575014114,0.8868123888969421,0.20841211080551147,0.0,0.0,0.0,0.0,0.0,0.0,0.0,0.0,1.0,0.0,0.0020825695246458054,0.31160247325897217,0.3778655529022217,0.06632401049137115,0.0,0.10699426382780075,0.1060374528169632,0.1060374528169632,0.11243968456983566,-0.04821605607867241,2.7118323212005357e-11,0.0,0.0,3.8948049545288086,3.8948049545288086,2.340505838394165,2.340505838394165,0.42312461137771606,0.0,0.0,0.0,0.0,0.09240628033876419,0.15258346498012543,2.068913040886855e-09,0.9708244800567627,0.20841211080551147,0.04145986586809158,2.282027006149292,2.3521032333374023,2.340505838394165,2.395852565765381,2.6242241859436035,0.0,0.09600088745355606,1.0,1.7133855819702148,1.7728271484375,1.7943321466445923,0.0,0.004092457704246044,0.002043117070570588,0.00028464646311476827,0.008872614242136478,0.0004092457238584757,0.0008872614125721157,0.0,0.004092457238584757,10.0,0.0,0.0,0.0,0.0,0.0,0.0,,,,,,,,,,,,,,,,,,,,,,0.001
22,3560,train,0.08015065640211105,0.10678458958864212,0.10705309361219406,0.0,0.003567999694496393,0.003567999694496393,0.0,2.521583080291748,5.999999848427251e-05,0.029999999329447746,0.006000000052154064,0.029999999329447746,0.0006000000284984708,0.0006000000284984708,0.6000000238418579,0.064523845911026,0.008155867457389832,0.0,0.0,0.0,0.0,0.0,0.0,0.0,0.0,-1.3429583311080933,-1.3429583311080933,1.0,-1.3429583311080933,-1.3429583311080933,-1.319311499595642,0.0,-3.6844937801361084,2.5320465564727783,1.0,0.064523845911026,1.0,0.0,0.0,0.064523845911026,0.0,0.0,0.008155867457389832,0.0,0.0918441191315651,0.11621616780757904,0.0024381312541663647,0.8724066019058228,0.21589522063732147,0.0,0.0,0.0,0.0,0.0,0.0,0.0,0.0,1.0,0.0,0.0009323427220806479,0.3039949834346771,0.3729378581047058,0.06857690960168839,0.0,0.10705309361219406,0.10678458958864212,0.10678458958864212,0.12030305713415146,-0.05746762827038765,1.3114752339671298e-10,0.0,0.0,3.9169819355010986,3.9169819355010986,2.3272006511688232,2.3272006511688232,0.4502083361148834,0.0,0.0,0.0,0.0,0.09184413403272629,0.14577285945415497,1.0192981108048116e-06,0.9779655337333679,0.21589522063732147,0.03337163105607033,2.2299413681030273,2.338512659072876,2.3272006511688232,2.308675765991211,2.5320465564727783,0.0,0.08394163846969604,1.0,1.7440221309661865,1.7744865417480469,1.7788944244384766,0.0,0.0028066199738532305,0.0020150516647845507,9.775896614883095e-05,0.00947806891053915,0.00028066200320608914,0.0009478069259785116,0.0,0.002806620206683874,10.0,0.0,0.0,0.0,0.0,0.0,0.0,,,,,,,,,,,,,,,,,,,,,,0.001
22,3580,train,0.08864486962556839,0.11386295408010483,0.11455654352903366,0.0,0.00398125359788537,0.00398125359788537,0.0,2.5165364742279053,5.999999848427251e-05,0.029999999329447746,0.006000000052154064,0.029999999329447746,0.0006000000284984708,0.0006000000284984708,0.6000000238418579,0.06064503267407417,0.01850014179944992,0.0,0.0,0.0,0.0,0.0,0.0,0.0,0.0,-1.3457585573196411,-1.3457585573196411,1.0,-1.3457585573196411,-1.3457587957382202,-1.3027042150497437,0.0,-3.6859638690948486,2.4564554691314697,1.0,0.06064503267407417,1.0,0.0,0.0,0.06064503267407417,0.0,0.0,0.01850014179944992,0.0,0.081499844789505,0.08974865823984146,0.0021893843077123165,0.6383202075958252,0.20507360994815826,0.0,0.0,0.0,0.0,0.0,0.0,0.0,0.0,1.0,0.0,0.001563912839628756,0.32698431611061096,0.3722060024738312,0.06886123865842819,0.0,0.11455654352903366,0.11386295408010483,0.11386295408010483,0.12459781020879745,-0.05781896784901619,4.126538000193136e-10,0.0,0.0,3.786118507385254,3.786118507385254,2.317561388015747,2.317561388015747,0.47618862986564636,0.0,0.0,0.0,0.0,0.0814998596906662,0.12740899622440338,4.2119210341695634e-09,0.9802262783050537,0.20507360994815826,0.022993260994553566,2.205589532852173,2.329298973083496,2.317561388015747,2.276439666748047,2.4564554691314697,0.0,0.09188766032457352,1.0,1.7700973749160767,1.7930574417114258,1.7993625402450562,0.0,0.005908321123570204,0.0033926060423254967,9.98152609099634e-05,0.014195974916219711,0.000590832089073956,0.0014195975381880999,0.0,0.0059083206579089165,10.0,0.0,0.0,0.0,0.0,0.0,0.0,,,,,,,,,,,,,,,,,,,,,,0.001
22,3600,train,0.08199556171894073,0.107426218688488,0.10786927491426468,0.0,0.004263033624738455,0.004263033624738455,0.0,2.5374748706817627,5.999999848427251e-05,0.029999999329447746,0.006000000052154064,0.029999999329447746,0.0006000000284984708,0.0006000000284984708,0.6000000238418579,0.06361742317676544,0.023265503346920013,0.0,0.0,0.0,0.0,0.0,0.0,0.0,0.0,-1.3149102926254272,-1.3149102926254272,1.0,-1.3149102926254272,-1.3149102926254272,-1.2814425230026245,0.0,-3.6273398399353027,2.5463082790374756,1.0,0.06361742317676544,1.0,0.0,0.0,0.06361742317676544,0.0,0.0,0.023265503346920013,0.0,0.07673449069261551,0.08620648831129074,0.002060787519440055,0.7184556722640991,0.2001153826713562,0.0,0.0,0.0,0.0,0.0,0.0,0.0,0.0,1.0,0.0,0.001231083064340055,0.3287322521209717,0.38959628343582153,0.06822782009840012,0.0,0.10786927491426468,0.107426218688488,0.107426218688488,0.10924877971410751,-0.026868609711527824,4.822904922652249e-11,0.0,0.0,3.8897993564605713,3.8897993564605713,2.3903913497924805,2.3903913497924805,0.4197041392326355,0.0,0.0,0.0,0.0,0.0767344981431961,0.11714456230401993,5.517174717084572e-09,0.891990065574646,0.2001153826713562,0.01646752469241619,2.263627290725708,2.408616304397583,2.3903913497924805,2.3349900245666504,2.5463082790374756,0.0,0.0992935448884964,1.0,1.813068151473999,1.8057477474212646,1.804983377456665,0.0,0.0041466932743787766,0.0025615643244236708,0.00036593773984350264,0.012695547193288803,0.0004146693099755794,0.0012695547193288803,0.0,0.0041466932743787766,10.0,0.0,0.0,0.0,0.0,0.0,0.0,,,,,,,,,,,,,,,,,,,,,,0.001
22,3620,train,0.08743162453174591,0.11246129870414734,0.11333969235420227,0.0,0.003868579864501953,0.003868579864501953,0.0,2.5506956577301025,5.999999848427251e-05,0.029999999329447746,0.006000000052154064,0.029999999329447746,0.0006000000284984708,0.0006000000284984708,0.6000000238418579,0.05426865071058273,0.017905347049236298,0.0,0.0,0.0,0.0,0.0,0.0,0.0,0.0,-1.3336116075515747,-1.3336116075515747,1.0,-1.3336116075515747,-1.3336118459701538,-1.3083785772323608,0.0,-3.6582932472229004,2.5265583992004395,1.0,0.05426865071058273,1.0,0.0,0.0,0.05426865071058273,0.0,0.0,0.017905347049236298,0.0,0.08209465444087982,0.0858784168958664,0.0012882051523774862,0.6673274040222168,0.21499589085578918,0.0,0.0,0.0,0.0,0.0,0.0,0.0,0.0,1.0,0.0,0.001975530292838812,0.3174249231815338,0.37169143557548523,0.06629814207553864,0.0,0.11333969235420227,0.11246129870414734,0.11246129870414734,0.12281191349029541,-0.05715478956699371,-1.477221261980688e-10,0.0,0.0,3.8224945068359375,3.8224945068359375,2.300840139389038,2.300840139389038,0.46964454650878906,0.0,0.0,0.0,0.0,0.08209465444087982,0.11732926964759827,6.52262632794276e-10,0.9556505680084229,0.21499589085578918,0.016061581671237946,2.2158241271972656,2.3156213760375977,2.300840139389038,2.3123271465301514,2.5265583992004395,0.0,0.09603145718574524,1.0,1.7073755264282227,1.784817099571228,1.7826985120773315,0.0,0.004235255066305399,0.002599675441160798,0.0003856899857055396,0.011683624237775803,0.000423525576479733,0.0011683624470606446,0.0,0.004235255531966686,10.0,0.0,0.0,0.0,0.0,0.0,0.0,,,,,,,,,,,,,,,,,,,,,,0.001
22,3640,train,0.08242874592542648,0.10899970680475235,0.10942675173282623,0.0,0.0038764281198382378,0.0038764281198382378,0.0,2.5143001079559326,5.999999848427251e-05,0.029999999329447746,0.006000000052154064,0.029999999329447746,0.0006000000284984708,0.0006000000284984708,0.6000000238418579,0.06870729476213455,0.017063409090042114,0.0,0.0,0.0,0.0,0.0,0.0,0.0,0.0,-1.354859471321106,-1.354859471321106,1.0,-1.354859471321106,-1.354859471321106,-1.3194767236709595,0.0,-3.6800007820129395,2.463935375213623,1.0,0.06870729476213455,1.0,0.0,0.0,0.06870729476213455,0.0,0.0,0.017063409090042114,0.0,0.08293657749891281,0.10133069008588791,0.0017542581772431731,0.7411931753158569,0.2041083723306656,0.0,0.0,0.0,0.0,0.0,0.0,0.0,0.0,1.0,0.0,0.0011197422863915563,0.3294534683227539,0.37103235721588135,0.0685906782746315,0.0,0.10942675173282623,0.10899970680475235,0.10899970680475235,0.1355239897966385,-0.08477625995874405,-1.190674225881594e-10,0.0,0.0,3.984076738357544,3.984076738357544,2.29854154586792,2.29854154586792,0.5379668474197388,0.0,0.0,0.0,0.0,0.082936592400074,0.13256803154945374,4.240043871561738e-09,0.9480438828468323,0.2041083723306656,0.02708333544433117,2.2050821781158447,2.3088979721069336,2.29854154586792,2.276578664779663,2.463935375213623,0.0,0.0927739217877388,1.0,1.7666301727294922,1.7991929054260254,1.748704195022583,0.0,0.0019313306547701359,0.0014754928415641189,4.2586500057950616e-05,0.005669926293194294,0.00019313307711854577,0.0005669926176778972,0.0,0.0019313307711854577,10.0,0.0,0.0,0.0,0.0,0.0,0.0,,,,,,,,,,,,,,,,,,,,,,0.001
22,3660,train,0.08384521305561066,0.10906873643398285,0.10996951907873154,0.0,0.003722232300788164,0.003722232300788164,0.0,2.5033888816833496,5.999999848427251e-05,0.029999999329447746,0.006000000052154064,0.029999999329447746,0.0006000000284984708,0.0006000000284984708,0.6000000238418579,0.05425895005464554,0.0011444836854934692,0.0,0.0,0.0,0.0,0.0,0.0,0.0,0.0,-1.3197928667068481,-1.3197928667068481,1.0,-1.3197928667068481,-1.3197928667068481,-1.2958964109420776,0.0,-3.630937337875366,2.572105884552002,1.0,0.05425895005464554,1.0,0.0,0.0,0.05425895005464554,0.0,0.0,0.0011444836854934692,0.0,0.09885550290346146,0.11143093556165695,0.002086924621835351,0.7912092208862305,0.23190458118915558,0.0,0.0,0.0,0.0,0.0,0.0,0.0,0.0,1.0,0.0,0.0023510532919317484,0.31235527992248535,0.37797847390174866,0.06902710348367691,0.0,0.10996951907873154,0.10906873643398285,0.10906873643398285,0.11226601898670197,-0.04363277181982994,-1.497177035125752e-11,0.0,0.0,3.8649213314056396,3.8649213314056396,2.322693347930908,2.322693347930908,0.4251976013183594,0.0,0.0,0.0,0.0,0.09885551780462265,0.1447286158800125,1.7808019503462447e-09,0.9730264544487,0.23190458118915558,0.03429840877652168,2.2618587017059326,2.3311879634857178,2.322693347930908,2.326507806777954,2.572105884552002,0.0,0.09823151677846909,1.0,1.799975872039795,1.7774146795272827,1.776861548423767,0.0,0.0032758573070168495,0.002191379899159074,0.00016578575014136732,0.008109907619655132,0.00032758573070168495,0.000810990750323981,0.0,0.0032758573070168495,10.0,0.0,0.0,0.0,0.0,0.0,0.0,,,,,,,,,,,,,,,,,,,,,,0.001
22,3674,train_epoch,0.08091457933187485,0.10711563713179377,0.10784295723288359,0.0,0.0037281279881557303,0.0037281279881557303,0.0,2.5248641139732864,5.999999848427251e-05,0.029999999329447746,0.006000000052154064,0.029999999329447746,0.0006000000284984708,0.0006000000284984708,0.6000000238418579,0.06198269682016201,0.012766962324430843,0.0,0.0,0.0,0.0,0.0,0.0,0.0,0.0,-1.335495439118254,-1.335495439118254,1.0,-1.335495439118254,-1.3354954448288787,-1.3065268579357399,0.0,-3.6574470311581733,2.533789416273197,1.0,0.06198269682016201,1.0,0.0,0.0,0.06198269682016201,0.0,0.0,0.012766962324430843,0.0,0.09783256111923092,0.11950082184668787,0.0015902153906777702,0.8099838220430705,0.220775833922232,0.0,0.0,0.0,0.0,0.0,0.0,0.0,0.0,1.0,0.0,0.0016090982324516257,0.31354258017625636,0.3755288586288155,0.0682080162990236,0.0,0.10784295723288359,0.10711563713179377,0.10711563713179377,0.1173457348953464,-0.04728893709820723,6.9877928797162515e-12,0.0,0.0,3.886029591817342,3.8860295732578116,2.3247368121575454,2.3247368121575454,0.45109198960715424,0.0,0.0,0.0,0.0,0.09783256892672555,0.15223780305621154,6.578626974320031e-08,0.9774866792970075,0.220775833922232,0.03969180452899483,2.244222362598259,2.336582943350969,2.3247368121575454,2.3213942978910342,2.533789416273197,0.0,0.0904632995496253,1.0,1.7810551420657221,1.7811282573345892,1.780979501986932,0.0,0.0037726744602317223,0.002282252395107316,0.00011454108541267554,0.009478512454309506,0.0003772674525410361,0.0009478512587803722,0.0,0.003772674484630143,10.0,0.0,0.0,0.0,0.0,0.0,0.0,,,,,,,,,,,,,,,,,,,,,,0.001
22,3674,val,,,,,,,,,,,,,,,,,,,,,,,,,,,,,,,,,,,,,,,,,,,,,,,,,,,,,,,,,,,,,,,,,,,,,,,,,,,,,,,,,,,,,,,,,,,,,,,,,,,,,,,,,,,,,,,,,,,36.36057482446943,5396.619855608259,73.4616897138111,56.00229637963431,17.786286234855652,14.536854079791478,23.59668791784983,10.034512834889549,6.63752669947488,15.702384097235543,25.675742080073928,10.8550557579313,7.152453030858721,136.47199766976493,164.5928737428023,266.655537877764,68.59144926071167,36.36057482446943,73.4616897138111,56.00229637963431,17.786286234855652,0.001
22,3674,test,,,,,,,,,,,,,,,,,,,,,,,,,,,,,,,,,,,,,,,,,,,,,,,,,,,,,,,,,,,,,,,,,,,,,,,,,,,,,,,,,,,,,,,,,,,,,,,,,,,,,,,,,,,,,,,,,,,43.62267845017569,6272.728376116072,79.20055792806053,58.12613146645682,21.44199846472059,19.318802424839564,29.262674266268117,17.275799580982753,8.93351114647729,24.64918507848467,37.83978635932157,21.670379996299744,11.326064211981636,142.99202169690813,173.12554816345659,236.89942223685128,73.10287543705532,43.62267845017569,79.20055792806053,58.12613146645682,21.44199846472059,0.001
23,3680,train,0.08154087513685226,0.11128199845552444,0.11281927675008774,0.0,0.004067146219313145,0.004067146219313145,0.0,2.597041368484497,6.500000017695129e-05,0.032499998807907104,0.006500000134110451,0.032499998807907104,0.0006500000017695129,0.0006500000017695129,0.6499999761581421,0.06129741668701172,0.01114402711391449,0.0,0.0,0.0,0.0,0.0,0.0,0.0,0.0,-1.3500781059265137,-1.3500781059265137,1.0,-1.3500781059265137,-1.3500781059265137,-1.3243581056594849,0.0,-3.692960500717163,2.519853353500366,1.0,0.06129741668701172,1.0,0.0,0.0,0.06129741668701172,0.0,0.0,0.01114402711391449,0.0,0.08885597437620163,0.1149359792470932,0.0016594826010987163,0.8677194118499756,0.21094946563243866,0.0,0.0,0.0,0.0,0.0,0.0,0.0,0.0,1.0,0.0,0.0032628709450364113,0.31609049439430237,0.3815360963344574,0.06338010728359222,0.0,0.11281927675008774,0.11128199845552444,0.11128199845552444,0.11284749954938889,-0.045637231320142746,-1.176898856147801e-10,0.0,0.0,3.9510416984558105,3.9510416984558105,2.352229356765747,2.352229356765747,0.4400637447834015,0.0,0.0,0.0,0.0,0.08885597437620163,0.1417965441942215,2.057788606180111e-07,0.9720502495765686,0.21094946563243866,0.03111213445663452,2.275265693664551,2.3638155460357666,2.352229356765747,2.2758169174194336,2.519853353500366,0.0,0.11108863353729248,1.0,1.7524423599243164,1.713238000869751,1.7142038345336914,0.0,0.003618544200435281,0.00234177871607244,0.00013295536336954683,0.009732873179018497,0.00036185444332659245,0.0009732873295433819,0.0,0.0036185444332659245,10.0,0.0,0.0,0.0,0.0,0.0,0.0,,,,,,,,,,,,,,,,,,,,,,0.001
23,3700,train,0.08030042052268982,0.10929641127586365,0.10931886732578278,0.0,0.0036682055797427893,0.0036682055797427893,0.0,2.4729504585266113,6.500000017695129e-05,0.032499998807907104,0.006500000134110451,0.032499998807907104,0.0006500000017695129,0.0006500000017695129,0.6499999761581421,0.05944840610027313,0.016805507242679596,0.0,0.0,0.0,0.0,0.0,0.0,0.0,0.0,-1.312545657157898,-1.312545657157898,1.0,-1.312545657157898,-1.3125454187393188,-1.277658224105835,0.0,-3.643033027648926,2.5731892585754395,1.0,0.05944840610027313,1.0,0.0,0.0,0.05944840610027313,0.0,0.0,0.016805507242679596,0.0,0.08319448679685593,0.09853921085596085,0.0027789021842181683,0.710456371307373,0.20812518894672394,0.0,0.0,0.0,0.0,0.0,0.0,0.0,0.0,1.0,0.0,0.0005662440089508891,0.30798909068107605,0.3850400149822235,0.07279329746961594,0.0,0.10931886732578278,0.10929641127586365,0.10929641127586365,0.11729370802640915,-0.028721513226628304,1.8227112874580342e-10,0.0,0.0,4.000910758972168,4.000910758972168,2.386136054992676,2.386136054992676,0.47129058837890625,0.0,0.0,0.0,0.0,0.08319449424743652,0.1299027055501938,2.1204749955927582e-08,0.9464886784553528,0.20812518894672394,0.02411917969584465,2.2542836666107178,2.4061756134033203,2.386136054992676,2.3688430786132812,2.5731892585754395,0.0,0.081883005797863,1.0,1.777170181274414,1.7348250150680542,1.726430892944336,0.0,0.00446317158639431,0.002550614532083273,0.00020564203441608697,0.011330382898449898,0.0004463171644601971,0.0011330383131280541,0.0,0.00446317158639431,10.0,0.0,0.0,0.0,0.0,0.0,0.0,,,,,,,,,,,,,,,,,,,,,,0.001
23,3720,train,0.0750991627573967,0.10517655313014984,0.10580819845199585,0.0,0.004294393118470907,0.004294393118470907,0.0,2.4916441440582275,6.500000017695129e-05,0.032499998807907104,0.006500000134110451,0.032499998807907104,0.0006500000017695129,0.0006500000017695129,0.6499999761581421,0.07516368478536606,0.018735766410827637,0.0,0.0,0.0,0.0,0.0,0.0,0.0,0.0,-1.323117733001709,-1.323117733001709,1.0,-1.323117733001709,-1.323117733001709,-1.2894002199172974,0.0,-3.6482458114624023,2.5378670692443848,1.0,0.07516368478536606,1.0,0.0,0.0,0.07516368478536606,0.0,0.0,0.018735766410827637,0.0,0.08126423507928848,0.10520577430725098,0.001469139358960092,0.784422755241394,0.199967622756958,0.0,0.0,0.0,0.0,0.0,0.0,0.0,0.0,1.0,0.0,0.002005570335313678,0.33575597405433655,0.3826645314693451,0.07012981921434402,0.0,0.10580819845199585,0.10517655313014984,0.10517655313014984,0.11496585607528687,-0.04034784436225891,7.316412753421986e-11,0.0,0.0,4.003197193145752,4.003197193145752,2.3544065952301025,2.3544065952301025,0.46136897802352905,0.0,0.0,0.0,0.0,0.08126423507928848,0.13271476328372955,1.6020447191067433e-08,0.9708297848701477,0.199967622756958,0.026738665997982025,2.2619926929473877,2.3633334636688232,2.3544065952301025,2.351355791091919,2.5378670692443848,0.0,0.09909044206142426,1.0,1.7203924655914307,1.7329018115997314,1.7458943128585815,0.0,0.008142870850861073,0.004354105331003666,0.00022107636323198676,0.016832657158374786,0.0008142871665768325,0.0016832657856866717,0.0,0.008142871782183647,10.0,0.0,0.0,0.0,0.0,0.0,0.0,,,,,,,,,,,,,,,,,,,,,,0.001
23,3740,train,0.07615082710981369,0.10593909025192261,0.10649862140417099,0.0,0.003659152891486883,0.003659152891486883,0.0,2.52128267288208,6.500000017695129e-05,0.032499998807907104,0.006500000134110451,0.032499998807907104,0.0006500000017695129,0.0006500000017695129,0.6499999761581421,0.05266537889838219,0.023399479687213898,0.0,0.0,0.0,0.0,0.0,0.0,0.0,0.0,-1.3184674978256226,-1.3184674978256226,1.0,-1.3184674978256226,-1.3184674978256226,-1.2942743301391602,0.0,-3.6284635066986084,2.58821439743042,1.0,0.05266537889838219,1.0,0.0,0.0,0.05266537889838219,0.0,0.0,0.023399479687213898,0.0,0.12339947372674942,0.15230853855609894,0.0017701744800433517,0.8791674971580505,0.2467748522758484,0.0,0.0,0.0,0.0,0.0,0.0,0.0,0.0,1.0,0.0,0.001335074077360332,0.31421446800231934,0.37202948331832886,0.06676947325468063,0.0,0.10649862140417099,0.10593909025192261,0.10593909025192261,0.1080857664346695,-0.023694518953561783,-1.6878644315543312e-10,0.0,0.0,3.8418967723846436,3.8418967723846436,2.2734858989715576,2.2734858989715576,0.41673213243484497,0.0,0.0,0.0,0.0,0.12339948117733002,0.18734872341156006,1.782797554028548e-08,0.9950432777404785,0.2467748522758484,0.05953584983944893,2.2338523864746094,2.290955066680908,2.2734858989715576,2.334566116333008,2.58821439743042,0.0,0.08579759299755096,1.0,1.6938602924346924,1.7489980459213257,1.7715187072753906,0.0,0.002047657035291195,0.0014157388359308243,1.2597082786669489e-05,0.005768719129264355,0.0002047657035291195,0.0005768719129264355,0.0,0.002047657035291195,10.0,0.0,0.0,0.0,0.0,0.0,0.0,,,,,,,,,,,,,,,,,,,,,,0.001
23,3760,train,0.07469911128282547,0.10472124069929123,0.10486787557601929,0.0,0.003725185291841626,0.003725185291841626,0.0,2.527540683746338,6.500000017695129e-05,0.032499998807907104,0.006500000134110451,0.032499998807907104,0.0006500000017695129,0.0006500000017695129,0.6499999761581421,0.05432487279176712,0.01192549616098404,0.0,0.0,0.0,0.0,0.0,0.0,0.0,0.0,-1.3160032033920288,-1.3160032033920288,1.0,-1.3160032033920288,-1.3160032033920288,-1.2893383502960205,0.0,-3.638061046600342,2.6132421493530273,1.0,0.05432487279176712,1.0,0.0,0.0,0.05432487279176712,0.0,0.0,0.01192549616098404,0.0,0.08807449042797089,0.10383119434118271,0.0016883464995771646,0.6739899516105652,0.21603651344776154,0.0,0.0,0.0,0.0,0.0,0.0,0.0,0.0,1.0,0.0,0.0007623512647114694,0.31198596954345703,0.38061267137527466,0.06664752215147018,0.0,0.10486787557601929,0.10472124069929123,0.10472124069929123,0.12355387210845947,-0.03888927027583122,1.7975423927119039e-10,0.0,0.0,3.978243112564087,3.978243112564087,2.3405497074127197,2.3405497074127197,0.49235105514526367,0.0,0.0,0.0,0.0,0.08807450532913208,0.13614855706691742,5.1221739738593897e-08,0.9566514492034912,0.21603651344776154,0.02936580963432789,2.2520720958709717,2.350909471511841,2.3405497074127197,2.3829126358032227,2.6132421493530273,0.0,0.08442751318216324,1.0,1.7110083103179932,1.7656662464141846,1.7469112873077393,0.0,0.003096042899414897,0.0017921115504577756,3.89013257517945e-05,0.00796634703874588,0.0003096042782999575,0.000796634703874588,0.0,0.0030960426665842533,10.0,0.0,0.0,0.0,0.0,0.0,0.0,,,,,,,,,,,,,,,,,,,,,,0.001
23,3780,train,0.076875701546669,0.10624388605356216,0.1066446527838707,0.0,0.004073509480804205,0.004073509480804205,0.0,2.5394461154937744,6.500000017695129e-05,0.032499998807907104,0.006500000134110451,0.032499998807907104,0.0006500000017695129,0.0006500000017695129,0.6499999761581421,0.05947769433259964,0.007199414074420929,0.0,0.0,0.0,0.0,0.0,0.0,0.0,0.0,-1.3086644411087036,-1.3086644411087036,1.0,-1.3086644411087036,-1.3086644411087036,-1.2891724109649658,0.0,-3.614204168319702,2.6096601486206055,1.0,0.05947769433259964,1.0,0.0,0.0,0.05947769433259964,0.0,0.0,0.007199414074420929,0.0,0.0928005799651146,0.11703499406576157,0.0009703831747174263,0.8676275610923767,0.21990495920181274,0.0,0.0,0.0,0.0,0.0,0.0,0.0,0.0,1.0,0.0,0.0014935346553102136,0.32190266251564026,0.38759246468544006,0.06660793721675873,0.0,0.1066446527838707,0.10624388605356216,0.10624388605356216,0.10963940620422363,-0.01899765059351921,-8.690009822842626e-11,0.0,0.0,3.9442739486694336,3.9442734718322754,2.355621099472046,2.355621099472046,0.42589107155799866,0.0,0.0,0.0,0.0,0.09280058741569519,0.14446565508842468,3.501323675436652e-08,0.9788902997970581,0.21990495920181274,0.032636336982250214,2.2904558181762695,2.367180109024048,2.355621099472046,2.3933393955230713,2.6096601486206055,0.0,0.09703522175550461,1.0,1.7177098989486694,1.754246473312378,1.7623299360275269,0.0,0.003756150370463729,0.002115757903084159,4.247600008966401e-05,0.008434913121163845,0.0003756150836125016,0.0008434913470409811,0.0,0.003756150370463729,10.0,0.0,0.0,0.0,0.0,0.0,0.0,,,,,,,,,,,,,,,,,,,,,,0.001
23,3800,train,0.07531572133302689,0.10553420335054398,0.1067545935511589,0.0,0.003678308567032218,0.003678308567032218,0.0,2.5156044960021973,6.500000017695129e-05,0.032499998807907104,0.006500000134110451,0.032499998807907104,0.0006500000017695129,0.0006500000017695129,0.6499999761581421,0.059019386768341064,0.009379513561725616,0.0,0.0,0.0,0.0,0.0,0.0,0.0,0.0,-1.3306901454925537,-1.3306901454925537,1.0,-1.3306901454925537,-1.3306903839111328,-1.3119572401046753,0.0,-3.6399619579315186,2.5405657291412354,1.0,0.059019386768341064,1.0,0.0,0.0,0.059019386768341064,0.0,0.0,0.009379513561725616,0.0,0.10937950015068054,0.1552390456199646,0.0014481497928500175,0.9455021619796753,0.22642387449741364,0.0,0.0,0.0,0.0,0.0,0.0,0.0,0.0,1.0,0.0,0.0023655504919588566,0.31835490465164185,0.38073235750198364,0.06763134151697159,0.0,0.1067545935511589,0.10553420335054398,0.10553420335054398,0.10937456786632538,-0.030453963205218315,-1.2891243628132543e-10,0.0,0.0,3.936631917953491,3.936631917953491,2.3400776386260986,2.3400776386260986,0.42440956830978394,0.0,0.0,0.0,0.0,0.10937951505184174,0.17744505405426025,5.895549382017862e-09,0.9856153726577759,0.22642387449741364,0.05536152422428131,2.304738998413086,2.34603214263916,2.3400776386260986,2.3378958702087402,2.5405657291412354,0.0,0.09239425510168076,1.0,1.8367105722427368,1.7709019184112549,1.7669514417648315,0.0,0.0038698145654052496,0.0026289881207048893,7.64457363402471e-05,0.010847450233995914,0.0003869814972858876,0.0010847450466826558,0.0,0.0038698147982358932,10.0,0.0,0.0,0.0,0.0,0.0,0.0,,,,,,,,,,,,,,,,,,,,,,0.001
23,3820,train,0.07444921135902405,0.10474931448698044,0.1055695042014122,0.0,0.003467569826170802,0.003467569826170802,0.0,2.484013080596924,6.500000017695129e-05,0.032499998807907104,0.006500000134110451,0.032499998807907104,0.0006500000017695129,0.0006500000017695129,0.6499999761581421,0.05863535404205322,0.01176905632019043,0.0,0.0,0.0,0.0,0.0,0.0,0.0,0.0,-1.3265107870101929,-1.3265107870101929,1.0,-1.3265107870101929,-1.3265107870101929,-1.3059667348861694,0.0,-3.6478240489959717,2.561124563217163,1.0,0.05863535404205322,1.0,0.0,0.0,0.05863535404205322,0.0,0.0,0.01176905632019043,0.0,0.08823093771934509,0.10480156540870667,0.0012744773412123322,0.7979113459587097,0.2141864001750946,0.0,0.0,0.0,0.0,0.0,0.0,0.0,0.0,1.0,0.0,0.0017116646049544215,0.30366554856300354,0.3729380667209625,0.06995948404073715,0.0,0.1055695042014122,0.10474931448698044,0.10474931448698044,0.12251792103052139,-0.06967072188854218,-2.6333006955536753e-11,0.0,0.0,3.8700971603393555,3.8700973987579346,2.326435089111328,2.326435089111328,0.46159449219703674,0.0,0.0,0.0,0.0,0.08823094516992569,0.13717208802700043,2.8155139375485305e-07,0.9755964875221252,0.2141864001750946,0.030093444511294365,2.2867863178253174,2.3315913677215576,2.326435089111328,2.3101956844329834,2.561124563217163,0.0,0.0921918973326683,1.0,1.714552402496338,1.7512147426605225,1.7386585474014282,0.0,0.009124107658863068,0.004898053128272295,0.00033688946859911084,0.016811402514576912,0.0009124107309617102,0.0016811402747407556,0.0,0.009124107658863068,10.0,0.0,0.0,0.0,0.0,0.0,0.0,,,,,,,,,,,,,,,,,,,,,,0.001
23,3840,train,0.0765351951122284,0.10679740458726883,0.1082281842827797,0.0,0.003668438410386443,0.003668438410386443,0.0,2.506422519683838,6.500000017695129e-05,0.032499998807907104,0.006500000134110451,0.032499998807907104,0.0006500000017695129,0.0006500000017695129,0.6499999761581421,0.054588206112384796,0.01596985012292862,0.0,0.0,0.0,0.0,0.0,0.0,0.0,0.0,-1.3393808603286743,-1.3393808603286743,1.0,-1.3393808603286743,-1.3393809795379639,-1.3084251880645752,0.0,-3.671417236328125,2.500828742980957,1.0,0.054588206112384796,1.0,0.0,0.0,0.054588206112384796,0.0,0.0,0.01596985012292862,0.0,0.0840301364660263,0.11723349988460541,0.001956338295713067,0.8147691488265991,0.20195046067237854,0.0,0.0,0.0,0.0,0.0,0.0,0.0,0.0,1.0,0.0,0.0024213118012994528,0.32041308283805847,0.3699761629104614,0.06853224337100983,0.0,0.1082281842827797,0.10679740458726883,0.10679740458726883,0.12239391356706619,-0.05545325577259064,-3.617386945542478e-10,0.0,0.0,3.9076812267303467,3.9076812267303467,2.291447877883911,2.291447877883911,0.4872061312198639,0.0,0.0,0.0,0.0,0.0840301513671875,0.14008258283138275,1.1887567596957638e-09,0.9676360487937927,0.20195046067237854,0.030353862792253494,2.221900463104248,2.2951416969299316,2.291447877883911,2.253283739089966,2.500828742980957,0.0,0.09478002786636353,1.0,1.6785788536071777,1.6993234157562256,1.702109932899475,0.0,0.012775985524058342,0.007258264813572168,0.0004244214796926826,0.024618452414870262,0.0012775985524058342,0.002461845288053155,0.0,0.012775985524058342,10.0,0.0,0.0,0.0,0.0,0.0,0.0,,,,,,,,,,,,,,,,,,,,,,0.001
23,3841,train_epoch,0.07768900201706115,0.10761180876971718,0.10832716752133684,0.0,0.003717266088686214,0.003717266088686214,0.0,2.5148553419969755,6.500000017695129e-05,0.032499998807907104,0.006500000134110451,0.032499998807907104,0.0006500000017695129,0.0006500000017695129,0.6499999761581421,0.05777477287871395,0.012382263418086275,0.0,0.0,0.0,0.0,0.0,0.0,0.0,0.0,-1.3312338711972722,-1.3312338711972722,1.0,-1.3312338711972722,-1.331233870483444,-1.3012363368165707,0.0,-3.649947737505336,2.551411428851282,1.0,0.05777477287871395,1.0,0.0,0.0,0.05777477287871395,0.0,0.0,0.012382263418086275,0.0,0.09719387763096186,0.11512625842037315,0.0018154597000503343,0.7889276407435982,0.22595677279426665,0.0,0.0,0.0,0.0,0.0,0.0,0.0,0.0,1.0,0.0,0.0015566221377875066,0.3145631885457182,0.3790772303849637,0.06818049887340226,0.0,0.10832716752133684,0.10761180876971718,0.10761180876971718,0.1162776116304055,-0.04575660015026966,-1.1698082192392708e-11,0.0,0.0,3.9381557139094006,3.93815572533065,2.3447607976947715,2.3447607976947715,0.45359000706387137,0.0,0.0,0.0,0.0,0.09719388606305608,0.14602712488281513,1.439443674094754e-07,0.9709517991471434,0.22595677279426665,0.035830776223879375,2.2603065268008296,2.357042044222712,2.3447607976947715,2.3405424106620742,2.551411428851282,0.0,0.08941409036427915,1.0,1.7473906157259456,1.7469563205798944,1.7472946279777024,0.0,0.004584144513000048,0.0027079513780270776,0.0001692311418077916,0.011098796769441244,0.00045841445809670774,0.0011098796939533091,0.0,0.004584144542278153,10.0,0.0,0.0,0.0,0.0,0.0,0.0,,,,,,,,,,,,,,,,,,,,,,0.001
23,3841,val,,,,,,,,,,,,,,,,,,,,,,,,,,,,,,,,,,,,,,,,,,,,,,,,,,,,,,,,,,,,,,,,,,,,,,,,,,,,,,,,,,,,,,,,,,,,,,,,,,,,,,,,,,,,,,,,,,,36.85994093758719,5363.459947858538,73.2356467019889,58.17203031267439,18.134680816105433,15.31828418799809,24.02697051932501,12.32861443076815,7.111310814108167,16.58888828754425,26.140540720168833,13.986259732927595,7.737347951957157,136.32138470241003,164.387591232937,265.11107172284807,68.45554964882987,36.85994093758719,73.2356467019889,58.17203031267439,18.134680816105433,0.001
24,3860,train,0.08545969426631927,0.11561285704374313,0.11698605120182037,0.0,0.0034325660672038794,0.0034325660672038794,0.0,2.3792848587036133,7.000000186963007e-05,0.03500000014901161,0.007000000216066837,0.03500000014901161,0.000699999975040555,0.000699999975040555,0.699999988079071,0.054557107388973236,0.01411987841129303,0.0,0.0,0.0,0.0,0.0,0.0,0.0,0.0,-1.2829796075820923,-1.2829796075820923,1.0,-1.2829796075820923,-1.2829794883728027,-1.2496860027313232,0.0,-3.566577196121216,2.6380808353424072,1.0,0.054557107388973236,1.0,0.0,0.0,0.054557107388973236,0.0,0.0,0.01411987841129303,0.0,0.0858801081776619,0.0980258360505104,0.002213419182226062,0.7685427069664001,0.21888642013072968,0.0,0.0,0.0,0.0,0.0,0.0,0.0,0.0,1.0,0.0,0.001967340474948287,0.29675841331481934,0.3985702395439148,0.07920964062213898,0.0,0.11698605120182037,0.11561285704374313,0.11561285704374313,0.1017163023352623,-0.05783011019229889,-1.561804574556902e-10,0.0,0.0,3.739607572555542,3.739607572555542,2.479253053665161,2.479253053665161,0.3674708306789398,0.0,0.0,0.0,0.0,0.08588012307882309,0.1277642399072647,1.0829107388588e-08,0.9512494802474976,0.21888642013072968,0.02525275945663452,2.3416831493377686,2.4958348274230957,2.479253053665161,2.4299559593200684,2.6380808353424072,0.0,0.08963160216808319,1.0,1.6694071292877197,1.7227354049682617,1.727315902709961,0.0,0.004935973323881626,0.0037303315475583076,0.00041704653995111585,0.01845555193722248,0.0004935972974635661,0.0018455552635714412,0.0,0.004935973323881626,11.0,0.0,0.0,0.0,0.0,0.0,0.0,,,,,,,,,,,,,,,,,,,,,,0.001
24,3880,train,0.0710269883275032,0.10344044119119644,0.104193776845932,0.0,0.0038058662321418524,0.0038058662321418524,0.0,2.436248302459717,7.000000186963007e-05,0.03500000014901161,0.007000000216066837,0.03500000014901161,0.000699999975040555,0.000699999975040555,0.699999988079071,0.0623062402009964,0.003800205886363983,0.0,0.0,0.0,0.0,0.0,0.0,0.0,0.0,-1.2762436866760254,-1.2762436866760254,1.0,-1.2762436866760254,-1.276243805885315,-1.253463864326477,0.0,-3.5470283031463623,2.76973295211792,1.0,0.0623062402009964,1.0,0.0,0.0,0.0623062402009964,0.0,0.0,0.003800205886363983,0.0,0.09619979560375214,0.1133444607257843,0.0021233847364783287,0.7960056066513062,0.23621706664562225,0.0,0.0,0.0,0.0,0.0,0.0,0.0,0.0,1.0,0.0,0.0016539737116545439,0.31187504529953003,0.40577268600463867,0.07510770112276077,0.0,0.104193776845932,0.10344044119119644,0.10344044119119644,0.1121770516037941,-0.05063210800290108,-2.1817507869781316e-11,0.0,0.0,3.805009365081787,3.805009365081787,2.5399985313415527,2.5399985313415527,0.40765634179115295,0.0,0.0,0.0,0.0,0.09619979560375214,0.1361953467130661,2.8511259131391853e-08,0.9493393898010254,0.23621706664562225,0.030323224142193794,2.4118099212646484,2.5480563640594482,2.5399985313415527,2.5622408390045166,2.76973295211792,0.0,0.09958701580762863,1.0,1.664492130279541,1.6941173076629639,1.7021539211273193,0.0,0.0048426054418087006,0.003909788094460964,0.0001855380105553195,0.016959570348262787,0.00048426055582240224,0.0016959570348262787,0.0,0.0048426054418087006,11.0,0.0,0.0,0.0,0.0,0.0,0.0,,,,,,,,,,,,,,,,,,,,,,0.001
24,3900,train,0.0728147104382515,0.10543392598628998,0.10596613585948944,0.0,0.0035836934112012386,0.0035836934112012386,0.0,2.428873062133789,7.000000186963007e-05,0.03500000014901161,0.007000000216066837,0.03500000014901161,0.000699999975040555,0.000699999975040555,0.699999988079071,0.06015075370669365,0.0171264186501503,0.0,0.0,0.0,0.0,0.0,0.0,0.0,0.0,-1.289570927619934,-1.289570927619934,1.0,-1.289570927619934,-1.289570927619934,-1.2660397291183472,0.0,-3.5711581707000732,2.7172155380249023,1.0,0.06015075370669365,1.0,0.0,0.0,0.06015075370669365,0.0,0.0,0.0171264186501503,0.0,0.08287357538938522,0.09561816602945328,0.0014678672887384892,0.6875948905944824,0.2143947333097458,0.0,0.0,0.0,0.0,0.0,0.0,0.0,0.0,1.0,0.0,0.0013168819714337587,0.30549564957618713,0.3985280394554138,0.07492804527282715,0.0,0.10596613585948944,0.10543392598628998,0.10543392598628998,0.11574552208185196,-0.05272822827100754,4.253538146703484e-11,0.0,0.0,3.8323681354522705,3.8323681354522705,2.49404239654541,2.49404239654541,0.4341262876987457,0.0,0.0,0.0,0.0,0.08287358283996582,0.12121842801570892,3.822795946462065e-08,0.9739863276481628,0.2143947333097458,0.018727023154497147,2.347233772277832,2.5053369998931885,2.49404239654541,2.5004241466522217,2.7172155380249023,0.0,0.09122832864522934,1.0,1.6293344497680664,1.678063154220581,1.683417797088623,0.0,0.004181413445621729,0.0033919562119990587,2.6912959583569318e-05,0.016363361850380898,0.00041814136784523726,0.0016363362083211541,0.0,0.004181413445621729,11.0,0.0,0.0,0.0,0.0,0.0,0.0,,,,,,,,,,,,,,,,,,,,,,0.001
24,3920,train,0.07088617980480194,0.1038602963089943,0.1043374091386795,0.0,0.0035021970979869366,0.0035021970979869366,0.0,2.4501636028289795,7.000000186963007e-05,0.03500000014901161,0.007000000216066837,0.03500000014901161,0.000699999975040555,0.000699999975040555,0.699999988079071,0.05638682842254639,0.011067807674407959,0.0,0.0,0.0,0.0,0.0,0.0,0.0,0.0,-1.290069341659546,-1.290069341659546,1.0,-1.290069341659546,-1.290069341659546,-1.2588247060775757,0.0,-3.563539743423462,2.7301344871520996,1.0,0.05638682842254639,1.0,0.0,0.0,0.05638682842254639,0.0,0.0,0.011067807674407959,0.0,0.11106781661510468,0.12786096334457397,0.002809541765600443,0.8746826648712158,0.24853818118572235,0.0,0.0,0.0,0.0,0.0,0.0,0.0,0.0,1.0,0.0,0.0008885546703822911,0.3031427264213562,0.3988119959831238,0.07334185391664505,0.0,0.1043374091386795,0.1038602963089943,0.1038602963089943,0.11963900923728943,-0.048419807106256485,1.0546983425507861e-10,0.0,0.0,3.835580348968506,3.835580348968506,2.46795392036438,2.46795392036438,0.44279250502586365,0.0,0.0,0.0,0.0,0.11106780916452408,0.15916119515895844,7.448682737276613e-08,0.9882013201713562,0.24853818118572235,0.0443933866918087,2.3674068450927734,2.495938301086426,2.46795392036438,2.480762243270874,2.7301344871520996,0.0,0.08867859840393066,1.0,1.6883360147476196,1.7047733068466187,1.7032585144042969,0.0,0.007320695091038942,0.0039106435142457485,0.00036110260407440364,0.015719303861260414,0.0007320695440284908,0.001571930362842977,0.0,0.007320695091038942,11.0,0.0,0.0,0.0,0.0,0.0,0.0,,,,,,,,,,,,,,,,,,,,,,0.001
24,3940,train,0.07217822223901749,0.10601866990327835,0.10655000060796738,0.0,0.003428013762459159,0.003428013762459159,0.0,2.493680715560913,7.000000186963007e-05,0.03500000014901161,0.007000000216066837,0.03500000014901161,0.000699999975040555,0.000699999975040555,0.699999988079071,0.06065714359283447,0.004086829721927643,0.0,0.0,0.0,0.0,0.0,0.0,0.0,0.0,-1.321197748184204,-1.321197748184204,1.0,-1.321197748184204,-1.321197748184204,-1.28569495677948,0.0,-3.6176085472106934,2.6243906021118164,1.0,0.06065714359283447,1.0,0.0,0.0,0.06065714359283447,0.0,0.0,0.004086829721927643,0.0,0.10408683121204376,0.12025707215070724,0.003657599911093712,0.7895330786705017,0.24754565954208374,0.0,0.0,0.0,0.0,0.0,0.0,0.0,0.0,1.0,0.0,0.0011037808144465089,0.2967318296432495,0.38961535692214966,0.06938877701759338,0.0,0.10655000060796738,0.10601866990327835,0.10601866990327835,0.12224280834197998,-0.06977657228708267,-4.3618379741428015e-11,0.0,0.0,3.8819754123687744,3.8819754123687744,2.442056894302368,2.442056894302368,0.4690942168235779,0.0,0.0,0.0,0.0,0.10408683121204376,0.14479613304138184,9.3730090355848e-09,0.979209303855896,0.24754565954208374,0.03544730693101883,2.370249032974243,2.4494941234588623,2.442056894302368,2.4275975227355957,2.6243906021118164,0.0,0.09074532985687256,1.0,1.6308790445327759,1.6674860715866089,1.6722742319107056,0.0,0.005297923926264048,0.0032806305680423975,5.046669321018271e-05,0.014224597252905369,0.0005297923926264048,0.0014224597252905369,0.0,0.00529792346060276,11.0,0.0,0.0,0.0,0.0,0.0,0.0,,,,,,,,,,,,,,,,,,,,,,0.001
24,3960,train,0.07609237730503082,0.10769263654947281,0.10864762216806412,0.0,0.0035482628736644983,0.0035482628736644983,0.0,2.4310896396636963,7.000000186963007e-05,0.03500000014901161,0.007000000216066837,0.03500000014901161,0.000699999975040555,0.000699999975040555,0.699999988079071,0.05615182965993881,0.0013051331043243408,0.0,0.0,0.0,0.0,0.0,0.0,0.0,0.0,-1.277722954750061,-1.277722954750061,1.0,-1.277722954750061,-1.2777230739593506,-1.2465859651565552,0.0,-3.5437393188476562,2.7236573696136475,1.0,0.05615182965993881,1.0,0.0,0.0,0.05615182965993881,0.0,0.0,0.0013051331043243408,0.0,0.09869486838579178,0.10078718513250351,0.002956229029223323,0.7096141576766968,0.24431860446929932,0.0,0.0,0.0,0.0,0.0,0.0,0.0,0.0,1.0,0.0,0.0016359862638637424,0.301620215177536,0.4026711583137512,0.07434092462062836,0.0,0.10864762216806412,0.10769263654947281,0.10769263654947281,0.11513198912143707,-0.049239642918109894,-5.767516325638766e-11,0.0,0.0,3.846330165863037,3.846330165863037,2.493981122970581,2.493981122970581,0.42922165989875793,0.0,0.0,0.0,0.0,0.09869486838579178,0.13169199228286743,2.050057901215041e-09,0.9225047826766968,0.24431860446929932,0.02490043081343174,2.419506788253784,2.4996249675750732,2.493981122970581,2.5117852687835693,2.7236573696136475,0.0,0.09409665316343307,1.0,1.6754341125488281,1.705331802368164,1.6908037662506104,0.0,0.002844511531293392,0.002193270018324256,5.676991349901073e-05,0.008402124978601933,0.0002844511764124036,0.0008402125095017254,0.0,0.002844511531293392,11.0,0.0,0.0,0.0,0.0,0.0,0.0,,,,,,,,,,,,,,,,,,,,,,0.001
24,3980,train,0.0769873559474945,0.10870104283094406,0.11010616272687912,0.0,0.003214088501408696,0.003214088501408696,0.0,2.45320463180542,7.000000186963007e-05,0.03500000014901161,0.007000000216066837,0.03500000014901161,0.000699999975040555,0.000699999975040555,0.699999988079071,0.05516261234879494,0.004238620400428772,0.0,0.0,0.0,0.0,0.0,0.0,0.0,0.0,-1.2871596813201904,-1.2871596813201904,1.0,-1.2871596813201904,-1.28715980052948,-1.2617042064666748,0.0,-3.5516703128814697,2.765501022338867,1.0,0.05516261234879494,1.0,0.0,0.0,0.05516261234879494,0.0,0.0,0.004238620400428772,0.0,0.10423862189054489,0.10742500424385071,0.0019492597784847021,0.7841224670410156,0.25378578901290894,0.0,0.0,0.0,0.0,0.0,0.0,0.0,0.0,1.0,0.0,0.002132912864908576,0.289328008890152,0.4061613976955414,0.07393056154251099,0.0,0.11010616272687912,0.10870104283094406,0.10870104283094406,0.1143331453204155,-0.03023480623960495,9.231324038516675e-12,0.0,0.0,3.7751989364624023,3.7751989364624023,2.550518751144409,2.550518751144409,0.424532026052475,0.0,0.0,0.0,0.0,0.10423862189054489,0.137612983584404,1.0233259217784507e-07,0.9631412625312805,0.25378578901290894,0.028423715382814407,2.4658730030059814,2.559117317199707,2.550518751144409,2.5408473014831543,2.765501022338867,0.0,0.08954306691884995,1.0,1.7276561260223389,1.6974174976348877,1.705919861793518,0.0,0.003007762599736452,0.002095066010951996,5.780790888820775e-05,0.00827164575457573,0.0003007762716151774,0.0008271645638160408,0.0,0.003007762599736452,11.0,0.0,0.0,0.0,0.0,0.0,0.0,,,,,,,,,,,,,,,,,,,,,,0.001
24,4000,train,0.07943005114793777,0.11118090897798538,0.11243685334920883,0.0,0.003540127770975232,0.003540127770975232,0.0,2.5239274501800537,7.000000186963007e-05,0.03500000014901161,0.007000000216066837,0.03500000014901161,0.000699999975040555,0.000699999975040555,0.699999988079071,0.05220644548535347,0.013122521340847015,0.0,0.0,0.0,0.0,0.0,0.0,0.0,0.0,-1.2996318340301514,-1.2996318340301514,1.0,-1.2996318340301514,-1.2996318340301514,-1.2727981805801392,0.0,-3.5698132514953613,2.7039923667907715,1.0,0.05220644548535347,1.0,0.0,0.0,0.05220644548535347,0.0,0.0,0.013122521340847015,0.0,0.08687746524810791,0.124003566801548,0.0033994014374911785,0.8885445594787598,0.20272131264209747,0.0,0.0,0.0,0.0,0.0,0.0,0.0,0.0,1.0,0.0,0.0020335048902779818,0.30225518345832825,0.3910631537437439,0.06749261915683746,0.0,0.11243685334920883,0.11118090897798538,0.11118090897798538,0.12998344004154205,-0.05642424896359444,1.9770693415743779e-10,0.0,0.0,3.854428291320801,3.854428291320801,2.412431001663208,2.412431001663208,0.5062792897224426,0.0,0.0,0.0,0.0,0.0868774801492691,0.1481429636478424,7.641060619789641e-07,0.9904513359069824,0.20272131264209747,0.03449755162000656,2.3639285564422607,2.4245340824127197,2.412431001663208,2.448049545288086,2.7039923667907715,0.0,0.09762878715991974,1.0,1.6806658506393433,1.6606833934783936,1.6811381578445435,0.0,0.004858649335801601,0.003167650429531932,7.308828935492784e-05,0.011648345738649368,0.00048586493358016014,0.0011648345971480012,0.0,0.004858649335801601,11.0,0.0,0.0,0.0,0.0,0.0,0.0,,,,,,,,,,,,,,,,,,,,,,0.001
24,4008,train_epoch,0.08033403977305589,0.11164409961707578,0.11239106734534224,0.0,0.0036666270242278983,0.0036666270242278983,0.0,2.4486539920646986,7.000000186963007e-05,0.03500000014901161,0.007000000216066837,0.03500000014901161,0.000699999975040555,0.000699999975040555,0.699999988079071,0.05696270075029956,0.01162159391595218,0.0,0.0,0.0,0.0,0.0,0.0,0.0,0.0,-1.2889528481546277,-1.2889528481546277,1.0,-1.2889528481546277,-1.2889528581482208,-1.2603607192010937,0.0,-3.5666361697419675,2.6871242594576166,1.0,0.05696270075029956,1.0,0.0,0.0,0.05696270075029956,0.0,0.0,0.01162159391595218,0.0,0.09637878710281349,0.11106612502100939,0.002104221957507069,0.7848478177350439,0.2314237399907883,0.0,0.0,0.0,0.0,0.0,0.0,0.0,0.0,1.0,0.0,0.0016471322852955061,0.30495642884048874,0.3998921236949053,0.07371448471160706,0.0,0.11239106734534224,0.11164409961707578,0.11164409961707578,0.11475471621323488,-0.04858588274152849,-1.273392566381038e-11,0.0,0.0,3.8632129437909155,3.863212940935603,2.477184849584888,2.477184849584888,0.43368567463880525,0.0,0.0,0.0,0.0,0.09637878908814784,0.139241405099095,2.0015676173443224e-07,0.9629055686339647,0.2314237399907883,0.03148244142331585,2.3710788852440383,2.490223579064101,2.477184849584888,2.473448729086779,2.6871242594576166,0.0,0.09701981109951785,1.0,1.6964766265389448,1.6977490914795927,1.6987188076544664,0.0,0.004728806313841107,0.0031950281776800126,0.00013101614198369603,0.013644604293997595,0.0004728806377102727,0.001364460447106042,0.0,0.00472880626365007,11.0,0.0,0.0,0.0,0.0,0.0,0.0,,,,,,,,,,,,,,,,,,,,,,0.001
24,4008,val,,,,,,,,,,,,,,,,,,,,,,,,,,,,,,,,,,,,,,,,,,,,,,,,,,,,,,,,,,,,,,,,,,,,,,,,,,,,,,,,,,,,,,,,,,,,,,,,,,,,,,,,,,,,,,,,,,,25.80929923057556,2857.7569013323105,53.45799193135027,32.51773200716291,12.295267139162336,14.90732821396419,23.864190415725357,10.960374568189893,6.769273459911346,15.86125830241612,25.74262377395927,11.840993898255485,7.196426800319126,136.69851807185583,164.68801297909062,264.321279661996,68.55191557747978,25.80929923057556,53.45799193135027,32.51773200716291,12.295267139162336,0.001
24,4008,test,,,,,,,,,,,,,,,,,,,,,,,,,,,,,,,,,,,,,,,,,,,,,,,,,,,,,,,,,,,,,,,,,,,,,,,,,,,,,,,,,,,,,,,,,,,,,,,,,,,,,,,,,,,,,,,,,,,34.651010922023225,3870.874967302595,62.21635610755901,41.0600837128503,16.521475161824906,20.255422370774404,30.377852873850497,19.454459394727433,9.326346780572619,25.70384415558406,38.93679805788575,25.155634028570994,11.805971068995339,143.9615309579032,174.2719809273884,235.45119455882482,73.38474464416504,34.651010922023225,62.21635610755901,41.0600837128503,16.521475161824906,0.001
25,4020,train,0.07006633281707764,0.10516539961099625,0.10592259466648102,0.0,0.003673515748232603,0.003673515748232603,0.0,2.4847288131713867,7.500000356230885e-05,0.03750000149011612,0.007499999832361937,0.03750000149011612,0.000750000006519258,0.000750000006519258,0.75,0.052222639322280884,0.012992925941944122,0.0,0.0,0.0,0.0,0.0,0.0,0.0,0.0,-1.2590358257293701,-1.2590358257293701,1.0,-1.2590358257293701,-1.2590358257293701,-1.2308377027511597,0.0,-3.512763738632202,2.7649853229522705,1.0,0.052222639322280884,1.0,0.0,0.0,0.052222639322280884,0.0,0.0,0.012992925941944122,0.0,0.11299291998147964,0.11825411766767502,0.002994474722072482,0.8193608522415161,0.2663758099079132,0.0,0.0,0.0,0.0,0.0,0.0,0.0,0.0,1.0,0.0,0.0016832452965900302,0.3129500448703766,0.40781623125076294,0.07080407440662384,0.0,0.10592259466648102,0.10516539961099625,0.10516539961099625,0.1098598763346672,-0.03182559460401535,-1.704271723745876e-10,0.0,0.0,3.8823163509368896,3.8823163509368896,2.507611036300659,2.507611036300659,0.4205969572067261,0.0,0.0,0.0,0.0,0.11299292743206024,0.14743691682815552,9.845923898410547e-08,0.9892011880874634,0.2663758099079132,0.036542586982250214,2.3891279697418213,2.521857261657715,2.507611036300659,2.5407238006591797,2.7649853229522705,0.0,0.09754650294780731,1.0,1.6831920146942139,1.6925723552703857,1.7057075500488281,0.0,0.0023820209316909313,0.0018813752103596926,2.5311008357675746e-05,0.008536242879927158,0.00023820209025871009,0.0008536243112757802,0.0,0.0023820209316909313,11.0,0.0,0.0,0.0,0.0,0.0,0.0,,,,,,,,,,,,,,,,,,,,,,0.001
25,4040,train,0.06715235114097595,0.10418000817298889,0.10467339307069778,0.0,0.0034576444886624813,0.0034576444886624813,0.0,2.448854684829712,7.500000356230885e-05,0.03750000149011612,0.007499999832361937,0.03750000149011612,0.000750000006519258,0.000750000006519258,0.75,0.055637333542108536,0.020510978996753693,0.0,0.0,0.0,0.0,0.0,0.0,0.0,0.0,-1.2962838411331177,-1.2962838411331177,1.0,-1.2962838411331177,-1.2962838411331177,-1.272625207901001,0.0,-3.5857486724853516,2.6983284950256348,1.0,0.055637333542108536,1.0,0.0,0.0,0.055637333542108536,0.0,0.0,0.020510978996753693,0.0,0.12051098048686981,0.11575183272361755,0.0027534570544958115,0.726286768913269,0.2791215181350708,0.0,0.0,0.0,0.0,0.0,0.0,0.0,0.0,1.0,0.0,0.0011901120888069272,0.3043311536312103,0.39806199073791504,0.07266901433467865,0.0,0.10467339307069778,0.10418000817298889,0.10418000817298889,0.10749556869268417,-0.05105189234018326,7.086302378223053e-11,0.0,0.0,3.903474807739258,3.903474807739258,2.4691574573516846,2.4691574573516846,0.4055626392364502,0.0,0.0,0.0,0.0,0.12051098048686981,0.14951039850711823,4.3587400000433263e-07,0.954913318157196,0.2791215181350708,0.037905946373939514,2.407240867614746,2.477391481399536,2.4691574573516846,2.514866828918457,2.6983284950256348,0.0,0.08803494274616241,1.0,1.74619460105896,1.6656291484832764,1.6491835117340088,0.0,0.006451633758842945,0.003380900714546442,0.00016520355711691082,0.013774585910141468,0.000645163469016552,0.0013774585677310824,0.0,0.006451634224504232,11.0,0.0,0.0,0.0,0.0,0.0,0.0,,,,,,,,,,,,,,,,,,,,,,0.001
25,4060,train,0.0724354237318039,0.10710493475198746,0.10747094452381134,0.0,0.0034281930420547724,0.0034281930420547724,0.0,2.402475118637085,7.500000356230885e-05,0.03750000149011612,0.007499999832361937,0.03750000149011612,0.000750000006519258,0.000750000006519258,0.75,0.054968029260635376,0.008986100554466248,0.0,0.0,0.0,0.0,0.0,0.0,0.0,0.0,-1.2560091018676758,-1.2560091018676758,1.0,-1.2560091018676758,-1.2560091018676758,-1.2287288904190063,0.0,-3.510692596435547,2.7739346027374268,1.0,0.054968029260635376,1.0,0.0,0.0,0.054968029260635376,0.0,0.0,0.008986100554466248,0.0,0.09101389348506927,0.1093997061252594,0.0030088908970355988,0.8766183257102966,0.22711028158664703,0.0,0.0,0.0,0.0,0.0,0.0,0.0,0.0,1.0,0.0,0.0010667620226740837,0.30111369490623474,0.4162481725215912,0.07755274325609207,0.0,0.10747094452381134,0.10710493475198746,0.10710493475198746,0.11375775188207626,-0.03638331964612007,-4.504983192044065e-11,0.0,0.0,3.953531503677368,3.953531503677368,2.5354855060577393,2.5354855060577393,0.4478013515472412,0.0,0.0,0.0,0.0,0.09101390093564987,0.13307338953018188,2.5864952846177403e-08,0.9812150001525879,0.22711028158664703,0.027006741613149643,2.4279165267944336,2.5432567596435547,2.5354855060577393,2.5384316444396973,2.7739346027374268,0.0,0.08616956323385239,1.0,1.7960107326507568,1.7081165313720703,1.6848994493484497,0.0,0.0030816630460321903,0.0019266091985628009,1.750140290823765e-05,0.007895246148109436,0.0003081663162447512,0.000789524638094008,0.0,0.0030816630460321903,11.0,0.0,0.0,0.0,0.0,0.0,0.0,,,,,,,,,,,,,,,,,,,,,,0.001
25,4080,train,0.06791762262582779,0.1037612333893776,0.10495441406965256,0.0,0.0031963156070560217,0.0031963156070560217,0.0,2.402897596359253,7.500000356230885e-05,0.03750000149011612,0.007499999832361937,0.03750000149011612,0.000750000006519258,0.000750000006519258,0.75,0.04790014401078224,0.006306298077106476,0.0,0.0,0.0,0.0,0.0,0.0,0.0,0.0,-1.270560622215271,-1.270560622215271,1.0,-1.270560622215271,-1.270560622215271,-1.250768780708313,0.0,-3.53216552734375,2.744443416595459,1.0,0.04790014401078224,1.0,0.0,0.0,0.04790014401078224,0.0,0.0,0.006306298077106476,0.0,0.1063062846660614,0.11143732070922852,0.003341888077557087,0.7425035834312439,0.25529345870018005,0.0,0.0,0.0,0.0,0.0,0.0,0.0,0.0,1.0,0.0,0.0019194643246009946,0.2947940528392792,0.40498027205467224,0.07635024189949036,0.0,0.10495441406965256,0.1037612333893776,0.1037612333893776,0.11635591834783554,-0.04531161114573479,-1.6655733736659073e-10,0.0,0.0,3.866621494293213,3.866621494293213,2.4922544956207275,2.4922544956207275,0.4430234134197235,0.0,0.0,0.0,0.0,0.1063062995672226,0.14086613059043884,8.060093392714407e-08,0.9397608637809753,0.25529345870018005,0.03144914284348488,2.428839921951294,2.4978840351104736,2.4922544956207275,2.5341954231262207,2.744443416595459,0.0,0.08663465082645416,1.0,1.6482877731323242,1.6761386394500732,1.6807161569595337,0.0,0.0056410254910588264,0.003088617231696844,8.701629212737316e-07,0.01216848660260439,0.0005641025491058826,0.001216848730109632,0.0,0.0056410254910588264,11.0,0.0,0.0,0.0,0.0,0.0,0.0,,,,,,,,,,,,,,,,,,,,,,0.001
25,4100,train,0.06915546953678131,0.10529892891645432,0.10614287108182907,0.0,0.0036461814306676388,0.0036461814306676388,0.0,2.4648244380950928,7.500000356230885e-05,0.03750000149011612,0.007499999832361937,0.03750000149011612,0.000750000006519258,0.000750000006519258,0.75,0.053909413516521454,0.012703023850917816,0.0,0.0,0.0,0.0,0.0,0.0,0.0,0.0,-1.2831908464431763,-1.2831908464431763,1.0,-1.2831908464431763,-1.2831908464431763,-1.2558512687683105,0.0,-3.5492777824401855,2.740874767303467,1.0,0.053909413516521454,1.0,0.0,0.0,0.053909413516521454,0.0,0.0,0.012703023850917816,0.0,0.11270301789045334,0.11752019077539444,0.00207243743352592,0.8135516047477722,0.26664090156555176,0.0,0.0,0.0,0.0,0.0,0.0,0.0,0.0,1.0,0.0,0.001390869845636189,0.3022521734237671,0.4105389416217804,0.07289459556341171,0.0,0.10614287108182907,0.10529892891645432,0.10529892891645432,0.11604584008455276,-0.046496208757162094,3.889249478028489e-10,0.0,0.0,3.9755148887634277,3.9755148887634277,2.5525014400482178,2.5525014400482178,0.45809289813041687,0.0,0.0,0.0,0.0,0.11270302534103394,0.1443031281232834,3.4184458286290464e-07,0.9819777607917786,0.26664090156555176,0.03351715952157974,2.465191125869751,2.5559113025665283,2.5525014400482178,2.542900323867798,2.740874767303467,0.0,0.09191647171974182,1.0,1.6441295146942139,1.6652535200119019,1.6694128513336182,0.0,0.0029673101380467415,0.0017850497970357537,0.00031964181107468903,0.008033264428377151,0.00029673101380467415,0.000803326431196183,0.0,0.0029673101380467415,11.0,0.0,0.0,0.0,0.0,0.0,0.0,,,,,,,,,,,,,,,,,,,,,,0.001
25,4120,train,0.0727049708366394,0.1076616570353508,0.10801427811384201,0.0,0.003759377636015415,0.003759377636015415,0.0,2.4861035346984863,7.500000356230885e-05,0.03750000149011612,0.007499999832361937,0.03750000149011612,0.000750000006519258,0.000750000006519258,0.75,0.048718567937612534,0.0018248334527015686,0.0,0.0,0.0,0.0,0.0,0.0,0.0,0.0,-1.2649976015090942,-1.2649976015090942,1.0,-1.2649976015090942,-1.2649976015090942,-1.2262681722640991,0.0,-3.542654275894165,2.720008611679077,1.0,0.048718567937612534,1.0,0.0,0.0,0.048718567937612534,0.0,0.0,0.0018248334527015686,0.0,0.10182482749223709,0.1062101423740387,0.0018056277185678482,0.8750237226486206,0.25128990411758423,0.0,0.0,0.0,0.0,0.0,0.0,0.0,0.0,1.0,0.0,0.0011907450389117002,0.3109756410121918,0.4170127511024475,0.0716472938656807,0.0,0.10801427811384201,0.1076616570353508,0.1076616570353508,0.12103322148323059,-0.028450705111026764,-2.8001554200351997e-11,0.0,0.0,3.980807065963745,3.980806589126587,2.570009231567383,2.570009231567383,0.4715457856655121,0.0,0.0,0.0,0.0,0.10182483494281769,0.13528798520565033,2.829202685461496e-06,0.9603057503700256,0.25128990411758423,0.02653186395764351,2.424949884414673,2.5860815048217773,2.570009231567383,2.5314536094665527,2.720008611679077,0.0,0.09280415624380112,1.0,1.7010232210159302,1.6828725337982178,1.7030073404312134,0.0,0.0036550923250615597,0.002445674268528819,5.195063931751065e-05,0.009467040188610554,0.0003655092150438577,0.0009467040072195232,0.0,0.003655092092230916,11.0,0.0,0.0,0.0,0.0,0.0,0.0,,,,,,,,,,,,,,,,,,,,,,0.001
25,4140,train,0.07019151002168655,0.10626896470785141,0.10642794519662857,0.0,0.0036459751427173615,0.0036459751427173615,0.0,2.435309648513794,7.500000356230885e-05,0.03750000149011612,0.007499999832361937,0.03750000149011612,0.000750000006519258,0.000750000006519258,0.75,0.05271381884813309,0.0015775784850120544,0.0,0.0,0.0,0.0,0.0,0.0,0.0,0.0,-1.2827361822128296,-1.2827361822128296,1.0,-1.2827361822128296,-1.2827363014221191,-1.2566273212432861,0.0,-3.558995246887207,2.678696393966675,1.0,0.05271381884813309,1.0,0.0,0.0,0.05271381884813309,0.0,0.0,0.0015775784850120544,0.0,0.09842242300510406,0.08944521844387054,0.0014132241485640407,0.7937669157981873,0.2542729675769806,0.0,0.0,0.0,0.0,0.0,0.0,0.0,0.0,1.0,0.0,0.0007777124992571771,0.31239843368530273,0.4036327600479126,0.07423524558544159,0.0,0.10642794519662857,0.10626896470785141,0.10626896470785141,0.11232093721628189,-0.04010976850986481,-8.955022834378212e-11,0.0,0.0,3.9988489151000977,3.9988489151000977,2.5207388401031494,2.5207388401031494,0.4484401047229767,0.0,0.0,0.0,0.0,0.09842242300510406,0.12093286961317062,3.2681529660294473e-07,0.9434914588928223,0.2542729675769806,0.017654718831181526,2.4179177284240723,2.540213108062744,2.5207388401031494,2.5012989044189453,2.678696393966675,0.0,0.08649468421936035,1.0,1.6439851522445679,1.640379786491394,1.6511844396591187,0.0,0.0030322798993438482,0.0016565056284889579,0.00042176106944680214,0.007765039335936308,0.0003032280073966831,0.0007765039335936308,0.0,0.0030322798993438482,11.0,0.0,0.0,0.0,0.0,0.0,0.0,,,,,,,,,,,,,,,,,,,,,,0.001
25,4160,train,0.06320542097091675,0.10161258280277252,0.10240917652845383,0.0,0.003505679778754711,0.003505679778754711,0.0,2.4802441596984863,7.500000356230885e-05,0.03750000149011612,0.007499999832361937,0.03750000149011612,0.000750000006519258,0.000750000006519258,0.75,0.05543559044599533,0.0010903552174568176,0.0,0.0,0.0,0.0,0.0,0.0,0.0,0.0,-1.3166416883468628,-1.3166416883468628,1.0,-1.3166416883468628,-1.3166418075561523,-1.2799673080444336,0.0,-3.617457628250122,2.6592154502868652,1.0,0.05543559044599533,1.0,0.0,0.0,0.05543559044599533,0.0,0.0,0.0010903552174568176,0.0,0.10109036415815353,0.11444663256406784,0.0024593607522547245,0.7585794925689697,0.24470308423042297,0.0,0.0,0.0,0.0,0.0,0.0,0.0,0.0,1.0,0.0,0.0015937518328428268,0.30570968985557556,0.406741738319397,0.07147354632616043,0.0,0.10240917652845383,0.10161258280277252,0.10161258280277252,0.12023262679576874,-0.0594952329993248,-7.044838323810865e-11,0.0,0.0,3.989164113998413,3.989164113998413,2.529278516769409,2.529278516769409,0.466115802526474,0.0,0.0,0.0,0.0,0.10109035670757294,0.13876843452453613,2.495573028227227e-07,0.9555434584617615,0.24470308423042297,0.03105851821601391,2.4317755699157715,2.541633129119873,2.529278516769409,2.5031564235687256,2.6592154502868652,0.0,0.09458912163972855,1.0,1.610464096069336,1.6344614028930664,1.610621452331543,0.0,0.004843125119805336,0.0026358456816524267,0.0002121134748449549,0.009499787352979183,0.00048431247705593705,0.0009499787702225149,0.0,0.004843124654144049,11.0,0.0,0.0,0.0,0.0,0.0,0.0,,,,,,,,,,,,,,,,,,,,,,0.001
25,4175,train_epoch,0.07108498469530465,0.10705261525815118,0.10764498593742976,0.0,0.0034981527572085043,0.0034981527572085043,0.0,2.461236875214263,7.500000356230885e-05,0.03750000149011612,0.007499999832361937,0.03750000149011612,0.000750000006519258,0.000750000006519258,0.75,0.05265215871309092,0.01031864599553411,0.0,0.0,0.0,0.0,0.0,0.0,0.0,0.0,-1.2857695182640396,-1.2857695182640396,1.0,-1.2857695182640396,-1.28576952183318,-1.256217449011203,0.0,-3.5599412932367382,2.7113416394787633,1.0,0.05265215871309092,1.0,0.0,0.0,0.05265215871309092,0.0,0.0,0.01031864599553411,0.0,0.0997872829972627,0.10730815879599064,0.002545127871343141,0.789520245826173,0.24368383918336767,0.0,0.0,0.0,0.0,0.0,0.0,0.0,0.0,1.0,0.0,0.0013108514974306444,0.30313660570247447,0.4056574707616589,0.0724869892001152,0.0,0.10764498593742976,0.10705261525815118,0.10705261525815118,0.11586816644597196,-0.046474570218852894,8.71191520506217e-13,0.0,0.0,3.931084542931197,3.9310845400758847,2.5063882388040692,2.5063882388040692,0.4493734083489744,0.0,0.0,0.0,0.0,0.09978728482644715,0.13562013329324607,6.694132845420329e-07,0.9581640219973947,0.24368383918336767,0.02915483543615855,2.4078169925484114,2.5178682390087377,2.5063882388040692,2.5016863003462375,2.7113416394787633,0.0,0.08900146101584691,1.0,1.65719805934472,1.655754329201704,1.6556453476408999,0.0,0.003798269631876471,0.00234862203879873,0.00013399385280710694,0.009867808920983783,0.0003798269720059334,0.000986780910641178,0.0,0.003798269631179373,11.0,0.0,0.0,0.0,0.0,0.0,0.0,,,,,,,,,,,,,,,,,,,,,,0.001
25,4175,val,,,,,,,,,,,,,,,,,,,,,,,,,,,,,,,,,,,,,,,,,,,,,,,,,,,,,,,,,,,,,,,,,,,,,,,,,,,,,,,,,,,,,,,,,,,,,,,,,,,,,,,,,,,,,,,,,,,25.661429030554636,2864.295656476702,53.519114870078916,33.196671213422505,12.248266390391759,14.567633628845215,23.533507572986892,12.166187950542994,6.674431341035025,15.519918884549822,25.507991350673986,11.69827003989901,7.078120223113468,136.87091091700964,165.16150690841317,264.27074725287304,68.50560583387103,25.661429030554636,53.519114870078916,33.196671213422505,12.248266390391759,0.001
25,4175,test,,,,,,,,,,,,,,,,,,,,,,,,,,,,,,,,,,,,,,,,,,,,,,,,,,,,,,,,,,,,,,,,,,,,,,,,,,,,,,,,,,,,,,,,,,,,,,,,,,,,,,,,,,,,,,,,,,,34.62275212151663,3900.6450805664062,62.45514454843897,41.42457159927913,16.545322673661367,19.865892154829844,29.858953632245566,19.893984769071853,9.239039991583143,25.282317399978638,38.67642210018118,24.041996479034424,11.664448584829058,144.32917281559534,175.1955843633422,235.41243839263916,73.34566334315709,34.62275212151663,62.45514454843897,41.42457159927913,16.545322673661367,0.001
26,4180,train,0.060117658227682114,0.10127103328704834,0.1019122302532196,0.0,0.003180144587531686,0.003180144587531686,0.0,2.4551451206207275,7.999999797903001e-05,0.03999999910593033,0.00800000037997961,0.03999999910593033,0.0007999999797903001,0.0007999999797903001,0.800000011920929,0.04655652493238449,0.009844556450843811,0.0,0.0,0.0,0.0,0.0,0.0,0.0,0.0,-1.2896784543991089,-1.2896784543991089,1.0,-1.2896784543991089,-1.2896784543991089,-1.271323561668396,0.0,-3.5582876205444336,2.744502067565918,1.0,0.04655652493238449,1.0,0.0,0.0,0.04655652493238449,0.0,0.0,0.009844556450843811,0.0,0.10984455794095993,0.11868774890899658,0.0023697027936577797,0.8227457404136658,0.2585587799549103,0.0,0.0,0.0,0.0,0.0,0.0,0.0,0.0,1.0,0.0,0.00110551156103611,0.2924727499485016,0.4075542688369751,0.07282635569572449,0.0,0.1019122302532196,0.10127103328704834,0.10127103328704834,0.10323546081781387,-0.022457361221313477,1.5959443835922293e-11,0.0,0.0,3.9128496646881104,3.9128496646881104,2.4987027645111084,2.4987027645111084,0.39964959025382996,0.0,0.0,0.0,0.0,0.10984455794095993,0.14674757421016693,5.0099739468123516e-08,0.9565963745117188,0.2585587799549103,0.0369868278503418,2.386063814163208,2.511456251144409,2.4987027645111084,2.5126166343688965,2.744502067565918,0.0,0.07956747710704803,1.0,1.550347924232483,1.6082377433776855,1.6150922775268555,0.0,0.0038925250992178917,0.002328447299078107,0.00020133572979830205,0.00902539398521185,0.0003892525564879179,0.0009025394101627171,0.0,0.0038925250992178917,11.0,0.0,0.0,0.0,0.0,0.0,0.0,,,,,,,,,,,,,,,,,,,,,,0.001
26,4200,train,0.06409026682376862,0.1045168787240982,0.10524820536375046,0.0,0.0033750140573829412,0.0033750140573829412,0.0,2.4363019466400146,7.999999797903001e-05,0.03999999910593033,0.00800000037997961,0.03999999910593033,0.0007999999797903001,0.0007999999797903001,0.800000011920929,0.050429679453372955,0.008328735828399658,0.0,0.0,0.0,0.0,0.0,0.0,0.0,0.0,-1.2886072397232056,-1.2886072397232056,1.0,-1.2886072397232056,-1.2886072397232056,-1.2475855350494385,0.0,-3.5652859210968018,2.6599204540252686,1.0,0.050429679453372955,1.0,0.0,0.0,0.050429679453372955,0.0,0.0,0.008328735828399658,0.0,0.09167125076055527,0.09331298619508743,0.005548413842916489,0.8472808599472046,0.2395963817834854,0.0,0.0,0.0,0.0,0.0,0.0,0.0,0.0,1.0,0.0,0.0015149773098528385,0.2935706377029419,0.4004690945148468,0.0736987441778183,0.0,0.10524820536375046,0.1045168787240982,0.1045168787240982,0.12120994180440903,-0.06325744092464447,-2.4991408942298676e-10,0.0,0.0,3.8883132934570312,3.8883132934570312,2.5103421211242676,2.5103421211242676,0.4643292725086212,0.0,0.0,0.0,0.0,0.09167126566171646,0.12086085230112076,3.262608515797183e-06,0.9742796421051025,0.2395963817834854,0.018895527347922325,2.468499183654785,2.5185434818267822,2.5103421211242676,2.4912986755371094,2.6599204540252686,0.0,0.09200495481491089,1.0,1.6249644756317139,1.642455816268921,1.6643706560134888,0.0,0.0026091693434864283,0.0020984886214137077,4.099864236195572e-05,0.009393618442118168,0.000260916945990175,0.0009393618674948812,0.0,0.002609169576317072,11.0,0.0,0.0,0.0,0.0,0.0,0.0,,,,,,,,,,,,,,,,,,,,,,0.001
26,4220,train,0.06528046727180481,0.10468529164791107,0.10532847046852112,0.0,0.003526271553710103,0.003526271553710103,0.0,2.43829345703125,7.999999797903001e-05,0.03999999910593033,0.00800000037997961,0.03999999910593033,0.0007999999797903001,0.0007999999797903001,0.800000011920929,0.046808455139398575,0.0026589706540107727,0.0,0.0,0.0,0.0,0.0,0.0,0.0,0.0,-1.2676295042037964,-1.2676295042037964,1.0,-1.2676295042037964,-1.267629623413086,-1.2397987842559814,0.0,-3.525744676589966,2.756042242050171,1.0,0.046808455139398575,1.0,0.0,0.0,0.046808455139398575,0.0,0.0,0.0026589706540107727,0.0,0.09734102338552475,0.12003965675830841,0.0015631928108632565,0.7377723455429077,0.2331518828868866,0.0,0.0,0.0,0.0,0.0,0.0,0.0,0.0,1.0,0.0,0.0010740874568000436,0.3095919191837311,0.4114512503147125,0.07396659255027771,0.0,0.10532847046852112,0.10468529164791107,0.10468529164791107,0.11208473891019821,-0.03911735862493515,-1.265817832496463e-11,0.0,0.0,4.030167102813721,4.030167102813721,2.5127720832824707,2.5127720832824707,0.4627437889575958,0.0,0.0,0.0,0.0,0.09734103083610535,0.14155687391757965,3.497492429005433e-08,0.953012228012085,0.2331518828868866,0.033869486302137375,2.428764820098877,2.518950939178467,2.5127720832824707,2.5308103561401367,2.756042242050171,0.0,0.08679086714982986,1.0,1.7102833986282349,1.6782125234603882,1.6679757833480835,0.0,0.004579782485961914,0.0025842569302767515,0.0002619688748382032,0.010279210284352303,0.00045797822531312704,0.0010279210982844234,0.0,0.004579782020300627,11.0,0.0,0.0,0.0,0.0,0.0,0.0,,,,,,,,,,,,,,,,,,,,,,0.001
26,4240,train,0.06902086734771729,0.10890772938728333,0.10871725529432297,0.0,0.003628280945122242,0.003628280945122242,0.0,2.500708818435669,7.999999797903001e-05,0.03999999910593033,0.00800000037997961,0.03999999910593033,0.0007999999797903001,0.0007999999797903001,0.800000011920929,0.04561850428581238,0.003475666046142578,0.0,0.0,0.0,0.0,0.0,0.0,0.0,0.0,-1.2919743061065674,-1.2919743061065674,1.0,-1.2919743061065674,-1.2919743061065674,-1.268110990524292,0.0,-3.5654916763305664,2.741309881210327,1.0,0.04561850428581238,1.0,0.0,0.0,0.04561850428581238,0.0,0.0,0.003475666046142578,0.0,0.1034756749868393,0.11008629202842712,0.0035193448420614004,0.7410781383514404,0.2566685378551483,0.0,0.0,0.0,0.0,0.0,0.0,0.0,0.0,1.0,0.0,0.0007503736414946616,0.29927942156791687,0.41455280780792236,0.06968554109334946,0.0,0.10871725529432297,0.10890772938728333,0.10890772938728333,0.11045487225055695,-0.0337110310792923,-1.382206432642974e-10,0.0,0.0,3.9589169025421143,3.9589169025421143,2.552788734436035,2.552788734436035,0.4328583776950836,0.0,0.0,0.0,0.0,0.1034756675362587,0.13424959778785706,5.980107289360603e-07,0.949341893196106,0.2566685378551483,0.02796415612101555,2.447101593017578,2.559319019317627,2.552788734436035,2.5407392978668213,2.741309881210327,0.0,0.08694719523191452,1.0,1.609144926071167,1.6267004013061523,1.6113256216049194,0.0,0.002534014405682683,0.0015473791863769293,3.774055585381575e-05,0.006074282806366682,0.0002534014347475022,0.0006074283155612648,0.0,0.0025340141728520393,11.0,0.0,0.0,0.0,0.0,0.0,0.0,,,,,,,,,,,,,,,,,,,,,,0.001
26,4260,train,0.0675307884812355,0.107950858771801,0.10838744044303894,0.0,0.0034616633784025908,0.0034616633784025908,0.0,2.4546947479248047,7.999999797903001e-05,0.03999999910593033,0.00800000037997961,0.03999999910593033,0.0007999999797903001,0.0007999999797903001,0.800000011920929,0.0517091229557991,0.0021594464778900146,0.0,0.0,0.0,0.0,0.0,0.0,0.0,0.0,-1.3015729188919067,-1.3015729188919067,1.0,-1.3015729188919067,-1.3015731573104858,-1.2659567594528198,0.0,-3.60780668258667,2.6501452922821045,1.0,0.0517091229557991,1.0,0.0,0.0,0.0517091229557991,0.0,0.0,0.0021594464778900146,0.0,0.0978405550122261,0.10681077092885971,0.0037858530413359404,0.7243134379386902,0.24386657774448395,0.0,0.0,0.0,0.0,0.0,0.0,0.0,0.0,1.0,0.0,0.0008601893787272274,0.31622931361198425,0.39687126874923706,0.07300151884555817,0.0,0.10838744044303894,0.107950858771801,0.107950858771801,0.12396920472383499,-0.06954760104417801,5.352735268915332e-11,0.0,0.0,3.929607629776001,3.9296071529388428,2.4714136123657227,2.4714136123657227,0.4814396798610687,0.0,0.0,0.0,0.0,0.0978405550122261,0.13146623969078064,1.3814050703331304e-07,0.9505590200424194,0.24386657774448395,0.025788910686969757,2.348543167114258,2.4814603328704834,2.4714136123657227,2.448671579360962,2.6501452922821045,0.0,0.08562049269676208,1.0,1.5667102336883545,1.6078174114227295,1.6023573875427246,0.0,0.0030164369381964207,0.0025206906720995903,0.00010830022802110761,0.009983843192458153,0.0003016437403857708,0.0009983843192458153,0.0,0.003016437403857708,11.0,0.0,0.0,0.0,0.0,0.0,0.0,,,,,,,,,,,,,,,,,,,,,,0.001
26,4280,train,0.07010835409164429,0.10951993614435196,0.10967458039522171,0.0,0.003340162103995681,0.003340162103995681,0.0,2.4542195796966553,7.999999797903001e-05,0.03999999910593033,0.00800000037997961,0.03999999910593033,0.0007999999797903001,0.0007999999797903001,0.800000011920929,0.04761172831058502,0.026494421064853668,0.0,0.0,0.0,0.0,0.0,0.0,0.0,0.0,-1.2861610651016235,-1.2861610651016235,1.0,-1.2861610651016235,-1.2861610651016235,-1.2591302394866943,0.0,-3.5531506538391113,2.734696626663208,1.0,0.04761172831058502,1.0,0.0,0.0,0.04761172831058502,0.0,0.0,0.026494421064853668,0.0,0.1264944225549698,0.12904945015907288,0.006231845356523991,0.8370563387870789,0.28503018617630005,0.0,0.0,0.0,0.0,0.0,0.0,0.0,0.0,1.0,0.0,0.0005759219056926668,0.3025154769420624,0.4137556850910187,0.07279401272535324,0.0,0.10967458039522171,0.10951993614435196,0.10951993614435196,0.10277200490236282,-0.04215778410434723,-9.81466713456669e-11,0.0,0.0,3.9755043983459473,3.9755043983459473,2.550546884536743,2.550546884536743,0.40236806869506836,0.0,0.0,0.0,0.0,0.1264944225549698,0.15819284319877625,6.096228162277839e-07,0.9708700776100159,0.28503018617630005,0.04524356871843338,2.4403953552246094,2.5682010650634766,2.550546884536743,2.537970542907715,2.734696626663208,0.0,0.07947936654090881,1.0,1.5686891078948975,1.641857624053955,1.6118478775024414,0.0,0.001857086317613721,0.001676840940490365,7.17699367669411e-05,0.006620605010539293,0.0001857086317613721,0.0006620605126954615,0.0,0.001857086317613721,11.0,0.0,0.0,0.0,0.0,0.0,0.0,,,,,,,,,,,,,,,,,,,,,,0.001
26,4300,train,0.06338679790496826,0.10382645577192307,0.10485700517892838,0.0,0.003442727029323578,0.003442727029323578,0.0,2.4776694774627686,7.999999797903001e-05,0.03999999910593033,0.00800000037997961,0.03999999910593033,0.0007999999797903001,0.0007999999797903001,0.800000011920929,0.043995101004838943,0.007497832179069519,0.0,0.0,0.0,0.0,0.0,0.0,0.0,0.0,-1.287253737449646,-1.287253737449646,1.0,-1.287253737449646,-1.287253975868225,-1.2616627216339111,0.0,-3.564500093460083,2.715674638748169,1.0,0.043995101004838943,1.0,0.0,0.0,0.043995101004838943,0.0,0.0,0.007497832179069519,0.0,0.10749782621860504,0.10619175434112549,0.0019834921695291996,0.753547191619873,0.26329755783081055,0.0,0.0,0.0,0.0,0.0,0.0,0.0,0.0,1.0,0.0,0.0015924038598313928,0.30943113565444946,0.40428003668785095,0.07009848952293396,0.0,0.10485700517892838,0.10382645577192307,0.10382645577192307,0.11089172214269638,-0.03828570246696472,-9.803143019571081e-11,0.0,0.0,4.010074615478516,4.010074615478516,2.5006015300750732,2.5006015300750732,0.43082132935523987,0.0,0.0,0.0,0.0,0.10749783366918564,0.13624030351638794,2.1409778838688e-08,0.9615412354469299,0.26329755783081055,0.02848498895764351,2.4119973182678223,2.5175588130950928,2.5006015300750732,2.5017032623291016,2.715674638748169,0.0,0.08821947872638702,1.0,1.526443600654602,1.5709609985351562,1.5794845819473267,0.0,0.003306865692138672,0.001959185115993023,0.00014274066779762506,0.00719706853851676,0.0003306865692138672,0.0007197068771347404,0.0,0.003306865692138672,11.0,0.0,0.0,0.0,0.0,0.0,0.0,,,,,,,,,,,,,,,,,,,,,,0.001
26,4320,train,0.06919067353010178,0.10819925367832184,0.10901463031768799,0.0,0.0038690490182489157,0.0038690490182489157,0.0,2.4110708236694336,7.999999797903001e-05,0.03999999910593033,0.00800000037997961,0.03999999910593033,0.0007999999797903001,0.0007999999797903001,0.800000011920929,0.04619318246841431,0.0038176551461219788,0.0,0.0,0.0,0.0,0.0,0.0,0.0,0.0,-1.2749828100204468,-1.2749828100204468,1.0,-1.2749828100204468,-1.2749826908111572,-1.2390873432159424,0.0,-3.5438458919525146,2.6947803497314453,1.0,0.04619318246841431,1.0,0.0,0.0,0.04619318246841431,0.0,0.0,0.0038176551461219788,0.0,0.09618233889341354,0.1014842763543129,0.0023480465169996023,0.6959506869316101,0.24185369908809662,0.0,0.0,0.0,0.0,0.0,0.0,0.0,0.0,1.0,0.0,0.0016586229903623462,0.31368547677993774,0.41488805413246155,0.07686776667833328,0.0,0.10901463031768799,0.10819925367832184,0.10819925367832184,0.11044234037399292,-0.0373539999127388,-2.9907695764386233e-10,0.0,0.0,4.036186695098877,4.036187171936035,2.5470993518829346,2.5470993518829346,0.4348571002483368,0.0,0.0,0.0,0.0,0.09618234634399414,0.12976650893688202,8.140338536577474e-07,0.9296295642852783,0.24185369908809662,0.024816177785396576,2.437858819961548,2.55981183052063,2.5470993518829346,2.501538038253784,2.6947803497314453,0.0,0.10000886768102646,1.0,1.612634539604187,1.62248694896698,1.5955053567886353,0.0,0.00405908701941371,0.002111509209498763,2.8579097488545813e-05,0.008454804308712482,0.0004059087368659675,0.0008454804192297161,0.0,0.004059087485074997,11.0,0.0,0.0,0.0,0.0,0.0,0.0,,,,,,,,,,,,,,,,,,,,,,0.001
26,4340,train,0.06460709124803543,0.10435299575328827,0.10446849465370178,0.0,0.003677245695143938,0.003677245695143938,0.0,2.468625783920288,7.999999797903001e-05,0.03999999910593033,0.00800000037997961,0.03999999910593033,0.0007999999797903001,0.0007999999797903001,0.800000011920929,0.04774876683950424,0.0045678094029426575,0.0,0.0,0.0,0.0,0.0,0.0,0.0,0.0,-1.2713757753372192,-1.2713757753372192,1.0,-1.2713757753372192,-1.2713756561279297,-1.2477635145187378,0.0,-3.517711877822876,2.7545011043548584,1.0,0.04774876683950424,1.0,0.0,0.0,0.04774876683950424,0.0,0.0,0.0045678094029426575,0.0,0.09543219208717346,0.09565804153680801,0.0015236863400787115,0.7180087566375732,0.24734614789485931,0.0,0.0,0.0,0.0,0.0,0.0,0.0,0.0,1.0,0.0,0.0007668831967748702,0.31055864691734314,0.41460269689559937,0.07322907447814941,0.0,0.10446849465370178,0.10435299575328827,0.10435299575328827,0.11140459775924683,-0.042622629553079605,3.788697133799701e-11,0.0,0.0,3.978074550628662,3.978074550628662,2.565366744995117,2.565366744995117,0.43106985092163086,0.0,0.0,0.0,0.0,0.09543219208717346,0.12170904129743576,1.6361982488888316e-06,0.9557018280029297,0.24734614789485931,0.019408702850341797,2.4446873664855957,2.574702262878418,2.565366744995117,2.5306169986724854,2.7545011043548584,0.0,0.09063269942998886,1.0,1.6004054546356201,1.6088508367538452,1.6006449460983276,0.0,0.0032153925858438015,0.002320866798982024,5.5037206038832664e-05,0.010984960943460464,0.0003215392935089767,0.0010984961409121752,0.0,0.0032153925858438015,11.0,0.0,0.0,0.0,0.0,0.0,0.0,,,,,,,,,,,,,,,,,,,,,,0.001
26,4342,train_epoch,0.06702889038060239,0.10677631052132852,0.10735001696084073,0.0,0.00347798221053076,0.00347798221053076,0.0,2.451172111990923,7.999999797903001e-05,0.03999999910593033,0.00800000037997961,0.03999999910593033,0.0007999999797903001,0.0007999999797903001,0.800000011920929,0.04747430168226094,0.010381736664358014,0.0,0.0,0.0,0.0,0.0,0.0,0.0,0.0,-1.2833108916254101,-1.2833108916254101,1.0,-1.2833108916254101,-1.2833108930530663,-1.2547394658277136,0.0,-3.5547197821611416,2.7121066019206705,1.0,0.04747430168226094,1.0,0.0,0.0,0.04747430168226094,0.0,0.0,0.010381736664358014,0.0,0.09956642008291747,0.10378642915608641,0.0027302127205320595,0.7703621651598079,0.24838691048636408,0.0,0.0,0.0,0.0,0.0,0.0,0.0,0.0,1.0,0.0,0.0012261347019484456,0.306299978744484,0.40705076270474644,0.07301529630750953,0.0,0.10735001696084073,0.10677631052132852,0.10677631052132852,0.11482498710026998,-0.04462685108095586,-1.2850064677860834e-11,0.0,0.0,3.9842951583291244,3.984295164039749,2.5158164301318324,2.5158164301318324,0.452842063354161,0.0,0.0,0.0,0.0,0.09956642226901596,0.13042169894108516,1.037342019000752e-06,0.9527363331018094,0.24838691048636408,0.025633064497396083,2.4212693083072137,2.525911852271257,2.5158164301318324,2.5111357351976955,2.7121066019206705,0.0,0.08706160897980193,1.0,1.6200567797986334,1.6197172995812879,1.6201253786772312,0.0,0.004097649793441736,0.0024173063160516993,0.00015860845359102422,0.010099007045392861,0.0004097649848163909,0.0010099007218621649,0.0,0.004097649774620097,11.0,0.0,0.0,0.0,0.0,0.0,0.0,,,,,,,,,,,,,,,,,,,,,,0.001
26,4342,val,,,,,,,,,,,,,,,,,,,,,,,,,,,,,,,,,,,,,,,,,,,,,,,,,,,,,,,,,,,,,,,,,,,,,,,,,,,,,,,,,,,,,,,,,,,,,,,,,,,,,,,,,,,,,,,,,,,25.685229233333043,2862.1266152518137,53.49884685908486,33.39785281249455,12.279990570885795,14.705074003764562,23.66024946306287,12.005008918898445,6.752166892801013,15.53030458518437,25.492116607090455,11.632163763046265,7.103526779583523,136.8215687615531,165.2312194691935,261.8850784301758,68.27230433055333,25.685229233333043,53.49884685908486,33.39785281249455,12.279990570885795,0.001
27,4360,train,0.07361967116594315,0.11376868933439255,0.11517960578203201,0.0,0.003892038017511368,0.003892038017511368,0.0,2.385267496109009,8.499999967170879e-05,0.042500000447034836,0.008500000461935997,0.042500000447034836,0.0008500000112690032,0.0008500000112690032,0.8500000238418579,0.050042688846588135,0.00018636882305145264,0.0,0.0,0.0,0.0,0.0,0.0,0.0,0.0,-1.2469761371612549,-1.2469761371612549,1.0,-1.2469761371612549,-1.2469761371612549,-1.2229825258255005,0.0,-3.4789950847625732,2.746534824371338,1.0,0.050042688846588135,1.0,0.0,0.0,0.050042688846588135,0.0,0.0,0.00018636882305145264,0.0,0.10018637776374817,0.10699807852506638,0.003041402902454138,0.8027992248535156,0.2512928247451782,0.0,0.0,0.0,0.0,0.0,0.0,0.0,0.0,1.0,0.0,0.0026775235310196877,0.3247871398925781,0.41349250078201294,0.07951120287179947,0.0,0.11517960578203201,0.11376868933439255,0.11376868933439255,0.10645022988319397,-0.04786640778183937,3.321164523950593e-11,0.0,0.0,3.826892852783203,3.826892852783203,2.530602216720581,2.530602216720581,0.39443740248680115,0.0,0.0,0.0,0.0,0.10018637031316757,0.1313372552394867,1.1609771490839194e-06,0.9777166247367859,0.2512928247451782,0.02470128796994686,2.444490432739258,2.5439047813415527,2.530602216720581,2.5440614223480225,2.746534824371338,0.0,0.1024840846657753,1.0,1.627137541770935,1.5826473236083984,1.595715880393982,0.0,0.00465480936691165,0.003280786331743002,4.0417889977106825e-05,0.012202728539705276,0.0004654809308703989,0.0012202728539705276,0.0,0.00465480936691165,12.0,0.0,0.0,0.0,0.0,0.0,0.0,,,,,,,,,,,,,,,,,,,,,,0.001
27,4380,train,0.07103417068719864,0.1116156354546547,0.11193373799324036,0.0,0.003913441207259893,0.003913441207259893,0.0,2.4079442024230957,8.499999967170879e-05,0.042500000447034836,0.008500000461935997,0.042500000447034836,0.0008500000112690032,0.0008500000112690032,0.8500000238418579,0.04643993452191353,0.0033057108521461487,0.0,0.0,0.0,0.0,0.0,0.0,0.0,0.0,-1.242774248123169,-1.242774248123169,1.0,-1.242774248123169,-1.242774248123169,-1.2252447605133057,0.0,-3.492543935775757,2.760605573654175,1.0,0.04643993452191353,1.0,0.0,0.0,0.04643993452191353,0.0,0.0,0.0033057108521461487,0.0,0.09669429063796997,0.08916433900594711,0.004848349839448929,0.7389890551567078,0.25636741518974304,0.0,0.0,0.0,0.0,0.0,0.0,0.0,0.0,1.0,0.0,0.0010988489957526326,0.324513703584671,0.41563811898231506,0.0779968798160553,0.0,0.11193373799324036,0.1116156354546547,0.1116156354546547,0.112245112657547,-0.031132452189922333,2.4057794645315767e-10,0.0,0.0,3.8543410301208496,3.8543407917022705,2.5096960067749023,2.5096960067749023,0.423312783241272,0.0,0.0,0.0,0.0,0.09669429063796997,0.11439978331327438,2.8552072706133913e-08,0.9205775260925293,0.25636741518974304,0.014345895498991013,2.389091968536377,2.5229549407958984,2.5096960067749023,2.502725839614868,2.760605573654175,0.0,0.09782472997903824,1.0,1.6128346920013428,1.598724126815796,1.616281270980835,0.0,0.004722478333860636,0.003012517001479864,2.9831880965502933e-06,0.012986453250050545,0.00047224777517840266,0.0012986453948542476,0.0,0.004722478333860636,12.0,0.0,0.0,0.0,0.0,0.0,0.0,,,,,,,,,,,,,,,,,,,,,,0.001
27,4400,train,0.0630994513630867,0.10610439628362656,0.10691237449645996,0.0,0.0035902808886021376,0.0035902808886021376,0.0,2.419265031814575,8.499999967170879e-05,0.042500000447034836,0.008500000461935997,0.042500000447034836,0.0008500000112690032,0.0008500000112690032,0.8500000238418579,0.0452851727604866,0.009609594941139221,0.0,0.0,0.0,0.0,0.0,0.0,0.0,0.0,-1.270437240600586,-1.270437240600586,1.0,-1.270437240600586,-1.270437240600586,-1.24114191532135,0.0,-3.524954319000244,2.702388048171997,1.0,0.0452851727604866,1.0,0.0,0.0,0.0452851727604866,0.0,0.0,0.009609594941139221,0.0,0.0903904065489769,0.10905046761035919,0.002490452490746975,0.8318549990653992,0.2277013510465622,0.0,0.0,0.0,0.0,0.0,0.0,0.0,0.0,1.0,0.0,0.001822472084313631,0.31204870343208313,0.40684497356414795,0.07698152214288712,0.0,0.10691237449645996,0.10610439628362656,0.10610439628362656,0.1127866879105568,-0.02571767382323742,5.879834119593141e-11,0.0,0.0,3.948014736175537,3.948014736175537,2.5007102489471436,2.5007102489471436,0.4427030682563782,0.0,0.0,0.0,0.0,0.0903904065489769,0.13194818794727325,5.070964448350423e-07,0.957520604133606,0.2277013510465622,0.02906709723174572,2.3683788776397705,2.5217995643615723,2.5007102489471436,2.4809982776641846,2.702388048171997,0.0,0.09277636557817459,1.0,1.4865374565124512,1.5266611576080322,1.5442767143249512,0.0,0.0021860459819436073,0.001792442169971764,1.274955957342172e-05,0.008371788077056408,0.00021860460401512682,0.0008371788426302373,0.0,0.0021860459819436073,12.0,0.0,0.0,0.0,0.0,0.0,0.0,,,,,,,,,,,,,,,,,,,,,,0.001
27,4420,train,0.06163211911916733,0.10573554039001465,0.10633501410484314,0.0,0.003562005003914237,0.003562005003914237,0.0,2.4399924278259277,8.499999967170879e-05,0.042500000447034836,0.008500000461935997,0.042500000447034836,0.0008500000112690032,0.0008500000112690032,0.8500000238418579,0.048049889504909515,0.013686828315258026,0.0,0.0,0.0,0.0,0.0,0.0,0.0,0.0,-1.2898368835449219,-1.2898368835449219,1.0,-1.2898368835449219,-1.2898368835449219,-1.2588391304016113,0.0,-3.57785701751709,2.639878988265991,1.0,0.048049889504909515,1.0,0.0,0.0,0.048049889504909515,0.0,0.0,0.013686828315258026,0.0,0.11368682980537415,0.11612299829721451,0.003303844016045332,0.8082346320152283,0.2725036144256592,0.0,0.0,0.0,0.0,0.0,0.0,0.0,0.0,1.0,0.0,0.001388787990435958,0.30720072984695435,0.3993871510028839,0.07300107181072235,0.0,0.10633501410484314,0.10573554039001465,0.10573554039001465,0.12376634031534195,-0.042883530259132385,1.709093561119701e-10,0.0,0.0,3.8900299072265625,3.8900301456451416,2.4988489151000977,2.4988489151000977,0.48621994256973267,0.0,0.0,0.0,0.0,0.11368682980537415,0.14031054079532623,1.4966367416491266e-06,0.9489415287971497,0.2725036144256592,0.029319854453206062,2.458303213119507,2.5039899349212646,2.4988489151000977,2.4889094829559326,2.639878988265991,0.0,0.09406807273626328,1.0,1.5638337135314941,1.5616166591644287,1.5990915298461914,0.0,0.0030243454966694117,0.0018928603967651725,0.00012782060366589576,0.008075209334492683,0.00030243454966694117,0.0008075209334492683,0.0,0.003024345263838768,12.0,0.0,0.0,0.0,0.0,0.0,0.0,,,,,,,,,,,,,,,,,,,,,,0.001
27,4440,train,0.05641702190041542,0.10153466463088989,0.10223834216594696,0.0,0.0032337524462491274,0.0032337524462491274,0.0,2.4486725330352783,8.499999967170879e-05,0.042500000447034836,0.008500000461935997,0.042500000447034836,0.0008500000112690032,0.0008500000112690032,0.8500000238418579,0.04756660759449005,0.009052388370037079,0.0,0.0,0.0,0.0,0.0,0.0,0.0,0.0,-1.29331374168396,-1.29331374168396,1.0,-1.29331374168396,-1.29331374168396,-1.2649190425872803,0.0,-3.5606212615966797,2.677455425262451,1.0,0.04756660759449005,1.0,0.0,0.0,0.04756660759449005,0.0,0.0,0.009052388370037079,0.0,0.1090523898601532,0.11121463775634766,0.0031126912217587233,0.8580371141433716,0.27115580439567566,0.0,0.0,0.0,0.0,0.0,0.0,0.0,0.0,1.0,0.0,0.001117452047765255,0.3054080903530121,0.402853786945343,0.07284928113222122,0.0,0.10223834216594696,0.10153466463088989,0.10153466463088989,0.11729931831359863,-0.0422213040292263,7.555806674774956e-12,0.0,0.0,3.8653440475463867,3.8653435707092285,2.5061817169189453,2.5061817169189453,0.43929654359817505,0.0,0.0,0.0,0.0,0.1090523898601532,0.13445915281772614,4.5770875658490695e-06,0.9762469530105591,0.27115580439567566,0.028040749952197075,2.426532745361328,2.515303134918213,2.5061817169189453,2.4956531524658203,2.677455425262451,0.0,0.08429083228111267,1.0,1.5004851818084717,1.5378901958465576,1.5435022115707397,0.0,0.0017545181326568127,0.0013321582227945328,5.653616972267628e-05,0.005567322019487619,0.0001754518161760643,0.0005567322368733585,0.0,0.0017545182490721345,12.0,0.0,0.0,0.0,0.0,0.0,0.0,,,,,,,,,,,,,,,,,,,,,,0.001
27,4460,train,0.06257618218660355,0.10461161285638809,0.10518719255924225,0.0,0.0032871896401047707,0.0032871896401047707,0.0,2.4161908626556396,8.499999967170879e-05,0.042500000447034836,0.008500000461935997,0.042500000447034836,0.0008500000112690032,0.0008500000112690032,0.8500000238418579,0.04336383193731308,0.01066560298204422,0.0,0.0,0.0,0.0,0.0,0.0,0.0,0.0,-1.2443896532058716,-1.2443896532058716,1.0,-1.2443896532058716,-1.2443897724151611,-1.2217711210250854,0.0,-3.500976324081421,2.739839792251587,1.0,0.04336383193731308,1.0,0.0,0.0,0.04336383193731308,0.0,0.0,0.01066560298204422,0.0,0.0893343985080719,0.09941107034683228,0.003217187477275729,0.7138497829437256,0.235648050904274,0.0,0.0,0.0,0.0,0.0,0.0,0.0,0.0,1.0,0.0,0.0008724897052161396,0.29954057931900024,0.4039556384086609,0.07504209876060486,0.0,0.10518719255924225,0.10461161285638809,0.10461161285638809,0.12064453959465027,-0.04668643698096275,-6.584342793214404e-11,0.0,0.0,3.942560911178589,3.942560911178589,2.514291286468506,2.514291286468506,0.4574514925479889,0.0,0.0,0.0,0.0,0.0893343985080719,0.11978726834058762,3.092967290285742e-06,0.945248007774353,0.235648050904274,0.020358456298708916,2.478095293045044,2.5171637535095215,2.514291286468506,2.548802375793457,2.739839792251587,0.0,0.08413484692573547,1.0,1.641324520111084,1.5853018760681152,1.6233961582183838,0.0,0.007022772915661335,0.003234553849324584,0.0005245332722552121,0.013805934228003025,0.0007022773497737944,0.0013805933995172381,0.0,0.007022772915661335,12.0,0.0,0.0,0.0,0.0,0.0,0.0,,,,,,,,,,,,,,,,,,,,,,0.001
27,4480,train,0.05914763733744621,0.10390438139438629,0.10493918508291245,0.0,0.0037138552870601416,0.0037138552870601416,0.0,2.4715142250061035,8.499999967170879e-05,0.042500000447034836,0.008500000461935997,0.042500000447034836,0.0008500000112690032,0.0008500000112690032,0.8500000238418579,0.04942530021071434,0.00718332827091217,0.0,0.0,0.0,0.0,0.0,0.0,0.0,0.0,-1.2972670793533325,-1.2972670793533325,1.0,-1.2972670793533325,-1.2972670793533325,-1.268194317817688,0.0,-3.5720911026000977,2.688823938369751,1.0,0.04942530021071434,1.0,0.0,0.0,0.04942530021071434,0.0,0.0,0.00718332827091217,0.0,0.10718333721160889,0.10588637739419937,0.002623022301122546,0.7904952764511108,0.26213011145591736,0.0,0.0,0.0,0.0,0.0,0.0,0.0,0.0,1.0,0.0,0.0021112707909196615,0.3190543055534363,0.4142840504646301,0.07147887349128723,0.0,0.10493918508291245,0.10390438139438629,0.10390438139438629,0.11378584802150726,-0.0432986244559288,-1.1199616754831165e-11,0.0,0.0,4.117356777191162,4.117356777191162,2.552501678466797,2.552501678466797,0.4607904851436615,0.0,0.0,0.0,0.0,0.10718332976102829,0.13519947230815887,1.1212620165679255e-06,0.9644845128059387,0.26213011145591736,0.025114892050623894,2.4274439811706543,2.5683934688568115,2.552501678466797,2.476328134536743,2.688823938369751,0.0,0.09545523673295975,1.0,1.5048123598098755,1.5281256437301636,1.5308568477630615,0.0,0.003809284185990691,0.002294902689754963,0.00020112076890654862,0.008668728172779083,0.00038092839531600475,0.0008668728405609727,0.0,0.0038092839531600475,12.0,0.0,0.0,0.0,0.0,0.0,0.0,,,,,,,,,,,,,,,,,,,,,,0.001
27,4500,train,0.057029638439416885,0.10239254683256149,0.10302501916885376,0.0,0.003027506172657013,0.003027506172657013,0.0,2.4731061458587646,8.499999967170879e-05,0.042500000447034836,0.008500000461935997,0.042500000447034836,0.0008500000112690032,0.0008500000112690032,0.8500000238418579,0.04657021537423134,0.012864582240581512,0.0,0.0,0.0,0.0,0.0,0.0,0.0,0.0,-1.301123857498169,-1.301123857498169,1.0,-1.301123857498169,-1.301123857498169,-1.2742373943328857,0.0,-3.5905301570892334,2.682250738143921,1.0,0.04657021537423134,1.0,0.0,0.0,0.04657021537423134,0.0,0.0,0.012864582240581512,0.0,0.11286458373069763,0.10989944636821747,0.0018905012402683496,0.7012534141540527,0.2757902443408966,0.0,0.0,0.0,0.0,0.0,0.0,0.0,0.0,1.0,0.0,0.0009355979273095727,0.28589189052581787,0.39972826838493347,0.07141933590173721,0.0,0.10302501916885376,0.10239254683256149,0.10239254683256149,0.11528464406728745,-0.054782308638095856,-2.5140209358731624e-11,0.0,0.0,3.7113232612609863,3.7113232612609863,2.482623815536499,2.482623815536499,0.4342024028301239,0.0,0.0,0.0,0.0,0.11286458373069763,0.13602541387081146,4.649485163099598e-06,0.9686099886894226,0.2757902443408966,0.028209254145622253,2.4488794803619385,2.487135648727417,2.482623815536499,2.492764949798584,2.682250738143921,0.0,0.08094487339258194,1.0,1.6137175559997559,1.5724842548370361,1.5830321311950684,0.0,0.0032998952083289623,0.0023894316982477903,0.00012187914398964494,0.009672673419117928,0.0003299895324744284,0.0009672673768363893,0.0,0.0032998952083289623,12.0,0.0,0.0,0.0,0.0,0.0,0.0,,,,,,,,,,,,,,,,,,,,,,0.001
27,4509,train_epoch,0.06801737981017478,0.11043529239243376,0.11103270171645159,0.0,0.003605433647704874,0.003605433647704874,0.0,2.437835227943466,8.499999967170879e-05,0.042500000447034836,0.008500000461935997,0.042500000447034836,0.0008500000112690032,0.0008500000112690032,0.8500000238418579,0.047137720655359906,0.009775882798754526,0.0,0.0,0.0,0.0,0.0,0.0,0.0,0.0,-1.2751622535511404,-1.2751622535511404,1.0,-1.2751622535511404,-1.2751622585479372,-1.2463478856457921,0.0,-3.539010393405389,2.705474907766559,1.0,0.047137720655359906,1.0,0.0,0.0,0.047137720655359906,0.0,0.0,0.009775882798754526,0.0,0.09877809279871558,0.10074860303701755,0.002859659138843863,0.7650744236871868,0.2506401727121033,0.0,0.0,0.0,0.0,0.0,0.0,0.0,0.0,1.0,0.0,0.001292114363591853,0.3145887309205746,0.4071700895974736,0.0745785922079743,0.0,0.11103270171645159,0.11043529239243376,0.11043529239243376,0.11645490676164627,-0.041868015883970044,-1.0633750493550222e-11,0.0,0.0,3.9247395249897847,3.9247395249897847,2.5121022612748747,2.5121022612748747,0.4517541449227019,0.0,0.0,0.0,0.0,0.09877809172797346,0.1260985457254741,1.2056232038226767e-06,0.9525216657244516,0.2506401727121033,0.022987482338742225,2.42116926958461,2.5213128949353796,2.5121022612748747,2.5068031699357634,2.705474907766559,0.0,0.09187361821086107,1.0,1.570821086089768,1.5687394977329734,1.569142477241105,0.0,0.004182885769715611,0.002718287480376036,0.00012393441093973287,0.011525151459221354,0.00041828858399482077,0.001152515169484039,0.0,0.004182885762744633,12.0,0.0,0.0,0.0,0.0,0.0,0.0,,,,,,,,,,,,,,,,,,,,,,0.001
27,4509,val,,,,,,,,,,,,,,,,,,,,,,,,,,,,,,,,,,,,,,,,,,,,,,,,,,,,,,,,,,,,,,,,,,,,,,,,,,,,,,,,,,,,,,,,,,,,,,,,,,,,,,,,,,,,,,,,,,,15.60272911616734,651.1830558776855,25.518288654956578,11.314059674739838,7.128070669514792,14.466107419558934,23.463355373378693,10.142754018306732,6.612775359834943,15.542706506592888,25.499664902822744,11.329647745404925,7.0894098707607816,17.681696346827916,28.696297705548027,13.302125692367554,8.115107093538557,15.60272911616734,25.518288654956578,11.314059674739838,7.128070669514792,0.001
27,4509,test,,,,,,,,,,,,,,,,,,,,,,,,,,,,,,,,,,,,,,,,,,,,,,,,,,,,,,,,,,,,,,,,,,,,,,,,,,,,,,,,,,,,,,,,,,,,,,,,,,,,,,,,,,,,,,,,,,,25.70115656512124,1600.3512592315674,40.00439049943853,24.981816376958573,11.899673632213048,19.846838321004594,29.91071356084046,19.046409572873795,9.205993975911822,25.459429451397487,38.72783196259891,25.228648236819676,11.777730584144592,34.101348349026274,51.591522472381456,33.497871432985576,15.770199486187526,25.70115656512124,40.00439049943853,24.981816376958573,11.899673632213048,0.001
28,4520,train,0.0654895231127739,0.11106579750776291,0.1117197722196579,0.0,0.003693278646096587,0.003693278646096587,0.0,2.428584098815918,9.000000136438757e-05,0.04500000178813934,0.008999999612569809,0.04500000178813934,0.0008999999845400453,0.0008999999845400453,0.8999999761581421,0.04601181671023369,0.015882737934589386,0.0,0.0,0.0,0.0,0.0,0.0,0.0,0.0,-1.2659391164779663,-1.2659391164779663,1.0,-1.2659391164779663,-1.2659391164779663,-1.2315781116485596,0.0,-3.523406505584717,2.717620372772217,1.0,0.04601181671023369,1.0,0.0,0.0,0.04601181671023369,0.0,0.0,0.015882737934589386,0.0,0.08411726355552673,0.08387408405542374,0.003380809910595417,0.7106443643569946,0.23113255202770233,0.0,0.0,0.0,0.0,0.0,0.0,0.0,0.0,1.0,0.0,0.0014774593291804194,0.32374298572540283,0.4162093698978424,0.07598811388015747,0.0,0.1117197722196579,0.11106579750776291,0.11106579750776291,0.11682851612567902,-0.05632546544075012,-2.3977489438387067e-10,0.0,0.0,3.9690613746643066,3.9690613746643066,2.5357868671417236,2.5357868671417236,0.4678024351596832,0.0,0.0,0.0,0.0,0.08411726355552673,0.10638707131147385,1.4598731468140613e-06,0.9403495192527771,0.23113255202770233,0.011021752841770649,2.4177749156951904,2.5450615882873535,2.5357868671417236,2.509040117263794,2.717620372772217,0.0,0.08946459740400314,1.0,1.574411392211914,1.5672258138656616,1.552120566368103,0.0,0.0056629301980137825,0.002659317571669817,0.00025293449289165437,0.011817015707492828,0.0005662930198013783,0.0011817015474662185,0.0,0.0056629301980137825,12.0,0.0,0.0,0.0,0.0,0.0,0.0,,,,,,,,,,,,,,,,,,,,,,0.001
28,4540,train,0.07236327230930328,0.11597906798124313,0.11702238768339157,0.0,0.0035207392647862434,0.0035207392647862434,0.0,2.409661293029785,9.000000136438757e-05,0.04500000178813934,0.008999999612569809,0.04500000178813934,0.0008999999845400453,0.0008999999845400453,0.8999999761581421,0.03875382989645004,0.017560504376888275,0.0,0.0,0.0,0.0,0.0,0.0,0.0,0.0,-1.249004602432251,-1.249004602432251,1.0,-1.249004602432251,-1.249004602432251,-1.2248914241790771,0.0,-3.4971156120300293,2.7405097484588623,1.0,0.03875382989645004,1.0,0.0,0.0,0.03875382989645004,0.0,0.0,0.017560504376888275,0.0,0.08243949711322784,0.08748101443052292,0.0034586722031235695,0.7408153414726257,0.226603165268898,0.0,0.0,0.0,0.0,0.0,0.0,0.0,0.0,1.0,0.0,0.0015935739502310753,0.31584084033966064,0.405021071434021,0.07577023655176163,0.0,0.11702238768339157,0.11597906798124313,0.11597906798124313,0.12597335875034332,-0.0452108271420002,3.67284508362431e-10,0.0,0.0,3.889435291290283,3.889435291290283,2.4837207794189453,2.4837207794189453,0.4870638847351074,0.0,0.0,0.0,0.0,0.08243949711322784,0.10944709181785583,1.4129416285868501e-06,0.9825567603111267,0.226603165268898,0.015318628400564194,2.4173996448516846,2.4885432720184326,2.4837207794189453,2.505695104598999,2.7405097484588623,0.0,0.09195538610219955,1.0,1.5450081825256348,1.5344369411468506,1.5742075443267822,0.0,0.004527267999947071,0.0023804858792573214,0.00030222293571569026,0.01114065945148468,0.00045272684656083584,0.0011140659917145967,0.0,0.004527267999947071,12.0,0.0,0.0,0.0,0.0,0.0,0.0,,,,,,,,,,,,,,,,,,,,,,0.001
28,4560,train,0.061921149492263794,0.10873456299304962,0.10929261147975922,0.0,0.003862930228933692,0.003862930228933692,0.0,2.4865682125091553,9.000000136438757e-05,0.04500000178813934,0.008999999612569809,0.04500000178813934,0.0008999999845400453,0.0008999999845400453,0.8999999761581421,0.04528069496154785,0.009039796888828278,0.0,0.0,0.0,0.0,0.0,0.0,0.0,0.0,-1.2799713611602783,-1.2799713611602783,1.0,-1.2799713611602783,-1.2799713611602783,-1.2539159059524536,0.0,-3.5591092109680176,2.683659553527832,1.0,0.04528069496154785,1.0,0.0,0.0,0.04528069496154785,0.0,0.0,0.009039796888828278,0.0,0.09096021205186844,0.0910584032535553,0.0026031124871224165,0.7670247554779053,0.24119968712329865,0.0,0.0,0.0,0.0,0.0,0.0,0.0,0.0,1.0,0.0,0.0021356167271733284,0.3215799629688263,0.40571194887161255,0.07021280378103256,0.0,0.10929261147975922,0.10873456299304962,0.10873456299304962,0.1193154826760292,-0.03895513340830803,-1.302924712565101e-10,0.0,0.0,3.923917293548584,3.923917293548584,2.474193572998047,2.474193572998047,0.4682415723800659,0.0,0.0,0.0,0.0,0.09096020460128784,0.11590693145990372,2.1297546481946483e-06,0.9457788467407227,0.24119968712329865,0.01537990290671587,2.393427848815918,2.481818675994873,2.474193572998047,2.473661422729492,2.683659553527832,0.0,0.0997285544872284,1.0,1.5175336599349976,1.5430363416671753,1.5429767370224,0.0,0.0035762779880315065,0.002058529993519187,0.0001431393757229671,0.008063488639891148,0.00035762781044468284,0.0008063488639891148,0.0,0.00357627822086215,12.0,0.0,0.0,0.0,0.0,0.0,0.0,,,,,,,,,,,,,,,,,,,,,,0.001
28,4580,train,0.048629291355609894,0.09778880327939987,0.09841631352901459,0.0,0.0032720593735575676,0.0032720593735575676,0.0,2.4425008296966553,9.000000136438757e-05,0.04500000178813934,0.008999999612569809,0.04500000178813934,0.0008999999845400453,0.0008999999845400453,0.8999999761581421,0.04461865499615669,0.0017497166991233826,0.0,0.0,0.0,0.0,0.0,0.0,0.0,0.0,-1.2824366092681885,-1.2824366092681885,1.0,-1.2824366092681885,-1.2824366092681885,-1.2583118677139282,0.0,-3.5410971641540527,2.6793994903564453,1.0,0.04461865499615669,1.0,0.0,0.0,0.04461865499615669,0.0,0.0,0.0017497166991233826,0.0,0.1017497256398201,0.09989988058805466,0.002482898999005556,0.8069199323654175,0.26244619488716125,0.0,0.0,0.0,0.0,0.0,0.0,0.0,0.0,1.0,0.0,0.001103971735574305,0.3033284544944763,0.40742021799087524,0.07363443076610565,0.0,0.09841631352901459,0.09778880327939987,0.09778880327939987,0.11611171066761017,-0.05644698441028595,1.9209835111499984e-10,0.0,0.0,4.011843204498291,4.011843204498291,2.566352367401123,2.566352367401123,0.45639798045158386,0.0,0.0,0.0,0.0,0.1017497181892395,0.12407577782869339,8.70375970407622e-06,0.9496919512748718,0.26244619488716125,0.022150736302137375,2.498340368270874,2.572512626647949,2.566352367401123,2.524501085281372,2.6793994903564453,0.0,0.09202461689710617,1.0,1.5825178623199463,1.5769519805908203,1.574558973312378,0.0,0.0020536482334136963,0.0017708290833979845,5.8679928770288825e-05,0.009125000797212124,0.00020536482043098658,0.0009125000797212124,0.0,0.0020536482334136963,12.0,0.0,0.0,0.0,0.0,0.0,0.0,,,,,,,,,,,,,,,,,,,,,,0.001
28,4600,train,0.06135231629014015,0.10764648020267487,0.10818419605493546,0.0,0.003328687511384487,0.003328687511384487,0.0,2.4536690711975098,9.000000136438757e-05,0.04500000178813934,0.008999999612569809,0.04500000178813934,0.0008999999845400453,0.0008999999845400453,0.8999999761581421,0.04542791098356247,0.033320121467113495,0.0,0.0,0.0,0.0,0.0,0.0,0.0,0.0,-1.2661573886871338,-1.2661573886871338,1.0,-1.2661573886871338,-1.2661573886871338,-1.2392112016677856,0.0,-3.529010534286499,2.741860866546631,1.0,0.04542791098356247,1.0,0.0,0.0,0.04542791098356247,0.0,0.0,0.033320121467113495,0.0,0.13332012295722961,0.1287936270236969,0.004614206962287426,0.9089621305465698,0.29675284028053284,0.0,0.0,0.0,0.0,0.0,0.0,0.0,0.0,1.0,0.0,0.0009066063794307411,0.32052019238471985,0.4122501313686371,0.07303458452224731,0.0,0.10818419605493546,0.10764648020267487,0.10764648020267487,0.11009960621595383,-0.021351609379053116,-2.843144608632997e-10,0.0,0.0,4.029049873352051,4.029049873352051,2.5263748168945312,2.5263748168945312,0.4433857798576355,0.0,0.0,0.0,0.0,0.13332012295722961,0.16179083287715912,8.814825378067326e-06,0.9842950105667114,0.29675284028053284,0.050337012857198715,2.3969459533691406,2.5519843101501465,2.5263748168945312,2.513108253479004,2.741860866546631,0.0,0.08057443052530289,1.0,1.5311866998672485,1.5372003316879272,1.552151083946228,0.0,0.001824788749217987,0.001367672928608954,2.013931043620687e-05,0.005651356652379036,0.00018247886328026652,0.0005651356768794358,0.0,0.001824788749217987,12.0,0.0,0.0,0.0,0.0,0.0,0.0,,,,,,,,,,,,,,,,,,,,,,0.001
28,4620,train,0.0716545507311821,0.11675355583429337,0.11721788346767426,0.0,0.0036487611941993237,0.0036487611941993237,0.0,2.445986747741699,9.000000136438757e-05,0.04500000178813934,0.008999999612569809,0.04500000178813934,0.0008999999845400453,0.0008999999845400453,0.8999999761581421,0.046423859894275665,0.011041134595870972,0.0,0.0,0.0,0.0,0.0,0.0,0.0,0.0,-1.2773820161819458,-1.2773820161819458,1.0,-1.2773820161819458,-1.2773821353912354,-1.2433663606643677,0.0,-3.557992458343506,2.694683313369751,1.0,0.046423859894275665,1.0,0.0,0.0,0.046423859894275665,0.0,0.0,0.011041134595870972,0.0,0.08895886689424515,0.07515312731266022,0.003955790773034096,0.6686520576477051,0.24905183911323547,0.0,0.0,0.0,0.0,0.0,0.0,0.0,0.0,1.0,0.0,0.0008379998034797609,0.329982191324234,0.4043289124965668,0.07278269529342651,0.0,0.11721788346767426,0.11675355583429337,0.11675355583429337,0.11940112709999084,-0.05752063915133476,1.88388749045032e-10,0.0,0.0,4.0345869064331055,4.0345869064331055,2.4881298542022705,2.4881298542022705,0.4749501049518585,0.0,0.0,0.0,0.0,0.08895886689424515,0.09994412958621979,2.924183206687303e-07,0.931317925453186,0.24905183911323547,0.0076669733971357346,2.3882253170013428,2.4975733757019043,2.4881298542022705,2.4957640171051025,2.694683313369751,0.0,0.08377747237682343,1.0,1.5045545101165771,1.5495046377182007,1.541372537612915,0.0,0.002783695235848427,0.0021737958304584026,1.2697391866822727e-05,0.00959774386137724,0.0002783694944810122,0.0009597744210623205,0.0,0.002783695235848427,12.0,0.0,0.0,0.0,0.0,0.0,0.0,,,,,,,,,,,,,,,,,,,,,,0.001
28,4640,train,0.06619162112474442,0.11147969961166382,0.11154637485742569,0.0,0.004088232759386301,0.004088232759386301,0.0,2.4611730575561523,9.000000136438757e-05,0.04500000178813934,0.008999999612569809,0.04500000178813934,0.0008999999845400453,0.0008999999845400453,0.8999999761581421,0.04359985515475273,0.009786345064640045,0.0,0.0,0.0,0.0,0.0,0.0,0.0,0.0,-1.2602014541625977,-1.2602014541625977,1.0,-1.2602014541625977,-1.2602014541625977,-1.2331504821777344,0.0,-3.530160665512085,2.7630817890167236,1.0,0.04359985515475273,1.0,0.0,0.0,0.04359985515475273,0.0,0.0,0.009786345064640045,0.0,0.09021366387605667,0.0955464243888855,0.003552360227331519,0.8022909164428711,0.23861606419086456,0.0,0.0,0.0,0.0,0.0,0.0,0.0,0.0,1.0,0.0,0.001119117601774633,0.32879406213760376,0.416054368019104,0.07284098118543625,0.0,0.11154637485742569,0.11147969961166382,0.11147969961166382,0.11920276284217834,-0.050678420811891556,2.4672213057297387e-12,0.0,0.0,3.9770021438598633,3.9770021438598633,2.540027379989624,2.540027379989624,0.479036420583725,0.0,0.0,0.0,0.0,0.09021365642547607,0.11711814254522324,6.654198614342022e-08,0.9620051383972168,0.23861606419086456,0.01747855544090271,2.4244143962860107,2.549734115600586,2.540027379989624,2.5475642681121826,2.7630817890167236,0.0,0.09778960794210434,1.0,1.5257604122161865,1.5356636047363281,1.5471166372299194,0.0,0.002097832504659891,0.001734387595206499,6.55371309221664e-07,0.007012537680566311,0.00020978329121135175,0.0007012537680566311,0.0,0.0020978327374905348,12.0,0.0,0.0,0.0,0.0,0.0,0.0,,,,,,,,,,,,,,,,,,,,,,0.001
28,4660,train,0.05381903052330017,0.10228950530290604,0.10270454734563828,0.0,0.0034263418056070805,0.0034263418056070805,0.0,2.4645676612854004,9.000000136438757e-05,0.04500000178813934,0.008999999612569809,0.04500000178813934,0.0008999999845400453,0.0008999999845400453,0.8999999761581421,0.03915989398956299,0.006616190075874329,0.0,0.0,0.0,0.0,0.0,0.0,0.0,0.0,-1.2857143878936768,-1.2857143878936768,1.0,-1.2857143878936768,-1.2857142686843872,-1.2646832466125488,0.0,-3.5488922595977783,2.6966943740844727,1.0,0.03915989398956299,1.0,0.0,0.0,0.03915989398956299,0.0,0.0,0.006616190075874329,0.0,0.09338381141424179,0.09072951227426529,0.003082873299717903,0.7824419736862183,0.24754631519317627,0.0,0.0,0.0,0.0,0.0,0.0,0.0,0.0,1.0,0.0,0.0012125152861699462,0.29688385128974915,0.4072270393371582,0.07155685871839523,0.0,0.10270454734563828,0.10228950530290604,0.10228950530290604,0.11205177754163742,-0.03767998889088631,3.9800471945961036e-11,0.0,0.0,3.9591431617736816,3.9591426849365234,2.5391204357147217,2.5391204357147217,0.43901848793029785,0.0,0.0,0.0,0.0,0.09338381141424179,0.11730674654245377,2.455126605127589e-06,0.9652956128120422,0.24754631519317627,0.01708793081343174,2.4951140880584717,2.544102668762207,2.5391204357147217,2.502702474594116,2.6966943740844727,0.0,0.09109441936016083,1.0,1.4805560111999512,1.547412633895874,1.5428518056869507,0.0,0.0037966042291373014,0.002848083386197686,0.00021805783035233617,0.012803608551621437,0.00037966042873449624,0.0012803608551621437,0.0,0.003796603996306658,12.0,0.0,0.0,0.0,0.0,0.0,0.0,,,,,,,,,,,,,,,,,,,,,,0.001
28,4676,train_epoch,0.060075966920145975,0.10708819958799613,0.10763306148394854,0.0,0.0035301363848506693,0.0035301363848506693,0.0,2.446903832658322,9.000000136438757e-05,0.04500000178813934,0.008999999612569809,0.04500000178813934,0.0008999999845400453,0.0008999999845400453,0.8999999761581421,0.04246869457963698,0.009757141599398174,0.0,0.0,0.0,0.0,0.0,0.0,0.0,0.0,-1.2771282124662113,-1.2771282124662113,1.0,-1.2771282124662113,-1.277128208183243,-1.248255686845608,0.0,-3.5429217158677337,2.709220309457379,1.0,0.04246869457963698,1.0,0.0,0.0,0.04246869457963698,0.0,0.0,0.009757141599398174,0.0,0.09971497591562614,0.09969391580113394,0.0032965917716048167,0.8091200468782893,0.2553857464097931,0.0,0.0,0.0,0.0,0.0,0.0,0.0,0.0,1.0,0.0,0.001165884914306065,0.3142390820437563,0.4081716410771102,0.07334348612916684,0.0,0.10763306148394854,0.10708819958799613,0.10708819958799613,0.11850476407719229,-0.04633887779123769,3.891431669458343e-12,0.0,0.0,3.9798047314147036,3.979804727131735,2.5171329032875107,2.5171329032875107,0.4694919516583403,0.0,0.0,0.0,0.0,0.09971497448796998,0.12405037433801297,2.7328628887278365e-06,0.9655081947406609,0.2553857464097931,0.02166026530084674,2.435575833577596,2.5247013840132846,2.5171329032875107,2.5120879404559107,2.709220309457379,0.0,0.08829970483829876,1.0,1.5426570169939966,1.5433573401616718,1.5435917477407854,0.0,0.003860767670728623,0.0023201652586426653,0.00014042884451138813,0.009642804668892823,0.000386076774566663,0.0009642804833059339,0.0,0.003860767660272157,12.0,0.0,0.0,0.0,0.0,0.0,0.0,,,,,,,,,,,,,,,,,,,,,,0.001
28,4676,val,,,,,,,,,,,,,,,,,,,,,,,,,,,,,,,,,,,,,,,,,,,,,,,,,,,,,,,,,,,,,,,,,,,,,,,,,,,,,,,,,,,,,,,,,,,,,,,,,,,,,,,,,,,,,,,,,,,16.09065123966762,677.2330393110003,26.023701491352078,13.195999332836696,7.379402390548161,15.100379569189888,24.08026798154395,12.637267053127289,6.925915522234781,16.110278265816824,26.06766737665271,13.301725353513445,7.37652302639825,17.873484662600926,29.023524575597005,14.429236318383898,8.221999526023865,16.09065123966762,26.023701491352078,13.195999332836696,7.379402390548161,0.001
29,4680,train,0.05402762070298195,0.10488905757665634,0.10575125366449356,0.0,0.0033624640200287104,0.0033624640200287104,0.0,2.4411683082580566,9.500000305706635e-05,0.04749999940395355,0.009499999694526196,0.04749999940395355,0.0009500000160187483,0.0009500000160187483,0.949999988079071,0.04241223260760307,0.020367160439491272,0.0,0.0,0.0,0.0,0.0,0.0,0.0,0.0,-1.27128005027771,-1.27128005027771,1.0,-1.27128005027771,-1.2712801694869995,-1.2389636039733887,0.0,-3.5302670001983643,2.716010093688965,1.0,0.04241223260760307,1.0,0.0,0.0,0.04241223260760307,0.0,0.0,0.020367160439491272,0.0,0.1203671544790268,0.11607535928487778,0.0034850069787353277,0.8162819743156433,0.28732138872146606,0.0,0.0,0.0,0.0,0.0,0.0,0.0,0.0,1.0,0.0,0.0015824380097910762,0.31032270193099976,0.4072897136211395,0.07400058209896088,0.0,0.10575125366449356,0.10488905757665634,0.10488905757665634,0.12667688727378845,-0.07152613252401352,-9.037430526159795e-11,0.0,0.0,3.8588006496429443,3.8588006496429443,2.5312490463256836,2.5312490463256836,0.48403629660606384,0.0,0.0,0.0,0.0,0.12036716192960739,0.1411554515361786,1.8436965376622538e-07,0.9840914607048035,0.28732138872146606,0.028439033776521683,2.493436574935913,2.534489631652832,2.5312490463256836,2.542626142501831,2.716010093688965,0.0,0.09230683743953705,1.0,1.5527206659317017,1.554224967956543,1.542849063873291,0.0,0.005455711856484413,0.0027229650877416134,7.009960972936824e-05,0.011825158260762691,0.0005455712671391666,0.0011825158726423979,0.0,0.0054557123221457005,12.0,0.0,0.0,0.0,0.0,0.0,0.0,,,,,,,,,,,,,,,,,,,,,,0.001
29,4700,train,0.05562296882271767,0.10574576258659363,0.10559903830289841,0.0,0.0037626284174621105,0.0037626284174621105,0.0,2.399148464202881,9.500000305706635e-05,0.04749999940395355,0.009499999694526196,0.04749999940395355,0.0009500000160187483,0.0009500000160187483,0.949999988079071,0.03870074078440666,0.005097866058349609,0.0,0.0,0.0,0.0,0.0,0.0,0.0,0.0,-1.2577342987060547,-1.2577342987060547,1.0,-1.2577342987060547,-1.2577342987060547,-1.2250757217407227,0.0,-3.51080584526062,2.734576940536499,1.0,0.03870074078440666,1.0,0.0,0.0,0.03870074078440666,0.0,0.0,0.005097866058349609,0.0,0.0949021428823471,0.10313057154417038,0.0033602677285671234,0.928215503692627,0.2448321431875229,0.0,0.0,0.0,0.0,0.0,0.0,0.0,0.0,1.0,0.0,0.0008945317822508514,0.32137659192085266,0.42078566551208496,0.0777529627084732,0.0,0.10559903830289841,0.10574576258659363,0.10574576258659363,0.11202195286750793,-0.034585244953632355,2.433583612404533e-10,0.0,0.0,4.036147117614746,4.036147117614746,2.5878000259399414,2.5878000259399414,0.44716179370880127,0.0,0.0,0.0,0.0,0.09490213543176651,0.12568388879299164,2.3703256246676574e-08,0.9855626821517944,0.2448321431875229,0.02301623858511448,2.4714527130126953,2.596550464630127,2.5878000259399414,2.575039863586426,2.734576940536499,0.0,0.0862501934170723,1.0,1.5312877893447876,1.5512346029281616,1.5334644317626953,0.0,0.009047561325132847,0.004809461534023285,0.0001006622114800848,0.01633322238922119,0.0009047561325132847,0.0016333222156390548,0.0,0.009047561325132847,12.0,0.0,0.0,0.0,0.0,0.0,0.0,,,,,,,,,,,,,,,,,,,,,,0.001
29,4720,train,0.06166115030646324,0.11174356937408447,0.11295657604932785,0.0,0.003430065931752324,0.003430065931752324,0.0,2.4688706398010254,9.500000305706635e-05,0.04749999940395355,0.009499999694526196,0.04749999940395355,0.0009500000160187483,0.0009500000160187483,0.949999988079071,0.03686460480093956,0.009863421320915222,0.0,0.0,0.0,0.0,0.0,0.0,0.0,0.0,-1.282729983329773,-1.282729983329773,1.0,-1.282729983329773,-1.282729983329773,-1.2597565650939941,0.0,-3.56528639793396,2.702669143676758,1.0,0.03686460480093956,1.0,0.0,0.0,0.03686460480093956,0.0,0.0,0.009863421320915222,0.0,0.0901365801692009,0.08637712150812149,0.002134588547050953,0.8154109716415405,0.2474704533815384,0.0,0.0,0.0,0.0,0.0,0.0,0.0,0.0,1.0,0.0,0.0023121554404497147,0.3079911768436432,0.4078808128833771,0.07151245325803757,0.0,0.11295657604932785,0.11174356937408447,0.11174356937408447,0.11225643008947372,-0.03265806660056114,-1.6551514325779948e-10,0.0,0.0,3.8899121284484863,3.8899121284484863,2.4882514476776123,2.4882514476776123,0.4291614294052124,0.0,0.0,0.0,0.0,0.0901365801692009,0.10723036527633667,1.3018070603720844e-06,0.9530854225158691,0.2474704533815384,0.012699143029749393,2.440797805786133,2.4912703037261963,2.4882514476776123,2.481429100036621,2.702669143676758,0.0,0.0937788113951683,1.0,1.4885227680206299,1.5287408828735352,1.524349570274353,0.0,0.0024222643114626408,0.002002893714234233,5.773482553195208e-05,0.008353867568075657,0.00024222643696703017,0.0008353867451660335,0.0,0.0024222643114626408,12.0,0.0,0.0,0.0,0.0,0.0,0.0,,,,,,,,,,,,,,,,,,,,,,0.001
29,4740,train,0.0464971624314785,0.09909522533416748,0.10013458132743835,0.0,0.0032389266416430473,0.0032389266416430473,0.0,2.402446746826172,9.500000305706635e-05,0.04749999940395355,0.009499999694526196,0.04749999940395355,0.0009500000160187483,0.0009500000160187483,0.949999988079071,0.03573820739984512,0.00685892254114151,0.0,0.0,0.0,0.0,0.0,0.0,0.0,0.0,-1.2815356254577637,-1.2815356254577637,1.0,-1.2815356254577637,-1.2815356254577637,-1.2570581436157227,0.0,-3.512495517730713,2.7133264541625977,1.0,0.03573820739984512,1.0,0.0,0.0,0.03573820739984512,0.0,0.0,0.00685892254114151,0.0,0.10685892403125763,0.10165507346391678,0.002007104456424713,0.7549762725830078,0.27092865109443665,0.0,0.0,0.0,0.0,0.0,0.0,0.0,0.0,1.0,0.0,0.0014810983557254076,0.3055640757083893,0.4118536412715912,0.07715799659490585,0.0,0.10013458132743835,0.09909522533416748,0.09909522533416748,0.11474005877971649,-0.04411672055721283,6.754718312462771e-11,0.0,0.0,3.9292147159576416,3.9292147159576416,2.5289406776428223,2.5289406776428223,0.4513695240020752,0.0,0.0,0.0,0.0,0.10685892403125763,0.125576451420784,2.4348314582312014e-06,0.9676835536956787,0.27092865109443665,0.020297182723879814,2.47261905670166,2.5317630767822266,2.5289406776428223,2.5142617225646973,2.7133264541625977,0.0,0.08852463960647583,1.0,1.4817805290222168,1.5229871273040771,1.4953415393829346,0.0,0.005791245959699154,0.003386774333193898,8.142127626342699e-05,0.01254044659435749,0.0005791246076114476,0.0012540447060018778,0.0,0.005791245959699154,12.0,0.0,0.0,0.0,0.0,0.0,0.0,,,,,,,,,,,,,,,,,,,,,,0.001
29,4760,train,0.06257342547178268,0.11134088784456253,0.11210615932941437,0.0,0.003778985934332013,0.003778985934332013,0.0,2.4960873126983643,9.500000305706635e-05,0.04749999940395355,0.009499999694526196,0.04749999940395355,0.0009500000160187483,0.0009500000160187483,0.949999988079071,0.0421476885676384,0.0008640289306640625,0.0,0.0,0.0,0.0,0.0,0.0,0.0,0.0,-1.2569506168365479,-1.2569506168365479,1.0,-1.2569506168365479,-1.2569504976272583,-1.226274013519287,0.0,-3.5064632892608643,2.795667886734009,1.0,0.0421476885676384,1.0,0.0,0.0,0.0421476885676384,0.0,0.0,0.0008640289306640625,0.0,0.10086403042078018,0.1021457090973854,0.00240511167794466,0.8180303573608398,0.2593849301338196,0.0,0.0,0.0,0.0,0.0,0.0,0.0,0.0,1.0,0.0,0.001449595671147108,0.3343098759651184,0.41393864154815674,0.06989293545484543,0.0,0.11210615932941437,0.11134088784456253,0.11134088784456253,0.12129110842943192,-0.04170086234807968,4.755254523480801e-11,0.0,0.0,3.974766969680786,3.974766969680786,2.529583692550659,2.529583692550659,0.4814865291118622,0.0,0.0,0.0,0.0,0.10086403042078018,0.12347162514925003,6.682420803372224e-07,0.9837756752967834,0.2593849301338196,0.019806986674666405,2.430644989013672,2.5357167720794678,2.529583692550659,2.553457260131836,2.795667886734009,0.0,0.0960683524608612,1.0,1.512632131576538,1.5417026281356812,1.5604900121688843,0.0,0.0028422707691788673,0.001955233747139573,0.00010520172509131953,0.008067484013736248,0.00028422707691788673,0.0008067484013736248,0.0,0.0028422705363482237,12.0,0.0,0.0,0.0,0.0,0.0,0.0,,,,,,,,,,,,,,,,,,,,,,0.001
29,4780,train,0.06635113060474396,0.1144951730966568,0.11469552665948868,0.0,0.0038634464144706726,0.0038634464144706726,0.0,2.4088029861450195,9.500000305706635e-05,0.04749999940395355,0.009499999694526196,0.04749999940395355,0.0009500000160187483,0.0009500000160187483,0.949999988079071,0.039640940725803375,0.006695672869682312,0.0,0.0,0.0,0.0,0.0,0.0,0.0,0.0,-1.2550791501998901,-1.2550791501998901,1.0,-1.2550791501998901,-1.2550791501998901,-1.2246078252792358,0.0,-3.5011050701141357,2.7310171127319336,1.0,0.039640940725803375,1.0,0.0,0.0,0.039640940725803375,0.0,0.0,0.006695672869682312,0.0,0.09330432862043381,0.10534481704235077,0.002223870251327753,0.8887041807174683,0.2393106073141098,0.0,0.0,0.0,0.0,0.0,0.0,0.0,0.0,1.0,0.0,0.0008604632457718253,0.3272686302661896,0.4102696180343628,0.07680898159742355,0.0,0.11469552665948868,0.1144951730966568,0.1144951730966568,0.12535104155540466,-0.044979870319366455,-1.4350384769379332e-10,0.0,0.0,3.9606337547302246,3.9606337547302246,2.519321918487549,2.519321918487549,0.4997307360172272,0.0,0.0,0.0,0.0,0.09330432862043381,0.12630097568035126,1.2337256976024946e-06,0.9901221394538879,0.2393106073141098,0.024303004145622253,2.430677890777588,2.5226757526397705,2.519321918487549,2.513763189315796,2.7310171127319336,0.0,0.09350081533193588,1.0,1.5389082431793213,1.5230268239974976,1.5325769186019897,0.0,0.002697582123801112,0.0019428810337558389,3.346981657159631e-06,0.006818560883402824,0.0002697582240216434,0.000681856123264879,0.0,0.002697582356631756,12.0,0.0,0.0,0.0,0.0,0.0,0.0,,,,,,,,,,,,,,,,,,,,,,0.001
29,4800,train,0.053085848689079285,0.10500075668096542,0.10551313310861588,0.0,0.0035228990018367767,0.0035228990018367767,0.0,2.5103583335876465,9.500000305706635e-05,0.04749999940395355,0.009499999694526196,0.04749999940395355,0.0009500000160187483,0.0009500000160187483,0.949999988079071,0.03607414662837982,0.001615680754184723,0.0,0.0,0.0,0.0,0.0,0.0,0.0,0.0,-1.28875732421875,-1.28875732421875,1.0,-1.28875732421875,-1.2887574434280396,-1.2449935674667358,0.0,-3.569371461868286,2.698441743850708,1.0,0.03607414662837982,1.0,0.0,0.0,0.03607414662837982,0.0,0.0,0.001615680754184723,0.0,0.0983843207359314,0.09291072189807892,0.0025638893712311983,0.8585513830184937,0.2569524645805359,0.0,0.0,0.0,0.0,0.0,0.0,0.0,0.0,1.0,0.0,0.0012117662699893117,0.31699520349502563,0.415624737739563,0.06841325014829636,0.0,0.10551313310861588,0.10500075668096542,0.10500075668096542,0.11884815245866776,-0.050155773758888245,-2.8519769879054024e-10,0.0,0.0,3.9575541019439697,3.9575541019439697,2.5374326705932617,2.5374326705932617,0.4845468997955322,0.0,0.0,0.0,0.0,0.0983843207359314,0.12070688605308533,1.6843881667227834e-06,0.9858621954917908,0.2569524645805359,0.018481925129890442,2.4621381759643555,2.545133352279663,2.5374326705932617,2.5035605430603027,2.698441743850708,0.0,0.09295940399169922,1.0,1.4590299129486084,1.528599739074707,1.5099214315414429,0.0,0.0034865662455558777,0.0026130815967917442,3.32164199789986e-05,0.012643341906368732,0.0003486566129140556,0.0012643341906368732,0.0,0.003486566012725234,12.0,0.0,0.0,0.0,0.0,0.0,0.0,,,,,,,,,,,,,,,,,,,,,,0.001
29,4820,train,0.057394567877054214,0.10632021725177765,0.10662008076906204,0.0,0.003449378302320838,0.003449378302320838,0.0,2.402859687805176,9.500000305706635e-05,0.04749999940395355,0.009499999694526196,0.04749999940395355,0.0009500000160187483,0.0009500000160187483,0.949999988079071,0.03383477032184601,0.002167917788028717,0.0,0.0,0.0,0.0,0.0,0.0,0.0,0.0,-1.2399296760559082,-1.2399296760559082,1.0,-1.2399296760559082,-1.2399295568466187,-1.212307333946228,0.0,-3.4623992443084717,2.788048267364502,1.0,0.03383477032184601,1.0,0.0,0.0,0.03383477032184601,0.0,0.0,0.002167917788028717,0.0,0.10216791927814484,0.0968397706747055,0.004333571996539831,0.8213927149772644,0.265483558177948,0.0,0.0,0.0,0.0,0.0,0.0,0.0,0.0,1.0,0.0,0.00058010034263134,0.32104653120040894,0.4121409058570862,0.0777297392487526,0.0,0.10662008076906204,0.10632021725177765,0.10632021725177765,0.11634180694818497,-0.03214477747678757,2.2628326989959646e-10,0.0,0.0,4.053220272064209,4.053220272064209,2.5394368171691895,2.5394368171691895,0.45885857939720154,0.0,0.0,0.0,0.0,0.10216791927814484,0.12109401077032089,4.957342980560497e-07,0.982611894607544,0.265483558177948,0.01858915574848652,2.450916290283203,2.545117139816284,2.5394368171691895,2.5429234504699707,2.788048267364502,0.0,0.08397864550352097,1.0,1.5782339572906494,1.5050143003463745,1.5254400968551636,0.0,0.0040011536329984665,0.002858818741515279,2.8604103135876358e-05,0.010254559107124805,0.00040011535747908056,0.0010254558874294162,0.0,0.004001153167337179,12.0,0.0,0.0,0.0,0.0,0.0,0.0,,,,,,,,,,,,,,,,,,,,,,0.001
29,4840,train,0.058870427310466766,0.1084018349647522,0.10891664773225784,0.0,0.0035364285577088594,0.0035364285577088594,0.0,2.5247578620910645,9.500000305706635e-05,0.04749999940395355,0.009499999694526196,0.04749999940395355,0.0009500000160187483,0.0009500000160187483,0.949999988079071,0.03728106990456581,0.011630401015281677,0.0,0.0,0.0,0.0,0.0,0.0,0.0,0.0,-1.2591058015823364,-1.2591058015823364,1.0,-1.2591058015823364,-1.2591058015823364,-1.2292499542236328,0.0,-3.5060477256774902,2.7885806560516357,1.0,0.03728106990456581,1.0,0.0,0.0,0.03728106990456581,0.0,0.0,0.011630401015281677,0.0,0.1116304025053978,0.1036372184753418,0.004458075389266014,0.774829089641571,0.2777966260910034,0.0,0.0,0.0,0.0,0.0,0.0,0.0,0.0,1.0,0.0,0.0008810860454104841,0.3364264667034149,0.41475921869277954,0.06787874549627304,0.0,0.10891664773225784,0.1084018349647522,0.1084018349647522,0.12263540923595428,-0.05420617759227753,2.2445678996008134e-11,0.0,0.0,4.113816261291504,4.113816261291504,2.5326223373413086,2.5326223373413086,0.5023005604743958,0.0,0.0,0.0,0.0,0.1116304025053978,0.13065095245838165,5.694852234228165e-07,0.9724134206771851,0.2777966260910034,0.022909007966518402,2.4332644939422607,2.541088104248047,2.5326223373413086,2.55157732963562,2.7885806560516357,0.0,0.08503584563732147,1.0,1.5040290355682373,1.4968998432159424,1.49906325340271,0.0,0.003502318635582924,0.0022724699229002,0.00010042478970717639,0.009922576136887074,0.0003502319159451872,0.0009922576136887074,0.0,0.003502318635582924,12.0,0.0,0.0,0.0,0.0,0.0,0.0,,,,,,,,,,,,,,,,,,,,,,0.001
29,4843,train_epoch,0.05678109617201154,0.10709879315363433,0.10760719512037174,0.0,0.0035307171495218654,0.0035307171495218654,0.0,2.449785986346399,9.500000305706635e-05,0.04749999940395355,0.009499999694526196,0.04749999940395355,0.0009500000160187483,0.0009500000160187483,0.949999988079071,0.03890331884745709,0.008181014728403376,0.0,0.0,0.0,0.0,0.0,0.0,0.0,0.0,-1.2681457275402046,-1.2681457275402046,1.0,-1.2681457275402046,-1.2681457325370011,-1.240138300164731,0.0,-3.5251615775559477,2.7292768983783837,1.0,0.03890331884745709,1.0,0.0,0.0,0.03890331884745709,0.0,0.0,0.008181014728403376,0.0,0.10090563531050425,0.10055592468755688,0.0031899222992583663,0.8358592433843784,0.2586875142094618,0.0,0.0,0.0,0.0,0.0,0.0,0.0,0.0,1.0,0.0,0.0010878878416776556,0.3184595729062657,0.41143143569637913,0.0734183459046358,0.0,0.10760719512037174,0.10709879315363433,0.10709879315363433,0.11856641665011823,-0.045823978527845026,1.82298471679266e-11,0.0,0.0,4.019716224270667,4.019716195717543,2.5386377765746886,2.5386377765746886,0.47439549818724214,0.0,0.0,0.0,0.0,0.1009056335705483,0.12431966370629693,2.6819762280089964e-06,0.9733367887085783,0.2586875142094618,0.021358983641389957,2.4601087555913868,2.544394167597422,2.5386377765746886,2.5346466224350617,2.7292768983783837,0.0,0.089276781963731,1.0,1.5247578478145027,1.5243500292658092,1.5250012046562698,0.0,0.0045080373299302545,0.0026124434560972328,0.0001493825466768694,0.010626575449470453,0.0004508037375938705,0.0010626575619213752,0.0,0.004508037313897007,12.0,0.0,0.0,0.0,0.0,0.0,0.0,,,,,,,,,,,,,,,,,,,,,,0.001
29,4843,val,,,,,,,,,,,,,,,,,,,,,,,,,,,,,,,,,,,,,,,,,,,,,,,,,,,,,,,,,,,,,,,,,,,,,,,,,,,,,,,,,,,,,,,,,,,,,,,,,,,,,,,,,,,,,,,,,,,15.724633421216692,661.0084784371512,25.710085150328677,12.44216388463974,7.171375300203051,14.702130845614843,23.83907382681107,11.349376142024994,6.710555229868207,15.681336692401342,25.675309784872642,13.324664643832616,7.182369589805603,17.607565999031067,28.650661548175265,13.924623123237065,8.041637216295515,15.724633421216692,25.710085150328677,12.44216388463974,7.171375300203051,0.001
30,4860,train,0.05256473273038864,0.10613156855106354,0.10638859868049622,0.0,0.0034861539024859667,0.0034861539024859667,0.0,2.368638515472412,9.999999747378752e-05,0.05000000074505806,0.009999999776482582,0.05000000074505806,0.0010000000474974513,0.0010000000474974513,1.0,0.040518634021282196,0.0012467354536056519,0.0,0.0,0.0,0.0,0.0,0.0,0.0,0.0,-1.2549582719802856,-1.2549582719802856,1.0,-1.2549582719802856,-1.2549582719802856,-1.219924807548523,0.0,-3.5029501914978027,2.731515884399414,1.0,0.040518634021282196,1.0,0.0,0.0,0.040518634021282196,0.0,0.0,0.0012467354536056519,0.0,0.09875326603651047,0.09801870584487915,0.004160603042691946,0.8459807634353638,0.25883743166923523,0.0,0.0,0.0,0.0,0.0,0.0,0.0,0.0,1.0,0.0,0.000691631983499974,0.3183859586715698,0.41172289848327637,0.08058912307024002,0.0,0.10638859868049622,0.10613156855106354,0.10613156855106354,0.11390439420938492,-0.047894541174173355,5.003418790394676e-10,0.0,0.0,3.9849023818969727,3.9849023818969727,2.581657648086548,2.581657648086548,0.4512202739715576,0.0,0.0,0.0,0.0,0.09875326603651047,0.12068761140108109,5.472432803799165e-06,0.9755979776382446,0.25883743166923523,0.01952359266579151,2.467618227005005,2.5870180130004883,2.581657648086548,2.547581911087036,2.731515884399414,0.0,0.0844503790140152,1.0,1.5032145977020264,1.5259952545166016,1.5101746320724487,0.0,0.002821517176926136,0.00195560185238719,9.066845086636022e-05,0.007729986682534218,0.0002821517118718475,0.0007729986682534218,0.0,0.002821517176926136,12.0,0.0,0.0,0.0,0.0,0.0,0.0,,,,,,,,,,,,,,,,,,,,,,0.001
30,4880,train,0.05597474426031113,0.10934235900640488,0.11074362695217133,0.0,0.0035650506615638733,0.0035650506615638733,0.0,2.4501986503601074,9.999999747378752e-05,0.05000000074505806,0.009999999776482582,0.05000000074505806,0.0010000000474974513,0.0010000000474974513,1.0,0.034696340560913086,0.011956259608268738,0.0,0.0,0.0,0.0,0.0,0.0,0.0,0.0,-1.2664376497268677,-1.2664376497268677,1.0,-1.2664376497268677,-1.2664376497268677,-1.2409685850143433,0.0,-3.519315481185913,2.7605481147766113,1.0,0.034696340560913086,1.0,0.0,0.0,0.034696340560913086,0.0,0.0,0.011956259608268738,0.0,0.08804374188184738,0.08538202196359634,0.003432784229516983,0.8055474162101746,0.2417096197605133,0.0,0.0,0.0,0.0,0.0,0.0,0.0,0.0,1.0,0.0,0.0020052881445735693,0.3142005205154419,0.412046879529953,0.07276525348424911,0.0,0.11074362695217133,0.10934235900640488,0.10934235900640488,0.11720423400402069,-0.03530002385377884,4.3286624284988306e-11,0.0,0.0,3.882716417312622,3.882716417312622,2.5255918502807617,2.5255918502807617,0.4659956991672516,0.0,0.0,0.0,0.0,0.08804374188184738,0.10726691037416458,1.1644877986327629e-06,0.9751846790313721,0.2417096197605133,0.011879595927894115,2.481130361557007,2.5259640216827393,2.5255918502807617,2.5255024433135986,2.7605481147766113,0.0,0.09628547728061676,1.0,1.5328069925308228,1.5093978643417358,1.5098536014556885,0.0,0.0034348235931247473,0.002017728518694639,6.168300751596689e-05,0.009538702666759491,0.00034348241752013564,0.0009538703016005456,0.0,0.0034348235931247473,12.0,0.0,0.0,0.0,0.0,0.0,0.0,,,,,,,,,,,,,,,,,,,,,,0.001
30,4900,train,0.056582313030958176,0.10999737679958344,0.11008907854557037,0.0,0.0036700170021504164,0.0036700170021504164,0.0,2.4305789470672607,9.999999747378752e-05,0.05000000074505806,0.009999999776482582,0.05000000074505806,0.0010000000474974513,0.0010000000474974513,1.0,0.03867845609784126,0.003091380000114441,0.0,0.0,0.0,0.0,0.0,0.0,0.0,0.0,-1.2650202512741089,-1.2650202512741089,1.0,-1.2650202512741089,-1.2650203704833984,-1.2188513278961182,0.0,-3.525942802429199,2.680107831954956,1.0,0.03867845609784126,1.0,0.0,0.0,0.03867845609784126,0.0,0.0,0.003091380000114441,0.0,0.09690862149000168,0.09788823872804642,0.003899192903190851,0.8974812030792236,0.2533566951751709,0.0,0.0,0.0,0.0,0.0,0.0,0.0,0.0,1.0,0.0,0.0004442234931048006,0.327377587556839,0.4211919605731964,0.07506127655506134,0.0,0.11008907854557037,0.10999737679958344,0.10999737679958344,0.12360618263483047,-0.056906700134277344,-2.0778122278297673e-10,0.0,0.0,4.090349197387695,4.090349197387695,2.5843632221221924,2.5843632221221924,0.5062128305435181,0.0,0.0,0.0,0.0,0.09690862149000168,0.1216835156083107,6.919436827956815e-07,0.9882732033729553,0.2533566951751709,0.01930147223174572,2.43461275100708,2.5970675945281982,2.5843632221221924,2.509969711303711,2.680107831954956,0.0,0.08581402897834778,1.0,1.5026607513427734,1.5434837341308594,1.4981673955917358,0.0,0.002986146602779627,0.002041942672803998,6.865937757538632e-05,0.008836137130856514,0.0002986146428156644,0.0008836137130856514,0.0,0.002986146602779627,12.0,0.0,0.0,0.0,0.0,0.0,0.0,,,,,,,,,,,,,,,,,,,,,,0.001
30,4920,train,0.05881823971867561,0.11118225753307343,0.11200354993343353,0.0,0.003682995680719614,0.003682995680719614,0.0,2.427138566970825,9.999999747378752e-05,0.05000000074505806,0.009999999776482582,0.05000000074505806,0.0010000000474974513,0.0010000000474974513,1.0,0.04015965014696121,0.002333439886569977,0.0,0.0,0.0,0.0,0.0,0.0,0.0,0.0,-1.2539012432098389,-1.2539012432098389,1.0,-1.2539012432098389,-1.2539010047912598,-1.233277678489685,0.0,-3.5171613693237305,2.7604172229766846,1.0,0.04015965014696121,1.0,0.0,0.0,0.04015965014696121,0.0,0.0,0.002333439886569977,0.0,0.09766656160354614,0.09292462468147278,0.003686156589537859,0.8472464084625244,0.2603500783443451,0.0,0.0,0.0,0.0,0.0,0.0,0.0,0.0,1.0,0.0,0.0019049702677875757,0.3300575911998749,0.41061630845069885,0.07466007769107819,0.0,0.11200354993343353,0.11118225753307343,0.11118225753307343,0.11793556809425354,-0.03423735871911049,-3.2568639452001946e-10,0.0,0.0,4.015079498291016,4.015079498291016,2.5409369468688965,2.5409369468688965,0.4730886220932007,0.0,0.0,0.0,0.0,0.09766656160354614,0.11660102754831314,1.2163265239450993e-07,0.9751610159873962,0.2603500783443451,0.01740962080657482,2.486654043197632,2.544843912124634,2.5409369468688965,2.5760679244995117,2.7604172229766846,0.0,0.09578903764486313,1.0,1.4587219953536987,1.5029962062835693,1.516780138015747,0.0,0.003494424046948552,0.002038664650171995,7.704945164732635e-05,0.00772966118529439,0.0003494424163363874,0.0007729661301709712,0.0,0.003494424279779196,12.0,0.0,0.0,0.0,0.0,0.0,0.0,,,,,,,,,,,,,,,,,,,,,,0.001
30,4940,train,0.04998377710580826,0.1048147901892662,0.10496685653924942,0.0,0.003323136130347848,0.003323136130347848,0.0,2.3845887184143066,9.999999747378752e-05,0.05000000074505806,0.009999999776482582,0.05000000074505806,0.0010000000474974513,0.0010000000474974513,1.0,0.03146401047706604,0.0060084909200668335,0.0,0.0,0.0,0.0,0.0,0.0,0.0,0.0,-1.2711079120635986,-1.2711079120635986,1.0,-1.2711079120635986,-1.271107792854309,-1.2386599779129028,0.0,-3.5277769565582275,2.6963281631469727,1.0,0.03146401047706604,1.0,0.0,0.0,0.03146401047706604,0.0,0.0,0.0060084909200668335,0.0,0.09399151057004929,0.09567607939243317,0.002183847827836871,0.9012147784233093,0.24907474219799042,0.0,0.0,0.0,0.0,0.0,0.0,0.0,0.0,1.0,0.0,0.00047419455950148404,0.3047908842563629,0.4160270094871521,0.07746502757072449,0.0,0.10496685653924942,0.1048147901892662,0.1048147901892662,0.1187341958284378,-0.029986729845404625,1.5924997431859822e-11,0.0,0.0,4.085200786590576,4.085200786590576,2.5930676460266113,2.5930676460266113,0.48136237263679504,0.0,0.0,0.0,0.0,0.09399151057004929,0.11822275072336197,2.1823925635544583e-06,0.981153666973114,0.24907474219799042,0.017532169818878174,2.5127391815185547,2.5987749099731445,2.5930676460266113,2.5202555656433105,2.6963281631469727,0.0,0.08533436805009842,1.0,1.5537235736846924,1.5567598342895508,1.5221011638641357,0.0,0.004470790270715952,0.0026788325048983097,0.0001384179195156321,0.009876693598926067,0.00044707904453389347,0.0009876693366095424,0.0,0.004470790270715952,12.0,0.0,0.0,0.0,0.0,0.0,0.0,,,,,,,,,,,,,,,,,,,,,,0.001
30,4960,train,0.05112299695611,0.1058768481016159,0.10613143444061279,0.0,0.0033099541906267405,0.0033099541906267405,0.0,2.434068202972412,9.999999747378752e-05,0.05000000074505806,0.009999999776482582,0.05000000074505806,0.0010000000474974513,0.0010000000474974513,1.0,0.033794403076171875,0.02110213041305542,0.0,0.0,0.0,0.0,0.0,0.0,0.0,0.0,-1.274065613746643,-1.274065613746643,1.0,-1.274065613746643,-1.274065613746643,-1.254408836364746,0.0,-3.5232510566711426,2.7229251861572266,1.0,0.033794403076171875,1.0,0.0,0.0,0.033794403076171875,0.0,0.0,0.02110213041305542,0.0,0.12110213935375214,0.1173003762960434,0.003536773379892111,0.9000706672668457,0.2927062511444092,0.0,0.0,0.0,0.0,0.0,0.0,0.0,0.0,1.0,0.0,0.0005134035600349307,0.3126497268676758,0.41026943922042847,0.07402560859918594,0.0,0.10613143444061279,0.1058768481016159,0.1058768481016159,0.10883694887161255,-0.037516091018915176,-1.705237756555178e-10,0.0,0.0,4.062602996826172,4.062602996826172,2.5660808086395264,2.5660808086395264,0.4325571358203888,0.0,0.0,0.0,0.0,0.12110213190317154,0.14047235250473022,1.5640518540749326e-05,0.9872023463249207,0.2927062511444092,0.032858457416296005,2.510545015335083,2.5710675716400146,2.5660808086395264,2.5678577423095703,2.7229251861572266,0.0,0.08143901079893112,1.0,1.518305778503418,1.4983628988265991,1.479856014251709,0.0,0.0054406654089689255,0.002223158488050103,0.0001878907933132723,0.008983052335679531,0.0005440665408968925,0.0008983052684925497,0.0,0.0054406654089689255,12.0,0.0,0.0,0.0,0.0,0.0,0.0,,,,,,,,,,,,,,,,,,,,,,0.001
30,4980,train,0.04774576798081398,0.10240554809570312,0.1027665063738823,0.0,0.0033280295319855213,0.0033280295319855213,0.0,2.4200401306152344,9.999999747378752e-05,0.05000000074505806,0.009999999776482582,0.05000000074505806,0.0010000000474974513,0.0010000000474974513,1.0,0.03011397272348404,0.004430055618286133,0.0,0.0,0.0,0.0,0.0,0.0,0.0,0.0,-1.2609338760375977,-1.2609338760375977,1.0,-1.2609338760375977,-1.2609338760375977,-1.2236878871917725,0.0,-3.520585775375366,2.701934337615967,1.0,0.03011397272348404,1.0,0.0,0.0,0.03011397272348404,0.0,0.0,0.004430055618286133,0.0,0.09556996077299118,0.09890391677618027,0.005216765683144331,0.8708686828613281,0.24906617403030396,0.0,0.0,0.0,0.0,0.0,0.0,0.0,0.0,1.0,0.0,0.0006349533214233816,0.31686195731163025,0.4162783920764923,0.07594791799783707,0.0,0.1027665063738823,0.10240554809570312,0.10240554809570312,0.12203553318977356,-0.05063806474208832,1.397367360711499e-10,0.0,0.0,4.15150785446167,4.15150785446167,2.5774428844451904,2.5774428844451904,0.5068061351776123,0.0,0.0,0.0,0.0,0.09556994587182999,0.12276685982942581,2.609219791338546e-06,0.9805029630661011,0.24906617403030396,0.020618874579668045,2.478588819503784,2.580049753189087,2.5774428844451904,2.535313606262207,2.701934337615967,0.0,0.08253636211156845,1.0,1.5329490900039673,1.5109155178070068,1.5072463750839233,0.0,0.004359024576842785,0.0032679771538823843,6.678982026642188e-05,0.01396231073886156,0.00043590241693891585,0.0013962311204522848,0.0,0.004359024576842785,12.0,0.0,0.0,0.0,0.0,0.0,0.0,,,,,,,,,,,,,,,,,,,,,,0.001
30,5000,train,0.052029211074113846,0.10644926130771637,0.10683083534240723,0.0,0.0035096979700028896,0.0035096979700028896,0.0,2.4364852905273438,9.999999747378752e-05,0.05000000074505806,0.009999999776482582,0.05000000074505806,0.0010000000474974513,0.0010000000474974513,1.0,0.03710506856441498,0.007566675543785095,0.0,0.0,0.0,0.0,0.0,0.0,0.0,0.0,-1.2708336114883423,-1.2708336114883423,1.0,-1.2708336114883423,-1.2708336114883423,-1.255907654762268,0.0,-3.5231213569641113,2.702317953109741,1.0,0.03710506856441498,1.0,0.0,0.0,0.03710506856441498,0.0,0.0,0.007566675543785095,0.0,0.10756667703390121,0.11244714260101318,0.004757199436426163,0.911324679851532,0.2666415572166443,0.0,0.0,0.0,0.0,0.0,0.0,0.0,0.0,1.0,0.0,0.0010179536184296012,0.307096928358078,0.4090760052204132,0.07371056824922562,0.0,0.10683083534240723,0.10644926130771637,0.10644926130771637,0.11475230008363724,-0.052971649914979935,2.4134261256136824e-10,0.0,0.0,4.0380144119262695,4.0380144119262695,2.5510523319244385,2.5510523319244385,0.4568016529083252,0.0,0.0,0.0,0.0,0.10756667703390121,0.13500086963176727,2.7215002774028108e-05,0.9800329804420471,0.2666415572166443,0.028201594948768616,2.5257062911987305,2.5525121688842773,2.5510523319244385,2.5257556438446045,2.702317953109741,0.0,0.09526259452104568,1.0,1.5757856369018555,1.5260839462280273,1.518471121788025,0.0,0.004081672057509422,0.0021155611611902714,1.6303059965139255e-05,0.008693888783454895,0.0004081672232132405,0.0008693888667039573,0.0,0.004081672057509422,12.0,0.0,0.0,0.0,0.0,0.0,0.0,,,,,,,,,,,,,,,,,,,,,,0.001
30,5010,train_epoch,0.05298448385235792,0.10655189564306579,0.10705369608309455,0.0,0.0035345967967777016,0.0035345967967777016,0.0,2.4259225180049144,9.999999747378752e-05,0.05000000074505806,0.009999999776482582,0.05000000074505806,0.0010000000474974513,0.0010000000474974513,1.0,0.03553592517392007,0.008601819594463189,0.0,0.0,0.0,0.0,0.0,0.0,0.0,0.0,-1.2573601778395875,-1.2573601778395875,1.0,-1.2573601778395875,-1.2573601842640403,-1.2308621634980161,0.0,-3.5043853000252545,2.7393154683941137,1.0,0.03553592517392007,1.0,0.0,0.0,0.03553592517392007,0.0,0.0,0.008601819594463189,0.0,0.09898649771770317,0.10048288785055012,0.003469724491138212,0.8597225914458315,0.25613512830463,0.0,0.0,0.0,0.0,0.0,0.0,0.0,0.0,1.0,0.0,0.0010777160507545968,0.3195991403685359,0.41334939074373533,0.0749393708245483,0.0,0.10705369608309455,0.10655189564306579,0.10655189564306579,0.11813788869959152,-0.04348231180331218,-2.62993503206932e-12,0.0,0.0,4.067429248444334,4.0674292641485525,2.5547876243819734,2.5547876243819734,0.4789736642095143,0.0,0.0,0.0,0.0,0.0989864966915753,0.12279835187211008,4.632943068470046e-06,0.9791128207109645,0.25613512830463,0.020678359652663063,2.479094553850368,2.5590357637690926,2.5547876243819734,2.5500046707199004,2.7393154683941137,0.0,0.08864510509960666,1.0,1.5155973220299819,1.5141802862018883,1.5145701177105932,0.0,0.004323525624740088,0.00258537509316902,0.0001268395594151998,0.010690853364966408,0.0004323525710657384,0.0010690853553182796,0.0,0.00432352563031687,12.0,0.0,0.0,0.0,0.0,0.0,0.0,,,,,,,,,,,,,,,,,,,,,,0.001
30,5010,val,,,,,,,,,,,,,,,,,,,,,,,,,,,,,,,,,,,,,,,,,,,,,,,,,,,,,,,,,,,,,,,,,,,,,,,,,,,,,,,,,,,,,,,,,,,,,,,,,,,,,,,,,,,,,,,,,,,15.594055363110133,650.1463879176548,25.497968309605664,11.621260889938899,7.127705241952624,14.580321873937335,23.60421337866507,10.362143346241542,6.659145508493696,15.547696130616325,25.48992038978836,11.444807410240173,7.095249593257904,17.331902776445663,28.361226305684596,13.110434523650579,7.9474382145064215,15.594055363110133,25.497968309605664,11.621260889938899,7.127705241952624,0.0005
30,5010,test,,,,,,,,,,,,,,,,,,,,,,,,,,,,,,,,,,,,,,,,,,,,,,,,,,,,,,,,,,,,,,,,,,,,,,,,,,,,,,,,,,,,,,,,,,,,,,,,,,,,,,,,,,,,,,,,,,,26.55350582940238,1673.6001919337682,40.909658907570574,27.61469406741006,12.257875885282244,20.218403697013855,30.1547613153423,20.872985090528214,9.360694246632713,26.196751594543457,39.46533478992785,27.49111681325095,12.086672084672111,36.03557685443333,53.96685026815225,36.59762184960501,16.56142313139779,26.55350582940238,40.909658907570574,27.61469406741006,12.257875885282244,0.0005
31,5020,train,0.050979312509298325,0.10452032834291458,0.10506707429885864,0.0,0.0035616280511021614,0.0035616280511021614,0.0,2.4781785011291504,9.999999747378752e-05,0.05000000074505806,0.009999999776482582,0.05000000074505806,0.0010000000474974513,0.0010000000474974513,1.0,0.03380364179611206,0.0011102855205535889,0.0,0.0,0.0,0.0,0.0,0.0,0.0,0.0,-1.2502540349960327,-1.2502540349960327,1.0,-1.2502540349960327,-1.2502540349960327,-1.2302851676940918,0.0,-3.47696590423584,2.764680862426758,1.0,0.03380364179611206,1.0,0.0,0.0,0.03380364179611206,0.0,0.0,0.0011102855205535889,0.0,0.09888971596956253,0.102074034512043,0.0042556519620120525,0.8083186149597168,0.2577386200428009,0.0,0.0,0.0,0.0,0.0,0.0,0.0,0.0,1.0,0.0,0.0008814504253678024,0.3201708197593689,0.4239911437034607,0.0708407312631607,0.0,0.10506707429885864,0.10452032834291458,0.10452032834291458,0.11015979945659637,-0.031101131811738014,1.243623121149895e-10,0.0,0.0,4.074453353881836,4.074453353881836,2.631749391555786,2.631749391555786,0.4429830312728882,0.0,0.0,0.0,0.0,0.09888971596956253,0.12172647565603256,2.7199828309676377e-06,0.9629002809524536,0.2577386200428009,0.01904105581343174,2.5347068309783936,2.6327123641967773,2.631749391555786,2.5915350914001465,2.764680862426758,0.0,0.08704046905040741,1.0,1.5185747146606445,1.5542210340499878,1.538718581199646,0.0,0.006484822370111942,0.0033879440743476152,5.98344522586558e-05,0.012903005816042423,0.0006484821788035333,0.001290300628170371,0.0,0.006484821904450655,12.0,0.0,0.0,0.0,0.0,0.0,0.0,,,,,,,,,,,,,,,,,,,,,,0.0005
31,5040,train,0.044830381870269775,0.09972763061523438,0.10047150403261185,0.0,0.0034527971874922514,0.0034527971874922514,0.0,2.4671671390533447,9.999999747378752e-05,0.05000000074505806,0.009999999776482582,0.05000000074505806,0.0010000000474974513,0.0010000000474974513,1.0,0.034869737923145294,0.002335295081138611,0.0,0.0,0.0,0.0,0.0,0.0,0.0,0.0,-1.257468581199646,-1.257468581199646,1.0,-1.257468581199646,-1.2574687004089355,-1.2332342863082886,0.0,-3.503072500228882,2.7713770866394043,1.0,0.034869737923145294,1.0,0.0,0.0,0.034869737923145294,0.0,0.0,0.002335295081138611,0.0,0.09766470640897751,0.1061064749956131,0.003204809036105871,0.8838273286819458,0.25030431151390076,0.0,0.0,0.0,0.0,0.0,0.0,0.0,0.0,1.0,0.0,0.001390993595123291,0.31958767771720886,0.41930896043777466,0.07186050713062286,0.0,0.10047150403261185,0.09972763061523438,0.09972763061523438,0.11173740029335022,-0.04406553879380226,-2.3640026047822005e-10,0.0,0.0,4.040528774261475,4.040528774261475,2.5977120399475098,2.5977120399475098,0.4556446075439453,0.0,0.0,0.0,0.0,0.09766470640897751,0.12800244987010956,1.4961293345550075e-05,0.9888563752174377,0.25030431151390076,0.023743873462080956,2.5486645698547363,2.6025331020355225,2.5977120399475098,2.612135648727417,2.7713770866394043,0.0,0.09208545088768005,1.0,1.5295628309249878,1.5221920013427734,1.5364840030670166,0.0,0.0018451197538524866,0.001598274684511125,9.409566814611026e-07,0.006961642764508724,0.00018451199866831303,0.0006961642648093402,0.0,0.0018451198702678084,12.0,0.0,0.0,0.0,0.0,0.0,0.0,,,,,,,,,,,,,,,,,,,,,,0.0005
31,5060,train,0.048760101199150085,0.103153295814991,0.10340003669261932,0.0,0.003327098675072193,0.003327098675072193,0.0,2.468402862548828,9.999999747378752e-05,0.05000000074505806,0.009999999776482582,0.05000000074505806,0.0010000000474974513,0.0010000000474974513,1.0,0.03153730183839798,0.011319369077682495,0.0,0.0,0.0,0.0,0.0,0.0,0.0,0.0,-1.2588210105895996,-1.2588210105895996,1.0,-1.2588210105895996,-1.2588210105895996,-1.2313646078109741,0.0,-3.502070188522339,2.7626776695251465,1.0,0.03153730183839798,1.0,0.0,0.0,0.03153730183839798,0.0,0.0,0.011319369077682495,0.0,0.08868063986301422,0.09986703097820282,0.0053590768948197365,0.9447449445724487,0.23487962782382965,0.0,0.0,0.0,0.0,0.0,0.0,0.0,0.0,1.0,0.0,0.0005626663332805037,0.31823277473449707,0.4149317741394043,0.0715489462018013,0.0,0.10340003669261932,0.103153295814991,0.103153295814991,0.11707857996225357,-0.050069186836481094,2.1225493584964283e-10,0.0,0.0,4.14001989364624,4.14001989364624,2.539637327194214,2.539637327194214,0.4766131341457367,0.0,0.0,0.0,0.0,0.08868063241243362,0.12159741669893265,6.202673148436588e-07,0.984907865524292,0.23487962782382965,0.02229626290500164,2.4746298789978027,2.5456554889678955,2.539637327194214,2.573155403137207,2.7626776695251465,0.0,0.08122987300157547,1.0,1.4621987342834473,1.4781713485717773,1.485610842704773,0.0,0.004070240072906017,0.0028961750213056803,0.0001415937440469861,0.013056443072855473,0.0004070240247529,0.0013056442840024829,0.0,0.004070240072906017,12.0,0.0,0.0,0.0,0.0,0.0,0.0,,,,,,,,,,,,,,,,,,,,,,0.0005
31,5080,train,0.04780171811580658,0.10264696180820465,0.10316013544797897,0.0,0.0033349215518683195,0.0033349215518683195,0.0,2.456885814666748,9.999999747378752e-05,0.05000000074505806,0.009999999776482582,0.05000000074505806,0.0010000000474974513,0.0010000000474974513,1.0,0.028530195355415344,0.0016565769910812378,0.0,0.0,0.0,0.0,0.0,0.0,0.0,0.0,-1.2653316259384155,-1.2653316259384155,1.0,-1.2653316259384155,-1.2653316259384155,-1.2342846393585205,0.0,-3.5183193683624268,2.7468721866607666,1.0,0.028530195355415344,1.0,0.0,0.0,0.028530195355415344,0.0,0.0,0.0016565769910812378,0.0,0.09834342449903488,0.1003899797797203,0.0049783713184297085,0.8808588981628418,0.25263655185699463,0.0,0.0,0.0,0.0,0.0,0.0,0.0,0.0,1.0,0.0,0.000985070364549756,0.3139299154281616,0.41972455382347107,0.07243537902832031,0.0,0.10316013544797897,0.10264696180820465,0.10264696180820465,0.11484168469905853,-0.010199679993093014,1.9240066484460527e-10,0.0,0.0,4.185911655426025,4.185911655426025,2.570955753326416,2.570955753326416,0.4865814745426178,0.0,0.0,0.0,0.0,0.09834342449903488,0.12733809649944305,1.7121130895247916e-06,0.9788239002227783,0.25263655185699463,0.024264708161354065,2.4645349979400635,2.577617645263672,2.570955753326416,2.5395426750183105,2.7468721866607666,0.0,0.0844118520617485,1.0,1.5235779285430908,1.4933995008468628,1.492063283920288,0.0,0.0029237165581434965,0.002067903056740761,1.0742607628344558e-05,0.008748224005103111,0.00029237166745588183,0.0008748224354349077,0.0,0.00292371679097414,12.0,0.0,0.0,0.0,0.0,0.0,0.0,,,,,,,,,,,,,,,,,,,,,,0.0005
31,5100,train,0.04944443330168724,0.10535384714603424,0.10594777017831802,0.0,0.003324049524962902,0.003324049524962902,0.0,2.46662974357605,9.999999747378752e-05,0.05000000074505806,0.009999999776482582,0.05000000074505806,0.0010000000474974513,0.0010000000474974513,1.0,0.03776770830154419,0.00434141606092453,0.0,0.0,0.0,0.0,0.0,0.0,0.0,0.0,-1.2925657033920288,-1.2925657033920288,1.0,-1.2925657033920288,-1.2925657033920288,-1.2654634714126587,0.0,-3.5743355751037598,2.654646396636963,1.0,0.03776770830154419,1.0,0.0,0.0,0.03776770830154419,0.0,0.0,0.00434141606092453,0.0,0.10434141755104065,0.1008906215429306,0.003329846542328596,0.8355320692062378,0.2676681876182556,0.0,0.0,0.0,0.0,0.0,0.0,0.0,0.0,1.0,0.0,0.0010047670220956206,0.31072214245796204,0.40539467334747314,0.0713953748345375,0.0,0.10594777017831802,0.10535384714603424,0.10535384714603424,0.1252404749393463,-0.060980647802352905,2.8609786414945937e-11,0.0,0.0,4.058937072753906,4.058937072753906,2.5525197982788086,2.5525197982788086,0.5143640637397766,0.0,0.0,0.0,0.0,0.10434141755104065,0.12375199794769287,8.37371226225514e-06,0.9858223795890808,0.2676681876182556,0.018497243523597717,2.5044894218444824,2.5542244911193848,2.5525197982788086,2.510812282562256,2.654646396636963,0.0,0.0916532501578331,1.0,1.5145341157913208,1.5145549774169922,1.479056715965271,0.0,0.004737117327749729,0.00342241651378572,5.2266248530941084e-05,0.012844214215874672,0.0004737117560580373,0.0012844214215874672,0.0,0.004737117327749729,12.0,0.0,0.0,0.0,0.0,0.0,0.0,,,,,,,,,,,,,,,,,,,,,,0.0005
31,5120,train,0.041281089186668396,0.09661979973316193,0.09724166244268417,0.0,0.0034290829207748175,0.0034290829207748175,0.0,2.455995559692383,9.999999747378752e-05,0.05000000074505806,0.009999999776482582,0.05000000074505806,0.0010000000474974513,0.0010000000474974513,1.0,0.03366173058748245,0.0005457028746604919,0.0,0.0,0.0,0.0,0.0,0.0,0.0,0.0,-1.2539716958999634,-1.2539716958999634,1.0,-1.2539716958999634,-1.2539716958999634,-1.2303166389465332,0.0,-3.496366500854492,2.771413564682007,1.0,0.03366173058748245,1.0,0.0,0.0,0.03366173058748245,0.0,0.0,0.0005457028746604919,0.0,0.09945430606603622,0.09745973348617554,0.0014376495964825153,0.8897169828414917,0.2606719732284546,0.0,0.0,0.0,0.0,0.0,0.0,0.0,0.0,1.0,0.0,0.0011544867884367704,0.3228471279144287,0.4170036017894745,0.07338696718215942,0.0,0.09724166244268417,0.09661979973316193,0.09661979973316193,0.11348843574523926,-0.02947263792157173,-2.535021637051216e-10,0.0,0.0,4.059765815734863,4.059765815734863,2.5732245445251465,2.5732245445251465,0.45461633801460266,0.0,0.0,0.0,0.0,0.09945429861545563,0.1207379400730133,1.3260832929518074e-06,0.9716662168502808,0.2606719732284546,0.01933210901916027,2.4906907081604004,2.5777220726013184,2.5732245445251465,2.579604387283325,2.771413564682007,0.0,0.08863405883312225,1.0,1.4739304780960083,1.4901959896087646,1.4739162921905518,0.0,0.0033210930414497852,0.0022444091737270355,2.4287814085255377e-05,0.007854252122342587,0.00033210933906957507,0.0007854252471588552,0.0,0.0033210928086191416,12.0,0.0,0.0,0.0,0.0,0.0,0.0,,,,,,,,,,,,,,,,,,,,,,0.0005
31,5140,train,0.045364368706941605,0.09951290488243103,0.09990508109331131,0.0,0.0033935075625777245,0.0033935075625777245,0.0,2.449012279510498,9.999999747378752e-05,0.05000000074505806,0.009999999776482582,0.05000000074505806,0.0010000000474974513,0.0010000000474974513,1.0,0.03110611066222191,0.003286696970462799,0.0,0.0,0.0,0.0,0.0,0.0,0.0,0.0,-1.2429753541946411,-1.2429753541946411,1.0,-1.2429753541946411,-1.2429754734039307,-1.2234972715377808,0.0,-3.473971366882324,2.8305020332336426,1.0,0.03110611066222191,1.0,0.0,0.0,0.03110611066222191,0.0,0.0,0.003286696970462799,0.0,0.10328669100999832,0.10739312320947647,0.0033372752368450165,0.8977386951446533,0.26298728585243225,0.0,0.0,0.0,0.0,0.0,0.0,0.0,0.0,1.0,0.0,0.0009255096083506942,0.314129501581192,0.41515249013900757,0.07377037405967712,0.0,0.09990508109331131,0.09951290488243103,0.09951290488243103,0.10620761662721634,-0.023884234949946404,2.030989681989226e-10,0.0,0.0,4.121636390686035,4.121636390686035,2.570873975753784,2.570873975753784,0.4354603886604309,0.0,0.0,0.0,0.0,0.10328669846057892,0.12866376340389252,2.768339982139878e-05,0.988122284412384,0.26298728585243225,0.022288603708148003,2.5006654262542725,2.57173228263855,2.570873975753784,2.6178064346313477,2.8305020332336426,0.0,0.08557125926017761,1.0,1.469024658203125,1.4647611379623413,1.4837831258773804,0.0,0.003805871121585369,0.0030091791413724422,6.22496081632562e-05,0.013518259860575199,0.00038058709469623864,0.0013518260093405843,0.0,0.0038058708887547255,12.0,0.0,0.0,0.0,0.0,0.0,0.0,,,,,,,,,,,,,,,,,,,,,,0.0005
31,5160,train,0.049974068999290466,0.10397753864526749,0.10455555468797684,0.0,0.0036402735859155655,0.0036402735859155655,0.0,2.4686691761016846,9.999999747378752e-05,0.05000000074505806,0.009999999776482582,0.05000000074505806,0.0010000000474974513,0.0010000000474974513,1.0,0.03422833979129791,0.0003031045198440552,0.0,0.0,0.0,0.0,0.0,0.0,0.0,0.0,-1.2562998533248901,-1.2562998533248901,1.0,-1.2562998533248901,-1.2562998533248901,-1.230818271636963,0.0,-3.507917642593384,2.746704339981079,1.0,0.03422833979129791,1.0,0.0,0.0,0.03422833979129791,0.0,0.0,0.0003031045198440552,0.0,0.10030310600996017,0.10839597135782242,0.0034776628017425537,0.8794817924499512,0.25564077496528625,0.0,0.0,0.0,0.0,0.0,0.0,0.0,0.0,1.0,0.0,0.0012539252638816833,0.322971373796463,0.41637295484542847,0.07255525141954422,0.0,0.10455555468797684,0.10397753864526749,0.10397753864526749,0.12333308905363083,-0.04591291397809982,-1.4384179958248922e-10,0.0,0.0,4.2138752937316895,4.2138752937316895,2.582305908203125,2.582305908203125,0.5125485062599182,0.0,0.0,0.0,0.0,0.10030310600996017,0.12895354628562927,2.2990193428995553e-06,0.9839189648628235,0.25564077496528625,0.024264708161354065,2.467231035232544,2.583810567855835,2.582305908203125,2.5728089809417725,2.746704339981079,0.0,0.09010931104421616,1.0,1.4132499694824219,1.4609410762786865,1.493351697921753,0.0,0.001794394920580089,0.0015955246053636074,4.258306580595672e-05,0.006456439848989248,0.00017943947750609368,0.0006456439732573926,0.0,0.001794394920580089,12.0,0.0,0.0,0.0,0.0,0.0,0.0,,,,,,,,,,,,,,,,,,,,,,0.0005
31,5177,train_epoch,0.0501807346315441,0.10430856624584713,0.10478148239101479,0.0,0.0034796059156717834,0.0034796059156717834,0.0,2.4605200133637752,9.999999747378752e-05,0.05000000074505806,0.009999999776482582,0.05000000074505806,0.0010000000474974513,0.0010000000474974513,1.0,0.033519736797866705,0.007626581245553708,0.0,0.0,0.0,0.0,0.0,0.0,0.0,0.0,-1.2590884341451223,-1.2590884341451223,1.0,-1.2590884341451223,-1.2590884312898099,-1.2341218373018825,0.0,-3.5077986317480394,2.7484526619939746,1.0,0.033519736797866705,1.0,0.0,0.0,0.033519736797866705,0.0,0.0,0.007626581245553708,0.0,0.09984504413640427,0.10324561917139384,0.0037052515973643716,0.8784092375618255,0.25692781805992126,0.0,0.0,0.0,0.0,0.0,0.0,0.0,0.0,1.0,0.0,0.00099798450493923,0.3198448508799433,0.41500682638076963,0.07235259562730789,0.0,0.10478148239101479,0.10430856624584713,0.10430856624584713,0.1177966946256375,-0.042840700178312326,-1.1984234001488699e-12,0.0,0.0,4.111022752202199,4.111022760768137,2.570535284316468,2.570535284316468,0.48277075686854515,0.0,0.0,0.0,0.0,0.0998450425302911,0.12507848927896179,6.144355929491811e-06,0.9834470127870937,0.25692781805992126,0.021728190108241435,2.497418851909523,2.5734854543994286,2.570535284316468,2.566263014684894,2.7484526619939746,0.0,0.08838705067149179,1.0,1.5118953425013377,1.5110443530682318,1.511757837084239,0.0,0.0033899215761081366,0.002186029787666114,0.00010110414838127489,0.009140763362077716,0.00033899216597598646,0.0009140763536352151,0.0,0.003389921583079114,12.0,0.0,0.0,0.0,0.0,0.0,0.0,,,,,,,,,,,,,,,,,,,,,,0.0005
31,5177,val,,,,,,,,,,,,,,,,,,,,,,,,,,,,,,,,,,,,,,,,,,,,,,,,,,,,,,,,,,,,,,,,,,,,,,,,,,,,,,,,,,,,,,,,,,,,,,,,,,,,,,,,,,,,,,,,,,,15.525779315403529,643.446246283395,25.366242257839353,11.118691248553139,7.1135334968566895,14.420330728803362,23.37848306325913,9.965282227311816,6.577062691961016,15.49040140424456,25.34773610900738,10.934428938797542,7.075144384588514,17.60640718255724,28.501034490793053,13.170675916331154,8.148416706493922,15.525779315403529,25.366242257839353,11.118691248553139,7.1135334968566895,0.0005
31,5177,test,,,,,,,,,,,,,,,,,,,,,,,,,,,,,,,,,,,,,,,,,,,,,,,,,,,,,,,,,,,,,,,,,,,,,,,,,,,,,,,,,,,,,,,,,,,,,,,,,,,,,,,,,,,,,,,,,,,26.92746869155339,1749.2201584407262,41.82367939864601,25.86173825604575,12.363828454698835,20.46152835232871,30.870246022585853,19.235969798905508,9.390356319291252,26.696637102535792,40.57622531477485,25.59511343070439,12.22699751172747,36.34908408778055,54.42784140332926,35.92386099270412,16.712754726409912,26.92746869155339,41.82367939864601,25.86173825604575,12.363828454698835,0.0005
32,5180,train,0.05231059715151787,0.10506612807512283,0.10647059977054596,0.0,0.0035848021507263184,0.0035848021507263184,0.0,2.441723585128784,9.999999747378752e-05,0.05000000074505806,0.009999999776482582,0.05000000074505806,0.0010000000474974513,0.0010000000474974513,1.0,0.031197234988212585,0.017924949526786804,0.0,0.0,0.0,0.0,0.0,0.0,0.0,0.0,-1.2420365810394287,-1.2420365810394287,1.0,-1.2420365810394287,-1.2420365810394287,-1.2148412466049194,0.0,-3.478428602218628,2.7935166358947754,1.0,0.031197234988212585,1.0,0.0,0.0,0.031197234988212585,0.0,0.0,0.017924949526786804,0.0,0.08207505941390991,0.08780153095722198,0.003290239255875349,0.8338381052017212,0.2277793288230896,0.0,0.0,0.0,0.0,0.0,0.0,0.0,0.0,1.0,0.0,0.0021198259200900793,0.32211068272590637,0.4252445101737976,0.07416494190692902,0.0,0.10647059977054596,0.10506612807512283,0.10506612807512283,0.11576423794031143,-0.024206167086958885,4.5665988351872855e-11,0.0,0.0,4.2029924392700195,4.2029924392700195,2.6163954734802246,2.6163954734802246,0.4852210581302643,0.0,0.0,0.0,0.0,0.08207505196332932,0.10735129565000534,1.924060370583902e-06,0.9860230684280396,0.2277793288230896,0.013503370806574821,2.5204126834869385,2.617863893508911,2.6163954734802246,2.582087516784668,2.7935166358947754,0.0,0.0945802628993988,1.0,1.4969310760498047,1.50839364528656,1.5211639404296875,0.0,0.0029169926419854164,0.0021008222829550505,8.985998283606023e-05,0.007678254507482052,0.00029169925255700946,0.0007678254623897374,0.0,0.0029169926419854164,12.0,0.0,0.0,0.0,0.0,0.0,0.0,,,,,,,,,,,,,,,,,,,,,,0.0005
32,5200,train,0.046258024871349335,0.10194894671440125,0.10265899449586868,0.0,0.0032848436385393143,0.0032848436385393143,0.0,2.462186098098755,9.999999747378752e-05,0.05000000074505806,0.009999999776482582,0.05000000074505806,0.0010000000474974513,0.0010000000474974513,1.0,0.03863423317670822,0.005677506327629089,0.0,0.0,0.0,0.0,0.0,0.0,0.0,0.0,-1.2779582738876343,-1.2779582738876343,1.0,-1.2779582738876343,-1.2779583930969238,-1.2549234628677368,0.0,-3.537790298461914,2.727745532989502,1.0,0.03863423317670822,1.0,0.0,0.0,0.03863423317670822,0.0,0.0,0.005677506327629089,0.0,0.09432248771190643,0.10347536206245422,0.0033066614996641874,0.8996460437774658,0.24637874960899353,0.0,0.0,0.0,0.0,0.0,0.0,0.0,0.0,1.0,0.0,0.001169560244306922,0.31154459714889526,0.4100485146045685,0.07224037498235703,0.0,0.10265899449586868,0.10194894671440125,0.10194894671440125,0.12424269318580627,-0.06085362657904625,-1.5548703991008495e-10,0.0,0.0,4.038345813751221,4.038345813751221,2.5805506706237793,2.5805506706237793,0.512779176235199,0.0,0.0,0.0,0.0,0.09432249516248703,0.12355276942253113,1.2744802006636746e-05,0.9897670149803162,0.24637874960899353,0.021760111674666405,2.5475571155548096,2.5773890018463135,2.5805506706237793,2.5785462856292725,2.727745532989502,0.0,0.08878143876791,1.0,1.5066843032836914,1.519921064376831,1.5065478086471558,0.0,0.0027431054040789604,0.002009809948503971,0.00015998771414160728,0.008643919602036476,0.00027431052876636386,0.0008643919718451798,0.0,0.0027431051712483168,12.0,0.0,0.0,0.0,0.0,0.0,0.0,,,,,,,,,,,,,,,,,,,,,,0.0005
32,5220,train,0.04571077972650528,0.10115015506744385,0.10143481940031052,0.0,0.0034555448219180107,0.0034555448219180107,0.0,2.4814558029174805,9.999999747378752e-05,0.05000000074505806,0.009999999776482582,0.05000000074505806,0.0010000000474974513,0.0010000000474974513,1.0,0.030935443937778473,0.011941462755203247,0.0,0.0,0.0,0.0,0.0,0.0,0.0,0.0,-1.2698357105255127,-1.2698357105255127,1.0,-1.2698357105255127,-1.2698357105255127,-1.2531675100326538,0.0,-3.5263094902038574,2.744320869445801,1.0,0.030935443937778473,1.0,0.0,0.0,0.030935443937778473,0.0,0.0,0.011941462755203247,0.0,0.11194146424531937,0.1094973012804985,0.0013713643420487642,0.8887504935264587,0.28132161498069763,0.0,0.0,0.0,0.0,0.0,0.0,0.0,0.0,1.0,0.0,0.000690553686581552,0.3217761516571045,0.40538397431373596,0.07037865370512009,0.0,0.10143481940031052,0.10115015506744385,0.10115015506744385,0.11500797420740128,-0.035993944853544235,-2.3046990704767012e-10,0.0,0.0,4.120497226715088,4.120497226715088,2.532362699508667,2.532362699508667,0.47357451915740967,0.0,0.0,0.0,0.0,0.11194146424531937,0.13060997426509857,6.063623459340306e-06,0.9821867942810059,0.28132161498069763,0.02401961013674736,2.478363037109375,2.5324864387512207,2.532362699508667,2.555795907974243,2.744320869445801,0.0,0.0828588679432869,1.0,1.4280622005462646,1.4562902450561523,1.4672163724899292,0.0,0.004110937472432852,0.002547189360484481,4.6597440814366564e-05,0.009236892685294151,0.00041109370067715645,0.0009236892801709473,0.0,0.0041109370067715645,12.0,0.0,0.0,0.0,0.0,0.0,0.0,,,,,,,,,,,,,,,,,,,,,,0.0005
32,5240,train,0.05221525952219963,0.10455594211816788,0.10505690425634384,0.0,0.0036364274565130472,0.0036364274565130472,0.0,2.42154860496521,9.999999747378752e-05,0.05000000074505806,0.009999999776482582,0.05000000074505806,0.0010000000474974513,0.0010000000474974513,1.0,0.027866482734680176,0.004467204213142395,0.0,0.0,0.0,0.0,0.0,0.0,0.0,0.0,-1.2301393747329712,-1.2301393747329712,1.0,-1.2301393747329712,-1.2301394939422607,-1.2043343782424927,0.0,-3.4443931579589844,2.8255574703216553,1.0,0.027866482734680176,1.0,0.0,0.0,0.027866482734680176,0.0,0.0,0.004467204213142395,0.0,0.10446721315383911,0.1050436794757843,0.0028794794343411922,0.8385356664657593,0.2622184157371521,0.0,0.0,0.0,0.0,0.0,0.0,0.0,0.0,1.0,0.0,0.0008050586911849678,0.3214319944381714,0.41815006732940674,0.07571731507778168,0.0,0.10505690425634384,0.10455594211816788,0.10455594211816788,0.11477851867675781,-0.03208944573998451,9.191850752765518e-11,0.0,0.0,4.155170440673828,4.155170440673828,2.5775392055511475,2.5775392055511475,0.4700838029384613,0.0,0.0,0.0,0.0,0.10446720570325851,0.13112719357013702,4.24257223130553e-06,0.9800410270690918,0.2622184157371521,0.023950675502419472,2.492598533630371,2.5863559246063232,2.5775392055511475,2.6076884269714355,2.8255574703216553,0.0,0.08735121041536331,1.0,1.5693554878234863,1.526158332824707,1.524810791015625,0.0,0.00616059172898531,0.003356744535267353,0.0002399719087406993,0.01225979533046484,0.000616059172898531,0.001225979533046484,0.0,0.00616059172898531,12.0,0.0,0.0,0.0,0.0,0.0,0.0,,,,,,,,,,,,,,,,,,,,,,0.0005
32,5260,train,0.048061564564704895,0.10420652478933334,0.10434085875749588,0.0,0.0033830017782747746,0.0033830017782747746,0.0,2.488842010498047,9.999999747378752e-05,0.05000000074505806,0.009999999776482582,0.05000000074505806,0.0010000000474974513,0.0010000000474974513,1.0,0.037505850195884705,0.010189980268478394,0.0,0.0,0.0,0.0,0.0,0.0,0.0,0.0,-1.2913143634796143,-1.2913143634796143,1.0,-1.2913143634796143,-1.2913143634796143,-1.2666105031967163,0.0,-3.5692572593688965,2.6907060146331787,1.0,0.037505850195884705,1.0,0.0,0.0,0.037505850195884705,0.0,0.0,0.010189980268478394,0.0,0.11018998920917511,0.11240972578525543,0.005942446179687977,0.8768433332443237,0.273468941450119,0.0,0.0,0.0,0.0,0.0,0.0,0.0,0.0,1.0,0.0,0.0003419411659706384,0.31983697414398193,0.40860581398010254,0.0706111490726471,0.0,0.10434085875749588,0.10420652478933334,0.10420652478933334,0.12120962888002396,-0.05874491482973099,-3.6117744212083025e-11,0.0,0.0,4.20053768157959,4.20053768157959,2.559945821762085,2.559945821762085,0.5014948844909668,0.0,0.0,0.0,0.0,0.11018998175859451,0.13423211872577667,6.011767709424021e-06,0.9850246906280518,0.273468941450119,0.02562040649354458,2.4721336364746094,2.563673496246338,2.559945821762085,2.5527846813201904,2.6907060146331787,0.0,0.08584090322256088,1.0,1.4979944229125977,1.4568243026733398,1.468245267868042,0.0,0.0024351938627660275,0.0018020537681877613,2.3627046175533906e-05,0.006641738582402468,0.00024351937463507056,0.0006641738582402468,0.0,0.0024351938627660275,12.0,0.0,0.0,0.0,0.0,0.0,0.0,,,,,,,,,,,,,,,,,,,,,,0.0005
32,5280,train,0.051543641835451126,0.10553089529275894,0.10647262632846832,0.0,0.003586628707125783,0.003586628707125783,0.0,2.4763286113739014,9.999999747378752e-05,0.05000000074505806,0.009999999776482582,0.05000000074505806,0.0010000000474974513,0.0010000000474974513,1.0,0.03407164663076401,0.005074433982372284,0.0,0.0,0.0,0.0,0.0,0.0,0.0,0.0,-1.2624647617340088,-1.2624647617340088,1.0,-1.2624647617340088,-1.2624646425247192,-1.23824942111969,0.0,-3.5069048404693604,2.7348968982696533,1.0,0.03407164663076401,1.0,0.0,0.0,0.03407164663076401,0.0,0.0,0.005074433982372284,0.0,0.105074442923069,0.10914561152458191,0.005383532494306564,0.8871914744377136,0.2657831907272339,0.0,0.0,0.0,0.0,0.0,0.0,0.0,0.0,1.0,0.0,0.0018041704315692186,0.32143154740333557,0.4161977469921112,0.07150190323591232,0.0,0.10647262632846832,0.10553089529275894,0.10553089529275894,0.11922210454940796,-0.035434991121292114,-4.7087147549140784e-12,0.0,0.0,3.988435745239258,3.988435745239258,2.580731153488159,2.580731153488159,0.4636463522911072,0.0,0.0,0.0,0.0,0.1050744354724884,0.13061417639255524,1.3713084626942873e-05,0.9895355105400085,0.2657831907272339,0.024126838892698288,2.512580394744873,2.5833017826080322,2.580731153488159,2.5578625202178955,2.7348968982696533,0.0,0.09788093715906143,1.0,1.4852372407913208,1.5315136909484863,1.5323045253753662,0.0,0.0030136944260448217,0.0021952278912067413,5.3873467550147325e-05,0.009285831823945045,0.0003013694076798856,0.0009285832056775689,0.0,0.0030136944260448217,12.0,0.0,0.0,0.0,0.0,0.0,0.0,,,,,,,,,,,,,,,,,,,,,,0.0005
32,5300,train,0.05565233156085014,0.10877486318349838,0.10909739136695862,0.0,0.003429222386330366,0.003429222386330366,0.0,2.420792818069458,9.999999747378752e-05,0.05000000074505806,0.009999999776482582,0.05000000074505806,0.0010000000474974513,0.0010000000474974513,1.0,0.03186022490262985,0.004826769232749939,0.0,0.0,0.0,0.0,0.0,0.0,0.0,0.0,-1.2565373182296753,-1.2565373182296753,1.0,-1.2565373182296753,-1.2565373182296753,-1.2300922870635986,0.0,-3.5118255615234375,2.724715232849121,1.0,0.03186022490262985,1.0,0.0,0.0,0.03186022490262985,0.0,0.0,0.004826769232749939,0.0,0.09517323225736618,0.09701719135046005,0.003756552468985319,0.8597142100334167,0.2542308270931244,0.0,0.0,0.0,0.0,0.0,0.0,0.0,0.0,1.0,0.0,0.0007275956450030208,0.3177160322666168,0.4120371639728546,0.0755651444196701,0.0,0.10909739136695862,0.10877486318349838,0.10877486318349838,0.11932017654180527,-0.05166391655802727,1.865685210489243e-11,0.0,0.0,4.0374436378479,4.0374436378479,2.5570952892303467,2.5570952892303467,0.4862450063228607,0.0,0.0,0.0,0.0,0.09517323225736618,0.11659969389438629,5.441193479782669e-06,0.9702783226966858,0.2542308270931244,0.017064951360225677,2.506086587905884,2.5562314987182617,2.5570952892303467,2.5796167850494385,2.724715232849121,0.0,0.08626942336559296,1.0,1.5687024593353271,1.553275465965271,1.5383422374725342,0.0,0.0029196871910244226,0.0021710421424359083,0.00023866222181823105,0.008508112281560898,0.00029196872492320836,0.0008508112514391541,0.0,0.0029196874238550663,12.0,0.0,0.0,0.0,0.0,0.0,0.0,,,,,,,,,,,,,,,,,,,,,,0.0005
32,5320,train,0.05140603706240654,0.10545305162668228,0.10616037249565125,0.0,0.00354967825114727,0.00354967825114727,0.0,2.4624881744384766,9.999999747378752e-05,0.05000000074505806,0.009999999776482582,0.05000000074505806,0.0010000000474974513,0.0010000000474974513,1.0,0.03801281750202179,0.005825728178024292,0.0,0.0,0.0,0.0,0.0,0.0,0.0,0.0,-1.2624443769454956,-1.2624443769454956,1.0,-1.2624443769454956,-1.262444257736206,-1.2397284507751465,0.0,-3.5188255310058594,2.7716219425201416,1.0,0.03801281750202179,1.0,0.0,0.0,0.03801281750202179,0.0,0.0,0.005825728178024292,0.0,0.09417427331209183,0.10391300916671753,0.005346736870706081,0.8987919092178345,0.24730899930000305,0.0,0.0,0.0,0.0,0.0,0.0,0.0,0.0,1.0,0.0,0.0012785940198227763,0.32798802852630615,0.4162672162055969,0.07253144681453705,0.0,0.10616037249565125,0.10545305162668228,0.10545305162668228,0.10860864073038101,-0.039467811584472656,8.64450108717385e-11,0.0,0.0,4.17982816696167,4.17982816696167,2.567913770675659,2.567913770675659,0.445176899433136,0.0,0.0,0.0,0.0,0.09417427331209183,0.12275993824005127,2.3712180336588062e-05,0.9830911755561829,0.24730899930000305,0.021040135994553566,2.4664130210876465,2.5712668895721436,2.567913770675659,2.5640995502471924,2.7716219425201416,0.0,0.08710604906082153,1.0,1.4657007455825806,1.4413732290267944,1.4484820365905762,0.0,0.0023772483691573143,0.0019303006120026112,1.941307527886238e-05,0.01041194424033165,0.00023772483109496534,0.001041194424033165,0.0,0.0023772483691573143,12.0,0.0,0.0,0.0,0.0,0.0,0.0,,,,,,,,,,,,,,,,,,,,,,0.0005
32,5340,train,0.05811677873134613,0.11016976088285446,0.11085431277751923,0.0,0.0033487780019640923,0.0033487780019640923,0.0,2.4390482902526855,9.999999747378752e-05,0.05000000074505806,0.009999999776482582,0.05000000074505806,0.0010000000474974513,0.0010000000474974513,1.0,0.030432993546128273,0.003924921154975891,0.0,0.0,0.0,0.0,0.0,0.0,0.0,0.0,-1.2444924116134644,-1.2444924116134644,1.0,-1.2444924116134644,-1.2444924116134644,-1.221199631690979,0.0,-3.4885897636413574,2.752291440963745,1.0,0.030432993546128273,1.0,0.0,0.0,0.030432993546128273,0.0,0.0,0.003924921154975891,0.0,0.10392492264509201,0.10598848760128021,0.00600928720086813,0.895716667175293,0.26318931579589844,0.0,0.0,0.0,0.0,0.0,0.0,0.0,0.0,1.0,0.0,0.0013959245989099145,0.30945566296577454,0.4183749258518219,0.07412230968475342,0.0,0.11085431277751923,0.11016976088285446,0.11016976088285446,0.11111297458410263,-0.03757361322641373,-7.185513989371728e-11,0.0,0.0,4.02492094039917,4.02492094039917,2.596266746520996,2.596266746520996,0.43653395771980286,0.0,0.0,0.0,0.0,0.10392492264509201,0.13056513667106628,2.6901559522229945e-06,0.9864559173583984,0.26318931579589844,0.025045957416296005,2.5347747802734375,2.603048324584961,2.596266746520996,2.579798936843872,2.752291440963745,0.0,0.09059271961450577,1.0,1.6089739799499512,1.558874487876892,1.5535571575164795,0.0,0.002379902871325612,0.001741632237099111,3.199895581929013e-05,0.008582171984016895,0.0002379902871325612,0.0008582171867601573,0.0,0.002379902871325612,12.0,0.0,0.0,0.0,0.0,0.0,0.0,,,,,,,,,,,,,,,,,,,,,,0.0005
32,5344,train_epoch,0.04998923135464063,0.10404199986400718,0.10452807913283388,0.0,0.003488865201389361,0.003488865201389361,0.0,2.453291954394586,9.999999747378752e-05,0.05000000074505806,0.009999999776482582,0.05000000074505806,0.0010000000474974513,0.0010000000474974513,1.0,0.0320506032310917,0.007817405337345101,0.0,0.0,0.0,0.0,0.0,0.0,0.0,0.0,-1.256967076284443,-1.256967076284443,1.0,-1.256967076284443,-1.2569670727153024,-1.2329648690309354,0.0,-3.50360899057217,2.7559327750862717,1.0,0.0320506032310917,1.0,0.0,0.0,0.0320506032310917,0.0,0.0,0.007817405337345101,0.0,0.10067353308379293,0.10381599189992437,0.003912193511060612,0.8795123135972166,0.2591870022926502,0.0,0.0,0.0,0.0,0.0,0.0,0.0,0.0,1.0,0.0,0.001030435223354746,0.3208148329557773,0.41630840765501925,0.07320992907364211,0.0,0.10452807913283388,0.10404199986400718,0.10404199986400718,0.11638018756569503,-0.04010617756424193,-2.905655138887163e-12,0.0,0.0,4.126065491202349,4.126065491202349,2.5834160878986654,2.5834160878986654,0.478885882628892,0.0,0.0,0.0,0.0,0.1006735318345938,0.1250794573636826,6.364598338073918e-06,0.9843429762446237,0.2591870022926502,0.02175979056356553,2.508084622685781,2.585958129631545,2.5834160878986654,2.579115881891308,2.7559327750862717,0.0,0.08831926301389398,1.0,1.505843855663688,1.5051985779208337,1.50562425930343,0.0,0.0030868610563760477,0.002072274650051119,8.118470053537084e-05,0.008689681667566835,0.0003086861087396897,0.0008689681847766599,0.0,0.0030868610187327703,12.0,0.0,0.0,0.0,0.0,0.0,0.0,,,,,,,,,,,,,,,,,,,,,,0.0005
32,5344,val,,,,,,,,,,,,,,,,,,,,,,,,,,,,,,,,,,,,,,,,,,,,,,,,,,,,,,,,,,,,,,,,,,,,,,,,,,,,,,,,,,,,,,,,,,,,,,,,,,,,,,,,,,,,,,,,,,,15.250883851732526,632.9384163447788,25.15826735577748,10.869393953255244,6.9515528338296075,14.259096494742803,23.290379531642248,10.158018384660993,6.502207279205322,15.196572303771973,25.14622595437604,10.749107573713575,6.927207291126251,17.03673607962472,27.99614626775307,12.511087034429822,7.780106331620898,15.250883851732526,25.15826735577748,10.869393953255244,6.9515528338296075,0.0005
32,5344,test,,,,,,,,,,,,,,,,,,,,,,,,,,,,,,,,,,,,,,,,,,,,,,,,,,,,,,,,,,,,,,,,,,,,,,,,,,,,,,,,,,,,,,,,,,,,,,,,,,,,,,,,,,,,,,,,,,,26.516672696386063,1704.292961393084,41.28308323506232,26.546590634754725,12.283578038215637,19.97524951185499,29.99391771602982,20.5329287307603,9.279275340693337,26.250050050871714,39.801930833385725,26.54423953805651,12.139945183481489,36.039148466927664,54.30537069005275,35.92550591060093,16.652626122747147,26.516672696386063,41.28308323506232,26.546590634754725,12.283578038215637,0.0005
33,5360,train,0.050332315266132355,0.10449841618537903,0.10526494681835175,0.0,0.0034590999130159616,0.0034590999130159616,0.0,2.4717118740081787,9.999999747378752e-05,0.05000000074505806,0.009999999776482582,0.05000000074505806,0.0010000000474974513,0.0010000000474974513,1.0,0.02851416915655136,0.000678136944770813,0.0,0.0,0.0,0.0,0.0,0.0,0.0,0.0,-1.2611401081085205,-1.2611401081085205,1.0,-1.2611401081085205,-1.2611401081085205,-1.2415080070495605,0.0,-3.506636619567871,2.7499184608459473,1.0,0.02851416915655136,1.0,0.0,0.0,0.02851416915655136,0.0,0.0,0.000678136944770813,0.0,0.10067813843488693,0.10202009230852127,0.0055286153219640255,0.8694504499435425,0.2606159448623657,0.0,0.0,0.0,0.0,0.0,0.0,0.0,0.0,1.0,0.0,0.0013625192223116755,0.3204633295536041,0.4116245210170746,0.07109896093606949,0.0,0.10526494681835175,0.10449841618537903,0.10449841618537903,0.1151522696018219,-0.04218512028455734,1.2634573942627014e-10,0.0,0.0,4.0881757736206055,4.0881757736206055,2.524260997772217,2.524260997772217,0.4667639434337616,0.0,0.0,0.0,0.0,0.10067813843488693,0.12481902539730072,4.546285344986245e-05,0.9783313274383545,0.2606159448623657,0.02196691371500492,2.476407051086426,2.525137186050415,2.524260997772217,2.558436155319214,2.7499184608459473,0.0,0.08997537195682526,1.0,1.4553611278533936,1.47494637966156,1.4917943477630615,0.0,0.0025501511991024017,0.001971821067854762,0.00020939562818966806,0.008771887049078941,0.00025501512573100626,0.000877188693266362,0.0,0.0025501511991024017,12.0,0.0,0.0,0.0,0.0,0.0,0.0,,,,,,,,,,,,,,,,,,,,,,0.0005
33,5380,train,0.04492999613285065,0.09967777132987976,0.10004371404647827,0.0,0.003527416381984949,0.003527416381984949,0.0,2.4625091552734375,9.999999747378752e-05,0.05000000074505806,0.009999999776482582,0.05000000074505806,0.0010000000474974513,0.0010000000474974513,1.0,0.02946608141064644,0.002326279878616333,0.0,0.0,0.0,0.0,0.0,0.0,0.0,0.0,-1.2535154819488525,-1.2535154819488525,1.0,-1.2535154819488525,-1.2535154819488525,-1.2350478172302246,0.0,-3.5104594230651855,2.7396764755249023,1.0,0.02946608141064644,1.0,0.0,0.0,0.02946608141064644,0.0,0.0,0.002326279878616333,0.0,0.10232627391815186,0.10116854310035706,0.004565853159874678,0.9207202792167664,0.2687205970287323,0.0,0.0,0.0,0.0,0.0,0.0,0.0,0.0,1.0,0.0,0.0008672682452015579,0.3248508870601654,0.41884565353393555,0.07225420325994492,0.0,0.10004371404647827,0.09967777132987976,0.09967777132987976,0.10793004930019379,-0.03713160753250122,-1.8047958960654142e-10,0.0,0.0,4.195761203765869,4.195761203765869,2.5973756313323975,2.5973756313323975,0.44439250230789185,0.0,0.0,0.0,0.0,0.10232628136873245,0.11981788277626038,4.1389380385226104e-06,0.9798968434333801,0.2687205970287323,0.018374694511294365,2.5101163387298584,2.5968074798583984,2.5973756313323975,2.594489336013794,2.7396764755249023,0.0,0.08510987460613251,1.0,1.4857536554336548,1.4838565587997437,1.4908102750778198,0.0,0.0022264113649725914,0.0014267785008996725,6.300276436377317e-05,0.005276571959257126,0.00022264114522840828,0.000527657219208777,0.0,0.0022264113649725914,12.0,0.0,0.0,0.0,0.0,0.0,0.0,,,,,,,,,,,,,,,,,,,,,,0.0005
33,5400,train,0.05144577845931053,0.1046992614865303,0.10514038056135178,0.0,0.0033527615014463663,0.0033527615014463663,0.0,2.413219928741455,9.999999747378752e-05,0.05000000074505806,0.009999999776482582,0.05000000074505806,0.0010000000474974513,0.0010000000474974513,1.0,0.02812052331864834,0.003070347011089325,0.0,0.0,0.0,0.0,0.0,0.0,0.0,0.0,-1.2453619241714478,-1.2453619241714478,1.0,-1.2453619241714478,-1.2453619241714478,-1.2268890142440796,0.0,-3.4778661727905273,2.757890224456787,1.0,0.02812052331864834,1.0,0.0,0.0,0.02812052331864834,0.0,0.0,0.003070347011089325,0.0,0.0969296544790268,0.09215661883354187,0.005317690782248974,0.8302297592163086,0.26063868403434753,0.0,0.0,0.0,0.0,0.0,0.0,0.0,0.0,1.0,0.0,0.0008190059452317655,0.3262324929237366,0.41207823157310486,0.07583372294902802,0.0,0.10514038056135178,0.1046992614865303,0.1046992614865303,0.11082608252763748,-0.029343286529183388,-1.7108379990471434e-10,0.0,0.0,4.160844802856445,4.160844802856445,2.560992479324341,2.560992479324341,0.464701771736145,0.0,0.0,0.0,0.0,0.0969296544790268,0.11353997141122818,1.1239138075325172e-05,0.9826613068580627,0.26063868403434753,0.015050552785396576,2.4920694828033447,2.561631917953491,2.560992479324341,2.57574725151062,2.757890224456787,0.0,0.07930692285299301,1.0,1.443919062614441,1.4669755697250366,1.5096840858459473,0.0,0.0022675087675452232,0.0016569542931392789,1.1100931260443758e-05,0.00890248455107212,0.00022675088257528841,0.0008902484551072121,0.0,0.0022675087675452232,12.0,0.0,0.0,0.0,0.0,0.0,0.0,,,,,,,,,,,,,,,,,,,,,,0.0005
33,5420,train,0.04789981618523598,0.10193290561437607,0.102144256234169,0.0,0.0035996302030980587,0.0035996302030980587,0.0,2.457603931427002,9.999999747378752e-05,0.05000000074505806,0.009999999776482582,0.05000000074505806,0.0010000000474974513,0.0010000000474974513,1.0,0.03274546563625336,0.007981985807418823,0.0,0.0,0.0,0.0,0.0,0.0,0.0,0.0,-1.2488068342208862,-1.2488068342208862,1.0,-1.2488068342208862,-1.2488069534301758,-1.2248834371566772,0.0,-3.48579740524292,2.8224549293518066,1.0,0.03274546563625336,1.0,0.0,0.0,0.03274546563625336,0.0,0.0,0.007981985807418823,0.0,0.0920180231332779,0.09928351640701294,0.0038066457491368055,0.8531110286712646,0.24325355887413025,0.0,0.0,0.0,0.0,0.0,0.0,0.0,0.0,1.0,0.0,0.0006582842324860394,0.33049237728118896,0.4197872579097748,0.0725938081741333,0.0,0.102144256234169,0.10193290561437607,0.10193290561437607,0.11660449206829071,-0.03704439848661423,2.150013500568093e-11,0.0,0.0,4.058358192443848,4.058358192443848,2.5990490913391113,2.5990490913391113,0.47512683272361755,0.0,0.0,0.0,0.0,0.0920180156826973,0.12020785361528397,2.9383024866547203e-06,0.9769246578216553,0.24325355887413025,0.019087010994553566,2.512535572052002,2.603095293045044,2.5990490913391113,2.643406391143799,2.8224549293518066,0.0,0.08519065380096436,1.0,1.448836088180542,1.4999616146087646,1.518053412437439,0.0,0.0027837706729769707,0.002039743820205331,9.976007277145982e-05,0.008360824547708035,0.000278377061476931,0.0008360824431292713,0.0,0.0027837706729769707,12.0,0.0,0.0,0.0,0.0,0.0,0.0,,,,,,,,,,,,,,,,,,,,,,0.0005
33,5440,train,0.055527426302433014,0.10879900306463242,0.10903311520814896,0.0,0.00363161601126194,0.00363161601126194,0.0,2.434241533279419,9.999999747378752e-05,0.05000000074505806,0.009999999776482582,0.05000000074505806,0.0010000000474974513,0.0010000000474974513,1.0,0.034060508012771606,0.001054033637046814,0.0,0.0,0.0,0.0,0.0,0.0,0.0,0.0,-1.258971929550171,-1.258971929550171,1.0,-1.258971929550171,-1.2589720487594604,-1.2378730773925781,0.0,-3.5049870014190674,2.7343766689300537,1.0,0.034060508012771606,1.0,0.0,0.0,0.034060508012771606,0.0,0.0,0.001054033637046814,0.0,0.10105403512716293,0.10990944504737854,0.0030944845639169216,0.8907679319381714,0.2586669921875,0.0,0.0,0.0,0.0,0.0,0.0,0.0,0.0,1.0,0.0,0.0007185222930274904,0.3261444568634033,0.422105073928833,0.07416379451751709,0.0,0.10903311520814896,0.10879900306463242,0.10879900306463242,0.11131279915571213,-0.04000753536820412,6.576637151534115e-11,0.0,0.0,4.16634464263916,4.16634464263916,2.6090617179870605,2.6090617179870605,0.4576489329338074,0.0,0.0,0.0,0.0,0.10105403512716293,0.12772247195243835,2.1895864847465418e-05,0.9896071553230286,0.2586669921875,0.023713236674666405,2.523723602294922,2.611133337020874,2.6090617179870605,2.596438407897949,2.7343766689300537,0.0,0.08884770423173904,1.0,1.4926848411560059,1.4965684413909912,1.4978126287460327,0.0,0.003049681195989251,0.0019131089793518186,0.00022353035456035286,0.00812199991196394,0.00030496809631586075,0.0008122000144794583,0.0,0.0030496809631586075,12.0,0.0,0.0,0.0,0.0,0.0,0.0,,,,,,,,,,,,,,,,,,,,,,0.0005
33,5460,train,0.04916681349277496,0.10391714423894882,0.10401595383882523,0.0,0.0034163114614784718,0.0034163114614784718,0.0,2.4554569721221924,9.999999747378752e-05,0.05000000074505806,0.009999999776482582,0.05000000074505806,0.0010000000474974513,0.0010000000474974513,1.0,0.028023041784763336,0.0009685978293418884,0.0,0.0,0.0,0.0,0.0,0.0,0.0,0.0,-1.2666478157043457,-1.2666478157043457,1.0,-1.2666478157043457,-1.2666478157043457,-1.240576982498169,0.0,-3.521817684173584,2.7455904483795166,1.0,0.028023041784763336,1.0,0.0,0.0,0.028023041784763336,0.0,0.0,0.0009685978293418884,0.0,0.10096859931945801,0.1015951931476593,0.004169444087892771,0.8924674987792969,0.26127830147743225,0.0,0.0,0.0,0.0,0.0,0.0,0.0,0.0,1.0,0.0,0.00042540067806839943,0.32233986258506775,0.4142228364944458,0.07240193337202072,0.0,0.10401595383882523,0.10391714423894882,0.10391714423894882,0.11553868651390076,-0.04590890184044838,9.578563636702953e-11,0.0,0.0,4.153958797454834,4.153958797454834,2.574632167816162,2.574632167816162,0.47513753175735474,0.0,0.0,0.0,0.0,0.10096859931945801,0.12579452991485596,3.6038647522218525e-05,0.9897486567497253,0.26127830147743225,0.0233762264251709,2.5031604766845703,2.5779495239257812,2.574632167816162,2.576498031616211,2.7455904483795166,0.0,0.08360564708709717,1.0,1.4906541109085083,1.5021073818206787,1.49237859249115,0.0,0.0020616292022168636,0.0015088964719325304,3.96653194911778e-05,0.006126946769654751,0.0002061629347736016,0.0006126947118900716,0.0,0.0020616292022168636,12.0,0.0,0.0,0.0,0.0,0.0,0.0,,,,,,,,,,,,,,,,,,,,,,0.0005
33,5480,train,0.05233162268996239,0.10531733930110931,0.10607124865055084,0.0,0.0034827764611691236,0.0034827764611691236,0.0,2.450259208679199,9.999999747378752e-05,0.05000000074505806,0.009999999776482582,0.05000000074505806,0.0010000000474974513,0.0010000000474974513,1.0,0.029302986338734627,0.009138323366641998,0.0,0.0,0.0,0.0,0.0,0.0,0.0,0.0,-1.2442927360534668,-1.2442927360534668,1.0,-1.2442927360534668,-1.2442927360534668,-1.225698709487915,0.0,-3.4860243797302246,2.7759499549865723,1.0,0.029302986338734627,1.0,0.0,0.0,0.029302986338734627,0.0,0.0,0.009138323366641998,0.0,0.09086167812347412,0.09028062224388123,0.00365610234439373,0.8812737464904785,0.2484591156244278,0.0,0.0,0.0,0.0,0.0,0.0,0.0,0.0,1.0,0.0,0.0013094517635181546,0.324492484331131,0.41530558466911316,0.07281972467899323,0.0,0.10607124865055084,0.10531733930110931,0.10531733930110931,0.1156482920050621,-0.02319679781794548,-2.3430293816240066e-10,0.0,0.0,4.115183353424072,4.115182876586914,2.578587532043457,2.578587532043457,0.47417962551116943,0.0,0.0,0.0,0.0,0.09086167812347412,0.11127409338951111,3.881045813614037e-06,0.9808972477912903,0.2484591156244278,0.015265013091266155,2.523369789123535,2.580303907394409,2.578587532043457,2.588019847869873,2.7759499549865723,0.0,0.08713261038064957,1.0,1.5459730625152588,1.5161378383636475,1.5057672262191772,0.0,0.003353389212861657,0.0026425980031490326,0.000137653318233788,0.011957341805100441,0.0003353389329276979,0.0011957342503592372,0.0,0.0033533889800310135,12.0,0.0,0.0,0.0,0.0,0.0,0.0,,,,,,,,,,,,,,,,,,,,,,0.0005
33,5500,train,0.05786805599927902,0.11021450161933899,0.110757015645504,0.0,0.0035351719707250595,0.0035351719707250595,0.0,2.4416658878326416,9.999999747378752e-05,0.05000000074505806,0.009999999776482582,0.05000000074505806,0.0010000000474974513,0.0010000000474974513,1.0,0.031195759773254395,0.020463794469833374,0.0,0.0,0.0,0.0,0.0,0.0,0.0,0.0,-1.2495073080062866,-1.2495073080062866,1.0,-1.2495073080062866,-1.2495074272155762,-1.2195292711257935,0.0,-3.492983818054199,2.769099235534668,1.0,0.031195759773254395,1.0,0.0,0.0,0.031195759773254395,0.0,0.0,0.020463794469833374,0.0,0.07953621447086334,0.0868803933262825,0.0019119158387184143,0.8278295993804932,0.22565636038780212,0.0,0.0,0.0,0.0,0.0,0.0,0.0,0.0,1.0,0.0,0.0010436889715492725,0.3300323188304901,0.42209750413894653,0.07454150915145874,0.0,0.110757015645504,0.11021450161933899,0.11021450161933899,0.11881275475025177,-0.051906339824199677,-9.375473314365834e-11,0.0,0.0,4.200525283813477,4.200525283813477,2.5899600982666016,2.5899600982666016,0.49914613366127014,0.0,0.0,0.0,0.0,0.07953620702028275,0.1040724441409111,9.578749086358584e-06,0.97408527135849,0.22565636038780212,0.013212316669523716,2.4885010719299316,2.5921897888183594,2.5899600982666016,2.5849761962890625,2.769099235534668,0.0,0.09164703637361526,1.0,1.5656824111938477,1.5380061864852905,1.510097861289978,0.0,0.001999076223000884,0.0016244188882410526,2.779038914013654e-05,0.008580434136092663,0.0001999076339416206,0.0008580434368923306,0.0,0.001999076223000884,12.0,0.0,0.0,0.0,0.0,0.0,0.0,,,,,,,,,,,,,,,,,,,,,,0.0005
33,5511,train_epoch,0.04959922935255987,0.10369192304725419,0.10416358544262583,0.0,0.0034741648893892585,0.0034741648893892585,0.0,2.4535505685977594,9.999999747378752e-05,0.05000000074505806,0.009999999776482582,0.05000000074505806,0.0010000000474974513,0.0010000000474974513,1.0,0.03063969130064556,0.007176808522133056,0.0,0.0,0.0,0.0,0.0,0.0,0.0,0.0,-1.2563714938249417,-1.2563714938249417,1.0,-1.2563714938249417,-1.2563714959664258,-1.2334671134720305,0.0,-3.5027758803910123,2.7566722424444325,1.0,0.03063969130064556,1.0,0.0,0.0,0.03063969130064556,0.0,0.0,0.007176808522133056,0.0,0.09949724666194287,0.10222767471910237,0.00404342807115552,0.8755064638788829,0.2584729368636708,0.0,0.0,0.0,0.0,0.0,0.0,0.0,0.0,1.0,0.0,0.0010073750992974791,0.32128178948413827,0.4166518321294271,0.0728134040436345,0.0,0.10416358544262583,0.10369192304725419,0.10369192304725419,0.11656693007774696,-0.040344837038013746,9.489883552032686e-13,0.0,0.0,4.143482296766635,4.1434823138985095,2.5875406764938447,2.5875406764938447,0.4827955124263992,0.0,0.0,0.0,0.0,0.09949724460968715,0.12307217868859183,1.0549425576709019e-05,0.9835296465965089,0.2584729368636708,0.020788983888031836,2.514177345230194,2.5894954018964027,2.5875406764938447,2.583124567648608,2.7566722424444325,0.0,0.0883006597618143,1.0,1.5036429166793823,1.5017593063994081,1.502420415421446,0.0,0.0029129067416341897,0.0019989641282908218,7.118483237931542e-05,0.0083627479184352,0.00029129068313855233,0.0008362748051580867,0.0,0.0029129067520906556,12.0,0.0,0.0,0.0,0.0,0.0,0.0,,,,,,,,,,,,,,,,,,,,,,0.0005
33,5511,val,,,,,,,,,,,,,,,,,,,,,,,,,,,,,,,,,,,,,,,,,,,,,,,,,,,,,,,,,,,,,,,,,,,,,,,,,,,,,,,,,,,,,,,,,,,,,,,,,,,,,,,,,,,,,,,,,,,15.23158427647182,634.0051076071603,25.179458048321063,10.739932468959264,6.938714419092451,14.190329023769923,23.223995109920644,9.63780062539237,6.46503256048475,15.172740612711225,25.1449938607759,10.545074718339103,6.902642514024462,17.083536982536316,28.148301107718158,12.658048408372062,7.809873027460916,15.23158427647182,25.179458048321063,10.739932468959264,6.938714419092451,0.0005
33,5511,test,,,,,,,,,,,,,,,,,,,,,,,,,,,,,,,,,,,,,,,,,,,,,,,,,,,,,,,,,,,,,,,,,,,,,,,,,,,,,,,,,,,,,,,,,,,,,,,,,,,,,,,,,,,,,,,,,,,26.567587290491378,1700.533716746739,41.23752801450081,26.107354947498866,12.257000718797956,20.195225153650558,30.464371197628004,19.200066873005458,9.324562183448247,26.399713686534337,40.057283262905024,25.996480090277537,12.159115212304252,35.71010558945792,53.6150776273342,35.82556559358324,16.463424273899623,26.567587290491378,41.23752801450081,26.107354947498866,12.257000718797956,0.0005
34,5520,train,0.054057106375694275,0.10886967927217484,0.10950476676225662,0.0,0.003420923138037324,0.003420923138037324,0.0,2.4852046966552734,9.999999747378752e-05,0.05000000074505806,0.009999999776482582,0.05000000074505806,0.0010000000474974513,0.0010000000474974513,1.0,0.03138916939496994,0.001463271677494049,0.0,0.0,0.0,0.0,0.0,0.0,0.0,0.0,-1.2860991954803467,-1.2860991954803467,1.0,-1.2860991954803467,-1.2860993146896362,-1.2593194246292114,0.0,-3.5546159744262695,2.677823066711426,1.0,0.03138916939496994,1.0,0.0,0.0,0.03138916939496994,0.0,0.0,0.001463271677494049,0.0,0.09853672236204147,0.09813280403614044,0.004648778587579727,0.873757541179657,0.2597247064113617,0.0,0.0,0.0,0.0,0.0,0.0,0.0,0.0,1.0,0.0,0.0011200123699381948,0.31744763255119324,0.4116309881210327,0.07053345441818237,0.0,0.10950476676225662,0.10886967927217484,0.10886967927217484,0.12473287433385849,-0.06275074183940887,2.9919328126126743e-10,0.0,0.0,4.078342437744141,4.078342437744141,2.538479804992676,2.538479804992676,0.509124219417572,0.0,0.0,0.0,0.0,0.09853672981262207,0.11974135041236877,1.0138196557818446e-06,0.9805741906166077,0.2597247064113617,0.018022365868091583,2.4856841564178467,2.540058135986328,2.538479804992676,2.531479835510254,2.677823066711426,0.0,0.089407779276371,1.0,1.4820961952209473,1.4999111890792847,1.4734272956848145,0.0,0.0026292097754776478,0.001782833132892847,2.899754144891631e-05,0.007026248145848513,0.0002629209484439343,0.0007026248495094478,0.0,0.0026292097754776478,12.0,0.0,0.0,0.0,0.0,0.0,0.0,,,,,,,,,,,,,,,,,,,,,,0.0005
34,5540,train,0.051182013005018234,0.10504792630672455,0.10573837906122208,0.0,0.003663670737296343,0.003663670737296343,0.0,2.4866275787353516,9.999999747378752e-05,0.05000000074505806,0.009999999776482582,0.05000000074505806,0.0010000000474974513,0.0010000000474974513,1.0,0.03007443994283676,0.006933532655239105,0.0,0.0,0.0,0.0,0.0,0.0,0.0,0.0,-1.2580407857894897,-1.2580407857894897,1.0,-1.2580407857894897,-1.2580407857894897,-1.2346136569976807,0.0,-3.499711036682129,2.7689881324768066,1.0,0.03007443994283676,1.0,0.0,0.0,0.03007443994283676,0.0,0.0,0.006933532655239105,0.0,0.09306646883487701,0.09199657291173935,0.0027632745914161205,0.8649357557296753,0.2509619891643524,0.0,0.0,0.0,0.0,0.0,0.0,0.0,0.0,1.0,0.0,0.001371993450447917,0.3240106999874115,0.41766485571861267,0.0705970898270607,0.0,0.10573837906122208,0.10504792630672455,0.10504792630672455,0.112762950360775,-0.03916656970977783,-3.7693992371856666e-10,0.0,0.0,4.15552282333374,4.15552282333374,2.6039788722991943,2.6039788722991943,0.47249141335487366,0.0,0.0,0.0,0.0,0.09306646883487701,0.11425001174211502,2.1180189833103213e-06,0.9785951972007751,0.2509619891643524,0.015893077477812767,2.5285489559173584,2.606865406036377,2.6039788722991943,2.5895655155181885,2.7689881324768066,0.0,0.0942065641283989,1.0,1.5141922235488892,1.4835238456726074,1.488602638244629,0.0,0.003023894038051367,0.002153259003534913,6.147980457171798e-05,0.009990023449063301,0.00030238943872973323,0.0009990023681893945,0.0,0.003023894038051367,12.0,0.0,0.0,0.0,0.0,0.0,0.0,,,,,,,,,,,,,,,,,,,,,,0.0005
34,5560,train,0.05425802990794182,0.10714564472436905,0.10762040317058563,0.0,0.003515345975756645,0.003515345975756645,0.0,2.4740078449249268,9.999999747378752e-05,0.05000000074505806,0.009999999776482582,0.05000000074505806,0.0010000000474974513,0.0010000000474974513,1.0,0.03030295856297016,0.0027290508151054382,0.0,0.0,0.0,0.0,0.0,0.0,0.0,0.0,-1.247798204421997,-1.247798204421997,1.0,-1.247798204421997,-1.247798204421997,-1.2253035306930542,0.0,-3.481708288192749,2.7668726444244385,1.0,0.03030295856297016,1.0,0.0,0.0,0.03030295856297016,0.0,0.0,0.0027290508151054382,0.0,0.10272906720638275,0.10773337632417679,0.005031037610024214,0.9126912951469421,0.26446977257728577,0.0,0.0,0.0,0.0,0.0,0.0,0.0,0.0,1.0,0.0,0.0008744802325963974,0.3262619972229004,0.4243328273296356,0.07224458456039429,0.0,0.10762040317058563,0.10714564472436905,0.10714564472436905,0.10761981457471848,-0.04217914119362831,2.7702351523828384e-10,0.0,0.0,4.177525520324707,4.177525520324707,2.6208996772766113,2.6208996772766113,0.4496898949146271,0.0,0.0,0.0,0.0,0.10272905230522156,0.12606272101402283,1.0353928701078985e-05,0.9838525056838989,0.26446977257728577,0.02144607901573181,2.493420362472534,2.622314929962158,2.6208996772766113,2.597925901412964,2.7668726444244385,0.0,0.08508279919624329,1.0,1.4550187587738037,1.518873929977417,1.5100266933441162,0.0,0.0017940739635378122,0.0013273301301524043,1.3040903468208853e-06,0.005229513626545668,0.00017940739053301513,0.0005229513626545668,0.0,0.0017940739635378122,12.0,0.0,0.0,0.0,0.0,0.0,0.0,,,,,,,,,,,,,,,,,,,,,,0.0005
34,5580,train,0.04564075544476509,0.10036211460828781,0.10067145526409149,0.0,0.003565071150660515,0.003565071150660515,0.0,2.499607563018799,9.999999747378752e-05,0.05000000074505806,0.009999999776482582,0.05000000074505806,0.0010000000474974513,0.0010000000474974513,1.0,0.028946034610271454,0.0010872110724449158,0.0,0.0,0.0,0.0,0.0,0.0,0.0,0.0,-1.2552316188812256,-1.2552316188812256,1.0,-1.2552316188812256,-1.2552316188812256,-1.2328250408172607,0.0,-3.497302293777466,2.8017139434814453,1.0,0.028946034610271454,1.0,0.0,0.0,0.028946034610271454,0.0,0.0,0.0010872110724449158,0.0,0.0989127904176712,0.0979655534029007,0.002637953497469425,0.8799754977226257,0.261262983083725,0.0,0.0,0.0,0.0,0.0,0.0,0.0,0.0,1.0,0.0,0.0009257089695893228,0.3303930163383484,0.41515594720840454,0.06966611742973328,0.0,0.10067145526409149,0.10036211460828781,0.10036211460828781,0.11238184571266174,-0.04094658046960831,6.541517761499138e-12,0.0,0.0,4.153349876403809,4.153349876403809,2.5770275592803955,2.5770275592803955,0.4580317437648773,0.0,0.0,0.0,0.0,0.0989127904176712,0.11864107847213745,1.0622817171679344e-05,0.9863548874855042,0.261262983083725,0.01783854328095913,2.502044200897217,2.5776917934417725,2.5770275592803955,2.606949806213379,2.8017139434814453,0.0,0.09114781767129898,1.0,1.4689984321594238,1.485624074935913,1.4834541082382202,0.0,0.005146882962435484,0.003027483820915222,9.48058077483438e-05,0.01419760100543499,0.0005146883195266128,0.001419760170392692,0.0,0.005146883428096771,12.0,0.0,0.0,0.0,0.0,0.0,0.0,,,,,,,,,,,,,,,,,,,,,,0.0005
34,5600,train,0.04274563491344452,0.09791652858257294,0.09841229766607285,0.0,0.0034961102064698935,0.0034961102064698935,0.0,2.4789628982543945,9.999999747378752e-05,0.05000000074505806,0.009999999776482582,0.05000000074505806,0.0010000000474974513,0.0010000000474974513,1.0,0.02946777455508709,0.0026448294520378113,0.0,0.0,0.0,0.0,0.0,0.0,0.0,0.0,-1.2551361322402954,-1.2551361322402954,1.0,-1.2551361322402954,-1.2551361322402954,-1.2311989068984985,0.0,-3.4993624687194824,2.7677009105682373,1.0,0.02946777455508709,1.0,0.0,0.0,0.02946777455508709,0.0,0.0,0.0026448294520378113,0.0,0.0973551869392395,0.09773610532283783,0.005909887608140707,0.8445571660995483,0.25704672932624817,0.0,0.0,0.0,0.0,0.0,0.0,0.0,0.0,1.0,0.0,0.0009435212123207748,0.3263706862926483,0.41962188482284546,0.07109498232603073,0.0,0.09841229766607285,0.09791652858257294,0.09791652858257294,0.10974574834108353,-0.018094312399625778,-7.879745467231913e-11,0.0,0.0,4.215193748474121,4.215193748474121,2.6284451484680176,2.6284451484680176,0.45646604895591736,0.0,0.0,0.0,0.0,0.09735517203807831,0.1187027171254158,3.2357554573536618e-06,0.9781658053398132,0.25704672932624817,0.01793045364320278,2.545492649078369,2.627570390701294,2.6284451484680176,2.602928876876831,2.7677009105682373,0.0,0.08767693489789963,1.0,1.4681013822555542,1.4545543193817139,1.4710693359375,0.0,0.003601034637540579,0.002526208059862256,0.00022056137095205486,0.010329555720090866,0.000360103469574824,0.001032955595292151,0.0,0.003601034637540579,12.0,0.0,0.0,0.0,0.0,0.0,0.0,,,,,,,,,,,,,,,,,,,,,,0.0005
34,5620,train,0.04817342758178711,0.10207726806402206,0.10249747335910797,0.0,0.003522062674164772,0.003522062674164772,0.0,2.460653305053711,9.999999747378752e-05,0.05000000074505806,0.009999999776482582,0.05000000074505806,0.0010000000474974513,0.0010000000474974513,1.0,0.027081096544861794,0.010093897581100464,0.0,0.0,0.0,0.0,0.0,0.0,0.0,0.0,-1.247711420059204,-1.247711420059204,1.0,-1.247711420059204,-1.247711420059204,-1.2268890142440796,0.0,-3.4935154914855957,2.8075168132781982,1.0,0.027081096544861794,1.0,0.0,0.0,0.027081096544861794,0.0,0.0,0.010093897581100464,0.0,0.08990610390901566,0.10107028484344482,0.0038786628283560276,0.8722528219223022,0.2382451593875885,0.0,0.0,0.0,0.0,0.0,0.0,0.0,0.0,1.0,0.0,0.001047242432832718,0.32591938972473145,0.4197622537612915,0.07217434793710709,0.0,0.10249747335910797,0.10207726806402206,0.10207726806402206,0.11211465299129486,-0.016506636515259743,-2.066855991911254e-10,0.0,0.0,4.137728214263916,4.137728214263916,2.6073296070098877,2.6073296070098877,0.462920606136322,0.0,0.0,0.0,0.0,0.08990610390901566,0.11970628052949905,7.952367013785988e-07,0.9899959564208984,0.2382451593875885,0.018612133339047432,2.5455219745635986,2.6065590381622314,2.6073296070098877,2.6276025772094727,2.8075168132781982,0.0,0.0885104238986969,1.0,1.4910895824432373,1.4940723180770874,1.4920339584350586,0.0,0.0032746107317507267,0.002221223432570696,9.223702363669872e-06,0.00882952380925417,0.0003274611080996692,0.0008829524158500135,0.0,0.0032746107317507267,12.0,0.0,0.0,0.0,0.0,0.0,0.0,,,,,,,,,,,,,,,,,,,,,,0.0005
34,5640,train,0.04674970358610153,0.10117630660533905,0.10170533508062363,0.0,0.0034419691655784845,0.0034419691655784845,0.0,2.462852954864502,9.999999747378752e-05,0.05000000074505806,0.009999999776482582,0.05000000074505806,0.0010000000474974513,0.0010000000474974513,1.0,0.02783055789768696,0.0107988640666008,0.0,0.0,0.0,0.0,0.0,0.0,0.0,0.0,-1.2537447214126587,-1.2537447214126587,1.0,-1.2537447214126587,-1.2537447214126587,-1.2211146354675293,0.0,-3.5012285709381104,2.7532031536102295,1.0,0.02783055789768696,1.0,0.0,0.0,0.02783055789768696,0.0,0.0,0.0107988640666008,0.0,0.08920113742351532,0.09827814996242523,0.002168911276385188,0.8568487167358398,0.23693029582500458,0.0,0.0,0.0,0.0,0.0,0.0,0.0,0.0,1.0,0.0,0.0010688483016565442,0.3187301456928253,0.42340952157974243,0.07251550257205963,0.0,0.10170533508062363,0.10117630660533905,0.10117630660533905,0.11755368858575821,-0.039507102221250534,1.2406861649161272e-10,0.0,0.0,4.122465133666992,4.122465133666992,2.6168417930603027,2.6168417930603027,0.48404303193092346,0.0,0.0,0.0,0.0,0.08920113742351532,0.11819881945848465,1.0972852578561287e-05,0.9837539792060852,0.23693029582500458,0.01731770858168602,2.5296518802642822,2.6195623874664307,2.6168417930603027,2.5910656452178955,2.7532031536102295,0.0,0.08958672732114792,1.0,1.4958927631378174,1.5390348434448242,1.5115203857421875,0.0,0.002648984780535102,0.0018482789164409041,2.3875174520071596e-05,0.006911327596753836,0.000264898466411978,0.0006911327945999801,0.0,0.002648984780535102,12.0,0.0,0.0,0.0,0.0,0.0,0.0,,,,,,,,,,,,,,,,,,,,,,0.0005
34,5660,train,0.05338343605399132,0.10628175735473633,0.10643144696950912,0.0,0.0033627033699303865,0.0033627033699303865,0.0,2.4386987686157227,9.999999747378752e-05,0.05000000074505806,0.009999999776482582,0.05000000074505806,0.0010000000474974513,0.0010000000474974513,1.0,0.02875378727912903,0.008604243397712708,0.0,0.0,0.0,0.0,0.0,0.0,0.0,0.0,-1.2438995838165283,-1.2438995838165283,1.0,-1.2438995838165283,-1.2438997030258179,-1.215286135673523,0.0,-3.485891819000244,2.7765908241271973,1.0,0.02875378727912903,1.0,0.0,0.0,0.02875378727912903,0.0,0.0,0.008604243397712708,0.0,0.09139576554298401,0.09547127783298492,0.0047347666695714,0.9230052828788757,0.2460547536611557,0.0,0.0,0.0,0.0,0.0,0.0,0.0,0.0,1.0,0.0,0.0004561650275718421,0.319474458694458,0.4229969382286072,0.07455329596996307,0.0,0.10643144696950912,0.10628175735473633,0.10628175735473633,0.12178593128919601,-0.051424890756607056,2.1294398189208863e-10,0.0,0.0,4.209722518920898,4.20972204208374,2.6299057006835938,2.6299057006835938,0.519435703754425,0.0,0.0,0.0,0.0,0.09139575809240341,0.1168665811419487,2.9901839297963306e-05,0.9878085851669312,0.2460547536611557,0.01952359266579151,2.5436692237854004,2.631757974624634,2.6299057006835938,2.6395440101623535,2.7765908241271973,0.0,0.08306445926427841,1.0,1.533592700958252,1.5622375011444092,1.5712779760360718,0.0,0.002816098276525736,0.0016852462431415915,2.1802852643304504e-05,0.006699997931718826,0.0002816098276525736,0.0006699998048134148,0.0,0.002816098276525736,12.0,0.0,0.0,0.0,0.0,0.0,0.0,,,,,,,,,,,,,,,,,,,,,,0.0005
34,5678,train_epoch,0.04940262831702918,0.10354907337776915,0.10400410808488994,0.0,0.003464922983712422,0.003464922983712422,0.0,2.4726067688650715,9.999999747378752e-05,0.05000000074505806,0.009999999776482582,0.05000000074505806,0.0010000000474974513,0.0010000000474974513,1.0,0.029484169245390834,0.006215789405528657,0.0,0.0,0.0,0.0,0.0,0.0,0.0,0.0,-1.2567245439141097,-1.2567245439141097,1.0,-1.2567245439141097,-1.2567245439141097,-1.2346527861977765,0.0,-3.5039241042679654,2.7558391022824957,1.0,0.029484169245390834,1.0,0.0,0.0,0.029484169245390834,0.0,0.0,0.006215789405528657,0.0,0.0996466105480394,0.10201478553210903,0.004113295480809704,0.8764523003629582,0.25962105098955646,0.0,0.0,0.0,0.0,0.0,0.0,0.0,0.0,1.0,0.0,0.0009562607997858306,0.32175559483602373,0.4167179138717537,0.07152069360017776,0.0,0.10400410808488994,0.10354907337776915,0.10354907337776915,0.11582007500047456,-0.03970965410131002,-1.889264768102913e-12,0.0,0.0,4.153466203255568,4.153466191834318,2.5936099112390756,2.5936099112390756,0.4807502472115134,0.0,0.0,0.0,0.0,0.09964660880808345,0.12264511408563146,1.137960194631081e-05,0.9840715195604427,0.25962105098955646,0.02048187759777386,2.5213847674295575,2.595068289134317,2.5936099112390756,2.589077652571444,2.7558391022824957,0.0,0.0885629710590768,1.0,1.5019219164362925,1.5011357368823297,1.5017939941611833,0.0,0.0033329294180263302,0.0021497616955653545,9.864578982920038e-05,0.0089798741527794,0.00033329294567152547,0.0008979874316597369,0.0,0.0033329294243002097,12.0,0.0,0.0,0.0,0.0,0.0,0.0,,,,,,,,,,,,,,,,,,,,,,0.0005
34,5678,val,,,,,,,,,,,,,,,,,,,,,,,,,,,,,,,,,,,,,,,,,,,,,,,,,,,,,,,,,,,,,,,,,,,,,,,,,,,,,,,,,,,,,,,,,,,,,,,,,,,,,,,,,,,,,,,,,,,15.433273673057556,639.3444720676968,25.285261953709256,12.584486893245153,7.076037100383213,14.491447380610875,23.437936792572348,11.76851052897317,6.653939085347312,15.340672118323189,25.23377001854197,12.402311273983546,7.0247258714267184,17.303810494286672,28.237812630043237,14.755463361740112,7.96736421755382,15.433273673057556,25.285261953709256,12.584486893245153,7.076037100383213,0.0005
35,5680,train,0.04725519195199013,0.10113420337438583,0.10153388231992722,0.0,0.0034389239735901356,0.0034389239735901356,0.0,2.462193250656128,9.999999747378752e-05,0.05000000074505806,0.009999999776482582,0.05000000074505806,0.0010000000474974513,0.0010000000474974513,1.0,0.02549101784825325,0.003989353775978088,0.0,0.0,0.0,0.0,0.0,0.0,0.0,0.0,-1.2438905239105225,-1.2438905239105225,1.0,-1.2438905239105225,-1.243890404701233,-1.2247586250305176,0.0,-3.4641106128692627,2.80446457862854,1.0,0.02549101784825325,1.0,0.0,0.0,0.02549101784825325,0.0,0.0,0.003989353775978088,0.0,0.1039893627166748,0.11163255572319031,0.004446733742952347,0.8869273066520691,0.2611650824546814,0.0,0.0,0.0,0.0,0.0,0.0,0.0,0.0,1.0,0.0,0.0010921875946223736,0.31896695494651794,0.41618645191192627,0.07268570363521576,0.0,0.10153388231992722,0.10113420337438583,0.10113420337438583,0.11194567382335663,-0.030506154522299767,-2.2862600701500924e-10,0.0,0.0,4.182400703430176,4.182400703430176,2.576491117477417,2.576491117477417,0.4665573239326477,0.0,0.0,0.0,0.0,0.10398935526609421,0.13252755999565125,3.242273123760242e-06,0.9887689352035522,0.2611650824546814,0.025597428902983665,2.4998714923858643,2.579920768737793,2.576491117477417,2.579012155532837,2.80446457862854,0.0,0.08850054442882538,1.0,1.5181666612625122,1.4842833280563354,1.4904989004135132,0.0,0.01003182865679264,0.005495385266840458,5.338592382031493e-05,0.019334089010953903,0.0010031829588115215,0.0019334089010953903,0.0,0.01003182865679264,12.0,0.0,0.0,0.0,0.0,0.0,0.0,,,,,,,,,,,,,,,,,,,,,,0.0005
35,5700,train,0.057438891381025314,0.10999032109975815,0.11064673960208893,0.0,0.0036558660212904215,0.0036558660212904215,0.0,2.477156162261963,9.999999747378752e-05,0.05000000074505806,0.009999999776482582,0.05000000074505806,0.0010000000474974513,0.0010000000474974513,1.0,0.03247562050819397,0.006775513291358948,0.0,0.0,0.0,0.0,0.0,0.0,0.0,0.0,-1.2525089979171753,-1.2525089979171753,1.0,-1.2525089979171753,-1.2525089979171753,-1.2235780954360962,0.0,-3.502180576324463,2.7367498874664307,1.0,0.03247562050819397,1.0,0.0,0.0,0.03247562050819397,0.0,0.0,0.006775513291358948,0.0,0.10677552223205566,0.1031535416841507,0.003224421991035342,0.8740090131759644,0.27249136567115784,0.0,0.0,0.0,0.0,0.0,0.0,0.0,0.0,1.0,0.0,0.0016091661527752876,0.3212897777557373,0.41674789786338806,0.07167351245880127,0.0,0.11064673960208893,0.10999032109975815,0.10999032109975815,0.1264779418706894,-0.06479049474000931,-7.025659221060465e-11,0.0,0.0,4.171431541442871,4.171431541442871,2.5884475708007812,2.5884475708007812,0.5192543864250183,0.0,0.0,0.0,0.0,0.10677551478147507,0.12703679502010345,1.8635513697518036e-05,0.9828178882598877,0.27249136567115784,0.02147671766579151,2.500211715698242,2.5934040546417236,2.5884475708007812,2.553349018096924,2.7367498874664307,0.0,0.0983276516199112,1.0,1.5263242721557617,1.5152568817138672,1.5133512020111084,0.0,0.004953796975314617,0.0027790514286607504,6.148710963316262e-05,0.011225554160773754,0.0004953797324560583,0.0011225554626435041,0.0,0.0049537974409759045,12.0,0.0,0.0,0.0,0.0,0.0,0.0,,,,,,,,,,,,,,,,,,,,,,0.0005
35,5720,train,0.0526704303920269,0.10410921275615692,0.10523101687431335,0.0,0.0036239693872630596,0.0036239693872630596,0.0,2.4365665912628174,9.999999747378752e-05,0.05000000074505806,0.009999999776482582,0.05000000074505806,0.0010000000474974513,0.0010000000474974513,1.0,0.03169421851634979,0.010577209293842316,0.0,0.0,0.0,0.0,0.0,0.0,0.0,0.0,-1.2158684730529785,-1.2158684730529785,1.0,-1.2158684730529785,-1.2158684730529785,-1.191977620124817,0.0,-3.4234511852264404,2.8456010818481445,1.0,0.03169421851634979,1.0,0.0,0.0,0.03169421851634979,0.0,0.0,0.010577209293842316,0.0,0.0894227921962738,0.09849854558706284,0.0034298717509955168,0.8661016225814819,0.23907023668289185,0.0,0.0,0.0,0.0,0.0,0.0,0.0,0.0,1.0,0.0,0.002073815558105707,0.33593204617500305,0.42770320177078247,0.07536336034536362,0.0,0.10523101687431335,0.10410921275615692,0.10410921275615692,0.10966622084379196,-0.0260251946747303,-1.1766664032020202e-11,0.0,0.0,4.152256011962891,4.152256011962891,2.621018409729004,2.621018409729004,0.4579181969165802,0.0,0.0,0.0,0.0,0.0894227921962738,0.11790727823972702,5.5499235713796224e-06,0.9798837900161743,0.23907023668289185,0.017945773899555206,2.511521100997925,2.622885227203369,2.621018409729004,2.645944118499756,2.8456010818481445,0.0,0.09239152073860168,1.0,1.48250412940979,1.5091619491577148,1.522538423538208,0.0,0.003267434425652027,0.002060374477878213,5.345046520233154e-05,0.008059701882302761,0.0003267434658482671,0.0008059702231548727,0.0,0.003267434658482671,12.0,0.0,0.0,0.0,0.0,0.0,0.0,,,,,,,,,,,,,,,,,,,,,,0.0005
35,5740,train,0.04913197457790375,0.1041092500090599,0.1043328046798706,0.0,0.0033040421549230814,0.0033040421549230814,0.0,2.4638326168060303,9.999999747378752e-05,0.05000000074505806,0.009999999776482582,0.05000000074505806,0.0010000000474974513,0.0010000000474974513,1.0,0.02897769585251808,0.0012537986040115356,0.0,0.0,0.0,0.0,0.0,0.0,0.0,0.0,-1.2714276313781738,-1.2714276313781738,1.0,-1.2714276313781738,-1.2714276313781738,-1.2474950551986694,0.0,-3.5396811962127686,2.69618821144104,1.0,0.02897769585251808,1.0,0.0,0.0,0.02897769585251808,0.0,0.0,0.0012537986040115356,0.0,0.09874621033668518,0.09697815775871277,0.005921512842178345,0.8841150999069214,0.262882798910141,0.0,0.0,0.0,0.0,0.0,0.0,0.0,0.0,1.0,0.0,0.0005511577473953366,0.31429988145828247,0.4130080044269562,0.07214140146970749,0.0,0.1043328046798706,0.1041092500090599,0.1041092500090599,0.10946979373693466,-0.03657678887248039,1.0979887832274215e-10,0.0,0.0,4.001618385314941,4.001618385314941,2.562225580215454,2.562225580215454,0.42799612879753113,0.0,0.0,0.0,0.0,0.09874620288610458,0.11787779629230499,2.834606493706815e-05,0.9773643612861633,0.262882798910141,0.018803616985678673,2.505007028579712,2.564765453338623,2.562225580215454,2.564668893814087,2.69618821144104,0.0,0.08503018319606781,1.0,1.509395956993103,1.510780692100525,1.521747350692749,0.0,0.0016746384790167212,0.0013012579875066876,3.937813289667247e-06,0.006087079178541899,0.00016746386245358735,0.0006087079527787864,0.0,0.0016746384790167212,12.0,0.0,0.0,0.0,0.0,0.0,0.0,,,,,,,,,,,,,,,,,,,,,,0.0005
35,5760,train,0.043212905526161194,0.09793365746736526,0.09829381108283997,0.0,0.003463653614744544,0.003463653614744544,0.0,2.4448859691619873,9.999999747378752e-05,0.05000000074505806,0.009999999776482582,0.05000000074505806,0.0010000000474974513,0.0010000000474974513,1.0,0.026913698762655258,0.015000700950622559,0.0,0.0,0.0,0.0,0.0,0.0,0.0,0.0,-1.2473183870315552,-1.2473183870315552,1.0,-1.2473183870315552,-1.2473183870315552,-1.233370304107666,0.0,-3.491426706314087,2.7615115642547607,1.0,0.026913698762655258,1.0,0.0,0.0,0.026913698762655258,0.0,0.0,0.015000700950622559,0.0,0.11500070244073868,0.11235388368368149,0.0035539339296519756,0.8728634715080261,0.28664809465408325,0.0,0.0,0.0,0.0,0.0,0.0,0.0,0.0,1.0,0.0,0.0008367476984858513,0.32422900199890137,0.40718764066696167,0.07303157448768616,0.0,0.09829381108283997,0.09793365746736526,0.09793365746736526,0.11476430296897888,-0.04619940370321274,-1.2162833240569881e-10,0.0,0.0,4.057100296020508,4.057100296020508,2.5312867164611816,2.5312867164611816,0.46987178921699524,0.0,0.0,0.0,0.0,0.11500070244073868,0.13325560092926025,9.959121598512866e-06,0.9885531663894653,0.28664809465408325,0.025038298219442368,2.5198938846588135,2.5290615558624268,2.5312867164611816,2.5976762771606445,2.7615115642547607,0.0,0.08453621715307236,1.0,1.4780724048614502,1.4967565536499023,1.4930925369262695,0.0,0.0020476491190493107,0.0013566409470513463,1.207777017953049e-06,0.006955515127629042,0.00020476490317378193,0.0006955515127629042,0.0,0.0020476491190493107,12.0,0.0,0.0,0.0,0.0,0.0,0.0,,,,,,,,,,,,,,,,,,,,,,0.0005
35,5780,train,0.04436742514371872,0.09835600107908249,0.09862343221902847,0.0,0.0035158658865839243,0.0035158658865839243,0.0,2.429056406021118,9.999999747378752e-05,0.05000000074505806,0.009999999776482582,0.05000000074505806,0.0010000000474974513,0.0010000000474974513,1.0,0.02687162533402443,0.00889769196510315,0.0,0.0,0.0,0.0,0.0,0.0,0.0,0.0,-1.236128807067871,-1.236128807067871,1.0,-1.236128807067871,-1.236128807067871,-1.218773603439331,0.0,-3.4622809886932373,2.765538454055786,1.0,0.02687162533402443,1.0,0.0,0.0,0.02687162533402443,0.0,0.0,0.00889769196510315,0.0,0.10889769345521927,0.11153323203325272,0.00497671402990818,0.8660000562667847,0.27304258942604065,0.0,0.0,0.0,0.0,0.0,0.0,0.0,0.0,1.0,0.0,0.0007489434792660177,0.3196011781692505,0.419474720954895,0.0749930739402771,0.0,0.09862343221902847,0.09835600107908249,0.09835600107908249,0.11047085374593735,-0.032025210559368134,-1.5894183538756046e-11,0.0,0.0,4.111405372619629,4.111405372619629,2.6341781616210938,2.6341781616210938,0.4522102475166321,0.0,0.0,0.0,0.0,0.10889769345521927,0.1322614699602127,1.3896121799916727e-06,0.9856853485107422,0.27304258942604065,0.024433212354779243,2.5594329833984375,2.6373729705810547,2.6341781616210938,2.610408306121826,2.765538454055786,0.0,0.08856815844774246,1.0,1.5140001773834229,1.504264235496521,1.5085890293121338,0.0,0.002718036063015461,0.001889050006866455,6.143141945358366e-05,0.0077426983043551445,0.0002718036121223122,0.000774269865360111,0.0,0.002718036063015461,12.0,0.0,0.0,0.0,0.0,0.0,0.0,,,,,,,,,,,,,,,,,,,,,,0.0005
35,5800,train,0.050252608954906464,0.10435405373573303,0.10462117940187454,0.0,0.0033260483760386705,0.0033260483760386705,0.0,2.4392881393432617,9.999999747378752e-05,0.05000000074505806,0.009999999776482582,0.05000000074505806,0.0010000000474974513,0.0010000000474974513,1.0,0.029907075688242912,0.013676613569259644,0.0,0.0,0.0,0.0,0.0,0.0,0.0,0.0,-1.2579915523529053,-1.2579915523529053,1.0,-1.2579915523529053,-1.2579915523529053,-1.2412031888961792,0.0,-3.5074243545532227,2.7282257080078125,1.0,0.029907075688242912,1.0,0.0,0.0,0.029907075688242912,0.0,0.0,0.013676613569259644,0.0,0.11367662250995636,0.1113109439611435,0.005454886704683304,0.8841114044189453,0.28506842255592346,0.0,0.0,0.0,0.0,0.0,0.0,0.0,0.0,1.0,0.0,0.0006431822548620403,0.3128562569618225,0.4115396738052368,0.07387284934520721,0.0,0.10462117940187454,0.10435405373573303,0.10435405373573303,0.112023264169693,-0.049672093242406845,-9.024504060706207e-11,0.0,0.0,4.067488670349121,4.067488670349121,2.579228401184082,2.579228401184082,0.4551202356815338,0.0,0.0,0.0,0.0,0.11367661505937576,0.13269129395484924,6.546002259710804e-05,0.9870584607124329,0.28506842255592346,0.02682291902601719,2.542100191116333,2.57700777053833,2.579228401184082,2.594402313232422,2.7282257080078125,0.0,0.08696026355028152,1.0,1.526412010192871,1.5256251096725464,1.545498251914978,0.0,0.002974240342155099,0.002270629396662116,5.1586757763288915e-05,0.009507104754447937,0.0002974240342155099,0.0009507104987278581,0.0,0.002974240342155099,12.0,0.0,0.0,0.0,0.0,0.0,0.0,,,,,,,,,,,,,,,,,,,,,,0.0005
35,5820,train,0.054185397922992706,0.10651508718729019,0.10698015242815018,0.0,0.0035225560422986746,0.0035225560422986746,0.0,2.468045234680176,9.999999747378752e-05,0.05000000074505806,0.009999999776482582,0.05000000074505806,0.0010000000474974513,0.0010000000474974513,1.0,0.028925448656082153,0.006508037447929382,0.0,0.0,0.0,0.0,0.0,0.0,0.0,0.0,-1.2364014387130737,-1.2364014387130737,1.0,-1.2364014387130737,-1.2364014387130737,-1.2123620510101318,0.0,-3.4659571647644043,2.824683666229248,1.0,0.028925448656082153,1.0,0.0,0.0,0.028925448656082153,0.0,0.0,0.006508037447929382,0.0,0.09349196404218674,0.10449083149433136,0.0030405018478631973,0.8990186452865601,0.2453199028968811,0.0,0.0,0.0,0.0,0.0,0.0,0.0,0.0,1.0,0.0,0.0006615102756768465,0.3322705030441284,0.42435985803604126,0.0721040815114975,0.0,0.10698015242815018,0.10651508718729019,0.10651508718729019,0.11063706129789352,-0.031658872961997986,-1.5939187469893312e-10,0.0,0.0,4.284603118896484,4.284603118896484,2.6383090019226074,2.6383090019226074,0.4686304032802582,0.0,0.0,0.0,0.0,0.09349196404218674,0.12286572903394699,7.334277825066238e-07,0.9875406622886658,0.2453199028968811,0.020381435751914978,2.532167434692383,2.6389236450195312,2.6383090019226074,2.6387178897857666,2.824683666229248,0.0,0.08443077653646469,1.0,1.5140808820724487,1.4871442317962646,1.4763081073760986,0.0,0.0030521079897880554,0.0021795236971229315,9.434363164473325e-05,0.008922882378101349,0.00030521079315803945,0.0008922882261686027,0.0,0.0030521079897880554,12.0,0.0,0.0,0.0,0.0,0.0,0.0,,,,,,,,,,,,,,,,,,,,,,0.0005
35,5840,train,0.04591846466064453,0.10023950040340424,0.10070367157459259,0.0,0.003460598411038518,0.003460598411038518,0.0,2.4525012969970703,9.999999747378752e-05,0.05000000074505806,0.009999999776482582,0.05000000074505806,0.0010000000474974513,0.0010000000474974513,1.0,0.026996277272701263,0.0036432966589927673,0.0,0.0,0.0,0.0,0.0,0.0,0.0,0.0,-1.248511552810669,-1.248511552810669,1.0,-1.248511552810669,-1.248511552810669,-1.2340543270111084,0.0,-3.4811909198760986,2.7793405055999756,1.0,0.026996277272701263,1.0,0.0,0.0,0.026996277272701263,0.0,0.0,0.0036432966589927673,0.0,0.10364329814910889,0.10549762845039368,0.0043673450127244,0.8509423732757568,0.2696450352668762,0.0,0.0,0.0,0.0,0.0,0.0,0.0,0.0,1.0,0.0,0.0010443287901580334,0.3174965977668762,0.41211962699890137,0.07253026217222214,0.0,0.10070367157459259,0.10023950040340424,0.10023950040340424,0.1102672815322876,-0.04062763601541519,5.242474163114075e-11,0.0,0.0,4.092426776885986,4.092426776885986,2.5969181060791016,2.5969181060791016,0.4558178782463074,0.0,0.0,0.0,0.0,0.10364329814910889,0.12365690618753433,9.106561265070923e-07,0.9874280095100403,0.2696450352668762,0.02093290537595749,2.567758083343506,2.592633008956909,2.5969181060791016,2.628795862197876,2.7793405055999756,0.0,0.09333324432373047,1.0,1.5161441564559937,1.5009549856185913,1.5097731351852417,0.0,0.0032583053689450026,0.0020201343577355146,9.764316928340122e-05,0.009288563393056393,0.00032583053689450026,0.0009288563742302358,0.0,0.0032583053689450026,12.0,0.0,0.0,0.0,0.0,0.0,0.0,,,,,,,,,,,,,,,,,,,,,,0.0005
35,5845,train_epoch,0.049949941230926685,0.10369672260420051,0.10414109606585817,0.0,0.003486087349170964,0.003486087349170964,0.0,2.4573489034961082,9.999999747378752e-05,0.05000000074505806,0.009999999776482582,0.05000000074505806,0.0010000000474974513,0.0010000000474974513,1.0,0.028310963449007024,0.006405115841391557,0.0,0.0,0.0,0.0,0.0,0.0,0.0,0.0,-1.2504959192104683,-1.2504959192104683,1.0,-1.2504959192104683,-1.2504959156413278,-1.2287982973509919,0.0,-3.4912835109733535,2.758655071258545,1.0,0.028310963449007024,1.0,0.0,0.0,0.028310963449007024,0.0,0.0,0.006405115841391557,0.0,0.09950425721214202,0.10261998361277723,0.004305163937938695,0.8809296763585713,0.25965626377188517,0.0,0.0,0.0,0.0,0.0,0.0,0.0,0.0,1.0,0.0,0.0009513123837176956,0.3235078257714917,0.4177102302005905,0.07285529678453229,0.0,0.10414109606585817,0.10369672260420051,0.10369672260420051,0.11567529964589787,-0.04003012118983768,-7.420392939701234e-12,0.0,0.0,4.16275598617371,4.162755994739647,2.598084516867906,2.598084516867906,0.48076780684693843,0.0,0.0,0.0,0.0,0.09950425627524268,0.12253442986639673,1.2833874122153753e-05,0.9855825497718629,0.25965626377188517,0.020412209945658368,2.5243942038027827,2.5991305819528545,2.598084516867906,2.592974988286367,2.758655071258545,0.0,0.08848667193851072,1.0,1.5002843991011203,1.4992756772184086,1.5002644640242981,0.0,0.0037981627284532447,0.002392212964850896,0.00011385635595175444,0.009665472006347186,0.0003798162806179642,0.0009665472177136132,0.0,0.003798162727756147,12.0,0.0,0.0,0.0,0.0,0.0,0.0,,,,,,,,,,,,,,,,,,,,,,0.0005
35,5845,val,,,,,,,,,,,,,,,,,,,,,,,,,,,,,,,,,,,,,,,,,,,,,,,,,,,,,,,,,,,,,,,,,,,,,,,,,,,,,,,,,,,,,,,,,,,,,,,,,,,,,,,,,,,,,,,,,,,15.46104463509151,636.6520412990025,25.23196467378239,11.696680554321834,7.065812179020473,14.607189076287407,23.466754238524672,10.690878553049904,6.677967940058027,15.36388441494533,25.199650459503655,11.095872615064893,6.997828304767609,17.155698129108973,28.012338576390057,13.940650480134147,7.879005806786673,15.46104463509151,25.23196467378239,11.696680554321834,7.065812179020473,0.0005
36,5860,train,0.05616581812500954,0.1094098836183548,0.10987453162670135,0.0,0.003362104995176196,0.003362104995176196,0.0,2.452561140060425,9.999999747378752e-05,0.05000000074505806,0.009999999776482582,0.05000000074505806,0.0010000000474974513,0.0010000000474974513,1.0,0.028929879888892174,0.0076020509004592896,0.0,0.0,0.0,0.0,0.0,0.0,0.0,0.0,-1.2611477375030518,-1.2611477375030518,1.0,-1.2611477375030518,-1.2611477375030518,-1.2404345273971558,0.0,-3.5040249824523926,2.717792272567749,1.0,0.028929879888892174,1.0,0.0,0.0,0.028929879888892174,0.0,0.0,0.0076020509004592896,0.0,0.107602059841156,0.10784576833248138,0.005062744952738285,0.9105767607688904,0.2731883227825165,0.0,0.0,0.0,0.0,0.0,0.0,0.0,0.0,1.0,0.0,0.000863080786075443,0.3165426552295685,0.4137842357158661,0.07275688648223877,0.0,0.10987453162670135,0.1094098836183548,0.1094098836183548,0.1147996112704277,-0.061525195837020874,1.5641231365659536e-10,0.0,0.0,4.04478120803833,4.04478120803833,2.5708014965057373,2.5708014965057373,0.4654763340950012,0.0,0.0,0.0,0.0,0.10760205239057541,0.13009895384311676,1.067077732841426e-06,0.985589325428009,0.2731883227825165,0.024655332788825035,2.506230354309082,2.5713372230529785,2.5708014965057373,2.563049077987671,2.717792272567749,0.0,0.08695115149021149,1.0,1.5134739875793457,1.5145893096923828,1.508380651473999,0.0,0.002927518682554364,0.002237359993159771,1.4988009752414655e-05,0.009763175621628761,0.0002927518798969686,0.0009763175621628761,0.0,0.0029275184497237206,12.0,0.0,0.0,0.0,0.0,0.0,0.0,,,,,,,,,,,,,,,,,,,,,,0.0005
36,5880,train,0.05494426190853119,0.1074526458978653,0.10754305124282837,0.0,0.00351131078787148,0.00351131078787148,0.0,2.4755918979644775,9.999999747378752e-05,0.05000000074505806,0.009999999776482582,0.05000000074505806,0.0010000000474974513,0.0010000000474974513,1.0,0.025103555992245674,0.006576649844646454,0.0,0.0,0.0,0.0,0.0,0.0,0.0,0.0,-1.2411965131759644,-1.2411965131759644,1.0,-1.2411965131759644,-1.2411963939666748,-1.2295329570770264,0.0,-3.4766411781311035,2.758378267288208,1.0,0.025103555992245674,1.0,0.0,0.0,0.025103555992245674,0.0,0.0,0.006576649844646454,0.0,0.10657665878534317,0.10325193405151367,0.003352341242134571,0.8624398112297058,0.2734234035015106,0.0,0.0,0.0,0.0,0.0,0.0,0.0,0.0,1.0,0.0,0.0003565549268387258,0.33232176303863525,0.41097787022590637,0.0704289972782135,0.0,0.10754305124282837,0.1074526458978653,0.1074526458978653,0.11999828368425369,-0.04708732292056084,-2.2503569840903737e-10,0.0,0.0,4.216831207275391,4.216831207275391,2.5457711219787598,2.5457711219787598,0.5013930201530457,0.0,0.0,0.0,0.0,0.10657665133476257,0.12551192939281464,1.1172655831614975e-05,0.9867590069770813,0.2734234035015106,0.021790748462080956,2.481549024581909,2.5465309619903564,2.5457711219787598,2.5781095027923584,2.758378267288208,0.0,0.0851655900478363,1.0,1.5254480838775635,1.475742220878601,1.5127238035202026,0.0,0.008609658107161522,0.0043796650134027,0.000593264470808208,0.016219520941376686,0.0008609658107161522,0.0016219521639868617,0.0,0.008609658107161522,12.0,0.0,0.0,0.0,0.0,0.0,0.0,,,,,,,,,,,,,,,,,,,,,,0.0005
36,5900,train,0.05153903737664223,0.1054365262389183,0.10593216866254807,0.0,0.00369622022844851,0.00369622022844851,0.0,2.482003688812256,9.999999747378752e-05,0.05000000074505806,0.009999999776482582,0.05000000074505806,0.0010000000474974513,0.0010000000474974513,1.0,0.031284838914871216,0.008041679859161377,0.0,0.0,0.0,0.0,0.0,0.0,0.0,0.0,-1.2592710256576538,-1.2592710256576538,1.0,-1.2592710256576538,-1.2592710256576538,-1.241071105003357,0.0,-3.517709493637085,2.7312064170837402,1.0,0.031284838914871216,1.0,0.0,0.0,0.031284838914871216,0.0,0.0,0.008041679859161377,0.0,0.09195832163095474,0.09711684286594391,0.0030692312866449356,0.8695095777511597,0.24810341000556946,0.0,0.0,0.0,0.0,0.0,0.0,0.0,0.0,1.0,0.0,0.0011051074834540486,0.3349827826023102,0.41037875413894653,0.07021167874336243,0.0,0.10593216866254807,0.1054365262389183,0.1054365262389183,0.11690481007099152,-0.05152261629700661,7.942900503987715e-11,0.0,0.0,4.228198051452637,4.2281975746154785,2.5490026473999023,2.5490026473999023,0.4923723340034485,0.0,0.0,0.0,0.0,0.09195832163095474,0.11530753970146179,4.835007348447107e-05,0.987063467502594,0.24810341000556946,0.016490504145622253,2.4861690998077393,2.5486695766448975,2.5490026473999023,2.578376531600952,2.7312064170837402,0.0,0.09274578094482422,1.0,1.4822009801864624,1.446633219718933,1.4717156887054443,0.0,0.002238506218418479,0.0016364766051992774,0.00024335781927220523,0.00717737153172493,0.000223850627662614,0.0007177371880970895,0.0,0.002238506218418479,12.0,0.0,0.0,0.0,0.0,0.0,0.0,,,,,,,,,,,,,,,,,,,,,,0.0005
36,5920,train,0.04408300668001175,0.09863493591547012,0.09922920167446136,0.0,0.0034649292938411236,0.0034649292938411236,0.0,2.435438871383667,9.999999747378752e-05,0.05000000074505806,0.009999999776482582,0.05000000074505806,0.0010000000474974513,0.0010000000474974513,1.0,0.026851821690797806,0.0016035810112953186,0.0,0.0,0.0,0.0,0.0,0.0,0.0,0.0,-1.2473835945129395,-1.2473835945129395,1.0,-1.2473835945129395,-1.2473835945129395,-1.22743821144104,0.0,-3.484891414642334,2.7876484394073486,1.0,0.026851821690797806,1.0,0.0,0.0,0.026851821690797806,0.0,0.0,0.0016035810112953186,0.0,0.0983964204788208,0.10842252522706985,0.0033275154419243336,0.9270445704460144,0.25262367725372314,0.0,0.0,0.0,0.0,0.0,0.0,0.0,0.0,1.0,0.0,0.0010436353040859103,0.3278568685054779,0.4208686053752899,0.0744512528181076,0.0,0.09922920167446136,0.09863493591547012,0.09863493591547012,0.1148066371679306,-0.03364162519574165,-1.1745092398651735e-10,0.0,0.0,4.291834831237793,4.291834831237793,2.6148390769958496,2.6148390769958496,0.4955115020275116,0.0,0.0,0.0,0.0,0.0983964204788208,0.12896543741226196,3.81646214009379e-06,0.9948211908340454,0.25262367725372314,0.024525124579668045,2.543269395828247,2.618612766265869,2.6148390769958496,2.6141724586486816,2.7876484394073486,0.0,0.08709803223609924,1.0,1.4842047691345215,1.4558525085449219,1.4680252075195312,0.0,0.00241575064137578,0.0018818228272721171,4.912169060844462e-06,0.007395016960799694,0.00024157507868949324,0.000739501731004566,0.0,0.00241575064137578,12.0,0.0,0.0,0.0,0.0,0.0,0.0,,,,,,,,,,,,,,,,,,,,,,0.0005
36,5940,train,0.05096963420510292,0.1049378290772438,0.1051199808716774,0.0,0.003561944467946887,0.003561944467946887,0.0,2.464089870452881,9.999999747378752e-05,0.05000000074505806,0.009999999776482582,0.05000000074505806,0.0010000000474974513,0.0010000000474974513,1.0,0.027050798758864403,0.0036872997879981995,0.0,0.0,0.0,0.0,0.0,0.0,0.0,0.0,-1.2574572563171387,-1.2574572563171387,1.0,-1.2574572563171387,-1.2574571371078491,-1.2374833822250366,0.0,-3.5047545433044434,2.7224860191345215,1.0,0.027050798758864403,1.0,0.0,0.0,0.027050798758864403,0.0,0.0,0.0036872997879981995,0.0,0.09631270915269852,0.09759856015443802,0.004716811235994101,0.8486052751541138,0.2583974003791809,0.0,0.0,0.0,0.0,0.0,0.0,0.0,0.0,1.0,0.0,0.0005733408033847809,0.32497096061706543,0.4156629145145416,0.07178667187690735,0.0,0.1051199808716774,0.1049378290772438,0.1049378290772438,0.1194649413228035,-0.043352849781513214,-4.4704278473473025e-11,0.0,0.0,4.273314952850342,4.273314952850342,2.617213726043701,2.617213726043701,0.5087952613830566,0.0,0.0,0.0,0.0,0.09631270170211792,0.11641786247491837,1.1424534022808075e-05,0.9870591163635254,0.2583974003791809,0.017945773899555206,2.5364508628845215,2.6176443099975586,2.617213726043701,2.5816457271575928,2.7224860191345215,0.0,0.08855955302715302,1.0,1.452976107597351,1.4663112163543701,1.4887241125106812,0.0,0.005060633644461632,0.002716006711125374,0.00038082394166849554,0.01099285390228033,0.0005060633411630988,0.0010992854367941618,0.0,0.005060633644461632,12.0,0.0,0.0,0.0,0.0,0.0,0.0,,,,,,,,,,,,,,,,,,,,,,0.0005
36,5960,train,0.04660762473940849,0.10028214007616043,0.10042835026979446,0.0,0.003335092682391405,0.003335092682391405,0.0,2.4421286582946777,9.999999747378752e-05,0.05000000074505806,0.009999999776482582,0.05000000074505806,0.0010000000474974513,0.0010000000474974513,1.0,0.02811923250555992,0.009486719965934753,0.0,0.0,0.0,0.0,0.0,0.0,0.0,0.0,-1.2368125915527344,-1.2368125915527344,1.0,-1.2368125915527344,-1.2368124723434448,-1.2228034734725952,0.0,-3.465576648712158,2.7412126064300537,1.0,0.02811923250555992,1.0,0.0,0.0,0.02811923250555992,0.0,0.0,0.009486719965934753,0.0,0.10948671400547028,0.10921496897935867,0.004633878357708454,0.9309477210044861,0.27953577041625977,0.0,0.0,0.0,0.0,0.0,0.0,0.0,0.0,1.0,0.0,0.0005532594514079392,0.31484681367874146,0.41506287455558777,0.0735311508178711,0.0,0.10042835026979446,0.10028214007616043,0.10028214007616043,0.11187253147363663,-0.046206869184970856,1.392405774014449e-10,0.0,0.0,4.102203845977783,4.102203369140625,2.5760083198547363,2.5760083198547363,0.45587828755378723,0.0,0.0,0.0,0.0,0.10948672145605087,0.1283089965581894,1.551466266391799e-05,0.9849911332130432,0.27953577041625977,0.02349877543747425,2.5521860122680664,2.571319341659546,2.5760083198547363,2.597468852996826,2.7412126064300537,0.0,0.08704323321580887,1.0,1.5092887878417969,1.5282443761825562,1.5521376132965088,0.0,0.0023987754248082638,0.0014736403245478868,7.846648077247664e-05,0.00662843557074666,0.0002398775250185281,0.0006628435803577304,0.0,0.0023987754248082638,12.0,0.0,0.0,0.0,0.0,0.0,0.0,,,,,,,,,,,,,,,,,,,,,,0.0005
36,5980,train,0.04469459131360054,0.09938760846853256,0.09992162138223648,0.0,0.003512654220685363,0.003512654220685363,0.0,2.46620774269104,9.999999747378752e-05,0.05000000074505806,0.009999999776482582,0.05000000074505806,0.0010000000474974513,0.0010000000474974513,1.0,0.025709345936775208,0.006670042872428894,0.0,0.0,0.0,0.0,0.0,0.0,0.0,0.0,-1.2521995306015015,-1.2521995306015015,1.0,-1.2521995306015015,-1.252199411392212,-1.2316728830337524,0.0,-3.4822564125061035,2.754699230194092,1.0,0.025709345936775208,1.0,0.0,0.0,0.025709345936775208,0.0,0.0,0.006670042872428894,0.0,0.09332995861768723,0.09900959581136703,0.002690207678824663,0.8867189288139343,0.24881376326084137,0.0,0.0,0.0,0.0,0.0,0.0,0.0,0.0,1.0,0.0,0.0010164728155359626,0.3271101415157318,0.41705864667892456,0.07178081572055817,0.0,0.09992162138223648,0.09938760846853256,0.09938760846853256,0.11975959688425064,-0.04940996319055557,2.9988697636262884e-10,0.0,0.0,4.183002948760986,4.183002948760986,2.6026923656463623,2.6026923656463623,0.4923208951950073,0.0,0.0,0.0,0.0,0.09332995861768723,0.11906392127275467,4.120089670323068e-06,0.9893668293952942,0.24881376326084137,0.019707415252923965,2.5359079837799072,2.6022462844848633,2.6026923656463623,2.5851504802703857,2.754699230194092,0.0,0.09107021242380142,1.0,1.4426380395889282,1.480442762374878,1.4743378162384033,0.0,0.001787858665920794,0.001494204276241362,8.863391121849418e-05,0.006348015740513802,0.00017878587823361158,0.0006348015740513802,0.0,0.001787858665920794,12.0,0.0,0.0,0.0,0.0,0.0,0.0,,,,,,,,,,,,,,,,,,,,,,0.0005
36,6000,train,0.04958423227071762,0.10440457612276077,0.10499045252799988,0.0,0.0032263384200632572,0.0032263384200632572,0.0,2.4751317501068115,9.999999747378752e-05,0.05000000074505806,0.009999999776482582,0.05000000074505806,0.0010000000474974513,0.0010000000474974513,1.0,0.026636695489287376,0.01249346137046814,0.0,0.0,0.0,0.0,0.0,0.0,0.0,0.0,-1.271106481552124,-1.271106481552124,1.0,-1.271106481552124,-1.271106481552124,-1.2433750629425049,0.0,-3.5315845012664795,2.693801164627075,1.0,0.026636695489287376,1.0,0.0,0.0,0.026636695489287376,0.0,0.0,0.01249346137046814,0.0,0.11249346286058426,0.10916486382484436,0.0038331279065459967,0.9113520383834839,0.28344523906707764,0.0,0.0,0.0,0.0,0.0,0.0,0.0,0.0,1.0,0.0,0.0009324199636466801,0.31000998616218567,0.41558918356895447,0.07076859474182129,0.0,0.10499045252799988,0.10440457612276077,0.10440457612276077,0.11775445938110352,-0.04539676383137703,-2.800739085095927e-10,0.0,0.0,4.093658924102783,4.093658924102783,2.6106653213500977,2.6106653213500977,0.48917439579963684,0.0,0.0,0.0,0.0,0.11249346286058426,0.13048501312732697,3.710250530275516e-05,0.9914605617523193,0.28344523906707764,0.023154105991125107,2.555997371673584,2.607719898223877,2.6106653213500977,2.5624539852142334,2.693801164627075,0.0,0.08697313815355301,1.0,1.5393768548965454,1.5245025157928467,1.5061453580856323,0.0,0.0023417561315000057,0.0019511436112225056,2.4147571821231395e-05,0.009289814159274101,0.00023417561897076666,0.0009289814042858779,0.0,0.0023417561315000057,12.0,0.0,0.0,0.0,0.0,0.0,0.0,,,,,,,,,,,,,,,,,,,,,,0.0005
36,6012,train_epoch,0.04972362690075429,0.10339533497473437,0.10383372722628588,0.0,0.0034816257215054807,0.0034816257215054807,0.0,2.4558513078860895,9.999999747378752e-05,0.05000000074505806,0.009999999776482582,0.05000000074505806,0.0010000000474974513,0.0010000000474974513,1.0,0.027758790458926184,0.0065512870421666584,0.0,0.0,0.0,0.0,0.0,0.0,0.0,0.0,-1.2482071558158554,-1.2482071558158554,1.0,-1.2482071558158554,-1.2482071536743713,-1.226821463978933,0.0,-3.487600240878716,2.7605443229218443,1.0,0.027758790458926184,1.0,0.0,0.0,0.027758790458926184,0.0,0.0,0.0065512870421666584,0.0,0.10012012260581205,0.10393804574976424,0.004179363497281949,0.8910335048943937,0.2604301581661144,0.0,0.0,0.0,0.0,0.0,0.0,0.0,0.0,1.0,0.0,0.0009251532613991308,0.3254143276257429,0.4179995324083431,0.07256038857255867,0.0,0.10383372722628588,0.10339533497473437,0.10339533497473437,0.11562896399440879,-0.04033303668265563,1.6814316112827757e-11,0.0,0.0,4.175908999528714,4.175908993818089,2.6016654125944583,2.6016654125944583,0.4831592470942857,0.0,0.0,0.0,0.0,0.1001201212673844,0.12360047776542024,1.2144402480591131e-05,0.9871517398400221,0.2604301581661144,0.020998353763165587,2.5273066537822793,2.6024779388290677,2.6016654125944583,2.596876068743403,2.7605443229218443,0.0,0.08852618937185425,1.0,1.4952060069866524,1.4956363018401369,1.495955001094384,0.0,0.00339998827109526,0.002176183920693835,0.00010040488103289838,0.009039397906333565,0.0003399988292182467,0.0009039398050981345,0.0,0.003399988256456208,12.0,0.0,0.0,0.0,0.0,0.0,0.0,,,,,,,,,,,,,,,,,,,,,,0.0005
36,6012,val,,,,,,,,,,,,,,,,,,,,,,,,,,,,,,,,,,,,,,,,,,,,,,,,,,,,,,,,,,,,,,,,,,,,,,,,,,,,,,,,,,,,,,,,,,,,,,,,,,,,,,,,,,,,,,,,,,,15.28042391368321,635.7823652539935,25.214725167131874,10.764308333396912,6.960286183016641,14.30091803414481,23.313050332617507,9.605873346328735,6.517645801816668,15.245204653058734,25.23809630444534,10.529321525778089,6.930265375546047,17.02872473852975,28.02063896556126,12.766267171927861,7.803729976926531,15.28042391368321,25.214725167131874,10.764308333396912,6.960286183016641,0.0005
37,6020,train,0.04370482265949249,0.09768842905759811,0.09808801859617233,0.0,0.0033239279873669147,0.0033239279873669147,0.0,2.431013584136963,9.999999747378752e-05,0.05000000074505806,0.009999999776482582,0.05000000074505806,0.0010000000474974513,0.0010000000474974513,1.0,0.025234118103981018,0.010936029255390167,0.0,0.0,0.0,0.0,0.0,0.0,0.0,0.0,-1.2341113090515137,-1.2341113090515137,1.0,-1.2341113090515137,-1.2341113090515137,-1.2172417640686035,0.0,-3.4591917991638184,2.7774081230163574,1.0,0.025234118103981018,1.0,0.0,0.0,0.025234118103981018,0.0,0.0,0.010936029255390167,0.0,0.08906397223472595,0.09351985156536102,0.004645115230232477,0.8890387415885925,0.24478217959403992,0.0,0.0,0.0,0.0,0.0,0.0,0.0,0.0,1.0,0.0,0.0007186628063209355,0.3143143057823181,0.4182474613189697,0.07400249689817429,0.0,0.09808801859617233,0.09768842905759811,0.09768842905759811,0.11599113792181015,-0.04538643732666969,-2.5844998363666605e-10,0.0,0.0,4.089139938354492,4.089139938354492,2.6124370098114014,2.6124370098114014,0.484709233045578,0.0,0.0,0.0,0.0,0.08906397223472595,0.11158440262079239,8.543689546058886e-06,0.9916648268699646,0.24478217959403992,0.015709253028035164,2.589641571044922,2.6103622913360596,2.6124370098114014,2.613729476928711,2.7774081230163574,0.0,0.08774907886981964,1.0,1.568547010421753,1.5256742238998413,1.5352113246917725,0.0,0.002239406807348132,0.001359962159767747,9.596132440492511e-05,0.00659595150500536,0.0002239406603621319,0.0006595951854251325,0.0,0.002239406341686845,12.0,0.0,0.0,0.0,0.0,0.0,0.0,,,,,,,,,,,,,,,,,,,,,,0.0005
37,6040,train,0.05445581674575806,0.10922838002443314,0.10979887843132019,0.0,0.003384107258170843,0.003384107258170843,0.0,2.5003631114959717,9.999999747378752e-05,0.05000000074505806,0.009999999776482582,0.05000000074505806,0.0010000000474974513,0.0010000000474974513,1.0,0.027571290731430054,0.01219930499792099,0.0,0.0,0.0,0.0,0.0,0.0,0.0,0.0,-1.2865225076675415,-1.2865225076675415,1.0,-1.2865225076675415,-1.2865225076675415,-1.2652150392532349,0.0,-3.5628232955932617,2.6769466400146484,1.0,0.027571290731430054,1.0,0.0,0.0,0.027571290731430054,0.0,0.0,0.01219930499792099,0.0,0.11219929903745651,0.11414789408445358,0.004728362895548344,0.9135879278182983,0.27775904536247253,0.0,0.0,0.0,0.0,0.0,0.0,0.0,0.0,1.0,0.0,0.0011580463033169508,0.318619042634964,0.4103229343891144,0.06892316043376923,0.0,0.10979887843132019,0.10922838002443314,0.10922838002443314,0.12727254629135132,-0.06746774911880493,-1.7260784468398072e-10,0.0,0.0,4.228865623474121,4.228865623474121,2.56905460357666,2.56905460357666,0.5397830009460449,0.0,0.0,0.0,0.0,0.11219930648803711,0.1355348527431488,1.7493812265456654e-05,0.9900347590446472,0.27775904536247253,0.026600798591971397,2.5207202434539795,2.56953763961792,2.56905460357666,2.5290262699127197,2.6769466400146484,0.0,0.09372580051422119,1.0,1.4102686643600464,1.45596444606781,1.4606990814208984,0.0,0.005769169889390469,0.0027981780003756285,4.336199253884843e-06,0.011409386992454529,0.0005769170238636434,0.0011409387225285172,0.0,0.005769169889390469,12.0,0.0,0.0,0.0,0.0,0.0,0.0,,,,,,,,,,,,,,,,,,,,,,0.0005
37,6060,train,0.054425500333309174,0.10681311041116714,0.1072792336344719,0.0,0.00365934194996953,0.00365934194996953,0.0,2.4945926666259766,9.999999747378752e-05,0.05000000074505806,0.009999999776482582,0.05000000074505806,0.0010000000474974513,0.0010000000474974513,1.0,0.02513122744858265,0.003051668405532837,0.0,0.0,0.0,0.0,0.0,0.0,0.0,0.0,-1.2384010553359985,-1.2384010553359985,1.0,-1.2384010553359985,-1.238400936126709,-1.219834327697754,0.0,-3.4713003635406494,2.7979683876037598,1.0,0.02513122744858265,1.0,0.0,0.0,0.02513122744858265,0.0,0.0,0.003051668405532837,0.0,0.09694832563400269,0.10632342100143433,0.004785396158695221,0.8819847106933594,0.2531469166278839,0.0,0.0,0.0,0.0,0.0,0.0,0.0,0.0,1.0,0.0,0.001039563212543726,0.3311115801334381,0.41867443919181824,0.06977566331624985,0.0,0.1072792336344719,0.10681311041116714,0.10681311041116714,0.10996123403310776,-0.0401846319437027,7.071483676401868e-11,0.0,0.0,4.176473140716553,4.176473140716553,2.591428518295288,2.591428518295288,0.45469343662261963,0.0,0.0,0.0,0.0,0.09694833308458328,0.12349645793437958,7.332417339966923e-07,0.9955295920372009,0.2531469166278839,0.019944854080677032,2.4953739643096924,2.5916216373443604,2.591428518295288,2.612912654876709,2.7979683876037598,0.0,0.09005885571241379,1.0,1.4816280603408813,1.463934302330017,1.4606189727783203,0.0,0.004995523951947689,0.002851483877748251,0.00025709776673465967,0.01205686666071415,0.000499552465043962,0.0012056867126375437,0.0,0.004995523951947689,12.0,0.0,0.0,0.0,0.0,0.0,0.0,,,,,,,,,,,,,,,,,,,,,,0.0005
37,6080,train,0.05501255393028259,0.10752113163471222,0.1077604591846466,0.0,0.0036202585324645042,0.0036202585324645042,0.0,2.457932949066162,9.999999747378752e-05,0.05000000074505806,0.009999999776482582,0.05000000074505806,0.0010000000474974513,0.0010000000474974513,1.0,0.025366775691509247,0.00014691054821014404,0.0,0.0,0.0,0.0,0.0,0.0,0.0,0.0,-1.2418829202651978,-1.2418829202651978,1.0,-1.2418829202651978,-1.2418829202651978,-1.2209303379058838,0.0,-3.475677967071533,2.7605204582214355,1.0,0.025366775691509247,1.0,0.0,0.0,0.025366775691509247,0.0,0.0,0.00014691054821014404,0.0,0.09985309839248657,0.10070844739675522,0.004577203653752804,0.8661688566207886,0.2638779580593109,0.0,0.0,0.0,0.0,0.0,0.0,0.0,0.0,1.0,0.0,0.0007814212003722787,0.33205360174179077,0.4187791645526886,0.07268765568733215,0.0,0.1077604591846466,0.10752113163471222,0.10752113163471222,0.11100321263074875,-0.03124280832707882,3.1841740355531556e-10,0.0,0.0,4.118546962738037,4.118546485900879,2.597507953643799,2.597507953643799,0.4591383635997772,0.0,0.0,0.0,0.0,0.09985309094190598,0.119249127805233,1.4485674910247326e-05,0.9919935464859009,0.2638779580593109,0.01816023327410221,2.5135488510131836,2.5977072715759277,2.597507953643799,2.598921537399292,2.7605204582214355,0.0,0.08921843767166138,1.0,1.5108134746551514,1.4980456829071045,1.5034960508346558,0.0,0.006754342000931501,0.0032311496324837208,0.00031214821501635015,0.013720466755330563,0.000675434188451618,0.001372046652249992,0.0,0.006754341535270214,12.0,0.0,0.0,0.0,0.0,0.0,0.0,,,,,,,,,,,,,,,,,,,,,,0.0005
37,6100,train,0.04759746044874191,0.10166320204734802,0.10218282043933868,0.0,0.003518850775435567,0.003518850775435567,0.0,2.4611949920654297,9.999999747378752e-05,0.05000000074505806,0.009999999776482582,0.05000000074505806,0.0010000000474974513,0.0010000000474974513,1.0,0.02401803433895111,0.004621632397174835,0.0,0.0,0.0,0.0,0.0,0.0,0.0,0.0,-1.2492166757583618,-1.2492166757583618,1.0,-1.2492166757583618,-1.2492166757583618,-1.229422926902771,0.0,-3.4973251819610596,2.742572069168091,1.0,0.02401803433895111,1.0,0.0,0.0,0.02401803433895111,0.0,0.0,0.004621632397174835,0.0,0.09537837654352188,0.09597828984260559,0.0034899532329291105,0.8751413822174072,0.25654369592666626,0.0,0.0,0.0,0.0,0.0,0.0,0.0,0.0,1.0,0.0,0.0012946194037795067,0.3215853273868561,0.4221653640270233,0.07241377234458923,0.0,0.10218282043933868,0.10166320204734802,0.10166320204734802,0.1211787536740303,-0.043770257383584976,4.8943061409234545e-11,0.0,0.0,4.171051502227783,4.171051502227783,2.6215884685516357,2.6215884685516357,0.5056903958320618,0.0,0.0,0.0,0.0,0.09537836909294128,0.11642620712518692,1.748454087646678e-05,0.9871779680252075,0.25654369592666626,0.017945773899555206,2.564302682876587,2.6197640895843506,2.6215884685516357,2.6097664833068848,2.742572069168091,0.0,0.09466718137264252,1.0,1.5287268161773682,1.523752212524414,1.5184755325317383,0.0,0.002185819437727332,0.0014371505239978433,0.00023121904814615846,0.0067321136593818665,0.00021858197578694671,0.0006732113542966545,0.0,0.0021858196705579758,12.0,0.0,0.0,0.0,0.0,0.0,0.0,,,,,,,,,,,,,,,,,,,,,,0.0005
37,6120,train,0.03983600065112114,0.09632956236600876,0.0968303456902504,0.0,0.00338572240434587,0.00338572240434587,0.0,2.49517560005188,9.999999747378752e-05,0.05000000074505806,0.009999999776482582,0.05000000074505806,0.0010000000474974513,0.0010000000474974513,1.0,0.026165693998336792,0.009541288018226624,0.0,0.0,0.0,0.0,0.0,0.0,0.0,0.0,-1.271902322769165,-1.271902322769165,1.0,-1.271902322769165,-1.271902322769165,-1.2510327100753784,0.0,-3.5252084732055664,2.7162210941314697,1.0,0.026165693998336792,1.0,0.0,0.0,0.026165693998336792,0.0,0.0,0.009541288018226624,0.0,0.10954128950834274,0.10833894461393356,0.0036867018789052963,0.9077216982841492,0.2784779369831085,0.0,0.0,0.0,0.0,0.0,0.0,0.0,0.0,1.0,0.0,0.0008683684282004833,0.3173489272594452,0.4202817678451538,0.06958362460136414,0.0,0.0968303456902504,0.09632956236600876,0.09632956236600876,0.10741209238767624,-0.03424784168601036,-2.707483369446262e-11,0.0,0.0,4.096742153167725,4.096742153167725,2.6334333419799805,2.6334333419799805,0.4398220479488373,0.0,0.0,0.0,0.0,0.10954128950834274,0.12879562377929688,2.7439120458438993e-05,0.9940274953842163,0.2784779369831085,0.02210478112101555,2.5758607387542725,2.632251739501953,2.6334333419799805,2.588749408721924,2.7162210941314697,0.0,0.08999991416931152,1.0,1.439189076423645,1.5008891820907593,1.4920190572738647,0.0,0.0034834323450922966,0.002155378693714738,8.454091585008428e-05,0.009506812319159508,0.0003483432228676975,0.0009506812202744186,0.0,0.0034834323450922966,12.0,0.0,0.0,0.0,0.0,0.0,0.0,,,,,,,,,,,,,,,,,,,,,,0.0005
37,6140,train,0.04781465232372284,0.10182957351207733,0.10239172726869583,0.0,0.0033800890669226646,0.0033800890669226646,0.0,2.4694619178771973,9.999999747378752e-05,0.05000000074505806,0.009999999776482582,0.05000000074505806,0.0010000000474974513,0.0010000000474974513,1.0,0.028535587713122368,0.0051178112626075745,0.0,0.0,0.0,0.0,0.0,0.0,0.0,0.0,-1.249047875404358,-1.249047875404358,1.0,-1.249047875404358,-1.249047875404358,-1.232816457748413,0.0,-3.4763708114624023,2.7604355812072754,1.0,0.028535587713122368,1.0,0.0,0.0,0.028535587713122368,0.0,0.0,0.0051178112626075745,0.0,0.10511782020330429,0.11002473533153534,0.005000687204301357,0.8956303596496582,0.26984506845474243,0.0,0.0,0.0,0.0,0.0,0.0,0.0,0.0,1.0,0.0,0.0011432500323280692,0.3195728063583374,0.4159691035747528,0.07154372334480286,0.0,0.10239172726869583,0.10182957351207733,0.10182957351207733,0.10622012615203857,-0.044637612998485565,-1.2756425082915968e-10,0.0,0.0,4.125972270965576,4.125972270965576,2.5889053344726562,2.5889053344726562,0.43304017186164856,0.0,0.0,0.0,0.0,0.1051178127527237,0.1284111589193344,7.574806659249589e-05,0.9848676323890686,0.26984506845474243,0.02522212080657482,2.545201063156128,2.585916519165039,2.5889053344726562,2.583763599395752,2.7604355812072754,0.0,0.08949628472328186,1.0,1.4823529720306396,1.521689772605896,1.5155714750289917,0.0,0.0023079034872353077,0.0014965810114517808,3.842405567411333e-05,0.005745838396251202,0.00023079034872353077,0.000574583827983588,0.0,0.0023079034872353077,12.0,0.0,0.0,0.0,0.0,0.0,0.0,,,,,,,,,,,,,,,,,,,,,,0.0005
37,6160,train,0.03956162929534912,0.09471609443426132,0.09513220191001892,0.0,0.003377356566488743,0.003377356566488743,0.0,2.4248862266540527,9.999999747378752e-05,0.05000000074505806,0.009999999776482582,0.05000000074505806,0.0010000000474974513,0.0010000000474974513,1.0,0.025263000279664993,0.01990499347448349,0.0,0.0,0.0,0.0,0.0,0.0,0.0,0.0,-1.2439571619033813,-1.2439571619033813,1.0,-1.2439571619033813,-1.2439571619033813,-1.2227697372436523,0.0,-3.4825570583343506,2.739569902420044,1.0,0.025263000279664993,1.0,0.0,0.0,0.025263000279664993,0.0,0.0,0.01990499347448349,0.0,0.11990499496459961,0.1174035593867302,0.0035236398689448833,0.8792110681533813,0.29168057441711426,0.0,0.0,0.0,0.0,0.0,0.0,0.0,0.0,1.0,0.0,0.001005140133202076,0.3157642185688019,0.4207766354084015,0.07464422285556793,0.0,0.09513220191001892,0.09471609443426132,0.09471609443426132,0.106237031519413,-0.027301765978336334,-1.11540603142668e-10,0.0,0.0,4.245114326477051,4.245114326477051,2.6271984577178955,2.6271984577178955,0.448528528213501,0.0,0.0,0.0,0.0,0.11990499496459961,0.13825997710227966,2.6039870135718957e-05,0.9881263971328735,0.29168057441711426,0.026225492358207703,2.5565285682678223,2.628121852874756,2.6271984577178955,2.594881772994995,2.739569902420044,0.0,0.08781274408102036,1.0,1.5471510887145996,1.5082944631576538,1.5028233528137207,0.0,0.0037290523760020733,0.003343620803207159,9.887618944048882e-05,0.012881014496088028,0.00037290528416633606,0.0012881014263257384,0.0,0.0037290523760020733,12.0,0.0,0.0,0.0,0.0,0.0,0.0,,,,,,,,,,,,,,,,,,,,,,0.0005
37,6179,train_epoch,0.04938651969332895,0.10312124832483109,0.10356032321909944,0.0,0.0034912753638303923,0.0034912753638303923,0.0,2.469555489317386,9.999999747378752e-05,0.05000000074505806,0.009999999776482582,0.05000000074505806,0.0010000000474974513,0.0010000000474974513,1.0,0.026715391008796805,0.006339409929549623,0.0,0.0,0.0,0.0,0.0,0.0,0.0,0.0,-1.2483561167460002,-1.2483561167460002,1.0,-1.2483561167460002,-1.2483561167460002,-1.2277071554503756,0.0,-3.487194042719767,2.7634499330006674,1.0,0.026715391008796805,1.0,0.0,0.0,0.026715391008796805,0.0,0.0,0.006339409929549623,0.0,0.10019752115546586,0.10370351797984746,0.004333532257089224,0.8896445203684047,0.26142600847932396,0.0,0.0,0.0,0.0,0.0,0.0,0.0,0.0,1.0,0.0,0.0009319658916092249,0.3257885525326529,0.4185785376383159,0.07146495718977408,0.0,0.10356032321909944,0.10312124832483109,0.10312124832483109,0.11489258603956885,-0.039615335729263144,-1.5568892018411177e-11,0.0,0.0,4.185590892494796,4.185590892494796,2.6078509613425433,2.6078509613425433,0.480997568654443,0.0,0.0,0.0,0.0,0.10019752039702352,0.12294169064767346,1.452156291730978e-05,0.9872556571475046,0.26142600847932396,0.020742110707267315,2.53443082935082,2.608339084122709,2.6078509613425433,2.602962262616186,2.7634499330006674,0.0,0.08920275379797656,1.0,1.492587624909635,1.4919832623647358,1.4925830614067124,0.0,0.003148748406242512,0.0020848157805875836,8.025872313906465e-05,0.008720753993281347,0.0003148748459744763,0.0008720754130609602,0.0,0.003148748365113746,12.0,0.0,0.0,0.0,0.0,0.0,0.0,,,,,,,,,,,,,,,,,,,,,,0.0005
37,6179,val,,,,,,,,,,,,,,,,,,,,,,,,,,,,,,,,,,,,,,,,,,,,,,,,,,,,,,,,,,,,,,,,,,,,,,,,,,,,,,,,,,,,,,,,,,,,,,,,,,,,,,,,,,,,,,,,,,,15.149715662002563,628.4158385140555,25.068223680868485,10.701452425548009,6.897312683718545,14.135939989771162,23.189058776565524,9.617417582443782,6.437442370823452,15.115837710244316,25.08160983541771,10.53802762712751,6.8752396787915915,16.95427746432168,27.903459135085814,12.648075597626823,7.73796010017395,15.149715662002563,25.068223680868485,10.701452425548009,6.897312683718545,0.0005
37,6179,test,,,,,,,,,,,,,,,,,,,,,,,,,,,,,,,,,,,,,,,,,,,,,,,,,,,,,,,,,,,,,,,,,,,,,,,,,,,,,,,,,,,,,,,,,,,,,,,,,,,,,,,,,,,,,,,,,,,27.078254171780177,1782.0118111201696,42.21388173480579,26.471635801451548,12.4991386617933,19.942576902253286,30.204395118910263,18.911289606775558,9.249567517212459,26.826767240251815,40.75825511487617,25.98658856323787,12.36108682836805,37.09885724953243,55.71128855528035,37.338709115982056,17.067387087004526,27.078254171780177,42.21388173480579,26.471635801451548,12.4991386617933,0.0005
38,6180,train,0.05724883824586868,0.11133776605129242,0.11236805468797684,0.0,0.0036514312960207462,0.0036514312960207462,0.0,2.5289926528930664,9.999999747378752e-05,0.05000000074505806,0.009999999776482582,0.05000000074505806,0.0010000000474974513,0.0010000000474974513,1.0,0.03265853226184845,0.012931875884532928,0.0,0.0,0.0,0.0,0.0,0.0,0.0,0.0,-1.2840601205825806,-1.2840601205825806,1.0,-1.2840601205825806,-1.2840601205825806,-1.2529911994934082,0.0,-3.560723304748535,2.684089422225952,1.0,0.03265853226184845,1.0,0.0,0.0,0.03265853226184845,0.0,0.0,0.012931875884532928,0.0,0.08706812560558319,0.09595360606908798,0.0029041345696896315,0.8281859159469604,0.2380840927362442,0.0,0.0,0.0,0.0,0.0,0.0,0.0,0.0,1.0,0.0,0.0017539828550070524,0.34003740549087524,0.41614165902137756,0.06761185079813004,0.0,0.11236805468797684,0.11133776605129242,0.11133776605129242,0.1283566951751709,-0.06620419025421143,-5.130839086930905e-10,0.0,0.0,4.250290393829346,4.250290393829346,2.5987229347229004,2.5987229347229004,0.5560744404792786,0.0,0.0,0.0,0.0,0.08706812560558319,0.1121760830283165,3.049088809348177e-05,0.9761886596679688,0.2380840927362442,0.01604626327753067,2.4546730518341064,2.60239839553833,2.5987229347229004,2.543121099472046,2.684089422225952,0.0,0.09720617532730103,1.0,1.3478355407714844,1.4249272346496582,1.408416986465454,0.0,0.0027323653921484947,0.001596778049133718,8.459282253170386e-05,0.008621161803603172,0.00027323653921484947,0.000862116168718785,0.0,0.0027323653921484947,12.0,0.0,0.0,0.0,0.0,0.0,0.0,,,,,,,,,,,,,,,,,,,,,,0.0005
38,6200,train,0.04814031720161438,0.10133226215839386,0.10177058726549149,0.0,0.0034725042060017586,0.0034725042060017586,0.0,2.457991600036621,9.999999747378752e-05,0.05000000074505806,0.009999999776482582,0.05000000074505806,0.0010000000474974513,0.0010000000474974513,1.0,0.025119366124272346,0.00033886730670928955,0.0,0.0,0.0,0.0,0.0,0.0,0.0,0.0,-1.233182430267334,-1.233182430267334,1.0,-1.233182430267334,-1.233182430267334,-1.2191473245620728,0.0,-3.463935375213623,2.788451910018921,1.0,0.025119366124272346,1.0,0.0,0.0,0.025119366124272346,0.0,0.0,0.00033886730670928955,0.0,0.10033886879682541,0.1071610152721405,0.004426969215273857,0.9234790802001953,0.26077625155448914,0.0,0.0,0.0,0.0,0.0,0.0,0.0,0.0,1.0,0.0,0.0009970470564439893,0.3272310793399811,0.4180777966976166,0.07179649919271469,0.0,0.10177058726549149,0.10133226215839386,0.10133226215839386,0.1148924008011818,-0.03658604621887207,-2.946757074462347e-11,0.0,0.0,4.175569534301758,4.175569534301758,2.5912888050079346,2.5912888050079346,0.4818795323371887,0.0,0.0,0.0,0.0,0.10033886879682541,0.12594173848628998,3.245886546210386e-05,0.9855260848999023,0.26077625155448914,0.02405024692416191,2.5521700382232666,2.5897223949432373,2.5912888050079346,2.655529022216797,2.788451910018921,0.0,0.08859438449144363,1.0,1.5115516185760498,1.5022399425506592,1.5193952322006226,0.0,0.0026122950948774815,0.0020053854677826166,1.0035194463853259e-05,0.008625508286058903,0.0002612295502331108,0.0008625508635304868,0.0,0.002612295327708125,12.0,0.0,0.0,0.0,0.0,0.0,0.0,,,,,,,,,,,,,,,,,,,,,,0.0005
38,6220,train,0.04398871213197708,0.09905373305082321,0.0993042141199112,0.0,0.003468576818704605,0.003468576818704605,0.0,2.478175401687622,9.999999747378752e-05,0.05000000074505806,0.009999999776482582,0.05000000074505806,0.0010000000474974513,0.0010000000474974513,1.0,0.02599692903459072,0.011248752474784851,0.0,0.0,0.0,0.0,0.0,0.0,0.0,0.0,-1.2564058303833008,-1.2564058303833008,1.0,-1.2564058303833008,-1.2564058303833008,-1.236354947090149,0.0,-3.498514413833618,2.7563462257385254,1.0,0.02599692903459072,1.0,0.0,0.0,0.02599692903459072,0.0,0.0,0.011248752474784851,0.0,0.08875124901533127,0.09470459073781967,0.0026972354389727116,0.8864259719848633,0.24268858134746552,0.0,0.0,0.0,0.0,0.0,0.0,0.0,0.0,1.0,0.0,0.0007067238911986351,0.32294759154319763,0.416706383228302,0.07063223421573639,0.0,0.0993042141199112,0.09905373305082321,0.09905373305082321,0.11473102867603302,-0.04589215666055679,1.226544144028452e-10,0.0,0.0,4.193526268005371,4.193526268005371,2.628901958465576,2.628901958465576,0.4758078157901764,0.0,0.0,0.0,0.0,0.08875124901533127,0.11237799376249313,1.202512976306025e-06,0.9827834367752075,0.24268858134746552,0.015801165252923965,2.5721230506896973,2.627197027206421,2.628901958465576,2.619467258453369,2.7563462257385254,0.0,0.088589608669281,1.0,1.4900579452514648,1.487510085105896,1.4943757057189941,0.0,0.003999605774879456,0.0029917568899691105,0.00011491011537145823,0.011007452383637428,0.0003999606124125421,0.0011007452849298716,0.0,0.003999605774879456,12.0,0.0,0.0,0.0,0.0,0.0,0.0,,,,,,,,,,,,,,,,,,,,,,0.0005
38,6240,train,0.048447076231241226,0.1019916906952858,0.10227826982736588,0.0,0.003493847092613578,0.003493847092613578,0.0,2.461533546447754,9.999999747378752e-05,0.05000000074505806,0.009999999776482582,0.05000000074505806,0.0010000000474974513,0.0010000000474974513,1.0,0.023569758981466293,0.002077341079711914,0.0,0.0,0.0,0.0,0.0,0.0,0.0,0.0,-1.2407792806625366,-1.2407792806625366,1.0,-1.2407792806625366,-1.2407793998718262,-1.2191143035888672,0.0,-3.490811824798584,2.7332684993743896,1.0,0.023569758981466293,1.0,0.0,0.0,0.023569758981466293,0.0,0.0,0.002077341079711914,0.0,0.10207735747098923,0.10534379631280899,0.003923763521015644,0.9438450336456299,0.26542556285858154,0.0,0.0,0.0,0.0,0.0,0.0,0.0,0.0,1.0,0.0,0.0006927523645572364,0.33033522963523865,0.4214647114276886,0.07208316028118134,0.0,0.10227826982736588,0.1019916906952858,0.1019916906952858,0.12154631316661835,-0.044285692274570465,1.3762488371149573e-10,0.0,0.0,4.238237380981445,4.238237380981445,2.617237091064453,2.617237091064453,0.5158980488777161,0.0,0.0,0.0,0.0,0.10207734256982803,0.12464816868305206,2.2360457023751223e-06,0.9953370094299316,0.26542556285858154,0.02105545438826084,2.534451484680176,2.6189522743225098,2.617237091064453,2.57932186126709,2.7332684993743896,0.0,0.08783280104398727,1.0,1.4765205383300781,1.5140419006347656,1.502946376800537,0.0,0.00294352974742651,0.0015020640566945076,0.0001796859287424013,0.006594705395400524,0.0002943529689218849,0.0006594705628231168,0.0,0.002943529514595866,12.0,0.0,0.0,0.0,0.0,0.0,0.0,,,,,,,,,,,,,,,,,,,,,,0.0005
38,6260,train,0.03913896903395653,0.09587005525827408,0.09599795192480087,0.0,0.003266124054789543,0.003266124054789543,0.0,2.49592661857605,9.999999747378752e-05,0.05000000074505806,0.009999999776482582,0.05000000074505806,0.0010000000474974513,0.0010000000474974513,1.0,0.02587347850203514,0.009853117167949677,0.0,0.0,0.0,0.0,0.0,0.0,0.0,0.0,-1.2729883193969727,-1.2729883193969727,1.0,-1.2729883193969727,-1.2729883193969727,-1.2560315132141113,0.0,-3.5272104740142822,2.7166619300842285,1.0,0.02587347850203514,1.0,0.0,0.0,0.02587347850203514,0.0,0.0,0.009853117167949677,0.0,0.09014688432216644,0.09600219875574112,0.004840868525207043,0.8675196170806885,0.24647648632526398,0.0,0.0,0.0,0.0,0.0,0.0,0.0,0.0,1.0,0.0,0.0005485390429385006,0.31212612986564636,0.41044554114341736,0.06917717307806015,0.0,0.09599795192480087,0.09587005525827408,0.09587005525827408,0.12359242141246796,-0.05317416414618492,6.18185988510156e-11,0.0,0.0,4.217656135559082,4.217656135559082,2.5887539386749268,2.5887539386749268,0.5251637697219849,0.0,0.0,0.0,0.0,0.09014688432216644,0.11251401901245117,1.2292896826693323e-05,0.972018837928772,0.24647648632526398,0.015517770312726498,2.5682590007781982,2.584824800491333,2.5887539386749268,2.5747227668762207,2.7166619300842285,0.0,0.08821840584278107,1.0,1.5043318271636963,1.4675501585006714,1.451798439025879,0.0,0.002129878383129835,0.001529232133179903,4.463167715584859e-05,0.007576523348689079,0.0002129878557752818,0.0007576523348689079,0.0,0.002129878383129835,12.0,0.0,0.0,0.0,0.0,0.0,0.0,,,,,,,,,,,,,,,,,,,,,,0.0005
38,6280,train,0.04487662762403488,0.09989484399557114,0.10011184215545654,0.0,0.0034625083208084106,0.0034625083208084106,0.0,2.503478765487671,9.999999747378752e-05,0.05000000074505806,0.009999999776482582,0.05000000074505806,0.0010000000474974513,0.0010000000474974513,1.0,0.0259175356477499,0.0010007545351982117,0.0,0.0,0.0,0.0,0.0,0.0,0.0,0.0,-1.2581828832626343,-1.2581828832626343,1.0,-1.2581828832626343,-1.2581828832626343,-1.2332934141159058,0.0,-3.496067523956299,2.7844839096069336,1.0,0.0259175356477499,1.0,0.0,0.0,0.0259175356477499,0.0,0.0,0.0010007545351982117,0.0,0.10100075602531433,0.10192855447530746,0.0058577414602041245,0.8663911819458008,0.2658023238182068,0.0,0.0,0.0,0.0,0.0,0.0,0.0,0.0,1.0,0.0,0.0005310199921950698,0.3275126814842224,0.41706833243370056,0.06891157478094101,0.0,0.10011184215545654,0.09989484399557114,0.09989484399557114,0.11875877529382706,-0.045110322535037994,1.0215730344986795e-10,0.0,0.0,4.255669116973877,4.255669116973877,2.6078174114227295,2.6078174114227295,0.5067868232727051,0.0,0.0,0.0,0.0,0.10100075602531433,0.12121490389108658,1.4887154975440353e-05,0.9872740507125854,0.2658023238182068,0.019768690690398216,2.5228235721588135,2.609886407852173,2.6078174114227295,2.5992443561553955,2.7844839096069336,0.0,0.08608590811491013,1.0,1.4391629695892334,1.4573540687561035,1.464193344116211,0.0,0.003633028594776988,0.0027256698813289404,0.0002256189618492499,0.013009421527385712,0.00036330282455310225,0.0013009421527385712,0.0,0.0036330283619463444,12.0,0.0,0.0,0.0,0.0,0.0,0.0,,,,,,,,,,,,,,,,,,,,,,0.0005
38,6300,train,0.052311092615127563,0.1049489751458168,0.10560702532529831,0.0,0.003529634792357683,0.003529634792357683,0.0,2.4741601943969727,9.999999747378752e-05,0.05000000074505806,0.009999999776482582,0.05000000074505806,0.0010000000474974513,0.0010000000474974513,1.0,0.02303788624703884,0.003324665129184723,0.0,0.0,0.0,0.0,0.0,0.0,0.0,0.0,-1.236825704574585,-1.236825704574585,1.0,-1.236825704574585,-1.2368255853652954,-1.220344066619873,0.0,-3.464845895767212,2.756781578063965,1.0,0.02303788624703884,1.0,0.0,0.0,0.02303788624703884,0.0,0.0,0.003324665129184723,0.0,0.0966753363609314,0.09868194162845612,0.00231286883354187,0.8575579524040222,0.25841623544692993,0.0,0.0,0.0,0.0,0.0,0.0,0.0,0.0,1.0,0.0,0.0014994959346950054,0.3263784348964691,0.4186793267726898,0.07070621103048325,0.0,0.10560702532529831,0.1049489751458168,0.1049489751458168,0.11902143061161041,-0.04797421768307686,-1.2996170806189866e-10,0.0,0.0,4.181386947631836,4.181386947631836,2.587787389755249,2.587787389755249,0.49680715799331665,0.0,0.0,0.0,0.0,0.0966753363609314,0.11705999076366425,3.2228766940534115e-05,0.982143223285675,0.25841623544692993,0.01806832291185856,2.516540288925171,2.587506055831909,2.587787389755249,2.5873184204101562,2.756781578063965,0.0,0.09414592385292053,1.0,1.448294997215271,1.4760797023773193,1.4956073760986328,0.0,0.004008771851658821,0.002531888661906123,0.00015577764133922756,0.009679320268332958,0.00040087723755277693,0.0009679320501163602,0.0,0.004008771851658821,12.0,0.0,0.0,0.0,0.0,0.0,0.0,,,,,,,,,,,,,,,,,,,,,,0.0005
38,6320,train,0.04849597066640854,0.1018311157822609,0.1020953431725502,0.0,0.0035908811260014772,0.0035908811260014772,0.0,2.4582831859588623,9.999999747378752e-05,0.05000000074505806,0.009999999776482582,0.05000000074505806,0.0010000000474974513,0.0010000000474974513,1.0,0.02549779787659645,0.015854425728321075,0.0,0.0,0.0,0.0,0.0,0.0,0.0,0.0,-1.2370156049728394,-1.2370156049728394,1.0,-1.2370156049728394,-1.2370156049728394,-1.2203607559204102,0.0,-3.4609830379486084,2.7931456565856934,1.0,0.02549779787659645,1.0,0.0,0.0,0.02549779787659645,0.0,0.0,0.015854425728321075,0.0,0.1158544272184372,0.12077511847019196,0.0026913429610431194,0.9204415678977966,0.2828814387321472,0.0,0.0,0.0,0.0,0.0,0.0,0.0,0.0,1.0,0.0,0.0006123681669123471,0.3383491039276123,0.4110065698623657,0.07124613225460052,0.0,0.1020953431725502,0.1018311157822609,0.1018311157822609,0.11135619878768921,-0.02682705596089363,3.883047494657177e-10,0.0,0.0,4.203490257263184,4.203490257263184,2.5557758808135986,2.5557758808135986,0.47462576627731323,0.0,0.0,0.0,0.0,0.1158544272184372,0.13941721618175507,1.020059585243871e-06,0.9950273633003235,0.2828814387321472,0.029450062662363052,2.4916629791259766,2.555535316467285,2.5557758808135986,2.6229047775268555,2.7931456565856934,0.0,0.0844373032450676,1.0,1.404367446899414,1.4317207336425781,1.4275288581848145,0.0,0.0023793051950633526,0.00187057931907475,3.3747433917596936e-05,0.007986816577613354,0.0002379305224167183,0.0007986816926859319,0.0,0.0023793051950633526,12.0,0.0,0.0,0.0,0.0,0.0,0.0,,,,,,,,,,,,,,,,,,,,,,0.0005
38,6340,train,0.04989190027117729,0.10266576707363129,0.10359223186969757,0.0,0.003592846915125847,0.003592846915125847,0.0,2.4730277061462402,9.999999747378752e-05,0.05000000074505806,0.009999999776482582,0.05000000074505806,0.0010000000474974513,0.0010000000474974513,1.0,0.02762276493012905,0.01231028139591217,0.0,0.0,0.0,0.0,0.0,0.0,0.0,0.0,-1.232653260231018,-1.232653260231018,1.0,-1.232653260231018,-1.2326531410217285,-1.208113670349121,0.0,-3.4802589416503906,2.7833521366119385,1.0,0.02762276493012905,1.0,0.0,0.0,0.02762276493012905,0.0,0.0,0.01231028139591217,0.0,0.08768972009420395,0.09712501615285873,0.003587055951356888,0.91557776927948,0.23935425281524658,0.0,0.0,0.0,0.0,0.0,0.0,0.0,0.0,1.0,0.0,0.0018828510073944926,0.33814963698387146,0.4267893135547638,0.07199694216251373,0.0,0.10359223186969757,0.10266576707363129,0.10266576707363129,0.11349500715732574,-0.028043702244758606,-2.8905353804953293e-11,0.0,0.0,4.18430757522583,4.18430757522583,2.6367805004119873,2.6367805004119873,0.482952356338501,0.0,0.0,0.0,0.0,0.08768972009420395,0.1129198744893074,3.3210737910849275e-06,0.9865052103996277,0.23935425281524658,0.01585477963089943,2.53515625,2.6389241218566895,2.6367805004119873,2.610654830932617,2.7833521366119385,0.0,0.09623788297176361,1.0,1.528854250907898,1.4955323934555054,1.4761967658996582,0.0,0.0029072521720081568,0.0021024427842348814,4.6160374040482566e-05,0.008044005371630192,0.00029072523466311395,0.0008044005371630192,0.0,0.0029072521720081568,12.0,0.0,0.0,0.0,0.0,0.0,0.0,,,,,,,,,,,,,,,,,,,,,,0.0005
38,6346,train_epoch,0.04946349224376821,0.10308088313141268,0.10350746964801572,0.0,0.0034968971127008427,0.0034968971127008427,0.0,2.4742015407470888,9.999999747378752e-05,0.05000000074505806,0.009999999776482582,0.05000000074505806,0.0010000000474974513,0.0010000000474974513,1.0,0.02595262729122253,0.006040367894543859,0.0,0.0,0.0,0.0,0.0,0.0,0.0,0.0,-1.2462190453877706,-1.2462190453877706,1.0,-1.2462190453877706,-1.2462190425324582,-1.2257445843633776,0.0,-3.4839765325991694,2.7632579889126165,1.0,0.02595262729122253,1.0,0.0,0.0,0.02595262729122253,0.0,0.0,0.006040367894543859,0.0,0.09907480922644724,0.1031637173926759,0.004429198921418297,0.8904659551774671,0.2597923062875599,0.0,0.0,0.0,0.0,0.0,0.0,0.0,0.0,1.0,0.0,0.0009071245438539183,0.32752382612513925,0.4190538905694813,0.07097557254001766,0.0,0.10350746964801572,0.10308088313141268,0.10308088313141268,0.11385895383215236,-0.038728832640869175,-1.1556443633735697e-11,0.0,0.0,4.188708356754509,4.188708348188571,2.6117880472879924,2.6117880472879924,0.4770660279039851,0.0,0.0,0.0,0.0,0.09907480748649129,0.12207346248947931,1.7443075128670638e-05,0.9869732114369284,0.2597923062875599,0.020317362777576474,2.538051082702454,2.6119774344438564,2.6117880472879924,2.606230483083668,2.7632579889126165,0.0,0.08970259326303791,1.0,1.4879571634852244,1.489138460444833,1.4896044980979966,0.0,0.003319039362940023,0.0021139713844931323,0.00010800392946762253,0.008867767190527238,0.00033190394549569236,0.0008867767374212491,0.0,0.00331903937618488,12.0,0.0,0.0,0.0,0.0,0.0,0.0,,,,,,,,,,,,,,,,,,,,,,0.0005
38,6346,val,,,,,,,,,,,,,,,,,,,,,,,,,,,,,,,,,,,,,,,,,,,,,,,,,,,,,,,,,,,,,,,,,,,,,,,,,,,,,,,,,,,,,,,,,,,,,,,,,,,,,,,,,,,,,,,,,,,15.196742159979683,636.045809337071,25.219948638668377,10.711921521595546,6.918717154434749,14.316232289586749,23.465039507591783,9.738774538040161,6.498589072908674,15.182865483420235,25.247678922511042,10.543364448206765,6.910288367952619,16.95505632672991,28.098190681648134,12.613284238747188,7.746338248252869,15.196742159979683,25.219948638668377,10.711921521595546,6.918717154434749,0.0005
39,6360,train,0.05332477390766144,0.10546033829450607,0.1057901456952095,0.0,0.003652798943221569,0.003652798943221569,0.0,2.469395875930786,9.999999747378752e-05,0.05000000074505806,0.009999999776482582,0.05000000074505806,0.0010000000474974513,0.0010000000474974513,1.0,0.02915544994175434,0.007538288831710815,0.0,0.0,0.0,0.0,0.0,0.0,0.0,0.0,-1.229331135749817,-1.229331135749817,1.0,-1.229331135749817,-1.2293308973312378,-1.2079603672027588,0.0,-3.447496175765991,2.8000924587249756,1.0,0.02915544994175434,1.0,0.0,0.0,0.02915544994175434,0.0,0.0,0.007538288831710815,0.0,0.0924617126584053,0.09877265989780426,0.004990486428141594,0.941421627998352,0.24812346696853638,0.0,0.0,0.0,0.0,0.0,0.0,0.0,0.0,1.0,0.0,0.0007928599952720106,0.33585527539253235,0.4243752062320709,0.07201947271823883,0.0,0.1057901456952095,0.10546033829450607,0.10546033829450607,0.11770769208669662,-0.05319221690297127,-4.245010246095582e-11,0.0,0.0,4.162455081939697,4.162455081939697,2.6238462924957275,2.6238462924957275,0.48842236399650574,0.0,0.0,0.0,0.0,0.0924617126584053,0.11747048795223236,2.6706909920903854e-05,0.9942755103111267,0.24812346696853638,0.01796109229326248,2.5217795372009277,2.6283793449401855,2.6238462924957275,2.641364097595215,2.8000924587249756,0.0,0.09009971469640732,1.0,1.5003116130828857,1.4877485036849976,1.5185264348983765,0.0,0.0021842026617377996,0.001639518071897328,7.671472849324346e-05,0.006486635189503431,0.0002184202749049291,0.0006486635538749397,0.0,0.0021842026617377996,12.0,0.0,0.0,0.0,0.0,0.0,0.0,,,,,,,,,,,,,,,,,,,,,,0.0005
39,6380,train,0.05410197004675865,0.1063978299498558,0.10658096522092819,0.0,0.003578170435503125,0.003578170435503125,0.0,2.475586175918579,9.999999747378752e-05,0.05000000074505806,0.009999999776482582,0.05000000074505806,0.0010000000474974513,0.0010000000474974513,1.0,0.024464158341288567,0.00267830491065979,0.0,0.0,0.0,0.0,0.0,0.0,0.0,0.0,-1.2344276905059814,-1.2344276905059814,1.0,-1.2344276905059814,-1.234427571296692,-1.2097376585006714,0.0,-3.45995831489563,2.7970638275146484,1.0,0.024464158341288567,1.0,0.0,0.0,0.024464158341288567,0.0,0.0,0.00267830491065979,0.0,0.09732169657945633,0.09852979332208633,0.00231717387214303,0.884502112865448,0.25968456268310547,0.0,0.0,0.0,0.0,0.0,0.0,0.0,0.0,1.0,0.0,0.0005558821721933782,0.3354138433933258,0.4216465651988983,0.07151636481285095,0.0,0.10658096522092819,0.1063978299498558,0.1063978299498558,0.11497803777456284,-0.04353015124797821,1.8115764444104343e-10,0.0,0.0,4.250458717346191,4.250458717346191,2.6078736782073975,2.6078736782073975,0.48787322640419006,0.0,0.0,0.0,0.0,0.09732169657945633,0.11767972260713577,3.6788171655643964e-06,0.9784082174301147,0.25968456268310547,0.018244486302137375,2.4831948280334473,2.611652135848999,2.6078736782073975,2.6186251640319824,2.7970638275146484,0.0,0.08470097929239273,1.0,1.4038856029510498,1.4539108276367188,1.4351232051849365,0.0,0.002165815094485879,0.0014218208380043507,5.3245676099322736e-05,0.0062440549954771996,0.0002165815094485879,0.0006244055111892521,0.0,0.0021658148616552353,12.0,0.0,0.0,0.0,0.0,0.0,0.0,,,,,,,,,,,,,,,,,,,,,,0.0005
39,6400,train,0.04579814523458481,0.09883534908294678,0.09908390790224075,0.0,0.0034212800674140453,0.0034212800674140453,0.0,2.4405417442321777,9.999999747378752e-05,0.05000000074505806,0.009999999776482582,0.05000000074505806,0.0010000000474974513,0.0010000000474974513,1.0,0.02421487122774124,0.0014994889497756958,0.0,0.0,0.0,0.0,0.0,0.0,0.0,0.0,-1.2215803861618042,-1.2215803861618042,1.0,-1.2215803861618042,-1.2215803861618042,-1.2055875062942505,0.0,-3.4373960494995117,2.7900853157043457,1.0,0.02421487122774124,1.0,0.0,0.0,0.02421487122774124,0.0,0.0,0.0014994889497756958,0.0,0.10149949789047241,0.10356903821229935,0.004078765399754047,0.888440728187561,0.2655607759952545,0.0,0.0,0.0,0.0,0.0,0.0,0.0,0.0,1.0,0.0,0.0005169842042960227,0.32872453331947327,0.418674498796463,0.07338738441467285,0.0,0.09908390790224075,0.09883534908294678,0.09883534908294678,0.1137642189860344,-0.04238981381058693,-6.346943803858807e-12,0.0,0.0,4.109499454498291,4.109499454498291,2.614166736602783,2.614166736602783,0.4630354046821594,0.0,0.0,0.0,0.0,0.10149949043989182,0.12335141748189926,2.39395308199164e-06,0.990013837814331,0.2655607759952545,0.020350797101855278,2.5714948177337646,2.613281726837158,2.614166736602783,2.6338062286376953,2.7900853157043457,0.0,0.08672132343053818,1.0,1.5327939987182617,1.536272406578064,1.540936827659607,0.0,0.003307787235826254,0.0019176406785845757,0.00010304131865268573,0.0077384114265441895,0.00033077874104492366,0.0007738411659374833,0.0,0.003307787235826254,12.0,0.0,0.0,0.0,0.0,0.0,0.0,,,,,,,,,,,,,,,,,,,,,,0.0005
39,6420,train,0.05511857941746712,0.10743017494678497,0.10772298276424408,0.0,0.0036472466308623552,0.0036472466308623552,0.0,2.4638490676879883,9.999999747378752e-05,0.05000000074505806,0.009999999776482582,0.05000000074505806,0.0010000000474974513,0.0010000000474974513,1.0,0.026268765330314636,0.012862302362918854,0.0,0.0,0.0,0.0,0.0,0.0,0.0,0.0,-1.2387343645095825,-1.2387343645095825,1.0,-1.2387343645095825,-1.2387343645095825,-1.2063852548599243,0.0,-3.479952573776245,2.7708728313446045,1.0,0.026268765330314636,1.0,0.0,0.0,0.026268765330314636,0.0,0.0,0.012862302362918854,0.0,0.11286230385303497,0.11768519133329391,0.0059708706103265285,0.9025279879570007,0.2775031626224518,0.0,0.0,0.0,0.0,0.0,0.0,0.0,0.0,1.0,0.0,0.0007574877236038446,0.342544287443161,0.42964211106300354,0.07267417013645172,0.0,0.10772298276424408,0.10743017494678497,0.10743017494678497,0.11998596787452698,-0.043271273374557495,1.2586930109304006e-10,0.0,0.0,4.283308029174805,4.283308029174805,2.648063898086548,2.648063898086548,0.5198268294334412,0.0,0.0,0.0,0.0,0.11286230385303497,0.13744425773620605,2.0251596652087756e-05,0.9870592355728149,0.2775031626224518,0.02776501327753067,2.493285894393921,2.6544981002807617,2.648063898086548,2.6200153827667236,2.7708728313446045,0.0,0.0881766527891159,1.0,1.4970227479934692,1.501739501953125,1.467374563217163,0.0,0.003321303054690361,0.002325585577636957,1.281865934288362e-05,0.008519118651747704,0.00033213035203516483,0.0008519119000993669,0.0,0.0033213035203516483,12.0,0.0,0.0,0.0,0.0,0.0,0.0,,,,,,,,,,,,,,,,,,,,,,0.0005
39,6440,train,0.048183925449848175,0.1011943593621254,0.101382777094841,0.0,0.0034639709629118443,0.0034639709629118443,0.0,2.462852954864502,9.999999747378752e-05,0.05000000074505806,0.009999999776482582,0.05000000074505806,0.0010000000474974513,0.0010000000474974513,1.0,0.026290763169527054,0.00937158614397049,0.0,0.0,0.0,0.0,0.0,0.0,0.0,0.0,-1.2290356159210205,-1.2290356159210205,1.0,-1.2290356159210205,-1.229035496711731,-1.2092068195343018,0.0,-3.452085494995117,2.7680041790008545,1.0,0.026290763169527054,1.0,0.0,0.0,0.026290763169527054,0.0,0.0,0.00937158614397049,0.0,0.09062841534614563,0.10000842064619064,0.007108084391802549,0.881193995475769,0.24547240138053894,0.0,0.0,0.0,0.0,0.0,0.0,0.0,0.0,1.0,0.0,0.0006498075090348721,0.31973159313201904,0.4264920949935913,0.0719074234366417,0.0,0.101382777094841,0.1011943593621254,0.1011943593621254,0.12005619704723358,-0.05557755008339882,-1.7940075813793754e-10,0.0,0.0,4.128610134124756,4.128610134124756,2.661029100418091,2.661029100418091,0.4968840181827545,0.0,0.0,0.0,0.0,0.09062841534614563,0.11609525978565216,3.078352165175602e-05,0.9793636202812195,0.24547240138053894,0.018642770126461983,2.6099605560302734,2.658827781677246,2.661029100418091,2.6394729614257812,2.7680041790008545,0.0,0.0903325155377388,1.0,1.5422981977462769,1.5381606817245483,1.5458725690841675,0.0,0.002066953806206584,0.0014628252247348428,0.00017473066691309214,0.007004233077168465,0.0002066953747998923,0.0007004233193583786,0.0,0.0020669535733759403,12.0,0.0,0.0,0.0,0.0,0.0,0.0,,,,,,,,,,,,,,,,,,,,,,0.0005
39,6460,train,0.0540982224047184,0.10717842727899551,0.10732816904783249,0.0,0.003523889696225524,0.003523889696225524,0.0,2.4756863117218018,9.999999747378752e-05,0.05000000074505806,0.009999999776482582,0.05000000074505806,0.0010000000474974513,0.0010000000474974513,1.0,0.025073394179344177,0.021914377808570862,0.0,0.0,0.0,0.0,0.0,0.0,0.0,0.0,-1.2502765655517578,-1.2502765655517578,1.0,-1.2502765655517578,-1.2502765655517578,-1.2246453762054443,0.0,-3.4905872344970703,2.7376184463500977,1.0,0.025073394179344177,1.0,0.0,0.0,0.025073394179344177,0.0,0.0,0.021914377808570862,0.0,0.12191438674926758,0.12003262341022491,0.005339290946722031,0.9028300046920776,0.29292821884155273,0.0,0.0,0.0,0.0,0.0,0.0,0.0,0.0,1.0,0.0,0.000410695094615221,0.3345828950405121,0.4205476641654968,0.0706261470913887,0.0,0.10732816904783249,0.10717842727899551,0.10717842727899551,0.11786516010761261,-0.03325869143009186,8.063526235613239e-11,0.0,0.0,4.375723361968994,4.375723361968994,2.620838165283203,2.620838165283203,0.5200764536857605,0.0,0.0,0.0,0.0,0.12191437929868698,0.14278261363506317,5.6917474466899876e-06,0.9939234852790833,0.29292821884155273,0.030522366985678673,2.5085389614105225,2.624467611312866,2.620838165283203,2.579468250274658,2.7376184463500977,0.0,0.08652711659669876,1.0,1.5082907676696777,1.4793565273284912,1.463727355003357,0.0,0.004029945004731417,0.0023153149522840977,2.4112965547828935e-05,0.010045601986348629,0.00040299451211467385,0.001004560268484056,0.0,0.004029945470392704,12.0,0.0,0.0,0.0,0.0,0.0,0.0,,,,,,,,,,,,,,,,,,,,,,0.0005
39,6480,train,0.05130895972251892,0.10391566157341003,0.10462498664855957,0.0,0.0034570388961583376,0.0034570388961583376,0.0,2.4504737854003906,9.999999747378752e-05,0.05000000074505806,0.009999999776482582,0.05000000074505806,0.0010000000474974513,0.0010000000474974513,1.0,0.023317191749811172,0.00036547333002090454,0.0,0.0,0.0,0.0,0.0,0.0,0.0,0.0,-1.2328879833221436,-1.2328879833221436,1.0,-1.2328879833221436,-1.232888102531433,-1.2088021039962769,0.0,-3.456172466278076,2.7840585708618164,1.0,0.023317191749811172,1.0,0.0,0.0,0.023317191749811172,0.0,0.0,0.00036547333002090454,0.0,0.09963452816009521,0.10535664111375809,0.0027751929592341185,0.8978988528251648,0.26155319809913635,0.0,0.0,0.0,0.0,0.0,0.0,0.0,0.0,1.0,0.0,0.0012373627396300435,0.32748883962631226,0.4278360605239868,0.07304421812295914,0.0,0.10462498664855957,0.10391566157341003,0.10391566157341003,0.10867076367139816,-0.03257066011428833,2.8877952806816154e-10,0.0,0.0,4.1561689376831055,4.1561689376831055,2.654893398284912,2.654893398284912,0.4425842761993408,0.0,0.0,0.0,0.0,0.09963452816009521,0.12352665513753891,3.415208630030975e-05,0.9908745288848877,0.26155319809913635,0.022732844576239586,2.555276870727539,2.655090808868408,2.654893398284912,2.6226413249969482,2.7840585708618164,0.0,0.09162121266126633,1.0,1.5058696269989014,1.5013940334320068,1.5130746364593506,0.0,0.0027536062989383936,0.0016703102737665176,1.7875709090731107e-05,0.0068443529307842255,0.0002753605949692428,0.0006844353047199547,0.0,0.00275360606610775,12.0,0.0,0.0,0.0,0.0,0.0,0.0,,,,,,,,,,,,,,,,,,,,,,0.0005
39,6500,train,0.04458652809262276,0.09942059218883514,0.09973961859941483,0.0,0.003304926911368966,0.003304926911368966,0.0,2.455575466156006,9.999999747378752e-05,0.05000000074505806,0.009999999776482582,0.05000000074505806,0.0010000000474974513,0.0010000000474974513,1.0,0.022847536951303482,0.009424164891242981,0.0,0.0,0.0,0.0,0.0,0.0,0.0,0.0,-1.2537510395050049,-1.2537510395050049,1.0,-1.2537510395050049,-1.2537510395050049,-1.2278938293457031,0.0,-3.4964497089385986,2.7109057903289795,1.0,0.022847536951303482,1.0,0.0,0.0,0.022847536951303482,0.0,0.0,0.009424164891242981,0.0,0.1094241738319397,0.10812634974718094,0.00421777181327343,0.8868924975395203,0.2803313732147217,0.0,0.0,0.0,0.0,0.0,0.0,0.0,0.0,1.0,0.0,0.0006527936202473938,0.32126864790916443,0.4205195903778076,0.0720994845032692,0.0,0.09973961859941483,0.09942059218883514,0.09942059218883514,0.1172729879617691,-0.021740900352597237,-2.4169691248410174e-10,0.0,0.0,4.211361408233643,4.211361408233643,2.6385767459869385,2.6385767459869385,0.4921225309371948,0.0,0.0,0.0,0.0,0.1094241663813591,0.12808705866336823,4.869544864050113e-05,0.9826204180717468,0.2803313732147217,0.024203432723879814,2.557607650756836,2.6377406120300293,2.6385767459869385,2.5757992267608643,2.7109057903289795,0.0,0.08661962300539017,1.0,1.4738034009933472,1.5038073062896729,1.479214072227478,0.0,0.0022605068515986204,0.0018236379837617278,7.614757487317547e-05,0.008269562385976315,0.0002260506880702451,0.0008269562385976315,0.0,0.002260507084429264,12.0,0.0,0.0,0.0,0.0,0.0,0.0,,,,,,,,,,,,,,,,,,,,,,0.0005
39,6513,train_epoch,0.04954646313618757,0.10291579249733222,0.10334472862367858,0.0,0.0035041642199621767,0.0035041642199621767,0.0,2.4644100080707116,9.999999747378752e-05,0.05000000074505806,0.009999999776482582,0.05000000074505806,0.0010000000474974513,0.0010000000474974513,1.0,0.0253005451383348,0.005672764769214356,0.0,0.0,0.0,0.0,0.0,0.0,0.0,0.0,-1.2415149583074148,-1.2415149583074148,1.0,-1.2415149583074148,-1.2415149547382742,-1.2213926986306014,0.0,-3.4739986393979922,2.768923205529858,1.0,0.0253005451383348,1.0,0.0,0.0,0.0253005451383348,0.0,0.0,0.005672764769214356,0.0,0.09975991085796299,0.10418643222419088,0.004420426399530676,0.8890180555646291,0.2608930672000268,0.0,0.0,0.0,0.0,0.0,0.0,0.0,0.0,1.0,0.0,0.0009128524870249237,0.32858742746764313,0.41999944651912074,0.07165993763479644,0.0,0.10334472862367858,0.10291579249733222,0.10291579249733222,0.11343391065647503,-0.03779487148161509,5.597241638490886e-12,0.0,0.0,4.195541527456866,4.195541518890929,2.620655146901479,2.620655146901479,0.4760964866169912,0.0,0.0,0.0,0.0,0.09975990911800704,0.12289029502583121,1.7525324200979375e-05,0.9878307659468964,0.2608930672000268,0.020776692309422407,2.5467746000803873,2.620303293902003,2.620655146901479,2.6151943520871463,2.768923205529858,0.0,0.08978983251277559,1.0,1.4876897663413406,1.4871683092174415,1.4877443656236111,0.0,0.0033191341863565904,0.0021208454018269113,9.351684749192767e-05,0.008809584867722261,0.00033191342402073907,0.0008809585012718589,0.0,0.0033191341884478837,12.0,0.0,0.0,0.0,0.0,0.0,0.0,,,,,,,,,,,,,,,,,,,,,,0.0005
39,6513,val,,,,,,,,,,,,,,,,,,,,,,,,,,,,,,,,,,,,,,,,,,,,,,,,,,,,,,,,,,,,,,,,,,,,,,,,,,,,,,,,,,,,,,,,,,,,,,,,,,,,,,,,,,,,,,,,,,,15.242295026779175,628.2917919158936,25.065749378701877,10.897116013935634,6.9380667720522196,14.260713125978198,23.215361292308707,10.488595136574336,6.4901973349707465,15.264704244477409,25.09645657482259,11.049349478312902,6.9351105860301425,17.029806239264353,27.887579660594383,12.367254674434662,7.7902001312800815,15.242295026779175,25.065749378701877,10.897116013935634,6.9380667720522196,0.0005
40,6520,train,0.048453740775585175,0.10277467966079712,0.10285633057355881,0.0,0.003483050037175417,0.003483050037175417,0.0,2.490131139755249,9.999999747378752e-05,0.05000000074505806,0.009999999776482582,0.05000000074505806,0.0010000000474974513,0.0010000000474974513,1.0,0.025377020239830017,0.01203717291355133,0.0,0.0,0.0,0.0,0.0,0.0,0.0,0.0,-1.2558797597885132,-1.2558797597885132,1.0,-1.2558797597885132,-1.2558797597885132,-1.2394204139709473,0.0,-3.506803035736084,2.73960018157959,1.0,0.025377020239830017,1.0,0.0,0.0,0.025377020239830017,0.0,0.0,0.01203717291355133,0.0,0.11203717440366745,0.11132755130529404,0.0065831346437335014,0.8613364100456238,0.28366342186927795,0.0,0.0,0.0,0.0,0.0,0.0,0.0,0.0,1.0,0.0,0.0002962782746180892,0.3313276767730713,0.40890637040138245,0.06879238784313202,0.0,0.10285633057355881,0.10277467966079712,0.10277467966079712,0.1218455582857132,-0.0646134689450264,-1.6377589562299733e-10,0.0,0.0,4.259162425994873,4.259162425994873,2.5780673027038574,2.5780673027038574,0.5204667448997498,0.0,0.0,0.0,0.0,0.11203717440366745,0.13076797127723694,6.141483027022332e-05,0.98802649974823,0.28366342186927795,0.024915749207139015,2.514859676361084,2.5784761905670166,2.5780673027038574,2.583888292312622,2.73960018157959,0.0,0.085568867623806,1.0,1.4690611362457275,1.4511817693710327,1.4795345067977905,0.0,0.0031467359513044357,0.0023162984289228916,2.1341940737329423e-05,0.010892190039157867,0.0003146736416965723,0.0010892190039157867,0.0,0.0031467359513044357,12.0,0.0,0.0,0.0,0.0,0.0,0.0,,,,,,,,,,,,,,,,,,,,,,0.0005
40,6540,train,0.049122828990221024,0.1037183478474617,0.10450389236211777,0.0,0.0034129717387259007,0.0034129717387259007,0.0,2.4701807498931885,9.999999747378752e-05,0.05000000074505806,0.009999999776482582,0.05000000074505806,0.0010000000474974513,0.0010000000474974513,1.0,0.029961630702018738,0.006291583180427551,0.0,0.0,0.0,0.0,0.0,0.0,0.0,0.0,-1.2658369541168213,-1.2658369541168213,1.0,-1.2658369541168213,-1.2658369541168213,-1.2425899505615234,0.0,-3.5255465507507324,2.702425718307495,1.0,0.029961630702018738,1.0,0.0,0.0,0.029961630702018738,0.0,0.0,0.006291583180427551,0.0,0.10629159212112427,0.10996639728546143,0.003864819183945656,0.8839012980461121,0.27115103602409363,0.0,0.0,0.0,0.0,0.0,0.0,0.0,0.0,1.0,0.0,0.0012534314300864935,0.3283100426197052,0.420452356338501,0.07112833857536316,0.0,0.10450389236211777,0.1037183478474617,0.1037183478474617,0.12387756258249283,-0.06089066341519356,-9.630510278135773e-11,0.0,0.0,4.295953750610352,4.295953750610352,2.641296148300171,2.641296148300171,0.5431025624275208,0.0,0.0,0.0,0.0,0.10629158467054367,0.12883709371089935,1.1095706213382073e-05,0.9899871945381165,0.27115103602409363,0.023774512112140656,2.565106153488159,2.6380703449249268,2.641296148300171,2.5974464416503906,2.702425718307495,0.0,0.0932810828089714,1.0,1.5072721242904663,1.4805934429168701,1.4684585332870483,0.0,0.0023030529264360666,0.0017835524631664157,4.897076905763242e-06,0.006916574668139219,0.00023030530428513885,0.0006916574784554541,0.0,0.0023030529264360666,12.0,0.0,0.0,0.0,0.0,0.0,0.0,,,,,,,,,,,,,,,,,,,,,,0.0005
40,6560,train,0.04058649018406868,0.09609685093164444,0.09659998118877411,0.0,0.0033889117185026407,0.0033889117185026407,0.0,2.4723615646362305,9.999999747378752e-05,0.05000000074505806,0.009999999776482582,0.05000000074505806,0.0010000000474974513,0.0010000000474974513,1.0,0.026081349700689316,0.00786156952381134,0.0,0.0,0.0,0.0,0.0,0.0,0.0,0.0,-1.254683017730713,-1.254683017730713,1.0,-1.254683017730713,-1.254683017730713,-1.2379361391067505,0.0,-3.4901082515716553,2.7245934009552,1.0,0.026081349700689316,1.0,0.0,0.0,0.026081349700689316,0.0,0.0,0.00786156952381134,0.0,0.09213843941688538,0.09907004982233047,0.004356229677796364,0.9052056670188904,0.24867011606693268,0.0,0.0,0.0,0.0,0.0,0.0,0.0,0.0,1.0,0.0,0.0013494702288880944,0.3147939145565033,0.41635093092918396,0.07093662023544312,0.0,0.09659998118877411,0.09609685093164444,0.09609685093164444,0.10775395482778549,-0.03400334715843201,1.1432138569134054e-10,0.0,0.0,4.139035224914551,4.139035224914551,2.6241440773010254,2.6241440773010254,0.44268423318862915,0.0,0.0,0.0,0.0,0.09213843196630478,0.11602555215358734,2.5058137907763012e-05,0.9830037355422974,0.24867011606693268,0.017432598397135735,2.5672926902770996,2.622042417526245,2.6241440773010254,2.588513135910034,2.7245934009552,0.0,0.09607353061437607,1.0,1.46821129322052,1.5012682676315308,1.49635910987854,0.0,0.003327565034851432,0.002620188519358635,4.792012623511255e-05,0.011453770101070404,0.00033275652094744146,0.0011453770566731691,0.0,0.003327565034851432,12.0,0.0,0.0,0.0,0.0,0.0,0.0,,,,,,,,,,,,,,,,,,,,,,0.0005
40,6580,train,0.04543258249759674,0.09927249699831009,0.09968665987253189,0.0,0.003328535472974181,0.003328535472974181,0.0,2.481881618499756,9.999999747378752e-05,0.05000000074505806,0.009999999776482582,0.05000000074505806,0.0010000000474974513,0.0010000000474974513,1.0,0.022587787359952927,0.0054745152592659,0.0,0.0,0.0,0.0,0.0,0.0,0.0,0.0,-1.2369986772537231,-1.2369986772537231,1.0,-1.2369986772537231,-1.2369986772537231,-1.2146207094192505,0.0,-3.469203472137451,2.771665096282959,1.0,0.022587787359952927,1.0,0.0,0.0,0.022587787359952927,0.0,0.0,0.0054745152592659,0.0,0.09452548623085022,0.09882605075836182,0.004235934466123581,0.8737229108810425,0.255185067653656,0.0,0.0,0.0,0.0,0.0,0.0,0.0,0.0,1.0,0.0,0.0007892183493822813,0.31980979442596436,0.42047858238220215,0.07034840434789658,0.0,0.09968665987253189,0.09927249699831009,0.09927249699831009,0.11355694383382797,-0.03434041142463684,1.3133523435460148e-10,0.0,0.0,4.164063453674316,4.164063453674316,2.649393320083618,2.649393320083618,0.4677695035934448,0.0,0.0,0.0,0.0,0.09452548623085022,0.11581858992576599,3.489957634883467e-06,0.9797164797782898,0.255185067653656,0.01819853112101555,2.5986623764038086,2.648414373397827,2.649393320083618,2.6234447956085205,2.771665096282959,0.0,0.09050890058279037,1.0,1.517857313156128,1.5477969646453857,1.5404200553894043,0.0,0.0028122852090746164,0.002408345928415656,0.00018187161185778677,0.012364202179014683,0.00028122850926592946,0.0012364202411845326,0.0,0.0028122852090746164,12.0,0.0,0.0,0.0,0.0,0.0,0.0,,,,,,,,,,,,,,,,,,,,,,0.0005
40,6600,train,0.05430813133716583,0.1077762171626091,0.1081516370177269,0.0,0.003552364418283105,0.003552364418283105,0.0,2.493446111679077,9.999999747378752e-05,0.05000000074505806,0.009999999776482582,0.05000000074505806,0.0010000000474974513,0.0010000000474974513,1.0,0.026038719341158867,0.01028701663017273,0.0,0.0,0.0,0.0,0.0,0.0,0.0,0.0,-1.2593616247177124,-1.2593616247177124,1.0,-1.2593616247177124,-1.2593616247177124,-1.2400929927825928,0.0,-3.5029234886169434,2.7370104789733887,1.0,0.026038719341158867,1.0,0.0,0.0,0.026038719341158867,0.0,0.0,0.01028701663017273,0.0,0.11028702557086945,0.10720924288034439,0.005606343504041433,0.9049260020256042,0.28273633122444153,0.0,0.0,0.0,0.0,0.0,0.0,0.0,0.0,1.0,0.0,0.0005702664493583143,0.3429568111896515,0.41132327914237976,0.06956835091114044,0.0,0.1081516370177269,0.1077762171626091,0.1077762171626091,0.11889861524105072,-0.05079841613769531,8.817727104037942e-11,0.0,0.0,4.241672515869141,4.241672039031982,2.5519633293151855,2.5519633293151855,0.5038146376609802,0.0,0.0,0.0,0.0,0.11028701812028885,0.12669600546360016,2.6234112738166004e-05,0.9911041259765625,0.28273633122444153,0.022242648527026176,2.466696262359619,2.552431106567383,2.5519633293151855,2.584362745285034,2.7370104789733887,0.0,0.08710779249668121,1.0,1.4562830924987793,1.4223277568817139,1.4207162857055664,0.0,0.0017355947056785226,0.0013604848645627499,5.23798844369594e-05,0.005790715105831623,0.0001735594851197675,0.0005790715222246945,0.0,0.0017355948220938444,12.0,0.0,0.0,0.0,0.0,0.0,0.0,,,,,,,,,,,,,,,,,,,,,,0.0005
40,6620,train,0.053877487778663635,0.10635221749544144,0.10665968060493469,0.0,0.0033261103089898825,0.0033261103089898825,0.0,2.4554524421691895,9.999999747378752e-05,0.05000000074505806,0.009999999776482582,0.05000000074505806,0.0010000000474974513,0.0010000000474974513,1.0,0.02458675019443035,0.005331814289093018,0.0,0.0,0.0,0.0,0.0,0.0,0.0,0.0,-1.237473726272583,-1.237473726272583,1.0,-1.237473726272583,-1.237473726272583,-1.2131792306900024,0.0,-3.4650380611419678,2.7604620456695557,1.0,0.02458675019443035,1.0,0.0,0.0,0.02458675019443035,0.0,0.0,0.005331814289093018,0.0,0.10533181577920914,0.10936958342790604,0.005804319866001606,0.8962092399597168,0.2690030038356781,0.0,0.0,0.0,0.0,0.0,0.0,0.0,0.0,1.0,0.0,0.0005436488427221775,0.32118678092956543,0.4205953776836395,0.07274242490530014,0.0,0.10665968060493469,0.10635221749544144,0.10635221749544144,0.10976861417293549,-0.04200205206871033,1.1826115087210098e-10,0.0,0.0,4.104005336761475,4.104005336761475,2.6170241832733154,2.6170241832733154,0.44484469294548035,0.0,0.0,0.0,0.0,0.10533181577920914,0.12867768108844757,4.635401637642644e-06,0.992625892162323,0.2690030038356781,0.02300857938826084,2.550438404083252,2.6181695461273193,2.6170241832733154,2.6279420852661133,2.7604620456695557,0.0,0.08595594018697739,1.0,1.5193557739257812,1.5097825527191162,1.5125384330749512,0.0,0.0020300867035984993,0.0016428428934887052,6.884664799144957e-06,0.007590532768517733,0.00020300867618061602,0.0007590532768517733,0.0,0.0020300867035984993,12.0,0.0,0.0,0.0,0.0,0.0,0.0,,,,,,,,,,,,,,,,,,,,,,0.0005
40,6640,train,0.04569239541888237,0.10132847726345062,0.10146114975214005,0.0,0.0035066846758127213,0.0035066846758127213,0.0,2.4646854400634766,9.999999747378752e-05,0.05000000074505806,0.009999999776482582,0.05000000074505806,0.0010000000474974513,0.0010000000474974513,1.0,0.022562865167856216,0.0011935308575630188,0.0,0.0,0.0,0.0,0.0,0.0,0.0,0.0,-1.2728978395462036,-1.2728978395462036,1.0,-1.2728978395462036,-1.2728978395462036,-1.249058485031128,0.0,-3.5429775714874268,2.647439956665039,1.0,0.022562865167856216,1.0,0.0,0.0,0.022562865167856216,0.0,0.0,0.0011935308575630188,0.0,0.10119352489709854,0.10273084044456482,0.004457179456949234,0.8933807611465454,0.2658911943435669,0.0,0.0,0.0,0.0,0.0,0.0,0.0,0.0,1.0,0.0,0.0005392220336943865,0.3305615782737732,0.40979254245758057,0.07179217785596848,0.0,0.10146114975214005,0.10132847726345062,0.10132847726345062,0.12808717787265778,-0.04741911590099335,6.19416809510831e-11,0.0,0.0,4.330862998962402,4.330862998962402,2.5674684047698975,2.5674684047698975,0.5573728084564209,0.0,0.0,0.0,0.0,0.10119353234767914,0.12094110995531082,1.331370003754273e-05,0.9896968603134155,0.2658911943435669,0.019309131428599358,2.4952988624572754,2.5638670921325684,2.5674684047698975,2.5415430068969727,2.647439956665039,0.0,0.08973049372434616,1.0,1.4454103708267212,1.4498841762542725,1.4156898260116577,0.0,0.003253767266869545,0.0024522109888494015,6.16645920672454e-05,0.010656011290848255,0.00032537669176235795,0.0010656011290848255,0.0,0.0032537670340389013,12.0,0.0,0.0,0.0,0.0,0.0,0.0,,,,,,,,,,,,,,,,,,,,,,0.0005
40,6660,train,0.04022528603672981,0.09475196152925491,0.09493699669837952,0.0,0.0034115940798074007,0.0034115940798074007,0.0,2.4648079872131348,9.999999747378752e-05,0.05000000074505806,0.009999999776482582,0.05000000074505806,0.0010000000474974513,0.0010000000474974513,1.0,0.020601533353328705,0.0067777857184410095,0.0,0.0,0.0,0.0,0.0,0.0,0.0,0.0,-1.2326419353485107,-1.2326419353485107,1.0,-1.2326419353485107,-1.2326418161392212,-1.215421199798584,0.0,-3.4547274112701416,2.7998359203338623,1.0,0.020601533353328705,1.0,0.0,0.0,0.020601533353328705,0.0,0.0,0.0067777857184410095,0.0,0.09322221577167511,0.09444963932037354,0.004953428171575069,0.8557060956954956,0.25435420870780945,0.0,0.0,0.0,0.0,0.0,0.0,0.0,0.0,1.0,0.0,0.00041071182931773365,0.3269580602645874,0.4206503629684448,0.07152807712554932,0.0,0.09493699669837952,0.09475196152925491,0.09475196152925491,0.11608932912349701,-0.019930191338062286,-5.1858857486042353e-11,0.0,0.0,4.165670871734619,4.165670871734619,2.631512403488159,2.631512403488159,0.48849713802337646,0.0,0.0,0.0,0.0,0.09322221577167511,0.11366819590330124,1.9358143617864698e-05,0.9878867864608765,0.25435420870780945,0.01725643500685692,2.583517551422119,2.6274783611297607,2.631512403488159,2.634115695953369,2.7998359203338623,0.0,0.08639691025018692,1.0,1.5923715829849243,1.5313005447387695,1.5282047986984253,0.0,0.002122157718986273,0.0016212129266932607,1.2754790077451617e-05,0.0065256101079285145,0.00021221577480901033,0.0006525610224343836,0.0,0.002122157718986273,12.0,0.0,0.0,0.0,0.0,0.0,0.0,,,,,,,,,,,,,,,,,,,,,,0.0005
40,6680,train,0.04691547527909279,0.10063083469867706,0.10100299119949341,0.0,0.003407110460102558,0.003407110460102558,0.0,2.4783082008361816,9.999999747378752e-05,0.05000000074505806,0.009999999776482582,0.05000000074505806,0.0010000000474974513,0.0010000000474974513,1.0,0.02305685728788376,0.012792035937309265,0.0,0.0,0.0,0.0,0.0,0.0,0.0,0.0,-1.239499807357788,-1.239499807357788,1.0,-1.239499807357788,-1.2394996881484985,-1.2191628217697144,0.0,-3.4789228439331055,2.7641990184783936,1.0,0.02305685728788376,1.0,0.0,0.0,0.02305685728788376,0.0,0.0,0.012792035937309265,0.0,0.08720796555280685,0.09023205935955048,0.0032746675424277782,0.8486896753311157,0.2441321760416031,0.0,0.0,0.0,0.0,0.0,0.0,0.0,0.0,1.0,0.0,0.0009186756797134876,0.3197541832923889,0.42208412289619446,0.07054883986711502,0.0,0.10100299119949341,0.10063083469867706,0.10063083469867706,0.11414434015750885,-0.03416377678513527,-2.2103881225365996e-10,0.0,0.0,4.137101650238037,4.137101650238037,2.6454758644104004,2.6454758644104004,0.4690738916397095,0.0,0.0,0.0,0.0,0.08720796555280685,0.10698988288640976,3.7944359064567834e-05,0.9809253811836243,0.2441321760416031,0.014928003773093224,2.5790648460388184,2.6431357860565186,2.6454758644104004,2.6220006942749023,2.7641990184783936,0.0,0.09104110300540924,1.0,1.4842408895492554,1.4920133352279663,1.5145854949951172,0.0,0.003520131343975663,0.0021278727799654007,8.1074089393951e-05,0.007748992182314396,0.00035201318678446114,0.0007748992065899074,0.0,0.003520131576806307,12.0,0.0,0.0,0.0,0.0,0.0,0.0,,,,,,,,,,,,,,,,,,,,,,0.0005
40,6680,train_epoch,0.04907770885411137,0.10255501115928867,0.10296693413022036,0.0,0.0034972703304632516,0.0034972703304632516,0.0,2.4691428781269553,9.999999747378752e-05,0.05000000074505806,0.009999999776482582,0.05000000074505806,0.0010000000474974513,0.0010000000474974513,1.0,0.024583767140339947,0.0053261340021373265,0.0,0.0,0.0,0.0,0.0,0.0,0.0,0.0,-1.2420396119534611,-1.2420396119534611,1.0,-1.2420396119534611,-1.2420396155226017,-1.2221105312872789,0.0,-3.475476923103104,2.762755588143172,1.0,0.024583767140339947,1.0,0.0,0.0,0.024583767140339947,0.0,0.0,0.0053261340021373265,0.0,0.0994700502581939,0.10292736570278328,0.004539057258293479,0.8867726015473554,0.26132512012284675,0.0,0.0,0.0,0.0,0.0,0.0,0.0,0.0,1.0,0.0,0.0008609740330710795,0.32938339485379753,0.4191173925371227,0.07126659516267433,0.0,0.10296693413022036,0.10255501115928867,0.10255501115928867,0.11311521354371203,-0.037008112663135466,-1.4476108788897843e-12,0.0,0.0,4.203621191892795,4.2036211947481075,2.6181436855635956,2.6181436855635956,0.4758163156980526,0.0,0.0,0.0,0.0,0.09947004874130923,0.12162131146934932,1.8844297221608166e-05,0.9871861492088455,0.26132512012284675,0.02025471244029656,2.5476600324322365,2.61776007435279,2.6181436855635956,2.6134017127716613,2.762755588143172,0.0,0.08971815141375193,1.0,1.4841705425056868,1.483675558410005,1.4846381548635974,0.0,0.0030354181761870127,0.002017789764307484,8.403819729645913e-05,0.008530300054810718,0.00030354182641956017,0.0008530300190744776,0.0,0.003035418196402847,12.0,0.0,0.0,0.0,0.0,0.0,0.0,,,,,,,,,,,,,,,,,,,,,,0.0005
40,6680,val,,,,,,,,,,,,,,,,,,,,,,,,,,,,,,,,,,,,,,,,,,,,,,,,,,,,,,,,,,,,,,,,,,,,,,,,,,,,,,,,,,,,,,,,,,,,,,,,,,,,,,,,,,,,,,,,,,,15.10206629548754,626.7181483677456,25.034339383489744,10.677297915731158,6.883291976792472,14.108446657657623,23.146584182940316,9.575262955256871,6.422750736985888,15.041742495128087,25.017108545454704,10.455808690616063,6.8384487969534735,16.861948132514954,27.889408984165772,12.61121188742774,7.7275316289493015,15.10206629548754,25.034339383489744,10.677297915731158,6.883291976792472,0.0005
40,6680,test,,,,,,,,,,,,,,,,,,,,,,,,,,,,,,,,,,,,,,,,,,,,,,,,,,,,,,,,,,,,,,,,,,,,,,,,,,,,,,,,,,,,,,,,,,,,,,,,,,,,,,,,,,,,,,,,,,,27.337047696113586,1799.3544251578194,42.418798016419785,26.6819052866527,12.638740743909564,20.4363158260073,30.865073938873774,19.687393392835343,9.466044187545776,27.08433668954032,40.96871982160581,26.652681606156484,12.50641553742545,37.1434269632612,55.51185460685033,37.387555718421936,17.184310180800303,27.337047696113586,42.418798016419785,26.6819052866527,12.638740743909564,0.0005
41,6700,train,0.05111900717020035,0.10397972911596298,0.1041351705789566,0.0,0.0034630284644663334,0.0034630284644663334,0.0,2.4800145626068115,9.999999747378752e-05,0.05000000074505806,0.009999999776482582,0.05000000074505806,0.0010000000474974513,0.0010000000474974513,1.0,0.02458382025361061,0.015035338699817657,0.0,0.0,0.0,0.0,0.0,0.0,0.0,0.0,-1.2358087301254272,-1.2358087301254272,1.0,-1.2358087301254272,-1.2358087301254272,-1.2155205011367798,0.0,-3.475757122039795,2.7754316329956055,1.0,0.02458382025361061,1.0,0.0,0.0,0.02458382025361061,0.0,0.0,0.015035338699817657,0.0,0.11503534764051437,0.11158227175474167,0.004605687689036131,0.8927180171012878,0.28752222657203674,0.0,0.0,0.0,0.0,0.0,0.0,0.0,0.0,1.0,0.0,0.0003865869075525552,0.3354308009147644,0.4212760627269745,0.07069960981607437,0.0,0.1041351705789566,0.10397972911596298,0.10397972911596298,0.1137787252664566,-0.04109497740864754,-7.409627772458904e-11,0.0,0.0,4.243098735809326,4.243098735809326,2.641916275024414,2.641916275024414,0.4832979738712311,0.0,0.0,0.0,0.0,0.11503534018993378,0.13300064206123352,2.08574092539493e-05,0.9891208410263062,0.28752222657203674,0.024923408403992653,2.548281669616699,2.6437222957611084,2.641916275024414,2.6402249336242676,2.7754316329956055,0.0,0.0871107205748558,1.0,1.4797414541244507,1.5004914999008179,1.4898147583007812,0.0,0.0033973557874560356,0.0022675811778753996,8.014570630621165e-05,0.00962618738412857,0.00033973559038713574,0.0009626187384128571,0.0,0.0033973557874560356,12.0,0.0,0.0,0.0,0.0,0.0,0.0,,,,,,,,,,,,,,,,,,,,,,0.0005
41,6720,train,0.05209464579820633,0.10444528609514236,0.10486093163490295,0.0,0.003444909118115902,0.003444909118115902,0.0,2.479172945022583,9.999999747378752e-05,0.05000000074505806,0.009999999776482582,0.05000000074505806,0.0010000000474974513,0.0010000000474974513,1.0,0.023594774305820465,0.0002217516303062439,0.0,0.0,0.0,0.0,0.0,0.0,0.0,0.0,-1.2294468879699707,-1.2294468879699707,1.0,-1.2294468879699707,-1.2294467687606812,-1.210758090019226,0.0,-3.457526445388794,2.748703718185425,1.0,0.023594774305820465,1.0,0.0,0.0,0.023594774305820465,0.0,0.0,0.0002217516303062439,0.0,0.09977825731039047,0.10219523310661316,0.004617894068360329,0.8985506892204285,0.26254597306251526,0.0,0.0,0.0,0.0,0.0,0.0,0.0,0.0,1.0,0.0,0.0007920475327409804,0.3266635239124298,0.42249825596809387,0.07073818147182465,0.0,0.10486093163490295,0.10444528609514236,0.10444528609514236,0.10786841809749603,-0.03828589245676994,-4.424674238112658e-10,0.0,0.0,4.1318769454956055,4.1318769454956055,2.6354434490203857,2.6354434490203857,0.44625505805015564,0.0,0.0,0.0,0.0,0.09977824985980988,0.12105873227119446,1.2817374226870015e-05,0.9831728935241699,0.26254597306251526,0.019929535686969757,2.5612876415252686,2.63535475730896,2.6354434490203857,2.599571466445923,2.748703718185425,0.0,0.09182225912809372,1.0,1.607689380645752,1.5472201108932495,1.5364224910736084,0.0,0.0021959668956696987,0.0016235772054642439,0.00012709193106275052,0.00747309997677803,0.00021959669538773596,0.000747309997677803,0.0,0.0021959668956696987,12.0,0.0,0.0,0.0,0.0,0.0,0.0,,,,,,,,,,,,,,,,,,,,,,0.0005
41,6740,train,0.05039491876959801,0.10339922457933426,0.10414449870586395,0.0,0.003863173769786954,0.003863173769786954,0.0,2.494755506515503,9.999999747378752e-05,0.05000000074505806,0.009999999776482582,0.05000000074505806,0.0010000000474974513,0.0010000000474974513,1.0,0.02760101482272148,0.0027896687388420105,0.0,0.0,0.0,0.0,0.0,0.0,0.0,0.0,-1.2384371757507324,-1.2384371757507324,1.0,-1.2384371757507324,-1.2384371757507324,-1.219490885734558,0.0,-3.4754397869110107,2.76116943359375,1.0,0.02760101482272148,1.0,0.0,0.0,0.02760101482272148,0.0,0.0,0.0027896687388420105,0.0,0.09721033275127411,0.10275088995695114,0.005737277679145336,0.8681968450546265,0.2556464672088623,0.0,0.0,0.0,0.0,0.0,0.0,0.0,0.0,1.0,0.0,0.0020376599859446287,0.33467599749565125,0.43006283044815063,0.06977509707212448,0.0,0.10414449870586395,0.10339922457933426,0.10339922457933426,0.10817184299230576,-0.03789439797401428,-7.410323223100423e-12,0.0,0.0,4.150955677032471,4.150955677032471,2.651611089706421,2.651611089706421,0.44212549924850464,0.0,0.0,0.0,0.0,0.09721033275127411,0.12192907929420471,2.4315422706422396e-05,0.9854903221130371,0.2556464672088623,0.01989123970270157,2.552555561065674,2.6524038314819336,2.651611089706421,2.625714063644409,2.76116943359375,0.0,0.10409461706876755,1.0,1.4699938297271729,1.5006474256515503,1.4956530332565308,0.0,0.0024368762969970703,0.0017109863692894578,9.186524403048679e-05,0.006899641361087561,0.00024368763843085617,0.0006899641593918204,0.0,0.0024368762969970703,12.0,0.0,0.0,0.0,0.0,0.0,0.0,,,,,,,,,,,,,,,,,,,,,,0.0005
41,6760,train,0.04632133990526199,0.10049106925725937,0.10083746165037155,0.0,0.003422277048230171,0.003422277048230171,0.0,2.4733197689056396,9.999999747378752e-05,0.05000000074505806,0.009999999776482582,0.05000000074505806,0.0010000000474974513,0.0010000000474974513,1.0,0.022275280207395554,0.010099731385707855,0.0,0.0,0.0,0.0,0.0,0.0,0.0,0.0,-1.2464673519134521,-1.2464673519134521,1.0,-1.2464673519134521,-1.2464673519134521,-1.2194981575012207,0.0,-3.4798367023468018,2.787597179412842,1.0,0.022275280207395554,1.0,0.0,0.0,0.022275280207395554,0.0,0.0,0.010099731385707855,0.0,0.11009972542524338,0.11157534271478653,0.005371656268835068,0.8732632398605347,0.2786296010017395,0.0,0.0,0.0,0.0,0.0,0.0,0.0,0.0,1.0,0.0,0.0006863174494355917,0.3284083604812622,0.4177907109260559,0.0707770437002182,0.0,0.10083746165037155,0.10049106925725937,0.10049106925725937,0.10658247768878937,-0.024996185675263405,9.879037171645066e-11,0.0,0.0,4.143947601318359,4.143947601318359,2.618781328201294,2.618781328201294,0.44485142827033997,0.0,0.0,0.0,0.0,0.11009973287582397,0.13025504350662231,2.12370741792256e-05,0.9915669560432434,0.2786296010017395,0.023705577477812767,2.5388288497924805,2.6194138526916504,2.618781328201294,2.6174728870391846,2.787597179412842,0.0,0.08617755025625229,1.0,1.4858578443527222,1.473055362701416,1.4491832256317139,0.0,0.002118160715326667,0.0015566301299259067,3.05287103401497e-05,0.006553546991199255,0.00021181607735343277,0.0006553546991199255,0.0,0.002118160482496023,12.0,0.0,0.0,0.0,0.0,0.0,0.0,,,,,,,,,,,,,,,,,,,,,,0.0005
41,6780,train,0.04922051355242729,0.10415305197238922,0.10447495430707932,0.0,0.003416561521589756,0.003416561521589756,0.0,2.488520383834839,9.999999747378752e-05,0.05000000074505806,0.009999999776482582,0.05000000074505806,0.0010000000474974513,0.0010000000474974513,1.0,0.024457845836877823,0.008597180247306824,0.0,0.0,0.0,0.0,0.0,0.0,0.0,0.0,-1.2713377475738525,-1.2713377475738525,1.0,-1.2713377475738525,-1.2713377475738525,-1.2541011571884155,0.0,-3.5329301357269287,2.6747167110443115,1.0,0.024457845836877823,1.0,0.0,0.0,0.024457845836877823,0.0,0.0,0.008597180247306824,0.0,0.10859718173742294,0.10759904235601425,0.003210801165550947,0.8591894507408142,0.2787528336048126,0.0,0.0,0.0,0.0,0.0,0.0,0.0,0.0,1.0,0.0,0.0005196073325350881,0.32246407866477966,0.4087180495262146,0.06955939531326294,0.0,0.10447495430707932,0.10415305197238922,0.10415305197238922,0.12692540884017944,-0.0638950765132904,-3.3277578609380853e-11,0.0,0.0,4.151047229766846,4.151047229766846,2.5841176509857178,2.5841176509857178,0.5214630961418152,0.0,0.0,0.0,0.0,0.10859718173742294,0.12635304033756256,2.2284508304437622e-05,0.987971842288971,0.2787528336048126,0.022939646616578102,2.5518250465393066,2.5804762840270996,2.5841176509857178,2.56840181350708,2.6747167110443115,0.0,0.09241104871034622,1.0,1.5220484733581543,1.491715669631958,1.4937362670898438,0.0,0.0026750604156404734,0.0021322784014046192,7.275561983988155e-06,0.00944660883396864,0.00026750608230941,0.0009446609183214605,0.0,0.002675060648471117,12.0,0.0,0.0,0.0,0.0,0.0,0.0,,,,,,,,,,,,,,,,,,,,,,0.0005
41,6800,train,0.054473649710416794,0.10664971172809601,0.10722328722476959,0.0,0.0035331801045686007,0.0035331801045686007,0.0,2.4736151695251465,9.999999747378752e-05,0.05000000074505806,0.009999999776482582,0.05000000074505806,0.0010000000474974513,0.0010000000474974513,1.0,0.02456742525100708,0.0072161853313446045,0.0,0.0,0.0,0.0,0.0,0.0,0.0,0.0,-1.2346088886260986,-1.2346088886260986,1.0,-1.2346088886260986,-1.2346088886260986,-1.2161951065063477,0.0,-3.465663194656372,2.742708444595337,1.0,0.02456742525100708,1.0,0.0,0.0,0.02456742525100708,0.0,0.0,0.0072161853313446045,0.0,0.09278381615877151,0.09808743745088577,0.0027097463607788086,0.8279538154602051,0.25032341480255127,0.0,0.0,0.0,0.0,0.0,0.0,0.0,0.0,1.0,0.0,0.0009629870182834566,0.3325127959251404,0.41712629795074463,0.07143125683069229,0.0,0.10722328722476959,0.10664971172809601,0.10664971172809601,0.12235315144062042,-0.055893395096063614,-1.736500943039232e-10,0.0,0.0,4.19627571105957,4.19627571105957,2.602705240249634,2.602705240249634,0.5188921689987183,0.0,0.0,0.0,0.0,0.09278381615877151,0.11563325673341751,5.871184839634225e-06,0.9944835305213928,0.25032341480255127,0.017715994268655777,2.5373826026916504,2.6004440784454346,2.602705240249634,2.6026253700256348,2.742708444595337,0.0,0.09165504574775696,1.0,1.4708855152130127,1.4841084480285645,1.4802178144454956,0.0,0.002210700185969472,0.0014299657195806503,0.00018670421559363604,0.006878712214529514,0.00022107003314886242,0.0006878712447360158,0.0,0.0022107004188001156,12.0,0.0,0.0,0.0,0.0,0.0,0.0,,,,,,,,,,,,,,,,,,,,,,0.0005
41,6820,train,0.047841332852840424,0.10056481510400772,0.10104667395353317,0.0,0.0035159962717443705,0.0035159962717443705,0.0,2.4512386322021484,9.999999747378752e-05,0.05000000074505806,0.009999999776482582,0.05000000074505806,0.0010000000474974513,0.0010000000474974513,1.0,0.020287370309233665,0.007857806980609894,0.0,0.0,0.0,0.0,0.0,0.0,0.0,0.0,-1.2230314016342163,-1.2230314016342163,1.0,-1.2230314016342163,-1.2230314016342163,-1.2022794485092163,0.0,-3.4426732063293457,2.781397581100464,1.0,0.020287370309233665,1.0,0.0,0.0,0.020287370309233665,0.0,0.0,0.007857806980609894,0.0,0.09214219450950623,0.09949526935815811,0.0051774936728179455,0.8774728178977966,0.24840107560157776,0.0,0.0,0.0,0.0,0.0,0.0,0.0,0.0,1.0,0.0,0.0010433753486722708,0.3336776793003082,0.42181235551834106,0.07322606444358826,0.0,0.10104667395353317,0.10056481510400772,0.10056481510400772,0.117290198802948,-0.02816280536353588,9.776641995973279e-11,0.0,0.0,4.276768684387207,4.276768684387207,2.6178438663482666,2.6178438663482666,0.5089249610900879,0.0,0.0,0.0,0.0,0.09214219450950623,0.11667358875274658,1.5754410924273543e-05,0.9848815202713013,0.24840107560157776,0.01842064969241619,2.533177614212036,2.6166999340057373,2.6178438663482666,2.6158735752105713,2.781397581100464,0.0,0.09011229127645493,1.0,1.5104944705963135,1.4908208847045898,1.4804182052612305,0.0,0.002935145515948534,0.001971348188817501,6.736807699780911e-05,0.006855773273855448,0.00029351451667025685,0.000685577339027077,0.0,0.0029351452831178904,12.0,0.0,0.0,0.0,0.0,0.0,0.0,,,,,,,,,,,,,,,,,,,,,,0.0005
41,6840,train,0.05085529759526253,0.10338819772005081,0.10376567393541336,0.0,0.0034325795713812113,0.0034325795713812113,0.0,2.4489691257476807,9.999999747378752e-05,0.05000000074505806,0.009999999776482582,0.05000000074505806,0.0010000000474974513,0.0010000000474974513,1.0,0.025560088455677032,0.013422079384326935,0.0,0.0,0.0,0.0,0.0,0.0,0.0,0.0,-1.2290257215499878,-1.2290257215499878,1.0,-1.2290257215499878,-1.2290257215499878,-1.2079960107803345,0.0,-3.455371856689453,2.76072359085083,1.0,0.025560088455677032,1.0,0.0,0.0,0.025560088455677032,0.0,0.0,0.013422079384326935,0.0,0.08657792210578918,0.09482201188802719,0.0036857265513390303,0.8704965114593506,0.23962663114070892,0.0,0.0,0.0,0.0,0.0,0.0,0.0,0.0,1.0,0.0,0.0006777432863600552,0.32690027356147766,0.4215158522129059,0.07322664558887482,0.0,0.10376567393541336,0.10338819772005081,0.10338819772005081,0.1063133180141449,-0.0388086661696434,1.2553758033106988e-10,0.0,0.0,4.257120609283447,4.257120609283447,2.643720865249634,2.643720865249634,0.44784364104270935,0.0,0.0,0.0,0.0,0.08657792210578918,0.11131991446018219,1.1858667676278856e-05,0.9845300912857056,0.23962663114070892,0.016819853335618973,2.5765552520751953,2.641087770462036,2.643720865249634,2.631270408630371,2.76072359085083,0.0,0.08916465938091278,1.0,1.4825090169906616,1.4913232326507568,1.5129308700561523,0.0,0.002946228953078389,0.002132780384272337,3.326965088490397e-05,0.009023997001349926,0.0002946229069493711,0.0009023997117765248,0.0,0.002946229185909033,12.0,0.0,0.0,0.0,0.0,0.0,0.0,,,,,,,,,,,,,,,,,,,,,,0.0005
41,6847,train_epoch,0.04934482102444072,0.10268451068215742,0.10309042433600225,0.0,0.0035067864716008396,0.0035067864716008396,0.0,2.4752378892041964,9.999999747378752e-05,0.05000000074505806,0.009999999776482582,0.05000000074505806,0.0010000000474974513,0.0010000000474974513,1.0,0.023999229586588407,0.0062105117176107305,0.0,0.0,0.0,0.0,0.0,0.0,0.0,0.0,-1.2401807857844644,-1.2401807857844644,1.0,-1.2401807857844644,-1.2401807864982926,-1.2203748090538435,0.0,-3.472323450499666,2.7632552849318452,1.0,0.023999229586588407,1.0,0.0,0.0,0.023999229586588407,0.0,0.0,0.0062105117176107305,0.0,0.09940900470682247,0.10285962859313645,0.004606657113578773,0.8816112722465378,0.2612620518057646,0.0,0.0,0.0,0.0,0.0,0.0,0.0,0.0,1.0,0.0,0.0008585626024349933,0.3300782550951678,0.41954125562113914,0.07100926009480825,0.0,0.10309042433600225,0.10268451068215742,0.10268451068215742,0.11302946570390712,-0.03799239630269968,4.381201542661294e-12,0.0,0.0,4.215657245613144,4.215657245613144,2.621130766268976,2.621130766268976,0.47682209000616016,0.0,0.0,0.0,0.0,0.09940900336839482,0.121544731055905,1.8292205988369666e-05,0.9869111323071097,0.2612620518057646,0.020409733268939807,2.5484257872233136,2.620580915919321,2.621130766268976,2.615199774325251,2.7632552849318452,0.0,0.09085442264101462,1.0,1.484333829251592,1.4834529604026658,1.4832309134706052,0.0,0.0034285282930861154,0.0021612350633758272,0.00010292121760749422,0.00883445821836323,0.00034285283605303213,0.0008834458390546371,0.0,0.0034285282861151382,12.0,0.0,0.0,0.0,0.0,0.0,0.0,,,,,,,,,,,,,,,,,,,,,,0.0005
41,6847,val,,,,,,,,,,,,,,,,,,,,,,,,,,,,,,,,,,,,,,,,,,,,,,,,,,,,,,,,,,,,,,,,,,,,,,,,,,,,,,,,,,,,,,,,,,,,,,,,,,,,,,,,,,,,,,,,,,,15.128908225468226,626.4014385768345,25.028013076887156,11.354937434196472,6.904906851904733,14.128790829862867,23.198374598743158,9.644896158150264,6.429489237921579,15.098249690873283,24.999245190806015,11.139118475573403,6.880954342229026,16.940991929599218,27.861370153683374,14.100946366786957,7.780229781355176,15.128908225468226,25.028013076887156,11.354937434196472,6.904906851904733,0.0005
42,6860,train,0.05550912395119667,0.10805179178714752,0.10848844051361084,0.0,0.003588451072573662,0.003588451072573662,0.0,2.48496675491333,9.999999747378752e-05,0.05000000074505806,0.009999999776482582,0.05000000074505806,0.0010000000474974513,0.0010000000474974513,1.0,0.027148032560944557,0.0035050436854362488,0.0,0.0,0.0,0.0,0.0,0.0,0.0,0.0,-1.2449820041656494,-1.2449820041656494,1.0,-1.2449820041656494,-1.2449820041656494,-1.225684642791748,0.0,-3.489049196243286,2.7648072242736816,1.0,0.027148032560944557,1.0,0.0,0.0,0.027148032560944557,0.0,0.0,0.0035050436854362488,0.0,0.10350504517555237,0.10654537379741669,0.003756042569875717,0.8810220956802368,0.2680748403072357,0.0,0.0,0.0,0.0,0.0,0.0,0.0,0.0,1.0,0.0,0.0008738788892515004,0.33566027879714966,0.41793322563171387,0.07051954418420792,0.0,0.10848844051361084,0.10805179178714752,0.10805179178714752,0.11373437196016312,-0.04743019491434097,-3.335584239372302e-11,0.0,0.0,4.237913131713867,4.237913131713867,2.6065897941589355,2.6065897941589355,0.4845482409000397,0.0,0.0,0.0,0.0,0.10350504517555237,0.125808984041214,5.714007784263231e-06,0.983546257019043,0.2680748403072357,0.022809438407421112,2.531663179397583,2.608705520629883,2.6065897941589355,2.5886244773864746,2.7648072242736816,0.0,0.09134117513895035,1.0,1.401961326599121,1.434828519821167,1.4411201477050781,0.0,0.0032745155040174723,0.002376227406784892,1.1561757673916873e-05,0.01119424868375063,0.00032745159114710987,0.001119424938224256,0.0,0.0032745155040174723,12.0,0.0,0.0,0.0,0.0,0.0,0.0,,,,,,,,,,,,,,,,,,,,,,0.0005
42,6880,train,0.049726516008377075,0.10288400948047638,0.10335259139537811,0.0,0.0034220844972878695,0.0034220844972878695,0.0,2.5071258544921875,9.999999747378752e-05,0.05000000074505806,0.009999999776482582,0.05000000074505806,0.0010000000474974513,0.0010000000474974513,1.0,0.022233393043279648,0.0058479830622673035,0.0,0.0,0.0,0.0,0.0,0.0,0.0,0.0,-1.2379651069641113,-1.2379651069641113,1.0,-1.2379651069641113,-1.2379651069641113,-1.219817876815796,0.0,-3.477752685546875,2.765089988708496,1.0,0.022233393043279648,1.0,0.0,0.0,0.022233393043279648,0.0,0.0,0.0058479830622673035,0.0,0.10584797710180283,0.12134893238544464,0.0057259202003479,0.9245750308036804,0.2613930106163025,0.0,0.0,0.0,0.0,0.0,0.0,0.0,0.0,1.0,0.0,0.0009562653722241521,0.326107919216156,0.4165721535682678,0.068180613219738,0.0,0.10335259139537811,0.10288400948047638,0.10288400948047638,0.11493655294179916,-0.028232017531991005,8.742344348444675e-11,0.0,0.0,4.128805637359619,4.128805637359619,2.601733922958374,2.601733922958374,0.4721105396747589,0.0,0.0,0.0,0.0,0.10584798455238342,0.1390831023454666,2.022484659391921e-05,0.9902580976486206,0.2613930106163025,0.029970895498991013,2.5406739711761475,2.597524881362915,2.601733922958374,2.604907512664795,2.765089988708496,0.0,0.08779595792293549,1.0,1.4949302673339844,1.4845160245895386,1.4737977981567383,0.0,0.0018049472710117698,0.001284702098928392,5.65925074624829e-05,0.005792045500129461,0.00018049472419079393,0.0005792045849375427,0.0,0.0018049473874270916,12.0,0.0,0.0,0.0,0.0,0.0,0.0,,,,,,,,,,,,,,,,,,,,,,0.0005
42,6900,train,0.054471079260110855,0.1057223454117775,0.10659902542829514,0.0,0.003549016546458006,0.003549016546458006,0.0,2.51072359085083,9.999999747378752e-05,0.05000000074505806,0.009999999776482582,0.05000000074505806,0.0010000000474974513,0.0010000000474974513,1.0,0.024445753544569016,1.4916062355041504e-05,0.0,0.0,0.0,0.0,0.0,0.0,0.0,0.0,-1.2170674800872803,-1.2170674800872803,1.0,-1.2170674800872803,-1.2170675992965698,-1.1976033449172974,0.0,-3.4185686111450195,2.8292200565338135,1.0,0.024445753544569016,1.0,0.0,0.0,0.024445753544569016,0.0,0.0,1.4916062355041504e-05,0.0,0.10001491755247116,0.10215133428573608,0.004690328147262335,0.88243168592453,0.2640070915222168,0.0,0.0,0.0,0.0,0.0,0.0,0.0,0.0,1.0,0.0,0.0013837997103109956,0.3379523754119873,0.4219367206096649,0.06883043050765991,0.0,0.10659902542829514,0.1057223454117775,0.1057223454117775,0.11328475177288055,-0.042851466685533524,1.5347887891148382e-11,0.0,0.0,4.301707744598389,4.301707744598389,2.611544370651245,2.611544370651245,0.4894985556602478,0.0,0.0,0.0,0.0,0.10001491755247116,0.1207457110285759,9.221816071658395e-06,0.9824221730232239,0.2640070915222168,0.020036766305565834,2.51869797706604,2.6131370067596436,2.611544370651245,2.6501848697662354,2.8292200565338135,0.0,0.092792809009552,1.0,1.3963749408721924,1.4332633018493652,1.4617445468902588,0.0,0.003761159721761942,0.002327025169506669,7.84484000178054e-05,0.009281231090426445,0.0003761160478461534,0.0009281231323257089,0.0,0.0037611599545925856,12.0,0.0,0.0,0.0,0.0,0.0,0.0,,,,,,,,,,,,,,,,,,,,,,0.0005
42,6920,train,0.05735493451356888,0.10982710868120193,0.11036962270736694,0.0,0.0036873335484415293,0.0036873335484415293,0.0,2.496816635131836,9.999999747378752e-05,0.05000000074505806,0.009999999776482582,0.05000000074505806,0.0010000000474974513,0.0010000000474974513,1.0,0.02561126835644245,0.0012235715985298157,0.0,0.0,0.0,0.0,0.0,0.0,0.0,0.0,-1.250116229057312,-1.250116229057312,1.0,-1.250116229057312,-1.250116229057312,-1.231701374053955,0.0,-3.4705989360809326,2.7832560539245605,1.0,0.02561126835644245,1.0,0.0,0.0,0.02561126835644245,0.0,0.0,0.0012235715985298157,0.0,0.0987764373421669,0.10717085003852844,0.0033367041032761335,0.9030427932739258,0.2574514150619507,0.0,0.0,0.0,0.0,0.0,0.0,0.0,0.0,1.0,0.0,0.0012194957816973329,0.3341471254825592,0.418326735496521,0.06991425156593323,0.0,0.11036962270736694,0.10982710868120193,0.10982710868120193,0.11016886681318283,-0.029798367992043495,-1.7022142029254894e-10,0.0,0.0,4.115908145904541,4.115908145904541,2.6060898303985596,2.6060898303985596,0.45163848996162415,0.0,0.0,0.0,0.0,0.0987764298915863,0.12473144382238388,7.062149961711839e-06,0.9888196587562561,0.2574514150619507,0.021377146244049072,2.5336461067199707,2.6046242713928223,2.6060898303985596,2.5937016010284424,2.7832560539245605,0.0,0.09667589515447617,1.0,1.4442784786224365,1.4458692073822021,1.4482576847076416,0.0,0.0027568701189011335,0.002094554016366601,0.00022721968707628548,0.008557171560823917,0.00027568702353164554,0.0008557171677239239,0.0,0.002756870351731777,12.0,0.0,0.0,0.0,0.0,0.0,0.0,,,,,,,,,,,,,,,,,,,,,,0.0005
42,6940,train,0.05757977068424225,0.10928118973970413,0.10945598781108856,0.0,0.0036686863750219345,0.0036686863750219345,0.0,2.466597080230713,9.999999747378752e-05,0.05000000074505806,0.009999999776482582,0.05000000074505806,0.0010000000474974513,0.0010000000474974513,1.0,0.024766072630882263,0.006322681903839111,0.0,0.0,0.0,0.0,0.0,0.0,0.0,0.0,-1.2342299222946167,-1.2342299222946167,1.0,-1.2342299222946167,-1.2342299222946167,-1.2132724523544312,0.0,-3.4577128887176514,2.776693820953369,1.0,0.024766072630882263,1.0,0.0,0.0,0.024766072630882263,0.0,0.0,0.006322681903839111,0.0,0.10632269084453583,0.11059174686670303,0.002592403208836913,0.8854179382324219,0.2702181935310364,0.0,0.0,0.0,0.0,0.0,0.0,0.0,0.0,1.0,0.0,0.0004319316358305514,0.34379202127456665,0.42123374342918396,0.07174258679151535,0.0,0.10945598781108856,0.10928118973970413,0.10928118973970413,0.11494531482458115,-0.03759705275297165,6.072327363160213e-11,0.0,0.0,4.252999305725098,4.252999305725098,2.60672926902771,2.60672926902771,0.48889386653900146,0.0,0.0,0.0,0.0,0.10632268339395523,0.12983982264995575,3.160687265335582e-05,0.9903619289398193,0.2702181935310364,0.02323835901916027,2.5073070526123047,2.606940269470215,2.60672926902771,2.6148366928100586,2.776693820953369,0.0,0.08707675337791443,1.0,1.4649524688720703,1.4545735120773315,1.4501112699508667,0.0,0.0038029677234590054,0.0021155623253434896,0.00028733114595524967,0.008828343823552132,0.0003802967839874327,0.000882834370713681,0.0,0.0038029677234590054,12.0,0.0,0.0,0.0,0.0,0.0,0.0,,,,,,,,,,,,,,,,,,,,,,0.0005
42,6960,train,0.051401685923337936,0.1042124405503273,0.10464309900999069,0.0,0.003455919912084937,0.003455919912084937,0.0,2.4569902420043945,9.999999747378752e-05,0.05000000074505806,0.009999999776482582,0.05000000074505806,0.0010000000474974513,0.0010000000474974513,1.0,0.02319784089922905,0.002632349729537964,0.0,0.0,0.0,0.0,0.0,0.0,0.0,0.0,-1.236395001411438,-1.236395001411438,1.0,-1.236395001411438,-1.236395001411438,-1.2155444622039795,0.0,-3.463179111480713,2.788076162338257,1.0,0.02319784089922905,1.0,0.0,0.0,0.02319784089922905,0.0,0.0,0.002632349729537964,0.0,0.09736765176057816,0.1044551357626915,0.004447456449270248,0.8841857314109802,0.25426337122917175,0.0,0.0,0.0,0.0,0.0,0.0,0.0,0.0,1.0,0.0,0.0006952139083296061,0.3372005224227905,0.42073097825050354,0.07248461246490479,0.0,0.10464309900999069,0.1042124405503273,0.1042124405503273,0.12132007628679276,-0.04472421482205391,1.13537833648647e-11,0.0,0.0,4.143326282501221,4.143326282501221,2.601243734359741,2.601243734359741,0.5035586953163147,0.0,0.0,0.0,0.0,0.09736765176057816,0.12421663105487823,7.3933351814048365e-06,0.9945038557052612,0.25426337122917175,0.021461397409439087,2.520705223083496,2.5994927883148193,2.601243734359741,2.618994951248169,2.788076162338257,0.0,0.08589056134223938,1.0,1.4653687477111816,1.4807164669036865,1.4557876586914062,0.0,0.004710788372904062,0.0027289078570902348,1.8927035853266716e-05,0.012159699574112892,0.0004710787907242775,0.0012159700272604823,0.0,0.004710787907242775,12.0,0.0,0.0,0.0,0.0,0.0,0.0,,,,,,,,,,,,,,,,,,,,,,0.0005
42,6980,train,0.04725346714258194,0.10183453559875488,0.10214809328317642,0.0,0.003387176664546132,0.003387176664546132,0.0,2.498216390609741,9.999999747378752e-05,0.05000000074505806,0.009999999776482582,0.05000000074505806,0.0010000000474974513,0.0010000000474974513,1.0,0.021069016307592392,0.010286472737789154,0.0,0.0,0.0,0.0,0.0,0.0,0.0,0.0,-1.257686972618103,-1.257686972618103,1.0,-1.257686972618103,-1.257686972618103,-1.243372917175293,0.0,-3.506697416305542,2.7476840019226074,1.0,0.021069016307592392,1.0,0.0,0.0,0.021069016307592392,0.0,0.0,0.010286472737789154,0.0,0.08971352130174637,0.09560910612344742,0.004203259479254484,0.8643332719802856,0.24659417569637299,0.0,0.0,0.0,0.0,0.0,0.0,0.0,0.0,1.0,0.0,0.0005807806155644357,0.32419106364250183,0.4132777452468872,0.06820928305387497,0.0,0.10214809328317642,0.10183453559875488,0.10183453559875488,0.12093095481395721,-0.0388030968606472,1.03757842595531e-10,0.0,0.0,4.332705020904541,4.332705020904541,2.6004011631011963,2.6004011631011963,0.5272431373596191,0.0,0.0,0.0,0.0,0.08971352875232697,0.11248964071273804,7.1644458330411e-06,0.9913536906242371,0.24659417569637299,0.01741728000342846,2.5678176879882812,2.5961194038391113,2.6004011631011963,2.610836982727051,2.7476840019226074,0.0,0.08879557251930237,1.0,1.4364244937896729,1.435708999633789,1.4339134693145752,0.0,0.00350809283554554,0.0024954359978437424,3.086684273512219e-06,0.009350479580461979,0.00035080930683761835,0.0009350479813292623,0.0,0.0035080930683761835,12.0,0.0,0.0,0.0,0.0,0.0,0.0,,,,,,,,,,,,,,,,,,,,,,0.0005
42,7000,train,0.0548286996781826,0.10557569563388824,0.10624843090772629,0.0,0.0036230634432286024,0.0036230634432286024,0.0,2.4607670307159424,9.999999747378752e-05,0.05000000074505806,0.009999999776482582,0.05000000074505806,0.0010000000474974513,0.0010000000474974513,1.0,0.021721355617046356,0.007602721452713013,0.0,0.0,0.0,0.0,0.0,0.0,0.0,0.0,-1.2075538635253906,-1.2075538635253906,1.0,-1.2075538635253906,-1.2075538635253906,-1.185861587524414,0.0,-3.415194272994995,2.811605930328369,1.0,0.021721355617046356,1.0,0.0,0.0,0.021721355617046356,0.0,0.0,0.007602721452713013,0.0,0.10760272294282913,0.10898470133543015,0.005229936446994543,0.9024345278739929,0.2744910418987274,0.0,0.0,0.0,0.0,0.0,0.0,0.0,0.0,1.0,0.0,0.001269301981665194,0.34431183338165283,0.42798912525177,0.07202623039484024,0.0,0.10624843090772629,0.10557569563388824,0.10557569563388824,0.11480264365673065,-0.027053099125623703,-8.505018737892112e-12,0.0,0.0,4.349150657653809,4.349150657653809,2.6557087898254395,2.6557087898254395,0.505061149597168,0.0,0.0,0.0,0.0,0.10760272294282913,0.12946408987045288,5.791118383058347e-06,0.9863406419754028,0.2744910418987274,0.024165136739611626,2.540754556655884,2.6589596271514893,2.6557087898254395,2.650630474090576,2.811605930328369,0.0,0.09365470707416534,1.0,1.498001217842102,1.449847936630249,1.4725364446640015,0.0,0.0036629175301641226,0.002992932451888919,3.7862953377043596e-06,0.010738917626440525,0.0003662917879410088,0.0010738917626440525,0.0,0.0036629175301641226,12.0,0.0,0.0,0.0,0.0,0.0,0.0,,,,,,,,,,,,,,,,,,,,,,0.0005
42,7014,train_epoch,0.049193800164910845,0.10235244013413698,0.10274207226173607,0.0,0.003513914723964241,0.003513914723964241,0.0,2.4766074040692723,9.999999747378752e-05,0.05000000074505806,0.009999999776482582,0.05000000074505806,0.0010000000474974513,0.0010000000474974513,1.0,0.023737550517934525,0.006005440018848031,0.0,0.0,0.0,0.0,0.0,0.0,0.0,0.0,-1.2360025551504719,-1.2360025551504719,1.0,-1.2360025551504719,-1.2360025558642997,-1.2161613174541268,0.0,-3.463828453760661,2.770052741387647,1.0,0.023737550517934525,1.0,0.0,0.0,0.023737550517934525,0.0,0.0,0.006005440018848031,0.0,0.10002803106507856,0.10518980008399414,0.004745960823249094,0.8985942566466188,0.26149431415303737,0.0,0.0,0.0,0.0,0.0,0.0,0.0,0.0,1.0,0.0,0.0008420068621642408,0.33144160837470416,0.4205570119226764,0.070910212120967,0.0,0.10274207226173607,0.10235244013413698,0.10235244013413698,0.112659193709225,-0.03706074578542552,-5.602659338316739e-12,0.0,0.0,4.218373649848435,4.218373635571874,2.6275261904665097,2.6275261904665097,0.4753850775207588,0.0,0.0,0.0,0.0,0.10002803003895068,0.12345531935284952,2.039181535502519e-05,0.98870754563166,0.26149431415303737,0.021321054023807635,2.554101368624293,2.626476023725407,2.6275261904665097,2.622026643353308,2.770052741387647,0.0,0.09081278362138542,1.0,1.4804672580993103,1.4773541845961244,1.478263170419339,0.0,0.00297115113890122,0.001983903868480803,7.392216214773175e-05,0.008249850550521454,0.000297115119275202,0.0008249850703185859,0.0,0.00297115113890122,12.0,0.0,0.0,0.0,0.0,0.0,0.0,,,,,,,,,,,,,,,,,,,,,,0.0005
42,7014,val,,,,,,,,,,,,,,,,,,,,,,,,,,,,,,,,,,,,,,,,,,,,,,,,,,,,,,,,,,,,,,,,,,,,,,,,,,,,,,,,,,,,,,,,,,,,,,,,,,,,,,,,,,,,,,,,,,,15.227423770087105,631.1207000187466,25.122115755221465,10.711504297597068,6.92965841293335,14.188309703554426,23.244426750764628,9.59446484701974,6.451095657689231,15.165082812309265,25.102174439793757,10.481294981070928,6.888950262750898,16.9908139535359,27.93211869335563,12.695685991219111,7.786626807280949,15.227423770087105,25.122115755221465,10.711504297597068,6.92965841293335,0.0005
43,7020,train,0.04896247386932373,0.10163214057683945,0.10162853449583054,0.0,0.0035161389969289303,0.0035161389969289303,0.0,2.456066846847534,9.999999747378752e-05,0.05000000074505806,0.009999999776482582,0.05000000074505806,0.0010000000474974513,0.0010000000474974513,1.0,0.021983494982123375,0.0024110525846481323,0.0,0.0,0.0,0.0,0.0,0.0,0.0,0.0,-1.2240196466445923,-1.2240196466445923,1.0,-1.2240196466445923,-1.2240197658538818,-1.2040331363677979,0.0,-3.4338533878326416,2.807952404022217,1.0,0.021983494982123375,1.0,0.0,0.0,0.021983494982123375,0.0,0.0,0.0024110525846481323,0.0,0.10241105407476425,0.1058664470911026,0.004130843095481396,0.9108104705810547,0.26672443747520447,0.0,0.0,0.0,0.0,0.0,0.0,0.0,0.0,1.0,0.0,0.00023056189820636064,0.33588361740112305,0.42133814096450806,0.07243485003709793,0.0,0.10162853449583054,0.10163214057683945,0.10163214057683945,0.10685455054044724,-0.03618459030985832,9.083804541898388e-11,0.0,0.0,4.230266571044922,4.230266571044922,2.6209301948547363,2.6209301948547363,0.4466656446456909,0.0,0.0,0.0,0.0,0.10241105407476425,0.12315826863050461,1.703150337561965e-05,0.9861041903495789,0.26672443747520447,0.01992187649011612,2.5542333126068115,2.619478225708008,2.6209301948547363,2.6459879875183105,2.807952404022217,0.0,0.08731572329998016,1.0,1.494382381439209,1.4962372779846191,1.479435920715332,0.0,0.007722385227680206,0.004068990703672171,0.00020543181744869798,0.015096373856067657,0.0007722385926172137,0.0015096374554559588,0.0,0.007722386159002781,12.0,0.0,0.0,0.0,0.0,0.0,0.0,,,,,,,,,,,,,,,,,,,,,,0.0005
43,7040,train,0.04406527802348137,0.09749273210763931,0.09808050096035004,0.0,0.0034892591647803783,0.0034892591647803783,0.0,2.4590163230895996,9.999999747378752e-05,0.05000000074505806,0.009999999776482582,0.05000000074505806,0.0010000000474974513,0.0010000000474974513,1.0,0.022536158561706543,0.0024952441453933716,0.0,0.0,0.0,0.0,0.0,0.0,0.0,0.0,-1.2248159646987915,-1.2248159646987915,1.0,-1.2248159646987915,-1.2248159646987915,-1.2043620347976685,0.0,-3.433056354522705,2.7800607681274414,1.0,0.022536158561706543,1.0,0.0,0.0,0.022536158561706543,0.0,0.0,0.0024952441453933716,0.0,0.09750475734472275,0.10302353650331497,0.004772842861711979,0.9109408855438232,0.2596162259578705,0.0,0.0,0.0,0.0,0.0,0.0,0.0,0.0,1.0,0.0,0.001281105331145227,0.32273808121681213,0.4280477464199066,0.0723545178771019,0.0,0.09808050096035004,0.09749273210763931,0.09749273210763931,0.10586223006248474,-0.03203504905104637,-1.0376233726405726e-11,0.0,0.0,4.19688606262207,4.19688606262207,2.6868088245391846,2.6868088245391846,0.43562397360801697,0.0,0.0,0.0,0.0,0.09750475734472275,0.11971105635166168,1.1020431884389836e-05,0.988244891166687,0.2596162259578705,0.019646141678094864,2.613081216812134,2.6855576038360596,2.6868088245391846,2.652437210083008,2.7800607681274414,0.0,0.09415557235479355,1.0,1.5120964050292969,1.5120532512664795,1.4928066730499268,0.0,0.005209865048527718,0.0031037158332765102,9.99236071947962e-05,0.012974603101611137,0.0005209865048527718,0.0012974602868780494,0.0,0.005209865514189005,12.0,0.0,0.0,0.0,0.0,0.0,0.0,,,,,,,,,,,,,,,,,,,,,,0.0005
43,7060,train,0.047631051391363144,0.10074884444475174,0.10111432522535324,0.0,0.003566063242033124,0.003566063242033124,0.0,2.4749791622161865,9.999999747378752e-05,0.05000000074505806,0.009999999776482582,0.05000000074505806,0.0010000000474974513,0.0010000000474974513,1.0,0.024087179452180862,0.0055340975522994995,0.0,0.0,0.0,0.0,0.0,0.0,0.0,0.0,-1.2299346923828125,-1.2299346923828125,1.0,-1.2299346923828125,-1.2299346923828125,-1.2099432945251465,0.0,-3.454594135284424,2.790771722793579,1.0,0.024087179452180862,1.0,0.0,0.0,0.024087179452180862,0.0,0.0,0.0055340975522994995,0.0,0.10553409904241562,0.11241220682859421,0.004173446446657181,0.9253436326980591,0.2662186920642853,0.0,0.0,0.0,0.0,0.0,0.0,0.0,0.0,1.0,0.0,0.0006811017519794405,0.3444020450115204,0.42709580063819885,0.07095491141080856,0.0,0.10111432522535324,0.10074884444475174,0.10074884444475174,0.1166071966290474,-0.03156832605600357,-2.0289744884216532e-10,0.0,0.0,4.194396495819092,4.194396495819092,2.6414175033569336,2.6414175033569336,0.5002338886260986,0.0,0.0,0.0,0.0,0.10553409904241562,0.13273824751377106,1.3589861737273168e-05,0.9909346699714661,0.2662186920642853,0.025758273899555206,2.5652835369110107,2.63938307762146,2.6414175033569336,2.644371271133423,2.790771722793579,0.0,0.08913958072662354,1.0,1.480774164199829,1.4855287075042725,1.475498914718628,0.0,0.004602959379553795,0.0027404124848544598,0.00018787549925036728,0.011895685456693172,0.0004602959379553795,0.0011895685456693172,0.0,0.004602959379553795,12.0,0.0,0.0,0.0,0.0,0.0,0.0,,,,,,,,,,,,,,,,,,,,,,0.0005
43,7080,train,0.0475202314555645,0.099605992436409,0.09992557764053345,0.0,0.0035001374781131744,0.0035001374781131744,0.0,2.463139772415161,9.999999747378752e-05,0.05000000074505806,0.009999999776482582,0.05000000074505806,0.0010000000474974513,0.0010000000474974513,1.0,0.02064293809235096,0.003277994692325592,0.0,0.0,0.0,0.0,0.0,0.0,0.0,0.0,-1.208601951599121,-1.208601951599121,1.0,-1.208601951599121,-1.208601951599121,-1.1938529014587402,0.0,-3.413930654525757,2.8386168479919434,1.0,0.02064293809235096,1.0,0.0,0.0,0.02064293809235096,0.0,0.0,0.003277994692325592,0.0,0.10327799618244171,0.11112247407436371,0.001600942574441433,0.9084880352020264,0.2661193907260895,0.0,0.0,0.0,0.0,0.0,0.0,0.0,0.0,1.0,0.0,0.0006450315704569221,0.32974791526794434,0.4198620915412903,0.07121681421995163,0.0,0.09992557764053345,0.099605992436409,0.099605992436409,0.1057344600558281,-0.022442538291215897,-9.326662359088189e-11,0.0,0.0,4.222799777984619,4.222799777984619,2.6397125720977783,2.6397125720977783,0.44392722845077515,0.0,0.0,0.0,0.0,0.10327799618244171,0.12750805914402008,2.637700345076155e-05,0.9865408539772034,0.2661193907260895,0.022970283403992653,2.589552879333496,2.6340625286102295,2.6397125720977783,2.6746649742126465,2.8386168479919434,0.0,0.088224858045578,1.0,1.5112383365631104,1.4707868099212646,1.490722894668579,0.0,0.0018625439843162894,0.001328276819549501,9.612281428417191e-05,0.0057860142551362514,0.000186254401342012,0.0005786014371551573,0.0,0.0018625441007316113,12.0,0.0,0.0,0.0,0.0,0.0,0.0,,,,,,,,,,,,,,,,,,,,,,0.0005
43,7100,train,0.05239349976181984,0.10430213809013367,0.10461185872554779,0.0,0.003444214817136526,0.003444214817136526,0.0,2.4361367225646973,9.999999747378752e-05,0.05000000074505806,0.009999999776482582,0.05000000074505806,0.0010000000474974513,0.0010000000474974513,1.0,0.02414419874548912,0.006869159638881683,0.0,0.0,0.0,0.0,0.0,0.0,0.0,0.0,-1.2212975025177002,-1.2212975025177002,1.0,-1.2212975025177002,-1.2212976217269897,-1.2009283304214478,0.0,-3.431633472442627,2.793959140777588,1.0,0.02414419874548912,1.0,0.0,0.0,0.02414419874548912,0.0,0.0,0.006869159638881683,0.0,0.09313084930181503,0.10312288254499435,0.004387320019304752,0.9176160097122192,0.24822835624217987,0.0,0.0,0.0,0.0,0.0,0.0,0.0,0.0,1.0,0.0,0.0005543301813304424,0.3306187391281128,0.42758476734161377,0.07382996380329132,0.0,0.10461185872554779,0.10430213809013367,0.10430213809013367,0.11184342205524445,-0.05268505588173866,1.1322046078454662e-10,0.0,0.0,4.206214904785156,4.206214904785156,2.681324005126953,2.681324005126953,0.4668234586715698,0.0,0.0,0.0,0.0,0.09313084185123444,0.12117405980825424,2.4965755073935725e-05,0.9867861866950989,0.24822835624217987,0.022089462727308273,2.5872340202331543,2.680790424346924,2.681324005126953,2.6629767417907715,2.793959140777588,0.0,0.0862492099404335,1.0,1.4729351997375488,1.5240345001220703,1.5263789892196655,0.0,0.0022295534145087004,0.0016578962095081806,1.9856379367411137e-05,0.007797199301421642,0.0002229553647339344,0.0007797199650667608,0.0,0.0022295534145087004,12.0,0.0,0.0,0.0,0.0,0.0,0.0,,,,,,,,,,,,,,,,,,,,,,0.0005
43,7120,train,0.0559098906815052,0.10619048029184341,0.10709947347640991,0.0,0.003553134622052312,0.003553134622052312,0.0,2.4591052532196045,9.999999747378752e-05,0.05000000074505806,0.009999999776482582,0.05000000074505806,0.0010000000474974513,0.0010000000474974513,1.0,0.02471349388360977,0.005506522953510284,0.0,0.0,0.0,0.0,0.0,0.0,0.0,0.0,-1.202571153640747,-1.202571153640747,1.0,-1.202571153640747,-1.202571153640747,-1.1826069355010986,0.0,-3.405407667160034,2.812472343444824,1.0,0.02471349388360977,1.0,0.0,0.0,0.02471349388360977,0.0,0.0,0.005506522953510284,0.0,0.09449347853660583,0.09995697438716888,0.0036352998577058315,0.8951422572135925,0.25310903787612915,0.0,0.0,0.0,0.0,0.0,0.0,0.0,0.0,1.0,0.0,0.0016821384197100997,0.33577001094818115,0.42473357915878296,0.07225144654512405,0.0,0.10709947347640991,0.10619048029184341,0.10619048029184341,0.11113574355840683,-0.03515533730387688,6.830366133803167e-11,0.0,0.0,4.086898326873779,4.086897850036621,2.6706736087799072,2.6706736087799072,0.4529593586921692,0.0,0.0,0.0,0.0,0.09449347853660583,0.11798794567584991,6.4487167037441395e-06,0.9855566620826721,0.25310903787612915,0.019347427412867546,2.60015606880188,2.6687276363372803,2.6706736087799072,2.685380697250366,2.812472343444824,0.0,0.09686609357595444,1.0,1.5252221822738647,1.5174521207809448,1.5398038625717163,0.0,0.00462306197732687,0.002480116905644536,0.00011006755084963515,0.011367850005626678,0.00046230622683651745,0.0011367850238457322,0.0,0.00462306197732687,12.0,0.0,0.0,0.0,0.0,0.0,0.0,,,,,,,,,,,,,,,,,,,,,,0.0005
43,7140,train,0.04975353553891182,0.10231807827949524,0.1027093306183815,0.0,0.003490753471851349,0.003490753471851349,0.0,2.474184036254883,9.999999747378752e-05,0.05000000074505806,0.009999999776482582,0.05000000074505806,0.0010000000474974513,0.0010000000474974513,1.0,0.02377156913280487,0.003575749695301056,0.0,0.0,0.0,0.0,0.0,0.0,0.0,0.0,-1.225928544998169,-1.225928544998169,1.0,-1.225928544998169,-1.225928544998169,-1.2022100687026978,0.0,-3.4501936435699463,2.791090965270996,1.0,0.02377156913280487,1.0,0.0,0.0,0.02377156913280487,0.0,0.0,0.003575749695301056,0.0,0.10357574373483658,0.11222342401742935,0.006474758498370647,0.9317222833633423,0.2644079625606537,0.0,0.0,0.0,0.0,0.0,0.0,0.0,0.0,1.0,0.0,0.0007991541642695665,0.331968754529953,0.42539140582084656,0.07090339064598083,0.0,0.1027093306183815,0.10231807827949524,0.10231807827949524,0.11691955476999283,-0.030607137829065323,-5.417243736927091e-11,0.0,0.0,4.366013526916504,4.366013526916504,2.653154134750366,2.653154134750366,0.5077293515205383,0.0,0.0,0.0,0.0,0.10357575118541718,0.12964442372322083,1.1475484825496096e-05,0.9944169521331787,0.2644079625606537,0.023950675502419472,2.5404717922210693,2.653820037841797,2.653154134750366,2.6273770332336426,2.791090965270996,0.0,0.08560686558485031,1.0,1.515242576599121,1.4590027332305908,1.4422874450683594,0.0,0.001621598144993186,0.0012426028260961175,9.519424202153459e-05,0.005797860212624073,0.00016215980576816946,0.0005797860212624073,0.0,0.001621598144993186,12.0,0.0,0.0,0.0,0.0,0.0,0.0,,,,,,,,,,,,,,,,,,,,,,0.0005
43,7160,train,0.03914761543273926,0.09473340213298798,0.09466377645730972,0.0,0.0033724219538271427,0.0033724219538271427,0.0,2.4484481811523438,9.999999747378752e-05,0.05000000074505806,0.009999999776482582,0.05000000074505806,0.0010000000474974513,0.0010000000474974513,1.0,0.02086052857339382,0.0006205663084983826,0.0,0.0,0.0,0.0,0.0,0.0,0.0,0.0,-1.2492249011993408,-1.2492249011993408,1.0,-1.2492249011993408,-1.2492247819900513,-1.2273073196411133,0.0,-3.488544225692749,2.7386257648468018,1.0,0.02086052857339382,1.0,0.0,0.0,0.02086052857339382,0.0,0.0,0.0006205663084983826,0.0,0.1006205752491951,0.10106272995471954,0.004638634622097015,0.9146949052810669,0.2666555941104889,0.0,0.0,0.0,0.0,0.0,0.0,0.0,0.0,1.0,0.0,0.00022566172992810607,0.32188448309898376,0.41574546694755554,0.07292011380195618,0.0,0.09466377645730972,0.09473340213298798,0.09473340213298798,0.10722795873880386,-0.03935963660478592,1.749099476366922e-10,0.0,0.0,4.259927272796631,4.259927272796631,2.6135613918304443,2.6135613918304443,0.4474645256996155,0.0,0.0,0.0,0.0,0.1006205677986145,0.12024389952421188,8.697390876477584e-05,0.9877302050590515,0.2666555941104889,0.02073376439511776,2.5489325523376465,2.6154065132141113,2.6135613918304443,2.5962765216827393,2.7386257648468018,0.0,0.08686187118291855,1.0,1.4353700876235962,1.4432711601257324,1.417834997177124,0.0,0.0016965080285444856,0.0012333658523857594,2.4230244889622554e-05,0.004837923217564821,0.00016965079703368247,0.0004837923333980143,0.0,0.0016965080285444856,12.0,0.0,0.0,0.0,0.0,0.0,0.0,,,,,,,,,,,,,,,,,,,,,,0.0005
43,7180,train,0.04511982575058937,0.09914299100637436,0.09925389289855957,0.0,0.003468116046860814,0.003468116046860814,0.0,2.4703919887542725,9.999999747378752e-05,0.05000000074505806,0.009999999776482582,0.05000000074505806,0.0010000000474974513,0.0010000000474974513,1.0,0.022188358008861542,0.0038185790181159973,0.0,0.0,0.0,0.0,0.0,0.0,0.0,0.0,-1.2386733293533325,-1.2386733293533325,1.0,-1.2386733293533325,-1.238673448562622,-1.2186352014541626,0.0,-3.462867259979248,2.7645609378814697,1.0,0.022188358008861542,1.0,0.0,0.0,0.022188358008861542,0.0,0.0,0.0038185790181159973,0.0,0.10381858050823212,0.10746897011995316,0.004212499596178532,0.8963240385055542,0.2677466571331024,0.0,0.0,0.0,0.0,0.0,0.0,0.0,0.0,1.0,0.0,0.00030780144152231514,0.33469444513320923,0.41635552048683167,0.07079950720071793,0.0,0.09925389289855957,0.09914299100637436,0.09914299100637436,0.1146303117275238,-0.028104441240429878,1.7957121900558093e-11,0.0,0.0,4.219298839569092,4.219298839569092,2.6023261547088623,2.6023261547088623,0.4930654764175415,0.0,0.0,0.0,0.0,0.10381858050823212,0.12673994898796082,1.0583806215436198e-05,0.9814702868461609,0.2677466571331024,0.02245710976421833,2.5449442863464355,2.600412368774414,2.6023261547088623,2.6080589294433594,2.7645609378814697,0.0,0.0877516120672226,1.0,1.5203421115875244,1.4543713331222534,1.4731009006500244,0.0,0.0022256604861468077,0.0018612243002280593,4.147025174461305e-05,0.011021741665899754,0.00022256604279391468,0.0011021741665899754,0.0,0.0022256604861468077,12.0,0.0,0.0,0.0,0.0,0.0,0.0,,,,,,,,,,,,,,,,,,,,,,0.0005
43,7181,train_epoch,0.049376317082407944,0.10222990793025422,0.10261333109197503,0.0,0.003510229214245152,0.003510229214245152,0.0,2.4650472352604664,9.999999747378752e-05,0.05000000074505806,0.009999999776482582,0.05000000074505806,0.0010000000474974513,0.0010000000474974513,1.0,0.02325609807081208,0.00502432521410331,0.0,0.0,0.0,0.0,0.0,0.0,0.0,0.0,-1.2304425589338748,-1.2304425589338748,1.0,-1.2304425589338748,-1.2304425589338748,-1.2102054114827139,0.0,-3.453324729097104,2.777429182372407,1.0,0.02325609807081208,1.0,0.0,0.0,0.02325609807081208,0.0,0.0,0.00502432521410331,0.0,0.09985687427535028,0.10542971721130931,0.004686824440632662,0.9006006021699505,0.2612604419449846,0.0,0.0,0.0,0.0,0.0,0.0,0.0,0.0,1.0,0.0,0.0008244831686627543,0.33207333980206244,0.4218557193250713,0.07150770014453077,0.0,0.10261333109197503,0.10222990793025422,0.10222990793025422,0.11222570389509201,-0.0361062743795846,-1.2925567995177547e-11,0.0,0.0,4.223477235097371,4.223477232242059,2.639005598193871,2.639005598193871,0.4742156929241683,0.0,0.0,0.0,0.0,0.09985687329383668,0.12346006854030186,1.8139717841102776e-05,0.988820651691117,0.2612604419449846,0.021369761804085292,2.56310050073498,2.6377850321238627,2.639005598193871,2.633376058704125,2.777429182372407,0.0,0.09027586698889019,1.0,1.475664726274456,1.4750342833067842,1.4755989677177932,0.0,0.0032318229487299653,0.00213886960618711,8.191962592054742e-05,0.0089928387931944,0.00032318230268049117,0.0008992838950738489,0.0,0.0032318229821906566,12.0,0.0,0.0,0.0,0.0,0.0,0.0,,,,,,,,,,,,,,,,,,,,,,0.0005
43,7181,val,,,,,,,,,,,,,,,,,,,,,,,,,,,,,,,,,,,,,,,,,,,,,,,,,,,,,,,,,,,,,,,,,,,,,,,,,,,,,,,,,,,,,,,,,,,,,,,,,,,,,,,,,,,,,,,,,,,15.140995298113141,625.7273505074637,25.014542780300097,10.800144323280879,6.903674602508545,14.171932075704847,23.129466523181854,9.821061108793531,6.4556208082607816,15.062904783657618,24.97935083197841,10.691225801195417,6.852528299604144,16.96373622758048,27.915089495041933,12.5869893687112,7.776373531137194,15.140995298113141,25.014542780300097,10.800144323280879,6.903674602508545,0.0005
44,7200,train,0.04905020445585251,0.10227134823799133,0.1024576872587204,0.0,0.003531860886141658,0.003531860886141658,0.0,2.4748034477233887,9.999999747378752e-05,0.05000000074505806,0.009999999776482582,0.05000000074505806,0.0010000000474974513,0.0010000000474974513,1.0,0.023167310282588005,0.004870012402534485,0.0,0.0,0.0,0.0,0.0,0.0,0.0,0.0,-1.2360799312591553,-1.2360799312591553,1.0,-1.2360799312591553,-1.2360799312591553,-1.2173577547073364,0.0,-3.4660022258758545,2.762190818786621,1.0,0.023167310282588005,1.0,0.0,0.0,0.023167310282588005,0.0,0.0,0.004870012402534485,0.0,0.1048700287938118,0.10532388836145401,0.0032120482064783573,0.9215297698974609,0.27345967292785645,0.0,0.0,0.0,0.0,0.0,0.0,0.0,0.0,1.0,0.0,0.00048397050704807043,0.3367910385131836,0.41307005286216736,0.07013878226280212,0.0,0.1024576872587204,0.10227134823799133,0.10227134823799133,0.11656416952610016,-0.04649728536605835,7.375849930824074e-11,0.0,0.0,4.100824356079102,4.100824356079102,2.5953564643859863,2.5953564643859863,0.47436758875846863,0.0,0.0,0.0,0.0,0.1048700138926506,0.12240810692310333,5.216378212935524e-06,0.9816277623176575,0.27345967292785645,0.01995251327753067,2.5462286472320557,2.5911355018615723,2.5953564643859863,2.621335983276367,2.762190818786621,0.0,0.08502911776304245,1.0,1.4239246845245361,1.44439697265625,1.4421247243881226,0.0,0.0025433965492993593,0.0014594566309824586,8.693347808730323e-06,0.006239371839910746,0.00025433965492993593,0.0006239371723495424,0.0,0.0025433965492993593,12.0,0.0,0.0,0.0,0.0,0.0,0.0,,,,,,,,,,,,,,,,,,,,,,0.0005
44,7220,train,0.05259140953421593,0.10408907383680344,0.10451307892799377,0.0,0.003532480215653777,0.003532480215653777,0.0,2.423654079437256,9.999999747378752e-05,0.05000000074505806,0.009999999776482582,0.05000000074505806,0.0010000000474974513,0.0010000000474974513,1.0,0.024017365649342537,0.0007645338773727417,0.0,0.0,0.0,0.0,0.0,0.0,0.0,0.0,-1.2140675783157349,-1.2140675783157349,1.0,-1.2140675783157349,-1.2140675783157349,-1.1939384937286377,0.0,-3.4272422790527344,2.78952956199646,1.0,0.024017365649342537,1.0,0.0,0.0,0.024017365649342537,0.0,0.0,0.0007645338773727417,0.0,0.09923546761274338,0.10084512084722519,0.006023515947163105,0.9304879903793335,0.26687273383140564,0.0,0.0,0.0,0.0,0.0,0.0,0.0,0.0,1.0,0.0,0.0007519980426877737,0.3365599811077118,0.418526291847229,0.07457464188337326,0.0,0.10451307892799377,0.10408907383680344,0.10408907383680344,0.1054864227771759,-0.03758855164051056,2.2994274540000248e-10,0.0,0.0,4.294610500335693,4.294610500335693,2.633618116378784,2.633618116378784,0.4430720806121826,0.0,0.0,0.0,0.0,0.09923546761274338,0.11708361655473709,6.704248517053202e-05,0.9944104552268982,0.26687273383140564,0.018795957788825035,2.5549583435058594,2.6297075748443604,2.633618116378784,2.6373417377471924,2.78952956199646,0.0,0.08835715055465698,1.0,1.4211950302124023,1.471435546875,1.4721293449401855,0.0,0.0020220675505697727,0.0014635366387665272,0.00013557546481024474,0.0053375172428786755,0.00020220677834004164,0.0005337517359293997,0.0,0.0020220675505697727,12.0,0.0,0.0,0.0,0.0,0.0,0.0,,,,,,,,,,,,,,,,,,,,,,0.0005
44,7240,train,0.05912626534700394,0.10977315157651901,0.1108778864145279,0.0,0.003720134263858199,0.003720134263858199,0.0,2.4667341709136963,9.999999747378752e-05,0.05000000074505806,0.009999999776482582,0.05000000074505806,0.0010000000474974513,0.0010000000474974513,1.0,0.024346303194761276,0.0005379468202590942,0.0,0.0,0.0,0.0,0.0,0.0,0.0,0.0,-1.221333622932434,-1.221333622932434,1.0,-1.221333622932434,-1.221333622932434,-1.2040739059448242,0.0,-3.450732707977295,2.800902843475342,1.0,0.024346303194761276,1.0,0.0,0.0,0.024346303194761276,0.0,0.0,0.0005379468202590942,0.0,0.10053795576095581,0.10634002089500427,0.005118919536471367,0.880216121673584,0.26253485679626465,0.0,0.0,0.0,0.0,0.0,0.0,0.0,0.0,1.0,0.0,0.001744572538882494,0.3425045609474182,0.4187657833099365,0.07072653621435165,0.0,0.1108778864145279,0.10977315157651901,0.10977315157651901,0.11774492263793945,-0.04961530491709709,1.184785464181104e-10,0.0,0.0,4.283854007720947,4.283854007720947,2.627730369567871,2.627730369567871,0.5058194398880005,0.0,0.0,0.0,0.0,0.10053794831037521,0.1238657757639885,8.22364745545201e-06,0.9859802722930908,0.26253485679626465,0.021637562662363052,2.571160316467285,2.624875545501709,2.627730369567871,2.6463510990142822,2.800902843475342,0.0,0.09677339345216751,1.0,1.46705961227417,1.4926502704620361,1.4928374290466309,0.0,0.0024537185672670603,0.0020348329562693834,2.040442450379487e-05,0.008985411375761032,0.0002453718916513026,0.000898541125934571,0.0,0.002453718800097704,12.0,0.0,0.0,0.0,0.0,0.0,0.0,,,,,,,,,,,,,,,,,,,,,,0.0005
44,7260,train,0.056866053491830826,0.10829746723175049,0.10864241421222687,0.0,0.0036129599902778864,0.0036129599902778864,0.0,2.503011703491211,9.999999747378752e-05,0.05000000074505806,0.009999999776482582,0.05000000074505806,0.0010000000474974513,0.0010000000474974513,1.0,0.02271043136715889,0.004828318953514099,0.0,0.0,0.0,0.0,0.0,0.0,0.0,0.0,-1.226973056793213,-1.226973056793213,1.0,-1.226973056793213,-1.226973056793213,-1.2055392265319824,0.0,-3.450794219970703,2.7937052249908447,1.0,0.02271043136715889,1.0,0.0,0.0,0.02271043136715889,0.0,0.0,0.004828318953514099,0.0,0.10482832789421082,0.10967986285686493,0.008279609493911266,0.8878867626190186,0.2710581421852112,0.0,0.0,0.0,0.0,0.0,0.0,0.0,0.0,1.0,0.0,0.0006568605313077569,0.344635546207428,0.4183981716632843,0.06850454956293106,0.0,0.10864241421222687,0.10829746723175049,0.10829746723175049,0.11231347173452377,-0.04221867024898529,-1.7319660983172724e-10,0.0,0.0,4.212381839752197,4.212381839752197,2.6103358268737793,2.6103358268737793,0.4792500436306,0.0,0.0,0.0,0.0,0.10482832044363022,0.12696760892868042,4.449909738468705e-06,0.9863090515136719,0.2710581421852112,0.024073224514722824,2.5306339263916016,2.6066629886627197,2.6103358268737793,2.650320053100586,2.7937052249908447,0.0,0.08732335269451141,1.0,1.3827698230743408,1.4409868717193604,1.4712364673614502,0.0,0.0037804623134434223,0.002864087698981166,4.178289964329451e-05,0.012091352604329586,0.0003780461847782135,0.001209135283716023,0.0,0.0037804623134434223,12.0,0.0,0.0,0.0,0.0,0.0,0.0,,,,,,,,,,,,,,,,,,,,,,0.0005
44,7280,train,0.0557592436671257,0.10798299312591553,0.1084992066025734,0.0,0.003349556587636471,0.003349556587636471,0.0,2.489022970199585,9.999999747378752e-05,0.05000000074505806,0.009999999776482582,0.05000000074505806,0.0010000000474974513,0.0010000000474974513,1.0,0.025062672793865204,0.004393875598907471,0.0,0.0,0.0,0.0,0.0,0.0,0.0,0.0,-1.2394905090332031,-1.2394905090332031,1.0,-1.2394905090332031,-1.2394905090332031,-1.2210665941238403,0.0,-3.465329885482788,2.7529337406158447,1.0,0.025062672793865204,1.0,0.0,0.0,0.025062672793865204,0.0,0.0,0.004393875598907471,0.0,0.10439388453960419,0.10888111591339111,0.00474955327808857,0.9173136949539185,0.26910415291786194,0.0,0.0,0.0,0.0,0.0,0.0,0.0,0.0,1.0,0.0,0.0010318700224161148,0.32598963379859924,0.417290061712265,0.069373220205307,0.0,0.1084992066025734,0.10798299312591553,0.10798299312591553,0.11014527827501297,-0.051421064883470535,-1.7041036637355234e-10,0.0,0.0,4.1503095626831055,4.1503095626831055,2.5916013717651367,2.5916013717651367,0.4582478404045105,0.0,0.0,0.0,0.0,0.10439387708902359,0.12662483751773834,3.487111462163739e-05,0.9850803017616272,0.26910415291786194,0.022541360929608345,2.5229105949401855,2.5891757011413574,2.5916013717651367,2.586331367492676,2.7529337406158447,0.0,0.08932483941316605,1.0,1.4086135625839233,1.4412031173706055,1.4577789306640625,0.0,0.003996083978563547,0.0022272965870797634,7.702175935264677e-06,0.008865023031830788,0.0003996083978563547,0.0008865023264661431,0.0,0.003996083978563547,12.0,0.0,0.0,0.0,0.0,0.0,0.0,,,,,,,,,,,,,,,,,,,,,,0.0005
44,7300,train,0.04056493565440178,0.09582813084125519,0.09603231400251389,0.0,0.0034625385887920856,0.0034625385887920856,0.0,2.4843826293945312,9.999999747378752e-05,0.05000000074505806,0.009999999776482582,0.05000000074505806,0.0010000000474974513,0.0010000000474974513,1.0,0.021161677315831184,0.0020748674869537354,0.0,0.0,0.0,0.0,0.0,0.0,0.0,0.0,-1.2485743761062622,-1.2485743761062622,1.0,-1.2485743761062622,-1.2485742568969727,-1.2316086292266846,0.0,-3.4767086505889893,2.746579647064209,1.0,0.021161677315831184,1.0,0.0,0.0,0.021161677315831184,0.0,0.0,0.0020748674869537354,0.0,0.10207487642765045,0.10483615100383759,0.0030626896768808365,0.8792294859886169,0.26664525270462036,0.0,0.0,0.0,0.0,0.0,0.0,0.0,0.0,1.0,0.0,0.0005092981737107038,0.33522671461105347,0.41572022438049316,0.06955909729003906,0.0,0.09603231400251389,0.09582813084125519,0.09582813084125519,0.11404706537723541,-0.024995524436235428,1.5807227748965147e-10,0.0,0.0,4.158720016479492,4.158720016479492,2.619434118270874,2.619434118270874,0.4845062494277954,0.0,0.0,0.0,0.0,0.10207486897706985,0.12299239635467529,7.49056380300317e-06,0.9934397339820862,0.26664525270462036,0.020756741985678673,2.58162784576416,2.613374710083008,2.619434118270874,2.6264352798461914,2.746579647064209,0.0,0.08933189511299133,1.0,1.4314295053482056,1.4619526863098145,1.4545865058898926,0.0,0.0022279496770352125,0.0017454258631914854,1.606979640200734e-05,0.0061400290578603745,0.00022279497352428734,0.0006140029290691018,0.0,0.002227949444204569,12.0,0.0,0.0,0.0,0.0,0.0,0.0,,,,,,,,,,,,,,,,,,,,,,0.0005
44,7320,train,0.05215313658118248,0.10389348864555359,0.1042700782418251,0.0,0.0032348011154681444,0.0032348011154681444,0.0,2.4665377140045166,9.999999747378752e-05,0.05000000074505806,0.009999999776482582,0.05000000074505806,0.0010000000474974513,0.0010000000474974513,1.0,0.020205829292535782,0.0025519952178001404,0.0,0.0,0.0,0.0,0.0,0.0,0.0,0.0,-1.2170920372009277,-1.2170920372009277,1.0,-1.2170920372009277,-1.2170920372009277,-1.2011666297912598,0.0,-3.441007137298584,2.7935502529144287,1.0,0.020205829292535782,1.0,0.0,0.0,0.020205829292535782,0.0,0.0,0.0025519952178001404,0.0,0.10255200415849686,0.1039850041270256,0.009101512841880322,0.9124966859817505,0.2708033621311188,0.0,0.0,0.0,0.0,0.0,0.0,0.0,0.0,1.0,0.0,0.000696983770467341,0.316722571849823,0.42184072732925415,0.0708288922905922,0.0,0.1042700782418251,0.10389348864555359,0.10389348864555359,0.11069170385599136,-0.03781312331557274,3.118542576951988e-11,0.0,0.0,4.088231563568115,4.088231563568115,2.655391216278076,2.655391216278076,0.4457440674304962,0.0,0.0,0.0,0.0,0.10255199670791626,0.12132961302995682,2.0863495592493564e-05,0.9878894686698914,0.2708033621311188,0.02093290537595749,2.6131865978240967,2.651031732559204,2.655391216278076,2.6721112728118896,2.7935502529144287,0.0,0.08364912867546082,1.0,1.566471815109253,1.5368942022323608,1.5516328811645508,0.0,0.0020939367823302746,0.0016353618120774627,4.258834451320581e-05,0.007397727575153112,0.0002093936927849427,0.0007397727458737791,0.0,0.0020939367823302746,12.0,0.0,0.0,0.0,0.0,0.0,0.0,,,,,,,,,,,,,,,,,,,,,,0.0005
44,7340,train,0.052936941385269165,0.1052323430776596,0.10540010035037994,0.0,0.003594162641093135,0.003594162641093135,0.0,2.4953858852386475,9.999999747378752e-05,0.05000000074505806,0.009999999776482582,0.05000000074505806,0.0010000000474974513,0.0010000000474974513,1.0,0.023830054327845573,0.013918645679950714,0.0,0.0,0.0,0.0,0.0,0.0,0.0,0.0,-1.2307069301605225,-1.2307069301605225,1.0,-1.2307069301605225,-1.230706810951233,-1.2090370655059814,0.0,-3.4601492881774902,2.806105613708496,1.0,0.023830054327845573,1.0,0.0,0.0,0.023830054327845573,0.0,0.0,0.013918645679950714,0.0,0.0860813558101654,0.09555637836456299,0.005209829192608595,0.8960853815078735,0.23861423134803772,0.0,0.0,0.0,0.0,0.0,0.0,0.0,0.0,1.0,0.0,0.00031853406107984483,0.3446276783943176,0.4245651364326477,0.06900008767843246,0.0,0.10540010035037994,0.1052323430776596,0.1052323430776596,0.11203055083751678,-0.036352187395095825,5.686391982284711e-11,0.0,0.0,4.341701507568359,4.341701507568359,2.6529335975646973,2.6529335975646973,0.480678528547287,0.0,0.0,0.0,0.0,0.0860813558101654,0.11119401454925537,7.282212209247518e-06,0.9842664003372192,0.23861423134803772,0.01705729216337204,2.547764301300049,2.6527111530303955,2.6529335975646973,2.6529204845428467,2.806105613708496,0.0,0.086476631462574,1.0,1.432638168334961,1.455120325088501,1.452638030052185,0.0,0.002318829530850053,0.0018096946878358722,1.337789035460446e-05,0.007152732461690903,0.00023188292107079178,0.0007152732578106225,0.0,0.002318829298019409,12.0,0.0,0.0,0.0,0.0,0.0,0.0,,,,,,,,,,,,,,,,,,,,,,0.0005
44,7348,train_epoch,0.04885821432589057,0.10188737574094783,0.10224958228136966,0.0,0.0034985429088691036,0.0034985429088691036,0.0,2.474024782637636,9.999999747378752e-05,0.05000000074505806,0.009999999776482582,0.05000000074505806,0.0010000000474974513,0.0010000000474974513,1.0,0.02246698830834406,0.004798289990710641,0.0,0.0,0.0,0.0,0.0,0.0,0.0,0.0,-1.232144534230946,-1.232144534230946,1.0,-1.232144534230946,-1.2321445349447742,-1.2123447949300983,0.0,-3.4565019150693974,2.7720437777970366,1.0,0.02246698830834406,1.0,0.0,0.0,0.02246698830834406,0.0,0.0,0.004798289990710641,0.0,0.09924427013911173,0.1042866103663416,0.005055907266047186,0.8988097317204504,0.26149352912060514,0.0,0.0,0.0,0.0,0.0,0.0,0.0,0.0,1.0,0.0,0.0007639966631963644,0.33261673482592236,0.42110609490714385,0.07060112621255978,0.0,0.10224958228136966,0.10188737574094783,0.10188737574094783,0.11152446497521715,-0.03565167993150964,1.218583570924398e-11,0.0,0.0,4.230596108350925,4.230596125482799,2.638448923647761,2.638448923647761,0.4715165531563902,0.0,0.0,0.0,0.0,0.09924426786378472,0.12192836497536676,2.1542745132503745e-05,0.9887540029908368,0.26149352912060514,0.020854798887304203,2.5675514072715164,2.6364676167151173,2.638448923647761,2.6327505611373994,2.7720437777970366,0.0,0.08946127315124351,1.0,1.4697716079072325,1.469389383664388,1.4700641068155893,0.0,0.0031651546516383213,0.0020663679652696775,8.119921204565036e-05,0.008484949137524752,0.00031651547133314706,0.0008484949274155908,0.0,0.0031651546453644415,12.0,0.0,0.0,0.0,0.0,0.0,0.0,,,,,,,,,,,,,,,,,,,,,,0.0005
44,7348,val,,,,,,,,,,,,,,,,,,,,,,,,,,,,,,,,,,,,,,,,,,,,,,,,,,,,,,,,,,,,,,,,,,,,,,,,,,,,,,,,,,,,,,,,,,,,,,,,,,,,,,,,,,,,,,,,,,,15.16061920779092,629.186801637922,25.08359626604451,10.876570250306811,6.92392293044499,14.19182515995843,23.286767439299997,9.920797339507512,6.462330860751016,15.092864717756,25.00404617808818,10.667918017932347,6.874388813972473,16.949239696775162,27.87837220345532,12.868985295295715,7.810491178716932,15.16061920779092,25.08359626604451,10.876570250306811,6.92392293044499,0.0005
45,7360,train,0.05932764708995819,0.10976476967334747,0.11011672765016556,0.0,0.0036619144957512617,0.0036619144957512617,0.0,2.477125883102417,9.999999747378752e-05,0.05000000074505806,0.009999999776482582,0.05000000074505806,0.0010000000474974513,0.0010000000474974513,1.0,0.021437019109725952,0.0034293755888938904,0.0,0.0,0.0,0.0,0.0,0.0,0.0,0.0,-1.2152690887451172,-1.2152690887451172,1.0,-1.2152690887451172,-1.2152690887451172,-1.1875483989715576,0.0,-3.42464542388916,2.796302556991577,1.0,0.021437019109725952,1.0,0.0,0.0,0.021437019109725952,0.0,0.0,0.0034293755888938904,0.0,0.09657062590122223,0.10381443798542023,0.007176640909165144,0.8985373377799988,0.25305140018463135,0.0,0.0,0.0,0.0,0.0,0.0,0.0,0.0,1.0,0.0,0.0006665363325737417,0.33870476484298706,0.42744016647338867,0.0707891583442688,0.0,0.11011672765016556,0.10976476967334747,0.10976476967334747,0.11944672465324402,-0.025331374257802963,3.397156167483928e-11,0.0,0.0,4.1883697509765625,4.1883697509765625,2.6511518955230713,2.6511518955230713,0.49433478713035583,0.0,0.0,0.0,0.0,0.09657062590122223,0.12369480729103088,2.071419203275582e-06,0.9920227527618408,0.25305140018463135,0.02119332179427147,2.5676944255828857,2.6507673263549805,2.6511518955230713,2.646312713623047,2.796302556991577,0.0,0.08980050683021545,1.0,1.4749643802642822,1.522732138633728,1.4923312664031982,0.0,0.0035195229575037956,0.0025111099239438772,4.234638254274614e-05,0.010152164846658707,0.00035195230157114565,0.0010152164613828063,0.0,0.0035195229575037956,12.0,0.0,0.0,0.0,0.0,0.0,0.0,,,,,,,,,,,,,,,,,,,,,,0.0005
45,7380,train,0.04540296643972397,0.09978213906288147,0.10008302330970764,0.0,0.003457694547250867,0.003457694547250867,0.0,2.5039491653442383,9.999999747378752e-05,0.05000000074505806,0.009999999776482582,0.05000000074505806,0.0010000000474974513,0.0010000000474974513,1.0,0.01984945498406887,0.00929684191942215,0.0,0.0,0.0,0.0,0.0,0.0,0.0,0.0,-1.2474700212478638,-1.2474700212478638,1.0,-1.2474700212478638,-1.2474699020385742,-1.226297378540039,0.0,-3.4922597408294678,2.7052531242370605,1.0,0.01984945498406887,1.0,0.0,0.0,0.01984945498406887,0.0,0.0,0.00929684191942215,0.0,0.10929685086011887,0.11190847307443619,0.0038090883754193783,0.9274007081985474,0.27652406692504883,0.0,0.0,0.0,0.0,0.0,0.0,0.0,0.0,1.0,0.0,0.0005166537594050169,0.3372238278388977,0.41251087188720703,0.06836222112178802,0.0,0.10008302330970764,0.09978213906288147,0.09978213906288147,0.11587268859148026,-0.031429000198841095,-2.9875663054568236e-10,0.0,0.0,4.275022506713867,4.275022506713867,2.5937304496765137,2.5937304496765137,0.49992865324020386,0.0,0.0,0.0,0.0,0.10929684340953827,0.1306612640619278,1.7150159692391753e-05,0.9882424473762512,0.27652406692504883,0.024984681978821754,2.5239524841308594,2.5900580883026123,2.5937304496765137,2.5662386417388916,2.7052531242370605,0.0,0.08742054551839828,1.0,1.4717605113983154,1.44986891746521,1.4443655014038086,0.0,0.0027080182917416096,0.0018555335700511932,0.00015865673776715994,0.008900302462279797,0.00027080182917416096,0.0008900302345864475,0.0,0.0027080182917416096,12.0,0.0,0.0,0.0,0.0,0.0,0.0,,,,,,,,,,,,,,,,,,,,,,0.0005
45,7400,train,0.043247856199741364,0.09700322896242142,0.09704610705375671,0.0,0.0036487749312072992,0.0036487749312072992,0.0,2.491440773010254,9.999999747378752e-05,0.05000000074505806,0.009999999776482582,0.05000000074505806,0.0010000000474974513,0.0010000000474974513,1.0,0.020321374759078026,0.0002038031816482544,0.0,0.0,0.0,0.0,0.0,0.0,0.0,0.0,-1.2269450426101685,-1.2269450426101685,1.0,-1.2269450426101685,-1.2269450426101685,-1.2148113250732422,0.0,-3.444816827774048,2.7704269886016846,1.0,0.020321374759078026,1.0,0.0,0.0,0.020321374759078026,0.0,0.0,0.0002038031816482544,0.0,0.10020379722118378,0.10718556493520737,0.004598711151629686,0.9021905660629272,0.2646190822124481,0.0,0.0,0.0,0.0,0.0,0.0,0.0,0.0,1.0,0.0,0.0005795301985926926,0.3377900719642639,0.41720134019851685,0.0692407414317131,0.0,0.09704610705375671,0.09700322896242142,0.09700322896242142,0.11241946369409561,-0.034109871834516525,-1.7385121120483404e-11,0.0,0.0,4.306878566741943,4.306878566741943,2.614654541015625,2.614654541015625,0.479388028383255,0.0,0.0,0.0,0.0,0.10020380467176437,0.12372784316539764,5.821394006488845e-05,0.9938217401504517,0.2646190822124481,0.022503064945340157,2.5670790672302246,2.609694242477417,2.614654541015625,2.624699115753174,2.7704269886016846,0.0,0.09193865209817886,1.0,1.3967454433441162,1.4032630920410156,1.4356722831726074,0.0,0.003710975404828787,0.002249736338853836,0.0003452022501733154,0.009321148507297039,0.00037109755794517696,0.0009321148390881717,0.0,0.003710975870490074,12.0,0.0,0.0,0.0,0.0,0.0,0.0,,,,,,,,,,,,,,,,,,,,,,0.0005
45,7420,train,0.04244041070342064,0.09580174833536148,0.09607445448637009,0.0,0.0035186894237995148,0.0035186894237995148,0.0,2.4859769344329834,9.999999747378752e-05,0.05000000074505806,0.009999999776482582,0.05000000074505806,0.0010000000474974513,0.0010000000474974513,1.0,0.02231249213218689,0.010060399770736694,0.0,0.0,0.0,0.0,0.0,0.0,0.0,0.0,-1.2172188758850098,-1.2172188758850098,1.0,-1.2172188758850098,-1.2172188758850098,-1.1973152160644531,0.0,-3.4262688159942627,2.816652774810791,1.0,0.02231249213218689,1.0,0.0,0.0,0.02231249213218689,0.0,0.0,0.010060399770736694,0.0,0.08993960171937943,0.09898576885461807,0.004164997488260269,0.8932914137840271,0.24395032227039337,0.0,0.0,0.0,0.0,0.0,0.0,0.0,0.0,1.0,0.0,0.0005170709919184446,0.3411334753036499,0.425301730632782,0.06971216201782227,0.0,0.09607445448637009,0.09580174833536148,0.09580174833536148,0.1078013926744461,-0.02629677951335907,-1.0231557268092217e-10,0.0,0.0,4.358518600463867,4.358518600463867,2.6535656452178955,2.6535656452178955,0.4790034294128418,0.0,0.0,0.0,0.0,0.08993960171937943,0.1160966008901596,5.0513094720372465e-06,0.9924659729003906,0.24395032227039337,0.019087010994553566,2.5837583541870117,2.6504061222076416,2.6535656452178955,2.676105260848999,2.816652774810791,0.0,0.08726891875267029,1.0,1.49617600440979,1.4944801330566406,1.4900803565979004,0.0,0.002535693347454071,0.002062061568722129,1.2655505997827277e-05,0.008882718160748482,0.00025356930564157665,0.0008882718393579125,0.0,0.0025356931146234274,12.0,0.0,0.0,0.0,0.0,0.0,0.0,,,,,,,,,,,,,,,,,,,,,,0.0005
45,7440,train,0.049143992364406586,0.10215772688388824,0.10255275666713715,0.0,0.0034701968543231487,0.0034701968543231487,0.0,2.4835293292999268,9.999999747378752e-05,0.05000000074505806,0.009999999776482582,0.05000000074505806,0.0010000000474974513,0.0010000000474974513,1.0,0.024783361703157425,0.0009774193167686462,0.0,0.0,0.0,0.0,0.0,0.0,0.0,0.0,-1.2328652143478394,-1.2328652143478394,1.0,-1.2328652143478394,-1.2328652143478394,-1.213712453842163,0.0,-3.464479684829712,2.7463862895965576,1.0,0.024783361703157425,1.0,0.0,0.0,0.024783361703157425,0.0,0.0,0.0009774193167686462,0.0,0.09902257472276688,0.10363920778036118,0.004293821752071381,0.8955332636833191,0.25988495349884033,0.0,0.0,0.0,0.0,0.0,0.0,0.0,0.0,1.0,0.0,0.000755659828428179,0.33167824149131775,0.4268870949745178,0.07067856192588806,0.0,0.10255275666713715,0.10215772688388824,0.10215772688388824,0.1101682111620903,-0.027155349031090736,7.344991975744009e-11,0.0,0.0,4.144735336303711,4.144735336303711,2.6574909687042236,2.6574909687042236,0.4600345492362976,0.0,0.0,0.0,0.0,0.09902258217334747,0.12333961576223373,3.663828465505503e-05,0.9910020232200623,0.25988495349884033,0.021492036059498787,2.5706257820129395,2.6557347774505615,2.6574909687042236,2.614971876144409,2.7463862895965576,0.0,0.09027396142482758,1.0,1.5109614133834839,1.4842342138290405,1.495260238647461,0.0,0.002727071288973093,0.0016118830535560846,3.066011413466185e-05,0.006775001063942909,0.0002727071405388415,0.0006775000947527587,0.0,0.002727071288973093,12.0,0.0,0.0,0.0,0.0,0.0,0.0,,,,,,,,,,,,,,,,,,,,,,0.0005
45,7460,train,0.03644433617591858,0.09173621982336044,0.09202096611261368,0.0,0.003292327281087637,0.003292327281087637,0.0,2.4439406394958496,9.999999747378752e-05,0.05000000074505806,0.009999999776482582,0.05000000074505806,0.0010000000474974513,0.0010000000474974513,1.0,0.019767072051763535,0.0019491836428642273,0.0,0.0,0.0,0.0,0.0,0.0,0.0,0.0,-1.2354466915130615,-1.2354466915130615,1.0,-1.2354466915130615,-1.235446810722351,-1.2223224639892578,0.0,-3.4607880115509033,2.7693536281585693,1.0,0.019767072051763535,1.0,0.0,0.0,0.019767072051763535,0.0,0.0,0.0019491836428642273,0.0,0.09805081784725189,0.1040034219622612,0.006286106072366238,0.8846405744552612,0.26066386699676514,0.0,0.0,0.0,0.0,0.0,0.0,0.0,0.0,1.0,0.0,0.0005098601686768234,0.3219234347343445,0.41517335176467896,0.07250622659921646,0.0,0.09202096611261368,0.09173621982336044,0.09173621982336044,0.10294528305530548,-0.03363391011953354,6.779467959239227e-11,0.0,0.0,4.214334964752197,4.214334964752197,2.633774757385254,2.633774757385254,0.43056780099868774,0.0,0.0,0.0,0.0,0.09805081784725189,0.12112900614738464,2.5265771910198964e-05,0.9901164174079895,0.26066386699676514,0.020511643961071968,2.6083168983459473,2.6263442039489746,2.633774757385254,2.671024799346924,2.7693536281585693,0.0,0.08548803627490997,1.0,1.4725736379623413,1.444695234298706,1.4829216003417969,0.0,0.004491692874580622,0.0025992589071393013,0.00015605558292008936,0.010953951627016068,0.0004491692816372961,0.0010953951859846711,0.0,0.004491692874580622,12.0,0.0,0.0,0.0,0.0,0.0,0.0,,,,,,,,,,,,,,,,,,,,,,0.0005
45,7480,train,0.05240865796804428,0.1042063981294632,0.10460122674703598,0.0,0.003552163252606988,0.003552163252606988,0.0,2.4533679485321045,9.999999747378752e-05,0.05000000074505806,0.009999999776482582,0.05000000074505806,0.0010000000474974513,0.0010000000474974513,1.0,0.024798579514026642,0.010379694402217865,0.0,0.0,0.0,0.0,0.0,0.0,0.0,0.0,-1.2196017503738403,-1.2196017503738403,1.0,-1.2196017503738403,-1.2196018695831299,-1.1979066133499146,0.0,-3.426731824874878,2.8026204109191895,1.0,0.024798579514026642,1.0,0.0,0.0,0.024798579514026642,0.0,0.0,0.010379694402217865,0.0,0.08962030708789825,0.09574546664953232,0.006166301667690277,0.9096207618713379,0.2478155493736267,0.0,0.0,0.0,0.0,0.0,0.0,0.0,0.0,1.0,0.0,0.0005858690710738301,0.3437149226665497,0.4226057231426239,0.07207205146551132,0.0,0.10460122674703598,0.1042063981294632,0.1042063981294632,0.10415322333574295,-0.036485522985458374,-3.456663427714446e-11,0.0,0.0,4.164000988006592,4.164000988006592,2.639191150665283,2.639191150665283,0.4314143657684326,0.0,0.0,0.0,0.0,0.08962030708789825,0.11168860644102097,3.208200723747723e-05,0.9871335029602051,0.2478155493736267,0.017233457416296005,2.5544652938842773,2.6384856700897217,2.639191150665283,2.656893253326416,2.8026204109191895,0.0,0.08858112245798111,1.0,1.4941189289093018,1.4672502279281616,1.4777226448059082,0.0,0.0022656284272670746,0.0016684475122019649,3.3751450246199965e-05,0.00852983072400093,0.0002265628572786227,0.0008529830956831574,0.0,0.0022656284272670746,12.0,0.0,0.0,0.0,0.0,0.0,0.0,,,,,,,,,,,,,,,,,,,,,,0.0005
45,7500,train,0.053295478224754333,0.10507316142320633,0.10545119643211365,0.0,0.0035256987903267145,0.0035256987903267145,0.0,2.4855551719665527,9.999999747378752e-05,0.05000000074505806,0.009999999776482582,0.05000000074505806,0.0010000000474974513,0.0010000000474974513,1.0,0.020543182268738747,0.0024957209825515747,0.0,0.0,0.0,0.0,0.0,0.0,0.0,0.0,-1.221929907798767,-1.221929907798767,1.0,-1.221929907798767,-1.2219300270080566,-1.2040873765945435,0.0,-3.442192554473877,2.810163974761963,1.0,0.020543182268738747,1.0,0.0,0.0,0.020543182268738747,0.0,0.0,0.0024957209825515747,0.0,0.09750427305698395,0.10527266561985016,0.006153561174869537,0.881910502910614,0.2573602497577667,0.0,0.0,0.0,0.0,0.0,0.0,0.0,0.0,1.0,0.0,0.0007208361057564616,0.3391111195087433,0.42256301641464233,0.06952013820409775,0.0,0.10545119643211365,0.10507316142320633,0.10507316142320633,0.1048690602183342,-0.02977786958217621,2.42549626217059e-11,0.0,0.0,4.171670913696289,4.171670913696289,2.627176523208618,2.627176523208618,0.4303339421749115,0.0,0.0,0.0,0.0,0.09750428050756454,0.12152233719825745,5.359569695428945e-05,0.9842691421508789,0.2573602497577667,0.020128678530454636,2.522759437561035,2.6262998580932617,2.627176523208618,2.6631691455841064,2.810163974761963,0.0,0.0843682661652565,1.0,1.4499320983886719,1.4324958324432373,1.4592889547348022,0.0,0.0015976130962371826,0.001222441322170198,1.4120237210590858e-06,0.006112373434007168,0.00015976131544448435,0.0006112373666837811,0.0,0.0015976130962371826,12.0,0.0,0.0,0.0,0.0,0.0,0.0,,,,,,,,,,,,,,,,,,,,,,0.0005
45,7515,train_epoch,0.048733172659388556,0.10164902626932738,0.10201983269817101,0.0,0.0035135546450999504,0.0035135546450999504,0.0,2.478704502482614,9.999999747378752e-05,0.05000000074505806,0.009999999776482582,0.05000000074505806,0.0010000000474974513,0.0010000000474974513,1.0,0.022122044752011755,0.005499659942652651,0.0,0.0,0.0,0.0,0.0,0.0,0.0,0.0,-1.2295164983429594,-1.2295164983429594,1.0,-1.2295164983429594,-1.2295164933461629,-1.209443563472725,0.0,-3.4515825317291444,2.77300260166922,1.0,0.022122044752011755,1.0,0.0,0.0,0.022122044752011755,0.0,0.0,0.005499659942652651,0.0,0.10066187801118383,0.10595800500073119,0.005331345026598809,0.9005940991961313,0.26332172305284146,0.0,0.0,0.0,0.0,0.0,0.0,0.0,0.0,1.0,0.0,0.0007934704949956633,0.3340372484244272,0.4215836958613938,0.07033224466318141,0.0,0.10201983269817101,0.10164902626932738,0.10164902626932738,0.11135603139500418,-0.03560014081349273,1.3976395312581873e-11,0.0,0.0,4.237067596641129,4.237067602351754,2.6413734116240177,2.6413734116240177,0.471460003160431,0.0,0.0,0.0,0.0,0.10066187631584213,0.12377462576249403,2.434734772136808e-05,0.9899785440125152,0.26332172305284146,0.02172796082443106,2.5696438543810816,2.639112473961836,2.6413734116240177,2.635132347038406,2.77300260166922,0.0,0.09006538871162666,1.0,1.4683574802147414,1.4681571764860324,1.4684701879581292,0.0,0.0029340366439748844,0.0019731673873503676,9.014031657043125e-05,0.008196591803926729,0.0002934036675867106,0.0008196591962167915,0.0,0.0029340366488545687,12.0,0.0,0.0,0.0,0.0,0.0,0.0,,,,,,,,,,,,,,,,,,,,,,0.0005
45,7515,val,,,,,,,,,,,,,,,,,,,,,,,,,,,,,,,,,,,,,,,,,,,,,,,,,,,,,,,,,,,,,,,,,,,,,,,,,,,,,,,,,,,,,,,,,,,,,,,,,,,,,,,,,,,,,,,,,,,15.142053280557905,626.7339755467007,25.03465549087306,11.325405486992427,6.889216235705784,14.260763330118996,23.17599003629265,11.619562310831887,6.515195727348328,15.145256911005292,25.060029264456254,11.634703491415296,6.893115827015468,16.814763290541514,27.82076416677375,12.306636725153242,7.658682269709451,15.142053280557905,25.03465549087306,11.325405486992427,6.889216235705784,0.0005
46,7520,train,0.05055505782365799,0.10246854275465012,0.10271289944648743,0.0,0.0037513719871640205,0.0037513719871640205,0.0,2.480548858642578,9.999999747378752e-05,0.05000000074505806,0.009999999776482582,0.05000000074505806,0.0010000000474974513,0.0010000000474974513,1.0,0.024577192962169647,0.0038501471281051636,0.0,0.0,0.0,0.0,0.0,0.0,0.0,0.0,-1.2153353691101074,-1.2153353691101074,1.0,-1.2153353691101074,-1.2153352499008179,-1.194279432296753,0.0,-3.428541660308838,2.810927629470825,1.0,0.024577192962169647,1.0,0.0,0.0,0.024577192962169647,0.0,0.0,0.0038501471281051636,0.0,0.09614985436201096,0.10484544932842255,0.0034896607976406813,0.895997166633606,0.25342047214508057,0.0,0.0,0.0,0.0,0.0,0.0,0.0,0.0,1.0,0.0,0.0007725203759036958,0.3487796187400818,0.4202726185321808,0.07015176117420197,0.0,0.10271289944648743,0.10246854275465012,0.10246854275465012,0.1108427420258522,-0.03325619176030159,1.5244795703583947e-10,0.0,0.0,4.382538318634033,4.382538318634033,2.6058526039123535,2.6058526039123535,0.48805534839630127,0.0,0.0,0.0,0.0,0.09614985436201096,0.12253853678703308,5.004749255022034e-06,0.990620493888855,0.25342047214508057,0.021009499207139015,2.520268440246582,2.6044328212738037,2.6058526039123535,2.66357159614563,2.810927629470825,0.0,0.09394867718219757,1.0,1.4139991998672485,1.4274377822875977,1.4502065181732178,0.0,0.002851292258128524,0.001733669312670827,4.39513023593463e-05,0.0076688556000590324,0.0002851292083505541,0.0007668855832889676,0.0,0.0028512924909591675,12.0,0.0,0.0,0.0,0.0,0.0,0.0,,,,,,,,,,,,,,,,,,,,,,0.0005
46,7540,train,0.05154905840754509,0.10332553088665009,0.103693388402462,0.0,0.003610959742218256,0.003610959742218256,0.0,2.470717430114746,9.999999747378752e-05,0.05000000074505806,0.009999999776482582,0.05000000074505806,0.0010000000474974513,0.0010000000474974513,1.0,0.02386651560664177,0.00044661015272140503,0.0,0.0,0.0,0.0,0.0,0.0,0.0,0.0,-1.2161180973052979,-1.2161180973052979,1.0,-1.2161180973052979,-1.2161182165145874,-1.1958931684494019,0.0,-3.4297285079956055,2.7770094871520996,1.0,0.02386651560664177,1.0,0.0,0.0,0.02386651560664177,0.0,0.0,0.00044661015272140503,0.0,0.09955339878797531,0.10963746160268784,0.004641903564333916,0.926622748374939,0.25717049837112427,0.0,0.0,0.0,0.0,0.0,0.0,0.0,0.0,1.0,0.0,0.0007751717930659652,0.33266013860702515,0.4284438490867615,0.07137801498174667,0.0,0.103693388402462,0.10332553088665009,0.10332553088665009,0.11328689754009247,-0.026315482333302498,-1.2430398377283325e-10,0.0,0.0,4.205295562744141,4.205295562744141,2.674978256225586,2.674978256225586,0.4799743890762329,0.0,0.0,0.0,0.0,0.09955339133739471,0.12834793329238892,9.915831469697878e-06,0.9934386610984802,0.25717049837112427,0.023874081671237946,2.5678281784057617,2.6762075424194336,2.674978256225586,2.6395182609558105,2.7770094871520996,0.0,0.0898827537894249,1.0,1.5033354759216309,1.476019263267517,1.4787747859954834,0.0,0.00463684881106019,0.0027524817269295454,0.00064239208586514,0.010153872892260551,0.00046368487528525293,0.0010153873590752482,0.0,0.00463684881106019,12.0,0.0,0.0,0.0,0.0,0.0,0.0,,,,,,,,,,,,,,,,,,,,,,0.0005
46,7560,train,0.04590332508087158,0.09815709292888641,0.09870795905590057,0.0,0.0036133944522589445,0.0036133944522589445,0.0,2.4798882007598877,9.999999747378752e-05,0.05000000074505806,0.009999999776482582,0.05000000074505806,0.0010000000474974513,0.0010000000474974513,1.0,0.02398226037621498,0.001852378249168396,0.0,0.0,0.0,0.0,0.0,0.0,0.0,0.0,-1.2074975967407227,-1.2074975967407227,1.0,-1.2074975967407227,-1.2074975967407227,-1.1885032653808594,0.0,-3.408888816833496,2.8105051517486572,1.0,0.02398226037621498,1.0,0.0,0.0,0.02398226037621498,0.0,0.0,0.001852378249168396,0.0,0.10185237973928452,0.10721040517091751,0.0030486048199236393,0.9085110425949097,0.263839453458786,0.0,0.0,0.0,0.0,0.0,0.0,0.0,0.0,1.0,0.0,0.0009016473195515573,0.34306856989860535,0.42483922839164734,0.07041412591934204,0.0,0.09870795905590057,0.09815709292888641,0.09815709292888641,0.10632456839084625,-0.0243325624614954,5.027278072999852e-12,0.0,0.0,4.256384372711182,4.256384372711182,2.6493449211120605,2.6493449211120605,0.45797649025917053,0.0,0.0,0.0,0.0,0.10185237973928452,0.12580661475658417,2.3150092602008954e-05,0.9863976836204529,0.263839453458786,0.0221354179084301,2.561326503753662,2.6480321884155273,2.6493449211120605,2.659533739089966,2.8105051517486572,0.0,0.08949512988328934,1.0,1.5613884925842285,1.4576823711395264,1.4860725402832031,0.0,0.003776459489017725,0.0022245750296860933,7.120701775420457e-05,0.010801265016198158,0.0003776459489017725,0.0010801265016198158,0.0,0.003776459489017725,12.0,0.0,0.0,0.0,0.0,0.0,0.0,,,,,,,,,,,,,,,,,,,,,,0.0005
46,7580,train,0.04687568172812462,0.10055465996265411,0.10079923272132874,0.0,0.0033639827743172646,0.0033639827743172646,0.0,2.477407217025757,9.999999747378752e-05,0.05000000074505806,0.009999999776482582,0.05000000074505806,0.0010000000474974513,0.0010000000474974513,1.0,0.021922780200839043,0.0032702311873435974,0.0,0.0,0.0,0.0,0.0,0.0,0.0,0.0,-1.2379993200302124,-1.2379993200302124,1.0,-1.2379993200302124,-1.2379993200302124,-1.2168563604354858,0.0,-3.4717113971710205,2.7579774856567383,1.0,0.021922780200839043,1.0,0.0,0.0,0.021922780200839043,0.0,0.0,0.0032702311873435974,0.0,0.10327023267745972,0.10579165816307068,0.004642943851649761,0.8844243884086609,0.2691935896873474,0.0,0.0,0.0,0.0,0.0,0.0,0.0,0.0,1.0,0.0,0.00042598508298397064,0.330888569355011,0.4184071123600006,0.07027317583560944,0.0,0.10079923272132874,0.10055465996265411,0.10055465996265411,0.1109887957572937,-0.03795033320784569,2.844944002600158e-10,0.0,0.0,4.216911315917969,4.216911315917969,2.644610643386841,2.644610643386841,0.46912693977355957,0.0,0.0,0.0,0.0,0.10327023267745972,0.12434075027704239,1.515035819465993e-05,0.98707515001297,0.2691935896873474,0.022127758711576462,2.590458393096924,2.6412525177001953,2.644610643386841,2.6414434909820557,2.7579774856567383,0.0,0.08541392534971237,1.0,1.5857818126678467,1.479198932647705,1.4624440670013428,0.0,0.0015611322596669197,0.00120107876136899,0.000102332815004047,0.004600818268954754,0.00015611323760822415,0.0004600818210747093,0.0,0.0015611323760822415,12.0,0.0,0.0,0.0,0.0,0.0,0.0,,,,,,,,,,,,,,,,,,,,,,0.0005
46,7600,train,0.05723721161484718,0.10784463584423065,0.10826902091503143,0.0,0.0036667841486632824,0.0036667841486632824,0.0,2.4772682189941406,9.999999747378752e-05,0.05000000074505806,0.009999999776482582,0.05000000074505806,0.0010000000474974513,0.0010000000474974513,1.0,0.023329146206378937,0.0009783655405044556,0.0,0.0,0.0,0.0,0.0,0.0,0.0,0.0,-1.2119433879852295,-1.2119433879852295,1.0,-1.2119433879852295,-1.2119433879852295,-1.1869407892227173,0.0,-3.424717426300049,2.806858777999878,1.0,0.023329146206378937,1.0,0.0,0.0,0.023329146206378937,0.0,0.0,0.0009783655405044556,0.0,0.09902164340019226,0.10702614486217499,0.006315961480140686,0.9403623342514038,0.2591358423233032,0.0,0.0,0.0,0.0,0.0,0.0,0.0,0.0,1.0,0.0,0.0011268474627286196,0.3456268608570099,0.43225640058517456,0.07058602571487427,0.0,0.10826902091503143,0.10784463584423065,0.10784463584423065,0.10920264571905136,-0.022390227764844894,9.394401229156912e-11,0.0,0.0,4.4083380699157715,4.4083380699157715,2.694571018218994,2.694571018218994,0.4848533272743225,0.0,0.0,0.0,0.0,0.09902163594961166,0.12426929175853729,8.706947483005933e-06,0.9926141500473022,0.2591358423233032,0.021752452477812767,2.5720815658569336,2.693453788757324,2.694571018218994,2.6598496437072754,2.806858777999878,0.0,0.09003275632858276,1.0,1.498181939125061,1.4570989608764648,1.438215732574463,0.0,0.0027739331126213074,0.002349355025216937,4.351961615611799e-05,0.010612515732645988,0.0002773933520074934,0.0010612516198307276,0.0,0.002773933345451951,12.0,0.0,0.0,0.0,0.0,0.0,0.0,,,,,,,,,,,,,,,,,,,,,,0.0005
46,7620,train,0.05476415157318115,0.10734507441520691,0.10773370414972305,0.0,0.0035285132471472025,0.0035285132471472025,0.0,2.4575564861297607,9.999999747378752e-05,0.05000000074505806,0.009999999776482582,0.05000000074505806,0.0010000000474974513,0.0010000000474974513,1.0,0.023107200860977173,0.00272175669670105,0.0,0.0,0.0,0.0,0.0,0.0,0.0,0.0,-1.2429279088974,-1.2429279088974,1.0,-1.2429279088974,-1.2429279088974,-1.2217655181884766,0.0,-3.4781439304351807,2.736177444458008,1.0,0.023107200860977173,1.0,0.0,0.0,0.023107200860977173,0.0,0.0,0.00272175669670105,0.0,0.10272175818681717,0.10714513808488846,0.005638222210109234,0.910621166229248,0.2673355042934418,0.0,0.0,0.0,0.0,0.0,0.0,0.0,0.0,1.0,0.0,0.000672310939989984,0.335205614566803,0.41742074489593506,0.07197613269090652,0.0,0.10773370414972305,0.10734507441520691,0.10734507441520691,0.110508494079113,-0.04877335578203201,9.822612168086664e-11,0.0,0.0,4.234866142272949,4.234866142272949,2.629565477371216,2.629565477371216,0.4692319929599762,0.0,0.0,0.0,0.0,0.10272175818681717,0.12526027858257294,7.042309880489483e-05,0.9842419028282166,0.2673355042934418,0.022472428157925606,2.5519323348999023,2.628856658935547,2.629565477371216,2.6241729259490967,2.736177444458008,0.0,0.08963686972856522,1.0,1.4303195476531982,1.4478397369384766,1.4421370029449463,0.0,0.002415604889392853,0.0018864693120121956,7.354922126978636e-05,0.01089687179774046,0.00024156049767043442,0.0010896872263401747,0.0,0.002415604889392853,12.0,0.0,0.0,0.0,0.0,0.0,0.0,,,,,,,,,,,,,,,,,,,,,,0.0005
46,7640,train,0.05385230481624603,0.10495734214782715,0.10505907982587814,0.0,0.00350798643194139,0.00350798643194139,0.0,2.4641482830047607,9.999999747378752e-05,0.05000000074505806,0.009999999776482582,0.05000000074505806,0.0010000000474974513,0.0010000000474974513,1.0,0.02304006926715374,0.0010956600308418274,0.0,0.0,0.0,0.0,0.0,0.0,0.0,0.0,-1.2093799114227295,-1.2093799114227295,1.0,-1.2093799114227295,-1.2093799114227295,-1.1923493146896362,0.0,-3.4018306732177734,2.834861993789673,1.0,0.02304006926715374,1.0,0.0,0.0,0.02304006926715374,0.0,0.0,0.0010956600308418274,0.0,0.10109566152095795,0.10780183970928192,0.00487089715898037,0.8846502304077148,0.2642586827278137,0.0,0.0,0.0,0.0,0.0,0.0,0.0,0.0,1.0,0.0,0.00029762781923636794,0.33864209055900574,0.4221055209636688,0.07126248627901077,0.0,0.10505907982587814,0.10495734214782715,0.10495734214782715,0.11044583469629288,-0.04240632429718971,-1.7270747332265302e-10,0.0,0.0,4.286998748779297,4.286998748779297,2.6424152851104736,2.6424152851104736,0.48129308223724365,0.0,0.0,0.0,0.0,0.10109566152095795,0.12471037358045578,1.3086509170534555e-05,0.9876036047935486,0.2642586827278137,0.022740503773093224,2.5687315464019775,2.639683246612549,2.6424152851104736,2.6716527938842773,2.834861993789673,0.0,0.08534955233335495,1.0,1.4210299253463745,1.4325164556503296,1.4613661766052246,0.0,0.0029857109766453505,0.002127851825207472,1.6603118638158776e-05,0.00698609184473753,0.0002985710743814707,0.0006986092193983495,0.0,0.002985710743814707,12.0,0.0,0.0,0.0,0.0,0.0,0.0,,,,,,,,,,,,,,,,,,,,,,0.0005
46,7660,train,0.05272984877228737,0.1055941954255104,0.1059320792555809,0.0,0.0035575800575315952,0.0035575800575315952,0.0,2.481238603591919,9.999999747378752e-05,0.05000000074505806,0.009999999776482582,0.05000000074505806,0.0010000000474974513,0.0010000000474974513,1.0,0.021190866827964783,0.0026661083102226257,0.0,0.0,0.0,0.0,0.0,0.0,0.0,0.0,-1.2416770458221436,-1.2416770458221436,1.0,-1.2416770458221436,-1.2416770458221436,-1.2210160493850708,0.0,-3.483426332473755,2.715336561203003,1.0,0.021190866827964783,1.0,0.0,0.0,0.021190866827964783,0.0,0.0,0.0026661083102226257,0.0,0.10266610980033875,0.11193845421075821,0.0051456051878631115,0.9246370792388916,0.26365572214126587,0.0,0.0,0.0,0.0,0.0,0.0,0.0,0.0,1.0,0.0,0.0007907049148343503,0.33332961797714233,0.41965416073799133,0.06981247663497925,0.0,0.1059320792555809,0.1055941954255104,0.1055941954255104,0.11930940300226212,-0.046146467328071594,-3.405355442076541e-10,0.0,0.0,4.148223876953125,4.148224353790283,2.6347603797912598,2.6347603797912598,0.4973240792751312,0.0,0.0,0.0,0.0,0.10266610980033875,0.12941941618919373,3.4518354368628934e-05,0.997370719909668,0.26365572214126587,0.023897061124444008,2.5702056884765625,2.6314170360565186,2.6347603797912598,2.6076292991638184,2.715336561203003,0.0,0.09647814929485321,1.0,1.4932492971420288,1.469572901725769,1.4659894704818726,0.0,0.0027756369672715664,0.0018853222718462348,1.2144119864387903e-05,0.007710329256951809,0.00027756369672715664,0.0007710329373367131,0.0,0.0027756369672715664,12.0,0.0,0.0,0.0,0.0,0.0,0.0,,,,,,,,,,,,,,,,,,,,,,0.0005
46,7680,train,0.046627823263406754,0.09925231337547302,0.09973316639661789,0.0,0.0034875094424933195,0.0034875094424933195,0.0,2.451261520385742,9.999999747378752e-05,0.05000000074505806,0.009999999776482582,0.05000000074505806,0.0010000000474974513,0.0010000000474974513,1.0,0.022127287462353706,0.0017350316047668457,0.0,0.0,0.0,0.0,0.0,0.0,0.0,0.0,-1.2169082164764404,-1.2169082164764404,1.0,-1.2169082164764404,-1.2169080972671509,-1.1978960037231445,0.0,-3.4232735633850098,2.809659957885742,1.0,0.022127287462353706,1.0,0.0,0.0,0.022127287462353706,0.0,0.0,0.0017350316047668457,0.0,0.10173503309488297,0.10719384253025055,0.006302977912127972,0.9237896800041199,0.26601532101631165,0.0,0.0,0.0,0.0,0.0,0.0,0.0,0.0,1.0,0.0,0.0008681563776917756,0.3340833783149719,0.42537084221839905,0.07225561887025833,0.0,0.09973316639661789,0.09925231337547302,0.09925231337547302,0.10292302817106247,-0.013859507627785206,-5.124717317173122e-11,0.0,0.0,4.147862911224365,4.147862911224365,2.679194450378418,2.679194450378418,0.42317360639572144,0.0,0.0,0.0,0.0,0.10173503309488297,0.12412045896053314,8.367309419554658e-06,0.9905145168304443,0.26601532101631165,0.021790748462080956,2.600020408630371,2.675373077392578,2.679194450378418,2.6768789291381836,2.809659957885742,0.0,0.08869969844818115,1.0,1.437326431274414,1.4574388265609741,1.458197832107544,0.0,0.0025259617250412703,0.0019203807460144162,3.7356821849243715e-05,0.008983778767287731,0.00025259616086259484,0.0008983779116533697,0.0,0.0025259614922106266,12.0,0.0,0.0,0.0,0.0,0.0,0.0,,,,,,,,,,,,,,,,,,,,,,0.0005
46,7682,train_epoch,0.0492251022177899,0.10181235053582106,0.10217622689858168,0.0,0.0035245107308387045,0.0035245107308387045,0.0,2.46933754761062,9.999999747378752e-05,0.05000000074505806,0.009999999776482582,0.05000000074505806,0.0010000000474974513,0.0010000000474974513,1.0,0.02198137088628586,0.00561839583034287,0.0,0.0,0.0,0.0,0.0,0.0,0.0,0.0,-1.224554208938233,-1.224554208938233,1.0,-1.224554208938233,-1.2245541975169838,-1.2045313312621888,0.0,-3.4421322374286767,2.7775506530693193,1.0,0.02198137088628586,1.0,0.0,0.0,0.02198137088628586,0.0,0.0,0.00561839583034287,0.0,0.09955522101260945,0.10618987982858441,0.005082686674295964,0.9015747069598672,0.26075733975022136,0.0,0.0,0.0,0.0,0.0,0.0,0.0,0.0,1.0,0.0,0.0007801181134840328,0.3352692423466437,0.42217175707131804,0.07095848412035469,0.0,0.10217622689858168,0.10181235053582106,0.10181235053582106,0.11051245644956292,-0.03322506151134204,1.487183267641845e-11,0.0,0.0,4.238994232908694,4.238994230053382,2.6476552971822773,2.6476552971822773,0.46768685568592505,0.0,0.0,0.0,0.0,0.09955521878189669,0.12378448479903673,2.1780848807063744e-05,0.9902183167234866,0.26075733975022136,0.02176914675283932,2.5754483160144557,2.6449312664077667,2.6476552971822773,2.6426637115592726,2.7775506530693193,0.0,0.08971880916171446,1.0,1.464711915233178,1.464459038780121,1.4650242064527408,0.0,0.0031554187957509726,0.002089193495113157,8.348966532189152e-05,0.008561610587186621,0.0003155418868597686,0.0008561610753792979,0.0,0.0031554188117842207,12.0,0.0,0.0,0.0,0.0,0.0,0.0,,,,,,,,,,,,,,,,,,,,,,0.0005
46,7682,val,,,,,,,,,,,,,,,,,,,,,,,,,,,,,,,,,,,,,,,,,,,,,,,,,,,,,,,,,,,,,,,,,,,,,,,,,,,,,,,,,,,,,,,,,,,,,,,,,,,,,,,,,,,,,,,,,,,14.989822719778333,623.7290461403983,24.974567987062326,10.731341327939715,6.811725343976702,14.101362253938403,23.20560589509561,9.7363549385752,6.399894944259098,14.957267539841789,24.98611949323185,10.626495293208531,6.792476960590908,16.639006001608713,27.788601233255505,12.643644060407366,7.590470169271741,14.989822719778333,24.974567987062326,10.731341327939715,6.811725343976702,0.0005
46,7682,test,,,,,,,,,,,,,,,,,,,,,,,,,,,,,,,,,,,,,,,,,,,,,,,,,,,,,,,,,,,,,,,,,,,,,,,,,,,,,,,,,,,,,,,,,,,,,,,,,,,,,,,,,,,,,,,,,,,27.698003683771407,1822.7709492274694,42.69392168948022,27.705757669040135,12.808938877923149,20.67432647092002,31.094647966222308,20.234708956309728,9.55995821101325,27.320296713284083,41.10398967420228,27.58567990575518,12.641306127820696,37.1652615070343,55.26529589875923,38.38704626900809,17.24830056939806,27.698003683771407,42.69392168948022,27.705757669040135,12.808938877923149,0.0005
47,7700,train,0.051441315561532974,0.10432030260562897,0.10452142357826233,0.0,0.003498207777738571,0.003498207777738571,0.0,2.4869749546051025,9.999999747378752e-05,0.05000000074505806,0.009999999776482582,0.05000000074505806,0.0010000000474974513,0.0010000000474974513,1.0,0.02201942726969719,0.005952455103397369,0.0,0.0,0.0,0.0,0.0,0.0,0.0,0.0,-1.2372475862503052,-1.2372475862503052,1.0,-1.2372475862503052,-1.2372477054595947,-1.2181426286697388,0.0,-3.4594016075134277,2.7601494789123535,1.0,0.02201942726969719,1.0,0.0,0.0,0.02201942726969719,0.0,0.0,0.005952455103397369,0.0,0.10595244914293289,0.10766398906707764,0.006270842161029577,0.8718697428703308,0.2758338749408722,0.0,0.0,0.0,0.0,0.0,0.0,0.0,0.0,1.0,0.0,0.0005784898530691862,0.3326965272426605,0.41978517174720764,0.06898626685142517,0.0,0.10452142357826233,0.10432030260562897,0.10432030260562897,0.11462374776601791,-0.04957035556435585,-2.0954131485506622e-10,0.0,0.0,4.263334274291992,4.263334274291992,2.6578338146209717,2.6578338146209717,0.48513656854629517,0.0,0.0,0.0,0.0,0.10595245659351349,0.12516510486602783,2.713963476708159e-05,0.9883391857147217,0.2758338749408722,0.022533701732754707,2.5948429107666016,2.651796579360962,2.6578338146209717,2.6440813541412354,2.7601494789123535,0.0,0.08849146217107773,1.0,1.4880036115646362,1.4891374111175537,1.4590044021606445,0.0,0.003092673607170582,0.0017331951530650258,7.065368845360354e-05,0.007376716006547213,0.0003092674305662513,0.0007376716239377856,0.0,0.003092674072831869,12.0,0.0,0.0,0.0,0.0,0.0,0.0,,,,,,,,,,,,,,,,,,,,,,0.0005
47,7720,train,0.05294470861554146,0.10446393489837646,0.10491114109754562,0.0,0.003592001972720027,0.003592001972720027,0.0,2.4693408012390137,9.999999747378752e-05,0.05000000074505806,0.009999999776482582,0.05000000074505806,0.0010000000474974513,0.0010000000474974513,1.0,0.022900767624378204,0.005472660064697266,0.0,0.0,0.0,0.0,0.0,0.0,0.0,0.0,-1.2159394025802612,-1.2159394025802612,1.0,-1.2159394025802612,-1.2159394025802612,-1.1920536756515503,0.0,-3.4251508712768555,2.7937238216400146,1.0,0.022900767624378204,1.0,0.0,0.0,0.022900767624378204,0.0,0.0,0.005472660064697266,0.0,0.10547266155481339,0.1071644052863121,0.005589834414422512,0.9118480086326599,0.27267637848854065,0.0,0.0,0.0,0.0,0.0,0.0,0.0,0.0,1.0,0.0,0.0008980865823104978,0.34378546476364136,0.42260169982910156,0.07068408280611038,0.0,0.10491114109754562,0.10446393489837646,0.10446393489837646,0.10873869061470032,-0.04446890205144882,1.3640889633126374e-11,0.0,0.0,4.237267017364502,4.237267017364502,2.629377603530884,2.629377603530884,0.45375484228134155,0.0,0.0,0.0,0.0,0.10547266155481339,0.1259402185678482,1.3457693967211526e-05,0.993847668170929,0.27267637848854065,0.022633273154497147,2.5300614833831787,2.6302411556243896,2.629377603530884,2.6648736000061035,2.7937238216400146,0.0,0.09089067578315735,1.0,1.4064443111419678,1.4473645687103271,1.4597457647323608,0.0,0.0024234363809227943,0.0019424190977588296,1.858349423855543e-05,0.008422124199569225,0.0002423436235403642,0.0008422124083153903,0.0,0.0024234361480921507,12.0,0.0,0.0,0.0,0.0,0.0,0.0,,,,,,,,,,,,,,,,,,,,,,0.0005
47,7740,train,0.053122300654649734,0.10474204272031784,0.10558546334505081,0.0,0.0035498326178640127,0.0035498326178640127,0.0,2.447911500930786,9.999999747378752e-05,0.05000000074505806,0.009999999776482582,0.05000000074505806,0.0010000000474974513,0.0010000000474974513,1.0,0.021803082898259163,0.002822287380695343,0.0,0.0,0.0,0.0,0.0,0.0,0.0,0.0,-1.2197291851043701,-1.2197291851043701,1.0,-1.2197291851043701,-1.2197291851043701,-1.1982077360153198,0.0,-3.4350645542144775,2.7791061401367188,1.0,0.021803082898259163,1.0,0.0,0.0,0.021803082898259163,0.0,0.0,0.002822287380695343,0.0,0.09717771410942078,0.10776893049478531,0.0032966146245598793,0.8841296434402466,0.2549426555633545,0.0,0.0,0.0,0.0,0.0,0.0,0.0,0.0,1.0,0.0,0.0013974665198475122,0.3339253067970276,0.4238434135913849,0.0719911977648735,0.0,0.10558546334505081,0.10474204272031784,0.10474204272031784,0.10493271797895432,-0.039147041738033295,-1.787190014035378e-11,0.0,0.0,4.187560558319092,4.187560558319092,2.671109676361084,2.671109676361084,0.43642041087150574,0.0,0.0,0.0,0.0,0.09717771410942078,0.1243487074971199,1.5796384104760364e-05,0.9925221800804138,0.2549426555633545,0.021852023899555206,2.6155028343200684,2.664708137512207,2.671109676361084,2.664668321609497,2.7791061401367188,0.0,0.09258673340082169,1.0,1.4888978004455566,1.4768317937850952,1.4837884902954102,0.0,0.003095194697380066,0.0016167092835530639,2.9915627237642184e-05,0.00614105025306344,0.00030951949884183705,0.000614105025306344,0.0,0.0030951949302107096,12.0,0.0,0.0,0.0,0.0,0.0,0.0,,,,,,,,,,,,,,,,,,,,,,0.0005
47,7760,train,0.0544460229575634,0.107406385242939,0.10777116566896439,0.0,0.003491281997412443,0.003491281997412443,0.0,2.4656171798706055,9.999999747378752e-05,0.05000000074505806,0.009999999776482582,0.05000000074505806,0.0010000000474974513,0.0010000000474974513,1.0,0.022472981363534927,0.00206921249628067,0.0,0.0,0.0,0.0,0.0,0.0,0.0,0.0,-1.2493377923965454,-1.2493377923965454,1.0,-1.2493377923965454,-1.2493377923965454,-1.2277480363845825,0.0,-3.474261522293091,2.7189769744873047,1.0,0.022472981363534927,1.0,0.0,0.0,0.022472981363534927,0.0,0.0,0.00206921249628067,0.0,0.10206921398639679,0.1103680431842804,0.0031872873660176992,0.918627142906189,0.26264774799346924,0.0,0.0,0.0,0.0,0.0,0.0,0.0,0.0,1.0,0.0,0.0007629774045199156,0.33397847414016724,0.4191126525402069,0.07124194502830505,0.0,0.10777116566896439,0.107406385242939,0.107406385242939,0.11734447628259659,-0.05345723778009415,-1.1205832789462633e-10,0.0,0.0,4.20285701751709,4.20285701751709,2.6217846870422363,2.6217846870422363,0.4915072023868561,0.0,0.0,0.0,0.0,0.10206921398639679,0.12918394804000854,2.1084173567942344e-05,0.9934166669845581,0.26264774799346924,0.023866422474384308,2.543627977371216,2.620863199234009,2.6217846870422363,2.582446813583374,2.7189769744873047,0.0,0.09146728366613388,1.0,1.485700011253357,1.4544475078582764,1.4330310821533203,0.0,0.0020891400054097176,0.0015646255342289805,6.726932770106941e-05,0.006716683506965637,0.00020891401800327003,0.0006716683856211603,0.0,0.002089140238240361,12.0,0.0,0.0,0.0,0.0,0.0,0.0,,,,,,,,,,,,,,,,,,,,,,0.0005
47,7780,train,0.05092204362154007,0.10322742909193039,0.10357523709535599,0.0,0.003563300706446171,0.003563300706446171,0.0,2.49172306060791,9.999999747378752e-05,0.05000000074505806,0.009999999776482582,0.05000000074505806,0.0010000000474974513,0.0010000000474974513,1.0,0.021474454551935196,0.005318969488143921,0.0,0.0,0.0,0.0,0.0,0.0,0.0,0.0,-1.2245761156082153,-1.2245761156082153,1.0,-1.2245761156082153,-1.2245762348175049,-1.2083803415298462,0.0,-3.443343162536621,2.7861478328704834,1.0,0.021474454551935196,1.0,0.0,0.0,0.021474454551935196,0.0,0.0,0.005318969488143921,0.0,0.0946810320019722,0.10553794354200363,0.005751068703830242,0.8973573446273804,0.2515762150287628,0.0,0.0,0.0,0.0,0.0,0.0,0.0,0.0,1.0,0.0,0.0009220096399076283,0.3409806191921234,0.4253125488758087,0.06960009038448334,0.0,0.10357523709535599,0.10322742909193039,0.10322742909193039,0.1112128347158432,-0.03415144234895706,-6.715453280264905e-12,0.0,0.0,4.325772762298584,4.325772762298584,2.6488144397735596,2.6488144397735596,0.4827539026737213,0.0,0.0,0.0,0.0,0.0946810320019722,0.12129925936460495,1.228967357747024e-05,0.9927762746810913,0.2515762150287628,0.02040441334247589,2.5591564178466797,2.6465272903442383,2.6488144397735596,2.6602752208709717,2.7861478328704834,0.0,0.08959545195102692,1.0,1.4533016681671143,1.413998007774353,1.4169843196868896,0.0,0.0021886592730879784,0.0014399087522178888,1.693212652753573e-05,0.006485472433269024,0.0002188659127568826,0.0006485472549684346,0.0,0.0021886592730879784,12.0,0.0,0.0,0.0,0.0,0.0,0.0,,,,,,,,,,,,,,,,,,,,,,0.0005
47,7800,train,0.05632977560162544,0.10631095618009567,0.10676798969507217,0.0,0.00377663504332304,0.00377663504332304,0.0,2.4539217948913574,9.999999747378752e-05,0.05000000074505806,0.009999999776482582,0.05000000074505806,0.0010000000474974513,0.0010000000474974513,1.0,0.0211239755153656,0.008465662598609924,0.0,0.0,0.0,0.0,0.0,0.0,0.0,0.0,-1.1966431140899658,-1.1966431140899658,1.0,-1.1966431140899658,-1.1966429948806763,-1.1728671789169312,0.0,-3.400636911392212,2.812086582183838,1.0,0.0211239755153656,1.0,0.0,0.0,0.0211239755153656,0.0,0.0,0.008465662598609924,0.0,0.0915343388915062,0.10469426959753036,0.0014535905793309212,0.8985540866851807,0.24385841190814972,0.0,0.0,0.0,0.0,0.0,0.0,0.0,0.0,1.0,0.0,0.0010324068134650588,0.3482532501220703,0.43259650468826294,0.07330533862113953,0.0,0.10676798969507217,0.10631095618009567,0.10631095618009567,0.10966460406780243,-0.02542322501540184,-6.752488845851445e-11,0.0,0.0,4.311800956726074,4.311800956726074,2.685336112976074,2.685336112976074,0.47101566195487976,0.0,0.0,0.0,0.0,0.0915343388915062,0.12089956551790237,8.86517227627337e-06,0.9868040680885315,0.24385841190814972,0.020458027720451355,2.5603039264678955,2.685641288757324,2.685336112976074,2.670320510864258,2.812086582183838,0.0,0.09590833634138107,1.0,1.497124433517456,1.4739974737167358,1.4773757457733154,0.0,0.003594817128032446,0.002404537284746766,3.723514237208292e-05,0.010457229800522327,0.0003594816953409463,0.0010457229800522327,0.0,0.0035948173608630896,12.0,0.0,0.0,0.0,0.0,0.0,0.0,,,,,,,,,,,,,,,,,,,,,,0.0005
47,7820,train,0.05287330225110054,0.10457437485456467,0.1046796590089798,0.0,0.0036526217591017485,0.0036526217591017485,0.0,2.4392857551574707,9.999999747378752e-05,0.05000000074505806,0.009999999776482582,0.05000000074505806,0.0010000000474974513,0.0010000000474974513,1.0,0.02045990526676178,0.008112184703350067,0.0,0.0,0.0,0.0,0.0,0.0,0.0,0.0,-1.2182022333145142,-1.2182022333145142,1.0,-1.2182022333145142,-1.2182021141052246,-1.1958202123641968,0.0,-3.4285101890563965,2.7597343921661377,1.0,0.02045990526676178,1.0,0.0,0.0,0.02045990526676178,0.0,0.0,0.008112184703350067,0.0,0.09188781678676605,0.09893538802862167,0.005081800743937492,0.8719190359115601,0.24939747154712677,0.0,0.0,0.0,0.0,0.0,0.0,0.0,0.0,1.0,0.0,0.0005480949184857309,0.340861052274704,0.42455172538757324,0.07401953637599945,0.0,0.1046796590089798,0.10457437485456467,0.10457437485456467,0.11499533802270889,-0.03761346638202667,2.961926537370374e-11,0.0,0.0,4.3236613273620605,4.3236613273620605,2.662904739379883,2.662904739379883,0.5056723952293396,0.0,0.0,0.0,0.0,0.09188781678676605,0.11580376327037811,3.198284684913233e-05,0.9859991669654846,0.24939747154712677,0.018504902720451355,2.568028211593628,2.6629388332366943,2.662904739379883,2.619258165359497,2.7597343921661377,0.0,0.09351425617933273,1.0,1.4783031940460205,1.4657177925109863,1.4508957862854004,0.0,0.0026150932535529137,0.0017810016870498657,3.802981518674642e-05,0.007345762103796005,0.0002615093544591218,0.0007345761987380683,0.0,0.0026150932535529137,12.0,0.0,0.0,0.0,0.0,0.0,0.0,,,,,,,,,,,,,,,,,,,,,,0.0005
47,7840,train,0.04852965101599693,0.10053425282239914,0.1011333167552948,0.0,0.003783229272812605,0.003783229272812605,0.0,2.4949727058410645,9.999999747378752e-05,0.05000000074505806,0.009999999776482582,0.05000000074505806,0.0010000000474974513,0.0010000000474974513,1.0,0.018889740109443665,0.0031666308641433716,0.0,0.0,0.0,0.0,0.0,0.0,0.0,0.0,-1.2115330696105957,-1.2115330696105957,1.0,-1.2115330696105957,-1.2115329504013062,-1.190817952156067,0.0,-3.417457103729248,2.8184945583343506,1.0,0.018889740109443665,1.0,0.0,0.0,0.018889740109443665,0.0,0.0,0.0031666308641433716,0.0,0.09683337062597275,0.10681489109992981,0.0032038898207247257,0.8930552005767822,0.254938006401062,0.0,0.0,0.0,0.0,0.0,0.0,0.0,0.0,1.0,0.0,0.0013529621064662933,0.3472590148448944,0.42508217692375183,0.06949885189533234,0.0,0.1011333167552948,0.10053425282239914,0.10053425282239914,0.11115764081478119,-0.0338238961994648,-8.174425719653655e-11,0.0,0.0,4.203688144683838,4.203688144683838,2.656284809112549,2.656284809112549,0.46260958909988403,0.0,0.0,0.0,0.0,0.09683337062597275,0.12411477416753769,1.0473619113327004e-05,0.9918050765991211,0.254938006401062,0.022549020126461983,2.5851964950561523,2.652616024017334,2.656284809112549,2.6762773990631104,2.8184945583343506,0.0,0.09768953174352646,1.0,1.4714126586914062,1.4506267309188843,1.461338996887207,0.0,0.002410552464425564,0.0018541452009230852,5.599673841061303e-06,0.008338365703821182,0.0002410552406217903,0.000833836558740586,0.0,0.00241055223159492,12.0,0.0,0.0,0.0,0.0,0.0,0.0,,,,,,,,,,,,,,,,,,,,,,0.0005
47,7849,train_epoch,0.0488832462244405,0.10131983668682817,0.10168171807855902,0.0,0.0035312938082874,0.0035312938082874,0.0,2.4676027826206415,9.999999747378752e-05,0.05000000074505806,0.009999999776482582,0.05000000074505806,0.0010000000474974513,0.0010000000474974513,1.0,0.02136746543030182,0.005109108582942072,0.0,0.0,0.0,0.0,0.0,0.0,0.0,0.0,-1.2203789185621068,-1.2203789185621068,1.0,-1.2203789185621068,-1.2203789228450752,-1.2001812757846124,0.0,-3.4341043569370657,2.7800725776992157,1.0,0.02136746543030182,1.0,0.0,0.0,0.02136746543030182,0.0,0.0,0.005109108582942072,0.0,0.09953824850078115,0.10687459322685253,0.005251462042922835,0.9068528424480005,0.26061938069537727,0.0,0.0,0.0,0.0,0.0,0.0,0.0,0.0,1.0,0.0,0.0007681144347580284,0.33684679062780504,0.42290111947916226,0.07114309942472481,0.0,0.10168171807855902,0.10131983668682817,0.10131983668682817,0.11051543538798829,-0.03340651660259746,5.40454712519065e-12,0.0,0.0,4.243281758474018,4.243281729920896,2.6537709350357512,2.6537709350357512,0.4686786605569417,0.0,0.0,0.0,0.0,0.09953824716235349,0.12423489987850189,2.4435892307833375e-05,0.9908567010285612,0.26061938069537727,0.02195274101536788,2.5817100302187983,2.6507548243699675,2.6537709350357512,2.648552463440124,2.7800725776992157,0.0,0.09033243880122008,1.0,1.4634050045184746,1.4629349201739192,1.4634619615748972,0.0,0.0027354404673225687,0.001905024195965491,6.297031935595371e-05,0.008188421280307327,0.00027354405194306245,0.0008188421413801544,0.0,0.0027354404784761324,12.0,0.0,0.0,0.0,0.0,0.0,0.0,,,,,,,,,,,,,,,,,,,,,,0.0005
47,7849,val,,,,,,,,,,,,,,,,,,,,,,,,,,,,,,,,,,,,,,,,,,,,,,,,,,,,,,,,,,,,,,,,,,,,,,,,,,,,,,,,,,,,,,,,,,,,,,,,,,,,,,,,,,,,,,,,,,,15.081409777913775,624.9572862897601,24.999145711199013,10.757915147713252,6.883131989410946,14.0774872813906,23.099422334137408,9.639814027718135,6.405074281351907,15.145483919552394,24.991678869430743,10.920341960021428,6.92013020174844,16.85231896809169,27.90084906700743,12.450060401644025,7.721976169518062,15.081409777913775,24.999145711199013,10.757915147713252,6.883131989410946,0.0005
48,7860,train,0.04316581040620804,0.09717517346143723,0.09762049466371536,0.0,0.0034955728333443403,0.0034955728333443403,0.0,2.461132764816284,9.999999747378752e-05,0.05000000074505806,0.009999999776482582,0.05000000074505806,0.0010000000474974513,0.0010000000474974513,1.0,0.02017563208937645,0.006988823413848877,0.0,0.0,0.0,0.0,0.0,0.0,0.0,0.0,-1.233025312423706,-1.233025312423706,1.0,-1.233025312423706,-1.2330251932144165,-1.2136428356170654,0.0,-3.4508557319641113,2.7614269256591797,1.0,0.02017563208937645,1.0,0.0,0.0,0.02017563208937645,0.0,0.0,0.006988823413848877,0.0,0.09301119297742844,0.1050356850028038,0.005370373837649822,0.8858000040054321,0.24714475870132446,0.0,0.0,0.0,0.0,0.0,0.0,0.0,0.0,1.0,0.0,0.0010286766337230802,0.32426917552948,0.42533862590789795,0.07151377201080322,0.0,0.09762049466371536,0.09717517346143723,0.09717517346143723,0.113460473716259,-0.03927798196673393,1.2378477409757949e-10,0.0,0.0,4.256645202636719,4.256645202636719,2.685751438140869,2.685751438140869,0.49270692467689514,0.0,0.0,0.0,0.0,0.09301117807626724,0.12167379260063171,2.2489182811114006e-05,0.9944635033607483,0.24714475870132446,0.020588235929608345,2.6475601196289062,2.6798834800720215,2.685751438140869,2.6691396236419678,2.7614269256591797,0.0,0.09508220851421356,1.0,1.5129153728485107,1.5013421773910522,1.480681300163269,0.0,0.002627205103635788,0.0019719030242413282,1.908829653984867e-05,0.0075199902057647705,0.0002627205103635788,0.0007519990322180092,0.0,0.002627205103635788,12.0,0.0,0.0,0.0,0.0,0.0,0.0,,,,,,,,,,,,,,,,,,,,,,0.0005
48,7880,train,0.054181139916181564,0.10577153414487839,0.1063629612326622,0.0,0.003640307579189539,0.003640307579189539,0.0,2.475691080093384,9.999999747378752e-05,0.05000000074505806,0.009999999776482582,0.05000000074505806,0.0010000000474974513,0.0010000000474974513,1.0,0.02029344066977501,0.01428157091140747,0.0,0.0,0.0,0.0,0.0,0.0,0.0,0.0,-1.2221190929412842,-1.2221190929412842,1.0,-1.2221190929412842,-1.2221190929412842,-1.204010248184204,0.0,-3.4359328746795654,2.760091781616211,1.0,0.02029344066977501,1.0,0.0,0.0,0.02029344066977501,0.0,0.0,0.01428157091140747,0.0,0.11428157240152359,0.11323510855436325,0.008713415823876858,0.9131349325180054,0.2888242304325104,0.0,0.0,0.0,0.0,0.0,0.0,0.0,0.0,1.0,0.0,0.0011317039607092738,0.34387242794036865,0.41848990321159363,0.07001695781946182,0.0,0.1063629612326622,0.10577153414487839,0.10577153414487839,0.1113094836473465,-0.034431759268045425,-1.5570028599753982e-10,0.0,0.0,4.303103446960449,4.303103446960449,2.6398868560791016,2.6398868560791016,0.4744514226913452,0.0,0.0,0.0,0.0,0.11428157240152359,0.13164478540420532,1.5711799278506078e-05,0.9915745854377747,0.2888242304325104,0.02493872679769993,2.5561416149139404,2.6364738941192627,2.6398868560791016,2.6193292140960693,2.760091781616211,0.0,0.0933515653014183,1.0,1.415479063987732,1.4368265867233276,1.4707696437835693,0.0,0.0015223912196233869,0.0012681253720074892,2.486718585714698e-05,0.004873402416706085,0.00015223913942463696,0.00048734023584984243,0.0,0.0015223913360387087,12.0,0.0,0.0,0.0,0.0,0.0,0.0,,,,,,,,,,,,,,,,,,,,,,0.0005
48,7900,train,0.04917619004845619,0.10279368609189987,0.10299386829137802,0.0,0.003495402866974473,0.003495402866974473,0.0,2.474863052368164,9.999999747378752e-05,0.05000000074505806,0.009999999776482582,0.05000000074505806,0.0010000000474974513,0.0010000000474974513,1.0,0.021271919831633568,0.004336118698120117,0.0,0.0,0.0,0.0,0.0,0.0,0.0,0.0,-1.244402289390564,-1.244402289390564,1.0,-1.244402289390564,-1.244402289390564,-1.2195765972137451,0.0,-3.4840190410614014,2.7259559631347656,1.0,0.021271919831633568,1.0,0.0,0.0,0.021271919831633568,0.0,0.0,0.004336118698120117,0.0,0.10433612763881683,0.11033587157726288,0.005972317419946194,0.9034719467163086,0.2677556872367859,0.0,0.0,0.0,0.0,0.0,0.0,0.0,0.0,1.0,0.0,0.00044746173080056906,0.3406347930431366,0.41530942916870117,0.0699741467833519,0.0,0.10299386829137802,0.10279368609189987,0.10279368609189987,0.12015379965305328,-0.045166824012994766,-6.673691460568065e-11,0.0,0.0,4.245458126068115,4.245458126068115,2.632909059524536,2.632909059524536,0.509814977645874,0.0,0.0,0.0,0.0,0.10433612018823624,0.12907646596431732,3.260355879319832e-05,0.9872733354568481,0.2677556872367859,0.024103861302137375,2.585817575454712,2.628081798553467,2.632909059524536,2.6263041496276855,2.7259559631347656,0.0,0.08955178409814835,1.0,1.4555928707122803,1.4792237281799316,1.4520041942596436,0.0,0.003684490453451872,0.0022609273437410593,2.587275594123639e-05,0.008703081868588924,0.00036844908026978374,0.0008703081985004246,0.0,0.0036844906862825155,12.0,0.0,0.0,0.0,0.0,0.0,0.0,,,,,,,,,,,,,,,,,,,,,,0.0005
48,7920,train,0.04558718204498291,0.10018624365329742,0.10039391368627548,0.0,0.0034894836135208607,0.0034894836135208607,0.0,2.5064351558685303,9.999999747378752e-05,0.05000000074505806,0.009999999776482582,0.05000000074505806,0.0010000000474974513,0.0010000000474974513,1.0,0.02315005473792553,0.0009488314390182495,0.0,0.0,0.0,0.0,0.0,0.0,0.0,0.0,-1.2521177530288696,-1.2521177530288696,1.0,-1.2521177530288696,-1.25211763381958,-1.2356433868408203,0.0,-3.4785609245300293,2.749183177947998,1.0,0.02315005473792553,1.0,0.0,0.0,0.02315005473792553,0.0,0.0,0.0009488314390182495,0.0,0.10094883292913437,0.11029278486967087,0.004913738928735256,0.8855643272399902,0.2635194957256317,0.0,0.0,0.0,0.0,0.0,0.0,0.0,0.0,1.0,0.0,0.000495694694109261,0.3340022563934326,0.4139198362827301,0.06732428073883057,0.0,0.10039391368627548,0.10018624365329742,0.10018624365329742,0.11156775802373886,-0.03976331278681755,2.0910846665334049e-10,0.0,0.0,4.259868144989014,4.259868144989014,2.6284170150756836,2.6284170150756836,0.4871499538421631,0.0,0.0,0.0,0.0,0.10094883292913437,0.12596534192562103,4.196837471681647e-05,0.9879652261734009,0.2635194957256317,0.02314644679427147,2.5892157554626465,2.6216351985931396,2.6284170150756836,2.627072811126709,2.749183177947998,0.0,0.08794175088405609,1.0,1.3595447540283203,1.409846544265747,1.4041392803192139,0.0,0.00488800136372447,0.002880545100197196,0.0004249860066920519,0.010788334533572197,0.0004888001130893826,0.001078833476640284,0.0,0.004888000898063183,12.0,0.0,0.0,0.0,0.0,0.0,0.0,,,,,,,,,,,,,,,,,,,,,,0.0005
48,7940,train,0.04769248142838478,0.09878280013799667,0.09923189878463745,0.0,0.0035135129000991583,0.0035135129000991583,0.0,2.4725024700164795,9.999999747378752e-05,0.05000000074505806,0.009999999776482582,0.05000000074505806,0.0010000000474974513,0.0010000000474974513,1.0,0.01936669647693634,0.0014507994055747986,0.0,0.0,0.0,0.0,0.0,0.0,0.0,0.0,-1.1896740198135376,-1.1896740198135376,1.0,-1.1896740198135376,-1.1896740198135376,-1.1695376634597778,0.0,-3.379750967025757,2.8382248878479004,1.0,0.01936669647693634,1.0,0.0,0.0,0.01936669647693634,0.0,0.0,0.0014507994055747986,0.0,0.10145079344511032,0.10932555794715881,0.005043232813477516,0.9286630153656006,0.26166602969169617,0.0,0.0,0.0,0.0,0.0,0.0,0.0,0.0,1.0,0.0,0.00108125782571733,0.3338938057422638,0.4309639632701874,0.07057122886180878,0.0,0.09923189878463745,0.09878280013799667,0.09878280013799667,0.11287675052881241,-0.01954798400402069,1.302125213209493e-10,0.0,0.0,4.194424152374268,4.194424152374268,2.6893720626831055,2.6893720626831055,0.4769515097141266,0.0,0.0,0.0,0.0,0.10145080089569092,0.12782949209213257,1.2982726730115246e-05,0.9933854937553406,0.26166602969169617,0.023123469203710556,2.6428635120391846,2.684783935546875,2.6893720626831055,2.693902015686035,2.8382248878479004,0.0,0.09135556221008301,1.0,1.64060640335083,1.54588782787323,1.5332053899765015,0.0,0.0028944090008735657,0.0021190422121435404,0.00010063170338980854,0.010646182112395763,0.00028944091172888875,0.0010646182345226407,0.0,0.0028944090008735657,12.0,0.0,0.0,0.0,0.0,0.0,0.0,,,,,,,,,,,,,,,,,,,,,,0.0005
48,7960,train,0.050135836005210876,0.10243716835975647,0.10308254510164261,0.0,0.003688652068376541,0.003688652068376541,0.0,2.483097553253174,9.999999747378752e-05,0.05000000074505806,0.009999999776482582,0.05000000074505806,0.0010000000474974513,0.0010000000474974513,1.0,0.02030714973807335,0.007648445665836334,0.0,0.0,0.0,0.0,0.0,0.0,0.0,0.0,-1.2229756116867065,-1.2229756116867065,1.0,-1.2229756116867065,-1.2229756116867065,-1.2033392190933228,0.0,-3.4312732219696045,2.7832536697387695,1.0,0.02030714973807335,1.0,0.0,0.0,0.02030714973807335,0.0,0.0,0.007648445665836334,0.0,0.10764846205711365,0.11378160864114761,0.00636031199246645,0.9204221963882446,0.27374687790870667,0.0,0.0,0.0,0.0,0.0,0.0,0.0,0.0,1.0,0.0,0.0015592804411426187,0.3448854982852936,0.42377355694770813,0.0700996145606041,0.0,0.10308254510164261,0.10243716835975647,0.10243716835975647,0.11177433282136917,-0.026901306584477425,-1.4498871547807823e-10,0.0,0.0,4.237120151519775,4.237120151519775,2.6561481952667236,2.6561481952667236,0.4786008894443512,0.0,0.0,0.0,0.0,0.10764844715595245,0.13157586753368378,5.4611875384580344e-05,0.9926578402519226,0.27374687790870667,0.02467065118253231,2.5727710723876953,2.6535656452178955,2.6561481952667236,2.6508724689483643,2.7832536697387695,0.0,0.09514225274324417,1.0,1.3902816772460938,1.4353793859481812,1.4084237813949585,0.0,0.001899011549539864,0.0016730816569179296,9.540848623146303e-06,0.007424821611493826,0.00018990114040207118,0.0007424821960739791,0.0,0.0018990114331245422,12.0,0.0,0.0,0.0,0.0,0.0,0.0,,,,,,,,,,,,,,,,,,,,,,0.0005
48,7980,train,0.0551801435649395,0.10568853467702866,0.1059342473745346,0.0,0.003616458736360073,0.003616458736360073,0.0,2.462846517562866,9.999999747378752e-05,0.05000000074505806,0.009999999776482582,0.05000000074505806,0.0010000000474974513,0.0010000000474974513,1.0,0.02232629805803299,0.00016503781080245972,0.0,0.0,0.0,0.0,0.0,0.0,0.0,0.0,-1.2024139165878296,-1.2024139165878296,1.0,-1.2024139165878296,-1.2024139165878296,-1.1798824071884155,0.0,-3.4039065837860107,2.8005120754241943,1.0,0.02232629805803299,1.0,0.0,0.0,0.02232629805803299,0.0,0.0,0.00016503781080245972,0.0,0.09983497112989426,0.10452457517385483,0.0036703553050756454,0.875874400138855,0.26319536566734314,0.0,0.0,0.0,0.0,0.0,0.0,0.0,0.0,1.0,0.0,0.0009024167666211724,0.3432006239891052,0.43140751123428345,0.07207050919532776,0.0,0.1059342473745346,0.10568853467702866,0.10568853467702866,0.10982546210289001,-0.03872023895382881,7.126297468795784e-11,0.0,0.0,4.314637660980225,4.314637184143066,2.682152509689331,2.682152509689331,0.4707525968551636,0.0,0.0,0.0,0.0,0.09983496367931366,0.12261022627353668,4.626276859198697e-05,0.9896348118782043,0.26319536566734314,0.021798407658934593,2.5811545848846436,2.6811351776123047,2.682152509689331,2.6826419830322266,2.8005120754241943,0.0,0.08997835218906403,1.0,1.5564342737197876,1.5048869848251343,1.5004944801330566,0.0,0.0030388622544705868,0.0017742901109158993,0.00021907432528678328,0.008725793100893497,0.00030388619052246213,0.0008725793450139463,0.0,0.003038862021639943,12.0,0.0,0.0,0.0,0.0,0.0,0.0,,,,,,,,,,,,,,,,,,,,,,0.0005
48,8000,train,0.05235954746603966,0.10323891788721085,0.10324063897132874,0.0,0.003717398038133979,0.003717398038133979,0.0,2.4331698417663574,9.999999747378752e-05,0.05000000074505806,0.009999999776482582,0.05000000074505806,0.0010000000474974513,0.0010000000474974513,1.0,0.021279331296682358,0.00018446147441864014,0.0,0.0,0.0,0.0,0.0,0.0,0.0,0.0,-1.1996357440948486,-1.1996357440948486,1.0,-1.1996357440948486,-1.1996357440948486,-1.173646330833435,0.0,-3.408130645751953,2.8211164474487305,1.0,0.021279331296682358,1.0,0.0,0.0,0.021279331296682358,0.0,0.0,0.00018446147441864014,0.0,0.10018447041511536,0.10647205263376236,0.007303671911358833,0.9409369826316833,0.26253291964530945,0.0,0.0,0.0,0.0,0.0,0.0,0.0,0.0,1.0,0.0,0.0003074965497944504,0.3473813831806183,0.4326435923576355,0.07454393059015274,0.0,0.10324063897132874,0.10323891788721085,0.10323891788721085,0.1047053188085556,-0.035369087010622025,1.2036735497211737e-10,0.0,0.0,4.273683071136475,4.273683071136475,2.689608335494995,2.689608335494995,0.4447123408317566,0.0,0.0,0.0,0.0,0.10018446296453476,0.12425222992897034,3.322696284158155e-05,0.9906826019287109,0.26253291964530945,0.021959254518151283,2.581965923309326,2.6895713806152344,2.689608335494995,2.687404155731201,2.8211164474487305,0.0,0.08935432136058807,1.0,1.5014276504516602,1.4900625944137573,1.4883229732513428,0.0,0.0035467559937387705,0.002727637067437172,4.472809087019414e-05,0.009806063957512379,0.00035467560519464314,0.0009806064190343022,0.0,0.0035467559937387705,12.0,0.0,0.0,0.0,0.0,0.0,0.0,,,,,,,,,,,,,,,,,,,,,,0.0005
48,8016,train_epoch,0.04927300233505443,0.10150348185422178,0.10185114749355945,0.0,0.0035233973500369015,0.0035233973500369015,0.0,2.471294919887703,9.999999747378752e-05,0.05000000074505806,0.009999999776482582,0.05000000074505806,0.0010000000474974513,0.0010000000474974513,1.0,0.020982967790015444,0.004994500406131059,0.0,0.0,0.0,0.0,0.0,0.0,0.0,0.0,-1.2174997615243146,-1.2174997615243146,1.0,-1.2174997615243146,-1.217499764379627,-1.1969759400019389,0.0,-3.428549095542131,2.7828701556085824,1.0,0.020982967790015444,1.0,0.0,0.0,0.020982967790015444,0.0,0.0,0.004994500406131059,0.0,0.10016703900105939,0.10765833929627242,0.005665073536537186,0.9092689995280283,0.261592808776273,0.0,0.0,0.0,0.0,0.0,0.0,0.0,0.0,1.0,0.0,0.0007534023689058704,0.3368145951967753,0.4236078346203901,0.07076396271140276,0.0,0.10185114749355945,0.10150348185422178,0.10150348185422178,0.11014409149121382,-0.033051586149450016,1.078211348629571e-11,0.0,0.0,4.244188925463282,4.2441889397398445,2.6592676025664734,2.6592676025664734,0.46639712502856456,0.0,0.0,0.0,0.0,0.10016703703803216,0.1250517534727822,2.9423198681204036e-05,0.9913339543485356,0.261592808776273,0.022335018828778922,2.5867043797841327,2.656187846988975,2.6592676025664734,2.6532506443069366,2.7828701556085824,0.0,0.08991475028549126,1.0,1.4620071228392824,1.4614702491703149,1.4620918163996257,0.0,0.0030606354427841786,0.002066459369421853,8.945527330903285e-05,0.008643891999754542,0.0003060635521207674,0.000864389213255166,0.0,0.0030606354671825994,12.0,0.0,0.0,0.0,0.0,0.0,0.0,,,,,,,,,,,,,,,,,,,,,,0.0005
48,8016,val,,,,,,,,,,,,,,,,,,,,,,,,,,,,,,,,,,,,,,,,,,,,,,,,,,,,,,,,,,,,,,,,,,,,,,,,,,,,,,,,,,,,,,,,,,,,,,,,,,,,,,,,,,,,,,,,,,,15.02163793359484,620.7053734915597,24.913959410169227,11.307605692318507,6.834001021725791,14.112576850822993,23.112070853979564,10.565002143383026,6.425449022224972,15.006782514708382,24.887987956554113,11.741258459431785,6.832752057484218,16.684477056775773,27.672616973133856,12.776413202285767,7.60097644158772,15.02163793359484,24.913959410169227,11.307605692318507,6.834001021725791,0.0005
49,8020,train,0.04934804141521454,0.10038968175649643,0.10089068859815598,0.0,0.003521301783621311,0.003521301783621311,0.0,2.4618165493011475,9.999999747378752e-05,0.05000000074505806,0.009999999776482582,0.05000000074505806,0.0010000000474974513,0.0010000000474974513,1.0,0.02069641649723053,0.0001530572772026062,0.0,0.0,0.0,0.0,0.0,0.0,0.0,0.0,-1.1943812370300293,-1.1943812370300293,1.0,-1.1943812370300293,-1.1943811178207397,-1.1724588871002197,0.0,-3.3716015815734863,2.841505289077759,1.0,0.02069641649723053,1.0,0.0,0.0,0.02069641649723053,0.0,0.0,0.0001530572772026062,0.0,0.10015305876731873,0.10910146683454514,0.006753797642886639,0.9126068949699402,0.26111456751823425,0.0,0.0,0.0,0.0,0.0,0.0,0.0,0.0,1.0,0.0,0.0009925359627231956,0.3359496593475342,0.4324255883693695,0.07190810889005661,0.0,0.10089068859815598,0.10038968175649643,0.10038968175649643,0.1087057888507843,-0.02201363630592823,-1.3771624899489021e-12,0.0,0.0,4.210345268249512,4.21034574508667,2.697758913040161,2.697758913040161,0.458266943693161,0.0,0.0,0.0,0.0,0.10015305876731873,0.1262517273426056,6.952840340090916e-05,0.9907015562057495,0.26111456751823425,0.022962624207139015,2.630342960357666,2.694880485534668,2.697758913040161,2.7052712440490723,2.841505289077759,0.0,0.08971518278121948,1.0,1.4814430475234985,1.507555365562439,1.5210747718811035,0.0,0.0027144253253936768,0.001959343673661351,0.00013113926979713142,0.00918807927519083,0.00027144255000166595,0.000918807927519083,0.0,0.0027144253253936768,12.0,0.0,0.0,0.0,0.0,0.0,0.0,,,,,,,,,,,,,,,,,,,,,,0.0005
49,8040,train,0.050641898065805435,0.10238069295883179,0.10260908305644989,0.0,0.0035262559540569782,0.0035262559540569782,0.0,2.4858386516571045,9.999999747378752e-05,0.05000000074505806,0.009999999776482582,0.05000000074505806,0.0010000000474974513,0.0010000000474974513,1.0,0.02375718206167221,0.011756651103496552,0.0,0.0,0.0,0.0,0.0,0.0,0.0,0.0,-1.2120170593261719,-1.2120170593261719,1.0,-1.2120170593261719,-1.2120170593261719,-1.187730073928833,0.0,-3.4104788303375244,2.832242965698242,1.0,0.02375718206167221,1.0,0.0,0.0,0.02375718206167221,0.0,0.0,0.011756651103496552,0.0,0.08824335783720016,0.10015415400266647,0.005924025550484657,0.8831965923309326,0.24051587283611298,0.0,0.0,0.0,0.0,0.0,0.0,0.0,0.0,1.0,0.0,0.0005510365008376539,0.3398713171482086,0.4371572732925415,0.07035482674837112,0.0,0.10260908305644989,0.10238069295883179,0.10238069295883179,0.10366960614919662,-0.02207048051059246,-1.061400481394692e-10,0.0,0.0,4.279225826263428,4.279225826263428,2.710278272628784,2.710278272628784,0.44212719798088074,0.0,0.0,0.0,0.0,0.08824335038661957,0.11602023243904114,2.072748975479044e-05,0.9834520220756531,0.24051587283611298,0.018443629145622253,2.6003684997558594,2.709512948989868,2.710278272628784,2.671048879623413,2.832242965698242,0.0,0.08825638145208359,1.0,1.5121142864227295,1.4967079162597656,1.4703830480575562,0.0,0.0032899249345064163,0.001967686228454113,2.0835057512158528e-05,0.00833950936794281,0.00032899249345064163,0.000833950936794281,0.0,0.0032899249345064163,12.0,0.0,0.0,0.0,0.0,0.0,0.0,,,,,,,,,,,,,,,,,,,,,,0.0005
49,8060,train,0.052069179713726044,0.1040155366063118,0.10439193248748779,0.0,0.0036134161055088043,0.0036134161055088043,0.0,2.486921787261963,9.999999747378752e-05,0.05000000074505806,0.009999999776482582,0.05000000074505806,0.0010000000474974513,0.0010000000474974513,1.0,0.019240571185946465,0.008508428931236267,0.0,0.0,0.0,0.0,0.0,0.0,0.0,0.0,-1.2213643789291382,-1.2213643789291382,1.0,-1.2213643789291382,-1.2213642597198486,-1.203016757965088,0.0,-3.4377145767211914,2.77372670173645,1.0,0.019240571185946465,1.0,0.0,0.0,0.019240571185946465,0.0,0.0,0.008508428931236267,0.0,0.10850843042135239,0.11250787228345871,0.006251543760299683,0.9085077047348022,0.27573922276496887,0.0,0.0,0.0,0.0,0.0,0.0,0.0,0.0,1.0,0.0,0.0007564607658423483,0.3456912040710449,0.41918835043907166,0.06937717646360397,0.0,0.10439193248748779,0.1040155366063118,0.1040155366063118,0.11000155657529831,-0.030473891645669937,-1.9356595319652836e-12,0.0,0.0,4.205557346343994,4.205557346343994,2.6312618255615234,2.6312618255615234,0.45405760407447815,0.0,0.0,0.0,0.0,0.10850843042135239,0.1314275562763214,2.595443402242381e-05,0.9911150932312012,0.27573922276496887,0.024954045191407204,2.5756797790527344,2.6281681060791016,2.6312618255615234,2.6644890308380127,2.77372670173645,0.0,0.09087448567152023,1.0,1.4186279773712158,1.4363465309143066,1.4310190677642822,0.0,0.0020399519708007574,0.001654507010243833,4.537476343102753e-06,0.00865683238953352,0.00020399517961777747,0.0008656832505948842,0.0,0.0020399517379701138,12.0,0.0,0.0,0.0,0.0,0.0,0.0,,,,,,,,,,,,,,,,,,,,,,0.0005
49,8080,train,0.04607432335615158,0.09977490454912186,0.0997558981180191,0.0,0.0035279891453683376,0.0035279891453683376,0.0,2.479839324951172,9.999999747378752e-05,0.05000000074505806,0.009999999776482582,0.05000000074505806,0.0010000000474974513,0.0010000000474974513,1.0,0.020114051178097725,0.010625287890434265,0.0,0.0,0.0,0.0,0.0,0.0,0.0,0.0,-1.2351146936416626,-1.2351146936416626,1.0,-1.2351146936416626,-1.2351146936416626,-1.2152146100997925,0.0,-3.4614455699920654,2.769970417022705,1.0,0.020114051178097725,1.0,0.0,0.0,0.020114051178097725,0.0,0.0,0.010625287890434265,0.0,0.11062529683113098,0.11425501108169556,0.004043877590447664,0.9265426397323608,0.2786118686199188,0.0,0.0,0.0,0.0,0.0,0.0,0.0,0.0,1.0,0.0,0.00021260351059027016,0.3433626592159271,0.4165637791156769,0.0697004646062851,0.0,0.0997558981180191,0.09977490454912186,0.09977490454912186,0.1188235953450203,-0.04564118757843971,3.0986174737179795e-10,0.0,0.0,4.3354082107543945,4.3354082107543945,2.6224021911621094,2.6224021911621094,0.522171139717102,0.0,0.0,0.0,0.0,0.11062528938055038,0.1335284262895584,5.430830242403317e-06,0.9882778525352478,0.2786118686199188,0.026685049757361412,2.564859628677368,2.6183688640594482,2.6224021911621094,2.6297600269317627,2.769970417022705,0.0,0.09047993272542953,1.0,1.4598231315612793,1.4171708822250366,1.4184930324554443,0.0,0.003909023944288492,0.002270441735163331,1.680643981671892e-05,0.008685119450092316,0.0003909023362211883,0.0008685119682922959,0.0,0.003909023478627205,12.0,0.0,0.0,0.0,0.0,0.0,0.0,,,,,,,,,,,,,,,,,,,,,,0.0005
49,8100,train,0.043102145195007324,0.09561874717473984,0.09588281810283661,0.0,0.003460753709077835,0.003460753709077835,0.0,2.4720025062561035,9.999999747378752e-05,0.05000000074505806,0.009999999776482582,0.05000000074505806,0.0010000000474974513,0.0010000000474974513,1.0,0.018541039898991585,0.004666149616241455,0.0,0.0,0.0,0.0,0.0,0.0,0.0,0.0,-1.2022768259048462,-1.2022768259048462,1.0,-1.2022768259048462,-1.2022768259048462,-1.1841922998428345,0.0,-3.4024837017059326,2.834602117538452,1.0,0.018541039898991585,1.0,0.0,0.0,0.018541039898991585,0.0,0.0,0.004666149616241455,0.0,0.09533385187387466,0.10982241481542587,0.005723000969737768,0.9159272909164429,0.2507135272026062,0.0,0.0,0.0,0.0,0.0,0.0,0.0,0.0,1.0,0.0,0.000714165682438761,0.3295595347881317,0.42575445771217346,0.07001784443855286,0.0,0.09588281810283661,0.09561874717473984,0.09561874717473984,0.10907146334648132,-0.02984408289194107,-8.940798795764593e-11,0.0,0.0,4.220303058624268,4.220303058624268,2.700098752975464,2.700098752975464,0.4613691568374634,0.0,0.0,0.0,0.0,0.09533385187387466,0.12540555000305176,4.246468233759515e-05,0.9935125708580017,0.2507135272026062,0.02255668118596077,2.6794345378875732,2.6914055347442627,2.700098752975464,2.7053940296173096,2.834602117538452,0.0,0.0890284851193428,1.0,1.4886060953140259,1.482765555381775,1.5084832906723022,0.0,0.0023802751675248146,0.001538944197818637,2.8314909741311567e-06,0.005794836673885584,0.0002380275254836306,0.0005794836906716228,0.0,0.0023802751675248146,12.0,0.0,0.0,0.0,0.0,0.0,0.0,,,,,,,,,,,,,,,,,,,,,,0.0005
49,8120,train,0.05732559412717819,0.1072082668542862,0.10737810283899307,0.0,0.0035091121681034565,0.0035091121681034565,0.0,2.462757110595703,9.999999747378752e-05,0.05000000074505806,0.009999999776482582,0.05000000074505806,0.0010000000474974513,0.0010000000474974513,1.0,0.02112339809536934,0.007634781301021576,0.0,0.0,0.0,0.0,0.0,0.0,0.0,0.0,-1.1968131065368652,-1.1968131065368652,1.0,-1.1968131065368652,-1.1968131065368652,-1.1748321056365967,0.0,-3.387977361679077,2.832580327987671,1.0,0.02112339809536934,1.0,0.0,0.0,0.02112339809536934,0.0,0.0,0.007634781301021576,0.0,0.1076347753405571,0.11097671091556549,0.006664469372481108,0.9080418348312378,0.2749454975128174,0.0,0.0,0.0,0.0,0.0,0.0,0.0,0.0,1.0,0.0,0.0003343152056913823,0.34086599946022034,0.4238244295120239,0.07102135568857193,0.0,0.10737810283899307,0.1072082668542862,0.1072082668542862,0.10586565732955933,-0.032790657132864,-6.512292788363183e-11,0.0,0.0,4.1334638595581055,4.1334638595581055,2.653494119644165,2.653494119644165,0.44035667181015015,0.0,0.0,0.0,0.0,0.1076347827911377,0.13005104660987854,4.327518763602711e-05,0.9953084588050842,0.2749454975128174,0.024433212354779243,2.578073024749756,2.6488921642303467,2.653494119644165,2.6851494312286377,2.832580327987671,0.0,0.08499553054571152,1.0,1.419154167175293,1.472538948059082,1.480982780456543,0.0,0.003527286695316434,0.002176412381231785,5.997280095471069e-05,0.009288575500249863,0.00035272870445623994,0.0009288575383834541,0.0,0.0035272869281470776,12.0,0.0,0.0,0.0,0.0,0.0,0.0,,,,,,,,,,,,,,,,,,,,,,0.0005
49,8140,train,0.051753878593444824,0.10236723721027374,0.10263015329837799,0.0,0.003511622315272689,0.003511622315272689,0.0,2.4634668827056885,9.999999747378752e-05,0.05000000074505806,0.009999999776482582,0.05000000074505806,0.0010000000474974513,0.0010000000474974513,1.0,0.01883227378129959,0.007520921528339386,0.0,0.0,0.0,0.0,0.0,0.0,0.0,0.0,-1.1931277513504028,-1.1931277513504028,1.0,-1.1931277513504028,-1.1931277513504028,-1.1721034049987793,0.0,-3.386550188064575,2.8098745346069336,1.0,0.01883227378129959,1.0,0.0,0.0,0.01883227378129959,0.0,0.0,0.007520921528339386,0.0,0.09247907996177673,0.10429858416318893,0.006362812593579292,0.9267694354057312,0.24638602137565613,0.0,0.0,0.0,0.0,0.0,0.0,0.0,0.0,1.0,0.0,0.0005310662090778351,0.33695852756500244,0.42917314171791077,0.07140184938907623,0.0,0.10263015329837799,0.10236723721027374,0.10236723721027374,0.1124109998345375,-0.031764689832925797,-8.628193992610278e-11,0.0,0.0,4.329156398773193,4.329156398773193,2.689183235168457,2.689183235168457,0.48530304431915283,0.0,0.0,0.0,0.0,0.09247907996177673,0.1211962103843689,2.3677066565142013e-05,0.9912517666816711,0.24638602137565613,0.020595895126461983,2.6043319702148438,2.68807315826416,2.689183235168457,2.6706061363220215,2.8098745346069336,0.0,0.0891280323266983,1.0,1.5283018350601196,1.4943134784698486,1.5051974058151245,0.0,0.0021221290808171034,0.001612577703781426,2.6299128876416944e-05,0.006500176154077053,0.00021221292263362557,0.0006500176386907697,0.0,0.0021221288479864597,12.0,0.0,0.0,0.0,0.0,0.0,0.0,,,,,,,,,,,,,,,,,,,,,,0.0005
49,8160,train,0.052008915692567825,0.10348442941904068,0.10386905819177628,0.0,0.003587955143302679,0.003587955143302679,0.0,2.488909959793091,9.999999747378752e-05,0.05000000074505806,0.009999999776482582,0.05000000074505806,0.0010000000474974513,0.0010000000474974513,1.0,0.019651906564831734,0.0018374323844909668,0.0,0.0,0.0,0.0,0.0,0.0,0.0,0.0,-1.2116516828536987,-1.2116516828536987,1.0,-1.2116516828536987,-1.2116516828536987,-1.1902083158493042,0.0,-3.4124526977539062,2.7902801036834717,1.0,0.019651906564831734,1.0,0.0,0.0,0.019651906564831734,0.0,0.0,0.0018374323844909668,0.0,0.10183743387460709,0.11457165330648422,0.005346384830772877,0.951825737953186,0.2596851587295532,0.0,0.0,0.0,0.0,0.0,0.0,0.0,0.0,1.0,0.0,0.0007798944134265184,0.3434784412384033,0.4259979724884033,0.06948398053646088,0.0,0.10386905819177628,0.10348442941904068,0.10348442941904068,0.11175574362277985,-0.040120288729667664,-4.331939321144951e-11,0.0,0.0,4.237508296966553,4.237508773803711,2.6702911853790283,2.6702911853790283,0.4747013449668884,0.0,0.0,0.0,0.0,0.10183743387460709,0.13201799988746643,2.3629605493624695e-05,0.9928869605064392,0.2596851587295532,0.02499234303832054,2.597822427749634,2.6661927700042725,2.6702911853790283,2.670759439468384,2.7902801036834717,0.0,0.0911068469285965,1.0,1.4041999578475952,1.4280002117156982,1.4408353567123413,0.0,0.0028634844347834587,0.0017126135062426329,1.8447779439156875e-05,0.006785179488360882,0.00028634851332753897,0.0006785179721191525,0.0,0.002863484900444746,12.0,0.0,0.0,0.0,0.0,0.0,0.0,,,,,,,,,,,,,,,,,,,,,,0.0005
49,8180,train,0.05279695242643356,0.10605727881193161,0.10627458244562149,0.0,0.00361303286626935,0.00361303286626935,0.0,2.53865385055542,9.999999747378752e-05,0.05000000074505806,0.009999999776482582,0.05000000074505806,0.0010000000474974513,0.0010000000474974513,1.0,0.019378870725631714,0.011173583567142487,0.0,0.0,0.0,0.0,0.0,0.0,0.0,0.0,-1.2496719360351562,-1.2496719360351562,1.0,-1.2496719360351562,-1.2496719360351562,-1.2218570709228516,0.0,-3.4901671409606934,2.7200911045074463,1.0,0.019378870725631714,1.0,0.0,0.0,0.019378870725631714,0.0,0.0,0.011173583567142487,0.0,0.1111735999584198,0.11207285523414612,0.005461316090077162,0.9167567491531372,0.28197184205055237,0.0,0.0,0.0,0.0,0.0,0.0,0.0,0.0,1.0,0.0,0.000518110697157681,0.3471674919128418,0.41973766684532166,0.06622269004583359,0.0,0.10627458244562149,0.10605727881193161,0.10605727881193161,0.11890599876642227,-0.02836042270064354,-2.400050713724511e-10,0.0,0.0,4.350811958312988,4.350811958312988,2.6035635471343994,2.6035635471343994,0.5158437490463257,0.0,0.0,0.0,0.0,0.1111735850572586,0.13088472187519073,1.8991066099260934e-05,0.9916058778762817,0.28197184205055237,0.024777881801128387,2.4636733531951904,2.606905221939087,2.6035635471343994,2.5750410556793213,2.7200911045074463,0.0,0.0893813744187355,1.0,1.413079023361206,1.3740911483764648,1.368304967880249,0.0,0.0016800964949652553,0.0014347466640174389,5.639393748424482e-06,0.007818750105798244,0.00016800964658614248,0.000781875045504421,0.0,0.0016800964949652553,12.0,0.0,0.0,0.0,0.0,0.0,0.0,,,,,,,,,,,,,,,,,,,,,,0.0005
49,8183,train_epoch,0.04884049352146908,0.10110323215851527,0.10144260320477858,0.0,0.003519863797864782,0.003519863797864782,0.0,2.48039939303598,9.999999747378752e-05,0.05000000074505806,0.009999999776482582,0.05000000074505806,0.0010000000474974513,0.0010000000474974513,1.0,0.02056167224522479,0.005775606471621348,0.0,0.0,0.0,0.0,0.0,0.0,0.0,0.0,-1.2166938253505502,-1.2166938253505502,1.0,-1.2166938253505502,-1.2166938189260974,-1.1963290775607447,0.0,-3.4268512054831683,2.7914544665171,1.0,0.02056167224522479,1.0,0.0,0.0,0.02056167224522479,0.0,0.0,0.005775606471621348,0.0,0.09966042370139482,0.1084200121953102,0.005691563452644173,0.9163744510290865,0.260595225377711,0.0,0.0,0.0,0.0,0.0,0.0,0.0,0.0,1.0,0.0,0.0007275600650474641,0.3372206327444065,0.4248012072311904,0.06989746928928856,0.0,0.10144260320477858,0.10110323215851527,0.10110323215851527,0.10982979441474298,-0.03291225533174005,4.290598909148513e-13,0.0,0.0,4.251652092276933,4.25165208942162,2.6702967746529036,2.6702967746529036,0.46651741184160384,0.0,0.0,0.0,0.0,0.09966042205066739,0.12516551580793128,2.7046994634752437e-05,0.9918129569042229,0.260595225377711,0.022464263994625942,2.5985995109923588,2.6665526307271628,2.6702967746529036,2.6645329255543784,2.7914544665171,0.0,0.08979985697897608,1.0,1.4552752600458567,1.4537012569918604,1.4540096899706447,0.0,0.002735765637623559,0.0018442714068213266,7.081595190608775e-05,0.007852221535195313,0.00027357656824120885,0.0007852221658581611,0.0,0.0027357656306525816,12.0,0.0,0.0,0.0,0.0,0.0,0.0,,,,,,,,,,,,,,,,,,,,,,0.0005
49,8183,val,,,,,,,,,,,,,,,,,,,,,,,,,,,,,,,,,,,,,,,,,,,,,,,,,,,,,,,,,,,,,,,,,,,,,,,,,,,,,,,,,,,,,,,,,,,,,,,,,,,,,,,,,,,,,,,,,,,14.909205811364311,617.4649505615234,24.848842036632682,10.601951709815435,6.78374184029443,13.983125550406319,23.02328607882115,9.654157706669398,6.363369022096906,14.873833554131645,24.850994968259833,10.461116543837957,6.7611651335443765,16.561839273997716,27.64195518740114,12.423794542040143,7.557171830109188,14.909205811364311,24.848842036632682,10.601951709815435,6.78374184029443,0.0005
49,8183,test,,,,,,,,,,,,,,,,,,,,,,,,,,,,,,,,,,,,,,,,,,,,,,,,,,,,,,,,,,,,,,,,,,,,,,,,,,,,,,,,,,,,,,,,,,,,,,,,,,,,,,,,,,,,,,,,,,,27.810511776379176,1846.767866407122,42.974037120185976,28.107963630131312,12.878204464912415,21.011506455285208,31.711976951651785,21.33955126149314,9.731299757957458,27.469578010695322,41.44157470514374,28.033594455037797,12.716669491359166,37.576884967940195,55.86566378654339,38.64192376817976,17.413731115204946,27.810511776379176,42.974037120185976,28.107963630131312,12.878204464912415,0.0005
50,8200,train,0.04714175686240196,0.10004807263612747,0.10036170482635498,0.0,0.0034239832311868668,0.0034239832311868668,0.0,2.483449697494507,9.999999747378752e-05,0.05000000074505806,0.009999999776482582,0.05000000074505806,0.0010000000474974513,0.0010000000474974513,1.0,0.017797771841287613,0.00778479129076004,0.0,0.0,0.0,0.0,0.0,0.0,0.0,0.0,-1.2237297296524048,-1.2237297296524048,1.0,-1.2237297296524048,-1.2237297296524048,-1.2001358270645142,0.0,-3.454472303390503,2.7582638263702393,1.0,0.017797771841287613,1.0,0.0,0.0,0.017797771841287613,0.0,0.0,0.00778479129076004,0.0,0.09221521019935608,0.10610043257474899,0.0035787075757980347,0.9488444328308105,0.24471910297870636,0.0,0.0,0.0,0.0,0.0,0.0,0.0,0.0,1.0,0.0,0.0008067405433394015,0.32608112692832947,0.4241041839122772,0.06956760585308075,0.0,0.10036170482635498,0.10004807263612747,0.10004807263612747,0.11835549771785736,-0.045001279562711716,1.5112830431540658e-10,0.0,0.0,4.315244674682617,4.315244674682617,2.6875476837158203,2.6875476837158203,0.5080484747886658,0.0,0.0,0.0,0.0,0.09221521019935608,0.12239866703748703,1.267902280233102e-05,0.9944761395454407,0.24471910297870636,0.021116729825735092,2.6386678218841553,2.6830122470855713,2.6875476837158203,2.6315524578094482,2.7582638263702393,0.0,0.09141827374696732,1.0,1.5261671543121338,1.48104989528656,1.4821457862854004,0.0,0.004694388248026371,0.002624319866299629,0.0003756924706976861,0.010102587752044201,0.00046943884808570147,0.0010102587984874845,0.0,0.004694388248026371,12.0,0.0,0.0,0.0,0.0,0.0,0.0,,,,,,,,,,,,,,,,,,,,,,0.0005
50,8220,train,0.046826303005218506,0.09957141429185867,0.09975744783878326,0.0,0.0034968515392392874,0.0034968515392392874,0.0,2.478579044342041,9.999999747378752e-05,0.05000000074505806,0.009999999776482582,0.05000000074505806,0.0010000000474974513,0.0010000000474974513,1.0,0.01793026551604271,0.003326907753944397,0.0,0.0,0.0,0.0,0.0,0.0,0.0,0.0,-1.2190093994140625,-1.2190093994140625,1.0,-1.2190093994140625,-1.2190093994140625,-1.1999132633209229,0.0,-3.4301061630249023,2.7737202644348145,1.0,0.01793026551604271,1.0,0.0,0.0,0.01793026551604271,0.0,0.0,0.003326907753944397,0.0,0.09667310118675232,0.10456474125385284,0.004128739237785339,0.9135050773620605,0.25651365518569946,0.0,0.0,0.0,0.0,0.0,0.0,0.0,0.0,1.0,0.0,0.0006847590557299554,0.3313113749027252,0.42762497067451477,0.0703919380903244,0.0,0.09975744783878326,0.09957141429185867,0.09957141429185867,0.11211709678173065,-0.03306565806269646,9.05828745345616e-11,0.0,0.0,4.166245460510254,4.166245460510254,2.6584420204162598,2.6584420204162598,0.47070008516311646,0.0,0.0,0.0,0.0,0.09667309373617172,0.12162172794342041,2.008378942264244e-05,0.991945207118988,0.25651365518569946,0.02066482976078987,2.5758955478668213,2.6564080715179443,2.6584420204162598,2.6402549743652344,2.7737202644348145,0.0,0.09217441082000732,1.0,1.389373540878296,1.4208581447601318,1.4381091594696045,0.0,0.0048996638506650925,0.002482489449903369,9.549401147523895e-05,0.00993334036320448,0.0004899663617834449,0.000993334106169641,0.0,0.004899663385003805,12.0,0.0,0.0,0.0,0.0,0.0,0.0,,,,,,,,,,,,,,,,,,,,,,0.0005
50,8240,train,0.05004802346229553,0.10205990821123123,0.10238566994667053,0.0,0.0035783061757683754,0.0035783061757683754,0.0,2.4584262371063232,9.999999747378752e-05,0.05000000074505806,0.009999999776482582,0.05000000074505806,0.0010000000474974513,0.0010000000474974513,1.0,0.023759644478559494,0.0005500540137290955,0.0,0.0,0.0,0.0,0.0,0.0,0.0,0.0,-1.215634822845459,-1.215634822845459,1.0,-1.215634822845459,-1.215634822845459,-1.1952582597732544,0.0,-3.4237236976623535,2.800377130508423,1.0,0.023759644478559494,1.0,0.0,0.0,0.023759644478559494,0.0,0.0,0.0005500540137290955,0.0,0.10055005550384521,0.10976439714431763,0.006274043582379818,0.9313222765922546,0.26140105724334717,0.0,0.0,0.0,0.0,0.0,0.0,0.0,0.0,1.0,0.0,0.0008346272516064346,0.33935093879699707,0.4253777265548706,0.0716346949338913,0.0,0.10238566994667053,0.10205990821123123,0.10205990821123123,0.10509925335645676,-0.026574276387691498,1.0136187722498136e-10,0.0,0.0,4.298098564147949,4.298098564147949,2.686795949935913,2.686795949935913,0.4457291066646576,0.0,0.0,0.0,0.0,0.10055005550384521,0.12721051275730133,1.6512594811501913e-05,0.9888620972633362,0.26140105724334717,0.022640932351350784,2.589970350265503,2.6858139038085938,2.686795949935913,2.665452718734741,2.800377130508423,0.0,0.09062335640192032,1.0,1.4029086828231812,1.436271071434021,1.4286329746246338,0.0,0.002403402701020241,0.00149151508230716,0.00015394287765957415,0.006248778197914362,0.0002403402904747054,0.000624877808149904,0.0,0.002403402701020241,12.0,0.0,0.0,0.0,0.0,0.0,0.0,,,,,,,,,,,,,,,,,,,,,,0.0005
50,8260,train,0.04851767048239708,0.10092736780643463,0.10146956890821457,0.0,0.003556047799065709,0.003556047799065709,0.0,2.478663682937622,9.999999747378752e-05,0.05000000074505806,0.009999999776482582,0.05000000074505806,0.0010000000474974513,0.0010000000474974513,1.0,0.01799548789858818,0.001548580825328827,0.0,0.0,0.0,0.0,0.0,0.0,0.0,0.0,-1.2191470861434937,-1.2191470861434937,1.0,-1.2191470861434937,-1.2191470861434937,-1.197715401649475,0.0,-3.425292730331421,2.7840893268585205,1.0,0.01799548789858818,1.0,0.0,0.0,0.01799548789858818,0.0,0.0,0.001548580825328827,0.0,0.10154858976602554,0.11210204660892487,0.004962281323969364,0.9292196035385132,0.26153066754341125,0.0,0.0,0.0,0.0,0.0,0.0,0.0,0.0,1.0,0.0,0.0009993670973926783,0.3373258709907532,0.4292985200881958,0.07028733938932419,0.0,0.10146956890821457,0.10092736780643463,0.10092736780643463,0.11318738013505936,-0.016286522150039673,-2.888465577832733e-10,0.0,0.0,4.271248817443848,4.271249294281006,2.688404083251953,2.688404083251953,0.4804646670818329,0.0,0.0,0.0,0.0,0.10154858231544495,0.1293865144252777,3.3869459002744406e-05,0.9951223731040955,0.26153066754341125,0.023866422474384308,2.6048738956451416,2.6850991249084473,2.688404083251953,2.6636269092559814,2.7840893268585205,0.0,0.09166304022073746,1.0,1.4831433296203613,1.428540587425232,1.425864577293396,0.0,0.0037360996939241886,0.002469342667609453,3.685394040076062e-05,0.009100118651986122,0.0003736099461093545,0.0009100118768401444,0.0,0.003736099461093545,12.0,0.0,0.0,0.0,0.0,0.0,0.0,,,,,,,,,,,,,,,,,,,,,,0.0005
50,8280,train,0.059352848678827286,0.10847917199134827,0.10876201838254929,0.0,0.00359782250598073,0.00359782250598073,0.0,2.4578263759613037,9.999999747378752e-05,0.05000000074505806,0.009999999776482582,0.05000000074505806,0.0010000000474974513,0.0010000000474974513,1.0,0.022838514298200607,0.004035420715808868,0.0,0.0,0.0,0.0,0.0,0.0,0.0,0.0,-1.1888545751571655,-1.1888545751571655,1.0,-1.1888545751571655,-1.1888545751571655,-1.1660085916519165,0.0,-3.379854202270508,2.8304648399353027,1.0,0.022838514298200607,1.0,0.0,0.0,0.022838514298200607,0.0,0.0,0.004035420715808868,0.0,0.09596458077430725,0.10690733045339584,0.0051566846668720245,0.9215521812438965,0.2533535957336426,0.0,0.0,0.0,0.0,0.0,0.0,0.0,0.0,1.0,0.0,0.0005674389540217817,0.34873270988464355,0.43129563331604004,0.07233010232448578,0.0,0.10876201838254929,0.10847917199134827,0.10847917199134827,0.09963035583496094,-0.030267704278230667,-1.8968424053689148e-10,0.0,0.0,4.265583515167236,4.265583515167236,2.68215274810791,2.68215274810791,0.42102521657943726,0.0,0.0,0.0,0.0,0.09596458077430725,0.1226772889494896,3.066772478632629e-05,0.9935099482536316,0.2533535957336426,0.02086397260427475,2.556629180908203,2.681260347366333,2.68215274810791,2.699040412902832,2.8304648399353027,0.0,0.08728701621294022,1.0,1.4063210487365723,1.4355405569076538,1.457718849182129,0.0,0.002545603085309267,0.001950704725459218,9.898541065922473e-06,0.007938441820442677,0.00025456034927628934,0.0007938441704027355,0.0,0.002545603085309267,12.0,0.0,0.0,0.0,0.0,0.0,0.0,,,,,,,,,,,,,,,,,,,,,,0.0005
50,8300,train,0.05120166018605232,0.10203287750482559,0.10220739245414734,0.0,0.0035716004204005003,0.0035716004204005003,0.0,2.465315341949463,9.999999747378752e-05,0.05000000074505806,0.009999999776482582,0.05000000074505806,0.0010000000474974513,0.0010000000474974513,1.0,0.018345007672905922,0.011495120823383331,0.0,0.0,0.0,0.0,0.0,0.0,0.0,0.0,-1.1954607963562012,-1.1954607963562012,1.0,-1.1954607963562012,-1.1954609155654907,-1.1757367849349976,0.0,-3.394672393798828,2.826538562774658,1.0,0.018345007672905922,1.0,0.0,0.0,0.018345007672905922,0.0,0.0,0.011495120823383331,0.0,0.08850488066673279,0.10420873761177063,0.00919012725353241,0.9067317843437195,0.23835895955562592,0.0,0.0,0.0,0.0,0.0,0.0,0.0,0.0,1.0,0.0,0.00039251259295269847,0.34680455923080444,0.431601881980896,0.0713791623711586,0.0,0.10220739245414734,0.10203287750482559,0.10203287750482559,0.1078595221042633,-0.013358836062252522,-1.1373254421576107e-10,0.0,0.0,4.300624847412109,4.300624847412109,2.7065017223358154,2.7065017223358154,0.45758017897605896,0.0,0.0,0.0,0.0,0.08850488066673279,0.11953429132699966,3.505790664348751e-05,0.9873459935188293,0.23835895955562592,0.020266545936465263,2.6188206672668457,2.7017574310302734,2.7065017223358154,2.700939893722534,2.826538562774658,0.0,0.08743005245923996,1.0,1.3846609592437744,1.479941725730896,1.482069730758667,0.0,0.004285781178623438,0.0022951955907046795,4.972328315488994e-05,0.009640623815357685,0.0004285781178623438,0.0009640624048188329,0.0,0.004285781178623438,12.0,0.0,0.0,0.0,0.0,0.0,0.0,,,,,,,,,,,,,,,,,,,,,,0.0005
50,8320,train,0.04477955400943756,0.09778265655040741,0.09790733456611633,0.0,0.00351293059065938,0.00351293059065938,0.0,2.4711968898773193,9.999999747378752e-05,0.05000000074505806,0.009999999776482582,0.05000000074505806,0.0010000000474974513,0.0010000000474974513,1.0,0.020633475854992867,0.004871740937232971,0.0,0.0,0.0,0.0,0.0,0.0,0.0,0.0,-1.2172141075134277,-1.2172141075134277,1.0,-1.2172141075134277,-1.2172139883041382,-1.1998251676559448,0.0,-3.4222922325134277,2.788426399230957,1.0,0.020633475854992867,1.0,0.0,0.0,0.020633475854992867,0.0,0.0,0.004871740937232971,0.0,0.10487174242734909,0.11408041417598724,0.005870509427040815,0.9354586601257324,0.2692722976207733,0.0,0.0,0.0,0.0,0.0,0.0,0.0,0.0,1.0,0.0,0.0003181358042638749,0.34008467197418213,0.4164258539676666,0.07046215236186981,0.0,0.09790733456611633,0.09778265655040741,0.09778265655040741,0.1160166785120964,-0.0422048345208168,1.9595421119067424e-10,0.0,0.0,4.243268966674805,4.243268966674805,2.6399593353271484,2.6399593353271484,0.49132072925567627,0.0,0.0,0.0,0.0,0.10487174242734909,0.13036027550697327,1.8009417544817552e-05,0.9925179481506348,0.2692722976207733,0.02460937574505806,2.5683953762054443,2.633892774581909,2.6399593353271484,2.6610443592071533,2.788426399230957,0.0,0.08652501553297043,1.0,1.4244321584701538,1.4191412925720215,1.4268563985824585,0.0,0.001992582343518734,0.001744503271766007,5.2981911721872166e-05,0.006875752471387386,0.00019925825472455472,0.0006875752587802708,0.0,0.001992582343518734,12.0,0.0,0.0,0.0,0.0,0.0,0.0,,,,,,,,,,,,,,,,,,,,,,0.0005
50,8340,train,0.05182962864637375,0.10335458815097809,0.1037834882736206,0.0,0.003667790675535798,0.003667790675535798,0.0,2.478494167327881,9.999999747378752e-05,0.05000000074505806,0.009999999776482582,0.05000000074505806,0.0010000000474974513,0.0010000000474974513,1.0,0.020325440913438797,0.007666289806365967,0.0,0.0,0.0,0.0,0.0,0.0,0.0,0.0,-1.2123481035232544,-1.2123481035232544,1.0,-1.2123481035232544,-1.2123481035232544,-1.1864343881607056,0.0,-3.4177277088165283,2.803611993789673,1.0,0.020325440913438797,1.0,0.0,0.0,0.020325440913438797,0.0,0.0,0.007666289806365967,0.0,0.10766629874706268,0.11782640963792801,0.007010560482740402,0.9306684732437134,0.2708355486392975,0.0,0.0,0.0,0.0,0.0,0.0,0.0,0.0,1.0,0.0,0.0012033911189064384,0.3448309600353241,0.4310394823551178,0.07017390429973602,0.0,0.1037834882736206,0.10335458815097809,0.10335458815097809,0.10931338369846344,-0.02652636170387268,-6.734263147123443e-11,0.0,0.0,4.35616397857666,4.35616397857666,2.71455454826355,2.71455454826355,0.4733680486679077,0.0,0.0,0.0,0.0,0.10766629129648209,0.1351414918899536,4.418021853780374e-05,0.9934602975845337,0.2708355486392975,0.026478249579668045,2.6196694374084473,2.709949016571045,2.71455454826355,2.689798593521118,2.803611993789673,0.0,0.09256339073181152,1.0,1.4519456624984741,1.4408771991729736,1.4302845001220703,0.0,0.0026007946580648422,0.002040579915046692,5.886962389922701e-05,0.007625028491020203,0.0002600794832687825,0.0007625028374604881,0.0,0.0026007946580648422,12.0,0.0,0.0,0.0,0.0,0.0,0.0,,,,,,,,,,,,,,,,,,,,,,0.0005
50,8350,train_epoch,0.049116070421334514,0.10114125202515882,0.10148793253713026,0.0,0.0035332979670653266,0.0035332979670653266,0.0,2.4740115896670405,9.999999747378752e-05,0.05000000074505806,0.009999999776482582,0.05000000074505806,0.0010000000474974513,0.0010000000474974513,1.0,0.020108233479236414,0.00524096596919134,0.0,0.0,0.0,0.0,0.0,0.0,0.0,0.0,-1.212869714120191,-1.212869714120191,1.0,-1.212869714120191,-1.2128697255414402,-1.1923506988022856,0.0,-3.4195682288643843,2.7918967344089896,1.0,0.020108233479236414,1.0,0.0,0.0,0.020108233479236414,0.0,0.0,0.00524096596919134,0.0,0.0998341697240304,0.10945162699072661,0.00560035471090612,0.9226063036633109,0.2603244284491339,0.0,0.0,0.0,0.0,0.0,0.0,0.0,0.0,1.0,0.0,0.0007343571136418373,0.33848778751795877,0.42502037690071287,0.0705408971466704,0.0,0.10148793253713026,0.10114125202515882,0.10114125202515882,0.10933229358431822,-0.031848983451567905,-4.770059015112074e-12,0.0,0.0,4.255222957291289,4.2552229687125385,2.6727357067747746,2.6727357067747746,0.4645594513701822,0.0,0.0,0.0,0.0,0.09983416865328829,0.12614199898378578,3.112262844231867e-05,0.9930439323722245,0.2603244284491339,0.022823655487088385,2.599792163529082,2.668560863255027,2.6727357067747746,2.667288910129113,2.7918967344089896,0.0,0.0905690122239604,1.0,1.4488789992418118,1.4484342408037472,1.4490773949080598,0.0,0.003186698947910465,0.0021052287060566647,8.962898802856543e-05,0.0086733865283965,0.0003186699031213644,0.0008673386656662483,0.0,0.0031866989506988555,12.0,0.0,0.0,0.0,0.0,0.0,0.0,,,,,,,,,,,,,,,,,,,,,,0.0005
50,8350,val,,,,,,,,,,,,,,,,,,,,,,,,,,,,,,,,,,,,,,,,,,,,,,,,,,,,,,,,,,,,,,,,,,,,,,,,,,,,,,,,,,,,,,,,,,,,,,,,,,,,,,,,,,,,,,,,,,,14.992838059152875,619.9699598039899,24.899195967018493,10.794790506362915,6.82157655273165,14.122896058218819,23.136253328882614,9.818963050842285,6.423017169748034,14.979771690709251,24.907182800799802,10.58102296079908,6.81102728843689,16.565463985715592,27.616008308658824,12.392261981964111,7.563936063221523,14.992838059152875,24.899195967018493,10.794790506362915,6.82157655273165,0.0005
51,8360,train,0.0525098592042923,0.10381170362234116,0.10467135906219482,0.0,0.0036364709958434105,0.0036364709958434105,0.0,2.4798362255096436,9.999999747378752e-05,0.05000000074505806,0.009999999776482582,0.05000000074505806,0.0010000000474974513,0.0010000000474974513,1.0,0.02177111990749836,0.004283100366592407,0.0,0.0,0.0,0.0,0.0,0.0,0.0,0.0,-1.2115330696105957,-1.2115330696105957,1.0,-1.2115330696105957,-1.2115330696105957,-1.1853692531585693,0.0,-3.4237594604492188,2.8101048469543457,1.0,0.02177111990749836,1.0,0.0,0.0,0.02177111990749836,0.0,0.0,0.004283100366592407,0.0,0.10428310185670853,0.11160682886838913,0.006808958016335964,0.926931619644165,0.26708269119262695,0.0,0.0,0.0,0.0,0.0,0.0,0.0,0.0,1.0,0.0,0.0013581848470494151,0.34617674350738525,0.4332721531391144,0.07017138600349426,0.0,0.10467135906219482,0.10381170362234116,0.10381170362234116,0.10257082432508469,-0.01897493563592434,1.7934762008842142e-10,0.0,0.0,4.2425031661987305,4.2425031661987305,2.690645694732666,2.690645694732666,0.4278423488140106,0.0,0.0,0.0,0.0,0.10428310185670853,0.13002550601959229,2.8090740670450032e-05,0.9902529716491699,0.26708269119262695,0.02414981834590435,2.5735416412353516,2.689918279647827,2.690645694732666,2.6663904190063477,2.8101048469543457,0.0,0.09229004383087158,1.0,1.4184956550598145,1.4518749713897705,1.4404149055480957,0.0,0.003262318205088377,0.0023174863308668137,1.8633547369972803e-05,0.009775064885616302,0.0003262318205088377,0.0009775065118446946,0.0,0.0032623179722577333,12.0,0.0,0.0,0.0,0.0,0.0,0.0,,,,,,,,,,,,,,,,,,,,,,0.0005
51,8380,train,0.04864969477057457,0.09984763711690903,0.1004900336265564,0.0,0.0036385550629347563,0.0036385550629347563,0.0,2.4692323207855225,9.999999747378752e-05,0.05000000074505806,0.009999999776482582,0.05000000074505806,0.0010000000474974513,0.0010000000474974513,1.0,0.01841065287590027,5.781650543212891e-06,0.0,0.0,0.0,0.0,0.0,0.0,0.0,0.0,-1.1957203149795532,-1.1957203149795532,1.0,-1.1957203149795532,-1.1957203149795532,-1.1761152744293213,0.0,-3.392080068588257,2.809913396835327,1.0,0.01841065287590027,1.0,0.0,0.0,0.01841065287590027,0.0,0.0,5.781650543212891e-06,0.0,0.0999942198395729,0.115054190158844,0.005137769039720297,0.9322447180747986,0.25802847743034363,0.0,0.0,0.0,0.0,0.0,0.0,0.0,0.0,1.0,0.0,0.0012193054426461458,0.3469187319278717,0.42421579360961914,0.07043535262346268,0.0,0.1004900336265564,0.09984763711690903,0.09984763711690903,0.1066398173570633,-0.02032722346484661,1.332603749570893e-10,0.0,0.0,4.183711051940918,4.183711051940918,2.671489953994751,2.671489953994751,0.4433305263519287,0.0,0.0,0.0,0.0,0.0999942198395729,0.12967802584171295,5.821438389830291e-05,0.9961519837379456,0.25802847743034363,0.024142159149050713,2.606844902038574,2.6633987426757812,2.671489953994751,2.683568239212036,2.809913396835327,0.0,0.09425313770771027,1.0,1.470470666885376,1.4192947149276733,1.4351162910461426,0.0,0.0027320589870214462,0.001993909478187561,5.415261512098368e-06,0.007555935997515917,0.000273205921985209,0.0007555935881100595,0.0,0.0027320589870214462,12.0,0.0,0.0,0.0,0.0,0.0,0.0,,,,,,,,,,,,,,,,,,,,,,0.0005
51,8400,train,0.051128119230270386,0.10297029465436935,0.10368329286575317,0.0,0.0035644592717289925,0.0035644592717289925,0.0,2.4931201934814453,9.999999747378752e-05,0.05000000074505806,0.009999999776482582,0.05000000074505806,0.0010000000474974513,0.0010000000474974513,1.0,0.020062409341335297,0.002988487482070923,0.0,0.0,0.0,0.0,0.0,0.0,0.0,0.0,-1.2171568870544434,-1.2171568870544434,1.0,-1.2171568870544434,-1.2171568870544434,-1.1963833570480347,0.0,-3.419572591781616,2.7754809856414795,1.0,0.020062409341335297,1.0,0.0,0.0,0.020062409341335297,0.0,0.0,0.002988487482070923,0.0,0.10298849642276764,0.10882152616977692,0.007354178931564093,0.930090606212616,0.2695482671260834,0.0,0.0,0.0,0.0,0.0,0.0,0.0,0.0,1.0,0.0,0.001305859419517219,0.34109601378440857,0.42688772082328796,0.0693010687828064,0.0,0.10368329286575317,0.10297029465436935,0.10297029465436935,0.10746835172176361,-0.03527018800377846,1.6019138793232912e-10,0.0,0.0,4.279651641845703,4.279651165008545,2.6706948280334473,2.6706948280334473,0.449384868144989,0.0,0.0,0.0,0.0,0.10298848897218704,0.1253325194120407,4.7761604946572334e-05,0.9957578778266907,0.2695482671260834,0.022640932351350784,2.5692789554595947,2.670356273651123,2.6706948280334473,2.6336851119995117,2.7754809856414795,0.0,0.09569719433784485,1.0,1.4030251502990723,1.413439154624939,1.4217298030853271,0.0,0.002640416380017996,0.0019582428503781557,0.00010714138625189662,0.00787911843508482,0.0002640416205395013,0.0007879118784330785,0.0,0.002640416380017996,12.0,0.0,0.0,0.0,0.0,0.0,0.0,,,,,,,,,,,,,,,,,,,,,,0.0005
51,8420,train,0.048272088170051575,0.10046327114105225,0.10088863223791122,0.0,0.003562993137165904,0.003562993137165904,0.0,2.5112738609313965,9.999999747378752e-05,0.05000000074505806,0.009999999776482582,0.05000000074505806,0.0010000000474974513,0.0010000000474974513,1.0,0.01972859725356102,0.004480332136154175,0.0,0.0,0.0,0.0,0.0,0.0,0.0,0.0,-1.213706612586975,-1.213706612586975,1.0,-1.213706612586975,-1.213706612586975,-1.1932810544967651,0.0,-3.4138925075531006,2.8205432891845703,1.0,0.01972859725356102,1.0,0.0,0.0,0.01972859725356102,0.0,0.0,0.004480332136154175,0.0,0.09551966935396194,0.11166501045227051,0.005093412008136511,0.9305090308189392,0.2478557676076889,0.0,0.0,0.0,0.0,0.0,0.0,0.0,0.0,1.0,0.0,0.0007421422051265836,0.34505409002304077,0.4262343645095825,0.0675319954752922,0.0,0.10088863223791122,0.10046327114105225,0.10046327114105225,0.10732505470514297,-0.03428835794329643,3.418841876268175e-10,0.0,0.0,4.401175498962402,4.401175498962402,2.6912436485290527,2.6912436485290527,0.4742981195449829,0.0,0.0,0.0,0.0,0.09551966935396194,0.1274862289428711,9.961715477402322e-06,0.9891548752784729,0.2478557676076889,0.02262561395764351,2.6198081970214844,2.6854665279388428,2.6912436485290527,2.6859705448150635,2.8205432891845703,0.0,0.09216891974210739,1.0,1.450937032699585,1.4481385946273804,1.450951337814331,0.0,0.0024295274633914232,0.001736002042889595,2.191710336774122e-05,0.006024196743965149,0.00024295278126373887,0.0006024196627549827,0.0,0.002429527696222067,12.0,0.0,0.0,0.0,0.0,0.0,0.0,,,,,,,,,,,,,,,,,,,,,,0.0005
51,8440,train,0.04283532127737999,0.09755311906337738,0.09770752489566803,0.0,0.0034914722200483084,0.0034914722200483084,0.0,2.494719982147217,9.999999747378752e-05,0.05000000074505806,0.009999999776482582,0.05000000074505806,0.0010000000474974513,0.0010000000474974513,1.0,0.020721402019262314,0.0018780604004859924,0.0,0.0,0.0,0.0,0.0,0.0,0.0,0.0,-1.2450990676879883,-1.2450990676879883,1.0,-1.2450990676879883,-1.2450990676879883,-1.2280970811843872,0.0,-3.473029375076294,2.7412426471710205,1.0,0.020721402019262314,1.0,0.0,0.0,0.020721402019262314,0.0,0.0,0.0018780604004859924,0.0,0.10187806189060211,0.10740233957767487,0.003520659636706114,0.914088249206543,0.2675677239894867,0.0,0.0,0.0,0.0,0.0,0.0,0.0,0.0,1.0,0.0,0.0004977153730578721,0.33133143186569214,0.4207169711589813,0.06873536109924316,0.0,0.09770752489566803,0.09755311906337738,0.09755311906337738,0.10574125498533249,-0.030100209638476372,1.4226178395027045e-11,0.0,0.0,4.224776268005371,4.224776268005371,2.6664223670959473,2.6664223670959473,0.4413837194442749,0.0,0.0,0.0,0.0,0.10187806189060211,0.12430164963006973,4.8028206947492436e-05,0.9892792105674744,0.2675677239894867,0.02209712192416191,2.6077284812927246,2.6634628772735596,2.6664223670959473,2.6296117305755615,2.7412426471710205,0.0,0.0897744670510292,1.0,1.425069808959961,1.4077929258346558,1.3770040273666382,0.0,0.0021754465997219086,0.0014278603484854102,8.084161527222022e-05,0.005721152760088444,0.00021754464250989258,0.0005721152992919087,0.0,0.0021754465997219086,12.0,0.0,0.0,0.0,0.0,0.0,0.0,,,,,,,,,,,,,,,,,,,,,,0.0005
51,8460,train,0.04717906564474106,0.09835691004991531,0.09839261323213577,0.0,0.0035545367281883955,0.0035545367281883955,0.0,2.4787919521331787,9.999999747378752e-05,0.05000000074505806,0.009999999776482582,0.05000000074505806,0.0010000000474974513,0.0010000000474974513,1.0,0.018093816936016083,0.0075139328837394714,0.0,0.0,0.0,0.0,0.0,0.0,0.0,0.0,-1.1884597539901733,-1.1884597539901733,1.0,-1.1884597539901733,-1.188459873199463,-1.1694631576538086,0.0,-3.3730275630950928,2.8474204540252686,1.0,0.018093816936016083,1.0,0.0,0.0,0.018093816936016083,0.0,0.0,0.0075139328837394714,0.0,0.09248606860637665,0.10746754705905914,0.00810075830668211,0.9034174680709839,0.24495267868041992,0.0,0.0,0.0,0.0,0.0,0.0,0.0,0.0,1.0,0.0,0.0004590419994201511,0.335576593875885,0.4346906542778015,0.07044649869203568,0.0,0.09839261323213577,0.09835691004991531,0.09835691004991531,0.1072954386472702,-0.013066746294498444,-9.473350576216788e-11,0.0,0.0,4.212958812713623,4.212958812713623,2.709639549255371,2.709639549255371,0.4544536769390106,0.0,0.0,0.0,0.0,0.09248606860637665,0.12366963177919388,8.976781828096136e-06,0.9959717392921448,0.24495267868041992,0.02144607901573181,2.624094247817993,2.7069671154022217,2.709639549255371,2.699213743209839,2.8474204540252686,0.0,0.0863330066204071,1.0,1.4223694801330566,1.4674453735351562,1.4719963073730469,0.0,0.0035484093241393566,0.002454262226819992,5.288408283377066e-05,0.009502580389380455,0.00035484094405546784,0.0009502580505795777,0.0,0.0035484093241393566,12.0,0.0,0.0,0.0,0.0,0.0,0.0,,,,,,,,,,,,,,,,,,,,,,0.0005
51,8480,train,0.05192926898598671,0.10317026823759079,0.10350320488214493,0.0,0.0034899257589131594,0.0034899257589131594,0.0,2.459334135055542,9.999999747378752e-05,0.05000000074505806,0.009999999776482582,0.05000000074505806,0.0010000000474974513,0.0010000000474974513,1.0,0.01900002360343933,0.0028456076979637146,0.0,0.0,0.0,0.0,0.0,0.0,0.0,0.0,-1.2063984870910645,-1.2063984870910645,1.0,-1.2063984870910645,-1.2063984870910645,-1.1832540035247803,0.0,-3.4127376079559326,2.8030178546905518,1.0,0.01900002360343933,1.0,0.0,0.0,0.01900002360343933,0.0,0.0,0.0028456076979637146,0.0,0.0971543937921524,0.10951406508684158,0.006993516813963652,0.9410090446472168,0.25494319200515747,0.0,0.0,0.0,0.0,0.0,0.0,0.0,0.0,1.0,0.0,0.0006910609663464129,0.33883994817733765,0.4284379780292511,0.07152687758207321,0.0,0.10350320488214493,0.10317026823759079,0.10317026823759079,0.10669183731079102,-0.03267354890704155,2.2598489052283455e-11,0.0,0.0,4.218535423278809,4.218535423278809,2.7065000534057617,2.7065000534057617,0.43995335698127747,0.0,0.0,0.0,0.0,0.0971543937921524,0.1261255294084549,2.069503716484178e-05,0.9973650574684143,0.25494319200515747,0.02298560179769993,2.65059757232666,2.6981565952301025,2.7065000534057617,2.7129459381103516,2.8030178546905518,0.0,0.08989760279655457,1.0,1.4829330444335938,1.4761714935302734,1.481015920639038,0.0,0.0031045181676745415,0.002132829511538148,6.0500304243760183e-05,0.010440971702337265,0.00031045181094668806,0.0010440972400829196,0.0,0.003104517934843898,12.0,0.0,0.0,0.0,0.0,0.0,0.0,,,,,,,,,,,,,,,,,,,,,,0.0005
51,8500,train,0.043276913464069366,0.09717673808336258,0.0977858453989029,0.0,0.003558977972716093,0.003558977972716093,0.0,2.513092279434204,9.999999747378752e-05,0.05000000074505806,0.009999999776482582,0.05000000074505806,0.0010000000474974513,0.0010000000474974513,1.0,0.019249511882662773,0.0031394213438034058,0.0,0.0,0.0,0.0,0.0,0.0,0.0,0.0,-1.2318106889724731,-1.2318106889724731,1.0,-1.2318106889724731,-1.2318108081817627,-1.213360071182251,0.0,-3.452401876449585,2.7798731327056885,1.0,0.019249511882662773,1.0,0.0,0.0,0.019249511882662773,0.0,0.0,0.0031394213438034058,0.0,0.10313942283391953,0.11663156002759933,0.004624086432158947,0.9751689434051514,0.26263195276260376,0.0,0.0,0.0,0.0,0.0,0.0,0.0,0.0,1.0,0.0,0.0012385500594973564,0.3397870659828186,0.4157543480396271,0.06674296408891678,0.0,0.0977858453989029,0.09717673808336258,0.09717673808336258,0.11017797142267227,-0.025896992534399033,1.641384944628399e-10,0.0,0.0,4.206777095794678,4.206777095794678,2.6356115341186523,2.6356115341186523,0.4664347171783447,0.0,0.0,0.0,0.0,0.10313942283391953,0.1328735202550888,5.514543317985954e-06,0.9956768155097961,0.26263195276260376,0.025628065690398216,2.5959761142730713,2.6267220973968506,2.6356115341186523,2.6551461219787598,2.7798731327056885,0.0,0.09374947100877762,1.0,1.3929624557495117,1.3889861106872559,1.3881648778915405,0.0,0.0037834213580936193,0.002645420376211405,0.00022584050020668656,0.010857265442609787,0.0003783421707339585,0.0010857265442609787,0.0,0.0037834213580936193,12.0,0.0,0.0,0.0,0.0,0.0,0.0,,,,,,,,,,,,,,,,,,,,,,0.0005
51,8517,train_epoch,0.048783401975374736,0.10081053659052192,0.10114080441033768,0.0,0.0035380858281058468,0.0035380858281058468,0.0,2.4837359111466095,9.999999747378752e-05,0.05000000074505806,0.009999999776482582,0.05000000074505806,0.0010000000474974513,0.0010000000474974513,1.0,0.01969715500038541,0.004350203463060413,0.0,0.0,0.0,0.0,0.0,0.0,0.0,0.0,-1.2117436838721087,-1.2117436838721087,1.0,-1.2117436838721087,-1.2117436810167963,-1.1908704770539336,0.0,-3.4177845752167846,2.7982902141388304,1.0,0.01969715500038541,1.0,0.0,0.0,0.01969715500038541,0.0,0.0,0.004350203463060413,0.0,0.09940445249130626,0.10985026722718141,0.00584887426407885,0.924846386124274,0.25945568780699174,0.0,0.0,0.0,0.0,0.0,0.0,0.0,0.0,1.0,0.0,0.000714049166647723,0.33941534322179007,0.4259227946132957,0.06962714714561394,0.0,0.10114080441033768,0.10081053659052192,0.10081053659052192,0.10886753417417674,-0.03121742004985938,-2.1299633401838205e-14,0.0,0.0,4.255981105530333,4.255981091253772,2.6798665552082177,2.6798665552082177,0.46202958094145724,0.0,0.0,0.0,0.0,0.09940445084057882,0.1263168101717612,3.007272503422602e-05,0.9930884570418718,0.25945568780699174,0.022932261920082356,2.60762732328769,2.675336293831557,2.6798665552082177,2.6751166860500497,2.7982902141388304,0.0,0.09079947291377062,1.0,1.4440214976579129,1.4437791116223364,1.4444978115801326,0.0,0.0029829886008589388,0.002064669699251964,7.478024946371267e-05,0.008646482677048373,0.00029829886311826903,0.0008646482800434672,0.0,0.002982988584825691,12.0,0.0,0.0,0.0,0.0,0.0,0.0,,,,,,,,,,,,,,,,,,,,,,0.0005
51,8517,val,,,,,,,,,,,,,,,,,,,,,,,,,,,,,,,,,,,,,,,,,,,,,,,,,,,,,,,,,,,,,,,,,,,,,,,,,,,,,,,,,,,,,,,,,,,,,,,,,,,,,,,,,,,,,,,,,,,15.139092070715767,625.9496697017124,25.01898618453019,11.141660383769445,6.904611153262002,14.19348337820598,23.205744267343437,10.002299078873225,6.4616078819547385,15.177154115268163,25.052272861248323,11.177716135978699,6.926665553024837,16.754944103104727,27.72789465247555,13.037892230919429,7.67550881419863,15.139092070715767,25.01898618453019,11.141660383769445,6.904611153262002,0.0005
52,8520,train,0.053065333515405655,0.10429306328296661,0.10498164594173431,0.0,0.0035075265914201736,0.0035075265914201736,0.0,2.438734292984009,9.999999747378752e-05,0.05000000074505806,0.009999999776482582,0.05000000074505806,0.0010000000474974513,0.0010000000474974513,1.0,0.02156069129705429,0.008633770048618317,0.0,0.0,0.0,0.0,0.0,0.0,0.0,0.0,-1.211225152015686,-1.211225152015686,1.0,-1.211225152015686,-1.211225152015686,-1.187427043914795,0.0,-3.4200751781463623,2.788043260574341,1.0,0.02156069129705429,1.0,0.0,0.0,0.02156069129705429,0.0,0.0,0.008633770048618317,0.0,0.0913662388920784,0.10587234795093536,0.005049425642937422,0.9274441003799438,0.24272258579730988,0.0,0.0,0.0,0.0,0.0,0.0,0.0,0.0,1.0,0.0,0.0011037890799343586,0.3389635384082794,0.4292025864124298,0.07330437749624252,0.0,0.10498164594173431,0.10429306328296661,0.10429306328296661,0.11024978756904602,-0.03897067904472351,1.619582107315054e-10,0.0,0.0,4.186644554138184,4.186644554138184,2.701230525970459,2.701230525970459,0.4676148593425751,0.0,0.0,0.0,0.0,0.0913662314414978,0.1223694458603859,1.54831195686711e-05,0.9845874309539795,0.24272258579730988,0.021277574822306633,2.6242339611053467,2.6967689990997314,2.701230525970459,2.6755685806274414,2.788043260574341,0.0,0.0936083272099495,1.0,1.5171527862548828,1.477697730064392,1.4726533889770508,0.0,0.0030406853184103966,0.002070706570520997,0.00017218767607118934,0.009334027767181396,0.00030406852602027357,0.000933402800001204,0.0,0.0030406853184103966,12.0,0.0,0.0,0.0,0.0,0.0,0.0,,,,,,,,,,,,,,,,,,,,,,0.0005
52,8540,train,0.04066312313079834,0.09330057352781296,0.09393781423568726,0.0,0.003509663976728916,0.003509663976728916,0.0,2.414860963821411,9.999999747378752e-05,0.05000000074505806,0.009999999776482582,0.05000000074505806,0.0010000000474974513,0.0010000000474974513,1.0,0.018156055361032486,0.002284035086631775,0.0,0.0,0.0,0.0,0.0,0.0,0.0,0.0,-1.1977070569992065,-1.1977070569992065,1.0,-1.1977070569992065,-1.1977070569992065,-1.1844942569732666,0.0,-3.3922793865203857,2.7971227169036865,1.0,0.018156055361032486,1.0,0.0,0.0,0.018156055361032486,0.0,0.0,0.002284035086631775,0.0,0.1022840365767479,0.11339383572340012,0.004812020808458328,0.9274039268493652,0.2643372714519501,0.0,0.0,0.0,0.0,0.0,0.0,0.0,0.0,1.0,0.0,0.0013154014013707638,0.3319222331047058,0.42079317569732666,0.07406987249851227,0.0,0.09393781423568726,0.09330057352781296,0.09330057352781296,0.10974713414907455,-0.03003552369773388,1.6189905319152764e-11,0.0,0.0,4.320526123046875,4.320526123046875,2.690246343612671,2.690246343612671,0.4719555079936981,0.0,0.0,0.0,0.0,0.1022840365767479,0.13022629916667938,8.658721344545484e-05,0.9939821362495422,0.2643372714519501,0.025344669818878174,2.6831438541412354,2.6789417266845703,2.690246343612671,2.701195001602173,2.7971227169036865,0.0,0.09589048475027084,1.0,1.4764609336853027,1.507751703262329,1.5050971508026123,0.0,0.004242789465934038,0.0022448839154094458,0.0003549687971826643,0.00899078045040369,0.00042427892913110554,0.0008990780333988369,0.0,0.004242789465934038,12.0,0.0,0.0,0.0,0.0,0.0,0.0,,,,,,,,,,,,,,,,,,,,,,0.0005
52,8560,train,0.053513579070568085,0.10359951108694077,0.10386143624782562,0.0,0.0035176521632820368,0.0035176521632820368,0.0,2.4619548320770264,9.999999747378752e-05,0.05000000074505806,0.009999999776482582,0.05000000074505806,0.0010000000474974513,0.0010000000474974513,1.0,0.019664499908685684,0.004426456987857819,0.0,0.0,0.0,0.0,0.0,0.0,0.0,0.0,-1.1884064674377441,-1.1884064674377441,1.0,-1.1884064674377441,-1.1884064674377441,-1.1697971820831299,0.0,-3.373253345489502,2.823768377304077,1.0,0.019664499908685684,1.0,0.0,0.0,0.019664499908685684,0.0,0.0,0.004426456987857819,0.0,0.0955735445022583,0.10981734097003937,0.0033061890862882137,0.9501339197158813,0.25203612446784973,0.0,0.0,0.0,0.0,0.0,0.0,0.0,0.0,1.0,0.0,0.000547758478205651,0.3378369212150574,0.42956218123435974,0.07163389772176743,0.0,0.10386143624782562,0.10359951108694077,0.10359951108694077,0.10899760574102402,-0.02309694141149521,2.2912508002015386e-10,0.0,0.0,4.181288242340088,4.181288242340088,2.6889595985412598,2.6889595985412598,0.454030841588974,0.0,0.0,0.0,0.0,0.0955735445022583,0.12470073252916336,8.51013737701578e-06,0.9919556379318237,0.25203612446784973,0.02249540574848652,2.616321563720703,2.683802843093872,2.6889595985412598,2.695427894592285,2.823768377304077,0.0,0.08916450291872025,1.0,1.4977376461029053,1.4612330198287964,1.491172194480896,0.0,0.005230939015746117,0.0029590206686407328,0.00015444480231963098,0.011210219003260136,0.0005230939132161438,0.001121021923609078,0.0,0.005230938550084829,12.0,0.0,0.0,0.0,0.0,0.0,0.0,,,,,,,,,,,,,,,,,,,,,,0.0005
52,8580,train,0.04497337341308594,0.09671945124864578,0.09733369201421738,0.0,0.003512608353048563,0.003512608353048563,0.0,2.4486286640167236,9.999999747378752e-05,0.05000000074505806,0.009999999776482582,0.05000000074505806,0.0010000000474974513,0.0010000000474974513,1.0,0.01954454742372036,0.0027817338705062866,0.0,0.0,0.0,0.0,0.0,0.0,0.0,0.0,-1.1942604780197144,-1.1942604780197144,1.0,-1.1942604780197144,-1.1942604780197144,-1.1769425868988037,0.0,-3.394486904144287,2.821563720703125,1.0,0.01954454742372036,1.0,0.0,0.0,0.01954454742372036,0.0,0.0,0.0027817338705062866,0.0,0.102781742811203,0.1066693663597107,0.006704800762236118,0.904972493648529,0.27117520570755005,0.0,0.0,0.0,0.0,0.0,0.0,0.0,0.0,1.0,0.0,0.0011228063376620412,0.34032315015792847,0.42831453680992126,0.07255236059427261,0.0,0.09733369201421738,0.09671945124864578,0.09671945124864578,0.10254327207803726,-0.017682209610939026,1.41711392620536e-10,0.0,0.0,4.166639804840088,4.166639804840088,2.710461378097534,2.710461378097534,0.41749101877212524,0.0,0.0,0.0,0.0,0.1027817353606224,0.12294815480709076,8.3059974713251e-05,0.9924042820930481,0.27117520570755005,0.021852023899555206,2.6360130310058594,2.707045555114746,2.710461378097534,2.72347092628479,2.821563720703125,0.0,0.0919884443283081,1.0,1.4630074501037598,1.4455736875534058,1.461417555809021,0.0,0.0030046477913856506,0.0019380367593839765,4.836747393710539e-05,0.007505046669393778,0.00030046480242162943,0.0007505046669393778,0.0,0.0030046480242162943,12.0,0.0,0.0,0.0,0.0,0.0,0.0,,,,,,,,,,,,,,,,,,,,,,0.0005
52,8600,train,0.05098509415984154,0.10249178111553192,0.10314732044935226,0.0,0.0036191786639392376,0.0036191786639392376,0.0,2.4647555351257324,9.999999747378752e-05,0.05000000074505806,0.009999999776482582,0.05000000074505806,0.0010000000474974513,0.0010000000474974513,1.0,0.021404467523097992,0.0037326738238334656,0.0,0.0,0.0,0.0,0.0,0.0,0.0,0.0,-1.209812045097351,-1.209812045097351,1.0,-1.209812045097351,-1.2098119258880615,-1.1918853521347046,0.0,-3.407703399658203,2.8043649196624756,1.0,0.021404467523097992,1.0,0.0,0.0,0.021404467523097992,0.0,0.0,0.0037326738238334656,0.0,0.09626732766628265,0.10806503146886826,0.00667619239538908,0.9302366971969604,0.2545630633831024,0.0,0.0,0.0,0.0,0.0,0.0,0.0,0.0,1.0,0.0,0.0014163907617330551,0.34290510416030884,0.4249717593193054,0.07118861377239227,0.0,0.10314732044935226,0.10249178111553192,0.10249178111553192,0.10280922055244446,-0.03424646705389023,-1.6817941136948455e-11,0.0,0.0,4.219773769378662,4.219773769378662,2.6778664588928223,2.6778664588928223,0.43587154150009155,0.0,0.0,0.0,0.0,0.09626732766628265,0.12402907758951187,1.3758643035544083e-05,0.9932263493537903,0.2545630633831024,0.02181372605264187,2.6178901195526123,2.6713128089904785,2.6778664588928223,2.688257932662964,2.8043649196624756,0.0,0.0978209376335144,1.0,1.3981668949127197,1.4096369743347168,1.436761736869812,0.0,0.0033791190944612026,0.0018718530191108584,0.00025331423967145383,0.008031842298805714,0.0003379118861630559,0.0008031842298805714,0.0,0.0033791190944612026,12.0,0.0,0.0,0.0,0.0,0.0,0.0,,,,,,,,,,,,,,,,,,,,,,0.0005
52,8620,train,0.049289654940366745,0.10089918971061707,0.10118963569402695,0.0,0.003417434636503458,0.003417434636503458,0.0,2.449253797531128,9.999999747378752e-05,0.05000000074505806,0.009999999776482582,0.05000000074505806,0.0010000000474974513,0.0010000000474974513,1.0,0.020064741373062134,1.710653305053711e-05,0.0,0.0,0.0,0.0,0.0,0.0,0.0,0.0,-1.2047224044799805,-1.2047224044799805,1.0,-1.2047224044799805,-1.204722285270691,-1.1855754852294922,0.0,-3.3994832038879395,2.8060262203216553,1.0,0.020064741373062134,1.0,0.0,0.0,0.020064741373062134,0.0,0.0,1.710653305053711e-05,0.0,0.10001710802316666,0.1118636354804039,0.006670292001217604,0.9229755401611328,0.25996994972229004,0.0,0.0,0.0,0.0,0.0,0.0,0.0,0.0,1.0,0.0,0.0005179457366466522,0.33378180861473083,0.42667973041534424,0.0721466988325119,0.0,0.10118963569402695,0.10089918971061707,0.10089918971061707,0.10250447690486908,-0.021323515102267265,-5.5007252225403036e-11,0.0,0.0,4.246308326721191,4.246308326721191,2.6876423358917236,2.6876423358917236,0.43298569321632385,0.0,0.0,0.0,0.0,0.10001710802316666,0.12828977406024933,5.17883563588839e-06,0.9957329630851746,0.25996994972229004,0.023475797846913338,2.6171977519989014,2.681864023208618,2.6876423358917236,2.6880078315734863,2.8060262203216553,0.0,0.08518612384796143,1.0,1.3979601860046387,1.415801763534546,1.4339158535003662,0.0,0.001786689623259008,0.001400686800479889,2.2604050172958523e-05,0.005010370630770922,0.00017866895359475166,0.00050103705143556,0.0,0.001786689506843686,12.0,0.0,0.0,0.0,0.0,0.0,0.0,,,,,,,,,,,,,,,,,,,,,,0.0005
52,8640,train,0.047416120767593384,0.09950006753206253,0.09968831390142441,0.0,0.003507711458951235,0.003507711458951235,0.0,2.4798710346221924,9.999999747378752e-05,0.05000000074505806,0.009999999776482582,0.05000000074505806,0.0010000000474974513,0.0010000000474974513,1.0,0.01829862967133522,0.00023677200078964233,0.0,0.0,0.0,0.0,0.0,0.0,0.0,0.0,-1.2077254056930542,-1.2077254056930542,1.0,-1.2077254056930542,-1.2077254056930542,-1.1845542192459106,0.0,-3.4118616580963135,2.7860472202301025,1.0,0.01829862967133522,1.0,0.0,0.0,0.01829862967133522,0.0,0.0,0.00023677200078964233,0.0,0.10023677349090576,0.1109558492898941,0.005988189950585365,0.9733149409294128,0.26126357913017273,0.0,0.0,0.0,0.0,0.0,0.0,0.0,0.0,1.0,0.0,0.0005200901650823653,0.3364737629890442,0.4274967610836029,0.07010051608085632,0.0,0.09968831390142441,0.09950006753206253,0.09950006753206253,0.10900430381298065,-0.017281554639339447,-4.8285229981015476e-11,0.0,0.0,4.228466987609863,4.228466987609863,2.7132630348205566,2.7132630348205566,0.4612640142440796,0.0,0.0,0.0,0.0,0.10023677349090576,0.12735781073570251,6.0685299104079604e-05,0.9963854551315308,0.26126357913017273,0.02395833469927311,2.631047248840332,2.7078118324279785,2.7132630348205566,2.675969362258911,2.7860472202301025,0.0,0.08983556181192398,1.0,1.4465768337249756,1.4506787061691284,1.455035924911499,0.0,0.0032275989651679993,0.002307414310052991,7.497454134863801e-06,0.008992240764200687,0.00032275993726216257,0.0008992240764200687,0.0,0.0032275989651679993,12.0,0.0,0.0,0.0,0.0,0.0,0.0,,,,,,,,,,,,,,,,,,,,,,0.0005
52,8660,train,0.0569709874689579,0.10709062218666077,0.10754062235355377,0.0,0.003709603799507022,0.003709603799507022,0.0,2.5093770027160645,9.999999747378752e-05,0.05000000074505806,0.009999999776482582,0.05000000074505806,0.0010000000474974513,0.0010000000474974513,1.0,0.01968649961054325,0.008417360484600067,0.0,0.0,0.0,0.0,0.0,0.0,0.0,0.0,-1.2015382051467896,-1.2015382051467896,1.0,-1.2015382051467896,-1.2015382051467896,-1.174925446510315,0.0,-3.4077770709991455,2.8139865398406982,1.0,0.01968649961054325,1.0,0.0,0.0,0.01968649961054325,0.0,0.0,0.008417360484600067,0.0,0.09158264100551605,0.10695677250623703,0.0044434769079089165,0.9169106483459473,0.24257208406925201,0.0,0.0,0.0,0.0,0.0,0.0,0.0,0.0,1.0,0.0,0.0008898798259906471,0.3496679365634918,0.4378686547279358,0.06871264427900314,0.0,0.10754062235355377,0.10709062218666077,0.10709062218666077,0.10773594677448273,-0.034701377153396606,-1.6663163904251377e-10,0.0,0.0,4.2485127449035645,4.2485127449035645,2.7186219692230225,2.7186219692230225,0.4514949321746826,0.0,0.0,0.0,0.0,0.09158264100551605,0.12284983694553375,4.877403625869192e-05,0.9909974336624146,0.24257208406925201,0.020848652347922325,2.577366352081299,2.71964430809021,2.7186219692230225,2.6891536712646484,2.8139865398406982,0.0,0.0929526761174202,1.0,1.5175502300262451,1.4727098941802979,1.4498145580291748,0.0,0.003883781610056758,0.0021291791927069426,5.933284410275519e-05,0.008751816116273403,0.00038837813190184534,0.0008751816349104047,0.0,0.003883781610056758,12.0,0.0,0.0,0.0,0.0,0.0,0.0,,,,,,,,,,,,,,,,,,,,,,0.0005
52,8680,train,0.05183558166027069,0.10377833247184753,0.10396507382392883,0.0,0.0034886016510427,0.0034886016510427,0.0,2.4556996822357178,9.999999747378752e-05,0.05000000074505806,0.009999999776482582,0.05000000074505806,0.0010000000474974513,0.0010000000474974513,1.0,0.01893928274512291,0.004612967371940613,0.0,0.0,0.0,0.0,0.0,0.0,0.0,0.0,-1.2196552753448486,-1.2196552753448486,1.0,-1.2196552753448486,-1.2196552753448486,-1.2039281129837036,0.0,-3.427518367767334,2.775561571121216,1.0,0.01893928274512291,1.0,0.0,0.0,0.01893928274512291,0.0,0.0,0.004612967371940613,0.0,0.0953870341181755,0.10733901709318161,0.004885177593678236,0.9069988131523132,0.25317010283470154,0.0,0.0,0.0,0.0,0.0,0.0,0.0,0.0,1.0,0.0,0.00038076002965681255,0.3384406566619873,0.4195268452167511,0.07140131294727325,0.0,0.10396507382392883,0.10377833247184753,0.10377833247184753,0.11572913080453873,-0.0366545096039772,-1.5302044353848743e-10,0.0,0.0,4.161100387573242,4.161100387573242,2.654003143310547,2.654003143310547,0.48489269614219666,0.0,0.0,0.0,0.0,0.0953870341181755,0.12337782979011536,1.280303331441246e-05,0.9937180280685425,0.25317010283470154,0.022212011739611626,2.6356120109558105,2.6448473930358887,2.654003143310547,2.6755895614624023,2.775561571121216,0.0,0.08913871645927429,1.0,1.4758245944976807,1.464900255203247,1.4678815603256226,0.0,0.002290342701599002,0.0017013821052387357,0.0001324646727880463,0.008561979979276657,0.0002290342963533476,0.0008561980212107301,0.0,0.002290342701599002,12.0,0.0,0.0,0.0,0.0,0.0,0.0,,,,,,,,,,,,,,,,,,,,,,0.0005
52,8684,train_epoch,0.04918315232603136,0.10085475578636466,0.10118646054210777,0.0,0.0035423939339370427,0.0035423939339370427,0.0,2.464279941456047,9.999999747378752e-05,0.05000000074505806,0.009999999776482582,0.05000000074505806,0.0010000000474974513,0.0010000000474974513,1.0,0.019427392263701576,0.004601352318318304,0.0,0.0,0.0,0.0,0.0,0.0,0.0,0.0,-1.205941194545723,-1.205941194545723,1.0,-1.205941194545723,-1.2059411788415053,-1.1850256141788231,0.0,-3.406182059270893,2.796926412753716,1.0,0.019427392263701576,1.0,0.0,0.0,0.019427392263701576,0.0,0.0,0.004601352318318304,0.0,0.09952273978266174,0.11021956569420363,0.005663751101701291,0.9286397463547256,0.259371113634395,0.0,0.0,0.0,0.0,0.0,0.0,0.0,0.0,1.0,0.0,0.0007064402753293437,0.34022825188979416,0.4258797127686575,0.07118115846268432,0.0,0.10118646054210777,0.10085475578636466,0.10085475578636466,0.10852130582768046,-0.030429831374168933,-1.5045498502734163e-11,0.0,0.0,4.255396782994985,4.255396782994985,2.6823474775531335,2.6823474775531335,0.4599908404721471,0.0,0.0,0.0,0.0,0.09952273853346259,0.12673167911118377,2.9708413721292635e-05,0.993151825345205,0.259371113634395,0.02307132192089886,2.610236460577228,2.677580045368857,2.6823474775531335,2.6766405676653284,2.796926412753716,0.0,0.0910480564493619,1.0,1.4414873972624362,1.4414577220014468,1.4424700444329999,0.0,0.002881711106998344,0.0019451569076376538,7.137510633644856e-05,0.008182813672761538,0.00028817112136542974,0.0008182813795799289,0.0,0.0028817111272141783,12.0,0.0,0.0,0.0,0.0,0.0,0.0,,,,,,,,,,,,,,,,,,,,,,0.0005
52,8684,val,,,,,,,,,,,,,,,,,,,,,,,,,,,,,,,,,,,,,,,,,,,,,,,,,,,,,,,,,,,,,,,,,,,,,,,,,,,,,,,,,,,,,,,,,,,,,,,,,,,,,,,,,,,,,,,,,,,14.90858896289553,616.5231696537563,24.8298846081442,10.712748893669673,6.777865648269653,13.989832895142692,23.029770391192915,9.793200484343938,6.360999047756195,14.866462988512856,24.852860532869446,10.772030217306954,6.7540850809642246,16.519714849335806,27.519716304159566,12.31132424729211,7.5312899095671515,14.90858896289553,24.8298846081442,10.712748893669673,6.777865648269653,0.0005
52,8684,test,,,,,,,,,,,,,,,,,,,,,,,,,,,,,,,,,,,,,,,,,,,,,,,,,,,,,,,,,,,,,,,,,,,,,,,,,,,,,,,,,,,,,,,,,,,,,,,,,,,,,,,,,,,,,,,,,,,28.53195592335292,1943.5801315307617,44.08605370784237,28.867836168834142,13.138748458453588,21.61915602002825,32.7213855358051,22.30449731009347,9.95210783822196,28.320605363164628,42.63862685137877,29.219754644802638,13.029667275292534,38.39853019373758,57.38788991602689,38.428687010492595,17.707327161516464,28.53195592335292,44.08605370784237,28.867836168834142,13.138748458453588,0.0005
53,8700,train,0.046893082559108734,0.09977111965417862,0.09984156489372253,0.0,0.0035857262555509806,0.0035857262555509806,0.0,2.4892778396606445,9.999999747378752e-05,0.05000000074505806,0.009999999776482582,0.05000000074505806,0.0010000000474974513,0.0010000000474974513,1.0,0.021743929013609886,0.0005685910582542419,0.0,0.0,0.0,0.0,0.0,0.0,0.0,0.0,-1.2216147184371948,-1.2216147184371948,1.0,-1.2216147184371948,-1.2216147184371948,-1.197022557258606,0.0,-3.4321348667144775,2.7624073028564453,1.0,0.021743929013609886,1.0,0.0,0.0,0.021743929013609886,0.0,0.0,0.0005685910582542419,0.0,0.10056859254837036,0.11119416356086731,0.006440751254558563,0.9500615000724792,0.2608541250228882,0.0,0.0,0.0,0.0,0.0,0.0,0.0,0.0,1.0,0.0,0.0004172092885710299,0.3426389992237091,0.4197389781475067,0.06920231878757477,0.0,0.09984156489372253,0.09977111965417862,0.09977111965417862,0.09799080342054367,-0.03223247826099396,-6.71346173097831e-11,0.0,0.0,4.2183661460876465,4.2183661460876465,2.6444251537323,2.6444251537323,0.40187734365463257,0.0,0.0,0.0,0.0,0.10056859254837036,0.12805189192295074,3.306307553430088e-05,0.9910764694213867,0.2608541250228882,0.02342984266579151,2.560499429702759,2.640559434890747,2.6444251537323,2.6428699493408203,2.7624073028564453,0.0,0.08955877274274826,1.0,1.4147595167160034,1.4294767379760742,1.4272687435150146,0.0,0.0025242851115763187,0.0019761640578508377,1.9990335204056464e-05,0.008177729323506355,0.0002524284936953336,0.0008177729323506355,0.0,0.0025242851115763187,12.0,0.0,0.0,0.0,0.0,0.0,0.0,,,,,,,,,,,,,,,,,,,,,,0.0005
53,8720,train,0.048607729375362396,0.10091346502304077,0.10129115730524063,0.0,0.003627597587183118,0.003627597587183118,0.0,2.5087380409240723,9.999999747378752e-05,0.05000000074505806,0.009999999776482582,0.05000000074505806,0.0010000000474974513,0.0010000000474974513,1.0,0.01909659057855606,0.0020077601075172424,0.0,0.0,0.0,0.0,0.0,0.0,0.0,0.0,-1.2169554233551025,-1.2169554233551025,1.0,-1.2169554233551025,-1.2169554233551025,-1.2007050514221191,0.0,-3.4275898933410645,2.784494638442993,1.0,0.01909659057855606,1.0,0.0,0.0,0.01909659057855606,0.0,0.0,0.0020077601075172424,0.0,0.10200776159763336,0.11234594136476517,0.007843965664505959,0.9373477697372437,0.26511961221694946,0.0,0.0,0.0,0.0,0.0,0.0,0.0,0.0,1.0,0.0,0.0009617546456865966,0.3427327871322632,0.42194804549217224,0.06774589419364929,0.0,0.10129115730524063,0.10091346502304077,0.10091346502304077,0.10829365998506546,-0.028767017647624016,-3.338685994336288e-10,0.0,0.0,4.309408664703369,4.309408664703369,2.6764492988586426,2.6764492988586426,0.4642530679702759,0.0,0.0,0.0,0.0,0.10200776159763336,0.12801559269428253,3.2384352380177006e-05,0.9938138723373413,0.26511961221694946,0.02356771007180214,2.6124439239501953,2.6700210571289062,2.6764492988586426,2.6550822257995605,2.784494638442993,0.0,0.09639110416173935,1.0,1.4314923286437988,1.4344565868377686,1.4271292686462402,0.0,0.0031224575359374285,0.0019722029101103544,0.00012162413622718304,0.011412312276661396,0.0003122457710560411,0.0011412312742322683,0.0,0.0031224575359374285,12.0,0.0,0.0,0.0,0.0,0.0,0.0,,,,,,,,,,,,,,,,,,,,,,0.0005
53,8740,train,0.04570680856704712,0.09839190542697906,0.0988275557756424,0.0,0.0035344271454960108,0.0035344271454960108,0.0,2.4861912727355957,9.999999747378752e-05,0.05000000074505806,0.009999999776482582,0.05000000074505806,0.0010000000474974513,0.0010000000474974513,1.0,0.019396554678678513,0.0023617371916770935,0.0,0.0,0.0,0.0,0.0,0.0,0.0,0.0,-1.2149617671966553,-1.2149617671966553,1.0,-1.2149617671966553,-1.2149617671966553,-1.1962153911590576,0.0,-3.4179847240448,2.803774356842041,1.0,0.019396554678678513,1.0,0.0,0.0,0.019396554678678513,0.0,0.0,0.0023617371916770935,0.0,0.09763827174901962,0.1086389347910881,0.0044846804812550545,0.9242364168167114,0.256182461977005,0.0,0.0,0.0,0.0,0.0,0.0,0.0,0.0,1.0,0.0,0.0009663573582656682,0.34031540155410767,0.4232530891895294,0.0688789114356041,0.0,0.0988275557756424,0.09839190542697906,0.09839190542697906,0.10211014747619629,-0.02025679126381874,4.218679225398425e-11,0.0,0.0,4.36055326461792,4.36055326461792,2.6754250526428223,2.6754250526428223,0.44376665353775024,0.0,0.0,0.0,0.0,0.09763826429843903,0.12535643577575684,1.1096912203356624e-05,0.9923904538154602,0.256182461977005,0.02235753834247589,2.6024537086486816,2.672548770904541,2.6754250526428223,2.6586339473724365,2.803774356842041,0.0,0.09334667026996613,1.0,1.4102513790130615,1.392696738243103,1.4013742208480835,0.0,0.00342228333465755,0.002445386489853263,5.2353309001773596e-05,0.009556619450449944,0.000342228333465755,0.0009556619334034622,0.0,0.003422283101826906,12.0,0.0,0.0,0.0,0.0,0.0,0.0,,,,,,,,,,,,,,,,,,,,,,0.0005
53,8760,train,0.045058418065309525,0.09799379110336304,0.09862659126520157,0.0,0.0036099411081522703,0.0036099411081522703,0.0,2.4999959468841553,9.999999747378752e-05,0.05000000074505806,0.009999999776482582,0.05000000074505806,0.0010000000474974513,0.0010000000474974513,1.0,0.019150272011756897,0.0016252249479293823,0.0,0.0,0.0,0.0,0.0,0.0,0.0,0.0,-1.2185328006744385,-1.2185328006744385,1.0,-1.2185328006744385,-1.218532681465149,-1.2045748233795166,0.0,-3.434018611907959,2.792400598526001,1.0,0.019150272011756897,1.0,0.0,0.0,0.019150272011756897,0.0,0.0,0.0016252249479293823,0.0,0.09837477654218674,0.10921870172023773,0.004606192000210285,0.9291183352470398,0.25900447368621826,0.0,0.0,0.0,0.0,0.0,0.0,0.0,0.0,1.0,0.0,0.001248946413397789,0.34408310055732727,0.4187862277030945,0.06777317821979523,0.0,0.09862659126520157,0.09799379110336304,0.09799379110336304,0.10995196551084518,-0.04417114332318306,4.068477846286278e-11,0.0,0.0,4.241906642913818,4.241906642913818,2.6572415828704834,2.6572415828704834,0.4573657810688019,0.0,0.0,0.0,0.0,0.09837477654218674,0.12472999840974808,1.1611018635449e-05,0.9916188716888428,0.25900447368621826,0.022173713892698288,2.6095190048217773,2.6507418155670166,2.6572415828704834,2.675733804702759,2.792400598526001,0.0,0.09425105154514313,1.0,1.3841122388839722,1.3995447158813477,1.3980052471160889,0.0,0.0025684856809675694,0.0015143395867198706,4.203764910926111e-05,0.006806147284805775,0.00025684855063445866,0.0006806147284805775,0.0,0.0025684856809675694,12.0,0.0,0.0,0.0,0.0,0.0,0.0,,,,,,,,,,,,,,,,,,,,,,0.0005
53,8780,train,0.051734790205955505,0.10354050248861313,0.10371538251638412,0.0,0.0034646212588995695,0.0034646212588995695,0.0,2.4747061729431152,9.999999747378752e-05,0.05000000074505806,0.009999999776482582,0.05000000074505806,0.0010000000474974513,0.0010000000474974513,1.0,0.018185032531619072,0.0018498525023460388,0.0,0.0,0.0,0.0,0.0,0.0,0.0,0.0,-1.2164921760559082,-1.2164921760559082,1.0,-1.2164921760559082,-1.2164921760559082,-1.198968529701233,0.0,-3.4342398643493652,2.7551381587982178,1.0,0.018185032531619072,1.0,0.0,0.0,0.018185032531619072,0.0,0.0,0.0018498525023460388,0.0,0.09815015643835068,0.10890147089958191,0.0056459782645106316,0.9200625419616699,0.2572302520275116,0.0,0.0,0.0,0.0,0.0,0.0,0.0,0.0,1.0,0.0,0.00034438507282175124,0.3390796482563019,0.42043203115463257,0.06990920007228851,0.0,0.10371538251638412,0.10354050248861313,0.10354050248861313,0.11668331176042557,-0.046379249542951584,2.8324087866793413e-11,0.0,0.0,4.36759614944458,4.36759614944458,2.6688854694366455,2.6688854694366455,0.5089520812034607,0.0,0.0,0.0,0.0,0.09815014898777008,0.1253429800271988,1.4690007446915843e-05,0.995832622051239,0.2572302520275116,0.02239583432674408,2.6222546100616455,2.662566661834717,2.6688854694366455,2.6653835773468018,2.7551381587982178,0.0,0.08615816384553909,1.0,1.5372326374053955,1.4545047283172607,1.4453538656234741,0.0,0.0037791444920003414,0.0026501710526645184,2.6483796773391077e-06,0.010564882308244705,0.0003779144608415663,0.0010564882541075349,0.0,0.003779144026339054,12.0,0.0,0.0,0.0,0.0,0.0,0.0,,,,,,,,,,,,,,,,,,,,,,0.0005
53,8800,train,0.04199851304292679,0.0950954407453537,0.09530922025442123,0.0,0.0034280354157090187,0.0034280354157090187,0.0,2.4788753986358643,9.999999747378752e-05,0.05000000074505806,0.009999999776482582,0.05000000074505806,0.0010000000474974513,0.0010000000474974513,1.0,0.018311362713575363,0.000695548951625824,0.0,0.0,0.0,0.0,0.0,0.0,0.0,0.0,-1.2099511623382568,-1.2099511623382568,1.0,-1.2099511623382568,-1.2099511623382568,-1.1891486644744873,0.0,-3.406468152999878,2.7829749584198,1.0,0.018311362713575363,1.0,0.0,0.0,0.018311362713575363,0.0,0.0,0.000695548951625824,0.0,0.10069555044174194,0.11296579986810684,0.0057956865057349205,0.9329215884208679,0.26158538460731506,0.0,0.0,0.0,0.0,0.0,0.0,0.0,0.0,1.0,0.0,0.0003989537071902305,0.3321755528450012,0.42195430397987366,0.06978517770767212,0.0,0.09530922025442123,0.0950954407453537,0.0950954407453537,0.10884100198745728,-0.03542012721300125,-7.72527181114313e-12,0.0,0.0,4.24776554107666,4.24776554107666,2.6826939582824707,2.6826939582824707,0.4579932689666748,0.0,0.0,0.0,0.0,0.10069555044174194,0.128211110830307,4.864046786678955e-06,0.9923419952392578,0.26158538460731506,0.02363664284348488,2.621675968170166,2.674778938293457,2.6826939582824707,2.6680595874786377,2.7829749584198,0.0,0.08834671974182129,1.0,1.4269020557403564,1.4320058822631836,1.425024390220642,0.0,0.0021476049441844225,0.0018846928142011166,0.00010016010492108762,0.007452900987118483,0.00021476048277691007,0.0007452901336364448,0.0,0.0021476049441844225,12.0,0.0,0.0,0.0,0.0,0.0,0.0,,,,,,,,,,,,,,,,,,,,,,0.0005
53,8820,train,0.0432840920984745,0.09741739928722382,0.09772548079490662,0.0,0.0034241362009197474,0.0034241362009197474,0.0,2.488759756088257,9.999999747378752e-05,0.05000000074505806,0.009999999776482582,0.05000000074505806,0.0010000000474974513,0.0010000000474974513,1.0,0.020117882639169693,0.010371282696723938,0.0,0.0,0.0,0.0,0.0,0.0,0.0,0.0,-1.2354828119277954,-1.2354828119277954,1.0,-1.2354828119277954,-1.2354826927185059,-1.2160224914550781,0.0,-3.4623095989227295,2.7344799041748047,1.0,0.020117882639169693,1.0,0.0,0.0,0.020117882639169693,0.0,0.0,0.010371282696723938,0.0,0.11037128418684006,0.11628381162881851,0.009101632051169872,0.9572772979736328,0.27884069085121155,0.0,0.0,0.0,0.0,0.0,0.0,0.0,0.0,1.0,0.0,0.0005278014577925205,0.3327319025993347,0.418569415807724,0.0686279907822609,0.0,0.09772548079490662,0.09741739928722382,0.09741739928722382,0.10773365199565887,-0.039807796478271484,-1.575372610140846e-10,0.0,0.0,4.2085113525390625,4.208510875701904,2.6535239219665527,2.6535239219665527,0.4488798677921295,0.0,0.0,0.0,0.0,0.11037128418684006,0.1338193565607071,3.301096148788929e-05,0.9947100877761841,0.27884069085121155,0.026248469948768616,2.60733962059021,2.647109031677246,2.6535239219665527,2.6309947967529297,2.7344799041748047,0.0,0.08832749724388123,1.0,1.3511184453964233,1.4148399829864502,1.4126331806182861,0.0,0.003634857013821602,0.002377408556640148,0.00010916381143033504,0.010341068729758263,0.0003634856839198619,0.0010341069428250194,0.0,0.003634856780990958,12.0,0.0,0.0,0.0,0.0,0.0,0.0,,,,,,,,,,,,,,,,,,,,,,0.0005
53,8840,train,0.051071714609861374,0.10145724564790726,0.10155289620161057,0.0,0.003550965338945389,0.003550965338945389,0.0,2.478196382522583,9.999999747378752e-05,0.05000000074505806,0.009999999776482582,0.05000000074505806,0.0010000000474974513,0.0010000000474974513,1.0,0.01834467053413391,0.0015085116028785706,0.0,0.0,0.0,0.0,0.0,0.0,0.0,0.0,-1.185688853263855,-1.185688853263855,1.0,-1.185688853263855,-1.185688853263855,-1.1633073091506958,0.0,-3.368630886077881,2.8395276069641113,1.0,0.01834467053413391,1.0,0.0,0.0,0.01834467053413391,0.0,0.0,0.0015085116028785706,0.0,0.10150852799415588,0.11624255031347275,0.008464882150292397,0.9394626021385193,0.2600041627883911,0.0,0.0,0.0,0.0,0.0,0.0,0.0,0.0,1.0,0.0,0.00044182222336530685,0.3406868577003479,0.42915889620780945,0.06975007802248001,0.0,0.10155289620161057,0.10145724564790726,0.10145724564790726,0.11022181808948517,-0.03926272317767143,-2.8681484964820925e-10,0.0,0.0,4.144809722900391,4.144809722900391,2.7208378314971924,2.7208378314971924,0.4521281123161316,0.0,0.0,0.0,0.0,0.10150851309299469,0.13220398128032684,4.840192195842974e-05,0.997753918170929,0.2600041627883911,0.02552083507180214,2.6664645671844482,2.712434768676758,2.7208378314971924,2.7321014404296875,2.8395276069641113,0.0,0.08910470455884933,1.0,1.5018370151519775,1.4874134063720703,1.4950056076049805,0.0,0.0031987675465643406,0.0019134781323373318,1.2733429684885778e-05,0.007572618778795004,0.00031987676629796624,0.0007572618778795004,0.0,0.0031987675465643406,12.0,0.0,0.0,0.0,0.0,0.0,0.0,,,,,,,,,,,,,,,,,,,,,,0.0005
53,8851,train_epoch,0.048794955550553555,0.10051746777967065,0.10084093763621267,0.0,0.0035414257934484297,0.0035414257934484297,0.0,2.480094832574536,9.999999747378752e-05,0.05000000074505806,0.009999999776482582,0.05000000074505806,0.0010000000474974513,0.0010000000474974513,1.0,0.019155012432508126,0.004138609650963081,0.0,0.0,0.0,0.0,0.0,0.0,0.0,0.0,-1.205651237579163,-1.205651237579163,1.0,-1.205651237579163,-1.205651239006819,-1.1842006780430228,0.0,-3.4054729281785248,2.799851697362112,1.0,0.019155012432508126,1.0,0.0,0.0,0.019155012432508126,0.0,0.0,0.004138609650963081,0.0,0.09965299114495695,0.11115103130212087,0.006016912647037806,0.9292926356464088,0.2592923966888896,0.0,0.0,0.0,0.0,0.0,0.0,0.0,0.0,1.0,0.0,0.000691123296643334,0.3404817206417015,0.42652685877805696,0.06985735076808644,0.0,0.10084093763621267,0.10051746777967065,0.10051746777967065,0.10853428478369456,-0.029804092321634112,-2.9448784289260562e-12,0.0,0.0,4.261657723409687,4.261657706277813,2.6873339664436386,2.6873339664436386,0.46115329165658553,0.0,0.0,0.0,0.0,0.09965298944961525,0.12745305405048554,2.9964961779746417e-05,0.9937791674436923,0.2592923966888896,0.023403699548836955,2.614495521533989,2.682209805814092,2.6873339664436386,2.6813011440688266,2.799851697362112,0.0,0.09072765061062966,1.0,1.4429499332062499,1.4419737304756028,1.4426962701146475,0.0,0.002801689065568997,0.0018948915604122742,8.746960402476437e-05,0.008138918068293415,0.00028016891155857593,0.0008138918227580248,0.0,0.0028016890467473577,12.0,0.0,0.0,0.0,0.0,0.0,0.0,,,,,,,,,,,,,,,,,,,,,,0.0005
53,8851,val,,,,,,,,,,,,,,,,,,,,,,,,,,,,,,,,,,,,,,,,,,,,,,,,,,,,,,,,,,,,,,,,,,,,,,,,,,,,,,,,,,,,,,,,,,,,,,,,,,,,,,,,,,,,,,,,,,,15.028664026941572,620.3014087677002,24.905850894271815,10.930654193673815,6.826945807252612,14.084928469998497,23.090160180090713,9.698877777372088,6.4004020265170505,15.056217380932399,24.932435315957182,10.818710361208234,6.827012615544455,16.65314223085131,27.649375798899023,12.228321169103895,7.579558312892914,15.028664026941572,24.905850894271815,10.930654193673815,6.826945807252612,0.0005
54,8860,train,0.053691960871219635,0.10413479059934616,0.10481943935155869,0.0,0.003675502724945545,0.003675502724945545,0.0,2.469904661178589,9.999999747378752e-05,0.05000000074505806,0.009999999776482582,0.05000000074505806,0.0010000000474974513,0.0010000000474974513,1.0,0.019447987899184227,0.0014869868755340576,0.0,0.0,0.0,0.0,0.0,0.0,0.0,0.0,-1.197640299797058,-1.197640299797058,1.0,-1.197640299797058,-1.197640299797058,-1.1755962371826172,0.0,-3.393094062805176,2.80511474609375,1.0,0.019447987899184227,1.0,0.0,0.0,0.019447987899184227,0.0,0.0,0.0014869868755340576,0.0,0.10148698836565018,0.11165909469127655,0.006897135637700558,0.9375739097595215,0.26369330286979675,0.0,0.0,0.0,0.0,0.0,0.0,0.0,0.0,1.0,0.0,0.0012625163653865457,0.3496578335762024,0.43087872862815857,0.07048670947551727,0.0,0.10481943935155869,0.10413479059934616,0.10413479059934616,0.10397911071777344,-0.03076106309890747,6.194016133331814e-11,0.0,0.0,4.230700969696045,4.230700969696045,2.6921727657318115,2.6921727657318115,0.4392037093639374,0.0,0.0,0.0,0.0,0.10148698836565018,0.1276184767484665,2.1987243599141948e-05,0.994404673576355,0.26369330286979675,0.02329963445663452,2.6173856258392334,2.687429428100586,2.6921727657318115,2.7128071784973145,2.80511474609375,0.0,0.09387117624282837,1.0,1.421638011932373,1.419381022453308,1.4189038276672363,0.0,0.0036201246548444033,0.0028582189697772264,2.8205322450958192e-05,0.01087829191237688,0.00036201244802214205,0.0010878292378038168,0.0,0.0036201244220137596,12.0,0.0,0.0,0.0,0.0,0.0,0.0,,,,,,,,,,,,,,,,,,,,,,0.0005
54,8880,train,0.05467833951115608,0.10472014546394348,0.10526514798402786,0.0,0.003554359544068575,0.003554359544068575,0.0,2.4602530002593994,9.999999747378752e-05,0.05000000074505806,0.009999999776482582,0.05000000074505806,0.0010000000474974513,0.0010000000474974513,1.0,0.01942336931824684,0.003993913531303406,0.0,0.0,0.0,0.0,0.0,0.0,0.0,0.0,-1.192366600036621,-1.192366600036621,1.0,-1.192366600036621,-1.192366600036621,-1.167542815208435,0.0,-3.3816637992858887,2.7926864624023438,1.0,0.01942336931824684,1.0,0.0,0.0,0.01942336931824684,0.0,0.0,0.003993913531303406,0.0,0.09600608050823212,0.10944969207048416,0.005068497732281685,0.9011802077293396,0.25288379192352295,0.0,0.0,0.0,0.0,0.0,0.0,0.0,0.0,1.0,0.0,0.0010220548138022423,0.3408101499080658,0.4303974211215973,0.0712650716304779,0.0,0.10526514798402786,0.10472014546394348,0.10472014546394348,0.11188049614429474,-0.04482221603393555,-1.741237293240161e-10,0.0,0.0,4.291336536407471,4.291336536407471,2.735097885131836,2.735097885131836,0.4808844327926636,0.0,0.0,0.0,0.0,0.09600608795881271,0.1253398060798645,9.866309483186342e-06,0.99437016248703,0.25288379192352295,0.022725185379385948,2.6561434268951416,2.7294890880584717,2.735097885131836,2.6889235973358154,2.7926864624023438,0.0,0.09285368025302887,1.0,1.4406453371047974,1.464845061302185,1.4776099920272827,0.0,0.0032198361586779356,0.0027311278972774744,3.8847145333420485e-05,0.009350675158202648,0.0003219836507923901,0.0009350675391033292,0.0,0.0032198363915085793,12.0,0.0,0.0,0.0,0.0,0.0,0.0,,,,,,,,,,,,,,,,,,,,,,0.0005
54,8900,train,0.04639497771859169,0.09801410138607025,0.0983881950378418,0.0,0.0036230869591236115,0.0036230869591236115,0.0,2.4847090244293213,9.999999747378752e-05,0.05000000074505806,0.009999999776482582,0.05000000074505806,0.0010000000474974513,0.0010000000474974513,1.0,0.01705663837492466,0.007859311997890472,0.0,0.0,0.0,0.0,0.0,0.0,0.0,0.0,-1.1958550214767456,-1.1958550214767456,1.0,-1.1958550214767456,-1.1958550214767456,-1.1782296895980835,0.0,-3.3909153938293457,2.796304941177368,1.0,0.01705663837492466,1.0,0.0,0.0,0.01705663837492466,0.0,0.0,0.007859311997890472,0.0,0.10785931348800659,0.11718004941940308,0.005277847405523062,0.9244494438171387,0.2727309465408325,0.0,0.0,0.0,0.0,0.0,0.0,0.0,0.0,1.0,0.0,0.000817636086139828,0.3458382189273834,0.42052412033081055,0.06949140876531601,0.0,0.0983881950378418,0.09801410138607025,0.09801410138607025,0.10633295774459839,-0.015854639932513237,7.1919283028965e-11,0.0,0.0,4.317040920257568,4.317040920257568,2.6526482105255127,2.6526482105255127,0.45746245980262756,0.0,0.0,0.0,0.0,0.10785931348800659,0.13375422358512878,2.421270801278297e-05,0.9904006123542786,0.2727309465408325,0.02626378834247589,2.582209348678589,2.646449327468872,2.6526482105255127,2.6727426052093506,2.796304941177368,0.0,0.09368901699781418,1.0,1.4237539768218994,1.3666185140609741,1.399066686630249,0.0,0.0045091379433870316,0.0029303207993507385,4.409694520290941e-05,0.010210759937763214,0.0004509137652348727,0.0010210759937763214,0.0,0.004509137477725744,12.0,0.0,0.0,0.0,0.0,0.0,0.0,,,,,,,,,,,,,,,,,,,,,,0.0005
54,8920,train,0.04770850017666817,0.09843918681144714,0.09858927130699158,0.0,0.003588438034057617,0.003588438034057617,0.0,2.463021993637085,9.999999747378752e-05,0.05000000074505806,0.009999999776482582,0.05000000074505806,0.0010000000474974513,0.0010000000474974513,1.0,0.020045913755893707,0.005676880478858948,0.0,0.0,0.0,0.0,0.0,0.0,0.0,0.0,-1.1816664934158325,-1.1816664934158325,1.0,-1.1816664934158325,-1.1816664934158325,-1.1624021530151367,0.0,-3.366887331008911,2.8230109214782715,1.0,0.020045913755893707,1.0,0.0,0.0,0.020045913755893707,0.0,0.0,0.005676880478858948,0.0,0.09432312101125717,0.11018724739551544,0.004717191215604544,0.928955078125,0.24852073192596436,0.0,0.0,0.0,0.0,0.0,0.0,0.0,0.0,1.0,0.0,0.0004308047064114362,0.34814876317977905,0.43023645877838135,0.07192456722259521,0.0,0.09858927130699158,0.09843918681144714,0.09843918681144714,0.11313025653362274,-0.0313754603266716,8.750775104537922e-11,0.0,0.0,4.382643699645996,4.382643699645996,2.718130350112915,2.718130350112915,0.49107325077056885,0.0,0.0,0.0,0.0,0.09432312101125717,0.12569788098335266,2.620395753183402e-05,0.9921272993087769,0.24852073192596436,0.02262561395764351,2.6353342533111572,2.7121269702911377,2.718130350112915,2.7228310108184814,2.8230109214782715,0.0,0.09072995185852051,1.0,1.4198213815689087,1.4406030178070068,1.457003116607666,0.0,0.004155296832323074,0.002541327616199851,7.58365640649572e-05,0.010381210595369339,0.0004155297065153718,0.001038121059536934,0.0,0.004155297297984362,12.0,0.0,0.0,0.0,0.0,0.0,0.0,,,,,,,,,,,,,,,,,,,,,,0.0005
54,8940,train,0.05180541053414345,0.1028454527258873,0.1028534397482872,0.0,0.003457683138549328,0.003457683138549328,0.0,2.452268123626709,9.999999747378752e-05,0.05000000074505806,0.009999999776482582,0.05000000074505806,0.0010000000474974513,0.0010000000474974513,1.0,0.01958371326327324,0.005705229938030243,0.0,0.0,0.0,0.0,0.0,0.0,0.0,0.0,-1.2009022235870361,-1.2009022235870361,1.0,-1.2009022235870361,-1.2009022235870361,-1.1766566038131714,0.0,-3.401801824569702,2.7964487075805664,1.0,0.01958371326327324,1.0,0.0,0.0,0.01958371326327324,0.0,0.0,0.005705229938030243,0.0,0.09429477155208588,0.10727627575397491,0.00679771788418293,0.9421812891960144,0.25100094079971313,0.0,0.0,0.0,0.0,0.0,0.0,0.0,0.0,1.0,0.0,0.0003310957981739193,0.3302808701992035,0.43024641275405884,0.07225430011749268,0.0,0.1028534397482872,0.1028454527258873,0.1028454527258873,0.10895033925771713,-0.041269998997449875,-1.0870262329154556e-10,0.0,0.0,4.203876972198486,4.203876972198486,2.7448017597198486,2.7448017597198486,0.4624802768230438,0.0,0.0,0.0,0.0,0.09429477155208588,0.1225966215133667,2.3194246750790626e-05,0.9945118427276611,0.25100094079971313,0.021262256428599358,2.683821678161621,2.7382569313049316,2.7448017597198486,2.7276086807250977,2.7964487075805664,0.0,0.08697575330734253,1.0,1.4733779430389404,1.482519507408142,1.4748761653900146,0.0,0.0013848486123606563,0.0011041787220165133,3.2547446608077735e-05,0.004584599751979113,0.00013848485832568258,0.00045845998101867735,0.0,0.0013848484959453344,12.0,0.0,0.0,0.0,0.0,0.0,0.0,,,,,,,,,,,,,,,,,,,,,,0.0005
