epoch,step,split,total_loss,pred_loss,inv_loss,gate_loss,swap_loss,swap_diff_loss,swap_same_loss,kl_loss,effective_lambda_kl,effective_lambda_envpred,effective_lambda_future_mi,effective_lambda_swap,effective_lambda_sep,effective_lambda_mask_sparse,aux_schedule_factor,ind_loss,sparse_loss,entropy_loss,residual_norm_loss,env_consistency_loss,persistence_mi_loss,envpred_loss,future_mi_loss,future_mi_type,env_fut_nll,env_fut_nll_plus,env_fut_nll_minus,env_fut_kl,pred_fut_logvar_mean,pred_fut_mu_norm,future_mi_valid,sep_loss,sep_mi_type,club_upper_bound,club_fit_nll,cross_cov_loss,hsic_loss,rank_loss,mask_sparse_loss,effective_lambda_persistence_mi,rho_mean,rho_std,rho_min,rho_max,rho_entropy,delta_gain_mean,delta_gain_std,delta_gain_pos_ratio,s_gain_mean,persist_score_mean,persist_score_std,s_persist_mean,s_gate_mean,persistence_valid,potential_gain_mean,swap_delta_mean,swap_weight_mean,env_mu_abs_mean,env_std_mean,r_env_abs_mean,y_inv_mae,y_potential_mae,y_hat_mae,sep_projection_ratio,sep_cos_z_env_before,sep_cos_z_env_after,sep_lowrank_energy_ratio,sep_residual_norm,sep_z_raw_norm,sep_z_inv_norm,sep_env_raw_norm,sep_env_norm,sep_proj_norm,sep_basis_rank,sep_svd_top_singular_mean,sep_lowrank_rank,sep_env_residual_norm,mask_mean,mask_std,mask_min,mask_max,mask_entropy,mask_active_ratio,env_plus_norm,env_minus_norm,env_hist_norm,env_fut_norm,env_fut_pred_norm,fusion_gamma_abs_mean,fusion_beta_abs_mean,timestamp_valid,cur_time_emb_norm,seq_time_emb_norm,future_time_emb_norm,backbone_aux_loss,curriculum_horizon,cast_vq_loss,cast_commit_loss,cast_mi_loss,stone_graph_perturb_loss,stone_spatial_graph_entropy,stone_temporal_graph_entropy,val_mae,val_mse,val_rmse,val_mape,val_wape,val_mae_h3,val_rmse_h3,val_mape_h3,val_wape_h3,val_mae_h6,val_rmse_h6,val_mape_h6,val_wape_h6,val_mae_h12,val_rmse_h12,val_mape_h12,val_wape_h12,val_mae_avg12,val_rmse_avg12,val_mape_avg12,val_wape_avg12,lr
1,20,train,0.2607508897781372,0.21776185929775238,0.21494509279727936,0.0,0.0,0.0,0.0,0.0,0.0,0.0,0.0,0.0,0.0,0.0,0.0,0.0,0.0,0.0,0.0,0.0,0.0,0.0,0.0,1.0,0.5210581421852112,0.521058201789856,0.5211148858070374,0.0,-0.0023322096094489098,0.45698490738868713,1.0,0.0,1.0,0.0,0.0,0.00035540052340365946,0.0,0.0,0.0,0.0,0.2682056128978729,0.03218860179185867,0.18285605311393738,0.3407076299190521,0.5766893625259399,0.0,0.0,0.0,0.0,0.0,0.0,0.0,0.0,1.0,0.0,1.849443287937902e-05,0.46070343255996704,0.07307197898626328,1.0095322132110596,0.0,0.21494509279727936,0.21776185929775238,0.21776185929775238,0.08134964108467102,0.02172933705151081,2.7550176029400575e-10,0.0,0.0,4.333418846130371,4.333418846130371,1.7082923650741577,1.7082923650741577,0.3477575182914734,0.0,0.0,0.0,0.0,0.2682056128978729,0.04308483004570007,0.1236972063779831,0.4824388325214386,0.5766893625259399,0.0,1.7202601432800293,1.7093276977539062,1.7082923650741577,1.7041263580322266,0.45698490738868713,0.025029515847563744,0.026563160121440887,1.0,3.8999133110046387,3.8436646461486816,3.784571647644043,0.0,3.0,0.0,0.0,0.0,0.0,0.0,0.0,,,,,,,,,,,,,,,,,,,,,,0.001
1,40,train,0.29033026099205017,0.24177826941013336,0.24275997281074524,0.0,0.0,0.0,0.0,0.0,0.0,0.0,0.0,0.0,0.0,0.0,0.0,0.0,0.0,0.0,0.0,0.0,0.0,0.0,0.0,1.0,0.5136129856109619,0.5136129856109619,0.5136278867721558,0.0,-0.0024771499447524548,0.4413382411003113,1.0,0.0,1.0,0.0,0.0,0.0002470090112183243,0.0,0.0,0.0,0.0,0.2760160267353058,0.02882423810660839,0.18807606399059296,0.35783860087394714,0.5853127241134644,0.0,0.0,0.0,0.0,0.0,0.0,0.0,0.0,1.0,0.0,5.380340007832274e-05,0.46128907799720764,0.07162979245185852,1.0036612749099731,0.0,0.24275997281074524,0.24177826941013336,0.24177826941013336,0.07578007131814957,0.012625702656805515,1.6306629657680816e-10,0.0,0.0,3.8146398067474365,3.8146398067474365,1.694379448890686,1.694379448890686,0.27951884269714355,0.0,0.0,0.0,0.0,0.2760160267353058,0.03905297815799713,0.12578095495700836,0.4450947344303131,0.5853127241134644,0.0,1.7001022100448608,1.6965903043746948,1.694379448890686,1.6991997957229614,0.4413382411003113,0.03298874571919441,0.022720592096447945,1.0,3.704577922821045,3.694185256958008,3.6742358207702637,0.0,3.0,0.0,0.0,0.0,0.0,0.0,0.0,,,,,,,,,,,,,,,,,,,,,,0.001
1,60,train,0.20983871817588806,0.1748688668012619,0.1748492419719696,0.0,0.0,0.0,0.0,0.0,0.0,0.0,0.0,0.0,0.0,0.0,0.0,0.0,0.0,0.0,0.0,0.0,0.0,0.0,0.0,1.0,0.5088427662849426,0.5088427662849426,0.5088536739349365,0.0,-0.0020082779228687286,0.4493468403816223,1.0,0.0,1.0,0.0,0.0,0.00037003823672421277,0.0,0.0,0.0,0.0,0.2685861885547638,0.021390894427895546,0.2097821682691574,0.3216973841190338,0.5791506767272949,0.0,0.0,0.0,0.0,0.0,0.0,0.0,0.0,1.0,0.0,-6.290499641181668e-06,0.462738037109375,0.06957618147134781,0.9988260865211487,0.0,0.1748492419719696,0.1748688668012619,0.1748688668012619,0.06954686343669891,0.017114218324422836,2.282476846415804e-10,0.0,0.0,4.329215049743652,4.329215049743652,1.6904609203338623,1.6904609203338623,0.28925421833992004,0.0,0.0,0.0,0.0,0.2685861587524414,0.03245651721954346,0.1429138034582138,0.4052991569042206,0.5791506767272949,0.0,1.6905478239059448,1.6942555904388428,1.6904609203338623,1.6884208917617798,0.4493468403816223,0.03884796425700188,0.027732456102967262,1.0,3.683603048324585,3.7018046379089355,3.5722246170043945,0.0,3.0,0.0,0.0,0.0,0.0,0.0,0.0,,,,,,,,,,,,,,,,,,,,,,0.001
1,80,train,0.1706332564353943,0.1422240287065506,0.14204610884189606,0.0,0.0,0.0,0.0,0.0,0.0,0.0,0.0,0.0,0.0,0.0,0.0,0.0,0.0,0.0,0.0,0.0,0.0,0.0,0.0,1.0,0.502571165561676,0.502571165561676,0.5025415420532227,0.0,-0.00210399879142642,0.44499894976615906,1.0,0.0,1.0,0.0,0.0,0.00041041962685994804,0.0,0.0,0.0,0.0,0.27159950137138367,0.021827030926942825,0.20417475700378418,0.3337819576263428,0.5819945335388184,0.0,0.0,0.0,0.0,0.0,0.0,0.0,0.0,1.0,0.0,8.634683763375506e-05,0.4583197236061096,0.07167050242424011,0.9929721355438232,0.0,0.14204610884189606,0.1422240287065506,0.1422240287065506,0.06164427101612091,0.013119596987962723,-6.174820377236045e-11,0.0,0.0,3.9632654190063477,3.9632654190063477,1.680977702140808,1.680977702140808,0.23441731929779053,0.0,0.0,0.0,0.0,0.27159950137138367,0.03345532715320587,0.14110338687896729,0.43303874135017395,0.5819945335388184,0.0,1.6805026531219482,1.6852209568023682,1.680977702140808,1.6843616962432861,0.44499894976615906,0.04175852984189987,0.026842281222343445,1.0,3.54854679107666,3.663658618927002,3.64208984375,0.0,3.0,0.0,0.0,0.0,0.0,0.0,0.0,,,,,,,,,,,,,,,,,,,,,,0.001
1,100,train,0.1745411902666092,0.14548872411251068,0.14526233077049255,0.0,0.0,0.0,0.0,0.0,0.0,0.0,0.0,0.0,0.0,0.0,0.0,0.0,0.0,0.0,0.0,0.0,0.0,0.0,0.0,1.0,0.4973662495613098,0.4973662495613098,0.4974040389060974,0.0,-0.002248090459033847,0.4564177691936493,1.0,0.0,1.0,0.0,0.0,0.00042481275158934295,0.0,0.0,0.0,0.0,0.26079532504081726,0.028179343789815903,0.19614696502685547,0.3355739116668701,0.569991409778595,0.0,0.0,0.0,0.0,0.0,0.0,0.0,0.0,1.0,0.0,3.951287726522423e-05,0.455856055021286,0.07352668046951294,0.9850398898124695,0.0,0.14526233077049255,0.14548872411251068,0.14548872411251068,0.05552445724606514,0.006475538481026888,8.475912680050435e-12,0.0,0.0,4.214206695556641,4.214206695556641,1.6770408153533936,1.6770408153533936,0.22266705334186554,0.0,0.0,0.0,0.0,0.26079532504081726,0.038654860109090805,0.13552077114582062,0.4219144582748413,0.569991409778595,0.0,1.674910306930542,1.6822232007980347,1.6770408153533936,1.681411623954773,0.4564177691936493,0.04354207217693329,0.02502395212650299,1.0,3.740798234939575,3.7495498657226562,3.839475154876709,0.0,3.0,0.0,0.0,0.0,0.0,0.0,0.0,,,,,,,,,,,,,,,,,,,,,,0.001
1,120,train,0.2724805474281311,0.22738729417324066,0.2254662662744522,0.0,0.0,0.0,0.0,0.0,0.0,0.0,0.0,0.0,0.0,0.0,0.0,0.0,0.0,0.0,0.0,0.0,0.0,0.0,0.0,1.0,0.4939723312854767,0.4939723610877991,0.4939242899417877,0.0,-0.0028561942745000124,0.4469609260559082,1.0,0.0,1.0,0.0,0.0,0.0005113378865644336,0.0,0.0,0.0,0.0,0.26751354336738586,0.023854469880461693,0.2031431645154953,0.32476329803466797,0.577487587928772,0.0,0.0,0.0,0.0,0.0,0.0,0.0,0.0,1.0,0.0,-0.00011050102330045775,0.44938868284225464,0.07426557689905167,0.9807808995246887,0.0,0.2254662662744522,0.22738729417324066,0.22738729417324066,0.05661888048052788,0.005680583417415619,-2.1952072104536313e-10,0.0,0.0,4.245424747467041,4.245424747467041,1.678666114807129,1.678666114807129,0.22562722861766815,0.0,0.0,0.0,0.0,0.2675135135650635,0.035698696970939636,0.13067792356014252,0.4162167012691498,0.577487587928772,0.0,1.6736773252487183,1.6848945617675781,1.678666114807129,1.6765841245651245,0.4469609260559082,0.046222805976867676,0.02921554446220398,1.0,3.7153639793395996,3.5439746379852295,3.675100326538086,0.0,3.0,0.0,0.0,0.0,0.0,0.0,0.0,,,,,,,,,,,,,,,,,,,,,,0.001
1,140,train,0.1764378547668457,0.14708633720874786,0.146757572889328,0.0,0.0,0.0,0.0,0.0,0.0,0.0,0.0,0.0,0.0,0.0,0.0,0.0,0.0,0.0,0.0,0.0,0.0,0.0,0.0,1.0,0.4821575880050659,0.4821575880050659,0.48221519589424133,0.0,-0.0028229556046426296,0.4392193555831909,1.0,0.0,1.0,0.0,0.0,0.000595681369304657,0.0,0.0,0.0,0.0,0.2740302085876465,0.020335804671049118,0.21996164321899414,0.32035741209983826,0.5844224691390991,0.0,0.0,0.0,0.0,0.0,0.0,0.0,0.0,1.0,0.0,-0.00016393247642554343,0.4475516080856323,0.07709119468927383,0.9695627689361572,0.0,0.146757572889328,0.14708633720874786,0.14708633720874786,0.05235481262207031,0.008033589459955692,5.897931448783922e-11,0.0,0.0,4.139924049377441,4.139924049377441,1.6601598262786865,1.6601598262786865,0.20269052684307098,0.0,0.0,0.0,0.0,0.2740302085876465,0.03326713293790817,0.12822192907333374,0.415175199508667,0.5844224691390991,0.0,1.654257893562317,1.6666620969772339,1.6601598262786865,1.6618562936782837,0.4392193555831909,0.04653207212686539,0.026071924716234207,1.0,3.4324724674224854,3.522904872894287,3.484403610229492,0.0,3.0,0.0,0.0,0.0,0.0,0.0,0.0,,,,,,,,,,,,,,,,,,,,,,0.001
1,160,train,0.20569221675395966,0.17153242230415344,0.17079898715019226,0.0,0.0,0.0,0.0,0.0,0.0,0.0,0.0,0.0,0.0,0.0,0.0,0.0,0.0,0.0,0.0,0.0,0.0,0.0,0.0,1.0,0.47734910249710083,0.47734907269477844,0.47737938165664673,0.0,-0.0022696631494909525,0.4470510184764862,1.0,0.0,1.0,0.0,0.0,0.000504071416798979,0.0,0.0,0.0,0.0,0.27050352096557617,0.026674684137105942,0.20447926223278046,0.33882057666778564,0.5799616575241089,0.0,0.0,0.0,0.0,0.0,0.0,0.0,0.0,1.0,0.0,4.6742483391426504e-05,0.44665905833244324,0.07606231421232224,0.9640666842460632,0.0,0.17079898715019226,0.17153242230415344,0.17153242230415344,0.055678557604551315,0.013620228506624699,2.9429009142795115e-12,0.0,0.0,3.910508871078491,3.910508871078491,1.6535704135894775,1.6535704135894775,0.2073008418083191,0.0,0.0,0.0,0.0,0.27050352096557617,0.03855562210083008,0.11532162874937057,0.4496583342552185,0.5799616575241089,0.0,1.6457074880599976,1.6613402366638184,1.6535704135894775,1.6535853147506714,0.4470510184764862,0.05029595270752907,0.028081726282835007,1.0,3.68603515625,3.6068716049194336,3.4669594764709473,0.0,3.0,0.0,0.0,0.0,0.0,0.0,0.0,,,,,,,,,,,,,,,,,,,,,,0.001
1,180,train,0.16613273322582245,0.1383616328239441,0.13885551691055298,0.0,0.0,0.0,0.0,0.0,0.0,0.0,0.0,0.0,0.0,0.0,0.0,0.0,0.0,0.0,0.0,0.0,0.0,0.0,0.0,1.0,0.4695015847682953,0.4695015847682953,0.46952205896377563,0.0,-0.001655546948313713,0.44417092204093933,1.0,0.0,1.0,0.0,0.0,0.0006672918680123985,0.0,0.0,0.0,0.0,0.26580268144607544,0.020596716552972794,0.20806977152824402,0.32188674807548523,0.5757275819778442,0.0,0.0,0.0,0.0,0.0,0.0,0.0,0.0,1.0,0.0,0.000206405486096628,0.44917961955070496,0.07263227552175522,0.9553691148757935,0.0,0.13885551691055298,0.1383616328239441,0.1383616328239441,0.05540673807263374,0.007124373689293861,1.2659549797344738e-10,0.0,0.0,3.9521737098693848,3.9521737098693848,1.639708399772644,1.639708399772644,0.20506064593791962,0.0,0.0,0.0,0.0,0.26580268144607544,0.03586643561720848,0.1385713517665863,0.43203288316726685,0.5757275819778442,0.0,1.6323208808898926,1.6476681232452393,1.639708399772644,1.6411046981811523,0.44417092204093933,0.05295918509364128,0.027318671345710754,1.0,3.50496244430542,3.489879608154297,3.4837183952331543,0.0,3.0,0.0,0.0,0.0,0.0,0.0,0.0,,,,,,,,,,,,,,,,,,,,,,0.001
1,200,train,0.1623305380344391,0.1352946013212204,0.13517971336841583,0.0,0.0,0.0,0.0,0.0,0.0,0.0,0.0,0.0,0.0,0.0,0.0,0.0,0.0,0.0,0.0,0.0,0.0,0.0,0.0,1.0,0.46480318903923035,0.46480318903923035,0.464830607175827,0.0,-0.003432275028899312,0.44692498445510864,1.0,0.0,1.0,0.0,0.0,0.0005895044305361807,0.0,0.0,0.0,0.0,0.2691749334335327,0.028794273734092712,0.19933347404003143,0.33942919969558716,0.5781270265579224,0.0,0.0,0.0,0.0,0.0,0.0,0.0,0.0,1.0,0.0,2.4092200874292757e-06,0.44794961810112,0.07357106357812881,0.9473293423652649,0.0,0.13517971336841583,0.1352946013212204,0.1352946013212204,0.05004557967185974,0.009125805459916592,-1.747319129663527e-11,0.0,0.0,4.161378383636475,4.161377906799316,1.62639582157135,1.62639582157135,0.19479487836360931,0.0,0.0,0.0,0.0,0.2691749334335327,0.04104189574718475,0.12291508167982101,0.44042515754699707,0.5781270265579224,0.0,1.6185277700424194,1.6345559358596802,1.62639582157135,1.6257374286651611,0.44692498445510864,0.05397854372859001,0.028112143278121948,1.0,3.6278011798858643,3.587414503097534,3.5628809928894043,0.0,3.0,0.0,0.0,0.0,0.0,0.0,0.0,,,,,,,,,,,,,,,,,,,,,,0.001
1,220,train,0.18054337799549103,0.15056906640529633,0.1498715728521347,0.0,0.0,0.0,0.0,0.0,0.0,0.0,0.0,0.0,0.0,0.0,0.0,0.0,0.0,0.0,0.0,0.0,0.0,0.0,0.0,1.0,0.4483456611633301,0.4483456313610077,0.44837716221809387,0.0,-0.001919015310704708,0.4414639174938202,1.0,0.0,1.0,0.0,0.0,0.0010203083511441946,0.0,0.0,0.0,0.0,0.2661091685295105,0.022744474932551384,0.20718717575073242,0.34420570731163025,0.5754342079162598,0.0,0.0,0.0,0.0,0.0,0.0,0.0,0.0,1.0,0.0,6.660545477643609e-05,0.44065696001052856,0.07688485085964203,0.9333480000495911,0.0,0.1498715728521347,0.15056906640529633,0.15056906640529633,0.05179574713110924,0.015494460240006447,3.5559822447739364e-11,0.0,0.0,4.018320083618164,4.018320083618164,1.6157946586608887,1.6157946586608887,0.1945173442363739,0.0,0.0,0.0,0.0,0.2661091685295105,0.039031025022268295,0.11831773072481155,0.4494481384754181,0.5754342079162598,0.0,1.6060680150985718,1.6252459287643433,1.6157946586608887,1.6121258735656738,0.4414639174938202,0.054815955460071564,0.02903875522315502,1.0,3.3991472721099854,3.566554546356201,3.5583503246307373,0.0,3.0,0.0,0.0,0.0,0.0,0.0,0.0,,,,,,,,,,,,,,,,,,,,,,0.001
1,240,train,0.21687746047973633,0.18080219626426697,0.1803763061761856,0.0,0.0,0.0,0.0,0.0,0.0,0.0,0.0,0.0,0.0,0.0,0.0,0.0,0.0,0.0,0.0,0.0,0.0,0.0,0.0,1.0,0.43834662437438965,0.43834662437438965,0.4383954703807831,0.0,-0.0031963076908141375,0.4423404037952423,1.0,0.0,1.0,0.0,0.0,0.0013554837787523866,0.0,0.0,0.0,0.0,0.2665824890136719,0.019585013389587402,0.21645544469356537,0.3320114314556122,0.5764617919921875,0.0,0.0,0.0,0.0,0.0,0.0,0.0,0.0,1.0,0.0,7.741973604424857e-06,0.4412820339202881,0.07790923863649368,0.9215622544288635,0.0,0.1803763061761856,0.18080219626426697,0.18080219626426697,0.04739408195018768,0.011252217926084995,1.5045523854562148e-11,0.0,0.0,3.989123582839966,3.989123582839966,1.6047934293746948,1.6047934293746948,0.17396479845046997,0.0,0.0,0.0,0.0,0.26658251881599426,0.03626244515180588,0.12473466992378235,0.47952330112457275,0.5764617919921875,0.0,1.5935654640197754,1.6143653392791748,1.6047934293746948,1.600367546081543,0.4423404037952423,0.055104948580265045,0.030092813074588776,1.0,3.2543206214904785,3.3607661724090576,3.4795730113983154,0.0,3.0,0.0,0.0,0.0,0.0,0.0,0.0,,,,,,,,,,,,,,,,,,,,,,0.001
1,260,train,0.15286418795585632,0.12735718488693237,0.12753503024578094,0.0,0.0,0.0,0.0,0.0,0.0,0.0,0.0,0.0,0.0,0.0,0.0,0.0,0.0,0.0,0.0,0.0,0.0,0.0,0.0,1.0,0.4266097843647003,0.4266097843647003,0.42663031816482544,0.0,-0.0020431848242878914,0.44185924530029297,1.0,0.0,1.0,0.0,0.0,0.001249600201845169,0.0,0.0,0.0,0.0,0.2569541335105896,0.02391839027404785,0.19095003604888916,0.32134753465652466,0.5657503604888916,0.0,0.0,0.0,0.0,0.0,0.0,0.0,0.0,1.0,0.0,3.926470526494086e-05,0.4410284757614136,0.0770503506064415,0.9082584977149963,0.0,0.12753503024578094,0.12735718488693237,0.12735718488693237,0.050624337047338486,0.008077572099864483,-2.543860400106013e-10,0.0,0.0,4.066826343536377,4.066826343536377,1.5830634832382202,1.5830634832382202,0.19542205333709717,0.0,0.0,0.0,0.0,0.2569541335105896,0.0393570251762867,0.10905702412128448,0.41125422716140747,0.5657503604888916,0.0,1.5727022886276245,1.5923720598220825,1.5830634832382202,1.5775375366210938,0.44185924530029297,0.05550812557339668,0.028546908870339394,1.0,3.598020553588867,3.459627151489258,3.4953055381774902,0.0,3.0,0.0,0.0,0.0,0.0,0.0,0.0,,,,,,,,,,,,,,,,,,,,,,0.001
1,280,train,0.16989780962467194,0.1417333334684372,0.1408224105834961,0.0,0.0,0.0,0.0,0.0,0.0,0.0,0.0,0.0,0.0,0.0,0.0,0.0,0.0,0.0,0.0,0.0,0.0,0.0,0.0,1.0,0.40022897720336914,0.40022897720336914,0.400355726480484,0.0,-0.0031708036549389362,0.4360108971595764,1.0,0.0,1.0,0.0,0.0,0.0036952837835997343,0.0,0.0,0.0,0.0,0.2625775635242462,0.024382075294852257,0.19885864853858948,0.3393157124519348,0.571777880191803,0.0,0.0,0.0,0.0,0.0,0.0,0.0,0.0,1.0,0.0,-0.0006689986912533641,0.4283946752548218,0.08485990762710571,0.8762280344963074,0.0,0.1408224105834961,0.1417333334684372,0.1417333334684372,0.053097665309906006,0.017233721911907196,-2.147889505144107e-11,0.0,0.0,4.031538963317871,4.031538963317871,1.5510058403015137,1.5510058403015137,0.1946551650762558,0.0,0.0,0.0,0.0,0.26257753372192383,0.03905216604471207,0.10810649394989014,0.45177340507507324,0.571777880191803,0.0,1.5386791229248047,1.5606003999710083,1.5510058403015137,1.5607702732086182,0.4360108971595764,0.05488279089331627,0.027664639055728912,1.0,3.5432651042938232,3.4794230461120605,3.495651960372925,0.0,3.0,0.0,0.0,0.0,0.0,0.0,0.0,,,,,,,,,,,,,,,,,,,,,,0.001
1,300,train,0.16475123167037964,0.13717706501483917,0.13787086308002472,0.0,0.0,0.0,0.0,0.0,0.0,0.0,0.0,0.0,0.0,0.0,0.0,0.0,0.0,0.0,0.0,0.0,0.0,0.0,0.0,1.0,0.38251441717147827,0.3825143873691559,0.38251206278800964,0.0,-0.0022318242117762566,0.43981418013572693,1.0,0.0,1.0,0.0,0.0,0.005188643466681242,0.0,0.0,0.0,0.0,0.2711773216724396,0.022602828219532967,0.1974014937877655,0.3263261914253235,0.5809392333030701,0.0,0.0,0.0,0.0,0.0,0.0,0.0,0.0,1.0,0.0,0.0005002512480132282,0.42748668789863586,0.08749977499246597,0.8469604849815369,0.0,0.13787086308002472,0.13717706501483917,0.13717706501483917,0.045986298471689224,0.0014138909755274653,2.249681135824133e-10,0.0,0.0,3.893667459487915,3.893667459487915,1.5294032096862793,1.5294032096862793,0.16763512790203094,0.0,0.0,0.0,0.0,0.2711773216724396,0.036912571638822556,0.11907301098108292,0.4188620150089264,0.5809392333030701,0.0,1.5160950422286987,1.5388880968093872,1.5294032096862793,1.5355812311172485,0.43981418013572693,0.0561000257730484,0.028785694390535355,1.0,3.2627620697021484,3.379570722579956,3.3580355644226074,0.0,3.0,0.0,0.0,0.0,0.0,0.0,0.0,,,,,,,,,,,,,,,,,,,,,,0.001
1,320,train,0.14201200008392334,0.1184009462594986,0.11805527657270432,0.0,0.0,0.0,0.0,0.0,0.0,0.0,0.0,0.0,0.0,0.0,0.0,0.0,0.0,0.0,0.0,0.0,0.0,0.0,0.0,1.0,0.3729066252708435,0.3729066252708435,0.3729111850261688,0.0,-0.002515459433197975,0.44851526618003845,1.0,0.0,1.0,0.0,0.0,0.005594992078840733,0.0,0.0,0.0,0.0,0.26180964708328247,0.025566821917891502,0.19956247508525848,0.328193724155426,0.5709709525108337,0.0,0.0,0.0,0.0,0.0,0.0,0.0,0.0,1.0,0.0,7.906533573986962e-05,0.4180361330509186,0.0903216227889061,0.8361844420433044,0.0,0.11805527657270432,0.1184009462594986,0.1184009462594986,0.047319766134023666,0.012826580554246902,-3.4339538157457383e-11,0.0,0.0,4.136627674102783,4.136627674102783,1.5185680389404297,1.5185680389404297,0.1831992268562317,0.0,0.0,0.0,0.0,0.26180964708328247,0.03899751603603363,0.11174467206001282,0.4440993666648865,0.5709709525108337,0.0,1.5041882991790771,1.5283170938491821,1.5185680389404297,1.5140068531036377,0.44851526618003845,0.056475814431905746,0.028401557356119156,1.0,3.55368709564209,3.5140981674194336,3.5050313472747803,0.0,3.0,0.0,0.0,0.0,0.0,0.0,0.0,,,,,,,,,,,,,,,,,,,,,,0.001
1,334,train_epoch,0.20009276418093436,0.16676916739719358,0.1666179843648465,0.0,0.0,0.0,0.0,0.0,0.0,0.0,0.0,0.0,0.0,0.0,0.0,0.0,0.0,0.0,0.0,0.0,0.0,0.0,0.0,1.0,0.46254704883712494,0.4625470475879258,0.4625698331587329,0.0,-0.0022216474400898775,0.4464495855712605,1.0,0.0,1.0,0.0,0.0,0.0015521155528077286,0.0,0.0,0.0,0.0,0.2672240595796151,0.02453928189854065,0.19977421764128223,0.33456819366195245,0.576756908686575,0.0,0.0,0.0,0.0,0.0,0.0,0.0,0.0,1.0,0.0,3.6098846837313556e-05,0.4470004623164674,0.07670637034995113,0.9457447384288925,0.0,0.1666179843648465,0.16676916739719358,0.16676916739719358,0.057845828630877824,0.011084080863865838,1.2846968254034167e-12,0.0,0.0,4.078557242890318,4.078557226472272,1.632472997653984,1.632472997653984,0.22392748626406322,0.0,0.0,0.0,0.0,0.2672240482475943,0.0375507008395866,0.12339380863094758,0.44030878786555305,0.576756908686575,4.586415675721092e-08,1.627422483024483,1.6391313532869258,1.632472997653984,1.6326550245285034,0.4464495855712605,0.046778292114941215,0.027048712370437596,1.0,3.5874039106026383,3.5884825155406657,3.590015060887365,0.0,3.0,0.0,0.0,0.0,0.0,0.0,0.0,,,,,,,,,,,,,,,,,,,,,,0.001
1,334,val,,,,,,,,,,,,,,,,,,,,,,,,,,,,,,,,,,,,,,,,,,,,,,,,,,,,,,,,,,,,,,,,,,,,,,,,,,,,,,,,,,,,,,,,,,,,,,,,,,,,,,,96.6280677039344,17297.849213471283,131.52128806193804,145.4469051189251,54.34609093537202,19.866938569524265,30.347751097784894,12.949916955587026,9.134565456493482,169.17868502505192,205.0141391760721,252.36563426524668,95.07022909215979,116.81819317791913,139.87105598703374,187.06161767083245,69.05941882434192,96.6280677039344,131.52128806193804,145.4469051189251,54.34609093537202,0.001
1,334,test,,,,,,,,,,,,,,,,,,,,,,,,,,,,,,,,,,,,,,,,,,,,,,,,,,,,,,,,,,,,,,,,,,,,,,,,,,,,,,,,,,,,,,,,,,,,,,,,,,,,,,,95.74184465837908,16936.847453899212,130.141643811269,144.18897274807767,55.10580846425649,19.215910868601757,28.968983224217833,12.57198513735522,9.087366623921437,167.64825384466496,202.77301250815623,251.06276201127886,96.29118178771422,115.85829471897435,138.29220343318494,185.52419514699025,70.12627696131801,95.74184465837908,130.141643811269,144.18897274807767,55.10580846425649,0.001
2,340,train,0.21875594556331635,0.1822575330734253,0.18249204754829407,0.0,0.0,0.0,0.0,0.0,0.0,0.0,0.0,0.0,0.0,0.0,0.0,0.0,0.0,0.0,0.0,0.0,0.0,0.0,0.0,1.0,0.3352723717689514,0.3352723717689514,0.3352805972099304,0.0,-0.0021718095522373915,0.43792515993118286,1.0,0.0,1.0,0.0,0.0,0.012619745917618275,0.0,0.0,0.0,0.0,0.2575325071811676,0.017425302416086197,0.20361511409282684,0.3129267692565918,0.5675020217895508,0.0,0.0,0.0,0.0,0.0,0.0,0.0,0.0,1.0,0.0,0.0006938839214853942,0.41242703795433044,0.09986541420221329,0.7897065877914429,0.0,0.18249204754829407,0.1822575330734253,0.1822575330734253,0.05956500768661499,0.00917703378945589,-2.4644555840502846e-10,0.0,0.0,4.010692119598389,4.010692119598389,1.4982049465179443,1.4982049465179443,0.24561046063899994,0.0,0.0,0.0,0.0,0.2575325071811676,0.033562447875738144,0.12051518261432648,0.4076327383518219,0.5675020217895508,0.0,1.485145926475525,1.5068762302398682,1.4982049465179443,1.4907662868499756,0.43792515993118286,0.05781178176403046,0.029152842238545418,1.0,3.3657374382019043,3.328921318054199,3.34470796585083,0.0,4.0,0.0,0.0,0.0,0.0,0.0,0.0,,,,,,,,,,,,,,,,,,,,,,0.001
2,360,train,0.16219183802604675,0.13514412939548492,0.13523852825164795,0.0,0.0,0.0,0.0,0.0,0.0,0.0,0.0,0.0,0.0,0.0,0.0,0.0,0.0,0.0,0.0,0.0,0.0,0.0,0.0,1.0,0.385490745306015,0.38549068570137024,0.3855209946632385,0.0,-0.0022422783076763153,0.44644686579704285,1.0,0.0,1.0,0.0,0.0,0.008160100318491459,0.0,0.0,0.0,0.0,0.26120057702064514,0.02161555364727974,0.20440241694450378,0.32223254442214966,0.5705824494361877,0.0,0.0,0.0,0.0,0.0,0.0,0.0,0.0,1.0,0.0,0.0004129478184040636,0.42424246668815613,0.09553181380033493,0.8605794906616211,0.0,0.13523852825164795,0.13514412939548492,0.13514412939548492,0.06931091099977493,0.008657107129693031,-2.2539567434698426e-10,0.0,0.0,3.884291172027588,3.884291172027588,1.5785876512527466,1.5785876512527466,0.2714907228946686,0.0,0.0,0.0,0.0,0.26120057702064514,0.037810664623975754,0.12242522835731506,0.4592706561088562,0.5705824494361877,0.0,1.5688940286636353,1.5873479843139648,1.5785876512527466,1.568502426147461,0.44644686579704285,0.0732739046216011,0.030684947967529297,1.0,3.326075553894043,3.408512830734253,3.413400411605835,0.0,4.0,0.0,0.0,0.0,0.0,0.0,0.0,,,,,,,,,,,,,,,,,,,,,,0.001
2,380,train,0.16811008751392365,0.14013946056365967,0.13985313475131989,0.0,0.0,0.0,0.0,0.0,0.0,0.0,0.0,0.0,0.0,0.0,0.0,0.0,0.0,0.0,0.0,0.0,0.0,0.0,0.0,1.0,0.42864200472831726,0.42864200472831726,0.42864298820495605,0.0,-0.0023428185377269983,0.44227662682533264,1.0,0.0,1.0,0.0,0.0,0.0026961229741573334,0.0,0.0,0.0,0.0,0.2551726698875427,0.021350402384996414,0.19752752780914307,0.33946844935417175,0.5639112591743469,0.0,0.0,0.0,0.0,0.0,0.0,0.0,0.0,1.0,0.0,0.0002590125077404082,0.43816354870796204,0.08380436897277832,0.9080998301506042,0.0,0.13985313475131989,0.14013946056365967,0.14013946056365967,0.054413482546806335,-0.001641174778342247,-1.934149229665394e-10,0.0,0.0,4.016855239868164,4.016855239868164,1.5962154865264893,1.5962154865264893,0.20809930562973022,0.0,0.0,0.0,0.0,0.2551726698875427,0.03911631926894188,0.10276921838521957,0.4557841122150421,0.5639112591743469,0.0,1.5878010988235474,1.605559229850769,1.5962154865264893,1.5943156480789185,0.44227662682533264,0.07700192928314209,0.0313812717795372,1.0,3.242342472076416,3.321669340133667,3.359663486480713,0.0,4.0,0.0,0.0,0.0,0.0,0.0,0.0,,,,,,,,,,,,,,,,,,,,,,0.001
2,400,train,0.15337133407592773,0.1277574747800827,0.12806926667690277,0.0,0.0,0.0,0.0,0.0,0.0,0.0,0.0,0.0,0.0,0.0,0.0,0.0,0.0,0.0,0.0,0.0,0.0,0.0,0.0,1.0,0.4217422604560852,0.42174220085144043,0.4217855632305145,0.0,-0.0019304142333567142,0.44652244448661804,1.0,0.0,1.0,0.0,0.0,0.004548782017081976,0.0,0.0,0.0,0.0,0.26043716073036194,0.019553275778889656,0.1968880593776703,0.3243444859981537,0.5696835517883301,0.0,0.0,0.0,0.0,0.0,0.0,0.0,0.0,1.0,0.0,0.0004302975139580667,0.43637701869010925,0.08533505350351334,0.8948254585266113,0.0,0.12806926667690277,0.1277574747800827,0.1277574747800827,0.04769021272659302,-0.0026120194233953953,1.677618877149456e-10,0.0,0.0,3.8926303386688232,3.8926303386688232,1.586530089378357,1.586530089378357,0.1767221987247467,0.0,0.0,0.0,0.0,0.26043716073036194,0.03835935890674591,0.1189199835062027,0.4402341842651367,0.5696835517883301,0.0,1.575140357017517,1.5968449115753174,1.586530089378357,1.5828750133514404,0.44652244448661804,0.07690053433179855,0.029180286452174187,1.0,3.2537732124328613,3.3091695308685303,3.3720664978027344,0.0,4.0,0.0,0.0,0.0,0.0,0.0,0.0,,,,,,,,,,,,,,,,,,,,,,0.001
2,420,train,0.16618704795837402,0.1385452002286911,0.1382092386484146,0.0,0.0,0.0,0.0,0.0,0.0,0.0,0.0,0.0,0.0,0.0,0.0,0.0,0.0,0.0,0.0,0.0,0.0,0.0,0.0,1.0,0.4144308269023895,0.4144308269023895,0.41444191336631775,0.0,-0.0023359714541584253,0.44452810287475586,1.0,0.0,1.0,0.0,0.0,0.0036182475741952658,0.0,0.0,0.0,0.0,0.2610122859477997,0.020860346034169197,0.19891995191574097,0.3403093218803406,0.5696547627449036,0.0,0.0,0.0,0.0,0.0,0.0,0.0,0.0,1.0,0.0,0.00025745329912751913,0.4385731816291809,0.08106015622615814,0.8896776437759399,0.0,0.1382092386484146,0.1385452002286911,0.1385452002286911,0.04825799539685249,-0.0007620177930220962,-3.0656477356671985e-11,0.0,0.0,4.048202037811279,4.048202037811279,1.5611755847930908,1.5611755847930908,0.18285590410232544,0.0,0.0,0.0,0.0,0.2610122561454773,0.04149246588349342,0.11897803097963333,0.5095640420913696,0.5696547627449036,1.5318628356908448e-05,1.5501172542572021,1.5727453231811523,1.5611755847930908,1.566237211227417,0.44452810287475586,0.0791599303483963,0.030464835464954376,1.0,3.4666695594787598,3.371432065963745,3.4080276489257812,0.0,4.0,0.0,0.0,0.0,0.0,0.0,0.0,,,,,,,,,,,,,,,,,,,,,,0.001
2,440,train,0.1477636992931366,0.12322356551885605,0.12270065397024155,0.0,0.0,0.0,0.0,0.0,0.0,0.0,0.0,0.0,0.0,0.0,0.0,0.0,0.0,0.0,0.0,0.0,0.0,0.0,0.0,1.0,0.40199634432792664,0.40199631452560425,0.40203484892845154,0.0,-0.0018448384944349527,0.4370250701904297,1.0,0.0,1.0,0.0,0.0,0.004658575169742107,0.0,0.0,0.0,0.0,0.2623981237411499,0.018677689135074615,0.20598745346069336,0.33661288022994995,0.5711938142776489,0.0,0.0,0.0,0.0,0.0,0.0,0.0,0.0,1.0,0.0,-0.0003681026864796877,0.4375675916671753,0.08279033750295639,0.879618763923645,0.0,0.12270065397024155,0.12322356551885605,0.12322356551885605,0.04583560675382614,0.0029183097649365664,-2.637201013122592e-10,0.0,0.0,4.025002956390381,4.025002956390381,1.553943395614624,1.553943395614624,0.17131832242012024,0.0,0.0,0.0,0.0,0.2623981833457947,0.041118551045656204,0.11884073168039322,0.48427143692970276,0.5711938142776489,0.0,1.543800711631775,1.5653728246688843,1.553943395614624,1.5507186651229858,0.4370250701904297,0.07791105657815933,0.028369011357426643,1.0,3.18190336227417,3.269967794418335,3.2654967308044434,0.0,4.0,0.0,0.0,0.0,0.0,0.0,0.0,,,,,,,,,,,,,,,,,,,,,,0.001
2,460,train,0.14373724162578583,0.11972460895776749,0.12006315588951111,0.0,0.0,0.0,0.0,0.0,0.0,0.0,0.0,0.0,0.0,0.0,0.0,0.0,0.0,0.0,0.0,0.0,0.0,0.0,0.0,1.0,0.3822425901889801,0.3822425901889801,0.38227835297584534,0.0,-0.002957719611003995,0.4461229741573334,1.0,0.0,1.0,0.0,0.0,0.008753674104809761,0.0,0.0,0.0,0.0,0.25538185238838196,0.02048669010400772,0.19290363788604736,0.34073013067245483,0.563683032989502,0.0,0.0,0.0,0.0,0.0,0.0,0.0,0.0,1.0,0.0,0.00030426340526901186,0.4237769842147827,0.09086419641971588,0.8516716957092285,0.0,0.12006315588951111,0.11972460895776749,0.11972460895776749,0.04898587986826897,0.0024173271376639605,4.586282742469194e-11,0.0,0.0,3.943183183670044,3.943183183670044,1.548498511314392,1.548498511314392,0.17904435098171234,0.0,0.0,0.0,0.0,0.25538182258605957,0.04145480692386627,0.12323535233736038,0.4724700152873993,0.563683032989502,0.0,1.534843921661377,1.5604395866394043,1.548498511314392,1.5532619953155518,0.4461229741573334,0.07826273143291473,0.028204990550875664,1.0,3.2367217540740967,3.293243885040283,3.3303685188293457,0.0,4.0,0.0,0.0,0.0,0.0,0.0,0.0,,,,,,,,,,,,,,,,,,,,,,0.001
2,480,train,0.14135919511318207,0.1177021712064743,0.11828513443470001,0.0,0.0,0.0,0.0,0.0,0.0,0.0,0.0,0.0,0.0,0.0,0.0,0.0,0.0,0.0,0.0,0.0,0.0,0.0,0.0,1.0,0.3846064805984497,0.3846064805984497,0.3846648335456848,0.0,-0.0024747427087277174,0.4384053349494934,1.0,0.0,1.0,0.0,0.0,0.008011062629520893,0.0,0.0,0.0,0.0,0.25859740376472473,0.020659230649471283,0.19432783126831055,0.3228137195110321,0.566881537437439,0.0,0.0,0.0,0.0,0.0,0.0,0.0,0.0,1.0,0.0,0.0006289918092079461,0.42902037501335144,0.09056510776281357,0.8533655405044556,0.0,0.11828513443470001,0.1177021712064743,0.1177021712064743,0.04955260828137398,0.014082186855375767,-8.65185353915443e-11,0.0,0.0,3.826758861541748,3.826758861541748,1.5459332466125488,1.5459332466125488,0.17758452892303467,0.0,0.0,0.0,0.0,0.25859740376472473,0.042553212493658066,0.12251643091440201,0.4808569848537445,0.566881537437439,0.0,1.5328463315963745,1.558287501335144,1.5459332466125488,1.54157292842865,0.4384053349494934,0.07920270413160324,0.02818199060857296,1.0,3.263672113418579,3.280092239379883,3.223463535308838,0.0,4.0,0.0,0.0,0.0,0.0,0.0,0.0,,,,,,,,,,,,,,,,,,,,,,0.001
2,500,train,0.17587444186210632,0.14633476734161377,0.14769835770130157,0.0,0.0,0.0,0.0,0.0,0.0,0.0,0.0,0.0,0.0,0.0,0.0,0.0,0.0,0.0,0.0,0.0,0.0,0.0,0.0,1.0,0.36271172761917114,0.36271169781684875,0.36274513602256775,0.0,-0.002395192626863718,0.4404345452785492,1.0,0.0,1.0,0.0,0.0,0.012669694609940052,0.0,0.0,0.0,0.0,0.25810837745666504,0.01945366896688938,0.18037033081054688,0.3161841332912445,0.5664873719215393,0.0,0.0,0.0,0.0,0.0,0.0,0.0,0.0,1.0,0.0,0.0008659064769744873,0.41788649559020996,0.09661984443664551,0.8210302591323853,0.0,0.14769835770130157,0.14633476734161377,0.14633476734161377,0.044525451958179474,-0.00162938900757581,-2.4652797164792517e-11,0.0,0.0,3.9733521938323975,3.9733521938323975,1.5269140005111694,1.5269140005111694,0.16450941562652588,0.0,0.0,0.0,0.0,0.25810834765434265,0.0419284850358963,0.10287158191204071,0.4961497485637665,0.5664873719215393,0.0,1.5130759477615356,1.5390955209732056,1.5269140005111694,1.520801305770874,0.4404345452785492,0.07869383692741394,0.027687881141901016,1.0,3.246387481689453,3.1506619453430176,3.15516996383667,0.0,4.0,0.0,0.0,0.0,0.0,0.0,0.0,,,,,,,,,,,,,,,,,,,,,,0.001
2,520,train,0.14417310059070587,0.12005607038736343,0.1205851286649704,0.0,0.0,0.0,0.0,0.0,0.0,0.0,0.0,0.0,0.0,0.0,0.0,0.0,0.0,0.0,0.0,0.0,0.0,0.0,0.0,1.0,0.35308218002319336,0.35308215022087097,0.3530901074409485,0.0,-0.003110575722530484,0.44153469800949097,1.0,0.0,1.0,0.0,0.0,0.018848638981580734,0.0,0.0,0.0,0.0,0.2554101347923279,0.024127624928951263,0.1790367066860199,0.33557748794555664,0.5626924633979797,0.0,0.0,0.0,0.0,0.0,0.0,0.0,0.0,1.0,0.0,0.0005587047780863941,0.41370832920074463,0.10461295396089554,0.8011437058448792,0.0,0.1205851286649704,0.12005607038736343,0.12005607038736343,0.0414736345410347,0.006684697698801756,2.1112565862235755e-10,0.0,0.0,4.181319713592529,4.181319713592529,1.5253551006317139,1.5253551006317139,0.16147130727767944,0.0,0.0,0.0,0.0,0.2554101347923279,0.04581115394830704,0.09043125808238983,0.5100628733634949,0.5626924633979797,1.5318628356908448e-05,1.5130479335784912,1.5372796058654785,1.5253551006317139,1.5249603986740112,0.44153469800949097,0.07683471590280533,0.02675318531692028,1.0,3.2978391647338867,3.2553486824035645,3.2239298820495605,0.0,4.0,0.0,0.0,0.0,0.0,0.0,0.0,,,,,,,,,,,,,,,,,,,,,,0.001
2,540,train,0.15198881924152374,0.12609289586544037,0.12947963178157806,0.0,0.0,0.0,0.0,0.0,0.0,0.0,0.0,0.0,0.0,0.0,0.0,0.0,0.0,0.0,0.0,0.0,0.0,0.0,0.0,1.0,0.34637194871902466,0.34637194871902466,0.3464409112930298,0.0,-0.0025772922672331333,0.4376765489578247,1.0,0.0,1.0,0.0,0.0,0.02427816204726696,0.0,0.0,0.0,0.0,0.2506883144378662,0.0219844002276659,0.15188536047935486,0.33112043142318726,0.5573838353157043,0.0,0.0,0.0,0.0,0.0,0.0,0.0,0.0,1.0,0.0,0.0029063690453767776,0.4168539345264435,0.11491461098194122,0.7805228233337402,0.0,0.12947963178157806,0.12609289586544037,0.12609289586544037,0.043100059032440186,0.002538837492465973,-2.4930993380856137e-10,0.0,0.0,4.004405975341797,4.004405975341797,1.5409669876098633,1.5409669876098633,0.16196584701538086,0.0,0.0,0.0,0.0,0.2506883144378662,0.046358201652765274,0.10747562348842621,0.5241513252258301,0.5573838353157043,6.127451342763379e-05,1.532296061515808,1.5520066022872925,1.5409669876098633,1.5366958379745483,0.4376765489578247,0.07776293903589249,0.026862775906920433,1.0,3.2019100189208984,3.1622514724731445,3.1606521606445312,0.0,4.0,0.0,0.0,0.0,0.0,0.0,0.0,,,,,,,,,,,,,,,,,,,,,,0.001
2,560,train,0.1586875170469284,0.1319756656885147,0.13355927169322968,0.0,0.0,0.0,0.0,0.0,0.0,0.0,0.0,0.0,0.0,0.0,0.0,0.0,0.0,0.0,0.0,0.0,0.0,0.0,0.0,1.0,0.34048667550086975,0.34048667550086975,0.3405251204967499,0.0,-0.0023052918259054422,0.4296934902667999,1.0,0.0,1.0,0.0,0.0,0.017792705446481705,0.0,0.0,0.0,0.0,0.2564728856086731,0.0255560465157032,0.16601046919822693,0.3355564475059509,0.5619652271270752,0.0,0.0,0.0,0.0,0.0,0.0,0.0,0.0,1.0,0.0,0.0018112132092937827,0.41542327404022217,0.10899524390697479,0.7818058133125305,0.0,0.13355927169322968,0.1319756656885147,0.1319756656885147,0.043825674802064896,0.006647069472819567,9.615191975953508e-11,0.0,0.0,3.795130491256714,3.795130491256714,1.4972347021102905,1.4972347021102905,0.1520753800868988,0.0,0.0,0.0,0.0,0.2564728558063507,0.0530356839299202,0.09437809139490128,0.5787428021430969,0.5619652271270752,9.19117737794295e-05,1.4921879768371582,1.5094752311706543,1.4972347021102905,1.4913456439971924,0.4296934902667999,0.08104891330003738,0.027337007224559784,1.0,3.165377140045166,3.1646411418914795,3.2693419456481934,0.0,4.0,0.0,0.0,0.0,0.0,0.0,0.0,,,,,,,,,,,,,,,,,,,,,,0.001
2,580,train,0.13646340370178223,0.11363324522972107,0.11415077745914459,0.0,0.0,0.0,0.0,0.0,0.0,0.0,0.0,0.0,0.0,0.0,0.0,0.0,0.0,0.0,0.0,0.0,0.0,0.0,0.0,1.0,0.30840229988098145,0.30840229988098145,0.3084135949611664,0.0,-0.001801509177312255,0.4408714771270752,1.0,0.0,1.0,0.0,0.0,0.031589142978191376,0.0,0.0,0.0,0.0,0.2525601387023926,0.023178087547421455,0.1750323474407196,0.3396623134613037,0.5568881630897522,0.0,0.0,0.0,0.0,0.0,0.0,0.0,0.0,1.0,0.0,0.0008338824845850468,0.4134289622306824,0.13066723942756653,0.742424488067627,0.0,0.11415077745914459,0.11363324522972107,0.11363324522972107,0.0410575307905674,-0.003042063442990184,-3.336717013802115e-10,0.0,0.0,3.9831302165985107,3.9831299781799316,1.5221807956695557,1.5221807956695557,0.1510581374168396,0.0,0.0,0.0,0.0,0.2525601387023926,0.05587846413254738,0.08494016528129578,0.5794475674629211,0.5568881630897522,0.000367647095117718,1.522911548614502,1.5334781408309937,1.5221807956695557,1.5120564699172974,0.4408714771270752,0.0790606364607811,0.02607867680490017,1.0,3.1185755729675293,3.218966007232666,3.0700137615203857,0.0,4.0,0.0,0.0,0.0,0.0,0.0,0.0,,,,,,,,,,,,,,,,,,,,,,0.001
2,600,train,0.15033447742462158,0.12501418590545654,0.1266014724969864,0.0,0.0,0.0,0.0,0.0,0.0,0.0,0.0,0.0,0.0,0.0,0.0,0.0,0.0,0.0,0.0,0.0,0.0,0.0,0.0,1.0,0.3064557611942291,0.3064557611942291,0.3065469563007355,0.0,-0.0019912600982934237,0.43792909383773804,1.0,0.0,1.0,0.0,0.0,0.04140981286764145,0.0,0.0,0.0,0.0,0.2582676112651825,0.029921971261501312,0.15266868472099304,0.3646106421947479,0.5604696273803711,0.0,0.0,0.0,0.0,0.0,0.0,0.0,0.0,1.0,0.0,0.00197600363753736,0.4136289358139038,0.13309217989444733,0.7281770706176758,0.0,0.1266014724969864,0.12501418590545654,0.12501418590545654,0.04220220446586609,-0.0022565636318176985,3.180201935126803e-10,0.0,0.0,3.785686492919922,3.785686492919922,1.4956271648406982,1.4956271648406982,0.1465330868959427,0.0,0.0,0.0,0.0,0.2582675814628601,0.06439296156167984,0.07154137641191483,0.6014686226844788,0.5604696273803711,0.0009650735883042216,1.5020079612731934,1.5065754652023315,1.4956271648406982,1.4941504001617432,0.43792909383773804,0.08115346729755402,0.0261175949126482,1.0,3.1037375926971436,3.157601833343506,3.1273045539855957,0.0,4.0,0.0,0.0,0.0,0.0,0.0,0.0,,,,,,,,,,,,,,,,,,,,,,0.001
2,620,train,0.14094020426273346,0.11736223846673965,0.11788980662822723,0.0,0.0,0.0,0.0,0.0,0.0,0.0,0.0,0.0,0.0,0.0,0.0,0.0,0.0,0.0,0.0,0.0,0.0,0.0,0.0,1.0,0.2938106954097748,0.2938106656074524,0.2938310205936432,0.0,-0.003009270178154111,0.4373458921909332,1.0,0.0,1.0,0.0,0.0,0.026679053902626038,0.0,0.0,0.0,0.0,0.2537781298160553,0.03035118244588375,0.15143242478370667,0.3489677906036377,0.5530824065208435,0.0,0.0,0.0,0.0,0.0,0.0,0.0,0.0,1.0,0.0,0.0011017626384273171,0.40755122900009155,0.13929560780525208,0.7139489650726318,0.0,0.11788980662822723,0.11736223846673965,0.11736223846673965,0.04221607744693756,-0.0009169501718133688,-4.3853653347580845e-12,0.0,0.0,3.936389923095703,3.936389923095703,1.4774786233901978,1.4774786233901978,0.15649878978729248,0.0,0.0,0.0,0.0,0.2537781596183777,0.07098962366580963,0.038409460335969925,0.626820981502533,0.5530824065208435,0.0013480392517521977,1.4948393106460571,1.487992286682129,1.4774786233901978,1.4949043989181519,0.4373458921909332,0.08220909535884857,0.027219567447900772,1.0,3.0928921699523926,3.123067855834961,3.2279763221740723,0.0,4.0,0.0,0.0,0.0,0.0,0.0,0.0,,,,,,,,,,,,,,,,,,,,,,0.001
2,640,train,0.1395532339811325,0.11633449792861938,0.1160936951637268,0.0,0.0,0.0,0.0,0.0,0.0,0.0,0.0,0.0,0.0,0.0,0.0,0.0,0.0,0.0,0.0,0.0,0.0,0.0,0.0,1.0,0.26963067054748535,0.26963067054748535,0.2696203291416168,0.0,-0.0026316053699702024,0.4400768578052521,1.0,0.0,1.0,0.0,0.0,0.024323929101228714,0.0,0.0,0.0,0.0,0.257643461227417,0.03025163523852825,0.17702633142471313,0.3629419207572937,0.5529580116271973,0.0,0.0,0.0,0.0,0.0,0.0,0.0,0.0,1.0,0.0,-0.0009371974738314748,0.39703837037086487,0.1510799080133438,0.6909241080284119,0.0,0.1160936951637268,0.11633449792861938,0.11633449792861938,0.04593046009540558,-0.0056134737096726894,2.768764384430966e-10,0.0,0.0,3.8425989151000977,3.8425989151000977,1.4713996648788452,1.4713996648788452,0.16464416682720184,0.0,0.0,0.0,0.0,0.257643461227417,0.08238256722688675,0.070431649684906,0.6556876301765442,0.5529580116271973,0.005514706019312143,1.494227409362793,1.484188199043274,1.4713996648788452,1.4408103227615356,0.4400768578052521,0.08298060297966003,0.02694735862314701,1.0,3.018434524536133,3.132333755493164,2.971496105194092,0.0,4.0,0.0,0.0,0.0,0.0,0.0,0.0,,,,,,,,,,,,,,,,,,,,,,0.001
2,660,train,0.13545078039169312,0.11267251521348953,0.11389129608869553,0.0,0.0,0.0,0.0,0.0,0.0,0.0,0.0,0.0,0.0,0.0,0.0,0.0,0.0,0.0,0.0,0.0,0.0,0.0,0.0,1.0,0.2722013592720032,0.2722013592720032,0.27219441533088684,0.0,-0.002164138713851571,0.43749475479125977,1.0,0.0,1.0,0.0,0.0,0.049291957169771194,0.0,0.0,0.0,0.0,0.24381238222122192,0.0311012901365757,0.14198116958141327,0.3336188793182373,0.5312313437461853,0.0,0.0,0.0,0.0,0.0,0.0,0.0,0.0,1.0,0.0,0.004632081836462021,0.3909761309623718,0.19761763513088226,0.6617031097412109,0.0,0.11389129608869553,0.11267251521348953,0.11267251521348953,0.0443192757666111,-0.004633879754692316,1.2728801346284513e-10,0.0,0.0,3.8958566188812256,3.8958566188812256,1.6164299249649048,1.6164299249649048,0.16348353028297424,0.0,0.0,0.0,0.0,0.24381236732006073,0.09522631019353867,0.03348693996667862,0.680539608001709,0.5312313437461853,0.016513481736183167,1.6815778017044067,1.6198910474777222,1.6164299249649048,1.5502279996871948,0.43749475479125977,0.09103366732597351,0.030368398874998093,1.0,3.0705504417419434,3.145397663116455,3.05902099609375,0.0,4.0,0.0,0.0,0.0,0.0,0.0,0.0,,,,,,,,,,,,,,,,,,,,,,0.001
2,668,train_epoch,0.15391932133429065,0.1282378624745472,0.12840729445486726,0.0,0.0,0.0,0.0,0.0,0.0,0.0,0.0,0.0,0.0,0.0,0.0,0.0,0.0,0.0,0.0,0.0,0.0,0.0,0.0,1.0,0.35453617015106237,0.3545361696156913,0.3545705703293492,0.0,-0.002143317858115519,0.4407950047247424,1.0,0.0,1.0,0.0,0.0,0.01914605469663187,0.0,0.0,0.0,0.0,0.25608494632436846,0.024172111748979833,0.17736496736189564,0.3368019671318774,0.5611893884436099,0.0,0.0,0.0,0.0,0.0,0.0,0.0,0.0,1.0,0.0,0.0004930788670676493,0.4188600639383236,0.1106474251001181,0.8037255699049213,0.0,0.12840729445486726,0.1282378624745472,0.1282378624745472,0.047472795215017065,0.0014474513904634385,-1.0467005549870405e-11,0.0,0.0,3.931541823341461,3.9315418211999766,1.5371480487777802,1.5371480487777802,0.17685980242704916,0.0,0.0,0.0,0.0,0.2560849488227667,0.05130526478106747,0.09659170050419376,0.5301946268645589,0.5611893884436099,0.001108215617747562,1.5357180384104838,1.547865654537064,1.5371480487777802,1.5344817442094494,0.4407950047247424,0.0782969523845854,0.028091524744372882,1.0,3.2366347741224093,3.2379922888236132,3.237969643341567,0.0,4.0,0.0,0.0,0.0,0.0,0.0,0.0,,,,,,,,,,,,,,,,,,,,,,0.001
2,668,val,,,,,,,,,,,,,,,,,,,,,,,,,,,,,,,,,,,,,,,,,,,,,,,,,,,,,,,,,,,,,,,,,,,,,,,,,,,,,,,,,,,,,,,,,,,,,,,,,,,,,,,89.61241998758402,16324.68288992117,127.76808243814716,132.57236494459548,50.03555265203253,17.534775441831297,27.001798552673872,13.025228801074329,8.429591359318914,164.37658574559666,199.50911896127695,245.81881425187393,92.04954174832181,122.30082791989987,146.6782808121479,194.49487748017182,71.94819589563318,89.61241998758402,127.76808243814716,132.57236494459548,50.03555265203253,0.001
2,668,test,,,,,,,,,,,,,,,,,,,,,,,,,,,,,,,,,,,,,,,,,,,,,,,,,,,,,,,,,,,,,,,,,,,,,,,,,,,,,,,,,,,,,,,,,,,,,,,,,,,,,,,88.70540319906699,15953.916838224945,126.30881536228952,131.3945447217237,50.6549020715662,17.0393691879135,25.760097961047403,12.73740240045496,8.373811519897735,162.67666749696474,197.11201332780783,243.9281260859859,92.98439823185001,121.22120570277309,144.96431097054923,192.76185357033668,73.04785778286221,88.70540319906699,126.30881536228952,131.3945447217237,50.6549020715662,0.001
3,680,train,0.12689605355262756,0.1055053174495697,0.1069536805152893,0.0,0.0,0.0,0.0,0.0,0.0,0.0,0.0,0.0,0.0,0.0,0.0,0.0,0.0,0.0,0.0,0.0,0.0,0.0,0.0,1.0,0.23092669248580933,0.23092669248580933,0.230942040681839,0.0,-0.0025588511489331722,0.4361264407634735,1.0,0.0,1.0,0.0,0.0,0.059487856924533844,0.0,0.0,0.0,0.0,0.24518676102161407,0.046769581735134125,0.12422262877225876,0.3603506088256836,0.5245141386985779,0.0,0.0,0.0,0.0,0.0,0.0,0.0,0.0,1.0,0.0,0.0026828148402273655,0.38211590051651,0.18502165377140045,0.5899854898452759,0.0,0.1069536805152893,0.1055053174495697,0.1055053174495697,0.045660074800252914,-0.005929557140916586,2.1764642865740313e-10,0.0,0.0,3.966419219970703,3.966419219970703,1.4409937858581543,1.4409937858581543,0.17003603279590607,0.0,0.0,0.0,0.0,0.2451867312192917,0.10996679216623306,0.03318813815712929,0.7569631338119507,0.5245141386985779,0.021262256428599358,1.4924482107162476,1.4524117708206177,1.4409937858581543,1.4654004573822021,0.4361264407634735,0.08407504111528397,0.027174459770321846,1.0,3.0646777153015137,3.031294822692871,3.0254688262939453,0.0,4.0,0.0,0.0,0.0,0.0,0.0,0.0,,,,,,,,,,,,,,,,,,,,,,0.001
3,700,train,0.14796215295791626,0.1230148896574974,0.12473627924919128,0.0,0.0,0.0,0.0,0.0,0.0,0.0,0.0,0.0,0.0,0.0,0.0,0.0,0.0,0.0,0.0,0.0,0.0,0.0,0.0,1.0,0.21673583984375,0.21673583984375,0.21676914393901825,0.0,-0.001977799693122506,0.4365781545639038,1.0,0.0,1.0,0.0,0.0,0.05206438899040222,0.0,0.0,0.0,0.0,0.21824857592582703,0.05044422671198845,0.1139310821890831,0.35356682538986206,0.49156466126441956,0.0,0.0,0.0,0.0,0.0,0.0,0.0,0.0,1.0,0.0,0.0026333851274102926,0.37949031591415405,0.17096839845180511,0.5755525231361389,0.0,0.12473627924919128,0.1230148896574974,0.1230148896574974,0.04060506820678711,0.00313895707949996,2.2944689204162927e-10,0.0,0.0,3.753659248352051,3.753659248352051,1.378945231437683,1.378945231437683,0.14521080255508423,0.0,0.0,0.0,0.0,0.21824856102466583,0.10777632892131805,0.02215477265417576,0.7313825488090515,0.49156466126441956,0.021537991240620613,1.4212762117385864,1.393014669418335,1.378945231437683,1.3982380628585815,0.4365781545639038,0.08218841999769211,0.026127588003873825,1.0,2.988233804702759,3.055159330368042,3.064375877380371,0.0,4.0,0.0,0.0,0.0,0.0,0.0,0.0,,,,,,,,,,,,,,,,,,,,,,0.001
3,720,train,0.13821139931678772,0.11506819725036621,0.11571600288152695,0.0,0.0,0.0,0.0,0.0,0.0,0.0,0.0,0.0,0.0,0.0,0.0,0.0,0.0,0.0,0.0,0.0,0.0,0.0,0.0,1.0,0.210693359375,0.210693359375,0.21073180437088013,0.0,-0.0022849009837955236,0.43933722376823425,1.0,0.0,1.0,0.0,0.0,0.029507026076316833,0.0,0.0,0.0,0.0,0.22280846536159515,0.056481193751096725,0.10335706174373627,0.40603339672088623,0.48590347170829773,0.0,0.0,0.0,0.0,0.0,0.0,0.0,0.0,1.0,0.0,-0.00020175729878246784,0.3599127531051636,0.19082723557949066,0.5543162226676941,0.0,0.11571600288152695,0.11506819725036621,0.11506819725036621,0.04155309125781059,-0.006589625962078571,-1.788308043315645e-11,0.0,0.0,3.934882640838623,3.934882640838623,1.446230173110962,1.446230173110962,0.15464209020137787,0.0,0.0,0.0,0.0,0.22280846536159515,0.12524834275245667,0.015146661549806595,0.7809826731681824,0.48590347170829773,0.03264399617910385,1.5275707244873047,1.457232117652893,1.446230173110962,1.4222195148468018,0.43933722376823425,0.08968891948461533,0.028040528297424316,1.0,3.1221044063568115,3.1710124015808105,3.051229953765869,0.0,4.0,0.0,0.0,0.0,0.0,0.0,0.0,,,,,,,,,,,,,,,,,,,,,,0.001
3,740,train,0.1571211814880371,0.1306648850440979,0.13228151202201843,0.0,0.0,0.0,0.0,0.0,0.0,0.0,0.0,0.0,0.0,0.0,0.0,0.0,0.0,0.0,0.0,0.0,0.0,0.0,0.0,1.0,0.1792362630367279,0.1792362928390503,0.17922864854335785,0.0,-0.0015834204386919737,0.43678444623947144,1.0,0.0,1.0,0.0,0.0,0.062633216381073,0.0,0.0,0.0,0.0,0.2139400988817215,0.05309343338012695,0.11898618191480637,0.34477633237838745,0.47331753373146057,0.0,0.0,0.0,0.0,0.0,0.0,0.0,0.0,1.0,0.0,0.0031389675568789244,0.37638482451438904,0.1646580845117569,0.5155839920043945,0.0,0.13228151202201843,0.1306648850440979,0.1306648850440979,0.03992380201816559,-0.0017836757469922304,-7.575319538322134e-11,0.0,0.0,3.8230233192443848,3.8230233192443848,1.2973803281784058,1.2973803281784058,0.1497681736946106,0.0,0.0,0.0,0.0,0.2139401137828827,0.12612241506576538,0.009744953364133835,0.7523598670959473,0.47331753373146057,0.038618262857198715,1.3796367645263672,1.3080835342407227,1.2973803281784058,1.2767627239227295,0.43678444623947144,0.08339722454547882,0.024736437946558,1.0,3.1606268882751465,3.1485137939453125,3.1046032905578613,0.0,4.0,0.0,0.0,0.0,0.0,0.0,0.0,,,,,,,,,,,,,,,,,,,,,,0.001
3,760,train,0.14417052268981934,0.11996475607156754,0.12102879583835602,0.0,0.0,0.0,0.0,0.0,0.0,0.0,0.0,0.0,0.0,0.0,0.0,0.0,0.0,0.0,0.0,0.0,0.0,0.0,0.0,1.0,0.1660860776901245,0.1660860776901245,0.16610588133335114,0.0,-0.002856503240764141,0.44024622440338135,1.0,0.0,1.0,0.0,0.0,0.07423526048660278,0.0,0.0,0.0,0.0,0.2077423334121704,0.05203792825341225,0.10244183242321014,0.37984880805015564,0.45894089341163635,0.0,0.0,0.0,0.0,0.0,0.0,0.0,0.0,1.0,0.0,0.0019558498170226812,0.3684983253479004,0.18882477283477783,0.4628360867500305,0.0,0.12102879583835602,0.11996475607156754,0.11996475607156754,0.04556672275066376,-0.007017055060714483,-1.3564244172314943e-10,0.0,0.0,3.9681296348571777,3.9681296348571777,1.341198444366455,1.341198444366455,0.1783074289560318,0.0,0.0,0.0,0.0,0.2077423334121704,0.13429099321365356,0.008584766648709774,0.8533210158348083,0.45894089341163635,0.04163603112101555,1.4598650932312012,1.3445720672607422,1.341198444366455,1.3273708820343018,0.44024622440338135,0.08470646291971207,0.025704853236675262,1.0,3.0804319381713867,3.014657974243164,3.0717649459838867,0.0,4.0,0.0,0.0,0.0,0.0,0.0,0.0,,,,,,,,,,,,,,,,,,,,,,0.001
3,780,train,0.13629844784736633,0.11376386880874634,0.11267287284135818,0.0,0.0,0.0,0.0,0.0,0.0,0.0,0.0,0.0,0.0,0.0,0.0,0.0,0.0,0.0,0.0,0.0,0.0,0.0,0.0,1.0,0.15036480128765106,0.15036481618881226,0.1503637731075287,0.0,-0.0013052249560132623,0.4417031407356262,1.0,0.0,1.0,0.0,0.0,0.05371219292283058,0.0,0.0,0.0,0.0,0.18036514520645142,0.05379137769341469,0.06133420765399933,0.3502447009086609,0.4192622900009155,0.0,0.0,0.0,0.0,0.0,0.0,0.0,0.0,1.0,0.0,-0.0009130355319939554,0.3504139482975006,0.18098589777946472,0.4439869523048401,0.0,0.11267287284135818,0.11376386880874634,0.11376386880874634,0.03872692957520485,-0.0008107352769002318,2.6778723682951977e-10,0.0,0.0,3.820621967315674,3.8206217288970947,1.2772800922393799,1.2772800922393799,0.1411118060350418,0.0,0.0,0.0,0.0,0.18036514520645142,0.12838202714920044,0.005654599983245134,0.8412907123565674,0.4192622900009155,0.030545344576239586,1.4118322134017944,1.276536464691162,1.2772800922393799,1.2560086250305176,0.4417031407356262,0.08837513625621796,0.027496756985783577,1.0,3.120673179626465,3.0667572021484375,3.0822815895080566,0.0,4.0,0.0,0.0,0.0,0.0,0.0,0.0,,,,,,,,,,,,,,,,,,,,,,0.001
3,800,train,0.13695068657398224,0.11376164108514786,0.11594521999359131,0.0,0.0,0.0,0.0,0.0,0.0,0.0,0.0,0.0,0.0,0.0,0.0,0.0,0.0,0.0,0.0,0.0,0.0,0.0,0.0,1.0,0.13281084597110748,0.13281084597110748,0.13279332220554352,0.0,-0.001889240462332964,0.4405905306339264,1.0,0.0,1.0,0.0,0.0,0.07460273802280426,0.0,0.0,0.0,0.0,0.23045361042022705,0.08187291026115417,0.08266478031873703,0.45926281809806824,0.4756411015987396,0.0,0.0,0.0,0.0,0.0,0.0,0.0,0.0,1.0,0.0,0.004825701471418142,0.33789899945259094,0.1974928379058838,0.3734234571456909,0.0,0.11594521999359131,0.11376164108514786,0.11376164108514786,0.05267053470015526,-0.020861756056547165,1.0387071064377196e-10,0.0,0.0,3.890275716781616,3.890275716781616,1.2412638664245605,1.2412638664245605,0.20352007448673248,0.0,0.0,0.0,0.0,0.23045362532138824,0.15119321644306183,0.007593688555061817,0.8358638286590576,0.4756411015987396,0.058609072118997574,1.3503202199935913,1.242595911026001,1.2412638664245605,1.2172287702560425,0.4405905306339264,0.08995407819747925,0.028155352920293808,1.0,3.0463831424713135,3.09619402885437,3.0366997718811035,0.0,4.0,0.0,0.0,0.0,0.0,0.0,0.0,,,,,,,,,,,,,,,,,,,,,,0.001
3,820,train,0.13982532918453217,0.11627957969903946,0.11772873997688293,0.0,0.0,0.0,0.0,0.0,0.0,0.0,0.0,0.0,0.0,0.0,0.0,0.0,0.0,0.0,0.0,0.0,0.0,0.0,0.0,1.0,0.13075952231884003,0.13075952231884003,0.1307341605424881,0.0,-0.0014496142975986004,0.44565925002098083,1.0,0.0,1.0,0.0,0.0,0.09948956966400146,0.0,0.0,0.0,0.0,0.1986280381679535,0.07211910933256149,0.058470092713832855,0.39175352454185486,0.4425817131996155,0.0,0.0,0.0,0.0,0.0,0.0,0.0,0.0,1.0,0.0,0.0045308745466172695,0.3304290771484375,0.2069094479084015,0.34073907136917114,0.0,0.11772873997688293,0.11627957969903946,0.11627957969903946,0.05134062096476555,-0.025950103998184204,-3.6416720333720676e-11,0.0,0.0,3.874589681625366,3.8745901584625244,1.2472513914108276,1.2472513914108276,0.2136964350938797,0.0,0.0,0.0,0.0,0.1986280381679535,0.13493545353412628,0.0053883688524365425,0.7820942401885986,0.4425817131996155,0.03030024655163288,1.3341490030288696,1.2505935430526733,1.2472513914108276,1.353028655052185,0.44565925002098083,0.08744849264621735,0.02737193927168846,1.0,2.9583277702331543,3.0324792861938477,3.010932445526123,0.0,4.0,0.0,0.0,0.0,0.0,0.0,0.0,,,,,,,,,,,,,,,,,,,,,,0.001
3,840,train,0.1351885199546814,0.11236055195331573,0.11413981765508652,0.0,0.0,0.0,0.0,0.0,0.0,0.0,0.0,0.0,0.0,0.0,0.0,0.0,0.0,0.0,0.0,0.0,0.0,0.0,0.0,1.0,0.10967905819416046,0.10967905819416046,0.10963933914899826,0.0,-0.0026791708078235388,0.43536320328712463,1.0,0.0,1.0,0.0,0.0,0.08318999409675598,0.0,0.0,0.0,0.0,0.1873442530632019,0.06774161756038666,0.08159105479717255,0.3983217179775238,0.4171717166900635,0.0,0.0,0.0,0.0,0.0,0.0,0.0,0.0,1.0,0.0,0.004487212281674147,0.31038397550582886,0.18423539400100708,0.2983834445476532,0.0,0.11413981765508652,0.11236055195331573,0.11236055195331573,0.056988634169101715,-0.041418492794036865,1.8770703047454873e-10,0.0,0.0,3.7789573669433594,3.7789573669433594,1.1196954250335693,1.1196954250335693,0.2279781848192215,0.0,0.0,0.0,0.0,0.1873442530632019,0.14641578495502472,0.002584144240245223,0.8628746271133423,0.4171717166900635,0.050628066062927246,1.2029303312301636,1.127616047859192,1.1196954250335693,1.152915120124817,0.43536320328712463,0.0861276164650917,0.02662125788629055,1.0,2.9678845405578613,3.0052809715270996,3.1292078495025635,0.0,4.0,0.0,0.0,0.0,0.0,0.0,0.0,,,,,,,,,,,,,,,,,,,,,,0.001
3,860,train,0.1398511826992035,0.1162097156047821,0.11820732802152634,0.0,0.0,0.0,0.0,0.0,0.0,0.0,0.0,0.0,0.0,0.0,0.0,0.0,0.0,0.0,0.0,0.0,0.0,0.0,0.0,1.0,0.08859101682901382,0.08859101682901382,0.08850988745689392,0.0,-0.002060496713966131,0.4370777904987335,1.0,0.0,1.0,0.0,0.0,0.09376230835914612,0.0,0.0,0.0,0.0,0.16266858577728271,0.05965187028050423,0.05553586408495903,0.3020263910293579,0.37483200430870056,0.0,0.0,0.0,0.0,0.0,0.0,0.0,0.0,1.0,0.0,0.00573643296957016,0.30262893438339233,0.2051347941160202,0.2610624432563782,0.0,0.11820732802152634,0.1162097156047821,0.1162097156047821,0.05416889116168022,-0.025533108040690422,-2.140064861433366e-11,0.0,0.0,3.8049654960632324,3.8049654960632324,1.2273240089416504,1.2273240089416504,0.21143212914466858,0.0,0.0,0.0,0.0,0.16266858577728271,0.14425258338451385,0.0018509967485442758,0.8425431251525879,0.37483200430870056,0.03987438976764679,1.4190374612808228,1.2120611667633057,1.2273240089416504,1.159950852394104,0.4370777904987335,0.09356975555419922,0.029199345037341118,1.0,3.0309414863586426,3.015207052230835,2.965059280395508,0.0,4.0,0.0,0.0,0.0,0.0,0.0,0.0,,,,,,,,,,,,,,,,,,,,,,0.001
3,880,train,0.13278014957904816,0.11053134500980377,0.11124405264854431,0.0,0.0,0.0,0.0,0.0,0.0,0.0,0.0,0.0,0.0,0.0,0.0,0.0,0.0,0.0,0.0,0.0,0.0,0.0,0.0,1.0,0.08134771138429642,0.08134771138429642,0.08128270506858826,0.0,-0.002585712354630232,0.43677225708961487,1.0,0.0,1.0,0.0,0.0,0.1087595522403717,0.0,0.0,0.0,0.0,0.16150754690170288,0.060181133449077606,0.04981511831283569,0.3275144696235657,0.3722839951515198,0.0,0.0,0.0,0.0,0.0,0.0,0.0,0.0,1.0,0.0,0.0034080364275723696,0.29502323269844055,0.18883945047855377,0.24163660407066345,0.0,0.11124405264854431,0.11053134500980377,0.11053134500980377,0.05435071513056755,-0.03489780053496361,4.537515762431665e-12,0.0,0.0,3.7797415256500244,3.7797415256500244,1.0756644010543823,1.0756644010543823,0.21370425820350647,0.0,0.0,0.0,0.0,0.16150756180286407,0.14580541849136353,0.0022345471661537886,0.8625065684318542,0.3722839951515198,0.04401041939854622,1.2334179878234863,1.0703985691070557,1.0756644010543823,1.085091233253479,0.43677225708961487,0.08982957899570465,0.027143700048327446,1.0,2.9591293334960938,3.039426803588867,3.059353828430176,0.0,4.0,0.0,0.0,0.0,0.0,0.0,0.0,,,,,,,,,,,,,,,,,,,,,,0.001
3,900,train,0.12955912947654724,0.10787088423967361,0.10844120383262634,0.0,0.0,0.0,0.0,0.0,0.0,0.0,0.0,0.0,0.0,0.0,0.0,0.0,0.0,0.0,0.0,0.0,0.0,0.0,0.0,1.0,0.07840264588594437,0.07840265333652496,0.07833578437566757,0.0,-0.0025347135961055756,0.43482890725135803,1.0,0.0,1.0,0.0,0.0,0.10797988623380661,0.0,0.0,0.0,0.0,0.16815587878227234,0.06835463643074036,0.04515960067510605,0.32331255078315735,0.3761216402053833,0.0,0.0,0.0,0.0,0.0,0.0,0.0,0.0,1.0,0.0,0.0032736090943217278,0.31354424357414246,0.18884995579719543,0.2223401963710785,0.0,0.10844120383262634,0.10787088423967361,0.10787088423967361,0.06850337237119675,-0.029176654294133186,-2.4138166465625943e-10,0.0,0.0,3.8424928188323975,3.8424928188323975,1.129110336303711,1.129110336303711,0.27778199315071106,0.0,0.0,0.0,0.0,0.16815589368343353,0.15314044058322906,0.0021819728426635265,0.89923095703125,0.3761216402053833,0.045128680765628815,1.29546058177948,1.1168030500411987,1.129110336303711,1.094374179840088,0.43482890725135803,0.08897494524717331,0.027161529287695885,1.0,2.9952893257141113,3.0471668243408203,2.9554648399353027,0.0,4.0,0.0,0.0,0.0,0.0,0.0,0.0,,,,,,,,,,,,,,,,,,,,,,0.001
3,920,train,0.12663203477859497,0.10546260327100754,0.10584716498851776,0.0,0.0,0.0,0.0,0.0,0.0,0.0,0.0,0.0,0.0,0.0,0.0,0.0,0.0,0.0,0.0,0.0,0.0,0.0,0.0,1.0,0.06837993860244751,0.06837993860244751,0.06835351139307022,0.0,-0.001738210441544652,0.43431639671325684,1.0,0.0,1.0,0.0,0.0,0.12553060054779053,0.0,0.0,0.0,0.0,0.17246797680854797,0.08447232842445374,0.027694012969732285,0.3977496325969696,0.37578117847442627,0.0,0.0,0.0,0.0,0.0,0.0,0.0,0.0,1.0,0.0,0.0014589824713766575,0.2940906882286072,0.18500947952270508,0.19361284375190735,0.0,0.10584716498851776,0.10546260327100754,0.10546260327100754,0.07338212430477142,-0.04402465745806694,3.250116495379096e-11,0.0,0.0,3.8370983600616455,3.8370983600616455,1.0903174877166748,1.0903174877166748,0.298393577337265,0.0,0.0,0.0,0.0,0.17246797680854797,0.1612146645784378,0.0007085715769790113,0.9006984233856201,0.37578117847442627,0.05003064125776291,1.2512677907943726,1.0813668966293335,1.0903174877166748,1.0917224884033203,0.43431639671325684,0.08474931865930557,0.02535777911543846,1.0,2.7435319423675537,2.925732374191284,2.926419734954834,0.0,4.0,0.0,0.0,0.0,0.0,0.0,0.0,,,,,,,,,,,,,,,,,,,,,,0.001
3,940,train,0.14704369008541107,0.12202785909175873,0.12507912516593933,0.0,0.0,0.0,0.0,0.0,0.0,0.0,0.0,0.0,0.0,0.0,0.0,0.0,0.0,0.0,0.0,0.0,0.0,0.0,0.0,1.0,0.07512444257736206,0.07512444257736206,0.07504860311746597,0.0,-0.0017317984020337462,0.441357284784317,1.0,0.0,1.0,0.0,0.0,0.13493511080741882,0.0,0.0,0.0,0.0,0.16081668436527252,0.08090776950120926,0.026361389085650444,0.42021995782852173,0.35615772008895874,0.0,0.0,0.0,0.0,0.0,0.0,0.0,0.0,1.0,0.0,0.006031522992998362,0.3010617792606354,0.19165632128715515,0.16998738050460815,0.0,0.12507912516593933,0.12202785909175873,0.12202785909175873,0.06741911917924881,-0.029198361560702324,2.1766619756613537e-11,0.0,0.0,3.815321445465088,3.815321445465088,1.1167986392974854,1.1167986392974854,0.27339091897010803,0.0,0.0,0.0,0.0,0.16081669926643372,0.15802372992038727,0.0007814037380740047,0.8806900382041931,0.35615772008895874,0.052359070628881454,1.24113929271698,1.1075797080993652,1.1167986392974854,1.1233229637145996,0.441357284784317,0.09008777886629105,0.027030551806092262,1.0,3.1077260971069336,3.027190685272217,3.0344700813293457,0.0,4.0,0.0,0.0,0.0,0.0,0.0,0.0,,,,,,,,,,,,,,,,,,,,,,0.001
3,960,train,0.1427118331193924,0.1184881329536438,0.12111850827932358,0.0,0.0,0.0,0.0,0.0,0.0,0.0,0.0,0.0,0.0,0.0,0.0,0.0,0.0,0.0,0.0,0.0,0.0,0.0,0.0,1.0,0.06491199135780334,0.06491199880838394,0.06489984691143036,0.0,-0.002067818306386471,0.4395359754562378,1.0,0.0,1.0,0.0,0.0,0.13964655995368958,0.0,0.0,0.0,0.0,0.13272157311439514,0.06867469847202301,0.0295539703220129,0.3218551278114319,0.31641027331352234,0.0,0.0,0.0,0.0,0.0,0.0,0.0,0.0,1.0,0.0,0.007359609939157963,0.2912085950374603,0.2002650648355484,0.1383005529642105,0.0,0.12111850827932358,0.1184881329536438,0.1184881329536438,0.07744011282920837,-0.03631158918142319,8.684883368026419e-11,0.0,0.0,3.796497106552124,3.796497106552124,1.1446365118026733,1.1446365118026733,0.3102170526981354,0.0,0.0,0.0,0.0,0.13272157311439514,0.13962040841579437,0.0005503026186488569,0.8905333876609802,0.31641027331352234,0.028829658403992653,1.34794282913208,1.1306971311569214,1.1446365118026733,1.1532130241394043,0.4395359754562378,0.09331279247999191,0.027691729366779327,1.0,3.0196375846862793,2.958919048309326,2.9077019691467285,0.0,4.0,0.0,0.0,0.0,0.0,0.0,0.0,,,,,,,,,,,,,,,,,,,,,,0.001
3,980,train,0.13199426233768463,0.10983265191316605,0.11080804467201233,0.0,0.0,0.0,0.0,0.0,0.0,0.0,0.0,0.0,0.0,0.0,0.0,0.0,0.0,0.0,0.0,0.0,0.0,0.0,0.0,1.0,0.05536799877882004,0.05536799877882004,0.05530635640025139,0.0,-0.002299054991453886,0.43249890208244324,1.0,0.0,1.0,0.0,0.0,0.12743088603019714,0.0,0.0,0.0,0.0,0.15401561558246613,0.07983209937810898,0.02591223083436489,0.3591262698173523,0.3383077383041382,0.0,0.0,0.0,0.0,0.0,0.0,0.0,0.0,1.0,0.0,0.0035512528847903013,0.26085448265075684,0.17842313647270203,0.13255205750465393,0.0,0.11080804467201233,0.10983265191316605,0.10983265191316605,0.07198870182037354,-0.045375265181064606,-9.189905086914862e-11,0.0,0.0,3.8866987228393555,3.8866987228393555,1.0361700057983398,1.0361700057983398,0.29315975308418274,0.0,0.0,0.0,0.0,0.15401560068130493,0.16167214512825012,0.0004332532116677612,0.9184349179267883,0.3383077383041382,0.05044424161314964,1.2180899381637573,1.0253429412841797,1.0361700057983398,1.0228135585784912,0.43249890208244324,0.0891752690076828,0.026348678395152092,1.0,2.9173026084899902,2.9469516277313232,3.0587990283966064,0.0,4.0,0.0,0.0,0.0,0.0,0.0,0.0,,,,,,,,,,,,,,,,,,,,,,0.001
3,1000,train,0.13777340948581696,0.11443515121936798,0.11669132113456726,0.0,0.0,0.0,0.0,0.0,0.0,0.0,0.0,0.0,0.0,0.0,0.0,0.0,0.0,0.0,0.0,0.0,0.0,0.0,0.0,1.0,0.05093822628259659,0.05093822628259659,0.05087365582585335,0.0,-0.002176400274038315,0.4330922067165375,1.0,0.0,1.0,0.0,0.0,0.1101417988538742,0.0,0.0,0.0,0.0,0.14398114383220673,0.06269476562738419,0.016056500375270844,0.3076780438423157,0.3308755159378052,0.0,0.0,0.0,0.0,0.0,0.0,0.0,0.0,1.0,0.0,0.0020139236003160477,0.2791564464569092,0.18315505981445312,0.11587417870759964,0.0,0.11669132113456726,0.11443515121936798,0.11443515121936798,0.06572720408439636,-0.018333127722144127,-6.176958250447839e-11,0.0,0.0,3.7291884422302246,3.7291884422302246,1.0697009563446045,1.0697009563446045,0.25854387879371643,0.0,0.0,0.0,0.0,0.14398114383220673,0.15038497745990753,0.00037102409987710416,0.8979952335357666,0.3308755159378052,0.04215686395764351,1.223296046257019,1.0566482543945312,1.0697009563446045,1.0451560020446777,0.4330922067165375,0.0909544974565506,0.026122624054551125,1.0,2.9226536750793457,2.977459669113159,2.9396657943725586,0.0,4.0,0.0,0.0,0.0,0.0,0.0,0.0,,,,,,,,,,,,,,,,,,,,,,0.001
3,1002,train_epoch,0.13850118413924456,0.1152181212238209,0.11641531526863932,0.0,0.0,0.0,0.0,0.0,0.0,0.0,0.0,0.0,0.0,0.0,0.0,0.0,0.0,0.0,0.0,0.0,0.0,0.0,0.0,1.0,0.12346397865630553,0.12346397912475521,0.12343494563982516,0.0,-0.00206895864848884,0.43760943707234845,1.0,0.0,1.0,0.0,0.0,0.08685959156178785,0.0,0.0,0.0,0.0,0.19308715206598806,0.0660233765416695,0.06673776404653302,0.3705688144810899,0.4237430330343589,0.0,0.0,0.0,0.0,0.0,0.0,0.0,0.0,1.0,0.0,0.003024246281428189,0.32832503046639666,0.19035595561751348,0.33426451917269273,0.0,0.11641531526863932,0.1152181212238209,0.1152181212238209,0.055037907843372064,-0.02192525538568131,4.82553166953784e-12,0.0,0.0,3.878739022923087,3.8787390293475394,1.2324804924205393,1.2324804924205393,0.2183763316113078,0.0,0.0,0.0,0.0,0.19308715416285807,0.14250879888673743,0.007536063085778611,0.8454237323321269,0.4237430330343589,0.04372468563967836,1.3548990666509388,1.229610314804637,1.2324804924205393,1.2246727620413203,0.43760943707234845,0.08803405840239839,0.027020575958276224,1.0,3.047943499987711,3.0468273262777728,3.04767815509956,0.0,4.0,0.0,0.0,0.0,0.0,0.0,0.0,,,,,,,,,,,,,,,,,,,,,,0.001
3,1002,val,,,,,,,,,,,,,,,,,,,,,,,,,,,,,,,,,,,,,,,,,,,,,,,,,,,,,,,,,,,,,,,,,,,,,,,,,,,,,,,,,,,,,,,,,,,,,,,,,,,,,,,89.38265327934747,16364.999964808558,127.92575958269138,132.6167402525206,49.98750507938969,16.298466940183896,25.823908177407024,10.674269641841853,7.716291805645367,166.72487489167634,202.01331120323215,248.28233887268615,93.19921311387071,122.43912897883234,147.02874781860513,191.4727431632377,71.40674512021177,89.38265327934747,127.92575958269138,132.6167402525206,49.98750507938969,0.001
3,1002,test,,,,,,,,,,,,,,,,,,,,,,,,,,,,,,,,,,,,,,,,,,,,,,,,,,,,,,,,,,,,,,,,,,,,,,,,,,,,,,,,,,,,,,,,,,,,,,,,,,,,,,,88.48187441439242,15998.555835620777,126.48539771697276,131.39119909475517,50.60762788583566,15.828588623184341,24.603903887849945,10.373506279679033,7.66113789446719,165.09383736000404,199.7011195816442,246.38253584853163,94.23273828867319,121.33893557711764,145.27447612924152,189.83477858809738,72.52294134878898,88.48187441439242,126.48539771697276,131.39119909475517,50.60762788583566,0.001
4,1020,train,0.14706473052501678,0.12230247259140015,0.123811274766922,0.0,0.0,0.0,0.0,0.0,0.0,0.0,0.0,0.0,0.0,0.0,0.0,0.0,0.0,0.0,0.0,0.0,0.0,0.0,0.0,1.0,0.04884123057126999,0.04884123057126999,0.048771534115076065,0.0,-0.0019494579173624516,0.43041157722473145,1.0,0.0,1.0,0.0,0.0,0.1529034972190857,0.0,0.0,0.0,0.0,0.15201705694198608,0.084178127348423,0.032231882214546204,0.43127915263175964,0.3270723521709442,0.0,0.0,0.0,0.0,0.0,0.0,0.0,0.0,1.0,0.0,0.002386509906500578,0.2965536415576935,0.18811459839344025,0.10220398008823395,0.0,0.123811274766922,0.12230247259140015,0.12230247259140015,0.07902732491493225,-0.03768176585435867,-3.7261149027356666e-11,0.0,0.0,3.863097906112671,3.863097906112671,1.0621331930160522,1.0621331930160522,0.3291409909725189,0.0,0.0,0.0,0.0,0.1520170420408249,0.17043688893318176,0.00021809789177495986,0.9580492973327637,0.3270723521709442,0.059972431510686874,1.2170172929763794,1.0515804290771484,1.0621331930160522,1.0509227514266968,0.43041157722473145,0.0900224819779396,0.026036854833364487,1.0,2.895354986190796,3.0736618041992188,2.9421637058258057,0.0,4.0,0.0,0.0,0.0,0.0,0.0,0.0,,,,,,,,,,,,,,,,,,,,,,0.001
4,1040,train,0.13187476992607117,0.10991111397743225,0.10981828719377518,0.0,0.0,0.0,0.0,0.0,0.0,0.0,0.0,0.0,0.0,0.0,0.0,0.0,0.0,0.0,0.0,0.0,0.0,0.0,0.0,1.0,0.0567159540951252,0.0567159540951252,0.0567033551633358,0.0,-0.0017101011471822858,0.44177091121673584,1.0,0.0,1.0,0.0,0.0,0.1228916198015213,0.0,0.0,0.0,0.0,0.16327524185180664,0.10199219733476639,0.01827140711247921,0.5268648862838745,0.33614540100097656,0.0,0.0,0.0,0.0,0.0,0.0,0.0,0.0,1.0,0.0,0.001060341950505972,0.29294684529304504,0.19507524371147156,0.11329229921102524,0.0,0.10981828719377518,0.10991111397743225,0.10991111397743225,0.07974530756473541,-0.029752181842923164,2.7107717112673235e-11,0.0,0.0,3.8906960487365723,3.8906960487365723,1.1030890941619873,1.1030890941619873,0.3364500403404236,0.0,0.0,0.0,0.0,0.16327524185180664,0.18096855282783508,0.0008595073013566434,0.9733709096908569,0.33614540100097656,0.07590380311012268,1.3077853918075562,1.0823605060577393,1.1030890941619873,1.070555567741394,0.44177091121673584,0.09156911820173264,0.02650390937924385,1.0,3.001450300216675,3.032524824142456,3.008270740509033,0.0,4.0,0.0,0.0,0.0,0.0,0.0,0.0,,,,,,,,,,,,,,,,,,,,,,0.001
4,1060,train,0.1341293305158615,0.11135624349117279,0.11386541277170181,0.0,0.0,0.0,0.0,0.0,0.0,0.0,0.0,0.0,0.0,0.0,0.0,0.0,0.0,0.0,0.0,0.0,0.0,0.0,0.0,1.0,0.04879886656999588,0.04879886656999588,0.04878256842494011,0.0,-0.002392040565609932,0.4315382242202759,1.0,0.0,1.0,0.0,0.0,0.11677984893321991,0.0,0.0,0.0,0.0,0.18004532158374786,0.10818136483430862,0.016513578593730927,0.4354974627494812,0.3428385257720947,0.0,0.0,0.0,0.0,0.0,0.0,0.0,0.0,1.0,0.0,0.005793389398604631,0.28374096751213074,0.17707185447216034,0.09071080386638641,0.0,0.11386541277170181,0.11135624349117279,0.11135624349117279,0.07485613226890564,-0.055108342319726944,4.4051046144133466e-10,0.0,0.0,3.8973259925842285,3.8973259925842285,1.0153535604476929,1.0153535604476929,0.31791800260543823,0.0,0.0,0.0,0.0,0.18004532158374786,0.20161524415016174,0.00022077154426369816,0.9254098534584045,0.3428385257720947,0.08932292461395264,1.167887568473816,1.0059454441070557,1.0153535604476929,1.0670968294143677,0.4315382242202759,0.08930181711912155,0.025099480524659157,1.0,3.113182783126831,2.966240406036377,3.013484001159668,0.0,4.0,0.0,0.0,0.0,0.0,0.0,0.0,,,,,,,,,,,,,,,,,,,,,,0.001
4,1080,train,0.13301190733909607,0.1107112243771553,0.11150344461202621,0.0,0.0,0.0,0.0,0.0,0.0,0.0,0.0,0.0,0.0,0.0,0.0,0.0,0.0,0.0,0.0,0.0,0.0,0.0,0.0,1.0,0.037115275859832764,0.037115275859832764,0.037107985466718674,0.0,-0.0028507120441645384,0.433688759803772,1.0,0.0,1.0,0.0,0.0,0.07594974339008331,0.0,0.0,0.0,0.0,0.16360212862491608,0.1037609875202179,0.006670299451798201,0.38810715079307556,0.3383181691169739,0.0,0.0,0.0,0.0,0.0,0.0,0.0,0.0,1.0,0.0,0.0024920946452766657,0.2564769983291626,0.17038987576961517,0.07905227690935135,0.0,0.11150344461202621,0.1107112243771553,0.1107112243771553,0.06911760568618774,-0.03980421647429466,-2.1149659801267262e-10,0.0,0.0,4.106012344360352,4.106012344360352,0.9830912947654724,0.9830912947654724,0.2951188087463379,0.0,0.0,0.0,0.0,0.16360212862491608,0.17645832896232605,0.00018963150796480477,0.8867053985595703,0.3383181691169739,0.0639246329665184,1.0836507081985474,0.979300320148468,0.9830912947654724,0.9868162274360657,0.433688759803772,0.09008964151144028,0.025038717314600945,1.0,3.06558895111084,2.9835469722747803,2.933452606201172,0.0,4.0,0.0,0.0,0.0,0.0,0.0,0.0,,,,,,,,,,,,,,,,,,,,,,0.001
4,1100,train,0.144396111369133,0.1201767772436142,0.12109670042991638,0.0,0.0,0.0,0.0,0.0,0.0,0.0,0.0,0.0,0.0,0.0,0.0,0.0,0.0,0.0,0.0,0.0,0.0,0.0,0.0,1.0,0.04213831201195717,0.04213831201195717,0.042040180414915085,0.0,-0.0027580109890550375,0.4315522313117981,1.0,0.0,1.0,0.0,0.0,0.11324727535247803,0.0,0.0,0.0,0.0,0.19629690051078796,0.10364813357591629,0.028465386480093002,0.4225667119026184,0.371446818113327,0.0,0.0,0.0,0.0,0.0,0.0,0.0,0.0,1.0,0.0,0.0025130698923021555,0.2764967679977417,0.17684897780418396,0.088155597448349,0.0,0.12109670042991638,0.1201767772436142,0.1201767772436142,0.07888294756412506,-0.04181148484349251,7.700256231257807e-12,0.0,0.0,3.9508657455444336,3.9508657455444336,1.0087937116622925,1.0087937116622925,0.3383777141571045,0.0,0.0,0.0,0.0,0.19629690051078796,0.2013082206249237,0.0005707948002964258,0.9682021737098694,0.371446818113327,0.099080890417099,1.1520395278930664,0.9928057789802551,1.0087937116622925,0.990783154964447,0.4315522313117981,0.09235521405935287,0.025513820350170135,1.0,2.903925657272339,2.9656901359558105,2.9690794944763184,0.0,4.0,0.0,0.0,0.0,0.0,0.0,0.0,,,,,,,,,,,,,,,,,,,,,,0.001
4,1120,train,0.14178389310836792,0.11795784533023834,0.11913024634122849,0.0,0.0,0.0,0.0,0.0,0.0,0.0,0.0,0.0,0.0,0.0,0.0,0.0,0.0,0.0,0.0,0.0,0.0,0.0,0.0,1.0,0.04216984286904335,0.04216984286904335,0.042154811322689056,0.0,-0.0023861012887209654,0.43725645542144775,1.0,0.0,1.0,0.0,0.0,0.10560719668865204,0.0,0.0,0.0,0.0,0.16986486315727234,0.07962658256292343,0.029551340267062187,0.40076130628585815,0.34447604417800903,0.0,0.0,0.0,0.0,0.0,0.0,0.0,0.0,1.0,0.0,0.003966228570789099,0.2837701737880707,0.1666838824748993,0.0932304710149765,0.0,0.11913024634122849,0.11795784533023834,0.11795784533023834,0.08181656897068024,-0.038324832916259766,-1.6712027595122692e-10,0.0,0.0,3.6675961017608643,3.667595863342285,1.0123347043991089,1.0123347043991089,0.3151077330112457,0.0,0.0,0.0,0.0,0.16986486315727234,0.18514646589756012,0.00028487975941970944,0.912257969379425,0.34447604417800903,0.0798560082912445,1.1354604959487915,1.000309944152832,1.0123347043991089,0.9930421710014343,0.43725645542144775,0.0901087075471878,0.02538115903735161,1.0,2.915416717529297,2.943941116333008,3.0038437843322754,0.0,4.0,0.0,0.0,0.0,0.0,0.0,0.0,,,,,,,,,,,,,,,,,,,,,,0.001
4,1140,train,0.1428976207971573,0.11911048740148544,0.11893564462661743,0.0,0.0,0.0,0.0,0.0,0.0,0.0,0.0,0.0,0.0,0.0,0.0,0.0,0.0,0.0,0.0,0.0,0.0,0.0,0.0,1.0,0.03846082091331482,0.03846082091331482,0.03844001889228821,0.0,-0.002841252600774169,0.4366966784000397,1.0,0.0,1.0,0.0,0.0,0.08507024496793747,0.0,0.0,0.0,0.0,0.14818181097507477,0.08536890894174576,0.006740939803421497,0.3817645013332367,0.3106115162372589,0.0,0.0,0.0,0.0,0.0,0.0,0.0,0.0,1.0,0.0,4.256226384313777e-05,0.28474363684654236,0.16956256330013275,0.0798221006989479,0.0,0.11893564462661743,0.11911048740148544,0.11911048740148544,0.06670083850622177,-0.04473919793963432,-8.847614307860852e-11,0.0,0.0,3.8417036533355713,3.8417036533355713,0.9897217154502869,0.9897217154502869,0.2778528928756714,0.0,0.0,0.0,0.0,0.14818181097507477,0.17615418136119843,5.8980705944122747e-05,0.9139650464057922,0.3106115162372589,0.057077210396528244,1.112372875213623,0.9870578646659851,0.9897217154502869,0.9652253985404968,0.4366966784000397,0.08804364502429962,0.024117128923535347,1.0,2.8800888061523438,2.914233684539795,2.918402671813965,0.0,4.0,0.0,0.0,0.0,0.0,0.0,0.0,,,,,,,,,,,,,,,,,,,,,,0.001
4,1160,train,0.1409105807542801,0.11731070280075073,0.11799938231706619,0.0,0.0,0.0,0.0,0.0,0.0,0.0,0.0,0.0,0.0,0.0,0.0,0.0,0.0,0.0,0.0,0.0,0.0,0.0,0.0,1.0,0.04316296428442001,0.04316296800971031,0.04315037652850151,0.0,-0.002128657652065158,0.43744897842407227,1.0,0.0,1.0,0.0,0.0,0.13076728582382202,0.0,0.0,0.0,0.0,0.18424738943576813,0.12956461310386658,0.014583580195903778,0.49424096941947937,0.33456331491470337,0.0,0.0,0.0,0.0,0.0,0.0,0.0,0.0,1.0,0.0,0.004195070825517178,0.3000623881816864,0.1783047914505005,0.0681336298584938,0.0,0.11799938231706619,0.11731070280075073,0.11731070280075073,0.07624262571334839,-0.025239204987883568,-2.538114163286309e-10,0.0,0.0,3.838719367980957,3.838719367980957,1.0351117849349976,1.0351117849349976,0.306753933429718,0.0,0.0,0.0,0.0,0.18424740433692932,0.2127981036901474,6.56483753118664e-05,0.9684349894523621,0.33456331491470337,0.09986213594675064,1.1721657514572144,1.0257266759872437,1.0351117849349976,1.0650644302368164,0.43744897842407227,0.09319938719272614,0.02632923237979412,1.0,2.927204132080078,2.9390926361083984,2.8895726203918457,0.0,4.0,0.0,0.0,0.0,0.0,0.0,0.0,,,,,,,,,,,,,,,,,,,,,,0.001
4,1180,train,0.13417962193489075,0.1116662546992302,0.11256684362888336,0.0,0.0,0.0,0.0,0.0,0.0,0.0,0.0,0.0,0.0,0.0,0.0,0.0,0.0,0.0,0.0,0.0,0.0,0.0,0.0,1.0,0.042671747505664825,0.042671747505664825,0.04265444353222847,0.0,-0.00203738734126091,0.43505537509918213,1.0,0.0,1.0,0.0,0.0,0.13611523807048798,0.0,0.0,0.0,0.0,0.1598808616399765,0.10330826044082642,0.02131487987935543,0.4333168864250183,0.30709001421928406,0.0,0.0,0.0,0.0,0.0,0.0,0.0,0.0,1.0,0.0,0.002496428322046995,0.29465898871421814,0.18070977926254272,0.07244272530078888,0.0,0.11256684362888336,0.1116662546992302,0.1116662546992302,0.07298023998737335,-0.03420064225792885,-1.6524981383270188e-10,0.0,0.0,3.8196182250976562,3.8196182250976562,1.0544981956481934,1.0544981956481934,0.30240318179130554,0.0,0.0,0.0,0.0,0.1598808616399765,0.1985880732536316,4.389498644741252e-05,0.9673643112182617,0.30709001421928406,0.08390012383460999,1.2028306722640991,1.040242075920105,1.0544981956481934,1.0458004474639893,0.43505537509918213,0.0931641012430191,0.026013722643256187,1.0,2.890209436416626,2.933000087738037,2.854914665222168,0.0,4.0,0.0,0.0,0.0,0.0,0.0,0.0,,,,,,,,,,,,,,,,,,,,,,0.001
4,1200,train,0.12590549886226654,0.10477988421916962,0.10562805086374283,0.0,0.0,0.0,0.0,0.0,0.0,0.0,0.0,0.0,0.0,0.0,0.0,0.0,0.0,0.0,0.0,0.0,0.0,0.0,0.0,1.0,0.04273374378681183,0.04273374378681183,0.042704302817583084,0.0,-0.0027322121895849705,0.4357823133468628,1.0,0.0,1.0,0.0,0.0,0.1006864532828331,0.0,0.0,0.0,0.0,0.16887716948986053,0.08675891160964966,0.013346771709620953,0.3940020799636841,0.3361915946006775,0.0,0.0,0.0,0.0,0.0,0.0,0.0,0.0,1.0,0.0,0.002289046300575137,0.2961134910583496,0.17569616436958313,0.07576325535774231,0.0,0.10562805086374283,0.10477988421916962,0.10477988421916962,0.08028801530599594,-0.04693291708827019,-1.1314999631695244e-10,0.0,0.0,3.8644251823425293,3.8644251823425293,1.0274035930633545,1.0274035930633545,0.3250271677970886,0.0,0.0,0.0,0.0,0.16887716948986053,0.18951301276683807,2.6913983674603514e-05,0.9745721220970154,0.3361915946006775,0.08146446198225021,1.2068989276885986,1.0072346925735474,1.0274035930633545,1.0232278108596802,0.4357823133468628,0.09115606546401978,0.025232596322894096,1.0,2.89865779876709,2.9154298305511475,2.851710557937622,0.0,4.0,0.0,0.0,0.0,0.0,0.0,0.0,,,,,,,,,,,,,,,,,,,,,,0.001
4,1220,train,0.13325004279613495,0.11093632131814957,0.11156860738992691,0.0,0.0,0.0,0.0,0.0,0.0,0.0,0.0,0.0,0.0,0.0,0.0,0.0,0.0,0.0,0.0,0.0,0.0,0.0,0.0,1.0,0.04060586914420128,0.04060587286949158,0.040598101913928986,0.0,-0.0025703858118504286,0.43692538142204285,1.0,0.0,1.0,0.0,0.0,0.124252088367939,0.0,0.0,0.0,0.0,0.19033333659172058,0.09957307577133179,0.03842305392026901,0.4711502194404602,0.33926939964294434,0.0,0.0,0.0,0.0,0.0,0.0,0.0,0.0,1.0,0.0,0.002562928246334195,0.3121218681335449,0.1782728135585785,0.06410376727581024,0.0,0.11156860738992691,0.11093632131814957,0.11093632131814957,0.09264931082725525,-0.0676952674984932,-2.884141259151818e-10,0.0,0.0,3.939297676086426,3.939297676086426,1.059516429901123,1.059516429901123,0.3897378444671631,0.0,0.0,0.0,0.0,0.1903333216905594,0.219173863530159,0.00015884358435869217,0.9733814597129822,0.33926939964294434,0.12126225978136063,1.243499517440796,1.0440560579299927,1.059516429901123,1.0344078540802002,0.43692538142204285,0.0906844213604927,0.02452215552330017,1.0,2.989090919494629,2.9292850494384766,2.878086566925049,0.0,4.0,0.0,0.0,0.0,0.0,0.0,0.0,,,,,,,,,,,,,,,,,,,,,,0.001
4,1240,train,0.12533323466777802,0.10416603088378906,0.10583599656820297,0.0,0.0,0.0,0.0,0.0,0.0,0.0,0.0,0.0,0.0,0.0,0.0,0.0,0.0,0.0,0.0,0.0,0.0,0.0,0.0,1.0,0.053240809589624405,0.053240817040205,0.05317588150501251,0.0,-0.00175176199991256,0.43309950828552246,1.0,0.0,1.0,0.0,0.0,0.11147909611463547,0.0,0.0,0.0,0.0,0.19152002036571503,0.12014303356409073,0.008227270096540451,0.5067468285560608,0.33691975474357605,0.0,0.0,0.0,0.0,0.0,0.0,0.0,0.0,1.0,0.0,0.0035049242433160543,0.2924512028694153,0.18641673028469086,0.05433286353945732,0.0,0.10583599656820297,0.10416603088378906,0.10416603088378906,0.08057325333356857,-0.029986988753080368,-3.7556782683800805e-10,0.0,0.0,3.882444143295288,3.882444143295288,1.0846673250198364,1.0846673250198364,0.3216847777366638,0.0,0.0,0.0,0.0,0.19152003526687622,0.22133676707744598,4.734847243526019e-05,0.9836910963058472,0.33691975474357605,0.12477023154497147,1.2498847246170044,1.0645606517791748,1.0846673250198364,1.1032670736312866,0.43309950828552246,0.10029872506856918,0.02803349867463112,1.0,2.9729020595550537,2.943258047103882,2.8452577590942383,0.0,4.0,0.0,0.0,0.0,0.0,0.0,0.0,,,,,,,,,,,,,,,,,,,,,,0.001
4,1260,train,0.12073732912540436,0.10020315647125244,0.10267086327075958,0.0,0.0,0.0,0.0,0.0,0.0,0.0,0.0,0.0,0.0,0.0,0.0,0.0,0.0,0.0,0.0,0.0,0.0,0.0,0.0,1.0,0.0463610477745533,0.0463610477745533,0.046327512711286545,0.0,-0.001321644987910986,0.43959370255470276,1.0,0.0,1.0,0.0,0.0,0.1268358826637268,0.0,0.0,0.0,0.0,0.15146154165267944,0.09172077476978302,0.010696041397750378,0.3841092586517334,0.2937677204608917,0.0,0.0,0.0,0.0,0.0,0.0,0.0,0.0,1.0,0.0,0.005213926546275616,0.2991274297237396,0.17876705527305603,0.059450969099998474,0.0,0.10267086327075958,0.10020315647125244,0.10020315647125244,0.087147556245327,-0.04884237423539162,-2.3846175034591965e-10,0.0,0.0,3.840057134628296,3.840057134628296,1.0398797988891602,1.0398797988891602,0.3616682291030884,0.0,0.0,0.0,0.0,0.15146155655384064,0.1981021910905838,5.592778688878752e-05,0.937334418296814,0.2937677204608917,0.07758885622024536,1.2574489116668701,1.0246297121047974,1.0398797988891602,1.0413494110107422,0.43959370255470276,0.09532219916582108,0.025984231382608414,1.0,2.936840057373047,2.910541534423828,2.881218433380127,0.0,4.0,0.0,0.0,0.0,0.0,0.0,0.0,,,,,,,,,,,,,,,,,,,,,,0.001
4,1280,train,0.13987037539482117,0.11660216748714447,0.11634103208780289,0.0,0.0,0.0,0.0,0.0,0.0,0.0,0.0,0.0,0.0,0.0,0.0,0.0,0.0,0.0,0.0,0.0,0.0,0.0,0.0,1.0,0.046091921627521515,0.046091921627521515,0.046067383140325546,0.0,-0.0021224520169198513,0.43417835235595703,1.0,0.0,1.0,0.0,0.0,0.18446794152259827,0.0,0.0,0.0,0.0,0.1576310098171234,0.10261949151754379,0.010364771820604801,0.4459678530693054,0.2874089479446411,0.0,0.0,0.0,0.0,0.0,0.0,0.0,0.0,1.0,0.0,0.0017819965723901987,0.2838869094848633,0.17850151658058167,0.054953061044216156,0.0,0.11634103208780289,0.11660216748714447,0.11660216748714447,0.08901268988847733,-0.06715955585241318,6.509660172016041e-11,0.0,0.0,3.8001794815063477,3.8001794815063477,1.0437688827514648,1.0437688827514648,0.37362998723983765,0.0,0.0,0.0,0.0,0.1576310247182846,0.2116275429725647,2.573664824012667e-05,0.9764959216117859,0.2874089479446411,0.09794730693101883,1.1880112886428833,1.0287830829620361,1.0437688827514648,1.0305942296981812,0.43417835235595703,0.09414304047822952,0.02505587413907051,1.0,2.696345806121826,2.8429999351501465,2.778996229171753,0.0,4.0,0.0,0.0,0.0,0.0,0.0,0.0,,,,,,,,,,,,,,,,,,,,,,0.001
4,1300,train,0.1367773711681366,0.11408655345439911,0.11345410346984863,0.0,0.0,0.0,0.0,0.0,0.0,0.0,0.0,0.0,0.0,0.0,0.0,0.0,0.0,0.0,0.0,0.0,0.0,0.0,0.0,1.0,0.045458365231752396,0.045458368957042694,0.045422881841659546,0.0,-0.002572680125012994,0.4330822825431824,1.0,0.0,1.0,0.0,0.0,0.10421322286128998,0.0,0.0,0.0,0.0,0.23105913400650024,0.11888954043388367,0.025300493463873863,0.5611371397972107,0.39403319358825684,0.0,0.0,0.0,0.0,0.0,0.0,0.0,0.0,1.0,0.0,0.0023862055968493223,0.30246713757514954,0.1724071055650711,0.061505794525146484,0.0,0.11345410346984863,0.11408655345439911,0.11408655345439911,0.087153859436512,-0.04677141457796097,8.381573213256388e-11,0.0,0.0,4.021297931671143,4.021297931671143,1.015665054321289,1.015665054321289,0.3707640469074249,0.0,0.0,0.0,0.0,0.23105913400650024,0.22600167989730835,8.225796045735478e-05,0.9444066286087036,0.39403319358825684,0.1402573585510254,1.1417932510375977,1.0089433193206787,1.015665054321289,1.012467861175537,0.4330822825431824,0.09290196001529694,0.024813389405608177,1.0,2.959221839904785,2.917628288269043,2.9094552993774414,0.0,4.0,0.0,0.0,0.0,0.0,0.0,0.0,,,,,,,,,,,,,,,,,,,,,,0.001
4,1320,train,0.13204050064086914,0.1096763014793396,0.1118210032582283,0.0,0.0,0.0,0.0,0.0,0.0,0.0,0.0,0.0,0.0,0.0,0.0,0.0,0.0,0.0,0.0,0.0,0.0,0.0,0.0,1.0,0.043085578829050064,0.043085578829050064,0.04302613437175751,0.0,-0.00299164280295372,0.43287694454193115,1.0,0.0,1.0,0.0,0.0,0.12874673306941986,0.0,0.0,0.0,0.0,0.21136943995952606,0.11913004517555237,0.010459022596478462,0.5155255794525146,0.36291924118995667,0.0,0.0,0.0,0.0,0.0,0.0,0.0,0.0,1.0,0.0,0.0053970650769770145,0.3000718951225281,0.17352765798568726,0.04753950238227844,0.0,0.1118210032582283,0.1096763014793396,0.1096763014793396,0.08719053119421005,-0.0402342788875103,-7.725729084251398e-11,0.0,0.0,3.9382307529449463,3.9382309913635254,1.0280416011810303,1.0280416011810303,0.35803312063217163,0.0,0.0,0.0,0.0,0.21136945486068726,0.2267056256532669,4.3976182496408e-05,0.9495638012886047,0.36291924118995667,0.14073224365711212,1.168077826499939,1.0128613710403442,1.0280416011810303,1.0142817497253418,0.43287694454193115,0.09522002935409546,0.025803260505199432,1.0,2.821563482284546,2.8257384300231934,2.7716758251190186,0.0,4.0,0.0,0.0,0.0,0.0,0.0,0.0,,,,,,,,,,,,,,,,,,,,,,0.001
4,1336,train_epoch,0.1333313325341947,0.11093205458925155,0.11199638894396628,0.0,0.0,0.0,0.0,0.0,0.0,0.0,0.0,0.0,0.0,0.0,0.0,0.0,0.0,0.0,0.0,0.0,0.0,0.0,0.0,1.0,0.045110234979562416,0.045110235124558744,0.04507081477183425,0.0,-0.0023626453570134848,0.434332651024807,1.0,0.0,1.0,0.0,0.0,0.12591324414232533,0.0,0.0,0.0,0.0,0.1694707282021374,0.09702294584207549,0.01916637222288165,0.4343575136568732,0.3331099148995862,0.0,0.0,0.0,0.0,0.0,0.0,0.0,0.0,1.0,0.0,0.0032700925824641247,0.28765361698087816,0.1772789663361932,0.07773543735910318,0.0,0.11199638894396628,0.11093205458925155,0.11093205458925155,0.07955505343120613,-0.040358709601872225,-5.898012655983126e-12,0.0,0.0,3.8758337169350265,3.8758337212179947,1.0344851199024452,1.0344851199024452,0.3267593046059152,0.0,0.0,0.0,0.0,0.16947073067822857,0.19174092668973045,0.00023509145403377096,0.9487903182378072,0.3331099148995862,0.08343933041982665,1.1894588987984342,1.0212704332288867,1.0344851199024452,1.0266738351947533,0.434332651024807,0.09314876955426382,0.02599078301942634,1.0,2.9163539866487422,2.9203478840296855,2.920810018470901,0.0,4.0,0.0,0.0,0.0,0.0,0.0,0.0,,,,,,,,,,,,,,,,,,,,,,0.001
4,1336,val,,,,,,,,,,,,,,,,,,,,,,,,,,,,,,,,,,,,,,,,,,,,,,,,,,,,,,,,,,,,,,,,,,,,,,,,,,,,,,,,,,,,,,,,,,,,,,,,,,,,,,,89.58285357501056,16476.475731102197,128.36072503340807,133.153602565731,50.18201365771594,16.306737298364038,25.60614163856253,10.94881382504025,7.870304816478008,167.52479683815895,202.9465744852532,248.1742068453952,93.46824876252596,122.27491945833773,146.90349828947126,190.66737307299366,71.20332161155906,89.58285357501056,128.36072503340807,133.153602565731,50.18201365771594,0.001
5,1340,train,0.1953478902578354,0.16225741803646088,0.16545237600803375,0.0,0.0,0.0,0.0,0.0,0.0,0.0,0.0,0.0,0.0,0.0,0.0,0.0,0.0,0.0,0.0,0.0,0.0,0.0,0.0,1.0,0.045106109231710434,0.045106109231710434,0.045068878680467606,0.0,-0.0021288315765559673,0.44107818603515625,1.0,0.0,1.0,0.0,0.0,0.1394905000925064,0.0,0.0,0.0,0.0,0.19433775544166565,0.10174588859081268,0.021226510405540466,0.43585094809532166,0.3568652272224426,0.0,0.0,0.0,0.0,0.0,0.0,0.0,0.0,1.0,0.0,0.0055922409519553185,0.29933983087539673,0.17744344472885132,0.059796206653118134,0.0,0.16545237600803375,0.16225741803646088,0.16225741803646088,0.0911853015422821,-0.06007615476846695,5.40748132035751e-12,0.0,0.0,4.136750221252441,4.1367506980896,1.0385538339614868,1.0385538339614868,0.38769015669822693,0.0,0.0,0.0,0.0,0.19433777034282684,0.2095944881439209,0.00023079855600371957,0.9880834221839905,0.3568652272224426,0.10485601425170898,1.210152268409729,1.0196027755737305,1.0385538339614868,0.9792258143424988,0.44107818603515625,0.09387840330600739,0.025393983349204063,1.0,3.007025718688965,2.930021286010742,2.915966510772705,0.0,5.0,0.0,0.0,0.0,0.0,0.0,0.0,,,,,,,,,,,,,,,,,,,,,,0.001
5,1360,train,0.13361072540283203,0.11095549911260605,0.1132761687040329,0.0,0.0,0.0,0.0,0.0,0.0,0.0,0.0,0.0,0.0,0.0,0.0,0.0,0.0,0.0,0.0,0.0,0.0,0.0,0.0,1.0,0.03878645971417427,0.03878645971417427,0.038720451295375824,0.0,-0.0021355142816901207,0.43629422783851624,1.0,0.0,1.0,0.0,0.0,0.10496076196432114,0.0,0.0,0.0,0.0,0.16403071582317352,0.08771057426929474,0.012102754786610603,0.37462466955184937,0.3291202485561371,0.0,0.0,0.0,0.0,0.0,0.0,0.0,0.0,1.0,0.0,0.005283821374177933,0.2670300304889679,0.1735026091337204,0.053201012313365936,0.0,0.1132761687040329,0.11095549911260605,0.11095549911260605,0.06787440925836563,0.0004254795203451067,2.4645444018922547e-10,0.0,0.0,3.87556529045105,3.87556529045105,1.0323383808135986,1.0323383808135986,0.26039919257164,0.0,0.0,0.0,0.0,0.16403073072433472,0.1875782608985901,9.303621482104063e-05,0.9252793192863464,0.3291202485561371,0.08360907435417175,1.1829334497451782,1.0186347961425781,1.0323383808135986,0.9972292184829712,0.43629422783851624,0.11409295350313187,0.026804214343428612,1.0,2.791132688522339,2.817492961883545,2.799553394317627,0.0,5.0,0.0,0.0,0.0,0.0,0.0,0.0,,,,,,,,,,,,,,,,,,,,,,0.001
5,1380,train,0.14089740812778473,0.11709371954202652,0.11901843547821045,0.0,0.0,0.0,0.0,0.0,0.0,0.0,0.0,0.0,0.0,0.0,0.0,0.0,0.0,0.0,0.0,0.0,0.0,0.0,0.0,1.0,0.038155559450387955,0.038155559450387955,0.03815004602074623,0.0,-0.0032336879521608353,0.43027669191360474,1.0,0.0,1.0,0.0,0.0,0.11841209977865219,0.0,0.0,0.0,0.0,0.2043740600347519,0.11877701431512833,0.013013469986617565,0.5431222915649414,0.3548092246055603,0.0,0.0,0.0,0.0,0.0,0.0,0.0,0.0,1.0,0.0,0.007877616211771965,0.23883961141109467,0.16919799149036407,0.04480873420834541,0.0,0.11901843547821045,0.11709371954202652,0.11709371954202652,0.07563816756010056,0.013144428841769695,-9.238051296156513e-11,0.0,0.0,3.7090771198272705,3.7090771198272705,0.9919285774230957,0.9919285774230957,0.2691757380962372,0.0,0.0,0.0,0.0,0.20437407493591309,0.22708550095558167,0.0004338927974458784,0.9666941165924072,0.3548092246055603,0.1235753744840622,1.1182459592819214,0.9786174297332764,0.9919285774230957,1.0307066440582275,0.43027669191360474,0.12417947500944138,0.027311567217111588,1.0,2.7096261978149414,2.7758631706237793,2.832580804824829,0.0,5.0,0.0,0.0,0.0,0.0,0.0,0.0,,,,,,,,,,,,,,,,,,,,,,0.001
5,1400,train,0.12946343421936035,0.10770399868488312,0.10879714041948318,0.0,0.0,0.0,0.0,0.0,0.0,0.0,0.0,0.0,0.0,0.0,0.0,0.0,0.0,0.0,0.0,0.0,0.0,0.0,0.0,1.0,0.03661563619971275,0.036615632474422455,0.036584459245204926,0.0,-0.002508491976186633,0.4361688792705536,1.0,0.0,1.0,0.0,0.0,0.09984009712934494,0.0,0.0,0.0,0.0,0.1871715486049652,0.11105307936668396,0.01227213628590107,0.437444269657135,0.3384868800640106,0.0,0.0,0.0,0.0,0.0,0.0,0.0,0.0,1.0,0.0,0.0007908752304501832,0.2585541605949402,0.1710626780986786,0.048737216740846634,0.0,0.10879714041948318,0.10770399868488312,0.10770399868488312,0.07547518610954285,-0.004677948541939259,-1.2526664427969791e-10,0.0,0.0,3.930344581604004,3.930344581604004,1.0012530088424683,1.0012530088424683,0.29188233613967896,0.0,0.0,0.0,0.0,0.1871715635061264,0.21440456807613373,0.00014795832976233214,0.9689986705780029,0.3384868800640106,0.11158088594675064,1.1427884101867676,0.9885340929031372,1.0012530088424683,0.9495519399642944,0.4361688792705536,0.11680718511343002,0.026058850809931755,1.0,2.8600990772247314,2.792175769805908,2.711627960205078,0.0,5.0,0.0,0.0,0.0,0.0,0.0,0.0,,,,,,,,,,,,,,,,,,,,,,0.001
5,1420,train,0.1370917558670044,0.1138588935136795,0.11616428941488266,0.0,0.0,0.0,0.0,0.0,0.0,0.0,0.0,0.0,0.0,0.0,0.0,0.0,0.0,0.0,0.0,0.0,0.0,0.0,0.0,1.0,0.036048807203769684,0.036048807203769684,0.03606981039047241,0.0,-0.003165510017424822,0.4277913272380829,1.0,0.0,1.0,0.0,0.0,0.11490800231695175,0.0,0.0,0.0,0.0,0.179642453789711,0.10591064393520355,0.005035043228417635,0.4334232211112976,0.3260864019393921,0.0,0.0,0.0,0.0,0.0,0.0,0.0,0.0,1.0,0.0,0.005473413038998842,0.26625335216522217,0.16376855969429016,0.0388113297522068,0.0,0.11616428941488266,0.1138588935136795,0.1138588935136795,0.07796713709831238,-0.009619363583624363,2.9435132109512097e-10,0.0,0.0,3.6538171768188477,3.6538171768188477,0.9466478228569031,0.9466478228569031,0.28479647636413574,0.0,0.0,0.0,0.0,0.1796424835920334,0.21669776737689972,0.0001226694294018671,0.9557519555091858,0.3260864019393921,0.10291054844856262,1.0584516525268555,0.9401344656944275,0.9466478228569031,0.9916218519210815,0.4277913272380829,0.11518903821706772,0.02525009587407112,1.0,2.661360740661621,2.7868850231170654,2.800814390182495,0.0,5.0,0.0,0.0,0.0,0.0,0.0,0.0,,,,,,,,,,,,,,,,,,,,,,0.001
5,1440,train,0.13738733530044556,0.11418632417917252,0.116005077958107,0.0,0.0,0.0,0.0,0.0,0.0,0.0,0.0,0.0,0.0,0.0,0.0,0.0,0.0,0.0,0.0,0.0,0.0,0.0,0.0,1.0,0.04019017517566681,0.04019017517566681,0.04017242416739464,0.0,-0.001562584307976067,0.42920589447021484,1.0,0.0,1.0,0.0,0.0,0.12605705857276917,0.0,0.0,0.0,0.0,0.15183040499687195,0.09483946859836578,0.011140204966068268,0.38734742999076843,0.30980104207992554,0.0,0.0,0.0,0.0,0.0,0.0,0.0,0.0,1.0,0.0,0.0040830890648067,0.2798389792442322,0.16947081685066223,0.055774614214897156,0.0,0.116005077958107,0.11418632417917252,0.11418632417917252,0.09543445706367493,-0.02730189636349678,-7.275647445625921e-11,0.0,0.0,3.7958579063415527,3.7958579063415527,0.9800959825515747,0.9800959825515747,0.3572961688041687,0.0,0.0,0.0,0.0,0.15183043479919434,0.184413343667984,0.00011566593457246199,0.9645562767982483,0.30980104207992554,0.06372549384832382,1.0872801542282104,0.9771912097930908,0.9800959825515747,1.0219919681549072,0.42920589447021484,0.11142035573720932,0.023875679820775986,1.0,2.5415501594543457,2.6912333965301514,2.693556308746338,0.0,5.0,0.0,0.0,0.0,0.0,0.0,0.0,,,,,,,,,,,,,,,,,,,,,,0.001
5,1460,train,0.1269828826189041,0.10563436895608902,0.10674253851175308,0.0,0.0,0.0,0.0,0.0,0.0,0.0,0.0,0.0,0.0,0.0,0.0,0.0,0.0,0.0,0.0,0.0,0.0,0.0,0.0,1.0,0.04344053938984871,0.04344053938984871,0.04336991906166077,0.0,-0.0019170647719874978,0.4328479468822479,1.0,0.0,1.0,0.0,0.0,0.09875400364398956,0.0,0.0,0.0,0.0,0.16139787435531616,0.11525344848632812,0.007540561258792877,0.44562041759490967,0.29783040285110474,0.0,0.0,0.0,0.0,0.0,0.0,0.0,0.0,1.0,0.0,0.0051275319419801235,0.282916784286499,0.17514725029468536,0.04677829146385193,0.0,0.10674253851175308,0.10563436895608902,0.10563436895608902,0.0841468945145607,-0.020171592012047768,-5.274126274601443e-11,0.0,0.0,3.816610336303711,3.816610336303711,1.0137407779693604,1.0137407779693604,0.3122794032096863,0.0,0.0,0.0,0.0,0.16139788925647736,0.20805573463439941,2.6191015422227792e-05,0.9818328619003296,0.29783040285110474,0.09397978335618973,1.1945565938949585,1.001956582069397,1.0137407779693604,1.0381439924240112,0.4328479468822479,0.11972620338201523,0.026296155527234077,1.0,2.552114963531494,2.660672664642334,2.783669948577881,0.0,5.0,0.0,0.0,0.0,0.0,0.0,0.0,,,,,,,,,,,,,,,,,,,,,,0.001
5,1480,train,0.1301698386669159,0.10841070115566254,0.108795665204525,0.0,0.0,0.0,0.0,0.0,0.0,0.0,0.0,0.0,0.0,0.0,0.0,0.0,0.0,0.0,0.0,0.0,0.0,0.0,0.0,1.0,0.04333001747727394,0.04333001747727394,0.04333933815360069,0.0,-0.0030549312941730022,0.4301634728908539,1.0,0.0,1.0,0.0,0.0,0.09711246192455292,0.0,0.0,0.0,0.0,0.217234805226326,0.12329582124948502,0.016559194773435593,0.5762677192687988,0.3712752163410187,0.0,0.0,0.0,0.0,0.0,0.0,0.0,0.0,1.0,0.0,0.0034298005048185587,0.27742040157318115,0.17289523780345917,0.04568498954176903,0.0,0.108795665204525,0.10841070115566254,0.10841070115566254,0.08805425465106964,-0.050880685448646545,-8.777701482332034e-11,0.0,0.0,3.7920713424682617,3.7920713424682617,0.9931698441505432,0.9931698441505432,0.34556588530540466,0.0,0.0,0.0,0.0,0.21723483502864838,0.2279929220676422,0.00017322192434221506,0.9620779752731323,0.3712752163410187,0.1473192423582077,1.130250096321106,0.9829353094100952,0.9931698441505432,1.0270065069198608,0.4301634728908539,0.11567547917366028,0.025200054049491882,1.0,2.6447219848632812,2.7193331718444824,2.7404911518096924,0.0,5.0,0.0,0.0,0.0,0.0,0.0,0.0,,,,,,,,,,,,,,,,,,,,,,0.001
5,1500,train,0.14310070872306824,0.11911831051111221,0.11991202086210251,0.0,0.0,0.0,0.0,0.0,0.0,0.0,0.0,0.0,0.0,0.0,0.0,0.0,0.0,0.0,0.0,0.0,0.0,0.0,0.0,1.0,0.03778946399688721,0.03778946399688721,0.037724949419498444,0.0,-0.0018799725221469998,0.4301739037036896,1.0,0.0,1.0,0.0,0.0,0.19065356254577637,0.0,0.0,0.0,0.0,0.1525173783302307,0.08990131318569183,0.0014245414640754461,0.3947715163230896,0.30441814661026,0.0,0.0,0.0,0.0,0.0,0.0,0.0,0.0,1.0,0.0,0.004903759807348251,0.2725989818572998,0.1747676283121109,0.03754947707056999,0.0,0.11991202086210251,0.11911831051111221,0.11911831051111221,0.09726882725954056,-0.040120355784893036,5.91076770861676e-11,0.0,0.0,3.719970703125,3.719970703125,1.0334068536758423,1.0334068536758423,0.3842063546180725,0.0,0.0,0.0,0.0,0.15251734852790833,0.18903903663158417,3.364238727954216e-05,0.9595680236816406,0.30441814661026,0.07282476127147675,1.1630691289901733,1.0241124629974365,1.0334068536758423,1.0092781782150269,0.4301739037036896,0.11525767296552658,0.02496814727783203,1.0,2.6010310649871826,2.7449111938476562,2.671915292739868,0.0,5.0,0.0,0.0,0.0,0.0,0.0,0.0,,,,,,,,,,,,,,,,,,,,,,0.001
5,1520,train,0.13446201384067535,0.11184459924697876,0.11308709532022476,0.0,0.0,0.0,0.0,0.0,0.0,0.0,0.0,0.0,0.0,0.0,0.0,0.0,0.0,0.0,0.0,0.0,0.0,0.0,0.0,1.0,0.039245378226041794,0.039245378226041794,0.03924039378762245,0.0,-0.0023372317664325237,0.42999884486198425,1.0,0.0,1.0,0.0,0.0,0.12288204580545425,0.0,0.0,0.0,0.0,0.18153366446495056,0.13312266767024994,0.007416244596242905,0.5532530546188354,0.32691240310668945,0.0,0.0,0.0,0.0,0.0,0.0,0.0,0.0,1.0,0.0,0.001905390527099371,0.26823678612709045,0.17353124916553497,0.03953506052494049,0.0,0.11308709532022476,0.11184459924697876,0.11184459924697876,0.08336181938648224,-0.025280576199293137,-1.6751455778063473e-10,0.0,0.0,3.7446961402893066,3.7446961402893066,1.0243514776229858,1.0243514776229858,0.3212011456489563,0.0,0.0,0.0,0.0,0.18153367936611176,0.21452274918556213,2.1384355932241306e-05,0.9419260621070862,0.32691240310668945,0.11894915252923965,1.120132327079773,1.0180346965789795,1.0243514776229858,1.0381866693496704,0.42999884486198425,0.11513162404298782,0.02466082014143467,1.0,2.6876721382141113,2.743934392929077,2.679713487625122,0.0,5.0,0.0,0.0,0.0,0.0,0.0,0.0,,,,,,,,,,,,,,,,,,,,,,0.001
5,1540,train,0.1389586478471756,0.11555835604667664,0.11700145155191422,0.0,0.0,0.0,0.0,0.0,0.0,0.0,0.0,0.0,0.0,0.0,0.0,0.0,0.0,0.0,0.0,0.0,0.0,0.0,0.0,1.0,0.03959596902132034,0.039595965296030045,0.039578184485435486,0.0,-0.0024192072451114655,0.4341166615486145,1.0,0.0,1.0,0.0,0.0,0.1492587774991989,0.0,0.0,0.0,0.0,0.18202653527259827,0.10674276947975159,0.00557150412350893,0.5256309509277344,0.3455207645893097,0.0,0.0,0.0,0.0,0.0,0.0,0.0,0.0,1.0,0.0,0.003441744949668646,0.2626480460166931,0.16120316088199615,0.03426317125558853,0.0,0.11700145155191422,0.11555835604667664,0.11555835604667664,0.08669696748256683,-0.03408646211028099,-5.5221036077135466e-11,0.0,0.0,3.8154449462890625,3.8154449462890625,0.9562692046165466,0.9562692046165466,0.34535160660743713,0.0,0.0,0.0,0.0,0.18202656507492065,0.20055699348449707,1.8493086827220395e-05,0.9727522730827332,0.3455207645893097,0.09586397558450699,1.043267846107483,0.9523981809616089,0.9562692046165466,0.9972440004348755,0.4341166615486145,0.11307469755411148,0.023730896413326263,1.0,2.685986042022705,2.6952857971191406,2.802929401397705,0.0,5.0,0.0,0.0,0.0,0.0,0.0,0.0,,,,,,,,,,,,,,,,,,,,,,0.001
5,1560,train,0.148929625749588,0.12396003305912018,0.12484799325466156,0.0,0.0,0.0,0.0,0.0,0.0,0.0,0.0,0.0,0.0,0.0,0.0,0.0,0.0,0.0,0.0,0.0,0.0,0.0,0.0,1.0,0.03795897215604782,0.03795897215604782,0.03788704052567482,0.0,-0.002269584918394685,0.4272938668727875,1.0,0.0,1.0,0.0,0.0,0.1726061850786209,0.0,0.0,0.0,0.0,0.1639881432056427,0.10169558227062225,0.003534798976033926,0.46084460616111755,0.29452815651893616,0.0,0.0,0.0,0.0,0.0,0.0,0.0,0.0,1.0,0.0,0.007131521590054035,0.25427165627479553,0.18211624026298523,0.027203800156712532,0.0,0.12484799325466156,0.12396003305912018,0.12396003305912018,0.09410219639539719,-0.00728008896112442,-1.3263799780727226e-10,0.0,0.0,3.7725203037261963,3.7725203037261963,1.1120920181274414,1.1120920181274414,0.3707725703716278,0.0,0.0,0.0,0.0,0.1639881283044815,0.21436768770217896,3.1536815185972955e-06,0.9834681749343872,0.29452815651893616,0.10242035239934921,1.2673016786575317,1.097291350364685,1.1120920181274414,1.052014708518982,0.4272938668727875,0.12096136063337326,0.026286209002137184,1.0,2.613434314727783,2.6293399333953857,2.5854275226593018,0.0,5.0,0.0,0.0,0.0,0.0,0.0,0.0,,,,,,,,,,,,,,,,,,,,,,0.001
5,1580,train,0.13556703925132751,0.11296230554580688,0.11302366107702255,0.0,0.0,0.0,0.0,0.0,0.0,0.0,0.0,0.0,0.0,0.0,0.0,0.0,0.0,0.0,0.0,0.0,0.0,0.0,0.0,1.0,0.039464738219976425,0.039464738219976425,0.03944773972034454,0.0,-0.0032904697582125664,0.42755842208862305,1.0,0.0,1.0,0.0,0.0,0.12084916234016418,0.0,0.0,0.0,0.0,0.21724079549312592,0.12428919225931168,0.012533958069980145,0.5603418350219727,0.36702266335487366,0.0,0.0,0.0,0.0,0.0,0.0,0.0,0.0,1.0,0.0,0.002988141030073166,0.2688479423522949,0.16534212231636047,0.02909206785261631,0.0,0.11302366107702255,0.11296230554580688,0.11296230554580688,0.09784387052059174,-0.04003814607858658,5.1433440839687705e-11,0.0,0.0,3.936119556427002,3.936119556427002,1.015830636024475,1.015830636024475,0.3971349596977234,0.0,0.0,0.0,0.0,0.21724079549312592,0.23064680397510529,8.638729013910051e-06,0.9673863053321838,0.36702266335487366,0.1467524617910385,1.092008113861084,1.005597472190857,1.015830636024475,1.0158181190490723,0.42755842208862305,0.11348813027143478,0.02440517209470272,1.0,2.765488624572754,2.666234254837036,2.7843472957611084,0.0,5.0,0.0,0.0,0.0,0.0,0.0,0.0,,,,,,,,,,,,,,,,,,,,,,0.001
5,1600,train,0.13574737310409546,0.11288249492645264,0.1143244057893753,0.0,0.0,0.0,0.0,0.0,0.0,0.0,0.0,0.0,0.0,0.0,0.0,0.0,0.0,0.0,0.0,0.0,0.0,0.0,0.0,1.0,0.030126269906759262,0.030126269906759262,0.030097033828496933,0.0,-0.0027171422261744738,0.4343562424182892,1.0,0.0,1.0,0.0,0.0,0.15376827120780945,0.0,0.0,0.0,0.0,0.1703963279724121,0.1305239200592041,0.0019022090127691627,0.5210477113723755,0.2947940528392792,0.0,0.0,0.0,0.0,0.0,0.0,0.0,0.0,1.0,0.0,0.0049869404174387455,0.2643048167228699,0.15962432324886322,0.028329290449619293,0.0,0.1143244057893753,0.11288249492645264,0.11288249492645264,0.08542630821466446,-0.025679947808384895,-6.921811041005199e-11,0.0,0.0,3.826096296310425,3.826096296310425,0.9612784385681152,0.9612784385681152,0.32338112592697144,0.0,0.0,0.0,0.0,0.1703963428735733,0.22474998235702515,2.0648731151595712e-05,0.9966965913772583,0.2947940528392792,0.11807598918676376,1.0941200256347656,0.9516634941101074,0.9612784385681152,0.9642070531845093,0.4343562424182892,0.11525726318359375,0.024442343041300774,1.0,2.6559205055236816,2.664888858795166,2.635345697402954,0.0,5.0,0.0,0.0,0.0,0.0,0.0,0.0,,,,,,,,,,,,,,,,,,,,,,0.001
5,1620,train,0.1380770057439804,0.1149592474102974,0.11558882147073746,0.0,0.0,0.0,0.0,0.0,0.0,0.0,0.0,0.0,0.0,0.0,0.0,0.0,0.0,0.0,0.0,0.0,0.0,0.0,0.0,1.0,0.03604353219270706,0.03604353219270706,0.03601330891251564,0.0,-0.0025371252559125423,0.43564116954803467,1.0,0.0,1.0,0.0,0.0,0.18293863534927368,0.0,0.0,0.0,0.0,0.16451066732406616,0.09736105054616928,0.010075446218252182,0.4026637077331543,0.3020646870136261,0.0,0.0,0.0,0.0,0.0,0.0,0.0,0.0,1.0,0.0,0.0023664687760174274,0.2591823935508728,0.16699323058128357,0.02540697529911995,0.0,0.11558882147073746,0.1149592474102974,0.1149592474102974,0.0857405960559845,-0.043981097638607025,2.6458288338027103e-10,0.0,0.0,3.769760847091675,3.769760847091675,1.0125290155410767,1.0125290155410767,0.33661898970603943,0.0,0.0,0.0,0.0,0.16451069712638855,0.20846746861934662,0.00013761079753749073,0.9783007502555847,0.3020646870136261,0.08458946645259857,1.1829380989074707,1.0011217594146729,1.0125290155410767,0.9918338656425476,0.43564116954803467,0.11748011410236359,0.025210822001099586,1.0,2.659660816192627,2.677819013595581,2.718621253967285,0.0,5.0,0.0,0.0,0.0,0.0,0.0,0.0,,,,,,,,,,,,,,,,,,,,,,0.001
5,1640,train,0.12235189974308014,0.10190741717815399,0.10222239792346954,0.0,0.0,0.0,0.0,0.0,0.0,0.0,0.0,0.0,0.0,0.0,0.0,0.0,0.0,0.0,0.0,0.0,0.0,0.0,0.0,1.0,0.030058344826102257,0.030058348551392555,0.029996231198310852,0.0,-0.0028251721523702145,0.4321196973323822,1.0,0.0,1.0,0.0,0.0,0.13382017612457275,0.0,0.0,0.0,0.0,0.20426705479621887,0.15394112467765808,0.0056740413419902325,0.659324586391449,0.32854196429252625,0.0,0.0,0.0,0.0,0.0,0.0,0.0,0.0,1.0,0.0,0.002858474850654602,0.2503112256526947,0.16190604865550995,0.02447318099439144,0.0,0.10222239792346954,0.10190741717815399,0.10190741717815399,0.08629558235406876,-0.014848173595964909,2.4092580708234834e-10,0.0,0.0,3.8011634349823,3.8011634349823,0.9812774062156677,0.9812774062156677,0.3185479938983917,0.0,0.0,0.0,0.0,0.20426705479621887,0.24182726442813873,1.5218663975247182e-05,0.9883365035057068,0.32854196429252625,0.142539843916893,1.1041405200958252,0.970676600933075,0.9812774062156677,0.9438158869743347,0.4321196973323822,0.11820048093795776,0.025200437754392624,1.0,2.6932528018951416,2.6722145080566406,2.6641244888305664,0.0,5.0,0.0,0.0,0.0,0.0,0.0,0.0,,,,,,,,,,,,,,,,,,,,,,0.001
5,1660,train,0.1294674128293991,0.10784933716058731,0.10809040814638138,0.0,0.0,0.0,0.0,0.0,0.0,0.0,0.0,0.0,0.0,0.0,0.0,0.0,0.0,0.0,0.0,0.0,0.0,0.0,0.0,1.0,0.045108720660209656,0.045108720660209656,0.045090023428201675,0.0,-0.002498660935088992,0.4337864816188812,1.0,0.0,1.0,0.0,0.0,0.1537560224533081,0.0,0.0,0.0,0.0,0.17938628792762756,0.12464185059070587,0.00640879524871707,0.5018405914306641,0.3173253834247589,0.0,0.0,0.0,0.0,0.0,0.0,0.0,0.0,1.0,0.0,0.002858857624232769,0.2535199522972107,0.17745846509933472,0.026978669688105583,0.0,0.10809040814638138,0.10784933716058731,0.10784933716058731,0.08553319424390793,-0.01964404433965683,5.421863305543617e-11,0.0,0.0,3.827639579772949,3.827639579772949,1.0680631399154663,1.0680631399154663,0.3418523371219635,0.0,0.0,0.0,0.0,0.17938631772994995,0.21717697381973267,3.5032458072237205e-06,0.9462826251983643,0.3173253834247589,0.10851716250181198,1.2141046524047852,1.0500320196151733,1.0680631399154663,1.0538067817687988,0.4337864816188812,0.11866720020771027,0.024967340752482414,1.0,2.698362112045288,2.679624080657959,2.641322612762451,0.0,5.0,0.0,0.0,0.0,0.0,0.0,0.0,,,,,,,,,,,,,,,,,,,,,,0.001
5,1670,train_epoch,0.1363271132200778,0.11342750208641955,0.11449805606981951,0.0,0.0,0.0,0.0,0.0,0.0,0.0,0.0,0.0,0.0,0.0,0.0,0.0,0.0,0.0,0.0,0.0,0.0,0.0,0.0,1.0,0.03802606339070076,0.03802606317878305,0.03798521470702337,0.0,-0.0024577307910100743,0.4314786031574546,1.0,0.0,1.0,0.0,0.0,0.1326132257452268,0.0,0.0,0.0,0.0,0.18230854026125576,0.11282328311019316,0.011565016070241388,0.5053334355711223,0.3297520802763408,0.0,0.0,0.0,0.0,0.0,0.0,0.0,0.0,1.0,0.0,0.0037213697125186304,0.26685003284922615,0.1707570031285286,0.03754815042665797,0.0,0.11449805606981951,0.11342750208641955,0.11342750208641955,0.08487719698937353,-0.019222252505239235,-8.982457203398e-12,0.0,0.0,3.804607402778671,3.8046074163414048,1.0139489134628616,1.0139489134628616,0.3261318370075283,0.0,0.0,0.0,0.0,0.1823085531770826,0.2127631822389043,7.710461299249724e-05,0.9717251570995696,0.3297520802763408,0.10834865836415462,1.1584516424618796,1.0005344181003686,1.0139489134628616,1.006586993525842,0.4314786031574546,0.11665639470883472,0.025611366992983633,1.0,2.729032981181573,2.7323272042645668,2.7322870164574264,0.0,5.0,0.0,0.0,0.0,0.0,0.0,0.0,,,,,,,,,,,,,,,,,,,,,,0.001
5,1670,val,,,,,,,,,,,,,,,,,,,,,,,,,,,,,,,,,,,,,,,,,,,,,,,,,,,,,,,,,,,,,,,,,,,,,,,,,,,,,,,,,,,,,,,,,,,,,,,,,,,,,,,82.97134437217369,15353.960132495777,123.9110976970819,122.21126982542846,46.3301944732666,15.863214892310065,25.120319804078157,10.60261903797184,7.466795474559337,170.19133524851756,206.08884316075395,254.64306173238668,95.42749150594075,123.96976388467324,149.37446129020995,190.82585394919457,71.73074921616563,82.97134437217369,123.9110976970819,122.21126982542846,46.3301944732666,0.001
5,1670,test,,,,,,,,,,,,,,,,,,,,,,,,,,,,,,,,,,,,,,,,,,,,,,,,,,,,,,,,,,,,,,,,,,,,,,,,,,,,,,,,,,,,,,,,,,,,,,,,,,,,,,,82.1378244967074,15015.839782164978,122.53913571657415,121.05497844799145,46.9330523207381,15.475977652781719,23.95314837629956,10.329312161282376,7.461993775926195,168.63742347236152,203.83779206609512,252.85582430727848,96.64036065178948,122.7230810904288,147.416261875014,189.39403771065378,72.8756894979391,82.1378244967074,122.53913571657415,121.05497844799145,46.9330523207381,0.001
6,1680,train,0.12776648998260498,0.10633424669504166,0.1071612536907196,0.0,0.0,0.0,0.0,0.0,0.0,0.0,0.0,0.0,0.0,0.0,0.0,0.0,0.0,0.0,0.0,0.0,0.0,0.0,0.0,1.0,0.0389690063893795,0.0389690063893795,0.038933757692575455,0.0,-0.002532423473894596,0.43048417568206787,1.0,0.0,1.0,0.0,0.0,0.1604929119348526,0.0,0.0,0.0,0.0,0.1766090989112854,0.10288156569004059,0.004904401954263449,0.4865379333496094,0.31382453441619873,0.0,0.0,0.0,0.0,0.0,0.0,0.0,0.0,1.0,0.0,0.004241411108523607,0.2528780400753021,0.16111473739147186,0.02454824559390545,0.0,0.1071612536907196,0.10633424669504166,0.10633424669504166,0.08760030567646027,-0.01714533194899559,5.012620526989586e-11,0.0,0.0,3.8074147701263428,3.8074147701263428,0.9923200011253357,0.9923200011253357,0.33358022570610046,0.0,0.0,0.0,0.0,0.1766091287136078,0.22029156982898712,3.218561323592439e-05,0.9801457524299622,0.31382453441619873,0.102987140417099,1.1671733856201172,0.9780077934265137,0.9923200011253357,0.965025782585144,0.43048417568206787,0.1180013120174408,0.02497345209121704,1.0,2.551128387451172,2.69195818901062,2.7103219032287598,0.0,5.0,0.0,0.0,0.0,0.0,0.0,0.0,,,,,,,,,,,,,,,,,,,,,,0.001
6,1700,train,0.13087201118469238,0.10891328752040863,0.10979362577199936,0.0,0.0,0.0,0.0,0.0,0.0,0.0,0.0,0.0,0.0,0.0,0.0,0.0,0.0,0.0,0.0,0.0,0.0,0.0,0.0,1.0,0.035557374358177185,0.035557374358177185,0.03551816940307617,0.0,-0.002284811809659004,0.4312673509120941,1.0,0.0,1.0,0.0,0.0,0.1421879678964615,0.0,0.0,0.0,0.0,0.17085187137126923,0.1073511466383934,0.007913578301668167,0.5227899551391602,0.3126140832901001,0.0,0.0,0.0,0.0,0.0,0.0,0.0,0.0,1.0,0.0,0.0035700181033462286,0.2643132507801056,0.16919942200183868,0.02117423713207245,0.0,0.10979362577199936,0.10891328752040863,0.10891328752040863,0.09281661361455917,-0.03780767321586609,-1.3210300908728101e-11,0.0,0.0,3.863931894302368,3.863931894302368,1.0112457275390625,1.0112457275390625,0.3638937771320343,0.0,0.0,0.0,0.0,0.17085185647010803,0.21278050541877747,1.650179547141306e-05,0.9943793416023254,0.3126140832901001,0.10084252804517746,1.1579678058624268,0.9963020086288452,1.0112457275390625,1.0324792861938477,0.4312673509120941,0.11726172268390656,0.0253459345549345,1.0,2.717743396759033,2.6558566093444824,2.604334831237793,0.0,5.0,0.0,0.0,0.0,0.0,0.0,0.0,,,,,,,,,,,,,,,,,,,,,,0.001
6,1720,train,0.12468346208333969,0.10393891483545303,0.10372274369001389,0.0,0.0,0.0,0.0,0.0,0.0,0.0,0.0,0.0,0.0,0.0,0.0,0.0,0.0,0.0,0.0,0.0,0.0,0.0,0.0,1.0,0.03371025249361992,0.03371025249361992,0.03367455676198006,0.0,-0.0023417493794113398,0.4332665801048279,1.0,0.0,1.0,0.0,0.0,0.13433709740638733,0.0,0.0,0.0,0.0,0.2302566021680832,0.1702251136302948,0.010096309706568718,0.7825015783309937,0.3602050542831421,0.0,0.0,0.0,0.0,0.0,0.0,0.0,0.0,1.0,0.0,0.00019916615565307438,0.2431391179561615,0.16261756420135498,0.01935124397277832,0.0,0.10372274369001389,0.10393891483545303,0.10393891483545303,0.09392869472503662,-0.026989782229065895,-3.789039915158554e-10,0.0,0.0,3.722414970397949,3.722414970397949,0.983697772026062,0.983697772026062,0.35157543420791626,0.0,0.0,0.0,0.0,0.23025661706924438,0.2491900771856308,2.8248456146684475e-05,0.9927740097045898,0.3602050542831421,0.16216300427913666,1.0885412693023682,0.9746729135513306,0.983697772026062,0.9855296611785889,0.4332665801048279,0.1177905723452568,0.024872267618775368,1.0,2.8344898223876953,2.724277973175049,2.6596016883850098,0.0,5.0,0.0,0.0,0.0,0.0,0.0,0.0,,,,,,,,,,,,,,,,,,,,,,0.001
6,1740,train,0.1314660906791687,0.10943116992712021,0.11017458140850067,0.0,0.0,0.0,0.0,0.0,0.0,0.0,0.0,0.0,0.0,0.0,0.0,0.0,0.0,0.0,0.0,0.0,0.0,0.0,0.0,1.0,0.036141619086265564,0.036141619086265564,0.03611922636628151,0.0,-0.002652163850143552,0.43249058723449707,1.0,0.0,1.0,0.0,0.0,0.15541233122348785,0.0,0.0,0.0,0.0,0.18772807717323303,0.13416747748851776,0.006279992870986462,0.5792734622955322,0.32613271474838257,0.0,0.0,0.0,0.0,0.0,0.0,0.0,0.0,1.0,0.0,0.0036097269039601088,0.24877701699733734,0.16589324176311493,0.0234898179769516,0.0,0.11017458140850067,0.10943116992712021,0.10943116992712021,0.08920857310295105,-0.0046626729890704155,1.6832436833258413e-10,0.0,0.0,3.7083518505096436,3.7083518505096436,1.0211567878723145,1.0211567878723145,0.33738014101982117,0.0,0.0,0.0,0.0,0.1877281218767166,0.22378988564014435,2.728741264945711e-06,0.9871024489402771,0.32613271474838257,0.10750613361597061,1.1593513488769531,1.0009195804595947,1.0211567878723145,0.982188880443573,0.43249058723449707,0.11786127835512161,0.025782277807593346,1.0,2.623387098312378,2.6623952388763428,2.6480350494384766,0.0,5.0,0.0,0.0,0.0,0.0,0.0,0.0,,,,,,,,,,,,,,,,,,,,,,0.001
6,1760,train,0.13209904730319977,0.11014377325773239,0.10977636277675629,0.0,0.0,0.0,0.0,0.0,0.0,0.0,0.0,0.0,0.0,0.0,0.0,0.0,0.0,0.0,0.0,0.0,0.0,0.0,0.0,1.0,0.02593199722468853,0.02593199722468853,0.02591629885137081,0.0,-0.003051021136343479,0.4245843291282654,1.0,0.0,1.0,0.0,0.0,0.17494334280490875,0.0,0.0,0.0,0.0,0.1875307559967041,0.15298420190811157,0.0053566331043839455,0.5943769216537476,0.3100227415561676,0.0,0.0,0.0,0.0,0.0,0.0,0.0,0.0,1.0,0.0,-0.0010626770090311766,0.2642296850681305,0.15568888187408447,0.018611948937177658,0.0,0.10977636277675629,0.11014377325773239,0.11014377325773239,0.08057937771081924,-0.03731536492705345,7.386714157009422e-11,0.0,0.0,3.8557701110839844,3.8557701110839844,0.9515528082847595,0.9515528082847595,0.3245810270309448,0.0,0.0,0.0,0.0,0.1875307708978653,0.23804731667041779,1.6290379790007137e-05,0.9876141548156738,0.3100227415561676,0.13688726723194122,1.0240553617477417,0.9486496448516846,0.9515528082847595,0.9400004744529724,0.4245843291282654,0.1146470457315445,0.023698490113019943,1.0,2.5429468154907227,2.647794246673584,2.606055736541748,0.0,5.0,0.0,0.0,0.0,0.0,0.0,0.0,,,,,,,,,,,,,,,,,,,,,,0.001
6,1780,train,0.12043389678001404,0.10028974711894989,0.10072073340415955,0.0,0.0,0.0,0.0,0.0,0.0,0.0,0.0,0.0,0.0,0.0,0.0,0.0,0.0,0.0,0.0,0.0,0.0,0.0,0.0,1.0,0.031293366104364395,0.031293366104364395,0.031231816858053207,0.0,-0.002766132354736328,0.4281788468360901,1.0,0.0,1.0,0.0,0.0,0.14883022010326385,0.0,0.0,0.0,0.0,0.17088475823402405,0.13798199594020844,0.011805459856987,0.5712554454803467,0.28766384720802307,0.0,0.0,0.0,0.0,0.0,0.0,0.0,0.0,1.0,0.0,0.0025727979373186827,0.25941699743270874,0.15716201066970825,0.020195016637444496,0.0,0.10072073340415955,0.10028974711894989,0.10028974711894989,0.0821724608540535,-0.044356487691402435,-8.56057169595914e-11,0.0,0.0,3.8606977462768555,3.8606977462768555,0.9310620427131653,0.9310620427131653,0.3303115963935852,0.0,0.0,0.0,0.0,0.17088474333286285,0.22958309948444366,2.240180765511468e-05,0.9960069060325623,0.28766384720802307,0.12308517843484879,1.0682090520858765,0.9220649600028992,0.9310620427131653,0.9422478079795837,0.4281788468360901,0.11299264430999756,0.023580871522426605,1.0,2.5422048568725586,2.646132469177246,2.629084348678589,0.0,5.0,0.0,0.0,0.0,0.0,0.0,0.0,,,,,,,,,,,,,,,,,,,,,,0.001
6,1800,train,0.1400328278541565,0.11662226915359497,0.11705281585454941,0.0,0.0,0.0,0.0,0.0,0.0,0.0,0.0,0.0,0.0,0.0,0.0,0.0,0.0,0.0,0.0,0.0,0.0,0.0,0.0,1.0,0.0388372577726841,0.0388372577726841,0.03881760314106941,0.0,-0.00246308371424675,0.43161261081695557,1.0,0.0,1.0,0.0,0.0,0.14816167950630188,0.0,0.0,0.0,0.0,0.15780797600746155,0.1439286321401596,0.011169688776135445,0.6928500533103943,0.27388623356819153,0.0,0.0,0.0,0.0,0.0,0.0,0.0,0.0,1.0,0.0,0.004165377933532,0.2720792889595032,0.17589345574378967,0.01640923321247101,0.0,0.11705281585454941,0.11662226915359497,0.11662226915359497,0.09575870633125305,-0.0124746048822999,1.0219044360715301e-10,0.0,0.0,3.9547061920166016,3.9547066688537598,1.044813632965088,1.044813632965088,0.38512036204338074,0.0,0.0,0.0,0.0,0.15780797600746155,0.22045987844467163,2.08295023185201e-06,0.9837309122085571,0.27388623356819153,0.10821078717708588,1.164732813835144,1.035391926765442,1.044813632965088,1.0270620584487915,0.43161261081695557,0.11959709972143173,0.025309905409812927,1.0,2.5835037231445312,2.629366636276245,2.6079282760620117,0.0,5.0,0.0,0.0,0.0,0.0,0.0,0.0,,,,,,,,,,,,,,,,,,,,,,0.001
6,1820,train,0.12808145582675934,0.10651891678571701,0.10781268030405045,0.0,0.0,0.0,0.0,0.0,0.0,0.0,0.0,0.0,0.0,0.0,0.0,0.0,0.0,0.0,0.0,0.0,0.0,0.0,0.0,1.0,0.03684317320585251,0.03684317320585251,0.03684302791953087,0.0,-0.0024034108500927687,0.4316857159137726,1.0,0.0,1.0,0.0,0.0,0.15191954374313354,0.0,0.0,0.0,0.0,0.14134523272514343,0.09803586453199387,0.009633900597691536,0.43305540084838867,0.26295486092567444,0.0,0.0,0.0,0.0,0.0,0.0,0.0,0.0,1.0,0.0,0.004598843865096569,0.27607566118240356,0.16671191155910492,0.022044377401471138,0.0,0.10781268030405045,0.10651891678571701,0.10651891678571701,0.08572793006896973,-0.0532151497900486,-1.756638029482005e-10,0.0,0.0,3.8638126850128174,3.8638126850128174,0.9926466345787048,0.9926466345787048,0.3407480716705322,0.0,0.0,0.0,0.0,0.14134524762630463,0.2034442126750946,9.387376280756143e-07,0.9866690635681152,0.26295486092567444,0.08727022260427475,1.129947304725647,0.9836971759796143,0.9926466345787048,1.0191160440444946,0.4316857159137726,0.11641825735569,0.024275921285152435,1.0,2.4600958824157715,2.571988821029663,2.599546432495117,0.0,5.0,0.0,0.0,0.0,0.0,0.0,0.0,,,,,,,,,,,,,,,,,,,,,,0.001
6,1840,train,0.1382451355457306,0.1149846538901329,0.11630237102508545,0.0,0.0,0.0,0.0,0.0,0.0,0.0,0.0,0.0,0.0,0.0,0.0,0.0,0.0,0.0,0.0,0.0,0.0,0.0,0.0,1.0,0.03672103211283684,0.03672103211283684,0.03670307621359825,0.0,-0.0028179774526506662,0.43694376945495605,1.0,0.0,1.0,0.0,0.0,0.13348296284675598,0.0,0.0,0.0,0.0,0.166156604886055,0.1346220076084137,0.003151663113385439,0.554703950881958,0.29122859239578247,0.0,0.0,0.0,0.0,0.0,0.0,0.0,0.0,1.0,0.0,0.004296767991036177,0.28501471877098083,0.16455964744091034,0.01889216899871826,0.0,0.11630237102508545,0.1149846538901329,0.1149846538901329,0.09203417599201202,-0.04547417536377907,-8.723186756265378e-11,0.0,0.0,3.7952537536621094,3.7952537536621094,0.9676467180252075,0.9676467180252075,0.36404794454574585,0.0,0.0,0.0,0.0,0.1661566197872162,0.21936973929405212,1.7338403495159582e-06,0.9597495198249817,0.29122859239578247,0.10880821943283081,1.1062190532684326,0.9647623300552368,0.9676467180252075,1.0015342235565186,0.43694376945495605,0.11693703383207321,0.024037541821599007,1.0,2.69692325592041,2.6289029121398926,2.674499988555908,0.0,5.0,0.0,0.0,0.0,0.0,0.0,0.0,,,,,,,,,,,,,,,,,,,,,,0.001
6,1860,train,0.12342280149459839,0.10276622325181961,0.1032828688621521,0.0,0.0,0.0,0.0,0.0,0.0,0.0,0.0,0.0,0.0,0.0,0.0,0.0,0.0,0.0,0.0,0.0,0.0,0.0,0.0,1.0,0.03294442594051361,0.03294442594051361,0.032920338213443756,0.0,-0.0017618448473513126,0.4281613528728485,1.0,0.0,1.0,0.0,0.0,0.17336852848529816,0.0,0.0,0.0,0.0,0.17268097400665283,0.12312319874763489,0.0032820324413478374,0.558199405670166,0.29513221979141235,0.0,0.0,0.0,0.0,0.0,0.0,0.0,0.0,1.0,0.0,0.0027336052153259516,0.27486443519592285,0.16038891673088074,0.020904911682009697,0.0,0.1032828688621521,0.10276622325181961,0.10276622325181961,0.09069934487342834,-0.04148879274725914,-2.6253782481333587e-10,0.0,0.0,3.866807699203491,3.866807699203491,0.9669996500015259,0.9669996500015259,0.36675405502319336,0.0,0.0,0.0,0.0,0.17268097400665283,0.22384853661060333,4.869978965871269e-06,0.9931555390357971,0.29513221979141235,0.1252451092004776,1.0901657342910767,0.9626485705375671,0.9669996500015259,1.0042054653167725,0.4281613528728485,0.11645950376987457,0.023932794108986855,1.0,2.5490479469299316,2.5929489135742188,2.570582628250122,0.0,5.0,0.0,0.0,0.0,0.0,0.0,0.0,,,,,,,,,,,,,,,,,,,,,,0.001
6,1880,train,0.1426050215959549,0.11877436190843582,0.11915331333875656,0.0,0.0,0.0,0.0,0.0,0.0,0.0,0.0,0.0,0.0,0.0,0.0,0.0,0.0,0.0,0.0,0.0,0.0,0.0,0.0,1.0,0.04177581146359444,0.041775815188884735,0.04174844175577164,0.0,-0.0022339881397783756,0.4334801733493805,1.0,0.0,1.0,0.0,0.0,0.17286422848701477,0.0,0.0,0.0,0.0,0.15865975618362427,0.1299305558204651,0.001950472011230886,0.5395768880844116,0.2639828026294708,0.0,0.0,0.0,0.0,0.0,0.0,0.0,0.0,1.0,0.0,0.0024862138088792562,0.2771715521812439,0.17175620794296265,0.0203037541359663,0.0,0.11915331333875656,0.11877436190843582,0.11877436190843582,0.09343814104795456,-0.04127403348684311,-2.297556762898001e-11,0.0,0.0,3.8157761096954346,3.8157761096954346,1.0125997066497803,1.0125997066497803,0.37173858284950256,0.0,0.0,0.0,0.0,0.15865975618362427,0.22885748744010925,1.2331669495324604e-05,0.9799873232841492,0.2639828026294708,0.10804228484630585,1.2117863893508911,1.0013940334320068,1.0125997066497803,1.0123594999313354,0.4334801733493805,0.116921067237854,0.024963993579149246,1.0,2.5647478103637695,2.6317131519317627,2.6584248542785645,0.0,5.0,0.0,0.0,0.0,0.0,0.0,0.0,,,,,,,,,,,,,,,,,,,,,,0.001
6,1900,train,0.13759537041187286,0.11442456394433975,0.11585406213998795,0.0,0.0,0.0,0.0,0.0,0.0,0.0,0.0,0.0,0.0,0.0,0.0,0.0,0.0,0.0,0.0,0.0,0.0,0.0,0.0,1.0,0.03626682236790657,0.03626682236790657,0.03623378276824951,0.0,-0.0031793704256415367,0.4311710298061371,1.0,0.0,1.0,0.0,0.0,0.15300410985946655,0.0,0.0,0.0,0.0,0.180355042219162,0.15150988101959229,0.0021013168152421713,0.6818113327026367,0.2667499780654907,0.0,0.0,0.0,0.0,0.0,0.0,0.0,0.0,1.0,0.0,0.004379516467452049,0.28348711133003235,0.16959640383720398,0.015841376036405563,0.0,0.11585406213998795,0.11442456394433975,0.11442456394433975,0.09514593333005905,-0.026489995419979095,-2.292034478879046e-10,0.0,0.0,3.9427735805511475,3.9427735805511475,1.0279408693313599,1.0279408693313599,0.3805871605873108,0.0,0.0,0.0,0.0,0.18035507202148438,0.257704496383667,6.214592076503322e-07,0.990568995475769,0.2667499780654907,0.13982844352722168,1.1955369710922241,1.0178464651107788,1.0279408693313599,1.0121351480484009,0.4311710298061371,0.11655935645103455,0.02404193952679634,1.0,2.6934738159179688,2.602473020553589,2.675337791442871,0.0,5.0,0.0,0.0,0.0,0.0,0.0,0.0,,,,,,,,,,,,,,,,,,,,,,0.001
6,1920,train,0.13504119217395782,0.11232215166091919,0.11359522491693497,0.0,0.0,0.0,0.0,0.0,0.0,0.0,0.0,0.0,0.0,0.0,0.0,0.0,0.0,0.0,0.0,0.0,0.0,0.0,0.0,1.0,0.03718576207756996,0.03718576207756996,0.0371551588177681,0.0,-0.002501250244677067,0.4285840392112732,1.0,0.0,1.0,0.0,0.0,0.15613949298858643,0.0,0.0,0.0,0.0,0.176881343126297,0.1267818659543991,0.007577197626233101,0.5078926682472229,0.29168885946273804,0.0,0.0,0.0,0.0,0.0,0.0,0.0,0.0,1.0,0.0,0.0037440017331391573,0.2667984068393707,0.17175257205963135,0.016554003581404686,0.0,0.11359522491693497,0.11232215166091919,0.11232215166091919,0.09192274510860443,-0.0417388379573822,-2.985962171964118e-11,0.0,0.0,3.874985456466675,3.874985456466675,0.9914470314979553,0.9914470314979553,0.36852943897247314,0.0,0.0,0.0,0.0,0.1768813580274582,0.23331651091575623,3.326770456624217e-05,0.9988493919372559,0.29168885946273804,0.12185969203710556,1.1159443855285645,0.977418065071106,0.9914470314979553,1.0273078680038452,0.4285840392112732,0.11504597961902618,0.023924706503748894,1.0,2.5127968788146973,2.564002513885498,2.6211369037628174,0.0,5.0,0.0,0.0,0.0,0.0,0.0,0.0,,,,,,,,,,,,,,,,,,,,,,0.001
6,1940,train,0.13316647708415985,0.11089211702346802,0.11137182265520096,0.0,0.0,0.0,0.0,0.0,0.0,0.0,0.0,0.0,0.0,0.0,0.0,0.0,0.0,0.0,0.0,0.0,0.0,0.0,0.0,1.0,0.03125251829624176,0.03125251829624176,0.031244434416294098,0.0,-0.002677605953067541,0.4330899119377136,1.0,0.0,1.0,0.0,0.0,0.1363685131072998,0.0,0.0,0.0,0.0,0.19210459291934967,0.16935862600803375,0.009012146852910519,0.6316317319869995,0.2835898697376251,0.0,0.0,0.0,0.0,0.0,0.0,0.0,0.0,1.0,0.0,0.002647422021254897,0.28183019161224365,0.16300265491008759,0.01736772060394287,0.0,0.11137182265520096,0.11089211702346802,0.11089211702346802,0.089695043861866,-0.050549425184726715,-3.3244868663517835e-11,0.0,0.0,3.947909355163574,3.947909116744995,0.9449139833450317,0.9449139833450317,0.3660733103752136,0.0,0.0,0.0,0.0,0.19210460782051086,0.25913122296333313,1.899018457152124e-06,0.9852982759475708,0.2835898697376251,0.1511642187833786,1.0744675397872925,0.9406115412712097,0.9449139833450317,0.9516693949699402,0.4330899119377136,0.11273166537284851,0.02284696325659752,1.0,2.614858627319336,2.61668062210083,2.637469530105591,0.0,5.0,0.0,0.0,0.0,0.0,0.0,0.0,,,,,,,,,,,,,,,,,,,,,,0.001
6,1960,train,0.13302671909332275,0.11066582798957825,0.11180441826581955,0.0,0.0,0.0,0.0,0.0,0.0,0.0,0.0,0.0,0.0,0.0,0.0,0.0,0.0,0.0,0.0,0.0,0.0,0.0,0.0,1.0,0.035758115351200104,0.035758115351200104,0.03574172034859657,0.0,-0.0030606419313699007,0.4309217631816864,1.0,0.0,1.0,0.0,0.0,0.17582334578037262,0.0,0.0,0.0,0.0,0.1843930184841156,0.1395782083272934,0.006590006407350302,0.6500564813613892,0.30680030584335327,0.0,0.0,0.0,0.0,0.0,0.0,0.0,0.0,1.0,0.0,0.003214268945157528,0.2898753583431244,0.16484713554382324,0.01543680764734745,0.0,0.11180441826581955,0.11066582798957825,0.11066582798957825,0.08114838600158691,-0.03426298499107361,-3.931936998213814e-10,0.0,0.0,3.768569231033325,3.768569231033325,0.9726541042327881,0.9726541042327881,0.31399524211883545,0.0,0.0,0.0,0.0,0.184393048286438,0.2328079342842102,3.900890533259371e-06,0.9897210001945496,0.30680030584335327,0.1236366480588913,1.1032739877700806,0.962433397769928,0.9726541042327881,1.0001343488693237,0.4309217631816864,0.11687653511762619,0.023923218250274658,1.0,2.611380100250244,2.5528039932250977,2.5948565006256104,0.0,5.0,0.0,0.0,0.0,0.0,0.0,0.0,,,,,,,,,,,,,,,,,,,,,,0.001
6,1980,train,0.1325102150440216,0.11030393093824387,0.1110314428806305,0.0,0.0,0.0,0.0,0.0,0.0,0.0,0.0,0.0,0.0,0.0,0.0,0.0,0.0,0.0,0.0,0.0,0.0,0.0,0.0,1.0,0.031091392040252686,0.031091392040252686,0.03107425384223461,0.0,-0.002693686168640852,0.43155238032341003,1.0,0.0,1.0,0.0,0.0,0.15833884477615356,0.0,0.0,0.0,0.0,0.14538565278053284,0.1046292781829834,0.004472609609365463,0.5045543909072876,0.27004727721214294,0.0,0.0,0.0,0.0,0.0,0.0,0.0,0.0,1.0,0.0,0.0030719854403287172,0.2693711817264557,0.16219358146190643,0.014563721604645252,0.0,0.1110314428806305,0.11030393093824387,0.11030393093824387,0.08922998607158661,-0.03700835257768631,-9.470688816515249e-11,0.0,0.0,3.717500925064087,3.717500925064087,0.9782013297080994,0.9782013297080994,0.34777742624282837,0.0,0.0,0.0,0.0,0.14538566768169403,0.20498237013816833,1.083985625882633e-05,0.973128616809845,0.27004727721214294,0.09299939125776291,1.0902833938598633,0.9759598970413208,0.9782013297080994,0.9619482159614563,0.43155238032341003,0.11765860766172409,0.023855309933423996,1.0,2.5005526542663574,2.607774257659912,2.624302387237549,0.0,5.0,0.0,0.0,0.0,0.0,0.0,0.0,,,,,,,,,,,,,,,,,,,,,,0.001
6,2000,train,0.12081007659435272,0.1005997434258461,0.10105164349079132,0.0,0.0,0.0,0.0,0.0,0.0,0.0,0.0,0.0,0.0,0.0,0.0,0.0,0.0,0.0,0.0,0.0,0.0,0.0,0.0,1.0,0.03471513092517853,0.03471512719988823,0.03471585363149643,0.0,-0.002804212272167206,0.43151775002479553,1.0,0.0,1.0,0.0,0.0,0.12406966090202332,0.0,0.0,0.0,0.0,0.18065597116947174,0.19020114839076996,0.004097862169146538,0.852676272392273,0.269050657749176,0.0,0.0,0.0,0.0,0.0,0.0,0.0,0.0,1.0,0.0,0.0025709199253469706,0.25758060812950134,0.1637168824672699,0.01435002963989973,0.0,0.10105164349079132,0.1005997434258461,0.1005997434258461,0.08293943107128143,-0.020962553098797798,1.463829057968269e-10,0.0,0.0,3.7798547744750977,3.7798547744750977,0.9916058778762817,0.9916058778762817,0.30724668502807617,0.0,0.0,0.0,0.0,0.18065597116947174,0.2564643919467926,1.2957221770193428e-05,0.9891568422317505,0.269050657749176,0.14883579313755035,1.1234101057052612,0.9812983870506287,0.9916058778762817,1.000591516494751,0.43151775002479553,0.12229850143194199,0.024932026863098145,1.0,2.679696559906006,2.5975029468536377,2.6583099365234375,0.0,5.0,0.0,0.0,0.0,0.0,0.0,0.0,,,,,,,,,,,,,,,,,,,,,,0.001
6,2004,train_epoch,0.130551156504247,0.10867440470767592,0.10938375762212062,0.0,0.0,0.0,0.0,0.0,0.0,0.0,0.0,0.0,0.0,0.0,0.0,0.0,0.0,0.0,0.0,0.0,0.0,0.0,0.0,1.0,0.03503494240722792,0.035034942401651135,0.0350022319325073,0.0,-0.0024982868156306626,0.4308709255949466,1.0,0.0,1.0,0.0,0.0,0.14647691297584664,0.0,0.0,0.0,0.0,0.18078503021580017,0.1313502735675809,0.006174739488643806,0.5877401810920168,0.3009577984670679,0.0,0.0,0.0,0.0,0.0,0.0,0.0,0.0,1.0,0.0,0.0028867288530851445,0.2689690712147844,0.16725946637149341,0.019084035293450076,0.0,0.10938375762212062,0.10867440470767592,0.10867440470767592,0.08971571674693131,-0.03143074222869821,8.3445993493984e-12,0.0,0.0,3.8695468924002734,3.8695468938279296,0.9999513019344763,0.9999513019344763,0.3549770541533738,0.0,0.0,0.0,0.0,0.18078504377853372,0.2309124803471708,1.5809690816479566e-05,0.9852772008873032,0.3009577984670679,0.12319736278610315,1.1392215945406587,0.9898728203630733,0.9999513019344763,0.9931382531534412,0.4308709255949466,0.11699265000705947,0.024531116151434933,1.0,2.6284089316864927,2.630027873073509,2.6298793846975546,0.0,5.0,0.0,0.0,0.0,0.0,0.0,0.0,,,,,,,,,,,,,,,,,,,,,,0.001
6,2004,val,,,,,,,,,,,,,,,,,,,,,,,,,,,,,,,,,,,,,,,,,,,,,,,,,,,,,,,,,,,,,,,,,,,,,,,,,,,,,,,,,,,,,,,,,,,,,,,,,,,,,,,82.83461644628026,15415.964720579956,124.1610434902186,121.92575592178483,46.29949547363831,15.348142215797493,24.744723209552017,9.372816880544027,7.147918400463757,171.4130053133578,207.31063188515893,256.4917644466366,96.21246313833976,123.86713924923458,149.39221345393887,189.79312563372088,71.50133301331117,82.83461644628026,124.1610434902186,121.92575592178483,46.29949547363831,0.001
6,2004,test,,,,,,,,,,,,,,,,,,,,,,,,,,,,,,,,,,,,,,,,,,,,,,,,,,,,,,,,,,,,,,,,,,,,,,,,,,,,,,,,,,,,,,,,,,,,,,,,,,,,,,,82.0098492734067,15085.041042018582,122.82117505551956,120.78345589165215,46.90444069939691,14.9442931553265,23.57498901888226,9.103828133763495,7.111535218384889,169.9369556323902,205.18335635083872,254.81168434211799,97.4652899321135,122.59016074790611,147.40337661355557,188.2392165381629,72.60136059597806,82.0098492734067,122.82117505551956,120.78345589165215,46.90444069939691,0.001
7,2020,train,0.13487166166305542,0.11234269291162491,0.11264484375715256,0.0,0.0,0.0,0.0,0.0,0.0,0.0,0.0,0.0,0.0,0.0,0.0,0.0,0.0,0.0,0.0,0.0,0.0,0.0,0.0,1.0,0.03896572068333626,0.03896572068333626,0.03893725946545601,0.0,-0.0025966502726078033,0.42958080768585205,1.0,0.0,1.0,0.0,0.0,0.1425408273935318,0.0,0.0,0.0,0.0,0.1622350662946701,0.13589465618133545,0.0011701993644237518,0.6829013228416443,0.26090389490127563,0.0,0.0,0.0,0.0,0.0,0.0,0.0,0.0,1.0,0.0,0.003772569354623556,0.2748328745365143,0.16983960568904877,0.01467625331133604,0.0,0.11264484375715256,0.11234269291162491,0.11234269291162491,0.09350348263978958,-0.034813955426216125,8.977254356556941e-11,0.0,0.0,4.031336784362793,4.031336784362793,1.0240347385406494,1.0240347385406494,0.39405110478401184,0.0,0.0,0.0,0.0,0.1622350811958313,0.23870430886745453,9.769842108653393e-06,0.9942823648452759,0.26090389490127563,0.10886949300765991,1.1698371171951294,1.014509916305542,1.0240347385406494,1.0284607410430908,0.42958080768585205,0.1202855184674263,0.025098001584410667,1.0,2.7620153427124023,2.543269157409668,2.5944807529449463,0.0,5.0,0.0,0.0,0.0,0.0,0.0,0.0,,,,,,,,,,,,,,,,,,,,,,0.001
7,2040,train,0.12756070494651794,0.10646304488182068,0.10548826307058334,0.0,0.0,0.0,0.0,0.0,0.0,0.0,0.0,0.0,0.0,0.0,0.0,0.0,0.0,0.0,0.0,0.0,0.0,0.0,0.0,1.0,0.031585823744535446,0.031585823744535446,0.03155291825532913,0.0,-0.003049053717404604,0.43184223771095276,1.0,0.0,1.0,0.0,0.0,0.1045321449637413,0.0,0.0,0.0,0.0,0.18556030094623566,0.09905771166086197,0.006353156175464392,0.4804404675960541,0.31369322538375854,0.0,0.0,0.0,0.0,0.0,0.0,0.0,0.0,1.0,0.0,0.0022886295337229967,0.27164164185523987,0.16805359721183777,0.013840469531714916,0.0,0.10548826307058334,0.10646304488182068,0.10646304488182068,0.0811794325709343,-0.006067200563848019,-4.1692847091434615e-11,0.0,0.0,3.8852014541625977,3.8852014541625977,0.9937690496444702,0.9937690496444702,0.3138812780380249,0.0,0.0,0.0,0.0,0.18556028604507446,0.2308974713087082,6.662042324023787e-06,0.9761826395988464,0.31369322538375854,0.12981005012989044,1.1281403303146362,0.9816606640815735,0.9937690496444702,0.9628152251243591,0.43184223771095276,0.12052969634532928,0.02544039860367775,1.0,2.5570104122161865,2.6457154750823975,2.606658697128296,0.0,5.0,0.0,0.0,0.0,0.0,0.0,0.0,,,,,,,,,,,,,,,,,,,,,,0.001
7,2060,train,0.14176321029663086,0.1181829497218132,0.1179012879729271,0.0,0.0,0.0,0.0,0.0,0.0,0.0,0.0,0.0,0.0,0.0,0.0,0.0,0.0,0.0,0.0,0.0,0.0,0.0,0.0,1.0,0.044901732355356216,0.044901732355356216,0.044920943677425385,0.0,-0.0021348122972995043,0.42905938625335693,1.0,0.0,1.0,0.0,0.0,0.14120684564113617,0.0,0.0,0.0,0.0,0.15770529210567474,0.08953674137592316,0.00972026027739048,0.4202633798122406,0.28782573342323303,0.0,0.0,0.0,0.0,0.0,0.0,0.0,0.0,1.0,0.0,-0.0005206060595810413,0.2891434133052826,0.17273439466953278,0.013745746575295925,0.0,0.1179012879729271,0.1181829497218132,0.1181829497218132,0.10865025222301483,-0.05497308075428009,-8.766620068767494e-11,0.0,0.0,4.068637371063232,4.068637371063232,1.02684485912323,1.02684485912323,0.4618837237358093,0.0,0.0,0.0,0.0,0.15770529210567474,0.2097911536693573,1.9481451090541668e-05,0.9959034323692322,0.28782573342323303,0.09060968458652496,1.116347074508667,1.0197880268096924,1.02684485912323,1.0438344478607178,0.42905938625335693,0.11728570610284805,0.02343316748738289,1.0,2.632479429244995,2.568720579147339,2.589876651763916,0.0,5.0,0.0,0.0,0.0,0.0,0.0,0.0,,,,,,,,,,,,,,,,,,,,,,0.001
7,2080,train,0.1327579915523529,0.11052568256855011,0.11116150766611099,0.0,0.0,0.0,0.0,0.0,0.0,0.0,0.0,0.0,0.0,0.0,0.0,0.0,0.0,0.0,0.0,0.0,0.0,0.0,0.0,1.0,0.03793337568640709,0.03793337941169739,0.037911105901002884,0.0,-0.001949912402778864,0.4333125054836273,1.0,0.0,1.0,0.0,0.0,0.14062842726707458,0.0,0.0,0.0,0.0,0.15464778244495392,0.1187121570110321,0.0032775518484413624,0.4696674346923828,0.2657689154148102,0.0,0.0,0.0,0.0,0.0,0.0,0.0,0.0,1.0,0.0,0.0024869446642696857,0.2741450071334839,0.17387479543685913,0.014376798644661903,0.0,0.11116150766611099,0.11052568256855011,0.11052568256855011,0.09031560271978378,-0.018532585352659225,-3.1840055592091687e-10,0.0,0.0,3.8768017292022705,3.8768017292022705,1.043409824371338,1.043409824371338,0.3529084622859955,0.0,0.0,0.0,0.0,0.1546478122472763,0.21974459290504456,5.172631063032895e-06,0.9847105145454407,0.2657689154148102,0.10254289954900742,1.2137194871902466,1.0371378660202026,1.043409824371338,1.039185881614685,0.4333125054836273,0.12089388817548752,0.02453489415347576,1.0,2.695016384124756,2.5319297313690186,2.6615617275238037,0.0,5.0,0.0,0.0,0.0,0.0,0.0,0.0,,,,,,,,,,,,,,,,,,,,,,0.001
7,2100,train,0.1366870254278183,0.11371596157550812,0.11485530436038971,0.0,0.0,0.0,0.0,0.0,0.0,0.0,0.0,0.0,0.0,0.0,0.0,0.0,0.0,0.0,0.0,0.0,0.0,0.0,0.0,1.0,0.036129552870988846,0.036129552870988846,0.0361298993229866,0.0,-0.002420932985842228,0.43211695551872253,1.0,0.0,1.0,0.0,0.0,0.1392090916633606,0.0,0.0,0.0,0.0,0.16883905231952667,0.12922757863998413,0.005216516554355621,0.5458071231842041,0.28882738947868347,0.0,0.0,0.0,0.0,0.0,0.0,0.0,0.0,1.0,0.0,0.00299279042519629,0.29078409075737,0.1644483208656311,0.015949003398418427,0.0,0.11485530436038971,0.11371596157550812,0.11371596157550812,0.09638804197311401,-0.043410468846559525,-3.06622748025287e-11,0.0,0.0,3.8710830211639404,3.8710830211639404,0.9568342566490173,0.9568342566490173,0.38939425349235535,0.0,0.0,0.0,0.0,0.16883908212184906,0.2229372262954712,2.0456649508560076e-05,0.9860401153564453,0.28882738947868347,0.11605393141508102,1.0587142705917358,0.956644594669342,0.9568342566490173,1.0070744752883911,0.43211695551872253,0.11628083884716034,0.023659560829401016,1.0,2.490156650543213,2.5547432899475098,2.6182782649993896,0.0,5.0,0.0,0.0,0.0,0.0,0.0,0.0,,,,,,,,,,,,,,,,,,,,,,0.001
7,2120,train,0.1273801326751709,0.10600540041923523,0.10687369108200073,0.0,0.0,0.0,0.0,0.0,0.0,0.0,0.0,0.0,0.0,0.0,0.0,0.0,0.0,0.0,0.0,0.0,0.0,0.0,0.0,1.0,0.033523548394441605,0.033523548394441605,0.03347541019320488,0.0,-0.002385361585766077,0.42988666892051697,1.0,0.0,1.0,0.0,0.0,0.15307867527008057,0.0,0.0,0.0,0.0,0.2221665233373642,0.14500734210014343,0.004565125796943903,0.6408883929252625,0.32806065678596497,0.0,0.0,0.0,0.0,0.0,0.0,0.0,0.0,1.0,0.0,0.004341189283877611,0.28728005290031433,0.17217287421226501,0.014453785493969917,0.0,0.10687369108200073,0.10600540041923523,0.10600540041923523,0.083262138068676,-0.043730054050683975,1.701861984670927e-10,0.0,0.0,3.9038872718811035,3.9038872718811035,1.0259418487548828,1.0259418487548828,0.33832693099975586,0.0,0.0,0.0,0.0,0.22216655313968658,0.26204895973205566,1.0658070095814764e-05,0.9899603128433228,0.32806065678596497,0.1673406958580017,1.165623426437378,1.01448392868042,1.0259418487548828,0.9904173016548157,0.42988666892051697,0.11708935350179672,0.023631500080227852,1.0,2.6409969329833984,2.5653231143951416,2.5336709022521973,0.0,5.0,0.0,0.0,0.0,0.0,0.0,0.0,,,,,,,,,,,,,,,,,,,,,,0.001
7,2140,train,0.1280188262462616,0.10663960129022598,0.10689613223075867,0.0,0.0,0.0,0.0,0.0,0.0,0.0,0.0,0.0,0.0,0.0,0.0,0.0,0.0,0.0,0.0,0.0,0.0,0.0,0.0,1.0,0.0343012772500515,0.0343012772500515,0.03431166335940361,0.0,-0.0028476198203861713,0.4264381229877472,1.0,0.0,1.0,0.0,0.0,0.14969462156295776,0.0,0.0,0.0,0.0,0.20305487513542175,0.13260363042354584,0.0018777111545205116,0.606366753578186,0.3156759738922119,0.0,0.0,0.0,0.0,0.0,0.0,0.0,0.0,1.0,0.0,0.002980404533445835,0.2649100124835968,0.17182666063308716,0.014057126827538013,0.0,0.10689613223075867,0.10663960129022598,0.10663960129022598,0.09731260687112808,-0.04260113835334778,-6.350735909377292e-11,0.0,0.0,3.8469245433807373,3.8469245433807373,1.011945366859436,1.011945366859436,0.3720066249370575,0.0,0.0,0.0,0.0,0.20305486023426056,0.24672427773475647,4.773968385052285e-07,0.9966058731079102,0.3156759738922119,0.14865197241306305,1.07864511013031,1.012259602546692,1.011945366859436,0.9711185693740845,0.4264381229877472,0.11838246881961823,0.023313157260417938,1.0,2.473867177963257,2.5309629440307617,2.519279956817627,0.0,5.0,0.0,0.0,0.0,0.0,0.0,0.0,,,,,,,,,,,,,,,,,,,,,,0.001
7,2160,train,0.1308666318655014,0.10893263667821884,0.10966996103525162,0.0,0.0,0.0,0.0,0.0,0.0,0.0,0.0,0.0,0.0,0.0,0.0,0.0,0.0,0.0,0.0,0.0,0.0,0.0,0.0,1.0,0.03983272239565849,0.03983272612094879,0.0397946871817112,0.0,-0.0024378634989261627,0.434064120054245,1.0,0.0,1.0,0.0,0.0,0.14303600788116455,0.0,0.0,0.0,0.0,0.1804884523153305,0.1423218697309494,0.00725278165191412,0.6399902105331421,0.2758517861366272,0.0,0.0,0.0,0.0,0.0,0.0,0.0,0.0,1.0,0.0,0.0021670327987521887,0.2713102400302887,0.1777353584766388,0.013709433376789093,0.0,0.10966996103525162,0.10893263667821884,0.10893263667821884,0.10100266337394714,-0.054496899247169495,-3.952929650274939e-11,0.0,0.0,3.948841094970703,3.948841094970703,1.0551385879516602,1.0551385879516602,0.41977953910827637,0.0,0.0,0.0,0.0,0.1804884821176529,0.2502155900001526,2.9857665140298195e-06,0.9716162085533142,0.2758517861366272,0.14177390933036804,1.227527379989624,1.0513043403625488,1.0551385879516602,1.0073039531707764,0.434064120054245,0.11863027513027191,0.024278366938233376,1.0,2.656848192214966,2.56856107711792,2.5460293292999268,0.0,5.0,0.0,0.0,0.0,0.0,0.0,0.0,,,,,,,,,,,,,,,,,,,,,,0.001
7,2180,train,0.13210095465183258,0.11009553074836731,0.11002713441848755,0.0,0.0,0.0,0.0,0.0,0.0,0.0,0.0,0.0,0.0,0.0,0.0,0.0,0.0,0.0,0.0,0.0,0.0,0.0,0.0,1.0,0.04055611789226532,0.04055611789226532,0.040574509650468826,0.0,-0.002526948694139719,0.4317956268787384,1.0,0.0,1.0,0.0,0.0,0.16903534531593323,0.0,0.0,0.0,0.0,0.1502191573381424,0.12477649003267288,0.00434730714187026,0.5107628107070923,0.2634661793708801,0.0,0.0,0.0,0.0,0.0,0.0,0.0,0.0,1.0,0.0,0.0016639819368720055,0.27788808941841125,0.1753023862838745,0.012884210795164108,0.0,0.11002713441848755,0.11009553074836731,0.11009553074836731,0.10052119195461273,-0.06375039368867874,-4.147484092276166e-11,0.0,0.0,3.9295494556427,3.9295494556427,1.0195708274841309,1.0195708274841309,0.4164089858531952,0.0,0.0,0.0,0.0,0.1502191722393036,0.21395085752010345,2.237282842543209e-06,0.9978127479553223,0.2634661793708801,0.0975949838757515,1.14360511302948,1.014640212059021,1.0195708274841309,1.067330002784729,0.4317956268787384,0.1214030534029007,0.02364771068096161,1.0,2.5839123725891113,2.5181515216827393,2.5286319255828857,0.0,5.0,0.0,0.0,0.0,0.0,0.0,0.0,,,,,,,,,,,,,,,,,,,,,,0.001
7,2200,train,0.1287708431482315,0.10710322111845016,0.10833811014890671,0.0,0.0,0.0,0.0,0.0,0.0,0.0,0.0,0.0,0.0,0.0,0.0,0.0,0.0,0.0,0.0,0.0,0.0,0.0,0.0,1.0,0.0373527854681015,0.0373527854681015,0.03732794150710106,0.0,-0.0031199429649859667,0.4270506799221039,1.0,0.0,1.0,0.0,0.0,0.14081799983978271,0.0,0.0,0.0,0.0,0.15227706730365753,0.12962619960308075,0.0009516975842416286,0.5982041358947754,0.2632540464401245,0.0,0.0,0.0,0.0,0.0,0.0,0.0,0.0,1.0,0.0,0.005647723097354174,0.27787482738494873,0.1763780117034912,0.01210349053144455,0.0,0.10833811014890671,0.10710322111845016,0.10710322111845016,0.09422643482685089,-0.04602833464741707,1.4546006066318284e-10,0.0,0.0,3.8701887130737305,3.8701887130737305,1.0727883577346802,1.0727883577346802,0.36508604884147644,0.0,0.0,0.0,0.0,0.15227708220481873,0.21728584170341492,4.69188489660155e-06,0.9864214658737183,0.2632540464401245,0.09636949002742767,1.1997401714324951,1.0672355890274048,1.0727883577346802,1.0439494848251343,0.4270506799221039,0.12205881625413895,0.02453080751001835,1.0,2.5795135498046875,2.5007941722869873,2.5703225135803223,0.0,5.0,0.0,0.0,0.0,0.0,0.0,0.0,,,,,,,,,,,,,,,,,,,,,,0.001
7,2220,train,0.13984739780426025,0.11644139885902405,0.11702997237443924,0.0,0.0,0.0,0.0,0.0,0.0,0.0,0.0,0.0,0.0,0.0,0.0,0.0,0.0,0.0,0.0,0.0,0.0,0.0,0.0,1.0,0.03615342453122139,0.03615342080593109,0.036134082823991776,0.0,-0.003115974133834243,0.4306541979312897,1.0,0.0,1.0,0.0,0.0,0.1609986275434494,0.0,0.0,0.0,0.0,0.21005548536777496,0.1529611051082611,0.0058998591266572475,0.6800653338432312,0.33145102858543396,0.0,0.0,0.0,0.0,0.0,0.0,0.0,0.0,1.0,0.0,0.0021880455315113068,0.28350940346717834,0.16487930715084076,0.011548824608325958,0.0,0.11702997237443924,0.11644139885902405,0.11644139885902405,0.09749749302864075,-0.05435781180858612,1.0439906578119107e-10,0.0,0.0,3.961019515991211,3.961019515991211,0.9753538370132446,0.9753538370132446,0.3950769007205963,0.0,0.0,0.0,0.0,0.21005548536777496,0.24550862610340118,5.630890427710256e-06,0.9792541265487671,0.33145102858543396,0.1475643515586853,1.058748483657837,0.9725608825683594,0.9753538370132446,1.006109595298767,0.4306541979312897,0.1194038838148117,0.02288358472287655,1.0,2.734747886657715,2.609536647796631,2.609570264816284,0.0,5.0,0.0,0.0,0.0,0.0,0.0,0.0,,,,,,,,,,,,,,,,,,,,,,0.001
7,2240,train,0.12145669758319855,0.10113372653722763,0.10161484032869339,0.0,0.0,0.0,0.0,0.0,0.0,0.0,0.0,0.0,0.0,0.0,0.0,0.0,0.0,0.0,0.0,0.0,0.0,0.0,0.0,1.0,0.03461937606334686,0.03461937606334686,0.03462494537234306,0.0,-0.002448785351589322,0.4280748665332794,1.0,0.0,1.0,0.0,0.0,0.18038342893123627,0.0,0.0,0.0,0.0,0.1503831297159195,0.11735290288925171,0.006025925278663635,0.47886940836906433,0.2534019351005554,0.0,0.0,0.0,0.0,0.0,0.0,0.0,0.0,1.0,0.0,0.0030359411612153053,0.2714962363243103,0.17100559175014496,0.014153042808175087,0.0,0.10161484032869339,0.10113372653722763,0.10113372653722763,0.08001340925693512,-0.032369814813137054,2.4510068453997835e-12,0.0,0.0,3.808765411376953,3.808765411376953,1.0454434156417847,1.0454434156417847,0.31279808282852173,0.0,0.0,0.0,0.0,0.15038315951824188,0.22367341816425323,1.1735311034044571e-07,0.9768734574317932,0.2534019351005554,0.09768689423799515,1.206258773803711,1.0425472259521484,1.0454434156417847,0.9953271746635437,0.4280748665332794,0.12469619512557983,0.02533619850873947,1.0,2.4458706378936768,2.4898428916931152,2.5108559131622314,0.0,5.0,0.0,0.0,0.0,0.0,0.0,0.0,,,,,,,,,,,,,,,,,,,,,,0.001
7,2260,train,0.12040741741657257,0.10031643509864807,0.1004549115896225,0.0,0.0,0.0,0.0,0.0,0.0,0.0,0.0,0.0,0.0,0.0,0.0,0.0,0.0,0.0,0.0,0.0,0.0,0.0,0.0,1.0,0.032064132392406464,0.032064132392406464,0.03202495351433754,0.0,-0.002752031898126006,0.43048423528671265,1.0,0.0,1.0,0.0,0.0,0.11869154870510101,0.0,0.0,0.0,0.0,0.19760775566101074,0.17357996106147766,0.005496095400303602,0.7258848547935486,0.2815621793270111,0.0,0.0,0.0,0.0,0.0,0.0,0.0,0.0,1.0,0.0,0.0009411417995579541,0.2761906385421753,0.1630161851644516,0.011727545410394669,0.0,0.1004549115896225,0.10031643509864807,0.10031643509864807,0.09063726663589478,-0.02152899280190468,9.717466414871367e-12,0.0,0.0,4.046463489532471,4.046463489532471,0.9976453185081482,0.9976453185081482,0.3658139109611511,0.0,0.0,0.0,0.0,0.19760775566101074,0.2674308717250824,1.7941008536581649e-06,0.9913772344589233,0.2815621793270111,0.17149204015731812,1.099625587463379,0.9956730008125305,0.9976453185081482,1.0337556600570679,0.43048423528671265,0.11893957108259201,0.022981837391853333,1.0,2.4903788566589355,2.512157440185547,2.583860158920288,0.0,5.0,0.0,0.0,0.0,0.0,0.0,0.0,,,,,,,,,,,,,,,,,,,,,,0.001
7,2280,train,0.1274017095565796,0.10594312101602554,0.10729297995567322,0.0,0.0,0.0,0.0,0.0,0.0,0.0,0.0,0.0,0.0,0.0,0.0,0.0,0.0,0.0,0.0,0.0,0.0,0.0,0.0,1.0,0.03353308513760567,0.03353308513760567,0.03352168947458267,0.0,-0.0028188074938952923,0.42907384037971497,1.0,0.0,1.0,0.0,0.0,0.09868765622377396,0.0,0.0,0.0,0.0,0.17538923025131226,0.15836818516254425,0.006422925274819136,0.7664197683334351,0.2788074314594269,0.0,0.0,0.0,0.0,0.0,0.0,0.0,0.0,1.0,0.0,0.0013824518537148833,0.25736120343208313,0.1716495305299759,0.01038631796836853,0.0,0.10729297995567322,0.10594312101602554,0.10594312101602554,0.08845067024230957,0.0053322394378483295,2.4647114904574607e-10,0.0,0.0,4.1037797927856445,4.1037797927856445,1.050538420677185,1.050538420677185,0.35711151361465454,0.0,0.0,0.0,0.0,0.17538924515247345,0.242300346493721,3.3268747756665107e-06,0.9965066313743591,0.2788074314594269,0.13207721710205078,1.1196461915969849,1.0527491569519043,1.050538420677185,1.015637993812561,0.42907384037971497,0.12059443444013596,0.023244477808475494,1.0,2.6075439453125,2.531337022781372,2.5375218391418457,0.0,5.0,0.0,0.0,0.0,0.0,0.0,0.0,,,,,,,,,,,,,,,,,,,,,,0.001
7,2300,train,0.13663603365421295,0.1137741282582283,0.11430953443050385,0.0,0.0,0.0,0.0,0.0,0.0,0.0,0.0,0.0,0.0,0.0,0.0,0.0,0.0,0.0,0.0,0.0,0.0,0.0,0.0,1.0,0.03057326190173626,0.03057326190173626,0.030587946996092796,0.0,-0.0021672463044524193,0.43295538425445557,1.0,0.0,1.0,0.0,0.0,0.18627570569515228,0.0,0.0,0.0,0.0,0.17688106000423431,0.14492082595825195,0.006219088565558195,0.6515253782272339,0.2794387638568878,0.0,0.0,0.0,0.0,0.0,0.0,0.0,0.0,1.0,0.0,0.0028128691483289003,0.2791559100151062,0.16617940366268158,0.0113112423568964,0.0,0.11430953443050385,0.1137741282582283,0.1137741282582283,0.08561579883098602,-0.05173493176698685,2.8009924935012975e-10,0.0,0.0,3.8459064960479736,3.8459064960479736,0.9802797436714172,0.9802797436714172,0.3520026206970215,0.0,0.0,0.0,0.0,0.17688106000423431,0.24226076900959015,1.4741540326212998e-05,0.9960950016975403,0.2794387638568878,0.13053002953529358,1.0691832304000854,0.9786353707313538,0.9802797436714172,0.9612511396408081,0.43295538425445557,0.12180088460445404,0.023045778274536133,1.0,2.5115888118743896,2.512638568878174,2.496161699295044,0.0,5.0,0.0,0.0,0.0,0.0,0.0,0.0,,,,,,,,,,,,,,,,,,,,,,0.001
7,2320,train,0.12814182043075562,0.10680985450744629,0.10665982961654663,0.0,0.0,0.0,0.0,0.0,0.0,0.0,0.0,0.0,0.0,0.0,0.0,0.0,0.0,0.0,0.0,0.0,0.0,0.0,0.0,1.0,0.03403084725141525,0.03403084725141525,0.03404594212770462,0.0,-0.002424602396786213,0.4300762414932251,1.0,0.0,1.0,0.0,0.0,0.1940489560365677,0.0,0.0,0.0,0.0,0.19031643867492676,0.16681845486164093,0.007152560167014599,0.6711791753768921,0.2875829041004181,0.0,0.0,0.0,0.0,0.0,0.0,0.0,0.0,1.0,0.0,0.0002975228999275714,0.28644099831581116,0.16509833931922913,0.01187833584845066,0.0,0.10665982961654663,0.10680985450744629,0.10680985450744629,0.09161552786827087,-0.04624408483505249,-1.6927546864220488e-10,0.0,0.0,3.977809190750122,3.977808713912964,0.9664136171340942,0.9664136171340942,0.37440213561058044,0.0,0.0,0.0,0.0,0.19031643867492676,0.25319141149520874,1.2673432365772896e-06,0.996473491191864,0.2875829041004181,0.1481311321258545,0.9816604852676392,0.9706342816352844,0.9664136171340942,0.9841030240058899,0.4300762414932251,0.12011632323265076,0.022388163954019547,1.0,2.4890835285186768,2.5504372119903564,2.524322032928467,0.0,5.0,0.0,0.0,0.0,0.0,0.0,0.0,,,,,,,,,,,,,,,,,,,,,,0.001
7,2338,train_epoch,0.12875539062176636,0.1072086408109722,0.10773374871936386,0.0,0.0,0.0,0.0,0.0,0.0,0.0,0.0,0.0,0.0,0.0,0.0,0.0,0.0,0.0,0.0,0.0,0.0,0.0,0.0,1.0,0.03464498891757277,0.034644989034685186,0.03462909271907128,0.0,-0.0026071004584866638,0.43011098662893216,1.0,0.0,1.0,0.0,0.0,0.14925069555997134,0.0,0.0,0.0,0.0,0.17667247080606616,0.13283143959894866,0.004774596426140344,0.6059324774378074,0.28844601308514256,0.0,0.0,0.0,0.0,0.0,0.0,0.0,0.0,1.0,0.0,0.0024875958919503187,0.2763931659345855,0.1693888344093711,0.013061990721630836,0.0,0.10773374871936386,0.1072086408109722,0.1072086408109722,0.09084152700212188,-0.03836901213250173,-4.592475984119649e-12,0.0,0.0,3.944363427019405,3.944363419881124,1.0047670440402574,1.0047670440402574,0.3681287246193001,0.0,0.0,0.0,0.0,0.17667248517185627,0.23382028379661593,7.155493287105647e-06,0.9867018670022131,0.28844601308514256,0.12319960999497753,1.115900994239453,1.0015888360446086,1.0047670440402574,0.9989940543731529,0.43011098662893216,0.11978636479038678,0.02376106343494204,1.0,2.558570136567076,2.5562266732404333,2.557944883843382,0.0,5.0,0.0,0.0,0.0,0.0,0.0,0.0,,,,,,,,,,,,,,,,,,,,,,0.001
7,2338,val,,,,,,,,,,,,,,,,,,,,,,,,,,,,,,,,,,,,,,,,,,,,,,,,,,,,,,,,,,,,,,,,,,,,,,,,,,,,,,,,,,,,,,,,,,,,,,,,,,,,,,,82.67974210859418,15405.78907569679,124.12005911897073,122.02808469480222,46.227790712236285,15.274475136318722,24.55873754918623,9.93129978094015,7.154822981035387,172.31941594304266,209.01712751156768,257.87736703683663,96.35845332102733,123.08676986007004,148.48812742009684,188.16199668678078,70.9766034650373,82.67974210859418,124.12005911897073,122.02808469480222,46.227790712236285,0.001
7,2338,test,,,,,,,,,,,,,,,,,,,,,,,,,,,,,,,,,,,,,,,,,,,,,,,,,,,,,,,,,,,,,,,,,,,,,,,,,,,,,,,,,,,,,,,,,,,,,,,,,,,,,,,81.85686757543066,15074.891834705799,122.7798510941669,120.86796356751039,46.83125861915382,14.845794832384264,23.358355267474913,9.616774352821144,7.11245989155125,170.7982289769628,206.82927222664333,256.1834945678711,97.61884624034435,121.80851278219137,146.4929626536796,186.5918939263971,72.05094370111689,81.85686757543066,122.7798510941669,120.86796356751039,46.83125861915382,0.001
8,2340,train,0.3146151304244995,0.2621544301509857,0.2623034417629242,0.0,0.0,0.0,0.0,0.0,0.0,0.0,0.0,0.0,0.0,0.0,0.0,0.0,0.0,0.0,0.0,0.0,0.0,0.0,0.0,1.0,0.035418927669525146,0.035418927669525146,0.035403601825237274,0.0,-0.0024897109251469374,0.4295944273471832,1.0,0.0,1.0,0.0,0.0,0.13800212740898132,0.0,0.0,0.0,0.0,0.14482171833515167,0.1458359658718109,0.001893293927423656,0.6715437173843384,0.23718173801898956,0.0,0.0,0.0,0.0,0.0,0.0,0.0,0.0,1.0,0.0,0.004549192730337381,0.2659838795661926,0.18463243544101715,0.01158202439546585,0.0,0.2623034417629242,0.2621544301509857,0.2621544301509857,0.09261295199394226,-0.006415447220206261,-5.6256516806074686e-11,0.0,0.0,3.903456211090088,3.903456211090088,1.1088320016860962,1.1088320016860962,0.3565875291824341,0.0,0.0,0.0,0.0,0.14482171833515167,0.22655726969242096,2.1197508885961724e-06,0.9980720281600952,0.23718173801898956,0.10781250894069672,1.2377222776412964,1.1080834865570068,1.1088320016860962,1.0509086847305298,0.4295944273471832,0.12866128981113434,0.025657884776592255,1.0,2.4605636596679688,2.5098531246185303,2.5133399963378906,0.0,6.0,0.0,0.0,0.0,0.0,0.0,0.0,,,,,,,,,,,,,,,,,,,,,,0.001
8,2360,train,0.15457309782505035,0.12869825959205627,0.1293742060661316,0.0,0.0,0.0,0.0,0.0,0.0,0.0,0.0,0.0,0.0,0.0,0.0,0.0,0.0,0.0,0.0,0.0,0.0,0.0,0.0,1.0,0.028809459879994392,0.02880946174263954,0.02879226952791214,0.0,-0.003517236327752471,0.42911767959594727,1.0,0.0,1.0,0.0,0.0,0.14063608646392822,0.0,0.0,0.0,0.0,0.1667947918176651,0.15298855304718018,0.0015217280015349388,0.7103980779647827,0.2712113559246063,0.0,0.0,0.0,0.0,0.0,0.0,0.0,0.0,1.0,0.0,0.0029224122408777475,0.266954243183136,0.16461029648780823,0.011810557916760445,0.0,0.1293742060661316,0.12869825959205627,0.12869825959205627,0.0797785222530365,-0.008656078018248081,-1.1951793721376447e-10,0.0,0.0,3.9620447158813477,3.9620447158813477,1.01274836063385,1.01274836063385,0.3180539011955261,0.0,0.0,0.0,0.0,0.1667947918176651,0.23412688076496124,1.122183107327146e-06,0.9834476709365845,0.2712113559246063,0.11914829164743423,1.1261911392211914,1.0083380937576294,1.01274836063385,0.9954897165298462,0.42911767959594727,0.1525036096572876,0.024372072890400887,1.0,2.491166114807129,2.4607982635498047,2.4375321865081787,0.0,6.0,0.0,0.0,0.0,0.0,0.0,0.0,,,,,,,,,,,,,,,,,,,,,,0.001
8,2380,train,0.14454078674316406,0.12034416943788528,0.1209830492734909,0.0,0.0,0.0,0.0,0.0,0.0,0.0,0.0,0.0,0.0,0.0,0.0,0.0,0.0,0.0,0.0,0.0,0.0,0.0,0.0,1.0,0.03345014154911041,0.03345014154911041,0.03347030654549599,0.0,-0.0022228171583265066,0.43181031942367554,1.0,0.0,1.0,0.0,0.0,0.14725543558597565,0.0,0.0,0.0,0.0,0.14486877620220184,0.11938107758760452,0.0012135113356634974,0.6649436354637146,0.26250505447387695,0.0,0.0,0.0,0.0,0.0,0.0,0.0,0.0,1.0,0.0,0.005213231313973665,0.29199182987213135,0.16448061168193817,0.013576210476458073,0.0,0.1209830492734909,0.12034416943788528,0.12034416943788528,0.0906335860490799,-0.054516613483428955,5.3678495676168225e-11,0.0,0.0,3.846458673477173,3.846458673477173,0.9405316710472107,0.9405316710472107,0.3555963337421417,0.0,0.0,0.0,0.0,0.14486879110336304,0.20882169902324677,1.6988751667668112e-06,0.964928388595581,0.26250505447387695,0.09099265187978745,1.0278940200805664,0.9405871629714966,0.9405316710472107,1.0080794095993042,0.43181031942367554,0.154104545712471,0.025053193792700768,1.0,2.2748589515686035,2.3846888542175293,2.4591050148010254,0.0,6.0,0.0,0.0,0.0,0.0,0.0,0.0,,,,,,,,,,,,,,,,,,,,,,0.001
8,2400,train,0.13333484530448914,0.11099117249250412,0.11171838641166687,0.0,0.0,0.0,0.0,0.0,0.0,0.0,0.0,0.0,0.0,0.0,0.0,0.0,0.0,0.0,0.0,0.0,0.0,0.0,0.0,1.0,0.028307629749178886,0.028307629749178886,0.028293181210756302,0.0,-0.002680077450349927,0.42937225103378296,1.0,0.0,1.0,0.0,0.0,0.13531118631362915,0.0,0.0,0.0,0.0,0.19804371893405914,0.1471817046403885,0.008220348507165909,0.630952000617981,0.3151421844959259,0.0,0.0,0.0,0.0,0.0,0.0,0.0,0.0,1.0,0.0,0.002622323576360941,0.2491430938243866,0.15661537647247314,0.01448547188192606,0.0,0.11171838641166687,0.11099117249250412,0.11099117249250412,0.0730820819735527,0.010711734183132648,-2.3984042529789917e-10,0.0,0.0,3.631397247314453,3.631397247314453,0.9361504912376404,0.9361504912376404,0.26310673356056213,0.0,0.0,0.0,0.0,0.19804371893405914,0.24546939134597778,1.072679788194364e-05,0.9784099459648132,0.3151421844959259,0.15589767694473267,1.0227621793746948,0.9333786964416504,0.9361504912376404,0.9374181628227234,0.42937225103378296,0.15661878883838654,0.025798825547099113,1.0,2.4573869705200195,2.479689598083496,2.521317720413208,0.0,6.0,0.0,0.0,0.0,0.0,0.0,0.0,,,,,,,,,,,,,,,,,,,,,,0.001
8,2420,train,0.13744023442268372,0.11435039341449738,0.11544919013977051,0.0,0.0,0.0,0.0,0.0,0.0,0.0,0.0,0.0,0.0,0.0,0.0,0.0,0.0,0.0,0.0,0.0,0.0,0.0,0.0,1.0,0.033081624656915665,0.033081624656915665,0.03307710587978363,0.0,-0.002562480978667736,0.42517757415771484,1.0,0.0,1.0,0.0,0.0,0.13170216977596283,0.0,0.0,0.0,0.0,0.17856816947460175,0.14007095992565155,0.009808964096009731,0.7445183992385864,0.3035341203212738,0.0,0.0,0.0,0.0,0.0,0.0,0.0,0.0,1.0,0.0,0.004300359636545181,0.29629239439964294,0.16672152280807495,0.011449519544839859,0.0,0.11544919013977051,0.11435039341449738,0.11435039341449738,0.0874900296330452,-0.03365064412355423,-1.3340950566487209e-10,0.0,0.0,3.824542760848999,3.824542760848999,0.9851570725440979,0.9851570725440979,0.3492913842201233,0.0,0.0,0.0,0.0,0.17856815457344055,0.2257586270570755,5.4490815273311455e-06,0.9868505001068115,0.3035341203212738,0.11158088594675064,1.0961644649505615,0.9822756052017212,0.9851570725440979,1.0023934841156006,0.42517757415771484,0.15329904854297638,0.0255263801664114,1.0,2.4392757415771484,2.4364211559295654,2.3290228843688965,0.0,6.0,0.0,0.0,0.0,0.0,0.0,0.0,,,,,,,,,,,,,,,,,,,,,,0.001
8,2440,train,0.14108021557331085,0.11748357862234116,0.11798321455717087,0.0,0.0,0.0,0.0,0.0,0.0,0.0,0.0,0.0,0.0,0.0,0.0,0.0,0.0,0.0,0.0,0.0,0.0,0.0,0.0,1.0,0.02859102003276348,0.02859102003276348,0.028621694073081017,0.0,-0.002976594725623727,0.4271700382232666,1.0,0.0,1.0,0.0,0.0,0.14322534203529358,0.0,0.0,0.0,0.0,0.1759306788444519,0.12363741546869278,0.0020051891915500164,0.5587131381034851,0.31870633363723755,0.0,0.0,0.0,0.0,0.0,0.0,0.0,0.0,1.0,0.0,0.003929884172976017,0.26056206226348877,0.1587165892124176,0.013616993092000484,0.0,0.11798321455717087,0.11748357862234116,0.11748357862234116,0.08590152859687805,-0.0020634494721889496,9.823540592091007e-11,0.0,0.0,3.8440287113189697,3.8440287113189697,0.9545140862464905,0.9545140862464905,0.33256393671035767,0.0,0.0,0.0,0.0,0.1759306788444519,0.21310679614543915,1.5262016859196592e-06,0.9927257299423218,0.31870633363723755,0.10108762979507446,0.9819034337997437,0.9544457197189331,0.9545140862464905,0.9212949275970459,0.4271700382232666,0.15197023749351501,0.024803992360830307,1.0,2.545910120010376,2.462951183319092,2.4907517433166504,0.0,6.0,0.0,0.0,0.0,0.0,0.0,0.0,,,,,,,,,,,,,,,,,,,,,,0.001
8,2460,train,0.11663871258497238,0.0969887226819992,0.09824995696544647,0.0,0.0,0.0,0.0,0.0,0.0,0.0,0.0,0.0,0.0,0.0,0.0,0.0,0.0,0.0,0.0,0.0,0.0,0.0,0.0,1.0,0.03219742327928543,0.03219742327928543,0.03219755366444588,0.0,-0.0032965033315122128,0.42275550961494446,1.0,0.0,1.0,0.0,0.0,0.1190868690609932,0.0,0.0,0.0,0.0,0.1511133313179016,0.10179158300161362,0.004484447650611401,0.4187015891075134,0.27038413286209106,0.0,0.0,0.0,0.0,0.0,0.0,0.0,0.0,1.0,0.0,0.005927739664912224,0.25784870982170105,0.16829407215118408,0.010359061881899834,0.0,0.09824995696544647,0.0969887226819992,0.0969887226819992,0.0813785269856453,-0.009607874788343906,-2.924461506292886e-10,0.0,0.0,3.8251960277557373,3.8251960277557373,1.0033636093139648,1.0033636093139648,0.30474063754081726,0.0,0.0,0.0,0.0,0.1511133313179016,0.21353308856487274,1.3749081517744344e-05,0.9895128607749939,0.27038413286209106,0.08981312066316605,1.1195483207702637,0.9976125359535217,1.0033636093139648,0.9759787321090698,0.42275550961494446,0.15793845057487488,0.026441799476742744,1.0,2.3892321586608887,2.4050445556640625,2.4361658096313477,0.0,6.0,0.0,0.0,0.0,0.0,0.0,0.0,,,,,,,,,,,,,,,,,,,,,,0.001
8,2480,train,0.11547054350376129,0.09603897482156754,0.09715784341096878,0.0,0.0,0.0,0.0,0.0,0.0,0.0,0.0,0.0,0.0,0.0,0.0,0.0,0.0,0.0,0.0,0.0,0.0,0.0,0.0,1.0,0.030201099812984467,0.030201099812984467,0.030188946053385735,0.0,-0.002929353853687644,0.42523011565208435,1.0,0.0,1.0,0.0,0.0,0.12152795493602753,0.0,0.0,0.0,0.0,0.19488997757434845,0.12015260010957718,0.0036115101538598537,0.5915985107421875,0.3240659534931183,0.0,0.0,0.0,0.0,0.0,0.0,0.0,0.0,1.0,0.0,0.0037923601921647787,0.2561458349227905,0.1621343344449997,0.01166586298495531,0.0,0.09715784341096878,0.09603897482156754,0.09603897482156754,0.08603954315185547,-0.040252622216939926,6.02556338158422e-11,0.0,0.0,3.90757155418396,3.90757155418396,0.9590377807617188,0.9590377807617188,0.34873172640800476,0.0,0.0,0.0,0.0,0.19488996267318726,0.2340017557144165,5.2447016059886664e-05,0.9835644960403442,0.3240659534931183,0.1366574764251709,1.0204904079437256,0.9588978886604309,0.9590377807617188,0.9387215375900269,0.42523011565208435,0.1496424823999405,0.02519826963543892,1.0,2.352163314819336,2.389692783355713,2.399355411529541,0.0,6.0,0.0,0.0,0.0,0.0,0.0,0.0,,,,,,,,,,,,,,,,,,,,,,0.001
8,2500,train,0.14297714829444885,0.11901701241731644,0.1198006421327591,0.0,0.0,0.0,0.0,0.0,0.0,0.0,0.0,0.0,0.0,0.0,0.0,0.0,0.0,0.0,0.0,0.0,0.0,0.0,0.0,1.0,0.035934481769800186,0.035934485495090485,0.03595239669084549,0.0,-0.0029324551578611135,0.4284871220588684,1.0,0.0,1.0,0.0,0.0,0.15012142062187195,0.0,0.0,0.0,0.0,0.17067377269268036,0.13205410540103912,0.002038204576820135,0.6255612373352051,0.3085642158985138,0.0,0.0,0.0,0.0,0.0,0.0,0.0,0.0,1.0,0.0,0.0036943608429282904,0.2794979512691498,0.17948640882968903,0.010979883372783661,0.0,0.1198006421327591,0.11901701241731644,0.11901701241731644,0.09825211763381958,-0.048525288701057434,-4.671010245260732e-10,0.0,0.0,3.851638078689575,3.8516383171081543,1.045597791671753,1.045597791671753,0.4000655710697174,0.0,0.0,0.0,0.0,0.17067378759384155,0.21202105283737183,9.021779078466352e-06,0.9729160666465759,0.3085642158985138,0.10266544669866562,1.0919798612594604,1.0495306253433228,1.045597791671753,0.9891667366027832,0.4284871220588684,0.15359118580818176,0.02523580752313137,1.0,2.3907394409179688,2.4240126609802246,2.442486524581909,0.0,6.0,0.0,0.0,0.0,0.0,0.0,0.0,,,,,,,,,,,,,,,,,,,,,,0.001
8,2520,train,0.1203618049621582,0.10024209320545197,0.10059855133295059,0.0,0.0,0.0,0.0,0.0,0.0,0.0,0.0,0.0,0.0,0.0,0.0,0.0,0.0,0.0,0.0,0.0,0.0,0.0,0.0,1.0,0.030698753893375397,0.030698752030730247,0.0307048000395298,0.0,-0.002483675954863429,0.4298044741153717,1.0,0.0,1.0,0.0,0.0,0.14572906494140625,0.0,0.0,0.0,0.0,0.17253108322620392,0.132474884390831,0.004027421586215496,0.600906252861023,0.3099648952484131,0.0,0.0,0.0,0.0,0.0,0.0,0.0,0.0,1.0,0.0,0.002207979094237089,0.25783586502075195,0.16504749655723572,0.011187251657247543,0.0,0.10059855133295059,0.10024209320545197,0.10024209320545197,0.07571224868297577,-0.024818597361445427,5.672578726190203e-11,0.0,0.0,3.8639214038848877,3.8639214038848877,0.9772464632987976,0.9772464632987976,0.291026771068573,0.0,0.0,0.0,0.0,0.1725310981273651,0.21431675553321838,7.615782124048565e-06,0.9873630404472351,0.3099648952484131,0.10598959028720856,1.039874792098999,0.9752007126808167,0.9772464632987976,0.9475631713867188,0.4298044741153717,0.15005673468112946,0.025269441306591034,1.0,2.5213623046875,2.4160375595092773,2.388049602508545,0.0,6.0,0.0,0.0,0.0,0.0,0.0,0.0,,,,,,,,,,,,,,,,,,,,,,0.001
8,2540,train,0.130348801612854,0.1083785742521286,0.10985110700130463,0.0,0.0,0.0,0.0,0.0,0.0,0.0,0.0,0.0,0.0,0.0,0.0,0.0,0.0,0.0,0.0,0.0,0.0,0.0,0.0,1.0,0.03493642061948776,0.03493642061948776,0.034928061068058014,0.0,-0.00309217581525445,0.4240621328353882,1.0,0.0,1.0,0.0,0.0,0.1403007209300995,0.0,0.0,0.0,0.0,0.13556693494319916,0.09270389378070831,0.002041205298155546,0.4168734550476074,0.27931010723114014,0.0,0.0,0.0,0.0,0.0,0.0,0.0,0.0,1.0,0.0,0.003755272598937154,0.2589440643787384,0.1639540046453476,0.010685225948691368,0.0,0.10985110700130463,0.1083785742521286,0.1083785742521286,0.0857328325510025,-0.01975397765636444,-1.214605672983371e-11,0.0,0.0,3.6584811210632324,3.6584813594818115,0.9853830933570862,0.9853830933570862,0.3140814006328583,0.0,0.0,0.0,0.0,0.13556693494319916,0.17731167376041412,2.20093807001831e-06,0.9432090520858765,0.27931010723114014,0.06188725680112839,1.038822054862976,0.9838525652885437,0.9853830933570862,0.9642833471298218,0.4240621328353882,0.1508786678314209,0.025427894666790962,1.0,2.3283863067626953,2.3983354568481445,2.4790501594543457,0.0,6.0,0.0,0.0,0.0,0.0,0.0,0.0,,,,,,,,,,,,,,,,,,,,,,0.001
8,2560,train,0.14365465939044952,0.11961228400468826,0.1202118992805481,0.0,0.0,0.0,0.0,0.0,0.0,0.0,0.0,0.0,0.0,0.0,0.0,0.0,0.0,0.0,0.0,0.0,0.0,0.0,0.0,1.0,0.03847941756248474,0.03847941756248474,0.038476910442113876,0.0,-0.0022986745461821556,0.42673149704933167,1.0,0.0,1.0,0.0,0.0,0.13206471502780914,0.0,0.0,0.0,0.0,0.15701831877231598,0.11951473355293274,0.0010690763592720032,0.6405741572380066,0.282492071390152,0.0,0.0,0.0,0.0,0.0,0.0,0.0,0.0,1.0,0.0,0.0025738459080457687,0.27135732769966125,0.17559567093849182,0.011871456168591976,0.0,0.1202118992805481,0.11961228400468826,0.11961228400468826,0.09262209385633469,-0.025925828143954277,1.0558005164584827e-10,0.0,0.0,3.733461380004883,3.733461380004883,1.008991003036499,1.008991003036499,0.3602074980735779,0.0,0.0,0.0,0.0,0.15701831877231598,0.21353258192539215,1.3504658454621676e-05,0.9823343753814697,0.282492071390152,0.09819240868091583,1.169921636581421,1.0034960508346558,1.008991003036499,0.9881573915481567,0.42673149704933167,0.15211868286132812,0.025660358369350433,1.0,2.275745153427124,2.4240431785583496,2.4279532432556152,0.0,6.0,0.0,0.0,0.0,0.0,0.0,0.0,,,,,,,,,,,,,,,,,,,,,,0.001
8,2580,train,0.13763798773288727,0.11470162123441696,0.11468185484409332,0.0,0.0,0.0,0.0,0.0,0.0,0.0,0.0,0.0,0.0,0.0,0.0,0.0,0.0,0.0,0.0,0.0,0.0,0.0,0.0,1.0,0.03154655173420906,0.03154655173420906,0.03156154230237007,0.0,-0.0024409040343016386,0.4268898367881775,1.0,0.0,1.0,0.0,0.0,0.10963062942028046,0.0,0.0,0.0,0.0,0.1906961351633072,0.17107674479484558,0.00867834035307169,0.737280011177063,0.28880131244659424,0.0,0.0,0.0,0.0,0.0,0.0,0.0,0.0,1.0,0.0,0.0030131961684674025,0.2693001925945282,0.16916845738887787,0.009633030742406845,0.0,0.11468185484409332,0.11470162123441696,0.11470162123441696,0.0977136641740799,-0.005574474111199379,1.56748045099242e-10,0.0,0.0,3.869373321533203,3.869373321533203,0.9978781342506409,0.9978781342506409,0.3878833055496216,0.0,0.0,0.0,0.0,0.1906961351633072,0.2536732852458954,4.185374564258382e-06,0.9826071858406067,0.28880131244659424,0.15090380609035492,1.0584043264389038,1.0032745599746704,0.9978781342506409,1.0023483037948608,0.4268898367881775,0.15019696950912476,0.025333812460303307,1.0,2.534701347351074,2.4529871940612793,2.4345898628234863,0.0,6.0,0.0,0.0,0.0,0.0,0.0,0.0,,,,,,,,,,,,,,,,,,,,,,0.001
8,2600,train,0.1425517350435257,0.11862555146217346,0.11963094025850296,0.0,0.0,0.0,0.0,0.0,0.0,0.0,0.0,0.0,0.0,0.0,0.0,0.0,0.0,0.0,0.0,0.0,0.0,0.0,0.0,1.0,0.036054570227861404,0.036054570227861404,0.03606549650430679,0.0,-0.0030491205397993326,0.4267118275165558,1.0,0.0,1.0,0.0,0.0,0.1549772024154663,0.0,0.0,0.0,0.0,0.16488447785377502,0.1537609100341797,0.00745445815846324,0.73736971616745,0.2793290913105011,0.0,0.0,0.0,0.0,0.0,0.0,0.0,0.0,1.0,0.0,0.004344286397099495,0.2737952470779419,0.1622954159975052,0.010684521868824959,0.0,0.11963094025850296,0.11862555146217346,0.11862555146217346,0.09050007164478302,-0.02371915429830551,-6.346910497168068e-11,0.0,0.0,3.653672933578491,3.653672933578491,0.9589942693710327,0.9589942693710327,0.320028156042099,0.0,0.0,0.0,0.0,0.16488447785377502,0.23170772194862366,1.2889499885204714e-05,0.9940950870513916,0.2793290913105011,0.10523897409439087,0.9748786687850952,0.9676989316940308,0.9589942693710327,1.004711627960205,0.4267118275165558,0.14659681916236877,0.02437053620815277,1.0,2.340644359588623,2.3835289478302,2.42138671875,0.0,6.0,0.0,0.0,0.0,0.0,0.0,0.0,,,,,,,,,,,,,,,,,,,,,,0.001
8,2620,train,0.13735349476337433,0.11440972983837128,0.11471883207559586,0.0,0.0,0.0,0.0,0.0,0.0,0.0,0.0,0.0,0.0,0.0,0.0,0.0,0.0,0.0,0.0,0.0,0.0,0.0,0.0,1.0,0.04075602442026138,0.04075602442026138,0.04075942188501358,0.0,-0.002445429563522339,0.4287029504776001,1.0,0.0,1.0,0.0,0.0,0.1397337019443512,0.0,0.0,0.0,0.0,0.12269993871450424,0.0936308205127716,0.0007445774972438812,0.528835117816925,0.2518977224826813,0.0,0.0,0.0,0.0,0.0,0.0,0.0,0.0,1.0,0.0,0.006363163702189922,0.2763405740261078,0.18008919060230255,0.010433433577418327,0.0,0.11471883207559586,0.11440972983837128,0.11440972983837128,0.088159941136837,-0.04195079207420349,-3.8280570380244683e-10,0.0,0.0,3.85795259475708,3.85795259475708,1.0475294589996338,1.0475294589996338,0.347694456577301,0.0,0.0,0.0,0.0,0.12269993126392365,0.17512691020965576,1.7054267118510325e-06,0.975782036781311,0.2518977224826813,0.05692402273416519,1.1235185861587524,1.0535558462142944,1.0475294589996338,1.0790011882781982,0.4287029504776001,0.15005648136138916,0.025351041927933693,1.0,2.333068370819092,2.3995361328125,2.371826171875,0.0,6.0,0.0,0.0,0.0,0.0,0.0,0.0,,,,,,,,,,,,,,,,,,,,,,0.001
8,2640,train,0.12763740122318268,0.10618393868207932,0.10726732015609741,0.0,0.0,0.0,0.0,0.0,0.0,0.0,0.0,0.0,0.0,0.0,0.0,0.0,0.0,0.0,0.0,0.0,0.0,0.0,0.0,1.0,0.03686732426285744,0.036867327988147736,0.03685879707336426,0.0,-0.0031693195924162865,0.42937859892845154,1.0,0.0,1.0,0.0,0.0,0.08019427955150604,0.0,0.0,0.0,0.0,0.14024899899959564,0.12502259016036987,0.0007660525152459741,0.4945295751094818,0.264638751745224,0.0,0.0,0.0,0.0,0.0,0.0,0.0,0.0,1.0,0.0,0.0035970837343484163,0.2749476432800293,0.17350473999977112,0.010771861299872398,0.0,0.10726732015609741,0.10618393868207932,0.10618393868207932,0.10097993165254593,-0.028610723093152046,-2.465584125754816e-10,0.0,0.0,4.090199947357178,4.090199947357178,1.0075788497924805,1.0075788497924805,0.4073472023010254,0.0,0.0,0.0,0.0,0.14024899899959564,0.1995617002248764,3.944953732570866e-06,0.9751537442207336,0.264638751745224,0.08530943840742111,1.0475049018859863,1.0171115398406982,1.0075788497924805,0.9947899580001831,0.42937859892845154,0.14734703302383423,0.025172099471092224,1.0,2.469898223876953,2.3482213020324707,2.3888626098632812,0.0,6.0,0.0,0.0,0.0,0.0,0.0,0.0,,,,,,,,,,,,,,,,,,,,,,0.001
8,2660,train,0.12656715512275696,0.10536140203475952,0.10602875798940659,0.0,0.0,0.0,0.0,0.0,0.0,0.0,0.0,0.0,0.0,0.0,0.0,0.0,0.0,0.0,0.0,0.0,0.0,0.0,0.0,1.0,0.03143231198191643,0.03143231198191643,0.031422168016433716,0.0,-0.0026726899668574333,0.43010157346725464,1.0,0.0,1.0,0.0,0.0,0.13236229121685028,0.0,0.0,0.0,0.0,0.18902166187763214,0.15381667017936707,0.0041460562497377396,0.6972264647483826,0.3160477876663208,0.0,0.0,0.0,0.0,0.0,0.0,0.0,0.0,1.0,0.0,0.003190041985362768,0.26993003487586975,0.16618487238883972,0.011137641035020351,0.0,0.10602875798940659,0.10536140203475952,0.10536140203475952,0.09011761099100113,-0.0341508649289608,3.7263295227241144e-10,0.0,0.0,3.869870185852051,3.869870185852051,0.9757667183876038,0.9757667183876038,0.3517615497112274,0.0,0.0,0.0,0.0,0.18902164697647095,0.2331533282995224,1.4860402188787702e-05,0.9744518995285034,0.3160477876663208,0.1311427801847458,1.031074047088623,0.9751296043395996,0.9757667183876038,0.9992159008979797,0.43010157346725464,0.1474480777978897,0.024990901350975037,1.0,2.5048866271972656,2.4476847648620605,2.3848462104797363,0.0,6.0,0.0,0.0,0.0,0.0,0.0,0.0,,,,,,,,,,,,,,,,,,,,,,0.001
8,2672,train_epoch,0.1351525030673264,0.112510053273625,0.11321224892389274,0.0,0.0,0.0,0.0,0.0,0.0,0.0,0.0,0.0,0.0,0.0,0.0,0.0,0.0,0.0,0.0,0.0,0.0,0.0,0.0,1.0,0.03346607795620928,0.03346607792274859,0.033458913141069656,0.0,-0.002827462604656972,0.4283455894914216,1.0,0.0,1.0,0.0,0.0,0.13029869462915522,0.0,0.0,0.0,0.0,0.16041300530562144,0.12644118246828726,0.003972604241142674,0.5806810061731739,0.28466172092510555,0.0,0.0,0.0,0.0,0.0,0.0,0.0,0.0,1.0,0.0,0.003568512025692857,0.27267275402645863,0.1677085186639232,0.011257184828313704,0.0,0.11321224892389274,0.112510053273625,0.112510053273625,0.0878807018416192,-0.028111909681770894,-1.8097809403886239e-12,0.0,0.0,3.858258555035391,3.8582585557492193,0.985807470040407,0.985807470040407,0.34481750549135093,0.0,0.0,0.0,0.0,0.16041300133495273,0.21379270520574317,1.164456550260942e-05,0.9763311261902312,0.28466172092510555,0.10011645501289895,1.0649920641305204,0.9866591686617114,0.985807470040407,0.9821017145396707,0.4283455894914216,0.1495095679458387,0.025245660480981817,1.0,2.419738830920465,2.4157027370201614,2.4158862129656855,0.0,6.0,0.0,0.0,0.0,0.0,0.0,0.0,,,,,,,,,,,,,,,,,,,,,,0.001
8,2672,val,,,,,,,,,,,,,,,,,,,,,,,,,,,,,,,,,,,,,,,,,,,,,,,,,,,,,,,,,,,,,,,,,,,,,,,,,,,,,,,,,,,,,,,,,,,,,,,,,,,,,,,67.23598834201022,10830.84005929758,104.07132198303998,98.06744637360444,37.603396819518494,15.36690042255161,24.58892909792244,9.9214428480681,7.200022392444782,17.1579426129659,27.64107459734533,10.923953971347293,8.010503747441748,120.17524458051801,145.38858404847892,182.08754335008226,68.92681101206186,67.23598834201022,104.07132198303998,98.06744637360444,37.603396819518494,0.001
8,2672,test,,,,,,,,,,,,,,,,,,,,,,,,,,,,,,,,,,,,,,,,,,,,,,,,,,,,,,,,,,,,,,,,,,,,,,,,,,,,,,,,,,,,,,,,,,,,,,,,,,,,,,,66.5368361258292,10589.533581432996,102.9054594345363,97.02321848139033,38.07871986939026,14.96951642766729,23.403405365242893,9.606400940869305,7.166129017735387,16.63302435316481,26.299046377023426,10.410893264117542,7.959634359892424,118.99342930424321,143.4957426920704,181.00402230615015,70.1451998186541,66.5368361258292,102.9054594345363,97.02321848139033,38.07871986939026,0.001
9,2680,train,0.13600051403045654,0.11317012459039688,0.11415192484855652,0.0,0.0,0.0,0.0,0.0,0.0,0.0,0.0,0.0,0.0,0.0,0.0,0.0,0.0,0.0,0.0,0.0,0.0,0.0,0.0,1.0,0.035462651401758194,0.035462651401758194,0.03544129431247711,0.0,-0.003268325701355934,0.4279938042163849,1.0,0.0,1.0,0.0,0.0,0.13331562280654907,0.0,0.0,0.0,0.0,0.13140395283699036,0.12588298320770264,0.002536528278142214,0.6533080339431763,0.2399081438779831,0.0,0.0,0.0,0.0,0.0,0.0,0.0,0.0,1.0,0.0,0.002657786477357149,0.2854541540145874,0.1682692915201187,0.01093833614140749,0.0,0.11415192484855652,0.11317012459039688,0.11317012459039688,0.10927193611860275,-0.057844843715429306,4.063558517453103e-11,0.0,0.0,3.9718940258026123,3.9718940258026123,0.9536566734313965,0.9536566734313965,0.4536466896533966,0.0,0.0,0.0,0.0,0.13140395283699036,0.2037142515182495,2.502997858755407e-06,0.9871858954429626,0.2399081438779831,0.07477022707462311,1.0487960577011108,0.9534581899642944,0.9536566734313965,0.9702037572860718,0.4279938042163849,0.14418578147888184,0.02484460175037384,1.0,2.4042835235595703,2.3593459129333496,2.3512470722198486,0.0,6.0,0.0,0.0,0.0,0.0,0.0,0.0,,,,,,,,,,,,,,,,,,,,,,0.001
9,2700,train,0.1244092509150505,0.10354539752006531,0.1043192520737648,0.0,0.0,0.0,0.0,0.0,0.0,0.0,0.0,0.0,0.0,0.0,0.0,0.0,0.0,0.0,0.0,0.0,0.0,0.0,0.0,1.0,0.034529585391283035,0.034529585391283035,0.03448327258229256,0.0,-0.0026304747443646193,0.42664313316345215,1.0,0.0,1.0,0.0,0.0,0.12694790959358215,0.0,0.0,0.0,0.0,0.11708242446184158,0.08825893700122833,0.0009727264987304807,0.38198256492614746,0.2478116899728775,0.0,0.0,0.0,0.0,0.0,0.0,0.0,0.0,1.0,0.0,0.003938570618629456,0.2863636612892151,0.1683846265077591,0.01064867340028286,0.0,0.1043192520737648,0.10354539752006531,0.10354539752006531,0.08872371912002563,-0.02894558198750019,9.421383118102256e-11,0.0,0.0,3.9466280937194824,3.9466280937194824,0.9768398404121399,0.9768398404121399,0.350554496049881,0.0,0.0,0.0,0.0,0.11708241701126099,0.1696864515542984,9.704606782179326e-06,0.9378717541694641,0.2478116899728775,0.052328433841466904,1.056367039680481,0.9787817001342773,0.9768398404121399,0.981241762638092,0.42664313316345215,0.14859403669834137,0.025907663628458977,1.0,2.374785900115967,2.3570659160614014,2.4049620628356934,0.0,6.0,0.0,0.0,0.0,0.0,0.0,0.0,,,,,,,,,,,,,,,,,,,,,,0.001
9,2720,train,0.12150460481643677,0.10118207335472107,0.1016126349568367,0.0,0.0,0.0,0.0,0.0,0.0,0.0,0.0,0.0,0.0,0.0,0.0,0.0,0.0,0.0,0.0,0.0,0.0,0.0,0.0,1.0,0.02745055966079235,0.02745055966079235,0.027417968958616257,0.0,-0.0029221426229923964,0.4291999638080597,1.0,0.0,1.0,0.0,0.0,0.13317586481571198,0.0,0.0,0.0,0.0,0.1622277796268463,0.13393203914165497,0.004172906745225191,0.6297227144241333,0.28030356764793396,0.0,0.0,0.0,0.0,0.0,0.0,0.0,0.0,1.0,0.0,0.0021600022446364164,0.2690659463405609,0.15927080810070038,0.009913735091686249,0.0,0.1016126349568367,0.10118207335472107,0.10118207335472107,0.08629248291254044,-0.0392836332321167,5.25424481701009e-10,0.0,0.0,3.9433562755584717,3.9433557987213135,0.9438749551773071,0.9438749551773071,0.35191965103149414,0.0,0.0,0.0,0.0,0.1622277796268463,0.2232057899236679,7.371067567873979e-06,0.977876603603363,0.28030356764793396,0.10340074449777603,1.0017834901809692,0.9474117755889893,0.9438749551773071,0.931761622428894,0.4291999638080597,0.14462855458259583,0.024859866127371788,1.0,2.4442849159240723,2.450183868408203,2.3945751190185547,0.0,6.0,0.0,0.0,0.0,0.0,0.0,0.0,,,,,,,,,,,,,,,,,,,,,,0.001
9,2740,train,0.13110190629959106,0.10932637006044388,0.10887768119573593,0.0,0.0,0.0,0.0,0.0,0.0,0.0,0.0,0.0,0.0,0.0,0.0,0.0,0.0,0.0,0.0,0.0,0.0,0.0,0.0,1.0,0.03474320098757744,0.03474320098757744,0.034707218408584595,0.0,-0.0021746240090578794,0.42657843232154846,1.0,0.0,1.0,0.0,0.0,0.13137593865394592,0.0,0.0,0.0,0.0,0.1602695882320404,0.15085794031620026,0.004509832710027695,0.6104623079299927,0.2867453396320343,0.0,0.0,0.0,0.0,0.0,0.0,0.0,0.0,1.0,0.0,0.0032149909529834986,0.28065574169158936,0.1732805222272873,0.010286529548466206,0.0,0.10887768119573593,0.10932637006044388,0.10932637006044388,0.08660496771335602,-0.027200238779187202,-2.637575435837647e-10,0.0,0.0,3.920314073562622,3.920314073562622,1.0044665336608887,1.0044665336608887,0.33895963430404663,0.0,0.0,0.0,0.0,0.1602695882320404,0.2141759842634201,1.3354862858250272e-05,0.9762898087501526,0.2867453396320343,0.10490196943283081,1.0916279554367065,1.0057685375213623,1.0044665336608887,0.9854329228401184,0.42657843232154846,0.14649657905101776,0.025825515389442444,1.0,2.4039182662963867,2.355745792388916,2.34663724899292,0.0,6.0,0.0,0.0,0.0,0.0,0.0,0.0,,,,,,,,,,,,,,,,,,,,,,0.001
9,2760,train,0.11882051825523376,0.09899826347827911,0.09911125153303146,0.0,0.0,0.0,0.0,0.0,0.0,0.0,0.0,0.0,0.0,0.0,0.0,0.0,0.0,0.0,0.0,0.0,0.0,0.0,0.0,1.0,0.03711649402976036,0.03711649402976036,0.0371059887111187,0.0,-0.0016160309314727783,0.42951247096061707,1.0,0.0,1.0,0.0,0.0,0.13465501368045807,0.0,0.0,0.0,0.0,0.1789054423570633,0.14353394508361816,0.0044386801309883595,0.5419816970825195,0.3208484649658203,0.0,0.0,0.0,0.0,0.0,0.0,0.0,0.0,1.0,0.0,0.0007314325775951147,0.2701551020145416,0.17426854372024536,0.010535450652241707,0.0,0.09911125153303146,0.09899826347827911,0.09899826347827911,0.07782692462205887,-0.0268272515386343,-7.434280968610096e-11,0.0,0.0,3.757688045501709,3.757688283920288,1.0073397159576416,1.0073397159576416,0.29874110221862793,0.0,0.0,0.0,0.0,0.1789054423570633,0.21409034729003906,2.7775426133302972e-05,0.9752945899963379,0.3208484649658203,0.11127451807260513,1.0681257247924805,1.0097386837005615,1.0073397159576416,0.9999122619628906,0.42951247096061707,0.1489056795835495,0.026280036196112633,1.0,2.379110813140869,2.389863967895508,2.4687342643737793,0.0,6.0,0.0,0.0,0.0,0.0,0.0,0.0,,,,,,,,,,,,,,,,,,,,,,0.001
9,2780,train,0.12365831434726715,0.10302142798900604,0.10318441689014435,0.0,0.0,0.0,0.0,0.0,0.0,0.0,0.0,0.0,0.0,0.0,0.0,0.0,0.0,0.0,0.0,0.0,0.0,0.0,0.0,1.0,0.03502173721790314,0.035021740943193436,0.034983813762664795,0.0,-0.002480927621945739,0.4281141459941864,1.0,0.0,1.0,0.0,0.0,0.08975282311439514,0.0,0.0,0.0,0.0,0.11986124515533447,0.0939578115940094,0.00036650756374001503,0.5243346691131592,0.2424342930316925,0.0,0.0,0.0,0.0,0.0,0.0,0.0,0.0,1.0,0.0,0.0038124241400510073,0.26802295446395874,0.17321273684501648,0.010525928810238838,0.0,0.10318441689014435,0.10302142798900604,0.10302142798900604,0.09560652822256088,-0.00814658310264349,-3.376534815635601e-11,0.0,0.0,3.9428818225860596,3.9428818225860596,1.0095243453979492,1.0095243453979492,0.36454707384109497,0.0,0.0,0.0,0.0,0.11986123770475388,0.17946456372737885,1.3702029946216499e-06,0.9820076823234558,0.2424342930316925,0.060263484716415405,1.1003855466842651,1.013227105140686,1.0095243453979492,0.9805279970169067,0.4281141459941864,0.14865095913410187,0.026306411251425743,1.0,2.3346776962280273,2.3684067726135254,2.343593120574951,0.0,6.0,0.0,0.0,0.0,0.0,0.0,0.0,,,,,,,,,,,,,,,,,,,,,,0.001
9,2800,train,0.12039174884557724,0.10019631683826447,0.10097715258598328,0.0,0.0,0.0,0.0,0.0,0.0,0.0,0.0,0.0,0.0,0.0,0.0,0.0,0.0,0.0,0.0,0.0,0.0,0.0,0.0,1.0,0.030141888186335564,0.030141884461045265,0.030141253024339676,0.0,-0.002827814780175686,0.4274841248989105,1.0,0.0,1.0,0.0,0.0,0.1335536688566208,0.0,0.0,0.0,0.0,0.1600223332643509,0.15724368393421173,0.005983411334455013,0.7229803800582886,0.27042829990386963,0.0,0.0,0.0,0.0,0.0,0.0,0.0,0.0,1.0,0.0,0.0041119810193777084,0.266629159450531,0.16316498816013336,0.010947531089186668,0.0,0.10097715258598328,0.10019631683826447,0.10019631683826447,0.07505899667739868,-0.03175660967826843,-2.542658444903978e-11,0.0,0.0,3.936729669570923,3.936729669570923,0.9480269551277161,0.9480269551277161,0.29104894399642944,0.0,0.0,0.0,0.0,0.1600223332643509,0.22614066302776337,4.062713742314372e-06,0.9820507764816284,0.27042829990386963,0.10139399766921997,1.0027941465377808,0.9484288096427917,0.9480269551277161,0.9492437839508057,0.4274841248989105,0.1465710550546646,0.025647107511758804,1.0,2.3477048873901367,2.3685336112976074,2.365692138671875,0.0,6.0,0.0,0.0,0.0,0.0,0.0,0.0,,,,,,,,,,,,,,,,,,,,,,0.001
9,2820,train,0.13258075714111328,0.11031109094619751,0.11134835332632065,0.0,0.0,0.0,0.0,0.0,0.0,0.0,0.0,0.0,0.0,0.0,0.0,0.0,0.0,0.0,0.0,0.0,0.0,0.0,0.0,1.0,0.04093770310282707,0.04093770310282707,0.04091789200901985,0.0,-0.0027735496405512094,0.42929109930992126,1.0,0.0,1.0,0.0,0.0,0.10083305090665817,0.0,0.0,0.0,0.0,0.11921457201242447,0.09951890259981155,0.004620995372533798,0.5185900926589966,0.24016471207141876,0.0,0.0,0.0,0.0,0.0,0.0,0.0,0.0,1.0,0.0,0.002578100888058543,0.2843526601791382,0.1815313994884491,0.00997415091842413,0.0,0.11134835332632065,0.11031109094619751,0.11031109094619751,0.10949797183275223,-0.054145392030477524,-1.8516589650463544e-10,0.0,0.0,4.088607311248779,4.088606834411621,1.0295976400375366,1.0295976400375366,0.4522510766983032,0.0,0.0,0.0,0.0,0.11921456456184387,0.1820259690284729,1.817331167330849e-06,0.9884372353553772,0.24016471207141876,0.059482235461473465,1.0702844858169556,1.0344382524490356,1.0295976400375366,1.0469597578048706,0.42929109930992126,0.14580762386322021,0.025191476568579674,1.0,2.3128366470336914,2.3019232749938965,2.3653204441070557,0.0,6.0,0.0,0.0,0.0,0.0,0.0,0.0,,,,,,,,,,,,,,,,,,,,,,0.001
9,2840,train,0.11284016072750092,0.09405233711004257,0.09393911063671112,0.0,0.0,0.0,0.0,0.0,0.0,0.0,0.0,0.0,0.0,0.0,0.0,0.0,0.0,0.0,0.0,0.0,0.0,0.0,0.0,1.0,0.03210737928748131,0.032107383012771606,0.03208227828145027,0.0,-0.0028524526860564947,0.4252837300300598,1.0,0.0,1.0,0.0,0.0,0.08742649853229523,0.0,0.0,0.0,0.0,0.14981617033481598,0.11572664976119995,0.0036330120638012886,0.5169746279716492,0.28712472319602966,0.0,0.0,0.0,0.0,0.0,0.0,0.0,0.0,1.0,0.0,0.002940991660580039,0.29345229268074036,0.16834841668605804,0.009107442572712898,0.0,0.09393911063671112,0.09405233711004257,0.09405233711004257,0.08522022515535355,-0.062146637588739395,2.567794588070882e-10,0.0,0.0,3.9613916873931885,3.9613916873931885,0.9748781323432922,0.9748781323432922,0.3396804630756378,0.0,0.0,0.0,0.0,0.14981615543365479,0.1952354907989502,2.810437990774517e-06,0.9533739686012268,0.28712472319602966,0.078370101749897,1.0094778537750244,0.97883141040802,0.9748781323432922,1.0066200494766235,0.4252837300300598,0.1477275788784027,0.025867382064461708,1.0,2.404118061065674,2.332934856414795,2.278580665588379,0.0,6.0,0.0,0.0,0.0,0.0,0.0,0.0,,,,,,,,,,,,,,,,,,,,,,0.001
9,2860,train,0.13078804314136505,0.10894832015037537,0.10919861495494843,0.0,0.0,0.0,0.0,0.0,0.0,0.0,0.0,0.0,0.0,0.0,0.0,0.0,0.0,0.0,0.0,0.0,0.0,0.0,0.0,1.0,0.03863465040922165,0.03863465040922165,0.03864418715238571,0.0,-0.002682936144992709,0.42954593896865845,1.0,0.0,1.0,0.0,0.0,0.13174103200435638,0.0,0.0,0.0,0.0,0.14718228578567505,0.10197433084249496,0.0059366668574512005,0.5147346258163452,0.29653632640838623,0.0,0.0,0.0,0.0,0.0,0.0,0.0,0.0,1.0,0.0,0.0011449250159785151,0.28420785069465637,0.17093227803707123,0.009873549453914165,0.0,0.10919861495494843,0.10894832015037537,0.10894832015037537,0.08836043626070023,-0.03803497552871704,-3.719070329477603e-10,0.0,0.0,4.061447620391846,4.061447620391846,0.9932838082313538,0.9932838082313538,0.3715372085571289,0.0,0.0,0.0,0.0,0.14718228578567505,0.18626715242862701,1.2742463013637462e-06,0.9318117499351501,0.29653632640838623,0.08037684112787247,1.0463321208953857,0.9953893423080444,0.9932838082313538,0.9989882707595825,0.42954593896865845,0.1462583839893341,0.025478200986981392,1.0,2.3301033973693848,2.336580514907837,2.401775360107422,0.0,6.0,0.0,0.0,0.0,0.0,0.0,0.0,,,,,,,,,,,,,,,,,,,,,,0.001
9,2880,train,0.1230817511677742,0.1024932712316513,0.10294238477945328,0.0,0.0,0.0,0.0,0.0,0.0,0.0,0.0,0.0,0.0,0.0,0.0,0.0,0.0,0.0,0.0,0.0,0.0,0.0,0.0,1.0,0.03452218323945999,0.03452218323945999,0.03451554849743843,0.0,-0.003627423895522952,0.42590978741645813,1.0,0.0,1.0,0.0,0.0,0.12601499259471893,0.0,0.0,0.0,0.0,0.12255818396806717,0.11525458097457886,0.00027374166529625654,0.5578996539115906,0.22580748796463013,0.0,0.0,0.0,0.0,0.0,0.0,0.0,0.0,1.0,0.0,0.0033591596875339746,0.28105825185775757,0.17550835013389587,0.009402873925864697,0.0,0.10294238477945328,0.1024932712316513,0.1024932712316513,0.09569208323955536,-0.01999080926179886,1.1857427366368523e-11,0.0,0.0,3.839970111846924,3.839970111846924,1.012136459350586,1.012136459350586,0.3584933280944824,0.0,0.0,0.0,0.0,0.12255817651748657,0.1996203511953354,1.1662383485600003e-06,0.9710932970046997,0.22580748796463013,0.07593443989753723,1.119421124458313,1.0158571004867554,1.012136459350586,0.9739410877227783,0.42590978741645813,0.14995421469211578,0.026326129212975502,1.0,2.3570642471313477,2.3848495483398438,2.3729233741760254,0.0,6.0,0.0,0.0,0.0,0.0,0.0,0.0,,,,,,,,,,,,,,,,,,,,,,0.001
9,2900,train,0.12865427136421204,0.1070549339056015,0.10799667984247208,0.0,0.0,0.0,0.0,0.0,0.0,0.0,0.0,0.0,0.0,0.0,0.0,0.0,0.0,0.0,0.0,0.0,0.0,0.0,0.0,1.0,0.03646707162261009,0.03646707162261009,0.03644653037190437,0.0,-0.0023499317467212677,0.42389506101608276,1.0,0.0,1.0,0.0,0.0,0.11880725622177124,0.0,0.0,0.0,0.0,0.1087009385228157,0.07268249988555908,0.0006732302135787904,0.3695077896118164,0.22795438766479492,0.0,0.0,0.0,0.0,0.0,0.0,0.0,0.0,1.0,0.0,0.00340627646073699,0.2916123867034912,0.17747698724269867,0.008790900930762291,0.0,0.10799667984247208,0.1070549339056015,0.1070549339056015,0.10161647945642471,-0.04382997751235962,1.3718703950615918e-10,0.0,0.0,4.024455547332764,4.024455547332764,1.0093919038772583,1.0093919038772583,0.42025983333587646,0.0,0.0,0.0,0.0,0.1087009385228157,0.17180126905441284,3.3893866202561185e-06,0.9708855152130127,0.22795438766479492,0.050827208906412125,1.0568021535873413,1.0177069902420044,1.0093919038772583,1.0479131937026978,0.42389506101608276,0.1460290253162384,0.024961892515420914,1.0,2.1965675354003906,2.3205885887145996,2.3707852363586426,0.0,6.0,0.0,0.0,0.0,0.0,0.0,0.0,,,,,,,,,,,,,,,,,,,,,,0.001
9,2920,train,0.11717814207077026,0.09759276360273361,0.09792688488960266,0.0,0.0,0.0,0.0,0.0,0.0,0.0,0.0,0.0,0.0,0.0,0.0,0.0,0.0,0.0,0.0,0.0,0.0,0.0,0.0,1.0,0.03959841653704643,0.03959841653704643,0.03959653899073601,0.0,-0.0028156540356576443,0.4323046803474426,1.0,0.0,1.0,0.0,0.0,0.09994855523109436,0.0,0.0,0.0,0.0,0.10750472545623779,0.08245979249477386,0.006015532650053501,0.3996559977531433,0.22755533456802368,0.0,0.0,0.0,0.0,0.0,0.0,0.0,0.0,1.0,0.0,0.0027584191411733627,0.310125470161438,0.16810815036296844,0.008806919679045677,0.0,0.09792688488960266,0.09759276360273361,0.09759276360273361,0.08926600217819214,-0.050589192658662796,-3.0382399374140334e-10,0.0,0.0,4.062395095825195,4.062395095825195,0.9390016794204712,0.9390016794204712,0.3664083778858185,0.0,0.0,0.0,0.0,0.10750472545623779,0.16727012395858765,4.505408924160292e-06,0.9693492650985718,0.22755533456802368,0.05075061693787575,0.9522949457168579,0.9472963213920593,0.9390016794204712,1.0199049711227417,0.4323046803474426,0.1439456045627594,0.025138195604085922,1.0,2.4147331714630127,2.3484792709350586,2.3258166313171387,0.0,6.0,0.0,0.0,0.0,0.0,0.0,0.0,,,,,,,,,,,,,,,,,,,,,,0.001
9,2940,train,0.12498068809509277,0.10400696098804474,0.10486862808465958,0.0,0.0,0.0,0.0,0.0,0.0,0.0,0.0,0.0,0.0,0.0,0.0,0.0,0.0,0.0,0.0,0.0,0.0,0.0,0.0,1.0,0.04281593859195709,0.04281593859195709,0.042795177549123764,0.0,-0.002541789785027504,0.4334123432636261,1.0,0.0,1.0,0.0,0.0,0.086293525993824,0.0,0.0,0.0,0.0,0.11454024165868759,0.1057414561510086,0.0013432459672912955,0.5311805605888367,0.22886008024215698,0.0,0.0,0.0,0.0,0.0,0.0,0.0,0.0,1.0,0.0,0.004242426250129938,0.32068952918052673,0.18964716792106628,0.008924134075641632,0.0,0.10486862808465958,0.10400696098804474,0.10400696098804474,0.11559915542602539,-0.0747288167476654,3.9258658823815296e-11,0.0,0.0,4.078388690948486,4.078388690948486,1.0673213005065918,1.0673213005065918,0.4858645498752594,0.0,0.0,0.0,0.0,0.114540234208107,0.1815025508403778,1.1557541483853129e-06,0.9677547812461853,0.22886008024215698,0.06030943989753723,1.1393424272537231,1.0732029676437378,1.0673213005065918,1.073852777481079,0.4334123432636261,0.14418858289718628,0.025145359337329865,1.0,2.388535976409912,2.3496761322021484,2.3568553924560547,0.0,6.0,0.0,0.0,0.0,0.0,0.0,0.0,,,,,,,,,,,,,,,,,,,,,,0.001
9,2960,train,0.12093907594680786,0.10061054676771164,0.10164263099431992,0.0,0.0,0.0,0.0,0.0,0.0,0.0,0.0,0.0,0.0,0.0,0.0,0.0,0.0,0.0,0.0,0.0,0.0,0.0,0.0,1.0,0.03241889923810959,0.03241889551281929,0.032417044043540955,0.0,-0.003336510853841901,0.4250340759754181,1.0,0.0,1.0,0.0,0.0,0.09729161113500595,0.0,0.0,0.0,0.0,0.12963789701461792,0.12289924919605255,0.0013959819916635752,0.49716123938560486,0.2532833516597748,0.0,0.0,0.0,0.0,0.0,0.0,0.0,0.0,1.0,0.0,0.0029259149450808764,0.25814199447631836,0.1661522090435028,0.00895761139690876,0.0,0.10164263099431992,0.10061054676771164,0.10061054676771164,0.08373952656984329,-0.028907524421811104,-2.8159061193910873e-10,0.0,0.0,4.046931266784668,4.046931266784668,0.9895402193069458,0.9895402193069458,0.34309545159339905,0.0,0.0,0.0,0.0,0.12963789701461792,0.1872180551290512,1.0935880709439516e-05,0.9771348834037781,0.2532833516597748,0.06850490719079971,1.0995174646377563,0.9868817925453186,0.9895402193069458,0.9827693700790405,0.4250340759754181,0.14941708743572235,0.025814665481448174,1.0,2.403888702392578,2.381307601928711,2.3752427101135254,0.0,6.0,0.0,0.0,0.0,0.0,0.0,0.0,,,,,,,,,,,,,,,,,,,,,,0.001
9,2980,train,0.1279830038547516,0.10667014122009277,0.10656428337097168,0.0,0.0,0.0,0.0,0.0,0.0,0.0,0.0,0.0,0.0,0.0,0.0,0.0,0.0,0.0,0.0,0.0,0.0,0.0,0.0,1.0,0.031538162380456924,0.031538162380456924,0.0315399207174778,0.0,-0.0031592773739248514,0.42828670144081116,1.0,0.0,1.0,0.0,0.0,0.11699280142784119,0.0,0.0,0.0,0.0,0.12068218737840652,0.09992094337940216,0.0008125721360556781,0.453019917011261,0.24124859273433685,0.0,0.0,0.0,0.0,0.0,0.0,0.0,0.0,1.0,0.0,0.0015142351621761918,0.2855929732322693,0.16863714158535004,0.00906661432236433,0.0,0.10656428337097168,0.10667014122009277,0.10667014122009277,0.09480063617229462,-0.04410720616579056,-4.4756753858621323e-10,0.0,0.0,3.901303768157959,3.901304006576538,0.9745810031890869,0.9745810031890869,0.3828357458114624,0.0,0.0,0.0,0.0,0.12068218737840652,0.18170130252838135,2.5610281682020286e-06,0.951004683971405,0.24124859273433685,0.06223958730697632,1.0734570026397705,0.9745393991470337,0.9745810031890869,0.9757013916969299,0.42828670144081116,0.14564886689186096,0.02541799284517765,1.0,2.322624683380127,2.349665403366089,2.318554401397705,0.0,6.0,0.0,0.0,0.0,0.0,0.0,0.0,,,,,,,,,,,,,,,,,,,,,,0.001
9,3000,train,0.13295023143291473,0.11077228933572769,0.11088968813419342,0.0,0.0,0.0,0.0,0.0,0.0,0.0,0.0,0.0,0.0,0.0,0.0,0.0,0.0,0.0,0.0,0.0,0.0,0.0,0.0,1.0,0.030823148787021637,0.030823148787021637,0.03079470805823803,0.0,-0.0029654037207365036,0.42813777923583984,1.0,0.0,1.0,0.0,0.0,0.12358395010232925,0.0,0.0,0.0,0.0,0.09812194108963013,0.07748891413211823,0.0002562908048275858,0.4439736008644104,0.207005575299263,0.0,0.0,0.0,0.0,0.0,0.0,0.0,0.0,1.0,0.0,0.001756190089508891,0.28598082065582275,0.17547081410884857,0.008526544086635113,0.0,0.11088968813419342,0.11077228933572769,0.11077228933572769,0.09433300048112869,-0.024267544969916344,3.260645642377824e-10,0.0,0.0,3.9914321899414062,3.9914321899414062,1.028662085533142,1.028662085533142,0.4001900255680084,0.0,0.0,0.0,0.0,0.09812194108963013,0.16189232468605042,1.939114753213289e-07,0.9604601263999939,0.207005575299263,0.043596815317869186,1.1164381504058838,1.0293086767196655,1.028662085533142,0.9918448328971863,0.42813777923583984,0.14770686626434326,0.025500286370515823,1.0,2.4407291412353516,2.4030044078826904,2.3470683097839355,0.0,6.0,0.0,0.0,0.0,0.0,0.0,0.0,,,,,,,,,,,,,,,,,,,,,,0.001
9,3006,train_epoch,0.12796376172653928,0.10654462082032672,0.10709570337109223,0.0,0.0,0.0,0.0,0.0,0.0,0.0,0.0,0.0,0.0,0.0,0.0,0.0,0.0,0.0,0.0,0.0,0.0,0.0,0.0,1.0,0.035358749486193684,0.03535874954753829,0.03534357052876386,0.0,-0.002894574573784955,0.42794675464758614,1.0,0.0,1.0,0.0,0.0,0.12187931294034342,0.0,0.0,0.0,0.0,0.13197289237719095,0.11513155122136998,0.002701656164559271,0.5410020542358924,0.25176909155474453,0.0,0.0,0.0,0.0,0.0,0.0,0.0,0.0,1.0,0.0,0.002960524566935465,0.28335004737098773,0.17376383117394534,0.009732288481321877,0.0,0.10709570337109223,0.10654462082032672,0.10654462082032672,0.09231891505375593,-0.03274018223444314,-7.011729725021692e-12,0.0,0.0,3.956118678618334,3.956118669338569,1.004041058217694,1.004041058217694,0.37241335141801546,0.0,0.0,0.0,0.0,0.13197288914265748,0.19214911883819602,5.787532384111458e-06,0.9664698396614212,0.25176909155474453,0.0743572182484908,1.0751628351068783,1.0061729284460672,1.004041058217694,0.99967918317475,0.42794675464758614,0.14732591433082512,0.025668607991255685,1.0,2.3669355158320444,2.366120913071547,2.3662366560119357,0.0,6.0,0.0,0.0,0.0,0.0,0.0,0.0,,,,,,,,,,,,,,,,,,,,,,0.001
9,3006,val,,,,,,,,,,,,,,,,,,,,,,,,,,,,,,,,,,,,,,,,,,,,,,,,,,,,,,,,,,,,,,,,,,,,,,,,,,,,,,,,,,,,,,,,,,,,,,,,,,,,,,,66.91474684294279,10759.63891821509,103.72867934286587,97.95995284415581,37.45147660401491,15.113833371583405,24.43952113764621,9.273886650532216,6.980012167681445,16.81748290104909,27.249464780641873,10.551613008653796,7.832439156265946,119.92569526466164,144.86866743650356,181.5054740218429,68.8923579379245,66.91474684294279,103.72867934286587,97.95995284415581,37.45147660401491,0.001
9,3006,test,,,,,,,,,,,,,,,,,,,,,,,,,,,,,,,,,,,,,,,,,,,,,,,,,,,,,,,,,,,,,,,,,,,,,,,,,,,,,,,,,,,,,,,,,,,,,,,,,,,,,,,66.237694851987,10524.932568799268,102.59109400332598,96.9226770830584,37.925366272797454,14.694634635169226,23.224780481692555,8.98818691356762,6.92639954025681,16.319273360140688,25.949286005933114,10.073070543306368,7.788538322792397,118.7401740271766,142.96021204752736,180.354022051837,70.0968485995456,66.237694851987,102.59109400332598,96.9226770830584,37.925366272797454,0.001
10,3020,train,0.13176752626895905,0.1096477285027504,0.11059898138046265,0.0,0.0,0.0,0.0,0.0,0.0,0.0,0.0,0.0,0.0,0.0,0.0,0.0,0.0,0.0,0.0,0.0,0.0,0.0,0.0,1.0,0.03497941419482231,0.03497941419482231,0.03495689108967781,0.0,-0.0023493233602494,0.4292624294757843,1.0,0.0,1.0,0.0,0.0,0.12399415671825409,0.0,0.0,0.0,0.0,0.13186950981616974,0.09057594835758209,0.002026473870500922,0.48641204833984375,0.26053768396377563,0.0,0.0,0.0,0.0,0.0,0.0,0.0,0.0,1.0,0.0,0.0024732211604714394,0.30315619707107544,0.17857038974761963,0.008162371814250946,0.0,0.11059898138046265,0.1096477285027504,0.1096477285027504,0.10317398607730865,-0.014950821176171303,9.020271335424823e-11,0.0,0.0,4.134329795837402,4.134329795837402,1.0289210081100464,1.0289210081100464,0.42254236340522766,0.0,0.0,0.0,0.0,0.13186950981616974,0.1858905702829361,6.886166829644935e-06,0.9733232855796814,0.26053768396377563,0.06766238063573837,1.1155275106430054,1.0284277200698853,1.0289210081100464,1.0122151374816895,0.4292624294757843,0.147403746843338,0.026145363226532936,1.0,2.3923702239990234,2.3433587551116943,2.3055834770202637,0.0,6.0,0.0,0.0,0.0,0.0,0.0,0.0,,,,,,,,,,,,,,,,,,,,,,0.001
10,3040,train,0.10937071591615677,0.09086669981479645,0.09252006560564041,0.0,0.0,0.0,0.0,0.0,0.0,0.0,0.0,0.0,0.0,0.0,0.0,0.0,0.0,0.0,0.0,0.0,0.0,0.0,0.0,1.0,0.0329294353723526,0.0329294353723526,0.03289373219013214,0.0,-0.0028542769141495228,0.43032389879226685,1.0,0.0,1.0,0.0,0.0,0.08733032643795013,0.0,0.0,0.0,0.0,0.09988629817962646,0.07024683803319931,0.002233572071418166,0.30289530754089355,0.21165648102760315,0.0,0.0,0.0,0.0,0.0,0.0,0.0,0.0,1.0,0.0,0.004559596534818411,0.2653546929359436,0.18079186975955963,0.00874707568436861,0.0,0.09252006560564041,0.09086669981479645,0.09086669981479645,0.08352534472942352,-0.0134806577116251,-2.892278638810808e-10,0.0,0.0,3.989344835281372,3.989344835281372,1.0466066598892212,1.0466066598892212,0.3356999158859253,0.0,0.0,0.0,0.0,0.09988629817962646,0.16665464639663696,8.6049476522021e-07,0.9823427796363831,0.21165648102760315,0.04889706149697304,1.1703640222549438,1.0461708307266235,1.0466066598892212,0.9959008693695068,0.43032389879226685,0.14967508614063263,0.02702675387263298,1.0,2.493198871612549,2.359950065612793,2.370544910430908,0.0,6.0,0.0,0.0,0.0,0.0,0.0,0.0,,,,,,,,,,,,,,,,,,,,,,0.001
10,3060,train,0.12485736608505249,0.10403593629598618,0.10410714149475098,0.0,0.0,0.0,0.0,0.0,0.0,0.0,0.0,0.0,0.0,0.0,0.0,0.0,0.0,0.0,0.0,0.0,0.0,0.0,0.0,1.0,0.03653794899582863,0.03653794527053833,0.03651314601302147,0.0,-0.0030109791550785303,0.4265304207801819,1.0,0.0,1.0,0.0,0.0,0.10310354828834534,0.0,0.0,0.0,0.0,0.10685812681913376,0.11118509620428085,0.00012610125122591853,0.6499781608581543,0.21695387363433838,0.0,0.0,0.0,0.0,0.0,0.0,0.0,0.0,1.0,0.0,0.0036115471739321947,0.2863786518573761,0.17497846484184265,0.008732465095818043,0.0,0.10410714149475098,0.10403593629598618,0.10403593629598618,0.0978647843003273,-0.024432864040136337,7.792592265909448e-11,0.0,0.0,4.104462623596191,4.104462623596191,1.0150090456008911,1.0150090456008911,0.41021737456321716,0.0,0.0,0.0,0.0,0.10685812681913376,0.1740623116493225,4.159952311511006e-07,0.9659166932106018,0.21695387363433838,0.053921572864055634,1.0850496292114258,1.0103187561035156,1.0150090456008911,0.9709494113922119,0.4265304207801819,0.14735935628414154,0.026005296036601067,1.0,2.3302156925201416,2.301959753036499,2.3321597576141357,0.0,6.0,0.0,0.0,0.0,0.0,0.0,0.0,,,,,,,,,,,,,,,,,,,,,,0.001
10,3080,train,0.1376202255487442,0.11455695331096649,0.11531636863946915,0.0,0.0,0.0,0.0,0.0,0.0,0.0,0.0,0.0,0.0,0.0,0.0,0.0,0.0,0.0,0.0,0.0,0.0,0.0,0.0,1.0,0.03972824290394783,0.03972824662923813,0.03972236439585686,0.0,-0.0028776833787560463,0.4254511594772339,1.0,0.0,1.0,0.0,0.0,0.13056297600269318,0.0,0.0,0.0,0.0,0.10024566948413849,0.0815269947052002,0.00046407952322624624,0.392304003238678,0.21990153193473816,0.0,0.0,0.0,0.0,0.0,0.0,0.0,0.0,1.0,0.0,0.004743784200400114,0.2923224866390228,0.1838129311800003,0.008957269601523876,0.0,0.11531636863946915,0.11455695331096649,0.11455695331096649,0.11061374843120575,-0.04738588258624077,-1.2662917936445695e-10,0.0,0.0,4.050957679748535,4.050958156585693,1.0537666082382202,1.0537666082382202,0.47582724690437317,0.0,0.0,0.0,0.0,0.10024566948413849,0.15876317024230957,6.670694801869104e-06,0.976008415222168,0.21990153193473816,0.037055760622024536,1.112351417541504,1.0564392805099487,1.0537666082382202,1.0637222528457642,0.4254511594772339,0.1485130786895752,0.026265447959303856,1.0,2.184863567352295,2.2448344230651855,2.3079581260681152,0.0,6.0,0.0,0.0,0.0,0.0,0.0,0.0,,,,,,,,,,,,,,,,,,,,,,0.001
10,3100,train,0.12880319356918335,0.10724372416734695,0.10779737681150436,0.0,0.0,0.0,0.0,0.0,0.0,0.0,0.0,0.0,0.0,0.0,0.0,0.0,0.0,0.0,0.0,0.0,0.0,0.0,0.0,1.0,0.039500415325164795,0.03950041905045509,0.03950470685958862,0.0,-0.0025876094587147236,0.42870593070983887,1.0,0.0,1.0,0.0,0.0,0.12649962306022644,0.0,0.0,0.0,0.0,0.11665379256010056,0.10492846369743347,0.0026578258257359266,0.45182713866233826,0.2367342710494995,0.0,0.0,0.0,0.0,0.0,0.0,0.0,0.0,1.0,0.0,0.004239640664309263,0.30717039108276367,0.16902460157871246,0.008183309808373451,0.0,0.10779737681150436,0.10724372416734695,0.10724372416734695,0.08993089944124222,-0.03835412114858627,1.7955691100635107e-10,0.0,0.0,4.045533657073975,4.045533657073975,0.9692355990409851,0.9692355990409851,0.3875596821308136,0.0,0.0,0.0,0.0,0.11665379256010056,0.1771555095911026,2.60864726442378e-06,0.9811180233955383,0.2367342710494995,0.06271446496248245,1.0497864484786987,0.9735755920410156,0.9692355990409851,1.0706892013549805,0.42870593070983887,0.14996032416820526,0.026180606335401535,1.0,2.416811227798462,2.3299684524536133,2.355649948120117,0.0,6.0,0.0,0.0,0.0,0.0,0.0,0.0,,,,,,,,,,,,,,,,,,,,,,0.001
10,3120,train,0.125371053814888,0.10437130928039551,0.10499870777130127,0.0,0.0,0.0,0.0,0.0,0.0,0.0,0.0,0.0,0.0,0.0,0.0,0.0,0.0,0.0,0.0,0.0,0.0,0.0,0.0,1.0,0.03538966551423073,0.03538966551423073,0.03535262122750282,0.0,-0.00246261153370142,0.4333855211734772,1.0,0.0,1.0,0.0,0.0,0.11963161081075668,0.0,0.0,0.0,0.0,0.13234980404376984,0.12079716473817825,0.0023253499530255795,0.533819317817688,0.2385551482439041,0.0,0.0,0.0,0.0,0.0,0.0,0.0,0.0,1.0,0.0,0.0034976196475327015,0.2960391938686371,0.17502835392951965,0.008745983242988586,0.0,0.10499870777130127,0.10437130928039551,0.10437130928039551,0.09274829924106598,-0.03463415428996086,3.6838088135482394e-11,0.0,0.0,4.033947467803955,4.033947467803955,1.0077581405639648,1.0077581405639648,0.37437647581100464,0.0,0.0,0.0,0.0,0.13234980404376984,0.2064284384250641,8.102872925519478e-06,0.9927928447723389,0.2385551482439041,0.08262868225574493,1.0471150875091553,1.009831190109253,1.0077581405639648,1.0215730667114258,0.4333855211734772,0.1472712755203247,0.025848254561424255,1.0,2.370384931564331,2.336817502975464,2.3508338928222656,0.0,6.0,0.0,0.0,0.0,0.0,0.0,0.0,,,,,,,,,,,,,,,,,,,,,,0.001
10,3140,train,0.12170566618442535,0.10133083164691925,0.10187417268753052,0.0,0.0,0.0,0.0,0.0,0.0,0.0,0.0,0.0,0.0,0.0,0.0,0.0,0.0,0.0,0.0,0.0,0.0,0.0,0.0,1.0,0.035771727561950684,0.035771727561950684,0.03575854375958443,0.0,-0.003268252592533827,0.42521214485168457,1.0,0.0,1.0,0.0,0.0,0.12105926126241684,0.0,0.0,0.0,0.0,0.1295270174741745,0.1169622614979744,0.006715982221066952,0.6823863983154297,0.2550906836986542,0.0,0.0,0.0,0.0,0.0,0.0,0.0,0.0,1.0,0.0,0.002639596350491047,0.3077375292778015,0.16872017085552216,0.008533665910363197,0.0,0.10187417268753052,0.10133083164691925,0.10133083164691925,0.09509088844060898,-0.060672368854284286,1.549254335930783e-10,0.0,0.0,3.98445987701416,3.98445987701416,0.9760198593139648,0.9760198593139648,0.3800884187221527,0.0,0.0,0.0,0.0,0.1295270025730133,0.18844948709011078,2.2571029489881766e-07,0.9633889198303223,0.2550906836986542,0.07556679099798203,0.9947707653045654,0.9793950915336609,0.9760198593139648,1.0225316286087036,0.42521214485168457,0.1459827870130539,0.025713000446558,1.0,2.218869209289551,2.308365821838379,2.3791303634643555,0.0,6.0,0.0,0.0,0.0,0.0,0.0,0.0,,,,,,,,,,,,,,,,,,,,,,0.001
10,3160,train,0.13056884706020355,0.10877634584903717,0.10896249115467072,0.0,0.0,0.0,0.0,0.0,0.0,0.0,0.0,0.0,0.0,0.0,0.0,0.0,0.0,0.0,0.0,0.0,0.0,0.0,0.0,1.0,0.03357821702957153,0.03357821702957153,0.03355412557721138,0.0,-0.0033978894352912903,0.42782291769981384,1.0,0.0,1.0,0.0,0.0,0.09437067806720734,0.0,0.0,0.0,0.0,0.12375553697347641,0.12735600769519806,0.0010223856661468744,0.7064988017082214,0.23373755812644958,0.0,0.0,0.0,0.0,0.0,0.0,0.0,0.0,1.0,0.0,0.0016568913124501705,0.2896118760108948,0.17728595435619354,0.008399558253586292,0.0,0.10896249115467072,0.10877634584903717,0.10877634584903717,0.10065662115812302,-0.04319322854280472,-2.8129387708020204e-10,0.0,0.0,4.189598560333252,4.189598083496094,1.0370429754257202,1.0370429754257202,0.4372669458389282,0.0,0.0,0.0,0.0,0.12375553697347641,0.19255806505680084,1.0501106544325012e-06,0.979992687702179,0.23373755812644958,0.07498468458652496,1.1142890453338623,1.0373355150222778,1.0370429754257202,0.9891332387924194,0.42782291769981384,0.14618371427059174,0.025692962110042572,1.0,2.374006748199463,2.3294267654418945,2.392347812652588,0.0,6.0,0.0,0.0,0.0,0.0,0.0,0.0,,,,,,,,,,,,,,,,,,,,,,0.001
10,3180,train,0.12378628551959991,0.10301293432712555,0.10386677086353302,0.0,0.0,0.0,0.0,0.0,0.0,0.0,0.0,0.0,0.0,0.0,0.0,0.0,0.0,0.0,0.0,0.0,0.0,0.0,0.0,1.0,0.03942545875906944,0.03942545875906944,0.0394093282520771,0.0,-0.0027486607432365417,0.42821213603019714,1.0,0.0,1.0,0.0,0.0,0.1104210913181305,0.0,0.0,0.0,0.0,0.10255645960569382,0.10911399126052856,0.0013076926115900278,0.5877124667167664,0.21290630102157593,0.0,0.0,0.0,0.0,0.0,0.0,0.0,0.0,1.0,0.0,0.0029571608174592257,0.29581665992736816,0.17699456214904785,0.008818579837679863,0.0,0.10386677086353302,0.10301293432712555,0.10301293432712555,0.09336786717176437,-0.05518606677651405,1.0040183094639499e-11,0.0,0.0,4.05350399017334,4.05350399017334,0.9988901615142822,0.9988901615142822,0.39341089129447937,0.0,0.0,0.0,0.0,0.10255645215511322,0.16896161437034607,1.0944214636765537e-06,0.9839062094688416,0.21290630102157593,0.043826594948768616,1.1044199466705322,0.9989412426948547,0.9988901615142822,1.0699632167816162,0.42821213603019714,0.14941756427288055,0.02649705670773983,1.0,2.274211883544922,2.2930402755737305,2.3586366176605225,0.0,6.0,0.0,0.0,0.0,0.0,0.0,0.0,,,,,,,,,,,,,,,,,,,,,,0.001
10,3200,train,0.1241958737373352,0.10332974046468735,0.10433066636323929,0.0,0.0,0.0,0.0,0.0,0.0,0.0,0.0,0.0,0.0,0.0,0.0,0.0,0.0,0.0,0.0,0.0,0.0,0.0,0.0,1.0,0.03775124251842499,0.03775124251842499,0.037751346826553345,0.0,-0.0029288551304489374,0.4288206100463867,1.0,0.0,1.0,0.0,0.0,0.11884022504091263,0.0,0.0,0.0,0.0,0.14949780702590942,0.13058923184871674,0.0035004690289497375,0.5600943565368652,0.26218482851982117,0.0,0.0,0.0,0.0,0.0,0.0,0.0,0.0,1.0,0.0,0.0039877817034721375,0.3106519877910614,0.16992239654064178,0.008978382684290409,0.0,0.10433066636323929,0.10332974046468735,0.10332974046468735,0.08395344018936157,-0.04292818903923035,1.9349297164517054e-10,0.0,0.0,4.049962043762207,4.049962043762207,0.9809351563453674,0.9809351563453674,0.3515242338180542,0.0,0.0,0.0,0.0,0.14949780702590942,0.21399188041687012,2.7851863251271425e-06,0.9524025321006775,0.26218482851982117,0.10314032435417175,0.9849839210510254,0.9894951581954956,0.9809351563453674,1.0266048908233643,0.4288206100463867,0.14662738144397736,0.025972619652748108,1.0,2.346069812774658,2.3041841983795166,2.297222137451172,0.0,6.0,0.0,0.0,0.0,0.0,0.0,0.0,,,,,,,,,,,,,,,,,,,,,,0.001
10,3220,train,0.13187849521636963,0.10974092781543732,0.11068786680698395,0.0,0.0,0.0,0.0,0.0,0.0,0.0,0.0,0.0,0.0,0.0,0.0,0.0,0.0,0.0,0.0,0.0,0.0,0.0,0.0,1.0,0.03299322724342346,0.03299322724342346,0.0329446867108345,0.0,-0.0027249869890511036,0.4283105731010437,1.0,0.0,1.0,0.0,0.0,0.13413697481155396,0.0,0.0,0.0,0.0,0.12730498611927032,0.13241566717624664,0.002630180213600397,0.6622621417045593,0.22400350868701935,0.0,0.0,0.0,0.0,0.0,0.0,0.0,0.0,1.0,0.0,0.001772131770849228,0.274137020111084,0.17094922065734863,0.00939793698489666,0.0,0.11068786680698395,0.10974092781543732,0.10974092781543732,0.09384100139141083,-0.03366503119468689,3.9239830829096434e-10,0.0,0.0,4.130883693695068,4.130883693695068,0.9771348237991333,0.9771348237991333,0.4003518521785736,0.0,0.0,0.0,0.0,0.12730500102043152,0.20887748897075653,9.689561153436443e-08,0.9939607381820679,0.22400350868701935,0.0863664299249649,1.0807703733444214,0.9786427617073059,0.9771348237991333,0.9399117827415466,0.4283105731010437,0.1490417718887329,0.026462942361831665,1.0,2.448366641998291,2.383035659790039,2.363265037536621,0.0,6.0,0.0,0.0,0.0,0.0,0.0,0.0,,,,,,,,,,,,,,,,,,,,,,0.001
10,3240,train,0.14036518335342407,0.11678659915924072,0.11789295077323914,0.0,0.0,0.0,0.0,0.0,0.0,0.0,0.0,0.0,0.0,0.0,0.0,0.0,0.0,0.0,0.0,0.0,0.0,0.0,0.0,1.0,0.03292449563741684,0.03292449563741684,0.03293915092945099,0.0,-0.0028668923769146204,0.4286139905452728,1.0,0.0,1.0,0.0,0.0,0.13574591279029846,0.0,0.0,0.0,0.0,0.09598194807767868,0.08691099286079407,0.0009334443020634353,0.4013687074184418,0.19754056632518768,0.0,0.0,0.0,0.0,0.0,0.0,0.0,0.0,1.0,0.0,0.00418338505551219,0.2945258319377899,0.17341959476470947,0.008635308593511581,0.0,0.11789295077323914,0.11678659915924072,0.11678659915924072,0.0924905464053154,-0.019467990845441818,8.606041573822054e-11,0.0,0.0,3.9545464515686035,3.9545464515686035,1.0046868324279785,1.0046868324279785,0.37799009680747986,0.0,0.0,0.0,0.0,0.09598194807767868,0.16571159660816193,2.1286076901105844e-08,0.9653587937355042,0.19754056632518768,0.046920958906412125,1.1112767457962036,1.0038670301437378,1.0046868324279785,0.9788420796394348,0.4286139905452728,0.14903579652309418,0.026386918500065804,1.0,2.371567726135254,2.3646106719970703,2.3293774127960205,0.0,6.0,0.0,0.0,0.0,0.0,0.0,0.0,,,,,,,,,,,,,,,,,,,,,,0.001
10,3260,train,0.12059729546308517,0.10043870657682419,0.10079295188188553,0.0,0.0,0.0,0.0,0.0,0.0,0.0,0.0,0.0,0.0,0.0,0.0,0.0,0.0,0.0,0.0,0.0,0.0,0.0,0.0,1.0,0.031085846945643425,0.031085845082998276,0.031092137098312378,0.0,-0.0031548263505101204,0.4265766441822052,1.0,0.0,1.0,0.0,0.0,0.10773354768753052,0.0,0.0,0.0,0.0,0.13984468579292297,0.12243370711803436,0.0018633762374520302,0.5420545935630798,0.24558252096176147,0.0,0.0,0.0,0.0,0.0,0.0,0.0,0.0,1.0,0.0,0.003345899051055312,0.29743096232414246,0.1675381362438202,0.00822257250547409,0.0,0.10079295188188553,0.10043870657682419,0.10043870657682419,0.09278859943151474,-0.023162096738815308,1.3400740239699616e-10,0.0,0.0,4.036459445953369,4.036459445953369,0.9971961975097656,0.9971961975097656,0.37608054280281067,0.0,0.0,0.0,0.0,0.13984468579292297,0.2127884328365326,3.887795173795894e-06,0.9741995334625244,0.24558252096176147,0.08906250447034836,1.026766300201416,1.0025057792663574,0.9971961975097656,0.9787311553955078,0.4265766441822052,0.1478266417980194,0.026034865528345108,1.0,2.4116156101226807,2.359968900680542,2.3508496284484863,0.0,6.0,0.0,0.0,0.0,0.0,0.0,0.0,,,,,,,,,,,,,,,,,,,,,,0.001
10,3280,train,0.12206627428531647,0.10166117548942566,0.10202550143003464,0.0,0.0,0.0,0.0,0.0,0.0,0.0,0.0,0.0,0.0,0.0,0.0,0.0,0.0,0.0,0.0,0.0,0.0,0.0,0.0,1.0,0.03500967100262642,0.03500967100262642,0.03499683365225792,0.0,-0.0030254072044044733,0.42857909202575684,1.0,0.0,1.0,0.0,0.0,0.12655067443847656,0.0,0.0,0.0,0.0,0.11318422853946686,0.10676360875368118,0.0015312604373320937,0.46451589465141296,0.22588077187538147,0.0,0.0,0.0,0.0,0.0,0.0,0.0,0.0,1.0,0.0,0.001839941367506981,0.27418988943099976,0.17638616263866425,0.008380970917642117,0.0,0.10202550143003464,0.10166117548942566,0.10166117548942566,0.08892052620649338,-0.029243605211377144,-8.002021961717176e-11,0.0,0.0,4.052586555480957,4.052586555480957,1.0331898927688599,1.0331898927688599,0.3857276439666748,0.0,0.0,0.0,0.0,0.11318422853946686,0.17922689020633698,9.68978838500334e-07,0.990298867225647,0.22588077187538147,0.05957414582371712,1.0798662900924683,1.038238525390625,1.0331898927688599,0.9799656867980957,0.42857909202575684,0.14772149920463562,0.025552090257406235,1.0,2.3134145736694336,2.3235630989074707,2.274587631225586,0.0,6.0,0.0,0.0,0.0,0.0,0.0,0.0,,,,,,,,,,,,,,,,,,,,,,0.001
10,3300,train,0.12606585025787354,0.10501257330179214,0.10526634752750397,0.0,0.0,0.0,0.0,0.0,0.0,0.0,0.0,0.0,0.0,0.0,0.0,0.0,0.0,0.0,0.0,0.0,0.0,0.0,0.0,1.0,0.0342959500849247,0.0342959500849247,0.034324146807193756,0.0,-0.0034138616174459457,0.42684406042099,1.0,0.0,1.0,0.0,0.0,0.09130784869194031,0.0,0.0,0.0,0.0,0.10022948682308197,0.10875184834003448,9.526577196083963e-05,0.4989047646522522,0.1874646246433258,0.0,0.0,0.0,0.0,0.0,0.0,0.0,0.0,1.0,0.0,0.0014455470954999328,0.2924492061138153,0.18255963921546936,0.008200665935873985,0.0,0.10526634752750397,0.10501257330179214,0.10501257330179214,0.09868164360523224,-0.03162518888711929,-4.190914282276026e-11,0.0,0.0,4.039822578430176,4.039822578430176,1.0662518739700317,1.0662518739700317,0.4051087498664856,0.0,0.0,0.0,0.0,0.10022948682308197,0.18593518435955048,4.446378554234798e-08,0.9816774725914001,0.1874646246433258,0.06279105693101883,1.1588282585144043,1.0661510229110718,1.0662518739700317,1.0159564018249512,0.42684406042099,0.14841820299625397,0.026113729923963547,1.0,2.344806671142578,2.3869471549987793,2.3199126720428467,0.0,6.0,0.0,0.0,0.0,0.0,0.0,0.0,,,,,,,,,,,,,,,,,,,,,,0.001
10,3320,train,0.11379780620336533,0.09480077028274536,0.09498517215251923,0.0,0.0,0.0,0.0,0.0,0.0,0.0,0.0,0.0,0.0,0.0,0.0,0.0,0.0,0.0,0.0,0.0,0.0,0.0,0.0,1.0,0.03402647003531456,0.03402646631002426,0.03403900936245918,0.0,-0.003140771295875311,0.4270678758621216,1.0,0.0,1.0,0.0,0.0,0.09640318900346756,0.0,0.0,0.0,0.0,0.1118851825594902,0.09143680334091187,0.0005632149986922741,0.4746534824371338,0.2297041416168213,0.0,0.0,0.0,0.0,0.0,0.0,0.0,0.0,1.0,0.0,0.0011245609493926167,0.2745184004306793,0.1712687611579895,0.00841724406927824,0.0,0.09498517215251923,0.09480077028274536,0.09480077028274536,0.0827161893248558,-0.02911379002034664,-7.576061999969852e-11,0.0,0.0,4.032573699951172,4.032573699951172,1.0041837692260742,1.0041837692260742,0.3392365872859955,0.0,0.0,0.0,0.0,0.1118851825594902,0.17097468674182892,4.968161988472275e-07,0.9729942679405212,0.2297041416168213,0.05000000447034836,1.0944597721099854,1.0044591426849365,1.0041837692260742,0.9744553565979004,0.4270678758621216,0.14856237173080444,0.025936895981431007,1.0,2.2943830490112305,2.4050662517547607,2.3739099502563477,0.0,6.0,0.0,0.0,0.0,0.0,0.0,0.0,,,,,,,,,,,,,,,,,,,,,,0.001
10,3340,train,0.1281803399324417,0.10668155550956726,0.10749390721321106,0.0,0.0,0.0,0.0,0.0,0.0,0.0,0.0,0.0,0.0,0.0,0.0,0.0,0.0,0.0,0.0,0.0,0.0,0.0,0.0,1.0,0.03738606348633766,0.03738606348633766,0.037422213703393936,0.0,-0.003261021338403225,0.4276684820652008,1.0,0.0,1.0,0.0,0.0,0.09710247069597244,0.0,0.0,0.0,0.0,0.1134333536028862,0.12106778472661972,0.000334353739162907,0.6450443863868713,0.2064506709575653,0.0,0.0,0.0,0.0,0.0,0.0,0.0,0.0,1.0,0.0,0.003945709206163883,0.32479429244995117,0.17200006544589996,0.00820548739284277,0.0,0.10749390721321106,0.10668155550956726,0.10668155550956726,0.10484115779399872,-0.05896042287349701,1.168363877868117e-10,0.0,0.0,4.026686668395996,4.026686668395996,0.978845477104187,0.978845477104187,0.43114498257637024,0.0,0.0,0.0,0.0,0.1134333536028862,0.1949300616979599,7.519993800997327e-07,0.9753394722938538,0.2064506709575653,0.07189032435417175,1.0398707389831543,0.9846279621124268,0.978845477104187,1.0165327787399292,0.4276684820652008,0.14740921556949615,0.025486772879958153,1.0,2.4185304641723633,2.34969425201416,2.3475146293640137,0.0,6.0,0.0,0.0,0.0,0.0,0.0,0.0,,,,,,,,,,,,,,,,,,,,,,0.001
10,3340,train_epoch,0.12702934218648665,0.10576762308082181,0.10630859470296049,0.0,0.0,0.0,0.0,0.0,0.0,0.0,0.0,0.0,0.0,0.0,0.0,0.0,0.0,0.0,0.0,0.0,0.0,0.0,0.0,1.0,0.036102824665962936,0.03610282447077557,0.036091886354822245,0.0,-0.0029368633902799005,0.4277133109148391,1.0,0.0,1.0,0.0,0.0,0.11892755900671383,0.0,0.0,0.0,0.0,0.11519291587620081,0.10901624034577144,0.0018501847256640737,0.5321102750872424,0.22399855240019495,0.0,0.0,0.0,0.0,0.0,0.0,0.0,0.0,1.0,0.0,0.0028429315652665865,0.2916641441469421,0.17607268655371522,0.008676755235078716,0.0,0.10630859470296049,0.10576762308082181,0.10576762308082181,0.09423601600581301,-0.03741972711420699,1.5267922751437456e-11,0.0,0.0,4.018509564999335,4.018509564999335,1.0156168875223148,1.0156168875223148,0.3903157108736609,0.0,0.0,0.0,0.0,0.11519291329972758,0.18334353681720658,1.7796594662934393e-06,0.9656476349887734,0.22399855240019495,0.063791859253661,1.0861432102625956,1.0173007530009675,1.0156168875223148,1.0137622686560281,0.4277133109148391,0.148027791145319,0.026102862750252562,1.0,2.3269080152054746,2.327143511372412,2.3273267217738898,0.0,6.0,0.0,0.0,0.0,0.0,0.0,0.0,,,,,,,,,,,,,,,,,,,,,,0.001
10,3340,val,,,,,,,,,,,,,,,,,,,,,,,,,,,,,,,,,,,,,,,,,,,,,,,,,,,,,,,,,,,,,,,,,,,,,,,,,,,,,,,,,,,,,,,,,,,,,,,,,,,,,,,66.82375112310186,10784.000928174268,103.84604435496938,97.92225908159136,37.429843747938,14.716164000399479,23.992224752650074,9.116079528052527,6.802020304911846,16.380893488188047,26.688083965757535,10.742566009899518,7.631257628535365,118.58202375807204,143.47769314587447,178.89999118151965,67.97853792895067,66.82375112310186,103.84604435496938,97.92225908159136,37.429843747938,0.001
10,3340,test,,,,,,,,,,,,,,,,,,,,,,,,,,,,,,,,,,,,,,,,,,,,,,,,,,,,,,,,,,,,,,,,,,,,,,,,,,,,,,,,,,,,,,,,,,,,,,,,,,,,,,,66.1437138737859,10549.211522557714,102.70935460101828,96.82740828368041,37.89082054619317,14.323286052222725,22.813509057617573,8.798983629759368,6.748637994130452,15.875219375163585,25.371010482415773,10.108246365109006,7.5348966873443874,117.4368288882144,141.60516722462086,177.85398294259835,69.24150686865454,66.1437138737859,102.70935460101828,96.82740828368041,37.89082054619317,0.001
11,3360,train,0.14392954111099243,0.11976397782564163,0.12105879932641983,0.0,0.004460347816348076,0.004460347816348076,0.0,4.394179821014404,4.999999873689376e-06,0.0024999999441206455,0.0005000000237487257,0.0024999999441206455,4.999999873689376e-05,4.999999873689376e-05,0.05000000074505806,0.13412883877754211,0.207913339138031,0.0,0.0,0.0,0.0,-0.03214167058467865,-0.03214167058467865,1.0,-0.03214167058467865,-0.03214166685938835,-0.03271501138806343,0.0,-0.12944893538951874,0.44693079590797424,1.0,0.13412883877754211,1.0,0.0,0.0,0.13412883877754211,0.0,0.0,0.207913339138031,0.0,0.09208666533231735,0.07703543454408646,0.0010767481289803982,0.2921479344367981,0.1920146346092224,0.0,0.0,0.0,0.0,0.0,0.0,0.0,0.0,1.0,0.0,0.003963580820709467,0.28146398067474365,0.176295205950737,0.008925172500312328,0.0,0.12105879932641983,0.11976397782564163,0.11976397782564163,0.08856527507305145,-0.011449404992163181,1.0647220605175534e-10,0.0,0.0,3.8974990844726562,3.8974990844726562,1.0163191556930542,1.0163191556930542,0.33474528789520264,0.0,0.0,0.0,0.0,0.09208666533231735,0.16392622888088226,1.544181600365846e-07,0.9722065925598145,0.1920146346092224,0.0457567423582077,1.0782698392868042,1.0141940116882324,1.0163191556930542,1.0573148727416992,0.44693079590797424,0.16788269579410553,0.02764742635190487,1.0,2.3371148109436035,2.351302146911621,2.3131179809570312,0.0,7.0,0.0,0.0,0.0,0.0,0.0,0.0,,,,,,,,,,,,,,,,,,,,,,0.001
11,3380,train,0.12577439844608307,0.10536953061819077,0.10657244175672531,0.0,0.004999070428311825,0.004999070428311825,0.0,4.408443450927734,4.999999873689376e-06,0.0024999999441206455,0.0005000000237487257,0.0024999999441206455,4.999999873689376e-05,4.999999873689376e-05,0.05000000074505806,0.1095607727766037,0.21210354566574097,0.0,0.0,0.0,0.0,-0.32008814811706543,-0.32008814811706543,1.0,-0.32008814811706543,-0.32008814811706543,-0.3266887664794922,0.0,-0.7791240215301514,1.211130142211914,1.0,0.1095607727766037,1.0,0.0,0.0,0.1095607727766037,0.0,0.0,0.21210354566574097,0.0,0.0878964439034462,0.09103724360466003,0.0022632882464677095,0.515185534954071,0.18880227208137512,0.0,0.0,0.0,0.0,0.0,0.0,0.0,0.0,1.0,0.0,0.0035349885001778603,0.281794011592865,0.17989209294319153,0.008587547577917576,0.0,0.10657244175672531,0.10536953061819077,0.10536953061819077,0.08618152886629105,-0.0024795280769467354,3.264910043709879e-12,0.0,0.0,4.053750991821289,4.053750991821289,1.0399293899536133,1.0399293899536133,0.350911945104599,0.0,0.0,0.0,0.0,0.08789645880460739,0.15697209537029266,7.217542474791117e-08,0.9399789571762085,0.18880227208137512,0.044929537922143936,1.093105673789978,1.0470961332321167,1.0399293899536133,1.057561993598938,1.211130142211914,0.1776289939880371,0.029112908989191055,1.0,2.2682085037231445,2.2835073471069336,2.330031156539917,0.0,7.0,0.0,0.0,0.0,0.0,0.0,0.0,,,,,,,,,,,,,,,,,,,,,,0.001
11,3400,train,0.12375986576080322,0.10504665970802307,0.10623690485954285,0.0,0.003974956925958395,0.003974956925958395,0.0,4.390707015991211,4.999999873689376e-06,0.0024999999441206455,0.0005000000237487257,0.0024999999441206455,4.999999873689376e-05,4.999999873689376e-05,0.05000000074505806,0.11287829279899597,0.1889628916978836,0.0,0.0,0.0,0.0,-0.8603889346122742,-0.8603889346122742,1.0,-0.8603889346122742,-0.8603889346122742,-0.8687626123428345,0.0,-2.483841896057129,0.9279880523681641,1.0,0.11287829279899597,1.0,0.0,0.0,0.11287829279899597,0.0,0.0,0.1889628916978836,0.0,0.11103713512420654,0.10959900915622711,0.001349598984234035,0.5109555721282959,0.21157188713550568,0.0,0.0,0.0,0.0,0.0,0.0,0.0,0.0,1.0,0.0,0.0035031347069889307,0.2658892571926117,0.174038365483284,0.008950965479016304,0.0,0.10623690485954285,0.10504665970802307,0.10504665970802307,0.09071049839258194,-0.015064982697367668,-6.368049837446321e-11,0.0,0.0,3.876079797744751,3.876079797744751,0.9961122870445251,0.9961122870445251,0.3576669991016388,0.0,0.0,0.0,0.0,0.11103712022304535,0.18622060120105743,1.0341111966738481e-08,0.9617030620574951,0.21157188713550568,0.06841299682855606,1.0267869234085083,0.9986246824264526,0.9961122870445251,0.996772050857544,0.9279880523681641,0.17207510769367218,0.02744896337389946,1.0,2.2273738384246826,2.292762517929077,2.239164113998413,0.0,7.0,0.0,0.0,0.0,0.0,0.0,0.0,,,,,,,,,,,,,,,,,,,,,,0.001
11,3420,train,0.12903371453285217,0.1099717989563942,0.11088849604129791,0.0,0.004228218458592892,0.004228218458592892,0.0,4.407973766326904,4.999999873689376e-06,0.0024999999441206455,0.0005000000237487257,0.0024999999441206455,4.999999873689376e-05,4.999999873689376e-05,0.05000000074505806,0.12894006073474884,0.17871522903442383,0.0,0.0,0.0,0.0,-1.0545955896377563,-1.0545955896377563,1.0,-1.0545955896377563,-1.054595708847046,-1.0676383972167969,0.0,-2.9216296672821045,1.0827420949935913,1.0,0.12894006073474884,1.0,0.0,0.0,0.12894006073474884,0.0,0.0,0.17871522903442383,0.0,0.12128475308418274,0.12359341233968735,0.001312119304202497,0.6185851097106934,0.23191416263580322,0.0,0.0,0.0,0.0,0.0,0.0,0.0,0.0,1.0,0.0,0.0053581129759550095,0.2747599482536316,0.18255284428596497,0.008685125969350338,0.0,0.11088849604129791,0.1099717989563942,0.1099717989563942,0.08603744208812714,0.012101709842681885,-4.552079546638055e-11,0.0,0.0,3.8965511322021484,3.8965511322021484,1.025765061378479,1.025765061378479,0.3449583649635315,0.0,0.0,0.0,0.0,0.12128477543592453,0.18833521008491516,2.074640406135586e-07,0.9535233974456787,0.23191416263580322,0.075643390417099,1.0979355573654175,1.0277336835861206,1.025765061378479,1.0084238052368164,1.0827420949935913,0.17733563482761383,0.028852615505456924,1.0,2.373521566390991,2.2734687328338623,2.371992588043213,0.0,7.0,0.0,0.0,0.0,0.0,0.0,0.0,,,,,,,,,,,,,,,,,,,,,,0.001
11,3440,train,0.12329521775245667,0.10542570799589157,0.10625984519720078,0.0,0.004431231413036585,0.004431231413036585,0.0,4.43798303604126,4.999999873689376e-06,0.0024999999441206455,0.0005000000237487257,0.0024999999441206455,4.999999873689376e-05,4.999999873689376e-05,0.05000000074505806,0.13016273081302643,0.20336024463176727,0.0,0.0,0.0,0.0,-1.1441338062286377,-1.1441338062286377,1.0,-1.1441338062286377,-1.1441338062286377,-1.1595200300216675,0.0,-3.0869717597961426,0.9825820326805115,1.0,0.13016273081302643,1.0,0.0,0.0,0.13016273081302643,0.0,0.0,0.20336024463176727,0.0,0.09663977473974228,0.08650415390729904,0.0017546912422403693,0.46453946828842163,0.21490056812763214,0.0,0.0,0.0,0.0,0.0,0.0,0.0,0.0,1.0,0.0,0.0028994965832680464,0.2903677523136139,0.176838219165802,0.008036915212869644,0.0,0.10625984519720078,0.10542570799589157,0.10542570799589157,0.09384393692016602,-0.04087916761636734,2.0703648864750512e-11,0.0,0.0,3.947129249572754,3.947129249572754,1.0224876403808594,1.0224876403808594,0.39550575613975525,0.0,0.0,0.0,0.0,0.09663976728916168,0.15273922681808472,3.889890933805873e-07,0.970905065536499,0.21490056812763214,0.04056372866034508,1.051605224609375,1.026777982711792,1.0224876403808594,1.0272644758224487,0.9825820326805115,0.17183735966682434,0.027958663180470467,1.0,2.2218446731567383,2.2331089973449707,2.289463996887207,0.0,7.0,0.0,0.0,0.0,0.0,0.0,0.0,,,,,,,,,,,,,,,,,,,,,,0.001
11,3460,train,0.12898513674736023,0.11042086780071259,0.1118352934718132,0.0,0.004032159224152565,0.004032159224152565,0.0,4.439842700958252,4.999999873689376e-06,0.0024999999441206455,0.0005000000237487257,0.0024999999441206455,4.999999873689376e-05,4.999999873689376e-05,0.05000000074505806,0.11668214946985245,0.18686889111995697,0.0,0.0,0.0,0.0,-1.2834219932556152,-1.2834219932556152,1.0,-1.2834219932556152,-1.2834219932556152,-1.313088297843933,0.0,-3.3934245109558105,0.9464930295944214,1.0,0.11668214946985245,1.0,0.0,0.0,0.11668214946985245,0.0,0.0,0.18686889111995697,0.0,0.11313111335039139,0.087413489818573,0.003010184271261096,0.4086949825286865,0.2299516350030899,0.0,0.0,0.0,0.0,0.0,0.0,0.0,0.0,1.0,0.0,0.004798784386366606,0.27295300364494324,0.17379853129386902,0.008029491640627384,0.0,0.1118352934718132,0.11042086780071259,0.11042086780071259,0.10659939795732498,-0.054336193948984146,-1.9263696193760893e-10,0.0,0.0,3.9835996627807617,3.9835996627807617,1.0101070404052734,1.0101070404052734,0.44745662808418274,0.0,0.0,0.0,0.0,0.11313112080097198,0.17610213160514832,6.083381265398202e-08,0.9682429432868958,0.2299516350030899,0.054764095693826675,1.080325722694397,1.0086044073104858,1.0101070404052734,0.9857953190803528,0.9464930295944214,0.1728517711162567,0.027870560064911842,1.0,2.353325843811035,2.247938871383667,2.2874488830566406,0.0,7.0,0.0,0.0,0.0,0.0,0.0,0.0,,,,,,,,,,,,,,,,,,,,,,0.001
11,3480,train,0.11839869618415833,0.10191140323877335,0.1027163490653038,0.0,0.0037382293958216906,0.0037382293958216906,0.0,4.43214225769043,4.999999873689376e-06,0.0024999999441206455,0.0005000000237487257,0.0024999999441206455,4.999999873689376e-05,4.999999873689376e-05,0.05000000074505806,0.1147851049900055,0.17216898500919342,0.0,0.0,0.0,0.0,-1.3672740459442139,-1.3672740459442139,1.0,-1.3672740459442139,-1.3672741651535034,-1.3987247943878174,0.0,-3.656002998352051,1.0625029802322388,1.0,0.1147851049900055,1.0,0.0,0.0,0.1147851049900055,0.0,0.0,0.17216898500919342,0.0,0.12783102691173553,0.12856648862361908,0.0005257542943581939,0.6529406905174255,0.24200348556041718,0.0,0.0,0.0,0.0,0.0,0.0,0.0,0.0,1.0,0.0,0.004645493347197771,0.26229190826416016,0.1759510487318039,0.008214401081204414,0.0,0.1027163490653038,0.10191140323877335,0.10191140323877335,0.08285191655158997,-0.027859743684530258,-1.6023618543137275e-10,0.0,0.0,3.7689242362976074,3.7689242362976074,0.9953493475914001,0.9953493475914001,0.316002756357193,0.0,0.0,0.0,0.0,0.12783102691173553,0.19547484815120697,1.455027813790366e-06,0.9660007953643799,0.24200348556041718,0.07103247940540314,1.069091558456421,0.997765302658081,0.9953493475914001,0.9728912711143494,1.0625029802322388,0.17756816744804382,0.02875434421002865,1.0,2.229543685913086,2.2543861865997314,2.2925639152526855,0.0,7.0,0.0,0.0,0.0,0.0,0.0,0.0,,,,,,,,,,,,,,,,,,,,,,0.001
11,3500,train,0.11293279379606247,0.09724881500005722,0.0983390212059021,0.0,0.00452011963352561,0.00452011963352561,0.0,4.412715911865234,4.999999873689376e-06,0.0024999999441206455,0.0005000000237487257,0.0024999999441206455,4.999999873689376e-05,4.999999873689376e-05,0.05000000074505806,0.07286064326763153,0.21692155301570892,0.0,0.0,0.0,0.0,-1.3438938856124878,-1.3438938856124878,1.0,-1.3438938856124878,-1.3438938856124878,-1.3684381246566772,0.0,-3.610352039337158,1.0565534830093384,1.0,0.07286064326763153,1.0,0.0,0.0,0.07286064326763153,0.0,0.0,0.21692155301570892,0.0,0.08307845890522003,0.11371427029371262,0.0029738377779722214,0.6893049478530884,0.17015895247459412,0.0,0.0,0.0,0.0,0.0,0.0,0.0,0.0,1.0,0.0,0.003863466903567314,0.3079335391521454,0.18663738667964935,0.008722382597625256,0.0,0.0983390212059021,0.09724881500005722,0.09724881500005722,0.09978285431861877,-0.0002711215347517282,-7.335491589155474e-12,0.0,0.0,4.114793300628662,4.114793300628662,1.081195592880249,1.081195592880249,0.4064083993434906,0.0,0.0,0.0,0.0,0.08307845890522003,0.16601189970970154,3.4323331874475116e-06,0.9739925265312195,0.17015895247459412,0.04430147260427475,1.1378594636917114,1.0877017974853516,1.081195592880249,1.0738698244094849,1.0565534830093384,0.17411063611507416,0.028590230271220207,1.0,2.34238600730896,2.291970729827881,2.3229308128356934,0.0,7.0,0.0,0.0,0.0,0.0,0.0,0.0,,,,,,,,,,,,,,,,,,,,,,0.001
11,3520,train,0.1284894347190857,0.11077306419610977,0.11093134433031082,0.0,0.004804701078683138,0.004804701078683138,0.0,4.421870708465576,4.999999873689376e-06,0.0024999999441206455,0.0005000000237487257,0.0024999999441206455,4.999999873689376e-05,4.999999873689376e-05,0.05000000074505806,0.1252821981906891,0.202504962682724,0.0,0.0,0.0,0.0,-1.5068013668060303,-1.5068013668060303,1.0,-1.5068013668060303,-1.5068014860153198,-1.5397354364395142,0.0,-3.8560595512390137,1.0321707725524902,1.0,0.1252821981906891,1.0,0.0,0.0,0.1252821981906891,0.0,0.0,0.202504962682724,0.0,0.09749505668878555,0.09263036400079727,0.0018047729972749949,0.39656156301498413,0.20332103967666626,0.0,0.0,0.0,0.0,0.0,0.0,0.0,0.0,1.0,0.0,0.001529407687485218,0.2707228362560272,0.17874018847942352,0.00833294726908207,0.0,0.11093134433031082,0.11077306419610977,0.11077306419610977,0.09052535146474838,-0.04268437251448631,-3.108411028573954e-10,0.0,0.0,3.907005548477173,3.907005548477173,1.0370808839797974,1.0370808839797974,0.36536094546318054,0.0,0.0,0.0,0.0,0.09749505668878555,0.165615975856781,1.48395898236231e-07,0.9667661786079407,0.20332103967666626,0.043075982481241226,1.1161092519760132,1.0391957759857178,1.0370808839797974,1.0178030729293823,1.0321707725524902,0.1713479459285736,0.02817344106733799,1.0,2.219468355178833,2.2581357955932617,2.2320735454559326,0.0,7.0,0.0,0.0,0.0,0.0,0.0,0.0,,,,,,,,,,,,,,,,,,,,,,0.001
11,3540,train,0.11868303269147873,0.1025594025850296,0.10372718423604965,0.0,0.003988752607256174,0.003988752607256174,0.0,4.440561294555664,4.999999873689376e-06,0.0024999999441206455,0.0005000000237487257,0.0024999999441206455,4.999999873689376e-05,4.999999873689376e-05,0.05000000074505806,0.09638944268226624,0.18035060167312622,0.0,0.0,0.0,0.0,-1.5559402704238892,-1.5559402704238892,1.0,-1.5559402704238892,-1.5559402704238892,-1.5719916820526123,0.0,-4.002103328704834,1.0737333297729492,1.0,0.09638944268226624,1.0,0.0,0.0,0.09638944268226624,0.0,0.0,0.18035060167312622,0.0,0.11964939534664154,0.10458464175462723,0.003725913120433688,0.49274811148643494,0.23180080950260162,0.0,0.0,0.0,0.0,0.0,0.0,0.0,0.0,1.0,0.0,0.00297543709166348,0.27724689245224,0.17299796640872955,0.007993659004569054,0.0,0.10372718423604965,0.1025594025850296,0.1025594025850296,0.08456674963235855,-0.023895828053355217,-7.052943645780019e-11,0.0,0.0,3.8363497257232666,3.8363497257232666,1.009085774421692,1.009085774421692,0.3402540385723114,0.0,0.0,0.0,0.0,0.11964941024780273,0.18813973665237427,6.253712285797519e-07,0.9601145386695862,0.23180080950260162,0.0679534375667572,1.0702911615371704,1.0083156824111938,1.009085774421692,1.0457210540771484,1.0737333297729492,0.17310763895511627,0.028405282646417618,1.0,2.2344799041748047,2.270408868789673,2.3663761615753174,0.0,7.0,0.0,0.0,0.0,0.0,0.0,0.0,,,,,,,,,,,,,,,,,,,,,,0.001
11,3560,train,0.12299543619155884,0.10586613416671753,0.10623078048229218,0.0,0.004264643415808678,0.004264643415808678,0.0,4.442651271820068,4.999999873689376e-06,0.0024999999441206455,0.0005000000237487257,0.0024999999441206455,4.999999873689376e-05,4.999999873689376e-05,0.05000000074505806,0.09805029630661011,0.2160032093524933,0.0,0.0,0.0,0.0,-1.3884742259979248,-1.3884742259979248,1.0,-1.3884742259979248,-1.3884742259979248,-1.4430992603302002,0.0,-3.7644202709198,1.0592752695083618,1.0,0.09805029630661011,1.0,0.0,0.0,0.09805029630661011,0.0,0.0,0.2160032093524933,0.0,0.08399681001901627,0.09420908242464066,0.0017478540539741516,0.4953595995903015,0.17876923084259033,0.0,0.0,0.0,0.0,0.0,0.0,0.0,0.0,1.0,0.0,0.004684578161686659,0.3173166811466217,0.19124920666217804,0.008097430691123009,0.0,0.10623078048229218,0.10586613416671753,0.10586613416671753,0.11044839024543762,-0.05964825674891472,1.0366809494177787e-10,0.0,0.0,4.050176620483398,4.050176620483398,1.0848348140716553,1.0848348140716553,0.45730888843536377,0.0,0.0,0.0,0.0,0.08399681001901627,0.16120140254497528,8.436002758571703e-07,0.9842700958251953,0.17876923084259033,0.040349267423152924,1.1269583702087402,1.0913208723068237,1.0848348140716553,1.1335469484329224,1.0592752695083618,0.17095360159873962,0.028215480968356133,1.0,2.151606559753418,2.181769371032715,2.2484726905822754,0.0,7.0,0.0,0.0,0.0,0.0,0.0,0.0,,,,,,,,,,,,,,,,,,,,,,0.001
11,3580,train,0.10886775702238083,0.09455106407403946,0.09543349593877792,0.0,0.004106628242880106,0.004106628242880106,0.0,4.420706272125244,4.999999873689376e-06,0.0024999999441206455,0.0005000000237487257,0.0024999999441206455,4.999999873689376e-05,4.999999873689376e-05,0.05000000074505806,0.15434247255325317,0.20063132047653198,0.0,0.0,0.0,0.0,-1.6067079305648804,-1.6067079305648804,1.0,-1.6067079305648804,-1.60670804977417,-1.6706087589263916,0.0,-4.153774261474609,1.0143407583236694,1.0,0.15434247255325317,1.0,0.0,0.0,0.15434247255325317,0.0,0.0,0.20063132047653198,0.0,0.09936869889497757,0.08537687361240387,0.002074313350021839,0.38717564940452576,0.21182434260845184,0.0,0.0,0.0,0.0,0.0,0.0,0.0,0.0,1.0,0.0,0.004537342581897974,0.28508228063583374,0.17842641472816467,0.008359954692423344,0.0,0.09543349593877792,0.09455106407403946,0.09455106407403946,0.0910554826259613,-0.05397079885005951,-2.5078020216007246e-10,0.0,0.0,4.029297828674316,4.029297828674316,1.0285604000091553,1.0285604000091553,0.3835509419441223,0.0,0.0,0.0,0.0,0.09936869889497757,0.16154745221138,1.8683974190025765e-07,0.9474936723709106,0.21182434260845184,0.04384191334247589,1.154592514038086,1.022851586341858,1.0285604000091553,0.9934396147727966,1.0143407583236694,0.17385344207286835,0.028626270592212677,1.0,2.2176551818847656,2.231602191925049,2.112985134124756,0.0,7.0,0.0,0.0,0.0,0.0,0.0,0.0,,,,,,,,,,,,,,,,,,,,,,0.001
11,3600,train,0.12121643126010895,0.10494120419025421,0.10507426410913467,0.0,0.004508642014116049,0.004508642014116049,0.0,4.41370964050293,4.999999873689376e-06,0.0024999999441206455,0.0005000000237487257,0.0024999999441206455,4.999999873689376e-05,4.999999873689376e-05,0.05000000074505806,0.111426942050457,0.13962440192699432,0.0,0.0,0.0,0.0,-1.5951764583587646,-1.5951764583587646,1.0,-1.5951764583587646,-1.595176339149475,-1.6330220699310303,0.0,-4.16028356552124,1.046086072921753,1.0,0.111426942050457,1.0,0.0,0.0,0.111426942050457,0.0,0.0,0.13962440192699432,0.0,0.16037559509277344,0.15899278223514557,0.004201530944555998,0.6734017729759216,0.2616141438484192,0.0,0.0,0.0,0.0,0.0,0.0,0.0,0.0,1.0,0.0,0.004505058750510216,0.29164910316467285,0.18299560248851776,0.008596915751695633,0.0,0.10507426410913467,0.10494120419025421,0.10494120419025421,0.09799205511808395,-0.03165590018033981,8.55906179264565e-11,0.0,0.0,3.933929920196533,3.933929920196533,1.0590624809265137,1.0590624809265137,0.395841121673584,0.0,0.0,0.0,0.0,0.16037560999393463,0.2340356558561325,5.586072688856802e-07,0.9893319606781006,0.2616141438484192,0.11643689125776291,1.1508333683013916,1.064545750617981,1.0590624809265137,1.0396865606307983,1.046086072921753,0.17447753250598907,0.028471780940890312,1.0,2.221043586730957,2.216238260269165,2.2665281295776367,0.0,7.0,0.0,0.0,0.0,0.0,0.0,0.0,,,,,,,,,,,,,,,,,,,,,,0.001
11,3620,train,0.13222648203372955,0.11422783136367798,0.11368605494499207,0.0,0.004909288603812456,0.004909288603812456,0.0,4.402772903442383,4.999999873689376e-06,0.0024999999441206455,0.0005000000237487257,0.0024999999441206455,4.999999873689376e-05,4.999999873689376e-05,0.05000000074505806,0.11097852885723114,0.18287917971611023,0.0,0.0,0.0,0.0,-1.595841884613037,-1.595841884613037,1.0,-1.595841884613037,-1.595841884613037,-1.6310975551605225,0.0,-4.228366374969482,1.042495846748352,1.0,0.11097852885723114,1.0,0.0,0.0,0.11097852885723114,0.0,0.0,0.18287917971611023,0.0,0.11712082475423813,0.1137516051530838,0.0017751557752490044,0.47005075216293335,0.2325076460838318,0.0,0.0,0.0,0.0,0.0,0.0,0.0,0.0,1.0,0.0,0.0023400927893817425,0.30082544684410095,0.18303056061267853,0.008751962333917618,0.0,0.11368605494499207,0.11422783136367798,0.11422783136367798,0.1065739169716835,-0.0334245003759861,-1.379805297796466e-10,0.0,0.0,4.160923004150391,4.160923480987549,1.0645414590835571,1.0645414590835571,0.46085259318351746,0.0,0.0,0.0,0.0,0.11712083965539932,0.1817113757133484,2.0327058791735908e-07,0.9443204402923584,0.2325076460838318,0.05618872866034508,1.105194091796875,1.0663706064224243,1.0645414590835571,1.0186705589294434,1.042495846748352,0.1710081845521927,0.028004633262753487,1.0,2.318477153778076,2.2190942764282227,2.236088275909424,0.0,7.0,0.0,0.0,0.0,0.0,0.0,0.0,,,,,,,,,,,,,,,,,,,,,,0.001
11,3640,train,0.1275661140680313,0.11009888350963593,0.11070438474416733,0.0,0.0038219525013118982,0.0038219525013118982,0.0,4.425893783569336,4.999999873689376e-06,0.0024999999441206455,0.0005000000237487257,0.0024999999441206455,4.999999873689376e-05,4.999999873689376e-05,0.05000000074505806,0.10130114108324051,0.17775654792785645,0.0,0.0,0.0,0.0,-1.5730890035629272,-1.5730890035629272,1.0,-1.5730890035629272,-1.5730891227722168,-1.5968444347381592,0.0,-4.10024881362915,1.1749300956726074,1.0,0.10130114108324051,1.0,0.0,0.0,0.10130114108324051,0.0,0.0,0.17775654792785645,0.0,0.12224345654249191,0.11589585244655609,0.0021320716477930546,0.5651979446411133,0.23734250664710999,0.0,0.0,0.0,0.0,0.0,0.0,0.0,0.0,1.0,0.0,0.0048223272897303104,0.2716612219810486,0.19773198664188385,0.008553723804652691,0.0,0.11070438474416733,0.11009888350963593,0.11009888350963593,0.11054012179374695,-0.004839174449443817,-2.282554839583284e-10,0.0,0.0,3.9035351276397705,3.9035351276397705,1.1587245464324951,1.1587245464324951,0.43120846152305603,0.0,0.0,0.0,0.0,0.12224345654249191,0.18958750367164612,1.723395257613447e-06,0.9483835697174072,0.23734250664710999,0.07352941483259201,1.1913889646530151,1.163590431213379,1.1587245464324951,1.0838303565979004,1.1749300956726074,0.1759539246559143,0.02848370559513569,1.0,2.246340751647949,2.2409939765930176,2.2711591720581055,0.0,7.0,0.0,0.0,0.0,0.0,0.0,0.0,,,,,,,,,,,,,,,,,,,,,,0.001
11,3660,train,0.11964782327413559,0.10369270294904709,0.10366985946893692,0.0,0.004616849590092897,0.004616849590092897,0.0,4.415495872497559,4.999999873689376e-06,0.0024999999441206455,0.0005000000237487257,0.0024999999441206455,4.999999873689376e-05,4.999999873689376e-05,0.05000000074505806,0.1098279356956482,0.18425002694129944,0.0,0.0,0.0,0.0,-1.6090576648712158,-1.6090576648712158,1.0,-1.6090576648712158,-1.6090576648712158,-1.6382447481155396,0.0,-4.210300922393799,1.0591076612472534,1.0,0.1098279356956482,1.0,0.0,0.0,0.1098279356956482,0.0,0.0,0.18425002694129944,0.0,0.11574998497962952,0.10701704770326614,0.0013192645274102688,0.4895669221878052,0.23879112303256989,0.0,0.0,0.0,0.0,0.0,0.0,0.0,0.0,1.0,0.0,0.0016546297119930387,0.3023928999900818,0.1811598688364029,0.008525455370545387,0.0,0.10366985946893692,0.10369270294904709,0.10369270294904709,0.11043393611907959,-0.06198243796825409,3.3690500389482736e-10,0.0,0.0,3.9276177883148193,3.9276177883148193,1.0308656692504883,1.0308656692504883,0.4604201912879944,0.0,0.0,0.0,0.0,0.11574998497962952,0.1751512736082077,2.7364363219817278e-08,0.9846156239509583,0.23879112303256989,0.05562194064259529,1.0102921724319458,1.040056586265564,1.0308656692504883,1.0629364252090454,1.0591076612472534,0.17173942923545837,0.028051769360899925,1.0,2.141984462738037,2.2182974815368652,2.252479314804077,0.0,7.0,0.0,0.0,0.0,0.0,0.0,0.0,,,,,,,,,,,,,,,,,,,,,,0.001
11,3674,train_epoch,0.12751149279093313,0.10914438463256744,0.10979141011655688,0.0,0.004520022151378279,0.004520022151378279,0.0,4.41769008722134,4.999999873689376e-06,0.0024999999441206455,0.0005000000237487257,0.0024999999441206455,4.999999873689376e-05,4.999999873689376e-05,0.05000000074505806,0.11522389263539257,0.18934960962234143,0.0,0.0,0.0,0.0,-1.2132637622766589,-1.2132637622766589,1.0,-1.2132637622766589,-1.213263765343889,-1.2376237144134485,0.0,-3.198828561587014,0.9923062311139649,1.0,0.11522389263539257,1.0,0.0,0.0,0.11522389263539257,0.0,0.0,0.18934960962234143,0.0,0.11065039920905036,0.10899895556761834,0.0016867103694859177,0.5275058374701146,0.21680618465660575,0.0,0.0,0.0,0.0,0.0,0.0,0.0,0.0,1.0,0.0,0.00351403370443146,0.2916733326312311,0.17980361738783157,0.008486371798284664,0.0,0.10979141011655688,0.10914438463256744,0.10914438463256744,0.09681948595596644,-0.03418442482415595,-6.862875250365807e-13,0.0,0.0,3.9828487085011193,3.9828487085011193,1.0353032457614373,1.0353032457614373,0.4018177556955886,0.0,0.0,0.0,0.0,0.11065040204205556,0.1798454979267306,7.173633489845117e-07,0.9603915894459821,0.21680618465660575,0.06052013984630386,1.086351446227399,1.03820339684001,1.0353032457614373,1.0338371469232137,0.9923062311139649,0.17150656508649895,0.02808444922466478,1.0,2.2610458071360333,2.260268959456575,2.259501258770149,0.0,7.0,0.0,0.0,0.0,0.0,0.0,0.0,,,,,,,,,,,,,,,,,,,,,,0.001
11,3674,val,,,,,,,,,,,,,,,,,,,,,,,,,,,,,,,,,,,,,,,,,,,,,,,,,,,,,,,,,,,,,,,,,,,,,,,,,,,,,,,,,,,,,,,,,,,,,,,,,,,,,,,58.81611849810626,9067.90159153294,95.22553014571744,84.93108510541487,32.82442909103256,15.497790448300472,24.309239543674888,11.817220868291082,7.326782832274565,17.10504420168765,27.07430107987381,12.781927375106124,8.085968971252441,121.40412112399264,147.25465008122754,179.78398080774255,68.84938131796348,58.81611849810626,95.22553014571744,84.93108510541487,32.82442909103256,0.001
11,3674,test,,,,,,,,,,,,,,,,,,,,,,,,,,,,,,,,,,,,,,,,,,,,,,,,,,,,,,,,,,,,,,,,,,,,,,,,,,,,,,,,,,,,,,,,,,,,,,,,,,,,,,,58.199644758894635,8869.742535015484,94.17931054650742,84.04214951798723,33.26723098754883,15.098504616333559,23.13855294725726,11.380724580438287,7.296100483284341,16.57270997279399,25.783691240014505,12.098400764637166,8.070333313297581,119.96417882420995,145.08656252146915,178.30088136002823,69.88102416304855,58.199644758894635,94.17931054650742,84.04214951798723,33.26723098754883,0.001
12,3680,train,0.11128782480955124,0.10095163434743881,0.10222484916448593,0.0,0.003908981569111347,0.003908981569111347,0.0,4.416601657867432,9.999999747378752e-06,0.004999999888241291,0.0010000000474974513,0.004999999888241291,9.999999747378752e-05,9.999999747378752e-05,0.10000000149011612,0.13011470437049866,0.17152844369411469,0.0,0.0,0.0,0.0,-1.7004411220550537,-1.7004411220550537,1.0,-1.7004411220550537,-1.7004411220550537,-1.7292121648788452,0.0,-4.34959077835083,1.0920426845550537,1.0,0.13011470437049866,1.0,0.0,0.0,0.13011470437049866,0.0,0.0,0.17152844369411469,0.0,0.12847156822681427,0.12629206478595734,0.004331498872488737,0.5944986343383789,0.23504634201526642,0.0,0.0,0.0,0.0,0.0,0.0,0.0,0.0,1.0,0.0,0.0030542800668627024,0.2714740037918091,0.17186620831489563,0.008420940488576889,0.0,0.10222484916448593,0.10095163434743881,0.10095163434743881,0.088087297976017,-0.04349358379840851,-5.881746478753058e-11,0.0,0.0,3.8205273151397705,3.8205273151397705,1.0074522495269775,1.0074522495269775,0.34344545006752014,0.0,0.0,0.0,0.0,0.12847156822681427,0.20031319558620453,4.0083739349938696e-07,0.9919290542602539,0.23504634201526642,0.07866115868091583,1.0812519788742065,1.0075615644454956,1.0074522495269775,1.0129965543746948,1.0920426845550537,0.17418183386325836,0.028266340494155884,1.0,2.371213674545288,2.274675130844116,2.2641961574554443,0.0,7.0,0.0,0.0,0.0,0.0,0.0,0.0,,,,,,,,,,,,,,,,,,,,,,0.001
12,3700,train,0.11522890627384186,0.10389050096273422,0.10448607802391052,0.0,0.00462413439527154,0.00462413439527154,0.0,4.430652618408203,9.999999747378752e-06,0.004999999888241291,0.0010000000474974513,0.004999999888241291,9.999999747378752e-05,9.999999747378752e-05,0.10000000149011612,0.101633220911026,0.21783491969108582,0.0,0.0,0.0,0.0,-1.6096975803375244,-1.6096975803375244,1.0,-1.6096975803375244,-1.609697699546814,-1.6391396522521973,0.0,-4.211577415466309,1.0737265348434448,1.0,0.101633220911026,1.0,0.0,0.0,0.101633220911026,0.0,0.0,0.21783491969108582,0.0,0.08216509968042374,0.0913114920258522,0.000539272150490433,0.5264084935188293,0.17725412547588348,0.0,0.0,0.0,0.0,0.0,0.0,0.0,0.0,1.0,0.0,0.0032201302237808704,0.3093973696231842,0.18358424305915833,0.008291985839605331,0.0,0.10448607802391052,0.10389050096273422,0.10389050096273422,0.09817961603403091,-0.06298475712537766,-5.487761980949024e-11,0.0,0.0,4.118730068206787,4.118730068206787,1.04043710231781,1.04043710231781,0.4348985552787781,0.0,0.0,0.0,0.0,0.08216509968042374,0.15679745376110077,2.1072348488360149e-07,0.9443488121032715,0.17725412547588348,0.042984072118997574,1.0914944410324097,1.045008659362793,1.04043710231781,1.0432496070861816,1.0737265348434448,0.17265431582927704,0.028467467054724693,1.0,2.2684457302093506,2.2071375846862793,2.182832717895508,0.0,7.0,0.0,0.0,0.0,0.0,0.0,0.0,,,,,,,,,,,,,,,,,,,,,,0.001
12,3720,train,0.122171550989151,0.11028759181499481,0.1108463853597641,0.0,0.004465618636459112,0.004465618636459112,0.0,4.385715484619141,9.999999747378752e-06,0.004999999888241291,0.0010000000474974513,0.004999999888241291,9.999999747378752e-05,9.999999747378752e-05,0.10000000149011612,0.11321405321359634,0.20331227779388428,0.0,0.0,0.0,0.0,-1.7305265665054321,-1.7305265665054321,1.0,-1.7305265665054321,-1.7305265665054321,-1.75813889503479,0.0,-4.362318515777588,1.0205841064453125,1.0,0.11321405321359634,1.0,0.0,0.0,0.11321405321359634,0.0,0.0,0.20331227779388428,0.0,0.09668773412704468,0.09193319827318192,0.0031339493580162525,0.44297248125076294,0.21670760214328766,0.0,0.0,0.0,0.0,0.0,0.0,0.0,0.0,1.0,0.0,0.0014545897720381618,0.2999460995197296,0.16874900460243225,0.008955303579568863,0.0,0.1108463853597641,0.11028759181499481,0.11028759181499481,0.09355159848928452,-0.04848957806825638,1.2799473980695808e-10,0.0,0.0,3.9519410133361816,3.9519410133361816,0.9592003226280212,0.9592003226280212,0.3880441188812256,0.0,0.0,0.0,0.0,0.09668773412704468,0.15273535251617432,1.4091818911765586e-06,0.9381146430969238,0.21670760214328766,0.03636642545461655,0.9749723672866821,0.9609968662261963,0.9592003226280212,0.9906181693077087,1.0205841064453125,0.16837148368358612,0.027428731322288513,1.0,2.1895885467529297,2.1828651428222656,2.2230305671691895,0.0,7.0,0.0,0.0,0.0,0.0,0.0,0.0,,,,,,,,,,,,,,,,,,,,,,0.001
12,3740,train,0.11866153031587601,0.1073017567396164,0.10811931639909744,0.0,0.004780404735356569,0.004780404735356569,0.0,4.435693740844727,9.999999747378752e-06,0.004999999888241291,0.0010000000474974513,0.004999999888241291,9.999999747378752e-05,9.999999747378752e-05,0.10000000149011612,0.13868039846420288,0.1450260728597641,0.0,0.0,0.0,0.0,-1.7267873287200928,-1.7267873287200928,1.0,-1.7267873287200928,-1.7267873287200928,-1.753143072128296,0.0,-4.43221378326416,1.0768767595291138,1.0,0.13868039846420288,1.0,0.0,0.0,0.13868039846420288,0.0,0.0,0.1450260728597641,0.0,0.15497392416000366,0.13692162930965424,0.0018906614277511835,0.5379472374916077,0.2786012589931488,0.0,0.0,0.0,0.0,0.0,0.0,0.0,0.0,1.0,0.0,0.0011984537122771144,0.2998698353767395,0.17051315307617188,0.008140924386680126,0.0,0.10811931639909744,0.1073017567396164,0.1073017567396164,0.09498926252126694,-0.0405939482152462,4.093338168420502e-11,0.0,0.0,4.18845272064209,4.18845272064209,0.9712584018707275,0.9712584018707275,0.42034074664115906,0.0,0.0,0.0,0.0,0.15497393906116486,0.21119768917560577,3.7379393802439154e-08,0.9737343788146973,0.2786012589931488,0.09093137830495834,0.9951558709144592,0.9802916049957275,0.9712584018707275,0.9933128952980042,1.0768767595291138,0.16979792714118958,0.02797423116862774,1.0,2.294264316558838,2.189910888671875,2.2438061237335205,0.0,7.0,0.0,0.0,0.0,0.0,0.0,0.0,,,,,,,,,,,,,,,,,,,,,,0.001
12,3760,train,0.11569581180810928,0.1044849157333374,0.10506727546453476,0.0,0.004687109496444464,0.004687109496444464,0.0,4.4235711097717285,9.999999747378752e-06,0.004999999888241291,0.0010000000474974513,0.004999999888241291,9.999999747378752e-05,9.999999747378752e-05,0.10000000149011612,0.0791829526424408,0.17676879465579987,0.0,0.0,0.0,0.0,-1.6493040323257446,-1.6493040323257446,1.0,-1.6493040323257446,-1.649303913116455,-1.6830304861068726,0.0,-4.282498359680176,1.1221567392349243,1.0,0.0791829526424408,1.0,0.0,0.0,0.0791829526424408,0.0,0.0,0.17676879465579987,0.0,0.12323120981454849,0.13267461955547333,0.0008117988472804427,0.71791672706604,0.22423076629638672,0.0,0.0,0.0,0.0,0.0,0.0,0.0,0.0,1.0,0.0,0.002949726302176714,0.31359925866127014,0.17487429082393646,0.008348638191819191,0.0,0.10506727546453476,0.1044849157333374,0.1044849157333374,0.1017991229891777,-0.026696952059864998,9.340649781419685e-11,0.0,0.0,4.0518574714660645,4.0518574714660645,0.9915540218353271,0.9915540218353271,0.4297327995300293,0.0,0.0,0.0,0.0,0.12323121726512909,0.20251835882663727,1.5803291262272978e-06,0.9779914021492004,0.22423076629638672,0.08207721263170242,1.0372542142868042,0.9938722848892212,0.9915540218353271,1.0810428857803345,1.1221567392349243,0.17022563517093658,0.028519900515675545,1.0,2.1373836994171143,2.2578468322753906,2.266146183013916,0.0,7.0,0.0,0.0,0.0,0.0,0.0,0.0,,,,,,,,,,,,,,,,,,,,,,0.001
12,3780,train,0.10385636240243912,0.09520947188138962,0.0954512432217598,0.0,0.00386614166200161,0.00386614166200161,0.0,4.406948089599609,9.999999747378752e-06,0.004999999888241291,0.0010000000474974513,0.004999999888241291,9.999999747378752e-05,9.999999747378752e-05,0.10000000149011612,0.1279088705778122,0.16040553152561188,0.0,0.0,0.0,0.0,-1.755933403968811,-1.755933403968811,1.0,-1.755933403968811,-1.7559336423873901,-1.7758620977401733,0.0,-4.449926853179932,1.0579636096954346,1.0,0.1279088705778122,1.0,0.0,0.0,0.1279088705778122,0.0,0.0,0.16040553152561188,0.0,0.13959448039531708,0.10676832497119904,0.000704477250110358,0.5091874599456787,0.268329918384552,0.0,0.0,0.0,0.0,0.0,0.0,0.0,0.0,1.0,0.0,0.003006943967193365,0.28946027159690857,0.17376919090747833,0.00862084049731493,0.0,0.0954512432217598,0.09520947188138962,0.09520947188138962,0.08976801484823227,-0.04146957024931908,-2.9250504796074495e-10,0.0,0.0,4.104278564453125,4.104278564453125,1.028220534324646,1.028220534324646,0.37975841760635376,0.0,0.0,0.0,0.0,0.13959448039531708,0.19461913406848907,2.71801724238685e-07,0.9834403991699219,0.268329918384552,0.07958027720451355,1.0747789144515991,1.0328673124313354,1.028220534324646,0.9696404933929443,1.0579636096954346,0.17201322317123413,0.02844017930328846,1.0,2.1173033714294434,2.15128231048584,2.183209180831909,0.0,7.0,0.0,0.0,0.0,0.0,0.0,0.0,,,,,,,,,,,,,,,,,,,,,,0.001
12,3800,train,0.12242811918258667,0.11038554459810257,0.1110881119966507,0.0,0.005076615605503321,0.005076615605503321,0.0,4.3619513511657715,9.999999747378752e-06,0.004999999888241291,0.0010000000474974513,0.004999999888241291,9.999999747378752e-05,9.999999747378752e-05,0.10000000149011612,0.101687952876091,0.15020635724067688,0.0,0.0,0.0,0.0,-1.711541771888733,-1.711541771888733,1.0,-1.711541771888733,-1.7115416526794434,-1.733123779296875,0.0,-4.3582563400268555,1.1346853971481323,1.0,0.101687952876091,1.0,0.0,0.0,0.101687952876091,0.0,0.0,0.15020635724067688,0.0,0.14979365468025208,0.12371407449245453,0.0033714647870510817,0.5762413740158081,0.2811470925807953,0.0,0.0,0.0,0.0,0.0,0.0,0.0,0.0,1.0,0.0,0.0033094731625169516,0.3118932545185089,0.17797304689884186,0.009503388777375221,0.0,0.1110881119966507,0.11038554459810257,0.11038554459810257,0.10653958469629288,-0.05842428281903267,1.0582137249803836e-10,0.0,0.0,4.094612121582031,4.094612121582031,1.0109213590621948,1.0109213590621948,0.4638504981994629,0.0,0.0,0.0,0.0,0.14979365468025208,0.2007361501455307,3.1438771657121833e-06,0.9750916361808777,0.2811470925807953,0.08111213892698288,1.0654630661010742,1.0148686170578003,1.0109213590621948,1.045517921447754,1.1346853971481323,0.1684688776731491,0.028550123795866966,1.0,2.2608320713043213,2.203416109085083,2.2145097255706787,0.0,7.0,0.0,0.0,0.0,0.0,0.0,0.0,,,,,,,,,,,,,,,,,,,,,,0.001
12,3820,train,0.11126900464296341,0.10142092406749725,0.10220886021852493,0.0,0.004111506976187229,0.004111506976187229,0.0,4.427384376525879,9.999999747378752e-06,0.004999999888241291,0.0010000000474974513,0.004999999888241291,9.999999747378752e-05,9.999999747378752e-05,0.10000000149011612,0.1034899353981018,0.18212413787841797,0.0,0.0,0.0,0.0,-1.781178593635559,-1.781178593635559,1.0,-1.781178593635559,-1.781178593635559,-1.8163751363754272,0.0,-4.53635835647583,1.0703173875808716,1.0,0.1034899353981018,1.0,0.0,0.0,0.1034899353981018,0.0,0.0,0.18212413787841797,0.0,0.11787586659193039,0.1336231529712677,0.0013424844946712255,0.5523396134376526,0.22092479467391968,0.0,0.0,0.0,0.0,0.0,0.0,0.0,0.0,1.0,0.0,0.004676934331655502,0.2828127145767212,0.1785968691110611,0.008285715244710445,0.0,0.10220886021852493,0.10142092406749725,0.10142092406749725,0.08754591643810272,-0.02201511710882187,-1.832727025696812e-11,0.0,0.0,3.9936017990112305,3.9936017990112305,1.051313042640686,1.051313042640686,0.345660537481308,0.0,0.0,0.0,0.0,0.11787587404251099,0.19207939505577087,7.511744115618058e-08,0.9831006526947021,0.22092479467391968,0.06329657137393951,1.1062394380569458,1.053478479385376,1.051313042640686,1.0280342102050781,1.0703173875808716,0.17404626309871674,0.029089543968439102,1.0,2.265660524368286,2.268885612487793,2.288167715072632,0.0,7.0,0.0,0.0,0.0,0.0,0.0,0.0,,,,,,,,,,,,,,,,,,,,,,0.001
12,3840,train,0.10298791527748108,0.09421489387750626,0.09504105150699615,0.0,0.0045720478519797325,0.0045720478519797325,0.0,4.433940410614014,9.999999747378752e-06,0.004999999888241291,0.0010000000474974513,0.004999999888241291,9.999999747378752e-05,9.999999747378752e-05,0.10000000149011612,0.08988814055919647,0.17399471998214722,0.0,0.0,0.0,0.0,-1.7214617729187012,-1.7214617729187012,1.0,-1.7214617729187012,-1.7214617729187012,-1.7512778043746948,0.0,-4.4027934074401855,1.1614398956298828,1.0,0.08988814055919647,1.0,0.0,0.0,0.08988814055919647,0.0,0.0,0.17399471998214722,0.0,0.12600529193878174,0.12366772443056107,0.0040909722447395325,0.5497211217880249,0.24362516403198242,0.0,0.0,0.0,0.0,0.0,0.0,0.0,0.0,1.0,0.0,0.0018957050051540136,0.30189281702041626,0.1776341199874878,0.00824049487709999,0.0,0.09504105150699615,0.09421489387750626,0.09421489387750626,0.09550099074840546,-0.035196702927351,-7.784374533859051e-11,0.0,0.0,3.978452444076538,3.978452444076538,1.035036563873291,1.035036563873291,0.3855050504207611,0.0,0.0,0.0,0.0,0.12600529193878174,0.19073893129825592,2.2100812202552333e-06,0.9434026479721069,0.24362516403198242,0.07591912150382996,1.0715636014938354,1.039625883102417,1.035036563873291,1.09705650806427,1.1614398956298828,0.17252805829048157,0.02881520800292492,1.0,2.1534781455993652,2.1948513984680176,2.2159509658813477,0.0,7.0,0.0,0.0,0.0,0.0,0.0,0.0,,,,,,,,,,,,,,,,,,,,,,0.001
12,3860,train,0.11185184866189957,0.10195236653089523,0.10232914239168167,0.0,0.004321735352277756,0.004321735352277756,0.0,4.402764320373535,9.999999747378752e-06,0.004999999888241291,0.0010000000474974513,0.004999999888241291,9.999999747378752e-05,9.999999747378752e-05,0.10000000149011612,0.10930915176868439,0.16544680297374725,0.0,0.0,0.0,0.0,-1.7765768766403198,-1.7765768766403198,1.0,-1.7765768766403198,-1.776577115058899,-1.8035439252853394,0.0,-4.522397041320801,1.1016383171081543,1.0,0.10930915176868439,1.0,0.0,0.0,0.10930915176868439,0.0,0.0,0.16544680297374725,0.0,0.1345531940460205,0.10673729330301285,0.003857770934700966,0.58028244972229,0.26053398847579956,0.0,0.0,0.0,0.0,0.0,0.0,0.0,0.0,1.0,0.0,0.0012063471367582679,0.29211029410362244,0.17770631611347198,0.008883325383067131,0.0,0.10232914239168167,0.10195236653089523,0.10195236653089523,0.0969010666012764,-0.05262314900755882,-4.700281830416486e-10,0.0,0.0,4.13136625289917,4.13136625289917,1.0296059846878052,1.0296059846878052,0.4173943102359772,0.0,0.0,0.0,0.0,0.1345532089471817,0.19320355355739594,2.2134561277198372e-06,0.9579142332077026,0.26053398847579956,0.07634804397821426,1.028130054473877,1.0333428382873535,1.0296059846878052,1.025105357170105,1.1016383171081543,0.16997000575065613,0.028871918097138405,1.0,2.139474391937256,2.2187340259552,2.1474714279174805,0.0,7.0,0.0,0.0,0.0,0.0,0.0,0.0,,,,,,,,,,,,,,,,,,,,,,0.001
12,3880,train,0.11491384357213974,0.10455387830734253,0.10489994287490845,0.0,0.00486211571842432,0.00486211571842432,0.0,4.395546913146973,9.999999747378752e-06,0.004999999888241291,0.0010000000474974513,0.004999999888241291,9.999999747378752e-05,9.999999747378752e-05,0.10000000149011612,0.08959358930587769,0.18198436498641968,0.0,0.0,0.0,0.0,-1.7859082221984863,-1.7859082221984863,1.0,-1.7859082221984863,-1.7859082221984863,-1.8014931678771973,0.0,-4.540514945983887,1.1118690967559814,1.0,0.08959358930587769,1.0,0.0,0.0,0.08959358930587769,0.0,0.0,0.18198436498641968,0.0,0.11801565438508987,0.12489712238311768,0.0009033749811351299,0.5367745757102966,0.2365109771490097,0.0,0.0,0.0,0.0,0.0,0.0,0.0,0.0,1.0,0.0,0.0013413974083960056,0.2896645665168762,0.18290048837661743,0.00890799518674612,0.0,0.10489994287490845,0.10455387830734253,0.10455387830734253,0.10457408428192139,-0.03609739616513252,-4.354449301136043e-10,0.0,0.0,4.061642646789551,4.061642646789551,1.0818978548049927,1.0818978548049927,0.4380316436290741,0.0,0.0,0.0,0.0,0.11801565438508987,0.18182231485843658,4.348094932993263e-07,0.9483537673950195,0.2365109771490097,0.0598958358168602,1.1215254068374634,1.0831936597824097,1.0818978548049927,1.0461591482162476,1.1118690967559814,0.17266260087490082,0.02884998358786106,1.0,2.0874123573303223,2.2125604152679443,2.198086738586426,0.0,7.0,0.0,0.0,0.0,0.0,0.0,0.0,,,,,,,,,,,,,,,,,,,,,,0.001
12,3900,train,0.1145692691206932,0.10377294570207596,0.10455835610628128,0.0,0.004567135591059923,0.004567135591059923,0.0,4.422274589538574,9.999999747378752e-06,0.004999999888241291,0.0010000000474974513,0.004999999888241291,9.999999747378752e-05,9.999999747378752e-05,0.10000000149011612,0.08605785667896271,0.19627037644386292,0.0,0.0,0.0,0.0,-1.7017723321914673,-1.7017723321914673,1.0,-1.7017723321914673,-1.7017722129821777,-1.71743643283844,0.0,-4.353423595428467,1.2067961692810059,1.0,0.08605785667896271,1.0,0.0,0.0,0.08605785667896271,0.0,0.0,0.19627037644386292,0.0,0.10372964292764664,0.10155326873064041,0.0005562282167375088,0.45961126685142517,0.2187841534614563,0.0,0.0,0.0,0.0,0.0,0.0,0.0,0.0,1.0,0.0,0.0041405814699828625,0.30800601840019226,0.19591104984283447,0.008545784279704094,0.0,0.10455835610628128,0.10377294570207596,0.10377294570207596,0.1105881854891777,-0.025918977335095406,-9.528611233378115e-11,0.0,0.0,4.077755451202393,4.077755451202393,1.1397340297698975,1.1397340297698975,0.4648125171661377,0.0,0.0,0.0,0.0,0.10372964292764664,0.16954855620861053,1.6426602087449282e-06,0.9881125092506409,0.2187841534614563,0.05145527422428131,1.1541365385055542,1.1454592943191528,1.1397340297698975,1.0914169549942017,1.2067961692810059,0.17202113568782806,0.02839815244078636,1.0,2.228740692138672,2.171560049057007,2.170424222946167,0.0,7.0,0.0,0.0,0.0,0.0,0.0,0.0,,,,,,,,,,,,,,,,,,,,,,0.001
12,3920,train,0.108415886759758,0.09886731207370758,0.09924182295799255,0.0,0.004153547342866659,0.004153547342866659,0.0,4.430642604827881,9.999999747378752e-06,0.004999999888241291,0.0010000000474974513,0.004999999888241291,9.999999747378752e-05,9.999999747378752e-05,0.10000000149011612,0.09306603670120239,0.17554953694343567,0.0,0.0,0.0,0.0,-1.731953740119934,-1.731953740119934,1.0,-1.731953740119934,-1.731953740119934,-1.7437410354614258,0.0,-4.433265686035156,1.1921181678771973,1.0,0.09306603670120239,1.0,0.0,0.0,0.09306603670120239,0.0,0.0,0.17554953694343567,0.0,0.12445046752691269,0.13821502029895782,0.0010161885293200612,0.5738772749900818,0.23983781039714813,0.0,0.0,0.0,0.0,0.0,0.0,0.0,0.0,1.0,0.0,0.002417277544736862,0.305139422416687,0.18950137495994568,0.008382272906601429,0.0,0.09924182295799255,0.09886731207370758,0.09886731207370758,0.0933610275387764,-0.024339906871318817,2.0836495029374902e-10,0.0,0.0,3.9834485054016113,3.9834485054016113,1.104865550994873,1.104865550994873,0.3856745958328247,0.0,0.0,0.0,0.0,0.12445047497749329,0.19081242382526398,9.366629569740326e-07,0.9697045683860779,0.23983781039714813,0.06924019753932953,1.064363718032837,1.112983226776123,1.104865550994873,1.1017452478408813,1.1921181678771973,0.17189906537532806,0.028585955500602722,1.0,2.2032630443573,2.160574436187744,2.2034339904785156,0.0,7.0,0.0,0.0,0.0,0.0,0.0,0.0,,,,,,,,,,,,,,,,,,,,,,0.001
12,3940,train,0.11463689059019089,0.10396762937307358,0.10435265302658081,0.0,0.004651464521884918,0.004651464521884918,0.0,4.421219348907471,9.999999747378752e-06,0.004999999888241291,0.0010000000474974513,0.004999999888241291,9.999999747378752e-05,9.999999747378752e-05,0.10000000149011612,0.09299027919769287,0.16586938500404358,0.0,0.0,0.0,0.0,-1.7157706022262573,-1.7157706022262573,1.0,-1.7157706022262573,-1.7157706022262573,-1.7378532886505127,0.0,-4.4058709144592285,1.1733976602554321,1.0,0.09299027919769287,1.0,0.0,0.0,0.09299027919769287,0.0,0.0,0.16586938500404358,0.0,0.13413062691688538,0.12165552377700806,0.0035943472757935524,0.6546667814254761,0.2629881501197815,0.0,0.0,0.0,0.0,0.0,0.0,0.0,0.0,1.0,0.0,0.0022420999594032764,0.3194642961025238,0.1820283830165863,0.008466819301247597,0.0,0.10435265302658081,0.10396762937307358,0.10396762937307358,0.10502650588750839,-0.06964508444070816,-2.2443120278881068e-11,0.0,0.0,4.023479461669922,4.023479461669922,1.0209858417510986,1.0209858417510986,0.4475526809692383,0.0,0.0,0.0,0.0,0.13413062691688538,0.19200283288955688,4.036079189972952e-06,0.9793087840080261,0.2629881501197815,0.06994485855102539,1.0308629274368286,1.024965524673462,1.0209858417510986,1.0808489322662354,1.1733976602554321,0.16923683881759644,0.028665408492088318,1.0,2.1767477989196777,2.1622750759124756,2.181149959564209,0.0,7.0,0.0,0.0,0.0,0.0,0.0,0.0,,,,,,,,,,,,,,,,,,,,,,0.001
12,3960,train,0.10834749042987823,0.09919823706150055,0.09950800985097885,0.0,0.003588802646845579,0.003588802646845579,0.0,4.427642822265625,9.999999747378752e-06,0.004999999888241291,0.0010000000474974513,0.004999999888241291,9.999999747378752e-05,9.999999747378752e-05,0.10000000149011612,0.0763469859957695,0.1265435516834259,0.0,0.0,0.0,0.0,-1.8058091402053833,-1.8058091402053833,1.0,-1.8058091402053833,-1.8058089017868042,-1.813741683959961,0.0,-4.633271217346191,1.0728896856307983,1.0,0.0763469859957695,1.0,0.0,0.0,0.0763469859957695,0.0,0.0,0.1265435516834259,0.0,0.17345646023750305,0.14899851381778717,0.0006787231541238725,0.6433202624320984,0.2983449399471283,0.0,0.0,0.0,0.0,0.0,0.0,0.0,0.0,1.0,0.0,0.004093211144208908,0.29203000664711,0.17292045056819916,0.008256839588284492,0.0,0.09950800985097885,0.09919823706150055,0.09919823706150055,0.08551643788814545,-0.019754696637392044,5.494374052950057e-11,0.0,0.0,4.080219745635986,4.080219745635986,1.0199658870697021,1.0199658870697021,0.3549000322818756,0.0,0.0,0.0,0.0,0.17345646023750305,0.22310860455036163,2.4307619241881184e-06,0.9868624210357666,0.2983449399471283,0.10712316632270813,1.0424901247024536,1.0297950506210327,1.0199658870697021,1.0056525468826294,1.0728896856307983,0.17298206686973572,0.028654152527451515,1.0,2.2046761512756348,2.1858303546905518,2.2214298248291016,0.0,7.0,0.0,0.0,0.0,0.0,0.0,0.0,,,,,,,,,,,,,,,,,,,,,,0.001
12,3980,train,0.11634519696235657,0.10572105646133423,0.10639207065105438,0.0,0.004413466900587082,0.004413466900587082,0.0,4.41670036315918,9.999999747378752e-06,0.004999999888241291,0.0010000000474974513,0.004999999888241291,9.999999747378752e-05,9.999999747378752e-05,0.10000000149011612,0.11152602732181549,0.12732800841331482,0.0,0.0,0.0,0.0,-1.790732502937317,-1.790732502937317,1.0,-1.790732502937317,-1.7907321453094482,-1.7986631393432617,0.0,-4.493661403656006,1.170252799987793,1.0,0.11152602732181549,1.0,0.0,0.0,0.11152602732181549,0.0,0.0,0.12732800841331482,0.0,0.17267200350761414,0.14365576207637787,0.003259269054979086,0.6367782354354858,0.2946769893169403,0.0,0.0,0.0,0.0,0.0,0.0,0.0,0.0,1.0,0.0,0.0037197270430624485,0.2943568825721741,0.18606236577033997,0.008669069036841393,0.0,0.10639207065105438,0.10572105646133423,0.10572105646133423,0.09139156341552734,-0.039412010461091995,-3.598528766635134e-11,0.0,0.0,4.026950359344482,4.026950359344482,1.0737825632095337,1.0737825632095337,0.3982037305831909,0.0,0.0,0.0,0.0,0.17267200350761414,0.22543489933013916,2.4314133497682633e-06,0.9584611058235168,0.2946769893169403,0.12126225978136063,1.1383761167526245,1.081084966659546,1.0737825632095337,1.0418821573257446,1.170252799987793,0.1731083244085312,0.02957904525101185,1.0,2.174579620361328,2.187791347503662,2.1710152626037598,0.0,7.0,0.0,0.0,0.0,0.0,0.0,0.0,,,,,,,,,,,,,,,,,,,,,,0.001
12,4000,train,0.1162177249789238,0.1054363027215004,0.10568509250879288,0.0,0.004493014421314001,0.004493014421314001,0.0,4.390572547912598,9.999999747378752e-06,0.004999999888241291,0.0010000000474974513,0.004999999888241291,9.999999747378752e-05,9.999999747378752e-05,0.10000000149011612,0.09955841302871704,0.1381414383649826,0.0,0.0,0.0,0.0,-1.7409570217132568,-1.7409570217132568,1.0,-1.7409570217132568,-1.7409570217132568,-1.7514070272445679,0.0,-4.461403846740723,1.1390124559402466,1.0,0.09955841302871704,1.0,0.0,0.0,0.09955841302871704,0.0,0.0,0.1381414383649826,0.0,0.16185857355594635,0.16731108725070953,0.0006422593141905963,0.7775167226791382,0.28079789876937866,0.0,0.0,0.0,0.0,0.0,0.0,0.0,0.0,1.0,0.0,0.0020813008304685354,0.32386916875839233,0.18141169846057892,0.008952055126428604,0.0,0.10568509250879288,0.1054363027215004,0.1054363027215004,0.10666394978761673,-0.0627814307808876,-2.2673366656400518e-11,0.0,0.0,4.341931343078613,4.341931343078613,1.0293036699295044,1.0293036699295044,0.4926096498966217,0.0,0.0,0.0,0.0,0.16185857355594635,0.22219251096248627,3.5037235193158267e-06,0.9928096532821655,0.28079789876937866,0.10202206671237946,1.0267136096954346,1.037294626235962,1.0293036699295044,1.0601539611816406,1.1390124559402466,0.17028702795505524,0.028514795005321503,1.0,2.161648988723755,2.103644847869873,2.139402389526367,0.0,7.0,0.0,0.0,0.0,0.0,0.0,0.0,,,,,,,,,,,,,,,,,,,,,,0.001
12,4008,train_epoch,0.11731869914752995,0.10621811844363897,0.10679337667847821,0.0,0.004511233672923492,0.004511233672923492,0.0,4.4183039451073745,9.999999747378752e-06,0.004999999888241291,0.0010000000474974513,0.004999999888241291,9.999999747378752e-05,9.999999747378752e-05,0.10000000149011612,0.11029840251821244,0.16238139016542605,0.0,0.0,0.0,0.0,-1.7253504184905641,-1.7253504184905641,1.0,-1.7253504184905641,-1.7253504142075955,-1.7458275520872928,0.0,-4.4130281060041785,1.127377485086818,1.0,0.11029840251821244,1.0,0.0,0.0,0.11029840251821244,0.0,0.0,0.16238139016542605,0.0,0.13761861847635515,0.1273839990915117,0.00331765969276385,0.5998728778547869,0.25704363242773237,0.0,0.0,0.0,0.0,0.0,0.0,0.0,0.0,1.0,0.0,0.0030091283824336523,0.3031671609350307,0.18264060378253102,0.008529844948977322,0.0,0.10679337667847821,0.10621811844363897,0.10621811844363897,0.0998806357383728,-0.03895279380958527,1.3589934899021786e-11,0.0,0.0,4.062185321739334,4.062185318884022,1.050945001269529,1.050945001269529,0.42422581031293927,0.0,0.0,0.0,0.0,0.13761862222395257,0.19821068122536836,1.814413920433041e-06,0.9676531874491069,0.25704363242773237,0.08037083495609061,1.0778837505571857,1.055165655241755,1.050945001269529,1.0492425930357265,1.127377485086818,0.1714136825796373,0.028558678077366537,1.0,2.2012820522228402,2.2010197482423153,2.200960088632778,0.0,7.0,0.0,0.0,0.0,0.0,0.0,0.0,,,,,,,,,,,,,,,,,,,,,,0.001
