epoch,step,split,total_loss,pred_loss,inv_loss,gate_loss,swap_loss,swap_diff_loss,swap_same_loss,kl_loss,effective_lambda_kl,effective_lambda_envpred,effective_lambda_future_mi,effective_lambda_swap,effective_lambda_sep,effective_lambda_mask_sparse,aux_schedule_factor,ind_loss,sparse_loss,entropy_loss,residual_norm_loss,env_consistency_loss,z_cons_loss,y_cons_loss,effective_lambda_z_cons,effective_lambda_y_cons,persistence_mi_loss,envpred_loss,future_mi_loss,future_mi_type,env_fut_nll,env_fut_nll_plus,env_fut_nll_minus,env_fut_kl,pred_fut_logvar_mean,pred_fut_mu_norm,future_mi_valid,sep_loss,sep_mi_type,club_upper_bound,club_fit_nll,cross_cov_loss,hsic_loss,rank_loss,mask_sparse_loss,effective_lambda_persistence_mi,rho_mean,rho_std,rho_min,rho_max,rho_entropy,delta_gain_mean,delta_gain_std,delta_gain_pos_ratio,s_gain_mean,persist_score_mean,persist_score_std,s_persist_mean,s_gate_mean,persistence_valid,potential_gain_mean,swap_delta_mean,swap_weight_mean,env_mu_abs_mean,env_std_mean,r_env_abs_mean,y_inv_mae,y_potential_mae,y_hat_mae,sep_projection_ratio,sep_cos_z_env_before,sep_cos_z_env_after,sep_lowrank_energy_ratio,sep_residual_norm,sep_z_raw_norm,sep_z_inv_norm,sep_env_raw_norm,sep_env_norm,sep_proj_norm,sep_basis_rank,sep_svd_top_singular_mean,sep_lowrank_rank,sep_env_residual_norm,mask_mean,mask_std,mask_min,mask_max,mask_entropy,mask_active_ratio,env_plus_norm,env_minus_norm,env_hist_norm,env_fut_norm,env_fut_pred_norm,fusion_gamma_abs_mean,fusion_beta_abs_mean,timestamp_valid,cur_time_emb_norm,seq_time_emb_norm,future_time_emb_norm,backbone_aux_loss,curriculum_horizon,cast_vq_loss,cast_commit_loss,cast_mi_loss,stone_graph_perturb_loss,stone_spatial_graph_entropy,stone_temporal_graph_entropy,val_mae,val_mse,val_rmse,val_mape,val_wape,val_mae_h3,val_rmse_h3,val_mape_h3,val_wape_h3,val_mae_h6,val_rmse_h6,val_mape_h6,val_wape_h6,val_mae_h12,val_rmse_h12,val_mape_h12,val_wape_h12,val_mae_avg12,val_rmse_avg12,val_mape_avg12,val_wape_avg12,lr
1,20,train,0.2007232904434204,0.16731609404087067,0.1670360118150711,0.0,0.0,0.0,0.0,0.0,0.0,0.0,0.0,0.0,0.0,0.0,0.0,0.0,0.0,0.0,0.0,0.0,0.0,0.0,0.0,0.0,0.0,0.0,0.0,1.0,0.5079548358917236,0.5079548358917236,0.5080627799034119,0.0,0.019715307280421257,0.46496549248695374,1.0,0.0,1.0,0.0,0.0,0.00029354094294831157,0.0,0.0,0.0,0.0,0.2718474566936493,0.015289531089365482,0.22911405563354492,0.3419906795024872,0.581855833530426,0.0,0.0,0.0,0.0,0.0,0.0,0.0,0.0,1.0,0.0,3.804359948844649e-05,0.46721524000167847,0.06342586874961853,1.000190258026123,0.0,0.1670360118150711,0.16731609404087067,0.16731609404087067,0.08756867796182632,0.021366145461797714,-2.275429983322752e-10,0.0,0.0,3.969407558441162,3.969407558441162,1.6815510988235474,1.6815510988235474,0.3322329819202423,0.0,0.0,0.0,0.0,0.2718474268913269,0.035824839025735855,0.1472277045249939,0.4527459740638733,0.581855833530426,0.0,1.6889002323150635,1.6858820915222168,1.6815510988235474,1.680094838142395,0.46496549248695374,0.01477053016424179,0.005833814386278391,1.0,3.040252685546875,3.043283224105835,3.0386481285095215,0.0,3.0,0.0,0.0,0.0,0.0,0.0,0.0,,,,,,,,,,,,,,,,,,,,,,0.001
1,40,train,0.22075703740119934,0.18390491604804993,0.1842605620622635,0.0,0.0,0.0,0.0,0.0,0.0,0.0,0.0,0.0,0.0,0.0,0.0,0.0,0.0,0.0,0.0,0.0,0.0,0.0,0.0,0.0,0.0,0.0,0.0,1.0,0.5049486756324768,0.5049486756324768,0.5049777626991272,0.0,0.01808936707675457,0.4610521197319031,1.0,0.0,1.0,0.0,0.0,0.0002444898709654808,0.0,0.0,0.0,0.0,0.2708429992198944,0.014392266049981117,0.22796574234962463,0.34063291549682617,0.5805686116218567,0.0,0.0,0.0,0.0,0.0,0.0,0.0,0.0,1.0,0.0,5.6405166105832905e-05,0.4645165801048279,0.06393681466579437,0.9978644251823425,0.0,0.1842605620622635,0.18390491604804993,0.18390491604804993,0.07499127835035324,0.011052513495087624,4.022442448570196e-11,0.0,0.0,3.9752144813537598,3.9752144813537598,1.6809630393981934,1.6809630393981934,0.27882155776023865,0.0,0.0,0.0,0.0,0.270842969417572,0.03734855726361275,0.14450612664222717,0.4559846818447113,0.5805686116218567,0.0,1.6895849704742432,1.685662865638733,1.6809630393981934,1.6788967847824097,0.4610521197319031,0.020895371213555336,0.006712606642395258,1.0,3.023617744445801,3.0326080322265625,3.1444053649902344,0.0,3.0,0.0,0.0,0.0,0.0,0.0,0.0,,,,,,,,,,,,,,,,,,,,,,0.001
1,60,train,0.16594363749027252,0.1382688730955124,0.13837379217147827,0.0,0.0,0.0,0.0,0.0,0.0,0.0,0.0,0.0,0.0,0.0,0.0,0.0,0.0,0.0,0.0,0.0,0.0,0.0,0.0,0.0,0.0,0.0,0.0,1.0,0.5025917887687683,0.5025917887687683,0.5026451349258423,0.0,0.019715294241905212,0.4706384539604187,1.0,0.0,1.0,0.0,0.0,0.0002709689433686435,0.0,0.0,0.0,0.0,0.2737788259983063,0.01435271929949522,0.22537116706371307,0.3339255452156067,0.5833848714828491,0.0,0.0,0.0,0.0,0.0,0.0,0.0,0.0,1.0,0.0,1.6607442375971004e-05,0.46185266971588135,0.06620729714632034,0.99504554271698,0.0,0.13837379217147827,0.1382688730955124,0.1382688730955124,0.07268156111240387,0.03012281283736229,1.1352675743925289e-10,0.0,0.0,3.788712978363037,3.788712978363037,1.680321216583252,1.680321216583252,0.2561659514904022,0.0,0.0,0.0,0.0,0.2737788259983063,0.03786603361368179,0.14828522503376007,0.46302881836891174,0.5833848714828491,0.0,1.6886507272720337,1.685379981994629,1.680321216583252,1.675672173500061,0.4706384539604187,0.02433168515563011,0.005958358757197857,1.0,3.0291411876678467,3.0846266746520996,3.0433945655822754,0.0,3.0,0.0,0.0,0.0,0.0,0.0,0.0,,,,,,,,,,,,,,,,,,,,,,0.001
1,80,train,0.23609492182731628,0.1967199593782425,0.19687476754188538,0.0,0.0,0.0,0.0,0.0,0.0,0.0,0.0,0.0,0.0,0.0,0.0,0.0,0.0,0.0,0.0,0.0,0.0,0.0,0.0,0.0,0.0,0.0,0.0,1.0,0.4972010850906372,0.4972010850906372,0.4971843361854553,0.0,0.018947985023260117,0.4593607187271118,1.0,0.0,1.0,0.0,0.0,0.00024308732827194035,0.0,0.0,0.0,0.0,0.27577143907546997,0.01549206767231226,0.22211048007011414,0.3365964889526367,0.5852818489074707,0.0,0.0,0.0,0.0,0.0,0.0,0.0,0.0,1.0,0.0,3.561169796739705e-05,0.4609801769256592,0.06899818032979965,0.9922018051147461,0.0,0.19687476754188538,0.1967199593782425,0.1967199593782425,0.07090417295694351,0.014939092099666595,-4.536526015952447e-11,0.0,0.0,3.7740867137908936,3.7740867137908936,1.6762796640396118,1.6762796640396118,0.24608401954174042,0.0,0.0,0.0,0.0,0.27577146887779236,0.03813990578055382,0.15196003019809723,0.4687803089618683,0.5852818489074707,0.0,1.6825909614562988,1.68196702003479,1.6762796640396118,1.674797773361206,0.4593607187271118,0.027271168306469917,0.006723640952259302,1.0,2.9615447521209717,3.0107972621917725,3.0574169158935547,0.0,3.0,0.0,0.0,0.0,0.0,0.0,0.0,,,,,,,,,,,,,,,,,,,,,,0.001
1,100,train,0.18863481283187866,0.1572045087814331,0.1571514904499054,0.0,0.0,0.0,0.0,0.0,0.0,0.0,0.0,0.0,0.0,0.0,0.0,0.0,0.0,0.0,0.0,0.0,0.0,0.0,0.0,0.0,0.0,0.0,0.0,1.0,0.4980955421924591,0.4980955421924591,0.4980699121952057,0.0,0.019836850464344025,0.46526038646698,1.0,0.0,1.0,0.0,0.0,0.00030006046290509403,0.0,0.0,0.0,0.0,0.2741067409515381,0.0135941868647933,0.23227064311504364,0.3335263133049011,0.583613395690918,0.0,0.0,0.0,0.0,0.0,0.0,0.0,0.0,1.0,0.0,1.7926242435351014e-05,0.46000707149505615,0.06861481815576553,0.990498423576355,0.0,0.1571514904499054,0.1572045087814331,0.1572045087814331,0.055558908730745316,0.004939626902341843,1.2807938043479794e-10,0.0,0.0,3.97383713722229,3.97383713722229,1.6748772859573364,1.6748772859573364,0.20312686264514923,0.0,0.0,0.0,0.0,0.2741067409515381,0.038370274007320404,0.15084895491600037,0.47565555572509766,0.583613395690918,0.0,1.682944655418396,1.6803653240203857,1.6748772859573364,1.67568039894104,0.46526038646698,0.029478438198566437,0.008096001110970974,1.0,2.8456807136535645,2.9034736156463623,2.9261555671691895,0.0,3.0,0.0,0.0,0.0,0.0,0.0,0.0,,,,,,,,,,,,,,,,,,,,,,0.001
1,120,train,0.15518493950366974,0.1293090581893921,0.12937939167022705,0.0,0.0,0.0,0.0,0.0,0.0,0.0,0.0,0.0,0.0,0.0,0.0,0.0,0.0,0.0,0.0,0.0,0.0,0.0,0.0,0.0,0.0,0.0,0.0,1.0,0.49543094635009766,0.49543094635009766,0.49542829394340515,0.0,0.0178352240473032,0.46487945318222046,1.0,0.0,1.0,0.0,0.0,0.0002519525878597051,0.0,0.0,0.0,0.0,0.2742910385131836,0.016786936670541763,0.22753524780273438,0.3328718841075897,0.5828524827957153,0.0,0.0,0.0,0.0,0.0,0.0,0.0,0.0,1.0,0.0,2.4039249183260836e-05,0.45789727568626404,0.0721038281917572,0.986754834651947,0.0,0.12937939167022705,0.1293090581893921,0.1293090581893921,0.06814321130514145,0.01128432061523199,-3.3664092347063246e-11,0.0,0.0,3.944690465927124,3.944690465927124,1.674424648284912,1.674424648284912,0.2451418787240982,0.0,0.0,0.0,0.0,0.2742910385131836,0.042978763580322266,0.13746653497219086,0.49459749460220337,0.5828524827957153,0.0,1.6836292743682861,1.6813404560089111,1.674424648284912,1.6762502193450928,0.46487945318222046,0.030577614903450012,0.006939382757991552,1.0,3.0846431255340576,3.089010000228882,3.019437789916992,0.0,3.0,0.0,0.0,0.0,0.0,0.0,0.0,,,,,,,,,,,,,,,,,,,,,,0.001
1,140,train,0.18456830084323883,0.1537834107875824,0.15392448008060455,0.0,0.0,0.0,0.0,0.0,0.0,0.0,0.0,0.0,0.0,0.0,0.0,0.0,0.0,0.0,0.0,0.0,0.0,0.0,0.0,0.0,0.0,0.0,0.0,1.0,0.4916832745075226,0.4916832745075226,0.4916979670524597,0.0,0.02025926299393177,0.4609071910381317,1.0,0.0,1.0,0.0,0.0,0.00022812960378360003,0.0,0.0,0.0,0.0,0.27365174889564514,0.01593133434653282,0.22550928592681885,0.3433927893638611,0.5822471976280212,0.0,0.0,0.0,0.0,0.0,0.0,0.0,0.0,1.0,0.0,5.336307731340639e-05,0.4577453136444092,0.07201861590147018,0.9837952852249146,0.0,0.15392448008060455,0.1537834107875824,0.1537834107875824,0.05816264450550079,0.017697622999548912,1.9344484347705304e-11,0.0,0.0,3.709895610809326,3.709895610809326,1.6699068546295166,1.6699068546295166,0.19684022665023804,0.0,0.0,0.0,0.0,0.27365174889564514,0.04291167110204697,0.13216640055179596,0.5402263402938843,0.5822471976280212,6.127451342763379e-05,1.678961157798767,1.6770150661468506,1.6699068546295166,1.6654261350631714,0.4609071910381317,0.033286601305007935,0.008045641705393791,1.0,2.7838592529296875,2.8885581493377686,2.9106669425964355,0.0,3.0,0.0,0.0,0.0,0.0,0.0,0.0,,,,,,,,,,,,,,,,,,,,,,0.001
1,160,train,0.17430777847766876,0.14527031779289246,0.14518728852272034,0.0,0.0,0.0,0.0,0.0,0.0,0.0,0.0,0.0,0.0,0.0,0.0,0.0,0.0,0.0,0.0,0.0,0.0,0.0,0.0,0.0,0.0,0.0,0.0,1.0,0.48941338062286377,0.48941341042518616,0.4894315302371979,0.0,0.018715905025601387,0.46007904410362244,1.0,0.0,1.0,0.0,0.0,0.000273275189101696,0.0,0.0,0.0,0.0,0.27336743474006653,0.015990830957889557,0.22845903038978577,0.34498831629753113,0.5821731090545654,0.0,0.0,0.0,0.0,0.0,0.0,0.0,0.0,1.0,0.0,3.4156368201365694e-05,0.45425039529800415,0.07295455038547516,0.9805625677108765,0.0,0.14518728852272034,0.14527031779289246,0.14527031779289246,0.058164652436971664,0.013035174459218979,1.7336554067326482e-11,0.0,0.0,3.865375280380249,3.865375280380249,1.6686617136001587,1.6686617136001587,0.20156778395175934,0.0,0.0,0.0,0.0,0.27336743474006653,0.04194329306483269,0.1303277462720871,0.5217486619949341,0.5821731090545654,4.595588688971475e-05,1.6767553091049194,1.675462245941162,1.6686617136001587,1.673353910446167,0.46007904410362244,0.03465646132826805,0.008929071947932243,1.0,2.8194332122802734,2.8297946453094482,2.8208179473876953,0.0,3.0,0.0,0.0,0.0,0.0,0.0,0.0,,,,,,,,,,,,,,,,,,,,,,0.001
1,180,train,0.15596625208854675,0.12996762990951538,0.12999309599399567,0.0,0.0,0.0,0.0,0.0,0.0,0.0,0.0,0.0,0.0,0.0,0.0,0.0,0.0,0.0,0.0,0.0,0.0,0.0,0.0,0.0,0.0,0.0,0.0,1.0,0.48499685525894165,0.48499685525894165,0.4849514067173004,0.0,0.01813024841248989,0.45956453680992126,1.0,0.0,1.0,0.0,0.0,0.0003400233690626919,0.0,0.0,0.0,0.0,0.27171769738197327,0.014946353621780872,0.22497457265853882,0.33779239654541016,0.580561101436615,0.0,0.0,0.0,0.0,0.0,0.0,0.0,0.0,1.0,0.0,3.7348927435232326e-05,0.4510236084461212,0.07511776685714722,0.9765709042549133,0.0,0.12999309599399567,0.12996762990951538,0.12996762990951538,0.05663063004612923,0.004360564518719912,-1.4085996258295097e-10,0.0,0.0,3.9186911582946777,3.9186911582946777,1.6640805006027222,1.6640805006027222,0.19905813038349152,0.0,0.0,0.0,0.0,0.27171772718429565,0.041828472167253494,0.1304221749305725,0.5461327433586121,0.580561101436615,3.0637256713816896e-05,1.670008659362793,1.6719131469726562,1.6640805006027222,1.6675910949707031,0.45956453680992126,0.03604130446910858,0.008316148072481155,1.0,2.905855655670166,2.9076335430145264,2.895414352416992,0.0,3.0,0.0,0.0,0.0,0.0,0.0,0.0,,,,,,,,,,,,,,,,,,,,,,0.001
1,200,train,0.18257832527160645,0.15210860967636108,0.15234854817390442,0.0,0.0,0.0,0.0,0.0,0.0,0.0,0.0,0.0,0.0,0.0,0.0,0.0,0.0,0.0,0.0,0.0,0.0,0.0,0.0,0.0,0.0,0.0,0.0,1.0,0.48341596126556396,0.48341596126556396,0.48344412446022034,0.0,0.021839449182152748,0.4659743905067444,1.0,0.0,1.0,0.0,0.0,0.0002956473035737872,0.0,0.0,0.0,0.0,0.27426716685295105,0.013734323903918266,0.22215783596038818,0.32859134674072266,0.5831831097602844,0.0,0.0,0.0,0.0,0.0,0.0,0.0,0.0,1.0,0.0,3.871392254950479e-05,0.45038777589797974,0.07577136904001236,0.973280668258667,0.0,0.15234854817390442,0.15210860967636108,0.15210860967636108,0.05870327726006508,0.015803813934326172,4.406524797828659e-11,0.0,0.0,3.745357036590576,3.745357036590576,1.6616759300231934,1.6616759300231934,0.1994345486164093,0.0,0.0,0.0,0.0,0.27426713705062866,0.041318874806165695,0.1374017894268036,0.47933587431907654,0.5831831097602844,0.0,1.6655815839767456,1.6701387166976929,1.6616759300231934,1.6666361093521118,0.4659743905067444,0.036626581102609634,0.00905819796025753,1.0,2.8661680221557617,2.8621506690979004,2.9508323669433594,0.0,3.0,0.0,0.0,0.0,0.0,0.0,0.0,,,,,,,,,,,,,,,,,,,,,,0.001
1,220,train,0.18851639330387115,0.15707525610923767,0.15720568597316742,0.0,0.0,0.0,0.0,0.0,0.0,0.0,0.0,0.0,0.0,0.0,0.0,0.0,0.0,0.0,0.0,0.0,0.0,0.0,0.0,0.0,0.0,0.0,0.0,1.0,0.4797910749912262,0.4797910749912262,0.4797899127006531,0.0,0.02023150399327278,0.45947757363319397,1.0,0.0,1.0,0.0,0.0,0.0003252824826631695,0.0,0.0,0.0,0.0,0.2700924277305603,0.014466602355241776,0.21744316816329956,0.33050447702407837,0.5787874460220337,0.0,0.0,0.0,0.0,0.0,0.0,0.0,0.0,1.0,0.0,1.4439089682127815e-05,0.4493407905101776,0.07657688111066818,0.9699907302856445,0.0,0.15720568597316742,0.15707525610923767,0.15707525610923767,0.05804514139890671,0.013600875623524189,-1.1135904698367227e-10,0.0,0.0,3.867489814758301,3.867489814758301,1.6568490266799927,1.6568490266799927,0.20009182393550873,0.0,0.0,0.0,0.0,0.2700924277305603,0.0424802228808403,0.13291265070438385,0.4923644959926605,0.5787874460220337,0.0,1.662588119506836,1.665158987045288,1.6568490266799927,1.6601313352584839,0.45947757363319397,0.037641845643520355,0.009869638830423355,1.0,2.7266347408294678,2.799075126647949,2.807406187057495,0.0,3.0,0.0,0.0,0.0,0.0,0.0,0.0,,,,,,,,,,,,,,,,,,,,,,0.001
1,240,train,0.14527782797813416,0.12105889618396759,0.12109467387199402,0.0,0.0,0.0,0.0,0.0,0.0,0.0,0.0,0.0,0.0,0.0,0.0,0.0,0.0,0.0,0.0,0.0,0.0,0.0,0.0,0.0,0.0,0.0,0.0,1.0,0.4756234884262085,0.4756234884262085,0.4756268262863159,0.0,0.019467828795313835,0.46413105726242065,1.0,0.0,1.0,0.0,0.0,0.0003082635812461376,0.0,0.0,0.0,0.0,0.2731627821922302,0.01498100534081459,0.22941327095031738,0.32782265543937683,0.5815617442131042,0.0,0.0,0.0,0.0,0.0,0.0,0.0,0.0,1.0,0.0,-6.433211183320964e-06,0.4522697627544403,0.0777338296175003,0.966968297958374,0.0,0.12109467387199402,0.12105889618396759,0.12105889618396759,0.056210026144981384,0.006812322419136763,-3.2699931651336556e-10,0.0,0.0,3.9180891513824463,3.9180891513824463,1.6570491790771484,1.6570491790771484,0.19733889400959015,0.0,0.0,0.0,0.0,0.27316275238990784,0.043824952095746994,0.13055050373077393,0.4814741313457489,0.5815617442131042,0.0,1.6623618602752686,1.6660871505737305,1.6570491790771484,1.6536095142364502,0.46413105726242065,0.03817588835954666,0.010078033432364464,1.0,2.91949462890625,2.9050168991088867,2.895106792449951,0.0,3.0,0.0,0.0,0.0,0.0,0.0,0.0,,,,,,,,,,,,,,,,,,,,,,0.001
1,260,train,0.15450519323349,0.12874901294708252,0.12878087162971497,0.0,0.0,0.0,0.0,0.0,0.0,0.0,0.0,0.0,0.0,0.0,0.0,0.0,0.0,0.0,0.0,0.0,0.0,0.0,0.0,0.0,0.0,0.0,0.0,1.0,0.47158199548721313,0.47158199548721313,0.47158271074295044,0.0,0.018226224929094315,0.4622509181499481,1.0,0.0,1.0,0.0,0.0,0.00025860517052933574,0.0,0.0,0.0,0.0,0.2715555429458618,0.014304136857390404,0.21853308379650116,0.3249117434024811,0.5802319645881653,0.0,0.0,0.0,0.0,0.0,0.0,0.0,0.0,1.0,0.0,0.0001000160991679877,0.4485194683074951,0.07970137149095535,0.9622237086296082,0.0,0.12878087162971497,0.12874901294708252,0.12874901294708252,0.055132463574409485,-0.001423796289600432,3.107955906522797e-11,0.0,0.0,4.003235816955566,4.003235816955566,1.6578401327133179,1.6578401327133179,0.19910107553005219,0.0,0.0,0.0,0.0,0.2715555429458618,0.04259464517235756,0.1314745843410492,0.5473697185516357,0.5802319645881653,4.595588688971475e-05,1.6618236303329468,1.6666964292526245,1.6578401327133179,1.6515265703201294,0.4622509181499481,0.03890342265367508,0.0101160304620862,1.0,2.8853073120117188,2.863584518432617,3.062389373779297,0.0,3.0,0.0,0.0,0.0,0.0,0.0,0.0,,,,,,,,,,,,,,,,,,,,,,0.001
1,280,train,0.1433842033147812,0.11948170512914658,0.11951249092817307,0.0,0.0,0.0,0.0,0.0,0.0,0.0,0.0,0.0,0.0,0.0,0.0,0.0,0.0,0.0,0.0,0.0,0.0,0.0,0.0,0.0,0.0,0.0,0.0,1.0,0.4681989252567291,0.4681989252567291,0.46820005774497986,0.0,0.018580308184027672,0.4634019434452057,1.0,0.0,1.0,0.0,0.0,0.00031495181610807776,0.0,0.0,0.0,0.0,0.27126818895339966,0.013937944546341896,0.22626200318336487,0.3253108263015747,0.5797479152679443,0.0,0.0,0.0,0.0,0.0,0.0,0.0,0.0,1.0,0.0,6.351374395308085e-06,0.44683754444122314,0.08127155154943466,0.9590274095535278,0.0,0.11951249092817307,0.11948170512914658,0.11948170512914658,0.05142451077699661,-0.01350499875843525,2.573447566156517e-10,0.0,0.0,4.147735118865967,4.147735595703125,1.6503360271453857,1.6503360271453857,0.1889805942773819,0.0,0.0,0.0,0.0,0.27126818895339966,0.0435154028236866,0.12715961039066315,0.5135291814804077,0.5797479152679443,1.5318628356908448e-05,1.653610110282898,1.660038709640503,1.6503360271453857,1.651532769203186,0.4634019434452057,0.039045676589012146,0.010359269566833973,1.0,2.6358625888824463,2.78743052482605,2.8711001873016357,0.0,3.0,0.0,0.0,0.0,0.0,0.0,0.0,,,,,,,,,,,,,,,,,,,,,,0.001
1,300,train,0.14587144553661346,0.12158764153718948,0.1214190423488617,0.0,0.0,0.0,0.0,0.0,0.0,0.0,0.0,0.0,0.0,0.0,0.0,0.0,0.0,0.0,0.0,0.0,0.0,0.0,0.0,0.0,0.0,0.0,0.0,1.0,0.46366167068481445,0.46366167068481445,0.46369439363479614,0.0,0.020616676658391953,0.46263524889945984,1.0,0.0,1.0,0.0,0.0,0.0002701260382309556,0.0,0.0,0.0,0.0,0.273882120847702,0.01451094914227724,0.22660981118679047,0.32913702726364136,0.5823365449905396,0.0,0.0,0.0,0.0,0.0,0.0,0.0,0.0,1.0,0.0,1.5630679399691871e-06,0.44549301266670227,0.08094508200883865,0.9525364637374878,0.0,0.1214190423488617,0.12158764153718948,0.12158764153718948,0.053219206631183624,0.006348009686917067,1.4067416675977995e-10,0.0,0.0,3.8812923431396484,3.8812923431396484,1.6418812274932861,1.6418812274932861,0.18317826092243195,0.0,0.0,0.0,0.0,0.273882120847702,0.043541666120290756,0.13007564842700958,0.5290234088897705,0.5823365449905396,1.5318628356908448e-05,1.644301176071167,1.6518681049346924,1.6418812274932861,1.6417491436004639,0.46263524889945984,0.04003499820828438,0.009912865236401558,1.0,2.872457504272461,2.809960126876831,2.9087705612182617,0.0,3.0,0.0,0.0,0.0,0.0,0.0,0.0,,,,,,,,,,,,,,,,,,,,,,0.001
1,320,train,0.14703017473220825,0.12255341559648514,0.12238382548093796,0.0,0.0,0.0,0.0,0.0,0.0,0.0,0.0,0.0,0.0,0.0,0.0,0.0,0.0,0.0,0.0,0.0,0.0,0.0,0.0,0.0,0.0,0.0,0.0,1.0,0.45615285634994507,0.45615285634994507,0.4561694264411926,0.0,0.020081371068954468,0.4635152518749237,1.0,0.0,1.0,0.0,0.0,0.0003841706202365458,0.0,0.0,0.0,0.0,0.27179813385009766,0.0154310567304492,0.22757486999034882,0.33555519580841064,0.5802975296974182,0.0,0.0,0.0,0.0,0.0,0.0,0.0,0.0,1.0,0.0,-4.349368828115985e-05,0.44433271884918213,0.08151643723249435,0.9455273151397705,0.0,0.12238382548093796,0.12255341559648514,0.12255341559648514,0.06057540327310562,0.014891660772264004,7.264615298208099e-11,0.0,0.0,3.8897781372070312,3.8897781372070312,1.6321196556091309,1.6321196556091309,0.20573224127292633,0.0,0.0,0.0,0.0,0.2717980742454529,0.04343852028250694,0.13328389823436737,0.5120242834091187,0.5802975296974182,3.0637256713816896e-05,1.6344962120056152,1.641831398010254,1.6321196556091309,1.6299916505813599,0.4635152518749237,0.04022419825196266,0.010555092245340347,1.0,2.770625591278076,2.8251357078552246,2.9752440452575684,0.0,3.0,0.0,0.0,0.0,0.0,0.0,0.0,,,,,,,,,,,,,,,,,,,,,,0.001
1,334,train_epoch,0.18989168192276698,0.15825029458114487,0.15820693104210015,0.0,0.0,0.0,0.0,0.0,0.0,0.0,0.0,0.0,0.0,0.0,0.0,0.0,0.0,0.0,0.0,0.0,0.0,0.0,0.0,0.0,0.0,0.0,0.0,1.0,0.48566715392523896,0.4856671540144675,0.4856721751704187,0.0,0.01924232964007976,0.4632952592508522,1.0,0.0,1.0,0.0,0.0,0.00028473504894436754,0.0,0.0,0.0,0.0,0.27211816019997626,0.014748876008154924,0.22447174845519893,0.3318406060605706,0.5811427146374822,0.0,0.0,0.0,0.0,0.0,0.0,0.0,0.0,1.0,0.0,1.4176769929876483e-05,0.4550266844069886,0.07341576352001664,0.9773069231096142,0.0,0.15820693104210015,0.15825029458114487,0.15825029458114487,0.06289269846535014,0.009326429530195884,1.3847291651518728e-11,0.0,0.0,3.8852533580300337,3.885253349464097,1.6637476447099697,1.6637476447099697,0.22214815239171068,0.0,0.0,0.0,0.0,0.27211815065252565,0.04072244236703047,0.13553219868572886,0.4987622629739567,0.5811427146374822,1.5272764314518833e-05,1.6695972859502552,1.6711013513410877,1.6637476447099697,1.6638337487946013,0.4632952592508522,0.03190291874824527,0.008291872421803768,1.0,2.9335270177818344,2.9343462175951744,2.934754167488235,0.0,3.0,0.0,0.0,0.0,0.0,0.0,0.0,,,,,,,,,,,,,,,,,,,,,,0.001
1,334,val,,,,,,,,,,,,,,,,,,,,,,,,,,,,,,,,,,,,,,,,,,,,,,,,,,,,,,,,,,,,,,,,,,,,,,,,,,,,,,,,,,,,,,,,,,,,,,,,,,,,,,,,,,,92.1186318397522,16422.570247105188,128.15057646029217,175.16110672269548,50.458726150648936,18.515950160367147,28.82230654432846,12.081416836806707,8.710336978946414,67.4080571106502,82.45292723653748,135.67962454046523,37.68036583491734,137.61745289393835,166.5837797461856,273.0392234666007,77.47137996128627,92.1186318397522,128.15057646029217,175.16110672269548,50.458726150648936,0.001
1,334,test,,,,,,,,,,,,,,,,,,,,,,,,,,,,,,,,,,,,,,,,,,,,,,,,,,,,,,,,,,,,,,,,,,,,,,,,,,,,,,,,,,,,,,,,,,,,,,,,,,,,,,,,,,,96.26080025945392,18030.762547084265,134.27867495281694,155.75379375049047,54.07600576536996,18.065062901803426,28.408524303047244,10.997704459088189,8.495706915855408,70.93942849976676,86.77065083129023,121.70807659626007,41.17825664792742,144.11071395874023,174.43106300125012,243.84313297271729,82.91966850417,96.26080025945392,134.27867495281694,155.75379375049047,54.07600576536996,0.001
2,340,train,0.18467029929161072,0.15395063161849976,0.153598353266716,0.0,0.0,0.0,0.0,0.0,0.0,0.0,0.0,0.0,0.0,0.0,0.0,0.0,0.0,0.0,0.0,0.0,0.0,0.0,0.0,0.0,0.0,0.0,0.0,1.0,0.4414518475532532,0.4414518475532532,0.4414755403995514,0.0,0.017544202506542206,0.4623670279979706,1.0,0.0,1.0,0.0,0.0,0.00037319131661206484,0.0,0.0,0.0,0.0,0.27330127358436584,0.014072815887629986,0.22915661334991455,0.32607772946357727,0.5819311141967773,0.0,0.0,0.0,0.0,0.0,0.0,0.0,0.0,1.0,0.0,-2.157680137315765e-05,0.4319077134132385,0.09186765551567078,0.9290465712547302,0.0,0.153598353266716,0.15395063161849976,0.15395063161849976,0.07098455727100372,-0.00680487509816885,-1.0714986536930482e-10,0.0,0.0,4.020139694213867,4.020139694213867,1.6298433542251587,1.6298433542251587,0.2656623125076294,0.0,0.0,0.0,0.0,0.27330130338668823,0.04276739060878754,0.13331551849842072,0.5079406499862671,0.5819311141967773,3.0637256713816896e-05,1.6309396028518677,1.6396799087524414,1.6298433542251587,1.6287504434585571,0.4623670279979706,0.03870953992009163,0.010331814177334309,1.0,2.797435760498047,2.822573661804199,2.8931069374084473,0.0,4.0,0.0,0.0,0.0,0.0,0.0,0.0,,,,,,,,,,,,,,,,,,,,,,0.001
2,360,train,0.1583470106124878,0.1319631189107895,0.13191942870616913,0.0,0.0,0.0,0.0,0.0,0.0,0.0,0.0,0.0,0.0,0.0,0.0,0.0,0.0,0.0,0.0,0.0,0.0,0.0,0.0,0.0,0.0,0.0,0.0,1.0,0.4879171550273895,0.4879172146320343,0.487927109003067,0.0,0.019238309934735298,0.46158286929130554,1.0,0.0,1.0,0.0,0.0,0.0002781837247312069,0.0,0.0,0.0,0.0,0.2723543643951416,0.014676612801849842,0.2206600308418274,0.335752934217453,0.5802278518676758,0.0,0.0,0.0,0.0,0.0,0.0,0.0,0.0,1.0,0.0,2.2452763914770912e-06,0.47799190878868103,0.0517047718167305,0.9798350930213928,0.0,0.13191942870616913,0.1319631189107895,0.1319631189107895,0.06702865660190582,0.006784455850720406,-6.543624669896886e-11,0.0,0.0,3.7080078125,3.7080078125,1.6275843381881714,1.6275843381881714,0.23159198462963104,0.0,0.0,0.0,0.0,0.272354394197464,0.04620138555765152,0.11010824143886566,0.514673113822937,0.5802278518676758,6.127451342763379e-05,1.6375973224639893,1.6372931003570557,1.6275843381881714,1.6298376321792603,0.46158286929130554,0.057543233036994934,0.01201706938445568,1.0,2.733799934387207,2.6377675533294678,2.7684500217437744,0.0,4.0,0.0,0.0,0.0,0.0,0.0,0.0,,,,,,,,,,,,,,,,,,,,,,0.001
2,380,train,0.1678091436624527,0.13986174762248993,0.13973698019981384,0.0,0.0,0.0,0.0,0.0,0.0,0.0,0.0,0.0,0.0,0.0,0.0,0.0,0.0,0.0,0.0,0.0,0.0,0.0,0.0,0.0,0.0,0.0,0.0,1.0,0.48772934079170227,0.48772934079170227,0.48775285482406616,0.0,0.01875651814043522,0.46528738737106323,1.0,0.0,1.0,0.0,0.0,0.0003351842169649899,0.0,0.0,0.0,0.0,0.2792208194732666,0.01598716899752617,0.22926411032676697,0.3479384183883667,0.5877305865287781,0.0,0.0,0.0,0.0,0.0,0.0,0.0,0.0,1.0,0.0,0.00010862883209483698,0.4800416827201843,0.050865545868873596,0.9803922176361084,0.0,0.13973698019981384,0.13986174762248993,0.13986174762248993,0.05901653319597244,-0.0033040379639714956,-1.8588956762766173e-10,0.0,0.0,3.8851053714752197,3.8851048946380615,1.628523349761963,1.628523349761963,0.21033386886119843,0.0,0.0,0.0,0.0,0.2792208194732666,0.04261726140975952,0.1479736864566803,0.5199224352836609,0.5877305865287781,4.595588688971475e-05,1.6339757442474365,1.6372311115264893,1.628523349761963,1.6295535564422607,0.46528738737106323,0.06229424476623535,0.012949754483997822,1.0,2.9173648357391357,2.813478946685791,2.86214542388916,0.0,4.0,0.0,0.0,0.0,0.0,0.0,0.0,,,,,,,,,,,,,,,,,,,,,,0.001
2,400,train,0.14106783270835876,0.1175827607512474,0.11742536723613739,0.0,0.0,0.0,0.0,0.0,0.0,0.0,0.0,0.0,0.0,0.0,0.0,0.0,0.0,0.0,0.0,0.0,0.0,0.0,0.0,0.0,0.0,0.0,0.0,1.0,0.48467928171157837,0.48467928171157837,0.48465707898139954,0.0,0.01827871985733509,0.4572681188583374,1.0,0.0,1.0,0.0,0.0,0.0002908823953475803,0.0,0.0,0.0,0.0,0.2787100672721863,0.012929917313158512,0.23795966804027557,0.3327925205230713,0.5880571007728577,0.0,0.0,0.0,0.0,0.0,0.0,0.0,0.0,1.0,0.0,5.518877151189372e-05,0.4772144556045532,0.053842660039663315,0.9767755270004272,0.0,0.11742536723613739,0.1175827607512474,0.1175827607512474,0.058032743632793427,0.007664359640330076,-4.215446394728595e-11,0.0,0.0,3.762350082397461,3.76235032081604,1.6260989904403687,1.6260989904403687,0.19576551020145416,0.0,0.0,0.0,0.0,0.27871009707450867,0.038499679416418076,0.15091313421726227,0.4705897271633148,0.5880571007728577,0.0,1.629144549369812,1.633934497833252,1.6260989904403687,1.6293171644210815,0.4572681188583374,0.06270323693752289,0.01330204214900732,1.0,2.728283405303955,2.737400770187378,2.8425965309143066,0.0,4.0,0.0,0.0,0.0,0.0,0.0,0.0,,,,,,,,,,,,,,,,,,,,,,0.001
2,420,train,0.1317625194787979,0.10981819033622742,0.10972164571285248,0.0,0.0,0.0,0.0,0.0,0.0,0.0,0.0,0.0,0.0,0.0,0.0,0.0,0.0,0.0,0.0,0.0,0.0,0.0,0.0,0.0,0.0,0.0,0.0,1.0,0.480315625667572,0.480315625667572,0.4803454875946045,0.0,0.01957286335527897,0.45832201838493347,1.0,0.0,1.0,0.0,0.0,0.0002282624482177198,0.0,0.0,0.0,0.0,0.27804508805274963,0.01342768408358097,0.23591415584087372,0.3247779607772827,0.5872067213058472,0.0,0.0,0.0,0.0,0.0,0.0,0.0,0.0,1.0,0.0,1.8523138351156376e-05,0.4715372622013092,0.05562249943614006,0.9727157354354858,0.0,0.10972164571285248,0.10981819033622742,0.10981819033622742,0.05479404330253601,0.0035957989748567343,2.6742399961143803e-10,0.0,0.0,3.6451423168182373,3.6451423168182373,1.6278496980667114,1.6278496980667114,0.17761079967021942,0.0,0.0,0.0,0.0,0.27804505825042725,0.03959304839372635,0.15208981931209564,0.49787473678588867,0.5872067213058472,0.0,1.6315165758132935,1.6358212232589722,1.6278496980667114,1.6254675388336182,0.45832201838493347,0.0626295804977417,0.012994300574064255,1.0,2.687652111053467,2.72172212600708,2.747187614440918,0.0,4.0,0.0,0.0,0.0,0.0,0.0,0.0,,,,,,,,,,,,,,,,,,,,,,0.001
2,440,train,0.14053505659103394,0.1171124055981636,0.11711329221725464,0.0,0.0,0.0,0.0,0.0,0.0,0.0,0.0,0.0,0.0,0.0,0.0,0.0,0.0,0.0,0.0,0.0,0.0,0.0,0.0,0.0,0.0,0.0,0.0,1.0,0.4767083525657654,0.4767083525657654,0.4767560362815857,0.0,0.01790183037519455,0.4601539373397827,1.0,0.0,1.0,0.0,0.0,0.0003173320437781513,0.0,0.0,0.0,0.0,0.27828019857406616,0.015894358977675438,0.2243601381778717,0.33788570761680603,0.5871305465698242,0.0,0.0,0.0,0.0,0.0,0.0,0.0,0.0,1.0,0.0,-3.846110121230595e-05,0.4716504216194153,0.05719906464219093,0.9686562418937683,0.0,0.11711329221725464,0.1171124055981636,0.1171124055981636,0.057254400104284286,-0.003961144480854273,3.385165758817976e-10,0.0,0.0,4.03391695022583,4.03391695022583,1.6207122802734375,1.6207122802734375,0.20609641075134277,0.0,0.0,0.0,0.0,0.27828022837638855,0.04112033173441887,0.14647816121578217,0.517069399356842,0.5871305465698242,4.595588688971475e-05,1.6249583959579468,1.628768801689148,1.6207122802734375,1.621754765510559,0.4601539373397827,0.06257298588752747,0.01313110813498497,1.0,2.8510212898254395,2.734816312789917,2.777836561203003,0.0,4.0,0.0,0.0,0.0,0.0,0.0,0.0,,,,,,,,,,,,,,,,,,,,,,0.001
2,460,train,0.14629574120044708,0.1219075620174408,0.12194088101387024,0.0,0.0,0.0,0.0,0.0,0.0,0.0,0.0,0.0,0.0,0.0,0.0,0.0,0.0,0.0,0.0,0.0,0.0,0.0,0.0,0.0,0.0,0.0,0.0,1.0,0.4732288122177124,0.4732288122177124,0.4732438921928406,0.0,0.019080206751823425,0.4566337764263153,1.0,0.0,1.0,0.0,0.0,0.00036561634624376893,0.0,0.0,0.0,0.0,0.27743685245513916,0.015878556296229362,0.23497721552848816,0.34882861375808716,0.5862991809844971,0.0,0.0,0.0,0.0,0.0,0.0,0.0,0.0,1.0,0.0,6.684699474135414e-05,0.4695587754249573,0.058378782123327255,0.9642595648765564,0.0,0.12194088101387024,0.1219075620174408,0.1219075620174408,0.05133353918790817,0.010132203809916973,-2.6850097145647567e-10,0.0,0.0,3.7158937454223633,3.7158937454223633,1.6162062883377075,1.6162062883377075,0.1705203652381897,0.0,0.0,0.0,0.0,0.27743685245513916,0.041203830391168594,0.1394156962633133,0.5004344582557678,0.5862991809844971,1.5318628356908448e-05,1.6191765069961548,1.6247831583023071,1.6162062883377075,1.6177393198013306,0.4566337764263153,0.0638621523976326,0.013473519124090672,1.0,2.712604284286499,2.686614751815796,2.8056068420410156,0.0,4.0,0.0,0.0,0.0,0.0,0.0,0.0,,,,,,,,,,,,,,,,,,,,,,0.001
2,480,train,0.15313468873500824,0.12761928141117096,0.1275770366191864,0.0,0.0,0.0,0.0,0.0,0.0,0.0,0.0,0.0,0.0,0.0,0.0,0.0,0.0,0.0,0.0,0.0,0.0,0.0,0.0,0.0,0.0,0.0,0.0,1.0,0.4683151841163635,0.4683151841163635,0.4682883024215698,0.0,0.01875433884561062,0.45856714248657227,1.0,0.0,1.0,0.0,0.0,0.00038000219501554966,0.0,0.0,0.0,0.0,0.27747440338134766,0.014529039151966572,0.22528716921806335,0.32507285475730896,0.5864449739456177,0.0,0.0,0.0,0.0,0.0,0.0,0.0,0.0,1.0,0.0,-1.0980247679981403e-05,0.4700329899787903,0.05852111056447029,0.9610194563865662,0.0,0.1275770366191864,0.12761928141117096,0.12761928141117096,0.05863994359970093,0.024673011153936386,2.0894834473761392e-10,0.0,0.0,3.7986092567443848,3.7986092567443848,1.6085374355316162,1.6085374355316162,0.19418920576572418,0.0,0.0,0.0,0.0,0.27747440338134766,0.0406707301735878,0.1434417963027954,0.4929158687591553,0.5864449739456177,0.0,1.6136817932128906,1.6161746978759766,1.6085374355316162,1.610933780670166,0.45856714248657227,0.0632336437702179,0.013226359151303768,1.0,2.7079591751098633,2.717942714691162,2.6960320472717285,0.0,4.0,0.0,0.0,0.0,0.0,0.0,0.0,,,,,,,,,,,,,,,,,,,,,,0.001
2,500,train,0.13185174763202667,0.10988781601190567,0.10981962829828262,0.0,0.0,0.0,0.0,0.0,0.0,0.0,0.0,0.0,0.0,0.0,0.0,0.0,0.0,0.0,0.0,0.0,0.0,0.0,0.0,0.0,0.0,0.0,0.0,1.0,0.46538203954696655,0.46538203954696655,0.4654238224029541,0.0,0.018539465963840485,0.45944786071777344,1.0,0.0,1.0,0.0,0.0,0.00038277264684438705,0.0,0.0,0.0,0.0,0.2792333662509918,0.015057630836963654,0.22130435705184937,0.34006267786026,0.587864100933075,0.0,0.0,0.0,0.0,0.0,0.0,0.0,0.0,1.0,0.0,4.658020770875737e-06,0.46999019384384155,0.059570010751485825,0.9567561149597168,0.0,0.10981962829828262,0.10988781601190567,0.10988781601190567,0.052795637398958206,-0.0025372393429279327,3.7844571226797186e-11,0.0,0.0,3.901454448699951,3.901454448699951,1.6068133115768433,1.6068133115768433,0.18370719254016876,0.0,0.0,0.0,0.0,0.27923333644866943,0.04200544208288193,0.13228636980056763,0.5284697413444519,0.587864100933075,3.0637256713816896e-05,1.6107397079467773,1.615468144416809,1.6068133115768433,1.6130435466766357,0.45944786071777344,0.0639156699180603,0.013488095253705978,1.0,2.7767462730407715,2.745917320251465,2.7599973678588867,0.0,4.0,0.0,0.0,0.0,0.0,0.0,0.0,,,,,,,,,,,,,,,,,,,,,,0.001
2,520,train,0.14725545048713684,0.12270820885896683,0.12273624539375305,0.0,0.0,0.0,0.0,0.0,0.0,0.0,0.0,0.0,0.0,0.0,0.0,0.0,0.0,0.0,0.0,0.0,0.0,0.0,0.0,0.0,0.0,0.0,0.0,1.0,0.46227219700813293,0.46227219700813293,0.46226590871810913,0.0,0.017263362184166908,0.45992332696914673,1.0,0.0,1.0,0.0,0.0,0.0004182453267276287,0.0,0.0,0.0,0.0,0.27508777379989624,0.013595244847238064,0.23080876469612122,0.3316923975944519,0.5840554237365723,0.0,0.0,0.0,0.0,0.0,0.0,0.0,0.0,1.0,0.0,-8.172904927050695e-06,0.470734179019928,0.05982590466737747,0.9546000361442566,0.0,0.12273624539375305,0.12270820885896683,0.12270820885896683,0.04724302515387535,0.010882909409701824,-1.227259821545701e-10,0.0,0.0,3.917667865753174,3.9176676273345947,1.6052721738815308,1.6052721738815308,0.1650630533695221,0.0,0.0,0.0,0.0,0.27508780360221863,0.04098578169941902,0.13844013214111328,0.5122056603431702,0.5840554237365723,3.0637256713816896e-05,1.6099423170089722,1.6134529113769531,1.6052721738815308,1.6020290851593018,0.45992332696914673,0.06393880397081375,0.013409160077571869,1.0,2.6832146644592285,2.695143699645996,2.7761971950531006,0.0,4.0,0.0,0.0,0.0,0.0,0.0,0.0,,,,,,,,,,,,,,,,,,,,,,0.001
2,540,train,0.14682702720165253,0.12236783653497696,0.12229593098163605,0.0,0.0,0.0,0.0,0.0,0.0,0.0,0.0,0.0,0.0,0.0,0.0,0.0,0.0,0.0,0.0,0.0,0.0,0.0,0.0,0.0,0.0,0.0,0.0,1.0,0.4596446752548218,0.4596446752548218,0.459640234708786,0.0,0.01821417361497879,0.4588676989078522,1.0,0.0,1.0,0.0,0.0,0.0004380036552902311,0.0,0.0,0.0,0.0,0.27429381012916565,0.0140368128195405,0.23018181324005127,0.32386037707328796,0.5832201242446899,0.0,0.0,0.0,0.0,0.0,0.0,0.0,0.0,1.0,0.0,-6.623422814300284e-05,0.4656107425689697,0.06133976951241493,0.9486268758773804,0.0,0.12229593098163605,0.12236783653497696,0.12236783653497696,0.05044465884566307,0.0005952062201686203,-2.212679171831322e-11,0.0,0.0,3.8269338607788086,3.8269338607788086,1.5947988033294678,1.5947988033294678,0.16893836855888367,0.0,0.0,0.0,0.0,0.27429383993148804,0.04126768931746483,0.13690395653247833,0.5056607723236084,0.5832201242446899,1.5318628356908448e-05,1.5993576049804688,1.603021264076233,1.5947988033294678,1.6014491319656372,0.4588676989078522,0.06314156949520111,0.01330721564590931,1.0,2.6620326042175293,2.7245607376098633,2.6359689235687256,0.0,4.0,0.0,0.0,0.0,0.0,0.0,0.0,,,,,,,,,,,,,,,,,,,,,,0.001
2,560,train,0.14536796510219574,0.12116308510303497,0.12102442234754562,0.0,0.0,0.0,0.0,0.0,0.0,0.0,0.0,0.0,0.0,0.0,0.0,0.0,0.0,0.0,0.0,0.0,0.0,0.0,0.0,0.0,0.0,0.0,0.0,1.0,0.45368167757987976,0.45368167757987976,0.45368385314941406,0.0,0.01803099922835827,0.4580480456352234,1.0,0.0,1.0,0.0,0.0,0.0004660274425987154,0.0,0.0,0.0,0.0,0.2758660614490509,0.01541619561612606,0.22078537940979004,0.3338661789894104,0.5845887660980225,0.0,0.0,0.0,0.0,0.0,0.0,0.0,0.0,1.0,0.0,5.3442407079273835e-05,0.4654560983181,0.06244419515132904,0.94328773021698,0.0,0.12102442234754562,0.12116308510303497,0.12116308510303497,0.049210116267204285,0.009061971679329872,-2.0027589309190574e-10,0.0,0.0,3.987365484237671,3.987365484237671,1.5921212434768677,1.5921212434768677,0.16846109926700592,0.0,0.0,0.0,0.0,0.2758660614490509,0.0420721173286438,0.13277730345726013,0.5004821419715881,0.5845887660980225,1.5318628356908448e-05,1.5958269834518433,1.6006629467010498,1.5921212434768677,1.5879040956497192,0.4580480456352234,0.06369614601135254,0.013513525016605854,1.0,2.704263925552368,2.7233824729919434,2.706714630126953,0.0,4.0,0.0,0.0,0.0,0.0,0.0,0.0,,,,,,,,,,,,,,,,,,,,,,0.001
2,580,train,0.14035601913928986,0.11700280010700226,0.11676612496376038,0.0,0.0,0.0,0.0,0.0,0.0,0.0,0.0,0.0,0.0,0.0,0.0,0.0,0.0,0.0,0.0,0.0,0.0,0.0,0.0,0.0,0.0,0.0,0.0,1.0,0.4505206346511841,0.4505206048488617,0.45058003067970276,0.0,0.018267912790179253,0.4557865858078003,1.0,0.0,1.0,0.0,0.0,0.0006003663875162601,0.0,0.0,0.0,0.0,0.2755545377731323,0.012520396150648594,0.23222708702087402,0.32882365584373474,0.5846118330955505,0.0,0.0,0.0,0.0,0.0,0.0,0.0,0.0,1.0,0.0,0.00011533337965374812,0.46285754442214966,0.06466483324766159,0.9383038282394409,0.0,0.11676612496376038,0.11700280010700226,0.11700280010700226,0.046397458761930466,0.006988686043769121,-1.0321837135007783e-10,0.0,0.0,3.6095855236053467,3.6095855236053467,1.5872982740402222,1.5872982740402222,0.1461184173822403,0.0,0.0,0.0,0.0,0.2755545377731323,0.04050100967288017,0.13976708054542542,0.5133302807807922,0.5846118330955505,1.5318628356908448e-05,1.5887871980667114,1.596457600593567,1.5872982740402222,1.5905135869979858,0.4557865858078003,0.06481494754552841,0.013568933121860027,1.0,2.5393660068511963,2.657830238342285,2.599632740020752,0.0,4.0,0.0,0.0,0.0,0.0,0.0,0.0,,,,,,,,,,,,,,,,,,,,,,0.001
2,600,train,0.15439972281455994,0.12865214049816132,0.1287379115819931,0.0,0.0,0.0,0.0,0.0,0.0,0.0,0.0,0.0,0.0,0.0,0.0,0.0,0.0,0.0,0.0,0.0,0.0,0.0,0.0,0.0,0.0,0.0,0.0,1.0,0.44538387656211853,0.44538387656211853,0.44539541006088257,0.0,0.01851934939622879,0.4562040865421295,1.0,0.0,1.0,0.0,0.0,0.0007674238295294344,0.0,0.0,0.0,0.0,0.27501609921455383,0.01409890130162239,0.2232794463634491,0.331424742937088,0.5836241245269775,0.0,0.0,0.0,0.0,0.0,0.0,0.0,0.0,1.0,0.0,9.263728770747548e-07,0.46400830149650574,0.06583011895418167,0.9320241212844849,0.0,0.1287379115819931,0.12865214049816132,0.12865214049816132,0.0464930385351181,0.0019946908578276634,-7.249288669353149e-11,0.0,0.0,3.8036491870880127,3.803649663925171,1.5775749683380127,1.5775749683380127,0.15452560782432556,0.0,0.0,0.0,0.0,0.27501609921455383,0.042728718370199203,0.13827064633369446,0.5285232067108154,0.5836241245269775,3.0637256713816896e-05,1.5807387828826904,1.5869474411010742,1.5775749683380127,1.5770210027694702,0.4562040865421295,0.06450348347425461,0.013816112652420998,1.0,2.649862766265869,2.6915135383605957,2.7387442588806152,0.0,4.0,0.0,0.0,0.0,0.0,0.0,0.0,,,,,,,,,,,,,,,,,,,,,,0.001
2,620,train,0.14315932989120483,0.1192561686038971,0.11951583623886108,0.0,0.0,0.0,0.0,0.0,0.0,0.0,0.0,0.0,0.0,0.0,0.0,0.0,0.0,0.0,0.0,0.0,0.0,0.0,0.0,0.0,0.0,0.0,0.0,1.0,0.43680110573768616,0.43680116534233093,0.4368542432785034,0.0,0.01964016631245613,0.4548838436603546,1.0,0.0,1.0,0.0,0.0,0.001551318448036909,0.0,0.0,0.0,0.0,0.27653539180755615,0.01443891879171133,0.22329434752464294,0.32755959033966064,0.5848701000213623,0.0,0.0,0.0,0.0,0.0,0.0,0.0,0.0,1.0,0.0,0.00044304991024546325,0.46309420466423035,0.07329749315977097,0.9233959317207336,0.0,0.11951583623886108,0.1192561686038971,0.1192561686038971,0.05441436916589737,-3.207843110430986e-05,-5.383948842307973e-10,0.0,0.0,3.7559399604797363,3.7559399604797363,1.5830222368240356,1.5830222368240356,0.17280294001102448,0.0,0.0,0.0,0.0,0.27653542160987854,0.04384712129831314,0.12578032910823822,0.5388237237930298,0.5848701000213623,6.127451342763379e-05,1.5883713960647583,1.5919065475463867,1.5830222368240356,1.5871741771697998,0.4548838436603546,0.06437314301729202,0.013598019257187843,1.0,2.5380399227142334,2.6001365184783936,2.561944007873535,0.0,4.0,0.0,0.0,0.0,0.0,0.0,0.0,,,,,,,,,,,,,,,,,,,,,,0.001
2,640,train,0.13762116432189941,0.1146247386932373,0.11498215794563293,0.0,0.0,0.0,0.0,0.0,0.0,0.0,0.0,0.0,0.0,0.0,0.0,0.0,0.0,0.0,0.0,0.0,0.0,0.0,0.0,0.0,0.0,0.0,0.0,1.0,0.4305930733680725,0.4305930733680725,0.4306023120880127,0.0,0.01805361919105053,0.4537977874279022,1.0,0.0,1.0,0.0,0.0,0.003935845568776131,0.0,0.0,0.0,0.0,0.27806803584098816,0.014316598884761333,0.23316019773483276,0.3336383104324341,0.5867051482200623,0.0,0.0,0.0,0.0,0.0,0.0,0.0,0.0,1.0,0.0,0.0012534509878605604,0.4606115520000458,0.09302608668804169,0.9117708802223206,0.0,0.11498215794563293,0.1146247386932373,0.1146247386932373,0.05444217100739479,0.0038208479527384043,-5.161034447032087e-11,0.0,0.0,3.796797513961792,3.796797513961792,1.6255978345870972,1.6255978345870972,0.18013761937618256,0.0,0.0,0.0,0.0,0.27806800603866577,0.04219503700733185,0.13710375130176544,0.5312503576278687,0.5867051482200623,3.0637256713816896e-05,1.6265769004821777,1.634555459022522,1.6255978345870972,1.621457815170288,0.4537977874279022,0.06895582377910614,0.014028559438884258,1.0,2.7229738235473633,2.6750144958496094,2.6836466789245605,0.0,4.0,0.0,0.0,0.0,0.0,0.0,0.0,,,,,,,,,,,,,,,,,,,,,,0.001
2,660,train,0.14842593669891357,0.12358149141073227,0.12422219663858414,0.0,0.0,0.0,0.0,0.0,0.0,0.0,0.0,0.0,0.0,0.0,0.0,0.0,0.0,0.0,0.0,0.0,0.0,0.0,0.0,0.0,0.0,0.0,0.0,1.0,0.41847777366638184,0.4184778034687042,0.4184624254703522,0.0,0.019192494451999664,0.45601359009742737,1.0,0.0,1.0,0.0,0.0,0.00342741166241467,0.0,0.0,0.0,0.0,0.2779325842857361,0.016246913000941277,0.21837842464447021,0.35053130984306335,0.5861304998397827,0.0,0.0,0.0,0.0,0.0,0.0,0.0,0.0,1.0,0.0,0.0018468837952241302,0.45553159713745117,0.10622096806764603,0.8925802111625671,0.0,0.12422219663858414,0.12358149141073227,0.12358149141073227,0.052125152200460434,6.337530066957697e-05,-7.408170604739084e-11,0.0,0.0,3.788409948348999,3.788409948348999,1.6511690616607666,1.6511690616607666,0.1710641086101532,0.0,0.0,0.0,0.0,0.2779325842857361,0.044287797063589096,0.13333028554916382,0.5197414755821228,0.5861304998397827,7.659313996555284e-05,1.6490416526794434,1.661450982093811,1.6511690616607666,1.6562119722366333,0.45601359009742737,0.07021498680114746,0.014321007765829563,1.0,2.636141300201416,2.7149665355682373,2.748812675476074,0.0,4.0,0.0,0.0,0.0,0.0,0.0,0.0,,,,,,,,,,,,,,,,,,,,,,0.001
2,668,train_epoch,0.1492586249407537,0.12438548762284353,0.12436568928871326,0.0,0.0,0.0,0.0,0.0,0.0,0.0,0.0,0.0,0.0,0.0,0.0,0.0,0.0,0.0,0.0,0.0,0.0,0.0,0.0,0.0,0.0,0.0,0.0,1.0,0.4605895592245513,0.4605895573507526,0.46060250833362876,0.0,0.018957834322741646,0.45833387738930254,1.0,0.0,1.0,0.0,0.0,0.0010462492173464416,0.0,0.0,0.0,0.0,0.27604432154201464,0.014722066340287646,0.2271938245899663,0.33590192022080906,0.5847561887638297,0.0,0.0,0.0,0.0,0.0,0.0,0.0,0.0,1.0,0.0,9.177614487418102e-05,0.4672761708498001,0.06537362122294789,0.949477951148313,0.0,0.12436568928871326,0.12438548762284353,0.12438548762284353,0.053431441594740586,0.0031173158717856878,-1.4554590617901758e-12,0.0,0.0,3.85574742776905,3.8557474406179555,1.6120385820280292,1.6120385820280292,0.18257379915542946,0.0,0.0,0.0,0.0,0.2760443239511844,0.04203431614992505,0.1359799109443933,0.516919353229557,0.5847561887638297,3.11417626015285e-05,1.6156788786014398,1.6208101121965284,1.6120385820280292,1.6122611564790417,0.45833387738930254,0.0628762785345316,0.013227849705200532,1.0,2.7221025928051885,2.7204653759916386,2.7211971939680817,0.0,4.0,0.0,0.0,0.0,0.0,0.0,0.0,,,,,,,,,,,,,,,,,,,,,,0.001
2,668,val,,,,,,,,,,,,,,,,,,,,,,,,,,,,,,,,,,,,,,,,,,,,,,,,,,,,,,,,,,,,,,,,,,,,,,,,,,,,,,,,,,,,,,,,,,,,,,,,,,,,,,,,,,,82.43760660716465,14353.494772774833,119.80607151882927,155.50777452332633,45.24952624525343,16.728333592414856,26.293133514741065,11.640496126243047,7.921143927744457,74.24590982709613,90.45664262188339,145.96362853050232,41.38990492480142,131.1823684147426,158.48884411919963,263.46639122281755,74.37579897471836,82.43760660716465,119.80607151882927,155.50777452332633,45.24952624525343,0.001
2,668,test,,,,,,,,,,,,,,,,,,,,,,,,,,,,,,,,,,,,,,,,,,,,,,,,,,,,,,,,,,,,,,,,,,,,,,,,,,,,,,,,,,,,,,,,,,,,,,,,,,,,,,,,,,,86.22492395128522,15771.48605782645,125.58457730878601,139.40767012323653,48.56306115218571,16.8091162443161,26.22446199639576,13.671254481588091,8.127926634890693,78.49596173422677,95.76205296762501,132.32529221262251,45.25941974776132,137.40791491099768,166.10715866850396,235.43802213668823,79.67530179023743,86.22492395128522,125.58457730878601,139.40767012323653,48.56306115218571,0.001
3,680,train,0.1328059732913971,0.11066485941410065,0.11070554703474045,0.0,0.0,0.0,0.0,0.0,0.0,0.0,0.0,0.0,0.0,0.0,0.0,0.0,0.0,0.0,0.0,0.0,0.0,0.0,0.0,0.0,0.0,0.0,0.0,1.0,0.4011658728122711,0.4011658728122711,0.4011557400226593,0.0,0.017831146717071533,0.45756348967552185,1.0,0.0,1.0,0.0,0.0,0.004996161907911301,0.0,0.0,0.0,0.0,0.2803683280944824,0.019596301019191742,0.22263525426387787,0.3640463352203369,0.5872572064399719,0.0,0.0,0.0,0.0,0.0,0.0,0.0,0.0,1.0,0.0,0.001290825312025845,0.4501497149467468,0.11703707277774811,0.8672502636909485,0.0,0.11070554703474045,0.11066485941410065,0.11066485941410065,0.05121373012661934,-0.010149850510060787,-2.7284111081549156e-10,0.0,0.0,3.873971700668335,3.873971700668335,1.652254343032837,1.652254343032837,0.16757544875144958,0.0,0.0,0.0,0.0,0.2803683578968048,0.0495767667889595,0.13191726803779602,0.5755988955497742,0.5872572064399719,0.00039828434819355607,1.6526803970336914,1.6627916097640991,1.652254343032837,1.6668254137039185,0.45756348967552185,0.06873059272766113,0.013820292428135872,1.0,2.6095070838928223,2.6973509788513184,2.68753719329834,0.0,4.0,0.0,0.0,0.0,0.0,0.0,0.0,,,,,,,,,,,,,,,,,,,,,,0.001
3,700,train,0.1335119605064392,0.1110607162117958,0.11225622892379761,0.0,0.0,0.0,0.0,0.0,0.0,0.0,0.0,0.0,0.0,0.0,0.0,0.0,0.0,0.0,0.0,0.0,0.0,0.0,0.0,0.0,0.0,0.0,0.0,1.0,0.37462764978408813,0.3746276795864105,0.3745768070220947,0.0,0.01945571042597294,0.4575066566467285,1.0,0.0,1.0,0.0,0.0,0.007008358836174011,0.0,0.0,0.0,0.0,0.27566415071487427,0.025706635788083076,0.19443726539611816,0.37151917815208435,0.5816425085067749,0.0,0.0,0.0,0.0,0.0,0.0,0.0,0.0,1.0,0.0,0.0022354586981236935,0.4558730125427246,0.13926242291927338,0.8210264444351196,0.0,0.11225622892379761,0.1110607162117958,0.1110607162117958,0.048269789665937424,-0.012035530991852283,3.1215624529679076e-10,0.0,0.0,3.996776819229126,3.996776819229126,1.6983155012130737,1.6983155012130737,0.1703675091266632,0.0,0.0,0.0,0.0,0.2756641209125519,0.053765617311000824,0.1271270364522934,0.5759996771812439,0.5816425085067749,0.0008578432025387883,1.6961803436279297,1.709342360496521,1.6983155012130737,1.6943297386169434,0.4575066566467285,0.07145258784294128,0.014162877574563026,1.0,2.751560688018799,2.650595188140869,2.6708428859710693,0.0,4.0,0.0,0.0,0.0,0.0,0.0,0.0,,,,,,,,,,,,,,,,,,,,,,0.001
3,720,train,0.13201789557933807,0.10987856239080429,0.11069664359092712,0.0,0.0,0.0,0.0,0.0,0.0,0.0,0.0,0.0,0.0,0.0,0.0,0.0,0.0,0.0,0.0,0.0,0.0,0.0,0.0,0.0,0.0,0.0,0.0,1.0,0.3453000485897064,0.3453000783920288,0.3453238308429718,0.0,0.01963130384683609,0.4581119418144226,1.0,0.0,1.0,0.0,0.0,0.007003076374530792,0.0,0.0,0.0,0.0,0.27018600702285767,0.025917312130331993,0.18477974832057953,0.3603663444519043,0.5761212706565857,0.0,0.0,0.0,0.0,0.0,0.0,0.0,0.0,1.0,0.0,0.0029549396131187677,0.4458327889442444,0.15621811151504517,0.7722617387771606,0.0,0.11069664359092712,0.10987856239080429,0.10987856239080429,0.05206891894340515,0.006402837578207254,4.484187188236177e-10,0.0,0.0,3.8469607830047607,3.846961259841919,1.7191132307052612,1.7191132307052612,0.17592571675777435,0.0,0.0,0.0,0.0,0.27018600702285767,0.05400414019823074,0.10855410248041153,0.628811776638031,0.5761212706565857,0.0011948529863730073,1.7147985696792603,1.7300454378128052,1.7191132307052612,1.729463815689087,0.4581119418144226,0.07348695397377014,0.014736505225300789,1.0,2.507066249847412,2.5308735370635986,2.5360748767852783,0.0,4.0,0.0,0.0,0.0,0.0,0.0,0.0,,,,,,,,,,,,,,,,,,,,,,0.001
3,740,train,0.13145922124385834,0.10940693318843842,0.1102614477276802,0.0,0.0,0.0,0.0,0.0,0.0,0.0,0.0,0.0,0.0,0.0,0.0,0.0,0.0,0.0,0.0,0.0,0.0,0.0,0.0,0.0,0.0,0.0,0.0,1.0,0.3040163516998291,0.3040163516998291,0.304056316614151,0.0,0.01783369667828083,0.4567960500717163,1.0,0.0,1.0,0.0,0.0,0.006802496500313282,0.0,0.0,0.0,0.0,0.2769816517829895,0.030429236590862274,0.1795922815799713,0.38863468170166016,0.581344723701477,0.0,0.0,0.0,0.0,0.0,0.0,0.0,0.0,1.0,0.0,0.001267891377210617,0.4372655749320984,0.1570887565612793,0.7149766087532043,0.0,0.1102614477276802,0.10940693318843842,0.10940693318843842,0.05102529749274254,0.008684702217578888,-1.082810924257771e-10,0.0,0.0,3.8345561027526855,3.8345561027526855,1.641355276107788,1.641355276107788,0.17179197072982788,0.0,0.0,0.0,0.0,0.2769816815853119,0.059318967163562775,0.10762203484773636,0.6472601294517517,0.581344723701477,0.001470588380470872,1.639578104019165,1.6520122289657593,1.641355276107788,1.649037480354309,0.4567960500717163,0.07180120050907135,0.014363820664584637,1.0,2.636765480041504,2.644394874572754,2.643946647644043,0.0,4.0,0.0,0.0,0.0,0.0,0.0,0.0,,,,,,,,,,,,,,,,,,,,,,0.001
3,760,train,0.14197112619876862,0.11836084723472595,0.11805137246847153,0.0,0.0,0.0,0.0,0.0,0.0,0.0,0.0,0.0,0.0,0.0,0.0,0.0,0.0,0.0,0.0,0.0,0.0,0.0,0.0,0.0,0.0,0.0,0.0,1.0,0.26948657631874084,0.26948657631874084,0.2694377899169922,0.0,0.019748462364077568,0.4579720199108124,1.0,0.0,1.0,0.0,0.0,0.00942393857985735,0.0,0.0,0.0,0.0,0.287638783454895,0.03318751975893974,0.19832979142665863,0.41860342025756836,0.5880191922187805,0.0,0.0,0.0,0.0,0.0,0.0,0.0,0.0,1.0,0.0,-0.0006311660981737077,0.44811931252479553,0.144920215010643,0.6738429069519043,0.0,0.11805137246847153,0.11836084723472595,0.11836084723472595,0.05164498835802078,0.0018683586968109012,-1.1081772999244066e-10,0.0,0.0,3.9520745277404785,3.9520745277404785,1.5120810270309448,1.5120810270309448,0.1783912181854248,0.0,0.0,0.0,0.0,0.287638783454895,0.07031217217445374,0.07504598796367645,0.6890897750854492,0.5880191922187805,0.00664828484877944,1.5173364877700806,1.5235239267349243,1.5120810270309448,1.5204805135726929,0.4579720199108124,0.06977567821741104,0.013987228274345398,1.0,2.6423184871673584,2.6220011711120605,2.6426892280578613,0.0,4.0,0.0,0.0,0.0,0.0,0.0,0.0,,,,,,,,,,,,,,,,,,,,,,0.001
3,780,train,0.1234699934720993,0.10279309749603271,0.10338447988033295,0.0,0.0,0.0,0.0,0.0,0.0,0.0,0.0,0.0,0.0,0.0,0.0,0.0,0.0,0.0,0.0,0.0,0.0,0.0,0.0,0.0,0.0,0.0,0.0,1.0,0.23754075169563293,0.23754075169563293,0.23754863440990448,0.0,0.018938640132546425,0.45664000511169434,1.0,0.0,1.0,0.0,0.0,0.00998629629611969,0.0,0.0,0.0,0.0,0.2807430624961853,0.03331802040338516,0.16872653365135193,0.40151411294937134,0.5803298354148865,0.0,0.0,0.0,0.0,0.0,0.0,0.0,0.0,1.0,0.0,0.0023693563416600227,0.41953593492507935,0.15824642777442932,0.6047061681747437,0.0,0.10338447988033295,0.10279309749603271,0.10279309749603271,0.05422815680503845,0.012193585745990276,4.4970368574814845e-12,0.0,0.0,3.7694530487060547,3.7694530487060547,1.5171635150909424,1.5171635150909424,0.1840241253376007,0.0,0.0,0.0,0.0,0.2807430624961853,0.07345186918973923,0.0839569941163063,0.711733341217041,0.5803298354148865,0.007935049943625927,1.510743260383606,1.532197117805481,1.5171635150909424,1.5556644201278687,0.45664000511169434,0.07256651669740677,0.014442764222621918,1.0,2.5698745250701904,2.601871967315674,2.600926637649536,0.0,4.0,0.0,0.0,0.0,0.0,0.0,0.0,,,,,,,,,,,,,,,,,,,,,,0.001
3,800,train,0.1366252303123474,0.11373047530651093,0.11447376012802124,0.0,0.0,0.0,0.0,0.0,0.0,0.0,0.0,0.0,0.0,0.0,0.0,0.0,0.0,0.0,0.0,0.0,0.0,0.0,0.0,0.0,0.0,0.0,0.0,1.0,0.20964226126670837,0.20964226126670837,0.20962004363536835,0.0,0.01851772703230381,0.4594198763370514,1.0,0.0,1.0,0.0,0.0,0.013826325535774231,0.0,0.0,0.0,0.0,0.2953163981437683,0.037549909204244614,0.16885331273078918,0.4049075245857239,0.5877853035926819,0.0,0.0,0.0,0.0,0.0,0.0,0.0,0.0,1.0,0.0,0.0022293459624052048,0.4317123591899872,0.15905992686748505,0.5505549907684326,0.0,0.11447376012802124,0.11373047530651093,0.11373047530651093,0.051992811262607574,0.0016342096496373415,4.1429495944989014e-10,0.0,0.0,4.012201309204102,4.012201309204102,1.4671943187713623,1.4671943187713623,0.19240999221801758,0.0,0.0,0.0,0.0,0.2953164279460907,0.0890449658036232,0.07813045382499695,0.7650703191757202,0.5877853035926819,0.02242647111415863,1.4717625379562378,1.4824601411819458,1.4671943187713623,1.4605447053909302,0.4594198763370514,0.07074608653783798,0.014512873254716396,1.0,2.5716071128845215,2.6262362003326416,2.6242222785949707,0.0,4.0,0.0,0.0,0.0,0.0,0.0,0.0,,,,,,,,,,,,,,,,,,,,,,0.001
3,820,train,0.1441301852464676,0.11983102560043335,0.121495820581913,0.0,0.0,0.0,0.0,0.0,0.0,0.0,0.0,0.0,0.0,0.0,0.0,0.0,0.0,0.0,0.0,0.0,0.0,0.0,0.0,0.0,0.0,0.0,0.0,1.0,0.18613527715206146,0.18613527715206146,0.1861104965209961,0.0,0.017832845449447632,0.45657187700271606,1.0,0.0,1.0,0.0,0.0,0.006347888149321079,0.0,0.0,0.0,0.0,0.2760496437549591,0.05203332379460335,0.1466938555240631,0.4569433629512787,0.5640160441398621,0.0,0.0,0.0,0.0,0.0,0.0,0.0,0.0,1.0,0.0,0.0047997161746025085,0.42134368419647217,0.16590698063373566,0.4970276951789856,0.0,0.121495820581913,0.11983102560043335,0.11983102560043335,0.05802307277917862,-0.006013874430209398,-1.2074544142315347e-10,0.0,0.0,3.9437146186828613,3.9437146186828613,1.4215368032455444,1.4215368032455444,0.21505019068717957,0.0,0.0,0.0,0.0,0.2760496437549591,0.10029630362987518,0.056455932557582855,0.7812692523002625,0.5640160441398621,0.0247089471668005,1.4273103475570679,1.4362900257110596,1.4215368032455444,1.4203166961669922,0.45657187700271606,0.07473964244127274,0.01464402861893177,1.0,2.608597993850708,2.6651196479797363,2.6935558319091797,0.0,4.0,0.0,0.0,0.0,0.0,0.0,0.0,,,,,,,,,,,,,,,,,,,,,,0.001
3,840,train,0.12463971972465515,0.10381241887807846,0.10413651168346405,0.0,0.0,0.0,0.0,0.0,0.0,0.0,0.0,0.0,0.0,0.0,0.0,0.0,0.0,0.0,0.0,0.0,0.0,0.0,0.0,0.0,0.0,0.0,0.0,1.0,0.1580893099308014,0.1580893099308014,0.158066064119339,0.0,0.01854463294148445,0.45391416549682617,1.0,0.0,1.0,0.0,0.0,0.0046555218286812305,0.0,0.0,0.0,0.0,0.27607443928718567,0.0420553982257843,0.1530676633119583,0.41652998328208923,0.5620118379592896,0.0,0.0,0.0,0.0,0.0,0.0,0.0,0.0,1.0,0.0,0.0009241504012607038,0.4066227376461029,0.14757958054542542,0.45489344000816345,0.0,0.10413651168346405,0.10381241887807846,0.10381241887807846,0.061016444116830826,0.007453644648194313,-9.277442009070214e-11,0.0,0.0,3.8719160556793213,3.8719160556793213,1.2565562725067139,1.2565562725067139,0.223744198679924,0.0,0.0,0.0,0.0,0.2760744094848633,0.10380878299474716,0.035723283886909485,0.7341431975364685,0.5620118379592896,0.029319854453206062,1.2490794658660889,1.2794973850250244,1.2565562725067139,1.2464789152145386,0.45391416549682617,0.07152066379785538,0.014315854758024216,1.0,2.763118267059326,2.6911158561706543,2.668572187423706,0.0,4.0,0.0,0.0,0.0,0.0,0.0,0.0,,,,,,,,,,,,,,,,,,,,,,0.001
3,860,train,0.1401166468858719,0.1165705993771553,0.11773024499416351,0.0,0.0,0.0,0.0,0.0,0.0,0.0,0.0,0.0,0.0,0.0,0.0,0.0,0.0,0.0,0.0,0.0,0.0,0.0,0.0,0.0,0.0,0.0,0.0,1.0,0.1362963765859604,0.1362963765859604,0.136264830827713,0.0,0.018120400607585907,0.4536234438419342,1.0,0.0,1.0,0.0,0.0,0.012109659612178802,0.0,0.0,0.0,0.0,0.2881346046924591,0.061209581792354584,0.11757688224315643,0.5071684718132019,0.5658188462257385,0.0,0.0,0.0,0.0,0.0,0.0,0.0,0.0,1.0,0.0,0.0026737768203020096,0.39721235632896423,0.15196886658668518,0.4049580991268158,0.0,0.11773024499416351,0.1165705993771553,0.1165705993771553,0.053161755204200745,-0.014860818162560463,-6.42738154366107e-11,0.0,0.0,3.947078227996826,3.947078227996826,1.2024328708648682,1.2024328708648682,0.19937874376773834,0.0,0.0,0.0,0.0,0.2881346046924591,0.11893967539072037,0.03872454911470413,0.8464116454124451,0.5658188462257385,0.05153186619281769,1.1971420049667358,1.2240046262741089,1.2024328708648682,1.218798279762268,0.4536234438419342,0.07075885683298111,0.01432470977306366,1.0,2.5902514457702637,2.5571141242980957,2.6064486503601074,0.0,4.0,0.0,0.0,0.0,0.0,0.0,0.0,,,,,,,,,,,,,,,,,,,,,,0.001
3,880,train,0.1468457579612732,0.12187954038381577,0.12483108788728714,0.0,0.0,0.0,0.0,0.0,0.0,0.0,0.0,0.0,0.0,0.0,0.0,0.0,0.0,0.0,0.0,0.0,0.0,0.0,0.0,0.0,0.0,0.0,0.0,1.0,0.12974175810813904,0.12974175810813904,0.12969538569450378,0.0,0.018829314038157463,0.453506201505661,1.0,0.0,1.0,0.0,0.0,0.017497200518846512,0.0,0.0,0.0,0.0,0.24964553117752075,0.06903279572725296,0.06952966749668121,0.4510016441345215,0.5119462013244629,0.0,0.0,0.0,0.0,0.0,0.0,0.0,0.0,1.0,0.0,0.005295807961374521,0.37515124678611755,0.18698327243328094,0.3397206664085388,0.0,0.12483108788728714,0.12187954038381577,0.12187954038381577,0.0723780021071434,-0.011426030658185482,1.9703400022663686e-10,0.0,0.0,3.8866021633148193,3.8866021633148193,1.3204762935638428,1.3204762935638428,0.27259328961372375,0.0,0.0,0.0,0.0,0.24964556097984314,0.13667452335357666,0.015103083103895187,0.9316889643669128,0.5119462013244629,0.048284318298101425,1.3239408731460571,1.3387616872787476,1.3204762935638428,1.3377786874771118,0.453506201505661,0.07664848119020462,0.01525885984301567,1.0,2.5886318683624268,2.596400260925293,2.5577878952026367,0.0,4.0,0.0,0.0,0.0,0.0,0.0,0.0,,,,,,,,,,,,,,,,,,,,,,0.001
3,900,train,0.1263004094362259,0.10510516166687012,0.10597621649503708,0.0,0.0,0.0,0.0,0.0,0.0,0.0,0.0,0.0,0.0,0.0,0.0,0.0,0.0,0.0,0.0,0.0,0.0,0.0,0.0,0.0,0.0,0.0,0.0,1.0,0.10754793882369995,0.10754793882369995,0.10747984051704407,0.0,0.02005067467689514,0.45372727513313293,1.0,0.0,1.0,0.0,0.0,0.02487640082836151,0.0,0.0,0.0,0.0,0.28259819746017456,0.08161940425634384,0.05290890485048294,0.5104092359542847,0.5334804654121399,0.0,0.0,0.0,0.0,0.0,0.0,0.0,0.0,1.0,0.0,0.002181956311687827,0.3845979571342468,0.15357531607151031,0.32181811332702637,0.0,0.10597621649503708,0.10510516166687012,0.10510516166687012,0.051175523549318314,-0.0026540032122284174,-1.4019570226952993e-10,0.0,0.0,3.700267791748047,3.700267791748047,1.0945844650268555,1.0945844650268555,0.17947714030742645,0.0,0.0,0.0,0.0,0.28259822726249695,0.1552579551935196,0.006621188949793577,0.9595330953598022,0.5334804654121399,0.09594056755304337,1.0916402339935303,1.1207693815231323,1.0945844650268555,1.1126705408096313,0.45372727513313293,0.07208285480737686,0.014943920075893402,1.0,2.5070934295654297,2.531906843185425,2.5326693058013916,0.0,4.0,0.0,0.0,0.0,0.0,0.0,0.0,,,,,,,,,,,,,,,,,,,,,,0.001
3,920,train,0.14333869516849518,0.11915825307369232,0.12090221792459488,0.0,0.0,0.0,0.0,0.0,0.0,0.0,0.0,0.0,0.0,0.0,0.0,0.0,0.0,0.0,0.0,0.0,0.0,0.0,0.0,0.0,0.0,0.0,0.0,1.0,0.10141698271036148,0.10141698271036148,0.1013340950012207,0.0,0.018427208065986633,0.45045578479766846,1.0,0.0,1.0,0.0,0.0,0.017566539347171783,0.0,0.0,0.0,0.0,0.25197678804397583,0.07388535141944885,0.0796428844332695,0.4891454577445984,0.48804470896720886,0.0,0.0,0.0,0.0,0.0,0.0,0.0,0.0,1.0,0.0,0.0032036451157182455,0.38859549164772034,0.15315864980220795,0.2980359196662903,0.0,0.12090221792459488,0.11915825307369232,0.11915825307369232,0.06331104785203934,-0.006401694845408201,-2.0332724393057333e-10,0.0,0.0,3.8497157096862793,3.8497157096862793,1.0547269582748413,1.0547269582748413,0.23199261724948883,0.0,0.0,0.0,0.0,0.25197678804397583,0.16742318868637085,0.004413328133523464,0.8771201968193054,0.48804470896720886,0.09385723620653152,1.0783262252807617,1.0822956562042236,1.0547269582748413,1.0937650203704834,0.45045578479766846,0.07070476561784744,0.014299011789262295,1.0,2.482388496398926,2.551170825958252,2.5040507316589355,0.0,4.0,0.0,0.0,0.0,0.0,0.0,0.0,,,,,,,,,,,,,,,,,,,,,,0.001
3,940,train,0.1476515829563141,0.1229739710688591,0.12338804453611374,0.0,0.0,0.0,0.0,0.0,0.0,0.0,0.0,0.0,0.0,0.0,0.0,0.0,0.0,0.0,0.0,0.0,0.0,0.0,0.0,0.0,0.0,0.0,0.0,1.0,0.09054163098335266,0.09054163098335266,0.09044624865055084,0.0,0.017895309254527092,0.4532776474952698,1.0,0.0,1.0,0.0,0.0,0.012825455516576767,0.0,0.0,0.0,0.0,0.21299335360527039,0.0827476903796196,0.048369623720645905,0.39665088057518005,0.4287468194961548,0.0,0.0,0.0,0.0,0.0,0.0,0.0,0.0,1.0,0.0,0.0035402742214500904,0.36069682240486145,0.16415511071681976,0.2612895369529724,0.0,0.12338804453611374,0.1229739710688591,0.1229739710688591,0.06900693476200104,-0.0031507257372140884,-1.819102091182856e-10,0.0,0.0,3.8995883464813232,3.8995883464813232,1.0681911706924438,1.0681911706924438,0.2583555579185486,0.0,0.0,0.0,0.0,0.21299335360527039,0.17297261953353882,0.0012544934870675206,0.9792391657829285,0.4287468194961548,0.06832107901573181,1.1347415447235107,1.0883064270019531,1.0681911706924438,1.0690892934799194,0.4532776474952698,0.07405039668083191,0.015167244710028172,1.0,2.5561928749084473,2.581664800643921,2.557440757751465,0.0,4.0,0.0,0.0,0.0,0.0,0.0,0.0,,,,,,,,,,,,,,,,,,,,,,0.001
3,960,train,0.12372919917106628,0.1029398962855339,0.10394652932882309,0.0,0.0,0.0,0.0,0.0,0.0,0.0,0.0,0.0,0.0,0.0,0.0,0.0,0.0,0.0,0.0,0.0,0.0,0.0,0.0,0.0,0.0,0.0,0.0,1.0,0.0901670902967453,0.0901670902967453,0.09005166590213776,0.0,0.020159922540187836,0.4544018507003784,1.0,0.0,1.0,0.0,0.0,0.014233269728720188,0.0,0.0,0.0,0.0,0.25747084617614746,0.11640267819166183,0.03468114882707596,0.5749173760414124,0.45829087495803833,0.0,0.0,0.0,0.0,0.0,0.0,0.0,0.0,1.0,0.0,0.0020393335726112127,0.34340226650238037,0.15076270699501038,0.2609081268310547,0.0,0.10394652932882309,0.1029398962855339,0.1029398962855339,0.06309877336025238,0.014990304596722126,-2.455514680477222e-10,0.0,0.0,4.056901454925537,4.056901454925537,1.0203264951705933,1.0203264951705933,0.2558123767375946,0.0,0.0,0.0,0.0,0.25747087597846985,0.2036658227443695,0.0007070645806379616,0.9555773138999939,0.45829087495803833,0.14705882966518402,1.0087980031967163,1.0597288608551025,1.0203264951705933,1.0402241945266724,0.4544018507003784,0.06915049254894257,0.013886969536542892,1.0,2.765503406524658,2.617432117462158,2.5739219188690186,0.0,4.0,0.0,0.0,0.0,0.0,0.0,0.0,,,,,,,,,,,,,,,,,,,,,,0.001
3,980,train,0.1293962448835373,0.1077154129743576,0.10840415954589844,0.0,0.0,0.0,0.0,0.0,0.0,0.0,0.0,0.0,0.0,0.0,0.0,0.0,0.0,0.0,0.0,0.0,0.0,0.0,0.0,0.0,0.0,0.0,0.0,1.0,0.09077096730470657,0.09077095985412598,0.09062213450670242,0.0,0.0186503604054451,0.45710068941116333,1.0,0.0,1.0,0.0,0.0,0.00652106199413538,0.0,0.0,0.0,0.0,0.2652324140071869,0.09382283687591553,0.02600398287177086,0.5112035274505615,0.476397842168808,0.0,0.0,0.0,0.0,0.0,0.0,0.0,0.0,1.0,0.0,0.0022121991496533155,0.3629339039325714,0.15358565747737885,0.2608843147754669,0.0,0.10840415954589844,0.1077154129743576,0.1077154129743576,0.06473536044359207,-0.002754142740741372,-2.300294538182257e-10,0.0,0.0,3.8856265544891357,3.8856265544891357,1.0335935354232788,1.0335935354232788,0.24652107059955597,0.0,0.0,0.0,0.0,0.2652324140071869,0.19441650807857513,0.000802159309387207,0.8880705833435059,0.476397842168808,0.14771753549575806,1.0175809860229492,1.0726789236068726,1.0335935354232788,1.0216060876846313,0.45710068941116333,0.0701524168252945,0.014572319574654102,1.0,2.741800308227539,2.5579450130462646,2.584238052368164,0.0,4.0,0.0,0.0,0.0,0.0,0.0,0.0,,,,,,,,,,,,,,,,,,,,,,0.001
3,1000,train,0.11607175320386887,0.09663655608892441,0.0971759781241417,0.0,0.0,0.0,0.0,0.0,0.0,0.0,0.0,0.0,0.0,0.0,0.0,0.0,0.0,0.0,0.0,0.0,0.0,0.0,0.0,0.0,0.0,0.0,0.0,1.0,0.0765615701675415,0.0765615701675415,0.07629779726266861,0.0,0.019962094724178314,0.45743921399116516,1.0,0.0,1.0,0.0,0.0,0.01137319765985012,0.0,0.0,0.0,0.0,0.25842273235321045,0.1307799071073532,0.009220778942108154,0.5435498952865601,0.4282457232475281,0.0,0.0,0.0,0.0,0.0,0.0,0.0,0.0,1.0,0.0,0.0016864322824403644,0.34583380818367004,0.14827223122119904,0.22965149581432343,0.0,0.0971759781241417,0.09663655608892441,0.09663655608892441,0.06714963167905807,-0.011076336726546288,-2.475950000579985e-11,0.0,0.0,3.898310422897339,3.898310422897339,0.9482188820838928,0.9482188820838928,0.24456845223903656,0.0,0.0,0.0,0.0,0.25842270255088806,0.22733092308044434,4.4685461034532636e-05,0.9948506951332092,0.4282457232475281,0.15646447241306305,0.9585399031639099,0.987011194229126,0.9482188820838928,0.9438058733940125,0.45743921399116516,0.06657686829566956,0.013596939854323864,1.0,2.609482765197754,2.601221799850464,2.673610210418701,0.0,4.0,0.0,0.0,0.0,0.0,0.0,0.0,,,,,,,,,,,,,,,,,,,,,,0.001
3,1002,train_epoch,0.1346105400049044,0.11203648426575576,0.1128702776919225,0.0,0.0,0.0,0.0,0.0,0.0,0.0,0.0,0.0,0.0,0.0,0.0,0.0,0.0,0.0,0.0,0.0,0.0,0.0,0.0,0.0,0.0,0.0,0.0,1.0,0.1978594924652291,0.197859492799836,0.19780381670790517,0.0,0.018858189354399722,0.4554731355098907,1.0,0.0,1.0,0.0,0.0,0.011639919006516656,0.0,0.0,0.0,0.0,0.2670072338538256,0.05989065644203011,0.12086604072846205,0.45041932112085603,0.5337198796029576,0.0,0.0,0.0,0.0,0.0,0.0,0.0,0.0,1.0,0.0,0.0020812853812755155,0.40675098319610437,0.15423812864426367,0.4941161704991392,0.0,0.1128702776919225,0.11203648426575576,0.11203648426575576,0.0593268160825361,0.0018096771919421165,-1.2683705930078664e-11,0.0,0.0,3.889923148526403,3.889923149954059,1.3433438246835492,1.3433438246835492,0.21491748741465413,0.0,0.0,0.0,0.0,0.26700723764603723,0.11709368166452397,0.05196457666504979,0.8004648558750838,0.5337198796029576,0.048464654377944144,1.3481700322228278,1.3627864184850704,1.3433438246835492,1.3434883716577541,0.4554731355098907,0.07185932851123239,0.014437438914563484,1.0,2.610329888537972,2.6100525941677435,2.6100703477859497,0.0,4.0,0.0,0.0,0.0,0.0,0.0,0.0,,,,,,,,,,,,,,,,,,,,,,0.001
3,1002,val,,,,,,,,,,,,,,,,,,,,,,,,,,,,,,,,,,,,,,,,,,,,,,,,,,,,,,,,,,,,,,,,,,,,,,,,,,,,,,,,,,,,,,,,,,,,,,,,,,,,,,,,,,,82.27665284701756,14339.658033098493,119.748311191008,155.35028920854842,45.20636866773878,16.022285452910833,25.513032969933207,10.636918915169579,7.478967555931637,73.43175220489502,89.25137271871087,146.0186125891549,41.12447709696634,131.56979445048742,158.63591386206554,264.04917420659746,74.71721666199821,82.27665284701756,119.748311191008,155.35028920854842,45.20636866773878,0.001
3,1002,test,,,,,,,,,,,,,,,,,,,,,,,,,,,,,,,,,,,,,,,,,,,,,,,,,,,,,,,,,,,,,,,,,,,,,,,,,,,,,,,,,,,,,,,,,,,,,,,,,,,,,,,,,,,86.41069310052055,15863.173649379185,125.94909149882417,139.5648946080889,48.627474137714934,16.678534239530563,26.204559831519393,11.7902712396213,7.8589240823473245,78.12815233639309,95.29689265877732,132.76812287739344,45.12769167763846,138.01311329432897,166.73901670898854,237.26695922442846,80.12193100793021,86.41069310052055,125.94909149882417,139.5648946080889,48.627474137714934,0.001
4,1020,train,0.12712115049362183,0.10566230118274689,0.10729421675205231,0.0,0.0,0.0,0.0,0.0,0.0,0.0,0.0,0.0,0.0,0.0,0.0,0.0,0.0,0.0,0.0,0.0,0.0,0.0,0.0,0.0,0.0,0.0,0.0,1.0,0.07089582830667496,0.07089582830667496,0.07056224346160889,0.0,0.01840054802596569,0.45303624868392944,1.0,0.0,1.0,0.0,0.0,0.016832921653985977,0.0,0.0,0.0,0.0,0.2278202325105667,0.11688420176506042,0.012121975421905518,0.5664663314819336,0.4049001932144165,0.0,0.0,0.0,0.0,0.0,0.0,0.0,0.0,1.0,0.0,0.0034575338941067457,0.3387455642223358,0.17348110675811768,0.18766339123249054,0.0,0.10729421675205231,0.10566230118274689,0.10566230118274689,0.07112511247396469,-0.021473480388522148,5.22869747499044e-10,0.0,0.0,3.8378264904022217,3.8378264904022217,1.0130425691604614,1.0130425691604614,0.2673538327217102,0.0,0.0,0.0,0.0,0.2278202474117279,0.21272021532058716,1.1207178431504872e-05,0.9701226353645325,0.4049001932144165,0.13558517396450043,1.0045008659362793,1.0439361333847046,1.0130425691604614,0.983578085899353,0.45303624868392944,0.07083487510681152,0.015122635290026665,1.0,2.5276167392730713,2.629401683807373,2.60552716255188,0.0,4.0,0.0,0.0,0.0,0.0,0.0,0.0,,,,,,,,,,,,,,,,,,,,,,0.001
4,1040,train,0.13616609573364258,0.11294859647750854,0.11608751863241196,0.0,0.0,0.0,0.0,0.0,0.0,0.0,0.0,0.0,0.0,0.0,0.0,0.0,0.0,0.0,0.0,0.0,0.0,0.0,0.0,0.0,0.0,0.0,0.0,1.0,0.06146452575922012,0.06146452575922012,0.06119511276483536,0.0,0.018968814983963966,0.4544716477394104,1.0,0.0,1.0,0.0,0.0,0.02526658959686756,0.0,0.0,0.0,0.0,0.21286971867084503,0.13507795333862305,0.004197695758193731,0.5885218381881714,0.3757740557193756,0.0,0.0,0.0,0.0,0.0,0.0,0.0,0.0,1.0,0.0,0.005516061559319496,0.32145023345947266,0.1608704775571823,0.15957023203372955,0.0,0.11608751863241196,0.11294859647750854,0.11294859647750854,0.07433082163333893,0.0031790488865226507,1.753668876780523e-10,0.0,0.0,3.987665891647339,3.987666368484497,0.9471648335456848,0.9471648335456848,0.2900415062904358,0.0,0.0,0.0,0.0,0.21286971867084503,0.21785025298595428,2.6693796826293692e-05,0.9937606453895569,0.3757740557193756,0.12365196645259857,0.9658946394920349,0.9768330454826355,0.9471648335456848,0.9540051817893982,0.4544716477394104,0.07224160432815552,0.014967197552323341,1.0,2.7095508575439453,2.5956778526306152,2.4917521476745605,0.0,4.0,0.0,0.0,0.0,0.0,0.0,0.0,,,,,,,,,,,,,,,,,,,,,,0.001
4,1060,train,0.14409077167510986,0.11981827020645142,0.12136252969503403,0.0,0.0,0.0,0.0,0.0,0.0,0.0,0.0,0.0,0.0,0.0,0.0,0.0,0.0,0.0,0.0,0.0,0.0,0.0,0.0,0.0,0.0,0.0,0.0,1.0,0.060232579708099365,0.060232579708099365,0.05978039279580116,0.0,0.018973544239997864,0.4536152184009552,1.0,0.0,1.0,0.0,0.0,0.03589802235364914,0.0,0.0,0.0,0.0,0.22223560512065887,0.1312706023454666,0.006399923469871283,0.5797612071037292,0.37289518117904663,0.0,0.0,0.0,0.0,0.0,0.0,0.0,0.0,1.0,0.0,0.004276087041944265,0.32808342576026917,0.17837026715278625,0.11961165070533752,0.0,0.12136252969503403,0.11981827020645142,0.11981827020645142,0.06889462471008301,0.013965373858809471,-1.1633894368701103e-11,0.0,0.0,3.698875665664673,3.698875665664673,0.9920634627342224,0.9920634627342224,0.25909313559532166,0.0,0.0,0.0,0.0,0.22223560512065887,0.23122289776802063,4.2891733755823225e-06,0.9951724410057068,0.37289518117904663,0.14289216697216034,1.042542815208435,1.0053611993789673,0.9920634627342224,0.9402574896812439,0.4536152184009552,0.06830564886331558,0.01451478898525238,1.0,2.550281524658203,2.5897815227508545,2.5341203212738037,0.0,4.0,0.0,0.0,0.0,0.0,0.0,0.0,,,,,,,,,,,,,,,,,,,,,,0.001
4,1080,train,0.11345674097537994,0.09418626874685287,0.09635236114263535,0.0,0.0,0.0,0.0,0.0,0.0,0.0,0.0,0.0,0.0,0.0,0.0,0.0,0.0,0.0,0.0,0.0,0.0,0.0,0.0,0.0,0.0,0.0,0.0,1.0,0.06297041475772858,0.06297041475772858,0.06271760165691376,0.0,0.019908973947167397,0.4552135765552521,1.0,0.0,1.0,0.0,0.0,0.03961870074272156,0.0,0.0,0.0,0.0,0.20594298839569092,0.12535901367664337,0.003868065308779478,0.6514532566070557,0.36231857538223267,0.0,0.0,0.0,0.0,0.0,0.0,0.0,0.0,1.0,0.0,0.003429509000852704,0.3196650743484497,0.1685444414615631,0.13351382315158844,0.0,0.09635236114263535,0.09418626874685287,0.09418626874685287,0.07320407778024673,0.021086042746901512,1.48152629053655e-10,0.0,0.0,3.9086403846740723,3.9086403846740723,0.9852185845375061,0.9852185845375061,0.2803695797920227,0.0,0.0,0.0,0.0,0.20594298839569092,0.21851544082164764,3.4722586860880256e-05,0.9103444814682007,0.36231857538223267,0.13056066632270813,0.9934585094451904,1.0184438228607178,0.9852185845375061,0.9447879791259766,0.4552135765552521,0.07364942878484726,0.015561155043542385,1.0,2.636247158050537,2.636479139328003,2.5732481479644775,0.0,4.0,0.0,0.0,0.0,0.0,0.0,0.0,,,,,,,,,,,,,,,,,,,,,,0.001
4,1100,train,0.14064174890518188,0.11691335588693619,0.1186419352889061,0.0,0.0,0.0,0.0,0.0,0.0,0.0,0.0,0.0,0.0,0.0,0.0,0.0,0.0,0.0,0.0,0.0,0.0,0.0,0.0,0.0,0.0,0.0,0.0,1.0,0.05226534605026245,0.05226535350084305,0.05197138711810112,0.0,0.018736738711595535,0.4540994167327881,1.0,0.0,1.0,0.0,0.0,0.03677103668451309,0.0,0.0,0.0,0.0,0.19469384849071503,0.14038224518299103,0.0053627765737473965,0.5210687518119812,0.3336649239063263,0.0,0.0,0.0,0.0,0.0,0.0,0.0,0.0,1.0,0.0,0.0031197096686810255,0.32071205973625183,0.15556949377059937,0.12105267494916916,0.0,0.1186419352889061,0.11691335588693619,0.11691335588693619,0.08210328221321106,0.001718347892165184,9.869020878294776e-11,0.0,0.0,3.8488783836364746,3.8488783836364746,0.8916487693786621,0.8916487693786621,0.31957441568374634,0.0,0.0,0.0,0.0,0.19469386339187622,0.22721754014492035,5.30724219061085e-06,0.9854093194007874,0.3336649239063263,0.12029718607664108,0.9153866171836853,0.911126434803009,0.8916487693786621,0.8858604431152344,0.4540994167327881,0.06756023317575455,0.014116604812443256,1.0,2.48416805267334,2.5301408767700195,2.5699963569641113,0.0,4.0,0.0,0.0,0.0,0.0,0.0,0.0,,,,,,,,,,,,,,,,,,,,,,0.001
4,1120,train,0.13096211850643158,0.10878834128379822,0.11086885631084442,0.0,0.0,0.0,0.0,0.0,0.0,0.0,0.0,0.0,0.0,0.0,0.0,0.0,0.0,0.0,0.0,0.0,0.0,0.0,0.0,0.0,0.0,0.0,0.0,1.0,0.05254112929105759,0.05254112184047699,0.0522724948823452,0.0,0.01991778053343296,0.45314937829971313,1.0,0.0,1.0,0.0,0.0,0.04616047441959381,0.0,0.0,0.0,0.0,0.2228635996580124,0.14128245413303375,0.0049431403167545795,0.6727946996688843,0.36464402079582214,0.0,0.0,0.0,0.0,0.0,0.0,0.0,0.0,1.0,0.0,0.004254418890923262,0.3160848617553711,0.1604529619216919,0.1152442917227745,0.0,0.11086885631084442,0.10878834128379822,0.10878834128379822,0.07746347784996033,0.013582698069512844,5.396289665116072e-11,0.0,0.0,3.8197269439697266,3.8197267055511475,0.9205559492111206,0.9205559492111206,0.2872503995895386,0.0,0.0,0.0,0.0,0.2228635847568512,0.2382219284772873,1.185303699458018e-05,0.9927669763565063,0.36464402079582214,0.1596507430076599,0.9570154547691345,0.9376248717308044,0.9205559492111206,0.904704749584198,0.45314937829971313,0.06884120404720306,0.014882940798997879,1.0,2.456221103668213,2.548679828643799,2.521332025527954,0.0,4.0,0.0,0.0,0.0,0.0,0.0,0.0,,,,,,,,,,,,,,,,,,,,,,0.001
4,1140,train,0.1319635510444641,0.1097787395119667,0.11092403531074524,0.0,0.0,0.0,0.0,0.0,0.0,0.0,0.0,0.0,0.0,0.0,0.0,0.0,0.0,0.0,0.0,0.0,0.0,0.0,0.0,0.0,0.0,0.0,0.0,1.0,0.05546700209379196,0.055466994643211365,0.05518424138426781,0.0,0.0197337344288826,0.455092191696167,1.0,0.0,1.0,0.0,0.0,0.03274455666542053,0.0,0.0,0.0,0.0,0.16432517766952515,0.13864350318908691,0.001569391111843288,0.619011402130127,0.2957924008369446,0.0,0.0,0.0,0.0,0.0,0.0,0.0,0.0,1.0,0.0,0.0034189980942755938,0.2718273401260376,0.16145935654640198,0.11499419063329697,0.0,0.11092403531074524,0.1097787395119667,0.1097787395119667,0.06915950775146484,-0.011751101352274418,1.572037500174872e-10,0.0,0.0,3.9142191410064697,3.9142191410064697,0.9082451462745667,0.9082451462745667,0.26481014490127563,0.0,0.0,0.0,0.0,0.16432517766952515,0.21206414699554443,7.057120001263684e-06,0.9960309863090515,0.2957924008369446,0.09224878251552582,0.9906740188598633,0.9187832474708557,0.9082451462745667,0.9036169052124023,0.455092191696167,0.07136473059654236,0.015457602217793465,1.0,2.692389488220215,2.5342469215393066,2.5535495281219482,0.0,4.0,0.0,0.0,0.0,0.0,0.0,0.0,,,,,,,,,,,,,,,,,,,,,,0.001
4,1160,train,0.13498404622077942,0.11238367110490799,0.11300190538167953,0.0,0.0,0.0,0.0,0.0,0.0,0.0,0.0,0.0,0.0,0.0,0.0,0.0,0.0,0.0,0.0,0.0,0.0,0.0,0.0,0.0,0.0,0.0,0.0,1.0,0.052156489342451096,0.052156489342451096,0.051992226392030716,0.0,0.018720807507634163,0.4514307379722595,1.0,0.0,1.0,0.0,0.0,0.05114852637052536,0.0,0.0,0.0,0.0,0.2124876230955124,0.14304356276988983,0.0032446065451949835,0.600125789642334,0.35454994440078735,0.0,0.0,0.0,0.0,0.0,0.0,0.0,0.0,1.0,0.0,0.0024936595000326633,0.3011033833026886,0.16168345510959625,0.10536153614521027,0.0,0.11300190538167953,0.11238367110490799,0.11238367110490799,0.08245489746332169,-0.02997835911810398,2.4448351676475966e-10,0.0,0.0,3.8622376918792725,3.8622372150421143,0.9287300109863281,0.9287300109863281,0.3195911645889282,0.0,0.0,0.0,0.0,0.2124876081943512,0.2341202348470688,1.8612370695336722e-05,0.9921878576278687,0.35454994440078735,0.14906556904315948,0.9829388856887817,0.9432828426361084,0.9287300109863281,0.8884500861167908,0.4514307379722595,0.07467127591371536,0.01641833409667015,1.0,2.3427164554595947,2.509803295135498,2.542008638381958,0.0,4.0,0.0,0.0,0.0,0.0,0.0,0.0,,,,,,,,,,,,,,,,,,,,,,0.001
4,1180,train,0.12339262664318085,0.10257162153720856,0.10410503298044205,0.0,0.0,0.0,0.0,0.0,0.0,0.0,0.0,0.0,0.0,0.0,0.0,0.0,0.0,0.0,0.0,0.0,0.0,0.0,0.0,0.0,0.0,0.0,0.0,1.0,0.051370732486248016,0.05137072876095772,0.05124429985880852,0.0,0.021370723843574524,0.4532372057437897,1.0,0.0,1.0,0.0,0.0,0.0362759530544281,0.0,0.0,0.0,0.0,0.2254425287246704,0.1743994653224945,0.003548822831362486,0.7799121141433716,0.3524577021598816,0.0,0.0,0.0,0.0,0.0,0.0,0.0,0.0,1.0,0.0,0.0024481064174324274,0.27430012822151184,0.15565980970859528,0.10264325886964798,0.0,0.10410503298044205,0.10257162153720856,0.10257162153720856,0.07072502374649048,-0.013544118963181973,6.563029980588553e-11,0.0,0.0,3.7986624240875244,3.7986624240875244,0.8914322257041931,0.8914322257041931,0.25381726026535034,0.0,0.0,0.0,0.0,0.2254425436258316,0.2503519654273987,0.00012334081111475825,0.9864290952682495,0.3524577021598816,0.16571691632270813,0.9149123430252075,0.9061798453330994,0.8914322257041931,0.8663956522941589,0.4532372057437897,0.0759441927075386,0.015894945710897446,1.0,2.5711517333984375,2.5383994579315186,2.489997386932373,0.0,4.0,0.0,0.0,0.0,0.0,0.0,0.0,,,,,,,,,,,,,,,,,,,,,,0.001
4,1200,train,0.13097117841243744,0.10871018469333649,0.11130499839782715,0.0,0.0,0.0,0.0,0.0,0.0,0.0,0.0,0.0,0.0,0.0,0.0,0.0,0.0,0.0,0.0,0.0,0.0,0.0,0.0,0.0,0.0,0.0,0.0,1.0,0.046030931174755096,0.046030931174755096,0.04587822034955025,0.0,0.01841788738965988,0.454830139875412,1.0,0.0,1.0,0.0,0.0,0.042879052460193634,0.0,0.0,0.0,0.0,0.170694038271904,0.16852250695228577,0.0036658623721450567,0.8212398290634155,0.283855140209198,0.0,0.0,0.0,0.0,0.0,0.0,0.0,0.0,1.0,0.0,0.003851612564176321,0.2885892987251282,0.1587093621492386,0.0913485735654831,0.0,0.11130499839782715,0.10871018469333649,0.10871018469333649,0.0805908814072609,-0.007371913641691208,4.812217638261451e-11,0.0,0.0,4.067762851715088,4.067762851715088,0.9178904891014099,0.9178904891014099,0.32204338908195496,0.0,0.0,0.0,0.0,0.170694038271904,0.23138827085494995,4.704784714704147e-06,0.9850975275039673,0.283855140209198,0.1095588281750679,0.9616895318031311,0.9229565858840942,0.9178904891014099,0.8869211673736572,0.454830139875412,0.07415873557329178,0.01547517254948616,1.0,2.564541816711426,2.5867676734924316,2.506890296936035,0.0,4.0,0.0,0.0,0.0,0.0,0.0,0.0,,,,,,,,,,,,,,,,,,,,,,0.001
4,1220,train,0.12438508868217468,0.10335516184568405,0.10514964163303375,0.0,0.0,0.0,0.0,0.0,0.0,0.0,0.0,0.0,0.0,0.0,0.0,0.0,0.0,0.0,0.0,0.0,0.0,0.0,0.0,0.0,0.0,0.0,0.0,1.0,0.045046884566545486,0.045046884566545486,0.0448104627430439,0.0,0.020235499367117882,0.4575091302394867,1.0,0.0,1.0,0.0,0.0,0.06048504635691643,0.0,0.0,0.0,0.0,0.2329220026731491,0.13507093489170074,0.007619447074830532,0.5672513246536255,0.3661334812641144,0.0,0.0,0.0,0.0,0.0,0.0,0.0,0.0,1.0,0.0,0.0024368255399167538,0.2573187053203583,0.15179701149463654,0.09710031747817993,0.0,0.10514964163303375,0.10335516184568405,0.10335516184568405,0.05336812138557434,-0.0010483890073373914,3.557503180928734e-10,0.0,0.0,4.01869010925293,4.01869010925293,0.8967649936676025,0.8967649936676025,0.2106250375509262,0.0,0.0,0.0,0.0,0.2329220175743103,0.24820464849472046,6.44071915303357e-05,0.9962361454963684,0.3661334812641144,0.1685202270746231,0.9300404191017151,0.9116171598434448,0.8967649936676025,0.9096638560295105,0.4575091302394867,0.069374218583107,0.014151775278151035,1.0,2.454458713531494,2.5862488746643066,2.5443742275238037,0.0,4.0,0.0,0.0,0.0,0.0,0.0,0.0,,,,,,,,,,,,,,,,,,,,,,0.001
4,1240,train,0.1235303208231926,0.10279500484466553,0.10367657989263535,0.0,0.0,0.0,0.0,0.0,0.0,0.0,0.0,0.0,0.0,0.0,0.0,0.0,0.0,0.0,0.0,0.0,0.0,0.0,0.0,0.0,0.0,0.0,0.0,1.0,0.05666027590632439,0.05666027218103409,0.05653754994273186,0.0,0.01938001811504364,0.45658552646636963,1.0,0.0,1.0,0.0,0.0,0.0640585720539093,0.0,0.0,0.0,0.0,0.16641859710216522,0.14462976157665253,0.0002629903319757432,0.5861274003982544,0.28042328357696533,0.0,0.0,0.0,0.0,0.0,0.0,0.0,0.0,1.0,0.0,0.004326123744249344,0.29028061032295227,0.1623356193304062,0.08602631837129593,0.0,0.10367657989263535,0.10279500484466553,0.10279500484466553,0.07332909852266312,0.0046884953044354916,3.275523741130826e-10,0.0,0.0,3.8098411560058594,3.809840679168701,0.9525566101074219,0.9525566101074219,0.2745263874530792,0.0,0.0,0.0,0.0,0.16641859710216522,0.22606606781482697,2.5195416242240753e-07,0.9924600720405579,0.28042328357696533,0.10588236153125763,0.9935511946678162,0.9622085690498352,0.9525566101074219,0.929575502872467,0.45658552646636963,0.07860493659973145,0.016304543241858482,1.0,2.523799419403076,2.528759241104126,2.4755895137786865,0.0,4.0,0.0,0.0,0.0,0.0,0.0,0.0,,,,,,,,,,,,,,,,,,,,,,0.001
4,1260,train,0.12841841578483582,0.10703440010547638,0.10692006349563599,0.0,0.0,0.0,0.0,0.0,0.0,0.0,0.0,0.0,0.0,0.0,0.0,0.0,0.0,0.0,0.0,0.0,0.0,0.0,0.0,0.0,0.0,0.0,0.0,1.0,0.04620174691081047,0.04620174691081047,0.04603516682982445,0.0,0.018998373299837112,0.45669829845428467,1.0,0.0,1.0,0.0,0.0,0.05495055019855499,0.0,0.0,0.0,0.0,0.18216848373413086,0.1424018293619156,0.0013854624703526497,0.5074147582054138,0.30692389607429504,0.0,0.0,0.0,0.0,0.0,0.0,0.0,0.0,1.0,0.0,0.0002469309256412089,0.28408583998680115,0.1547306478023529,0.08248719573020935,0.0,0.10692006349563599,0.10703440010547638,0.10703440010547638,0.06517227739095688,0.0057276771403849125,-5.536109071169193e-11,0.0,0.0,3.8019015789031982,3.8019015789031982,0.8729271292686462,0.8729271292686462,0.24765831232070923,0.0,0.0,0.0,0.0,0.18216846883296967,0.23016220331192017,5.376886633712274e-07,0.9899877905845642,0.30692389607429504,0.11723346263170242,0.9026471376419067,0.8754699230194092,0.8729271292686462,0.8854635953903198,0.45669829845428467,0.07421409338712692,0.01530983205884695,1.0,2.480508327484131,2.5085361003875732,2.5152249336242676,0.0,4.0,0.0,0.0,0.0,0.0,0.0,0.0,,,,,,,,,,,,,,,,,,,,,,0.001
4,1280,train,0.1259460300207138,0.10486156493425369,0.10542234778404236,0.0,0.0,0.0,0.0,0.0,0.0,0.0,0.0,0.0,0.0,0.0,0.0,0.0,0.0,0.0,0.0,0.0,0.0,0.0,0.0,0.0,0.0,0.0,0.0,1.0,0.0491657480597496,0.0491657480597496,0.0490708202123642,0.0,0.019505785778164864,0.45247602462768555,1.0,0.0,1.0,0.0,0.0,0.04699459671974182,0.0,0.0,0.0,0.0,0.19541428983211517,0.16306208074092865,0.008147886022925377,0.7734948992729187,0.32403063774108887,0.0,0.0,0.0,0.0,0.0,0.0,0.0,0.0,1.0,0.0,0.0019280931446701288,0.30218061804771423,0.14967721700668335,0.08397054672241211,0.0,0.10542234778404236,0.10486156493425369,0.10486156493425369,0.07471718639135361,-0.00012073894322384149,-2.0718586568602149e-10,0.0,0.0,3.689471960067749,3.689471960067749,0.8703122735023499,0.8703122735023499,0.2676520347595215,0.0,0.0,0.0,0.0,0.19541428983211517,0.23680619895458221,2.865186434064526e-05,0.995526134967804,0.32403063774108887,0.13468137383460999,0.9095506072044373,0.8758825063705444,0.8703122735023499,0.9087826013565063,0.45247602462768555,0.07773873955011368,0.016075298190116882,1.0,2.4610471725463867,2.4502768516540527,2.5194313526153564,0.0,4.0,0.0,0.0,0.0,0.0,0.0,0.0,,,,,,,,,,,,,,,,,,,,,,0.001
4,1300,train,0.12205331027507782,0.10152022540569305,0.10266543924808502,0.0,0.0,0.0,0.0,0.0,0.0,0.0,0.0,0.0,0.0,0.0,0.0,0.0,0.0,0.0,0.0,0.0,0.0,0.0,0.0,0.0,0.0,0.0,0.0,1.0,0.041080862283706665,0.041080862283706665,0.04081296548247337,0.0,0.019613219425082207,0.4530961513519287,1.0,0.0,1.0,0.0,0.0,0.06862770020961761,0.0,0.0,0.0,0.0,0.19604741036891937,0.13883230090141296,0.0001391515543218702,0.5953540205955505,0.30712902545928955,0.0,0.0,0.0,0.0,0.0,0.0,0.0,0.0,1.0,0.0,0.0033488196786493063,0.28110063076019287,0.15851722657680511,0.07464317232370377,0.0,0.10266543924808502,0.10152022540569305,0.10152022540569305,0.06866113096475601,0.015016371384263039,-2.4994815245316104e-11,0.0,0.0,3.8993020057678223,3.8993020057678223,0.9075956344604492,0.9075956344604492,0.2598097026348114,0.0,0.0,0.0,0.0,0.19604741036891937,0.24619905650615692,6.73957970320771e-07,0.99186110496521,0.30712902545928955,0.1412377506494522,0.9551962614059448,0.9187525510787964,0.9075956344604492,0.8542629480361938,0.4530961513519287,0.07521732896566391,0.014913654886186123,1.0,2.3803329467773438,2.496338367462158,2.457394599914551,0.0,4.0,0.0,0.0,0.0,0.0,0.0,0.0,,,,,,,,,,,,,,,,,,,,,,0.001
4,1320,train,0.13098354637622833,0.10863061994314194,0.11176463961601257,0.0,0.0,0.0,0.0,0.0,0.0,0.0,0.0,0.0,0.0,0.0,0.0,0.0,0.0,0.0,0.0,0.0,0.0,0.0,0.0,0.0,0.0,0.0,0.0,1.0,0.04432008042931557,0.04432008042931557,0.04422389715909958,0.0,0.019922498613595963,0.45452579855918884,1.0,0.0,1.0,0.0,0.0,0.054784782230854034,0.0,0.0,0.0,0.0,0.17612533271312714,0.1528511345386505,0.0003199180355295539,0.5896506905555725,0.28622445464134216,0.0,0.0,0.0,0.0,0.0,0.0,0.0,0.0,1.0,0.0,0.006134104914963245,0.28057268261909485,0.16151122748851776,0.05795472487807274,0.0,0.11176463961601257,0.10863061994314194,0.10863061994314194,0.09388118237257004,-0.012090472504496574,-6.626243304053148e-11,0.0,0.0,3.8921022415161133,3.8921022415161133,0.922415554523468,0.922415554523468,0.3567427098751068,0.0,0.0,0.0,0.0,0.17612533271312714,0.23417137563228607,1.2618316986845457e-06,0.9926665425300598,0.28622445464134216,0.1227022111415863,0.9632564783096313,0.9335906505584717,0.922415554523468,0.8695145845413208,0.45452579855918884,0.08223681896924973,0.017246389761567116,1.0,2.497805595397949,2.5041558742523193,2.4922566413879395,0.0,4.0,0.0,0.0,0.0,0.0,0.0,0.0,,,,,,,,,,,,,,,,,,,,,,0.001
4,1336,train_epoch,0.13043537566404856,0.10848196977359092,0.10976702804693919,0.0,0.0,0.0,0.0,0.0,0.0,0.0,0.0,0.0,0.0,0.0,0.0,0.0,0.0,0.0,0.0,0.0,0.0,0.0,0.0,0.0,0.0,0.0,0.0,1.0,0.05358523206261104,0.053585231928768275,0.05338342662922994,0.0,0.019125586570781505,0.45402632305722035,1.0,0.0,1.0,0.0,0.0,0.04287213442044076,0.0,0.0,0.0,0.0,0.20276275852661646,0.13641717862672434,0.005252506259778615,0.6017522775305959,0.3451181748313104,0.0,0.0,0.0,0.0,0.0,0.0,0.0,0.0,1.0,0.0,0.002864610290983849,0.29641232157717207,0.15680237770259023,0.10961336878959291,0.0,0.10976702804693919,0.10848196977359092,0.10848196977359092,0.07142653242645863,-0.003456775592192157,2.307846223809768e-11,0.0,0.0,3.9036498869250633,3.9036498797867827,0.9036024917742449,0.9036024917742449,0.27430281417812413,0.0,0.0,0.0,0.0,0.20276276071271496,0.22566603512285713,2.901798520854892e-05,0.9806147874472384,0.3451181748313104,0.1293517360296435,0.9412230876034605,0.9191248131369403,0.9036024917742449,0.9040168052661919,0.45402632305722035,0.07331993972916089,0.015255450650291172,1.0,2.537997365711692,2.5396827430782203,2.539292608906409,0.0,4.0,0.0,0.0,0.0,0.0,0.0,0.0,,,,,,,,,,,,,,,,,,,,,,0.001
4,1336,val,,,,,,,,,,,,,,,,,,,,,,,,,,,,,,,,,,,,,,,,,,,,,,,,,,,,,,,,,,,,,,,,,,,,,,,,,,,,,,,,,,,,,,,,,,,,,,,,,,,,,,,,,,,82.28511156354632,14386.095310756138,119.94204980221132,155.30418498175484,45.28867215769632,16.114885679313115,25.43478507338952,10.810369431972504,7.782607116869518,71.94950045858111,87.24915843281376,147.29362773895264,40.71008156027113,132.71450676236833,159.8022669625409,266.19580483436584,75.5549362046378,82.28511156354632,119.94204980221132,155.30418498175484,45.28867215769632,0.001
5,1340,train,0.18700996041297913,0.15535371005535126,0.15828120708465576,0.0,0.0,0.0,0.0,0.0,0.0,0.0,0.0,0.0,0.0,0.0,0.0,0.0,0.0,0.0,0.0,0.0,0.0,0.0,0.0,0.0,0.0,0.0,0.0,1.0,0.05417850986123085,0.05417850986123085,0.05391606688499451,0.0,0.02001573145389557,0.4547508955001831,1.0,0.0,1.0,0.0,0.0,0.05482615903019905,0.0,0.0,0.0,0.0,0.1675972193479538,0.14132407307624817,0.0036241491325199604,0.5249144434928894,0.293372243642807,0.0,0.0,0.0,0.0,0.0,0.0,0.0,0.0,1.0,0.0,0.004399535246193409,0.2968471348285675,0.16640914976596832,0.06301949173212051,0.0,0.15828120708465576,0.15535371005535126,0.15535371005535126,0.07540056854486465,-0.013259674422442913,-9.659687633112313e-11,0.0,0.0,3.8882176876068115,3.8882176876068115,0.9197594523429871,0.9197594523429871,0.29782575368881226,0.0,0.0,0.0,0.0,0.1675972193479538,0.21598778665065765,3.451080488048319e-07,0.9668574333190918,0.293372243642807,0.09312193840742111,1.0088444948196411,0.9324996471405029,0.9197594523429871,0.9413795471191406,0.4547508955001831,0.07714134454727173,0.016598373651504517,1.0,2.452986717224121,2.445774793624878,2.4381909370422363,0.0,5.0,0.0,0.0,0.0,0.0,0.0,0.0,,,,,,,,,,,,,,,,,,,,,,0.001
5,1360,train,0.13289636373519897,0.1098775640130043,0.11509398370981216,0.0,0.0,0.0,0.0,0.0,0.0,0.0,0.0,0.0,0.0,0.0,0.0,0.0,0.0,0.0,0.0,0.0,0.0,0.0,0.0,0.0,0.0,0.0,0.0,1.0,0.04837612062692642,0.04837612062692642,0.048349782824516296,0.0,0.017629684880375862,0.4531445801258087,1.0,0.0,1.0,0.0,0.0,0.0713331401348114,0.0,0.0,0.0,0.0,0.21601848304271698,0.1498045176267624,0.008847445249557495,0.5595568418502808,0.32738828659057617,0.0,0.0,0.0,0.0,0.0,0.0,0.0,0.0,1.0,0.0,0.007884031161665916,0.29772666096687317,0.17218832671642303,0.07870817184448242,0.0,0.11509398370981216,0.1098775640130043,0.1098775640130043,0.061784129589796066,0.0077528883703053,-2.1989210452488805e-10,0.0,0.0,3.8137853145599365,3.8137853145599365,0.9451069831848145,0.9451069831848145,0.24039331078529358,0.0,0.0,0.0,0.0,0.21601851284503937,0.2550954818725586,1.75486877651565e-06,0.9692294001579285,0.32738828659057617,0.1794424057006836,1.0462547540664673,0.9444657564163208,0.9451069831848145,0.9397315979003906,0.4531445801258087,0.09853123128414154,0.019219741225242615,1.0,2.393527030944824,2.4778366088867188,2.4421844482421875,0.0,5.0,0.0,0.0,0.0,0.0,0.0,0.0,,,,,,,,,,,,,,,,,,,,,,0.001
5,1380,train,0.14723150432109833,0.12208119034767151,0.1257515400648117,0.0,0.0,0.0,0.0,0.0,0.0,0.0,0.0,0.0,0.0,0.0,0.0,0.0,0.0,0.0,0.0,0.0,0.0,0.0,0.0,0.0,0.0,0.0,0.0,1.0,0.04533178731799126,0.045331791043281555,0.045406173914670944,0.0,0.018444335088133812,0.4516301453113556,1.0,0.0,1.0,0.0,0.0,0.059944216161966324,0.0,0.0,0.0,0.0,0.25706034898757935,0.140959233045578,0.012445124797523022,0.6543962955474854,0.3926798701286316,0.0,0.0,0.0,0.0,0.0,0.0,0.0,0.0,1.0,0.0,0.006709159351885319,0.27028632164001465,0.15056058764457703,0.0787559375166893,0.0,0.1257515400648117,0.12208119034767151,0.12208119034767151,0.04990026354789734,0.012528713792562485,-3.166815421007385e-10,0.0,0.0,3.6475729942321777,3.6475729942321777,0.8708499670028687,0.8708499670028687,0.17886681854724884,0.0,0.0,0.0,0.0,0.25706037878990173,0.2513737976551056,5.272494036034914e-06,0.9976170659065247,0.3926798701286316,0.18002451956272125,0.9647802114486694,0.870756983757019,0.8708499670028687,0.8996700644493103,0.4516301453113556,0.11188191175460815,0.020683327689766884,1.0,2.3357882499694824,2.4656901359558105,2.404867649078369,0.0,5.0,0.0,0.0,0.0,0.0,0.0,0.0,,,,,,,,,,,,,,,,,,,,,,0.001
5,1400,train,0.1310497671365738,0.10827037692070007,0.11389696598052979,0.0,0.0,0.0,0.0,0.0,0.0,0.0,0.0,0.0,0.0,0.0,0.0,0.0,0.0,0.0,0.0,0.0,0.0,0.0,0.0,0.0,0.0,0.0,0.0,1.0,0.04163482412695885,0.04163482412695885,0.04165029153227806,0.0,0.01926092617213726,0.45258834958076477,1.0,0.0,1.0,0.0,0.0,0.04738190025091171,0.0,0.0,0.0,0.0,0.23589098453521729,0.15338101983070374,0.006546296179294586,0.5865669846534729,0.3685874938964844,0.0,0.0,0.0,0.0,0.0,0.0,0.0,0.0,1.0,0.0,0.007661956362426281,0.2806958854198456,0.14851464331150055,0.06662716716527939,0.0,0.11389696598052979,0.10827037692070007,0.10827037692070007,0.053005751222372055,0.034921422600746155,8.00234739584127e-11,0.0,0.0,3.606884002685547,3.606884002685547,0.8311726450920105,0.8311726450920105,0.19144688546657562,0.0,0.0,0.0,0.0,0.23589098453521729,0.2483590841293335,7.875447772676125e-05,0.9844840168952942,0.3685874938964844,0.14606311917304993,0.9083647131919861,0.8340067267417908,0.8311726450920105,0.8524771332740784,0.45258834958076477,0.11053400486707687,0.0198513250797987,1.0,2.384331703186035,2.3809266090393066,2.3707921504974365,0.0,5.0,0.0,0.0,0.0,0.0,0.0,0.0,,,,,,,,,,,,,,,,,,,,,,0.001
5,1420,train,0.13649660348892212,0.11366263777017593,0.11416984349489212,0.0,0.0,0.0,0.0,0.0,0.0,0.0,0.0,0.0,0.0,0.0,0.0,0.0,0.0,0.0,0.0,0.0,0.0,0.0,0.0,0.0,0.0,0.0,0.0,1.0,0.03700894117355347,0.037008944898843765,0.036943595856428146,0.0,0.01793857105076313,0.45744478702545166,1.0,0.0,1.0,0.0,0.0,0.055636629462242126,0.0,0.0,0.0,0.0,0.222957581281662,0.14631271362304688,0.014321133494377136,0.6164793372154236,0.3510134220123291,0.0,0.0,0.0,0.0,0.0,0.0,0.0,0.0,1.0,0.0,0.0004363487823866308,0.2796657383441925,0.14201681315898895,0.057144902646541595,0.0,0.11416984349489212,0.11366263777017593,0.11366263777017593,0.05579286441206932,0.014200729317963123,-1.1135924821159549e-10,0.0,0.0,3.7076222896575928,3.7076222896575928,0.7981748580932617,0.7981748580932617,0.21000519394874573,0.0,0.0,0.0,0.0,0.22295761108398438,0.24700970947742462,2.296100683452096e-05,0.979836106300354,0.3510134220123291,0.15981924533843994,0.8533379435539246,0.811907947063446,0.7981748580932617,0.79535973072052,0.45744478702545166,0.10331104695796967,0.017582066357135773,1.0,2.4739227294921875,2.447991132736206,2.4595487117767334,0.0,5.0,0.0,0.0,0.0,0.0,0.0,0.0,,,,,,,,,,,,,,,,,,,,,,0.001
5,1440,train,0.12379597872495651,0.1028512716293335,0.10472354292869568,0.0,0.0,0.0,0.0,0.0,0.0,0.0,0.0,0.0,0.0,0.0,0.0,0.0,0.0,0.0,0.0,0.0,0.0,0.0,0.0,0.0,0.0,0.0,0.0,1.0,0.04012833535671234,0.04012833535671234,0.040035564452409744,0.0,0.02054884470999241,0.45116180181503296,1.0,0.0,1.0,0.0,0.0,0.052979886531829834,0.0,0.0,0.0,0.0,0.23884102702140808,0.17640002071857452,0.0072835530154407024,0.7311937808990479,0.33151522278785706,0.0,0.0,0.0,0.0,0.0,0.0,0.0,0.0,1.0,0.0,0.004656241275370121,0.262847900390625,0.14476417005062103,0.0442391075193882,0.0,0.10472354292869568,0.1028512716293335,0.1028512716293335,0.05340537056326866,0.03675298020243645,1.16514020653824e-10,0.0,0.0,3.9893031120300293,3.9893035888671875,0.8166579604148865,0.8166579604148865,0.2178717702627182,0.0,0.0,0.0,0.0,0.23884105682373047,0.275042861700058,5.1965021157229785e-06,0.9931960105895996,0.33151522278785706,0.18673408031463623,0.8835675716400146,0.8212947249412537,0.8166579604148865,0.8500253558158875,0.45116180181503296,0.10180998593568802,0.017440246418118477,1.0,2.4226324558258057,2.4201066493988037,2.4069788455963135,0.0,5.0,0.0,0.0,0.0,0.0,0.0,0.0,,,,,,,,,,,,,,,,,,,,,,0.001
5,1460,train,0.13706324994564056,0.11334874480962753,0.11857255548238754,0.0,0.0,0.0,0.0,0.0,0.0,0.0,0.0,0.0,0.0,0.0,0.0,0.0,0.0,0.0,0.0,0.0,0.0,0.0,0.0,0.0,0.0,0.0,0.0,1.0,0.03658785670995712,0.03658785670995712,0.03654320538043976,0.0,0.019109854474663734,0.4526982605457306,1.0,0.0,1.0,0.0,0.0,0.04413510113954544,0.0,0.0,0.0,0.0,0.23168468475341797,0.1254333257675171,0.008002357557415962,0.5085717439651489,0.3836362659931183,0.0,0.0,0.0,0.0,0.0,0.0,0.0,0.0,1.0,0.0,0.007362814154475927,0.2865009903907776,0.15276016294956207,0.04699651151895523,0.0,0.11857255548238754,0.11334874480962753,0.11334874480962753,0.06594742089509964,0.025634055957198143,-5.810104480863387e-11,0.0,0.0,3.601233720779419,3.601233720779419,0.8560358285903931,0.8560358285903931,0.23735742270946503,0.0,0.0,0.0,0.0,0.23168471455574036,0.23455482721328735,1.0212050256086513e-05,0.9590797424316406,0.3836362659931183,0.152833953499794,0.9190232157707214,0.8595646023750305,0.8560358285903931,0.8285007476806641,0.4526982605457306,0.10911866277456284,0.018859917297959328,1.0,2.306947708129883,2.3675448894500732,2.3600494861602783,0.0,5.0,0.0,0.0,0.0,0.0,0.0,0.0,,,,,,,,,,,,,,,,,,,,,,0.001
5,1480,train,0.13657017052173615,0.1137310042977333,0.1141958087682724,0.0,0.0,0.0,0.0,0.0,0.0,0.0,0.0,0.0,0.0,0.0,0.0,0.0,0.0,0.0,0.0,0.0,0.0,0.0,0.0,0.0,0.0,0.0,0.0,1.0,0.03641989082098007,0.03641989082098007,0.03625393286347389,0.0,0.01873198337852955,0.45134949684143066,1.0,0.0,1.0,0.0,0.0,0.07925829291343689,0.0,0.0,0.0,0.0,0.26440614461898804,0.15201632678508759,0.0034574137534946203,0.6155902147293091,0.3817509114742279,0.0,0.0,0.0,0.0,0.0,0.0,0.0,0.0,1.0,0.0,0.0025650388561189175,0.2909916341304779,0.1465640813112259,0.045895908027887344,0.0,0.1141958087682724,0.1137310042977333,0.1137310042977333,0.07344061136245728,0.051098935306072235,6.429830279319759e-11,0.0,0.0,3.7901930809020996,3.7901930809020996,0.8256691694259644,0.8256691694259644,0.29438474774360657,0.0,0.0,0.0,0.0,0.2644061744213104,0.2661740183830261,6.652772299275966e-06,0.9944126009941101,0.3817509114742279,0.20773592591285706,0.8571397662162781,0.8413468599319458,0.8256691694259644,0.7959743738174438,0.45134949684143066,0.09861421585083008,0.016405245289206505,1.0,2.3195345401763916,2.396876335144043,2.364269971847534,0.0,5.0,0.0,0.0,0.0,0.0,0.0,0.0,,,,,,,,,,,,,,,,,,,,,,0.001
5,1500,train,0.12086253613233566,0.10051627457141876,0.1017313003540039,0.0,0.0,0.0,0.0,0.0,0.0,0.0,0.0,0.0,0.0,0.0,0.0,0.0,0.0,0.0,0.0,0.0,0.0,0.0,0.0,0.0,0.0,0.0,0.0,1.0,0.0402829684317112,0.0402829684317112,0.040271926671266556,0.0,0.0183557216078043,0.45525410771369934,1.0,0.0,1.0,0.0,0.0,0.06581899523735046,0.0,0.0,0.0,0.0,0.1854398399591446,0.1440996378660202,0.004749974235892296,0.6654212474822998,0.31817394495010376,0.0,0.0,0.0,0.0,0.0,0.0,0.0,0.0,1.0,0.0,0.0023423240054398775,0.3072965145111084,0.14743036031723022,0.04570745676755905,0.0,0.1017313003540039,0.10051627457141876,0.10051627457141876,0.0719994530081749,0.043904516845941544,-2.0964026348213594e-10,0.0,0.0,3.7410993576049805,3.7410993576049805,0.8196884989738464,0.8196884989738464,0.27547213435173035,0.0,0.0,0.0,0.0,0.1854398399591446,0.22353814542293549,6.220806199053186e-07,0.9869675040245056,0.31817394495010376,0.10903799533843994,0.8240938186645508,0.8318631649017334,0.8196884989738464,0.8178920149803162,0.45525410771369934,0.1043485775589943,0.017382869496941566,1.0,2.4079718589782715,2.3743033409118652,2.414797306060791,0.0,5.0,0.0,0.0,0.0,0.0,0.0,0.0,,,,,,,,,,,,,,,,,,,,,,0.001
5,1520,train,0.13049525022506714,0.10865815728902817,0.10918547958135605,0.0,0.0,0.0,0.0,0.0,0.0,0.0,0.0,0.0,0.0,0.0,0.0,0.0,0.0,0.0,0.0,0.0,0.0,0.0,0.0,0.0,0.0,0.0,0.0,1.0,0.034936875104904175,0.034936875104904175,0.03485212102532387,0.0,0.018566006794571877,0.45310625433921814,1.0,0.0,1.0,0.0,0.0,0.054737240076065063,0.0,0.0,0.0,0.0,0.21411429345607758,0.17034460604190826,0.004183759447187185,0.6870883703231812,0.31079596281051636,0.0,0.0,0.0,0.0,0.0,0.0,0.0,0.0,1.0,0.0,0.003889801912009716,0.28010454773902893,0.15124177932739258,0.03217706456780434,0.0,0.10918547958135605,0.10865815728902817,0.10865815728902817,0.07711394876241684,0.031724099069833755,3.335894060985112e-10,0.0,0.0,3.8363425731658936,3.8363425731658936,0.8710119724273682,0.8710119724273682,0.29912450909614563,0.0,0.0,0.0,0.0,0.21411432325839996,0.26455867290496826,2.561367864473141e-06,0.9866980910301208,0.31079596281051636,0.16049326956272125,0.873794674873352,0.8871175646781921,0.8710119724273682,0.8291006088256836,0.45310625433921814,0.10735245048999786,0.018033847212791443,1.0,2.3781538009643555,2.3472964763641357,2.354748249053955,0.0,5.0,0.0,0.0,0.0,0.0,0.0,0.0,,,,,,,,,,,,,,,,,,,,,,0.001
5,1540,train,0.12643000483512878,0.10473944246768951,0.10845278203487396,0.0,0.0,0.0,0.0,0.0,0.0,0.0,0.0,0.0,0.0,0.0,0.0,0.0,0.0,0.0,0.0,0.0,0.0,0.0,0.0,0.0,0.0,0.0,0.0,1.0,0.04116203635931015,0.04116203635931015,0.04113039746880531,0.0,0.020329143851995468,0.454041451215744,1.0,0.0,1.0,0.0,0.0,0.049298979341983795,0.0,0.0,0.0,0.0,0.2218218892812729,0.19133584201335907,0.0008867791621014476,0.7628361582756042,0.30679625272750854,0.0,0.0,0.0,0.0,0.0,0.0,0.0,0.0,1.0,0.0,0.004762785509228706,0.29029473662376404,0.15801341831684113,0.03121626004576683,0.0,0.10845278203487396,0.10473944246768951,0.10473944246768951,0.08359861373901367,0.03621268272399902,-2.2262736099065705e-10,0.0,0.0,3.848872661590576,3.848872661590576,0.8659076690673828,0.8659076690673828,0.3177322745323181,0.0,0.0,0.0,0.0,0.22182190418243408,0.2739298641681671,4.1751030721570714e-07,0.9812823534011841,0.30679625272750854,0.1891697347164154,0.9311978816986084,0.8659752607345581,0.8659076690673828,0.8710750937461853,0.454041451215744,0.10908909887075424,0.019459318369627,1.0,2.519430160522461,2.390486001968384,2.334138870239258,0.0,5.0,0.0,0.0,0.0,0.0,0.0,0.0,,,,,,,,,,,,,,,,,,,,,,0.001
5,1560,train,0.13751161098480225,0.11442524939775467,0.11543180793523788,0.0,0.0,0.0,0.0,0.0,0.0,0.0,0.0,0.0,0.0,0.0,0.0,0.0,0.0,0.0,0.0,0.0,0.0,0.0,0.0,0.0,0.0,0.0,0.0,1.0,0.03718426451086998,0.03718426451086998,0.037123702466487885,0.0,0.01969866454601288,0.45179808139801025,1.0,0.0,1.0,0.0,0.0,0.0952429547905922,0.0,0.0,0.0,0.0,0.23368293046951294,0.1490710973739624,0.004515958018600941,0.6568069458007812,0.35356613993644714,0.0,0.0,0.0,0.0,0.0,0.0,0.0,0.0,1.0,0.0,0.002718196716159582,0.2743028700351715,0.1494225263595581,0.0301995687186718,0.0,0.11543180793523788,0.11442524939775467,0.11442524939775467,0.07976722717285156,0.034702979028224945,-5.2221161422894014e-11,0.0,0.0,3.8632965087890625,3.8632965087890625,0.8353555202484131,0.8353555202484131,0.3216644823551178,0.0,0.0,0.0,0.0,0.23368296027183533,0.2572256624698639,7.3606715886853635e-06,0.9907962083816528,0.35356613993644714,0.18256741762161255,0.8586583733558655,0.8414591550827026,0.8353555202484131,0.8331860899925232,0.45179808139801025,0.10481725633144379,0.018063511699438095,1.0,2.350821018218994,2.3163514137268066,2.253412961959839,0.0,5.0,0.0,0.0,0.0,0.0,0.0,0.0,,,,,,,,,,,,,,,,,,,,,,0.001
5,1580,train,0.12643156945705414,0.10530827939510345,0.10561645776033401,0.0,0.0,0.0,0.0,0.0,0.0,0.0,0.0,0.0,0.0,0.0,0.0,0.0,0.0,0.0,0.0,0.0,0.0,0.0,0.0,0.0,0.0,0.0,0.0,1.0,0.043233830481767654,0.043233830481767654,0.04324186593294144,0.0,0.017609795555472374,0.45275840163230896,1.0,0.0,1.0,0.0,0.0,0.07480062544345856,0.0,0.0,0.0,0.0,0.16928376257419586,0.13304822146892548,0.0034630903974175453,0.5020751953125,0.29355254769325256,0.0,0.0,0.0,0.0,0.0,0.0,0.0,0.0,1.0,0.0,0.004062782507389784,0.31442540884017944,0.16252316534519196,0.026356462389230728,0.0,0.10561645776033401,0.10530827939510345,0.10530827939510345,0.087183378636837,0.034031786024570465,3.943987844645669e-11,0.0,0.0,3.7548089027404785,3.7548089027404785,0.8980159163475037,0.8980159163475037,0.33067193627357483,0.0,0.0,0.0,0.0,0.16928376257419586,0.2194228619337082,2.5622003363423573e-07,0.9937946796417236,0.29355254769325256,0.09944853186607361,0.922454297542572,0.9099302291870117,0.8980159163475037,0.8710894584655762,0.45275840163230896,0.11032824963331223,0.0201162938028574,1.0,2.3451497554779053,2.414438247680664,2.370940685272217,0.0,5.0,0.0,0.0,0.0,0.0,0.0,0.0,,,,,,,,,,,,,,,,,,,,,,0.001
5,1600,train,0.12995781004428864,0.10790317505598068,0.11027320474386215,0.0,0.0,0.0,0.0,0.0,0.0,0.0,0.0,0.0,0.0,0.0,0.0,0.0,0.0,0.0,0.0,0.0,0.0,0.0,0.0,0.0,0.0,0.0,0.0,1.0,0.04140833020210266,0.04140833392739296,0.04136145859956741,0.0,0.016762496903538704,0.4509173631668091,1.0,0.0,1.0,0.0,0.0,0.09524311125278473,0.0,0.0,0.0,0.0,0.18212099373340607,0.10121321678161621,0.009028758853673935,0.560672402381897,0.3172353208065033,0.0,0.0,0.0,0.0,0.0,0.0,0.0,0.0,1.0,0.0,0.0040961685590445995,0.3025445342063904,0.14991962909698486,0.026240717619657516,0.0,0.11027320474386215,0.10790317505598068,0.10790317505598068,0.08261824399232864,0.04915826395153999,1.7605226998451684e-10,0.0,0.0,3.845142126083374,3.845142126083374,0.8192158341407776,0.8192158341407776,0.31831252574920654,0.0,0.0,0.0,0.0,0.18212100863456726,0.22205863893032074,6.100501195760444e-06,0.9851080775260925,0.3172353208065033,0.11692708730697632,0.8197529911994934,0.8289349675178528,0.8192158341407776,0.8460984230041504,0.4509173631668091,0.10362831503152847,0.017835620790719986,1.0,2.3416905403137207,2.3982090950012207,2.41032075881958,0.0,5.0,0.0,0.0,0.0,0.0,0.0,0.0,,,,,,,,,,,,,,,,,,,,,,0.001
5,1620,train,0.13105520606040955,0.10899746417999268,0.11028871685266495,0.0,0.0,0.0,0.0,0.0,0.0,0.0,0.0,0.0,0.0,0.0,0.0,0.0,0.0,0.0,0.0,0.0,0.0,0.0,0.0,0.0,0.0,0.0,0.0,1.0,0.040736742317676544,0.04073674604296684,0.040770694613456726,0.0,0.019441258162260056,0.45164668560028076,1.0,0.0,1.0,0.0,0.0,0.0682978481054306,0.0,0.0,0.0,0.0,0.20520776510238647,0.13036075234413147,0.007874083705246449,0.5882017612457275,0.33698832988739014,0.0,0.0,0.0,0.0,0.0,0.0,0.0,0.0,1.0,0.0,0.00607077544555068,0.27878716588020325,0.15191031992435455,0.027121305465698242,0.0,0.11028871685266495,0.10899746417999268,0.10899746417999268,0.07501108944416046,0.02192472107708454,1.0350779478321415e-12,0.0,0.0,3.5949032306671143,3.5949032306671143,0.8362408876419067,0.8362408876419067,0.269204705953598,0.0,0.0,0.0,0.0,0.20520779490470886,0.23727770149707794,1.6389608390454669e-06,0.9931136965751648,0.33698832988739014,0.13811275362968445,0.8582738637924194,0.8420289754867554,0.8362408876419067,0.7994799613952637,0.45164668560028076,0.11158284544944763,0.02042105607688427,1.0,2.2593507766723633,2.352600574493408,2.3129584789276123,0.0,5.0,0.0,0.0,0.0,0.0,0.0,0.0,,,,,,,,,,,,,,,,,,,,,,0.001
5,1640,train,0.13221624493598938,0.11014214903116226,0.11037050187587738,0.0,0.0,0.0,0.0,0.0,0.0,0.0,0.0,0.0,0.0,0.0,0.0,0.0,0.0,0.0,0.0,0.0,0.0,0.0,0.0,0.0,0.0,0.0,0.0,1.0,0.042342670261859894,0.042342670261859894,0.04228635132312775,0.0,0.019027726724743843,0.45400047302246094,1.0,0.0,1.0,0.0,0.0,0.09900663048028946,0.0,0.0,0.0,0.0,0.2163529247045517,0.1562364548444748,0.001572003006003797,0.5716747641563416,0.31934109330177307,0.0,0.0,0.0,0.0,0.0,0.0,0.0,0.0,1.0,0.0,-0.0004982704413123429,0.3067614436149597,0.15474283695220947,0.02711113728582859,0.0,0.11037050187587738,0.11014214903116226,0.11014214903116226,0.07860419899225235,0.04534559324383736,-1.9608317747277226e-10,0.0,0.0,3.960284948348999,3.960284948348999,0.8203706741333008,0.8203706741333008,0.3266559839248657,0.0,0.0,0.0,0.0,0.2163529247045517,0.2611238658428192,1.5216497786241234e-06,0.9907421469688416,0.31934109330177307,0.1662224382162094,0.8547419309616089,0.8283660411834717,0.8203706741333008,0.832640528678894,0.45400047302246094,0.10575912147760391,0.019364427775144577,1.0,2.309575080871582,2.3920202255249023,2.3949549198150635,0.0,5.0,0.0,0.0,0.0,0.0,0.0,0.0,,,,,,,,,,,,,,,,,,,,,,0.001
5,1660,train,0.13058671355247498,0.10840211808681488,0.11092296242713928,0.0,0.0,0.0,0.0,0.0,0.0,0.0,0.0,0.0,0.0,0.0,0.0,0.0,0.0,0.0,0.0,0.0,0.0,0.0,0.0,0.0,0.0,0.0,0.0,1.0,0.03988109529018402,0.03988109529018402,0.03982454910874367,0.0,0.017918875440955162,0.4506781995296478,1.0,0.0,1.0,0.0,0.0,0.0973675549030304,0.0,0.0,0.0,0.0,0.18944112956523895,0.12725929915905,0.0032224073074758053,0.6408652067184448,0.31137505173683167,0.0,0.0,0.0,0.0,0.0,0.0,0.0,0.0,1.0,0.0,0.005064767319709063,0.309644490480423,0.15476128458976746,0.026406528428196907,0.0,0.11092296242713928,0.10840211808681488,0.10840211808681488,0.07496432960033417,0.03519764170050621,8.791778416394891e-11,0.0,0.0,3.853519916534424,3.853519916534424,0.8514530062675476,0.8514530062675476,0.2961454689502716,0.0,0.0,0.0,0.0,0.18944114446640015,0.23557518422603607,2.606665475468617e-06,0.9921818971633911,0.31137505173683167,0.12689951062202454,0.916275680065155,0.8550393581390381,0.8514530062675476,0.8598471283912659,0.4506781995296478,0.10734304785728455,0.02004961110651493,1.0,2.3140177726745605,2.3566598892211914,2.314354181289673,0.0,5.0,0.0,0.0,0.0,0.0,0.0,0.0,,,,,,,,,,,,,,,,,,,,,,0.001
5,1670,train_epoch,0.13574170069155578,0.11275779868582052,0.1149195111217256,0.0,0.0,0.0,0.0,0.0,0.0,0.0,0.0,0.0,0.0,0.0,0.0,0.0,0.0,0.0,0.0,0.0,0.0,0.0,0.0,0.0,0.0,0.0,0.0,1.0,0.041456494223839506,0.041456494379989405,0.04141735264328782,0.0,0.018648297107683683,0.45296593001502716,1.0,0.0,1.0,0.0,0.0,0.0677544810324015,0.0,0.0,0.0,0.0,0.21923662200123964,0.14752325736833904,0.007838579476201032,0.6431941129490287,0.33939534903108004,0.0,0.0,0.0,0.0,0.0,0.0,0.0,0.0,1.0,0.0,0.005510919066362117,0.29326014693625674,0.15365039575064254,0.044706053847815105,0.0,0.1149195111217256,0.11275779868582052,0.11275779868582052,0.07058229230478139,0.027677205701349555,-1.48259802586428e-13,0.0,0.0,3.780056682175505,3.7800566850308175,0.8556301841835776,0.8556301841835776,0.2745464448621887,0.0,0.0,0.0,0.0,0.21923663993617018,0.2485999268685986,8.249080786587095e-06,0.988269804837461,0.33939534903108004,0.15858605425961003,0.9089626871540161,0.8613839840103766,0.8556301841835776,0.8565616807537878,0.45296593001502716,0.10533059178712126,0.018788023731911074,1.0,2.3901849842357064,2.3889030439411094,2.390676436310043,0.0,5.0,0.0,0.0,0.0,0.0,0.0,0.0,,,,,,,,,,,,,,,,,,,,,,0.001
5,1670,val,,,,,,,,,,,,,,,,,,,,,,,,,,,,,,,,,,,,,,,,,,,,,,,,,,,,,,,,,,,,,,,,,,,,,,,,,,,,,,,,,,,,,,,,,,,,,,,,,,,,,,,,,,,76.21883504731315,13304.865447998047,115.34671841018299,143.06632123674666,41.97086502824511,16.4952825989042,25.491442441208765,13.888046383857727,7.9649918249675205,73.5758387701852,88.97929507646926,152.42288279533386,42.06004788194384,137.22662019729614,164.83552466572482,281.27254315785,79.06713087218148,76.21883504731315,115.34671841018299,143.06632123674666,41.97086502824511,0.001
5,1670,test,,,,,,,,,,,,,,,,,,,,,,,,,,,,,,,,,,,,,,,,,,,,,,,,,,,,,,,,,,,,,,,,,,,,,,,,,,,,,,,,,,,,,,,,,,,,,,,,,,,,,,,,,,,80.50038807732719,14860.454554966518,121.90346408107736,128.3433759553092,45.284989970070974,17.797928358827317,27.813701600008084,12.247503476483482,8.575407930782863,79.04176926612854,96.49336799291189,139.0286307164601,46.43712782859802,144.18948153087072,173.6290812410433,253.66146394184656,84.91417956352234,80.50038807732719,121.90346408107736,128.3433759553092,45.284989970070974,0.001
6,1680,train,0.1313198208808899,0.10911139845848083,0.11104210466146469,0.0,0.0,0.0,0.0,0.0,0.0,0.0,0.0,0.0,0.0,0.0,0.0,0.0,0.0,0.0,0.0,0.0,0.0,0.0,0.0,0.0,0.0,0.0,0.0,1.0,0.04244420677423477,0.04244420677423477,0.042531102895736694,0.0,0.018110359087586403,0.45258450508117676,1.0,0.0,1.0,0.0,0.0,0.09243499487638474,0.0,0.0,0.0,0.0,0.19118739664554596,0.15277113020420074,0.003016404341906309,0.5938425064086914,0.30518490076065063,0.0,0.0,0.0,0.0,0.0,0.0,0.0,0.0,1.0,0.0,0.005293216556310654,0.31139907240867615,0.16209350526332855,0.02462095580995083,0.0,0.11104210466146469,0.10911139845848083,0.10911139845848083,0.085205078125,0.011130002327263355,2.398442000561829e-10,0.0,0.0,3.7031373977661133,3.7031373977661133,0.8832219839096069,0.8832219839096069,0.3073674440383911,0.0,0.0,0.0,0.0,0.19118739664554596,0.24196241796016693,1.0579461786619504e-06,0.978417694568634,0.30518490076065063,0.1373315006494522,0.8961515426635742,0.8933233022689819,0.8832219839096069,0.8552416563034058,0.45258450508117676,0.11523324251174927,0.02244974859058857,1.0,2.3506956100463867,2.332376718521118,2.3539865016937256,0.0,5.0,0.0,0.0,0.0,0.0,0.0,0.0,,,,,,,,,,,,,,,,,,,,,,0.001
6,1700,train,0.13549575209617615,0.1127549484372139,0.11370402574539185,0.0,0.0,0.0,0.0,0.0,0.0,0.0,0.0,0.0,0.0,0.0,0.0,0.0,0.0,0.0,0.0,0.0,0.0,0.0,0.0,0.0,0.0,0.0,0.0,1.0,0.0470246858894825,0.0470246858894825,0.04718766734004021,0.0,0.01801205798983574,0.45446833968162537,1.0,0.0,1.0,0.0,0.0,0.09903741627931595,0.0,0.0,0.0,0.0,0.18548385798931122,0.132574662566185,0.001107294112443924,0.5711959600448608,0.3029106855392456,0.0,0.0,0.0,0.0,0.0,0.0,0.0,0.0,1.0,0.0,0.007681701797991991,0.31924235820770264,0.17077602446079254,0.024795997887849808,0.0,0.11370402574539185,0.1127549484372139,0.1127549484372139,0.08149915933609009,0.015171832405030727,-3.1553473722745196e-10,0.0,0.0,3.8961706161499023,3.8961706161499023,0.9089713096618652,0.9089713096618652,0.3179874122142792,0.0,0.0,0.0,0.0,0.1854838728904724,0.23302826285362244,5.729670959908617e-09,0.9642074704170227,0.3029106855392456,0.1315716952085495,1.0002319812774658,0.9146161675453186,0.9089713096618652,0.8860802054405212,0.45446833968162537,0.11514841020107269,0.023704567924141884,1.0,2.513859987258911,2.3903186321258545,2.3569202423095703,0.0,5.0,0.0,0.0,0.0,0.0,0.0,0.0,,,,,,,,,,,,,,,,,,,,,,0.001
6,1720,train,0.14572186768054962,0.12108557671308517,0.12318143248558044,0.0,0.0,0.0,0.0,0.0,0.0,0.0,0.0,0.0,0.0,0.0,0.0,0.0,0.0,0.0,0.0,0.0,0.0,0.0,0.0,0.0,0.0,0.0,0.0,1.0,0.04787570610642433,0.04787570610642433,0.047876082360744476,0.0,0.01776997372508049,0.45065802335739136,1.0,0.0,1.0,0.0,0.0,0.08876977860927582,0.0,0.0,0.0,0.0,0.21972709894180298,0.16565150022506714,0.005044007673859596,0.619555652141571,0.3276884853839874,0.0,0.0,0.0,0.0,0.0,0.0,0.0,0.0,1.0,0.0,0.006833204533904791,0.3185587525367737,0.16353484988212585,0.024468036368489265,0.0,0.12318143248558044,0.12108557671308517,0.12108557671308517,0.0767395943403244,0.019248751923441887,2.193862175259298e-10,0.0,0.0,3.9040205478668213,3.9040205478668213,0.8857999444007874,0.8857999444007874,0.30385613441467285,0.0,0.0,0.0,0.0,0.21972711384296417,0.25803524255752563,1.3975980550640088e-07,0.9972847700119019,0.3276884853839874,0.16568627953529358,0.9147369861602783,0.9006613492965698,0.8857999444007874,0.896969199180603,0.45065802335739136,0.1117577776312828,0.02223064750432968,1.0,2.44001841545105,2.3463478088378906,2.324028730392456,0.0,5.0,0.0,0.0,0.0,0.0,0.0,0.0,,,,,,,,,,,,,,,,,,,,,,0.001
6,1740,train,0.1347104012966156,0.11204278469085693,0.11333804577589035,0.0,0.0,0.0,0.0,0.0,0.0,0.0,0.0,0.0,0.0,0.0,0.0,0.0,0.0,0.0,0.0,0.0,0.0,0.0,0.0,0.0,0.0,0.0,0.0,1.0,0.0359356664121151,0.0359356664121151,0.03599579632282257,0.0,0.017199471592903137,0.4532731771469116,1.0,0.0,1.0,0.0,0.0,0.10135763138532639,0.0,0.0,0.0,0.0,0.21578863263130188,0.14137603342533112,0.002403662307187915,0.500029444694519,0.3191666901111603,0.0,0.0,0.0,0.0,0.0,0.0,0.0,0.0,1.0,0.0,0.005265356972813606,0.3215860426425934,0.15639883279800415,0.024610206484794617,0.0,0.11333804577589035,0.11204278469085693,0.11204278469085693,0.07967628538608551,0.010893438011407852,-1.4632085820753815e-10,0.0,0.0,3.874373197555542,3.8743736743927,0.8663694858551025,0.8663694858551025,0.3126109540462494,0.0,0.0,0.0,0.0,0.21578866243362427,0.2603018879890442,3.6266594634071225e-06,0.9980042576789856,0.3191666901111603,0.1561274528503418,0.9172794222831726,0.8704618811607361,0.8663694858551025,0.8493703603744507,0.4532731771469116,0.11164933443069458,0.020971443504095078,1.0,2.4239614009857178,2.345909833908081,2.2827439308166504,0.0,5.0,0.0,0.0,0.0,0.0,0.0,0.0,,,,,,,,,,,,,,,,,,,,,,0.001
6,1760,train,0.12536770105361938,0.10411855578422546,0.10624568909406662,0.0,0.0,0.0,0.0,0.0,0.0,0.0,0.0,0.0,0.0,0.0,0.0,0.0,0.0,0.0,0.0,0.0,0.0,0.0,0.0,0.0,0.0,0.0,0.0,1.0,0.04237471520900726,0.04237471520900726,0.042377177625894547,0.0,0.01846027746796608,0.452468603849411,1.0,0.0,1.0,0.0,0.0,0.07326818257570267,0.0,0.0,0.0,0.0,0.2365102916955948,0.1950276643037796,0.013715642504394054,0.9041854739189148,0.2976432740688324,0.0,0.0,0.0,0.0,0.0,0.0,0.0,0.0,1.0,0.0,0.005978647619485855,0.3235528767108917,0.15928895771503448,0.021852955222129822,0.0,0.10624568909406662,0.10411855578422546,0.10411855578422546,0.08437033742666245,0.022492269054055214,4.796801844619836e-10,0.0,0.0,3.9125826358795166,3.9125823974609375,0.8753240704536438,0.8753240704536438,0.3326120674610138,0.0,0.0,0.0,0.0,0.23651032149791718,0.29544007778167725,4.026810174195816e-08,0.9965828061103821,0.2976432740688324,0.19174326956272125,0.9100490808486938,0.8923087120056152,0.8753240704536438,0.8908188939094543,0.452468603849411,0.1107008084654808,0.020471185445785522,1.0,2.3881349563598633,2.309373378753662,2.323434591293335,0.0,5.0,0.0,0.0,0.0,0.0,0.0,0.0,,,,,,,,,,,,,,,,,,,,,,0.001
6,1780,train,0.13590946793556213,0.11300260573625565,0.11453430354595184,0.0,0.0,0.0,0.0,0.0,0.0,0.0,0.0,0.0,0.0,0.0,0.0,0.0,0.0,0.0,0.0,0.0,0.0,0.0,0.0,0.0,0.0,0.0,0.0,1.0,0.04452066123485565,0.04452065750956535,0.04459944739937782,0.0,0.01792812906205654,0.4515955150127411,1.0,0.0,1.0,0.0,0.0,0.112373948097229,0.0,0.0,0.0,0.0,0.20733997225761414,0.1260921210050583,0.010652666911482811,0.5337851643562317,0.3085728883743286,0.0,0.0,0.0,0.0,0.0,0.0,0.0,0.0,1.0,0.0,0.003623363794758916,0.3060283958911896,0.15868361294269562,0.02135561779141426,0.0,0.11453430354595184,0.11300260573625565,0.11300260573625565,0.07898902148008347,0.006332017481327057,-2.2858231973899024e-10,0.0,0.0,3.9536378383636475,3.9536378383636475,0.8596636056900024,0.8596636056900024,0.31322672963142395,0.0,0.0,0.0,0.0,0.20733998715877533,0.25864139199256897,1.437094425682517e-07,0.9964478015899658,0.3085728883743286,0.16106006503105164,0.9410069584846497,0.8595194220542908,0.8596636056900024,0.8410560488700867,0.4515955150127411,0.11470626294612885,0.02153431624174118,1.0,2.346930503845215,2.320188283920288,2.4157774448394775,0.0,5.0,0.0,0.0,0.0,0.0,0.0,0.0,,,,,,,,,,,,,,,,,,,,,,0.001
6,1800,train,0.11917705088853836,0.09935710579156876,0.09909971058368683,0.0,0.0,0.0,0.0,0.0,0.0,0.0,0.0,0.0,0.0,0.0,0.0,0.0,0.0,0.0,0.0,0.0,0.0,0.0,0.0,0.0,0.0,0.0,0.0,1.0,0.04148175194859505,0.04148175194859505,0.041528213769197464,0.0,0.017939196899533272,0.45344147086143494,1.0,0.0,1.0,0.0,0.0,0.1062491238117218,0.0,0.0,0.0,0.0,0.19931331276893616,0.1360160857439041,0.0012875847751274705,0.5460535287857056,0.3061794638633728,0.0,0.0,0.0,0.0,0.0,0.0,0.0,0.0,1.0,0.0,0.003649461315944791,0.3128526210784912,0.1628461480140686,0.022961117327213287,0.0,0.09909971058368683,0.09935710579156876,0.09935710579156876,0.07848664373159409,0.03171156719326973,1.4797583991477126e-10,0.0,0.0,3.891078472137451,3.891078472137451,0.8726403117179871,0.8726403117179871,0.30671966075897217,0.0,0.0,0.0,0.0,0.19931334257125854,0.24985936284065247,3.887306263550272e-07,0.9951174259185791,0.3061794638633728,0.14232537150382996,0.9223131537437439,0.8797372579574585,0.8726403117179871,0.8610255718231201,0.45344147086143494,0.11145146191120148,0.021233469247817993,1.0,2.3793110847473145,2.294542074203491,2.262122869491577,0.0,5.0,0.0,0.0,0.0,0.0,0.0,0.0,,,,,,,,,,,,,,,,,,,,,,0.001
6,1820,train,0.12355898320674896,0.10267149657011032,0.1044374406337738,0.0,0.0,0.0,0.0,0.0,0.0,0.0,0.0,0.0,0.0,0.0,0.0,0.0,0.0,0.0,0.0,0.0,0.0,0.0,0.0,0.0,0.0,0.0,0.0,1.0,0.03808590769767761,0.03808590769767761,0.03805963695049286,0.0,0.01889326609671116,0.4507329761981964,1.0,0.0,1.0,0.0,0.0,0.08408486843109131,0.0,0.0,0.0,0.0,0.19372475147247314,0.11754076182842255,0.00740780821070075,0.5608637928962708,0.2908676564693451,0.0,0.0,0.0,0.0,0.0,0.0,0.0,0.0,1.0,0.0,0.004301239270716906,0.31353625655174255,0.15683124959468842,0.019636569544672966,0.0,0.1044374406337738,0.10267149657011032,0.10267149657011032,0.0817234143614769,0.009423164650797844,8.055782430016478e-11,0.0,0.0,3.9223999977111816,3.9223999977111816,0.864691436290741,0.864691436290741,0.3141658306121826,0.0,0.0,0.0,0.0,0.19372478127479553,0.25497856736183167,6.998737376306963e-07,0.9943304061889648,0.2908676564693451,0.1439031958580017,0.9352903366088867,0.8667128682136536,0.864691436290741,0.8382211327552795,0.4507329761981964,0.1097162589430809,0.020381731912493706,1.0,2.107710361480713,2.320894241333008,2.317214012145996,0.0,5.0,0.0,0.0,0.0,0.0,0.0,0.0,,,,,,,,,,,,,,,,,,,,,,0.001
6,1840,train,0.1307600438594818,0.10881679505109787,0.1097162589430809,0.0,0.0,0.0,0.0,0.0,0.0,0.0,0.0,0.0,0.0,0.0,0.0,0.0,0.0,0.0,0.0,0.0,0.0,0.0,0.0,0.0,0.0,0.0,0.0,1.0,0.03969523683190346,0.03969523683190346,0.0397336483001709,0.0,0.018364552408456802,0.45065566897392273,1.0,0.0,1.0,0.0,0.0,0.09217279404401779,0.0,0.0,0.0,0.0,0.2188216596841812,0.15278615057468414,0.012204579077661037,0.6128454804420471,0.332624226808548,0.0,0.0,0.0,0.0,0.0,0.0,0.0,0.0,1.0,0.0,0.003973767161369324,0.3223170042037964,0.15636202692985535,0.018183719366788864,0.0,0.1097162589430809,0.10881679505109787,0.10881679505109787,0.08680078387260437,0.022504646331071854,1.5354208182660756e-10,0.0,0.0,3.882328987121582,3.882329225540161,0.8441925048828125,0.8441925048828125,0.3324473202228546,0.0,0.0,0.0,0.0,0.2188216745853424,0.2547982633113861,6.977851541023483e-08,0.9980602860450745,0.332624226808548,0.15007659792900085,0.8696937561035156,0.8610180020332336,0.8441925048828125,0.866527259349823,0.45065566897392273,0.11182396113872528,0.019767047837376595,1.0,2.2476143836975098,2.278597354888916,2.254523277282715,0.0,5.0,0.0,0.0,0.0,0.0,0.0,0.0,,,,,,,,,,,,,,,,,,,,,,0.001
6,1860,train,0.13574069738388062,0.11282242089509964,0.11459136754274368,0.0,0.0,0.0,0.0,0.0,0.0,0.0,0.0,0.0,0.0,0.0,0.0,0.0,0.0,0.0,0.0,0.0,0.0,0.0,0.0,0.0,0.0,0.0,0.0,1.0,0.04199923947453499,0.04199923947453499,0.041959088295698166,0.0,0.018559183925390244,0.45468294620513916,1.0,0.0,1.0,0.0,0.0,0.09588746726512909,0.0,0.0,0.0,0.0,0.21754515171051025,0.17251203954219818,0.0040221428498625755,0.7518010139465332,0.32423344254493713,0.0,0.0,0.0,0.0,0.0,0.0,0.0,0.0,1.0,0.0,0.004787358455359936,0.3172928988933563,0.15879413485527039,0.0188764501363039,0.0,0.11459136754274368,0.11282242089509964,0.11282242089509964,0.06773107498884201,0.021299894899129868,-4.010179688318516e-10,0.0,0.0,3.8400282859802246,3.8400282859802246,0.8828321695327759,0.8828321695327759,0.264264851808548,0.0,0.0,0.0,0.0,0.21754516661167145,0.2556619942188263,4.084371539647691e-06,0.9956054091453552,0.32423344254493713,0.1540134847164154,1.0035912990570068,0.8870203495025635,0.8828321695327759,0.8982716202735901,0.45468294620513916,0.1087995246052742,0.02054654248058796,1.0,2.4122347831726074,2.3021442890167236,2.3178184032440186,0.0,5.0,0.0,0.0,0.0,0.0,0.0,0.0,,,,,,,,,,,,,,,,,,,,,,0.001
6,1880,train,0.14244692027568817,0.11834459006786346,0.12051163613796234,0.0,0.0,0.0,0.0,0.0,0.0,0.0,0.0,0.0,0.0,0.0,0.0,0.0,0.0,0.0,0.0,0.0,0.0,0.0,0.0,0.0,0.0,0.0,0.0,1.0,0.0403672493994236,0.040367256850004196,0.04038449376821518,0.0,0.017790108919143677,0.45130765438079834,1.0,0.0,1.0,0.0,0.0,0.12260472029447556,0.0,0.0,0.0,0.0,0.21569710969924927,0.15251803398132324,0.012705078348517418,0.7106468081474304,0.30769816040992737,0.0,0.0,0.0,0.0,0.0,0.0,0.0,0.0,1.0,0.0,0.00692699896171689,0.3221423625946045,0.15985234081745148,0.016945062205195427,0.0,0.12051163613796234,0.11834459006786346,0.11834459006786346,0.08737529069185257,0.0283051747828722,1.3683813804288292e-10,0.0,0.0,4.040350914001465,4.040350914001465,0.8901705145835876,0.8901705145835876,0.3571417033672333,0.0,0.0,0.0,0.0,0.21569712460041046,0.2690463960170746,6.871655386930797e-06,0.995681643486023,0.30769816040992737,0.17225797474384308,0.9410211443901062,0.895229160785675,0.8901705145835876,0.8843818306922913,0.45130765438079834,0.1088840588927269,0.019489390775561333,1.0,2.301555633544922,2.305908679962158,2.2424027919769287,0.0,5.0,0.0,0.0,0.0,0.0,0.0,0.0,,,,,,,,,,,,,,,,,,,,,,0.001
6,1900,train,0.13066144287586212,0.10872022062540054,0.1097060963511467,0.0,0.0,0.0,0.0,0.0,0.0,0.0,0.0,0.0,0.0,0.0,0.0,0.0,0.0,0.0,0.0,0.0,0.0,0.0,0.0,0.0,0.0,0.0,0.0,1.0,0.04662593826651573,0.04662593826651573,0.04662201553583145,0.0,0.018116218969225883,0.45324045419692993,1.0,0.0,1.0,0.0,0.0,0.08634249866008759,0.0,0.0,0.0,0.0,0.24131466448307037,0.15253481268882751,0.0022976514883339405,0.7580790519714355,0.3619964122772217,0.0,0.0,0.0,0.0,0.0,0.0,0.0,0.0,1.0,0.0,0.0037275387439876795,0.33060479164123535,0.16321468353271484,0.01720055751502514,0.0,0.1097060963511467,0.10872022062540054,0.10872022062540054,0.09630118310451508,0.02225373312830925,1.499107782354514e-11,0.0,0.0,3.9782707691192627,3.978271245956421,0.8964552283287048,0.8964552283287048,0.3804459571838379,0.0,0.0,0.0,0.0,0.24131470918655396,0.2572421133518219,3.263173198320146e-07,0.9955974221229553,0.3619964122772217,0.16937807202339172,0.943085253238678,0.9092921018600464,0.8964552283287048,0.9100160598754883,0.45324045419692993,0.11293208599090576,0.021341782063245773,1.0,2.319244861602783,2.3127458095550537,2.2119834423065186,0.0,5.0,0.0,0.0,0.0,0.0,0.0,0.0,,,,,,,,,,,,,,,,,,,,,,0.001
6,1920,train,0.1296113133430481,0.1078747883439064,0.10868262499570847,0.0,0.0,0.0,0.0,0.0,0.0,0.0,0.0,0.0,0.0,0.0,0.0,0.0,0.0,0.0,0.0,0.0,0.0,0.0,0.0,0.0,0.0,0.0,0.0,1.0,0.041668444871902466,0.04166843742132187,0.04172687977552414,0.0,0.01865423657000065,0.45191606879234314,1.0,0.0,1.0,0.0,0.0,0.13679388165473938,0.0,0.0,0.0,0.0,0.20484770834445953,0.13953052461147308,0.009426840580999851,0.5643910765647888,0.30943378806114197,0.0,0.0,0.0,0.0,0.0,0.0,0.0,0.0,1.0,0.0,0.004431937355548143,0.3174614906311035,0.16288892924785614,0.01523044053465128,0.0,0.10868262499570847,0.1078747883439064,0.1078747883439064,0.08565691858530045,0.03134514391422272,6.855739500405411e-12,0.0,0.0,4.115514755249023,4.115515232086182,0.8699725866317749,0.8699725866317749,0.34959709644317627,0.0,0.0,0.0,0.0,0.20484772324562073,0.2570483088493347,1.9925526117958725e-08,0.9945353269577026,0.30943378806114197,0.16007967293262482,0.9507701396942139,0.8807154297828674,0.8699725866317749,0.8730514049530029,0.45191606879234314,0.10962266474962234,0.019622646272182465,1.0,2.2904438972473145,2.279407024383545,2.2564697265625,0.0,5.0,0.0,0.0,0.0,0.0,0.0,0.0,,,,,,,,,,,,,,,,,,,,,,0.001
6,1940,train,0.12494300305843353,0.10402357578277588,0.10459711402654648,0.0,0.0,0.0,0.0,0.0,0.0,0.0,0.0,0.0,0.0,0.0,0.0,0.0,0.0,0.0,0.0,0.0,0.0,0.0,0.0,0.0,0.0,0.0,0.0,1.0,0.0450395904481411,0.0450395904481411,0.045095086097717285,0.0,0.018453365191817284,0.45502710342407227,1.0,0.0,1.0,0.0,0.0,0.08933564275503159,0.0,0.0,0.0,0.0,0.23391491174697876,0.13791441917419434,0.015718430280685425,0.6233690977096558,0.3424510359764099,0.0,0.0,0.0,0.0,0.0,0.0,0.0,0.0,1.0,0.0,0.005895724520087242,0.2993503510951996,0.1690351963043213,0.014150070957839489,0.0,0.10459711402654648,0.10402357578277588,0.10402357578277588,0.09303624927997589,0.011331486515700817,-2.53743172307086e-11,0.0,0.0,3.832271099090576,3.832271099090576,0.9121774435043335,0.9121774435043335,0.343003511428833,0.0,0.0,0.0,0.0,0.23391492664813995,0.26507195830345154,1.0859946542041143e-06,0.9970500469207764,0.3424510359764099,0.17680761218070984,0.9757667183876038,0.9193266034126282,0.9121774435043335,0.8578450083732605,0.45502710342407227,0.11401358246803284,0.022040044888854027,1.0,2.360668182373047,2.282231330871582,2.275312900543213,0.0,5.0,0.0,0.0,0.0,0.0,0.0,0.0,,,,,,,,,,,,,,,,,,,,,,0.001
6,1960,train,0.13375534117221832,0.11113233864307404,0.11311501264572144,0.0,0.0,0.0,0.0,0.0,0.0,0.0,0.0,0.0,0.0,0.0,0.0,0.0,0.0,0.0,0.0,0.0,0.0,0.0,0.0,0.0,0.0,0.0,0.0,1.0,0.035905882716178894,0.0359058752655983,0.0359138660132885,0.0,0.017936114221811295,0.4520006775856018,1.0,0.0,1.0,0.0,0.0,0.1263645887374878,0.0,0.0,0.0,0.0,0.24834805727005005,0.13038137555122375,0.008563423529267311,0.5673704147338867,0.365343302488327,0.0,0.0,0.0,0.0,0.0,0.0,0.0,0.0,1.0,0.0,0.003765939734876156,0.304784893989563,0.14791834354400635,0.014586258679628372,0.0,0.11311501264572144,0.11113233864307404,0.11113233864307404,0.07916644215583801,0.017605876550078392,-3.679155591296279e-10,0.0,0.0,3.859419584274292,3.859419584274292,0.8516659140586853,0.8516659140586853,0.2939121127128601,0.0,0.0,0.0,0.0,0.24834808707237244,0.26433390378952026,2.6009712428276544e-07,0.9960445165634155,0.365343302488327,0.1866881251335144,0.8726322054862976,0.8622786998748779,0.8516659140586853,0.8643542528152466,0.4520006775856018,0.11230941116809845,0.019534166902303696,1.0,2.1825923919677734,2.2632226943969727,2.2732746601104736,0.0,5.0,0.0,0.0,0.0,0.0,0.0,0.0,,,,,,,,,,,,,,,,,,,,,,0.001
6,1980,train,0.11818762868642807,0.09840154647827148,0.09893041849136353,0.0,0.0,0.0,0.0,0.0,0.0,0.0,0.0,0.0,0.0,0.0,0.0,0.0,0.0,0.0,0.0,0.0,0.0,0.0,0.0,0.0,0.0,0.0,0.0,1.0,0.03958796337246895,0.03958795592188835,0.03972337394952774,0.0,0.020104816183447838,0.4494224488735199,1.0,0.0,1.0,0.0,0.0,0.1284206509590149,0.0,0.0,0.0,0.0,0.25685083866119385,0.1755944937467575,0.005757258273661137,0.7090033292770386,0.33420830965042114,0.0,0.0,0.0,0.0,0.0,0.0,0.0,0.0,1.0,0.0,0.0021917219273746014,0.31878766417503357,0.1567111611366272,0.015032836236059666,0.0,0.09893041849136353,0.09840154647827148,0.09840154647827148,0.08198593556880951,0.028715193271636963,-2.5795314235327327e-12,0.0,0.0,3.882643938064575,3.882643938064575,0.8544211983680725,0.8544211983680725,0.3177551031112671,0.0,0.0,0.0,0.0,0.25685083866119385,0.2898244857788086,3.0185569812601898e-06,0.9836578965187073,0.33420830965042114,0.2276194989681244,0.8833732604980469,0.8704081773757935,0.8544211983680725,0.7999526262283325,0.4494224488735199,0.11257380247116089,0.02002994529902935,1.0,2.252192974090576,2.244540214538574,2.2886438369750977,0.0,5.0,0.0,0.0,0.0,0.0,0.0,0.0,,,,,,,,,,,,,,,,,,,,,,0.001
6,2000,train,0.12043953686952591,0.10043670982122421,0.10001414269208908,0.0,0.0,0.0,0.0,0.0,0.0,0.0,0.0,0.0,0.0,0.0,0.0,0.0,0.0,0.0,0.0,0.0,0.0,0.0,0.0,0.0,0.0,0.0,0.0,1.0,0.044395461678504944,0.044395461678504944,0.04439351707696915,0.0,0.018762094900012016,0.4504205882549286,1.0,0.0,1.0,0.0,0.0,0.11206921935081482,0.0,0.0,0.0,0.0,0.2185349464416504,0.12783513963222504,0.014549462124705315,0.5733448266983032,0.31953665614128113,0.0,0.0,0.0,0.0,0.0,0.0,0.0,0.0,1.0,0.0,0.003078480251133442,0.33661386370658875,0.17573273181915283,0.013273943215608597,0.0,0.10001414269208908,0.10043670982122421,0.10043670982122421,0.09198616445064545,0.026008088141679764,5.600014341133885e-10,0.0,0.0,3.9256105422973633,3.9256105422973633,0.9409889578819275,0.9409889578819275,0.34927552938461304,0.0,0.0,0.0,0.0,0.21853497624397278,0.2637815475463867,5.729586405323062e-07,0.9946295022964478,0.31953665614128113,0.1672794222831726,1.003488302230835,0.9531587958335876,0.9409889578819275,0.9127432703971863,0.4504205882549286,0.1122167631983757,0.021555598825216293,1.0,2.277068853378296,2.2847299575805664,2.275167465209961,0.0,5.0,0.0,0.0,0.0,0.0,0.0,0.0,,,,,,,,,,,,,,,,,,,,,,0.001
6,2004,train_epoch,0.13107899692422614,0.10899191338591233,0.11043541749080497,0.0,0.0,0.0,0.0,0.0,0.0,0.0,0.0,0.0,0.0,0.0,0.0,0.0,0.0,0.0,0.0,0.0,0.0,0.0,0.0,0.0,0.0,0.0,0.0,1.0,0.04217006230425692,0.04217006240463899,0.04217772059767189,0.0,0.018564043923498627,0.45193137799551386,1.0,0.0,1.0,0.0,0.0,0.09901814602181583,0.0,0.0,0.0,0.0,0.22255823627381982,0.14471067537269192,0.008556759201590053,0.626018794264622,0.32524535167003105,0.0,0.0,0.0,0.0,0.0,0.0,0.0,0.0,1.0,0.0,0.0046666592734581425,0.31493426083090775,0.15949841597658432,0.019506696848656066,0.0,0.11043541749080497,0.10899191338591233,0.10899191338591233,0.08362070859192375,0.02407484739014327,9.128041018976827e-12,0.0,0.0,3.8781962230533895,3.8781962280501863,0.8720158359961595,0.8720158359961595,0.3222975796478951,0.0,0.0,0.0,0.0,0.22255825202265186,0.26191482603728417,2.7529633956997865e-06,0.9926167037672625,0.32524535167003105,0.16919250688153112,0.9321802549376459,0.8788834317715583,0.8720158359961595,0.87171417456901,0.45193137799551386,0.11082829639850976,0.02046041267026149,1.0,2.304548970239605,2.3043540273597856,2.3053090301102506,0.0,5.0,0.0,0.0,0.0,0.0,0.0,0.0,,,,,,,,,,,,,,,,,,,,,,0.001
6,2004,val,,,,,,,,,,,,,,,,,,,,,,,,,,,,,,,,,,,,,,,,,,,,,,,,,,,,,,,,,,,,,,,,,,,,,,,,,,,,,,,,,,,,,,,,,,,,,,,,,,,,,,,,,,,75.72752390589032,13306.943350655692,115.3557252617125,142.45885940960474,41.72212139197758,15.329995717321124,24.65741789132723,10.57481432386807,7.1852759804044455,72.42747868810382,87.17803723090167,152.6144811766488,41.962263345718384,137.948627608163,165.82960860174126,282.1853529385158,79.40797223363604,75.72752390589032,115.3557252617125,142.45885940960474,41.72212139197758,0.001
6,2004,test,,,,,,,,,,,,,,,,,,,,,,,,,,,,,,,,,,,,,,,,,,,,,,,,,,,,,,,,,,,,,,,,,,,,,,,,,,,,,,,,,,,,,,,,,,,,,,,,,,,,,,,,,,,80.3556330544608,14915.740931919643,122.13001650667064,128.9397419520787,45.21015356268202,17.23202382666724,27.021093275753536,13.159235839332853,8.130398741790227,78.41054350989205,95.49317041483914,140.48013521943773,46.53579911163875,145.09325865336828,174.7622594659259,254.67755954606193,85.37604168483189,80.3556330544608,122.13001650667064,128.9397419520787,45.21015356268202,0.001
7,2020,train,0.12882216274738312,0.10715152323246002,0.10835318267345428,0.0,0.0,0.0,0.0,0.0,0.0,0.0,0.0,0.0,0.0,0.0,0.0,0.0,0.0,0.0,0.0,0.0,0.0,0.0,0.0,0.0,0.0,0.0,0.0,1.0,0.04237064719200134,0.04237065464258194,0.04247448965907097,0.0,0.01898648776113987,0.45353204011917114,1.0,0.0,1.0,0.0,0.0,0.08528686314821243,0.0,0.0,0.0,0.0,0.22267283499240875,0.15915368497371674,0.007422917988151312,0.7177647352218628,0.313561350107193,0.0,0.0,0.0,0.0,0.0,0.0,0.0,0.0,1.0,0.0,0.004702647682279348,0.32532763481140137,0.15810497105121613,0.013109634630382061,0.0,0.10835318267345428,0.10715152323246002,0.10715152323246002,0.0897783413529396,0.016839662566781044,-3.8282668701761224e-10,0.0,0.0,3.871321439743042,3.871321439743042,0.8642387986183167,0.8642387986183167,0.3409031331539154,0.0,0.0,0.0,0.0,0.22267283499240875,0.2705962359905243,9.678838068793993e-06,0.996575653553009,0.313561350107193,0.1676623821258545,0.9157959222793579,0.8782469034194946,0.8642387986183167,0.8671841025352478,0.45353204011917114,0.11528924107551575,0.020366374403238297,1.0,2.457110643386841,2.2681097984313965,2.2829766273498535,0.0,5.0,0.0,0.0,0.0,0.0,0.0,0.0,,,,,,,,,,,,,,,,,,,,,,0.001
7,2040,train,0.1368757039308548,0.11371125280857086,0.11582226306200027,0.0,0.0,0.0,0.0,0.0,0.0,0.0,0.0,0.0,0.0,0.0,0.0,0.0,0.0,0.0,0.0,0.0,0.0,0.0,0.0,0.0,0.0,0.0,0.0,1.0,0.04227229207754135,0.04227229207754135,0.04219794645905495,0.0,0.01868603564798832,0.45613157749176025,1.0,0.0,1.0,0.0,0.0,0.09591338038444519,0.0,0.0,0.0,0.0,0.2087569534778595,0.16481374204158783,0.007087429519742727,0.6260100603103638,0.27772027254104614,0.0,0.0,0.0,0.0,0.0,0.0,0.0,0.0,1.0,0.0,0.0064981551840901375,0.33566081523895264,0.16420501470565796,0.014285462908446789,0.0,0.11582226306200027,0.11371125280857086,0.11371125280857086,0.09847573935985565,0.016421779990196228,2.6319435519894796e-10,0.0,0.0,3.8356337547302246,3.8356337547302246,0.9094225764274597,0.9094225764274597,0.35869064927101135,0.0,0.0,0.0,0.0,0.2087569683790207,0.28070172667503357,4.1368241454620147e-07,0.9972073435783386,0.27772027254104614,0.1741728037595749,0.9712978601455688,0.9162786602973938,0.9094225764274597,0.9061137437820435,0.45613157749176025,0.11013255268335342,0.02004988305270672,1.0,2.2839608192443848,2.2618343830108643,2.2085349559783936,0.0,5.0,0.0,0.0,0.0,0.0,0.0,0.0,,,,,,,,,,,,,,,,,,,,,,0.001
7,2060,train,0.13518647849559784,0.11241026222705841,0.11388108134269714,0.0,0.0,0.0,0.0,0.0,0.0,0.0,0.0,0.0,0.0,0.0,0.0,0.0,0.0,0.0,0.0,0.0,0.0,0.0,0.0,0.0,0.0,0.0,0.0,1.0,0.042651787400245667,0.042651787400245667,0.042745448648929596,0.0,0.018069691956043243,0.4504845440387726,1.0,0.0,1.0,0.0,0.0,0.12634187936782837,0.0,0.0,0.0,0.0,0.21168729662895203,0.12466052174568176,0.008620361797511578,0.5317369699478149,0.3091379404067993,0.0,0.0,0.0,0.0,0.0,0.0,0.0,0.0,1.0,0.0,0.006325686816126108,0.3428158462047577,0.16135214269161224,0.01376127079129219,0.0,0.11388108134269714,0.11241026222705841,0.11241026222705841,0.09428339451551437,0.023292679339647293,1.6325839291564392e-10,0.0,0.0,4.13628625869751,4.13628625869751,0.8741424083709717,0.8741424083709717,0.37359464168548584,0.0,0.0,0.0,0.0,0.21168728172779083,0.26236361265182495,1.6712626802473096e-06,0.9952970147132874,0.3091379404067993,0.1508578509092331,0.8949568867683411,0.8816173076629639,0.8741424083709717,0.9070897102355957,0.4504845440387726,0.11436912417411804,0.01949012093245983,1.0,2.26096248626709,2.26747727394104,2.223968744277954,0.0,5.0,0.0,0.0,0.0,0.0,0.0,0.0,,,,,,,,,,,,,,,,,,,,,,0.001
7,2080,train,0.11265355348587036,0.09366393834352493,0.09494807571172714,0.0,0.0,0.0,0.0,0.0,0.0,0.0,0.0,0.0,0.0,0.0,0.0,0.0,0.0,0.0,0.0,0.0,0.0,0.0,0.0,0.0,0.0,0.0,0.0,1.0,0.03739745169878006,0.03739745169878006,0.037515439093112946,0.0,0.01840541698038578,0.44878122210502625,1.0,0.0,1.0,0.0,0.0,0.10668594390153885,0.0,0.0,0.0,0.0,0.215208500623703,0.11536364257335663,0.004030612297356129,0.5633469820022583,0.335176944732666,0.0,0.0,0.0,0.0,0.0,0.0,0.0,0.0,1.0,0.0,0.003640009555965662,0.3187987208366394,0.159331813454628,0.012113513424992561,0.0,0.09494807571172714,0.09366393834352493,0.09366393834352493,0.08539661020040512,0.026305275037884712,-4.029874489663854e-10,0.0,0.0,3.9774410724639893,3.97744083404541,0.8867506980895996,0.8867506980895996,0.31517699360847473,0.0,0.0,0.0,0.0,0.2152085155248642,0.24985355138778687,5.130000886310881e-07,0.9956278800964355,0.335176944732666,0.15379902720451355,0.9337199926376343,0.8887690305709839,0.8867506980895996,0.8766689896583557,0.44878122210502625,0.11622128635644913,0.02079901657998562,1.0,2.264523506164551,2.281677722930908,2.231287717819214,0.0,5.0,0.0,0.0,0.0,0.0,0.0,0.0,,,,,,,,,,,,,,,,,,,,,,0.001
7,2100,train,0.12568733096122742,0.10464509576559067,0.10521120578050613,0.0,0.0,0.0,0.0,0.0,0.0,0.0,0.0,0.0,0.0,0.0,0.0,0.0,0.0,0.0,0.0,0.0,0.0,0.0,0.0,0.0,0.0,0.0,0.0,1.0,0.048485200852155685,0.048485204577445984,0.04857191443443298,0.0,0.01795545220375061,0.45112910866737366,1.0,0.0,1.0,0.0,0.0,0.10123425722122192,0.0,0.0,0.0,0.0,0.2090650051832199,0.13253091275691986,0.005686021875590086,0.6111255288124084,0.3075810968875885,0.0,0.0,0.0,0.0,0.0,0.0,0.0,0.0,1.0,0.0,0.0047010560519993305,0.3434033989906311,0.17829206585884094,0.013092754408717155,0.0,0.10521120578050613,0.10464509576559067,0.10464509576559067,0.08713187277317047,0.0032762682531028986,-5.3503514119146445e-11,0.0,0.0,3.8498528003692627,3.8498528003692627,0.9482599496841431,0.9482599496841431,0.32319143414497375,0.0,0.0,0.0,0.0,0.2090650051832199,0.2600138485431671,3.336885754379182e-07,0.9904622435569763,0.3075810968875885,0.16380208730697632,1.0193474292755127,0.9721517562866211,0.9482599496841431,0.9119648933410645,0.45112910866737366,0.11949136853218079,0.022845862433314323,1.0,2.325990676879883,2.256293296813965,2.1864821910858154,0.0,5.0,0.0,0.0,0.0,0.0,0.0,0.0,,,,,,,,,,,,,,,,,,,,,,0.001
7,2120,train,0.1370699405670166,0.1142248883843422,0.11422526836395264,0.0,0.0,0.0,0.0,0.0,0.0,0.0,0.0,0.0,0.0,0.0,0.0,0.0,0.0,0.0,0.0,0.0,0.0,0.0,0.0,0.0,0.0,0.0,0.0,1.0,0.03820279240608215,0.038202788680791855,0.038319360464811325,0.0,0.018861811608076096,0.4499319791793823,1.0,0.0,1.0,0.0,0.0,0.13988302648067474,0.0,0.0,0.0,0.0,0.22382177412509918,0.12702135741710663,0.02812168560922146,0.542259931564331,0.3262650668621063,0.0,0.0,0.0,0.0,0.0,0.0,0.0,0.0,1.0,0.0,0.0019020874751731753,0.3405609130859375,0.15556250512599945,0.012946252711117268,0.0,0.11422526836395264,0.1142248883843422,0.1142248883843422,0.09809689223766327,0.04263065755367279,3.3773597807318367e-10,0.0,0.0,4.016977787017822,4.016977787017822,0.8800188899040222,0.8800188899040222,0.3862098455429077,0.0,0.0,0.0,0.0,0.22382177412509918,0.26468586921691895,6.736919999639213e-07,0.9953214526176453,0.3262650668621063,0.16456802189350128,0.9214865565299988,0.8793939352035522,0.8800188899040222,0.8606634140014648,0.4499319791793823,0.11295440047979355,0.019371729344129562,1.0,2.3358006477355957,2.2195591926574707,2.2663655281066895,0.0,5.0,0.0,0.0,0.0,0.0,0.0,0.0,,,,,,,,,,,,,,,,,,,,,,0.001
7,2140,train,0.13101442158222198,0.109013132750988,0.11000645160675049,0.0,0.0,0.0,0.0,0.0,0.0,0.0,0.0,0.0,0.0,0.0,0.0,0.0,0.0,0.0,0.0,0.0,0.0,0.0,0.0,0.0,0.0,0.0,0.0,1.0,0.04168817773461342,0.04168817773461342,0.04173906892538071,0.0,0.018727397546172142,0.45537516474723816,1.0,0.0,1.0,0.0,0.0,0.12063063681125641,0.0,0.0,0.0,0.0,0.24953892827033997,0.16794364154338837,0.009349719621241093,0.7055649757385254,0.33057814836502075,0.0,0.0,0.0,0.0,0.0,0.0,0.0,0.0,1.0,0.0,0.0036117322742938995,0.32565832138061523,0.15137879550457,0.01175463292747736,0.0,0.11000645160675049,0.109013132750988,0.109013132750988,0.08948387205600739,0.030975162982940674,3.549500537242123e-12,0.0,0.0,3.9074923992156982,3.9074923992156982,0.862866222858429,0.862866222858429,0.3484829366207123,0.0,0.0,0.0,0.0,0.24953894317150116,0.28447890281677246,6.014687414790387e-08,0.9962334036827087,0.33057814836502075,0.2151501327753067,0.9296963214874268,0.8635667562484741,0.862866222858429,0.8913091421127319,0.45537516474723816,0.11453110724687576,0.019475718960165977,1.0,2.3619790077209473,2.2884521484375,2.2975711822509766,0.0,5.0,0.0,0.0,0.0,0.0,0.0,0.0,,,,,,,,,,,,,,,,,,,,,,0.001
7,2160,train,0.13401950895786285,0.11147244274616241,0.1127353087067604,0.0,0.0,0.0,0.0,0.0,0.0,0.0,0.0,0.0,0.0,0.0,0.0,0.0,0.0,0.0,0.0,0.0,0.0,0.0,0.0,0.0,0.0,0.0,0.0,1.0,0.04771966114640236,0.04771965369582176,0.047759514302015305,0.0,0.017165785655379295,0.45078665018081665,1.0,0.0,1.0,0.0,0.0,0.11478467285633087,0.0,0.0,0.0,0.0,0.18576735258102417,0.10771175473928452,0.005641268566250801,0.4314485788345337,0.28980115056037903,0.0,0.0,0.0,0.0,0.0,0.0,0.0,0.0,1.0,0.0,0.007100675255060196,0.33970943093299866,0.166380375623703,0.012408838607370853,0.0,0.1127353087067604,0.11147244274616241,0.11147244274616241,0.0944046601653099,0.01783686876296997,2.7338274005694885e-11,0.0,0.0,3.9931440353393555,3.9931440353393555,0.9023653268814087,0.9023653268814087,0.35786008834838867,0.0,0.0,0.0,0.0,0.18576736748218536,0.24620601534843445,2.9340156970647513e-07,0.9949448704719543,0.28980115056037903,0.13028493523597717,1.0072274208068848,0.9057158827781677,0.9023653268814087,0.8903155326843262,0.45078665018081665,0.11544419825077057,0.02097158133983612,1.0,2.21376371383667,2.223010540008545,2.293849468231201,0.0,5.0,0.0,0.0,0.0,0.0,0.0,0.0,,,,,,,,,,,,,,,,,,,,,,0.001
7,2180,train,0.1194605678319931,0.09947119653224945,0.09994686394929886,0.0,0.0,0.0,0.0,0.0,0.0,0.0,0.0,0.0,0.0,0.0,0.0,0.0,0.0,0.0,0.0,0.0,0.0,0.0,0.0,0.0,0.0,0.0,0.0,1.0,0.03902190178632736,0.03902190178632736,0.03897837921977043,0.0,0.018314460292458534,0.4527152478694916,1.0,0.0,1.0,0.0,0.0,0.11762453615665436,0.0,0.0,0.0,0.0,0.2649422287940979,0.1245502382516861,0.030193671584129333,0.6232853531837463,0.3575189709663391,0.0,0.0,0.0,0.0,0.0,0.0,0.0,0.0,1.0,0.0,0.003317573806270957,0.3101928234100342,0.1523626148700714,0.011780129745602608,0.0,0.09994686394929886,0.09947119653224945,0.09947119653224945,0.08142757415771484,0.02573826164007187,5.947357623742322e-12,0.0,0.0,3.9597349166870117,3.9597349166870117,0.8624364733695984,0.8624364733695984,0.3018350601196289,0.0,0.0,0.0,0.0,0.2649422585964203,0.28291192650794983,1.254827992624996e-07,0.9950889945030212,0.3575189709663391,0.20606619119644165,0.8870134353637695,0.8699432611465454,0.8624364733695984,0.8725419044494629,0.4527152478694916,0.1149849072098732,0.019340403378009796,1.0,2.3312876224517822,2.283280611038208,2.298572540283203,0.0,5.0,0.0,0.0,0.0,0.0,0.0,0.0,,,,,,,,,,,,,,,,,,,,,,0.001
7,2200,train,0.1255744993686676,0.10458970814943314,0.10492396354675293,0.0,0.0,0.0,0.0,0.0,0.0,0.0,0.0,0.0,0.0,0.0,0.0,0.0,0.0,0.0,0.0,0.0,0.0,0.0,0.0,0.0,0.0,0.0,0.0,1.0,0.04368975758552551,0.04368976131081581,0.04370414465665817,0.0,0.01895560324192047,0.4522467851638794,1.0,0.0,1.0,0.0,0.0,0.11880435049533844,0.0,0.0,0.0,0.0,0.23240473866462708,0.11926489323377609,0.026600947603583336,0.7213804125785828,0.320391446352005,0.0,0.0,0.0,0.0,0.0,0.0,0.0,0.0,1.0,0.0,0.003395404201000929,0.33016276359558105,0.16201958060264587,0.0126693369820714,0.0,0.10492396354675293,0.10458970814943314,0.10458970814943314,0.10119795054197311,0.04812268912792206,-6.746261882462079e-11,0.0,0.0,4.090468406677246,4.090468406677246,0.8977846503257751,0.8977846503257751,0.40247759222984314,0.0,0.0,0.0,0.0,0.23240473866462708,0.2770277261734009,7.893320486118682e-08,0.9976398944854736,0.320391446352005,0.1948069930076599,0.9766650199890137,0.9003642797470093,0.8977846503257751,0.8874818682670593,0.4522467851638794,0.11730124801397324,0.020256640389561653,1.0,2.289353132247925,2.212803840637207,2.2476372718811035,0.0,5.0,0.0,0.0,0.0,0.0,0.0,0.0,,,,,,,,,,,,,,,,,,,,,,0.001
7,2220,train,0.13136474788188934,0.10911820083856583,0.11123272031545639,0.0,0.0,0.0,0.0,0.0,0.0,0.0,0.0,0.0,0.0,0.0,0.0,0.0,0.0,0.0,0.0,0.0,0.0,0.0,0.0,0.0,0.0,0.0,0.0,1.0,0.03536919131875038,0.03536919131875038,0.03537013754248619,0.0,0.01743296906352043,0.4526527225971222,1.0,0.0,1.0,0.0,0.0,0.11095131933689117,0.0,0.0,0.0,0.0,0.2372867912054062,0.13365846872329712,0.01097540557384491,0.5260488390922546,0.3297881484031677,0.0,0.0,0.0,0.0,0.0,0.0,0.0,0.0,1.0,0.0,0.0063309455290436745,0.3123321533203125,0.15936504304409027,0.012808382511138916,0.0,0.11123272031545639,0.10911820083856583,0.10911820083856583,0.08291514962911606,0.023773064836859703,4.7046724155341835e-11,0.0,0.0,4.031825542449951,4.031825542449951,0.8703200817108154,0.8703200817108154,0.32981792092323303,0.0,0.0,0.0,0.0,0.23728680610656738,0.2747325301170349,3.9200631363200955e-07,0.9976093769073486,0.3297881484031677,0.19465380907058716,0.9791525602340698,0.8681803941726685,0.8703200817108154,0.8498987555503845,0.4526527225971222,0.11507277935743332,0.020161960273981094,1.0,2.2103476524353027,2.2455968856811523,2.2394051551818848,0.0,5.0,0.0,0.0,0.0,0.0,0.0,0.0,,,,,,,,,,,,,,,,,,,,,,0.001
7,2240,train,0.12633098661899567,0.10516774654388428,0.10581618547439575,0.0,0.0,0.0,0.0,0.0,0.0,0.0,0.0,0.0,0.0,0.0,0.0,0.0,0.0,0.0,0.0,0.0,0.0,0.0,0.0,0.0,0.0,0.0,0.0,1.0,0.039779774844646454,0.03977977856993675,0.0398496650159359,0.0,0.019236862659454346,0.45242545008659363,1.0,0.0,1.0,0.0,0.0,0.1393512487411499,0.0,0.0,0.0,0.0,0.25940603017807007,0.16388243436813354,0.0069348569959402084,0.6752634048461914,0.3432981073856354,0.0,0.0,0.0,0.0,0.0,0.0,0.0,0.0,1.0,0.0,0.0039663962088525295,0.30855318903923035,0.1576201170682907,0.010266740806400776,0.0,0.10581618547439575,0.10516774654388428,0.10516774654388428,0.08730827271938324,0.02642238326370716,1.789394882267814e-10,0.0,0.0,4.01505708694458,4.01505708694458,0.8601148128509521,0.8601148128509521,0.3389873802661896,0.0,0.0,0.0,0.0,0.25940605998039246,0.2849181890487671,9.156609053206921e-07,0.9965789914131165,0.3432981073856354,0.196737140417099,0.8885173201560974,0.8715195059776306,0.8601148128509521,0.8675304055213928,0.45242545008659363,0.11927656829357147,0.020096739754080772,1.0,2.3251829147338867,2.2895472049713135,2.2623677253723145,0.0,5.0,0.0,0.0,0.0,0.0,0.0,0.0,,,,,,,,,,,,,,,,,,,,,,0.001
7,2260,train,0.12447301298379898,0.10371122509241104,0.1038089320063591,0.0,0.0,0.0,0.0,0.0,0.0,0.0,0.0,0.0,0.0,0.0,0.0,0.0,0.0,0.0,0.0,0.0,0.0,0.0,0.0,0.0,0.0,0.0,0.0,1.0,0.046894870698451996,0.046894870698451996,0.04696466773748398,0.0,0.01941247098147869,0.452040433883667,1.0,0.0,1.0,0.0,0.0,0.1047615259885788,0.0,0.0,0.0,0.0,0.2341955602169037,0.1415622979402542,0.007286370731890202,0.5731891393661499,0.32737332582473755,0.0,0.0,0.0,0.0,0.0,0.0,0.0,0.0,1.0,0.0,0.0033258656039834023,0.32644227147102356,0.16367341578006744,0.010908490046858788,0.0,0.1038089320063591,0.10371122509241104,0.10371122509241104,0.08849243819713593,0.02334088645875454,2.343868155119111e-10,0.0,0.0,3.9791066646575928,3.9791066646575928,0.898704469203949,0.898704469203949,0.33669474720954895,0.0,0.0,0.0,0.0,0.23419557511806488,0.274176687002182,1.0534563443798106e-07,0.9992673993110657,0.32737332582473755,0.1791973114013672,0.9126070141792297,0.914038360118866,0.898704469203949,0.8992859125137329,0.452040433883667,0.12100125849246979,0.020541716367006302,1.0,2.2422542572021484,2.2433345317840576,2.260892152786255,0.0,5.0,0.0,0.0,0.0,0.0,0.0,0.0,,,,,,,,,,,,,,,,,,,,,,0.001
7,2280,train,0.13224196434020996,0.11010496318340302,0.11068501323461533,0.0,0.0,0.0,0.0,0.0,0.0,0.0,0.0,0.0,0.0,0.0,0.0,0.0,0.0,0.0,0.0,0.0,0.0,0.0,0.0,0.0,0.0,0.0,0.0,1.0,0.04161190241575241,0.04161190241575241,0.041674595326185226,0.0,0.01927027478814125,0.4481138586997986,1.0,0.0,1.0,0.0,0.0,0.1201585978269577,0.0,0.0,0.0,0.0,0.245079904794693,0.15993165969848633,0.00869373045861721,0.7429260611534119,0.3194526433944702,0.0,0.0,0.0,0.0,0.0,0.0,0.0,0.0,1.0,0.0,0.004181755241006613,0.3369377553462982,0.1692080944776535,0.010411540046334267,0.0,0.11068501323461533,0.11010496318340302,0.11010496318340302,0.09888559579849243,-0.003375624306499958,1.6604348451743078e-10,0.0,0.0,4.018234729766846,4.018234729766846,0.909605860710144,0.909605860710144,0.383165568113327,0.0,0.0,0.0,0.0,0.2450799196958542,0.2897309362888336,1.2401105209391972e-07,0.9977465271949768,0.3194526433944702,0.2034926563501358,0.9337649345397949,0.9279929995536804,0.909605860710144,0.8883873820304871,0.4481138586997986,0.11843213438987732,0.021020155400037766,1.0,2.312614679336548,2.244351863861084,2.1231801509857178,0.0,5.0,0.0,0.0,0.0,0.0,0.0,0.0,,,,,,,,,,,,,,,,,,,,,,0.001
7,2300,train,0.12831160426139832,0.10661626607179642,0.10847669839859009,0.0,0.0,0.0,0.0,0.0,0.0,0.0,0.0,0.0,0.0,0.0,0.0,0.0,0.0,0.0,0.0,0.0,0.0,0.0,0.0,0.0,0.0,0.0,0.0,1.0,0.046343740075826645,0.046343740075826645,0.04626444727182388,0.0,0.019589366391301155,0.45081570744514465,1.0,0.0,1.0,0.0,0.0,0.08711731433868408,0.0,0.0,0.0,0.0,0.2451806366443634,0.167196586728096,0.0044045643880963326,0.7236382365226746,0.3390296697616577,0.0,0.0,0.0,0.0,0.0,0.0,0.0,0.0,1.0,0.0,0.004323320928961039,0.3267022967338562,0.1619413048028946,0.010644642636179924,0.0,0.10847669839859009,0.10661626607179642,0.10661626607179642,0.09107232093811035,-0.004991377238184214,2.5837549114116065e-11,0.0,0.0,3.767265796661377,3.767265796661377,0.8982454538345337,0.8982454538345337,0.3317345380783081,0.0,0.0,0.0,0.0,0.2451806664466858,0.2775586247444153,6.567642572008481e-07,0.9968551397323608,0.3390296697616577,0.2033088356256485,0.9433801174163818,0.9087479710578918,0.8982454538345337,0.9194896221160889,0.45081570744514465,0.12082726508378983,0.021667001768946648,1.0,2.361560583114624,2.2495410442352295,2.21930193901062,0.0,5.0,0.0,0.0,0.0,0.0,0.0,0.0,,,,,,,,,,,,,,,,,,,,,,0.001
7,2320,train,0.11770712584257126,0.09794957935810089,0.09878771752119064,0.0,0.0,0.0,0.0,0.0,0.0,0.0,0.0,0.0,0.0,0.0,0.0,0.0,0.0,0.0,0.0,0.0,0.0,0.0,0.0,0.0,0.0,0.0,0.0,1.0,0.04492385685443878,0.04492385685443878,0.045056529343128204,0.0,0.018881438300013542,0.4525807499885559,1.0,0.0,1.0,0.0,0.0,0.09292292594909668,0.0,0.0,0.0,0.0,0.2753707468509674,0.14219313859939575,0.008331726305186749,0.6100978851318359,0.3477703034877777,0.0,0.0,0.0,0.0,0.0,0.0,0.0,0.0,1.0,0.0,0.004406350664794445,0.326524943113327,0.16282732784748077,0.0103348009288311,0.0,0.09878771752119064,0.09794957935810089,0.09794957935810089,0.08840188384056091,0.014868739061057568,-7.635275051098844e-11,0.0,0.0,4.039994716644287,4.039994716644287,0.8957758545875549,0.8957758545875549,0.3391025960445404,0.0,0.0,0.0,0.0,0.2753707766532898,0.29501259326934814,2.329924200239475e-07,0.9972965121269226,0.3477703034877777,0.24935662746429443,0.9559710621833801,0.9064873456954956,0.8957758545875549,0.8689175248146057,0.4525807499885559,0.120963916182518,0.02065935917198658,1.0,2.4206173419952393,2.284343719482422,2.2489700317382812,0.0,5.0,0.0,0.0,0.0,0.0,0.0,0.0,,,,,,,,,,,,,,,,,,,,,,0.001
7,2338,train_epoch,0.12782694466278224,0.106332563956876,0.10747190216879644,0.0,0.0,0.0,0.0,0.0,0.0,0.0,0.0,0.0,0.0,0.0,0.0,0.0,0.0,0.0,0.0,0.0,0.0,0.0,0.0,0.0,0.0,0.0,0.0,1.0,0.041881759823885506,0.04188175977927125,0.041912055769544876,0.0,0.018592090067080038,0.45110971324458093,1.0,0.0,1.0,0.0,0.0,0.11546463675484686,0.0,0.0,0.0,0.0,0.23580791149846095,0.14289039281938604,0.010871700204638374,0.6257334462182964,0.3268157282989182,0.0,0.0,0.0,0.0,0.0,0.0,0.0,0.0,1.0,0.0,0.004306337333104467,0.32645999002242515,0.16063662841469942,0.01233823778397755,0.0,0.10747190216879644,0.106332563956876,0.106332563956876,0.09055003323062451,0.020732883098411505,1.5094554146730947e-11,0.0,0.0,3.9453790708930194,3.945379068037707,0.883324788894482,0.883324788894482,0.3447547506786392,0.0,0.0,0.0,0.0,0.23580792916570595,0.2736423924386858,1.4052203445232976e-06,0.994594086073116,0.3268157282989182,0.18655722771219152,0.9434395380719693,0.892224458341827,0.883324788894482,0.8821456546555022,0.45110971324458093,0.1162379403001891,0.020440006037493665,1.0,2.2502808042629034,2.2511733063680683,2.2511301040649414,0.0,5.0,0.0,0.0,0.0,0.0,0.0,0.0,,,,,,,,,,,,,,,,,,,,,,0.001
7,2338,val,,,,,,,,,,,,,,,,,,,,,,,,,,,,,,,,,,,,,,,,,,,,,,,,,,,,,,,,,,,,,,,,,,,,,,,,,,,,,,,,,,,,,,,,,,,,,,,,,,,,,,,,,,,75.5430965082986,13229.501839773995,115.01957155099299,142.2812831061227,41.67538104738508,15.286399866853442,24.55434324443582,10.886886954307556,7.285424040896552,73.07207758086068,87.82418581340205,154.21965054103308,42.555068663188386,137.47095489501953,165.08168756930922,281.86714690072193,79.26767321995327,75.5430965082986,115.01957155099299,142.2812831061227,41.67538104738508,0.001
7,2338,test,,,,,,,,,,,,,,,,,,,,,,,,,,,,,,,,,,,,,,,,,,,,,,,,,,,,,,,,,,,,,,,,,,,,,,,,,,,,,,,,,,,,,,,,,,,,,,,,,,,,,,,,,,,80.6555096762521,14897.022003173828,122.05335719747256,130.24979690143041,45.37989398411342,17.910061597824097,27.55006186122541,16.635303527116776,8.60578007357461,79.61426833697728,96.94630143551464,142.75137056623186,47.398731742586406,144.85710743495397,174.35901771975577,255.14845068114144,85.3716150011335,80.6555096762521,122.05335719747256,130.24979690143041,45.37989398411342,0.001
8,2340,train,0.18612290918827057,0.15498919785022736,0.15566858649253845,0.0,0.0,0.0,0.0,0.0,0.0,0.0,0.0,0.0,0.0,0.0,0.0,0.0,0.0,0.0,0.0,0.0,0.0,0.0,0.0,0.0,0.0,0.0,0.0,1.0,0.03949081525206566,0.03949081897735596,0.03950508311390877,0.0,0.01890452764928341,0.45155277848243713,1.0,0.0,1.0,0.0,0.0,0.11868619918823242,0.0,0.0,0.0,0.0,0.2861471474170685,0.1551811248064041,0.008993156254291534,0.6605939269065857,0.35973653197288513,0.0,0.0,0.0,0.0,0.0,0.0,0.0,0.0,1.0,0.0,0.005140898283571005,0.3161693215370178,0.1577254831790924,0.010166902095079422,0.0,0.15566858649253845,0.15498919785022736,0.15498919785022736,0.09305842965841293,0.006535499356687069,-1.4175605134170155e-10,0.0,0.0,3.8834335803985596,3.8834335803985596,0.8901611566543579,0.8901611566543579,0.3398781418800354,0.0,0.0,0.0,0.0,0.2861471176147461,0.2964050769805908,1.4473880582954735e-07,0.9983281493186951,0.35973653197288513,0.237837016582489,0.906668484210968,0.9091264605522156,0.8901611566543579,0.8637396693229675,0.45155277848243713,0.12088262289762497,0.020230775699019432,1.0,2.3295211791992188,2.232464075088501,2.2369892597198486,0.0,6.0,0.0,0.0,0.0,0.0,0.0,0.0,,,,,,,,,,,,,,,,,,,,,,0.001
8,2360,train,0.14208218455314636,0.11796057969331741,0.12060801684856415,0.0,0.0,0.0,0.0,0.0,0.0,0.0,0.0,0.0,0.0,0.0,0.0,0.0,0.0,0.0,0.0,0.0,0.0,0.0,0.0,0.0,0.0,0.0,0.0,1.0,0.04253389313817024,0.042533885687589645,0.04247607663273811,0.0,0.017528468742966652,0.4486449956893921,1.0,0.0,1.0,0.0,0.0,0.1061534732580185,0.0,0.0,0.0,0.0,0.18770776689052582,0.11016518622636795,0.007380758412182331,0.47722327709198,0.2956427037715912,0.0,0.0,0.0,0.0,0.0,0.0,0.0,0.0,1.0,0.0,0.0064827557653188705,0.34717321395874023,0.16521838307380676,0.011454532854259014,0.0,0.12060801684856415,0.11796057969331741,0.11796057969331741,0.10471400618553162,0.01429341547191143,-8.590275712982987e-11,0.0,0.0,3.920001745223999,3.920001745223999,0.9149184226989746,0.9149184226989746,0.37837472558021545,0.0,0.0,0.0,0.0,0.18770776689052582,0.2434842884540558,3.5032673650903234e-08,0.9943616390228271,0.2956427037715912,0.13207721710205078,1.0423259735107422,0.9102970957756042,0.9149184226989746,0.8831577301025391,0.4486449956893921,0.13257065415382385,0.022580763325095177,1.0,2.1678659915924072,2.2174346446990967,2.2088823318481445,0.0,6.0,0.0,0.0,0.0,0.0,0.0,0.0,,,,,,,,,,,,,,,,,,,,,,0.001
8,2380,train,0.13333021104335785,0.11091669648885727,0.1120675727725029,0.0,0.0,0.0,0.0,0.0,0.0,0.0,0.0,0.0,0.0,0.0,0.0,0.0,0.0,0.0,0.0,0.0,0.0,0.0,0.0,0.0,0.0,0.0,0.0,1.0,0.04318393021821976,0.04318393021821976,0.04315678030252457,0.0,0.0183775145560503,0.45005321502685547,1.0,0.0,1.0,0.0,0.0,0.13885129988193512,0.0,0.0,0.0,0.0,0.22321777045726776,0.1326068490743637,0.004077236168086529,0.6030336022377014,0.31902486085891724,0.0,0.0,0.0,0.0,0.0,0.0,0.0,0.0,1.0,0.0,0.0049865273758769035,0.33646300435066223,0.15833814442157745,0.011610833927989006,0.0,0.1120675727725029,0.11091669648885727,0.11091669648885727,0.10370535403490067,0.02509399689733982,-1.2824651063336745e-10,0.0,0.0,3.748199939727783,3.748199939727783,0.8708726167678833,0.8708726167678833,0.3676828444004059,0.0,0.0,0.0,0.0,0.22321777045726776,0.2680985927581787,9.516945738141658e-07,0.9985657334327698,0.31902486085891724,0.16171875596046448,0.9328304529190063,0.8829292058944702,0.8708726167678833,0.8592115044593811,0.45005321502685547,0.14195072650909424,0.02245861478149891,1.0,2.1445093154907227,2.2029948234558105,2.243351459503174,0.0,6.0,0.0,0.0,0.0,0.0,0.0,0.0,,,,,,,,,,,,,,,,,,,,,,0.001
8,2400,train,0.12655769288539886,0.10524101555347443,0.1065833643078804,0.0,0.0,0.0,0.0,0.0,0.0,0.0,0.0,0.0,0.0,0.0,0.0,0.0,0.0,0.0,0.0,0.0,0.0,0.0,0.0,0.0,0.0,0.0,0.0,1.0,0.04410014674067497,0.04410014674067497,0.044157691299915314,0.0,0.01772894151508808,0.4503343403339386,1.0,0.0,1.0,0.0,0.0,0.13344156742095947,0.0,0.0,0.0,0.0,0.21342813968658447,0.16365624964237213,0.002138383686542511,0.6715099811553955,0.2773846983909607,0.0,0.0,0.0,0.0,0.0,0.0,0.0,0.0,1.0,0.0,0.0017545021837577224,0.35269927978515625,0.16698876023292542,0.011820304207503796,0.0,0.1065833643078804,0.10524101555347443,0.10524101555347443,0.10349741578102112,0.021514659747481346,1.0653197768384359e-10,0.0,0.0,3.922884702682495,3.922884702682495,0.9096136093139648,0.9096136093139648,0.3884809613227844,0.0,0.0,0.0,0.0,0.21342813968658447,0.28493380546569824,1.7421261588879133e-07,0.9962678551673889,0.2773846983909607,0.17610295116901398,0.9276193380355835,0.9233158230781555,0.9096136093139648,0.9155477285385132,0.4503343403339386,0.14341720938682556,0.02211548388004303,1.0,2.0412063598632812,2.134397029876709,2.1579031944274902,0.0,6.0,0.0,0.0,0.0,0.0,0.0,0.0,,,,,,,,,,,,,,,,,,,,,,0.001
8,2420,train,0.13488273322582245,0.11219165474176407,0.1134553849697113,0.0,0.0,0.0,0.0,0.0,0.0,0.0,0.0,0.0,0.0,0.0,0.0,0.0,0.0,0.0,0.0,0.0,0.0,0.0,0.0,0.0,0.0,0.0,0.0,1.0,0.05025685206055641,0.05025685206055641,0.05028193071484566,0.0,0.018612848594784737,0.44707274436950684,1.0,0.0,1.0,0.0,0.0,0.13229715824127197,0.0,0.0,0.0,0.0,0.26895707845687866,0.17217613756656647,0.008875100873410702,0.8530957102775574,0.34172868728637695,0.0,0.0,0.0,0.0,0.0,0.0,0.0,0.0,1.0,0.0,0.006439249962568283,0.3423689305782318,0.1619749516248703,0.010153545066714287,0.0,0.1134553849697113,0.11219165474176407,0.11219165474176407,0.10500616580247879,0.007378835696727037,7.205147589672833e-11,0.0,0.0,3.8531136512756348,3.8531136512756348,0.8959916234016418,0.8959916234016418,0.3896915316581726,0.0,0.0,0.0,0.0,0.2689570486545563,0.29508551955223083,1.3725117931073783e-08,0.9975146055221558,0.34172868728637695,0.2181832194328308,0.9495680928230286,0.8967989683151245,0.8959916234016418,0.9376299977302551,0.44707274436950684,0.14158324897289276,0.021099938079714775,1.0,2.188185453414917,2.1736202239990234,2.1834867000579834,0.0,6.0,0.0,0.0,0.0,0.0,0.0,0.0,,,,,,,,,,,,,,,,,,,,,,0.001
8,2440,train,0.14297831058502197,0.1189112588763237,0.12033522129058838,0.0,0.0,0.0,0.0,0.0,0.0,0.0,0.0,0.0,0.0,0.0,0.0,0.0,0.0,0.0,0.0,0.0,0.0,0.0,0.0,0.0,0.0,0.0,0.0,1.0,0.0488717220723629,0.0488717183470726,0.048910755664110184,0.0,0.01759924180805683,0.45320019125938416,1.0,0.0,1.0,0.0,0.0,0.12709090113639832,0.0,0.0,0.0,0.0,0.1798347681760788,0.12941770255565643,0.008427266962826252,0.5669164657592773,0.26098954677581787,0.0,0.0,0.0,0.0,0.0,0.0,0.0,0.0,1.0,0.0,0.0023326389491558075,0.3467601537704468,0.17113915085792542,0.01160347182303667,0.0,0.12033522129058838,0.1189112588763237,0.1189112588763237,0.09912045300006866,0.012614119797945023,-2.0608648121367423e-10,0.0,0.0,4.044456481933594,4.044456481933594,0.9254152178764343,0.9254152178764343,0.3809572160243988,0.0,0.0,0.0,0.0,0.1798347681760788,0.25659096240997314,9.81416860668105e-07,0.9990168809890747,0.26098954677581787,0.1294577270746231,1.0511903762817383,0.9283948540687561,0.9254152178764343,0.9558953046798706,0.45320019125938416,0.1433192491531372,0.022767789661884308,1.0,2.28185772895813,2.1602821350097656,2.21909761428833,0.0,6.0,0.0,0.0,0.0,0.0,0.0,0.0,,,,,,,,,,,,,,,,,,,,,,0.001
8,2460,train,0.14068326354026794,0.11706969141960144,0.11806785315275192,0.0,0.0,0.0,0.0,0.0,0.0,0.0,0.0,0.0,0.0,0.0,0.0,0.0,0.0,0.0,0.0,0.0,0.0,0.0,0.0,0.0,0.0,0.0,0.0,1.0,0.04609645903110504,0.04609645903110504,0.04620363935828209,0.0,0.018438948318362236,0.4482026696205139,1.0,0.0,1.0,0.0,0.0,0.15119224786758423,0.0,0.0,0.0,0.0,0.2273334115743637,0.117184117436409,0.0057825068943202496,0.4510354697704315,0.3215574026107788,0.0,0.0,0.0,0.0,0.0,0.0,0.0,0.0,1.0,0.0,0.003982223570346832,0.3433999717235565,0.15692700445652008,0.011182946152985096,0.0,0.11806785315275192,0.11706969141960144,0.11706969141960144,0.10486818104982376,-0.001407721545547247,1.6776920130912032e-10,0.0,0.0,4.017941474914551,4.017941474914551,0.8812953233718872,0.8812953233718872,0.3985808193683624,0.0,0.0,0.0,0.0,0.22733338177204132,0.2690887451171875,1.9565031550428102e-07,0.9978367686271667,0.3215574026107788,0.17457108199596405,0.9432525634765625,0.8791331052780151,0.8812953233718872,0.90822434425354,0.4482026696205139,0.14473038911819458,0.022449133917689323,1.0,2.0588865280151367,2.134860038757324,2.169264793395996,0.0,6.0,0.0,0.0,0.0,0.0,0.0,0.0,,,,,,,,,,,,,,,,,,,,,,0.001
8,2480,train,0.14164429903030396,0.11774098873138428,0.119516521692276,0.0,0.0,0.0,0.0,0.0,0.0,0.0,0.0,0.0,0.0,0.0,0.0,0.0,0.0,0.0,0.0,0.0,0.0,0.0,0.0,0.0,0.0,0.0,0.0,1.0,0.04170452430844307,0.04170452430844307,0.04172337427735329,0.0,0.019060760736465454,0.4501854181289673,1.0,0.0,1.0,0.0,0.0,0.1473081409931183,0.0,0.0,0.0,0.0,0.21505092084407806,0.1376320868730545,0.00954468734562397,0.5637782216072083,0.29343077540397644,0.0,0.0,0.0,0.0,0.0,0.0,0.0,0.0,1.0,0.0,0.0053483424708247185,0.32964885234832764,0.16595882177352905,0.010466131381690502,0.0,0.119516521692276,0.11774098873138428,0.11774098873138428,0.10457844287157059,0.0021810128819197416,-1.37917677278665e-10,0.0,0.0,3.9867281913757324,3.9867281913757324,0.9351478219032288,0.9351478219032288,0.40278053283691406,0.0,0.0,0.0,0.0,0.21505092084407806,0.2751755118370056,1.675236092069099e-07,0.9961578249931335,0.29343077540397644,0.16960784792900085,1.0118848085403442,0.942500114440918,0.9351478219032288,0.910950779914856,0.4501854181289673,0.1432771384716034,0.021980565041303635,1.0,2.1498475074768066,2.1452207565307617,2.1321330070495605,0.0,6.0,0.0,0.0,0.0,0.0,0.0,0.0,,,,,,,,,,,,,,,,,,,,,,0.001
8,2500,train,0.1411743313074112,0.11760183423757553,0.11786245554685593,0.0,0.0,0.0,0.0,0.0,0.0,0.0,0.0,0.0,0.0,0.0,0.0,0.0,0.0,0.0,0.0,0.0,0.0,0.0,0.0,0.0,0.0,0.0,0.0,1.0,0.045486900955438614,0.04548690468072891,0.045531511306762695,0.0,0.018383143469691277,0.4494873583316803,1.0,0.0,1.0,0.0,0.0,0.11282369494438171,0.0,0.0,0.0,0.0,0.21592102944850922,0.14169616997241974,0.010972319170832634,0.5271060466766357,0.29045820236206055,0.0,0.0,0.0,0.0,0.0,0.0,0.0,0.0,1.0,0.0,0.005838322918862104,0.32903096079826355,0.16835254430770874,0.010566184297204018,0.0,0.11786245554685593,0.11760183423757553,0.11760183423757553,0.10470891743898392,0.0014501315308734775,-2.865922776873475e-10,0.0,0.0,3.826565742492676,3.826565742492676,0.9321646690368652,0.9321646690368652,0.3850004971027374,0.0,0.0,0.0,0.0,0.21592101454734802,0.27735984325408936,6.69527423724503e-07,0.998568058013916,0.29045820236206055,0.18128064274787903,1.066043496131897,0.9405655860900879,0.9321646690368652,0.8907099366188049,0.4494873583316803,0.1454756110906601,0.022745909169316292,1.0,2.0799179077148438,2.1612043380737305,2.1982221603393555,0.0,6.0,0.0,0.0,0.0,0.0,0.0,0.0,,,,,,,,,,,,,,,,,,,,,,0.001
8,2520,train,0.12270049005746841,0.10200201719999313,0.103492371737957,0.0,0.0,0.0,0.0,0.0,0.0,0.0,0.0,0.0,0.0,0.0,0.0,0.0,0.0,0.0,0.0,0.0,0.0,0.0,0.0,0.0,0.0,0.0,0.0,1.0,0.04428144171833992,0.04428144171833992,0.04437405616044998,0.0,0.01811901479959488,0.4510367214679718,1.0,0.0,1.0,0.0,0.0,0.12139374762773514,0.0,0.0,0.0,0.0,0.25603801012039185,0.1584993302822113,0.0030568314250558615,0.615524411201477,0.33722826838493347,0.0,0.0,0.0,0.0,0.0,0.0,0.0,0.0,1.0,0.0,0.005364175885915756,0.33663874864578247,0.1584482491016388,0.010222800076007843,0.0,0.103492371737957,0.10200201719999313,0.10200201719999313,0.08529987186193466,0.031973227858543396,-1.815775863001079e-10,0.0,0.0,3.8841238021850586,3.8841238021850586,0.8857586979866028,0.8857586979866028,0.3187037706375122,0.0,0.0,0.0,0.0,0.25603801012039185,0.28818100690841675,1.4257082625590556e-07,0.991105854511261,0.33722826838493347,0.201577827334404,0.9442001581192017,0.8984443545341492,0.8857586979866028,0.9279225468635559,0.4510367214679718,0.14638285338878632,0.022686772048473358,1.0,2.1579794883728027,2.1853878498077393,2.1152243614196777,0.0,6.0,0.0,0.0,0.0,0.0,0.0,0.0,,,,,,,,,,,,,,,,,,,,,,0.001
8,2540,train,0.12307087332010269,0.10246452689170837,0.10303172469139099,0.0,0.0,0.0,0.0,0.0,0.0,0.0,0.0,0.0,0.0,0.0,0.0,0.0,0.0,0.0,0.0,0.0,0.0,0.0,0.0,0.0,0.0,0.0,0.0,1.0,0.0402010902762413,0.040201086550951004,0.04023046791553497,0.0,0.017543302848935127,0.44978415966033936,1.0,0.0,1.0,0.0,0.0,0.11713460832834244,0.0,0.0,0.0,0.0,0.23298728466033936,0.1373433619737625,0.007426324300467968,0.6761640906333923,0.3300105333328247,0.0,0.0,0.0,0.0,0.0,0.0,0.0,0.0,1.0,0.0,0.0008356486796401441,0.3322448432445526,0.16289584338665009,0.010034395381808281,0.0,0.10303172469139099,0.10246452689170837,0.10246452689170837,0.09095975756645203,-0.015547654591500759,-1.2104321711614574e-10,0.0,0.0,3.8224620819091797,3.8224620819091797,0.9040790796279907,0.9040790796279907,0.3219448924064636,0.0,0.0,0.0,0.0,0.23298726975917816,0.27093538641929626,4.312718360210965e-08,0.9977890253067017,0.3300105333328247,0.1953125149011612,0.9629175662994385,0.9120404720306396,0.9040790796279907,0.9007015824317932,0.44978415966033936,0.1456802785396576,0.022590847685933113,1.0,2.111842155456543,2.168936252593994,2.104926824569702,0.0,6.0,0.0,0.0,0.0,0.0,0.0,0.0,,,,,,,,,,,,,,,,,,,,,,0.001
8,2560,train,0.12986090779304504,0.1079583540558815,0.10951279103755951,0.0,0.0,0.0,0.0,0.0,0.0,0.0,0.0,0.0,0.0,0.0,0.0,0.0,0.0,0.0,0.0,0.0,0.0,0.0,0.0,0.0,0.0,0.0,0.0,1.0,0.03963518887758255,0.03963518887758255,0.03965101018548012,0.0,0.018399247899651527,0.4477859437465668,1.0,0.0,1.0,0.0,0.0,0.1568354070186615,0.0,0.0,0.0,0.0,0.22939689457416534,0.142192080616951,0.00581099558621645,0.6732069849967957,0.31092721223831177,0.0,0.0,0.0,0.0,0.0,0.0,0.0,0.0,1.0,0.0,0.005770422518253326,0.34454473853111267,0.1649288386106491,0.010281287133693695,0.0,0.10951279103755951,0.1079583540558815,0.1079583540558815,0.10135843604803085,0.02566240355372429,3.6787578538977073e-10,0.0,0.0,3.976945400238037,3.976945400238037,0.9088419675827026,0.9088419675827026,0.37409889698028564,0.0,0.0,0.0,0.0,0.22939689457416534,0.28098249435424805,2.63378240106249e-07,0.990869402885437,0.31092721223831177,0.19339768588542938,0.9784531593322754,0.9162213802337646,0.9088419675827026,0.8823423385620117,0.4477859437465668,0.14188362658023834,0.021581778302788734,1.0,2.0751194953918457,2.129251003265381,2.117457866668701,0.0,6.0,0.0,0.0,0.0,0.0,0.0,0.0,,,,,,,,,,,,,,,,,,,,,,0.001
8,2580,train,0.13099895417690277,0.10908594727516174,0.10956501960754395,0.0,0.0,0.0,0.0,0.0,0.0,0.0,0.0,0.0,0.0,0.0,0.0,0.0,0.0,0.0,0.0,0.0,0.0,0.0,0.0,0.0,0.0,0.0,0.0,1.0,0.039455167949199677,0.03945516049861908,0.0395568385720253,0.0,0.017637167125940323,0.4488139748573303,1.0,0.0,1.0,0.0,0.0,0.1373119354248047,0.0,0.0,0.0,0.0,0.24354659020900726,0.1505342274904251,0.013598129153251648,0.7066888809204102,0.30212751030921936,0.0,0.0,0.0,0.0,0.0,0.0,0.0,0.0,1.0,0.0,0.004070781171321869,0.342389851808548,0.15950508415699005,0.010485026985406876,0.0,0.10956501960754395,0.10908594727516174,0.10908594727516174,0.11315381526947021,0.044917404651641846,2.7886626341455667e-10,0.0,0.0,4.108664035797119,4.108664035797119,0.8564777970314026,0.8564777970314026,0.4358595013618469,0.0,0.0,0.0,0.0,0.24354659020900726,0.2975708842277527,5.158656790626992e-07,0.999295711517334,0.30212751030921936,0.20252758264541626,0.9252702593803406,0.8638994097709656,0.8564777970314026,0.861138105392456,0.4488139748573303,0.14186158776283264,0.02026347815990448,1.0,2.0656933784484863,2.12589430809021,2.1647965908050537,0.0,6.0,0.0,0.0,0.0,0.0,0.0,0.0,,,,,,,,,,,,,,,,,,,,,,0.001
8,2600,train,0.12127289921045303,0.10096513479948044,0.10153880715370178,0.0,0.0,0.0,0.0,0.0,0.0,0.0,0.0,0.0,0.0,0.0,0.0,0.0,0.0,0.0,0.0,0.0,0.0,0.0,0.0,0.0,0.0,0.0,0.0,1.0,0.04178110137581825,0.04178110137581825,0.04178004711866379,0.0,0.019175922498106956,0.4468866288661957,1.0,0.0,1.0,0.0,0.0,0.1251504272222519,0.0,0.0,0.0,0.0,0.22972601652145386,0.13065439462661743,0.006356168072670698,0.5593528747558594,0.30020591616630554,0.0,0.0,0.0,0.0,0.0,0.0,0.0,0.0,1.0,0.0,0.005049208179116249,0.3229723274707794,0.16532652080059052,0.009656243957579136,0.0,0.10153880715370178,0.10096513479948044,0.10096513479948044,0.09283187240362167,0.018735108897089958,-1.9029333664377646e-10,0.0,0.0,3.9549131393432617,3.9549131393432617,0.8856862187385559,0.8856862187385559,0.3402296006679535,0.0,0.0,0.0,0.0,0.22972601652145386,0.28750964999198914,3.1842412226978922e-06,0.9971280694007874,0.30020591616630554,0.19042587280273438,0.9875456094741821,0.8990055322647095,0.8856862187385559,0.9160200357437134,0.4468866288661957,0.14451296627521515,0.022012943401932716,1.0,2.072411060333252,2.1309828758239746,2.1179566383361816,0.0,6.0,0.0,0.0,0.0,0.0,0.0,0.0,,,,,,,,,,,,,,,,,,,,,,0.001
8,2620,train,0.1398817002773285,0.11625543981790543,0.11813130229711533,0.0,0.0,0.0,0.0,0.0,0.0,0.0,0.0,0.0,0.0,0.0,0.0,0.0,0.0,0.0,0.0,0.0,0.0,0.0,0.0,0.0,0.0,0.0,0.0,1.0,0.036315031349658966,0.036315035074949265,0.03638021647930145,0.0,0.017651237547397614,0.45027151703834534,1.0,0.0,1.0,0.0,0.0,0.13576461374759674,0.0,0.0,0.0,0.0,0.26517945528030396,0.16784383356571198,0.0068169571459293365,0.721383273601532,0.33346322178840637,0.0,0.0,0.0,0.0,0.0,0.0,0.0,0.0,1.0,0.0,0.003293056972324848,0.3292536735534668,0.15313133597373962,0.008776498958468437,0.0,0.11813130229711533,0.11625543981790543,0.11625543981790543,0.09705416113138199,0.03090890496969223,-3.676848547851108e-10,0.0,0.0,3.9753620624542236,3.9753620624542236,0.8476084470748901,0.8476084470748901,0.377851665019989,0.0,0.0,0.0,0.0,0.26517945528030396,0.29507941007614136,8.298705722609157e-09,0.9970036149024963,0.33346322178840637,0.23618261516094208,0.9302613139152527,0.8529350161552429,0.8476084470748901,0.8569393754005432,0.45027151703834534,0.14511321485042572,0.02119480073451996,1.0,2.2866313457489014,2.190608024597168,2.260805606842041,0.0,6.0,0.0,0.0,0.0,0.0,0.0,0.0,,,,,,,,,,,,,,,,,,,,,,0.001
8,2640,train,0.1256696879863739,0.10451734066009521,0.10576175898313522,0.0,0.0,0.0,0.0,0.0,0.0,0.0,0.0,0.0,0.0,0.0,0.0,0.0,0.0,0.0,0.0,0.0,0.0,0.0,0.0,0.0,0.0,0.0,0.0,1.0,0.040012482553720474,0.040012482553720474,0.03995344415307045,0.0,0.01945715956389904,0.4478045105934143,1.0,0.0,1.0,0.0,0.0,0.13352933526039124,0.0,0.0,0.0,0.0,0.25394803285598755,0.11070645600557327,0.020878750830888748,0.5388317108154297,0.33669111132621765,0.0,0.0,0.0,0.0,0.0,0.0,0.0,0.0,1.0,0.0,0.005325930658727884,0.3241428732872009,0.16571752727031708,0.009645587764680386,0.0,0.10576175898313522,0.10451734066009521,0.10451734066009521,0.09914214164018631,0.038637515157461166,1.5059263558381275e-10,0.0,0.0,4.066283702850342,4.066283702850342,0.8702836036682129,0.8702836036682129,0.3768666982650757,0.0,0.0,0.0,0.0,0.25394803285598755,0.28505533933639526,2.912460672632733e-07,0.996260404586792,0.33669111132621765,0.2165134996175766,0.9731693267822266,0.8896328210830688,0.8702836036682129,0.8542634844779968,0.4478045105934143,0.13566358387470245,0.02060573920607567,1.0,2.14410400390625,2.1637802124023438,2.146803379058838,0.0,6.0,0.0,0.0,0.0,0.0,0.0,0.0,,,,,,,,,,,,,,,,,,,,,,0.001
8,2660,train,0.14099331200122833,0.11733987927436829,0.11826716363430023,0.0,0.0,0.0,0.0,0.0,0.0,0.0,0.0,0.0,0.0,0.0,0.0,0.0,0.0,0.0,0.0,0.0,0.0,0.0,0.0,0.0,0.0,0.0,0.0,1.0,0.0382966548204422,0.0382966548204422,0.03833390399813652,0.0,0.01835428923368454,0.4486920237541199,1.0,0.0,1.0,0.0,0.0,0.11041448265314102,0.0,0.0,0.0,0.0,0.24012459814548492,0.14371970295906067,0.005799572449177504,0.6192013025283813,0.3214220702648163,0.0,0.0,0.0,0.0,0.0,0.0,0.0,0.0,1.0,0.0,0.004254905506968498,0.32740968465805054,0.1560937464237213,0.00918794795870781,0.0,0.11826716363430023,0.11733987927436829,0.11733987927436829,0.10217224806547165,-0.0015928279608488083,-3.855687991105583e-10,0.0,0.0,4.080121994018555,4.080121994018555,0.8723240494728088,0.8723240494728088,0.3891322612762451,0.0,0.0,0.0,0.0,0.24012458324432373,0.28276944160461426,8.557680786225319e-08,0.9988585710525513,0.3214220702648163,0.20022979378700256,0.9320617914199829,0.8770853281021118,0.8723240494728088,0.8773944973945618,0.4486920237541199,0.14484933018684387,0.021665681153535843,1.0,2.1488237380981445,2.1840596199035645,2.1628730297088623,0.0,6.0,0.0,0.0,0.0,0.0,0.0,0.0,,,,,,,,,,,,,,,,,,,,,,0.001
8,2672,train_epoch,0.13139832729172563,0.10932969859617199,0.11034314196088357,0.0,0.0,0.0,0.0,0.0,0.0,0.0,0.0,0.0,0.0,0.0,0.0,0.0,0.0,0.0,0.0,0.0,0.0,0.0,0.0,0.0,0.0,0.0,0.0,1.0,0.042075799845025214,0.0420757997557967,0.04212150027875058,0.0,0.018440113090603293,0.4496906252499826,1.0,0.0,1.0,0.0,0.0,0.1307284460587059,0.0,0.0,0.0,0.0,0.2291031608324565,0.14336024827050592,0.010860165501986546,0.6202414339174054,0.3083342867429385,0.0,0.0,0.0,0.0,0.0,0.0,0.0,0.0,1.0,0.0,0.0042054216781056706,0.3388012021244643,0.16122620378782648,0.010430471238284233,0.0,0.11034314196088357,0.10932969859617199,0.10932969859617199,0.10010091848894508,0.01768200107301867,1.7030317743033865e-11,0.0,0.0,3.9363340631930415,3.936334068903666,0.8908799590464838,0.8908799590464838,0.37358875902826916,0.0,0.0,0.0,0.0,0.22910315570181716,0.27903229074028435,4.3871871000370517e-07,0.9967421564513338,0.3083342867429385,0.1856278364440638,0.95445808732581,0.9007007924025644,0.8908799590464838,0.8906704497908404,0.4496906252499826,0.14225481060182976,0.021874058439569202,1.0,2.162800565094291,2.161139782317384,2.1615020357920023,0.0,6.0,0.0,0.0,0.0,0.0,0.0,0.0,,,,,,,,,,,,,,,,,,,,,,0.001
8,2672,val,,,,,,,,,,,,,,,,,,,,,,,,,,,,,,,,,,,,,,,,,,,,,,,,,,,,,,,,,,,,,,,,,,,,,,,,,,,,,,,,,,,,,,,,,,,,,,,,,,,,,,,,,,,70.7070278440203,12532.069662911552,111.94672689682156,130.9654563324792,38.81195305074964,14.992169950689588,24.27785987143167,10.340961277484894,7.017613670655659,17.70265077693122,27.784728217305805,15.359585102115359,8.491783968039922,136.85271637780326,164.08672496002066,280.24844435283114,79.24167244774955,70.7070278440203,111.94672689682156,130.9654563324792,38.81195305074964,0.001
8,2672,test,,,,,,,,,,,,,,,,,,,,,,,,,,,,,,,,,,,,,,,,,,,,,,,,,,,,,,,,,,,,,,,,,,,,,,,,,,,,,,,,,,,,,,,,,,,,,,,,,,,,,,,,,,,76.05048547472272,14113.87919834682,118.80184846351011,120.87401187419891,42.49552355493818,17.99509016105107,27.754462566957276,16.032966928822653,8.520477984632764,23.700868921620504,36.272330835228004,24.24629504765783,11.381489230053765,144.26764917373657,173.3564310662689,255.19450116157532,85.40439217431205,76.05048547472272,118.80184846351011,120.87401187419891,42.49552355493818,0.001
9,2680,train,0.13245613873004913,0.11000312119722366,0.11226507276296616,0.0,0.0,0.0,0.0,0.0,0.0,0.0,0.0,0.0,0.0,0.0,0.0,0.0,0.0,0.0,0.0,0.0,0.0,0.0,0.0,0.0,0.0,0.0,0.0,1.0,0.04426146671175957,0.04426146298646927,0.04422678425908089,0.0,0.018075384199619293,0.4482155740261078,1.0,0.0,1.0,0.0,0.0,0.12068832665681839,0.0,0.0,0.0,0.0,0.2139531970024109,0.1284065693616867,0.01044582948088646,0.5556856393814087,0.2817704379558563,0.0,0.0,0.0,0.0,0.0,0.0,0.0,0.0,1.0,0.0,0.004870218224823475,0.3675216734409332,0.16854552924633026,0.009772069752216339,0.0,0.11226507276296616,0.11000312119722366,0.11000312119722366,0.10977258533239365,0.017548156902194023,-3.0130096334568535e-11,0.0,0.0,4.092411518096924,4.092411518096924,0.9037260413169861,0.9037260413169861,0.40763190388679504,0.0,0.0,0.0,0.0,0.2139531821012497,0.2814733684062958,8.64200355721323e-09,0.9974268078804016,0.2817704379558563,0.19027268886566162,1.0763661861419678,0.9213261604309082,0.9037260413169861,0.9187048077583313,0.4482155740261078,0.13726632297039032,0.02195688709616661,1.0,2.0257210731506348,2.1233339309692383,2.118225574493408,0.0,6.0,0.0,0.0,0.0,0.0,0.0,0.0,,,,,,,,,,,,,,,,,,,,,,0.001
9,2700,train,0.12637855112552643,0.10517346113920212,0.10602542757987976,0.0,0.0,0.0,0.0,0.0,0.0,0.0,0.0,0.0,0.0,0.0,0.0,0.0,0.0,0.0,0.0,0.0,0.0,0.0,0.0,0.0,0.0,0.0,0.0,1.0,0.046460967510938644,0.04646097123622894,0.046530112624168396,0.0,0.01879524439573288,0.44967517256736755,1.0,0.0,1.0,0.0,0.0,0.14421361684799194,0.0,0.0,0.0,0.0,0.20598559081554413,0.12045487761497498,0.010593920014798641,0.5015053749084473,0.29463398456573486,0.0,0.0,0.0,0.0,0.0,0.0,0.0,0.0,1.0,0.0,0.004033571109175682,0.35081103444099426,0.17415514588356018,0.00978714507073164,0.0,0.10602542757987976,0.10517346113920212,0.10517346113920212,0.11918988078832626,0.047203052788972855,4.5052514496823903e-10,0.0,0.0,3.960601568222046,3.960601568222046,0.9398692846298218,0.9398692846298218,0.45128560066223145,0.0,0.0,0.0,0.0,0.20598556101322174,0.2654866576194763,1.7940756436019e-07,0.9982442855834961,0.29463398456573486,0.15585172176361084,0.9836253523826599,0.9536768198013306,0.9398692846298218,0.9242120981216431,0.44967517256736755,0.14805951714515686,0.023370515555143356,1.0,2.202829122543335,2.13039231300354,2.1261661052703857,0.0,6.0,0.0,0.0,0.0,0.0,0.0,0.0,,,,,,,,,,,,,,,,,,,,,,0.001
9,2720,train,0.1327272653579712,0.11050956696271896,0.11108851432800293,0.0,0.0,0.0,0.0,0.0,0.0,0.0,0.0,0.0,0.0,0.0,0.0,0.0,0.0,0.0,0.0,0.0,0.0,0.0,0.0,0.0,0.0,0.0,0.0,1.0,0.04155746102333069,0.04155746102333069,0.04163138568401337,0.0,0.018071621656417847,0.44904884696006775,1.0,0.0,1.0,0.0,0.0,0.1526612788438797,0.0,0.0,0.0,0.0,0.2497544139623642,0.17807283997535706,0.005899008363485336,0.6849037408828735,0.3093320429325104,0.0,0.0,0.0,0.0,0.0,0.0,0.0,0.0,1.0,0.0,0.005192634183913469,0.34080377221107483,0.16396278142929077,0.008924856781959534,0.0,0.11108851432800293,0.11050956696271896,0.11050956696271896,0.08966458588838577,0.005066455341875553,-4.0003242385289184e-10,0.0,0.0,4.029972553253174,4.029972553253174,0.8777049779891968,0.8777049779891968,0.3437645435333252,0.0,0.0,0.0,0.0,0.249754399061203,0.2980988621711731,1.4426985162074857e-09,0.9900736808776855,0.3093320429325104,0.21803003549575806,0.9536815285682678,0.8951800465583801,0.8777049779891968,0.8951071500778198,0.44904884696006775,0.14457301795482635,0.021851178258657455,1.0,2.2189059257507324,2.182948112487793,2.181941509246826,0.0,6.0,0.0,0.0,0.0,0.0,0.0,0.0,,,,,,,,,,,,,,,,,,,,,,0.001
9,2740,train,0.13114388287067413,0.10922382026910782,0.10960033535957336,0.0,0.0,0.0,0.0,0.0,0.0,0.0,0.0,0.0,0.0,0.0,0.0,0.0,0.0,0.0,0.0,0.0,0.0,0.0,0.0,0.0,0.0,0.0,0.0,1.0,0.041958507150411606,0.041958507150411606,0.04212318733334541,0.0,0.018068674951791763,0.4492916166782379,1.0,0.0,1.0,0.0,0.0,0.13475438952445984,0.0,0.0,0.0,0.0,0.2139338105916977,0.14257894456386566,0.006380665581673384,0.6847512722015381,0.30859407782554626,0.0,0.0,0.0,0.0,0.0,0.0,0.0,0.0,1.0,0.0,-0.00022384515614248812,0.3527432084083557,0.17797726392745972,0.010688387788832188,0.0,0.10960033535957336,0.10922382026910782,0.10922382026910782,0.1165039986371994,-0.022733498364686966,3.246084651076231e-11,0.0,0.0,4.260505199432373,4.260505199432373,0.9477983713150024,0.9477983713150024,0.4547020494937897,0.0,0.0,0.0,0.0,0.2139338105916977,0.26493048667907715,7.692576353690583e-09,0.985678493976593,0.30859407782554626,0.16571691632270813,1.0053223371505737,0.9605675339698792,0.9477983713150024,0.9179567694664001,0.4492916166782379,0.14701274037361145,0.023684272542595863,1.0,2.219635486602783,2.149092674255371,2.116297960281372,0.0,6.0,0.0,0.0,0.0,0.0,0.0,0.0,,,,,,,,,,,,,,,,,,,,,,0.001
9,2760,train,0.11574368178844452,0.09628351777791977,0.09730082005262375,0.0,0.0,0.0,0.0,0.0,0.0,0.0,0.0,0.0,0.0,0.0,0.0,0.0,0.0,0.0,0.0,0.0,0.0,0.0,0.0,0.0,0.0,0.0,0.0,1.0,0.04514877870678902,0.04514877870678902,0.045241862535476685,0.0,0.018351126462221146,0.4501928687095642,1.0,0.0,1.0,0.0,0.0,0.12867379188537598,0.0,0.0,0.0,0.0,0.16654644906520844,0.12272968143224716,0.001922976691275835,0.4686123728752136,0.2415313571691513,0.0,0.0,0.0,0.0,0.0,0.0,0.0,0.0,1.0,0.0,0.003629587823525071,0.338663250207901,0.16442809998989105,0.009833544492721558,0.0,0.09730082005262375,0.09628351777791977,0.09628351777791977,0.08640075474977493,0.03925222530961037,3.137314019685533e-10,0.0,0.0,3.9275801181793213,3.9275801181793213,0.8805543780326843,0.8805543780326843,0.3106406629085541,0.0,0.0,0.0,0.0,0.16654644906520844,0.2527647614479065,2.956520006591745e-07,0.9987118244171143,0.2415313571691513,0.1288449764251709,0.976614773273468,0.8861944079399109,0.8805543780326843,0.9077922105789185,0.4501928687095642,0.14417177438735962,0.022794410586357117,1.0,2.1040291786193848,2.1050567626953125,2.1542279720306396,0.0,6.0,0.0,0.0,0.0,0.0,0.0,0.0,,,,,,,,,,,,,,,,,,,,,,0.001
9,2780,train,0.13422206044197083,0.1116148829460144,0.11303587257862091,0.0,0.0,0.0,0.0,0.0,0.0,0.0,0.0,0.0,0.0,0.0,0.0,0.0,0.0,0.0,0.0,0.0,0.0,0.0,0.0,0.0,0.0,0.0,0.0,1.0,0.04170588403940201,0.04170588403940201,0.041710950434207916,0.0,0.01861139014363289,0.4507124722003937,1.0,0.0,1.0,0.0,0.0,0.1224021315574646,0.0,0.0,0.0,0.0,0.2654934227466583,0.14930497109889984,0.0026359311304986477,0.5974657535552979,0.331603467464447,0.0,0.0,0.0,0.0,0.0,0.0,0.0,0.0,1.0,0.0,0.004320616368204355,0.35357680916786194,0.16258743405342102,0.009809148497879505,0.0,0.11303587257862091,0.1116148829460144,0.1116148829460144,0.11849156767129898,0.028271136805415154,-3.320937413953118e-10,0.0,0.0,4.070887088775635,4.070887088775635,0.8965927958488464,0.8965927958488464,0.4544196128845215,0.0,0.0,0.0,0.0,0.2654934227466583,0.29704245924949646,4.7752819476443165e-09,0.998325765132904,0.331603467464447,0.23281250894069672,0.9569393396377563,0.9145906567573547,0.8965927958488464,0.9247530698776245,0.4507124722003937,0.14748933911323547,0.0220602098852396,1.0,2.1290745735168457,2.1145272254943848,2.1229100227355957,0.0,6.0,0.0,0.0,0.0,0.0,0.0,0.0,,,,,,,,,,,,,,,,,,,,,,0.001
9,2800,train,0.1240847036242485,0.1031249612569809,0.10479871183633804,0.0,0.0,0.0,0.0,0.0,0.0,0.0,0.0,0.0,0.0,0.0,0.0,0.0,0.0,0.0,0.0,0.0,0.0,0.0,0.0,0.0,0.0,0.0,0.0,1.0,0.04781056195497513,0.04781056568026543,0.04802091792225838,0.0,0.018114641308784485,0.4501689076423645,1.0,0.0,1.0,0.0,0.0,0.13309039175510406,0.0,0.0,0.0,0.0,0.17130565643310547,0.11725426465272903,0.009695448912680149,0.4882892966270447,0.24291445314884186,0.0,0.0,0.0,0.0,0.0,0.0,0.0,0.0,1.0,0.0,0.004539512097835541,0.3428603708744049,0.17600904405117035,0.00980454869568348,0.0,0.10479871183633804,0.1031249612569809,0.1031249612569809,0.11032982170581818,0.003255602903664112,-8.82256680906357e-12,0.0,0.0,4.21759557723999,4.21759557723999,0.9457340240478516,0.9457340240478516,0.43393969535827637,0.0,0.0,0.0,0.0,0.17130565643310547,0.25798943638801575,2.715788482987591e-08,0.9911030530929565,0.24291445314884186,0.14430147409439087,1.0264183282852173,0.9519553780555725,0.9457340240478516,0.921367883682251,0.4501689076423645,0.15512970089912415,0.024288270622491837,1.0,2.0771398544311523,2.0807104110717773,2.077425003051758,0.0,6.0,0.0,0.0,0.0,0.0,0.0,0.0,,,,,,,,,,,,,,,,,,,,,,0.001
9,2820,train,0.13759365677833557,0.1145176887512207,0.11537981778383255,0.0,0.0,0.0,0.0,0.0,0.0,0.0,0.0,0.0,0.0,0.0,0.0,0.0,0.0,0.0,0.0,0.0,0.0,0.0,0.0,0.0,0.0,0.0,0.0,1.0,0.043338384479284286,0.043338388204574585,0.04343611001968384,0.0,0.018474429845809937,0.4507330656051636,1.0,0.0,1.0,0.0,0.0,0.14410841464996338,0.0,0.0,0.0,0.0,0.1821533590555191,0.14642132818698883,0.004121117759495974,0.6117076873779297,0.2579852044582367,0.0,0.0,0.0,0.0,0.0,0.0,0.0,0.0,1.0,0.0,-0.00034182288800366223,0.3370843827724457,0.16420771181583405,0.009715024381875992,0.0,0.11537981778383255,0.1145176887512207,0.1145176887512207,0.10075110197067261,0.011216197162866592,-8.405141860290399e-11,0.0,0.0,4.204831123352051,4.204830646514893,0.8999246954917908,0.8999246954917908,0.4071868062019348,0.0,0.0,0.0,0.0,0.1821533441543579,0.2613392770290375,1.601885912805301e-08,0.99595707654953,0.2579852044582367,0.13992035388946533,0.9687699675559998,0.908112645149231,0.8999246954917908,0.9536047577857971,0.4507330656051636,0.14873071014881134,0.02205440029501915,1.0,2.139897108078003,2.0640857219696045,2.1483869552612305,0.0,6.0,0.0,0.0,0.0,0.0,0.0,0.0,,,,,,,,,,,,,,,,,,,,,,0.001
9,2840,train,0.11649859696626663,0.09701919555664062,0.09739699959754944,0.0,0.0,0.0,0.0,0.0,0.0,0.0,0.0,0.0,0.0,0.0,0.0,0.0,0.0,0.0,0.0,0.0,0.0,0.0,0.0,0.0,0.0,0.0,0.0,1.0,0.04824813827872276,0.048248134553432465,0.04820554703474045,0.0,0.0182842668145895,0.44938793778419495,1.0,0.0,1.0,0.0,0.0,0.14377433061599731,0.0,0.0,0.0,0.0,0.21459941565990448,0.14953204989433289,0.008910833857953548,0.5968467593193054,0.30135050415992737,0.0,0.0,0.0,0.0,0.0,0.0,0.0,0.0,1.0,0.0,0.0022352710366249084,0.34162768721580505,0.17248563468456268,0.009204946458339691,0.0,0.09739699959754944,0.09701919555664062,0.09701919555664062,0.0941561758518219,-0.0033495279494673014,3.0876457640660604e-11,0.0,0.0,4.023865699768066,4.023865699768066,0.9771538376808167,0.9771538376808167,0.3697833716869354,0.0,0.0,0.0,0.0,0.21459941565990448,0.27174314856529236,1.7537496432851185e-07,0.9986501336097717,0.30135050415992737,0.16087622940540314,0.9927850961685181,1.0003446340560913,0.9771538376808167,0.9479967951774597,0.44938793778419495,0.1484822779893875,0.022185273468494415,1.0,2.1649436950683594,2.123847484588623,2.1175317764282227,0.0,6.0,0.0,0.0,0.0,0.0,0.0,0.0,,,,,,,,,,,,,,,,,,,,,,0.001
9,2860,train,0.1337461918592453,0.1111631989479065,0.11291496455669403,0.0,0.0,0.0,0.0,0.0,0.0,0.0,0.0,0.0,0.0,0.0,0.0,0.0,0.0,0.0,0.0,0.0,0.0,0.0,0.0,0.0,0.0,0.0,0.0,1.0,0.044373586773872375,0.044373586773872375,0.044388990849256516,0.0,0.0181177519261837,0.449468731880188,1.0,0.0,1.0,0.0,0.0,0.11627896130084991,0.0,0.0,0.0,0.0,0.21936236321926117,0.12219750136137009,0.013029636815190315,0.5364989042282104,0.2984924614429474,0.0,0.0,0.0,0.0,0.0,0.0,0.0,0.0,1.0,0.0,0.0041722566820681095,0.353054016828537,0.159900963306427,0.009235357865691185,0.0,0.11291496455669403,0.1111631989479065,0.1111631989479065,0.10534261912107468,0.008571612648665905,-1.4233640655003654e-10,0.0,0.0,4.082144260406494,4.082144260406494,0.8717190027236938,0.8717190027236938,0.39314523339271545,0.0,0.0,0.0,0.0,0.21936236321926117,0.2762810289859772,1.0112163408848573e-06,0.9971761703491211,0.2984924614429474,0.18219976127147675,0.9144723415374756,0.8885272145271301,0.8717190027236938,0.9080519676208496,0.449468731880188,0.14551158249378204,0.02105184644460678,1.0,2.0596256256103516,2.082101821899414,2.129688024520874,0.0,6.0,0.0,0.0,0.0,0.0,0.0,0.0,,,,,,,,,,,,,,,,,,,,,,0.001
9,2880,train,0.12138192355632782,0.1010703593492508,0.10155782103538513,0.0,0.0,0.0,0.0,0.0,0.0,0.0,0.0,0.0,0.0,0.0,0.0,0.0,0.0,0.0,0.0,0.0,0.0,0.0,0.0,0.0,0.0,0.0,0.0,1.0,0.04465460032224655,0.04465460032224655,0.0448184609413147,0.0,0.018090398982167244,0.4483506977558136,1.0,0.0,1.0,0.0,0.0,0.146372988820076,0.0,0.0,0.0,0.0,0.22443057596683502,0.1279413402080536,0.014059465378522873,0.5893638134002686,0.3100319504737854,0.0,0.0,0.0,0.0,0.0,0.0,0.0,0.0,1.0,0.0,0.003961922135204077,0.3309706449508667,0.1761617362499237,0.009025613777339458,0.0,0.10155782103538513,0.1010703593492508,0.1010703593492508,0.10210653394460678,0.03926088288426399,1.4061106445861782e-10,0.0,0.0,3.8740291595458984,3.8740291595458984,0.9299144148826599,0.9299144148826599,0.37674039602279663,0.0,0.0,0.0,0.0,0.22443056106567383,0.2745349109172821,9.77083018938174e-08,0.9965387582778931,0.3100319504737854,0.17029719054698944,0.9432815909385681,0.9549038410186768,0.9299144148826599,0.9107049703598022,0.4483506977558136,0.15226662158966064,0.022486839443445206,1.0,2.045802116394043,2.115522623062134,2.135913372039795,0.0,6.0,0.0,0.0,0.0,0.0,0.0,0.0,,,,,,,,,,,,,,,,,,,,,,0.001
9,2900,train,0.13447779417037964,0.11195867508649826,0.1125955879688263,0.0,0.0,0.0,0.0,0.0,0.0,0.0,0.0,0.0,0.0,0.0,0.0,0.0,0.0,0.0,0.0,0.0,0.0,0.0,0.0,0.0,0.0,0.0,0.0,1.0,0.043622538447380066,0.043622538447380066,0.04365495592355728,0.0,0.0187528133392334,0.44791486859321594,1.0,0.0,1.0,0.0,0.0,0.15267421305179596,0.0,0.0,0.0,0.0,0.2012138068675995,0.12373523414134979,0.012734085321426392,0.5726576447486877,0.27740660309791565,0.0,0.0,0.0,0.0,0.0,0.0,0.0,0.0,1.0,0.0,0.004258868284523487,0.3471316993236542,0.1719212383031845,0.009989971294999123,0.0,0.1125955879688263,0.11195867508649826,0.11195867508649826,0.1079283133149147,0.010485874488949776,2.3389784553629056e-10,0.0,0.0,4.026793003082275,4.026793003082275,0.9338199496269226,0.9338199496269226,0.4134373366832733,0.0,0.0,0.0,0.0,0.2012138068675995,0.272381454706192,2.1606386724215554e-07,0.9966790676116943,0.27740660309791565,0.14805454015731812,0.9797132015228271,0.9513596892356873,0.9338199496269226,0.8875603079795837,0.44791486859321594,0.14748533070087433,0.021723950281739235,1.0,1.9399796724319458,2.073821544647217,2.0953822135925293,0.0,6.0,0.0,0.0,0.0,0.0,0.0,0.0,,,,,,,,,,,,,,,,,,,,,,0.001
9,2920,train,0.13172931969165802,0.10964704304933548,0.1104113832116127,0.0,0.0,0.0,0.0,0.0,0.0,0.0,0.0,0.0,0.0,0.0,0.0,0.0,0.0,0.0,0.0,0.0,0.0,0.0,0.0,0.0,0.0,0.0,0.0,1.0,0.04243895784020424,0.04243895784020424,0.04245266318321228,0.0,0.018400300294160843,0.45104384422302246,1.0,0.0,1.0,0.0,0.0,0.12480670213699341,0.0,0.0,0.0,0.0,0.22724978625774384,0.1571342647075653,0.013289927504956722,0.5900605916976929,0.29937729239463806,0.0,0.0,0.0,0.0,0.0,0.0,0.0,0.0,1.0,0.0,0.0022545000538229942,0.3179110884666443,0.15918798744678497,0.008581765927374363,0.0,0.1104113832116127,0.10964704304933548,0.10964704304933548,0.10034791380167007,-0.021139532327651978,3.047392546640104e-11,0.0,0.0,4.110519886016846,4.110519886016846,0.906528115272522,0.906528115272522,0.39337822794914246,0.0,0.0,0.0,0.0,0.22724978625774384,0.28366273641586304,1.526498635939788e-06,0.9994733929634094,0.29937729239463806,0.17991729080677032,0.947961151599884,0.9164114594459534,0.906528115272522,0.9143249988555908,0.45104384422302246,0.14894768595695496,0.02155626192688942,1.0,2.188530445098877,2.129021644592285,2.1016945838928223,0.0,6.0,0.0,0.0,0.0,0.0,0.0,0.0,,,,,,,,,,,,,,,,,,,,,,0.001
9,2940,train,0.13158220052719116,0.10966365784406662,0.10959267616271973,0.0,0.0,0.0,0.0,0.0,0.0,0.0,0.0,0.0,0.0,0.0,0.0,0.0,0.0,0.0,0.0,0.0,0.0,0.0,0.0,0.0,0.0,0.0,0.0,1.0,0.04114490747451782,0.04114490747451782,0.041203878819942474,0.0,0.01861334592103958,0.4485628604888916,1.0,0.0,1.0,0.0,0.0,0.17830732464790344,0.0,0.0,0.0,0.0,0.24312341213226318,0.15047745406627655,0.013129385188221931,0.6543413996696472,0.2969984710216522,0.0,0.0,0.0,0.0,0.0,0.0,0.0,0.0,1.0,0.0,0.00028424273477867246,0.35204261541366577,0.16502462327480316,0.008781244978308678,0.0,0.10959267616271973,0.10966365784406662,0.10966365784406662,0.10308107733726501,0.03330577537417412,-3.0518046423289036e-10,0.0,0.0,4.150652885437012,4.15065336227417,0.891129195690155,0.891129195690155,0.41567540168762207,0.0,0.0,0.0,0.0,0.243123397231102,0.2993023097515106,1.4215674193351902e-09,0.9976868629455566,0.2969984710216522,0.21251532435417175,0.9432641863822937,0.9029682874679565,0.891129195690155,0.876456081867218,0.4485628604888916,0.14751850068569183,0.021319512277841568,1.0,1.9678574800491333,2.1177539825439453,2.1235198974609375,0.0,6.0,0.0,0.0,0.0,0.0,0.0,0.0,,,,,,,,,,,,,,,,,,,,,,0.001
9,2960,train,0.14218571782112122,0.11819043010473251,0.1199764683842659,0.0,0.0,0.0,0.0,0.0,0.0,0.0,0.0,0.0,0.0,0.0,0.0,0.0,0.0,0.0,0.0,0.0,0.0,0.0,0.0,0.0,0.0,0.0,0.0,1.0,0.03990228846669197,0.03990228846669197,0.039922770112752914,0.0,0.018767373636364937,0.4501655101776123,1.0,0.0,1.0,0.0,0.0,0.1363905817270279,0.0,0.0,0.0,0.0,0.2523234188556671,0.15633241832256317,0.018288344144821167,0.7125231623649597,0.3196738064289093,0.0,0.0,0.0,0.0,0.0,0.0,0.0,0.0,1.0,0.0,0.005121021997183561,0.34191492199897766,0.1640346795320511,0.008623952977359295,0.0,0.1199764683842659,0.11819043010473251,0.11819043010473251,0.11397570371627808,-0.01184300146996975,-1.222047602000842e-10,0.0,0.0,4.189456939697266,4.189456462860107,0.9011528491973877,0.9011528491973877,0.45925840735435486,0.0,0.0,0.0,0.0,0.2523234188556671,0.292972594499588,3.829457195791974e-09,0.9990487694740295,0.3196738064289093,0.2193627506494522,0.9867721796035767,0.9182907938957214,0.9011528491973877,0.8861046433448792,0.4501655101776123,0.14991727471351624,0.02248823270201683,1.0,2.18454647064209,2.0865983963012695,2.094512701034546,0.0,6.0,0.0,0.0,0.0,0.0,0.0,0.0,,,,,,,,,,,,,,,,,,,,,,0.001
9,2980,train,0.1298537403345108,0.10812688618898392,0.10863426327705383,0.0,0.0,0.0,0.0,0.0,0.0,0.0,0.0,0.0,0.0,0.0,0.0,0.0,0.0,0.0,0.0,0.0,0.0,0.0,0.0,0.0,0.0,0.0,0.0,1.0,0.041852548718452454,0.041852548718452454,0.04189864918589592,0.0,0.019817806780338287,0.44923925399780273,1.0,0.0,1.0,0.0,0.0,0.15306822955608368,0.0,0.0,0.0,0.0,0.26111844182014465,0.17249660193920135,0.008499796502292156,0.6605491042137146,0.3216289281845093,0.0,0.0,0.0,0.0,0.0,0.0,0.0,0.0,1.0,0.0,0.0029085485730320215,0.3393179774284363,0.16531974077224731,0.008664310909807682,0.0,0.10863426327705383,0.10812688618898392,0.10812688618898392,0.10071995854377747,-0.005924629047513008,-3.4637451240548955e-10,0.0,0.0,4.06655216217041,4.066551685333252,0.8995344638824463,0.8995344638824463,0.3817667067050934,0.0,0.0,0.0,0.0,0.26111841201782227,0.3004043996334076,2.619694043914933e-07,0.9996114373207092,0.3216289281845093,0.22585785388946533,0.9475582242012024,0.9178085327148438,0.8995344638824463,0.8844929337501526,0.44923925399780273,0.15196293592453003,0.02201925404369831,1.0,2.072251558303833,2.112294912338257,2.026721715927124,0.0,6.0,0.0,0.0,0.0,0.0,0.0,0.0,,,,,,,,,,,,,,,,,,,,,,0.001
9,3000,train,0.13233709335327148,0.11005634069442749,0.11140377819538116,0.0,0.0,0.0,0.0,0.0,0.0,0.0,0.0,0.0,0.0,0.0,0.0,0.0,0.0,0.0,0.0,0.0,0.0,0.0,0.0,0.0,0.0,0.0,0.0,1.0,0.04277858883142471,0.04277859255671501,0.04276514798402786,0.0,0.019170217216014862,0.44880008697509766,1.0,0.0,1.0,0.0,0.0,0.13764604926109314,0.0,0.0,0.0,0.0,0.20964710414409637,0.12292572110891342,0.008614769205451012,0.6526741981506348,0.2751021087169647,0.0,0.0,0.0,0.0,0.0,0.0,0.0,0.0,1.0,0.0,0.0049913376569747925,0.36359351873397827,0.17493987083435059,0.00937369093298912,0.0,0.11140377819538116,0.11005634069442749,0.11005634069442749,0.11730188876390457,0.03311068192124367,-1.6985172990313657e-10,0.0,0.0,3.9604873657226562,3.9604873657226562,0.9176170825958252,0.9176170825958252,0.436671644449234,0.0,0.0,0.0,0.0,0.20964710414409637,0.282796174287796,2.518218309432996e-07,0.9984161853790283,0.2751021087169647,0.16950061917304993,1.0502020120620728,0.9452733993530273,0.9176170825958252,0.8870501518249512,0.44880008697509766,0.14311742782592773,0.021123060956597328,1.0,2.011373996734619,2.033006429672241,2.058708667755127,0.0,6.0,0.0,0.0,0.0,0.0,0.0,0.0,,,,,,,,,,,,,,,,,,,,,,0.001
9,3006,train_epoch,0.12871059898041678,0.1071100248369628,0.1080028699588276,0.0,0.0,0.0,0.0,0.0,0.0,0.0,0.0,0.0,0.0,0.0,0.0,0.0,0.0,0.0,0.0,0.0,0.0,0.0,0.0,0.0,0.0,0.0,0.0,1.0,0.04335752682771511,0.04335752688348293,0.04340656265661031,0.0,0.0184225057569628,0.44912583670930234,1.0,0.0,1.0,0.0,0.0,0.13626299546418075,0.0,0.0,0.0,0.0,0.22474227015843648,0.14421419643177957,0.010623659375318867,0.6258142653875008,0.3003515764892458,0.0,0.0,0.0,0.0,0.0,0.0,0.0,0.0,1.0,0.0,0.0038304764006072416,0.34512652501374663,0.16590652025923758,0.00924808952210103,0.0,0.1080028699588276,0.1071100248369628,0.1071100248369628,0.10459031557251593,0.014784149512314673,3.970280436543428e-12,0.0,0.0,4.0299617102046215,4.029961720198214,0.9065873710338227,0.9065873710338227,0.39532713913275097,0.0,0.0,0.0,0.0,0.22474226431396907,0.2793170886036165,2.845284508813495e-07,0.9966908240032767,0.3003515764892458,0.1847338061668202,0.9738815864046176,0.9200824443808573,0.9065873710338227,0.9066598399313625,0.44912583670930234,0.14750508571456292,0.022126845920648047,1.0,2.10768063910707,2.10865047948803,2.109010450854273,0.0,6.0,0.0,0.0,0.0,0.0,0.0,0.0,,,,,,,,,,,,,,,,,,,,,,0.001
9,3006,val,,,,,,,,,,,,,,,,,,,,,,,,,,,,,,,,,,,,,,,,,,,,,,,,,,,,,,,,,,,,,,,,,,,,,,,,,,,,,,,,,,,,,,,,,,,,,,,,,,,,,,,,,,,70.99397941998073,12557.676596505302,112.06103960121601,131.0108174255916,38.90873147760119,15.535094388893672,24.731226216406736,10.41566749555724,7.155925652810505,17.37909878577505,27.63520886474865,12.627926915884018,8.027054139545985,137.66797052110945,164.86026576031745,284.9918119226183,80.1583389214107,70.99397941998073,112.06103960121601,131.0108174255916,38.90873147760119,0.001
10,3020,train,0.119768887758255,0.09977621585130692,0.09996335953474045,0.0,0.0,0.0,0.0,0.0,0.0,0.0,0.0,0.0,0.0,0.0,0.0,0.0,0.0,0.0,0.0,0.0,0.0,0.0,0.0,0.0,0.0,0.0,0.0,1.0,0.044187478721141815,0.044187482446432114,0.044230084866285324,0.0,0.019657442346215248,0.4495008587837219,1.0,0.0,1.0,0.0,0.0,0.15947987139225006,0.0,0.0,0.0,0.0,0.25640082359313965,0.1362287551164627,0.02836023084819317,0.5898893475532532,0.3326069116592407,0.0,0.0,0.0,0.0,0.0,0.0,0.0,0.0,1.0,0.0,0.0032056705094873905,0.3467615842819214,0.16214893758296967,0.00860574934631586,0.0,0.09996335953474045,0.09977621585130692,0.09977621585130692,0.09828249365091324,0.014993035234510899,1.2706677376961295e-10,0.0,0.0,3.994403123855591,3.994403123855591,0.9187929034233093,0.9187929034233093,0.3661161959171295,0.0,0.0,0.0,0.0,0.25640079379081726,0.291006475687027,6.348146008861022e-09,0.9967344403266907,0.3326069116592407,0.21461398899555206,0.9393918514251709,0.931774377822876,0.9187929034233093,0.9236811399459839,0.4495008587837219,0.15466193854808807,0.021618327125906944,1.0,2.1471996307373047,2.124302864074707,2.129950761795044,0.0,6.0,0.0,0.0,0.0,0.0,0.0,0.0,,,,,,,,,,,,,,,,,,,,,,0.001
10,3040,train,0.1367916315793991,0.11393924057483673,0.11426196992397308,0.0,0.0,0.0,0.0,0.0,0.0,0.0,0.0,0.0,0.0,0.0,0.0,0.0,0.0,0.0,0.0,0.0,0.0,0.0,0.0,0.0,0.0,0.0,0.0,1.0,0.040369946509599686,0.040369946509599686,0.04045461490750313,0.0,0.018643388524651527,0.44726499915122986,1.0,0.0,1.0,0.0,0.0,0.13709618151187897,0.0,0.0,0.0,0.0,0.23479703068733215,0.159132719039917,0.03444851189851761,0.7392185926437378,0.3142906725406647,0.0,0.0,0.0,0.0,0.0,0.0,0.0,0.0,1.0,0.0,0.003834344679489732,0.3365587890148163,0.15663796663284302,0.008264381438493729,0.0,0.11426196992397308,0.11393924057483673,0.11393924057483673,0.09702644497156143,0.026542307808995247,-1.6588079868040673e-11,0.0,0.0,4.121993064880371,4.121992588043213,0.852692723274231,0.852692723274231,0.38188695907592773,0.0,0.0,0.0,0.0,0.23479703068733215,0.28079065680503845,6.808358765653111e-09,0.9987038373947144,0.3142906725406647,0.19802391529083252,0.8796656131744385,0.8699761033058167,0.852692723274231,0.8855790495872498,0.44726499915122986,0.150823175907135,0.020877331495285034,1.0,2.1600475311279297,2.108767509460449,2.119489908218384,0.0,6.0,0.0,0.0,0.0,0.0,0.0,0.0,,,,,,,,,,,,,,,,,,,,,,0.001
10,3060,train,0.11502125859260559,0.0957549586892128,0.09633149951696396,0.0,0.0,0.0,0.0,0.0,0.0,0.0,0.0,0.0,0.0,0.0,0.0,0.0,0.0,0.0,0.0,0.0,0.0,0.0,0.0,0.0,0.0,0.0,0.0,1.0,0.04399149492383003,0.04399149492383003,0.0441691055893898,0.0,0.017327971756458282,0.44981881976127625,1.0,0.0,1.0,0.0,0.0,0.15112629532814026,0.0,0.0,0.0,0.0,0.23105581104755402,0.1665351688861847,0.01639411970973015,0.7574100494384766,0.2849648892879486,0.0,0.0,0.0,0.0,0.0,0.0,0.0,0.0,1.0,0.0,0.002406806219369173,0.3657774031162262,0.16487903892993927,0.008257567882537842,0.0,0.09633149951696396,0.0957549586892128,0.0957549586892128,0.09612659364938736,0.04224899783730507,-3.4015948391363793e-10,0.0,0.0,4.183675765991211,4.183675765991211,0.8975022435188293,0.8975022435188293,0.379363477230072,0.0,0.0,0.0,0.0,0.23105581104755402,0.2959446907043457,6.136703922798858e-10,0.9988299012184143,0.2849648892879486,0.19712011516094208,0.9949619174003601,0.9052062034606934,0.8975022435188293,0.9256862998008728,0.44981881976127625,0.15318043529987335,0.022033512592315674,1.0,2.0832581520080566,2.0771851539611816,2.1268272399902344,0.0,6.0,0.0,0.0,0.0,0.0,0.0,0.0,,,,,,,,,,,,,,,,,,,,,,0.001
10,3080,train,0.1279129832983017,0.10661802440881729,0.10647479444742203,0.0,0.0,0.0,0.0,0.0,0.0,0.0,0.0,0.0,0.0,0.0,0.0,0.0,0.0,0.0,0.0,0.0,0.0,0.0,0.0,0.0,0.0,0.0,0.0,1.0,0.04878271743655205,0.04878271371126175,0.04885641485452652,0.0,0.01900150626897812,0.448636919260025,1.0,0.0,1.0,0.0,0.0,0.1640528440475464,0.0,0.0,0.0,0.0,0.20714055001735687,0.12366681545972824,0.005661028437316418,0.5691611170768738,0.2794105112552643,0.0,0.0,0.0,0.0,0.0,0.0,0.0,0.0,1.0,0.0,0.0030413945205509663,0.3543945848941803,0.16912810504436493,0.008796168491244316,0.0,0.10647479444742203,0.10661802440881729,0.10661802440881729,0.1045219898223877,0.02237243950366974,-8.762070929924093e-11,0.0,0.0,4.0344085693359375,4.0344085693359375,0.9086124300956726,0.9086124300956726,0.40119656920433044,0.0,0.0,0.0,0.0,0.20714055001735687,0.27559876441955566,2.1772498470795654e-08,0.9989117383956909,0.2794105112552643,0.16931679844856262,0.9634817838668823,0.9180675148963928,0.9086124300956726,0.923270583152771,0.448636919260025,0.15435263514518738,0.021773291751742363,1.0,2.0387048721313477,2.0922203063964844,2.0558066368103027,0.0,6.0,0.0,0.0,0.0,0.0,0.0,0.0,,,,,,,,,,,,,,,,,,,,,,0.001
10,3100,train,0.1290743052959442,0.1072440892457962,0.10915111750364304,0.0,0.0,0.0,0.0,0.0,0.0,0.0,0.0,0.0,0.0,0.0,0.0,0.0,0.0,0.0,0.0,0.0,0.0,0.0,0.0,0.0,0.0,0.0,0.0,1.0,0.05133158713579178,0.05133159086108208,0.05140121281147003,0.0,0.01813732273876667,0.4518507421016693,1.0,0.0,1.0,0.0,0.0,0.13055598735809326,0.0,0.0,0.0,0.0,0.1746811717748642,0.13417384028434753,0.00994088500738144,0.5903148651123047,0.25284281373023987,0.0,0.0,0.0,0.0,0.0,0.0,0.0,0.0,1.0,0.0,0.006672777701169252,0.3705538511276245,0.16812364757061005,0.008147021755576134,0.0,0.10915111750364304,0.1072440892457962,0.1072440892457962,0.10618912428617477,0.028176378458738327,-2.633711304600439e-10,0.0,0.0,4.155797004699707,4.155797004699707,0.9109453558921814,0.9109453558921814,0.40931326150894165,0.0,0.0,0.0,0.0,0.1746811717748642,0.25558826327323914,5.2939470585045e-09,0.9947749376296997,0.25284281373023987,0.13964462280273438,1.0881080627441406,0.9194393754005432,0.9109453558921814,0.9653740525245667,0.4518507421016693,0.1518803983926773,0.023005634546279907,1.0,2.1582870483398438,2.067422866821289,2.1450908184051514,0.0,6.0,0.0,0.0,0.0,0.0,0.0,0.0,,,,,,,,,,,,,,,,,,,,,,0.001
10,3120,train,0.12916646897792816,0.10737766325473785,0.10894399881362915,0.0,0.0,0.0,0.0,0.0,0.0,0.0,0.0,0.0,0.0,0.0,0.0,0.0,0.0,0.0,0.0,0.0,0.0,0.0,0.0,0.0,0.0,0.0,0.0,1.0,0.04508386179804802,0.04508386179804802,0.04516032338142395,0.0,0.017452659085392952,0.44895005226135254,1.0,0.0,1.0,0.0,0.0,0.12804022431373596,0.0,0.0,0.0,0.0,0.23296378552913666,0.1427924782037735,0.013606788590550423,0.6814777851104736,0.3203440010547638,0.0,0.0,0.0,0.0,0.0,0.0,0.0,0.0,1.0,0.0,0.00378093752078712,0.35415107011795044,0.17945405840873718,0.008308681659400463,0.0,0.10894399881362915,0.10737766325473785,0.10737766325473785,0.12485481053590775,0.002597277518361807,2.25511952861579e-11,0.0,0.0,4.164480686187744,4.164480686187744,0.9623833298683167,0.9623833298683167,0.48712292313575745,0.0,0.0,0.0,0.0,0.23296378552913666,0.27646467089653015,3.369612500137009e-08,0.997972309589386,0.3203440010547638,0.19609376788139343,0.9957649111747742,0.981798529624939,0.9623833298683167,0.9256541728973389,0.44895005226135254,0.15467426180839539,0.02253749966621399,1.0,2.204555034637451,2.0873849391937256,2.0366315841674805,0.0,6.0,0.0,0.0,0.0,0.0,0.0,0.0,,,,,,,,,,,,,,,,,,,,,,0.001
10,3140,train,0.1263478845357895,0.10533457249403,0.10506659001111984,0.0,0.0,0.0,0.0,0.0,0.0,0.0,0.0,0.0,0.0,0.0,0.0,0.0,0.0,0.0,0.0,0.0,0.0,0.0,0.0,0.0,0.0,0.0,0.0,1.0,0.04183269664645195,0.04183269664645195,0.04188602417707443,0.0,0.018970146775245667,0.4492371082305908,1.0,0.0,1.0,0.0,0.0,0.13258278369903564,0.0,0.0,0.0,0.0,0.2429778277873993,0.1462065577507019,0.006606122478842735,0.6368982791900635,0.3206832706928253,0.0,0.0,0.0,0.0,0.0,0.0,0.0,0.0,1.0,0.0,0.0027811634354293346,0.3388327658176422,0.16595891118049622,0.008238346315920353,0.0,0.10506659001111984,0.10533457249403,0.10533457249403,0.10483556985855103,0.022524060681462288,-6.539659785920193e-11,0.0,0.0,4.096403121948242,4.096403121948242,0.9195486903190613,0.9195486903190613,0.41930460929870605,0.0,0.0,0.0,0.0,0.2429778128862381,0.2876148521900177,3.0241558590660134e-08,0.9946757555007935,0.3206832706928253,0.19819241762161255,0.9669349193572998,0.9373067021369934,0.9195486903190613,0.9045940637588501,0.4492371082305908,0.15443724393844604,0.02193138562142849,1.0,2.0938451290130615,2.1039950847625732,2.151665687561035,0.0,6.0,0.0,0.0,0.0,0.0,0.0,0.0,,,,,,,,,,,,,,,,,,,,,,0.001
10,3160,train,0.1254107803106308,0.1043538972735405,0.10528440028429031,0.0,0.0,0.0,0.0,0.0,0.0,0.0,0.0,0.0,0.0,0.0,0.0,0.0,0.0,0.0,0.0,0.0,0.0,0.0,0.0,0.0,0.0,0.0,0.0,1.0,0.043641358613967896,0.0436413548886776,0.043654315173625946,0.0,0.019748179242014885,0.45017609000205994,1.0,0.0,1.0,0.0,0.0,0.13569459319114685,0.0,0.0,0.0,0.0,0.20408067107200623,0.16049408912658691,0.005541918333619833,0.7450622320175171,0.27419769763946533,0.0,0.0,0.0,0.0,0.0,0.0,0.0,0.0,1.0,0.0,0.0040304213762283325,0.35090211033821106,0.16985593736171722,0.008407355286180973,0.0,0.10528440028429031,0.1043538972735405,0.1043538972735405,0.11318518966436386,0.049039486795663834,-3.491721634052425e-10,0.0,0.0,4.184534549713135,4.184534549713135,0.9241771101951599,0.9241771101951599,0.45505380630493164,0.0,0.0,0.0,0.0,0.20408065617084503,0.2765600085258484,1.4857829455650062e-07,0.9984207153320312,0.27419769763946533,0.16138175129890442,1.0145437717437744,0.9358369708061218,0.9241771101951599,0.9098036885261536,0.45017609000205994,0.1533772051334381,0.021715037524700165,1.0,2.1318702697753906,2.0432965755462646,2.073641538619995,0.0,6.0,0.0,0.0,0.0,0.0,0.0,0.0,,,,,,,,,,,,,,,,,,,,,,0.001
10,3180,train,0.12217842787504196,0.10162772238254547,0.10275352001190186,0.0,0.0,0.0,0.0,0.0,0.0,0.0,0.0,0.0,0.0,0.0,0.0,0.0,0.0,0.0,0.0,0.0,0.0,0.0,0.0,0.0,0.0,0.0,0.0,1.0,0.0483870655298233,0.0483870655298233,0.048451848328113556,0.0,0.01926533319056034,0.4499855637550354,1.0,0.0,1.0,0.0,0.0,0.14530101418495178,0.0,0.0,0.0,0.0,0.25089555978775024,0.15681058168411255,0.0017995246453210711,0.7444702386856079,0.31466448307037354,0.0,0.0,0.0,0.0,0.0,0.0,0.0,0.0,1.0,0.0,0.00547132408246398,0.3582093417644501,0.1759038269519806,0.008479053154587746,0.0,0.10275352001190186,0.10162772238254547,0.10162772238254547,0.11711321771144867,0.001305655692704022,3.378812507559559e-10,0.0,0.0,4.200463771820068,4.200463771820068,0.946232795715332,0.946232795715332,0.4619525372982025,0.0,0.0,0.0,0.0,0.25089555978775024,0.2980366349220276,2.0434521275092266e-07,0.9970706701278687,0.31466448307037354,0.20291055738925934,1.0665608644485474,0.9506261944770813,0.946232795715332,0.9534576535224915,0.4499855637550354,0.15788054466247559,0.023721586912870407,1.0,2.1619138717651367,2.100017547607422,2.1046924591064453,0.0,6.0,0.0,0.0,0.0,0.0,0.0,0.0,,,,,,,,,,,,,,,,,,,,,,0.001
10,3200,train,0.1259477287530899,0.10489727556705475,0.10525225102901459,0.0,0.0,0.0,0.0,0.0,0.0,0.0,0.0,0.0,0.0,0.0,0.0,0.0,0.0,0.0,0.0,0.0,0.0,0.0,0.0,0.0,0.0,0.0,0.0,1.0,0.04426601901650429,0.04426601901650429,0.044360194355249405,0.0,0.01841767132282257,0.44845739006996155,1.0,0.0,1.0,0.0,0.0,0.14272087812423706,0.0,0.0,0.0,0.0,0.17931604385375977,0.13448695838451385,0.008134515956044197,0.6164416670799255,0.27628594636917114,0.0,0.0,0.0,0.0,0.0,0.0,0.0,0.0,1.0,0.0,0.0022313781082630157,0.34606069326400757,0.17200081050395966,0.00835452415049076,0.0,0.10525225102901459,0.10489727556705475,0.10489727556705475,0.11442767828702927,0.031112026423215866,-3.155070926741388e-10,0.0,0.0,4.116055965423584,4.116055965423584,0.9413004517555237,0.9413004517555237,0.44863995909690857,0.0,0.0,0.0,0.0,0.17931604385375977,0.2472989708185196,9.823157824939699e-07,0.9990973472595215,0.27628594636917114,0.11994486302137375,0.9533540606498718,0.9560429453849792,0.9413004517555237,0.9331778287887573,0.44845739006996155,0.15672990679740906,0.021603522822260857,1.0,1.9956915378570557,2.0405168533325195,2.0802526473999023,0.0,6.0,0.0,0.0,0.0,0.0,0.0,0.0,,,,,,,,,,,,,,,,,,,,,,0.001
10,3220,train,0.12267008423805237,0.10206525772809982,0.10302412509918213,0.0,0.0,0.0,0.0,0.0,0.0,0.0,0.0,0.0,0.0,0.0,0.0,0.0,0.0,0.0,0.0,0.0,0.0,0.0,0.0,0.0,0.0,0.0,0.0,1.0,0.042161114513874054,0.042161114513874054,0.04213975742459297,0.0,0.018787438049912453,0.44742050766944885,1.0,0.0,1.0,0.0,0.0,0.14292870461940765,0.0,0.0,0.0,0.0,0.22287698090076447,0.15608914196491241,0.00555918924510479,0.7838048934936523,0.2828961908817291,0.0,0.0,0.0,0.0,0.0,0.0,0.0,0.0,1.0,0.0,0.004262356553226709,0.3541330397129059,0.1681925654411316,0.008180331438779831,0.0,0.10302412509918213,0.10206525772809982,0.10206525772809982,0.09678756445646286,0.03716026991605759,-1.948504274595919e-10,0.0,0.0,4.139535903930664,4.139536380767822,0.9091150760650635,0.9091150760650635,0.37382596731185913,0.0,0.0,0.0,0.0,0.22287698090076447,0.2906319499015808,1.7556473608237866e-07,0.9971044659614563,0.2828961908817291,0.18852636218070984,0.9926184415817261,0.9305341243743896,0.9091150760650635,0.8806057572364807,0.44742050766944885,0.15359759330749512,0.020792564377188683,1.0,1.9822808504104614,2.039551258087158,2.117020845413208,0.0,6.0,0.0,0.0,0.0,0.0,0.0,0.0,,,,,,,,,,,,,,,,,,,,,,0.001
10,3240,train,0.11892956495285034,0.0989709421992302,0.09979312121868134,0.0,0.0,0.0,0.0,0.0,0.0,0.0,0.0,0.0,0.0,0.0,0.0,0.0,0.0,0.0,0.0,0.0,0.0,0.0,0.0,0.0,0.0,0.0,0.0,1.0,0.044631827622652054,0.044631827622652054,0.044685233384370804,0.0,0.0191021915525198,0.447252482175827,1.0,0.0,1.0,0.0,0.0,0.13552573323249817,0.0,0.0,0.0,0.0,0.23477251827716827,0.161176860332489,0.009721102192997932,0.817378044128418,0.3060925006866455,0.0,0.0,0.0,0.0,0.0,0.0,0.0,0.0,1.0,0.0,0.001901783049106598,0.3337971568107605,0.1743830442428589,0.008326909504830837,0.0,0.09979312121868134,0.0989709421992302,0.0989709421992302,0.09927718341350555,0.028213704004883766,-2.0664768507483444e-10,0.0,0.0,4.175568580627441,4.175568580627441,0.9328837990760803,0.9328837990760803,0.40484362840652466,0.0,0.0,0.0,0.0,0.23477251827716827,0.28965339064598083,4.322931346223413e-08,0.9977825284004211,0.3060925006866455,0.1985906958580017,1.0281902551651,0.9447312355041504,0.9328837990760803,0.9386726021766663,0.447252482175827,0.1574435532093048,0.022700166329741478,1.0,2.0829505920410156,2.085646390914917,2.049132823944092,0.0,6.0,0.0,0.0,0.0,0.0,0.0,0.0,,,,,,,,,,,,,,,,,,,,,,0.001
10,3260,train,0.1189546138048172,0.0990491509437561,0.09952730685472488,0.0,0.0,0.0,0.0,0.0,0.0,0.0,0.0,0.0,0.0,0.0,0.0,0.0,0.0,0.0,0.0,0.0,0.0,0.0,0.0,0.0,0.0,0.0,0.0,1.0,0.05376167595386505,0.05376167595386505,0.05379582941532135,0.0,0.018362615257501602,0.4490477442741394,1.0,0.0,1.0,0.0,0.0,0.14823785424232483,0.0,0.0,0.0,0.0,0.23422843217849731,0.16605253517627716,0.009349627420306206,0.7702113389968872,0.28962668776512146,0.0,0.0,0.0,0.0,0.0,0.0,0.0,0.0,1.0,0.0,0.0020436926279217005,0.35022303462028503,0.17371854186058044,0.008198212832212448,0.0,0.09952730685472488,0.0990491509437561,0.0990491509437561,0.10264340788125992,-0.006277706939727068,2.2866185334091682e-10,0.0,0.0,4.211541652679443,4.211541652679443,0.9553983211517334,0.9553983211517334,0.40356123447418213,0.0,0.0,0.0,0.0,0.23422843217849731,0.2965613007545471,2.6691528987043966e-09,0.9985334873199463,0.28962668776512146,0.20363052189350128,0.9773076176643372,0.9781012535095215,0.9553983211517334,0.9850429892539978,0.4490477442741394,0.16081655025482178,0.022764312103390694,1.0,2.028951406478882,2.059770107269287,2.0752601623535156,0.0,6.0,0.0,0.0,0.0,0.0,0.0,0.0,,,,,,,,,,,,,,,,,,,,,,0.001
10,3280,train,0.12221978604793549,0.10182040184736252,0.10199690610170364,0.0,0.0,0.0,0.0,0.0,0.0,0.0,0.0,0.0,0.0,0.0,0.0,0.0,0.0,0.0,0.0,0.0,0.0,0.0,0.0,0.0,0.0,0.0,0.0,1.0,0.05076806992292404,0.05076806619763374,0.05079588294029236,0.0,0.017465872690081596,0.4515327215194702,1.0,0.0,1.0,0.0,0.0,0.1347833275794983,0.0,0.0,0.0,0.0,0.23282559216022491,0.15614770352840424,0.003035705303773284,0.6407757997512817,0.28646570444107056,0.0,0.0,0.0,0.0,0.0,0.0,0.0,0.0,1.0,0.0,0.0036763015668839216,0.3482438027858734,0.17665265500545502,0.007776818238198757,0.0,0.10199690610170364,0.10182040184736252,0.10182040184736252,0.10426142066717148,0.02289721556007862,-2.2449761494236498e-10,0.0,0.0,4.196156978607178,4.196156978607178,0.9640374779701233,0.9640374779701233,0.4052767753601074,0.0,0.0,0.0,0.0,0.2328256070613861,0.29473525285720825,2.220862000967827e-07,0.9984564781188965,0.28646570444107056,0.20425859093666077,1.0068256855010986,0.9851555228233337,0.9640374779701233,0.9605817198753357,0.4515327215194702,0.15830475091934204,0.02255641482770443,1.0,2.0734736919403076,2.0822222232818604,2.098357677459717,0.0,6.0,0.0,0.0,0.0,0.0,0.0,0.0,,,,,,,,,,,,,,,,,,,,,,0.001
10,3300,train,0.12973476946353912,0.10792239010334015,0.10906191915273666,0.0,0.0,0.0,0.0,0.0,0.0,0.0,0.0,0.0,0.0,0.0,0.0,0.0,0.0,0.0,0.0,0.0,0.0,0.0,0.0,0.0,0.0,0.0,0.0,1.0,0.04783796891570091,0.04783796891570091,0.04782817140221596,0.0,0.01911855675280094,0.447902649641037,1.0,0.0,1.0,0.0,0.0,0.1294107437133789,0.0,0.0,0.0,0.0,0.18950486183166504,0.14433903992176056,0.007666125427931547,0.6490093469619751,0.25993475317955017,0.0,0.0,0.0,0.0,0.0,0.0,0.0,0.0,1.0,0.0,0.0034474036656320095,0.3513188362121582,0.17050428688526154,0.008210256695747375,0.0,0.10906191915273666,0.10792239010334015,0.10792239010334015,0.11629883199930191,0.028434814885258675,-4.840334799638413e-10,0.0,0.0,4.177865028381348,4.177865028381348,0.9283689856529236,0.9283689856529236,0.44368860125541687,0.0,0.0,0.0,0.0,0.18950484693050385,0.2678283452987671,5.236324263080405e-09,0.9988237023353577,0.25993475317955017,0.15756741166114807,0.982749879360199,0.9422727227210999,0.9283689856529236,0.920219898223877,0.447902649641037,0.16368527710437775,0.022194433957338333,1.0,2.0886130332946777,2.0124077796936035,2.062565326690674,0.0,6.0,0.0,0.0,0.0,0.0,0.0,0.0,,,,,,,,,,,,,,,,,,,,,,0.001
10,3320,train,0.11619417369365692,0.09679672867059708,0.09698721766471863,0.0,0.0,0.0,0.0,0.0,0.0,0.0,0.0,0.0,0.0,0.0,0.0,0.0,0.0,0.0,0.0,0.0,0.0,0.0,0.0,0.0,0.0,0.0,0.0,1.0,0.04219998046755791,0.04219998046755791,0.04229893162846565,0.0,0.017823509871959686,0.4491943120956421,1.0,0.0,1.0,0.0,0.0,0.14338833093643188,0.0,0.0,0.0,0.0,0.22505192458629608,0.1428861916065216,0.010795815847814083,0.6134438514709473,0.30439919233322144,0.0,0.0,0.0,0.0,0.0,0.0,0.0,0.0,1.0,0.0,0.0022671674378216267,0.34924906492233276,0.17052562534809113,0.008281512185931206,0.0,0.09698721766471863,0.09679672867059708,0.09679672867059708,0.08960482478141785,0.04249930754303932,-3.094158818051085e-10,0.0,0.0,4.017399787902832,4.017399787902832,0.9178847670555115,0.9178847670555115,0.3298136293888092,0.0,0.0,0.0,0.0,0.2250518947839737,0.2778005599975586,3.583949137464515e-07,0.9951763153076172,0.30439919233322144,0.1837775856256485,0.9427828192710876,0.9442878365516663,0.9178847670555115,0.9440340995788574,0.4491943120956421,0.16423895955085754,0.022789936512708664,1.0,1.999747395515442,2.027913808822632,2.056154251098633,0.0,6.0,0.0,0.0,0.0,0.0,0.0,0.0,,,,,,,,,,,,,,,,,,,,,,0.001
10,3340,train,0.1242184042930603,0.10347700119018555,0.10370701551437378,0.0,0.0,0.0,0.0,0.0,0.0,0.0,0.0,0.0,0.0,0.0,0.0,0.0,0.0,0.0,0.0,0.0,0.0,0.0,0.0,0.0,0.0,0.0,0.0,1.0,0.05063360929489136,0.05063360556960106,0.05064705014228821,0.0,0.018050488084554672,0.4485357999801636,1.0,0.0,1.0,0.0,0.0,0.15180565416812897,0.0,0.0,0.0,0.0,0.21707046031951904,0.16405323147773743,0.006399800069630146,0.6490662097930908,0.28425148129463196,0.0,0.0,0.0,0.0,0.0,0.0,0.0,0.0,1.0,0.0,0.0022653944324702024,0.33081719279289246,0.17474374175071716,0.008041638880968094,0.0,0.10370701551437378,0.10347700119018555,0.10347700119018555,0.09885153919458389,0.016286414116621017,1.624980983105928e-10,0.0,0.0,4.010892391204834,4.010892391204834,0.9750269651412964,0.9750269651412964,0.36602136492729187,0.0,0.0,0.0,0.0,0.21707046031951904,0.28354692459106445,6.457410250959583e-08,0.993478536605835,0.28425148129463196,0.18255209922790527,0.9866247177124023,0.9959620833396912,0.9750269651412964,1.0065549612045288,0.4485357999801636,0.16512176394462585,0.023265916854143143,1.0,2.081991672515869,2.0694477558135986,2.0825209617614746,0.0,6.0,0.0,0.0,0.0,0.0,0.0,0.0,,,,,,,,,,,,,,,,,,,,,,0.001
10,3340,train_epoch,0.126597247683181,0.10538721035519046,0.10605018498922536,0.0,0.0,0.0,0.0,0.0,0.0,0.0,0.0,0.0,0.0,0.0,0.0,0.0,0.0,0.0,0.0,0.0,0.0,0.0,0.0,0.0,0.0,0.0,0.0,1.0,0.04440618092249967,0.04440618091134611,0.04445845860162538,0.0,0.018418504103661297,0.4488212456424793,1.0,0.0,1.0,0.0,0.0,0.14289101920352726,0.0,0.0,0.0,0.0,0.22610995026227243,0.1496227606907933,0.009458090224568028,0.6583468911355127,0.2981768867480541,0.0,0.0,0.0,0.0,0.0,0.0,0.0,0.0,1.0,0.0,0.003200353846835073,0.34575068674044696,0.16951324549799193,0.00836921670936985,0.0,0.10605018498922536,0.10538721035519046,0.10538721035519046,0.10642845660983445,0.01738422011986112,-1.168893983757026e-12,0.0,0.0,4.140249794828677,4.140249788404225,0.9266011002891792,0.9266011002891792,0.415749697895821,0.0,0.0,0.0,0.0,0.2261099450424046,0.2820236574033063,2.972093156055481e-07,0.9971187982016695,0.2981768867480541,0.1873110968418821,0.9874893166347892,0.9414799575677175,0.9266011002891792,0.9264639335835051,0.4488212456424793,0.15644303062361872,0.02220073051772967,1.0,2.0714100313757706,2.0720256413528304,2.0721655191775565,0.0,6.0,0.0,0.0,0.0,0.0,0.0,0.0,,,,,,,,,,,,,,,,,,,,,,0.001
10,3340,val,,,,,,,,,,,,,,,,,,,,,,,,,,,,,,,,,,,,,,,,,,,,,,,,,,,,,,,,,,,,,,,,,,,,,,,,,,,,,,,,,,,,,,,,,,,,,,,,,,,,,,,,,,,70.1912614277431,12408.368538992745,111.39285676825398,130.09657740592957,38.54971620014736,15.133881611483437,24.213305770787265,10.495340832642146,7.0512678197452,16.762585469654628,26.969887543866186,11.736008754798345,7.778891422918865,137.19157075881958,164.16907319279932,285.84033758299694,80.14094362940106,70.1912614277431,111.39285676825398,130.09657740592957,38.54971620014736,0.001
10,3340,test,,,,,,,,,,,,,,,,,,,,,,,,,,,,,,,,,,,,,,,,,,,,,,,,,,,,,,,,,,,,,,,,,,,,,,,,,,,,,,,,,,,,,,,,,,,,,,,,,,,,,,,,,,,75.50238067763192,14000.151057652065,118.32223399535721,118.552320258958,42.192820344652446,18.215747032846725,28.28668313892393,13.447760198797498,8.538971398557935,22.49690988234111,35.5826805869971,17.2610131417002,10.496500943388257,144.64254372460502,173.41992420195567,260.1335176059178,86.43098156792777,75.50238067763192,118.32223399535721,118.552320258958,42.192820344652446,0.001
11,3360,train,0.13574911653995514,0.11316007375717163,0.11343590170145035,0.0,0.005244954023510218,0.005244954023510218,0.0,4.456811428070068,4.999999873689376e-06,0.0024999999441206455,0.0024999999441206455,0.0024999999441206455,4.999999873689376e-05,4.999999873689376e-05,0.05000000074505806,0.15507876873016357,0.011744022369384766,0.0,0.0,0.0,0.0,0.0,0.0,0.0,0.0,-0.02836984023451805,-0.02836984023451805,1.0,-0.02836984023451805,-0.0283698420971632,-0.026649871841073036,0.0,-0.12355377525091171,0.41342872381210327,1.0,0.15507876873016357,1.0,0.0,0.0,0.15507876873016357,0.0,0.0,0.011744022369384766,0.0,0.2882559597492218,0.1836644411087036,0.009287342429161072,0.7171456813812256,0.3349771201610565,0.0,0.0,0.0,0.0,0.0,0.0,0.0,0.0,1.0,0.0,0.005184444133192301,0.3496488928794861,0.16348542273044586,0.007712143007665873,0.0,0.11343590170145035,0.11316007375717163,0.11316007375717163,0.11200469732284546,0.048517826944589615,1.0095485558636597e-10,0.0,0.0,4.149909019470215,4.149909019470215,0.9173780679702759,0.9173780679702759,0.4407695531845093,0.0,0.0,0.0,0.0,0.2882559895515442,0.31272321939468384,5.212617892880189e-09,0.9970464110374451,0.3349771201610565,0.26106005907058716,0.9645248651504517,0.9378725290298462,0.9173780679702759,0.9295474886894226,0.41342872381210327,0.2076958566904068,0.02537558600306511,1.0,2.008121967315674,2.0626485347747803,2.0521020889282227,0.0,7.0,0.0,0.0,0.0,0.0,0.0,0.0,,,,,,,,,,,,,,,,,,,,,,0.001
11,3380,train,0.1236129179596901,0.10419892519712448,0.10475587099790573,0.0,0.006216574925929308,0.006216574925929308,0.0,4.3990631103515625,4.999999873689376e-06,0.0024999999441206455,0.0024999999441206455,0.0024999999441206455,4.999999873689376e-05,4.999999873689376e-05,0.05000000074505806,0.1508353054523468,0.10776180028915405,0.0,0.0,0.0,0.0,0.0,0.0,0.0,0.0,-0.31752949953079224,-0.31752949953079224,1.0,-0.31752949953079224,-0.31752949953079224,-0.2979567348957062,0.0,-0.8153151869773865,0.9640651941299438,1.0,0.1508353054523468,1.0,0.0,0.0,0.1508353054523468,0.0,0.0,0.10776180028915405,0.0,0.1922382116317749,0.1572805643081665,0.007971757091581821,0.6465601325035095,0.26835137605667114,0.0,0.0,0.0,0.0,0.0,0.0,0.0,0.0,1.0,0.0,0.003955533262342215,0.35610243678092957,0.17574933171272278,0.008778788149356842,0.0,0.10475587099790573,0.10419892519712448,0.10419892519712448,0.10949712991714478,0.020387999713420868,-3.0261074202009297e-10,0.0,0.0,3.8813915252685547,3.8813915252685547,0.9782538414001465,0.9782538414001465,0.4087856709957123,0.0,0.0,0.0,0.0,0.1922382116317749,0.26810818910598755,6.664372449449729e-07,0.9938183426856995,0.26835137605667114,0.15390625596046448,1.0487149953842163,0.9919202327728271,0.9782538414001465,0.9691740274429321,0.9640651941299438,0.2251385897397995,0.027743317186832428,1.0,1.8651456832885742,1.9580930471420288,2.011420488357544,0.0,7.0,0.0,0.0,0.0,0.0,0.0,0.0,,,,,,,,,,,,,,,,,,,,,,0.001
11,3400,train,0.1328296661376953,0.1139548271894455,0.11448285728693008,0.0,0.005033300723880529,0.005033300723880529,0.0,4.413183689117432,4.999999873689376e-06,0.0024999999441206455,0.0024999999441206455,0.0024999999441206455,4.999999873689376e-05,4.999999873689376e-05,0.05000000074505806,0.13321304321289062,0.06668418645858765,0.0,0.0,0.0,0.0,0.0,0.0,0.0,0.0,-0.8132755160331726,-0.8132755160331726,1.0,-0.8132755160331726,-0.8132755160331726,-0.8067111968994141,0.0,-2.2715580463409424,0.8785837292671204,1.0,0.13321304321289062,1.0,0.0,0.0,0.13321304321289062,0.0,0.0,0.06668418645858765,0.0,0.23331581056118011,0.1525907963514328,0.01122833788394928,0.6662347316741943,0.3168059289455414,0.0,0.0,0.0,0.0,0.0,0.0,0.0,0.0,1.0,0.0,0.006061402149498463,0.341860294342041,0.15935152769088745,0.008411666378378868,0.0,0.11448285728693008,0.1139548271894455,0.1139548271894455,0.11993516236543655,0.012789277359843254,2.2114204911716229e-10,0.0,0.0,4.036991119384766,4.036991119384766,0.9038069844245911,0.9038069844245911,0.4782351553440094,0.0,0.0,0.0,0.0,0.2333158254623413,0.27817562222480774,5.171520101043825e-09,0.9976535439491272,0.3168059289455414,0.19920344650745392,0.9655530452728271,0.9168866276741028,0.9038069844245911,0.9252845644950867,0.8785837292671204,0.21941539645195007,0.025452328845858574,1.0,1.9385727643966675,1.9572252035140991,1.9935641288757324,0.0,7.0,0.0,0.0,0.0,0.0,0.0,0.0,,,,,,,,,,,,,,,,,,,,,,0.001
11,3420,train,0.11870687454938889,0.10301224142313004,0.10367322713136673,0.0,0.005175415892153978,0.005175415892153978,0.0,4.426612377166748,4.999999873689376e-06,0.0024999999441206455,0.0024999999441206455,0.0024999999441206455,4.999999873689376e-05,4.999999873689376e-05,0.05000000074505806,0.13962030410766602,0.043582648038864136,0.0,0.0,0.0,0.0,0.0,0.0,0.0,0.0,-1.0168485641479492,-1.0168485641479492,1.0,-1.0168485641479492,-1.0168485641479492,-1.0063835382461548,0.0,-2.8388655185699463,0.8901309967041016,1.0,0.13962030410766602,1.0,0.0,0.0,0.13962030410766602,0.0,0.0,0.043582648038864136,0.0,0.25641730427742004,0.15515486896038055,0.016107700765132904,0.6355146765708923,0.33126452565193176,0.0,0.0,0.0,0.0,0.0,0.0,0.0,0.0,1.0,0.0,0.0032036614138633013,0.3379298746585846,0.16880667209625244,0.00827908143401146,0.0,0.10367322713136673,0.10301224142313004,0.10301224142313004,0.1047510877251625,0.010351436212658882,6.133573648980928e-10,0.0,0.0,3.9711196422576904,3.9711196422576904,0.9622085690498352,0.9622085690498352,0.4006693363189697,0.0,0.0,0.0,0.0,0.2564173638820648,0.29153504967689514,7.111853506103216e-07,0.9964168071746826,0.33126452565193176,0.21495099365711212,1.0053902864456177,0.9756132364273071,0.9622085690498352,0.934316873550415,0.8901309967041016,0.21741755306720734,0.026296066120266914,1.0,2.0393943786621094,1.9960030317306519,2.079746723175049,0.0,7.0,0.0,0.0,0.0,0.0,0.0,0.0,,,,,,,,,,,,,,,,,,,,,,0.001
11,3440,train,0.11352723091840744,0.09944265335798264,0.09964612126350403,0.0,0.005921024829149246,0.005921024829149246,0.0,4.438393592834473,4.999999873689376e-06,0.0024999999441206455,0.0024999999441206455,0.0024999999441206455,4.999999873689376e-05,4.999999873689376e-05,0.05000000074505806,0.12184536457061768,0.07765206694602966,0.0,0.0,0.0,0.0,0.0,0.0,0.0,0.0,-1.1783230304718018,-1.1783230304718018,1.0,-1.1783230304718018,-1.1783231496810913,-1.187458872795105,0.0,-3.1945271492004395,0.8712873458862305,1.0,0.12184536457061768,1.0,0.0,0.0,0.12184536457061768,0.0,0.0,0.07765206694602966,0.0,0.2223479449748993,0.1538887619972229,0.003305148333311081,0.6547149419784546,0.31334587931632996,0.0,0.0,0.0,0.0,0.0,0.0,0.0,0.0,1.0,0.0,0.003151484066620469,0.3483126163482666,0.1773158460855484,0.00811974797397852,0.0,0.09964612126350403,0.09944265335798264,0.09944265335798264,0.11386970430612564,0.017955491319298744,3.3335373350595887e-10,0.0,0.0,4.1177802085876465,4.1177802085876465,0.9719412326812744,0.9719412326812744,0.4446321129798889,0.0,0.0,0.0,0.0,0.2223479449748993,0.27155107259750366,6.882430056975863e-07,0.9938270449638367,0.31334587931632996,0.17320773005485535,1.050703763961792,0.9887413382530212,0.9719412326812744,0.912395179271698,0.8712873458862305,0.2080036848783493,0.02568197250366211,1.0,2.0797781944274902,2.038437843322754,1.9902516603469849,0.0,7.0,0.0,0.0,0.0,0.0,0.0,0.0,,,,,,,,,,,,,,,,,,,,,,0.001
11,3460,train,0.12121716141700745,0.10635412484407425,0.10680429637432098,0.0,0.004797129426151514,0.004797129426151514,0.0,4.416325092315674,4.999999873689376e-06,0.0024999999441206455,0.0024999999441206455,0.0024999999441206455,4.999999873689376e-05,4.999999873689376e-05,0.05000000074505806,0.11675351858139038,0.07652115821838379,0.0,0.0,0.0,0.0,0.0,0.0,0.0,0.0,-1.3083171844482422,-1.3083171844482422,1.0,-1.3083171844482422,-1.3083171844482422,-1.3159286975860596,0.0,-3.488422393798828,0.9338664412498474,1.0,0.11675351858139038,1.0,0.0,0.0,0.11675351858139038,0.0,0.0,0.07652115821838379,0.0,0.22347883880138397,0.15877670049667358,0.0057425424456596375,0.6588106155395508,0.2904455065727234,0.0,0.0,0.0,0.0,0.0,0.0,0.0,0.0,1.0,0.0,0.004609598312526941,0.36078497767448425,0.17228533327579498,0.008439351804554462,0.0,0.10680429637432098,0.10635412484407425,0.10635412484407425,0.11845211684703827,0.04061445966362953,-1.3207418492200418e-10,0.0,0.0,4.046421527862549,4.046421527862549,0.9425101280212402,0.9425101280212402,0.47274553775787354,0.0,0.0,0.0,0.0,0.22347885370254517,0.28670117259025574,2.743774530244991e-06,0.9988886713981628,0.2904455065727234,0.1799938827753067,0.9825208187103271,0.961947500705719,0.9425101280212402,0.9501791596412659,0.9338664412498474,0.2080657035112381,0.024596961215138435,1.0,2.0384557247161865,1.9815983772277832,1.9729124307632446,0.0,7.0,0.0,0.0,0.0,0.0,0.0,0.0,,,,,,,,,,,,,,,,,,,,,,0.001
11,3480,train,0.10840854048728943,0.09611610323190689,0.09697182476520538,0.0,0.005031617823988199,0.005031617823988199,0.0,4.441356182098389,4.999999873689376e-06,0.0024999999441206455,0.0024999999441206455,0.0024999999441206455,4.999999873689376e-05,4.999999873689376e-05,0.05000000074505806,0.13220509886741638,0.062400564551353455,0.0,0.0,0.0,0.0,0.0,0.0,0.0,0.0,-1.4292908906936646,-1.4292908906936646,1.0,-1.4292908906936646,-1.4292908906936646,-1.443994164466858,0.0,-3.7872965335845947,0.9400391578674316,1.0,0.13220509886741638,1.0,0.0,0.0,0.13220509886741638,0.0,0.0,0.062400564551353455,0.0,0.2375994473695755,0.16549116373062134,0.0029543349519371986,0.6847342848777771,0.32963690161705017,0.0,0.0,0.0,0.0,0.0,0.0,0.0,0.0,1.0,0.0,0.0028364381287246943,0.34455007314682007,0.17147590219974518,0.008047768846154213,0.0,0.09697182476520538,0.09611610323190689,0.09611610323190689,0.09945397078990936,0.02732519619166851,7.48422643304103e-11,0.0,0.0,4.137351036071777,4.1373515129089355,0.9518510103225708,0.9518510103225708,0.39203914999961853,0.0,0.0,0.0,0.0,0.2375994473695755,0.2769427001476288,7.391032568193623e-07,0.9976612329483032,0.32963690161705017,0.1928921639919281,0.9588931202888489,0.9681465029716492,0.9518510103225708,0.9613267183303833,0.9400391578674316,0.2110232710838318,0.025361953303217888,1.0,1.9283981323242188,1.9999998807907104,1.915095329284668,0.0,7.0,0.0,0.0,0.0,0.0,0.0,0.0,,,,,,,,,,,,,,,,,,,,,,0.001
11,3500,train,0.12990619242191315,0.11443204432725906,0.11527461558580399,0.0,0.005858062766492367,0.005858062766492367,0.0,4.426236152648926,4.999999873689376e-06,0.0024999999441206455,0.0024999999441206455,0.0024999999441206455,4.999999873689376e-05,4.999999873689376e-05,0.05000000074505806,0.14203472435474396,0.07759349048137665,0.0,0.0,0.0,0.0,0.0,0.0,0.0,0.0,-1.5257031917572021,-1.5257031917572021,1.0,-1.5257031917572021,-1.5257030725479126,-1.537257194519043,0.0,-3.963352680206299,0.9952772259712219,1.0,0.14203472435474396,1.0,0.0,0.0,0.14203472435474396,0.0,0.0,0.07759349048137665,0.0,0.2224065214395523,0.15021617710590363,0.0127561055123806,0.8160185813903809,0.317160964012146,0.0,0.0,0.0,0.0,0.0,0.0,0.0,0.0,1.0,0.0,0.002524059731513262,0.3420605957508087,0.17377248406410217,0.008311955258250237,0.0,0.11527461558580399,0.11443204432725906,0.11443204432725906,0.11942506581544876,0.036513712257146835,-4.798985098197761e-10,0.0,0.0,4.273204803466797,4.273204803466797,0.9524466395378113,0.9524466395378113,0.504204511642456,0.0,0.0,0.0,0.0,0.2224065214395523,0.26995569467544556,4.5952899085932586e-07,0.9961494207382202,0.317160964012146,0.1736060082912445,0.9584826231002808,0.9706145524978638,0.9524466395378113,0.9599139094352722,0.9952772259712219,0.20661818981170654,0.024689296260476112,1.0,1.9699832201004028,1.9833993911743164,1.9625871181488037,0.0,7.0,0.0,0.0,0.0,0.0,0.0,0.0,,,,,,,,,,,,,,,,,,,,,,0.001
11,3520,train,0.12180786579847336,0.10783787816762924,0.10819794237613678,0.0,0.0055667622946202755,0.0055667622946202755,0.0,4.411165714263916,4.999999873689376e-06,0.0024999999441206455,0.0024999999441206455,0.0024999999441206455,4.999999873689376e-05,4.999999873689376e-05,0.05000000074505806,0.14050966501235962,0.01963093876838684,0.0,0.0,0.0,0.0,0.0,0.0,0.0,0.0,-1.5427169799804688,-1.5427169799804688,1.0,-1.5427169799804688,-1.5427169799804688,-1.551526427268982,0.0,-3.929992437362671,0.9931830763816833,1.0,0.14050966501235962,1.0,0.0,0.0,0.14050966501235962,0.0,0.0,0.01963093876838684,0.0,0.2803691029548645,0.18971090018749237,0.00806969404220581,0.7617099285125732,0.36199110746383667,0.0,0.0,0.0,0.0,0.0,0.0,0.0,0.0,1.0,0.0,0.0013727060286328197,0.34931543469429016,0.16849932074546814,0.00859249196946621,0.0,0.10819794237613678,0.10783787816762924,0.10783787816762924,0.10845110565423965,0.0280294306576252,-1.08004390153571e-10,0.0,0.0,4.177550315856934,4.177550315856934,0.9401697516441345,0.9401697516441345,0.4384494721889496,0.0,0.0,0.0,0.0,0.2803690731525421,0.2914140522480011,1.1593779447593988e-07,0.994541585445404,0.36199110746383667,0.23844976723194122,0.9413840174674988,0.962057888507843,0.9401697516441345,0.985997200012207,0.9931830763816833,0.20309780538082123,0.024121839553117752,1.0,1.932632327079773,1.990741491317749,1.9709255695343018,0.0,7.0,0.0,0.0,0.0,0.0,0.0,0.0,,,,,,,,,,,,,,,,,,,,,,0.001
11,3540,train,0.12995943427085876,0.11451131105422974,0.11554983258247375,0.0,0.0054613929241895676,0.0054613929241895676,0.0,4.418880939483643,4.999999873689376e-06,0.0024999999441206455,0.0024999999441206455,0.0024999999441206455,4.999999873689376e-05,4.999999873689376e-05,0.05000000074505806,0.1312534362077713,0.08558396995067596,0.0,0.0,0.0,0.0,0.0,0.0,0.0,0.0,-1.5416882038116455,-1.5416882038116455,1.0,-1.5416882038116455,-1.541688323020935,-1.5445761680603027,0.0,-4.007179260253906,1.002148985862732,1.0,0.1312534362077713,1.0,0.0,0.0,0.1312534362077713,0.0,0.0,0.08558396995067596,0.0,0.2144160270690918,0.15512996912002563,0.0061885761097073555,0.6449248790740967,0.3047841489315033,0.0,0.0,0.0,0.0,0.0,0.0,0.0,0.0,1.0,0.0,0.003694538725540042,0.3628814220428467,0.17144815623760223,0.00841390248388052,0.0,0.11554983258247375,0.11451131105422974,0.11451131105422974,0.1204066351056099,0.05778668448328972,-5.833116212272671e-10,0.0,0.0,4.235511779785156,4.235511779785156,0.9425138831138611,0.9425138831138611,0.49323463439941406,0.0,0.0,0.0,0.0,0.214416041970253,0.2691103518009186,8.77316779224202e-07,0.9968377351760864,0.3047841489315033,0.1644301563501358,0.9701113700866699,0.9577354788780212,0.9425138831138611,0.9546827673912048,1.002148985862732,0.2038276195526123,0.023889170959591866,1.0,1.9094212055206299,1.9480088949203491,1.9881901741027832,0.0,7.0,0.0,0.0,0.0,0.0,0.0,0.0,,,,,,,,,,,,,,,,,,,,,,0.001
11,3560,train,0.12186587601900101,0.10806272178888321,0.1096179336309433,0.0,0.004835955798625946,0.004835955798625946,0.0,4.416780948638916,4.999999873689376e-06,0.0024999999441206455,0.0024999999441206455,0.0024999999441206455,4.999999873689376e-05,4.999999873689376e-05,0.05000000074505806,0.13444918394088745,0.061409786343574524,0.0,0.0,0.0,0.0,0.0,0.0,0.0,0.0,-1.6328823566436768,-1.6328823566436768,1.0,-1.6328823566436768,-1.6328824758529663,-1.6471927165985107,0.0,-4.245084285736084,1.078102707862854,1.0,0.13444918394088745,1.0,0.0,0.0,0.13444918394088745,0.0,0.0,0.061409786343574524,0.0,0.23859022557735443,0.17008717358112335,0.01106472872197628,0.7469605207443237,0.34695005416870117,0.0,0.0,0.0,0.0,0.0,0.0,0.0,0.0,1.0,0.0,0.0041550747118890285,0.33201339840888977,0.17073741555213928,0.008531441912055016,0.0,0.1096179336309433,0.10806272178888321,0.10806272178888321,0.10188734531402588,0.003970429766923189,2.8675678498402135e-10,0.0,0.0,4.011086940765381,4.011086940765381,0.9803446531295776,0.9803446531295776,0.3940478563308716,0.0,0.0,0.0,0.0,0.23859022557735443,0.26599839329719543,1.902032749967475e-06,0.9953075051307678,0.34695005416870117,0.18466606736183167,1.0077003240585327,0.9906097650527954,0.9803446531295776,0.9884880781173706,1.078102707862854,0.21413162350654602,0.02642768807709217,1.0,1.900547742843628,1.917618751525879,1.9960044622421265,0.0,7.0,0.0,0.0,0.0,0.0,0.0,0.0,,,,,,,,,,,,,,,,,,,,,,0.001
11,3580,train,0.11300846934318542,0.10118784755468369,0.10130155831575394,0.0,0.005143690854310989,0.005143690854310989,0.0,4.445545196533203,4.999999873689376e-06,0.0024999999441206455,0.0024999999441206455,0.0024999999441206455,4.999999873689376e-05,4.999999873689376e-05,0.05000000074505806,0.12781348824501038,0.0571085661649704,0.0,0.0,0.0,0.0,0.0,0.0,0.0,0.0,-1.6968038082122803,-1.6968038082122803,1.0,-1.6968038082122803,-1.6968038082122803,-1.7015819549560547,0.0,-4.30164098739624,1.0073336362838745,1.0,0.12781348824501038,1.0,0.0,0.0,0.12781348824501038,0.0,0.0,0.0571085661649704,0.0,0.24289143085479736,0.15413352847099304,0.014039624482393265,0.7216050028800964,0.35178953409194946,0.0,0.0,0.0,0.0,0.0,0.0,0.0,0.0,1.0,0.0,0.003085525007918477,0.32851552963256836,0.17647899687290192,0.00799625925719738,0.0,0.10130155831575394,0.10118784755468369,0.10118784755468369,0.11226888000965118,0.029205404222011566,7.242367816573392e-11,0.0,0.0,4.115971088409424,4.115971088409424,0.9858282804489136,0.9858282804489136,0.44611483812332153,0.0,0.0,0.0,0.0,0.24289144575595856,0.26657038927078247,7.195041717977801e-08,0.9968225955963135,0.35178953409194946,0.18069854378700256,1.0076947212219238,0.9996109008789062,0.9858282804489136,0.951445996761322,1.0073336362838745,0.20729699730873108,0.02515053004026413,1.0,1.926795482635498,1.9423125982284546,1.9194467067718506,0.0,7.0,0.0,0.0,0.0,0.0,0.0,0.0,,,,,,,,,,,,,,,,,,,,,,0.001
11,3600,train,0.13371846079826355,0.11808817833662033,0.11966244876384735,0.0,0.00590798445045948,0.00590798445045948,0.0,4.441202640533447,4.999999873689376e-06,0.0024999999441206455,0.0024999999441206455,0.0024999999441206455,4.999999873689376e-05,4.999999873689376e-05,0.05000000074505806,0.15299683809280396,0.06985273957252502,0.0,0.0,0.0,0.0,0.0,0.0,0.0,0.0,-1.6700620651245117,-1.6700620651245117,1.0,-1.6700620651245117,-1.6700620651245117,-1.6795858144760132,0.0,-4.223862648010254,1.021630883216858,1.0,0.15299683809280396,1.0,0.0,0.0,0.15299683809280396,0.0,0.0,0.06985273957252502,0.0,0.23014727234840393,0.17273706197738647,0.005550459958612919,0.7024640440940857,0.3237641155719757,0.0,0.0,0.0,0.0,0.0,0.0,0.0,0.0,1.0,0.0,0.0031895304564386606,0.356729120016098,0.16989517211914062,0.008055366575717926,0.0,0.11966244876384735,0.11808817833662033,0.11808817833662033,0.11682573705911636,0.047053609043359756,-6.019561932246731e-11,0.0,0.0,4.134578227996826,4.134578227996826,0.9491502046585083,0.9491502046585083,0.49202725291252136,0.0,0.0,0.0,0.0,0.23014727234840393,0.2716577351093292,3.949292004534755e-09,0.9931151270866394,0.3237641155719757,0.194868266582489,0.9818788766860962,0.9595555067062378,0.9491502046585083,0.9697073698043823,1.021630883216858,0.20461022853851318,0.02435057982802391,1.0,1.992863655090332,1.9433870315551758,1.971469521522522,0.0,7.0,0.0,0.0,0.0,0.0,0.0,0.0,,,,,,,,,,,,,,,,,,,,,,0.001
11,3620,train,0.11559493094682693,0.10317030549049377,0.10420077294111252,0.0,0.005655795801430941,0.005655795801430941,0.0,4.454516887664795,4.999999873689376e-06,0.0024999999441206455,0.0024999999441206455,0.0024999999441206455,4.999999873689376e-05,4.999999873689376e-05,0.05000000074505806,0.11279283463954926,0.0004597306251525879,0.0,0.0,0.0,0.0,0.0,0.0,0.0,0.0,-1.691518783569336,-1.691518783569336,1.0,-1.691518783569336,-1.691518783569336,-1.6978099346160889,0.0,-4.352387428283691,1.1043637990951538,1.0,0.11279283463954926,1.0,0.0,0.0,0.11279283463954926,0.0,0.0,0.0004597306251525879,0.0,0.30045977234840393,0.20908382534980774,0.0025152601301670074,0.8043774962425232,0.37007299065589905,0.0,0.0,0.0,0.0,0.0,0.0,0.0,0.0,1.0,0.0,0.0014692733529955149,0.3288187086582184,0.18002796173095703,0.007910603657364845,0.0,0.10420077294111252,0.10317030549049377,0.10317030549049377,0.10987463593482971,0.0036979515571147203,4.029592284848782e-11,0.0,0.0,4.038356304168701,4.038356304168701,1.0148053169250488,1.0148053169250488,0.43843957781791687,0.0,0.0,0.0,0.0,0.30045974254608154,0.29994338750839233,6.328325525828404e-06,0.9954330921173096,0.37007299065589905,0.2712009847164154,1.0371209383010864,1.0300935506820679,1.0148053169250488,1.0609946250915527,1.1043637990951538,0.20920592546463013,0.026806825771927834,1.0,2.06799054145813,1.9844894409179688,1.9632667303085327,0.0,7.0,0.0,0.0,0.0,0.0,0.0,0.0,,,,,,,,,,,,,,,,,,,,,,0.001
11,3640,train,0.1239161565899849,0.11019694805145264,0.1111769825220108,0.0,0.005154730752110481,0.005154730752110481,0.0,4.426499843597412,4.999999873689376e-06,0.0024999999441206455,0.0024999999441206455,0.0024999999441206455,4.999999873689376e-05,4.999999873689376e-05,0.05000000074505806,0.13410186767578125,0.027389436960220337,0.0,0.0,0.0,0.0,0.0,0.0,0.0,0.0,-1.7118570804595947,-1.7118570804595947,1.0,-1.7118570804595947,-1.7118570804595947,-1.7167410850524902,0.0,-4.367448806762695,1.1196472644805908,1.0,0.13410186767578125,1.0,0.0,0.0,0.13410186767578125,0.0,0.0,0.027389436960220337,0.0,0.272610604763031,0.195567786693573,0.005271663423627615,0.7335094809532166,0.3613310754299164,0.0,0.0,0.0,0.0,0.0,0.0,0.0,0.0,1.0,0.0,0.004536143038421869,0.35289180278778076,0.17668752372264862,0.008301426656544209,0.0,0.1111769825220108,0.11019694805145264,0.11019694805145264,0.11695444583892822,-2.0602696167770773e-05,3.86442926270103e-11,0.0,0.0,4.075639724731445,4.075639724731445,0.9694896340370178,0.9694896340370178,0.4575496017932892,0.0,0.0,0.0,0.0,0.2726105749607086,0.2863621115684509,7.95926280261483e-06,0.9943903088569641,0.3613310754299164,0.22821693122386932,0.9792928695678711,0.986613392829895,0.9694896340370178,0.9886014461517334,1.1196472644805908,0.21069394052028656,0.02655773237347603,1.0,1.9175591468811035,1.9522851705551147,1.9833234548568726,0.0,7.0,0.0,0.0,0.0,0.0,0.0,0.0,,,,,,,,,,,,,,,,,,,,,,0.001
11,3660,train,0.12504903972148895,0.1111040785908699,0.11232227832078934,0.0,0.005686214659363031,0.005686214659363031,0.0,4.444464206695557,4.999999873689376e-06,0.0024999999441206455,0.0024999999441206455,0.0024999999441206455,4.999999873689376e-05,4.999999873689376e-05,0.05000000074505806,0.12625181674957275,0.061757996678352356,0.0,0.0,0.0,0.0,0.0,0.0,0.0,0.0,-1.7130658626556396,-1.7130658626556396,1.0,-1.7130658626556396,-1.7130658626556396,-1.7227288484573364,0.0,-4.319060325622559,1.0759172439575195,1.0,0.12625181674957275,1.0,0.0,0.0,0.12625181674957275,0.0,0.0,0.061757996678352356,0.0,0.2382420152425766,0.16480009257793427,0.008755797520279884,0.780430793762207,0.3359285593032837,0.0,0.0,0.0,0.0,0.0,0.0,0.0,0.0,1.0,0.0,0.004029711242765188,0.3658752143383026,0.18062984943389893,0.008005787618458271,0.0,0.11232227832078934,0.1111040785908699,0.1111040785908699,0.11825066804885864,0.05191274732351303,-1.3478275440181875e-10,0.0,0.0,4.184126853942871,4.184126853942871,0.9947364330291748,0.9947364330291748,0.4789142906665802,0.0,0.0,0.0,0.0,0.2382420152425766,0.2729741036891937,8.27695600946754e-07,0.9981922507286072,0.3359285593032837,0.18854168057441711,1.0200845003128052,1.0088140964508057,0.9947364330291748,0.9992501735687256,1.0759172439575195,0.20084965229034424,0.024601230397820473,1.0,1.916042685508728,1.916055679321289,1.879260540008545,0.0,7.0,0.0,0.0,0.0,0.0,0.0,0.0,,,,,,,,,,,,,,,,,,,,,,0.001
11,3674,train_epoch,0.12473706729308574,0.10907490337323286,0.10971446281778598,0.0,0.005504954692734751,0.005504954692734751,0.0,4.426808301560179,4.999999873689376e-06,0.0024999999441206455,0.0024999999441206455,0.0024999999441206455,4.999999873689376e-05,4.999999873689376e-05,0.05000000074505806,0.1396086159758939,0.05983705015596515,0.0,0.0,0.0,0.0,0.0,0.0,0.0,0.0,-1.2653194717849565,-1.2653194717849565,1.0,-1.2653194717849565,-1.265319477031314,-1.268861397923093,0.0,-3.302172024203827,0.9425006151020884,1.0,0.1396086159758939,1.0,0.0,0.0,0.1396086159758939,0.0,0.0,0.05983705015596515,0.0,0.24078480600418445,0.16294432890986255,0.008532130027076224,0.7151640648256519,0.32554646273573,0.0,0.0,0.0,0.0,0.0,0.0,0.0,0.0,1.0,0.0,0.0035225340463381407,0.34794868850065563,0.1734979717942055,0.008308314973443837,0.0,0.10971446281778598,0.10907490337323286,0.10907490337323286,0.11438049648157851,0.029249637220803374,-2.817045553495414e-11,0.0,0.0,4.110169821870541,4.110169819015229,0.9618173618159608,0.9618173618159608,0.45676450110124256,0.0,0.0,0.0,0.0,0.2407848123840229,0.2791543399056275,1.5345705204109123e-06,0.9956311999323839,0.32554646273573,0.19735232020120422,0.9924014956651334,0.977379067750748,0.9618173618159608,0.9616589633647553,0.9425006151020884,0.20745295500327013,0.025170352421477884,1.0,1.969410045775111,1.970090258264256,1.9706590329101699,0.0,7.0,0.0,0.0,0.0,0.0,0.0,0.0,,,,,,,,,,,,,,,,,,,,,,0.001
11,3674,val,,,,,,,,,,,,,,,,,,,,,,,,,,,,,,,,,,,,,,,,,,,,,,,,,,,,,,,,,,,,,,,,,,,,,,,,,,,,,,,,,,,,,,,,,,,,,,,,,,,,,,,,,,,60.21147884641375,10220.461752755302,101.09629940188366,108.99889482770648,32.93264826706478,14.810283869504929,23.89865162232908,10.302265060799462,6.935433119535446,16.67297283240727,26.54466630328729,12.459514958517891,7.775497304541724,133.55537332807268,159.66052403870586,280.11996701785495,78.36928190503802,60.21147884641375,101.09629940188366,108.99889482770648,32.93264826706478,0.001
11,3674,test,,,,,,,,,,,,,,,,,,,,,,,,,,,,,,,,,,,,,,,,,,,,,,,,,,,,,,,,,,,,,,,,,,,,,,,,,,,,,,,,,,,,,,,,,,,,,,,,,,,,,,,,,,,66.13298402513776,11559.028424944196,107.51292213005931,102.34436445576804,36.64568385056087,18.925806292465754,28.684930929153378,16.782170167991094,8.921637343508857,24.538685074874333,37.48976910129619,22.611262926033564,11.448907762765884,140.99339968817574,168.97175469166376,255.65740827151708,84.5777999673571,66.13298402513776,107.51292213005931,102.34436445576804,36.64568385056087,0.001
12,3680,train,0.10114099085330963,0.09870044887065887,0.09950286149978638,0.0,0.004530095495283604,0.004530095495283604,0.0,4.446185111999512,9.999999747378752e-06,0.004999999888241291,0.004999999888241291,0.004999999888241291,9.999999747378752e-05,9.999999747378752e-05,0.10000000149011612,0.1426497995853424,0.0009655952453613281,0.0,0.0,0.0,0.0,0.0,0.0,0.0,0.0,-1.7541508674621582,-1.7541508674621582,1.0,-1.7541508674621582,-1.7541508674621582,-1.7527507543563843,0.0,-4.4484028816223145,1.0463958978652954,1.0,0.1426497995853424,1.0,0.0,0.0,0.1426497995853424,0.0,0.0,0.0009655952453613281,0.0,0.29903438687324524,0.20371082425117493,0.013330332934856415,0.7841320037841797,0.36772677302360535,0.0,0.0,0.0,0.0,0.0,0.0,0.0,0.0,1.0,0.0,0.004386785440146923,0.34216153621673584,0.17425523698329926,0.007964910939335823,0.0,0.09950286149978638,0.09870044887065887,0.09870044887065887,0.09628677368164062,0.028042735531926155,-3.969707201845196e-11,0.0,0.0,4.254511833190918,4.254511833190918,0.9920579195022583,0.9920579195022583,0.4034954309463501,0.0,0.0,0.0,0.0,0.2990344166755676,0.3024780750274658,1.7822705558501184e-05,0.9974047541618347,0.36772677302360535,0.27023592591285706,0.999298095703125,1.0072877407073975,0.9920579195022583,0.9990248084068298,1.0463958978652954,0.20884570479393005,0.025913868099451065,1.0,1.9339163303375244,1.9041980504989624,1.9731231927871704,0.0,7.0,0.0,0.0,0.0,0.0,0.0,0.0,,,,,,,,,,,,,,,,,,,,,,0.001
12,3700,train,0.10744999349117279,0.1036480963230133,0.10492165386676788,0.0,0.005644309334456921,0.005644309334456921,0.0,4.433557510375977,9.999999747378752e-06,0.004999999888241291,0.004999999888241291,0.004999999888241291,9.999999747378752e-05,9.999999747378752e-05,0.10000000149011612,0.1388939619064331,0.009162217378616333,0.0,0.0,0.0,0.0,0.0,0.0,0.0,0.0,-1.7269798517227173,-1.7269798517227173,1.0,-1.7269798517227173,-1.7269798517227173,-1.7386386394500732,0.0,-4.437946796417236,1.222133755683899,1.0,0.1388939619064331,1.0,0.0,0.0,0.1388939619064331,0.0,0.0,0.009162217378616333,0.0,0.2908377945423126,0.17429187893867493,0.03097904846072197,0.8442126512527466,0.3882850408554077,0.0,0.0,0.0,0.0,0.0,0.0,0.0,0.0,1.0,0.0,0.0038279597647488117,0.36227473616600037,0.18314826488494873,0.008215107023715973,0.0,0.10492165386676788,0.1036480963230133,0.1036480963230133,0.10155444592237473,0.015412404201924801,-6.664096358077742e-11,0.0,0.0,3.9444210529327393,3.9444210529327393,1.041129469871521,1.041129469871521,0.39616629481315613,0.0,0.0,0.0,0.0,0.2908377945423126,0.2838272452354431,2.0426201444934122e-05,0.9882959723472595,0.3882850408554077,0.2536611557006836,1.056719422340393,1.066633939743042,1.041129469871521,1.0820773839950562,1.222133755683899,0.21240441501140594,0.027024485170841217,1.0,1.8796367645263672,1.8759459257125854,1.8790265321731567,0.0,7.0,0.0,0.0,0.0,0.0,0.0,0.0,,,,,,,,,,,,,,,,,,,,,,0.001
12,3720,train,0.11376325786113739,0.10905207693576813,0.11017484217882156,0.0,0.005993614438921213,0.005993614438921213,0.0,4.46150541305542,9.999999747378752e-06,0.004999999888241291,0.004999999888241291,0.004999999888241291,9.999999747378752e-05,9.999999747378752e-05,0.10000000149011612,0.1259254515171051,0.04369169473648071,0.0,0.0,0.0,0.0,0.0,0.0,0.0,0.0,-1.7415330410003662,-1.7415330410003662,1.0,-1.7415330410003662,-1.7415332794189453,-1.70559823513031,0.0,-4.41953706741333,1.1752660274505615,1.0,0.1259254515171051,1.0,0.0,0.0,0.1259254515171051,0.0,0.0,0.04369169473648071,0.0,0.25630831718444824,0.18716862797737122,0.0014857144560664892,0.7887474894523621,0.34843555092811584,0.0,0.0,0.0,0.0,0.0,0.0,0.0,0.0,1.0,0.0,0.00304000498726964,0.3612009584903717,0.1939861923456192,0.007897394709289074,0.0,0.11017484217882156,0.10905207693576813,0.10905207693576813,0.11913128197193146,0.026988815516233444,-3.133204112826249e-11,0.0,0.0,4.033864498138428,4.033864498138428,1.0655882358551025,1.0655882358551025,0.4524048864841461,0.0,0.0,0.0,0.0,0.25630831718444824,0.28087684512138367,1.6143577568072942e-06,0.9961487054824829,0.34843555092811584,0.21680454909801483,1.0458621978759766,1.1034388542175293,1.0655882358551025,1.067718744277954,1.1752660274505615,0.20557771623134613,0.025997105985879898,1.0,1.890094518661499,1.9183835983276367,1.8606542348861694,0.0,7.0,0.0,0.0,0.0,0.0,0.0,0.0,,,,,,,,,,,,,,,,,,,,,,0.001
12,3740,train,0.10771231353282928,0.10406933724880219,0.10474111139774323,0.0,0.0052325366996228695,0.0052325366996228695,0.0,4.447853088378906,9.999999747378752e-06,0.004999999888241291,0.004999999888241291,0.004999999888241291,9.999999747378752e-05,9.999999747378752e-05,0.10000000149011612,0.1280803680419922,0.06303530931472778,0.0,0.0,0.0,0.0,0.0,0.0,0.0,0.0,-1.7394994497299194,-1.7394994497299194,1.0,-1.7394994497299194,-1.7394993305206299,-1.7305432558059692,0.0,-4.4321489334106445,1.2808077335357666,1.0,0.1280803680419922,1.0,0.0,0.0,0.1280803680419922,0.0,0.0,0.06303530931472778,0.0,0.23696468770503998,0.18432198464870453,0.009108214639127254,0.7553892135620117,0.3638504445552826,0.0,0.0,0.0,0.0,0.0,0.0,0.0,0.0,1.0,0.0,0.004576663952320814,0.35249724984169006,0.19334936141967773,0.008143109269440174,0.0,0.10474111139774323,0.10406933724880219,0.10406933724880219,0.0992310494184494,0.0046446179039776325,1.553807776888405e-10,0.0,0.0,4.033236026763916,4.033235549926758,1.0708932876586914,1.0708932876586914,0.3939386308193207,0.0,0.0,0.0,0.0,0.23696470260620117,0.25428012013435364,7.906163546067546e-07,0.9934884309768677,0.3638504445552826,0.18434438109397888,1.0769330263137817,1.0849107503890991,1.0708932876586914,1.1286678314208984,1.2808077335357666,0.21144090592861176,0.027882453054189682,1.0,1.868554949760437,1.892735242843628,1.8671739101409912,0.0,7.0,0.0,0.0,0.0,0.0,0.0,0.0,,,,,,,,,,,,,,,,,,,,,,0.001
12,3760,train,0.11419285833835602,0.10995085537433624,0.11013342440128326,0.0,0.006404676474630833,0.006404676474630833,0.0,4.452708721160889,9.999999747378752e-06,0.004999999888241291,0.004999999888241291,0.004999999888241291,9.999999747378752e-05,9.999999747378752e-05,0.10000000149011612,0.1357395350933075,0.016532421112060547,0.0,0.0,0.0,0.0,0.0,0.0,0.0,0.0,-1.787645697593689,-1.787645697593689,1.0,-1.787645697593689,-1.787645697593689,-1.7776525020599365,0.0,-4.577253818511963,1.136112928390503,1.0,0.1357395350933075,1.0,0.0,0.0,0.1357395350933075,0.0,0.0,0.016532421112060547,0.0,0.2834675908088684,0.18738678097724915,0.01357500534504652,0.8855403661727905,0.38541167974472046,0.0,0.0,0.0,0.0,0.0,0.0,0.0,0.0,1.0,0.0,0.0014823158271610737,0.3685015141963959,0.1812489628791809,0.007929904386401176,0.0,0.11013342440128326,0.10995085537433624,0.10995085537433624,0.11208679527044296,0.017256958410143852,-8.950770680193898e-11,0.0,0.0,4.334841251373291,4.334841251373291,1.0491262674331665,1.0491262674331665,0.4626716375350952,0.0,0.0,0.0,0.0,0.2834675908088684,0.2801802158355713,3.1357245688923285e-07,0.997093915939331,0.38541167974472046,0.24295344948768616,1.049621820449829,1.0676831007003784,1.0491262674331665,1.044236183166504,1.136112928390503,0.20756977796554565,0.02630293369293213,1.0,1.8742973804473877,1.833542823791504,1.8549619913101196,0.0,7.0,0.0,0.0,0.0,0.0,0.0,0.0,,,,,,,,,,,,,,,,,,,,,,0.001
12,3780,train,0.10802874714136124,0.10474405437707901,0.10536780953407288,0.0,0.0053750029765069485,0.0053750029765069485,0.0,4.464433193206787,9.999999747378752e-06,0.004999999888241291,0.004999999888241291,0.004999999888241291,9.999999747378752e-05,9.999999747378752e-05,0.10000000149011612,0.13370740413665771,0.03139057755470276,0.0,0.0,0.0,0.0,0.0,0.0,0.0,0.0,-1.7876893281936646,-1.7876893281936646,1.0,-1.7876893281936646,-1.7876893281936646,-1.7638312578201294,0.0,-4.53599739074707,1.1452045440673828,1.0,0.13370740413665771,1.0,0.0,0.0,0.13370740413665771,0.0,0.0,0.03139057755470276,0.0,0.3313905596733093,0.2000885009765625,0.00905272364616394,0.9035071134567261,0.425721675157547,0.0,0.0,0.0,0.0,0.0,0.0,0.0,0.0,1.0,0.0,0.0035351968836039305,0.3733987510204315,0.1852502077817917,0.007727363146841526,0.0,0.10536780953407288,0.10474405437707901,0.10474405437707901,0.11208420991897583,0.03165563941001892,1.700552892947016e-10,0.0,0.0,4.316145896911621,4.316144943237305,1.0482088327407837,1.0482088327407837,0.4687260389328003,0.0,0.0,0.0,0.0,0.3313905894756317,0.28690600395202637,1.985244125535246e-05,0.9960558414459229,0.425721675157547,0.2935355603694916,1.0308159589767456,1.076920986175537,1.0482088327407837,1.0440871715545654,1.1452045440673828,0.20568451285362244,0.02579927258193493,1.0,1.8666925430297852,1.8583749532699585,1.8499397039413452,0.0,7.0,0.0,0.0,0.0,0.0,0.0,0.0,,,,,,,,,,,,,,,,,,,,,,0.001
12,3800,train,0.10647211223840714,0.10363184660673141,0.1035357415676117,0.0,0.005094966851174831,0.005094966851174831,0.0,4.455796241760254,9.999999747378752e-06,0.004999999888241291,0.004999999888241291,0.004999999888241291,9.999999747378752e-05,9.999999747378752e-05,0.10000000149011612,0.11471567302942276,0.014899283647537231,0.0,0.0,0.0,0.0,0.0,0.0,0.0,0.0,-1.7949883937835693,-1.7949883937835693,1.0,-1.7949883937835693,-1.7949883937835693,-1.7710129022598267,0.0,-4.586808204650879,1.1749778985977173,1.0,0.11471567302942276,1.0,0.0,0.0,0.11471567302942276,0.0,0.0,0.014899283647537231,0.0,0.3148992955684662,0.21793119609355927,0.012278552167117596,0.8246669173240662,0.40649691224098206,0.0,0.0,0.0,0.0,0.0,0.0,0.0,0.0,1.0,0.0,0.003558933734893799,0.3617386519908905,0.19256792962551117,0.007972517982125282,0.0,0.1035357415676117,0.10363184660673141,0.10363184660673141,0.10733847320079803,0.0008554612868465483,-1.670707044931774e-10,0.0,0.0,4.1417317390441895,4.1417317390441895,1.0702190399169922,1.0702190399169922,0.424164354801178,0.0,0.0,0.0,0.0,0.3148992955684662,0.2891045808792114,2.463488453940954e-05,0.9926037192344666,0.40649691224098206,0.272380530834198,1.0289747714996338,1.093376636505127,1.0702190399169922,1.070557713508606,1.1749778985977173,0.20874746143817902,0.027035219594836235,1.0,1.8808472156524658,1.8717668056488037,1.914778709411621,0.0,7.0,0.0,0.0,0.0,0.0,0.0,0.0,,,,,,,,,,,,,,,,,,,,,,0.001
12,3820,train,0.11656635999679565,0.11193932592868805,0.1127282902598381,0.0,0.005929631646722555,0.005929631646722555,0.0,4.442649841308594,9.999999747378752e-06,0.004999999888241291,0.004999999888241291,0.004999999888241291,9.999999747378752e-05,9.999999747378752e-05,0.10000000149011612,0.12136714160442352,0.02153003215789795,0.0,0.0,0.0,0.0,0.0,0.0,0.0,0.0,-1.8006975650787354,-1.8006975650787354,1.0,-1.8006975650787354,-1.8006975650787354,-1.7829962968826294,0.0,-4.558953762054443,1.2498326301574707,1.0,0.12136714160442352,1.0,0.0,0.0,0.12136714160442352,0.0,0.0,0.02153003215789795,0.0,0.2784700095653534,0.1659243106842041,0.01031798031181097,0.805733323097229,0.4139966368675232,0.0,0.0,0.0,0.0,0.0,0.0,0.0,0.0,1.0,0.0,0.0033851207699626684,0.3689037561416626,0.18828845024108887,0.008126769214868546,0.0,0.1127282902598381,0.11193932592868805,0.11193932592868805,0.10975133627653122,0.01782599650323391,2.2577048564009772e-10,0.0,0.0,4.194360733032227,4.194360733032227,1.0523208379745483,1.0523208379745483,0.45089808106422424,0.0,0.0,0.0,0.0,0.278469979763031,0.25906580686569214,1.0741917321865913e-05,0.9884504079818726,0.4139966368675232,0.1966758668422699,1.0426700115203857,1.0655072927474976,1.0523208379745483,1.095249891281128,1.2498326301574707,0.2081395834684372,0.02675100788474083,1.0,1.8518118858337402,1.8179677724838257,1.8319296836853027,0.0,7.0,0.0,0.0,0.0,0.0,0.0,0.0,,,,,,,,,,,,,,,,,,,,,,0.001
12,3840,train,0.10879591107368469,0.10555722564458847,0.10604918003082275,0.0,0.005707357078790665,0.005707357078790665,0.0,4.467719078063965,9.999999747378752e-06,0.004999999888241291,0.004999999888241291,0.004999999888241291,9.999999747378752e-05,9.999999747378752e-05,0.10000000149011612,0.12450103461742401,0.017334699630737305,0.0,0.0,0.0,0.0,0.0,0.0,0.0,0.0,-1.8058558702468872,-1.8058558702468872,1.0,-1.8058558702468872,-1.8058558702468872,-1.7803518772125244,0.0,-4.576672077178955,1.1957515478134155,1.0,0.12450103461742401,1.0,0.0,0.0,0.12450103461742401,0.0,0.0,0.017334699630737305,0.0,0.31733474135398865,0.2195633053779602,0.013791646808385849,0.9055414199829102,0.4034207761287689,0.0,0.0,0.0,0.0,0.0,0.0,0.0,0.0,1.0,0.0,0.002151991706341505,0.358088880777359,0.1926039308309555,0.007767736911773682,0.0,0.10604918003082275,0.10555722564458847,0.10555722564458847,0.10477161407470703,0.013171015307307243,4.1256242866438697e-10,0.0,0.0,4.326799392700195,4.326799392700195,1.077494740486145,1.077494740486145,0.443464994430542,0.0,0.0,0.0,0.0,0.31733471155166626,0.29351478815078735,9.54349889070727e-06,0.9982159733772278,0.4034207761287689,0.2815410792827606,1.0528531074523926,1.1048680543899536,1.077494740486145,1.041267991065979,1.1957515478134155,0.2079499214887619,0.026458662003278732,1.0,1.885709524154663,1.8705737590789795,1.8480548858642578,0.0,7.0,0.0,0.0,0.0,0.0,0.0,0.0,,,,,,,,,,,,,,,,,,,,,,0.001
12,3860,train,0.10456853359937668,0.10228414833545685,0.10242083668708801,0.0,0.0052252719178795815,0.0052252719178795815,0.0,4.472667217254639,9.999999747378752e-06,0.004999999888241291,0.004999999888241291,0.004999999888241291,9.999999747378752e-05,9.999999747378752e-05,0.10000000149011612,0.12849858403205872,0.059156596660614014,0.0,0.0,0.0,0.0,0.0,0.0,0.0,0.0,-1.8289401531219482,-1.8289401531219482,1.0,-1.8289401531219482,-1.8289401531219482,-1.7918356657028198,0.0,-4.631714344024658,1.205875039100647,1.0,0.12849858403205872,1.0,0.0,0.0,0.12849858403205872,0.0,0.0,0.059156596660614014,0.0,0.35915663838386536,0.18453049659729004,0.03587380796670914,0.8443982601165771,0.47149527072906494,0.0,0.0,0.0,0.0,0.0,0.0,0.0,0.0,1.0,0.0,0.0038090103771537542,0.363260418176651,0.1899922490119934,0.007641183212399483,0.0,0.10242083668708801,0.10228414833545685,0.10228414833545685,0.11039245873689651,0.0470401756465435,-1.5184339896556764e-10,0.0,0.0,4.192745685577393,4.192745685577393,1.078376054763794,1.078376054763794,0.4500926434993744,0.0,0.0,0.0,0.0,0.35915660858154297,0.2733238935470581,9.52867412706837e-06,0.9920990467071533,0.47149527072906494,0.3039981722831726,1.0517445802688599,1.1173683404922485,1.078376054763794,1.0792512893676758,1.205875039100647,0.20981734991073608,0.027205094695091248,1.0,1.9185506105422974,1.8987772464752197,1.8910096883773804,0.0,7.0,0.0,0.0,0.0,0.0,0.0,0.0,,,,,,,,,,,,,,,,,,,,,,0.001
12,3880,train,0.11063279956579208,0.10699699074029922,0.10711628943681717,0.0,0.006425152998417616,0.006425152998417616,0.0,4.463409423828125,9.999999747378752e-06,0.004999999888241291,0.004999999888241291,0.004999999888241291,9.999999747378752e-05,9.999999747378752e-05,0.10000000149011612,0.11257069557905197,0.0017184317111968994,0.0,0.0,0.0,0.0,0.0,0.0,0.0,0.0,-1.7875640392303467,-1.7875640392303467,1.0,-1.7875640392303467,-1.7875638008117676,-1.7492926120758057,0.0,-4.585710048675537,1.222098708152771,1.0,0.11257069557905197,1.0,0.0,0.0,0.11257069557905197,0.0,0.0,0.0017184317111968994,0.0,0.29828158020973206,0.17555958032608032,0.011812484823167324,0.8705195188522339,0.42762941122055054,0.0,0.0,0.0,0.0,0.0,0.0,0.0,0.0,1.0,0.0,0.0010923806112259626,0.3758479356765747,0.1946060061454773,0.007827119901776314,0.0,0.10711628943681717,0.10699699074029922,0.10699699074029922,0.11187291145324707,0.03085981123149395,6.353021581029239e-11,0.0,0.0,4.325159072875977,4.325159072875977,1.0874989032745361,1.0874989032745361,0.4855799973011017,0.0,0.0,0.0,0.0,0.29828158020973206,0.26595890522003174,0.0001649798359721899,0.9909424185752869,0.42762941122055054,0.23518690466880798,1.0519039630889893,1.112691879272461,1.0874989032745361,1.0916768312454224,1.222098708152771,0.20610100030899048,0.025667138397693634,1.0,1.9681850671768188,1.8594081401824951,1.9261420965194702,0.0,7.0,0.0,0.0,0.0,0.0,0.0,0.0,,,,,,,,,,,,,,,,,,,,,,0.001
12,3900,train,0.11773601174354553,0.11270754784345627,0.11377859860658646,0.0,0.00555050652474165,0.00555050652474165,0.0,4.47672176361084,9.999999747378752e-06,0.004999999888241291,0.004999999888241291,0.004999999888241291,9.999999747378752e-05,9.999999747378752e-05,0.10000000149011612,0.1359655261039734,0.00782814621925354,0.0,0.0,0.0,0.0,0.0,0.0,0.0,0.0,-1.781415343284607,-1.781415343284607,1.0,-1.781415343284607,-1.781415343284607,-1.7643601894378662,0.0,-4.499392032623291,1.2119756937026978,1.0,0.1359655261039734,1.0,0.0,0.0,0.1359655261039734,0.0,0.0,0.00782814621925354,0.0,0.3078281581401825,0.18035200238227844,0.04345903918147087,0.8574120998382568,0.44062909483909607,0.0,0.0,0.0,0.0,0.0,0.0,0.0,0.0,1.0,0.0,0.004134179558604956,0.3604776859283447,0.19143573939800262,0.007560764439404011,0.0,0.11377859860658646,0.11270754784345627,0.11270754784345627,0.10807912796735764,0.04392322897911072,-1.248338377113356e-10,0.0,0.0,4.326495170593262,4.326495170593262,1.0782800912857056,1.0782800912857056,0.46607720851898193,0.0,0.0,0.0,0.0,0.3078281581401825,0.2640724778175354,1.134633657784434e-05,0.992277979850769,0.44062909483909607,0.24341300129890442,1.085485816001892,1.0870496034622192,1.0782800912857056,1.0810227394104004,1.2119756937026978,0.20624977350234985,0.02577001415193081,1.0,1.7759002447128296,1.895188331604004,1.9132124185562134,0.0,7.0,0.0,0.0,0.0,0.0,0.0,0.0,,,,,,,,,,,,,,,,,,,,,,0.001
12,3920,train,0.11198082566261292,0.1082368865609169,0.10866911709308624,0.0,0.004888108000159264,0.004888108000159264,0.0,4.466248512268066,9.999999747378752e-06,0.004999999888241291,0.004999999888241291,0.004999999888241291,9.999999747378752e-05,9.999999747378752e-05,0.10000000149011612,0.13648593425750732,0.0038444101810455322,0.0,0.0,0.0,0.0,0.0,0.0,0.0,0.0,-1.8073021173477173,-1.8073021173477173,1.0,-1.8073021173477173,-1.8073021173477173,-1.8104290962219238,0.0,-4.662651538848877,1.183745265007019,1.0,0.13648593425750732,1.0,0.0,0.0,0.13648593425750732,0.0,0.0,0.0038444101810455322,0.0,0.2961556017398834,0.17799510061740875,0.024950062856078148,0.8794631958007812,0.4274159371852875,0.0,0.0,0.0,0.0,0.0,0.0,0.0,0.0,1.0,0.0,0.004726920276880264,0.36719396710395813,0.18782445788383484,0.00773479463532567,0.0,0.10866911709308624,0.1082368865609169,0.1082368865609169,0.09984111040830612,0.03851085528731346,4.221603622234227e-10,0.0,0.0,4.201298236846924,4.201298236846924,1.0787087678909302,1.0787087678909302,0.40828874707221985,0.0,0.0,0.0,0.0,0.2961556017398834,0.2638309597969055,0.00010422069317428395,0.9831510782241821,0.4274159371852875,0.23875613510608673,1.0598115921020508,1.0952407121658325,1.0787087678909302,1.0727273225784302,1.183745265007019,0.21036116778850555,0.02651308849453926,1.0,1.8776955604553223,1.8822786808013916,1.828717589378357,0.0,7.0,0.0,0.0,0.0,0.0,0.0,0.0,,,,,,,,,,,,,,,,,,,,,,0.001
12,3940,train,0.10559956729412079,0.10301955044269562,0.10338622331619263,0.0,0.004883167799562216,0.004883167799562216,0.0,4.468545913696289,9.999999747378752e-06,0.004999999888241291,0.004999999888241291,0.004999999888241291,9.999999747378752e-05,9.999999747378752e-05,0.10000000149011612,0.11968457698822021,0.041701436042785645,0.0,0.0,0.0,0.0,0.0,0.0,0.0,0.0,-1.818246603012085,-1.818246603012085,1.0,-1.818246603012085,-1.818246603012085,-1.7861225605010986,0.0,-4.6193623542785645,1.1542834043502808,1.0,0.11968457698822021,1.0,0.0,0.0,0.11968457698822021,0.0,0.0,0.041701436042785645,0.0,0.3417014181613922,0.18092067539691925,0.033023446798324585,0.8170207738876343,0.4708229601383209,0.0,0.0,0.0,0.0,0.0,0.0,0.0,0.0,1.0,0.0,0.0035916930064558983,0.36031821370124817,0.19260895252227783,0.007782300468534231,0.0,0.10338622331619263,0.10301955044269562,0.10301955044269562,0.11024569720029831,0.024068115279078484,-1.0098818482850991e-11,0.0,0.0,4.164758205413818,4.164758205413818,1.1009085178375244,1.1009085178375244,0.4661036729812622,0.0,0.0,0.0,0.0,0.3417014479637146,0.26325705647468567,0.0001745946065057069,0.9835392236709595,0.4708229601383209,0.2858915627002716,1.0584462881088257,1.1389577388763428,1.1009085178375244,1.0980191230773926,1.1542834043502808,0.20923933386802673,0.026404334232211113,1.0,1.8757472038269043,1.907372236251831,1.9408327341079712,0.0,7.0,0.0,0.0,0.0,0.0,0.0,0.0,,,,,,,,,,,,,,,,,,,,,,0.001
12,3960,train,0.12395865470170975,0.11837119609117508,0.11848081648349762,0.0,0.005934774875640869,0.005934774875640869,0.0,4.455134868621826,9.999999747378752e-06,0.004999999888241291,0.004999999888241291,0.004999999888241291,9.999999747378752e-05,9.999999747378752e-05,0.10000000149011612,0.12134561687707901,0.003602743148803711,0.0,0.0,0.0,0.0,0.0,0.0,0.0,0.0,-1.8195430040359497,-1.8195430040359497,1.0,-1.8195430040359497,-1.8195427656173706,-1.7929354906082153,0.0,-4.582998275756836,1.2126827239990234,1.0,0.12134561687707901,1.0,0.0,0.0,0.12134561687707901,0.0,0.0,0.003602743148803711,0.0,0.30360275506973267,0.15705449879169464,0.009461087174713612,0.8461196422576904,0.4668913185596466,0.0,0.0,0.0,0.0,0.0,0.0,0.0,0.0,1.0,0.0,0.003084712428972125,0.3702334463596344,0.1885433942079544,0.007889121770858765,0.0,0.11848081648349762,0.11837119609117508,0.11837119609117508,0.1257399618625641,0.07442537695169449,5.0104580207044336e-11,0.0,0.0,4.315304279327393,4.315304279327393,1.0647858381271362,1.0647858381271362,0.5620979070663452,0.0,0.0,0.0,0.0,0.30360275506973267,0.23917937278747559,2.9638422347488813e-06,0.9867158532142639,0.4668913185596466,0.22063420712947845,1.0507723093032837,1.0828016996383667,1.0647858381271362,1.0707783699035645,1.2126827239990234,0.20261746644973755,0.02503238059580326,1.0,1.7589178085327148,1.7917201519012451,1.820439338684082,0.0,7.0,0.0,0.0,0.0,0.0,0.0,0.0,,,,,,,,,,,,,,,,,,,,,,0.001
12,3980,train,0.098639115691185,0.0968720018863678,0.09724459052085876,0.0,0.0049148984253406525,0.0049148984253406525,0.0,4.497595310211182,9.999999747378752e-06,0.004999999888241291,0.004999999888241291,0.004999999888241291,9.999999747378752e-05,9.999999747378752e-05,0.10000000149011612,0.11051090806722641,0.0025624632835388184,0.0,0.0,0.0,0.0,0.0,0.0,0.0,0.0,-1.7762658596038818,-1.7762658596038818,1.0,-1.7762658596038818,-1.7762658596038818,-1.7285113334655762,0.0,-4.55239725112915,1.3506684303283691,1.0,0.11051090806722641,1.0,0.0,0.0,0.11051090806722641,0.0,0.0,0.0025624632835388184,0.0,0.29743751883506775,0.1708265095949173,0.023919355124235153,0.7971413135528564,0.4507703185081482,0.0,0.0,0.0,0.0,0.0,0.0,0.0,0.0,1.0,0.0,0.002869704505428672,0.3280932903289795,0.2169078290462494,0.0074624051339924335,0.0,0.09724459052085876,0.0968720018863678,0.0968720018863678,0.11687292158603668,-0.011996914632618427,-5.6355184407941294e-11,0.0,0.0,4.025504112243652,4.025504112243652,1.2142053842544556,1.2142053842544556,0.4571477770805359,0.0,0.0,0.0,0.0,0.29743754863739014,0.24628299474716187,0.00010533240129007027,0.9807117581367493,0.4507703185081482,0.2316482961177826,1.1053354740142822,1.2641711235046387,1.2142053842544556,1.1858117580413818,1.3506684303283691,0.21497739851474762,0.028663577511906624,1.0,1.8443071842193604,1.8373408317565918,1.8941850662231445,0.0,7.0,0.0,0.0,0.0,0.0,0.0,0.0,,,,,,,,,,,,,,,,,,,,,,0.001
12,4000,train,0.10070937871932983,0.0986977368593216,0.09903673082590103,0.0,0.0053945863619446754,0.0053945863619446754,0.0,4.487286567687988,9.999999747378752e-06,0.004999999888241291,0.004999999888241291,0.004999999888241291,9.999999747378752e-05,9.999999747378752e-05,0.10000000149011612,0.12396405637264252,0.008880913257598877,0.0,0.0,0.0,0.0,0.0,0.0,0.0,0.0,-1.7880834341049194,-1.7880834341049194,1.0,-1.7880834341049194,-1.7880834341049194,-1.7535929679870605,0.0,-4.559669494628906,1.2793158292770386,1.0,0.12396405637264252,1.0,0.0,0.0,0.12396405637264252,0.0,0.0,0.008880913257598877,0.0,0.2911190986633301,0.1609124392271042,0.017670495435595512,0.8600375056266785,0.45376133918762207,0.0,0.0,0.0,0.0,0.0,0.0,0.0,0.0,1.0,0.0,0.003613064531236887,0.3653980493545532,0.20315507054328918,0.007533038966357708,0.0,0.09903673082590103,0.0986977368593216,0.0986977368593216,0.11430365592241287,0.040282029658555984,-2.4678795118582286e-10,0.0,0.0,4.190616607666016,4.190616607666016,1.1290552616119385,1.1290552616119385,0.4827498495578766,0.0,0.0,0.0,0.0,0.2911190986633301,0.23959216475486755,1.4484555322269443e-05,0.9804670214653015,0.45376133918762207,0.211427703499794,1.0915271043777466,1.1576075553894043,1.1290552616119385,1.1258689165115356,1.2793158292770386,0.20811493694782257,0.02661728672683239,1.0,1.9512207508087158,1.8369454145431519,1.8469898700714111,0.0,7.0,0.0,0.0,0.0,0.0,0.0,0.0,,,,,,,,,,,,,,,,,,,,,,0.001
12,4008,train_epoch,0.10932451682890247,0.10591759340848751,0.10639737840898023,0.0,0.005478720731397499,0.005478720731397499,0.0,4.463877559422019,9.999999747378752e-06,0.004999999888241291,0.004999999888241291,0.004999999888241291,9.999999747378752e-05,9.999999747378752e-05,0.10000000149011612,0.12862057026899504,0.03191283184611155,0.0,0.0,0.0,0.0,0.0,0.0,0.0,0.0,-1.7960639442512376,-1.7960639442512376,1.0,-1.7960639442512376,-1.7960639356853005,-1.7673926556895594,0.0,-4.5528900152195,1.2082138318501547,1.0,0.12862057026899504,1.0,0.0,0.0,0.12862057026899504,0.0,0.0,0.03191283184611155,0.0,0.317320398540197,0.1816324434817551,0.01874011861506158,0.8383510342972007,0.43080786869911375,0.0,0.0,0.0,0.0,0.0,0.0,0.0,0.0,1.0,0.0,0.0032476677624364092,0.35623983093007594,0.19236021239065124,0.007811908604588337,0.0,0.10639737840898023,0.10591759340848751,0.10591759340848751,0.11137989602849155,0.02699333807252836,1.3738489805817639e-11,0.0,0.0,4.215716817421828,4.215716828843076,1.0805874918392318,1.0805874918392318,0.46064962821449346,0.0,0.0,0.0,0.0,0.3173204071507483,0.2723278069121395,3.052384390806073e-05,0.9921158166702636,0.43080786869911375,0.26588410246158073,1.054504316188618,1.109868629249984,1.0805874918392318,1.0790599905802105,1.2082138318501547,0.2087112089652501,0.026544278074881272,1.0,1.883934611688831,1.8832179332921606,1.8826904146971104,0.0,7.0,0.0,0.0,0.0,0.0,0.0,0.0,,,,,,,,,,,,,,,,,,,,,,0.001
12,4008,val,,,,,,,,,,,,,,,,,,,,,,,,,,,,,,,,,,,,,,,,,,,,,,,,,,,,,,,,,,,,,,,,,,,,,,,,,,,,,,,,,,,,,,,,,,,,,,,,,,,,,,,,,,,59.96137414659773,10251.180450439453,101.24811331792536,108.29233060564313,32.7906003679548,14.610868275165558,23.759901046613386,9.965670504740306,6.790640605347497,15.920516422816686,26.065742233503787,11.292138925620488,7.374385846512658,133.54572759355818,159.66686297536498,279.7646085534777,78.50122850281852,59.96137414659773,101.24811331792536,108.29233060564313,32.7906003679548,0.001
12,4008,test,,,,,,,,,,,,,,,,,,,,,,,,,,,,,,,,,,,,,,,,,,,,,,,,,,,,,,,,,,,,,,,,,,,,,,,,,,,,,,,,,,,,,,,,,,,,,,,,,,,,,,,,,,,65.89691969326564,11558.337973458427,107.50971106583083,101.42233332565853,36.5658004283905,18.85354550395693,28.876683312905495,15.872655613081795,8.915726908615657,23.915991842746735,36.94577531000655,21.051245915038244,11.221945464611053,141.1140331540789,169.10732477477274,256.2335686343057,84.7688410282135,65.89691969326564,107.50971106583083,101.42233332565853,36.5658004283905,0.001
13,4020,train,0.08746387809515,0.09572826325893402,0.09614188224077225,0.0,0.004803618416190147,0.004803618416190147,0.0,4.490634441375732,1.4999999621068127e-05,0.007499999832361937,0.007499999832361937,0.007499999832361937,0.0001500000071246177,0.0001500000071246177,0.15000000596046448,0.12235137075185776,0.031036853790283203,0.0,0.0,0.0,0.0,0.0,0.0,0.0,0.0,-1.8412772417068481,-1.8412772417068481,1.0,-1.8412772417068481,-1.8412772417068481,-1.7960597276687622,0.0,-4.6400651931762695,1.2552094459533691,1.0,0.12235137075185776,1.0,0.0,0.0,0.12235137075185776,0.0,0.0,0.031036853790283203,0.0,0.33103683590888977,0.18930259346961975,0.029454536736011505,0.870248019695282,0.4741280674934387,0.0,0.0,0.0,0.0,0.0,0.0,0.0,0.0,1.0,0.0,0.002487652935087681,0.3400920629501343,0.20084108412265778,0.007445767987519503,0.0,0.09614188224077225,0.09572826325893402,0.09572826325893402,0.10621536523103714,0.033855635672807693,1.441197022833407e-10,0.0,0.0,4.210604667663574,4.210604667663574,1.134023666381836,1.134023666381836,0.44045302271842957,0.0,0.0,0.0,0.0,0.33103686571121216,0.25408318638801575,0.000172174783074297,0.9871605634689331,0.4741280674934387,0.2709712088108063,1.0843082666397095,1.1726375818252563,1.134023666381836,1.1167830228805542,1.2552094459533691,0.21185056865215302,0.027031399309635162,1.0,1.8214612007141113,1.8520015478134155,1.8418090343475342,0.0,7.0,0.0,0.0,0.0,0.0,0.0,0.0,,,,,,,,,,,,,,,,,,,,,,0.001
13,4040,train,0.09939765185117722,0.1048831045627594,0.1050301268696785,0.0,0.006368569564074278,0.006368569564074278,0.0,4.471370697021484,1.4999999621068127e-05,0.007499999832361937,0.007499999832361937,0.007499999832361937,0.0001500000071246177,0.0001500000071246177,0.15000000596046448,0.13168540596961975,0.010963588953018188,0.0,0.0,0.0,0.0,0.0,0.0,0.0,0.0,-1.7751805782318115,-1.7751805782318115,1.0,-1.7751805782318115,-1.7751805782318115,-1.7272498607635498,0.0,-4.4993438720703125,1.349551796913147,1.0,0.13168540596961975,1.0,0.0,0.0,0.13168540596961975,0.0,0.0,0.010963588953018188,0.0,0.2890363931655884,0.14885786175727844,0.022711139172315598,0.8196751475334167,0.4595857858657837,0.0,0.0,0.0,0.0,0.0,0.0,0.0,0.0,1.0,0.0,0.0011617664713412523,0.3660263121128082,0.20666004717350006,0.007838128134608269,0.0,0.1050301268696785,0.1048831045627594,0.1048831045627594,0.11035322397947311,0.001373112085275352,-1.0146732065674513e-10,0.0,0.0,4.2332587242126465,4.233258247375488,1.168972134590149,1.168972134590149,0.4601746201515198,0.0,0.0,0.0,0.0,0.28903642296791077,0.2339937388896942,0.00018429505871608853,0.9854959845542908,0.4595857858657837,0.19892770051956177,1.0982656478881836,1.2200714349746704,1.168972134590149,1.1607247591018677,1.349551796913147,0.21190248429775238,0.027645742520689964,1.0,1.7611768245697021,1.800260305404663,1.8332942724227905,0.0,7.0,0.0,0.0,0.0,0.0,0.0,0.0,,,,,,,,,,,,,,,,,,,,,,0.001
13,4060,train,0.10149486362934113,0.1078762635588646,0.10801272094249725,0.0,0.005116775166243315,0.005116775166243315,0.0,4.472907543182373,1.4999999621068127e-05,0.007499999832361937,0.007499999832361937,0.007499999832361937,0.0001500000071246177,0.0001500000071246177,0.15000000596046448,0.11468920111656189,0.030154019594192505,0.0,0.0,0.0,0.0,0.0,0.0,0.0,0.0,-1.8740766048431396,-1.8740766048431396,1.0,-1.8740766048431396,-1.8740766048431396,-1.847644567489624,0.0,-4.705310344696045,1.1801705360412598,1.0,0.11468920111656189,1.0,0.0,0.0,0.11468920111656189,0.0,0.0,0.030154019594192505,0.0,0.3301539719104767,0.15912924706935883,0.0333513580262661,0.8404325246810913,0.49774304032325745,0.0,0.0,0.0,0.0,0.0,0.0,0.0,0.0,1.0,0.0,0.004279234446585178,0.35999366641044617,0.19526629149913788,0.007650658953934908,0.0,0.10801272094249725,0.1078762635588646,0.1078762635588646,0.1167677715420723,0.0033314782194793224,3.0464925027118284e-10,0.0,0.0,4.352751731872559,4.352751731872559,1.1043566465377808,1.1043566465377808,0.4854174554347992,0.0,0.0,0.0,0.0,0.33015403151512146,0.23535418510437012,7.073932692946983e-07,0.9838051199913025,0.49774304032325745,0.2434895932674408,1.0816806554794312,1.126698613166809,1.1043566465377808,1.100100040435791,1.1801705360412598,0.20880761742591858,0.026854734867811203,1.0,1.8095431327819824,1.8418807983398438,1.7701820135116577,0.0,7.0,0.0,0.0,0.0,0.0,0.0,0.0,,,,,,,,,,,,,,,,,,,,,,0.001
13,4080,train,0.10125234723091125,0.10667978227138519,0.10727179050445557,0.0,0.0056237103417515755,0.0056237103417515755,0.0,4.494405746459961,1.4999999621068127e-05,0.007499999832361937,0.007499999832361937,0.007499999832361937,0.0001500000071246177,0.0001500000071246177,0.15000000596046448,0.11434222757816315,0.02658727765083313,0.0,0.0,0.0,0.0,0.0,0.0,0.0,0.0,-1.800835371017456,-1.800835371017456,1.0,-1.800835371017456,-1.800835371017456,-1.7751054763793945,0.0,-4.5693135261535645,1.2739250659942627,1.0,0.11434222757816315,1.0,0.0,0.0,0.11434222757816315,0.0,0.0,0.02658727765083313,0.0,0.3265872895717621,0.16707125306129456,0.03991593047976494,0.8712352514266968,0.483614444732666,0.0,0.0,0.0,0.0,0.0,0.0,0.0,0.0,1.0,0.0,0.003181711072102189,0.3637036979198456,0.1995447278022766,0.007333564106374979,0.0,0.10727179050445557,0.10667978227138519,0.10667978227138519,0.12119527161121368,0.025205304846167564,1.9073671808644832e-10,0.0,0.0,4.341222286224365,4.341221809387207,1.1289653778076172,1.1289653778076172,0.5226290822029114,0.0,0.0,0.0,0.0,0.3265872895717621,0.24411948025226593,0.00017534117796458304,0.9833495616912842,0.483614444732666,0.2464001327753067,1.0973360538482666,1.1660648584365845,1.1289653778076172,1.1156727075576782,1.2739250659942627,0.2106057107448578,0.02631036564707756,1.0,1.8728363513946533,1.8498233556747437,1.8724581003189087,0.0,7.0,0.0,0.0,0.0,0.0,0.0,0.0,,,,,,,,,,,,,,,,,,,,,,0.001
13,4100,train,0.09280065447092056,0.10027565062046051,0.10046152025461197,0.0,0.005034919828176498,0.005034919828176498,0.0,4.4861860275268555,1.4999999621068127e-05,0.007499999832361937,0.007499999832361937,0.007499999832361937,0.0001500000071246177,0.0001500000071246177,0.15000000596046448,0.12258138507604599,0.022413671016693115,0.0,0.0,0.0,0.0,0.0,0.0,0.0,0.0,-1.84627366065979,-1.84627366065979,1.0,-1.84627366065979,-1.8462735414505005,-1.8011540174484253,0.0,-4.68739652633667,1.2710009813308716,1.0,0.12258138507604599,1.0,0.0,0.0,0.12258138507604599,0.0,0.0,0.022413671016693115,0.0,0.32241368293762207,0.1795283555984497,0.025945797562599182,0.8417591452598572,0.4757968485355377,0.0,0.0,0.0,0.0,0.0,0.0,0.0,0.0,1.0,0.0,0.002022280590608716,0.34318479895591736,0.20426471531391144,0.007529852911829948,0.0,0.10046152025461197,0.10027565062046051,0.10027565062046051,0.09478479623794556,0.015694111585617065,-7.614251590348786e-11,0.0,0.0,4.4289984703063965,4.4289984703063965,1.1687802076339722,1.1687802076339722,0.40703198313713074,0.0,0.0,0.0,0.0,0.32241368293762207,0.24852879345417023,0.00013274110096972436,0.9933290481567383,0.4757968485355377,0.24866729974746704,1.1024022102355957,1.2005280256271362,1.1687802076339722,1.1280617713928223,1.2710009813308716,0.21406874060630798,0.027693049982190132,1.0,1.7998976707458496,1.8470338582992554,1.8157427310943604,0.0,7.0,0.0,0.0,0.0,0.0,0.0,0.0,,,,,,,,,,,,,,,,,,,,,,0.001
13,4120,train,0.0924559086561203,0.0996117889881134,0.09986208379268646,0.0,0.005347388330847025,0.005347388330847025,0.0,4.493017196655273,1.4999999621068127e-05,0.007499999832361937,0.007499999832361937,0.007499999832361937,0.0001500000071246177,0.0001500000071246177,0.15000000596046448,0.1062110885977745,0.03312826156616211,0.0,0.0,0.0,0.0,0.0,0.0,0.0,0.0,-1.8171130418777466,-1.8171130418777466,1.0,-1.8171130418777466,-1.8171130418777466,-1.7771878242492676,0.0,-4.583871364593506,1.3261817693710327,1.0,0.1062110885977745,1.0,0.0,0.0,0.1062110885977745,0.0,0.0,0.03312826156616211,0.0,0.33312827348709106,0.14211946725845337,0.031700365245342255,0.757466733455658,0.5215373039245605,0.0,0.0,0.0,0.0,0.0,0.0,0.0,0.0,1.0,0.0,0.0028889216482639313,0.37029820680618286,0.2103992998600006,0.007461438421159983,0.0,0.09986208379268646,0.0996117889881134,0.0996117889881134,0.11686205118894577,0.013593288138508797,3.342676968554059e-10,0.0,0.0,4.181029796600342,4.181029796600342,1.1760882139205933,1.1760882139205933,0.4676649272441864,0.0,0.0,0.0,0.0,0.33312827348709106,0.2161230891942978,0.0006602448411285877,0.9821672439575195,0.5215373039245605,0.23607538640499115,1.097410798072815,1.2189079523086548,1.1760882139205933,1.186805248260498,1.3261817693710327,0.21714738011360168,0.028066646307706833,1.0,1.8218632936477661,1.8456162214279175,1.8427797555923462,0.0,7.0,0.0,0.0,0.0,0.0,0.0,0.0,,,,,,,,,,,,,,,,,,,,,,0.001
13,4140,train,0.09702804684638977,0.10343700647354126,0.1038130670785904,0.0,0.00475446879863739,0.00475446879863739,0.0,4.490773677825928,1.4999999621068127e-05,0.007499999832361937,0.007499999832361937,0.007499999832361937,0.0001500000071246177,0.0001500000071246177,0.15000000596046448,0.11436831206083298,0.05595517158508301,0.0,0.0,0.0,0.0,0.0,0.0,0.0,0.0,-1.820009708404541,-1.820009708404541,1.0,-1.820009708404541,-1.8200099468231201,-1.8064430952072144,0.0,-4.603644371032715,1.2752289772033691,1.0,0.11436831206083298,1.0,0.0,0.0,0.11436831206083298,0.0,0.0,0.05595517158508301,0.0,0.35595518350601196,0.16204726696014404,0.025335540995001793,0.8247968554496765,0.5299383401870728,0.0,0.0,0.0,0.0,0.0,0.0,0.0,0.0,1.0,0.0,0.004365323111414909,0.3536384701728821,0.1982516646385193,0.007396466098725796,0.0,0.1038130670785904,0.10343700647354126,0.10343700647354126,0.10156039148569107,0.01996556855738163,1.5270379405407652e-10,0.0,0.0,4.306075096130371,4.306075096130371,1.1189826726913452,1.1189826726913452,0.43568727374076843,0.0,0.0,0.0,0.0,0.35595518350601196,0.2250663787126541,0.0005041460390202701,0.9678464531898499,0.5299383401870728,0.2694700062274933,1.0928232669830322,1.1420649290084839,1.1189826726913452,1.1606961488723755,1.2752289772033691,0.21609173715114594,0.027700278908014297,1.0,1.8620564937591553,1.873138427734375,1.8244978189468384,0.0,7.0,0.0,0.0,0.0,0.0,0.0,0.0,,,,,,,,,,,,,,,,,,,,,,0.001
13,4160,train,0.0983501672744751,0.10504312813282013,0.10541196912527084,0.0,0.0050622280687093735,0.0050622280687093735,0.0,4.491367340087891,1.4999999621068127e-05,0.007499999832361937,0.007499999832361937,0.007499999832361937,0.0001500000071246177,0.0001500000071246177,0.15000000596046448,0.11308878660202026,0.044575005769729614,0.0,0.0,0.0,0.0,0.0,0.0,0.0,0.0,-1.8602886199951172,-1.8602886199951172,1.0,-1.8602886199951172,-1.8602888584136963,-1.8319299221038818,0.0,-4.702519416809082,1.2931749820709229,1.0,0.11308878660202026,1.0,0.0,0.0,0.11308878660202026,0.0,0.0,0.044575005769729614,0.0,0.34457501769065857,0.15796718001365662,0.04473479837179184,0.815556526184082,0.5331420302391052,0.0,0.0,0.0,0.0,0.0,0.0,0.0,0.0,1.0,0.0,0.004439713899046183,0.3631156086921692,0.20235750079154968,0.007414660416543484,0.0,0.10541196912527084,0.10504312813282013,0.10504312813282013,0.11045029759407043,0.02070050872862339,-6.328419732692936e-11,0.0,0.0,4.176385402679443,4.176385402679443,1.146530032157898,1.146530032157898,0.4522216022014618,0.0,0.0,0.0,0.0,0.34457501769065857,0.21371424198150635,0.00026124261785298586,0.9758198261260986,0.5331420302391052,0.2487592101097107,1.0921794176101685,1.1742074489593506,1.146530032157898,1.1449191570281982,1.2931749820709229,0.21711879968643188,0.028030456975102425,1.0,1.8120938539505005,1.830160140991211,1.8311188220977783,0.0,7.0,0.0,0.0,0.0,0.0,0.0,0.0,,,,,,,,,,,,,,,,,,,,,,0.001
13,4180,train,0.1028476133942604,0.10854387283325195,0.10836459696292877,0.0,0.006221253424882889,0.006221253424882889,0.0,4.478810787200928,1.4999999621068127e-05,0.007499999832361937,0.007499999832361937,0.007499999832361937,0.0001500000071246177,0.0001500000071246177,0.15000000596046448,0.12303656339645386,0.0326002836227417,0.0,0.0,0.0,0.0,0.0,0.0,0.0,0.0,-1.8337581157684326,-1.8337581157684326,1.0,-1.8337581157684326,-1.8337581157684326,-1.8062254190444946,0.0,-4.6460185050964355,1.285399317741394,1.0,0.12303656339645386,1.0,0.0,0.0,0.12303656339645386,0.0,0.0,0.0326002836227417,0.0,0.33260029554367065,0.16306425631046295,0.045134060084819794,0.8078731894493103,0.5182914733886719,0.0,0.0,0.0,0.0,0.0,0.0,0.0,0.0,1.0,0.0,0.00022547593107447028,0.3679555654525757,0.19618621468544006,0.007557037752121687,0.0,0.10836459696292877,0.10854387283325195,0.10854387283325195,0.1123521625995636,0.02401703968644142,-1.6333902286280733e-10,0.0,0.0,4.429729461669922,4.429729461669922,1.127303957939148,1.127303957939148,0.4960705637931824,0.0,0.0,0.0,0.0,0.33260029554367065,0.21938887238502502,9.030584806168918e-06,0.9715574979782104,0.5182914733886719,0.2485141009092331,1.092950463294983,1.1497197151184082,1.127303957939148,1.105342984199524,1.285399317741394,0.21504409611225128,0.027515310794115067,1.0,1.8024511337280273,1.7717794179916382,1.8482294082641602,0.0,7.0,0.0,0.0,0.0,0.0,0.0,0.0,,,,,,,,,,,,,,,,,,,,,,0.001
13,4200,train,0.09633858501911163,0.10338176786899567,0.10356465727090836,0.0,0.0052198083139956,0.0052198083139956,0.0,4.495203495025635,1.4999999621068127e-05,0.007499999832361937,0.007499999832361937,0.007499999832361937,0.0001500000071246177,0.0001500000071246177,0.15000000596046448,0.10590583086013794,0.04531288146972656,0.0,0.0,0.0,0.0,0.0,0.0,0.0,0.0,-1.8590246438980103,-1.8590246438980103,1.0,-1.8590246438980103,-1.8590246438980103,-1.8300280570983887,0.0,-4.6561360359191895,1.2862157821655273,1.0,0.10590583086013794,1.0,0.0,0.0,0.10590583086013794,0.0,0.0,0.04531288146972656,0.0,0.34531286358833313,0.15988530218601227,0.04050247743725777,0.7793720960617065,0.5245038270950317,0.0,0.0,0.0,0.0,0.0,0.0,0.0,0.0,1.0,0.0,0.0030914784874767065,0.36006855964660645,0.2039581686258316,0.007362001575529575,0.0,0.10356465727090836,0.10338176786899567,0.10338176786899567,0.10388968884944916,0.016767753288149834,-1.6439419270319888e-10,0.0,0.0,4.271478652954102,4.271478652954102,1.1369638442993164,1.1369638442993164,0.43936049938201904,0.0,0.0,0.0,0.0,0.3453128933906555,0.22385618090629578,0.00015090186207089573,0.9671895503997803,0.5245038270950317,0.258792906999588,1.0898785591125488,1.1641298532485962,1.1369638442993164,1.1472487449645996,1.2862157821655273,0.21559201180934906,0.027528421953320503,1.0,1.8856141567230225,1.8717578649520874,1.8191522359848022,0.0,7.0,0.0,0.0,0.0,0.0,0.0,0.0,,,,,,,,,,,,,,,,,,,,,,0.001
13,4220,train,0.10586294531822205,0.11092652380466461,0.11175376921892166,0.0,0.00587468920275569,0.00587468920275569,0.0,4.490153789520264,1.4999999621068127e-05,0.007499999832361937,0.007499999832361937,0.007499999832361937,0.0001500000071246177,0.0001500000071246177,0.15000000596046448,0.11481964588165283,0.036555588245391846,0.0,0.0,0.0,0.0,0.0,0.0,0.0,0.0,-1.8365637063980103,-1.8365637063980103,1.0,-1.8365637063980103,-1.8365637063980103,-1.8126769065856934,0.0,-4.642996788024902,1.2494999170303345,1.0,0.11481964588165283,1.0,0.0,0.0,0.11481964588165283,0.0,0.0,0.036555588245391846,0.0,0.3365555703639984,0.13888780772686005,0.024157904088497162,0.7987550497055054,0.533021092414856,0.0,0.0,0.0,0.0,0.0,0.0,0.0,0.0,1.0,0.0,0.0027892307844012976,0.37516799569129944,0.19622114300727844,0.007362238597124815,0.0,0.11175376921892166,0.11092652380466461,0.11092652380466461,0.13465504348278046,0.06340944766998291,2.2563918788964799e-10,0.0,0.0,4.4503350257873535,4.450335502624512,1.1232889890670776,1.1232889890670776,0.6048917174339294,0.0,0.0,0.0,0.0,0.3365556001663208,0.20851169526576996,2.3107038941816427e-05,0.9524770379066467,0.533021092414856,0.2276194989681244,1.1059178113937378,1.1432361602783203,1.1232889890670776,1.1054890155792236,1.2494999170303345,0.21150250732898712,0.026852095499634743,1.0,1.8122098445892334,1.8051578998565674,1.7989696264266968,0.0,7.0,0.0,0.0,0.0,0.0,0.0,0.0,,,,,,,,,,,,,,,,,,,,,,0.001
13,4240,train,0.09632978588342667,0.1032966747879982,0.10350015759468079,0.0,0.005665695760399103,0.005665695760399103,0.0,4.500813007354736,1.4999999621068127e-05,0.007499999832361937,0.007499999832361937,0.007499999832361937,0.0001500000071246177,0.0001500000071246177,0.15000000596046448,0.10211147367954254,0.033740729093551636,0.0,0.0,0.0,0.0,0.0,0.0,0.0,0.0,-1.853152871131897,-1.853152871131897,1.0,-1.853152871131897,-1.853152871131897,-1.8170217275619507,0.0,-4.640694618225098,1.2263997793197632,1.0,0.10211147367954254,1.0,0.0,0.0,0.10211147367954254,0.0,0.0,0.033740729093551636,0.0,0.3337407112121582,0.14833538234233856,0.028486084192991257,0.8333110809326172,0.5297162532806396,0.0,0.0,0.0,0.0,0.0,0.0,0.0,0.0,1.0,0.0,0.002733699046075344,0.36790481209754944,0.20361801981925964,0.007276440039277077,0.0,0.10350015759468079,0.1032966747879982,0.1032966747879982,0.1222064197063446,0.055648237466812134,1.0889784213263809e-10,0.0,0.0,4.494165420532227,4.494165420532227,1.1670339107513428,1.1670339107513428,0.5558139681816101,0.0,0.0,0.0,0.0,0.3337407410144806,0.20880968868732452,8.653982513351366e-05,0.9602514505386353,0.5297162532806396,0.22264094650745392,1.1119892597198486,1.1939914226531982,1.1670339107513428,1.1014137268066406,1.2263997793197632,0.21332265436649323,0.027596047148108482,1.0,1.8166543245315552,1.864019751548767,1.8029676675796509,0.0,7.0,0.0,0.0,0.0,0.0,0.0,0.0,,,,,,,,,,,,,,,,,,,,,,0.001
13,4260,train,0.10280610620975494,0.10849377512931824,0.10915285348892212,0.0,0.00529276579618454,0.00529276579618454,0.0,4.484131336212158,1.4999999621068127e-05,0.007499999832361937,0.007499999832361937,0.007499999832361937,0.0001500000071246177,0.0001500000071246177,0.15000000596046448,0.13571873307228088,0.0112152099609375,0.0,0.0,0.0,0.0,0.0,0.0,0.0,0.0,-1.8431495428085327,-1.8431495428085327,1.0,-1.8431495428085327,-1.8431493043899536,-1.8208943605422974,0.0,-4.645341873168945,1.3226057291030884,1.0,0.13571873307228088,1.0,0.0,0.0,0.13571873307228088,0.0,0.0,0.0112152099609375,0.0,0.28878483176231384,0.13176721334457397,0.028972012922167778,0.684175968170166,0.5061648488044739,0.0,0.0,0.0,0.0,0.0,0.0,0.0,0.0,1.0,0.0,0.0033497477415949106,0.3661579489707947,0.19638317823410034,0.007468480616807938,0.0,0.10915285348892212,0.10849377512931824,0.10849377512931824,0.09968879818916321,0.025478094816207886,9.294422002870117e-12,0.0,0.0,4.314275741577148,4.314275741577148,1.1328890323638916,1.1328890323638916,0.4239051342010498,0.0,0.0,0.0,0.0,0.28878480195999146,0.1924290508031845,0.0003496613644529134,0.9267570376396179,0.5061648488044739,0.16125920414924622,1.105334997177124,1.151271104812622,1.1328890323638916,1.1505354642868042,1.3226057291030884,0.22056370973587036,0.027895743027329445,1.0,1.657754898071289,1.7379611730575562,1.7651433944702148,0.0,7.0,0.0,0.0,0.0,0.0,0.0,0.0,,,,,,,,,,,,,,,,,,,,,,0.001
13,4280,train,0.11257906258106232,0.11637524515390396,0.11721514165401459,0.0,0.005548885557800531,0.005548885557800531,0.0,4.491965293884277,1.4999999621068127e-05,0.007499999832361937,0.007499999832361937,0.007499999832361937,0.0001500000071246177,0.0001500000071246177,0.15000000596046448,0.12253579497337341,0.0029690563678741455,0.0,0.0,0.0,0.0,0.0,0.0,0.0,0.0,-1.8244694471359253,-1.8244694471359253,1.0,-1.8244694471359253,-1.8244694471359253,-1.8025054931640625,0.0,-4.601598739624023,1.3209259510040283,1.0,0.12253579497337341,1.0,0.0,0.0,0.12253579497337341,0.0,0.0,0.0029690563678741455,0.0,0.3029690682888031,0.14716565608978271,0.02557322382926941,0.7529586553573608,0.5137423872947693,0.0,0.0,0.0,0.0,0.0,0.0,0.0,0.0,1.0,0.0,0.003913809545338154,0.38075265288352966,0.20358236134052277,0.007421303540468216,0.0,0.11721514165401459,0.11637524515390396,0.11637524515390396,0.11811137944459915,0.0389019176363945,1.9653194349711356e-10,0.0,0.0,4.3775715827941895,4.3775715827941895,1.164820671081543,1.164820671081543,0.5213667154312134,0.0,0.0,0.0,0.0,0.3029690682888031,0.19715465605258942,3.969328827224672e-05,0.9559749960899353,0.5137423872947693,0.17300859093666077,1.1305469274520874,1.1848409175872803,1.164820671081543,1.1692503690719604,1.3209259510040283,0.22050072252750397,0.028021695092320442,1.0,1.8293217420578003,1.8060111999511719,1.843043327331543,0.0,7.0,0.0,0.0,0.0,0.0,0.0,0.0,,,,,,,,,,,,,,,,,,,,,,0.001
13,4300,train,0.09322986751794815,0.10081472247838974,0.10038065910339355,0.0,0.006353669799864292,0.006353669799864292,0.0,4.492161750793457,1.4999999621068127e-05,0.007499999832361937,0.007499999832361937,0.007499999832361937,0.0001500000071246177,0.0001500000071246177,0.15000000596046448,0.12481270730495453,0.017375648021697998,0.0,0.0,0.0,0.0,0.0,0.0,0.0,0.0,-1.8531570434570312,-1.8531570434570312,1.0,-1.8531570434570312,-1.8531572818756104,-1.8200234174728394,0.0,-4.652612209320068,1.3168904781341553,1.0,0.12481270730495453,1.0,0.0,0.0,0.12481270730495453,0.0,0.0,0.017375648021697998,0.0,0.3173755705356598,0.14741337299346924,0.02013476751744747,0.7406834363937378,0.5266639590263367,0.0,0.0,0.0,0.0,0.0,0.0,0.0,0.0,1.0,0.0,-0.00025499562616460025,0.3636144697666168,0.20709118247032166,0.007443133741617203,0.0,0.10038065910339355,0.10081472247838974,0.10081472247838974,0.10683771222829819,0.03640242666006088,3.148377392125923e-11,0.0,0.0,4.403375625610352,4.403375625610352,1.1638729572296143,1.1638729572296143,0.4700879454612732,0.0,0.0,0.0,0.0,0.31737565994262695,0.19860005378723145,3.1328479508374585e-06,0.930011510848999,0.5266639590263367,0.1940716952085495,1.1101549863815308,1.1939586400985718,1.1638729572296143,1.1621893644332886,1.3168904781341553,0.22016049921512604,0.028376273810863495,1.0,1.7742772102355957,1.8015121221542358,1.8166098594665527,0.0,7.0,0.0,0.0,0.0,0.0,0.0,0.0,,,,,,,,,,,,,,,,,,,,,,0.001
13,4320,train,0.08894664794206619,0.09673741459846497,0.09730380773544312,0.0,0.005225233733654022,0.005225233733654022,0.0,4.506134986877441,1.4999999621068127e-05,0.007499999832361937,0.007499999832361937,0.007499999832361937,0.0001500000071246177,0.0001500000071246177,0.15000000596046448,0.10519929975271225,0.010009467601776123,0.0,0.0,0.0,0.0,0.0,0.0,0.0,0.0,-1.8250393867492676,-1.8250393867492676,1.0,-1.8250393867492676,-1.8250393867492676,-1.7955669164657593,0.0,-4.603128433227539,1.318861722946167,1.0,0.10519929975271225,1.0,0.0,0.0,0.10519929975271225,0.0,0.0,0.010009467601776123,0.0,0.2899905741214752,0.14214454591274261,0.020973827689886093,0.7798197269439697,0.5076969861984253,0.0,0.0,0.0,0.0,0.0,0.0,0.0,0.0,1.0,0.0,0.002042987383902073,0.357124388217926,0.21445539593696594,0.007273663301020861,0.0,0.09730380773544312,0.09673741459846497,0.09673741459846497,0.10665241628885269,0.015085157938301563,-3.089227484931456e-10,0.0,0.0,4.43309211730957,4.43309211730957,1.190718412399292,1.190718412399292,0.4720320403575897,0.0,0.0,0.0,0.0,0.28999054431915283,0.19115452468395233,0.00010009034303948283,0.9459767937660217,0.5076969861984253,0.15669424831867218,1.13605797290802,1.222924828529358,1.190718412399292,1.1568936109542847,1.318861722946167,0.22108712792396545,0.02858985774219036,1.0,1.8259589672088623,1.793130874633789,1.8121837377548218,0.0,7.0,0.0,0.0,0.0,0.0,0.0,0.0,,,,,,,,,,,,,,,,,,,,,,0.001
13,4340,train,0.09682001918554306,0.10319344699382782,0.10389235615730286,0.0,0.004625463858246803,0.004625463858246803,0.0,4.494930744171143,1.4999999621068127e-05,0.007499999832361937,0.007499999832361937,0.007499999832361937,0.0001500000071246177,0.0001500000071246177,0.15000000596046448,0.10706712305545807,0.00572475790977478,0.0,0.0,0.0,0.0,0.0,0.0,0.0,0.0,-1.8180619478225708,-1.8180619478225708,1.0,-1.8180619478225708,-1.8180619478225708,-1.7996712923049927,0.0,-4.597423553466797,1.3414396047592163,1.0,0.10706712305545807,1.0,0.0,0.0,0.10706712305545807,0.0,0.0,0.00572475790977478,0.0,0.30572476983070374,0.11395462602376938,0.017001640051603317,0.7603257894515991,0.5300337672233582,0.0,0.0,0.0,0.0,0.0,0.0,0.0,0.0,1.0,0.0,0.004880503751337528,0.3619139492511749,0.20107315480709076,0.007318902760744095,0.0,0.10389235615730286,0.10319344699382782,0.10319344699382782,0.1075633317232132,0.056458480656147,2.500417754791595e-11,0.0,0.0,4.396244049072266,4.396244049072266,1.154530644416809,1.154530644416809,0.47696879506111145,0.0,0.0,0.0,0.0,0.30572476983070374,0.18477699160575867,0.00023491709725931287,0.9472035765647888,0.5300337672233582,0.16106006503105164,1.1235829591751099,1.1760470867156982,1.154530644416809,1.165473461151123,1.3414396047592163,0.22267526388168335,0.02760627493262291,1.0,1.6897919178009033,1.7387975454330444,1.769844651222229,0.0,7.0,0.0,0.0,0.0,0.0,0.0,0.0,,,,,,,,,,,,,,,,,,,,,,0.001
13,4342,train_epoch,0.09863000481339272,0.10489011314993132,0.10525414510490652,0.0,0.0053381479908517025,0.0053381479908517025,0.0,4.489723358325616,1.4999999621068127e-05,0.007499999832361937,0.007499999832361937,0.007499999832361937,0.0001500000071246177,0.0001500000071246177,0.15000000596046448,0.11784325613679286,0.02523976189647606,0.0,0.0,0.0,0.0,0.0,0.0,0.0,0.0,-1.829318854623212,-1.829318854623212,1.0,-1.829318854623212,-1.8293188514109857,-1.7965387584206587,0.0,-4.627438810771097,1.2964381500632463,1.0,0.11784325613679286,1.0,0.0,0.0,0.11784325613679286,0.0,0.0,0.02523976189647606,0.0,0.3157682422392383,0.15339335312921845,0.029102384829391797,0.7900510160865898,0.5005214606038111,0.0,0.0,0.0,0.0,0.0,0.0,0.0,0.0,1.0,0.0,0.00276935832294556,0.3615587234140156,0.20319250600780556,0.007455778518736273,0.0,0.10525414510490652,0.10489011314993132,0.10489011314993132,0.10967057146979663,0.027441705142086496,1.6623163367964853e-12,0.0,0.0,4.327980244231081,4.327980237092801,1.1457645090040331,1.1457645090040331,0.4698013661507361,0.0,0.0,0.0,0.0,0.31576825205437437,0.21861099246554747,0.00014270048827092795,0.9604578341195683,0.5005214606038111,0.21765927127199972,1.0993486143157867,1.176176877792724,1.1457645090040331,1.1441906879761976,1.2964381500632463,0.21584124751612097,0.02753947992547008,1.0,1.827190030120804,1.826920992956904,1.826750028276158,0.0,7.0,0.0,0.0,0.0,0.0,0.0,0.0,,,,,,,,,,,,,,,,,,,,,,0.001
13,4342,val,,,,,,,,,,,,,,,,,,,,,,,,,,,,,,,,,,,,,,,,,,,,,,,,,,,,,,,,,,,,,,,,,,,,,,,,,,,,,,,,,,,,,,,,,,,,,,,,,,,,,,,,,,,59.38115685326712,10046.152858189174,100.23049864282416,107.34792394297463,32.49035855701992,14.92556225827762,24.082957181697388,10.089202851057053,6.891698739358357,15.885075739451818,26.054841022116772,11.042010975735527,7.396208435297012,133.59350742612565,159.7525143066235,280.3263580458505,78.6586012499673,59.38115685326712,100.23049864282416,107.34792394297463,32.49035855701992,0.001
13,4342,test,,,,,,,,,,,,,,,,,,,,,,,,,,,,,,,,,,,,,,,,,,,,,,,,,,,,,,,,,,,,,,,,,,,,,,,,,,,,,,,,,,,,,,,,,,,,,,,,,,,,,,,,,,,65.32994985580444,11284.577453613281,106.22889180262251,100.57211450168064,36.245907715388704,18.619040157113755,28.51962117541041,14.368749350309372,8.731042781046458,24.809404288019454,37.856358843137045,21.672733243022645,11.546655416488647,141.0935801097325,169.07552707909298,257.1452708244324,84.94170212745667,65.32994985580444,106.22889180262251,100.57211450168064,36.245907715388704,0.001
14,4360,train,0.10462453961372375,0.11760091036558151,0.11675029993057251,0.0,0.005445506889373064,0.005445506889373064,0.0,4.497182369232178,1.9999999494757503e-05,0.009999999776482582,0.009999999776482582,0.009999999776482582,0.00019999999494757503,0.00019999999494757503,0.20000000298023224,0.11258839070796967,0.043462902307510376,0.0,0.0,0.0,0.0,0.0,0.0,0.0,0.0,-1.825102686882019,-1.825102686882019,1.0,-1.825102686882019,-1.825102686882019,-1.809979796409607,0.0,-4.638919830322266,1.328536868095398,1.0,0.11258839070796967,1.0,0.0,0.0,0.11258839070796967,0.0,0.0,0.043462902307510376,0.0,0.34346291422843933,0.14555339515209198,0.03193498030304909,0.7884955406188965,0.5477515459060669,0.0,0.0,0.0,0.0,0.0,0.0,0.0,0.0,1.0,0.0,0.0050636837258934975,0.34189459681510925,0.2069912701845169,0.0073386793956160545,0.0,0.11675029993057251,0.11760091036558151,0.11760091036558151,0.11199197173118591,0.035582493990659714,-8.726776246081869e-11,0.0,0.0,4.491316318511963,4.491316318511963,1.2067807912826538,1.2067807912826538,0.5060201287269592,0.0,0.0,0.0,0.0,0.34346291422843933,0.19988036155700684,0.0005071026389487088,0.9375389218330383,0.5477515459060669,0.23820467293262482,1.1693387031555176,1.2292457818984985,1.2067807912826538,1.1908397674560547,1.328536868095398,0.2797785997390747,0.03185674920678139,1.0,1.7541697025299072,1.8452218770980835,1.8273506164550781,0.0,8.0,0.0,0.0,0.0,0.0,0.0,0.0,,,,,,,,,,,,,,,,,,,,,,0.001
14,4380,train,0.08834630250930786,0.1038658618927002,0.10374071449041367,0.0,0.005101046059280634,0.005101046059280634,0.0,4.498134136199951,1.9999999494757503e-05,0.009999999776482582,0.009999999776482582,0.009999999776482582,0.00019999999494757503,0.00019999999494757503,0.20000000298023224,0.1231183260679245,0.03639185428619385,0.0,0.0,0.0,0.0,0.0,0.0,0.0,0.0,-1.8220294713974,-1.8220294713974,1.0,-1.8220294713974,-1.8220292329788208,-1.7818212509155273,0.0,-4.621087551116943,1.3952850103378296,1.0,0.1231183260679245,1.0,0.0,0.0,0.1231183260679245,0.0,0.0,0.03639185428619385,0.0,0.3363918662071228,0.1418578326702118,0.032073475420475006,0.7197297811508179,0.5400242805480957,0.0,0.0,0.0,0.0,0.0,0.0,0.0,0.0,1.0,0.0,0.00520050385966897,0.36386093497276306,0.2131340205669403,0.007406206335872412,0.0,0.10374071449041367,0.1038658618927002,0.1038658618927002,0.10891987383365631,0.032335054129362106,2.053129020962441e-11,0.0,0.0,4.2349677085876465,4.2349677085876465,1.2122009992599487,1.2122009992599487,0.46811485290527344,0.0,0.0,0.0,0.0,0.3363918662071228,0.20092074573040009,0.00024295518232975155,0.9459603428840637,0.5400242805480957,0.2293505072593689,1.1378765106201172,1.2585381269454956,1.2122009992599487,1.183379054069519,1.3952850103378296,0.27780160307884216,0.03208620101213455,1.0,1.7909910678863525,1.7721017599105835,1.820465087890625,0.0,8.0,0.0,0.0,0.0,0.0,0.0,0.0,,,,,,,,,,,,,,,,,,,,,,0.001
14,4400,train,0.09851130843162537,0.11250127106904984,0.112943135201931,0.0,0.005870711989700794,0.005870711989700794,0.0,4.49934196472168,1.9999999494757503e-05,0.009999999776482582,0.009999999776482582,0.009999999776482582,0.00019999999494757503,0.00019999999494757503,0.20000000298023224,0.12643057107925415,0.021445006132125854,0.0,0.0,0.0,0.0,0.0,0.0,0.0,0.0,-1.837843656539917,-1.837843656539917,1.0,-1.837843656539917,-1.837843418121338,-1.8105871677398682,0.0,-4.635087966918945,1.385230541229248,1.0,0.12643057107925415,1.0,0.0,0.0,0.12643057107925415,0.0,0.0,0.021445006132125854,0.0,0.2785549759864807,0.12603409588336945,0.05630370229482651,0.649958610534668,0.5047033429145813,0.0,0.0,0.0,0.0,0.0,0.0,0.0,0.0,1.0,0.0,0.0031261902768164873,0.3412840664386749,0.2113780826330185,0.007385267410427332,0.0,0.112943135201931,0.11250127106904984,0.11250127106904984,0.11788982152938843,0.0065787723287940025,-1.765716739487999e-10,0.0,0.0,4.171717643737793,4.171717643737793,1.1887136697769165,1.1887136697769165,0.4964625835418701,0.0,0.0,0.0,0.0,0.2785550057888031,0.1817469596862793,0.00023162190336734056,0.8978278040885925,0.5047033429145813,0.1398131251335144,1.134777545928955,1.2154514789581299,1.1887136697769165,1.1958321332931519,1.385230541229248,0.26979851722717285,0.031496576964855194,1.0,1.7677372694015503,1.7427247762680054,1.767319679260254,0.0,8.0,0.0,0.0,0.0,0.0,0.0,0.0,,,,,,,,,,,,,,,,,,,,,,0.001
14,4420,train,0.09447547793388367,0.10917916893959045,0.10994820296764374,0.0,0.005630320869386196,0.005630320869386196,0.0,4.49793815612793,1.9999999494757503e-05,0.009999999776482582,0.009999999776482582,0.009999999776482582,0.00019999999494757503,0.00019999999494757503,0.20000000298023224,0.10334749519824982,0.009517014026641846,0.0,0.0,0.0,0.0,0.0,0.0,0.0,0.0,-1.8431079387664795,-1.8431079387664795,1.0,-1.8431079387664795,-1.843108057975769,-1.8249095678329468,0.0,-4.665834903717041,1.3337085247039795,1.0,0.10334749519824982,1.0,0.0,0.0,0.10334749519824982,0.0,0.0,0.009517014026641846,0.0,0.3095169961452484,0.12689033150672913,0.03686956316232681,0.6935917735099792,0.535862386226654,0.0,0.0,0.0,0.0,0.0,0.0,0.0,0.0,1.0,0.0,0.004683404229581356,0.3665797710418701,0.204783633351326,0.0073293885216116905,0.0,0.10994820296764374,0.10917916893959045,0.10917916893959045,0.11926402151584625,0.031987909227609634,-2.2911225694421944e-10,0.0,0.0,4.330192565917969,4.330192565917969,1.1618690490722656,1.1618690490722656,0.5092066526412964,0.0,0.0,0.0,0.0,0.3095170259475708,0.18141017854213715,1.3394454072113149e-05,0.9012277722358704,0.535862386226654,0.16274510324001312,1.1226881742477417,1.1831684112548828,1.1618690490722656,1.18860924243927,1.3337085247039795,0.26335692405700684,0.030472764745354652,1.0,1.677356243133545,1.7214692831039429,1.7212388515472412,0.0,8.0,0.0,0.0,0.0,0.0,0.0,0.0,,,,,,,,,,,,,,,,,,,,,,0.001
14,4440,train,0.09958942234516144,0.11396199464797974,0.11434579640626907,0.0,0.005136942025274038,0.005136942025274038,0.0,4.492602348327637,1.9999999494757503e-05,0.009999999776482582,0.009999999776482582,0.009999999776482582,0.00019999999494757503,0.00019999999494757503,0.20000000298023224,0.11349280178546906,0.000387340784072876,0.0,0.0,0.0,0.0,0.0,0.0,0.0,0.0,-1.870286464691162,-1.870286464691162,1.0,-1.870286464691162,-1.870286464691162,-1.8402198553085327,0.0,-4.696499347686768,1.32338285446167,1.0,0.11349280178546906,1.0,0.0,0.0,0.11349280178546906,0.0,0.0,0.000387340784072876,0.0,0.2996126711368561,0.11849695444107056,0.05823748558759689,0.7020148038864136,0.5366042256355286,0.0,0.0,0.0,0.0,0.0,0.0,0.0,0.0,1.0,0.0,0.004343921318650246,0.3512665331363678,0.21008756756782532,0.007474367972463369,0.0,0.11434579640626907,0.11396199464797974,0.11396199464797974,0.11304925382137299,-0.006731841247528791,-2.1722665333179236e-10,0.0,0.0,4.21946907043457,4.21946907043457,1.1969528198242188,1.1969528198242188,0.4691111147403717,0.0,0.0,0.0,0.0,0.2996126711368561,0.1711467057466507,3.8412781577790156e-05,0.9224542379379272,0.5366042256355286,0.13518689572811127,1.1294126510620117,1.2332600355148315,1.1969528198242188,1.1566625833511353,1.32338285446167,0.264019638299942,0.030807260423898697,1.0,1.7468223571777344,1.7314777374267578,1.758887767791748,0.0,8.0,0.0,0.0,0.0,0.0,0.0,0.0,,,,,,,,,,,,,,,,,,,,,,0.001
14,4460,train,0.08470314741134644,0.10143028944730759,0.10197874903678894,0.0,0.005088825710117817,0.005088825710117817,0.0,4.488763332366943,1.9999999494757503e-05,0.009999999776482582,0.009999999776482582,0.009999999776482582,0.00019999999494757503,0.00019999999494757503,0.20000000298023224,0.10434402525424957,0.026293247938156128,0.0,0.0,0.0,0.0,0.0,0.0,0.0,0.0,-1.8644840717315674,-1.8644840717315674,1.0,-1.8644840717315674,-1.8644840717315674,-1.8499432802200317,0.0,-4.698295593261719,1.284761905670166,1.0,0.10434402525424957,1.0,0.0,0.0,0.10434402525424957,0.0,0.0,0.026293247938156128,0.0,0.32629328966140747,0.13520176708698273,0.05330844223499298,0.7110640406608582,0.5433993935585022,0.0,0.0,0.0,0.0,0.0,0.0,0.0,0.0,1.0,0.0,0.0029840595088899136,0.34774845838546753,0.20412571728229523,0.0074444361962378025,0.0,0.10197874903678894,0.10143028944730759,0.10143028944730759,0.10078192502260208,0.029037123546004295,-2.597695392125843e-10,0.0,0.0,4.446287155151367,4.446287155151367,1.1678704023361206,1.1678704023361206,0.44010108709335327,0.0,0.0,0.0,0.0,0.3262932598590851,0.18998190760612488,0.0003103476483374834,0.9190953373908997,0.5433993935585022,0.2024356722831726,1.1382038593292236,1.1859489679336548,1.1678704023361206,1.1653085947036743,1.284761905670166,0.25966185331344604,0.02997528575360775,1.0,1.7360246181488037,1.764560580253601,1.7382339239120483,0.0,8.0,0.0,0.0,0.0,0.0,0.0,0.0,,,,,,,,,,,,,,,,,,,,,,0.001
14,4480,train,0.08716760575771332,0.10264984518289566,0.10314144939184189,0.0,0.005536728538572788,0.005536728538572788,0.0,4.49737024307251,1.9999999494757503e-05,0.009999999776482582,0.009999999776482582,0.009999999776482582,0.00019999999494757503,0.00019999999494757503,0.20000000298023224,0.09230359643697739,0.012845665216445923,0.0,0.0,0.0,0.0,0.0,0.0,0.0,0.0,-1.813843846321106,-1.813843846321106,1.0,-1.813843846321106,-1.813843846321106,-1.786427617073059,0.0,-4.585244655609131,1.3716961145401,1.0,0.09230359643697739,1.0,0.0,0.0,0.09230359643697739,0.0,0.0,0.012845665216445923,0.0,0.28715434670448303,0.13794220983982086,0.020199719816446304,0.7073589563369751,0.5129174590110779,0.0,0.0,0.0,0.0,0.0,0.0,0.0,0.0,1.0,0.0,0.0023551660124212503,0.3656459450721741,0.21108178794384003,0.007385633885860443,0.0,0.10314144939184189,0.10264984518289566,0.10264984518289566,0.10235009342432022,0.033526353538036346,-3.8218900266784317e-10,0.0,0.0,4.334591388702393,4.334591388702393,1.1947189569473267,1.1947189569473267,0.4464593529701233,0.0,0.0,0.0,0.0,0.28715434670448303,0.1843254417181015,0.0013771841768175364,0.9390941858291626,0.5129174590110779,0.15200674533843994,1.1487005949020386,1.222598671913147,1.1947189569473267,1.2139456272125244,1.3716961145401,0.2551046311855316,0.029921986162662506,1.0,1.7510857582092285,1.7539069652557373,1.8018476963043213,0.0,8.0,0.0,0.0,0.0,0.0,0.0,0.0,,,,,,,,,,,,,,,,,,,,,,0.001
14,4500,train,0.08216022700071335,0.09862776100635529,0.09895679354667664,0.0,0.005344698671251535,0.005344698671251535,0.0,4.5020527839660645,1.9999999494757503e-05,0.009999999776482582,0.009999999776482582,0.009999999776482582,0.00019999999494757503,0.00019999999494757503,0.20000000298023224,0.09432727098464966,0.007565021514892578,0.0,0.0,0.0,0.0,0.0,0.0,0.0,0.0,-1.8211379051208496,-1.8211379051208496,1.0,-1.8211379051208496,-1.8211379051208496,-1.8014235496520996,0.0,-4.619417190551758,1.373774528503418,1.0,0.09432727098464966,1.0,0.0,0.0,0.09432727098464966,0.0,0.0,0.007565021514892578,0.0,0.30756503343582153,0.11840369552373886,0.06445524096488953,0.7042373418807983,0.542961597442627,0.0,0.0,0.0,0.0,0.0,0.0,0.0,0.0,1.0,0.0,0.0028116044122725725,0.355236291885376,0.21295298635959625,0.007304621860384941,0.0,0.09895679354667664,0.09862776100635529,0.09862776100635529,0.11257972568273544,0.06142151728272438,4.6394308533814765e-11,0.0,0.0,4.273008346557617,4.273008823394775,1.2088030576705933,1.2088030576705933,0.48830828070640564,0.0,0.0,0.0,0.0,0.30756503343582153,0.17218627035617828,0.00037184637039899826,0.9117724895477295,0.542961597442627,0.1448989063501358,1.168919324874878,1.2318168878555298,1.2088030576705933,1.2211202383041382,1.373774528503418,0.26074299216270447,0.030598049983382225,1.0,1.8012741804122925,1.7519153356552124,1.7499678134918213,0.0,8.0,0.0,0.0,0.0,0.0,0.0,0.0,,,,,,,,,,,,,,,,,,,,,,0.001
14,4520,train,0.09018617868423462,0.10618508607149124,0.1067722961306572,0.0,0.005910975858569145,0.005910975858569145,0.0,4.490278720855713,1.9999999494757503e-05,0.009999999776482582,0.009999999776482582,0.009999999776482582,0.00019999999494757503,0.00019999999494757503,0.20000000298023224,0.10392220318317413,0.03540608286857605,0.0,0.0,0.0,0.0,0.0,0.0,0.0,0.0,-1.8765076398849487,-1.8765076398849487,1.0,-1.8765076398849487,-1.8765079975128174,-1.8437349796295166,0.0,-4.732888221740723,1.3078776597976685,1.0,0.10392220318317413,1.0,0.0,0.0,0.10392220318317413,0.0,0.0,0.03540608286857605,0.0,0.3354060649871826,0.13321959972381592,0.03439975529909134,0.7784237861633301,0.5575048327445984,0.0,0.0,0.0,0.0,0.0,0.0,0.0,0.0,1.0,0.0,0.0009045078186318278,0.353462278842926,0.20838166773319244,0.0074674515053629875,0.0,0.1067722961306572,0.10618508607149124,0.10618508607149124,0.11540049314498901,0.03128260374069214,-2.911138829997384e-10,0.0,0.0,4.387738227844238,4.387738227844238,1.2125701904296875,1.2125701904296875,0.5061435103416443,0.0,0.0,0.0,0.0,0.335406094789505,0.18318906426429749,0.0011748854303732514,0.9111611843109131,0.5575048327445984,0.19060969352722168,1.1534448862075806,1.2416483163833618,1.2125701904296875,1.1807644367218018,1.3078776597976685,0.2613438367843628,0.030583512037992477,1.0,1.5990136861801147,1.6463998556137085,1.6777470111846924,0.0,8.0,0.0,0.0,0.0,0.0,0.0,0.0,,,,,,,,,,,,,,,,,,,,,,0.001
14,4540,train,0.10410651564598083,0.11788090318441391,0.1184048280119896,0.0,0.00494900718331337,0.00494900718331337,0.0,4.492981910705566,1.9999999494757503e-05,0.009999999776482582,0.009999999776482582,0.009999999776482582,0.00019999999494757503,0.00019999999494757503,0.20000000298023224,0.11559745669364929,0.009456336498260498,0.0,0.0,0.0,0.0,0.0,0.0,0.0,0.0,-1.8809852600097656,-1.8809852600097656,1.0,-1.8809852600097656,-1.8809850215911865,-1.8563469648361206,0.0,-4.727697372436523,1.2806211709976196,1.0,0.11559745669364929,1.0,0.0,0.0,0.11559745669364929,0.0,0.0,0.009456336498260498,0.0,0.30945631861686707,0.10375022888183594,0.04615411162376404,0.6570099592208862,0.5483320951461792,0.0,0.0,0.0,0.0,0.0,0.0,0.0,0.0,1.0,0.0,0.004652447532862425,0.35573095083236694,0.20261041820049286,0.007398494053632021,0.0,0.1184048280119896,0.11788090318441391,0.11788090318441391,0.11283742636442184,0.04563859850168228,-6.970895388702658e-11,0.0,0.0,4.386943817138672,4.386943817138672,1.1514970064163208,1.1514970064163208,0.485047847032547,0.0,0.0,0.0,0.0,0.30945634841918945,0.16715359687805176,0.0001854726142482832,0.8778468370437622,0.5483320951461792,0.1432904452085495,1.108035683631897,1.1800050735473633,1.1514970064163208,1.148940920829773,1.2806211709976196,0.2599473297595978,0.03050888702273369,1.0,1.8001067638397217,1.7280266284942627,1.7254514694213867,0.0,8.0,0.0,0.0,0.0,0.0,0.0,0.0,,,,,,,,,,,,,,,,,,,,,,0.001
14,4560,train,0.09801957756280899,0.11160675436258316,0.11219215393066406,0.0,0.004668467212468386,0.004668467212468386,0.0,4.4995951652526855,1.9999999494757503e-05,0.009999999776482582,0.009999999776482582,0.009999999776482582,0.00019999999494757503,0.00019999999494757503,0.20000000298023224,0.10162945836782455,0.005802333354949951,0.0,0.0,0.0,0.0,0.0,0.0,0.0,0.0,-1.8091884851455688,-1.8091884851455688,1.0,-1.8091884851455688,-1.8091884851455688,-1.786763310432434,0.0,-4.594393730163574,1.3614810705184937,1.0,0.10162945836782455,1.0,0.0,0.0,0.10162945836782455,0.0,0.0,0.005802333354949951,0.0,0.2941976487636566,0.10228059440851212,0.03578485548496246,0.7205482721328735,0.5413398146629333,0.0,0.0,0.0,0.0,0.0,0.0,0.0,0.0,1.0,0.0,0.005998725071549416,0.37048211693763733,0.20571859180927277,0.007286413107067347,0.0,0.11219215393066406,0.11160675436258316,0.11160675436258316,0.1205565333366394,0.04011734947562218,1.50661289000098e-11,0.0,0.0,4.487814426422119,4.487814426422119,1.1688207387924194,1.1688207387924194,0.5490191578865051,0.0,0.0,0.0,0.0,0.294197678565979,0.15759533643722534,2.7972953830612823e-05,0.9123954176902771,0.5413398146629333,0.10611213743686676,1.1367716789245605,1.1902514696121216,1.1688207387924194,1.1894633769989014,1.3614810705184937,0.25426942110061646,0.030177166685461998,1.0,1.8076939582824707,1.7473987340927124,1.7966234683990479,0.0,8.0,0.0,0.0,0.0,0.0,0.0,0.0,,,,,,,,,,,,,,,,,,,,,,0.001
14,4580,train,0.09935270994901657,0.11370864510536194,0.11346527189016342,0.0,0.005131185054779053,0.005131185054779053,0.0,4.49116325378418,1.9999999494757503e-05,0.009999999776482582,0.009999999776482582,0.009999999776482582,0.00019999999494757503,0.00019999999494757503,0.20000000298023224,0.10264647006988525,0.026111751794815063,0.0,0.0,0.0,0.0,0.0,0.0,0.0,0.0,-1.8607935905456543,-1.8607935905456543,1.0,-1.8607935905456543,-1.8607933521270752,-1.8371453285217285,0.0,-4.671679973602295,1.2976453304290771,1.0,0.10264647006988525,1.0,0.0,0.0,0.10264647006988525,0.0,0.0,0.026111751794815063,0.0,0.32611173391342163,0.1183973178267479,0.029165778309106827,0.6720007658004761,0.5595648288726807,0.0,0.0,0.0,0.0,0.0,0.0,0.0,0.0,1.0,0.0,0.002962992526590824,0.36085188388824463,0.19981256127357483,0.007384988944977522,0.0,0.11346527189016342,0.11370864510536194,0.11370864510536194,0.10141438245773315,0.041816409677267075,-2.331783377496066e-10,0.0,0.0,4.621940612792969,4.621940612792969,1.13532292842865,1.13532292842865,0.4743024706840515,0.0,0.0,0.0,0.0,0.326111763715744,0.17184224724769592,0.0001747033529682085,0.8983277678489685,0.5595648288726807,0.17089462280273438,1.1036261320114136,1.1557204723358154,1.13532292842865,1.1382548809051514,1.2976453304290771,0.2561505436897278,0.030205104500055313,1.0,1.7536027431488037,1.7239394187927246,1.7270302772521973,0.0,8.0,0.0,0.0,0.0,0.0,0.0,0.0,,,,,,,,,,,,,,,,,,,,,,0.001
14,4600,train,0.08449207991361618,0.10026530176401138,0.10061609745025635,0.0,0.004755252040922642,0.004755252040922642,0.0,4.506346225738525,1.9999999494757503e-05,0.009999999776482582,0.009999999776482582,0.009999999776482582,0.00019999999494757503,0.00019999999494757503,0.20000000298023224,0.08054646849632263,0.006703674793243408,0.0,0.0,0.0,0.0,0.0,0.0,0.0,0.0,-1.8025789260864258,-1.8025789260864258,1.0,-1.8025789260864258,-1.8025791645050049,-1.7691359519958496,0.0,-4.586049556732178,1.3756612539291382,1.0,0.08054646849632263,1.0,0.0,0.0,0.08054646849632263,0.0,0.0,0.006703674793243408,0.0,0.29329633712768555,0.12717945873737335,0.02162652276456356,0.684243381023407,0.5252078175544739,0.0,0.0,0.0,0.0,0.0,0.0,0.0,0.0,1.0,0.0,0.0037234078627079725,0.37298065423965454,0.21822616457939148,0.0072931251488626,0.0,0.10061609745025635,0.10026530176401138,0.10026530176401138,0.11640160530805588,0.03334536775946617,-6.239352090542383e-11,0.0,0.0,4.443121910095215,4.443121910095215,1.23715341091156,1.23715341091156,0.5293487906455994,0.0,0.0,0.0,0.0,0.29329633712768555,0.17547357082366943,0.00022427304065786302,0.8949939012527466,0.5252078175544739,0.13883273303508759,1.1614469289779663,1.2681944370269775,1.23715341091156,1.2143619060516357,1.3756612539291382,0.25243768095970154,0.030265983194112778,1.0,1.9008041620254517,1.748215913772583,1.7314187288284302,0.0,8.0,0.0,0.0,0.0,0.0,0.0,0.0,,,,,,,,,,,,,,,,,,,,,,0.001
14,4620,train,0.0863458439707756,0.10244019329547882,0.10249530524015427,0.0,0.005712027661502361,0.005712027661502361,0.0,4.502801418304443,1.9999999494757503e-05,0.009999999776482582,0.009999999776482582,0.009999999776482582,0.00019999999494757503,0.00019999999494757503,0.20000000298023224,0.1095777153968811,0.010338664054870605,0.0,0.0,0.0,0.0,0.0,0.0,0.0,0.0,-1.8382288217544556,-1.8382288217544556,1.0,-1.8382288217544556,-1.838228702545166,-1.8178993463516235,0.0,-4.647772789001465,1.42157781124115,1.0,0.1095777153968811,1.0,0.0,0.0,0.1095777153968811,0.0,0.0,0.010338664054870605,0.0,0.28966131806373596,0.1129893884062767,0.05573631823062897,0.6902575492858887,0.5380840301513672,0.0,0.0,0.0,0.0,0.0,0.0,0.0,0.0,1.0,0.0,0.0024973589461296797,0.3659185469150543,0.21602454781532288,0.007354017347097397,0.0,0.10249530524015427,0.10244019329547882,0.10244019329547882,0.12146268784999847,-0.005377540830522776,-1.0356273477674094e-10,0.0,0.0,4.427102565765381,4.427102565765381,1.227020263671875,1.227020263671875,0.5296770930290222,0.0,0.0,0.0,0.0,0.28966134786605835,0.15799720585346222,6.847541953902692e-05,0.8788861632347107,0.5380840301513672,0.10932905226945877,1.1688605546951294,1.2576889991760254,1.227020263671875,1.2328264713287354,1.42157781124115,0.2607286274433136,0.03155696019530296,1.0,1.8285582065582275,1.7289670705795288,1.741542100906372,0.0,8.0,0.0,0.0,0.0,0.0,0.0,0.0,,,,,,,,,,,,,,,,,,,,,,0.001
14,4640,train,0.08962243795394897,0.10438675433397293,0.1047804206609726,0.0,0.005137850996106863,0.005137850996106863,0.0,4.514758110046387,1.9999999494757503e-05,0.009999999776482582,0.009999999776482582,0.009999999776482582,0.00019999999494757503,0.00019999999494757503,0.20000000298023224,0.10552151501178741,0.019358426332473755,0.0,0.0,0.0,0.0,0.0,0.0,0.0,0.0,-1.7943536043167114,-1.7943536043167114,1.0,-1.7943536043167114,-1.7943536043167114,-1.7694414854049683,0.0,-4.570291996002197,1.4725359678268433,1.0,0.10552151501178741,1.0,0.0,0.0,0.10552151501178741,0.0,0.0,0.019358426332473755,0.0,0.2806415855884552,0.10739845037460327,0.04315795749425888,0.6627061367034912,0.5311965942382812,0.0,0.0,0.0,0.0,0.0,0.0,0.0,0.0,1.0,0.0,0.0035303859040141106,0.3700437843799591,0.21939857304096222,0.007211325690150261,0.0,0.1047804206609726,0.10438675433397293,0.10438675433397293,0.11373364925384521,0.02153358794748783,1.4705248130297832e-10,0.0,0.0,4.417391777038574,4.417391777038574,1.2359716892242432,1.2359716892242432,0.5072869658470154,0.0,0.0,0.0,0.0,0.2806415855884552,0.15451563894748688,0.0013580310624092817,0.8575108051300049,0.5311965942382812,0.09572611004114151,1.1688110828399658,1.2641092538833618,1.2359716892242432,1.2318165302276611,1.4725359678268433,0.2605665624141693,0.031585175544023514,1.0,1.7964725494384766,1.7759774923324585,1.7641513347625732,0.0,8.0,0.0,0.0,0.0,0.0,0.0,0.0,,,,,,,,,,,,,,,,,,,,,,0.001
14,4660,train,0.071086086332798,0.08915268629789352,0.08961179107427597,0.0,0.0048604728654026985,0.0048604728654026985,0.0,4.495481491088867,1.9999999494757503e-05,0.009999999776482582,0.009999999776482582,0.009999999776482582,0.00019999999494757503,0.00019999999494757503,0.20000000298023224,0.0922984927892685,0.0075165629386901855,0.0,0.0,0.0,0.0,0.0,0.0,0.0,0.0,-1.8073718547821045,-1.8073718547821045,1.0,-1.8073718547821045,-1.807371973991394,-1.792304277420044,0.0,-4.61578893661499,1.4135472774505615,1.0,0.0922984927892685,1.0,0.0,0.0,0.0922984927892685,0.0,0.0,0.0075165629386901855,0.0,0.30751657485961914,0.10462713986635208,0.07845592498779297,0.6446229815483093,0.55890291929245,0.0,0.0,0.0,0.0,0.0,0.0,0.0,0.0,1.0,0.0,0.0023308342788368464,0.36516207456588745,0.216152623295784,0.007452949415892363,0.0,0.08961179107427597,0.08915268629789352,0.08915268629789352,0.09751883149147034,0.024093694984912872,-6.091127493883242e-13,0.0,0.0,4.3570990562438965,4.3570990562438965,1.2285969257354736,1.2285969257354736,0.4284393787384033,0.0,0.0,0.0,0.0,0.30751657485961914,0.15302173793315887,0.0013882700586691499,0.8769773840904236,0.55890291929245,0.11969976127147675,1.1659657955169678,1.2589452266693115,1.2285969257354736,1.2410632371902466,1.4135472774505615,0.25937825441360474,0.031434718519449234,1.0,1.7321820259094238,1.697036623954773,1.7803220748901367,0.0,8.0,0.0,0.0,0.0,0.0,0.0,0.0,,,,,,,,,,,,,,,,,,,,,,0.001
14,4676,train_epoch,0.09271839142827216,0.1077248088703184,0.1081117730431571,0.0,0.005425474158917626,0.005425474158917626,0.0,4.4991273637303335,1.9999999494757503e-05,0.009999999776482582,0.009999999776482582,0.009999999776482582,0.00019999999494757503,0.00019999999494757503,0.20000000298023224,0.10332127517747308,0.015264132957972453,0.0,0.0,0.0,0.0,0.0,0.0,0.0,0.0,-1.8398363907893975,-1.8398363907893975,1.0,-1.8398363907893975,-1.8398363932877957,-1.8148242399364174,0.0,-4.653996646047353,1.3522747540902236,1.0,0.10332127517747308,1.0,0.0,0.0,0.10332127517747308,0.0,0.0,0.015264132957972453,0.0,0.30266365703351483,0.11945211728979013,0.04239844701191533,0.6973490295652858,0.5368492360600454,0.0,0.0,0.0,0.0,0.0,0.0,0.0,0.0,1.0,0.0,0.0029375009985878006,0.3607031207777069,0.20999144829675823,0.007346105640531032,0.0,0.1081117730431571,0.1077248088703184,0.1077248088703184,0.1122740462957742,0.02850383698229913,-3.031085278141613e-12,0.0,0.0,4.378325710753481,4.378325710753481,1.194219551043596,1.194219551043596,0.4925910544074224,0.0,0.0,0.0,0.0,0.30266366426102415,0.17224002852589784,0.0004289458109107596,0.909258114720533,0.5368492360600454,0.14382770247088222,1.1448955667946867,1.2208911259017305,1.194219551043596,1.1923028758899894,1.3522747540902236,0.2600736392740004,0.030779665347166404,1.0,1.735150922915179,1.7362690553693714,1.7364415458576408,0.0,8.0,0.0,0.0,0.0,0.0,0.0,0.0,,,,,,,,,,,,,,,,,,,,,,0.001
14,4676,val,,,,,,,,,,,,,,,,,,,,,,,,,,,,,,,,,,,,,,,,,,,,,,,,,,,,,,,,,,,,,,,,,,,,,,,,,,,,,,,,,,,,,,,,,,,,,,,,,,,,,,,,,,,53.04451387269156,8833.342921665737,93.98586554192995,92.6169377735683,28.694503120013646,15.174522978918892,24.035413399482948,12.04664443220411,7.008916905948094,16.047664467777526,25.889410646067738,12.300412608044487,7.418287741286414,134.1041374206543,160.3544516987843,279.545270715441,78.6545216696603,53.04451387269156,93.98586554192995,92.6169377735683,28.694503120013646,0.001
14,4676,test,,,,,,,,,,,,,,,,,,,,,,,,,,,,,,,,,,,,,,,,,,,,,,,,,,,,,,,,,,,,,,,,,,,,,,,,,,,,,,,,,,,,,,,,,,,,,,,,,,,,,,,,,,,59.72838820729937,9974.689701625279,99.87336833022745,89.55119781834739,32.699783137866426,20.44726094177791,30.6365259796452,19.005645641258784,9.583251799855914,25.350806491715566,38.30562046704646,24.010465017386846,11.860018185206822,141.32536268234253,169.2846837854551,255.93079818998064,84.82402450697762,59.72838820729937,99.87336833022745,89.55119781834739,32.699783137866426,0.001
15,4680,train,0.08298005908727646,0.10843729972839355,0.1084587350487709,0.0,0.005570287350565195,0.005570287350565195,0.0,4.493682384490967,2.499999936844688e-05,0.012500000186264515,0.012500000186264515,0.012500000186264515,0.0002500000118743628,0.0002500000118743628,0.25,0.09495198726654053,0.04624241590499878,0.0,0.0,0.0,0.0,0.0,0.0,0.0,0.0,-1.8946497440338135,-1.8946497440338135,1.0,-1.8946497440338135,-1.8946497440338135,-1.876828908920288,0.0,-4.755345821380615,1.2412166595458984,1.0,0.09495198726654053,1.0,0.0,0.0,0.09495198726654053,0.0,0.0,0.04624241590499878,0.0,0.34624242782592773,0.12760122120380402,0.04354816675186157,0.7539663314819336,0.572030246257782,0.0,0.0,0.0,0.0,0.0,0.0,0.0,0.0,1.0,0.0,0.00016877669258974493,0.34792351722717285,0.19835475087165833,0.007347555365413427,0.0,0.1084587350487709,0.10843729972839355,0.10843729972839355,0.10904698073863983,0.020707273855805397,-3.983421925646269e-11,0.0,0.0,4.434726715087891,4.434726715087891,1.1496127843856812,1.1496127843856812,0.47366073727607727,0.0,0.0,0.0,0.0,0.34624242782592773,0.17622750997543335,0.00019224344578105956,0.9386380314826965,0.572030246257782,0.20323224365711212,1.1364847421646118,1.163625955581665,1.1496127843856812,1.1406199932098389,1.2412166595458984,0.25743746757507324,0.030735546723008156,1.0,1.7536044120788574,1.7434797286987305,1.7548155784606934,0.0,8.0,0.0,0.0,0.0,0.0,0.0,0.0,,,,,,,,,,,,,,,,,,,,,,0.001
15,4700,train,0.08407963812351227,0.10784515738487244,0.10823063552379608,0.0,0.004506363533437252,0.004506363533437252,0.0,4.5026984214782715,2.499999936844688e-05,0.012500000186264515,0.012500000186264515,0.012500000186264515,0.0002500000118743628,0.0002500000118743628,0.25,0.09732289612293243,0.007064491510391235,0.0,0.0,0.0,0.0,0.0,0.0,0.0,0.0,-1.8242658376693726,-1.8242658376693726,1.0,-1.8242658376693726,-1.8242658376693726,-1.8052258491516113,0.0,-4.642030715942383,1.3558679819107056,1.0,0.09732289612293243,1.0,0.0,0.0,0.09732289612293243,0.0,0.0,0.007064491510391235,0.0,0.3070645034313202,0.10472046583890915,0.047044768929481506,0.6602169275283813,0.5539572834968567,0.0,0.0,0.0,0.0,0.0,0.0,0.0,0.0,1.0,0.0,0.004004782997071743,0.36967796087265015,0.20871604979038239,0.007304809521883726,0.0,0.10823063552379608,0.10784515738487244,0.10784515738487244,0.10764429718255997,0.04514002427458763,6.517637124447972e-11,0.0,0.0,4.361148357391357,4.361148357391357,1.174359679222107,1.174359679222107,0.4722718298435211,0.0,0.0,0.0,0.0,0.3070645034313202,0.15785589814186096,0.0009171015117317438,0.8475664854049683,0.5539572834968567,0.12434130907058716,1.129658579826355,1.2024527788162231,1.174359679222107,1.1740541458129883,1.3558679819107056,0.2559426426887512,0.030913960188627243,1.0,1.7823081016540527,1.7086458206176758,1.7173941135406494,0.0,8.0,0.0,0.0,0.0,0.0,0.0,0.0,,,,,,,,,,,,,,,,,,,,,,0.001
15,4720,train,0.09100626409053802,0.11368394643068314,0.11358432471752167,0.0,0.006749394349753857,0.006749394349753857,0.0,4.505947589874268,2.499999936844688e-05,0.012500000186264515,0.012500000186264515,0.012500000186264515,0.0002500000118743628,0.0002500000118743628,0.25,0.11223166435956955,0.007240563631057739,0.0,0.0,0.0,0.0,0.0,0.0,0.0,0.0,-1.824857473373413,-1.824857473373413,1.0,-1.824857473373413,-1.824857473373413,-1.8036240339279175,0.0,-4.610670566558838,1.3791738748550415,1.0,0.11223166435956955,1.0,0.0,0.0,0.11223166435956955,0.0,0.0,0.007240563631057739,0.0,0.2927594482898712,0.10066329687833786,0.04056321457028389,0.6645996570587158,0.5423792004585266,0.0,0.0,0.0,0.0,0.0,0.0,0.0,0.0,1.0,0.0,-0.0009485744521953166,0.38609498739242554,0.2115418016910553,0.007262874394655228,0.0,0.11358432471752167,0.11368394643068314,0.11368394643068314,0.12211721390485764,0.06063053756952286,3.2783772224709296e-11,0.0,0.0,4.417520999908447,4.417520999908447,1.187562346458435,1.187562346458435,0.5424373149871826,0.0,0.0,0.0,0.0,0.2927594482898712,0.15496835112571716,7.978492067195475e-05,0.8636217713356018,0.5423792004585266,0.10197611153125763,1.1382369995117188,1.212836742401123,1.187562346458435,1.2156132459640503,1.3791738748550415,0.2545870542526245,0.030938757583498955,1.0,1.6982301473617554,1.697831630706787,1.7232494354248047,0.0,8.0,0.0,0.0,0.0,0.0,0.0,0.0,,,,,,,,,,,,,,,,,,,,,,0.001
15,4740,train,0.07934099435806274,0.10402391105890274,0.10390428453683853,0.0,0.005836387164890766,0.005836387164890766,0.0,4.50364875793457,2.499999936844688e-05,0.012500000186264515,0.012500000186264515,0.012500000186264515,0.0002500000118743628,0.0002500000118743628,0.25,0.1071910560131073,0.016528815031051636,0.0,0.0,0.0,0.0,0.0,0.0,0.0,0.0,-1.8272101879119873,-1.8272101879119873,1.0,-1.8272101879119873,-1.8272101879119873,-1.8082969188690186,0.0,-4.641725063323975,1.4129631519317627,1.0,0.1071910560131073,1.0,0.0,0.0,0.1071910560131073,0.0,0.0,0.016528815031051636,0.0,0.3165288269519806,0.10564900189638138,0.040985241532325745,0.7153428792953491,0.5651782751083374,0.0,0.0,0.0,0.0,0.0,0.0,0.0,0.0,1.0,0.0,0.0015180917689576745,0.3711007535457611,0.21644584834575653,0.007374186534434557,0.0,0.10390428453683853,0.10402391105890274,0.10402391105890274,0.11864285171031952,0.01619432494044304,2.6989219192863345e-10,0.0,0.0,4.546986103057861,4.5469865798950195,1.253906488418579,1.253906488418579,0.5347380042076111,0.0,0.0,0.0,0.0,0.3165288269519806,0.1549362689256668,0.0006380684208124876,0.8806222081184387,0.5651782751083374,0.13242954015731812,1.1835219860076904,1.2873146533966064,1.253906488418579,1.221803903579712,1.4129631519317627,0.2613210082054138,0.032475825399160385,1.0,1.6323765516281128,1.7078356742858887,1.730954885482788,0.0,8.0,0.0,0.0,0.0,0.0,0.0,0.0,,,,,,,,,,,,,,,,,,,,,,0.001
15,4760,train,0.07666260004043579,0.10264354199171066,0.10280939191579819,0.0,0.00533529045060277,0.00533529045060277,0.0,4.495676517486572,2.499999936844688e-05,0.012500000186264515,0.012500000186264515,0.012500000186264515,0.0002500000118743628,0.0002500000118743628,0.25,0.10786084830760956,0.021486550569534302,0.0,0.0,0.0,0.0,0.0,0.0,0.0,0.0,-1.8701696395874023,-1.8701696395874023,1.0,-1.8701696395874023,-1.8701696395874023,-1.8456169366836548,0.0,-4.724136829376221,1.3204493522644043,1.0,0.10786084830760956,1.0,0.0,0.0,0.10786084830760956,0.0,0.0,0.021486550569534302,0.0,0.32148659229278564,0.12089939415454865,0.04694993048906326,0.6938497424125671,0.56302410364151,0.0,0.0,0.0,0.0,0.0,0.0,0.0,0.0,1.0,0.0,0.0025752538349479437,0.36720526218414307,0.2102823108434677,0.007437924388796091,0.0,0.10280939191579819,0.10264354199171066,0.10264354199171066,0.10810397565364838,0.02841593511402607,-4.895365710022581e-11,0.0,0.0,4.7413458824157715,4.74134635925293,1.2271188497543335,1.2271188497543335,0.517329752445221,0.0,0.0,0.0,0.0,0.32148656249046326,0.1631511002779007,8.597712439950556e-05,0.918373167514801,0.56302410364151,0.1497395932674408,1.179425835609436,1.2497206926345825,1.2271188497543335,1.2170796394348145,1.3204493522644043,0.26464229822158813,0.032240644097328186,1.0,1.5527287721633911,1.655739188194275,1.679612159729004,0.0,8.0,0.0,0.0,0.0,0.0,0.0,0.0,,,,,,,,,,,,,,,,,,,,,,0.001
15,4780,train,0.08007960021495819,0.10493837296962738,0.10526376962661743,0.0,0.004676034674048424,0.004676034674048424,0.0,4.500478267669678,2.499999936844688e-05,0.012500000186264515,0.012500000186264515,0.012500000186264515,0.0002500000118743628,0.0002500000118743628,0.25,0.10435246676206589,0.0034938454627990723,0.0,0.0,0.0,0.0,0.0,0.0,0.0,0.0,-1.8443772792816162,-1.8443772792816162,1.0,-1.8443772792816162,-1.8443772792816162,-1.8232418298721313,0.0,-4.648235321044922,1.3858100175857544,1.0,0.10435246676206589,1.0,0.0,0.0,0.10435246676206589,0.0,0.0,0.0034938454627990723,0.0,0.2965061366558075,0.10062238574028015,0.05821522697806358,0.6520695686340332,0.5545938611030579,0.0,0.0,0.0,0.0,0.0,0.0,0.0,0.0,1.0,0.0,0.0036869090981781483,0.35982856154441833,0.21510474383831024,0.007369387429207563,0.0,0.10526376962661743,0.10493837296962738,0.10493837296962738,0.10139326751232147,0.02584913745522499,7.698438414527331e-11,0.0,0.0,4.488046646118164,4.488046646118164,1.2267926931381226,1.2267926931381226,0.4469873905181885,0.0,0.0,0.0,0.0,0.2965061664581299,0.14504434168338776,7.663848373340443e-05,0.8757756352424622,0.5545938611030579,0.09034927189350128,1.179389476776123,1.2536206245422363,1.2267926931381226,1.209713101387024,1.3858100175857544,0.2637160122394562,0.032417576760053635,1.0,1.6501469612121582,1.6732754707336426,1.6661767959594727,0.0,8.0,0.0,0.0,0.0,0.0,0.0,0.0,,,,,,,,,,,,,,,,,,,,,,0.001
15,4800,train,0.07908251136541367,0.10447388887405396,0.10467823594808578,0.0,0.005289840511977673,0.005289840511977673,0.0,4.49486780166626,2.499999936844688e-05,0.012500000186264515,0.012500000186264515,0.012500000186264515,0.0002500000118743628,0.0002500000118743628,0.25,0.10482928156852722,0.015811532735824585,0.0,0.0,0.0,0.0,0.0,0.0,0.0,0.0,-1.8614273071289062,-1.8614273071289062,1.0,-1.8614273071289062,-1.8614273071289062,-1.8374367952346802,0.0,-4.677430152893066,1.3796781301498413,1.0,0.10482928156852722,1.0,0.0,0.0,0.10482928156852722,0.0,0.0,0.015811532735824585,0.0,0.284188449382782,0.09338689595460892,0.050461165606975555,0.6341273784637451,0.5468952655792236,0.0,0.0,0.0,0.0,0.0,0.0,0.0,0.0,1.0,0.0,0.0030283313244581223,0.3729717433452606,0.2144804298877716,0.007466983515769243,0.0,0.10467823594808578,0.10447388887405396,0.10447388887405396,0.11274173855781555,0.02091856859624386,-9.097662900803272e-11,0.0,0.0,4.489380836486816,4.489380836486816,1.2365249395370483,1.2365249395370483,0.5007737874984741,0.0,0.0,0.0,0.0,0.28418847918510437,0.1390541046857834,0.001533260801807046,0.8388203978538513,0.5468952655792236,0.07689951360225677,1.1725283861160278,1.2622286081314087,1.2365249395370483,1.215206503868103,1.3796781301498413,0.25981271266937256,0.032506197690963745,1.0,1.6264355182647705,1.6421312093734741,1.6359045505523682,0.0,8.0,0.0,0.0,0.0,0.0,0.0,0.0,,,,,,,,,,,,,,,,,,,,,,0.001
15,4820,train,0.08210422843694687,0.10600481927394867,0.10599817335605621,0.0,0.005304917227476835,0.005304917227476835,0.0,4.4922261238098145,2.499999936844688e-05,0.012500000186264515,0.012500000186264515,0.012500000186264515,0.0002500000118743628,0.0002500000118743628,0.25,0.0889134556055069,0.012134462594985962,0.0,0.0,0.0,0.0,0.0,0.0,0.0,0.0,-1.8121638298034668,-1.8121638298034668,1.0,-1.8121638298034668,-1.8121638298034668,-1.7930943965911865,0.0,-4.626908302307129,1.4467055797576904,1.0,0.0889134556055069,1.0,0.0,0.0,0.0889134556055069,0.0,0.0,0.012134462594985962,0.0,0.3121344745159149,0.11403194814920425,0.06933438777923584,0.7217168807983398,0.5560920834541321,0.0,0.0,0.0,0.0,0.0,0.0,0.0,0.0,1.0,0.0,0.0016836741706356406,0.3687526285648346,0.2160741686820984,0.007517213001847267,0.0,0.10599817335605621,0.10600481927394867,0.10600481927394867,0.1091424822807312,0.026774581521749496,4.554727775496481e-11,0.0,0.0,4.509349346160889,4.509349346160889,1.2377612590789795,1.2377612590789795,0.47743019461631775,0.0,0.0,0.0,0.0,0.3121344745159149,0.16211581230163574,0.001450848300009966,0.9389707446098328,0.5560920834541321,0.13443627953529358,1.1798039674758911,1.2657856941223145,1.2377612590789795,1.247801423072815,1.4467055797576904,0.26030173897743225,0.03212907165288925,1.0,1.6606782674789429,1.6518547534942627,1.6993107795715332,0.0,8.0,0.0,0.0,0.0,0.0,0.0,0.0,,,,,,,,,,,,,,,,,,,,,,0.001
15,4840,train,0.09695730358362198,0.1192275807261467,0.11956614255905151,0.0,0.005501900799572468,0.005501900799572468,0.0,4.49536657333374,2.499999936844688e-05,0.012500000186264515,0.012500000186264515,0.012500000186264515,0.0002500000118743628,0.0002500000118743628,0.25,0.10225404053926468,0.007120877504348755,0.0,0.0,0.0,0.0,0.0,0.0,0.0,0.0,-1.855680227279663,-1.855680227279663,1.0,-1.855680227279663,-1.8556804656982422,-1.8384101390838623,0.0,-4.6944990158081055,1.3262298107147217,1.0,0.10225404053926468,1.0,0.0,0.0,0.10225404053926468,0.0,0.0,0.007120877504348755,0.0,0.2928791344165802,0.09335492551326752,0.04914556071162224,0.6475135684013367,0.5481812357902527,0.0,0.0,0.0,0.0,0.0,0.0,0.0,0.0,1.0,0.0,0.002532048150897026,0.38037702441215515,0.20721618831157684,0.007374227978289127,0.0,0.11956614255905151,0.1192275807261467,0.1192275807261467,0.1253443956375122,0.032767873257398605,4.508152462445736e-10,0.0,0.0,4.854462623596191,4.854462623596191,1.1981401443481445,1.1981401443481445,0.6038988828659058,0.0,0.0,0.0,0.0,0.2928791344165802,0.14838556945323944,0.00021272865706123412,0.8593574166297913,0.5481812357902527,0.09004289656877518,1.1670602560043335,1.2220216989517212,1.1981401443481445,1.1926159858703613,1.3262298107147217,0.2588104009628296,0.03186424821615219,1.0,1.700827717781067,1.6229438781738281,1.6224921941757202,0.0,8.0,0.0,0.0,0.0,0.0,0.0,0.0,,,,,,,,,,,,,,,,,,,,,,0.001
15,4860,train,0.07660137116909027,0.10203886777162552,0.10244213789701462,0.0,0.004812049679458141,0.004812049679458141,0.0,4.4996256828308105,2.499999936844688e-05,0.012500000186264515,0.012500000186264515,0.012500000186264515,0.0002500000118743628,0.0002500000118743628,0.25,0.08903203904628754,0.0005519092082977295,0.0,0.0,0.0,0.0,0.0,0.0,0.0,0.0,-1.84483802318573,-1.84483802318573,1.0,-1.84483802318573,-1.8448379039764404,-1.8220951557159424,0.0,-4.684841632843018,1.3836215734481812,1.0,0.08903203904628754,1.0,0.0,0.0,0.08903203904628754,0.0,0.0,0.0005519092082977295,0.0,0.29944807291030884,0.10677268356084824,0.03824266046285629,0.6884946227073669,0.5519160032272339,0.0,0.0,0.0,0.0,0.0,0.0,0.0,0.0,1.0,0.0,0.0036558129359036684,0.3732057809829712,0.21251805126667023,0.007377865258604288,0.0,0.10244213789701462,0.10203886777162552,0.10203886777162552,0.10562417656183243,0.0520859993994236,3.689173133647472e-10,0.0,0.0,4.543190956115723,4.543190956115723,1.2179750204086304,1.2179750204086304,0.4848405718803406,0.0,0.0,0.0,0.0,0.2994481027126312,0.1525542140007019,8.348225674126297e-05,0.8741044998168945,0.5519160032272339,0.11015625298023224,1.173354983329773,1.2420519590377808,1.2179750204086304,1.2445178031921387,1.3836215734481812,0.2609109878540039,0.03211057558655739,1.0,1.7220289707183838,1.6994616985321045,1.6858341693878174,0.0,8.0,0.0,0.0,0.0,0.0,0.0,0.0,,,,,,,,,,,,,,,,,,,,,,0.001
15,4880,train,0.08907606452703476,0.11354370415210724,0.11389350891113281,0.0,0.004884995985776186,0.004884995985776186,0.0,4.490787029266357,2.499999936844688e-05,0.012500000186264515,0.012500000186264515,0.012500000186264515,0.0002500000118743628,0.0002500000118743628,0.25,0.08986802399158478,0.0006960928440093994,0.0,0.0,0.0,0.0,0.0,0.0,0.0,0.0,-1.8976925611495972,-1.8976925611495972,1.0,-1.8976925611495972,-1.8976925611495972,-1.872277855873108,0.0,-4.7690253257751465,1.3166342973709106,1.0,0.08986802399158478,1.0,0.0,0.0,0.08986802399158478,0.0,0.0,0.0006960928440093994,0.0,0.30069613456726074,0.09753790497779846,0.04576965793967247,0.6147838234901428,0.5574260950088501,0.0,0.0,0.0,0.0,0.0,0.0,0.0,0.0,1.0,0.0,0.0032660530414432287,0.3737106919288635,0.20392248034477234,0.007447150535881519,0.0,0.11389350891113281,0.11354370415210724,0.11354370415210724,0.1181698739528656,0.05267073214054108,-5.319628765265705e-11,0.0,0.0,4.669817924499512,4.669817924499512,1.1717365980148315,1.1717365980148315,0.548721969127655,0.0,0.0,0.0,0.0,0.30069610476493835,0.14659129083156586,0.0006369884358718991,0.9214637875556946,0.5574260950088501,0.10078125447034836,1.1264442205429077,1.1952208280563354,1.1717365980148315,1.1824545860290527,1.3166342973709106,0.2508542537689209,0.030820894986391068,1.0,1.5097713470458984,1.596215009689331,1.5467455387115479,0.0,8.0,0.0,0.0,0.0,0.0,0.0,0.0,,,,,,,,,,,,,,,,,,,,,,0.001
15,4900,train,0.07898103445768356,0.10380784422159195,0.10427574813365936,0.0,0.005569031462073326,0.005569031462073326,0.0,4.5023016929626465,2.499999936844688e-05,0.012500000186264515,0.012500000186264515,0.012500000186264515,0.0002500000118743628,0.0002500000118743628,0.25,0.09255866706371307,0.004746139049530029,0.0,0.0,0.0,0.0,0.0,0.0,0.0,0.0,-1.8355382680892944,-1.8355382680892944,1.0,-1.8355382680892944,-1.8355382680892944,-1.7994993925094604,0.0,-4.655752658843994,1.3961260318756104,1.0,0.09255866706371307,1.0,0.0,0.0,0.09255866706371307,0.0,0.0,0.004746139049530029,0.0,0.2952539026737213,0.1203625276684761,0.03893124684691429,0.7125418186187744,0.5370573997497559,0.0,0.0,0.0,0.0,0.0,0.0,0.0,0.0,1.0,0.0,0.0015798381064087152,0.3761885166168213,0.22247684001922607,0.007485749199986458,0.0,0.10427574813365936,0.10380784422159195,0.10380784422159195,0.11708924174308777,0.0329594686627388,-3.8340242092260723e-10,0.0,0.0,4.422038555145264,4.422038555145264,1.2601070404052734,1.2601070404052734,0.514306902885437,0.0,0.0,0.0,0.0,0.2952538728713989,0.16504506766796112,0.00019243803399149328,0.8754710555076599,0.5370573997497559,0.12242648005485535,1.1790512800216675,1.3004143238067627,1.2601070404052734,1.250753402709961,1.3961260318756104,0.2570968568325043,0.032262250781059265,1.0,1.7888963222503662,1.6978768110275269,1.672215223312378,0.0,8.0,0.0,0.0,0.0,0.0,0.0,0.0,,,,,,,,,,,,,,,,,,,,,,0.001
15,4920,train,0.08215060830116272,0.10640071332454681,0.10667790472507477,0.0,0.004838602151721716,0.004838602151721716,0.0,4.5013427734375,2.499999936844688e-05,0.012500000186264515,0.012500000186264515,0.012500000186264515,0.0002500000118743628,0.0002500000118743628,0.25,0.08909721672534943,0.018348485231399536,0.0,0.0,0.0,0.0,0.0,0.0,0.0,0.0,-1.831423044204712,-1.831423044204712,1.0,-1.831423044204712,-1.8314229249954224,-1.7981505393981934,0.0,-4.634166717529297,1.469422459602356,1.0,0.08909721672534943,1.0,0.0,0.0,0.08909721672534943,0.0,0.0,0.018348485231399536,0.0,0.3183485269546509,0.11224594712257385,0.05218416079878807,0.7146072387695312,0.5623404383659363,0.0,0.0,0.0,0.0,0.0,0.0,0.0,0.0,1.0,0.0,0.0016661983681842685,0.3550938367843628,0.22082185745239258,0.007489115931093693,0.0,0.10667790472507477,0.10640071332454681,0.10640071332454681,0.10818149894475937,0.016144420951604843,3.0052188515483635e-10,0.0,0.0,4.470363140106201,4.470363140106201,1.2734981775283813,1.2734981775283813,0.4725348949432373,0.0,0.0,0.0,0.0,0.3183484971523285,0.15958350896835327,0.0006285997806116939,0.8962070345878601,0.5623404383659363,0.13477329909801483,1.1913774013519287,1.3219115734100342,1.2734981775283813,1.2548139095306396,1.469422459602356,0.26493000984191895,0.03290321305394173,1.0,1.7368988990783691,1.6589477062225342,1.7280069589614868,0.0,8.0,0.0,0.0,0.0,0.0,0.0,0.0,,,,,,,,,,,,,,,,,,,,,,0.001
15,4940,train,0.08583449572324753,0.10992902517318726,0.11029090732336044,0.0,0.00531963212415576,0.00531963212415576,0.0,4.4865241050720215,2.499999936844688e-05,0.012500000186264515,0.012500000186264515,0.012500000186264515,0.0002500000118743628,0.0002500000118743628,0.25,0.08958293497562408,0.0014972388744354248,0.0,0.0,0.0,0.0,0.0,0.0,0.0,0.0,-1.8541659116744995,-1.8541659116744995,1.0,-1.8541659116744995,-1.8541659116744995,-1.8357915878295898,0.0,-4.69942045211792,1.3772963285446167,1.0,0.08958293497562408,1.0,0.0,0.0,0.08958293497562408,0.0,0.0,0.0014972388744354248,0.0,0.29850277304649353,0.09322137385606766,0.05222059041261673,0.650489330291748,0.5607911348342896,0.0,0.0,0.0,0.0,0.0,0.0,0.0,0.0,1.0,0.0,0.002121909987181425,0.3876703977584839,0.2040259689092636,0.007546114735305309,0.0,0.11029090732336044,0.10992902517318726,0.10992902517318726,0.11306401342153549,0.05296662449836731,-4.4513850938621147e-11,0.0,0.0,4.406111240386963,4.406111240386963,1.2028254270553589,1.2028254270553589,0.522367537021637,0.0,0.0,0.0,0.0,0.29850277304649353,0.138835608959198,0.0013825439382344484,0.8876695036888123,0.5607911348342896,0.08448223769664764,1.1564143896102905,1.226979374885559,1.2028254270553589,1.196053147315979,1.3772963285446167,0.2625705301761627,0.032061707228422165,1.0,1.4882700443267822,1.5642175674438477,1.6333191394805908,0.0,8.0,0.0,0.0,0.0,0.0,0.0,0.0,,,,,,,,,,,,,,,,,,,,,,0.001
15,4960,train,0.07841991633176804,0.1033717542886734,0.10340387374162674,0.0,0.004777179099619389,0.004777179099619389,0.0,4.499194145202637,2.499999936844688e-05,0.012500000186264515,0.012500000186264515,0.012500000186264515,0.0002500000118743628,0.0002500000118743628,0.25,0.09844675660133362,0.01654234528541565,0.0,0.0,0.0,0.0,0.0,0.0,0.0,0.0,-1.833342432975769,-1.833342432975769,1.0,-1.833342432975769,-1.833342432975769,-1.79927659034729,0.0,-4.648347854614258,1.4612692594528198,1.0,0.09844675660133362,1.0,0.0,0.0,0.09844675660133362,0.0,0.0,0.01654234528541565,0.0,0.316542387008667,0.10802857577800751,0.03763294965028763,0.7465403079986572,0.5603921413421631,0.0,0.0,0.0,0.0,0.0,0.0,0.0,0.0,1.0,0.0,0.0020159275736659765,0.3558022975921631,0.22391588985919952,0.00753311300650239,0.0,0.10340387374162674,0.1033717542886734,0.1033717542886734,0.10189512372016907,0.02366216666996479,3.223648292749459e-10,0.0,0.0,4.349543571472168,4.349543571472168,1.269312858581543,1.269312858581543,0.4508782923221588,0.0,0.0,0.0,0.0,0.3165423572063446,0.15999694168567657,0.0010269696358591318,0.8964691758155823,0.5603921413421631,0.13264399766921997,1.1736353635787964,1.320465326309204,1.269312858581543,1.2688761949539185,1.4612692594528198,0.2613900303840637,0.03255588188767433,1.0,1.6206722259521484,1.679365873336792,1.6347357034683228,0.0,8.0,0.0,0.0,0.0,0.0,0.0,0.0,,,,,,,,,,,,,,,,,,,,,,0.001
15,4980,train,0.0844716727733612,0.10850327461957932,0.10887408256530762,0.0,0.005725223105400801,0.005725223105400801,0.0,4.4957685470581055,2.499999936844688e-05,0.012500000186264515,0.012500000186264515,0.012500000186264515,0.0002500000118743628,0.0002500000118743628,0.25,0.09042293578386307,0.006799936294555664,0.0,0.0,0.0,0.0,0.0,0.0,0.0,0.0,-1.8405871391296387,-1.8405871391296387,1.0,-1.8405871391296387,-1.8405873775482178,-1.8051557540893555,0.0,-4.675892353057861,1.4300075769424438,1.0,0.09042293578386307,1.0,0.0,0.0,0.09042293578386307,0.0,0.0,0.006799936294555664,0.0,0.306799978017807,0.09844155609607697,0.04094867780804634,0.70346999168396,0.5600262880325317,0.0,0.0,0.0,0.0,0.0,0.0,0.0,0.0,1.0,0.0,0.001015489804558456,0.37292397022247314,0.219247505068779,0.007558137644082308,0.0,0.10887408256530762,0.10850327461957932,0.10850327461957932,0.12375400960445404,-0.0033279696945101023,2.0566365277474574e-10,0.0,0.0,4.614885330200195,4.614885330200195,1.2968358993530273,1.2968358993530273,0.5692304968833923,0.0,0.0,0.0,0.0,0.3067999482154846,0.15043891966342926,0.0007753781392239034,0.9148698449134827,0.5600262880325317,0.10857843607664108,1.2039328813552856,1.344818353652954,1.2968358993530273,1.2389122247695923,1.4300075769424438,0.26507630944252014,0.03307398036122322,1.0,1.5755243301391602,1.5951746702194214,1.6897759437561035,0.0,8.0,0.0,0.0,0.0,0.0,0.0,0.0,,,,,,,,,,,,,,,,,,,,,,0.001
15,5000,train,0.08163471519947052,0.1066514402627945,0.10692571848630905,0.0,0.005421965382993221,0.005421965382993221,0.0,4.500044345855713,2.499999936844688e-05,0.012500000186264515,0.012500000186264515,0.012500000186264515,0.0002500000118743628,0.0002500000118743628,0.25,0.1030682623386383,0.009033173322677612,0.0,0.0,0.0,0.0,0.0,0.0,0.0,0.0,-1.8644068241119385,-1.8644068241119385,1.0,-1.8644068241119385,-1.8644068241119385,-1.8445522785186768,0.0,-4.708383083343506,1.3536826372146606,1.0,0.1030682623386383,1.0,0.0,0.0,0.1030682623386383,0.0,0.0,0.009033173322677612,0.0,0.30903318524360657,0.09839044511318207,0.044518571346998215,0.6458213925361633,0.565436601638794,0.0,0.0,0.0,0.0,0.0,0.0,0.0,0.0,1.0,0.0,0.0013365778140723705,0.377866268157959,0.20548586547374725,0.0073145353235304356,0.0,0.10692571848630905,0.1066514402627945,0.1066514402627945,0.11847541481256485,0.050497427582740784,-1.7508274344213426e-11,0.0,0.0,4.594097137451172,4.594097137451172,1.1984519958496094,1.1984519958496094,0.5480344295501709,0.0,0.0,0.0,0.0,0.30903318524360657,0.14545410871505737,0.00013607526489067823,0.8860613107681274,0.565436601638794,0.10029105842113495,1.164183259010315,1.2187535762786865,1.1984519958496094,1.2167237997055054,1.3536826372146606,0.2609061002731323,0.03187111020088196,1.0,1.7637091875076294,1.6723884344100952,1.6608068943023682,0.0,8.0,0.0,0.0,0.0,0.0,0.0,0.0,,,,,,,,,,,,,,,,,,,,,,0.001
15,5010,train_epoch,0.08029454769176281,0.10520138502299428,0.1054727399866738,0.0,0.005206815562417318,0.005206815562417318,0.0,4.499299641854749,2.499999936844688e-05,0.012500000186264515,0.012500000186264515,0.012500000186264515,0.0002500000118743628,0.0002500000118743628,0.25,0.09727465365818161,0.011877876288162734,0.0,0.0,0.0,0.0,0.0,0.0,0.0,0.0,-1.8482496071004582,-1.8482496071004582,1.0,-1.8482496071004582,-1.848249622090848,-1.823488289367653,0.0,-4.674913422076288,1.3820778210006075,1.0,0.09727465365818161,1.0,0.0,0.0,0.09727465365818161,0.0,0.0,0.011877876288162734,0.0,0.2989561123226931,0.10116236139378862,0.04514488769126331,0.6613148391960624,0.5512546002864838,0.0,0.0,0.0,0.0,0.0,0.0,0.0,0.0,1.0,0.0,0.002327848753170084,0.3709877136046301,0.21408376307366137,0.007410313372226978,0.0,0.1054727399866738,0.10520138502299428,0.10520138502299428,0.11236760754160538,0.03191716392774799,2.390522317441144e-11,0.0,0.0,4.504114141007383,4.50411413101379,1.2268374344545925,1.2268374344545925,0.5073694237870371,0.0,0.0,0.0,0.0,0.2989561174979467,0.15091059450617808,0.0006400779851585589,0.8776511039562568,0.5512546002864838,0.10445249836869583,1.1677846883585352,1.2570039854792063,1.2268374344545925,1.2246015928462595,1.3820778210006075,0.25956017640001044,0.03201763734533758,1.0,1.666907354386267,1.6675218789877293,1.6678409187379712,0.0,8.0,0.0,0.0,0.0,0.0,0.0,0.0,,,,,,,,,,,,,,,,,,,,,,0.001
15,5010,val,,,,,,,,,,,,,,,,,,,,,,,,,,,,,,,,,,,,,,,,,,,,,,,,,,,,,,,,,,,,,,,,,,,,,,,,,,,,,,,,,,,,,,,,,,,,,,,,,,,,,,,,,,,52.68770299639021,8801.432878766742,93.81595215509323,91.96896004676819,28.519733326775686,14.661507602248873,23.722433242562644,10.410865570817675,6.754691328321185,15.654450229236058,25.604289023723968,11.683211828981127,7.252733835152218,133.81418670926774,160.04145981545932,280.3721932683672,78.54621744155884,52.68770299639021,93.81595215509323,91.96896004676819,28.519733326775686,0.001
15,5010,test,,,,,,,,,,,,,,,,,,,,,,,,,,,,,,,,,,,,,,,,,,,,,,,,,,,,,,,,,,,,,,,,,,,,,,,,,,,,,,,,,,,,,,,,,,,,,,,,,,,,,,,,,,,59.64711822782244,9964.310468401227,99.82139283941707,88.98629120418003,32.606219615255085,19.86726838350296,29.87405563772675,17.225215524435043,9.26602310367993,25.925859808921814,39.05736642292765,23.51548566988536,12.020554917199272,140.91886745180403,168.89309424739278,256.2224567617689,84.67844918795994,59.64711822782244,99.82139283941707,88.98629120418003,32.606219615255085,0.001
16,5020,train,0.07586578279733658,0.11079089343547821,0.11133874207735062,0.0,0.004445771686732769,0.004445771686732769,0.0,4.498770713806152,2.9999999242136255e-05,0.014999999664723873,0.014999999664723873,0.014999999664723873,0.0003000000142492354,0.0003000000142492354,0.30000001192092896,0.08151551336050034,0.009988754987716675,0.0,0.0,0.0,0.0,0.0,0.0,0.0,0.0,-1.9140653610229492,-1.9140653610229492,1.0,-1.9140653610229492,-1.9140653610229492,-1.894757866859436,0.0,-4.798431873321533,1.2869374752044678,1.0,0.08151551336050034,1.0,0.0,0.0,0.08151551336050034,0.0,0.0,0.009988754987716675,0.0,0.2900112569332123,0.08413278311491013,0.049782849848270416,0.6508431434631348,0.5527204871177673,0.0,0.0,0.0,0.0,0.0,0.0,0.0,0.0,1.0,0.0,0.004082332830876112,0.36183786392211914,0.20538528263568878,0.0073323603719472885,0.0,0.11133874207735062,0.11079089343547821,0.11079089343547821,0.1066107526421547,0.039994172751903534,2.578865454516688e-10,0.0,0.0,4.618897438049316,4.618897438049316,1.1984199285507202,1.1984199285507202,0.4836467206478119,0.0,0.0,0.0,0.0,0.2900112569332123,0.13912402093410492,0.0007391875260509551,0.8606324791908264,0.5527204871177673,0.08144914358854294,1.1697007417678833,1.214569091796875,1.1984199285507202,1.2037359476089478,1.2869374752044678,0.2589302062988281,0.0319058932363987,1.0,1.6185863018035889,1.6331863403320312,1.57133150100708,0.0,8.0,0.0,0.0,0.0,0.0,0.0,0.0,,,,,,,,,,,,,,,,,,,,,,0.001
16,5040,train,0.07268895208835602,0.10683997720479965,0.10689644515514374,0.0,0.005261663813143969,0.005261663813143969,0.0,4.500575065612793,2.9999999242136255e-05,0.014999999664723873,0.014999999664723873,0.014999999664723873,0.0003000000142492354,0.0003000000142492354,0.30000001192092896,0.10470328480005264,0.005890488624572754,0.0,0.0,0.0,0.0,0.0,0.0,0.0,0.0,-1.8592474460601807,-1.8592474460601807,1.0,-1.8592474460601807,-1.8592474460601807,-1.839683175086975,0.0,-4.707120418548584,1.394887924194336,1.0,0.10470328480005264,1.0,0.0,0.0,0.10470328480005264,0.0,0.0,0.005890488624572754,0.0,0.2941095232963562,0.09057606756687164,0.03288329392671585,0.6581567525863647,0.5548825860023499,0.0,0.0,0.0,0.0,0.0,0.0,0.0,0.0,1.0,0.0,0.0016486220993101597,0.3739754259586334,0.21822334825992584,0.007424060720950365,0.0,0.10689644515514374,0.10683997720479965,0.10683997720479965,0.11746691912412643,0.04843059927225113,3.348900878830108e-10,0.0,0.0,4.39339542388916,4.39339542388916,1.2442469596862793,1.2442469596862793,0.528586745262146,0.0,0.0,0.0,0.0,0.2941095232963562,0.14016656577587128,7.949776772875339e-05,0.863952100276947,0.5548825860023499,0.07912071794271469,1.1845440864562988,1.275646448135376,1.2442469596862793,1.237298846244812,1.394887924194336,0.26089420914649963,0.0317770391702652,1.0,1.6529453992843628,1.6582190990447998,1.65509033203125,0.0,8.0,0.0,0.0,0.0,0.0,0.0,0.0,,,,,,,,,,,,,,,,,,,,,,0.001
16,5060,train,0.0688643604516983,0.10331948101520538,0.10352067649364471,0.0,0.005111978389322758,0.005111978389322758,0.0,4.4958038330078125,2.9999999242136255e-05,0.014999999664723873,0.014999999664723873,0.014999999664723873,0.0003000000142492354,0.0003000000142492354,0.30000001192092896,0.08763716369867325,0.017061591148376465,0.0,0.0,0.0,0.0,0.0,0.0,0.0,0.0,-1.84674072265625,-1.84674072265625,1.0,-1.84674072265625,-1.846740961074829,-1.8099182844161987,0.0,-4.66899299621582,1.4480810165405273,1.0,0.08763716369867325,1.0,0.0,0.0,0.08763716369867325,0.0,0.0,0.017061591148376465,0.0,0.2829384207725525,0.08160746842622757,0.05924267694354057,0.6584004759788513,0.5479522943496704,0.0,0.0,0.0,0.0,0.0,0.0,0.0,0.0,1.0,0.0,0.0015098723815754056,0.3618108034133911,0.23134134709835052,0.0076624020002782345,0.0,0.10352067649364471,0.10331948101520538,0.10331948101520538,0.117154560983181,-0.01590360514819622,4.46943732024252e-11,0.0,0.0,4.551273345947266,4.551273345947266,1.3032265901565552,1.3032265901565552,0.5321497321128845,0.0,0.0,0.0,0.0,0.2829384207725525,0.13451044261455536,0.0010243805591017008,0.8757551312446594,0.5479522943496704,0.06086090952157974,1.2057695388793945,1.355460286140442,1.3032265901565552,1.2931132316589355,1.4480810165405273,0.26060014963150024,0.03318018093705177,1.0,1.6705563068389893,1.6164625883102417,1.5515198707580566,0.0,8.0,0.0,0.0,0.0,0.0,0.0,0.0,,,,,,,,,,,,,,,,,,,,,,0.001
16,5080,train,0.06089657172560692,0.09673437476158142,0.09702833741903305,0.0,0.005186605267226696,0.005186605267226696,0.0,4.494194507598877,2.9999999242136255e-05,0.014999999664723873,0.014999999664723873,0.014999999664723873,0.0003000000142492354,0.0003000000142492354,0.30000001192092896,0.09085576236248016,0.013131469488143921,0.0,0.0,0.0,0.0,0.0,0.0,0.0,0.0,-1.8495765924453735,-1.8495765924453735,1.0,-1.8495765924453735,-1.8495765924453735,-1.8266685009002686,0.0,-4.679059028625488,1.4090288877487183,1.0,0.09085576236248016,1.0,0.0,0.0,0.09085576236248016,0.0,0.0,0.013131469488143921,0.0,0.28686854243278503,0.08791272342205048,0.06729236990213394,0.6576520800590515,0.5502526164054871,0.0,0.0,0.0,0.0,0.0,0.0,0.0,0.0,1.0,0.0,0.0010358910076320171,0.3757424056529999,0.2202480435371399,0.00751976715400815,0.0,0.09702833741903305,0.09673437476158142,0.09673437476158142,0.10043440759181976,0.021956080570816994,1.8763776990504688e-11,0.0,0.0,4.62964391708374,4.62964391708374,1.267540693283081,1.267540693283081,0.46439024806022644,0.0,0.0,0.0,0.0,0.28686854243278503,0.13766439259052277,0.0009821286657825112,0.8631269335746765,0.5502526164054871,0.07342218607664108,1.1937289237976074,1.3010869026184082,1.267540693283081,1.2327547073364258,1.4090288877487183,0.2611508071422577,0.03253621980547905,1.0,1.6868070363998413,1.6112067699432373,1.5956919193267822,0.0,8.0,0.0,0.0,0.0,0.0,0.0,0.0,,,,,,,,,,,,,,,,,,,,,,0.001
16,5100,train,0.07246799021959305,0.10591426491737366,0.10623503476381302,0.0,0.004736487288028002,0.004736487288028002,0.0,4.495205879211426,2.9999999242136255e-05,0.014999999664723873,0.014999999664723873,0.014999999664723873,0.0003000000142492354,0.0003000000142492354,0.30000001192092896,0.0906309187412262,0.004570573568344116,0.0,0.0,0.0,0.0,0.0,0.0,0.0,0.0,-1.8309247493743896,-1.8309247493743896,1.0,-1.8309247493743896,-1.8309247493743896,-1.8053542375564575,0.0,-4.648775577545166,1.4647884368896484,1.0,0.0906309187412262,1.0,0.0,0.0,0.0906309187412262,0.0,0.0,0.004570573568344116,0.0,0.30457058548927307,0.08930046111345291,0.0535113587975502,0.6320357322692871,0.5619066953659058,0.0,0.0,0.0,0.0,0.0,0.0,0.0,0.0,1.0,0.0,0.0021198515314608812,0.3709492087364197,0.21676643192768097,0.0074865808710455894,0.0,0.10623503476381302,0.10591426491737366,0.10591426491737366,0.10421136021614075,0.01617484539747238,2.830118639440826e-10,0.0,0.0,4.35343074798584,4.35343074798584,1.2593353986740112,1.2593353986740112,0.436903715133667,0.0,0.0,0.0,0.0,0.30457058548927307,0.14414237439632416,9.336237417301163e-05,0.8843432664871216,0.5619066953659058,0.09212622791528702,1.2009713649749756,1.293717622756958,1.2593353986740112,1.2844386100769043,1.4647884368896484,0.2664855420589447,0.033061932772397995,1.0,1.6036851406097412,1.6170682907104492,1.6722042560577393,0.0,8.0,0.0,0.0,0.0,0.0,0.0,0.0,,,,,,,,,,,,,,,,,,,,,,0.001
16,5120,train,0.05530356243252754,0.09274333715438843,0.0931047648191452,0.0,0.004349939990788698,0.004349939990788698,0.0,4.487660884857178,2.9999999242136255e-05,0.014999999664723873,0.014999999664723873,0.014999999664723873,0.0003000000142492354,0.0003000000142492354,0.30000001192092896,0.08220691233873367,0.011506736278533936,0.0,0.0,0.0,0.0,0.0,0.0,0.0,0.0,-1.8762905597686768,-1.8762905597686768,1.0,-1.8762905597686768,-1.8762904405593872,-1.8555208444595337,0.0,-4.735899448394775,1.4117417335510254,1.0,0.08220691233873367,1.0,0.0,0.0,0.08220691233873367,0.0,0.0,0.011506736278533936,0.0,0.3115067481994629,0.08847880363464355,0.04855947941541672,0.6557222008705139,0.5720927119255066,0.0,0.0,0.0,0.0,0.0,0.0,0.0,0.0,1.0,0.0,0.003028165316209197,0.3564213216304779,0.2227737307548523,0.0077118766494095325,0.0,0.0931047648191452,0.09274333715438843,0.09274333715438843,0.1055714339017868,-0.0003271972818765789,4.9030311061182275e-11,0.0,0.0,4.513195037841797,4.513195037841797,1.2890440225601196,1.2890440225601196,0.46641406416893005,0.0,0.0,0.0,0.0,0.3115067481994629,0.13895773887634277,0.0019394340924918652,0.8890487551689148,0.5720927119255066,0.0916973128914833,1.2233084440231323,1.323811650276184,1.2890440225601196,1.2691423892974854,1.4117417335510254,0.2664440870285034,0.033494558185338974,1.0,1.4981448650360107,1.5888996124267578,1.5931638479232788,0.0,8.0,0.0,0.0,0.0,0.0,0.0,0.0,,,,,,,,,,,,,,,,,,,,,,0.001
16,5140,train,0.0702924132347107,0.10507536679506302,0.10536490380764008,0.0,0.0054941363632678986,0.0054941363632678986,0.0,4.4867706298828125,2.9999999242136255e-05,0.014999999664723873,0.014999999664723873,0.014999999664723873,0.0003000000142492354,0.0003000000142492354,0.30000001192092896,0.09166240692138672,0.008699357509613037,0.0,0.0,0.0,0.0,0.0,0.0,0.0,0.0,-1.8701014518737793,-1.8701014518737793,1.0,-1.8701014518737793,-1.8701014518737793,-1.8495185375213623,0.0,-4.714386463165283,1.3825891017913818,1.0,0.09166240692138672,1.0,0.0,0.0,0.09166240692138672,0.0,0.0,0.008699357509613037,0.0,0.29130062460899353,0.08490660786628723,0.03768296539783478,0.6842629909515381,0.5584115386009216,0.0,0.0,0.0,0.0,0.0,0.0,0.0,0.0,1.0,0.0,0.001532607595436275,0.38245099782943726,0.21789827942848206,0.007668504025787115,0.0,0.10536490380764008,0.10507536679506302,0.10507536679506302,0.11247432976961136,0.03175496309995651,-5.740610764526366e-10,0.0,0.0,4.642400741577148,4.642400741577148,1.2383095026016235,1.2383095026016235,0.526199996471405,0.0,0.0,0.0,0.0,0.2913006544113159,0.132694810628891,0.0013554267352446914,0.8940475583076477,0.5584115386009216,0.06669730693101883,1.1793972253799438,1.270368218421936,1.2383095026016235,1.2360897064208984,1.3825891017913818,0.26410090923309326,0.0334484837949276,1.0,1.4776804447174072,1.5553182363510132,1.5334534645080566,0.0,8.0,0.0,0.0,0.0,0.0,0.0,0.0,,,,,,,,,,,,,,,,,,,,,,0.001
16,5160,train,0.0708451122045517,0.10610777884721756,0.10618622601032257,0.0,0.00489427987486124,0.00489427987486124,0.0,4.486605167388916,2.9999999242136255e-05,0.014999999664723873,0.014999999664723873,0.014999999664723873,0.0003000000142492354,0.0003000000142492354,0.30000001192092896,0.08977718651294708,0.011850833892822266,0.0,0.0,0.0,0.0,0.0,0.0,0.0,0.0,-1.8912802934646606,-1.8912802934646606,1.0,-1.8912802934646606,-1.8912802934646606,-1.8770315647125244,0.0,-4.7609968185424805,1.3438400030136108,1.0,0.08977718651294708,1.0,0.0,0.0,0.08977718651294708,0.0,0.0,0.011850833892822266,0.0,0.31185081601142883,0.07943844795227051,0.0656285509467125,0.6424915790557861,0.5774705410003662,0.0,0.0,0.0,0.0,0.0,0.0,0.0,0.0,1.0,0.0,0.002009663265198469,0.3791436553001404,0.20824319124221802,0.007570088375359774,0.0,0.10618622601032257,0.10610777884721756,0.10610777884721756,0.11536938697099686,0.0712692141532898,5.918304041285793e-11,0.0,0.0,4.641353607177734,4.641353607177734,1.2219487428665161,1.2219487428665161,0.5476689338684082,0.0,0.0,0.0,0.0,0.3118508458137512,0.1311006397008896,0.0012248706771060824,0.8846396803855896,0.5774705410003662,0.07518383115530014,1.1828670501708984,1.245556354522705,1.2219487428665161,1.2314101457595825,1.3438400030136108,0.2700158357620239,0.03342307731509209,1.0,1.6011290550231934,1.5518430471420288,1.5830113887786865,0.0,8.0,0.0,0.0,0.0,0.0,0.0,0.0,,,,,,,,,,,,,,,,,,,,,,0.001
16,5180,train,0.0662611871957779,0.10226273536682129,0.1025845929980278,0.0,0.004429712425917387,0.004429712425917387,0.0,4.490215301513672,2.9999999242136255e-05,0.014999999664723873,0.014999999664723873,0.014999999664723873,0.0003000000142492354,0.0003000000142492354,0.30000001192092896,0.09692166745662689,0.0018558204174041748,0.0,0.0,0.0,0.0,0.0,0.0,0.0,0.0,-1.8916418552398682,-1.8916418552398682,1.0,-1.8916418552398682,-1.8916418552398682,-1.8699500560760498,0.0,-4.72926664352417,1.3486140966415405,1.0,0.09692166745662689,1.0,0.0,0.0,0.09692166745662689,0.0,0.0,0.0018558204174041748,0.0,0.30185583233833313,0.08415500074625015,0.05080115422606468,0.637413501739502,0.567854642868042,0.0,0.0,0.0,0.0,0.0,0.0,0.0,0.0,1.0,0.0,0.0033882411662489176,0.3699764907360077,0.21477706730365753,0.007576670031994581,0.0,0.1025845929980278,0.10226273536682129,0.10226273536682129,0.10550162941217422,0.023728102445602417,1.2033848917347711e-10,0.0,0.0,4.676627159118652,4.676627159118652,1.2493317127227783,1.2493317127227783,0.47796303033828735,0.0,0.0,0.0,0.0,0.30185583233833313,0.13348667323589325,0.0008646501810289919,0.8968848586082458,0.567854642868042,0.079549640417099,1.1988152265548706,1.2756521701812744,1.2493317127227783,1.2061796188354492,1.3486140966415405,0.26557716727256775,0.034040458500385284,1.0,1.4680700302124023,1.5612839460372925,1.5705010890960693,0.0,8.0,0.0,0.0,0.0,0.0,0.0,0.0,,,,,,,,,,,,,,,,,,,,,,0.001
16,5200,train,0.07822422683238983,0.11152198165655136,0.11169709265232086,0.0,0.005229288712143898,0.005229288712143898,0.0,4.505213737487793,2.9999999242136255e-05,0.014999999664723873,0.014999999664723873,0.014999999664723873,0.0003000000142492354,0.0003000000142492354,0.30000001192092896,0.08975443243980408,0.01595422625541687,0.0,0.0,0.0,0.0,0.0,0.0,0.0,0.0,-1.8627488613128662,-1.8627488613128662,1.0,-1.8627488613128662,-1.8627488613128662,-1.8379604816436768,0.0,-4.714326858520508,1.4137089252471924,1.0,0.08975443243980408,1.0,0.0,0.0,0.08975443243980408,0.0,0.0,0.01595422625541687,0.0,0.2840457856655121,0.08519565314054489,0.042488113045692444,0.6306654810905457,0.5485740900039673,0.0,0.0,0.0,0.0,0.0,0.0,0.0,0.0,1.0,0.0,0.0018003734294325113,0.3695682883262634,0.22081072628498077,0.007400054018944502,0.0,0.11169709265232086,0.11152198165655136,0.11152198165655136,0.12950904667377472,0.025145217776298523,-1.567316970652044e-10,0.0,0.0,4.7757368087768555,4.7757368087768555,1.2728835344314575,1.2728835344314575,0.6231405735015869,0.0,0.0,0.0,0.0,0.2840457856655121,0.13536526262760162,0.0010993393370881677,0.8837431073188782,0.5485740900039673,0.06178002804517746,1.2040389776229858,1.3059360980987549,1.2728835344314575,1.2600611448287964,1.4137089252471924,0.2680590748786926,0.03394462913274765,1.0,1.6366935968399048,1.6381006240844727,1.5820260047912598,0.0,8.0,0.0,0.0,0.0,0.0,0.0,0.0,,,,,,,,,,,,,,,,,,,,,,0.001
16,5220,train,0.07091913372278214,0.10531730949878693,0.10543791949748993,0.0,0.004514679312705994,0.004514679312705994,0.0,4.500624656677246,2.9999999242136255e-05,0.014999999664723873,0.014999999664723873,0.014999999664723873,0.0003000000142492354,0.0003000000142492354,0.30000001192092896,0.08738501369953156,0.028634339570999146,0.0,0.0,0.0,0.0,0.0,0.0,0.0,0.0,-1.8574438095092773,-1.8574438095092773,1.0,-1.8574438095092773,-1.8574440479278564,-1.8435529470443726,0.0,-4.705737590789795,1.3938424587249756,1.0,0.08738501369953156,1.0,0.0,0.0,0.08738501369953156,0.0,0.0,0.028634339570999146,0.0,0.3286343216896057,0.09422525763511658,0.06716400384902954,0.7072124481201172,0.5833460688591003,0.0,0.0,0.0,0.0,0.0,0.0,0.0,0.0,1.0,0.0,0.003175331512466073,0.3752383887767792,0.20685866475105286,0.007284302264451981,0.0,0.10543791949748993,0.10531730949878693,0.10531730949878693,0.11075760424137115,0.06642954051494598,3.612462828872509e-10,0.0,0.0,4.693850994110107,4.693850994110107,1.23000168800354,1.23000168800354,0.5232675671577454,0.0,0.0,0.0,0.0,0.3286343514919281,0.14405441284179688,0.00181970139965415,0.9272555112838745,0.5833460688591003,0.12120098620653152,1.2039759159088135,1.2450437545776367,1.23000168800354,1.2325286865234375,1.3938424587249756,0.2711496651172638,0.033893659710884094,1.0,1.5419228076934814,1.6158655881881714,1.6247988939285278,0.0,8.0,0.0,0.0,0.0,0.0,0.0,0.0,,,,,,,,,,,,,,,,,,,,,,0.001
16,5240,train,0.06846971064805984,0.10368388891220093,0.103826142847538,0.0,0.00484450301155448,0.00484450301155448,0.0,4.501301288604736,2.9999999242136255e-05,0.014999999664723873,0.014999999664723873,0.014999999664723873,0.0003000000142492354,0.0003000000142492354,0.30000001192092896,0.0840708538889885,0.014500021934509277,0.0,0.0,0.0,0.0,0.0,0.0,0.0,0.0,-1.8738895654678345,-1.8738895654678345,1.0,-1.8738895654678345,-1.8738895654678345,-1.852753758430481,0.0,-4.740316390991211,1.3685327768325806,1.0,0.0840708538889885,1.0,0.0,0.0,0.0840708538889885,0.0,0.0,0.014500021934509277,0.0,0.2854999899864197,0.08211799710988998,0.05228396877646446,0.6184808015823364,0.5514789819717407,0.0,0.0,0.0,0.0,0.0,0.0,0.0,0.0,1.0,0.0,0.00246504251845181,0.3830954134464264,0.21526789665222168,0.007350447122007608,0.0,0.103826142847538,0.10368388891220093,0.10368388891220093,0.11774204671382904,0.05092011019587517,1.274591820976667e-10,0.0,0.0,4.52841329574585,4.52841329574585,1.2510846853256226,1.2510846853256226,0.5441480875015259,0.0,0.0,0.0,0.0,0.2854999899864197,0.13174223899841309,0.0004784260818269104,0.8430068492889404,0.5514789819717407,0.05312500149011612,1.1889817714691162,1.2790958881378174,1.2510846853256226,1.2392622232437134,1.3685327768325806,0.26649945974349976,0.03338691592216492,1.0,1.5472025871276855,1.5203417539596558,1.5480870008468628,0.0,8.0,0.0,0.0,0.0,0.0,0.0,0.0,,,,,,,,,,,,,,,,,,,,,,0.001
16,5260,train,0.06863846629858017,0.10282722115516663,0.10300827026367188,0.0,0.005221813917160034,0.005221813917160034,0.0,4.508471488952637,2.9999999242136255e-05,0.014999999664723873,0.014999999664723873,0.014999999664723873,0.0003000000142492354,0.0003000000142492354,0.30000001192092896,0.09561015665531158,0.004142582416534424,0.0,0.0,0.0,0.0,0.0,0.0,0.0,0.0,-1.8344640731811523,-1.8344640731811523,1.0,-1.8344640731811523,-1.8344640731811523,-1.8109617233276367,0.0,-4.622351169586182,1.4709972143173218,1.0,0.09561015665531158,1.0,0.0,0.0,0.09561015665531158,0.0,0.0,0.004142582416534424,0.0,0.29585742950439453,0.0722675770521164,0.07633154839277267,0.5914440155029297,0.5654940009117126,0.0,0.0,0.0,0.0,0.0,0.0,0.0,0.0,1.0,0.0,0.0018810622859746218,0.37738680839538574,0.225640207529068,0.007367321755737066,0.0,0.10300827026367188,0.10282722115516663,0.10282722115516663,0.12140467017889023,0.01921756938099861,-2.522873021604255e-10,0.0,0.0,4.536647796630859,4.536647796630859,1.298029899597168,1.298029899597168,0.5432308316230774,0.0,0.0,0.0,0.0,0.29585742950439453,0.1276141107082367,0.0006732825422659516,0.8835906386375427,0.5654940009117126,0.05764399841427803,1.2130794525146484,1.3410155773162842,1.298029899597168,1.2820055484771729,1.4709972143173218,0.2690991759300232,0.034664053469896317,1.0,1.5757544040679932,1.6147260665893555,1.5987743139266968,0.0,8.0,0.0,0.0,0.0,0.0,0.0,0.0,,,,,,,,,,,,,,,,,,,,,,0.001
16,5280,train,0.06675653159618378,0.10183446854352951,0.10211353003978729,0.0,0.00501894298940897,0.00501894298940897,0.0,4.504491329193115,2.9999999242136255e-05,0.014999999664723873,0.014999999664723873,0.014999999664723873,0.0003000000142492354,0.0003000000142492354,0.30000001192092896,0.08820213377475739,0.009092062711715698,0.0,0.0,0.0,0.0,0.0,0.0,0.0,0.0,-1.8580079078674316,-1.8580079078674316,1.0,-1.8580079078674316,-1.8580079078674316,-1.8318259716033936,0.0,-4.702540397644043,1.4103145599365234,1.0,0.08820213377475739,1.0,0.0,0.0,0.08820213377475739,0.0,0.0,0.009092062711715698,0.0,0.30909204483032227,0.09421981126070023,0.05659326910972595,0.6593459844589233,0.566004753112793,0.0,0.0,0.0,0.0,0.0,0.0,0.0,0.0,1.0,0.0,0.0012116602156311274,0.3755422532558441,0.2167571634054184,0.007318485528230667,0.0,0.10211353003978729,0.10183446854352951,0.10183446854352951,0.10853574424982071,0.034550346434116364,2.466141735268934e-10,0.0,0.0,4.722501754760742,4.722501754760742,1.2579188346862793,1.2579188346862793,0.5048778653144836,0.0,0.0,0.0,0.0,0.30909207463264465,0.1439322531223297,0.000527168798726052,0.8482851386070251,0.566004753112793,0.098146453499794,1.20089590549469,1.2856196165084839,1.2579188346862793,1.2564833164215088,1.4103145599365234,0.26945626735687256,0.03392700478434563,1.0,1.5605688095092773,1.6105890274047852,1.6047194004058838,0.0,8.0,0.0,0.0,0.0,0.0,0.0,0.0,,,,,,,,,,,,,,,,,,,,,,0.001
16,5300,train,0.07878164201974869,0.1122274249792099,0.11231979727745056,0.0,0.0054826075211167336,0.0054826075211167336,0.0,4.503098487854004,2.9999999242136255e-05,0.014999999664723873,0.014999999664723873,0.014999999664723873,0.0003000000142492354,0.0003000000142492354,0.30000001192092896,0.09688381850719452,0.018334388732910156,0.0,0.0,0.0,0.0,0.0,0.0,0.0,0.0,-1.872054934501648,-1.872054934501648,1.0,-1.872054934501648,-1.872054934501648,-1.8576815128326416,0.0,-4.7273335456848145,1.360139012336731,1.0,0.09688381850719452,1.0,0.0,0.0,0.09688381850719452,0.0,0.0,0.018334388732910156,0.0,0.2816656231880188,0.08022642880678177,0.029465248808264732,0.6125676035881042,0.5533429384231567,0.0,0.0,0.0,0.0,0.0,0.0,0.0,0.0,1.0,0.0,0.0015130421379581094,0.37674185633659363,0.212217777967453,0.00732790632173419,0.0,0.11231979727745056,0.1122274249792099,0.1122274249792099,0.1214253306388855,0.04903761297464371,-4.952967480598147e-10,0.0,0.0,4.591825485229492,4.591825485229492,1.2290122509002686,1.2290122509002686,0.5678650140762329,0.0,0.0,0.0,0.0,0.2816656231880188,0.12517425417900085,0.0012137445155531168,0.8512334823608398,0.5533429384231567,0.04892769828438759,1.1870613098144531,1.2485988140106201,1.2290122509002686,1.254989504814148,1.360139012336731,0.27016764879226685,0.03422664850950241,1.0,1.6921273469924927,1.6263654232025146,1.622467041015625,0.0,8.0,0.0,0.0,0.0,0.0,0.0,0.0,,,,,,,,,,,,,,,,,,,,,,0.001
16,5320,train,0.060014430433511734,0.09638932347297668,0.09659899771213531,0.0,0.005038335453718901,0.005038335453718901,0.0,4.497823715209961,2.9999999242136255e-05,0.014999999664723873,0.014999999664723873,0.014999999664723873,0.0003000000142492354,0.0003000000142492354,0.30000001192092896,0.09240857511758804,0.009527713060379028,0.0,0.0,0.0,0.0,0.0,0.0,0.0,0.0,-1.864526391029358,-1.864526391029358,1.0,-1.864526391029358,-1.864526391029358,-1.8424203395843506,0.0,-4.7018256187438965,1.3984770774841309,1.0,0.09240857511758804,1.0,0.0,0.0,0.09240857511758804,0.0,0.0,0.009527713060379028,0.0,0.3095276951789856,0.08741049468517303,0.028876444324851036,0.6506530046463013,0.5709558725357056,0.0,0.0,0.0,0.0,0.0,0.0,0.0,0.0,1.0,0.0,0.0014355650637298822,0.38240304589271545,0.217465341091156,0.007454931270331144,0.0,0.09659899771213531,0.09638932347297668,0.09638932347297668,0.1002654954791069,0.0546589121222496,-1.8606857721259473e-10,0.0,0.0,4.64864444732666,4.64864444732666,1.2659199237823486,1.2659199237823486,0.4645611047744751,0.0,0.0,0.0,0.0,0.309527724981308,0.13722389936447144,0.0004227165482006967,0.8456280827522278,0.5709558725357056,0.0837009847164154,1.2076510190963745,1.2962279319763184,1.2659199237823486,1.2801882028579712,1.3984770774841309,0.26972413063049316,0.03407351300120354,1.0,1.5240298509597778,1.6164592504501343,1.5767673254013062,0.0,8.0,0.0,0.0,0.0,0.0,0.0,0.0,,,,,,,,,,,,,,,,,,,,,,0.001
16,5340,train,0.07936804741621017,0.1123737245798111,0.11253426223993301,0.0,0.0049300952814519405,0.0049300952814519405,0.0,4.489582538604736,2.9999999242136255e-05,0.014999999664723873,0.014999999664723873,0.014999999664723873,0.0003000000142492354,0.0003000000142492354,0.30000001192092896,0.08617100119590759,0.0023940205574035645,0.0,0.0,0.0,0.0,0.0,0.0,0.0,0.0,-1.85825777053833,-1.85825777053833,1.0,-1.85825777053833,-1.85825777053833,-1.8449273109436035,0.0,-4.707580089569092,1.3662265539169312,1.0,0.08617100119590759,1.0,0.0,0.0,0.08617100119590759,0.0,0.0,0.0023940205574035645,0.0,0.2976060211658478,0.09130117297172546,0.05284948647022247,0.682802140712738,0.5626454949378967,0.0,0.0,0.0,0.0,0.0,0.0,0.0,0.0,1.0,0.0,0.002848070114850998,0.38655799627304077,0.2129199355840683,0.007556393276900053,0.0,0.11253426223993301,0.1123737245798111,0.1123737245798111,0.12696512043476105,0.032030873000621796,7.021916381688698e-11,0.0,0.0,4.80386209487915,4.80386209487915,1.2436120510101318,1.2436120510101318,0.594171941280365,0.0,0.0,0.0,0.0,0.2976059913635254,0.13511139154434204,0.0008534968947060406,0.8745126724243164,0.5626454949378967,0.07827819138765335,1.1989458799362183,1.2643301486968994,1.2436120510101318,1.2461274862289429,1.3662265539169312,0.2670360803604126,0.03374386578798294,1.0,1.5961297750473022,1.5709772109985352,1.5742851495742798,0.0,8.0,0.0,0.0,0.0,0.0,0.0,0.0,,,,,,,,,,,,,,,,,,,,,,0.001
16,5344,train_epoch,0.0701602509434887,0.10464459621977663,0.10487493729876901,0.0,0.005061064119043643,0.005061064119043643,0.0,4.497826245016681,2.9999999242136255e-05,0.014999999664723873,0.014999999664723873,0.014999999664723873,0.0003000000142492354,0.0003000000142492354,0.30000001192092896,0.09055350156512089,0.009393417103561813,0.0,0.0,0.0,0.0,0.0,0.0,0.0,0.0,-1.8566722819905082,-1.8566722819905082,1.0,-1.8566722819905082,-1.8566722769937116,-1.834037898543352,0.0,-4.694089169987661,1.4072882604456234,1.0,0.09055350156512089,1.0,0.0,0.0,0.09055350156512089,0.0,0.0,0.009393417103561813,0.0,0.299607524257934,0.08927910810637617,0.04693559878979793,0.6658164405537222,0.5607434914497558,0.0,0.0,0.0,0.0,0.0,0.0,0.0,0.0,1.0,0.0,0.0020138797732368098,0.37650162615105065,0.21781596362947703,0.00746804935311129,0.0,0.10487493729876901,0.10464459621977663,0.10464459621977663,0.11213822038230782,0.03328342543080837,3.3208055777216485e-12,0.0,0.0,4.595983640876359,4.595983645159327,1.2582927653175628,1.2582927653175628,0.5171398544561363,0.0,0.0,0.0,0.0,0.2996075313069863,0.1389707406302412,0.0009227535784283575,0.8724204369647774,0.5607434914497558,0.08137626900242831,1.1946846014725234,1.291167860616467,1.2582927653175628,1.256575346349956,1.4072882604456234,0.2662571914003281,0.03349852953440772,1.0,1.611632906034321,1.6099794935323521,1.6108752192851312,0.0,8.0,0.0,0.0,0.0,0.0,0.0,0.0,,,,,,,,,,,,,,,,,,,,,,0.001
16,5344,val,,,,,,,,,,,,,,,,,,,,,,,,,,,,,,,,,,,,,,,,,,,,,,,,,,,,,,,,,,,,,,,,,,,,,,,,,,,,,,,,,,,,,,,,,,,,,,,,,,,,,,,,,,,52.332394531794954,8720.091404506138,93.38142965550558,90.78846389906747,28.294728023665293,14.569723244224276,23.523813212011813,9.714057266712189,6.793891306434359,15.584050408431462,25.522366713417416,10.721873032195228,7.229042896202633,133.5906241961888,159.69159075344598,280.264499596187,78.53590822219849,52.332394531794954,93.38142965550558,90.78846389906747,28.294728023665293,0.001
16,5344,test,,,,,,,,,,,,,,,,,,,,,,,,,,,,,,,,,,,,,,,,,,,,,,,,,,,,,,,,,,,,,,,,,,,,,,,,,,,,,,,,,,,,,,,,,,,,,,,,,,,,,,,,,,,59.36727019718715,9889.525870186942,99.44609529884491,87.65017461776733,32.394933990069795,20.136184326239995,30.55971700538731,15.675358716930662,9.413790451628822,25.563314701829636,38.850997673041135,21.77769544294902,11.861575620515007,140.81058291026525,168.72304118219094,255.56229966027396,84.66886809894017,59.36727019718715,99.44609529884491,87.65017461776733,32.394933990069795,0.001
17,5360,train,0.06710580736398697,0.11025839298963547,0.1103644073009491,0.0,0.005525026470422745,0.005525026470422745,0.0,4.4908318519592285,3.5000000934815034e-05,0.017500000074505806,0.017500000074505806,0.017500000074505806,0.0003499999875202775,0.0003499999875202775,0.3499999940395355,0.08805951476097107,0.004696965217590332,0.0,0.0,0.0,0.0,0.0,0.0,0.0,0.0,-1.8717658519744873,-1.8717658519744873,1.0,-1.8717658519744873,-1.8717658519744873,-1.8492441177368164,0.0,-4.716762065887451,1.3859772682189941,1.0,0.08805951476097107,1.0,0.0,0.0,0.08805951476097107,0.0,0.0,0.004696965217590332,0.0,0.3046969771385193,0.09235186129808426,0.04121103510260582,0.6477636694908142,0.5645105242729187,0.0,0.0,0.0,0.0,0.0,0.0,0.0,0.0,1.0,0.0,0.0006649912684224546,0.3800007104873657,0.21601907908916473,0.007595379836857319,0.0,0.1103644073009491,0.11025839298963547,0.11025839298963547,0.11690107733011246,0.0322088822722435,-1.7988012468439507e-10,0.0,0.0,4.894463539123535,4.894463062286377,1.2567013502120972,1.2567013502120972,0.5625401139259338,0.0,0.0,0.0,0.0,0.3046969771385193,0.14086350798606873,0.0011636812705546618,0.8590071797370911,0.5645105242729187,0.09180454164743423,1.197401523590088,1.2932175397872925,1.2567013502120972,1.2380160093307495,1.3859772682189941,0.27013731002807617,0.03384091705083847,1.0,1.6621088981628418,1.6145000457763672,1.5894372463226318,0.0,8.0,0.0,0.0,0.0,0.0,0.0,0.0,,,,,,,,,,,,,,,,,,,,,,0.001
17,5380,train,0.05878213047981262,0.10350318253040314,0.10372696071863174,0.0,0.004691660404205322,0.004691660404205322,0.0,4.493948459625244,3.5000000934815034e-05,0.017500000074505806,0.017500000074505806,0.017500000074505806,0.0003499999875202775,0.0003499999875202775,0.3499999940395355,0.08226823806762695,0.008812636137008667,0.0,0.0,0.0,0.0,0.0,0.0,0.0,0.0,-1.878220558166504,-1.878220558166504,1.0,-1.878220558166504,-1.878220558166504,-1.8484634160995483,0.0,-4.729194641113281,1.381917953491211,1.0,0.08226823806762695,1.0,0.0,0.0,0.08226823806762695,0.0,0.0,0.008812636137008667,0.0,0.2911874055862427,0.08449932187795639,0.0680202916264534,0.6687585115432739,0.5557898879051208,0.0,0.0,0.0,0.0,0.0,0.0,0.0,0.0,1.0,0.0,0.002311341930180788,0.3851851224899292,0.22048185765743256,0.0075523643754422665,0.0,0.10372696071863174,0.10350318253040314,0.10350318253040314,0.11112917959690094,0.035089362412691116,5.3290372115100126e-11,0.0,0.0,4.577123165130615,4.577123165130615,1.2628682851791382,1.2628682851791382,0.5148844122886658,0.0,0.0,0.0,0.0,0.2911873757839203,0.13449205458164215,0.0004246867902111262,0.8364663124084473,0.5557898879051208,0.06037071347236633,1.191251516342163,1.2982149124145508,1.2628682851791382,1.2459853887557983,1.381917953491211,0.2705534100532532,0.03414212539792061,1.0,1.638798713684082,1.6088035106658936,1.5274910926818848,0.0,8.0,0.0,0.0,0.0,0.0,0.0,0.0,,,,,,,,,,,,,,,,,,,,,,0.001
17,5400,train,0.059776660054922104,0.10459630936384201,0.10464755445718765,0.0,0.004394548945128918,0.004394548945128918,0.0,4.4991559982299805,3.5000000934815034e-05,0.017500000074505806,0.017500000074505806,0.017500000074505806,0.0003499999875202775,0.0003499999875202775,0.3499999940395355,0.08581682294607162,0.0017143189907073975,0.0,0.0,0.0,0.0,0.0,0.0,0.0,0.0,-1.8861192464828491,-1.8861192464828491,1.0,-1.8861192464828491,-1.8861193656921387,-1.860230565071106,0.0,-4.7575883865356445,1.3878064155578613,1.0,0.08581682294607162,1.0,0.0,0.0,0.08581682294607162,0.0,0.0,0.0017143189907073975,0.0,0.29828569293022156,0.08871063590049744,0.05420485883951187,0.6534499526023865,0.5640829801559448,0.0,0.0,0.0,0.0,0.0,0.0,0.0,0.0,1.0,0.0,0.002470728475600481,0.3644254207611084,0.22124342620372772,0.0074698892422020435,0.0,0.10464755445718765,0.10459630936384201,0.10459630936384201,0.10838426649570465,0.017520733177661896,-1.556135914571044e-10,0.0,0.0,4.650744915008545,4.650744915008545,1.2941752672195435,1.2941752672195435,0.4976835548877716,0.0,0.0,0.0,0.0,0.29828569293022156,0.13291224837303162,0.001445898786187172,0.8781211376190186,0.5640829801559448,0.06864277273416519,1.2178964614868164,1.330905556678772,1.2941752672195435,1.2839237451553345,1.3878064155578613,0.27473247051239014,0.0348578505218029,1.0,1.5818593502044678,1.581458568572998,1.5604279041290283,0.0,8.0,0.0,0.0,0.0,0.0,0.0,0.0,,,,,,,,,,,,,,,,,,,,,,0.001
17,5420,train,0.05382658913731575,0.09849027544260025,0.09831797331571579,0.0,0.004949081689119339,0.004949081689119339,0.0,4.5077009201049805,3.5000000934815034e-05,0.017500000074505806,0.017500000074505806,0.017500000074505806,0.0003499999875202775,0.0003499999875202775,0.3499999940395355,0.0735577940940857,0.013984113931655884,0.0,0.0,0.0,0.0,0.0,0.0,0.0,0.0,-1.8457800149917603,-1.8457800149917603,1.0,-1.8457800149917603,-1.8457800149917603,-1.824692726135254,0.0,-4.693551063537598,1.4217134714126587,1.0,0.0735577940940857,1.0,0.0,0.0,0.0735577940940857,0.0,0.0,0.013984113931655884,0.0,0.28601589798927307,0.08512591570615768,0.04172118008136749,0.6399209499359131,0.5490162372589111,0.0,0.0,0.0,0.0,0.0,0.0,0.0,0.0,1.0,0.0,0.0015169987455010414,0.39320769906044006,0.21952053904533386,0.007285322528332472,0.0,0.09831797331571579,0.09849027544260025,0.09849027544260025,0.1115807369351387,0.04513127729296684,-3.065044884564827e-10,0.0,0.0,4.683491230010986,4.683491230010986,1.2674003839492798,1.2674003839492798,0.5297579169273376,0.0,0.0,0.0,0.0,0.28601589798927307,0.13667888939380646,0.0006937547586858273,0.8638321161270142,0.5490162372589111,0.06335784494876862,1.207435131072998,1.2964298725128174,1.2674003839492798,1.2856131792068481,1.4217134714126587,0.26809293031692505,0.03360661491751671,1.0,1.618250846862793,1.6157563924789429,1.5635260343551636,0.0,8.0,0.0,0.0,0.0,0.0,0.0,0.0,,,,,,,,,,,,,,,,,,,,,,0.001
17,5440,train,0.06229782849550247,0.10543188452720642,0.10571181029081345,0.0,0.004517215304076672,0.004517215304076672,0.0,4.501287937164307,3.5000000934815034e-05,0.017500000074505806,0.017500000074505806,0.017500000074505806,0.0003499999875202775,0.0003499999875202775,0.3499999940395355,0.07515571266412735,0.018629640340805054,0.0,0.0,0.0,0.0,0.0,0.0,0.0,0.0,-1.844166874885559,-1.844166874885559,1.0,-1.844166874885559,-1.844166874885559,-1.8272310495376587,0.0,-4.674999237060547,1.4298253059387207,1.0,0.07515571266412735,1.0,0.0,0.0,0.07515571266412735,0.0,0.0,0.018629640340805054,0.0,0.2813703715801239,0.07997404038906097,0.050080716609954834,0.7361959218978882,0.549561083316803,0.0,0.0,0.0,0.0,0.0,0.0,0.0,0.0,1.0,0.0,0.0030157214496284723,0.3898472189903259,0.22612284123897552,0.007488638628274202,0.0,0.10571181029081345,0.10543188452720642,0.10543188452720642,0.12611627578735352,0.018676860257983208,-1.5533130337530565e-10,0.0,0.0,4.657996654510498,4.657996654510498,1.294351577758789,1.294351577758789,0.5704658627510071,0.0,0.0,0.0,0.0,0.2813703715801239,0.12971386313438416,0.0015322230756282806,0.8883066773414612,0.549561083316803,0.047993261367082596,1.203462839126587,1.3365225791931152,1.294351577758789,1.2592486143112183,1.4298253059387207,0.27101585268974304,0.03445333242416382,1.0,1.5816519260406494,1.5917470455169678,1.5913617610931396,0.0,8.0,0.0,0.0,0.0,0.0,0.0,0.0,,,,,,,,,,,,,,,,,,,,,,0.001
17,5460,train,0.05855470895767212,0.1037394106388092,0.1041584238409996,0.0,0.0045555648393929005,0.0045555648393929005,0.0,4.489143371582031,3.5000000934815034e-05,0.017500000074505806,0.017500000074505806,0.017500000074505806,0.0003499999875202775,0.0003499999875202775,0.3499999940395355,0.08836790174245834,0.018006205558776855,0.0,0.0,0.0,0.0,0.0,0.0,0.0,0.0,-1.8940131664276123,-1.8940131664276123,1.0,-1.8940131664276123,-1.8940131664276123,-1.8838483095169067,0.0,-4.791071891784668,1.3517996072769165,1.0,0.08836790174245834,1.0,0.0,0.0,0.08836790174245834,0.0,0.0,0.018006205558776855,0.0,0.3180062174797058,0.0698276162147522,0.08275860548019409,0.6608880758285522,0.5889456272125244,0.0,0.0,0.0,0.0,0.0,0.0,0.0,0.0,1.0,0.0,0.0020251930691301823,0.375871866941452,0.20960816740989685,0.0075605688616633415,0.0,0.1041584238409996,0.1037394106388092,0.1037394106388092,0.10490947216749191,0.05119066312909126,5.509715600426901e-11,0.0,0.0,4.665039539337158,4.665039539337158,1.2450716495513916,1.2450716495513916,0.48670461773872375,0.0,0.0,0.0,0.0,0.3180062174797058,0.12170253694057465,0.0021570317912846804,0.8399231433868408,0.5889456272125244,0.06963848322629929,1.2179874181747437,1.2638335227966309,1.2450716495513916,1.2504603862762451,1.3517996072769165,0.2776733934879303,0.03502865508198738,1.0,1.561157464981079,1.5354602336883545,1.51988685131073,0.0,8.0,0.0,0.0,0.0,0.0,0.0,0.0,,,,,,,,,,,,,,,,,,,,,,0.001
17,5480,train,0.05832568556070328,0.10368010401725769,0.10371877998113632,0.0,0.005507023073732853,0.005507023073732853,0.0,4.489112854003906,3.5000000934815034e-05,0.017500000074505806,0.017500000074505806,0.017500000074505806,0.0003499999875202775,0.0003499999875202775,0.3499999940395355,0.08908752351999283,0.0019367635250091553,0.0,0.0,0.0,0.0,0.0,0.0,0.0,0.0,-1.8966721296310425,-1.8966721296310425,1.0,-1.8966721296310425,-1.8966721296310425,-1.8768458366394043,0.0,-4.772781848907471,1.375917673110962,1.0,0.08908752351999283,1.0,0.0,0.0,0.08908752351999283,0.0,0.0,0.0019367635250091553,0.0,0.2980632185935974,0.08429163694381714,0.0734662413597107,0.6612717509269714,0.5673552751541138,0.0,0.0,0.0,0.0,0.0,0.0,0.0,0.0,1.0,0.0,-0.00023147584579419345,0.38653117418289185,0.21673348546028137,0.007598036900162697,0.0,0.10371877998113632,0.10368010401725769,0.10368010401725769,0.10760931670665741,0.05075523257255554,-1.4910478407514915e-10,0.0,0.0,4.709850311279297,4.709850311279297,1.2602143287658691,1.2602143287658691,0.5034282803535461,0.0,0.0,0.0,0.0,0.2980632483959198,0.12747864425182343,0.0023381728678941727,0.827958881855011,0.5673552751541138,0.05549938976764679,1.1954610347747803,1.2919344902038574,1.2602143287658691,1.275924801826477,1.375917673110962,0.26822879910469055,0.034354403614997864,1.0,1.5431373119354248,1.5545470714569092,1.500588297843933,0.0,8.0,0.0,0.0,0.0,0.0,0.0,0.0,,,,,,,,,,,,,,,,,,,,,,0.001
17,5500,train,0.04968811944127083,0.09589321166276932,0.09597661346197128,0.0,0.004571474622935057,0.004571474622935057,0.0,4.503966808319092,3.5000000934815034e-05,0.017500000074505806,0.017500000074505806,0.017500000074505806,0.0003499999875202775,0.0003499999875202775,0.3499999940395355,0.1044209823012352,0.0008361339569091797,0.0,0.0,0.0,0.0,0.0,0.0,0.0,0.0,-1.8764257431030273,-1.8764257431030273,1.0,-1.8764257431030273,-1.8764257431030273,-1.85551118850708,0.0,-4.728043079376221,1.385699987411499,1.0,0.1044209823012352,1.0,0.0,0.0,0.1044209823012352,0.0,0.0,0.0008361339569091797,0.0,0.2991638779640198,0.08103121817111969,0.06541281938552856,0.6761084794998169,0.5665372610092163,0.0,0.0,0.0,0.0,0.0,0.0,0.0,0.0,1.0,0.0,0.0019466098165139556,0.3749457001686096,0.22156058251857758,0.007403976283967495,0.0,0.09597661346197128,0.09589321166276932,0.09589321166276932,0.1034570038318634,0.04442483186721802,-9.119917321331883e-11,0.0,0.0,4.716315269470215,4.716315269470215,1.2942918539047241,1.2942918539047241,0.48277226090431213,0.0,0.0,0.0,0.0,0.2991638779640198,0.13036683201789856,0.0016965371323749423,0.8405498266220093,0.5665372610092163,0.06102941557765007,1.2160459756851196,1.3347514867782593,1.2942918539047241,1.2505136728286743,1.385699987411499,0.27470025420188904,0.03488494083285332,1.0,1.5947459936141968,1.608581304550171,1.5946426391601562,0.0,8.0,0.0,0.0,0.0,0.0,0.0,0.0,,,,,,,,,,,,,,,,,,,,,,0.001
17,5520,train,0.04961612820625305,0.09526416659355164,0.09531034529209137,0.0,0.0045986296609044075,0.0045986296609044075,0.0,4.49293851852417,3.5000000934815034e-05,0.017500000074505806,0.017500000074505806,0.017500000074505806,0.0003499999875202775,0.0003499999875202775,0.3499999940395355,0.06291979551315308,0.0013799667358398438,0.0,0.0,0.0,0.0,0.0,0.0,0.0,0.0,-1.8562955856323242,-1.8562955856323242,1.0,-1.8562955856323242,-1.8562955856323242,-1.8370164632797241,0.0,-4.689379692077637,1.394826889038086,1.0,0.06291979551315308,1.0,0.0,0.0,0.06291979551315308,0.0,0.0,0.0013799667358398438,0.0,0.3013799786567688,0.08177626878023148,0.05075360834598541,0.6968761682510376,0.5677186250686646,0.0,0.0,0.0,0.0,0.0,0.0,0.0,0.0,1.0,0.0,0.001889547216705978,0.3845130205154419,0.2190057337284088,0.0075327083468437195,0.0,0.09531034529209137,0.09526416659355164,0.09526416659355164,0.12559406459331512,0.049406811594963074,-8.991285493920032e-11,0.0,0.0,4.768057346343994,4.768057346343994,1.2701869010925293,1.2701869010925293,0.5968288779258728,0.0,0.0,0.0,0.0,0.3013799786567688,0.13135094940662384,0.0016179165104404092,0.860773503780365,0.5677186250686646,0.06352635473012924,1.204688549041748,1.3012921810150146,1.2701869010925293,1.2557029724121094,1.394826889038086,0.271281361579895,0.03468037024140358,1.0,1.6351109743118286,1.599016547203064,1.587268590927124,0.0,8.0,0.0,0.0,0.0,0.0,0.0,0.0,,,,,,,,,,,,,,,,,,,,,,0.001
17,5540,train,0.06463480740785599,0.10873168706893921,0.10872787982225418,0.0,0.004961875267326832,0.004961875267326832,0.0,4.48875617980957,3.5000000934815034e-05,0.017500000074505806,0.017500000074505806,0.017500000074505806,0.0003499999875202775,0.0003499999875202775,0.3499999940395355,0.08372646570205688,0.005218207836151123,0.0,0.0,0.0,0.0,0.0,0.0,0.0,0.0,-1.8890724182128906,-1.8890724182128906,1.0,-1.8890724182128906,-1.8890724182128906,-1.8740286827087402,0.0,-4.775045871734619,1.3791619539260864,1.0,0.08372646570205688,1.0,0.0,0.0,0.08372646570205688,0.0,0.0,0.005218207836151123,0.0,0.29478180408477783,0.07187303155660629,0.08539985865354538,0.6382821798324585,0.5710271596908569,0.0,0.0,0.0,0.0,0.0,0.0,0.0,0.0,1.0,0.0,0.002449583960697055,0.3844774067401886,0.2132892906665802,0.007548488676548004,0.0,0.10872787982225418,0.10873168706893921,0.10873168706893921,0.1226791962981224,0.024238210171461105,-2.313656349839377e-10,0.0,0.0,4.797670841217041,4.797670841217041,1.2639597654342651,1.2639597654342651,0.5799360275268555,0.0,0.0,0.0,0.0,0.29478180408477783,0.11752603948116302,0.0028354297392070293,0.8619380593299866,0.5710271596908569,0.043305762112140656,1.2173457145690918,1.2867385149002075,1.2639597654342651,1.2481350898742676,1.3791619539260864,0.27317163348197937,0.03546874597668648,1.0,1.4623929262161255,1.5012916326522827,1.4815175533294678,0.0,8.0,0.0,0.0,0.0,0.0,0.0,0.0,,,,,,,,,,,,,,,,,,,,,,0.001
17,5560,train,0.06329142302274704,0.10764995217323303,0.10772357136011124,0.0,0.005245010834187269,0.005245010834187269,0.0,4.489038944244385,3.5000000934815034e-05,0.017500000074505806,0.017500000074505806,0.017500000074505806,0.0003499999875202775,0.0003499999875202775,0.3499999940395355,0.08819052577018738,0.014095604419708252,0.0,0.0,0.0,0.0,0.0,0.0,0.0,0.0,-1.8910841941833496,-1.8910841941833496,1.0,-1.8910841941833496,-1.8910844326019287,-1.8741717338562012,0.0,-4.752314567565918,1.3987371921539307,1.0,0.08819052577018738,1.0,0.0,0.0,0.08819052577018738,0.0,0.0,0.014095604419708252,0.0,0.2859043776988983,0.074957475066185,0.05165715143084526,0.6743720769882202,0.5586725473403931,0.0,0.0,0.0,0.0,0.0,0.0,0.0,0.0,1.0,0.0,0.00038734209374524653,0.3720203936100006,0.21880225837230682,0.007598139811307192,0.0,0.10772357136011124,0.10764995217323303,0.10764995217323303,0.11415228247642517,0.0418926440179348,1.830284951376271e-10,0.0,0.0,4.5946736335754395,4.5946736335754395,1.2650047540664673,1.2650047540664673,0.528864324092865,0.0,0.0,0.0,0.0,0.2859044075012207,0.12281695008277893,0.002489046659320593,0.8714776039123535,0.5586725473403931,0.04007353261113167,1.1868679523468018,1.3025469779968262,1.2650047540664673,1.2761718034744263,1.3987371921539307,0.2740294933319092,0.035400908440351486,1.0,1.45986008644104,1.5679090023040771,1.5816717147827148,0.0,8.0,0.0,0.0,0.0,0.0,0.0,0.0,,,,,,,,,,,,,,,,,,,,,,0.001
17,5580,train,0.06515024602413177,0.10832039266824722,0.10868608951568604,0.0,0.005089010111987591,0.005089010111987591,0.0,4.484590530395508,3.5000000934815034e-05,0.017500000074505806,0.017500000074505806,0.017500000074505806,0.0003499999875202775,0.0003499999875202775,0.3499999940395355,0.07069338113069534,0.015808016061782837,0.0,0.0,0.0,0.0,0.0,0.0,0.0,0.0,-1.862390160560608,-1.862390160560608,1.0,-1.862390160560608,-1.862390160560608,-1.8517359495162964,0.0,-4.725912570953369,1.4121441841125488,1.0,0.07069338113069534,1.0,0.0,0.0,0.07069338113069534,0.0,0.0,0.015808016061782837,0.0,0.3158080279827118,0.08170079439878464,0.05924390256404877,0.7142856121063232,0.586043655872345,0.0,0.0,0.0,0.0,0.0,0.0,0.0,0.0,1.0,0.0,0.0021210494451224804,0.38843098282814026,0.20877055823802948,0.007569232489913702,0.0,0.10868608951568604,0.10832039266824722,0.10832039266824722,0.11823931336402893,0.03385090455412865,-3.465204234665009e-10,0.0,0.0,4.907487392425537,4.907487392425537,1.254317045211792,1.254317045211792,0.5789372324943542,0.0,0.0,0.0,0.0,0.3158080279827118,0.12365885078907013,0.004050454590469599,0.8688931465148926,0.586043655872345,0.06792280077934265,1.2239967584609985,1.2727115154266357,1.254317045211792,1.270127773284912,1.4121441841125488,0.2812267541885376,0.03599308431148529,1.0,1.5416146516799927,1.5295146703720093,1.6203851699829102,0.0,8.0,0.0,0.0,0.0,0.0,0.0,0.0,,,,,,,,,,,,,,,,,,,,,,0.001
17,5600,train,0.07031743228435516,0.1133723109960556,0.11363543570041656,0.0,0.004416925832629204,0.004416925832629204,0.0,4.487399578094482,3.5000000934815034e-05,0.017500000074505806,0.017500000074505806,0.017500000074505806,0.0003499999875202775,0.0003499999875202775,0.3499999940395355,0.07936761528253555,0.0008203983306884766,0.0,0.0,0.0,0.0,0.0,0.0,0.0,0.0,-1.8869823217391968,-1.8869823217391968,1.0,-1.8869823217391968,-1.8869823217391968,-1.8716092109680176,0.0,-4.7677764892578125,1.3666679859161377,1.0,0.07936761528253555,1.0,0.0,0.0,0.07936761528253555,0.0,0.0,0.0008203983306884766,0.0,0.30082038044929504,0.08410987257957458,0.06322856992483139,0.6665213108062744,0.5701470375061035,0.0,0.0,0.0,0.0,0.0,0.0,0.0,0.0,1.0,0.0,0.003137741470709443,0.3832016885280609,0.21113739907741547,0.00752579839900136,0.0,0.11363543570041656,0.1133723109960556,0.1133723109960556,0.11151257902383804,0.04586377367377281,1.9372811688178615e-10,0.0,0.0,4.7737836837768555,4.7737836837768555,1.2469030618667603,1.2469030618667603,0.5071764588356018,0.0,0.0,0.0,0.0,0.30082041025161743,0.12741774320602417,0.0023459396325051785,0.8320059180259705,0.5701470375061035,0.059543509036302567,1.200871467590332,1.2680612802505493,1.2469030618667603,1.2484965324401855,1.3666679859161377,0.27918723225593567,0.03626221418380737,1.0,1.6807031631469727,1.5363978147506714,1.561067819595337,0.0,8.0,0.0,0.0,0.0,0.0,0.0,0.0,,,,,,,,,,,,,,,,,,,,,,0.001
17,5620,train,0.0587906688451767,0.10300380736589432,0.10300609469413757,0.0,0.00519176060333848,0.00519176060333848,0.0,4.492031097412109,3.5000000934815034e-05,0.017500000074505806,0.017500000074505806,0.017500000074505806,0.0003499999875202775,0.0003499999875202775,0.3499999940395355,0.07845227420330048,0.0015690922737121582,0.0,0.0,0.0,0.0,0.0,0.0,0.0,0.0,-1.859726905822754,-1.859726905822754,1.0,-1.859726905822754,-1.859726905822754,-1.8375002145767212,0.0,-4.716215133666992,1.430732250213623,1.0,0.07845227420330048,1.0,0.0,0.0,0.07845227420330048,0.0,0.0,0.0015690922737121582,0.0,0.3015691041946411,0.07975990325212479,0.04653671383857727,0.6578204035758972,0.5723656415939331,0.0,0.0,0.0,0.0,0.0,0.0,0.0,0.0,1.0,0.0,0.000993014662526548,0.3847750425338745,0.22152453660964966,0.007563188672065735,0.0,0.10300609469413757,0.10300380736589432,0.10300380736589432,0.13161706924438477,0.05252484977245331,-8.738342688330292e-11,0.0,0.0,4.9151434898376465,4.9151434898376465,1.294966459274292,1.294966459274292,0.6664149165153503,0.0,0.0,0.0,0.0,0.3015691041946411,0.12483435124158859,0.0012339524691924453,0.8494697213172913,0.5723656415939331,0.053262870758771896,1.2320550680160522,1.3263169527053833,1.294966459274292,1.2782268524169922,1.430732250213623,0.2802446782588959,0.03613701090216637,1.0,1.5233862400054932,1.5590736865997314,1.5410284996032715,0.0,8.0,0.0,0.0,0.0,0.0,0.0,0.0,,,,,,,,,,,,,,,,,,,,,,0.001
17,5640,train,0.05877464637160301,0.10404486954212189,0.10406579077243805,0.0,0.004747551400214434,0.004747551400214434,0.0,4.49302864074707,3.5000000934815034e-05,0.017500000074505806,0.017500000074505806,0.017500000074505806,0.0003499999875202775,0.0003499999875202775,0.3499999940395355,0.09131541848182678,0.01203104853630066,0.0,0.0,0.0,0.0,0.0,0.0,0.0,0.0,-1.8959968090057373,-1.8959968090057373,1.0,-1.8959968090057373,-1.8959968090057373,-1.8776946067810059,0.0,-4.768550395965576,1.3761383295059204,1.0,0.09131541848182678,1.0,0.0,0.0,0.09131541848182678,0.0,0.0,0.01203104853630066,0.0,0.3120310604572296,0.07803692668676376,0.07663148641586304,0.7260005474090576,0.5805963277816772,0.0,0.0,0.0,0.0,0.0,0.0,0.0,0.0,1.0,0.0,0.0017937710508704185,0.37335115671157837,0.22124914824962616,0.007563257124274969,0.0,0.10406579077243805,0.10404486954212189,0.10404486954212189,0.12593570351600647,0.03315506502985954,1.3789183683776685e-10,0.0,0.0,4.771145343780518,4.771145343780518,1.3041785955429077,1.3041785955429077,0.585097074508667,0.0,0.0,0.0,0.0,0.3120310604572296,0.1263880580663681,0.002044003689661622,0.8783261179924011,0.5805963277816772,0.06371017545461655,1.2326709032058716,1.3399708271026611,1.3041785955429077,1.254360318183899,1.3761383295059204,0.2803667187690735,0.03623928874731064,1.0,1.5349900722503662,1.582349181175232,1.5728425979614258,0.0,8.0,0.0,0.0,0.0,0.0,0.0,0.0,,,,,,,,,,,,,,,,,,,,,,0.001
17,5660,train,0.06959507614374161,0.11350831389427185,0.1136046051979065,0.0,0.0049076625145971775,0.0049076625145971775,0.0,4.477817058563232,3.5000000934815034e-05,0.017500000074505806,0.017500000074505806,0.017500000074505806,0.0003499999875202775,0.0003499999875202775,0.3499999940395355,0.07602109014987946,0.0008102655410766602,0.0,0.0,0.0,0.0,0.0,0.0,0.0,0.0,-1.9115331172943115,-1.9115331172943115,1.0,-1.9115331172943115,-1.9115331172943115,-1.8950223922729492,0.0,-4.808107852935791,1.3309818506240845,1.0,0.07602109014987946,1.0,0.0,0.0,0.07602109014987946,0.0,0.0,0.0008102655410766602,0.0,0.300810307264328,0.07757359743118286,0.03717787191271782,0.6636857986450195,0.5704866647720337,0.0,0.0,0.0,0.0,0.0,0.0,0.0,0.0,1.0,0.0,0.0018643810180947185,0.3751118779182434,0.21091949939727783,0.007737497799098492,0.0,0.1136046051979065,0.11350831389427185,0.11350831389427185,0.12492372840642929,0.04489928111433983,1.0533961203318398e-10,0.0,0.0,4.740919589996338,4.740919589996338,1.2516554594039917,1.2516554594039917,0.5934253334999084,0.0,0.0,0.0,0.0,0.3008102774620056,0.1270413100719452,0.0010956497862935066,0.911540687084198,0.5704866647720337,0.059283092617988586,1.1993211507797241,1.2789028882980347,1.2516554594039917,1.2401387691497803,1.3309818506240845,0.28061729669570923,0.03607117384672165,1.0,1.5434186458587646,1.5730136632919312,1.5403684377670288,0.0,8.0,0.0,0.0,0.0,0.0,0.0,0.0,,,,,,,,,,,,,,,,,,,,,,0.001
17,5678,train_epoch,0.06017670459197667,0.10421047540392704,0.10441471687601712,0.0,0.004899942005209312,0.004899942005209312,0.0,4.494244676864076,3.5000000934815034e-05,0.017500000074505806,0.017500000074505806,0.017500000074505806,0.0003499999875202775,0.0003499999875202775,0.3499999940395355,0.08306729765664675,0.008181225486144333,0.0,0.0,0.0,0.0,0.0,0.0,0.0,0.0,-1.8626199739421914,-1.8626199739421914,1.0,-1.8626199739421914,-1.8626199846496125,-1.8439955668535062,0.0,-4.70762038230896,1.4162844255298912,1.0,0.08306729765664675,1.0,0.0,0.0,0.08306729765664675,0.0,0.0,0.008181225486144333,0.0,0.29975582266639095,0.08027213461652487,0.05860415673229152,0.6650710753694979,0.5680689977671571,0.0,0.0,0.0,0.0,0.0,0.0,0.0,0.0,1.0,0.0,0.0016581621634097115,0.3811291382162871,0.21931641263340762,0.00752636952420507,0.0,0.10441471687601712,0.10421047540392704,0.10421047540392704,0.11281540742266678,0.037200040686046036,-5.407050267542644e-12,0.0,0.0,4.690559658461702,4.690559647040453,1.2759816907123178,1.2759816907123178,0.531862168165738,0.0,0.0,0.0,0.0,0.2997558296262147,0.12840724680684285,0.0015080629844545432,0.8640428478132465,0.5680689977671571,0.06062668215059592,1.2129299098146176,1.308411322311013,1.2759816907123178,1.274457195918717,1.4162844255298912,0.2745404768132878,0.035139635138347475,1.0,1.5702413238451152,1.5725616266627511,1.5725025456108732,0.0,8.0,0.0,0.0,0.0,0.0,0.0,0.0,,,,,,,,,,,,,,,,,,,,,,0.001
17,5678,val,,,,,,,,,,,,,,,,,,,,,,,,,,,,,,,,,,,,,,,,,,,,,,,,,,,,,,,,,,,,,,,,,,,,,,,,,,,,,,,,,,,,,,,,,,,,,,,,,,,,,,,,,,,52.14100367682321,8644.906127929688,92.97798732995723,90.57123626981463,28.247486455099924,14.445611174617495,23.46845041700245,9.6647050849029,6.700750338179724,15.632313251495361,25.54169914772791,11.235393664666585,7.289186498948506,132.66345201219832,158.69804966176522,279.2704851286752,77.97986875261579,52.14100367682321,92.97798732995723,90.57123626981463,28.247486455099924,0.001
17,5678,test,,,,,,,,,,,,,,,,,,,,,,,,,,,,,,,,,,,,,,,,,,,,,,,,,,,,,,,,,,,,,,,,,,,,,,,,,,,,,,,,,,,,,,,,,,,,,,,,,,,,,,,,,,,59.27669024467468,9843.15213884626,99.21266118216093,86.86418798991612,32.36059272289276,20.264391396726882,30.898504291370603,15.923250406980515,9.415722059352058,25.878300309181213,39.43248097093897,20.74195886509759,11.980169125965663,139.90482105527605,167.76499531811638,254.5409257752555,84.11405559948513,59.27669024467468,99.21266118216093,86.86418798991612,32.36059272289276,0.001
18,5680,train,0.10156599432229996,0.14726552367210388,0.14717401564121246,0.0,0.004516026005148888,0.004516026005148888,0.0,4.4856276512146,3.9999998989515007e-05,0.019999999552965164,0.019999999552965164,0.019999999552965164,0.00039999998989515007,0.00039999998989515007,0.4000000059604645,0.07760607451200485,0.0009275674819946289,0.0,0.0,0.0,0.0,0.0,0.0,0.0,0.0,-1.8858871459960938,-1.8858871459960938,1.0,-1.8858871459960938,-1.8858871459960938,-1.8712854385375977,0.0,-4.763199806213379,1.3525378704071045,1.0,0.07760607451200485,1.0,0.0,0.0,0.07760607451200485,0.0,0.0,0.0009275674819946289,0.0,0.3009275794029236,0.08123543113470078,0.05337314307689667,0.6645621657371521,0.5714060068130493,0.0,0.0,0.0,0.0,0.0,0.0,0.0,0.0,1.0,0.0,0.0028075012378394604,0.38506025075912476,0.21324700117111206,0.0076059382408857346,0.0,0.14717401564121246,0.14726552367210388,0.14726552367210388,0.11752436310052872,0.045892998576164246,2.320513087239462e-10,0.0,0.0,4.869946479797363,4.869946479797363,1.2516330480575562,1.2516330480575562,0.5758350491523743,0.0,0.0,0.0,0.0,0.3009275794029236,0.1263715922832489,0.0013938095653429627,0.8893989324569702,0.5714060068130493,0.059941790997982025,1.207470417022705,1.2767642736434937,1.2516330480575562,1.2405718564987183,1.3525378704071045,0.2802271842956543,0.03595023602247238,1.0,1.4938750267028809,1.5474529266357422,1.531038761138916,0.0,9.0,0.0,0.0,0.0,0.0,0.0,0.0,,,,,,,,,,,,,,,,,,,,,,0.001
18,5700,train,0.05586813762784004,0.107630155980587,0.10816807299852371,0.0,0.006080846767872572,0.006080846767872572,0.0,4.497525215148926,3.9999998989515007e-05,0.019999999552965164,0.019999999552965164,0.019999999552965164,0.00039999998989515007,0.00039999998989515007,0.4000000059604645,0.07085522264242172,0.015119820833206177,0.0,0.0,0.0,0.0,0.0,0.0,0.0,0.0,-1.843288540840149,-1.843288540840149,1.0,-1.843288540840149,-1.843288540840149,-1.8240793943405151,0.0,-4.677196025848389,1.43746817111969,1.0,0.07085522264242172,1.0,0.0,0.0,0.07085522264242172,0.0,0.0,0.015119820833206177,0.0,0.2848801910877228,0.07858943939208984,0.032689087092876434,0.6553080081939697,0.5586898326873779,0.0,0.0,0.0,0.0,0.0,0.0,0.0,0.0,1.0,0.0,0.0018137821462005377,0.38867223262786865,0.22607755661010742,0.007516471669077873,0.0,0.10816807299852371,0.107630155980587,0.107630155980587,0.12448185682296753,0.051928095519542694,-9.677025847310006e-11,0.0,0.0,4.703543186187744,4.703543186187744,1.3036272525787354,1.3036272525787354,0.619644284248352,0.0,0.0,0.0,0.0,0.2848801910877228,0.12111543118953705,0.0015635035233572125,0.8240383863449097,0.5586898326873779,0.03895527124404907,1.2392619848251343,1.3342753648757935,1.3036272525787354,1.3040845394134521,1.43746817111969,0.34355372190475464,0.04131146892905235,1.0,1.5521912574768066,1.533590316772461,1.5026544332504272,0.0,9.0,0.0,0.0,0.0,0.0,0.0,0.0,,,,,,,,,,,,,,,,,,,,,,0.001
18,5720,train,0.048263732343912125,0.10138589888811111,0.10133145749568939,0.0,0.0052904109470546246,0.0052904109470546246,0.0,4.488941192626953,3.9999998989515007e-05,0.019999999552965164,0.019999999552965164,0.019999999552965164,0.00039999998989515007,0.00039999998989515007,0.4000000059604645,0.08292471617460251,0.0007378160953521729,0.0,0.0,0.0,0.0,0.0,0.0,0.0,0.0,-1.8426822423934937,-1.8426822423934937,1.0,-1.8426822423934937,-1.8426822423934937,-1.823739767074585,0.0,-4.663132190704346,1.4827884435653687,1.0,0.08292471617460251,1.0,0.0,0.0,0.08292471617460251,0.0,0.0,0.0007378160953521729,0.0,0.2992621958255768,0.08178336918354034,0.07022039592266083,0.6770833730697632,0.5677047967910767,0.0,0.0,0.0,0.0,0.0,0.0,0.0,0.0,1.0,0.0,0.0014886261196807027,0.3766985833644867,0.22217890620231628,0.007613588590174913,0.0,0.10133145749568939,0.10138589888811111,0.10138589888811111,0.10674092918634415,0.03726852685213089,7.33474808667367e-11,0.0,0.0,4.7327399253845215,4.7327399253845215,1.2882955074310303,1.2882955074310303,0.5211721062660217,0.0,0.0,0.0,0.0,0.2992621958255768,0.1291050761938095,0.001879580901004374,0.8397302627563477,0.5677047967910767,0.061243876814842224,1.2295756340026855,1.3176404237747192,1.2882955074310303,1.3158864974975586,1.4827884435653687,0.3459680378437042,0.04142027348279953,1.0,1.4991364479064941,1.5504589080810547,1.5556293725967407,0.0,9.0,0.0,0.0,0.0,0.0,0.0,0.0,,,,,,,,,,,,,,,,,,,,,,0.001
18,5740,train,0.056918930262327194,0.1094970703125,0.11002564430236816,0.0,0.005319761112332344,0.005319761112332344,0.0,4.488825798034668,3.9999998989515007e-05,0.019999999552965164,0.019999999552965164,0.019999999552965164,0.00039999998989515007,0.00039999998989515007,0.4000000059604645,0.07869844883680344,0.0005792975425720215,0.0,0.0,0.0,0.0,0.0,0.0,0.0,0.0,-1.8725229501724243,-1.8725229501724243,1.0,-1.8725229501724243,-1.8725229501724243,-1.8597151041030884,0.0,-4.733503818511963,1.402064561843872,1.0,0.07869844883680344,1.0,0.0,0.0,0.07869844883680344,0.0,0.0,0.0005792975425720215,0.0,0.2994207441806793,0.0717686340212822,0.043644677847623825,0.6385077834129333,0.5750669836997986,0.0,0.0,0.0,0.0,0.0,0.0,0.0,0.0,1.0,0.0,0.0023453887552022934,0.37672877311706543,0.21972696483135223,0.007582624908536673,0.0,0.11002564430236816,0.1094970703125,0.1094970703125,0.12586233019828796,0.027314623817801476,2.3493015866016265e-10,0.0,0.0,4.831885814666748,4.831885814666748,1.302162766456604,1.302162766456604,0.6107433438301086,0.0,0.0,0.0,0.0,0.29942071437835693,0.11731331050395966,0.002550264587625861,0.81171053647995,0.5750669836997986,0.03719362989068031,1.2476714849472046,1.3305187225341797,1.302162766456604,1.2750017642974854,1.402064561843872,0.33180689811706543,0.04010846093297005,1.0,1.43234384059906,1.545637845993042,1.5211950540542603,0.0,9.0,0.0,0.0,0.0,0.0,0.0,0.0,,,,,,,,,,,,,,,,,,,,,,0.001
18,5760,train,0.04595289006829262,0.10101450234651566,0.10103432834148407,0.0,0.004416520241647959,0.004416520241647959,0.0,4.481387138366699,3.9999998989515007e-05,0.019999999552965164,0.019999999552965164,0.019999999552965164,0.00039999998989515007,0.00039999998989515007,0.4000000059604645,0.08769437670707703,0.00860506296157837,0.0,0.0,0.0,0.0,0.0,0.0,0.0,0.0,-1.8893646001815796,-1.8893646001815796,1.0,-1.8893646001815796,-1.8893648386001587,-1.8771839141845703,0.0,-4.757700443267822,1.357604742050171,1.0,0.08769437670707703,1.0,0.0,0.0,0.08769437670707703,0.0,0.0,0.00860506296157837,0.0,0.3086050748825073,0.07871241867542267,0.061009638011455536,0.6604552865028381,0.5808464288711548,0.0,0.0,0.0,0.0,0.0,0.0,0.0,0.0,1.0,0.0,0.003380856476724148,0.36890992522239685,0.21753999590873718,0.00770615367218852,0.0,0.10103432834148407,0.10101450234651566,0.10101450234651566,0.11444767564535141,0.057134415954351425,-2.064498745568688e-11,0.0,0.0,4.893044948577881,4.893044948577881,1.272706151008606,1.272706151008606,0.5665560960769653,0.0,0.0,0.0,0.0,0.3086050748825073,0.12273182719945908,0.0009582676575519145,0.8895313739776611,0.5808464288711548,0.06116728484630585,1.2292606830596924,1.2971537113189697,1.272706151008606,1.2489643096923828,1.357604742050171,0.3260372579097748,0.039284318685531616,1.0,1.6045095920562744,1.5233691930770874,1.5354164838790894,0.0,9.0,0.0,0.0,0.0,0.0,0.0,0.0,,,,,,,,,,,,,,,,,,,,,,0.001
18,5780,train,0.0565045066177845,0.11017711460590363,0.11056030541658401,0.0,0.004706484265625477,0.004706484265625477,0.0,4.483184337615967,3.9999998989515007e-05,0.019999999552965164,0.019999999552965164,0.019999999552965164,0.00039999998989515007,0.00039999998989515007,0.4000000059604645,0.08243940770626068,0.012690544128417969,0.0,0.0,0.0,0.0,0.0,0.0,0.0,0.0,-1.9024044275283813,-1.9024044275283813,1.0,-1.9024044275283813,-1.9024044275283813,-1.8890269994735718,0.0,-4.779860496520996,1.4128845930099487,1.0,0.08243940770626068,1.0,0.0,0.0,0.08243940770626068,0.0,0.0,0.012690544128417969,0.0,0.31269052624702454,0.07701952755451202,0.07651354372501373,0.6936658620834351,0.5851907730102539,0.0,0.0,0.0,0.0,0.0,0.0,0.0,0.0,1.0,0.0,0.0035912899766117334,0.36235281825065613,0.2194303423166275,0.007659016642719507,0.0,0.11056030541658401,0.11017711460590363,0.11017711460590363,0.12613491714000702,0.04637826979160309,-2.2952735198589203e-11,0.0,0.0,4.556173324584961,4.556173324584961,1.3040010929107666,1.3040010929107666,0.5887795090675354,0.0,0.0,0.0,0.0,0.3126905560493469,0.12114395201206207,0.001205166568979621,0.8484848141670227,0.5851907730102539,0.059160541743040085,1.2526644468307495,1.3278993368148804,1.3040010929107666,1.2971938848495483,1.4128845930099487,0.3215761184692383,0.039309799671173096,1.0,1.476409912109375,1.5776675939559937,1.4978752136230469,0.0,9.0,0.0,0.0,0.0,0.0,0.0,0.0,,,,,,,,,,,,,,,,,,,,,,0.001
18,5800,train,0.04359336942434311,0.09774722158908844,0.0981202945113182,0.0,0.004711545538157225,0.004711545538157225,0.0,4.492641925811768,3.9999998989515007e-05,0.019999999552965164,0.019999999552965164,0.019999999552965164,0.00039999998989515007,0.00039999998989515007,0.4000000059604645,0.08187678456306458,0.0033360421657562256,0.0,0.0,0.0,0.0,0.0,0.0,0.0,0.0,-1.852148175239563,-1.852148175239563,1.0,-1.852148175239563,-1.852148175239563,-1.8346954584121704,0.0,-4.695560455322266,1.4458898305892944,1.0,0.08187678456306458,1.0,0.0,0.0,0.08187678456306458,0.0,0.0,0.0033360421657562256,0.0,0.30333608388900757,0.08316882699728012,0.10985812544822693,0.7076358199119568,0.5715916752815247,0.0,0.0,0.0,0.0,0.0,0.0,0.0,0.0,1.0,0.0,0.0022364852484315634,0.38051924109458923,0.2333550602197647,0.007619746960699558,0.0,0.0981202945113182,0.09774722158908844,0.09774722158908844,0.10552000254392624,0.021406544372439384,-3.604228027143108e-10,0.0,0.0,4.715009689331055,4.715009689331055,1.3663313388824463,1.3663313388824463,0.5006856918334961,0.0,0.0,0.0,0.0,0.3033360540866852,0.1288599818944931,0.006363537162542343,0.8786109089851379,0.5715916752815247,0.0641697347164154,1.2765871286392212,1.4119905233383179,1.3663313388824463,1.3336851596832275,1.4458898305892944,0.3211834132671356,0.0393974632024765,1.0,1.5718704462051392,1.540581226348877,1.5564161539077759,0.0,9.0,0.0,0.0,0.0,0.0,0.0,0.0,,,,,,,,,,,,,,,,,,,,,,0.001
18,5820,train,0.05544918403029442,0.10875502228736877,0.10884636640548706,0.0,0.004991384223103523,0.004991384223103523,0.0,4.4837212562561035,3.9999998989515007e-05,0.019999999552965164,0.019999999552965164,0.019999999552965164,0.00039999998989515007,0.00039999998989515007,0.4000000059604645,0.08359358459711075,0.003931313753128052,0.0,0.0,0.0,0.0,0.0,0.0,0.0,0.0,-1.8847324848175049,-1.8847324848175049,1.0,-1.8847324848175049,-1.8847326040267944,-1.8724720478057861,0.0,-4.7233686447143555,1.426922082901001,1.0,0.08359358459711075,1.0,0.0,0.0,0.08359358459711075,0.0,0.0,0.003931313753128052,0.0,0.303931325674057,0.0741349458694458,0.11992637813091278,0.6826304197311401,0.5784828662872314,0.0,0.0,0.0,0.0,0.0,0.0,0.0,0.0,1.0,0.0,0.002072033006697893,0.38196080923080444,0.21774807572364807,0.007624874357134104,0.0,0.10884636640548706,0.10875502228736877,0.10875502228736877,0.11861244589090347,0.03772781789302826,1.7677471986221605e-10,0.0,0.0,4.693542003631592,4.693542003631592,1.2871490716934204,1.2871490716934204,0.5544066429138184,0.0,0.0,0.0,0.0,0.303931325674057,0.11930708587169647,0.0037575175520032644,0.8369091153144836,0.5784828662872314,0.049096204340457916,1.2341948747634888,1.3162767887115479,1.2871490716934204,1.3078222274780273,1.426922082901001,0.324521541595459,0.03949420154094696,1.0,1.5430124998092651,1.5287812948226929,1.5301742553710938,0.0,9.0,0.0,0.0,0.0,0.0,0.0,0.0,,,,,,,,,,,,,,,,,,,,,,0.001
18,5840,train,0.04808558151125908,0.10093291848897934,0.10103851556777954,0.0,0.0050268922932446,0.0050268922932446,0.0,4.490548133850098,3.9999998989515007e-05,0.019999999552965164,0.019999999552965164,0.019999999552965164,0.00039999998989515007,0.00039999998989515007,0.4000000059604645,0.07310947775840759,0.00993114709854126,0.0,0.0,0.0,0.0,0.0,0.0,0.0,0.0,-1.8342105150222778,-1.8342105150222778,1.0,-1.8342105150222778,-1.834210753440857,-1.8141547441482544,0.0,-4.661961078643799,1.454573154449463,1.0,0.07310947775840759,1.0,0.0,0.0,0.07310947775840759,0.0,0.0,0.00993114709854126,0.0,0.2900688648223877,0.07066694647073746,0.06984350085258484,0.614770770072937,0.5646646022796631,0.0,0.0,0.0,0.0,0.0,0.0,0.0,0.0,1.0,0.0,0.0012917382409796119,0.38563767075538635,0.22707109153270721,0.007581496145576239,0.0,0.10103851556777954,0.10093291848897934,0.10093291848897934,0.11365942656993866,0.03714829683303833,-1.722919897029218e-11,0.0,0.0,4.650890350341797,4.650890350341797,1.318548321723938,1.318548321723938,0.5495254993438721,0.0,0.0,0.0,0.0,0.2900688648223877,0.11963066458702087,0.0010965117253363132,0.8258450627326965,0.5646646022796631,0.0365808829665184,1.2382936477661133,1.3550642728805542,1.318548321723938,1.3179610967636108,1.454573154449463,0.31243735551834106,0.038364227861166,1.0,1.4650914669036865,1.5352247953414917,1.5438443422317505,0.0,9.0,0.0,0.0,0.0,0.0,0.0,0.0,,,,,,,,,,,,,,,,,,,,,,0.001
18,5860,train,0.049245066940784454,0.10317359119653702,0.10325475037097931,0.0,0.004846991505473852,0.004846991505473852,0.0,4.4721360206604,3.9999998989515007e-05,0.019999999552965164,0.019999999552965164,0.019999999552965164,0.00039999998989515007,0.00039999998989515007,0.4000000059604645,0.0742802545428276,0.022073864936828613,0.0,0.0,0.0,0.0,0.0,0.0,0.0,0.0,-1.872346043586731,-1.872346043586731,1.0,-1.872346043586731,-1.872346043586731,-1.8610905408859253,0.0,-4.719752788543701,1.4389712810516357,1.0,0.0742802545428276,1.0,0.0,0.0,0.0742802545428276,0.0,0.0,0.022073864936828613,0.0,0.32207387685775757,0.07432705163955688,0.10772683471441269,0.6528705954551697,0.5910933613777161,0.0,0.0,0.0,0.0,0.0,0.0,0.0,0.0,1.0,0.0,0.0019512490835040808,0.3714597821235657,0.2184702605009079,0.007814411073923111,0.0,0.10325475037097931,0.10317359119653702,0.10317359119653702,0.11517209559679031,0.03232049569487572,2.0247087340052872e-10,0.0,0.0,4.741785526275635,4.741785526275635,1.2916041612625122,1.2916041612625122,0.561341404914856,0.0,0.0,0.0,0.0,0.32207387685775757,0.12423717975616455,0.005785326007753611,0.8511457443237305,0.5910933613777161,0.07752757519483566,1.2563037872314453,1.3164126873016357,1.2916041612625122,1.2948718070983887,1.4389712810516357,0.31965598464012146,0.039577096700668335,1.0,1.455828070640564,1.4942773580551147,1.5226410627365112,0.0,9.0,0.0,0.0,0.0,0.0,0.0,0.0,,,,,,,,,,,,,,,,,,,,,,0.001
18,5880,train,0.0540962815284729,0.10801159590482712,0.10799969732761383,0.0,0.0046103764325380325,0.0046103764325380325,0.0,4.478335857391357,3.9999998989515007e-05,0.019999999552965164,0.019999999552965164,0.019999999552965164,0.00039999998989515007,0.00039999998989515007,0.4000000059604645,0.07613877207040787,0.00691571831703186,0.0,0.0,0.0,0.0,0.0,0.0,0.0,0.0,-1.8954955339431763,-1.8954955339431763,1.0,-1.8954955339431763,-1.8954955339431763,-1.8797351121902466,0.0,-4.782604694366455,1.3837162256240845,1.0,0.07613877207040787,1.0,0.0,0.0,0.07613877207040787,0.0,0.0,0.00691571831703186,0.0,0.3069157302379608,0.07764659821987152,0.06997617334127426,0.6955587267875671,0.5762327909469604,0.0,0.0,0.0,0.0,0.0,0.0,0.0,0.0,1.0,0.0,0.002763123018667102,0.3793942332267761,0.2218931019306183,0.007747990544885397,0.0,0.10799969732761383,0.10801159590482712,0.10801159590482712,0.11962345242500305,0.035732269287109375,-2.50568732429457e-10,0.0,0.0,4.784884929656982,4.784884929656982,1.304855227470398,1.304855227470398,0.5820601582527161,0.0,0.0,0.0,0.0,0.3069157302379608,0.12748804688453674,0.00346994842402637,0.8916676640510559,0.5762327909469604,0.06697304546833038,1.2495328187942505,1.3331345319747925,1.304855227470398,1.2837426662445068,1.3837162256240845,0.31121060252189636,0.03872128948569298,1.0,1.5300171375274658,1.5306594371795654,1.446433663368225,0.0,9.0,0.0,0.0,0.0,0.0,0.0,0.0,,,,,,,,,,,,,,,,,,,,,,0.001
18,5900,train,0.04007652401924133,0.09546084702014923,0.09567821025848389,0.0,0.00462290458381176,0.00462290458381176,0.0,4.471746444702148,3.9999998989515007e-05,0.019999999552965164,0.019999999552965164,0.019999999552965164,0.00039999998989515007,0.00039999998989515007,0.4000000059604645,0.0790657177567482,0.010948508977890015,0.0,0.0,0.0,0.0,0.0,0.0,0.0,0.0,-1.8706824779510498,-1.8706824779510498,1.0,-1.8706824779510498,-1.8706824779510498,-1.853819489479065,0.0,-4.710418224334717,1.448890209197998,1.0,0.0790657177567482,1.0,0.0,0.0,0.0790657177567482,0.0,0.0,0.010948508977890015,0.0,0.31094852089881897,0.07877340912818909,0.06584742665290833,0.6114856004714966,0.581423819065094,0.0,0.0,0.0,0.0,0.0,0.0,0.0,0.0,1.0,0.0,0.0015280424850061536,0.3751171827316284,0.22867196798324585,0.007914642803370953,0.0,0.09567821025848389,0.09546084702014923,0.09546084702014923,0.11346135288476944,0.023279735818505287,1.3736935200459044e-10,0.0,0.0,4.683126926422119,4.683126926422119,1.3422305583953857,1.3422305583953857,0.5190344452857971,0.0,0.0,0.0,0.0,0.31094852089881897,0.12410905957221985,0.0022601536475121975,0.8625106811523438,0.581423819065094,0.06050858274102211,1.2656636238098145,1.3794604539871216,1.3422305583953857,1.3124058246612549,1.448890209197998,0.31324219703674316,0.03923635929822922,1.0,1.5205903053283691,1.4991908073425293,1.5027637481689453,0.0,9.0,0.0,0.0,0.0,0.0,0.0,0.0,,,,,,,,,,,,,,,,,,,,,,0.001
18,5920,train,0.05992034450173378,0.11106418818235397,0.11100606620311737,0.0,0.005607842467725277,0.005607842467725277,0.0,4.484888076782227,3.9999998989515007e-05,0.019999999552965164,0.019999999552965164,0.019999999552965164,0.00039999998989515007,0.00039999998989515007,0.4000000059604645,0.07375198602676392,0.0036798715591430664,0.0,0.0,0.0,0.0,0.0,0.0,0.0,0.0,-1.8416897058486938,-1.8416897058486938,1.0,-1.8416897058486938,-1.8416897058486938,-1.8274071216583252,0.0,-4.672364711761475,1.454708456993103,1.0,0.07375198602676392,1.0,0.0,0.0,0.07375198602676392,0.0,0.0,0.0036798715591430664,0.0,0.2963201403617859,0.07699265331029892,0.06385251134634018,0.669609010219574,0.5684940218925476,0.0,0.0,0.0,0.0,0.0,0.0,0.0,0.0,1.0,0.0,0.00017256458522751927,0.3918863832950592,0.22252793610095978,0.0076260981149971485,0.0,0.11100606620311737,0.11106418818235397,0.11106418818235397,0.119842030107975,0.0328291580080986,-4.181551285786789e-11,0.0,0.0,4.806118011474609,4.806118011474609,1.3078184127807617,1.3078184127807617,0.5894061923027039,0.0,0.0,0.0,0.0,0.2963201403617859,0.12418528646230698,0.000674596696626395,0.893703818321228,0.5684940218925476,0.05366115644574165,1.2581241130828857,1.3350539207458496,1.3078184127807617,1.3208394050598145,1.454708456993103,0.3141319453716278,0.038932688534259796,1.0,1.525507926940918,1.5580343008041382,1.5666451454162598,0.0,9.0,0.0,0.0,0.0,0.0,0.0,0.0,,,,,,,,,,,,,,,,,,,,,,0.001
18,5940,train,0.06110038608312607,0.11268079280853271,0.11274240165948868,0.0,0.005236038938164711,0.005236038938164711,0.0,4.475281715393066,3.9999998989515007e-05,0.019999999552965164,0.019999999552965164,0.019999999552965164,0.00039999998989515007,0.00039999998989515007,0.4000000059604645,0.074960857629776,0.002992957830429077,0.0,0.0,0.0,0.0,0.0,0.0,0.0,0.0,-1.8610951900482178,-1.8610951900482178,1.0,-1.8610951900482178,-1.8610951900482178,-1.844429850578308,0.0,-4.697690010070801,1.417871117591858,1.0,0.074960857629776,1.0,0.0,0.0,0.074960857629776,0.0,0.0,0.002992957830429077,0.0,0.2970070540904999,0.07597906142473221,0.0894533097743988,0.6694526672363281,0.5694953203201294,0.0,0.0,0.0,0.0,0.0,0.0,0.0,0.0,1.0,0.0,0.0005217366851866245,0.37912240624427795,0.21926650404930115,0.007747352123260498,0.0,0.11274240165948868,0.11268079280853271,0.11268079280853271,0.11817576736211777,0.050512541085481644,4.170090106558888e-10,0.0,0.0,4.9117279052734375,4.9117279052734375,1.2799469232559204,1.2799469232559204,0.5936809778213501,0.0,0.0,0.0,0.0,0.2970070540904999,0.12375083565711975,0.0019869126845151186,0.8821336030960083,0.5694953203201294,0.053462013602256775,1.2319267988204956,1.3059813976287842,1.2799469232559204,1.296804428100586,1.417871117591858,0.31004399061203003,0.03836218640208244,1.0,1.4585402011871338,1.524869680404663,1.5269826650619507,0.0,9.0,0.0,0.0,0.0,0.0,0.0,0.0,,,,,,,,,,,,,,,,,,,,,,0.001
18,5960,train,0.044534288346767426,0.09824463725090027,0.09850134700536728,0.0,0.004831599071621895,0.004831599071621895,0.0,4.468835830688477,3.9999998989515007e-05,0.019999999552965164,0.019999999552965164,0.019999999552965164,0.00039999998989515007,0.00039999998989515007,0.4000000059604645,0.06030585989356041,0.0007842481136322021,0.0,0.0,0.0,0.0,0.0,0.0,0.0,0.0,-1.8427610397338867,-1.8427610397338867,1.0,-1.8427610397338867,-1.8427609205245972,-1.8276840448379517,0.0,-4.659387111663818,1.4815893173217773,1.0,0.06030585989356041,1.0,0.0,0.0,0.06030585989356041,0.0,0.0,0.0007842481136322021,0.0,0.29921576380729675,0.07037094235420227,0.09104844182729721,0.6799988150596619,0.5765950679779053,0.0,0.0,0.0,0.0,0.0,0.0,0.0,0.0,1.0,0.0,0.0016873321728780866,0.3817345201969147,0.22322161495685577,0.007876978255808353,0.0,0.09850134700536728,0.09824463725090027,0.09824463725090027,0.12165550142526627,0.032197415828704834,-4.984846216360417e-11,0.0,0.0,4.774425029754639,4.774425029754639,1.3059279918670654,1.3059279918670654,0.5902489423751831,0.0,0.0,0.0,0.0,0.29921576380729675,0.1151176393032074,0.0033135907724499702,0.85101717710495,0.5765950679779053,0.04132965952157974,1.2588773965835571,1.3289412260055542,1.3059279918670654,1.3435261249542236,1.4815893173217773,0.31199729442596436,0.03896551951766014,1.0,1.4539047479629517,1.467616081237793,1.478816270828247,0.0,9.0,0.0,0.0,0.0,0.0,0.0,0.0,,,,,,,,,,,,,,,,,,,,,,0.001
18,5980,train,0.05899594724178314,0.11000953614711761,0.11005458235740662,0.0,0.004631033632904291,0.004631033632904291,0.0,4.476375102996826,3.9999998989515007e-05,0.019999999552965164,0.019999999552965164,0.019999999552965164,0.00039999998989515007,0.00039999998989515007,0.4000000059604645,0.0760362297296524,0.0071935951709747314,0.0,0.0,0.0,0.0,0.0,0.0,0.0,0.0,-1.8332370519638062,-1.8332370519638062,1.0,-1.8332370519638062,-1.833236813545227,-1.8172271251678467,0.0,-4.64997673034668,1.5506995916366577,1.0,0.0760362297296524,1.0,0.0,0.0,0.0760362297296524,0.0,0.0,0.0071935951709747314,0.0,0.3071936070919037,0.0708475336432457,0.09609270095825195,0.6546832919120789,0.5781186819076538,0.0,0.0,0.0,0.0,0.0,0.0,0.0,0.0,1.0,0.0,0.0018135291757062078,0.376237154006958,0.2279416024684906,0.007911328226327896,0.0,0.11005458235740662,0.11000953614711761,0.11000953614711761,0.11617489904165268,0.007671963423490524,-1.9310985102660716e-11,0.0,0.0,4.538858890533447,4.538858890533447,1.3263187408447266,1.3263187408447266,0.5201777219772339,0.0,0.0,0.0,0.0,0.3071936070919037,0.12250472605228424,0.0005964288720861077,0.8473347425460815,0.5781186819076538,0.04957108199596405,1.231061577796936,1.3747016191482544,1.3263187408447266,1.3762493133544922,1.5506995916366577,0.31705018877983093,0.03930450603365898,1.0,1.5286757946014404,1.5180654525756836,1.5727274417877197,0.0,9.0,0.0,0.0,0.0,0.0,0.0,0.0,,,,,,,,,,,,,,,,,,,,,,0.001
18,6000,train,0.04859238862991333,0.10159052163362503,0.10185009986162186,0.0,0.005160912871360779,0.005160912871360779,0.0,4.469659805297852,3.9999998989515007e-05,0.019999999552965164,0.019999999552965164,0.019999999552965164,0.00039999998989515007,0.00039999998989515007,0.4000000059604645,0.07816696912050247,0.013908743858337402,0.0,0.0,0.0,0.0,0.0,0.0,0.0,0.0,-1.842174768447876,-1.842174768447876,1.0,-1.842174768447876,-1.842174768447876,-1.8229475021362305,0.0,-4.681311130523682,1.5086264610290527,1.0,0.07816696912050247,1.0,0.0,0.0,0.07816696912050247,0.0,0.0,0.013908743858337402,0.0,0.31390872597694397,0.08503179997205734,0.08266092836856842,0.6884614825248718,0.5778942108154297,0.0,0.0,0.0,0.0,0.0,0.0,0.0,0.0,1.0,0.0,0.0005977784749120474,0.38854119181632996,0.23069843649864197,0.00799476820975542,0.0,0.10185009986162186,0.10159052163362503,0.10159052163362503,0.11984147876501083,0.04416726529598236,-6.523135920311063e-10,0.0,0.0,4.640143394470215,4.640143394470215,1.3236587047576904,1.3236587047576904,0.577595055103302,0.0,0.0,0.0,0.0,0.31390875577926636,0.13273537158966064,0.002493001753464341,0.862786054611206,0.5778942108154297,0.07878370583057404,1.2344468832015991,1.3692626953125,1.3236587047576904,1.335558533668518,1.5086264610290527,0.30965641140937805,0.03893878683447838,1.0,1.474586009979248,1.4877028465270996,1.5309760570526123,0.0,9.0,0.0,0.0,0.0,0.0,0.0,0.0,,,,,,,,,,,,,,,,,,,,,,0.001
18,6012,train_epoch,0.05324519345882588,0.10607058271587252,0.10633693106784792,0.0,0.004976340683879788,0.004976340683879788,0.0,4.483215357729061,3.9999998989515007e-05,0.019999999552965164,0.019999999552965164,0.019999999552965164,0.00039999998989515007,0.00039999998989515007,0.4000000059604645,0.07950245747398474,0.008057956210153545,0.0,0.0,0.0,0.0,0.0,0.0,0.0,0.0,-1.8601664265472733,-1.8601664265472733,1.0,-1.8601664265472733,-1.8601664315440698,-1.8436109159521,0.0,-4.704452157734397,1.4476050170595773,1.0,0.07950245747398474,1.0,0.0,0.0,0.07950245747398474,0.0,0.0,0.008057956210153545,0.0,0.29895053902072105,0.07464116760445925,0.07252491440088628,0.6572830862627772,0.5716203090673435,0.0,0.0,0.0,0.0,0.0,0.0,0.0,0.0,1.0,0.0,0.0018462645688007845,0.37858947995537057,0.22366481037910826,0.007699003037411028,0.0,0.10633693106784792,0.10607058271587252,0.10607058271587252,0.11482050209612904,0.03605673517580465,5.854132499941156e-12,0.0,0.0,4.722112824103076,4.722112825530732,1.3086054389348287,1.3086054389348287,0.5523560462954515,0.0,0.0,0.0,0.0,0.29895054330368953,0.12195021837592838,0.0023366185447164884,0.8581608037748737,0.5716203090673435,0.048684802469602245,1.2416463690603565,1.3420264417539813,1.3086054389348287,1.3070398765409779,1.4476050170595773,0.32048279618074793,0.03939950159433002,1.0,1.5274325784095033,1.52823902532726,1.5280053479942732,0.0,9.0,0.0,0.0,0.0,0.0,0.0,0.0,,,,,,,,,,,,,,,,,,,,,,0.001
18,6012,val,,,,,,,,,,,,,,,,,,,,,,,,,,,,,,,,,,,,,,,,,,,,,,,,,,,,,,,,,,,,,,,,,,,,,,,,,,,,,,,,,,,,,,,,,,,,,,,,,,,,,,,,,,,45.92112020083836,7495.96718270438,86.57925376615567,78.30111048902783,24.74650470699583,14.44137013384274,23.399737882426948,10.339921291385378,6.697412537676947,15.510400946651187,25.440795240465707,11.594127642256874,7.199268677404949,132.27751752308436,158.25438499358765,278.1111352784293,77.66799320493426,45.92112020083836,86.57925376615567,78.30111048902783,24.74650470699583,0.001
18,6012,test,,,,,,,,,,,,,,,,,,,,,,,,,,,,,,,,,,,,,,,,,,,,,,,,,,,,,,,,,,,,,,,,,,,,,,,,,,,,,,,,,,,,,,,,,,,,,,,,,,,,,,,,,,,54.032721110752654,8683.819819859096,93.18701529644082,75.79049795014518,29.13355255126953,20.335437110492162,30.929272833447072,15.073940111058098,9.392859727144241,26.217574988092696,39.98221087153329,20.511349720614298,12.042728764670235,138.79031658172607,166.28551945326134,252.0977441242763,83.43856017930167,54.032721110752654,93.18701529644082,75.79049795014518,29.13355255126953,0.001
19,6020,train,0.053836166858673096,0.11292379349470139,0.11309953778982162,0.0,0.0052782148122787476,0.0052782148122787476,0.0,4.465939044952393,4.5000000682193786e-05,0.02250000089406967,0.02250000089406967,0.02250000089406967,0.00044999999227002263,0.00044999999227002263,0.44999998807907104,0.08100979030132294,0.0007655620574951172,0.0,0.0,0.0,0.0,0.0,0.0,0.0,0.0,-1.823645830154419,-1.823645830154419,1.0,-1.823645830154419,-1.8236455917358398,-1.8103559017181396,0.0,-4.636409282684326,1.5109602212905884,1.0,0.08100979030132294,1.0,0.0,0.0,0.08100979030132294,0.0,0.0,0.0007655620574951172,0.0,0.29923444986343384,0.07225799560546875,0.07426561415195465,0.6847831606864929,0.5722866058349609,0.0,0.0,0.0,0.0,0.0,0.0,0.0,0.0,1.0,0.0,6.902944733155891e-05,0.3914959132671356,0.2227306365966797,0.007960185408592224,0.0,0.11309953778982162,0.11292379349470139,0.11292379349470139,0.12289277464151382,0.04089771583676338,1.6845261296971614e-10,0.0,0.0,4.877433776855469,4.8774333000183105,1.2903022766113281,1.2903022766113281,0.6157694458961487,0.0,0.0,0.0,0.0,0.29923444986343384,0.12178296595811844,0.0035803960636258125,0.8820397257804871,0.5722866058349609,0.0469975508749485,1.231278419494629,1.3219778537750244,1.2903022766113281,1.3289216756820679,1.5109602212905884,0.31074193120002747,0.038603492081165314,1.0,1.4570266008377075,1.4688289165496826,1.494741678237915,0.0,9.0,0.0,0.0,0.0,0.0,0.0,0.0,,,,,,,,,,,,,,,,,,,,,,0.001
19,6040,train,0.047695357352495193,0.10942253470420837,0.10961481183767319,0.0,0.005630301311612129,0.005630301311612129,0.0,4.471701622009277,4.5000000682193786e-05,0.02250000089406967,0.02250000089406967,0.02250000089406967,0.00044999999227002263,0.00044999999227002263,0.44999998807907104,0.08442492038011551,0.0008431673049926758,0.0,0.0,0.0,0.0,0.0,0.0,0.0,0.0,-1.867031455039978,-1.867031455039978,1.0,-1.867031455039978,-1.867031455039978,-1.8523470163345337,0.0,-4.705982208251953,1.428199052810669,1.0,0.08442492038011551,1.0,0.0,0.0,0.08442492038011551,0.0,0.0,0.0008431673049926758,0.0,0.2991568446159363,0.07114680111408234,0.08351288735866547,0.640377402305603,0.5753511786460876,0.0,0.0,0.0,0.0,0.0,0.0,0.0,0.0,1.0,0.0,-0.00040650978917256,0.3864879906177521,0.22208228707313538,0.007872426882386208,0.0,0.10961481183767319,0.10942253470420837,0.10942253470420837,0.12717150151729584,0.034144558012485504,-1.3839317192232414e-10,0.0,0.0,4.938222408294678,4.938222408294678,1.3053587675094604,1.3053587675094604,0.6440127491950989,0.0,0.0,0.0,0.0,0.2991568446159363,0.1169155091047287,0.0031289777252823114,0.8306081891059875,0.5753511786460876,0.03921568766236305,1.2432067394256592,1.3369354009628296,1.3053587675094604,1.2986865043640137,1.428199052810669,0.308592289686203,0.03857334330677986,1.0,1.470292091369629,1.4904279708862305,1.494266152381897,0.0,9.0,0.0,0.0,0.0,0.0,0.0,0.0,,,,,,,,,,,,,,,,,,,,,,0.001
19,6060,train,0.042946577072143555,0.10458078980445862,0.1048986166715622,0.0,0.004976390860974789,0.004976390860974789,0.0,4.462016582489014,4.5000000682193786e-05,0.02250000089406967,0.02250000089406967,0.02250000089406967,0.00044999999227002263,0.00044999999227002263,0.44999998807907104,0.06876072287559509,0.0060274600982666016,0.0,0.0,0.0,0.0,0.0,0.0,0.0,0.0,-1.8435630798339844,-1.8435630798339844,1.0,-1.8435630798339844,-1.8435630798339844,-1.8366026878356934,0.0,-4.695693492889404,1.4893044233322144,1.0,0.06876072287559509,1.0,0.0,0.0,0.06876072287559509,0.0,0.0,0.0060274600982666016,0.0,0.30602750182151794,0.07278045266866684,0.08564679324626923,0.6647909879684448,0.583713948726654,0.0,0.0,0.0,0.0,0.0,0.0,0.0,0.0,1.0,0.0,0.0012568540405482054,0.3949577808380127,0.2160472273826599,0.007939760573208332,0.0,0.1048986166715622,0.10458078980445862,0.10458078980445862,0.12087269872426987,0.04855988547205925,9.237579451371047e-11,0.0,0.0,4.719621181488037,4.719621181488037,1.2870718240737915,1.2870718240737915,0.5879437923431396,0.0,0.0,0.0,0.0,0.30602747201919556,0.11327497661113739,0.0017031795578077435,0.8523367643356323,0.583713948726654,0.043244488537311554,1.2436714172363281,1.3084688186645508,1.2870718240737915,1.3279719352722168,1.4893044233322144,0.31299707293510437,0.039060644805431366,1.0,1.5174312591552734,1.4615075588226318,1.5319305658340454,0.0,9.0,0.0,0.0,0.0,0.0,0.0,0.0,,,,,,,,,,,,,,,,,,,,,,0.001
19,6080,train,0.04455534741282463,0.1058429479598999,0.1062421202659607,0.0,0.004559062421321869,0.004559062421321869,0.0,4.47831392288208,4.5000000682193786e-05,0.02250000089406967,0.02250000089406967,0.02250000089406967,0.00044999999227002263,0.00044999999227002263,0.44999998807907104,0.06313314288854599,0.0044456422328948975,0.0,0.0,0.0,0.0,0.0,0.0,0.0,0.0,-1.8415675163269043,-1.8415675163269043,1.0,-1.8415675163269043,-1.8415676355361938,-1.8267792463302612,0.0,-4.674817085266113,1.4942187070846558,1.0,0.06313314288854599,1.0,0.0,0.0,0.06313314288854599,0.0,0.0,0.0044456422328948975,0.0,0.29555436968803406,0.07635077834129333,0.07108661532402039,0.6667665839195251,0.5678417682647705,0.0,0.0,0.0,0.0,0.0,0.0,0.0,0.0,1.0,0.0,0.002416907111182809,0.3843337297439575,0.23139667510986328,0.007838607765734196,0.0,0.1062421202659607,0.1058429479598999,0.1058429479598999,0.12097979336977005,0.029100565239787102,1.3186737812809213e-10,0.0,0.0,4.541782379150391,4.541782379150391,1.333114504814148,1.333114504814148,0.5711382627487183,0.0,0.0,0.0,0.0,0.29555436968803406,0.12353532761335373,0.0017198420828208327,0.9202271699905396,0.5678417682647705,0.04727328568696976,1.2543721199035645,1.3718339204788208,1.333114504814148,1.3279874324798584,1.4942187070846558,0.31259316205978394,0.03927984833717346,1.0,1.5742965936660767,1.5218452215194702,1.5269991159439087,0.0,9.0,0.0,0.0,0.0,0.0,0.0,0.0,,,,,,,,,,,,,,,,,,,,,,0.001
19,6100,train,0.03694061562418938,0.09975002706050873,0.1002194955945015,0.0,0.00475997244939208,0.00475997244939208,0.0,4.469644069671631,4.5000000682193786e-05,0.02250000089406967,0.02250000089406967,0.02250000089406967,0.00044999999227002263,0.00044999999227002263,0.44999998807907104,0.05963107943534851,0.009992718696594238,0.0,0.0,0.0,0.0,0.0,0.0,0.0,0.0,-1.8487305641174316,-1.8487305641174316,1.0,-1.8487305641174316,-1.8487305641174316,-1.8349796533584595,0.0,-4.700038433074951,1.4143452644348145,1.0,0.05963107943534851,1.0,0.0,0.0,0.05963107943534851,0.0,0.0,0.009992718696594238,0.0,0.2900073230266571,0.07639734447002411,0.0725613534450531,0.657522439956665,0.5630365014076233,0.0,0.0,0.0,0.0,0.0,0.0,0.0,0.0,1.0,0.0,0.0018774050986394286,0.3905247449874878,0.2234942466020584,0.007847340777516365,0.0,0.1002194955945015,0.09975002706050873,0.09975002706050873,0.11947662383317947,0.05538841709494591,-4.315340584870597e-10,0.0,0.0,4.914551258087158,4.914551258087158,1.307306170463562,1.307306170463562,0.603442907333374,0.0,0.0,0.0,0.0,0.2900072932243347,0.12233083695173264,0.0023058808874338865,0.8324304223060608,0.5630365014076233,0.038128066807985306,1.2450268268585205,1.3380661010742188,1.307306170463562,1.3044202327728271,1.4143452644348145,0.3074183464050293,0.03850940242409706,1.0,1.4818236827850342,1.488239049911499,1.4857144355773926,0.0,9.0,0.0,0.0,0.0,0.0,0.0,0.0,,,,,,,,,,,,,,,,,,,,,,0.001
19,6120,train,0.05237102136015892,0.11319414526224136,0.11367011815309525,0.0,0.004880618304014206,0.004880618304014206,0.0,4.461755275726318,4.5000000682193786e-05,0.02250000089406967,0.02250000089406967,0.02250000089406967,0.00044999999227002263,0.00044999999227002263,0.44999998807907104,0.07393012940883636,0.01326221227645874,0.0,0.0,0.0,0.0,0.0,0.0,0.0,0.0,-1.864599347114563,-1.864599347114563,1.0,-1.864599347114563,-1.864599347114563,-1.8507106304168701,0.0,-4.710701942443848,1.4485818147659302,1.0,0.07393012940883636,1.0,0.0,0.0,0.07393012940883636,0.0,0.0,0.01326221227645874,0.0,0.2867377996444702,0.07622716575860977,0.06923870742321014,0.5923082232475281,0.5609023571014404,0.0,0.0,0.0,0.0,0.0,0.0,0.0,0.0,1.0,0.0,0.002645001746714115,0.3976588547229767,0.22876621782779694,0.008057825267314911,0.0,0.11367011815309525,0.11319414526224136,0.11319414526224136,0.13399843871593475,0.037259556353092194,-6.107070404937076e-10,0.0,0.0,4.919662952423096,4.919662952423096,1.3265184164047241,1.3265184164047241,0.6771002411842346,0.0,0.0,0.0,0.0,0.2867377996444702,0.12020686268806458,0.002333221724256873,0.8393186330795288,0.5609023571014404,0.033961400389671326,1.2400394678115845,1.3629709482192993,1.3265184164047241,1.3249866962432861,1.4485818147659302,0.30344387888908386,0.03862741217017174,1.0,1.4983164072036743,1.4518303871154785,1.4320988655090332,0.0,9.0,0.0,0.0,0.0,0.0,0.0,0.0,,,,,,,,,,,,,,,,,,,,,,0.001
19,6140,train,0.03730903938412666,0.09914221614599228,0.09937401115894318,0.0,0.004664452746510506,0.004664452746510506,0.0,4.470675468444824,4.5000000682193786e-05,0.02250000089406967,0.02250000089406967,0.02250000089406967,0.00044999999227002263,0.00044999999227002263,0.44999998807907104,0.06945270299911499,0.003922224044799805,0.0,0.0,0.0,0.0,0.0,0.0,0.0,0.0,-1.8232693672180176,-1.8232693672180176,1.0,-1.8232693672180176,-1.8232693672180176,-1.8064944744110107,0.0,-4.634826183319092,1.585585355758667,1.0,0.06945270299911499,1.0,0.0,0.0,0.06945270299911499,0.0,0.0,0.003922224044799805,0.0,0.29607778787612915,0.07259909063577652,0.05198242887854576,0.6582342982292175,0.5699279308319092,0.0,0.0,0.0,0.0,0.0,0.0,0.0,0.0,1.0,0.0,0.0008598606800660491,0.36535733938217163,0.23997746407985687,0.00807148590683937,0.0,0.09937401115894318,0.09914221614599228,0.09914221614599228,0.11491739004850388,0.010077670216560364,-1.8319626371443576e-10,0.0,0.0,4.536020755767822,4.536020755767822,1.4048957824707031,1.4048957824707031,0.5128353238105774,0.0,0.0,0.0,0.0,0.29607778787612915,0.1198635995388031,0.002992291236296296,0.8587480187416077,0.5699279308319092,0.03923100605607033,1.2840278148651123,1.4588770866394043,1.4048957824707031,1.367915153503418,1.585585355758667,0.31400397419929504,0.039826758205890656,1.0,1.5493745803833008,1.5124766826629639,1.555371642112732,0.0,9.0,0.0,0.0,0.0,0.0,0.0,0.0,,,,,,,,,,,,,,,,,,,,,,0.001
19,6160,train,0.04350961744785309,0.10664568841457367,0.10692623257637024,0.0,0.005230316426604986,0.005230316426604986,0.0,4.4608354568481445,4.5000000682193786e-05,0.02250000089406967,0.02250000089406967,0.02250000089406967,0.00044999999227002263,0.00044999999227002263,0.44999998807907104,0.05930422991514206,8.13603401184082e-05,0.0,0.0,0.0,0.0,0.0,0.0,0.0,0.0,-1.885921597480774,-1.885921597480774,1.0,-1.885921597480774,-1.885921597480774,-1.8719093799591064,0.0,-4.749107360839844,1.3975085020065308,1.0,0.05930422991514206,1.0,0.0,0.0,0.05930422991514206,0.0,0.0,8.13603401184082e-05,0.0,0.29991862177848816,0.07809195667505264,0.07449912279844284,0.7162371873855591,0.5719499588012695,0.0,0.0,0.0,0.0,0.0,0.0,0.0,0.0,1.0,0.0,0.0004669305053539574,0.3898420035839081,0.2193411886692047,0.007983153685927391,0.0,0.10692623257637024,0.10664568841457367,0.10664568841457367,0.1102522611618042,0.03339942544698715,-3.0686791996359375e-10,0.0,0.0,4.982181549072266,4.982181549072266,1.2977012395858765,1.2977012395858765,0.5433549880981445,0.0,0.0,0.0,0.0,0.29991865158081055,0.12334155291318893,0.0024700474459677935,0.8917988538742065,0.5719499588012695,0.049356620758771896,1.243478536605835,1.3272267580032349,1.2977012395858765,1.3022383451461792,1.3975085020065308,0.307370662689209,0.03916551545262337,1.0,1.468145489692688,1.4621312618255615,1.4209542274475098,0.0,9.0,0.0,0.0,0.0,0.0,0.0,0.0,,,,,,,,,,,,,,,,,,,,,,0.001
19,6180,train,0.03650534152984619,0.10069791227579117,0.10077717900276184,0.0,0.005005985032767057,0.005005985032767057,0.0,4.463281631469727,4.5000000682193786e-05,0.02250000089406967,0.02250000089406967,0.02250000089406967,0.00044999999227002263,0.00044999999227002263,0.44999998807907104,0.07415047287940979,0.00491371750831604,0.0,0.0,0.0,0.0,0.0,0.0,0.0,0.0,-1.8821570873260498,-1.8821570873260498,1.0,-1.8821570873260498,-1.8821570873260498,-1.8682821989059448,0.0,-4.7619500160217285,1.3933627605438232,1.0,0.07415047287940979,1.0,0.0,0.0,0.07415047287940979,0.0,0.0,0.00491371750831604,0.0,0.2950863242149353,0.07104046642780304,0.09853766858577728,0.6643496751785278,0.574033796787262,0.0,0.0,0.0,0.0,0.0,0.0,0.0,0.0,1.0,0.0,0.0005635692505165935,0.3763881027698517,0.2236543446779251,0.008024144917726517,0.0,0.10077717900276184,0.10069791227579117,0.10069791227579117,0.11106634885072708,0.03792256861925125,-3.360790812312331e-10,0.0,0.0,4.916663646697998,4.916663646697998,1.319361686706543,1.319361686706543,0.562026858329773,0.0,0.0,0.0,0.0,0.2950862944126129,0.11241886019706726,0.003103248542174697,0.8549158573150635,0.574033796787262,0.03196997568011284,1.2504169940948486,1.3499456644058228,1.319361686706543,1.3041762113571167,1.3933627605438232,0.31673601269721985,0.03998621180653572,1.0,1.5263400077819824,1.5025962591171265,1.4965898990631104,0.0,9.0,0.0,0.0,0.0,0.0,0.0,0.0,,,,,,,,,,,,,,,,,,,,,,0.001
19,6200,train,0.051004089415073395,0.11130129545927048,0.11197421699762344,0.0,0.005039943847805262,0.005039943847805262,0.0,4.473114013671875,4.5000000682193786e-05,0.02250000089406967,0.02250000089406967,0.02250000089406967,0.00044999999227002263,0.00044999999227002263,0.44999998807907104,0.06256422400474548,0.014655441045761108,0.0,0.0,0.0,0.0,0.0,0.0,0.0,0.0,-1.84536612033844,-1.84536612033844,1.0,-1.84536612033844,-1.84536612033844,-1.825832724571228,0.0,-4.679440021514893,1.440999984741211,1.0,0.06256422400474548,1.0,0.0,0.0,0.06256422400474548,0.0,0.0,0.014655441045761108,0.0,0.28534460067749023,0.07462557405233383,0.05005059763789177,0.6902550458908081,0.5598892569541931,0.0,0.0,0.0,0.0,0.0,0.0,0.0,0.0,1.0,0.0,0.0014803848462179303,0.3884962201118469,0.23093408346176147,0.007900859229266644,0.0,0.11197421699762344,0.11130129545927048,0.11130129545927048,0.12217344343662262,0.04445702210068703,-1.984823416734116e-10,0.0,0.0,4.8217997550964355,4.8217997550964355,1.3385207653045654,1.3385207653045654,0.6205403804779053,0.0,0.0,0.0,0.0,0.28534457087516785,0.12043008953332901,0.0005116776446811855,0.8817013502120972,0.5598892569541931,0.037377454340457916,1.259060025215149,1.3756911754608154,1.3385207653045654,1.3147315979003906,1.440999984741211,0.3125251531600952,0.03899233415722847,1.0,1.598783016204834,1.5669044256210327,1.5238685607910156,0.0,9.0,0.0,0.0,0.0,0.0,0.0,0.0,,,,,,,,,,,,,,,,,,,,,,0.001
19,6220,train,0.038753997534513474,0.10247063636779785,0.1025955006480217,0.0,0.004608568269759417,0.004608568269759417,0.0,4.463236331939697,4.5000000682193786e-05,0.02250000089406967,0.02250000089406967,0.02250000089406967,0.00044999999227002263,0.00044999999227002263,0.44999998807907104,0.07721281796693802,0.005898714065551758,0.0,0.0,0.0,0.0,0.0,0.0,0.0,0.0,-1.879503846168518,-1.879503846168518,1.0,-1.879503846168518,-1.8795040845870972,-1.8610032796859741,0.0,-4.749039649963379,1.4432860612869263,1.0,0.07721281796693802,1.0,0.0,0.0,0.07721281796693802,0.0,0.0,0.005898714065551758,0.0,0.2941012978553772,0.06447271257638931,0.0677642747759819,0.6908113360404968,0.5718093514442444,0.0,0.0,0.0,0.0,0.0,0.0,0.0,0.0,1.0,0.0,0.0005998000269755721,0.3680492341518402,0.22466374933719635,0.007989559322595596,0.0,0.1025955006480217,0.10247063636779785,0.10247063636779785,0.10431564599275589,0.026441562920808792,-5.638243760763828e-10,0.0,0.0,4.848206520080566,4.848206520080566,1.3294650316238403,1.3294650316238403,0.5013120174407959,0.0,0.0,0.0,0.0,0.2941012978553772,0.11479918658733368,0.0031051223631948233,0.8772031664848328,0.5718093514442444,0.03216911852359772,1.2599767446517944,1.3647328615188599,1.3294650316238403,1.3140795230865479,1.4432860612869263,0.3125210404396057,0.039533041417598724,1.0,1.4566352367401123,1.4988536834716797,1.4634474515914917,0.0,9.0,0.0,0.0,0.0,0.0,0.0,0.0,,,,,,,,,,,,,,,,,,,,,,0.001
19,6240,train,0.041295651346445084,0.10202912241220474,0.10232795029878616,0.0,0.004738586954772472,0.004738586954772472,0.0,4.4723968505859375,4.5000000682193786e-05,0.02250000089406967,0.02250000089406967,0.02250000089406967,0.00044999999227002263,0.00044999999227002263,0.44999998807907104,0.06250667572021484,0.000944972038269043,0.0,0.0,0.0,0.0,0.0,0.0,0.0,0.0,-1.8118997812271118,-1.8118997812271118,1.0,-1.8118997812271118,-1.8118997812271118,-1.79233980178833,0.0,-4.602863788604736,1.5631418228149414,1.0,0.06250667572021484,1.0,0.0,0.0,0.06250667572021484,0.0,0.0,0.000944972038269043,0.0,0.3009450137615204,0.07621727138757706,0.10930758714675903,0.7305392622947693,0.5720345973968506,0.0,0.0,0.0,0.0,0.0,0.0,0.0,0.0,1.0,0.0,0.0008459225064143538,0.3858824372291565,0.23970532417297363,0.008028239943087101,0.0,0.10232795029878616,0.10202912241220474,0.10202912241220474,0.11113052815198898,0.003977925982326269,-4.0540456408555414e-11,0.0,0.0,4.703484535217285,4.703484535217285,1.3855700492858887,1.3855700492858887,0.5356943607330322,0.0,0.0,0.0,0.0,0.300944983959198,0.12401710450649261,0.0027805466670542955,0.892433762550354,0.5720345973968506,0.04679840803146362,1.284052848815918,1.436108112335205,1.3855700492858887,1.3902205228805542,1.5631418228149414,0.3136061429977417,0.03961885720491409,1.0,1.529105305671692,1.4907331466674805,1.5154621601104736,0.0,9.0,0.0,0.0,0.0,0.0,0.0,0.0,,,,,,,,,,,,,,,,,,,,,,0.001
19,6260,train,0.04024119675159454,0.10242073982954025,0.10263091325759888,0.0,0.004819179885089397,0.004819179885089397,0.0,4.469976902008057,4.5000000682193786e-05,0.02250000089406967,0.02250000089406967,0.02250000089406967,0.00044999999227002263,0.00044999999227002263,0.44999998807907104,0.08299721777439117,0.014618545770645142,0.0,0.0,0.0,0.0,0.0,0.0,0.0,0.0,-1.8457609415054321,-1.8457609415054321,1.0,-1.8457609415054321,-1.8457609415054321,-1.8301655054092407,0.0,-4.669792652130127,1.4770785570144653,1.0,0.08299721777439117,1.0,0.0,0.0,0.08299721777439117,0.0,0.0,0.014618545770645142,0.0,0.2853814661502838,0.07181011885404587,0.10026796907186508,0.6885031461715698,0.5603509545326233,0.0,0.0,0.0,0.0,0.0,0.0,0.0,0.0,1.0,0.0,0.0009654805762693286,0.3868698179721832,0.22904051840305328,0.007946005091071129,0.0,0.10263091325759888,0.10242073982954025,0.10242073982954025,0.11524052917957306,0.028459565714001656,4.307183221197164e-10,0.0,0.0,4.94630241394043,4.94630241394043,1.3439217805862427,1.3439217805862427,0.5835285186767578,0.0,0.0,0.0,0.0,0.2853814661502838,0.11939835548400879,0.005948358681052923,0.8812777400016785,0.5603509545326233,0.03425245359539986,1.2681100368499756,1.3808859586715698,1.3439217805862427,1.3253841400146484,1.4770785570144653,0.30799001455307007,0.03926166519522667,1.0,1.4856771230697632,1.4801547527313232,1.4452385902404785,0.0,9.0,0.0,0.0,0.0,0.0,0.0,0.0,,,,,,,,,,,,,,,,,,,,,,0.001
19,6280,train,0.037589866667985916,0.10007689893245697,0.10025070607662201,0.0,0.004269097466021776,0.004269097466021776,0.0,4.467240333557129,4.5000000682193786e-05,0.02250000089406967,0.02250000089406967,0.02250000089406967,0.00044999999227002263,0.00044999999227002263,0.44999998807907104,0.0822347030043602,0.005826830863952637,0.0,0.0,0.0,0.0,0.0,0.0,0.0,0.0,-1.8416415452957153,-1.8416415452957153,1.0,-1.8416415452957153,-1.8416415452957153,-1.819498896598816,0.0,-4.674538612365723,1.517529010772705,1.0,0.0822347030043602,1.0,0.0,0.0,0.0822347030043602,0.0,0.0,0.005826830863952637,0.0,0.2941732108592987,0.06862861663103104,0.0970551073551178,0.6966116428375244,0.5651776194572449,0.0,0.0,0.0,0.0,0.0,0.0,0.0,0.0,1.0,0.0,0.0011751054553315043,0.3644634187221527,0.24076464772224426,0.008113143965601921,0.0,0.10025070607662201,0.10007689893245697,0.10007689893245697,0.1094154343008995,0.01716626062989235,-2.495469386687432e-10,0.0,0.0,4.633428573608398,4.633428573608398,1.3956040143966675,1.3956040143966675,0.510364294052124,0.0,0.0,0.0,0.0,0.2941731810569763,0.12415941804647446,0.0025486107915639877,0.9011543393135071,0.5651776194572449,0.042034316807985306,1.2871965169906616,1.452458143234253,1.3956040143966675,1.3642501831054688,1.517529010772705,0.31776556372642517,0.04012415185570717,1.0,1.6119296550750732,1.5137375593185425,1.5115818977355957,0.0,9.0,0.0,0.0,0.0,0.0,0.0,0.0,,,,,,,,,,,,,,,,,,,,,,0.001
19,6300,train,0.05158970504999161,0.11216320842504501,0.11236663162708282,0.0,0.005008999723941088,0.005008999723941088,0.0,4.465283393859863,4.5000000682193786e-05,0.02250000089406967,0.02250000089406967,0.02250000089406967,0.00044999999227002263,0.00044999999227002263,0.44999998807907104,0.08299320936203003,0.003913909196853638,0.0,0.0,0.0,0.0,0.0,0.0,0.0,0.0,-1.8533239364624023,-1.8533239364624023,1.0,-1.8533239364624023,-1.8533239364624023,-1.840263843536377,0.0,-4.696232318878174,1.4574278593063354,1.0,0.08299320936203003,1.0,0.0,0.0,0.08299320936203003,0.0,0.0,0.003913909196853638,0.0,0.2960861325263977,0.0693291574716568,0.08816634118556976,0.6659507751464844,0.5717528462409973,0.0,0.0,0.0,0.0,0.0,0.0,0.0,0.0,1.0,0.0,0.000357402372173965,0.37939050793647766,0.22383202612400055,0.007961530238389969,0.0,0.11236663162708282,0.11216320842504501,0.11216320842504501,0.11483466625213623,0.02804388292133808,1.9961488018083173e-10,0.0,0.0,4.891943454742432,4.891943454742432,1.3225072622299194,1.3225072622299194,0.5650815367698669,0.0,0.0,0.0,0.0,0.2960861027240753,0.11716609448194504,0.00342160789296031,0.8820632696151733,0.5717528462409973,0.034451596438884735,1.2577495574951172,1.3535104990005493,1.3225072622299194,1.3342833518981934,1.4574278593063354,0.3178264796733856,0.04035145416855812,1.0,1.5610454082489014,1.4882960319519043,1.491742730140686,0.0,9.0,0.0,0.0,0.0,0.0,0.0,0.0,,,,,,,,,,,,,,,,,,,,,,0.001
19,6320,train,0.04130375012755394,0.10467078536748886,0.10493963956832886,0.0,0.004605415277183056,0.004605415277183056,0.0,4.4634528160095215,4.5000000682193786e-05,0.02250000089406967,0.02250000089406967,0.02250000089406967,0.00044999999227002263,0.00044999999227002263,0.44999998807907104,0.07482638210058212,0.006479918956756592,0.0,0.0,0.0,0.0,0.0,0.0,0.0,0.0,-1.8821340799331665,-1.8821340799331665,1.0,-1.8821340799331665,-1.882133960723877,-1.8645846843719482,0.0,-4.755953311920166,1.4058380126953125,1.0,0.07482638210058212,1.0,0.0,0.0,0.07482638210058212,0.0,0.0,0.006479918956756592,0.0,0.30647990107536316,0.07360874116420746,0.09416504949331284,0.655451238155365,0.5804265141487122,0.0,0.0,0.0,0.0,0.0,0.0,0.0,0.0,1.0,0.0,0.00039332901360467076,0.3682734966278076,0.22184650599956512,0.00796310231089592,0.0,0.10493963956832886,0.10467078536748886,0.10467078536748886,0.0983179435133934,0.04760840907692909,-3.4404484816619174e-10,0.0,0.0,4.91511869430542,4.91511869430542,1.314628005027771,1.314628005027771,0.4940202832221985,0.0,0.0,0.0,0.0,0.30647993087768555,0.11864530295133591,0.004825671203434467,0.8798076510429382,0.5804265141487122,0.044408705085515976,1.248281478881836,1.348624348640442,1.314628005027771,1.2972116470336914,1.4058380126953125,0.3161434829235077,0.039750661700963974,1.0,1.5609471797943115,1.4682042598724365,1.4764552116394043,0.0,9.0,0.0,0.0,0.0,0.0,0.0,0.0,,,,,,,,,,,,,,,,,,,,,,0.001
19,6340,train,0.04972580447793007,0.11069408804178238,0.1108265370130539,0.0,0.004715358838438988,0.004715358838438988,0.0,4.463797569274902,4.5000000682193786e-05,0.02250000089406967,0.02250000089406967,0.02250000089406967,0.00044999999227002263,0.00044999999227002263,0.44999998807907104,0.075222909450531,0.010475724935531616,0.0,0.0,0.0,0.0,0.0,0.0,0.0,0.0,-1.8550915718078613,-1.8550915718078613,1.0,-1.8550915718078613,-1.8550915718078613,-1.842394232749939,0.0,-4.70559549331665,1.41846764087677,1.0,0.075222909450531,1.0,0.0,0.0,0.075222909450531,0.0,0.0,0.010475724935531616,0.0,0.28952425718307495,0.07276931405067444,0.06454344838857651,0.6795601844787598,0.5652719140052795,0.0,0.0,0.0,0.0,0.0,0.0,0.0,0.0,1.0,0.0,0.001072445884346962,0.3898151218891144,0.2213260978460312,0.007962286472320557,0.0,0.1108265370130539,0.11069408804178238,0.11069408804178238,0.1267608255147934,0.05632730573415756,9.697976449674073e-11,0.0,0.0,4.953516483306885,4.953516483306885,1.3079110383987427,1.3079110383987427,0.6371930241584778,0.0,0.0,0.0,0.0,0.28952428698539734,0.11850389093160629,0.0021143266931176186,0.9354284405708313,0.5652719140052795,0.034221816807985306,1.2376478910446167,1.3384112119674683,1.3079110383987427,1.3020516633987427,1.41846764087677,0.31679415702819824,0.04024280607700348,1.0,1.5342001914978027,1.4863309860229492,1.4721859693527222,0.0,9.0,0.0,0.0,0.0,0.0,0.0,0.0,,,,,,,,,,,,,,,,,,,,,,0.001
19,6346,train_epoch,0.04205103307226282,0.10448482351567218,0.1046973669421887,0.0,0.004718063406166649,0.004718063406166649,0.0,4.465097684346273,4.5000000682193786e-05,0.02250000089406967,0.02250000089406967,0.02250000089406967,0.00044999999227002263,0.00044999999227002263,0.44999998807907104,0.07201596057254397,0.007144901745333643,0.0,0.0,0.0,0.0,0.0,0.0,0.0,0.0,-1.8603548657394455,-1.8603548657394455,1.0,-1.8603548657394455,-1.8603548660963596,-1.8447856064328176,0.0,-4.705624586093926,1.4554753574782502,1.0,0.07201596057254397,1.0,0.0,0.0,0.07201596057254397,0.0,0.0,0.007144901745333643,0.0,0.30051708390969717,0.07347632072375206,0.08138894984041324,0.6739986385413986,0.5744009330244122,0.0,0.0,0.0,0.0,0.0,0.0,0.0,0.0,1.0,0.0,0.0012585615774266395,0.3806556682743712,0.2246756000879282,0.00798153365588563,0.0,0.1046973669421887,0.10448482351567218,0.10448482351567218,0.11370969809101013,0.03698933834945825,-9.912090180889347e-12,0.0,0.0,4.822099912666275,4.822099909810963,1.3216064518797184,1.3216064518797184,0.5583438103248973,0.0,0.0,0.0,0.0,0.30051708828189416,0.11987491215239028,0.002746830096616114,0.8770921986973929,0.5744009330244122,0.04542078796640306,1.2545574518020994,1.35529956132352,1.3216064518797184,1.3208651082244462,1.4554753574782502,0.31379978358745575,0.039505251789253626,1.0,1.4911641582043584,1.4898841423902682,1.4905898310467154,0.0,9.0,0.0,0.0,0.0,0.0,0.0,0.0,,,,,,,,,,,,,,,,,,,,,,0.001
19,6346,val,,,,,,,,,,,,,,,,,,,,,,,,,,,,,,,,,,,,,,,,,,,,,,,,,,,,,,,,,,,,,,,,,,,,,,,,,,,,,,,,,,,,,,,,,,,,,,,,,,,,,,,,,,,45.920530796051025,7508.525970458984,86.65175111017079,77.67715741906848,24.71219380412783,14.398404172488622,23.380400149715644,10.344186846699033,6.7088741191795895,15.52368956378528,25.38055899020899,11.684398370129722,7.252173798424857,132.34995814732142,158.48779269120038,278.79811303956166,77.73943223272052,45.920530796051025,86.65175111017079,77.67715741906848,24.71219380412783,0.001
19,6346,test,,,,,,,,,,,,,,,,,,,,,,,,,,,,,,,,,,,,,,,,,,,,,,,,,,,,,,,,,,,,,,,,,,,,,,,,,,,,,,,,,,,,,,,,,,,,,,,,,,,,,,,,,,,53.741956915174214,8649.975638253349,93.00524521903777,75.49785476071494,28.970697896821157,20.102551524128234,30.729401172054104,14.808617008583886,9.291829164539065,26.12204373734338,40.033873494943585,20.11772951057979,11.996990101678032,139.28252390452795,167.08657686414554,252.77156373432703,83.6364802973611,53.741956915174214,93.00524521903777,75.49785476071494,28.970697896821157,0.001
20,6360,train,0.039365254342556,0.11003153771162033,0.11022785305976868,0.0,0.004689695779234171,0.004689695779234171,0.0,4.463510513305664,4.999999873689376e-05,0.02500000037252903,0.02500000037252903,0.02500000037252903,0.0005000000237487257,0.0005000000237487257,0.5,0.07661925256252289,0.010260671377182007,0.0,0.0,0.0,0.0,0.0,0.0,0.0,0.0,-1.8619142770767212,-1.8619142770767212,1.0,-1.8619142770767212,-1.8619142770767212,-1.8431719541549683,0.0,-4.724456787109375,1.4854942560195923,1.0,0.07661925256252289,1.0,0.0,0.0,0.07661925256252289,0.0,0.0,0.010260671377182007,0.0,0.28973934054374695,0.07054175436496735,0.057862456887960434,0.701483428478241,0.564022421836853,0.0,0.0,0.0,0.0,0.0,0.0,0.0,0.0,1.0,0.0,0.0018596496665850282,0.3798336386680603,0.23365330696105957,0.008099650964140892,0.0,0.11022785305976868,0.11003153771162033,0.11003153771162033,0.1290103942155838,0.020844606682658195,1.5166250200149278e-10,0.0,0.0,4.771746635437012,4.771746635437012,1.3553292751312256,1.3553292751312256,0.6043668985366821,0.0,0.0,0.0,0.0,0.28973934054374695,0.12085334211587906,0.0012991620460525155,0.8672755360603333,0.564022421836853,0.040502455085515976,1.256608009338379,1.399709701538086,1.3553292751312256,1.349769115447998,1.4854942560195923,0.31546488404273987,0.04048476368188858,1.0,1.3980467319488525,1.496127963066101,1.4660872220993042,0.0,9.0,0.0,0.0,0.0,0.0,0.0,0.0,,,,,,,,,,,,,,,,,,,,,,0.001
20,6380,train,0.031928252428770065,0.10432691127061844,0.10440926253795624,0.0,0.004839032422751188,0.004839032422751188,0.0,4.454921245574951,4.999999873689376e-05,0.02500000037252903,0.02500000037252903,0.02500000037252903,0.0005000000237487257,0.0005000000237487257,0.5,0.07766096293926239,0.003993719816207886,0.0,0.0,0.0,0.0,0.0,0.0,0.0,0.0,-1.8733011484146118,-1.8733011484146118,1.0,-1.8733011484146118,-1.8733009099960327,-1.854490041732788,0.0,-4.721989154815674,1.4794520139694214,1.0,0.07766096293926239,1.0,0.0,0.0,0.07766096293926239,0.0,0.0,0.003993719816207886,0.0,0.29600629210472107,0.07426954060792923,0.10510578006505966,0.6844608783721924,0.5700032711029053,0.0,0.0,0.0,0.0,0.0,0.0,0.0,0.0,1.0,0.0,0.00029821755015291274,0.3676854372024536,0.23240049183368683,0.008244123309850693,0.0,0.10440926253795624,0.10432691127061844,0.10432691127061844,0.10834746062755585,0.008351663127541542,-1.9316104271638324e-11,0.0,0.0,4.850777626037598,4.850777626037598,1.3626446723937988,1.3626446723937988,0.511957049369812,0.0,0.0,0.0,0.0,0.29600629210472107,0.12050724774599075,0.0012981644831597805,0.8769562244415283,0.5700032711029053,0.04025735706090927,1.2747433185577393,1.4023207426071167,1.3626446723937988,1.355385422706604,1.4794520139694214,0.3179115653038025,0.04074249044060707,1.0,1.4546840190887451,1.480033278465271,1.4629117250442505,0.0,9.0,0.0,0.0,0.0,0.0,0.0,0.0,,,,,,,,,,,,,,,,,,,,,,0.001
20,6400,train,0.023914985358715057,0.09743008017539978,0.09761501103639603,0.0,0.004733671434223652,0.004733671434223652,0.0,4.456472873687744,4.999999873689376e-05,0.02500000037252903,0.02500000037252903,0.02500000037252903,0.0005000000237487257,0.0005000000237487257,0.5,0.07244618237018585,0.0019116997718811035,0.0,0.0,0.0,0.0,0.0,0.0,0.0,0.0,-1.8683288097381592,-1.8683288097381592,1.0,-1.8683288097381592,-1.8683288097381592,-1.8512587547302246,0.0,-4.728269577026367,1.463301658630371,1.0,0.07244618237018585,1.0,0.0,0.0,0.07244618237018585,0.0,0.0,0.0019116997718811035,0.0,0.29808834195137024,0.07140845060348511,0.08073453605175018,0.6644574999809265,0.5733413100242615,0.0,0.0,0.0,0.0,0.0,0.0,0.0,0.0,1.0,0.0,0.0002720811462495476,0.37659141421318054,0.22814558446407318,0.008127505891025066,0.0,0.09761501103639603,0.09743008017539978,0.09743008017539978,0.10252182930707932,0.02118867263197899,1.8830026080052242e-11,0.0,0.0,4.895864486694336,4.895864486694336,1.3433117866516113,1.3433117866516113,0.4997493624687195,0.0,0.0,0.0,0.0,0.29808831214904785,0.118553027510643,0.00645814836025238,0.903508186340332,0.5733413100242615,0.0430300273001194,1.27573823928833,1.3803452253341675,1.3433117866516113,1.335005283355713,1.463301658630371,0.3220500349998474,0.040793709456920624,1.0,1.4396395683288574,1.4939415454864502,1.4913480281829834,0.0,9.0,0.0,0.0,0.0,0.0,0.0,0.0,,,,,,,,,,,,,,,,,,,,,,0.001
20,6420,train,0.04308908060193062,0.11366084218025208,0.11372124403715134,0.0,0.0043741934932768345,0.0043741934932768345,0.0,4.448795795440674,4.999999873689376e-05,0.02500000037252903,0.02500000037252903,0.02500000037252903,0.0005000000237487257,0.0005000000237487257,0.5,0.07140356302261353,0.00023820996284484863,0.0,0.0,0.0,0.0,0.0,0.0,0.0,0.0,-1.8736727237701416,-1.8736727237701416,1.0,-1.8736727237701416,-1.8736727237701416,-1.8602923154830933,0.0,-4.747921943664551,1.4371391534805298,1.0,0.07140356302261353,1.0,0.0,0.0,0.07140356302261353,0.0,0.0,0.00023820996284484863,0.0,0.3002382516860962,0.07620653510093689,0.093295156955719,0.7564976215362549,0.5730974078178406,0.0,0.0,0.0,0.0,0.0,0.0,0.0,0.0,1.0,0.0,0.001677303691394627,0.3796815276145935,0.22109277546405792,0.008141495287418365,0.0,0.11372124403715134,0.11366084218025208,0.11366084218025208,0.11967948824167252,0.061115726828575134,1.1548091649604686e-10,0.0,0.0,4.762819766998291,4.762819766998291,1.304094910621643,1.304094910621643,0.581331729888916,0.0,0.0,0.0,0.0,0.3002382218837738,0.12172040343284607,0.0008184454636648297,0.8822033405303955,0.5730974078178406,0.04238664358854294,1.2497575283050537,1.3367693424224854,1.304094910621643,1.3326597213745117,1.4371391534805298,0.32411473989486694,0.04112185165286064,1.0,1.4680572748184204,1.4538562297821045,1.4275964498519897,0.0,9.0,0.0,0.0,0.0,0.0,0.0,0.0,,,,,,,,,,,,,,,,,,,,,,0.001
20,6440,train,0.023454954847693443,0.09581364691257477,0.09632252901792526,0.0,0.004519687499850988,0.004519687499850988,0.0,4.42161750793457,4.999999873689376e-05,0.02500000037252903,0.02500000037252903,0.02500000037252903,0.0005000000237487257,0.0005000000237487257,0.5,0.06290853768587112,3.0875205993652344e-05,0.0,0.0,0.0,0.0,0.0,0.0,0.0,0.0,-1.8397746086120605,-1.8397746086120605,1.0,-1.8397746086120605,-1.8397746086120605,-1.8241199254989624,0.0,-4.65388822555542,1.505073070526123,1.0,0.06290853768587112,1.0,0.0,0.0,0.06290853768587112,0.0,0.0,3.0875205993652344e-05,0.0,0.2999691665172577,0.0745454803109169,0.07409554719924927,0.692846953868866,0.5748152136802673,0.0,0.0,0.0,0.0,0.0,0.0,0.0,0.0,1.0,0.0,0.000769922393374145,0.3702181577682495,0.2305273711681366,0.008789954707026482,0.0,0.09632252901792526,0.09581364691257477,0.09581364691257477,0.10708949714899063,0.01383864227682352,1.587995707152956e-10,0.0,0.0,4.935458660125732,4.935457706451416,1.3625891208648682,1.3625891208648682,0.5321165323257446,0.0,0.0,0.0,0.0,0.2999691367149353,0.11933930963277817,0.0031728034373372793,0.9120049476623535,0.5748152136802673,0.04523590952157974,1.2917124032974243,1.4027440547943115,1.3625891208648682,1.3635731935501099,1.505073070526123,0.3196914494037628,0.04082717001438141,1.0,1.4480746984481812,1.504537582397461,1.5195039510726929,0.0,9.0,0.0,0.0,0.0,0.0,0.0,0.0,,,,,,,,,,,,,,,,,,,,,,0.001
20,6460,train,0.03928028419613838,0.10795646905899048,0.1081395149230957,0.0,0.004475090187042952,0.004475090187042952,0.0,4.408261775970459,4.999999873689376e-05,0.02500000037252903,0.02500000037252903,0.02500000037252903,0.0005000000237487257,0.0005000000237487257,0.5,0.07228294759988785,0.004023522138595581,0.0,0.0,0.0,0.0,0.0,0.0,0.0,0.0,-1.813490629196167,-1.813490629196167,1.0,-1.813490629196167,-1.813490867614746,-1.7982354164123535,0.0,-4.616335868835449,1.6235214471817017,1.0,0.07228294759988785,1.0,0.0,0.0,0.07228294759988785,0.0,0.0,0.004023522138595581,0.0,0.2959764897823334,0.07173638790845871,0.09232805669307709,0.7103961706161499,0.5708922743797302,0.0,0.0,0.0,0.0,0.0,0.0,0.0,0.0,1.0,0.0,0.0009410188067704439,0.37133702635765076,0.23903444409370422,0.0091603584587574,0.0,0.1081395149230957,0.10795646905899048,0.10795646905899048,0.11976873874664307,0.01410300936549902,1.3253646791167029e-10,0.0,0.0,4.662715435028076,4.662715435028076,1.375875473022461,1.375875473022461,0.5643736720085144,0.0,0.0,0.0,0.0,0.2959764897823334,0.11911935359239578,0.0032257302664220333,0.8803927898406982,0.5708922743797302,0.03863358125090599,1.2817151546478271,1.4259604215621948,1.375875473022461,1.4033727645874023,1.6235214471817017,0.31748685240745544,0.04066918417811394,1.0,1.3818063735961914,1.4858230352401733,1.4980676174163818,0.0,9.0,0.0,0.0,0.0,0.0,0.0,0.0,,,,,,,,,,,,,,,,,,,,,,0.001
20,6480,train,0.03638913482427597,0.1054476648569107,0.10569412261247635,0.0,0.004337017424404621,0.004337017424404621,0.0,4.41267728805542,4.999999873689376e-05,0.02500000037252903,0.02500000037252903,0.02500000037252903,0.0005000000237487257,0.0005000000237487257,0.5,0.07514888048171997,0.008172780275344849,0.0,0.0,0.0,0.0,0.0,0.0,0.0,0.0,-1.81136155128479,-1.81136155128479,1.0,-1.81136155128479,-1.81136155128479,-1.7980003356933594,0.0,-4.616997241973877,1.5403562784194946,1.0,0.07514888048171997,1.0,0.0,0.0,0.07514888048171997,0.0,0.0,0.008172780275344849,0.0,0.2918272018432617,0.07830584049224854,0.10225846618413925,0.7187628746032715,0.5655550956726074,0.0,0.0,0.0,0.0,0.0,0.0,0.0,0.0,1.0,0.0,0.001960588851943612,0.3803834915161133,0.2304546982049942,0.008955114521086216,0.0,0.10569412261247635,0.1054476648569107,0.1054476648569107,0.10425397008657455,0.04501630738377571,-1.2072430555232216e-10,0.0,0.0,4.8536505699157715,4.8536505699157715,1.3413432836532593,1.3413432836532593,0.535053014755249,0.0,0.0,0.0,0.0,0.2918272316455841,0.12215355783700943,0.0054978555999696255,0.8691331148147583,0.5655550956726074,0.04473039507865906,1.275498867034912,1.374924898147583,1.3413432836532593,1.3913885354995728,1.5403562784194946,0.3183910548686981,0.040622174739837646,1.0,1.480567455291748,1.5184733867645264,1.5599771738052368,0.0,9.0,0.0,0.0,0.0,0.0,0.0,0.0,,,,,,,,,,,,,,,,,,,,,,0.001
20,6500,train,0.02873668074607849,0.10084041953086853,0.10098876804113388,0.0,0.004533708561211824,0.004533708561211824,0.0,4.397461891174316,4.999999873689376e-05,0.02500000037252903,0.02500000037252903,0.02500000037252903,0.0005000000237487257,0.0005000000237487257,0.5,0.07527443766593933,0.0031269192695617676,0.0,0.0,0.0,0.0,0.0,0.0,0.0,0.0,-1.8534780740737915,-1.8534780740737915,1.0,-1.8534780740737915,-1.8534780740737915,-1.8340661525726318,0.0,-4.68238639831543,1.4698078632354736,1.0,0.07527443766593933,1.0,0.0,0.0,0.07527443766593933,0.0,0.0,0.0031269192695617676,0.0,0.2968730926513672,0.07031330466270447,0.0778476670384407,0.7127930521965027,0.5720605850219727,0.0,0.0,0.0,0.0,0.0,0.0,0.0,0.0,1.0,0.0,0.0014552843058481812,0.38720637559890747,0.23182816803455353,0.009146556258201599,0.0,0.10098876804113388,0.10084041953086853,0.10084041953086853,0.11325453966856003,0.031303998082876205,3.4662949593977643e-11,0.0,0.0,4.82710599899292,4.82710599899292,1.372008204460144,1.372008204460144,0.566534698009491,0.0,0.0,0.0,0.0,0.2968730926513672,0.11856498569250107,0.002882026368752122,0.8937857151031494,0.5720605850219727,0.040870100259780884,1.2904393672943115,1.4145715236663818,1.372008204460144,1.3514044284820557,1.4698078632354736,0.32072457671165466,0.041176676750183105,1.0,1.4301389455795288,1.4688823223114014,1.4597214460372925,0.0,9.0,0.0,0.0,0.0,0.0,0.0,0.0,,,,,,,,,,,,,,,,,,,,,,0.001
20,6520,train,0.03317248448729515,0.10456009209156036,0.1046876609325409,0.0,0.005012663546949625,0.005012663546949625,0.0,4.394474506378174,4.999999873689376e-05,0.02500000037252903,0.02500000037252903,0.02500000037252903,0.0005000000237487257,0.0005000000237487257,0.5,0.07469432055950165,0.01045989990234375,0.0,0.0,0.0,0.0,0.0,0.0,0.0,0.0,-1.8542550802230835,-1.8542550802230835,1.0,-1.8542550802230835,-1.8542550802230835,-1.8427444696426392,0.0,-4.702733993530273,1.5054306983947754,1.0,0.07469432055950165,1.0,0.0,0.0,0.07469432055950165,0.0,0.0,0.01045989990234375,0.0,0.3104599118232727,0.07331766188144684,0.08056412637233734,0.7066106200218201,0.58379065990448,0.0,0.0,0.0,0.0,0.0,0.0,0.0,0.0,1.0,0.0,-0.0002455220965202898,0.38771533966064453,0.22295497357845306,0.009094038046896458,0.0,0.1046876609325409,0.10456009209156036,0.10456009209156036,0.11973316222429276,0.054800428450107574,-8.299143317014313e-11,0.0,0.0,4.867483615875244,4.867483615875244,1.318694829940796,1.318694829940796,0.5900340676307678,0.0,0.0,0.0,0.0,0.3104599118232727,0.12003718316555023,0.0038550025783479214,0.9021022319793701,0.58379065990448,0.05254289507865906,1.2582476139068604,1.3552255630493164,1.318694829940796,1.3785438537597656,1.5054306983947754,0.32493507862091064,0.04141826182603836,1.0,1.5180258750915527,1.4675157070159912,1.5300261974334717,0.0,9.0,0.0,0.0,0.0,0.0,0.0,0.0,,,,,,,,,,,,,,,,,,,,,,0.001
20,6540,train,0.03847280889749527,0.10751557350158691,0.10782943665981293,0.0,0.004727351013571024,0.004727351013571024,0.0,4.381640911102295,4.999999873689376e-05,0.02500000037252903,0.02500000037252903,0.02500000037252903,0.0005000000237487257,0.0005000000237487257,0.5,0.07791489362716675,0.004067271947860718,0.0,0.0,0.0,0.0,0.0,0.0,0.0,0.0,-1.8197381496429443,-1.8197381496429443,1.0,-1.8197381496429443,-1.8197381496429443,-1.8089334964752197,0.0,-4.614314079284668,1.5434556007385254,1.0,0.07791489362716675,1.0,0.0,0.0,0.07791489362716675,0.0,0.0,0.004067271947860718,0.0,0.29593273997306824,0.07059609889984131,0.10235215723514557,0.6990450620651245,0.5721415281295776,0.0,0.0,0.0,0.0,0.0,0.0,0.0,0.0,1.0,0.0,0.001072932151146233,0.3862413465976715,0.2284313142299652,0.009341019205749035,0.0,0.10782943665981293,0.10751557350158691,0.10751557350158691,0.11496999859809875,0.02217845432460308,3.0379809778935396e-10,0.0,0.0,4.897232532501221,4.897232532501221,1.340009331703186,1.340009331703186,0.5617775321006775,0.0,0.0,0.0,0.0,0.29593273997306824,0.11772648245096207,0.0072107985615730286,0.9291417002677917,0.5721415281295776,0.04108456149697304,1.280946135520935,1.371012568473816,1.340009331703186,1.3686528205871582,1.5434556007385254,0.3259776532649994,0.041878849267959595,1.0,1.4682738780975342,1.4832751750946045,1.5507779121398926,0.0,9.0,0.0,0.0,0.0,0.0,0.0,0.0,,,,,,,,,,,,,,,,,,,,,,0.001
20,6560,train,0.03573627397418022,0.10539510846138,0.10531020909547806,0.0,0.0050147706642746925,0.0050147706642746925,0.0,4.369876861572266,4.999999873689376e-05,0.02500000037252903,0.02500000037252903,0.02500000037252903,0.0005000000237487257,0.0005000000237487257,0.5,0.07224858552217484,0.013308465480804443,0.0,0.0,0.0,0.0,0.0,0.0,0.0,0.0,-1.822150468826294,-1.822150468826294,1.0,-1.822150468826294,-1.8221505880355835,-1.802470326423645,0.0,-4.627689361572266,1.5668580532073975,1.0,0.07224858552217484,1.0,0.0,0.0,0.07224858552217484,0.0,0.0,0.013308465480804443,0.0,0.2866915464401245,0.0712842121720314,0.09118371456861496,0.6653363108634949,0.5610166192054749,0.0,0.0,0.0,0.0,0.0,0.0,0.0,0.0,1.0,0.0,-0.00017741898773238063,0.37783002853393555,0.2310509979724884,0.009568839333951473,0.0,0.10531020909547806,0.10539510846138,0.10539510846138,0.1146559789776802,0.015266982838511467,8.24740761795617e-11,0.0,0.0,4.968940258026123,4.968940258026123,1.3655683994293213,1.3655683994293213,0.570921778678894,0.0,0.0,0.0,0.0,0.2866915464401245,0.12094055116176605,0.002256236504763365,0.9474900364875793,0.5610166192054749,0.03837316483259201,1.2897181510925293,1.4005169868469238,1.3655683994293213,1.398012399673462,1.5668580532073975,0.322564959526062,0.0417739637196064,1.0,1.442746639251709,1.4758212566375732,1.5096890926361084,0.0,9.0,0.0,0.0,0.0,0.0,0.0,0.0,,,,,,,,,,,,,,,,,,,,,,0.001
20,6580,train,0.03944108262658119,0.10909084975719452,0.10933750122785568,0.0,0.004800662398338318,0.004800662398338318,0.0,4.3507914543151855,4.999999873689376e-05,0.02500000037252903,0.02500000037252903,0.02500000037252903,0.0005000000237487257,0.0005000000237487257,0.5,0.05629420280456543,0.009190112352371216,0.0,0.0,0.0,0.0,0.0,0.0,0.0,0.0,-1.8377512693405151,-1.8377512693405151,1.0,-1.8377512693405151,-1.837751030921936,-1.8222551345825195,0.0,-4.657220840454102,1.5100699663162231,1.0,0.05629420280456543,1.0,0.0,0.0,0.05629420280456543,0.0,0.0,0.009190112352371216,0.0,0.3091900944709778,0.07700800150632858,0.1112225204706192,0.6939144134521484,0.5785253643989563,0.0,0.0,0.0,0.0,0.0,0.0,0.0,0.0,1.0,0.0,0.00035478590871207416,0.37952476739883423,0.2262253612279892,0.009835481643676758,0.0,0.10933750122785568,0.10909084975719452,0.10909084975719452,0.11430269479751587,-0.0008778523188084364,-8.602971807158966e-11,0.0,0.0,5.087255477905273,5.087255477905273,1.3526313304901123,1.3526313304901123,0.588746190071106,0.0,0.0,0.0,0.0,0.30919012427330017,0.1260608434677124,0.005162825807929039,0.9237135648727417,0.5785253643989563,0.058992039412260056,1.291555404663086,1.3855699300765991,1.3526313304901123,1.3776497840881348,1.5100699663162231,0.3211413025856018,0.0414171926677227,1.0,1.4151966571807861,1.4403696060180664,1.455538272857666,0.0,9.0,0.0,0.0,0.0,0.0,0.0,0.0,,,,,,,,,,,,,,,,,,,,,,0.001
20,6600,train,0.025049608200788498,0.09745108336210251,0.097516730427742,0.0,0.004157546907663345,0.004157546907663345,0.0,4.370668888092041,4.999999873689376e-05,0.02500000037252903,0.02500000037252903,0.02500000037252903,0.0005000000237487257,0.0005000000237487257,0.5,0.06205083429813385,0.005243182182312012,0.0,0.0,0.0,0.0,0.0,0.0,0.0,0.0,-1.8452187776565552,-1.8452187776565552,1.0,-1.8452187776565552,-1.8452187776565552,-1.8367228507995605,0.0,-4.665225028991699,1.5174154043197632,1.0,0.06205083429813385,1.0,0.0,0.0,0.06205083429813385,0.0,0.0,0.005243182182312012,0.0,0.30524319410324097,0.06835152953863144,0.09989935159683228,0.7002544403076172,0.5861696004867554,0.0,0.0,0.0,0.0,0.0,0.0,0.0,0.0,1.0,0.0,0.0009429914643988013,0.36397579312324524,0.22535240650177002,0.00947954598814249,0.0,0.097516730427742,0.09745108336210251,0.09745108336210251,0.10224395245313644,0.008191567845642567,-9.324386401887708e-11,0.0,0.0,4.752817153930664,4.752817153930664,1.3472819328308105,1.3472819328308105,0.47160691022872925,0.0,0.0,0.0,0.0,0.30524319410324097,0.10816837102174759,0.007690513972193003,0.8619715571403503,0.5861696004867554,0.03547794371843338,1.2951397895812988,1.3781672716140747,1.3472819328308105,1.3596841096878052,1.5174154043197632,0.32689905166625977,0.04164731875061989,1.0,1.4443343877792358,1.4570796489715576,1.5412282943725586,0.0,9.0,0.0,0.0,0.0,0.0,0.0,0.0,,,,,,,,,,,,,,,,,,,,,,0.001
20,6620,train,0.03716098517179489,0.10818634927272797,0.10843212902545929,0.0,0.004633938428014517,0.004633938428014517,0.0,4.3598856925964355,4.999999873689376e-05,0.02500000037252903,0.02500000037252903,0.02500000037252903,0.0005000000237487257,0.0005000000237487257,0.5,0.07422413676977158,0.005692780017852783,0.0,0.0,0.0,0.0,0.0,0.0,0.0,0.0,-1.8617115020751953,-1.8617115020751953,1.0,-1.8617115020751953,-1.8617115020751953,-1.8449125289916992,0.0,-4.701604843139648,1.4462013244628906,1.0,0.07422413676977158,1.0,0.0,0.0,0.07422413676977158,0.0,0.0,0.005692780017852783,0.0,0.30569279193878174,0.07737801223993301,0.09167850017547607,0.7187532186508179,0.5762549638748169,0.0,0.0,0.0,0.0,0.0,0.0,0.0,0.0,1.0,0.0,0.00030350536690093577,0.38000550866127014,0.22552470862865448,0.009598491713404655,0.0,0.10843212902545929,0.10818634927272797,0.10818634927272797,0.10414007306098938,0.030420910567045212,3.993929839629651e-11,0.0,0.0,4.85867977142334,4.85867977142334,1.326685905456543,1.326685905456543,0.5188511610031128,0.0,0.0,0.0,0.0,0.30569279193878174,0.12511707842350006,0.00395706994459033,0.8872549533843994,0.5762549638748169,0.05822610482573509,1.263988971710205,1.3655601739883423,1.326685905456543,1.3615100383758545,1.4462013244628906,0.3258250057697296,0.041676294058561325,1.0,1.6330516338348389,1.4796020984649658,1.455973744392395,0.0,9.0,0.0,0.0,0.0,0.0,0.0,0.0,,,,,,,,,,,,,,,,,,,,,,0.001
20,6640,train,0.03356955572962761,0.10580676048994064,0.10584412515163422,0.0,0.00446000462397933,0.00446000462397933,0.0,4.370774269104004,4.999999873689376e-05,0.02500000037252903,0.02500000037252903,0.02500000037252903,0.0005000000237487257,0.0005000000237487257,0.5,0.05798877403140068,0.009874463081359863,0.0,0.0,0.0,0.0,0.0,0.0,0.0,0.0,-1.8753999471664429,-1.8753999471664429,1.0,-1.8753999471664429,-1.8753999471664429,-1.8582404851913452,0.0,-4.727980613708496,1.4007694721221924,1.0,0.05798877403140068,1.0,0.0,0.0,0.05798877403140068,0.0,0.0,0.009874463081359863,0.0,0.2901255488395691,0.07311869412660599,0.08281044661998749,0.6932023763656616,0.564141035079956,0.0,0.0,0.0,0.0,0.0,0.0,0.0,0.0,1.0,0.0,0.0012503255857154727,0.38435661792755127,0.224853977560997,0.009342287667095661,0.0,0.10584412515163422,0.10580676048994064,0.10580676048994064,0.1030174046754837,0.030695488676428795,-1.0856710669360226e-10,0.0,0.0,5.18764591217041,5.187646389007568,1.3408751487731934,1.3408751487731934,0.5319912433624268,0.0,0.0,0.0,0.0,0.2901255488395691,0.12185879796743393,0.0022903908975422382,0.9148213267326355,0.564141035079956,0.04520527273416519,1.2784514427185059,1.3714274168014526,1.3408751487731934,1.3092015981674194,1.4007694721221924,0.3216647803783417,0.041738901287317276,1.0,1.4880340099334717,1.4895395040512085,1.4108463525772095,0.0,9.0,0.0,0.0,0.0,0.0,0.0,0.0,,,,,,,,,,,,,,,,,,,,,,0.001
20,6660,train,0.03254899010062218,0.10350381582975388,0.10368585586547852,0.0,0.005060304421931505,0.005060304421931505,0.0,4.371351718902588,4.999999873689376e-05,0.02500000037252903,0.02500000037252903,0.02500000037252903,0.0005000000237487257,0.0005000000237487257,0.5,0.06121332570910454,0.01179686188697815,0.0,0.0,0.0,0.0,0.0,0.0,0.0,0.0,-1.8414714336395264,-1.8414714336395264,1.0,-1.8414714336395264,-1.8414714336395264,-1.8241232633590698,0.0,-4.661082744598389,1.4513441324234009,1.0,0.06121332570910454,1.0,0.0,0.0,0.06121332570910454,0.0,0.0,0.01179686188697815,0.0,0.2882031202316284,0.07767461240291595,0.07705672085285187,0.74615877866745,0.5619156360626221,0.0,0.0,0.0,0.0,0.0,0.0,0.0,0.0,1.0,0.0,-6.0718823078786954e-05,0.3858291804790497,0.22657187283039093,0.009363795630633831,0.0,0.10368585586547852,0.10350381582975388,0.10350381582975388,0.11321312934160233,0.04851703718304634,-1.475820299301489e-10,0.0,0.0,5.057051181793213,5.057051181793213,1.3218570947647095,1.3218570947647095,0.5845844149589539,0.0,0.0,0.0,0.0,0.2882031500339508,0.1226576492190361,0.0011873008916154504,0.9102479815483093,0.5619156360626221,0.041712626814842224,1.2672358751296997,1.350748062133789,1.3218570947647095,1.3434813022613525,1.4513441324234009,0.325484037399292,0.041759785264730453,1.0,1.4854743480682373,1.5312012434005737,1.4971463680267334,0.0,9.0,0.0,0.0,0.0,0.0,0.0,0.0,,,,,,,,,,,,,,,,,,,,,,0.001
20,6680,train,0.022697817534208298,0.09568686783313751,0.09596240520477295,0.0,0.00417281361296773,0.00417281361296773,0.0,4.349505424499512,4.999999873689376e-05,0.02500000037252903,0.02500000037252903,0.02500000037252903,0.0005000000237487257,0.0005000000237487257,0.5,0.06511623412370682,0.001455157995223999,0.0,0.0,0.0,0.0,0.0,0.0,0.0,0.0,-1.8507322072982788,-1.8507322072982788,1.0,-1.8507322072982788,-1.8507322072982788,-1.835436224937439,0.0,-4.678284645080566,1.4919172525405884,1.0,0.06511623412370682,1.0,0.0,0.0,0.06511623412370682,0.0,0.0,0.001455157995223999,0.0,0.29854485392570496,0.07612872123718262,0.06944866478443146,0.7391654849052429,0.5737298130989075,0.0,0.0,0.0,0.0,0.0,0.0,0.0,0.0,1.0,0.0,0.0017570495838299394,0.3721774220466614,0.2326086163520813,0.009853780269622803,0.0,0.09596240520477295,0.09568686783313751,0.09568686783313751,0.1084657609462738,0.03549608588218689,2.3361690359990916e-10,0.0,0.0,4.951672077178955,4.951672554016113,1.391033411026001,1.391033411026001,0.5472555756568909,0.0,0.0,0.0,0.0,0.29854485392570496,0.11921019107103348,0.0048229629173874855,0.8650972843170166,0.5737298130989075,0.04589461162686348,1.3120862245559692,1.431867241859436,1.391033411026001,1.3614152669906616,1.4919172525405884,0.3342961072921753,0.04283636808395386,1.0,1.4995366334915161,1.4884265661239624,1.5148637294769287,0.0,9.0,0.0,0.0,0.0,0.0,0.0,0.0,,,,,,,,,,,,,,,,,,,,,,0.001
20,6680,train_epoch,0.03263123644638561,0.10397305647413174,0.1041831924262161,0.0,0.004592491107474187,0.004592491107474187,0.0,4.39764481675839,4.999999873689376e-05,0.02500000037252903,0.02500000037252903,0.02500000037252903,0.0005000000237487257,0.0005000000237487257,0.5,0.06644487691050519,0.0067493270435733,0.0,0.0,0.0,0.0,0.0,0.0,0.0,0.0,-1.8509949677718613,-1.8509949677718613,1.0,-1.8509949677718613,-1.8509949674149473,-1.835828555201342,0.0,-4.688163119161914,1.469549228331286,1.0,0.06644487691050519,1.0,0.0,0.0,0.06644487691050519,0.0,0.0,0.0067493270435733,0.0,0.2991866190990288,0.07588596418946089,0.08278602593673204,0.7109799529620987,0.5725066883121422,0.0,0.0,0.0,0.0,0.0,0.0,0.0,0.0,1.0,0.0,0.0010544195525724576,0.38213009748630183,0.2268030428868568,0.009056294875074467,0.0,0.1041831924262161,0.10397305647413174,0.10397305647413174,0.11318348089378037,0.035855465403041374,-3.931341674863463e-12,0.0,0.0,4.910168076703648,4.91016807242068,1.3407785364253793,1.3407785364253793,0.5648868279364294,0.0,0.0,0.0,0.0,0.2991866243635109,0.1212916044507198,0.0031772460784131526,0.9002496960634243,0.5725066883121422,0.04675479284571316,1.2746183640228774,1.3744175244948107,1.3407785364253793,1.3407628604038033,1.469549228331286,0.32053595281646635,0.04110851126561265,1.0,1.4677392365689763,1.4671567210894145,1.4674935248083698,0.0,9.0,0.0,0.0,0.0,0.0,0.0,0.0,,,,,,,,,,,,,,,,,,,,,,0.001
20,6680,val,,,,,,,,,,,,,,,,,,,,,,,,,,,,,,,,,,,,,,,,,,,,,,,,,,,,,,,,,,,,,,,,,,,,,,,,,,,,,,,,,,,,,,,,,,,,,,,,,,,,,,,,,,,45.63857504299709,7356.859551565988,85.77213738485236,77.65734088420868,24.55212642465319,14.290257202727455,23.286502964570065,10.034321325165886,6.606051547186715,15.912398278713226,25.645424371830238,12.443902709654399,7.317431317908423,130.99171788351876,156.93773548711673,276.1432231153761,76.93922236987522,45.63857504299709,85.77213738485236,77.65734088420868,24.55212642465319,0.001
20,6680,test,,,,,,,,,,,,,,,,,,,,,,,,,,,,,,,,,,,,,,,,,,,,,,,,,,,,,,,,,,,,,,,,,,,,,,,,,,,,,,,,,,,,,,,,,,,,,,,,,,,,,,,,,,,55.11409837859018,8686.921109880719,93.20365395133776,77.70880876268659,29.476997579847062,21.210306678499496,31.769787206169994,16.77422504765647,9.703186358724322,29.011726336819784,43.25217000429953,24.70777314049857,13.101414348397936,137.6708560671125,165.0593445641827,250.6471745627267,82.75182819366455,55.11409837859018,93.20365395133776,77.70880876268659,29.476997579847062,0.001
21,6700,train,0.038474518805742264,0.11555041372776031,0.11499109864234924,0.0,0.005233859643340111,0.005233859643340111,0.0,4.316863536834717,5.500000042957254e-05,0.027499999850988388,0.027499999850988388,0.027499999850988388,0.0005499999970197678,0.0005499999970197678,0.550000011920929,0.06623895466327667,0.01090914011001587,0.0,0.0,0.0,0.0,0.0,0.0,0.0,0.0,-1.8272345066070557,-1.8272345066070557,1.0,-1.8272345066070557,-1.8272345066070557,-1.8129185438156128,0.0,-4.648536205291748,1.4989250898361206,1.0,0.06623895466327667,1.0,0.0,0.0,0.06623895466327667,0.0,0.0,0.01090914011001587,0.0,0.2890908420085907,0.0811464786529541,0.09737907350063324,0.8045417666435242,0.5604317784309387,0.0,0.0,0.0,0.0,0.0,0.0,0.0,0.0,1.0,0.0,0.0026232909876853228,0.3735479414463043,0.22889108955860138,0.010230494663119316,0.0,0.11499109864234924,0.11555041372776031,0.11555041372776031,0.1107688695192337,0.013074006885290146,1.3139447863075304e-10,0.0,0.0,4.846467018127441,4.846467018127441,1.3468555212020874,1.3468555212020874,0.536975085735321,0.0,0.0,0.0,0.0,0.2890908718109131,0.12524919211864471,0.002557011554017663,0.9155864715576172,0.5604317784309387,0.045450370758771896,1.288805603981018,1.3774789571762085,1.3468555212020874,1.3596552610397339,1.4989250898361206,0.44784781336784363,0.053070686757564545,1.0,1.4520477056503296,1.4247159957885742,1.4292737245559692,0.0,10.0,0.0,0.0,0.0,0.0,0.0,0.0,,,,,,,,,,,,,,,,,,,,,,0.001
21,6720,train,0.03362903743982315,0.11286947876214981,0.11324512958526611,0.0,0.0059835826978087425,0.0059835826978087425,0.0,4.307922840118408,5.500000042957254e-05,0.027499999850988388,0.027499999850988388,0.027499999850988388,0.0005499999970197678,0.0005499999970197678,0.550000011920929,0.06578949093818665,0.0035754144191741943,0.0,0.0,0.0,0.0,0.0,0.0,0.0,0.0,-1.8605291843414307,-1.8605291843414307,1.0,-1.8605291843414307,-1.8605291843414307,-1.8488866090774536,0.0,-4.7139058113098145,1.45842707157135,1.0,0.06578949093818665,1.0,0.0,0.0,0.06578949093818665,0.0,0.0,0.0035754144191741943,0.0,0.29642459750175476,0.07795000076293945,0.07708865404129028,0.7080087661743164,0.5700308680534363,0.0,0.0,0.0,0.0,0.0,0.0,0.0,0.0,1.0,0.0,0.0026988815516233444,0.38720381259918213,0.21804086863994598,0.010439354926347733,0.0,0.11324512958526611,0.11286947876214981,0.11286947876214981,0.11681104451417923,0.04843081906437874,2.891925310333221e-10,0.0,0.0,4.919349193572998,4.919349193572998,1.3010259866714478,1.3010259866714478,0.601170003414154,0.0,0.0,0.0,0.0,0.29642459750175476,0.12149327248334885,0.003064678283408284,0.9074376821517944,0.5700308680534363,0.04394914582371712,1.2557610273361206,1.3248367309570312,1.3010259866714478,1.3332979679107666,1.45842707157135,0.44821929931640625,0.052352216094732285,1.0,1.4255547523498535,1.4052565097808838,1.4523662328720093,0.0,10.0,0.0,0.0,0.0,0.0,0.0,0.0,,,,,,,,,,,,,,,,,,,,,,0.001
21,6740,train,0.016709763556718826,0.0990888699889183,0.09974494576454163,0.0,0.004971249494701624,0.004971249494701624,0.0,4.290171146392822,5.500000042957254e-05,0.027499999850988388,0.027499999850988388,0.027499999850988388,0.0005499999970197678,0.0005499999970197678,0.550000011920929,0.059652432799339294,0.0009178817272186279,0.0,0.0,0.0,0.0,0.0,0.0,0.0,0.0,-1.8678923845291138,-1.8678923845291138,1.0,-1.8678923845291138,-1.8678925037384033,-1.8471543788909912,0.0,-4.707186698913574,1.4321410655975342,1.0,0.059652432799339294,1.0,0.0,0.0,0.059652432799339294,0.0,0.0,0.0009178817272186279,0.0,0.3009178638458252,0.08378206938505173,0.08107595145702362,0.7719552516937256,0.5699743628501892,0.0,0.0,0.0,0.0,0.0,0.0,0.0,0.0,1.0,0.0,0.003247213317081332,0.3791015148162842,0.23554185032844543,0.010903817601501942,0.0,0.09974494576454163,0.0990888699889183,0.0990888699889183,0.11539524793624878,0.028091220185160637,-1.5800528940790315e-10,0.0,0.0,4.793936729431152,4.793936729431152,1.368019700050354,1.368019700050354,0.572638988494873,0.0,0.0,0.0,0.0,0.3009178936481476,0.12761425971984863,0.0018709725700318813,0.9051628708839417,0.5699743628501892,0.05333946272730827,1.263874888420105,1.4213420152664185,1.368019700050354,1.3229206800460815,1.4321410655975342,0.4302546977996826,0.050054602324962616,1.0,1.3454562425613403,1.4728740453720093,1.4478418827056885,0.0,10.0,0.0,0.0,0.0,0.0,0.0,0.0,,,,,,,,,,,,,,,,,,,,,,0.001
21,6760,train,0.02708795666694641,0.10684050619602203,0.10695847123861313,0.0,0.004734781105071306,0.004734781105071306,0.0,4.32357931137085,5.500000042957254e-05,0.027499999850988388,0.027499999850988388,0.027499999850988388,0.0005499999970197678,0.0005499999970197678,0.550000011920929,0.07075527310371399,0.005421757698059082,0.0,0.0,0.0,0.0,0.0,0.0,0.0,0.0,-1.8464388847351074,-1.8464388847351074,1.0,-1.8464388847351074,-1.8464388847351074,-1.8308794498443604,0.0,-4.6856560707092285,1.5221216678619385,1.0,0.07075527310371399,1.0,0.0,0.0,0.07075527310371399,0.0,0.0,0.005421757698059082,0.0,0.2945781946182251,0.08267417550086975,0.0761578381061554,0.7314777374267578,0.5647988319396973,0.0,0.0,0.0,0.0,0.0,0.0,0.0,0.0,1.0,0.0,0.0025289913173764944,0.3760887086391449,0.23112672567367554,0.010218434035778046,0.0,0.10695847123861313,0.10684050619602203,0.10684050619602203,0.11554331332445145,0.032106123864650726,2.938578824718263e-10,0.0,0.0,4.781668186187744,4.781668186187744,1.3755186796188354,1.3755186796188354,0.5517831444740295,0.0,0.0,0.0,0.0,0.2945782542228699,0.1266210824251175,0.0024357568472623825,0.9037784934043884,0.5647988319396973,0.05067402124404907,1.275282382965088,1.421491265296936,1.3755186796188354,1.3821604251861572,1.5221216678619385,0.4246940314769745,0.049318112432956696,1.0,1.5615098476409912,1.4705256223678589,1.451949954032898,0.0,10.0,0.0,0.0,0.0,0.0,0.0,0.0,,,,,,,,,,,,,,,,,,,,,,0.001
21,6780,train,0.023623069748282433,0.10333023965358734,0.10371915996074677,0.0,0.004367072135210037,0.004367072135210037,0.0,4.312276363372803,5.500000042957254e-05,0.027499999850988388,0.027499999850988388,0.027499999850988388,0.0005499999970197678,0.0005499999970197678,0.550000011920929,0.05866684392094612,0.001095116138458252,0.0,0.0,0.0,0.0,0.0,0.0,0.0,0.0,-1.8334753513336182,-1.8334753513336182,1.0,-1.8334753513336182,-1.8334753513336182,-1.810373306274414,0.0,-4.654857158660889,1.5306079387664795,1.0,0.05866684392094612,1.0,0.0,0.0,0.05866684392094612,0.0,0.0,0.001095116138458252,0.0,0.2989048659801483,0.08073347061872482,0.05591747164726257,0.7454771995544434,0.5686374306678772,0.0,0.0,0.0,0.0,0.0,0.0,0.0,0.0,1.0,0.0,0.0022364261094480753,0.3603667914867401,0.23466436564922333,0.010391833260655403,0.0,0.10371915996074677,0.10333023965358734,0.10333023965358734,0.11595676839351654,0.00027820083778351545,-5.357541077444239e-10,0.0,0.0,4.67189359664917,4.671893119812012,1.3805034160614014,1.3805034160614014,0.5209023356437683,0.0,0.0,0.0,0.0,0.2989048957824707,0.1270015686750412,0.005209748633205891,0.933098554611206,0.5686374306678772,0.05125613138079643,1.2722581624984741,1.4313232898712158,1.3805034160614014,1.3768287897109985,1.5306079387664795,0.4207130968570709,0.04874579980969429,1.0,1.5051922798156738,1.4688491821289062,1.50236976146698,0.0,10.0,0.0,0.0,0.0,0.0,0.0,0.0,,,,,,,,,,,,,,,,,,,,,,0.001
21,6800,train,0.03145712614059448,0.11131186783313751,0.1115422174334526,0.0,0.004613442346453667,0.004613442346453667,0.0,4.298353672027588,5.500000042957254e-05,0.027499999850988388,0.027499999850988388,0.027499999850988388,0.0005499999970197678,0.0005499999970197678,0.550000011920929,0.056962400674819946,0.0014387071132659912,0.0,0.0,0.0,0.0,0.0,0.0,0.0,0.0,-1.864701509475708,-1.864701509475708,1.0,-1.864701509475708,-1.8647013902664185,-1.8504204750061035,0.0,-4.704854965209961,1.4280674457550049,1.0,0.056962400674819946,1.0,0.0,0.0,0.056962400674819946,0.0,0.0,0.0014387071132659912,0.0,0.30143868923187256,0.08297570049762726,0.08308038115501404,0.7609777450561523,0.5728535056114197,0.0,0.0,0.0,0.0,0.0,0.0,0.0,0.0,1.0,0.0,0.001901764888316393,0.3766801357269287,0.22141708433628082,0.010382400825619698,0.0,0.1115422174334526,0.11131186783313751,0.11131186783313751,0.11637678742408752,0.03866713121533394,1.811957528463637e-10,0.0,0.0,5.094477653503418,5.094477653503418,1.3212988376617432,1.3212988376617432,0.6140561103820801,0.0,0.0,0.0,0.0,0.30143871903419495,0.12491549551486969,0.005162766668945551,0.9150084257125854,0.5728535056114197,0.05454963445663452,1.260260820388794,1.3528884649276733,1.3212988376617432,1.3141987323760986,1.4280674457550049,0.4091261029243469,0.047346632927656174,1.0,1.3986351490020752,1.3873851299285889,1.3768322467803955,0.0,10.0,0.0,0.0,0.0,0.0,0.0,0.0,,,,,,,,,,,,,,,,,,,,,,0.001
21,6820,train,0.02775685116648674,0.10800447314977646,0.10855131596326828,0.0,0.004822952207177877,0.004822952207177877,0.0,4.284240245819092,5.500000042957254e-05,0.027499999850988388,0.027499999850988388,0.027499999850988388,0.0005499999970197678,0.0005499999970197678,0.550000011920929,0.056704603135585785,0.004624426364898682,0.0,0.0,0.0,0.0,0.0,0.0,0.0,0.0,-1.861088752746582,-1.861088752746582,1.0,-1.861088752746582,-1.861088752746582,-1.844409704208374,0.0,-4.708551406860352,1.462430477142334,1.0,0.056704603135585785,1.0,0.0,0.0,0.056704603135585785,0.0,0.0,0.004624426364898682,0.0,0.2953755259513855,0.08866427838802338,0.10030053555965424,0.7690538763999939,0.5609613656997681,0.0,0.0,0.0,0.0,0.0,0.0,0.0,0.0,1.0,0.0,0.0010480362689122558,0.3738038241863251,0.2278447449207306,0.010687182657420635,0.0,0.10855131596326828,0.10800447314977646,0.10800447314977646,0.10497452318668365,0.028086617588996887,-2.1124516025317064e-10,0.0,0.0,4.923562049865723,4.923562049865723,1.3382763862609863,1.3382763862609863,0.5337468981742859,0.0,0.0,0.0,0.0,0.2953755855560303,0.13450771570205688,0.0038594568613916636,0.9244347810745239,0.5609613656997681,0.06568627804517746,1.2665278911590576,1.376682996749878,1.3382763862609863,1.3362599611282349,1.462430477142334,0.3989410400390625,0.04636134207248688,1.0,1.4372124671936035,1.4794687032699585,1.436262607574463,0.0,10.0,0.0,0.0,0.0,0.0,0.0,0.0,,,,,,,,,,,,,,,,,,,,,,0.001
21,6840,train,0.020531579852104187,0.10199057310819626,0.10210152715444565,0.0,0.0043677762150764465,0.0043677762150764465,0.0,4.2403950691223145,5.500000042957254e-05,0.027499999850988388,0.027499999850988388,0.027499999850988388,0.0005499999970197678,0.0005499999970197678,0.550000011920929,0.0561213493347168,0.0006133615970611572,0.0,0.0,0.0,0.0,0.0,0.0,0.0,0.0,-1.8593424558639526,-1.8593424558639526,1.0,-1.8593424558639526,-1.8593424558639526,-1.8455229997634888,0.0,-4.696216583251953,1.4534870386123657,1.0,0.0561213493347168,1.0,0.0,0.0,0.0561213493347168,0.0,0.0,0.0006133615970611572,0.0,0.3006133437156677,0.07780946791172028,0.10568904876708984,0.7461363077163696,0.5738522410392761,0.0,0.0,0.0,0.0,0.0,0.0,0.0,0.0,1.0,0.0,0.002144248690456152,0.3773137927055359,0.22420592606067657,0.011429811827838421,0.0,0.10210152715444565,0.10199057310819626,0.10199057310819626,0.11249464005231857,0.027500826865434647,5.042496420415432e-10,0.0,0.0,4.775414943695068,4.775414943695068,1.3405567407608032,1.3405567407608032,0.5537179112434387,0.0,0.0,0.0,0.0,0.3006133735179901,0.12195636332035065,0.004696461372077465,0.9276716113090515,0.5738522410392761,0.04901961237192154,1.2854387760162354,1.3686046600341797,1.3405567407608032,1.3509321212768555,1.4534870386123657,0.3964967131614685,0.04623705521225929,1.0,1.3050849437713623,1.3767316341400146,1.3867909908294678,0.0,10.0,0.0,0.0,0.0,0.0,0.0,0.0,,,,,,,,,,,,,,,,,,,,,,0.001
21,6860,train,0.029716432094573975,0.109519362449646,0.10978463292121887,0.0,0.0048212348483502865,0.0048212348483502865,0.0,4.230003833770752,5.500000042957254e-05,0.027499999850988388,0.027499999850988388,0.027499999850988388,0.0005499999970197678,0.0005499999970197678,0.550000011920929,0.057394061237573624,0.006944000720977783,0.0,0.0,0.0,0.0,0.0,0.0,0.0,0.0,-1.8574631214141846,-1.8574631214141846,1.0,-1.8574631214141846,-1.8574631214141846,-1.8488022089004517,0.0,-4.698340892791748,1.4601799249649048,1.0,0.057394061237573624,1.0,0.0,0.0,0.057394061237573624,0.0,0.0,0.006944000720977783,0.0,0.30694398283958435,0.08536729961633682,0.08518566936254501,0.7183585166931152,0.5761416554450989,0.0,0.0,0.0,0.0,0.0,0.0,0.0,0.0,1.0,0.0,0.0006822446011938155,0.3823889493942261,0.21684718132019043,0.011564877815544605,0.0,0.10978463292121887,0.109519362449646,0.109519362449646,0.1050615906715393,0.021216996014118195,1.67318631172364e-10,0.0,0.0,5.086999416351318,5.086999416351318,1.3090099096298218,1.3090099096298218,0.546979546546936,0.0,0.0,0.0,0.0,0.30694401264190674,0.12731514871120453,0.005160235334187746,0.922672688961029,0.5761416554450989,0.060661766678094864,1.2736016511917114,1.3269314765930176,1.3090099096298218,1.3237344026565552,1.4601799249649048,0.39236608147621155,0.045676615089178085,1.0,1.3797080516815186,1.379822015762329,1.4130522012710571,0.0,10.0,0.0,0.0,0.0,0.0,0.0,0.0,,,,,,,,,,,,,,,,,,,,,,0.001
21,6880,train,0.028021151199936867,0.10819634795188904,0.10837506502866745,0.0,0.005063528195023537,0.005063528195023537,0.0,4.268709182739258,5.500000042957254e-05,0.027499999850988388,0.027499999850988388,0.027499999850988388,0.0005499999970197678,0.0005499999970197678,0.550000011920929,0.0622788704931736,0.006619185209274292,0.0,0.0,0.0,0.0,0.0,0.0,0.0,0.0,-1.8593116998672485,-1.8593116998672485,1.0,-1.8593116998672485,-1.8593116998672485,-1.8463371992111206,0.0,-4.7051544189453125,1.4450390338897705,1.0,0.0622788704931736,1.0,0.0,0.0,0.0622788704931736,0.0,0.0,0.006619185209274292,0.0,0.2933807671070099,0.08464106172323227,0.0696818083524704,0.7514781951904297,0.5648323893547058,0.0,0.0,0.0,0.0,0.0,0.0,0.0,0.0,1.0,0.0,8.295068982988596e-05,0.38768813014030457,0.22095787525177002,0.01081696804612875,0.0,0.10837506502866745,0.10819634795188904,0.10819634795188904,0.10812470316886902,0.0610600970685482,-1.3024281653173375e-10,0.0,0.0,5.061729431152344,5.061729431152344,1.3037573099136353,1.3037573099136353,0.5874534845352173,0.0,0.0,0.0,0.0,0.29338082671165466,0.12567751109600067,0.0013863722560927272,0.9208517074584961,0.5648323893547058,0.050337012857198715,1.2491047382354736,1.329842209815979,1.3037573099136353,1.3435660600662231,1.4450390338897705,0.38843613862991333,0.04462632164359093,1.0,1.2689094543457031,1.3977254629135132,1.3895148038864136,0.0,10.0,0.0,0.0,0.0,0.0,0.0,0.0,,,,,,,,,,,,,,,,,,,,,,0.001
21,6900,train,0.03130996972322464,0.11147798597812653,0.11171458661556244,0.0,0.004561968147754669,0.004561968147754669,0.0,4.24566125869751,5.500000042957254e-05,0.027499999850988388,0.027499999850988388,0.027499999850988388,0.0005499999970197678,0.0005499999970197678,0.550000011920929,0.05192861706018448,0.0033371448516845703,0.0,0.0,0.0,0.0,0.0,0.0,0.0,0.0,-1.8709144592285156,-1.8709144592285156,1.0,-1.8709144592285156,-1.8709144592285156,-1.8588910102844238,0.0,-4.732100963592529,1.4118335247039795,1.0,0.05192861706018448,1.0,0.0,0.0,0.05192861706018448,0.0,0.0,0.0033371448516845703,0.0,0.30333712697029114,0.09090656787157059,0.05439142510294914,0.8068181872367859,0.5725304484367371,0.0,0.0,0.0,0.0,0.0,0.0,0.0,0.0,1.0,0.0,0.0017203146126121283,0.3779904544353485,0.21771679818630219,0.011190810240805149,0.0,0.11171458661556244,0.11147798597812653,0.11147798597812653,0.10890316963195801,0.06370969861745834,-6.883378589339628e-11,0.0,0.0,5.129754543304443,5.129754543304443,1.3113399744033813,1.3113399744033813,0.5858296155929565,0.0,0.0,0.0,0.0,0.3033371567726135,0.1282627433538437,0.0029291417449712753,0.9339429140090942,0.5725304484367371,0.062086399644613266,1.2602810859680176,1.3365756273269653,1.3113399744033813,1.3253971338272095,1.4118335247039795,0.3877662420272827,0.0443415604531765,1.0,1.3976174592971802,1.420259952545166,1.4254813194274902,0.0,10.0,0.0,0.0,0.0,0.0,0.0,0.0,,,,,,,,,,,,,,,,,,,,,,0.001
21,6920,train,0.0381166934967041,0.11467492580413818,0.11510177701711655,0.0,0.004554431419819593,0.004554431419819593,0.0,4.250820636749268,5.500000042957254e-05,0.027499999850988388,0.027499999850988388,0.027499999850988388,0.0005499999970197678,0.0005499999970197678,0.550000011920929,0.053018778562545776,0.009913355112075806,0.0,0.0,0.0,0.0,0.0,0.0,0.0,0.0,-1.8176772594451904,-1.8176772594451904,1.0,-1.8176772594451904,-1.8176772594451904,-1.8011858463287354,0.0,-4.6328253746032715,1.5221412181854248,1.0,0.053018778562545776,1.0,0.0,0.0,0.053018778562545776,0.0,0.0,0.009913355112075806,0.0,0.29008662700653076,0.08349268138408661,0.0934564471244812,0.7793378829956055,0.5588904619216919,0.0,0.0,0.0,0.0,0.0,0.0,0.0,0.0,1.0,0.0,0.0019824851769953966,0.3765649199485779,0.23239199817180634,0.011169515550136566,0.0,0.11510177701711655,0.11467492580413818,0.11467492580413818,0.12805822491645813,0.009563830681145191,2.8166248847161235e-11,0.0,0.0,4.918840408325195,4.918840408325195,1.3701578378677368,1.3701578378677368,0.6337024569511414,0.0,0.0,0.0,0.0,0.29008665680885315,0.1295832246541977,0.0038299066945910454,0.93555748462677,0.5588904619216919,0.05113358050584793,1.2877401113510132,1.4092082977294922,1.3701578378677368,1.3724066019058228,1.5221412181854248,0.38725534081459045,0.04510928690433502,1.0,1.4382083415985107,1.4864890575408936,1.4601852893829346,0.0,10.0,0.0,0.0,0.0,0.0,0.0,0.0,,,,,,,,,,,,,,,,,,,,,,0.001
21,6940,train,0.027733376249670982,0.10637477785348892,0.10652834177017212,0.0,0.004671747330576181,0.004671747330576181,0.0,4.184738636016846,5.500000042957254e-05,0.027499999850988388,0.027499999850988388,0.027499999850988388,0.0005499999970197678,0.0005499999970197678,0.550000011920929,0.06796400249004364,0.005246788263320923,0.0,0.0,0.0,0.0,0.0,0.0,0.0,0.0,-1.8244723081588745,-1.8244723081588745,1.0,-1.8244723081588745,-1.8244723081588745,-1.8099102973937988,0.0,-4.627774715423584,1.4781889915466309,1.0,0.06796400249004364,1.0,0.0,0.0,0.06796400249004364,0.0,0.0,0.005246788263320923,0.0,0.29475322365760803,0.0831034779548645,0.10420139878988266,0.7793301343917847,0.567099928855896,0.0,0.0,0.0,0.0,0.0,0.0,0.0,0.0,1.0,0.0,0.0015173741849139333,0.38515347242355347,0.23108698427677155,0.012382673099637032,0.0,0.10652834177017212,0.10637477785348892,0.10637477785348892,0.12168499827384949,0.007326935417950153,7.366186111600059e-13,0.0,0.0,5.085197448730469,5.085197448730469,1.3728299140930176,1.3728299140930176,0.6153594851493835,0.0,0.0,0.0,0.0,0.29475322365760803,0.12411392480134964,0.00578331621363759,0.9039719104766846,0.567099928855896,0.04803922027349472,1.3014764785766602,1.4056235551834106,1.3728299140930176,1.387885570526123,1.4781889915466309,0.3872082829475403,0.04569283127784729,1.0,1.37095046043396,1.4159128665924072,1.4501075744628906,0.0,10.0,0.0,0.0,0.0,0.0,0.0,0.0,,,,,,,,,,,,,,,,,,,,,,0.001
21,6960,train,0.030685139819979668,0.10926271229982376,0.10975354164838791,0.0,0.004488820675760508,0.004488820675760508,0.0,4.178411483764648,5.500000042957254e-05,0.027499999850988388,0.027499999850988388,0.027499999850988388,0.0005499999970197678,0.0005499999970197678,0.550000011920929,0.06039651483297348,0.008527815341949463,0.0,0.0,0.0,0.0,0.0,0.0,0.0,0.0,-1.8348990678787231,-1.8348990678787231,1.0,-1.8348990678787231,-1.8348990678787231,-1.824556827545166,0.0,-4.665602207183838,1.4755302667617798,1.0,0.06039651483297348,1.0,0.0,0.0,0.06039651483297348,0.0,0.0,0.008527815341949463,0.0,0.3085278272628784,0.08660884946584702,0.09050166606903076,0.8050597906112671,0.5779359936714172,0.0,0.0,0.0,0.0,0.0,0.0,0.0,0.0,1.0,0.0,0.0012961587635800242,0.3793722689151764,0.22162359952926636,0.012165725231170654,0.0,0.10975354164838791,0.10926271229982376,0.10926271229982376,0.12097684293985367,0.008347499184310436,-2.0531519540067933e-10,0.0,0.0,4.986103534698486,4.986103534698486,1.3357012271881104,1.3357012271881104,0.6146788597106934,0.0,0.0,0.0,0.0,0.3085278272628784,0.12732276320457458,0.005680824629962444,0.917843222618103,0.5779359936714172,0.06323529779911041,1.2827399969100952,1.3621368408203125,1.3357012271881104,1.3317044973373413,1.4755302667617798,0.3853275179862976,0.04520817846059799,1.0,1.303899884223938,1.339209794998169,1.3979533910751343,0.0,10.0,0.0,0.0,0.0,0.0,0.0,0.0,,,,,,,,,,,,,,,,,,,,,,0.001
21,6980,train,0.021756954491138458,0.10418137162923813,0.10446834564208984,0.0,0.004078326281160116,0.004078326281160116,0.0,4.197810649871826,5.500000042957254e-05,0.027499999850988388,0.027499999850988388,0.027499999850988388,0.0005499999970197678,0.0005499999970197678,0.550000011920929,0.0676347017288208,0.006006896495819092,0.0,0.0,0.0,0.0,0.0,0.0,0.0,0.0,-1.885484218597412,-1.885484218597412,1.0,-1.885484218597412,-1.8854840993881226,-1.871221661567688,0.0,-4.761860370635986,1.3916555643081665,1.0,0.0676347017288208,1.0,0.0,0.0,0.0676347017288208,0.0,0.0,0.006006896495819092,0.0,0.30600684881210327,0.08546154201030731,0.08561205118894577,0.7341629862785339,0.5775803923606873,0.0,0.0,0.0,0.0,0.0,0.0,0.0,0.0,1.0,0.0,0.0017019010847434402,0.36925560235977173,0.2209722399711609,0.0118158720433712,0.0,0.10446834564208984,0.10418137162923813,0.10418137162923813,0.10931553691625595,0.0452229380607605,2.6985344514507403e-10,0.0,0.0,4.934587478637695,4.934587478637695,1.3444231748580933,1.3444231748580933,0.5431941151618958,0.0,0.0,0.0,0.0,0.30600690841674805,0.1242133378982544,0.0036451832856982946,0.9051466584205627,0.5775803923606873,0.05793505162000656,1.285287857055664,1.3730698823928833,1.3444231748580933,1.3151051998138428,1.3916555643081665,0.3860572874546051,0.04547996073961258,1.0,1.3666346073150635,1.4303975105285645,1.4312220811843872,0.0,10.0,0.0,0.0,0.0,0.0,0.0,0.0,,,,,,,,,,,,,,,,,,,,,,0.001
21,7000,train,0.01497455034404993,0.09478359669446945,0.09512463212013245,0.0,0.004473926965147257,0.004473926965147257,0.0,4.14777946472168,5.500000042957254e-05,0.027499999850988388,0.027499999850988388,0.027499999850988388,0.0005499999970197678,0.0005499999970197678,0.550000011920929,0.05320584028959274,0.008242368698120117,0.0,0.0,0.0,0.0,0.0,0.0,0.0,0.0,-1.8039805889129639,-1.8039805889129639,1.0,-1.8039805889129639,-1.8039805889129639,-1.7878451347351074,0.0,-4.590673446655273,1.5394062995910645,1.0,0.05320584028959274,1.0,0.0,0.0,0.05320584028959274,0.0,0.0,0.008242368698120117,0.0,0.29175764322280884,0.0840488150715828,0.10420238971710205,0.7922772765159607,0.5615088939666748,0.0,0.0,0.0,0.0,0.0,0.0,0.0,0.0,1.0,0.0,0.001109498436562717,0.37644094228744507,0.23830175399780273,0.012922897934913635,0.0,0.09512463212013245,0.09478359669446945,0.09478359669446945,0.11015720665454865,0.012814308516681194,-3.5545347221166423e-10,0.0,0.0,5.040171146392822,5.040171146392822,1.3972262144088745,1.3972262144088745,0.5608575344085693,0.0,0.0,0.0,0.0,0.29175764322280884,0.1287253499031067,0.005648868158459663,0.8969349265098572,0.5615088939666748,0.05667892470955849,1.3108714818954468,1.4407347440719604,1.3972262144088745,1.3921918869018555,1.5394062995910645,0.38111984729766846,0.04584639146924019,1.0,1.4477853775024414,1.4216489791870117,1.4296449422836304,0.0,10.0,0.0,0.0,0.0,0.0,0.0,0.0,,,,,,,,,,,,,,,,,,,,,,0.001
21,7014,train_epoch,0.02859807356461481,0.10797047820276842,0.10834812689684108,0.0,0.00480305974533458,0.00480305974533458,0.0,4.2561199822111755,5.500000042957254e-05,0.027499999850988388,0.027499999850988388,0.027499999850988388,0.0005499999970197678,0.0005499999970197678,0.550000011920929,0.06112958788648694,0.007023593355081752,0.0,0.0,0.0,0.0,0.0,0.0,0.0,0.0,-1.8444670149666107,-1.8444670149666107,1.0,-1.8444670149666107,-1.8444670171080948,-1.8290310284334743,0.0,-4.675322706827861,1.478409425941056,1.0,0.06112958788648694,1.0,0.0,0.0,0.06112958788648694,0.0,0.0,0.007023593355081752,0.0,0.2993103795779679,0.08320327651893307,0.08717277233382899,0.7470268050353684,0.5689666813719059,0.0,0.0,0.0,0.0,0.0,0.0,0.0,0.0,1.0,0.0,0.001470931107853644,0.3789802758458132,0.22804997883692474,0.011188225321538613,0.0,0.10834812689684108,0.10797047820276842,0.10797047820276842,0.11553511059212827,0.031208838667857536,-2.292523186910123e-12,0.0,0.0,4.935247743914941,4.935247742487285,1.3511484026195046,1.3511484026195046,0.5826644140803171,0.0,0.0,0.0,0.0,0.2993104030450661,0.12736551296300516,0.003715922782221296,0.9186562601320758,0.5689666813719059,0.05620482705622733,1.2778742823772087,1.3880201628108224,1.3511484026195046,1.3503702964611397,1.478409425941056,0.40013211269578536,0.04684106670989248,1.0,1.4395425526681775,1.4384137195741344,1.4394787093122563,0.0,10.0,0.0,0.0,0.0,0.0,0.0,0.0,,,,,,,,,,,,,,,,,,,,,,0.001
21,7014,val,,,,,,,,,,,,,,,,,,,,,,,,,,,,,,,,,,,,,,,,,,,,,,,,,,,,,,,,,,,,,,,,,,,,,,,,,,,,,,,,,,,,,,,,,,,,,,,,,,,,,,,,,,,33.18734574317932,4206.044139317104,64.85402176671161,51.177763879299164,17.637617681707656,14.30481835774013,23.332907838574904,9.614499752010618,6.638941032545907,15.316138288804463,25.24198932319443,10.617133894136973,7.09496083855629,135.16974701200212,161.79547906939032,279.90775925772533,78.72586985996791,33.18734574317932,64.85402176671161,51.177763879299164,17.637617681707656,0.001
21,7014,test,,,,,,,,,,,,,,,,,,,,,,,,,,,,,,,,,,,,,,,,,,,,,,,,,,,,,,,,,,,,,,,,,,,,,,,,,,,,,,,,,,,,,,,,,,,,,,,,,,,,,,,,,,,42.62560520853315,5415.903333391462,73.59282120826366,55.57662773132324,22.35067754132407,20.16109083380018,30.600878898169377,15.707763224840164,9.337851954357964,26.716447847230093,40.66769480987587,22.016504866736277,12.207584057535444,140.9259490966797,168.6512030720276,253.40149314062936,84.21505631719317,42.62560520853315,73.59282120826366,55.57662773132324,22.35067754132407,0.001
22,7020,train,0.02075101248919964,0.10936442762613297,0.10994900017976761,0.0,0.004692900460213423,0.004692900460213423,0.0,4.140289783477783,5.999999848427251e-05,0.029999999329447746,0.029999999329447746,0.029999999329447746,0.0006000000284984708,0.0006000000284984708,0.6000000238418579,0.07145731151103973,0.006075084209442139,0.0,0.0,0.0,0.0,0.0,0.0,0.0,0.0,-1.8506489992141724,-1.8506489992141724,1.0,-1.8506489992141724,-1.8506488800048828,-1.8355220556259155,0.0,-4.681436538696289,1.4974948167800903,1.0,0.07145731151103973,1.0,0.0,0.0,0.07145731151103973,0.0,0.0,0.006075084209442139,0.0,0.29392489790916443,0.08152048289775848,0.10217428207397461,0.7506672739982605,0.5654731392860413,0.0,0.0,0.0,0.0,0.0,0.0,0.0,0.0,1.0,0.0,0.0008370684809051454,0.3826204836368561,0.22489885985851288,0.012888285331428051,0.0,0.10994900017976761,0.10936442762613297,0.10936442762613297,0.12451042234897614,0.030368149280548096,2.9319643934933026e-10,0.0,0.0,4.8983025550842285,4.8983025550842285,1.3552441596984863,1.3552441596984863,0.6106265783309937,0.0,0.0,0.0,0.0,0.2939249277114868,0.12630458176136017,0.008263063617050648,0.9589594602584839,0.5654731392860413,0.05484068766236305,1.286615014076233,1.3873772621154785,1.3552441596984863,1.3662714958190918,1.4974948167800903,0.3847584128379822,0.04597090929746628,1.0,1.4468379020690918,1.4284086227416992,1.4314870834350586,0.0,10.0,0.0,0.0,0.0,0.0,0.0,0.0,,,,,,,,,,,,,,,,,,,,,,0.001
22,7040,train,0.020058205351233482,0.10937115550041199,0.10954274237155914,0.0,0.004862252622842789,0.004862252622842789,0.0,4.096132278442383,5.999999848427251e-05,0.029999999329447746,0.029999999329447746,0.029999999329447746,0.0006000000284984708,0.0006000000284984708,0.6000000238418579,0.06871969997882843,0.0076521337032318115,0.0,0.0,0.0,0.0,0.0,0.0,0.0,0.0,-1.8609827756881714,-1.8609827756881714,1.0,-1.8609827756881714,-1.8609827756881714,-1.8491698503494263,0.0,-4.70023775100708,1.4283567667007446,1.0,0.06871969997882843,1.0,0.0,0.0,0.06871969997882843,0.0,0.0,0.0076521337032318115,0.0,0.29234787821769714,0.08802654594182968,0.10014718770980835,0.7665243148803711,0.5644410848617554,0.0,0.0,0.0,0.0,0.0,0.0,0.0,0.0,1.0,0.0,0.0007124244584701955,0.38694190979003906,0.2224332094192505,0.013703088276088238,0.0,0.10954274237155914,0.10937115550041199,0.10937115550041199,0.12594611942768097,0.04913880676031113,2.862714787443821e-10,0.0,0.0,5.265878677368164,5.265878200531006,1.3297920227050781,1.3297920227050781,0.6778489947319031,0.0,0.0,0.0,0.0,0.29234787821769714,0.12557053565979004,0.003788746427744627,0.9219430088996887,0.5644410848617554,0.05176164582371712,1.2734060287475586,1.35454261302948,1.3297920227050781,1.3396940231323242,1.4283567667007446,0.3796082139015198,0.045707959681749344,1.0,1.3767356872558594,1.388972282409668,1.4096852540969849,0.0,10.0,0.0,0.0,0.0,0.0,0.0,0.0,,,,,,,,,,,,,,,,,,,,,,0.001
22,7060,train,0.01227165013551712,0.10104858130216599,0.10146673768758774,0.0,0.004206809215247631,0.004206809215247631,0.0,4.059233665466309,5.999999848427251e-05,0.029999999329447746,0.029999999329447746,0.029999999329447746,0.0006000000284984708,0.0006000000284984708,0.6000000238418579,0.05223431438207626,0.006163507699966431,0.0,0.0,0.0,0.0,0.0,0.0,0.0,0.0,-1.8245846033096313,-1.8245846033096313,1.0,-1.8245846033096313,-1.8245846033096313,-1.8105567693710327,0.0,-4.624237060546875,1.4915236234664917,1.0,0.05223431438207626,1.0,0.0,0.0,0.05223431438207626,0.0,0.0,0.006163507699966431,0.0,0.306163489818573,0.09432411938905716,0.08707576990127563,0.7945979833602905,0.5721675157546997,0.0,0.0,0.0,0.0,0.0,0.0,0.0,0.0,1.0,0.0,0.0020052616018801928,0.378288596868515,0.23115932941436768,0.014210909605026245,0.0,0.10146673768758774,0.10104858130216599,0.10104858130216599,0.11895512044429779,0.032866399735212326,-1.2253940917528183e-10,0.0,0.0,4.9986162185668945,4.998615741729736,1.3639768362045288,1.3639768362045288,0.6189040541648865,0.0,0.0,0.0,0.0,0.3061635196208954,0.1335114985704422,0.004367510788142681,0.945671558380127,0.5721675157546997,0.07241115719079971,1.3000215291976929,1.398560881614685,1.3639768362045288,1.3614213466644287,1.4915236234664917,0.37813815474510193,0.045327141880989075,1.0,1.4518964290618896,1.455328345298767,1.423509955406189,0.0,10.0,0.0,0.0,0.0,0.0,0.0,0.0,,,,,,,,,,,,,,,,,,,,,,0.001
22,7080,train,0.014438902027904987,0.10356606543064117,0.1038103923201561,0.0,0.004245345015078783,0.004245345015078783,0.0,4.005487442016602,5.999999848427251e-05,0.029999999329447746,0.029999999329447746,0.029999999329447746,0.0006000000284984708,0.0006000000284984708,0.6000000238418579,0.058772459626197815,0.00210648775100708,0.0,0.0,0.0,0.0,0.0,0.0,0.0,0.0,-1.8382242918014526,-1.8382242918014526,1.0,-1.8382242918014526,-1.838224172592163,-1.8215208053588867,0.0,-4.660470962524414,1.4884331226348877,1.0,0.058772459626197815,1.0,0.0,0.0,0.058772459626197815,0.0,0.0,0.00210648775100708,0.0,0.2978935241699219,0.0789354145526886,0.10998120903968811,0.7445002794265747,0.5690076351165771,0.0,0.0,0.0,0.0,0.0,0.0,0.0,0.0,1.0,0.0,0.0011839921353384852,0.3652053773403168,0.23160797357559204,0.015377420000731945,0.0,0.1038103923201561,0.10356606543064117,0.10356606543064117,0.10155976563692093,0.006360522471368313,-2.4741567128394593e-10,0.0,0.0,4.85353946685791,4.85353946685791,1.3831030130386353,1.3831030130386353,0.4954189956188202,0.0,0.0,0.0,0.0,0.2978935241699219,0.12563955783843994,0.0036585426423698664,0.9243164658546448,0.5690076351165771,0.052389707416296005,1.3012453317642212,1.4257400035858154,1.3831030130386353,1.3661266565322876,1.4884331226348877,0.38809698820114136,0.04595038294792175,1.0,1.4217278957366943,1.4576871395111084,1.4872604608535767,0.0,10.0,0.0,0.0,0.0,0.0,0.0,0.0,,,,,,,,,,,,,,,,,,,,,,0.001
22,7100,train,0.02292047068476677,0.11041717231273651,0.11068248003721237,0.0,0.004613338969647884,0.004613338969647884,0.0,4.0075459480285645,5.999999848427251e-05,0.029999999329447746,0.029999999329447746,0.029999999329447746,0.0006000000284984708,0.0006000000284984708,0.6000000238418579,0.05622605234384537,0.015207678079605103,0.0,0.0,0.0,0.0,0.0,0.0,0.0,0.0,-1.8342485427856445,-1.8342485427856445,1.0,-1.8342485427856445,-1.8342485427856445,-1.8254895210266113,0.0,-4.672642707824707,1.431387186050415,1.0,0.05622605234384537,1.0,0.0,0.0,0.05622605234384537,0.0,0.0,0.015207678079605103,0.0,0.28479230403900146,0.09091392159461975,0.06887609511613846,0.7997592687606812,0.5561054944992065,0.0,0.0,0.0,0.0,0.0,0.0,0.0,0.0,1.0,0.0,0.0011117402464151382,0.38214898109436035,0.22376777231693268,0.01502849068492651,0.0,0.11068248003721237,0.11041717231273651,0.11041717231273651,0.10966134816408157,0.036297399550676346,3.222234423727599e-10,0.0,0.0,5.296520233154297,5.296520233154297,1.3488444089889526,1.3488444089889526,0.6103320121765137,0.0,0.0,0.0,0.0,0.28479233384132385,0.12728023529052734,0.003092715982347727,0.9317877888679504,0.5561054944992065,0.05150122940540314,1.294461965560913,1.3747267723083496,1.3488444089889526,1.3626348972320557,1.431387186050415,0.37514030933380127,0.0453520305454731,1.0,1.5321227312088013,1.443174123764038,1.4403222799301147,0.0,10.0,0.0,0.0,0.0,0.0,0.0,0.0,,,,,,,,,,,,,,,,,,,,,,0.001
22,7120,train,0.011288944631814957,0.10139144212007523,0.10148414224386215,0.0,0.0042703235521912575,0.0042703235521912575,0.0,4.028602600097656,5.999999848427251e-05,0.029999999329447746,0.029999999329447746,0.029999999329447746,0.0006000000284984708,0.0006000000284984708,0.6000000238418579,0.061080582439899445,0.0063439905643463135,0.0,0.0,0.0,0.0,0.0,0.0,0.0,0.0,-1.8468267917633057,-1.8468267917633057,1.0,-1.8468267917633057,-1.8468269109725952,-1.8333820104599,0.0,-4.679783821105957,1.4919679164886475,1.0,0.061080582439899445,1.0,0.0,0.0,0.061080582439899445,0.0,0.0,0.0063439905643463135,0.0,0.3063439726829529,0.08691371232271194,0.10019313544034958,0.7542698383331299,0.5763216018676758,0.0,0.0,0.0,0.0,0.0,0.0,0.0,0.0,1.0,0.0,0.0010992411989718676,0.37024855613708496,0.22552980482578278,0.014431617222726345,0.0,0.10148414224386215,0.10139144212007523,0.10139144212007523,0.1095573902130127,0.020556803792715073,2.0219803609222708e-10,0.0,0.0,4.982172966003418,4.982172966003418,1.3589309453964233,1.3589309453964233,0.5599148869514465,0.0,0.0,0.0,0.0,0.30634400248527527,0.12669412791728973,0.0036146908532828093,0.9278314113616943,0.5763216018676758,0.06161152198910713,1.3018724918365479,1.388920783996582,1.3589309453964233,1.381516933441162,1.4919679164886475,0.3826219439506531,0.046084921807050705,1.0,1.4594857692718506,1.4382423162460327,1.463719129562378,0.0,10.0,0.0,0.0,0.0,0.0,0.0,0.0,,,,,,,,,,,,,,,,,,,,,,0.001
22,7140,train,0.011723418720066547,0.10019049793481827,0.10039562731981277,0.0,0.004325265530496836,0.004325265530496836,0.0,3.939117431640625,5.999999848427251e-05,0.029999999329447746,0.029999999329447746,0.029999999329447746,0.0006000000284984708,0.0006000000284984708,0.6000000238418579,0.05434515327215195,0.0032319724559783936,0.0,0.0,0.0,0.0,0.0,0.0,0.0,0.0,-1.8157809972763062,-1.8157809972763062,1.0,-1.8157809972763062,-1.8157809972763062,-1.8017398118972778,0.0,-4.609249591827393,1.5300602912902832,1.0,0.05434515327215195,1.0,0.0,0.0,0.05434515327215195,0.0,0.0,0.0032319724559783936,0.0,0.2967680096626282,0.08844257146120071,0.08284007757902145,0.7790899276733398,0.5672447681427002,0.0,0.0,0.0,0.0,0.0,0.0,0.0,0.0,1.0,0.0,0.0013880347833037376,0.3801893889904022,0.23405680060386658,0.016068514436483383,0.0,0.10039562731981277,0.10019049793481827,0.10019049793481827,0.12024246901273727,0.02060420624911785,-8.097648246385702e-11,0.0,0.0,4.882535934448242,4.882535934448242,1.3853578567504883,1.3853578567504883,0.6074997186660767,0.0,0.0,0.0,0.0,0.29676803946495056,0.12774786353111267,0.005478453356772661,0.9453936219215393,0.5672447681427002,0.05802696570754051,1.3149186372756958,1.4219472408294678,1.3853578567504883,1.3893282413482666,1.5300602912902832,0.3786993622779846,0.04564148560166359,1.0,1.41156804561615,1.4036611318588257,1.4036202430725098,0.0,10.0,0.0,0.0,0.0,0.0,0.0,0.0,,,,,,,,,,,,,,,,,,,,,,0.001
22,7160,train,0.02195574901998043,0.10886458307504654,0.10863747447729111,0.0,0.004807052202522755,0.004807052202522755,0.0,3.977698802947998,5.999999848427251e-05,0.029999999329447746,0.029999999329447746,0.029999999329447746,0.0006000000284984708,0.0006000000284984708,0.6000000238418579,0.06329686939716339,0.0011804401874542236,0.0,0.0,0.0,0.0,0.0,0.0,0.0,0.0,-1.817631483078003,-1.817631483078003,1.0,-1.817631483078003,-1.817631483078003,-1.8035216331481934,0.0,-4.6190385818481445,1.5372567176818848,1.0,0.06329686939716339,1.0,0.0,0.0,0.06329686939716339,0.0,0.0,0.0011804401874542236,0.0,0.29881957173347473,0.08427780121564865,0.10746654123067856,0.7553209066390991,0.5703721046447754,0.0,0.0,0.0,0.0,0.0,0.0,0.0,0.0,1.0,0.0,-0.00026538281235843897,0.375633180141449,0.23235726356506348,0.015125312842428684,0.0,0.10863747447729111,0.10886458307504654,0.10886458307504654,0.1174732893705368,0.0037536805029958487,-9.861023109181133e-11,0.0,0.0,5.005761623382568,5.005761623382568,1.3758026361465454,1.3758026361465454,0.6095388531684875,0.0,0.0,0.0,0.0,0.29881957173347473,0.12609173357486725,0.00645411666482687,0.9280047416687012,0.5703721046447754,0.05851716175675392,1.3171935081481934,1.404159426689148,1.3758026361465454,1.4050689935684204,1.5372567176818848,0.3839404881000519,0.04612144082784653,1.0,1.4934847354888916,1.4784691333770752,1.4513201713562012,0.0,10.0,0.0,0.0,0.0,0.0,0.0,0.0,,,,,,,,,,,,,,,,,,,,,,0.001
22,7180,train,0.0181862972676754,0.1070096343755722,0.10721966624259949,0.0,0.004216363653540611,0.004216363653540611,0.0,3.9365062713623047,5.999999848427251e-05,0.029999999329447746,0.029999999329447746,0.029999999329447746,0.0006000000284984708,0.0006000000284984708,0.6000000238418579,0.05736735090613365,0.008339464664459229,0.0,0.0,0.0,0.0,0.0,0.0,0.0,0.0,-1.844489574432373,-1.844489574432373,1.0,-1.844489574432373,-1.844489336013794,-1.8297260999679565,0.0,-4.688186168670654,1.4772173166275024,1.0,0.05736735090613365,1.0,0.0,0.0,0.05736735090613365,0.0,0.0,0.008339464664459229,0.0,0.3083394765853882,0.09364836663007736,0.07961665093898773,0.7900317907333374,0.5726318955421448,0.0,0.0,0.0,0.0,0.0,0.0,0.0,0.0,1.0,0.0,0.0015702687669545412,0.37103134393692017,0.23247134685516357,0.01585913449525833,0.0,0.10721966624259949,0.1070096343755722,0.1070096343755722,0.12400542944669724,0.015380711294710636,-7.516669925378139e-11,0.0,0.0,5.044249057769775,5.044249534606934,1.3985488414764404,1.3985488414764404,0.6442393660545349,0.0,0.0,0.0,0.0,0.3083394765853882,0.13495783507823944,0.0036468426696956158,0.9288788437843323,0.5726318955421448,0.0739736557006836,1.321501612663269,1.4355219602584839,1.3985488414764404,1.3772084712982178,1.4772173166275024,0.3807079493999481,0.04590791463851929,1.0,1.406851887702942,1.4404348134994507,1.4181177616119385,0.0,10.0,0.0,0.0,0.0,0.0,0.0,0.0,,,,,,,,,,,,,,,,,,,,,,0.001
22,7200,train,0.010064797475934029,0.09895597398281097,0.09938712418079376,0.0,0.004572486039251089,0.004572486039251089,0.0,3.887768268585205,5.999999848427251e-05,0.029999999329447746,0.029999999329447746,0.029999999329447746,0.0006000000284984708,0.0006000000284984708,0.6000000238418579,0.05429891496896744,0.014085054397583008,0.0,0.0,0.0,0.0,0.0,0.0,0.0,0.0,-1.819667935371399,-1.819667935371399,1.0,-1.819667935371399,-1.819667935371399,-1.8028590679168701,0.0,-4.627188682556152,1.5072147846221924,1.0,0.05429891496896744,1.0,0.0,0.0,0.05429891496896744,0.0,0.0,0.014085054397583008,0.0,0.28591492772102356,0.08900707215070724,0.06403164565563202,0.7591207027435303,0.5532680749893188,0.0,0.0,0.0,0.0,0.0,0.0,0.0,0.0,1.0,0.0,0.0010298284469172359,0.38202640414237976,0.2347499579191208,0.01708824560046196,0.0,0.09938712418079376,0.09895597398281097,0.09895597398281097,0.12602178752422333,0.04033321142196655,7.260957113341959e-11,0.0,0.0,5.0797247886657715,5.0797247886657715,1.3868659734725952,1.3868659734725952,0.6570618152618408,0.0,0.0,0.0,0.0,0.28591495752334595,0.13283319771289825,0.0032758242450654507,0.9282310605049133,0.5532680749893188,0.05686274915933609,1.2980635166168213,1.4263488054275513,1.3868659734725952,1.3567746877670288,1.5072147846221924,0.37478771805763245,0.04541183263063431,1.0,1.3714287281036377,1.4307267665863037,1.4090142250061035,0.0,10.0,0.0,0.0,0.0,0.0,0.0,0.0,,,,,,,,,,,,,,,,,,,,,,0.001
22,7220,train,0.007453579921275377,0.09690964967012405,0.09713003039360046,0.0,0.004327231552451849,0.004327231552451849,0.0,3.897458076477051,5.999999848427251e-05,0.029999999329447746,0.029999999329447746,0.029999999329447746,0.0006000000284984708,0.0006000000284984708,0.6000000238418579,0.05619625002145767,0.009248912334442139,0.0,0.0,0.0,0.0,0.0,0.0,0.0,0.0,-1.8214168548583984,-1.8214168548583984,1.0,-1.8214168548583984,-1.8214168548583984,-1.8089909553527832,0.0,-4.6443586349487305,1.4950714111328125,1.0,0.05619625002145767,1.0,0.0,0.0,0.05619625002145767,0.0,0.0,0.009248912334442139,0.0,0.29075106978416443,0.08926373720169067,0.07915899157524109,0.7512056827545166,0.5600498914718628,0.0,0.0,0.0,0.0,0.0,0.0,0.0,0.0,1.0,0.0,0.0010862683411687613,0.37946879863739014,0.22837293148040771,0.016331329941749573,0.0,0.09713003039360046,0.09690964967012405,0.09690964967012405,0.10108501464128494,0.03881240636110306,-3.7927225249312357e-10,0.0,0.0,5.084652423858643,5.084652423858643,1.3767778873443604,1.3767778873443604,0.5272555351257324,0.0,0.0,0.0,0.0,0.2907510995864868,0.13015003502368927,0.006833566352725029,0.9186461567878723,0.5600498914718628,0.058609072118997574,1.3232307434082031,1.4029643535614014,1.3767778873443604,1.3814178705215454,1.4950714111328125,0.3812659978866577,0.045441970229148865,1.0,1.4018473625183105,1.447052001953125,1.4483137130737305,0.0,10.0,0.0,0.0,0.0,0.0,0.0,0.0,,,,,,,,,,,,,,,,,,,,,,0.001
22,7240,train,0.029989751055836678,0.11590048670768738,0.11637549847364426,0.0,0.00435985904186964,0.00435985904186964,0.0,3.8315489292144775,5.999999848427251e-05,0.029999999329447746,0.029999999329447746,0.029999999329447746,0.0006000000284984708,0.0006000000284984708,0.6000000238418579,0.05639875307679176,0.011761367321014404,0.0,0.0,0.0,0.0,0.0,0.0,0.0,0.0,-1.826457142829895,-1.826457142829895,1.0,-1.826457142829895,-1.826457142829895,-1.8150675296783447,0.0,-4.654943466186523,1.4523922204971313,1.0,0.05639875307679176,1.0,0.0,0.0,0.05639875307679176,0.0,0.0,0.011761367321014404,0.0,0.28823861479759216,0.09349420666694641,0.07122784852981567,0.8121778964996338,0.5552436709403992,0.0,0.0,0.0,0.0,0.0,0.0,0.0,0.0,1.0,0.0,0.0017630340298637748,0.38802167773246765,0.2221321314573288,0.01746330037713051,0.0,0.11637549847364426,0.11590048670768738,0.11590048670768738,0.11896567046642303,0.04189765825867653,-3.3725644499327245e-10,0.0,0.0,5.396114826202393,5.396114826202393,1.3307994604110718,1.3307994604110718,0.6678688526153564,0.0,0.0,0.0,0.0,0.28823864459991455,0.13388238847255707,0.005823980551213026,0.9564869999885559,0.5552436709403992,0.06181066483259201,1.295191764831543,1.347536563873291,1.3307994604110718,1.3757355213165283,1.4523922204971313,0.3775547444820404,0.04526775702834129,1.0,1.4306764602661133,1.4151337146759033,1.3968523740768433,0.0,10.0,0.0,0.0,0.0,0.0,0.0,0.0,,,,,,,,,,,,,,,,,,,,,,0.001
22,7260,train,0.02131541073322296,0.10887112468481064,0.10914403945207596,0.0,0.004757513292133808,0.004757513292133808,0.0,3.9098117351531982,5.999999848427251e-05,0.029999999329447746,0.029999999329447746,0.029999999329447746,0.0006000000284984708,0.0006000000284984708,0.6000000238418579,0.06337571144104004,0.012424588203430176,0.0,0.0,0.0,0.0,0.0,0.0,0.0,0.0,-1.8301219940185547,-1.8301219940185547,1.0,-1.8301219940185547,-1.8301219940185547,-1.8150805234909058,0.0,-4.643042087554932,1.4270048141479492,1.0,0.06337571144104004,1.0,0.0,0.0,0.06337571144104004,0.0,0.0,0.012424588203430176,0.0,0.2875753939151764,0.08622749149799347,0.10353188216686249,0.7346023917198181,0.5578639507293701,0.0,0.0,0.0,0.0,0.0,0.0,0.0,0.0,1.0,0.0,0.00024927736376412213,0.38179731369018555,0.2265792042016983,0.01570725440979004,0.0,0.10914403945207596,0.10887112468481064,0.10887112468481064,0.11223579943180084,0.04052994027733803,5.857588025737215e-11,0.0,0.0,5.346263885498047,5.346263885498047,1.3572787046432495,1.3572787046432495,0.6237854361534119,0.0,0.0,0.0,0.0,0.2875754237174988,0.1286061704158783,0.005925567355006933,0.9079411625862122,0.5578639507293701,0.05389093607664108,1.30003821849823,1.3844828605651855,1.3572787046432495,1.3376059532165527,1.4270048141479492,0.37428662180900574,0.04523764178156853,1.0,1.4065909385681152,1.426432490348816,1.4395331144332886,0.0,10.0,0.0,0.0,0.0,0.0,0.0,0.0,,,,,,,,,,,,,,,,,,,,,,0.001
22,7280,train,0.016007447615265846,0.10468430817127228,0.10474196821451187,0.0,0.00458959024399519,0.00458959024399519,0.0,3.8100063800811768,5.999999848427251e-05,0.029999999329447746,0.029999999329447746,0.029999999329447746,0.0006000000284984708,0.0006000000284984708,0.6000000238418579,0.056751810014247894,0.008449435234069824,0.0,0.0,0.0,0.0,0.0,0.0,0.0,0.0,-1.8338444232940674,-1.8338444232940674,1.0,-1.8338444232940674,-1.8338444232940674,-1.8167650699615479,0.0,-4.657748699188232,1.4500330686569214,1.0,0.056751810014247894,1.0,0.0,0.0,0.056751810014247894,0.0,0.0,0.008449435234069824,0.0,0.3084494173526764,0.09448005259037018,0.10502525418996811,0.8226275444030762,0.5691559910774231,0.0,0.0,0.0,0.0,0.0,0.0,0.0,0.0,1.0,0.0,0.00041170077747665346,0.3825405538082123,0.23286746442317963,0.01798337511718273,0.0,0.10474196821451187,0.10468430817127228,0.10468430817127228,0.11342048645019531,0.03752708062529564,9.674808870707707e-11,0.0,0.0,5.148841857910156,5.148841857910156,1.3899223804473877,1.3899223804473877,0.6106039881706238,0.0,0.0,0.0,0.0,0.3084494471549988,0.14044176042079926,0.004905010107904673,0.9572121500968933,0.5691559910774231,0.08175551891326904,1.3012769222259521,1.4396237134933472,1.3899223804473877,1.336977481842041,1.4500330686569214,0.37432941794395447,0.04462127014994621,1.0,1.5396666526794434,1.4249690771102905,1.372640609741211,0.0,10.0,0.0,0.0,0.0,0.0,0.0,0.0,,,,,,,,,,,,,,,,,,,,,,0.001
22,7300,train,0.03099702298641205,0.1148875504732132,0.11520132422447205,0.0,0.004563243594020605,0.004563243594020605,0.0,3.7483208179473877,5.999999848427251e-05,0.029999999329447746,0.029999999329447746,0.029999999329447746,0.0006000000284984708,0.0006000000284984708,0.6000000238418579,0.05319209024310112,0.012175917625427246,0.0,0.0,0.0,0.0,0.0,0.0,0.0,0.0,-1.7888634204864502,-1.7888634204864502,1.0,-1.7888634204864502,-1.7888634204864502,-1.7791402339935303,0.0,-4.578367710113525,1.523384690284729,1.0,0.05319209024310112,1.0,0.0,0.0,0.05319209024310112,0.0,0.0,0.012175917625427246,0.0,0.2878240942955017,0.09093894064426422,0.0927945077419281,0.7919616103172302,0.5567798614501953,0.0,0.0,0.0,0.0,0.0,0.0,0.0,0.0,1.0,0.0,0.0008495705551467836,0.3972870707511902,0.2295844554901123,0.01902902126312256,0.0,0.11520132422447205,0.1148875504732132,0.1148875504732132,0.11263569444417953,0.04341217130422592,-4.196726646754634e-11,0.0,0.0,5.04291296005249,5.04291296005249,1.3639601469039917,1.3639601469039917,0.5878041386604309,0.0,0.0,0.0,0.0,0.2878240942955017,0.1315687596797943,0.009266716428101063,0.9403144121170044,0.5567798614501953,0.06018688902258873,1.3036071062088013,1.3949790000915527,1.3639601469039917,1.393179178237915,1.523384690284729,0.37822139263153076,0.04487650468945503,1.0,1.3940060138702393,1.4270657300949097,1.4419047832489014,0.0,10.0,0.0,0.0,0.0,0.0,0.0,0.0,,,,,,,,,,,,,,,,,,,,,,0.001
22,7320,train,0.017097560688853264,0.1045394018292427,0.10466194897890091,0.0,0.004530518781393766,0.004530518781393766,0.0,3.816690683364868,5.999999848427251e-05,0.029999999329447746,0.029999999329447746,0.029999999329447746,0.0006000000284984708,0.0006000000284984708,0.6000000238418579,0.06088950112462044,0.007842540740966797,0.0,0.0,0.0,0.0,0.0,0.0,0.0,0.0,-1.8130062818527222,-1.8130062818527222,1.0,-1.8130062818527222,-1.8130062818527222,-1.7940566539764404,0.0,-4.628992080688477,1.4876837730407715,1.0,0.06088950112462044,1.0,0.0,0.0,0.06088950112462044,0.0,0.0,0.007842540740966797,0.0,0.307842493057251,0.0935366079211235,0.11252252757549286,0.8034939765930176,0.5682985186576843,0.0,0.0,0.0,0.0,0.0,0.0,0.0,0.0,1.0,0.0,0.001120676752179861,0.3896869421005249,0.23870626091957092,0.01754421927034855,0.0,0.10466194897890091,0.1045394018292427,0.1045394018292427,0.11844375729560852,0.041826531291007996,-8.256451078381133e-11,0.0,0.0,5.089918613433838,5.089918613433838,1.4180195331573486,1.4180195331573486,0.6224678754806519,0.0,0.0,0.0,0.0,0.30784255266189575,0.1405443400144577,0.003317315597087145,0.9479151964187622,0.5682985186576843,0.0821538046002388,1.324959397315979,1.4681771993637085,1.4180195331573486,1.3846018314361572,1.4876837730407715,0.3803023099899292,0.0457354336977005,1.0,1.417973279953003,1.4151982069015503,1.4304430484771729,0.0,10.0,0.0,0.0,0.0,0.0,0.0,0.0,,,,,,,,,,,,,,,,,,,,,,0.001
22,7340,train,0.013203050941228867,0.10147703438997269,0.10182859748601913,0.0,0.004292250145226717,0.004292250145226717,0.0,3.743460178375244,5.999999848427251e-05,0.029999999329447746,0.029999999329447746,0.029999999329447746,0.0006000000284984708,0.0006000000284984708,0.6000000238418579,0.07244828343391418,0.0006454586982727051,0.0,0.0,0.0,0.0,0.0,0.0,0.0,0.0,-1.8172823190689087,-1.8172823190689087,1.0,-1.8172823190689087,-1.8172825574874878,-1.7945715188980103,0.0,-4.627231121063232,1.5202280282974243,1.0,0.07244828343391418,1.0,0.0,0.0,0.07244828343391418,0.0,0.0,0.0006454586982727051,0.0,0.2993544936180115,0.09248834103345871,0.1151871308684349,0.7721822261810303,0.5606014132499695,0.0,0.0,0.0,0.0,0.0,0.0,0.0,0.0,1.0,0.0,0.0005994744715280831,0.3622051477432251,0.24489212036132812,0.019263839349150658,0.0,0.10182859748601913,0.10147703438997269,0.10147703438997269,0.11096537113189697,0.019511166960000992,1.6102753852553775e-10,0.0,0.0,5.01444673538208,5.01444673538208,1.452813744544983,1.452813744544983,0.5786167979240417,0.0,0.0,0.0,0.0,0.29935455322265625,0.14115896821022034,0.006515671499073505,0.9392605423927307,0.5606014132499695,0.07705269753932953,1.3371933698654175,1.5181171894073486,1.452813744544983,1.3840603828430176,1.5202280282974243,0.38953670859336853,0.046035975217819214,1.0,1.3972982168197632,1.489558219909668,1.4394564628601074,0.0,10.0,0.0,0.0,0.0,0.0,0.0,0.0,,,,,,,,,,,,,,,,,,,,,,0.001
22,7348,train_epoch,0.01638932693397632,0.10467838830576685,0.1049104102714333,0.0,0.00449985942822842,0.00449985942822842,0.0,3.9317535961459495,5.999999848427251e-05,0.029999999329447746,0.029999999329447746,0.029999999329447746,0.0006000000284984708,0.0006000000284984708,0.6000000238418579,0.05714782509216648,0.0063534281746356076,0.0,0.0,0.0,0.0,0.0,0.0,0.0,0.0,-1.8280024678407314,-1.8280024678407314,1.0,-1.8280024678407314,-1.8280024653423332,-1.8135853416905432,0.0,-4.643307914277036,1.486132474002724,1.0,0.05714782509216648,1.0,0.0,0.0,0.05714782509216648,0.0,0.0,0.0063534281746356076,0.0,0.30004898597023444,0.08943992237487954,0.09520350628627275,0.768990968337316,0.5676213415439971,0.0,0.0,0.0,0.0,0.0,0.0,0.0,0.0,1.0,0.0,0.0009106134181199527,0.38197070627869245,0.2294796588802766,0.016026633504421232,0.0,0.1049104102714333,0.10467838830576685,0.10467838830576685,0.11501502230049607,0.03392675567019597,-1.0115916721168116e-12,0.0,0.0,5.090984053240565,5.090984058951189,1.3698858604459705,1.3698858604459705,0.604246564700218,0.0,0.0,0.0,0.0,0.30004901148958835,0.13136651558790377,0.0053799542672318705,0.9293628411735603,0.5676213415439971,0.06506500240348413,1.3030575513839722,1.4034267881673252,1.3698858604459705,1.3691169523193452,1.486132474002724,0.3785814158395379,0.045434901646957425,1.0,1.4109317646055164,1.4119276854092488,1.4122441093364875,0.0,10.0,0.0,0.0,0.0,0.0,0.0,0.0,,,,,,,,,,,,,,,,,,,,,,0.001
22,7348,val,,,,,,,,,,,,,,,,,,,,,,,,,,,,,,,,,,,,,,,,,,,,,,,,,,,,,,,,,,,,,,,,,,,,,,,,,,,,,,,,,,,,,,,,,,,,,,,,,,,,,,,,,,,33.048403416361126,4147.893997192383,64.40414580748963,51.57109712702887,17.608797694955552,14.291727423667908,23.26017111138852,10.223816305398941,6.6331809631415775,15.397109121084213,25.276408583882617,11.144084930419922,7.168045946529934,133.07848119735718,159.40321933731593,278.4413221563612,77.7897310256958,33.048403416361126,64.40414580748963,51.57109712702887,17.608797694955552,0.001
22,7348,test,,,,,,,,,,,,,,,,,,,,,,,,,,,,,,,,,,,,,,,,,,,,,,,,,,,,,,,,,,,,,,,,,,,,,,,,,,,,,,,,,,,,,,,,,,,,,,,,,,,,,,,,,,,43.7181008202689,5481.950631277902,74.04019605104988,57.693153500556946,22.81651027713503,21.206499142306193,31.740087197503605,17.975099895681655,9.78775955949511,28.210218685013906,42.25380666904915,24.477649680205754,12.83882326739175,138.65713609967912,166.09702046130883,251.52062559127808,83.17775477681842,43.7181008202689,74.04019605104988,57.693153500556946,22.81651027713503,0.001
23,7360,train,0.004407992120832205,0.10294777899980545,0.10327901691198349,0.0,0.004360398277640343,0.004360398277640343,0.0,3.756796360015869,6.500000017695129e-05,0.032499998807907104,0.032499998807907104,0.032499998807907104,0.0006500000017695129,0.0006500000017695129,0.6499999761581421,0.04934534430503845,0.004659682512283325,0.0,0.0,0.0,0.0,0.0,0.0,0.0,0.0,-1.8402553796768188,-1.8402553796768188,1.0,-1.8402553796768188,-1.8402552604675293,-1.8281177282333374,0.0,-4.66598653793335,1.461682915687561,1.0,0.04934534430503845,1.0,0.0,0.0,0.04934534430503845,0.0,0.0,0.004659682512283325,0.0,0.29534029960632324,0.09582552313804626,0.10652773082256317,0.8071102499961853,0.558645486831665,0.0,0.0,0.0,0.0,0.0,0.0,0.0,0.0,1.0,0.0,0.0011177642736583948,0.3770424425601959,0.22952251136302948,0.018490834161639214,0.0,0.10327901691198349,0.10294777899980545,0.10294777899980545,0.09994502365589142,0.031181883066892624,-3.766492673307198e-10,0.0,0.0,5.221887588500977,5.221888065338135,1.3660175800323486,1.3660175800323486,0.5328477025032043,0.0,0.0,0.0,0.0,0.29534032940864563,0.13848957419395447,0.009575909934937954,0.936234712600708,0.558645486831665,0.0704350546002388,1.3095052242279053,1.3954516649246216,1.3660175800323486,1.369212031364441,1.461682915687561,0.3758581280708313,0.04528435692191124,1.0,1.3574786186218262,1.3561923503875732,1.3531956672668457,0.0,10.0,0.0,0.0,0.0,0.0,0.0,0.0,,,,,,,,,,,,,,,,,,,,,,0.001
23,7380,train,-0.002406266052275896,0.09526330977678299,0.0955253541469574,0.0,0.004232329316437244,0.004232329316437244,0.0,3.6274795532226562,6.500000017695129e-05,0.032499998807907104,0.032499998807907104,0.032499998807907104,0.0006500000017695129,0.0006500000017695129,0.6499999761581421,0.05580906197428703,0.00428849458694458,0.0,0.0,0.0,0.0,0.0,0.0,0.0,0.0,-1.80287766456604,-1.80287766456604,1.0,-1.80287766456604,-1.80287766456604,-1.7866674661636353,0.0,-4.593008518218994,1.5262136459350586,1.0,0.05580906197428703,1.0,0.0,0.0,0.05580906197428703,0.0,0.0,0.00428849458694458,0.0,0.30428844690322876,0.09516531974077225,0.12055802345275879,0.8220598101615906,0.5674754977226257,0.0,0.0,0.0,0.0,0.0,0.0,0.0,0.0,1.0,0.0,0.0006506501231342554,0.3737335205078125,0.23923203349113464,0.021367007866501808,0.0,0.0955253541469574,0.09526330977678299,0.09526330977678299,0.11090525984764099,0.023845262825489044,-3.32877787834196e-11,0.0,0.0,4.971347332000732,4.971347332000732,1.4112788438796997,1.4112788438796997,0.5602597594261169,0.0,0.0,0.0,0.0,0.30428850650787354,0.1378217190504074,0.00718116806820035,0.9324995279312134,0.5674754977226257,0.07780331373214722,1.3218746185302734,1.4553523063659668,1.4112788438796997,1.3776847124099731,1.5262136459350586,0.3801591694355011,0.0457400344312191,1.0,1.508204698562622,1.4263238906860352,1.40602445602417,0.0,10.0,0.0,0.0,0.0,0.0,0.0,0.0,,,,,,,,,,,,,,,,,,,,,,0.001
23,7400,train,0.017534352838993073,0.11074163019657135,0.11098439246416092,0.0,0.004832204896956682,0.004832204896956682,0.0,3.6805059909820557,6.500000017695129e-05,0.032499998807907104,0.032499998807907104,0.032499998807907104,0.0006500000017695129,0.0006500000017695129,0.6499999761581421,0.049112409353256226,0.017177462577819824,0.0,0.0,0.0,0.0,0.0,0.0,0.0,0.0,-1.7822080850601196,-1.7822080850601196,1.0,-1.7822080850601196,-1.7822080850601196,-1.764405608177185,0.0,-4.560856819152832,1.5498405694961548,1.0,0.049112409353256226,1.0,0.0,0.0,0.049112409353256226,0.0,0.0,0.017177462577819824,0.0,0.28282251954078674,0.08919955790042877,0.08728902041912079,0.77327561378479,0.551054060459137,0.0,0.0,0.0,0.0,0.0,0.0,0.0,0.0,1.0,0.0,0.00042557084816507995,0.3958073556423187,0.23869553208351135,0.019672919064760208,0.0,0.11098439246416092,0.11074163019657135,0.11074163019657135,0.12782463431358337,0.027160609140992165,1.9235324444366597e-10,0.0,0.0,5.224544048309326,5.224544048309326,1.407626986503601,1.407626986503601,0.6749139428138733,0.0,0.0,0.0,0.0,0.28282254934310913,0.1325114220380783,0.005159628111869097,0.9453530311584473,0.551054060459137,0.05908394977450371,1.3223040103912354,1.4466246366500854,1.407626986503601,1.3917394876480103,1.5498405694961548,0.3754907250404358,0.045118771493434906,1.0,1.3721537590026855,1.416595220565796,1.436636209487915,0.0,10.0,0.0,0.0,0.0,0.0,0.0,0.0,,,,,,,,,,,,,,,,,,,,,,0.001
23,7420,train,0.010222312994301319,0.10578927397727966,0.10618327558040619,0.0,0.004608745686709881,0.004608745686709881,0.0,3.550130844116211,6.500000017695129e-05,0.032499998807907104,0.032499998807907104,0.032499998807907104,0.0006500000017695129,0.0006500000017695129,0.6499999761581421,0.05001816898584366,0.0005028247833251953,0.0,0.0,0.0,0.0,0.0,0.0,0.0,0.0,-1.8033385276794434,-1.8033385276794434,1.0,-1.8033385276794434,-1.8033385276794434,-1.7942310571670532,0.0,-4.593969821929932,1.5034321546554565,1.0,0.05001816898584366,1.0,0.0,0.0,0.05001816898584366,0.0,0.0,0.0005028247833251953,0.0,0.30050280690193176,0.09571579843759537,0.10123102366924286,0.7866379618644714,0.568181574344635,0.0,0.0,0.0,0.0,0.0,0.0,0.0,0.0,1.0,0.0,0.00043412818922661245,0.38138723373413086,0.22711440920829773,0.02223331294953823,0.0,0.10618327558040619,0.10578927397727966,0.10578927397727966,0.11199256777763367,0.031802933663129807,2.920341468648502e-10,0.0,0.0,5.30942964553833,5.30942964553833,1.3588380813598633,1.3588380813598633,0.6143123507499695,0.0,0.0,0.0,0.0,0.30050283670425415,0.13253949582576752,0.004361166153103113,0.9456208348274231,0.568181574344635,0.06985294818878174,1.3165632486343384,1.3816864490509033,1.3588380813598633,1.3663264513015747,1.5034321546554565,0.37634074687957764,0.04515963792800903,1.0,1.3767247200012207,1.3992365598678589,1.430564522743225,0.0,10.0,0.0,0.0,0.0,0.0,0.0,0.0,,,,,,,,,,,,,,,,,,,,,,0.001
23,7440,train,-0.0037637422792613506,0.09568465501070023,0.09586212784051895,0.0,0.004227323457598686,0.004227323457598686,0.0,3.6505770683288574,6.500000017695129e-05,0.032499998807907104,0.032499998807907104,0.032499998807907104,0.0006500000017695129,0.0006500000017695129,0.6499999761581421,0.04945625364780426,0.0008524954319000244,0.0,0.0,0.0,0.0,0.0,0.0,0.0,0.0,-1.8312031030654907,-1.8312031030654907,1.0,-1.8312031030654907,-1.8312031030654907,-1.8187402486801147,0.0,-4.652760028839111,1.4738582372665405,1.0,0.04945625364780426,1.0,0.0,0.0,0.04945625364780426,0.0,0.0,0.0008524954319000244,0.0,0.300852507352829,0.09555806964635849,0.1025473102927208,0.8018364906311035,0.5669128894805908,0.0,0.0,0.0,0.0,0.0,0.0,0.0,0.0,1.0,0.0,0.0005400427617132664,0.37265124917030334,0.2276892364025116,0.02014685422182083,0.0,0.09586212784051895,0.09568465501070023,0.09568465501070023,0.09856192022562027,0.020277833566069603,-2.2389749776419166e-10,0.0,0.0,5.015157699584961,5.015157699584961,1.3893132209777832,1.3893132209777832,0.4983769655227661,0.0,0.0,0.0,0.0,0.300852507352829,0.13464373350143433,0.009908733889460564,0.9502116441726685,0.5669128894805908,0.07144608348608017,1.3334839344024658,1.4180727005004883,1.3893132209777832,1.391939401626587,1.4738582372665405,0.3808036744594574,0.04566488787531853,1.0,1.4406180381774902,1.4514379501342773,1.443669319152832,0.0,10.0,0.0,0.0,0.0,0.0,0.0,0.0,,,,,,,,,,,,,,,,,,,,,,0.001
23,7460,train,0.007890980690717697,0.10464087128639221,0.10496065765619278,0.0,0.004807614255696535,0.004807614255696535,0.0,3.6393465995788574,6.500000017695129e-05,0.032499998807907104,0.032499998807907104,0.032499998807907104,0.0006500000017695129,0.0006500000017695129,0.6499999761581421,0.049838803708553314,0.0026150941848754883,0.0,0.0,0.0,0.0,0.0,0.0,0.0,0.0,-1.8179835081100464,-1.8179835081100464,1.0,-1.8179835081100464,-1.817983627319336,-1.8077138662338257,0.0,-4.615222930908203,1.474805235862732,1.0,0.049838803708553314,1.0,0.0,0.0,0.049838803708553314,0.0,0.0,0.0026150941848754883,0.0,0.30261504650115967,0.10137294232845306,0.09606360644102097,0.8183053731918335,0.5666495561599731,0.0,0.0,0.0,0.0,0.0,0.0,0.0,0.0,1.0,0.0,0.0007749589858576655,0.3957749903202057,0.2301681488752365,0.020321305841207504,0.0,0.10496065765619278,0.10464087128639221,0.10464087128639221,0.12355661392211914,0.026171866804361343,-1.3137750609626409e-10,0.0,0.0,5.400611400604248,5.400611400604248,1.3822038173675537,1.3822038173675537,0.6813701391220093,0.0,0.0,0.0,0.0,0.30261510610580444,0.13778431713581085,0.00519658112898469,0.9589525461196899,0.5666495561599731,0.07832414656877518,1.326642394065857,1.4102098941802979,1.3822038173675537,1.3674224615097046,1.474805235862732,0.36746877431869507,0.04505728557705879,1.0,1.3536176681518555,1.3303266763687134,1.3282047510147095,0.0,10.0,0.0,0.0,0.0,0.0,0.0,0.0,,,,,,,,,,,,,,,,,,,,,,0.001
23,7480,train,0.009652228094637394,0.10553324222564697,0.10583855211734772,0.0,0.004047437570989132,0.004047437570989132,0.0,3.6574716567993164,6.500000017695129e-05,0.032499998807907104,0.032499998807907104,0.032499998807907104,0.0006500000017695129,0.0006500000017695129,0.6499999761581421,0.059491634368896484,0.0020681917667388916,0.0,0.0,0.0,0.0,0.0,0.0,0.0,0.0,-1.8070464134216309,-1.8070464134216309,1.0,-1.8070464134216309,-1.8070464134216309,-1.795490026473999,0.0,-4.597797393798828,1.5650293827056885,1.0,0.059491634368896484,1.0,0.0,0.0,0.059491634368896484,0.0,0.0,0.0020681917667388916,0.0,0.30206814408302307,0.09631403535604477,0.11449342966079712,0.7994318008422852,0.5685622096061707,0.0,0.0,0.0,0.0,0.0,0.0,0.0,0.0,1.0,0.0,0.0013705147430300713,0.364727258682251,0.23023754358291626,0.019819507375359535,0.0,0.10583855211734772,0.10553324222564697,0.10553324222564697,0.0972260981798172,0.026671934872865677,6.7085954846835e-11,0.0,0.0,4.973918914794922,4.973918914794922,1.4005768299102783,1.4005768299102783,0.4885452389717102,0.0,0.0,0.0,0.0,0.30206820368766785,0.13386383652687073,0.008901134133338928,0.9649055600166321,0.5685622096061707,0.07084865868091583,1.3392014503479004,1.42784583568573,1.4005768299102783,1.428327202796936,1.5650293827056885,0.3846943974494934,0.046330131590366364,1.0,1.450714349746704,1.408370018005371,1.4626352787017822,0.0,10.0,0.0,0.0,0.0,0.0,0.0,0.0,,,,,,,,,,,,,,,,,,,,,,0.001
23,7500,train,0.013896096497774124,0.10973242670297623,0.10998726636171341,0.0,0.004429960623383522,0.004429960623383522,0.0,3.616384983062744,6.500000017695129e-05,0.032499998807907104,0.032499998807907104,0.032499998807907104,0.0006500000017695129,0.0006500000017695129,0.6499999761581421,0.05376904085278511,0.01166766881942749,0.0,0.0,0.0,0.0,0.0,0.0,0.0,0.0,-1.8193132877349854,-1.8193132877349854,1.0,-1.8193132877349854,-1.8193132877349854,-1.806172490119934,0.0,-4.620829105377197,1.4622411727905273,1.0,0.05376904085278511,1.0,0.0,0.0,0.05376904085278511,0.0,0.0,0.01166766881942749,0.0,0.2883323132991791,0.09934749454259872,0.07131391018629074,0.8206550478935242,0.5544033646583557,0.0,0.0,0.0,0.0,0.0,0.0,0.0,0.0,1.0,0.0,0.001526585896499455,0.3921648859977722,0.22943539917469025,0.020745975896716118,0.0,0.10998726636171341,0.10973242670297623,0.10973242670297623,0.12045445293188095,0.054962996393442154,9.58495297020967e-11,0.0,0.0,5.2591986656188965,5.2591986656188965,1.3680598735809326,1.3680598735809326,0.6506350636482239,0.0,0.0,0.0,0.0,0.28833234310150146,0.13636532425880432,0.0066799987107515335,0.9579939842224121,0.5544033646583557,0.06844363361597061,1.314258337020874,1.3913203477859497,1.3680598735809326,1.3722220659255981,1.4622411727905273,0.37221938371658325,0.044932011514902115,1.0,1.3630751371383667,1.4355401992797852,1.3896634578704834,0.0,10.0,0.0,0.0,0.0,0.0,0.0,0.0,,,,,,,,,,,,,,,,,,,,,,0.001
23,7520,train,0.010661656036973,0.10650469362735748,0.10696098208427429,0.0,0.004606360103935003,0.004606360103935003,0.0,3.5979926586151123,6.500000017695129e-05,0.032499998807907104,0.032499998807907104,0.032499998807907104,0.0006500000017695129,0.0006500000017695129,0.6499999761581421,0.04952684044837952,0.0011731982231140137,0.0,0.0,0.0,0.0,0.0,0.0,0.0,0.0,-1.8100272417068481,-1.8100272417068481,1.0,-1.8100272417068481,-1.8100272417068481,-1.7917485237121582,0.0,-4.606967926025391,1.4779399633407593,1.0,0.04952684044837952,1.0,0.0,0.0,0.04952684044837952,0.0,0.0,0.0011731982231140137,0.0,0.3011731803417206,0.10292783379554749,0.12316408008337021,0.8159906268119812,0.5599045753479004,0.0,0.0,0.0,0.0,0.0,0.0,0.0,0.0,1.0,0.0,0.0006923389155417681,0.38704732060432434,0.23072825372219086,0.0212604608386755,0.0,0.10696098208427429,0.10650469362735748,0.10650469362735748,0.11720776557922363,0.04916657879948616,-3.1926161714324053e-10,0.0,0.0,5.483886241912842,5.483886241912842,1.387764573097229,1.387764573097229,0.6725462079048157,0.0,0.0,0.0,0.0,0.30117321014404297,0.14501534402370453,0.007028172258287668,0.9585445523262024,0.5599045753479004,0.08628983050584793,1.3234578371047974,1.4230024814605713,1.387764573097229,1.3716946840286255,1.4779399633407593,0.3747842311859131,0.04479026421904564,1.0,1.4484477043151855,1.3907874822616577,1.3887161016464233,0.0,10.0,0.0,0.0,0.0,0.0,0.0,0.0,,,,,,,,,,,,,,,,,,,,,,0.001
23,7540,train,0.014290379360318184,0.10891924798488617,0.10918829590082169,0.0,0.004569953307509422,0.004569953307509422,0.0,3.6212940216064453,6.500000017695129e-05,0.032499998807907104,0.032499998807907104,0.032499998807907104,0.0006500000017695129,0.0006500000017695129,0.6499999761581421,0.042875077575445175,0.004791319370269775,0.0,0.0,0.0,0.0,0.0,0.0,0.0,0.0,-1.7981758117675781,-1.7981758117675781,1.0,-1.7981758117675781,-1.7981758117675781,-1.7825970649719238,0.0,-4.572101593017578,1.56473708152771,1.0,0.042875077575445175,1.0,0.0,0.0,0.042875077575445175,0.0,0.0,0.004791319370269775,0.0,0.2952086627483368,0.10229681432247162,0.0924631878733635,0.8271634578704834,0.5559507608413696,0.0,0.0,0.0,0.0,0.0,0.0,0.0,0.0,1.0,0.0,0.0012351308250799775,0.3923313021659851,0.23889583349227905,0.020769387483596802,0.0,0.10918829590082169,0.10891924798488617,0.10891924798488617,0.13101741671562195,0.03563069552183151,2.2835734692083776e-10,0.0,0.0,5.3061017990112305,5.3061017990112305,1.415772557258606,1.415772557258606,0.7126159071922302,0.0,0.0,0.0,0.0,0.2952086925506592,0.1429189294576645,0.007214284036308527,0.9466939568519592,0.5559507608413696,0.07748162001371384,1.3288846015930176,1.4585845470428467,1.415772557258606,1.4236805438995361,1.56473708152771,0.3768675923347473,0.04531330242753029,1.0,1.3064332008361816,1.3963000774383545,1.3931947946548462,0.0,10.0,0.0,0.0,0.0,0.0,0.0,0.0,,,,,,,,,,,,,,,,,,,,,,0.001
23,7560,train,0.012215502560138702,0.1078692078590393,0.10819274187088013,0.0,0.004453832749277353,0.004453832749277353,0.0,3.5715768337249756,6.500000017695129e-05,0.032499998807907104,0.032499998807907104,0.032499998807907104,0.0006500000017695129,0.0006500000017695129,0.6499999761581421,0.05549759790301323,0.01101258397102356,0.0,0.0,0.0,0.0,0.0,0.0,0.0,0.0,-1.810959815979004,-1.810959815979004,1.0,-1.810959815979004,-1.8109596967697144,-1.7960313558578491,0.0,-4.603909969329834,1.489303708076477,1.0,0.05549759790301323,1.0,0.0,0.0,0.05549759790301323,0.0,0.0,0.01101258397102356,0.0,0.2889874279499054,0.10278677195310593,0.09306938946247101,0.8165225982666016,0.5505921840667725,0.0,0.0,0.0,0.0,0.0,0.0,0.0,0.0,1.0,0.0,0.0012743728002533317,0.3853226602077484,0.23386308550834656,0.02135412208735943,0.0,0.10819274187088013,0.1078692078590393,0.1078692078590393,0.1259458065032959,0.035947285592556,1.3141152055418104e-10,0.0,0.0,5.365203380584717,5.365203380584717,1.4012657403945923,1.4012657403945923,0.7017571330070496,0.0,0.0,0.0,0.0,0.2889874279499054,0.1426834911108017,0.006871251855045557,0.9781213402748108,0.5505921840667725,0.0755208358168602,1.3397103548049927,1.4305635690689087,1.4012657403945923,1.40525221824646,1.489303708076477,0.3790450096130371,0.04575929790735245,1.0,1.3932174444198608,1.390973448753357,1.3674376010894775,0.0,10.0,0.0,0.0,0.0,0.0,0.0,0.0,,,,,,,,,,,,,,,,,,,,,,0.001
23,7580,train,0.009965089149773121,0.1051962673664093,0.10537044703960419,0.0,0.004307072144001722,0.004307072144001722,0.0,3.549941301345825,6.500000017695129e-05,0.032499998807907104,0.032499998807907104,0.032499998807907104,0.0006500000017695129,0.0006500000017695129,0.6499999761581421,0.05467052385210991,0.0005575716495513916,0.0,0.0,0.0,0.0,0.0,0.0,0.0,0.0,-1.7955676317214966,-1.7955676317214966,1.0,-1.7955676317214966,-1.7955676317214966,-1.7828153371810913,0.0,-4.574308395385742,1.5564640760421753,1.0,0.05467052385210991,1.0,0.0,0.0,0.05467052385210991,0.0,0.0,0.0005575716495513916,0.0,0.30055758357048035,0.0997454896569252,0.10925798863172531,0.8144005537033081,0.5615021586418152,0.0,0.0,0.0,0.0,0.0,0.0,0.0,0.0,1.0,0.0,0.0007667504833079875,0.3706747591495514,0.23968683183193207,0.02211703360080719,0.0,0.10537044703960419,0.1051962673664093,0.1051962673664093,0.10685247927904129,0.016850337386131287,-2.3966401085928624e-10,0.0,0.0,5.188325881958008,5.188325881958008,1.4266008138656616,1.4266008138656616,0.5627331733703613,0.0,0.0,0.0,0.0,0.30055758357048035,0.14252540469169617,0.007810328621417284,0.9689934253692627,0.5615021586418152,0.08005515486001968,1.351183295249939,1.4628256559371948,1.4266008138656616,1.437617301940918,1.5564640760421753,0.3847716450691223,0.04613397642970085,1.0,1.414247989654541,1.43890380859375,1.4184057712554932,0.0,10.0,0.0,0.0,0.0,0.0,0.0,0.0,,,,,,,,,,,,,,,,,,,,,,0.001
23,7600,train,0.01319093257188797,0.10836149007081985,0.10853160172700882,0.0,0.004625837318599224,0.004625837318599224,0.0,3.5855629444122314,6.500000017695129e-05,0.032499998807907104,0.032499998807907104,0.032499998807907104,0.0006500000017695129,0.0006500000017695129,0.6499999761581421,0.05695418268442154,0.0070434510707855225,0.0,0.0,0.0,0.0,0.0,0.0,0.0,0.0,-1.804644227027893,-1.804644227027893,1.0,-1.804644227027893,-1.8046443462371826,-1.7916690111160278,0.0,-4.603252410888672,1.4988775253295898,1.0,0.05695418268442154,1.0,0.0,0.0,0.05695418268442154,0.0,0.0,0.0070434510707855225,0.0,0.3070434331893921,0.09761448204517365,0.1106380820274353,0.7947446703910828,0.5727311968803406,0.0,0.0,0.0,0.0,0.0,0.0,0.0,0.0,1.0,0.0,0.000782532268203795,0.3874734938144684,0.2302408516407013,0.020936205983161926,0.0,0.10853160172700882,0.10836149007081985,0.10836149007081985,0.11044053733348846,0.037328071892261505,-6.997893930993371e-11,0.0,0.0,5.406472682952881,5.406472682952881,1.3992533683776855,1.3992533683776855,0.6200355291366577,0.0,0.0,0.0,0.0,0.3070434629917145,0.13450351357460022,0.013329443521797657,0.9609324932098389,0.5727311968803406,0.07653186470270157,1.3444024324417114,1.4257656335830688,1.3992533683776855,1.3998218774795532,1.4988775253295898,0.3831369876861572,0.04627033695578575,1.0,1.4193503856658936,1.3783469200134277,1.4103463888168335,0.0,10.0,0.0,0.0,0.0,0.0,0.0,0.0,,,,,,,,,,,,,,,,,,,,,,0.001
23,7620,train,0.010256366804242134,0.10654564201831818,0.10666223615407944,0.0,0.004388365428894758,0.004388365428894758,0.0,3.5817418098449707,6.500000017695129e-05,0.032499998807907104,0.032499998807907104,0.032499998807907104,0.0006500000017695129,0.0006500000017695129,0.6499999761581421,0.05660364404320717,0.018064260482788086,0.0,0.0,0.0,0.0,0.0,0.0,0.0,0.0,-1.8160876035690308,-1.8160876035690308,1.0,-1.8160876035690308,-1.8160876035690308,-1.8017618656158447,0.0,-4.606773853302002,1.5045194625854492,1.0,0.05660364404320717,1.0,0.0,0.0,0.05660364404320717,0.0,0.0,0.018064260482788086,0.0,0.28193575143814087,0.10289091616868973,0.07491900026798248,0.863121509552002,0.5459460020065308,0.0,0.0,0.0,0.0,0.0,0.0,0.0,0.0,1.0,0.0,0.0010036153253167868,0.376189261674881,0.23371271789073944,0.021019449457526207,0.0,0.10666223615407944,0.10654564201831818,0.10654564201831818,0.1136803925037384,0.017109153792262077,1.6668183500101463e-10,0.0,0.0,5.38060188293457,5.38060188293457,1.423011064529419,1.423011064529419,0.6361441612243652,0.0,0.0,0.0,0.0,0.28193575143814087,0.13855278491973877,0.006097764708101749,0.9584009051322937,0.5459460020065308,0.06453738361597061,1.3608160018920898,1.4476829767227173,1.423011064529419,1.4018915891647339,1.5045194625854492,0.3858461380004883,0.04678444564342499,1.0,1.43486750125885,1.4354877471923828,1.3835734128952026,0.0,10.0,0.0,0.0,0.0,0.0,0.0,0.0,,,,,,,,,,,,,,,,,,,,,,0.001
23,7640,train,-0.0033318819478154182,0.09383366256952286,0.09425045549869537,0.0,0.004189232364296913,0.004189232364296913,0.0,3.5380592346191406,6.500000017695129e-05,0.032499998807907104,0.032499998807907104,0.032499998807907104,0.0006500000017695129,0.0006500000017695129,0.6499999761581421,0.04385466128587723,0.01785987615585327,0.0,0.0,0.0,0.0,0.0,0.0,0.0,0.0,-1.79110586643219,-1.79110586643219,1.0,-1.79110586643219,-1.79110586643219,-1.7775386571884155,0.0,-4.5673675537109375,1.5319180488586426,1.0,0.04385466128587723,1.0,0.0,0.0,0.04385466128587723,0.0,0.0,0.01785987615585327,0.0,0.3178598880767822,0.10785112529993057,0.09499303996562958,0.8750795722007751,0.5753408670425415,0.0,0.0,0.0,0.0,0.0,0.0,0.0,0.0,1.0,0.0,0.001246191095560789,0.3813263475894928,0.2365485578775406,0.02228008396923542,0.0,0.09425045549869537,0.09383366256952286,0.09383366256952286,0.11231577396392822,0.044073402881622314,-3.0821421803661764e-11,0.0,0.0,5.149416446685791,5.149416446685791,1.4231104850769043,1.4231104850769043,0.599389910697937,0.0,0.0,0.0,0.0,0.3178598880767822,0.14471577107906342,0.006221702788025141,0.9641441106796265,0.5753408670425415,0.098146453499794,1.358328938484192,1.4551517963409424,1.4231104850769043,1.437043309211731,1.5319180488586426,0.38397127389907837,0.04590800404548645,1.0,1.443955898284912,1.4015231132507324,1.4230457544326782,0.0,10.0,0.0,0.0,0.0,0.0,0.0,0.0,,,,,,,,,,,,,,,,,,,,,,0.001
23,7660,train,0.005156398750841618,0.10117801278829575,0.10141219943761826,0.0,0.0046861860901117325,0.0046861860901117325,0.0,3.5216143131256104,6.500000017695129e-05,0.032499998807907104,0.032499998807907104,0.032499998807907104,0.0006500000017695129,0.0006500000017695129,0.6499999761581421,0.051257386803627014,0.004307210445404053,0.0,0.0,0.0,0.0,0.0,0.0,0.0,0.0,-1.7957135438919067,-1.7957135438919067,1.0,-1.7957135438919067,-1.7957135438919067,-1.7768630981445312,0.0,-4.564369201660156,1.4884192943572998,1.0,0.051257386803627014,1.0,0.0,0.0,0.051257386803627014,0.0,0.0,0.004307210445404053,0.0,0.2956928014755249,0.10269002616405487,0.09682364761829376,0.8539599180221558,0.5551463961601257,0.0,0.0,0.0,0.0,0.0,0.0,0.0,0.0,1.0,0.0,0.0005160326254554093,0.39997223019599915,0.2368447184562683,0.022167379036545753,0.0,0.10141219943761826,0.10117801278829575,0.10117801278829575,0.12437520176172256,0.041701748967170715,-4.580222867645034e-10,0.0,0.0,5.223382949829102,5.223382949829102,1.4152333736419678,1.4152333736419678,0.6687241792678833,0.0,0.0,0.0,0.0,0.2956928014755249,0.1445484310388565,0.006019528955221176,0.9729750752449036,0.5551463961601257,0.07884497940540314,1.3403866291046143,1.4480412006378174,1.4152333736419678,1.3773162364959717,1.4884192943572998,0.37505456805229187,0.04585381597280502,1.0,1.2907999753952026,1.354600191116333,1.367614984512329,0.0,10.0,0.0,0.0,0.0,0.0,0.0,0.0,,,,,,,,,,,,,,,,,,,,,,0.001
23,7680,train,-0.0006737124640494585,0.09697289019823074,0.09713725000619888,0.0,0.004367083311080933,0.004367083311080933,0.0,3.490978956222534,6.500000017695129e-05,0.032499998807907104,0.032499998807907104,0.032499998807907104,0.0006500000017695129,0.0006500000017695129,0.6499999761581421,0.04696524888277054,0.0023974180221557617,0.0,0.0,0.0,0.0,0.0,0.0,0.0,0.0,-1.807307481765747,-1.807307481765747,1.0,-1.807307481765747,-1.807307481765747,-1.7935597896575928,0.0,-4.613537311553955,1.4591543674468994,1.0,0.04696524888277054,1.0,0.0,0.0,0.04696524888277054,0.0,0.0,0.0023974180221557617,0.0,0.2976025938987732,0.10082010179758072,0.10510557889938354,0.8461288213729858,0.5579083561897278,0.0,0.0,0.0,0.0,0.0,0.0,0.0,0.0,1.0,0.0,0.0006190421408973634,0.371921181678772,0.23406770825386047,0.022737259045243263,0.0,0.09713725000619888,0.09697289019823074,0.09697289019823074,0.11094687134027481,0.012290055863559246,-4.555391619476268e-10,0.0,0.0,5.354242324829102,5.354242324829102,1.422221302986145,1.422221302986145,0.6051982045173645,0.0,0.0,0.0,0.0,0.2976025938987732,0.14296892285346985,0.006837856024503708,0.9763517379760742,0.5579083561897278,0.07780331373214722,1.3610827922821045,1.4520336389541626,1.422221302986145,1.3753005266189575,1.4591543674468994,0.38613244891166687,0.046517226845026016,1.0,1.3960521221160889,1.4523496627807617,1.4475303888320923,0.0,10.0,0.0,0.0,0.0,0.0,0.0,0.0,,,,,,,,,,,,,,,,,,,,,,0.001
23,7682,train_epoch,0.007715936390384,0.10398692514992759,0.10422239042149332,0.0,0.004415275009689172,0.004415275009689172,0.0,3.610224329068989,6.500000017695129e-05,0.032499998807907104,0.032499998807907104,0.032499998807907104,0.0006500000017695129,0.0006500000017695129,0.6499999761581421,0.0534948731276268,0.006398626519534403,0.0,0.0,0.0,0.0,0.0,0.0,0.0,0.0,-1.8081932820959719,-1.8081932820959719,1.0,-1.8081932820959719,-1.8081932792406596,-1.7935872167170406,0.0,-4.604039215042206,1.5128853874292203,1.0,0.0534948731276268,1.0,0.0,0.0,0.0534948731276268,0.0,0.0,0.006398626519534403,0.0,0.299419896509833,0.09932770461825553,0.10035443478849476,0.8218928773603039,0.562325956221826,0.0,0.0,0.0,0.0,0.0,0.0,0.0,0.0,1.0,0.0,0.0007925737263345135,0.38267327604179613,0.23357667234129534,0.0208777982775055,0.0,0.10422239042149332,0.10398692514992759,0.10398692514992759,0.11398629882110807,0.03343316755799715,-3.297155001879256e-12,0.0,0.0,5.196020076374808,5.196020072091839,1.3990641471868503,1.3990641471868503,0.6109838293876476,0.0,0.0,0.0,0.0,0.29941991908464605,0.13915166133892037,0.006216892555724093,0.9558621971550102,0.562325956221826,0.07659103186009172,1.3330405682860733,1.4316894904582087,1.3990641471868503,1.3983479688267508,1.5128853874292203,0.3804672592414353,0.045675487307731265,1.0,1.396503394592308,1.3964750527621743,1.3964623526898687,0.0,10.0,0.0,0.0,0.0,0.0,0.0,0.0,,,,,,,,,,,,,,,,,,,,,,0.001
23,7682,val,,,,,,,,,,,,,,,,,,,,,,,,,,,,,,,,,,,,,,,,,,,,,,,,,,,,,,,,,,,,,,,,,,,,,,,,,,,,,,,,,,,,,,,,,,,,,,,,,,,,,,,,,,,33.15575698443821,4169.698394775391,64.57320183152908,51.223222127982545,17.67482155561447,14.491893529891968,23.417985500664678,9.916097083262034,6.76095678125109,15.425792983600072,25.260857071630635,11.186954749482018,7.2155105003288815,133.75851208823067,160.2414836350655,278.17052367755343,78.1750135421753,33.15575698443821,64.57320183152908,51.223222127982545,17.67482155561447,0.001
24,7700,train,0.0005630324012599885,0.10447511821985245,0.1045725867152214,0.0,0.005005382001399994,0.005005382001399994,0.0,3.52512264251709,7.000000186963007e-05,0.03500000014901161,0.03500000014901161,0.03500000014901161,0.000699999975040555,0.000699999975040555,0.699999988079071,0.04693371057510376,0.0047325193881988525,0.0,0.0,0.0,0.0,0.0,0.0,0.0,0.0,-1.7897816896438599,-1.7897816896438599,1.0,-1.7897816896438599,-1.7897816896438599,-1.7758018970489502,0.0,-4.57220458984375,1.5160108804702759,1.0,0.04693371057510376,1.0,0.0,0.0,0.04693371057510376,0.0,0.0,0.0047325193881988525,0.0,0.3047325015068054,0.11281433701515198,0.06518134474754333,0.8699204921722412,0.5591621398925781,0.0,0.0,0.0,0.0,0.0,0.0,0.0,0.0,1.0,0.0,0.0013846104266121984,0.3915039896965027,0.23877094686031342,0.02217238023877144,0.0,0.1045725867152214,0.10447511821985245,0.10447511821985245,0.10663692653179169,0.051494453102350235,-2.1786415727031994e-10,0.0,0.0,5.417947292327881,5.417947769165039,1.4226627349853516,1.4226627349853516,0.6289519667625427,0.0,0.0,0.0,0.0,0.3047325313091278,0.15126675367355347,0.0023177247494459152,0.9855505228042603,0.5591621398925781,0.09620098769664764,1.3597259521484375,1.4551212787628174,1.4226627349853516,1.4029614925384521,1.5160108804702759,0.4924902617931366,0.05367914214730263,1.0,1.3768458366394043,1.377049446105957,1.3496071100234985,0.0,11.0,0.0,0.0,0.0,0.0,0.0,0.0,,,,,,,,,,,,,,,,,,,,,,0.001
24,7720,train,0.015808090567588806,0.11391963809728622,0.11458723992109299,0.0,0.004906379617750645,0.004906379617750645,0.0,3.503206968307495,7.000000186963007e-05,0.03500000014901161,0.03500000014901161,0.03500000014901161,0.000699999975040555,0.000699999975040555,0.699999988079071,0.05875261127948761,0.0027916133403778076,0.0,0.0,0.0,0.0,0.0,0.0,0.0,0.0,-1.7355574369430542,-1.7355574369430542,1.0,-1.7355574369430542,-1.7355575561523438,-1.7207921743392944,0.0,-4.465928077697754,1.691684603691101,1.0,0.05875261127948761,1.0,0.0,0.0,0.05875261127948761,0.0,0.0,0.0027916133403778076,0.0,0.29720836877822876,0.10323383659124374,0.1011468768119812,0.8210997581481934,0.5545742511749268,0.0,0.0,0.0,0.0,0.0,0.0,0.0,0.0,1.0,0.0,0.0008514636429026723,0.3752337396144867,0.2438894808292389,0.02276972122490406,0.0,0.11458723992109299,0.11391963809728622,0.11391963809728622,0.12343581020832062,-0.0004499875649344176,-2.744685867472896e-10,0.0,0.0,5.023859977722168,5.023859977722168,1.4306164979934692,1.4306164979934692,0.636161208152771,0.0,0.0,0.0,0.0,0.29720839858055115,0.14693069458007812,0.005685567390173674,0.9651392102241516,0.5545742511749268,0.0819087028503418,1.3493590354919434,1.4736230373382568,1.4306164979934692,1.533334732055664,1.691684603691101,0.490240216255188,0.053429391235113144,1.0,1.4369897842407227,1.4164237976074219,1.4689592123031616,0.0,11.0,0.0,0.0,0.0,0.0,0.0,0.0,,,,,,,,,,,,,,,,,,,,,,0.001
24,7740,train,0.0015285592526197433,0.10455579310655594,0.10470025986433029,0.0,0.004713319707661867,0.004713319707661867,0.0,3.6022043228149414,7.000000186963007e-05,0.03500000014901161,0.03500000014901161,0.03500000014901161,0.000699999975040555,0.000699999975040555,0.699999988079071,0.0601838156580925,0.002111494541168213,0.0,0.0,0.0,0.0,0.0,0.0,0.0,0.0,-1.777543067932129,-1.777543067932129,1.0,-1.777543067932129,-1.777543067932129,-1.7612038850784302,0.0,-4.534860610961914,1.5804505348205566,1.0,0.0601838156580925,1.0,0.0,0.0,0.0601838156580925,0.0,0.0,0.002111494541168213,0.0,0.30211150646209717,0.1052100658416748,0.09909924119710922,0.8604721426963806,0.5587455034255981,0.0,0.0,0.0,0.0,0.0,0.0,0.0,0.0,1.0,0.0,0.00085537537233904,0.3853013813495636,0.24430112540721893,0.020453566685318947,0.0,0.10470025986433029,0.10455579310655594,0.10455579310655594,0.11254851520061493,0.022400081157684326,-2.4074664484174946e-10,0.0,0.0,4.9745283126831055,4.9745283126831055,1.4433934688568115,1.4433934688568115,0.5847382545471191,0.0,0.0,0.0,0.0,0.30211150646209717,0.1476552039384842,0.001863029319792986,0.9819203019142151,0.5587455034255981,0.08765318989753723,1.355824589729309,1.4862992763519287,1.4433934688568115,1.44427490234375,1.5804505348205566,0.46410122513771057,0.050758957862854004,1.0,1.317328691482544,1.3458061218261719,1.3426398038864136,0.0,11.0,0.0,0.0,0.0,0.0,0.0,0.0,,,,,,,,,,,,,,,,,,,,,,0.001
24,7760,train,0.00013861570914741606,0.10608550161123276,0.1061568483710289,0.0,0.0047965096309781075,0.0047965096309781075,0.0,3.5539023876190186,7.000000186963007e-05,0.03500000014901161,0.03500000014901161,0.03500000014901161,0.000699999975040555,0.000699999975040555,0.699999988079071,0.05922570079565048,0.0104769766330719,0.0,0.0,0.0,0.0,0.0,0.0,0.0,0.0,-1.8234814405441284,-1.8234814405441284,1.0,-1.8234814405441284,-1.8234814405441284,-1.8141083717346191,0.0,-4.613675117492676,1.4449169635772705,1.0,0.05922570079565048,1.0,0.0,0.0,0.05922570079565048,0.0,0.0,0.0104769766330719,0.0,0.31047695875167847,0.11208289116621017,0.09895271062850952,0.9082039594650269,0.5683581829071045,0.0,0.0,0.0,0.0,0.0,0.0,0.0,0.0,1.0,0.0,0.00026041382807306945,0.39684855937957764,0.22461402416229248,0.021190328523516655,0.0,0.1061568483710289,0.10608550161123276,0.10608550161123276,0.12403986603021622,0.07891842722892761,3.856368002708166e-10,0.0,0.0,5.413094520568848,5.413094520568848,1.357757806777954,1.357757806777954,0.7125694751739502,0.0,0.0,0.0,0.0,0.31047698855400085,0.14650335907936096,0.003893133718520403,0.975796103477478,0.5683581829071045,0.09613971412181854,1.3213907480239868,1.3769917488098145,1.357757806777954,1.3549963235855103,1.4449169635772705,0.442626416683197,0.04749396815896034,1.0,1.435054898262024,1.3525888919830322,1.361291527748108,0.0,11.0,0.0,0.0,0.0,0.0,0.0,0.0,,,,,,,,,,,,,,,,,,,,,,0.001
24,7780,train,-0.0033512746449559927,0.10144490003585815,0.10169623792171478,0.0,0.004616439342498779,0.004616439342498779,0.0,3.4815292358398438,7.000000186963007e-05,0.03500000014901161,0.03500000014901161,0.03500000014901161,0.000699999975040555,0.000699999975040555,0.699999988079071,0.046619657427072525,0.008487492799758911,0.0,0.0,0.0,0.0,0.0,0.0,0.0,0.0,-1.793989658355713,-1.793989658355713,1.0,-1.793989658355713,-1.7939897775650024,-1.7826220989227295,0.0,-4.583292007446289,1.515159249305725,1.0,0.046619657427072525,1.0,0.0,0.0,0.046619657427072525,0.0,0.0,0.008487492799758911,0.0,0.3084874749183655,0.10304245352745056,0.09545912593603134,0.8714587092399597,0.5646459460258484,0.0,0.0,0.0,0.0,0.0,0.0,0.0,0.0,1.0,0.0,0.00010229558392893523,0.3766878843307495,0.23102021217346191,0.022793835029006004,0.0,0.10169623792171478,0.10144490003585815,0.10144490003585815,0.11349286884069443,0.029597796499729156,2.1868029956295665e-11,0.0,0.0,5.000295639038086,5.000295639038086,1.4030370712280273,1.4030370712280273,0.5781113505363464,0.0,0.0,0.0,0.0,0.30848750472068787,0.14773835241794586,0.0060901399701833725,0.9691211581230164,0.5646459460258484,0.0914522111415863,1.3477709293365479,1.4334672689437866,1.4030370712280273,1.4349180459976196,1.515159249305725,0.44645044207572937,0.04828177019953728,1.0,1.505071997642517,1.4185211658477783,1.4455993175506592,0.0,11.0,0.0,0.0,0.0,0.0,0.0,0.0,,,,,,,,,,,,,,,,,,,,,,0.001
24,7800,train,0.002564661903306842,0.10606184601783752,0.10630432516336441,0.0,0.004182944539934397,0.004182944539934397,0.0,3.4850516319274902,7.000000186963007e-05,0.03500000014901161,0.03500000014901161,0.03500000014901161,0.000699999975040555,0.000699999975040555,0.699999988079071,0.0625760555267334,0.000267714262008667,0.0,0.0,0.0,0.0,0.0,0.0,0.0,0.0,-1.78846275806427,-1.78846275806427,1.0,-1.78846275806427,-1.78846275806427,-1.7756305932998657,0.0,-4.566216468811035,1.5563298463821411,1.0,0.0625760555267334,1.0,0.0,0.0,0.0625760555267334,0.0,0.0,0.000267714262008667,0.0,0.30026775598526,0.10678217560052872,0.11553652584552765,0.8507685661315918,0.5607689619064331,0.0,0.0,0.0,0.0,0.0,0.0,0.0,0.0,1.0,0.0,0.0006034515681676567,0.3686981201171875,0.23117128014564514,0.023081589490175247,0.0,0.10630432516336441,0.10606184601783752,0.10606184601783752,0.11283966898918152,0.04419314116239548,2.783557551122584e-10,0.0,0.0,5.092669486999512,5.092669486999512,1.391877293586731,1.391877293586731,0.6067050099372864,0.0,0.0,0.0,0.0,0.3002677261829376,0.14325165748596191,0.005629592575132847,0.964396595954895,0.5607689619064331,0.08033088594675064,1.3449203968048096,1.4150513410568237,1.391877293586731,1.427713394165039,1.5563298463821411,0.44385242462158203,0.04743644595146179,1.0,1.3649423122406006,1.3742308616638184,1.4055370092391968,0.0,11.0,0.0,0.0,0.0,0.0,0.0,0.0,,,,,,,,,,,,,,,,,,,,,,0.001
24,7820,train,-0.00029223173623904586,0.10319798439741135,0.10354522615671158,0.0,0.0046532126143574715,0.0046532126143574715,0.0,3.5371556282043457,7.000000186963007e-05,0.03500000014901161,0.03500000014901161,0.03500000014901161,0.000699999975040555,0.000699999975040555,0.699999988079071,0.04825681820511818,0.0038319826126098633,0.0,0.0,0.0,0.0,0.0,0.0,0.0,0.0,-1.780659794807434,-1.780659794807434,1.0,-1.780659794807434,-1.780659794807434,-1.7598079442977905,0.0,-4.550430774688721,1.6100014448165894,1.0,0.04825681820511818,1.0,0.0,0.0,0.04825681820511818,0.0,0.0,0.0038319826126098633,0.0,0.2961680293083191,0.10752520710229874,0.0687575489282608,0.8511770963668823,0.5487924218177795,0.0,0.0,0.0,0.0,0.0,0.0,0.0,0.0,1.0,0.0,0.0007234016666188836,0.3873242139816284,0.24701596796512604,0.022052647545933723,0.0,0.10354522615671158,0.10319798439741135,0.10319798439741135,0.12112277746200562,0.03264202922582626,-1.8835848158982316e-10,0.0,0.0,5.08763313293457,5.08763313293457,1.4577734470367432,1.4577734470367432,0.6474705338478088,0.0,0.0,0.0,0.0,0.2961680293083191,0.15405400097370148,0.004369304981082678,0.9689649939537048,0.5487924218177795,0.09062500298023224,1.3580100536346436,1.5060346126556396,1.4577734470367432,1.4397327899932861,1.6100014448165894,0.4268876910209656,0.04657035320997238,1.0,1.2979795932769775,1.3902453184127808,1.3506525754928589,0.0,11.0,0.0,0.0,0.0,0.0,0.0,0.0,,,,,,,,,,,,,,,,,,,,,,0.001
24,7840,train,0.002515722531825304,0.10538390278816223,0.10551158338785172,0.0,0.004274957347661257,0.004274957347661257,0.0,3.547142744064331,7.000000186963007e-05,0.03500000014901161,0.03500000014901161,0.03500000014901161,0.000699999975040555,0.000699999975040555,0.699999988079071,0.04688665270805359,0.005844146013259888,0.0,0.0,0.0,0.0,0.0,0.0,0.0,0.0,-1.7772189378738403,-1.7772189378738403,1.0,-1.7772189378738403,-1.7772189378738403,-1.7631951570510864,0.0,-4.529657363891602,1.5680408477783203,1.0,0.04688665270805359,1.0,0.0,0.0,0.04688665270805359,0.0,0.0,0.005844146013259888,0.0,0.29415586590766907,0.10752258449792862,0.0815383717417717,0.8835450410842896,0.5503393411636353,0.0,0.0,0.0,0.0,0.0,0.0,0.0,0.0,1.0,0.0,0.0011793312150985003,0.3868083953857422,0.23559218645095825,0.021809550002217293,0.0,0.10551158338785172,0.10538390278816223,0.10538390278816223,0.11436430364847183,0.02494443580508232,-1.0344586992561133e-10,0.0,0.0,5.173200607299805,5.173200607299805,1.4176831245422363,1.4176831245422363,0.6149651408195496,0.0,0.0,0.0,0.0,0.29415586590766907,0.14902232587337494,0.0056440862827003,0.9704561233520508,0.5503393411636353,0.08425245434045792,1.3498260974884033,1.4501785039901733,1.4176831245422363,1.4066083431243896,1.5680408477783203,0.4280475974082947,0.046146210283041,1.0,1.3322951793670654,1.3235266208648682,1.3599416017532349,0.0,11.0,0.0,0.0,0.0,0.0,0.0,0.0,,,,,,,,,,,,,,,,,,,,,,0.001
24,7860,train,0.0048749977722764015,0.10900597274303436,0.1091785728931427,0.0,0.004406575113534927,0.004406575113534927,0.0,3.552009344100952,7.000000186963007e-05,0.03500000014901161,0.03500000014901161,0.03500000014901161,0.000699999975040555,0.000699999975040555,0.699999988079071,0.06916983425617218,0.01404958963394165,0.0,0.0,0.0,0.0,0.0,0.0,0.0,0.0,-1.8061116933822632,-1.8061116933822632,1.0,-1.8061116933822632,-1.8061116933822632,-1.7858210802078247,0.0,-4.5941691398620605,1.5836564302444458,1.0,0.06916983425617218,1.0,0.0,0.0,0.06916983425617218,0.0,0.0,0.01404958963394165,0.0,0.3140495717525482,0.10956306755542755,0.1221066564321518,0.8757597804069519,0.5668260455131531,0.0,0.0,0.0,0.0,0.0,0.0,0.0,0.0,1.0,0.0,0.000388055486837402,0.3764610290527344,0.24136757850646973,0.02177617885172367,0.0,0.1091785728931427,0.10900597274303436,0.10900597274303436,0.1131998747587204,0.023178504779934883,-2.979566940397582e-11,0.0,0.0,5.025874137878418,5.025874137878418,1.434131383895874,1.434131383895874,0.5790108442306519,0.0,0.0,0.0,0.0,0.3140496015548706,0.15102988481521606,0.004030440468341112,0.970740795135498,0.5668260455131531,0.0992034375667572,1.3449604511260986,1.4823473691940308,1.434131383895874,1.4454079866409302,1.5836564302444458,0.4317580461502075,0.046943388879299164,1.0,1.385113000869751,1.3512766361236572,1.3496302366256714,0.0,11.0,0.0,0.0,0.0,0.0,0.0,0.0,,,,,,,,,,,,,,,,,,,,,,0.001
24,7880,train,-0.00421324884518981,0.10085432976484299,0.10138353705406189,0.0,0.004655067343264818,0.004655067343264818,0.0,3.558351993560791,7.000000186963007e-05,0.03500000014901161,0.03500000014901161,0.03500000014901161,0.000699999975040555,0.000699999975040555,0.699999988079071,0.0417390912771225,0.009339511394500732,0.0,0.0,0.0,0.0,0.0,0.0,0.0,0.0,-1.7970293760299683,-1.7970293760299683,1.0,-1.7970293760299683,-1.7970293760299683,-1.7787666320800781,0.0,-4.589939594268799,1.4920024871826172,1.0,0.0417390912771225,1.0,0.0,0.0,0.0417390912771225,0.0,0.0,0.009339511394500732,0.0,0.3093395531177521,0.11423549801111221,0.10529317706823349,0.8862844705581665,0.5594638586044312,0.0,0.0,0.0,0.0,0.0,0.0,0.0,0.0,1.0,0.0,0.0011116922833025455,0.39576682448387146,0.24174447357654572,0.021551307290792465,0.0,0.10138353705406189,0.10085432976484299,0.10085432976484299,0.1216641366481781,0.05275879055261612,6.4128362342597e-11,0.0,0.0,5.40657901763916,5.40657901763916,1.432101845741272,1.432101845741272,0.6864672899246216,0.0,0.0,0.0,0.0,0.3093395233154297,0.1558326631784439,0.004687832202762365,0.9794566035270691,0.5594638586044312,0.10358456522226334,1.3481484651565552,1.4800516366958618,1.432101845741272,1.3860472440719604,1.4920024871826172,0.4148963689804077,0.04547489061951637,1.0,1.351914644241333,1.3324165344238281,1.3011388778686523,0.0,11.0,0.0,0.0,0.0,0.0,0.0,0.0,,,,,,,,,,,,,,,,,,,,,,0.001
24,7900,train,0.0003027371712960303,0.10570386797189713,0.10592517256736755,0.0,0.004383227787911892,0.004383227787911892,0.0,3.5329155921936035,7.000000186963007e-05,0.03500000014901161,0.03500000014901161,0.03500000014901161,0.000699999975040555,0.000699999975040555,0.699999988079071,0.04487594589591026,0.003056436777114868,0.0,0.0,0.0,0.0,0.0,0.0,0.0,0.0,-1.814577579498291,-1.814577579498291,1.0,-1.814577579498291,-1.814577579498291,-1.806044101715088,0.0,-4.607492923736572,1.5067495107650757,1.0,0.04487594589591026,1.0,0.0,0.0,0.04487594589591026,0.0,0.0,0.003056436777114868,0.0,0.30305641889572144,0.1072748601436615,0.11109139025211334,0.8642443418502808,0.5612096190452576,0.0,0.0,0.0,0.0,0.0,0.0,0.0,0.0,1.0,0.0,0.0009278728975914419,0.3712269067764282,0.23141491413116455,0.021822622045874596,0.0,0.10592517256736755,0.10570386797189713,0.10570386797189713,0.1110234335064888,0.008852402679622173,1.1741221883632136e-10,0.0,0.0,5.223496913909912,5.22349739074707,1.418843388557434,1.418843388557434,0.5998692512512207,0.0,0.0,0.0,0.0,0.3030564486980438,0.14624464511871338,0.008139139041304588,0.9808860421180725,0.5612096190452576,0.0902726799249649,1.3739575147628784,1.4434585571289062,1.418843388557434,1.4076377153396606,1.5067495107650757,0.42014583945274353,0.046115998178720474,1.0,1.3355097770690918,1.38540780544281,1.3701647520065308,0.0,11.0,0.0,0.0,0.0,0.0,0.0,0.0,,,,,,,,,,,,,,,,,,,,,,0.001
24,7920,train,-0.00011793040903285146,0.10307677835226059,0.10327379405498505,0.0,0.004409706220030785,0.004409706220030785,0.0,3.4944653511047363,7.000000186963007e-05,0.03500000014901161,0.03500000014901161,0.03500000014901161,0.000699999975040555,0.000699999975040555,0.699999988079071,0.052455656230449677,0.015580713748931885,0.0,0.0,0.0,0.0,0.0,0.0,0.0,0.0,-1.7756577730178833,-1.7756577730178833,1.0,-1.7756577730178833,-1.7756576538085938,-1.756413221359253,0.0,-4.529343128204346,1.5806931257247925,1.0,0.052455656230449677,1.0,0.0,0.0,0.052455656230449677,0.0,0.0,0.015580713748931885,0.0,0.28441929817199707,0.10781490057706833,0.09689134359359741,0.8608837127685547,0.5371596217155457,0.0,0.0,0.0,0.0,0.0,0.0,0.0,0.0,1.0,0.0,0.0006247303099371493,0.3747138977050781,0.24900029599666595,0.023008868098258972,0.0,0.10327379405498505,0.10307677835226059,0.10307677835226059,0.10798054188489914,0.01758619211614132,-6.401480040496565e-11,0.0,0.0,5.236653804779053,5.236654281616211,1.4755035638809204,1.4755035638809204,0.5969164967536926,0.0,0.0,0.0,0.0,0.28441929817199707,0.15355394780635834,0.0011203249450773,0.9767687320709229,0.5371596217155457,0.08331801742315292,1.3753643035888672,1.5270612239837646,1.4755035638809204,1.4455631971359253,1.5806931257247925,0.42648765444755554,0.04603289067745209,1.0,1.3499692678451538,1.4340094327926636,1.400922179222107,0.0,11.0,0.0,0.0,0.0,0.0,0.0,0.0,,,,,,,,,,,,,,,,,,,,,,0.001
24,7940,train,-0.009751683101058006,0.0959879532456398,0.09633857756853104,0.0,0.0043429224751889706,0.0043429224751889706,0.0,3.537480115890503,7.000000186963007e-05,0.03500000014901161,0.03500000014901161,0.03500000014901161,0.000699999975040555,0.000699999975040555,0.699999988079071,0.04491646960377693,0.01909846067428589,0.0,0.0,0.0,0.0,0.0,0.0,0.0,0.0,-1.7921684980392456,-1.7921684980392456,1.0,-1.7921684980392456,-1.7921686172485352,-1.781022548675537,0.0,-4.5753493309021,1.5430946350097656,1.0,0.04491646960377693,1.0,0.0,0.0,0.04491646960377693,0.0,0.0,0.01909846067428589,0.0,0.31909847259521484,0.11594046652317047,0.09336265176534653,0.8808964490890503,0.5705295205116272,0.0,0.0,0.0,0.0,0.0,0.0,0.0,0.0,1.0,0.0,0.0008282948983833194,0.38331112265586853,0.2343217432498932,0.021701712161302567,0.0,0.09633857756853104,0.0959879532456398,0.0959879532456398,0.10466819256544113,0.04605855420231819,1.2606465350784024e-11,0.0,0.0,5.056730270385742,5.056730270385742,1.403483510017395,1.403483510017395,0.5586011409759521,0.0,0.0,0.0,0.0,0.31909847259521484,0.15285955369472504,0.005515560507774353,0.9796645641326904,0.5705295205116272,0.10958946496248245,1.359833002090454,1.429709792137146,1.403483510017395,1.4330589771270752,1.5430946350097656,0.4246147572994232,0.04596845433115959,1.0,1.352825403213501,1.3422019481658936,1.3693112134933472,0.0,11.0,0.0,0.0,0.0,0.0,0.0,0.0,,,,,,,,,,,,,,,,,,,,,,0.001
24,7960,train,-1.9456609152257442e-05,0.10463685542345047,0.10482145100831985,0.0,0.004371062386780977,0.004371062386780977,0.0,3.5322253704071045,7.000000186963007e-05,0.03500000014901161,0.03500000014901161,0.03500000014901161,0.000699999975040555,0.000699999975040555,0.699999988079071,0.052482690662145615,0.005066394805908203,0.0,0.0,0.0,0.0,0.0,0.0,0.0,0.0,-1.8008731603622437,-1.8008731603622437,1.0,-1.8008731603622437,-1.8008731603622437,-1.7743501663208008,0.0,-4.581421852111816,1.5754790306091309,1.0,0.052482690662145615,1.0,0.0,0.0,0.052482690662145615,0.0,0.0,0.005066394805908203,0.0,0.29493361711502075,0.11543366312980652,0.10625122487545013,0.8836399912834167,0.5440857410430908,0.0,0.0,0.0,0.0,0.0,0.0,0.0,0.0,1.0,0.0,0.0008880145032890141,0.38034144043922424,0.25046977400779724,0.022167671471834183,0.0,0.10482145100831985,0.10463685542345047,0.10463685542345047,0.11269191652536392,0.027256164699792862,1.6952693415728248e-10,0.0,0.0,5.0311360359191895,5.0311360359191895,1.4840658903121948,1.4840658903121948,0.5915487408638,0.0,0.0,0.0,0.0,0.29493361711502075,0.15812093019485474,0.003275820752605796,0.9883037805557251,0.5440857410430908,0.09430147707462311,1.3739928007125854,1.5398398637771606,1.4840658903121948,1.4439444541931152,1.5754790306091309,0.4217017889022827,0.045792847871780396,1.0,1.42472243309021,1.4448550939559937,1.3942277431488037,0.0,11.0,0.0,0.0,0.0,0.0,0.0,0.0,,,,,,,,,,,,,,,,,,,,,,0.001
24,7980,train,-0.002609526738524437,0.10217311233282089,0.10258037596940994,0.0,0.004150671418756247,0.004150671418756247,0.0,3.5297393798828125,7.000000186963007e-05,0.03500000014901161,0.03500000014901161,0.03500000014901161,0.000699999975040555,0.000699999975040555,0.699999988079071,0.05227401852607727,0.013846665620803833,0.0,0.0,0.0,0.0,0.0,0.0,0.0,0.0,-1.796247959136963,-1.796247959136963,1.0,-1.796247959136963,-1.7962480783462524,-1.7824276685714722,0.0,-4.593968868255615,1.5381344556808472,1.0,0.05227401852607727,1.0,0.0,0.0,0.05227401852607727,0.0,0.0,0.013846665620803833,0.0,0.313846617937088,0.11115735024213791,0.14506706595420837,0.8978633284568787,0.5705873966217041,0.0,0.0,0.0,0.0,0.0,0.0,0.0,0.0,1.0,0.0,0.0012798774987459183,0.3846307396888733,0.23444128036499023,0.021938543766736984,0.0,0.10258037596940994,0.10217311233282089,0.10217311233282089,0.10893681645393372,0.016015298664569855,1.318428786284409e-11,0.0,0.0,4.989504337310791,4.989503860473633,1.425832986831665,1.425832986831665,0.5491350889205933,0.0,0.0,0.0,0.0,0.3138466775417328,0.1467956155538559,0.006516770459711552,0.9789581298828125,0.5705873966217041,0.09708946943283081,1.3648875951766968,1.4560097455978394,1.425832986831665,1.4346702098846436,1.5381344556808472,0.42327508330345154,0.04651753604412079,1.0,1.3954799175262451,1.3503739833831787,1.4075777530670166,0.0,11.0,0.0,0.0,0.0,0.0,0.0,0.0,,,,,,,,,,,,,,,,,,,,,,0.001
24,8000,train,-0.007382652722299099,0.0977887511253357,0.09790758788585663,0.0,0.004459537100046873,0.004459537100046873,0.0,3.5734641551971436,7.000000186963007e-05,0.03500000014901161,0.03500000014901161,0.03500000014901161,0.000699999975040555,0.000699999975040555,0.699999988079071,0.058264002203941345,0.01783168315887451,0.0,0.0,0.0,0.0,0.0,0.0,0.0,0.0,-1.788748860359192,-1.788748860359192,1.0,-1.788748860359192,-1.788748860359192,-1.7703295946121216,0.0,-4.548291206359863,1.568586826324463,1.0,0.058264002203941345,1.0,0.0,0.0,0.058264002203941345,0.0,0.0,0.01783168315887451,0.0,0.3178316652774811,0.11999634653329849,0.11122137308120728,0.9010302424430847,0.5618846416473389,0.0,0.0,0.0,0.0,0.0,0.0,0.0,0.0,1.0,0.0,0.0004023431392852217,0.38447195291519165,0.24136213958263397,0.020797891542315483,0.0,0.09790758788585663,0.0977887511253357,0.0977887511253357,0.10629526525735855,0.04304416850209236,-1.91219179379587e-10,0.0,0.0,5.292437553405762,5.292437553405762,1.4375183582305908,1.4375183582305908,0.5756915807723999,0.0,0.0,0.0,0.0,0.31783169507980347,0.16243460774421692,0.005587555933743715,0.982734739780426,0.5618846416473389,0.1169424057006836,1.362053632736206,1.4823517799377441,1.4375183582305908,1.428125262260437,1.568586826324463,0.41791799664497375,0.04585181921720505,1.0,1.3596724271774292,1.3497459888458252,1.3661322593688965,0.0,11.0,0.0,0.0,0.0,0.0,0.0,0.0,,,,,,,,,,,,,,,,,,,,,,0.001
24,8016,train_epoch,0.0027609544992743167,0.10641004270065331,0.10671206385254146,0.0,0.004573023620808865,0.004573023620808865,0.0,3.530326879666951,7.000000186963007e-05,0.03500000014901161,0.03500000014901161,0.03500000014901161,0.000699999975040555,0.000699999975040555,0.699999988079071,0.05123614904632468,0.0069633278839602445,0.0,0.0,0.0,0.0,0.0,0.0,0.0,0.0,-1.7919917028107328,-1.7919917028107328,1.0,-1.7919917028107328,-1.791991704238389,-1.7765303992939567,0.0,-4.572402535798307,1.5397699489564953,1.0,0.05123614904632468,1.0,0.0,0.0,0.05123614904632468,0.0,0.0,0.0069633278839602445,0.0,0.3003751593614053,0.1102333711069858,0.0999370497835432,0.8713145141829988,0.5558244209446593,0.0,0.0,0.0,0.0,0.0,0.0,0.0,0.0,1.0,0.0,0.0009273780723544438,0.3860933127517472,0.23739809355514493,0.02199130929158833,0.0,0.10671206385254146,0.10641004270065331,0.10641004270065331,0.11839386417034144,0.03666579450731944,1.3672800872893226e-11,0.0,0.0,5.223264658522463,5.223264659950119,1.4246646579868065,1.4246646579868065,0.6452215053364189,0.0,0.0,0.0,0.0,0.30037516774888523,0.14972034096717834,0.005436982698097245,0.9755043829986435,0.5558244209446593,0.0899583699995886,1.3535100589255373,1.4597578923145453,1.4246646579868065,1.4238112447504512,1.5397699489564953,0.4349462900333062,0.04755716330321606,1.0,1.3797360601539383,1.3794968902707814,1.3803926624223857,0.0,11.0,0.0,0.0,0.0,0.0,0.0,0.0,,,,,,,,,,,,,,,,,,,,,,0.001
24,8016,val,,,,,,,,,,,,,,,,,,,,,,,,,,,,,,,,,,,,,,,,,,,,,,,,,,,,,,,,,,,,,,,,,,,,,,,,,,,,,,,,,,,,,,,,,,,,,,,,,,,,,,,,,,,24.999610117503575,2631.482578822545,51.29797831126042,34.76724944795881,12.944811314344406,14.367346261228834,23.22912495829495,11.943069108894893,6.716591984033585,15.351146847009659,25.237180208552502,12.362291587250573,7.1580784150532315,131.22347136906214,157.10594566522602,276.4932739394052,77.18266527993339,24.999610117503575,51.29797831126042,34.76724944795881,12.944811314344406,0.001
24,8016,test,,,,,,,,,,,,,,,,,,,,,,,,,,,,,,,,,,,,,,,,,,,,,,,,,,,,,,,,,,,,,,,,,,,,,,,,,,,,,,,,,,,,,,,,,,,,,,,,,,,,,,,,,,,37.09585188116346,3899.9688720703125,62.44973076059105,44.662544982773916,18.629386825220926,21.24636204753603,31.389015999043792,19.65477534702846,9.882629483938217,28.75387113434928,42.785534621556785,26.17738218818392,13.11135823386056,136.1579397065299,162.98384282961072,249.46264474732536,82.33451363018581,37.09585188116346,62.44973076059105,44.662544982773916,18.629386825220926,0.001
25,8020,train,0.0046952636912465096,0.11567185074090958,0.11613284796476364,0.0,0.0046451804228127,0.0046451804228127,0.0,3.518714666366577,7.500000356230885e-05,0.03750000149011612,0.03750000149011612,0.03750000149011612,0.000750000006519258,0.000750000006519258,0.75,0.04600834101438522,0.016726255416870117,0.0,0.0,0.0,0.0,0.0,0.0,0.0,0.0,-1.7958439588546753,-1.7958439588546753,1.0,-1.7958439588546753,-1.7958439588546753,-1.7745437622070312,0.0,-4.586867332458496,1.482487440109253,1.0,0.04600834101438522,1.0,0.0,0.0,0.04600834101438522,0.0,0.0,0.016726255416870117,0.0,0.28327375650405884,0.11658743768930435,0.08779263496398926,0.8558175563812256,0.5337967276573181,0.0,0.0,0.0,0.0,0.0,0.0,0.0,0.0,1.0,0.0,0.001158163184300065,0.4029994010925293,0.23735690116882324,0.02219388820230961,0.0,0.11613284796476364,0.11567185074090958,0.11567185074090958,0.1351848542690277,0.07434459030628204,-3.473415999266649e-10,0.0,0.0,5.565651893615723,5.565652370452881,1.4037299156188965,1.4037299156188965,0.7900708317756653,0.0,0.0,0.0,0.0,0.28327375650405884,0.15697331726551056,0.0023649411741644144,0.9828019738197327,0.5337967276573181,0.08733150362968445,1.3195775747299194,1.4436169862747192,1.4037299156188965,1.3763688802719116,1.482487440109253,0.4104864299297333,0.045304570347070694,1.0,1.3757139444351196,1.323038101196289,1.302720069885254,0.0,11.0,0.0,0.0,0.0,0.0,0.0,0.0,,,,,,,,,,,,,,,,,,,,,,0.001
25,8040,train,-0.006015003193169832,0.1054156944155693,0.10577556490898132,0.0,0.00437202351167798,0.00437202351167798,0.0,3.5186774730682373,7.500000356230885e-05,0.03750000149011612,0.03750000149011612,0.03750000149011612,0.000750000006519258,0.000750000006519258,0.75,0.04823119565844536,0.010028183460235596,0.0,0.0,0.0,0.0,0.0,0.0,0.0,0.0,-1.7740979194641113,-1.7740979194641113,1.0,-1.7740979194641113,-1.7740979194641113,-1.756504774093628,0.0,-4.5363054275512695,1.6085386276245117,1.0,0.04823119565844536,1.0,0.0,0.0,0.04823119565844536,0.0,0.0,0.010028183460235596,0.0,0.28997179865837097,0.11199480295181274,0.10247485339641571,0.8483264446258545,0.5464181900024414,0.0,0.0,0.0,0.0,0.0,0.0,0.0,0.0,1.0,0.0,0.0008870185120031238,0.38213497400283813,0.24639154970645905,0.022255009040236473,0.0,0.10577556490898132,0.1054156944155693,0.1054156944155693,0.11879169195890427,0.002595052355900407,3.3323865888945647e-10,0.0,0.0,5.189769268035889,5.189769268035889,1.4853274822235107,1.4853274822235107,0.6106677651405334,0.0,0.0,0.0,0.0,0.28997182846069336,0.14953848719596863,0.002110180677846074,0.9786466956138611,0.5464181900024414,0.08340992778539658,1.4033032655715942,1.5207769870758057,1.4853274822235107,1.5001941919326782,1.6085386276245117,0.42101749777793884,0.04656186327338219,1.0,1.3358525037765503,1.4079599380493164,1.3939415216445923,0.0,11.0,0.0,0.0,0.0,0.0,0.0,0.0,,,,,,,,,,,,,,,,,,,,,,0.001
25,8060,train,-0.017157455906271935,0.097083181142807,0.097564697265625,0.0,0.004494064953178167,0.004494064953178167,0.0,3.5125606060028076,7.500000356230885e-05,0.03750000149011612,0.03750000149011612,0.03750000149011612,0.000750000006519258,0.000750000006519258,0.75,0.03989472612738609,0.012790828943252563,0.0,0.0,0.0,0.0,0.0,0.0,0.0,0.0,-1.7896672487258911,-1.7896672487258911,1.0,-1.7896672487258911,-1.7896671295166016,-1.7696365118026733,0.0,-4.564651012420654,1.5092339515686035,1.0,0.03989472612738609,1.0,0.0,0.0,0.03989472612738609,0.0,0.0,0.012790828943252563,0.0,0.31279081106185913,0.1219962015748024,0.09256287664175034,0.924707293510437,0.5572418570518494,0.0,0.0,0.0,0.0,0.0,0.0,0.0,0.0,1.0,0.0,0.0015979880699887872,0.3951032757759094,0.23987019062042236,0.02219485677778721,0.0,0.097564697265625,0.097083181142807,0.097083181142807,0.11604731529951096,0.05217655375599861,-1.8011736546696966e-10,0.0,0.0,5.376461505889893,5.376461029052734,1.439669132232666,1.439669132232666,0.663907527923584,0.0,0.0,0.0,0.0,0.3127908408641815,0.16255080699920654,0.005150692071765661,0.9844702482223511,0.5572418570518494,0.11329657584428787,1.3653756380081177,1.479068398475647,1.439669132232666,1.411146640777588,1.5092339515686035,0.4212835133075714,0.045605067163705826,1.0,1.4369693994522095,1.4020599126815796,1.351426124572754,0.0,11.0,0.0,0.0,0.0,0.0,0.0,0.0,,,,,,,,,,,,,,,,,,,,,,0.001
25,8080,train,-0.011149912141263485,0.10222422331571579,0.10273415595293045,0.0,0.0043430449441075325,0.0043430449441075325,0.0,3.4981536865234375,7.500000356230885e-05,0.03750000149011612,0.03750000149011612,0.03750000149011612,0.000750000006519258,0.000750000006519258,0.75,0.045463308691978455,0.008490800857543945,0.0,0.0,0.0,0.0,0.0,0.0,0.0,0.0,-1.7918219566345215,-1.7918219566345215,1.0,-1.7918219566345215,-1.791821837425232,-1.7748878002166748,0.0,-4.573603630065918,1.492828130722046,1.0,0.045463308691978455,1.0,0.0,0.0,0.045463308691978455,0.0,0.0,0.008490800857543945,0.0,0.3084908127784729,0.12069223076105118,0.10160459578037262,0.9102286100387573,0.5583359003067017,0.0,0.0,0.0,0.0,0.0,0.0,0.0,0.0,1.0,0.0,0.0009002024307847023,0.38465163111686707,0.23545819520950317,0.022782059386372566,0.0,0.10273415595293045,0.10222422331571579,0.10222422331571579,0.10974418371915817,0.05488593876361847,4.1369471737162655e-10,0.0,0.0,5.484376430511475,5.484376430511475,1.4231457710266113,1.4231457710266113,0.6474135518074036,0.0,0.0,0.0,0.0,0.3084908127784729,0.15665943920612335,0.0056134182959795,0.9811348915100098,0.5583359003067017,0.10314032435417175,1.3607006072998047,1.4547388553619385,1.4231457710266113,1.4037539958953857,1.492828130722046,0.419015496969223,0.04487820342183113,1.0,1.3304550647735596,1.3593467473983765,1.3884189128875732,0.0,11.0,0.0,0.0,0.0,0.0,0.0,0.0,,,,,,,,,,,,,,,,,,,,,,0.001
25,8100,train,-0.005850187502801418,0.10430913418531418,0.10458657890558243,0.0,0.004532011225819588,0.004532011225819588,0.0,3.5984349250793457,7.500000356230885e-05,0.03750000149011612,0.03750000149011612,0.03750000149011612,0.000750000006519258,0.000750000006519258,0.75,0.04846686124801636,8.404254913330078e-06,0.0,0.0,0.0,0.0,0.0,0.0,0.0,0.0,-1.754037618637085,-1.754037618637085,1.0,-1.754037618637085,-1.7540377378463745,-1.7385501861572266,0.0,-4.494137763977051,1.6579539775848389,1.0,0.04846686124801636,1.0,0.0,0.0,0.04846686124801636,0.0,0.0,8.404254913330078e-06,0.0,0.3000084161758423,0.11889959871768951,0.09795277565717697,0.8808903694152832,0.5486947298049927,0.0,0.0,0.0,0.0,0.0,0.0,0.0,0.0,1.0,0.0,0.00021710475266445428,0.37592241168022156,0.24553856253623962,0.020215477794408798,0.0,0.10458657890558243,0.10430913418531418,0.10430913418531418,0.10080187022686005,0.030873002484440804,-7.952034863922819e-11,0.0,0.0,5.254793167114258,5.254793167114258,1.4565396308898926,1.4565396308898926,0.5565365552902222,0.0,0.0,0.0,0.0,0.3000084161758423,0.15913020074367523,0.006081665866076946,0.9857595562934875,0.5486947298049927,0.10012255609035492,1.3780437707901,1.495744228363037,1.4565396308898926,1.5173155069351196,1.6579539775848389,0.41813504695892334,0.0458022877573967,1.0,1.3854284286499023,1.3607265949249268,1.355482816696167,0.0,11.0,0.0,0.0,0.0,0.0,0.0,0.0,,,,,,,,,,,,,,,,,,,,,,0.001
25,8120,train,-0.007458468899130821,0.10409089177846909,0.10429442673921585,0.0,0.004548382945358753,0.004548382945358753,0.0,3.5184998512268066,7.500000356230885e-05,0.03750000149011612,0.03750000149011612,0.03750000149011612,0.000750000006519258,0.000750000006519258,0.75,0.04757026582956314,0.00703805685043335,0.0,0.0,0.0,0.0,0.0,0.0,0.0,0.0,-1.7717820405960083,-1.7717820405960083,1.0,-1.7717820405960083,-1.7717820405960083,-1.7607879638671875,0.0,-4.53090238571167,1.5744606256484985,1.0,0.04757026582956314,1.0,0.0,0.0,0.04757026582956314,0.0,0.0,0.00703805685043335,0.0,0.2929619252681732,0.11389537900686264,0.10474732518196106,0.8833765387535095,0.5479668974876404,0.0,0.0,0.0,0.0,0.0,0.0,0.0,0.0,1.0,0.0,0.000792420469224453,0.3861294984817505,0.24097301065921783,0.02182837948203087,0.0,0.10429442673921585,0.10409089177846909,0.10409089177846909,0.12636001408100128,0.015446019358932972,-2.9422911329568535e-10,0.0,0.0,5.4357686042785645,5.435769081115723,1.4541068077087402,1.4541068077087402,0.6900721788406372,0.0,0.0,0.0,0.0,0.2929619550704956,0.15179599821567535,0.004508884623646736,0.9740440845489502,0.5479668974876404,0.09034927189350128,1.391042947769165,1.4873998165130615,1.4541068077087402,1.4380251169204712,1.5744606256484985,0.41668081283569336,0.045808665454387665,1.0,1.4402391910552979,1.3494577407836914,1.3585666418075562,0.0,11.0,0.0,0.0,0.0,0.0,0.0,0.0,,,,,,,,,,,,,,,,,,,,,,0.001
25,8140,train,-0.009368565864861012,0.1029077023267746,0.10323593765497208,0.0,0.004374413285404444,0.004374413285404444,0.0,3.52229905128479,7.500000356230885e-05,0.03750000149011612,0.03750000149011612,0.03750000149011612,0.000750000006519258,0.000750000006519258,0.75,0.049091361463069916,0.0030379891395568848,0.0,0.0,0.0,0.0,0.0,0.0,0.0,0.0,-1.7785435914993286,-1.7785435914993286,1.0,-1.7785435914993286,-1.778543472290039,-1.7655853033065796,0.0,-4.5525593757629395,1.5818336009979248,1.0,0.049091361463069916,1.0,0.0,0.0,0.049091361463069916,0.0,0.0,0.0030379891395568848,0.0,0.2969619929790497,0.11630751192569733,0.07511945813894272,0.9068055152893066,0.551609218120575,0.0,0.0,0.0,0.0,0.0,0.0,0.0,0.0,1.0,0.0,0.0004192453343421221,0.38115060329437256,0.2386087328195572,0.022073591127991676,0.0,0.10323593765497208,0.1029077023267746,0.1029077023267746,0.1087588369846344,0.03659038990736008,1.558924100919512e-10,0.0,0.0,5.234542369842529,5.234541893005371,1.4314229488372803,1.4314229488372803,0.5964697003364563,0.0,0.0,0.0,0.0,0.29696202278137207,0.15228471159934998,0.008846878074109554,0.980005145072937,0.551609218120575,0.09146752953529358,1.3684518337249756,1.4620009660720825,1.4314229488372803,1.461026906967163,1.5818336009979248,0.4233591854572296,0.04590371623635292,1.0,1.278087854385376,1.3379154205322266,1.3837324380874634,0.0,11.0,0.0,0.0,0.0,0.0,0.0,0.0,,,,,,,,,,,,,,,,,,,,,,0.001
25,8160,train,-0.010381032712757587,0.10313005745410919,0.10362368822097778,0.0,0.004712264519184828,0.004712264519184828,0.0,3.503570318222046,7.500000356230885e-05,0.03750000149011612,0.03750000149011612,0.03750000149011612,0.000750000006519258,0.000750000006519258,0.75,0.04532117024064064,0.0072762370109558105,0.0,0.0,0.0,0.0,0.0,0.0,0.0,0.0,-1.796196699142456,-1.796196699142456,1.0,-1.796196699142456,-1.796196699142456,-1.7784874439239502,0.0,-4.570265293121338,1.526319980621338,1.0,0.04532117024064064,1.0,0.0,0.0,0.04532117024064064,0.0,0.0,0.0072762370109558105,0.0,0.30727624893188477,0.12449988722801208,0.10075905174016953,0.9086189270019531,0.5526650547981262,0.0,0.0,0.0,0.0,0.0,0.0,0.0,0.0,1.0,0.0,0.0009015431278385222,0.4026696979999542,0.23683799803256989,0.022542394697666168,0.0,0.10362368822097778,0.10313005745410919,0.10313005745410919,0.12538976967334747,0.07104230672121048,4.864818548000471e-10,0.0,0.0,5.534746170043945,5.534746170043945,1.415453553199768,1.415453553199768,0.7373274564743042,0.0,0.0,0.0,0.0,0.30727624893188477,0.1627928614616394,0.0029693294782191515,0.9927011728286743,0.5526650547981262,0.10896140336990356,1.3417251110076904,1.4503859281539917,1.415453553199768,1.417744517326355,1.526319980621338,0.41052696108818054,0.045179709792137146,1.0,1.3257067203521729,1.3247392177581787,1.317117691040039,0.0,11.0,0.0,0.0,0.0,0.0,0.0,0.0,,,,,,,,,,,,,,,,,,,,,,0.001
25,8180,train,-0.007574887480586767,0.10324442386627197,0.10352028906345367,0.0,0.004456622060388327,0.004456622060388327,0.0,3.529294490814209,7.500000356230885e-05,0.03750000149011612,0.03750000149011612,0.03750000149011612,0.000750000006519258,0.000750000006519258,0.75,0.04038706794381142,0.00904381275177002,0.0,0.0,0.0,0.0,0.0,0.0,0.0,0.0,-1.7598967552185059,-1.7598967552185059,1.0,-1.7598967552185059,-1.7598967552185059,-1.751033902168274,0.0,-4.527912139892578,1.5583381652832031,1.0,0.04038706794381142,1.0,0.0,0.0,0.04038706794381142,0.0,0.0,0.00904381275177002,0.0,0.29095619916915894,0.11999105662107468,0.09775607287883759,0.8844758868217468,0.5416219234466553,0.0,0.0,0.0,0.0,0.0,0.0,0.0,0.0,1.0,0.0,0.000897474936209619,0.39429008960723877,0.23771941661834717,0.021653199568390846,0.0,0.10352028906345367,0.10324442386627197,0.10324442386627197,0.12268616259098053,0.030016986653208733,-2.298390505695025e-10,0.0,0.0,5.292333602905273,5.292333602905273,1.4319424629211426,1.4319424629211426,0.6632626056671143,0.0,0.0,0.0,0.0,0.29095619916915894,0.157430499792099,0.010235588997602463,0.9829848408699036,0.5416219234466553,0.09109988063573837,1.3746877908706665,1.455931305885315,1.4319424629211426,1.447283148765564,1.5583381652832031,0.41973403096199036,0.04619619995355606,1.0,1.315946102142334,1.4007896184921265,1.3770214319229126,0.0,11.0,0.0,0.0,0.0,0.0,0.0,0.0,,,,,,,,,,,,,,,,,,,,,,0.001
25,8200,train,-0.004754478111863136,0.10786868631839752,0.10804763436317444,0.0,0.004478669725358486,0.004478669725358486,0.0,3.4977474212646484,7.500000356230885e-05,0.03750000149011612,0.03750000149011612,0.03750000149011612,0.000750000006519258,0.000750000006519258,0.75,0.0476514995098114,0.009105771780014038,0.0,0.0,0.0,0.0,0.0,0.0,0.0,0.0,-1.7960739135742188,-1.7960739135742188,1.0,-1.7960739135742188,-1.7960739135742188,-1.780335783958435,0.0,-4.589122295379639,1.4811915159225464,1.0,0.0476514995098114,1.0,0.0,0.0,0.0476514995098114,0.0,0.0,0.009105771780014038,0.0,0.29089418053627014,0.11979447305202484,0.10892760753631592,0.9249852895736694,0.5418281555175781,0.0,0.0,0.0,0.0,0.0,0.0,0.0,0.0,1.0,0.0,0.0009398717666044831,0.3975926339626312,0.23055505752563477,0.022341081872582436,0.0,0.10804763436317444,0.10786868631839752,0.10786868631839752,0.11797434091567993,0.030178483575582504,3.0896793457024785e-10,0.0,0.0,5.494858264923096,5.494858264923096,1.4233943223953247,1.4233943223953247,0.671036422252655,0.0,0.0,0.0,0.0,0.2908942401409149,0.1570259928703308,0.004543917719274759,0.9871875047683716,0.5418281555175781,0.09192708879709244,1.3697375059127808,1.4460866451263428,1.4233943223953247,1.3870960474014282,1.4811915159225464,0.4215657413005829,0.046233195811510086,1.0,1.2850306034088135,1.3459818363189697,1.3553168773651123,0.0,11.0,0.0,0.0,0.0,0.0,0.0,0.0,,,,,,,,,,,,,,,,,,,,,,0.001
25,8220,train,-0.009313348680734634,0.10131656378507614,0.10132165253162384,0.0,0.004500000271946192,0.004500000271946192,0.0,3.5180938243865967,7.500000356230885e-05,0.03750000149011612,0.03750000149011612,0.03750000149011612,0.000750000006519258,0.000750000006519258,0.75,0.059658728539943695,0.0019518733024597168,0.0,0.0,0.0,0.0,0.0,0.0,0.0,0.0,-1.751640796661377,-1.751640796661377,1.0,-1.751640796661377,-1.751640796661377,-1.7338653802871704,0.0,-4.500114440917969,1.6515028476715088,1.0,0.059658728539943695,1.0,0.0,0.0,0.059658728539943695,0.0,0.0,0.0019518733024597168,0.0,0.2980481684207916,0.12327766418457031,0.11690603196620941,0.8662437200546265,0.5457549691200256,0.0,0.0,0.0,0.0,0.0,0.0,0.0,0.0,1.0,0.0,0.00024334507179446518,0.38873544335365295,0.24661457538604736,0.022359412163496017,0.0,0.10132165253162384,0.10131656378507614,0.10131656378507614,0.11405973136425018,0.030839016661047935,-1.8429731352131995e-10,0.0,0.0,5.293889999389648,5.293889999389648,1.4810028076171875,1.4810028076171875,0.6139978170394897,0.0,0.0,0.0,0.0,0.29804813861846924,0.160683736205101,0.004559847991913557,0.9885962605476379,0.5457549691200256,0.10110294818878174,1.3780884742736816,1.5241825580596924,1.4810028076171875,1.5144014358520508,1.6515028476715088,0.41892340779304504,0.04632576182484627,1.0,1.2894189357757568,1.3379733562469482,1.3565027713775635,0.0,11.0,0.0,0.0,0.0,0.0,0.0,0.0,,,,,,,,,,,,,,,,,,,,,,0.001
25,8240,train,0.010673281736671925,0.12091778963804245,0.12132150679826736,0.0,0.004601019900292158,0.004601019900292158,0.0,3.506150722503662,7.500000356230885e-05,0.03750000149011612,0.03750000149011612,0.03750000149011612,0.000750000006519258,0.000750000006519258,0.75,0.055745985358953476,0.003477811813354492,0.0,0.0,0.0,0.0,0.0,0.0,0.0,0.0,-1.7998496294021606,-1.7998496294021606,1.0,-1.7998496294021606,-1.7998496294021606,-1.7883708477020264,0.0,-4.591632843017578,1.5091009140014648,1.0,0.055745985358953476,1.0,0.0,0.0,0.055745985358953476,0.0,0.0,0.003477811813354492,0.0,0.2965221703052521,0.12324828654527664,0.10906830430030823,0.8888343572616577,0.5467380285263062,0.0,0.0,0.0,0.0,0.0,0.0,0.0,0.0,1.0,0.0,0.0009348064777441323,0.38424262404441833,0.2329513132572174,0.022433631122112274,0.0,0.12132150679826736,0.12091778963804245,0.12091778963804245,0.1291298121213913,0.01999799907207489,2.5319829566328167e-10,0.0,0.0,5.646685600280762,5.646685600280762,1.4287115335464478,1.4287115335464478,0.7564775347709656,0.0,0.0,0.0,0.0,0.29652220010757446,0.15782518684864044,0.002790902741253376,0.9853841662406921,0.5467380285263062,0.0976562574505806,1.3790374994277954,1.4476248025894165,1.4287115335464478,1.4221056699752808,1.5091009140014648,0.41597801446914673,0.04659352824091911,1.0,1.3648930788040161,1.3072679042816162,1.2727460861206055,0.0,11.0,0.0,0.0,0.0,0.0,0.0,0.0,,,,,,,,,,,,,,,,,,,,,,0.001
25,8260,train,-0.013744962401688099,0.0998498946428299,0.10035771131515503,0.0,0.0041968380101025105,0.0041968380101025105,0.0,3.5444533824920654,7.500000356230885e-05,0.03750000149011612,0.03750000149011612,0.03750000149011612,0.000750000006519258,0.000750000006519258,0.75,0.038929302245378494,0.005340456962585449,0.0,0.0,0.0,0.0,0.0,0.0,0.0,0.0,-1.788304090499878,-1.788304090499878,1.0,-1.788304090499878,-1.788304090499878,-1.772568941116333,0.0,-4.565252304077148,1.5841851234436035,1.0,0.038929302245378494,1.0,0.0,0.0,0.038929302245378494,0.0,0.0,0.005340456962585449,0.0,0.305340439081192,0.12571237981319427,0.10667246580123901,0.8872305750846863,0.5505359172821045,0.0,0.0,0.0,0.0,0.0,0.0,0.0,0.0,1.0,0.0,0.0010265976889058948,0.376616507768631,0.2382306009531021,0.021420054137706757,0.0,0.10035771131515503,0.0998498946428299,0.0998498946428299,0.10753504931926727,0.01826472580432892,2.491121475767244e-10,0.0,0.0,5.379524230957031,5.379524230957031,1.439570426940918,1.439570426940918,0.5844618678092957,0.0,0.0,0.0,0.0,0.3053404688835144,0.1640605479478836,0.0038948820438236,0.9842923879623413,0.5505359172821045,0.11196385324001312,1.3765960931777954,1.468896746635437,1.439570426940918,1.45305335521698,1.5841851234436035,0.4270052909851074,0.047001756727695465,1.0,1.3507294654846191,1.3527740240097046,1.344495415687561,0.0,11.0,0.0,0.0,0.0,0.0,0.0,0.0,,,,,,,,,,,,,,,,,,,,,,0.001
25,8280,train,-0.016130371019244194,0.09733638912439346,0.09755056351423264,0.0,0.004246771335601807,0.004246771335601807,0.0,3.4866414070129395,7.500000356230885e-05,0.03750000149011612,0.03750000149011612,0.03750000149011612,0.000750000006519258,0.000750000006519258,0.75,0.048684801906347275,0.004678905010223389,0.0,0.0,0.0,0.0,0.0,0.0,0.0,0.0,-1.7791684865951538,-1.7791684865951538,1.0,-1.7791684865951538,-1.7791683673858643,-1.7583993673324585,0.0,-4.547217845916748,1.597463846206665,1.0,0.048684801906347275,1.0,0.0,0.0,0.048684801906347275,0.0,0.0,0.004678905010223389,0.0,0.29532113671302795,0.11997464299201965,0.10456511378288269,0.9039671421051025,0.5423118472099304,0.0,0.0,0.0,0.0,0.0,0.0,0.0,0.0,1.0,0.0,0.00019996041373815387,0.35993942618370056,0.2566022276878357,0.023133384063839912,0.0,0.09755056351423264,0.09733638912439346,0.09733638912439346,0.10435545444488525,0.020410701632499695,-2.632748012654229e-11,0.0,0.0,5.185260772705078,5.185260772705078,1.5341362953186035,1.5341362953186035,0.5651593208312988,0.0,0.0,0.0,0.0,0.29532110691070557,0.16148780286312103,0.004306986462324858,0.9871845841407776,0.5423118472099304,0.09897365421056747,1.4063533544540405,1.5944454669952393,1.5341362953186035,1.4666062593460083,1.597463846206665,0.4239470064640045,0.04633546993136406,1.0,1.3276758193969727,1.4432029724121094,1.3788111209869385,0.0,11.0,0.0,0.0,0.0,0.0,0.0,0.0,,,,,,,,,,,,,,,,,,,,,,0.001
25,8300,train,0.003298591123893857,0.11245740950107574,0.1126454696059227,0.0,0.004736767150461674,0.004736767150461674,0.0,3.521132230758667,7.500000356230885e-05,0.03750000149011612,0.03750000149011612,0.03750000149011612,0.000750000006519258,0.000750000006519258,0.75,0.04879928380250931,0.00740361213684082,0.0,0.0,0.0,0.0,0.0,0.0,0.0,0.0,-1.762290358543396,-1.762290358543396,1.0,-1.762290358543396,-1.762290358543396,-1.7436926364898682,0.0,-4.524919033050537,1.5752794742584229,1.0,0.04879928380250931,1.0,0.0,0.0,0.04879928380250931,0.0,0.0,0.00740361213684082,0.0,0.29259636998176575,0.12532134354114532,0.09660957753658295,0.9111804962158203,0.5397258996963501,0.0,0.0,0.0,0.0,0.0,0.0,0.0,0.0,1.0,0.0,0.0003788089379668236,0.39909470081329346,0.23822914063930511,0.021916555240750313,0.0,0.1126454696059227,0.11245740950107574,0.11245740950107574,0.13459639251232147,0.04141367971897125,4.173218021152891e-11,0.0,0.0,5.386494159698486,5.386494159698486,1.4346321821212769,1.4346321821212769,0.7692371010780334,0.0,0.0,0.0,0.0,0.29259639978408813,0.1617472767829895,0.006134338211268187,0.9849033355712891,0.5397258996963501,0.09836091101169586,1.354498267173767,1.4720847606658936,1.4346321821212769,1.45292329788208,1.5752794742584229,0.411024808883667,0.045422255992889404,1.0,1.316101312637329,1.3139362335205078,1.3354196548461914,0.0,11.0,0.0,0.0,0.0,0.0,0.0,0.0,,,,,,,,,,,,,,,,,,,,,,0.001
25,8320,train,-0.006610967218875885,0.10656149685382843,0.1068587377667427,0.0,0.00434305751696229,0.00434305751696229,0.0,3.483199119567871,7.500000356230885e-05,0.03750000149011612,0.03750000149011612,0.03750000149011612,0.000750000006519258,0.000750000006519258,0.75,0.05085524916648865,0.010683417320251465,0.0,0.0,0.0,0.0,0.0,0.0,0.0,0.0,-1.800192952156067,-1.800192952156067,1.0,-1.800192952156067,-1.8001930713653564,-1.7820271253585815,0.0,-4.587193965911865,1.5121183395385742,1.0,0.05085524916648865,1.0,0.0,0.0,0.05085524916648865,0.0,0.0,0.010683417320251465,0.0,0.3106834292411804,0.12525694072246552,0.1180591806769371,0.8852702975273132,0.5540823340415955,0.0,0.0,0.0,0.0,0.0,0.0,0.0,0.0,1.0,0.0,0.0014055058127269149,0.39471033215522766,0.23739364743232727,0.023048730567097664,0.0,0.1068587377667427,0.10656149685382843,0.10656149685382843,0.11452893912792206,0.029196305200457573,1.9245124938116476e-10,0.0,0.0,5.369201183319092,5.369200706481934,1.4287282228469849,1.4287282228469849,0.6315765380859375,0.0,0.0,0.0,0.0,0.3106834292411804,0.16502268612384796,0.005850662011653185,0.99104905128479,0.5540823340415955,0.11505822092294693,1.3523924350738525,1.47346031665802,1.4287282228469849,1.4088287353515625,1.5121183395385742,0.42171740531921387,0.046803709119558334,1.0,1.2502422332763672,1.3130625486373901,1.3055466413497925,0.0,11.0,0.0,0.0,0.0,0.0,0.0,0.0,,,,,,,,,,,,,,,,,,,,,,0.001
25,8340,train,-0.014304006472229958,0.09695617109537125,0.09729836136102676,0.0,0.004591546952724457,0.004591546952724457,0.0,3.4864859580993652,7.500000356230885e-05,0.03750000149011612,0.03750000149011612,0.03750000149011612,0.000750000006519258,0.000750000006519258,0.75,0.04297133535146713,0.0008645951747894287,0.0,0.0,0.0,0.0,0.0,0.0,0.0,0.0,-1.7491519451141357,-1.7491519451141357,1.0,-1.7491519451141357,-1.7491519451141357,-1.7266225814819336,0.0,-4.480526447296143,1.612911581993103,1.0,0.04297133535146713,1.0,0.0,0.0,0.04297133535146713,0.0,0.0,0.0008645951747894287,0.0,0.2991354167461395,0.12252405285835266,0.11822324991226196,0.8787368535995483,0.5394152402877808,0.0,0.0,0.0,0.0,0.0,0.0,0.0,0.0,1.0,0.0,0.001074460451491177,0.3902379870414734,0.25817596912384033,0.02340596355497837,0.0,0.09729836136102676,0.09695617109537125,0.09695617109537125,0.12260711193084717,0.019672585651278496,8.229600334530573e-11,0.0,0.0,5.358560562133789,5.358560562133789,1.5248699188232422,1.5248699188232422,0.6723916530609131,0.0,0.0,0.0,0.0,0.2991354167461395,0.16894856095314026,0.005546099506318569,0.9892732501029968,0.5394152402877808,0.11044730991125107,1.399669885635376,1.594232201576233,1.5248699188232422,1.4655311107635498,1.612911581993103,0.4227781593799591,0.047148458659648895,1.0,1.3142873048782349,1.3629024028778076,1.3786176443099976,0.0,11.0,0.0,0.0,0.0,0.0,0.0,0.0,,,,,,,,,,,,,,,,,,,,,,0.001
25,8350,train_epoch,-0.007351271556277305,0.1045991702083342,0.10487178817926766,0.0,0.004453978407849184,0.004453978407849184,0.0,3.5108389162017914,7.500000356230885e-05,0.03750000149011612,0.03750000149011612,0.03750000149011612,0.000750000006519258,0.000750000006519258,0.75,0.04807596535472099,0.006733444101082351,0.0,0.0,0.0,0.0,0.0,0.0,0.0,0.0,-1.778616505468677,-1.778616505468677,1.0,-1.778616505468677,-1.7786165086809034,-1.762101156982833,0.0,-4.546697092627337,1.5620324568834134,1.0,0.04807596535472099,1.0,0.0,0.0,0.04807596535472099,0.0,0.0,0.006733444101082351,0.0,0.29969781833494497,0.12011559296421662,0.10332583091751545,0.8896177828668834,0.5485533465168433,0.0,0.0,0.0,0.0,0.0,0.0,0.0,0.0,1.0,0.0,0.0007727361987077845,0.3871961218154359,0.24041987085592248,0.022328513127913376,0.0,0.10487178817926766,0.1045991702083342,0.1045991702083342,0.11691768933645265,0.03722442563735684,1.2995641478287431e-11,0.0,0.0,5.318324191841537,5.318324178992631,1.4468467870872177,1.4468467870872177,0.6478556449898702,0.0,0.0,0.0,0.0,0.2996978258301398,0.15888148639908808,0.0053585219429805875,0.9840317614778074,0.5485533465168433,0.10067985028385402,1.3709747180967273,1.484557611856632,1.4468467870872177,1.4474892544889164,1.5620324568834134,0.4200966001270774,0.04599340655980353,1.0,1.36664852910413,1.3659207902982564,1.3664520643428415,0.0,11.0,0.0,0.0,0.0,0.0,0.0,0.0,,,,,,,,,,,,,,,,,,,,,,0.001
25,8350,val,,,,,,,,,,,,,,,,,,,,,,,,,,,,,,,,,,,,,,,,,,,,,,,,,,,,,,,,,,,,,,,,,,,,,,,,,,,,,,,,,,,,,,,,,,,,,,,,,,,,,,,,,,,24.876532214028494,2620.7041179112025,51.19281314707371,33.400107213429045,12.847361577408654,14.203970257725034,23.186577861959183,10.250612923077174,6.5825547107628415,15.399625501462392,25.20365512754232,11.694143725293022,7.169055134057999,131.03068699155534,156.88898814783266,274.5972625868661,77.03091842787606,24.876532214028494,51.19281314707371,33.400107213429045,12.847361577408654,0.001
25,8350,test,,,,,,,,,,,,,,,,,,,,,,,,,,,,,,,,,,,,,,,,,,,,,,,,,,,,,,,,,,,,,,,,,,,,,,,,,,,,,,,,,,,,,,,,,,,,,,,,,,,,,,,,,,,37.14674813406808,3950.442811148507,62.85254816750477,43.41622250420706,18.559353624071395,21.36423875604357,32.065772409841266,18.079022624662944,9.831335540328707,28.858343941824778,43.429250784226554,25.565730486597335,13.094678044319153,136.16912950788225,163.10042570910093,249.03021587644304,82.23064354487828,37.14674813406808,62.85254816750477,43.41622250420706,18.559353624071395,0.001
26,8360,train,-0.023487722501158714,0.09595175087451935,0.09618164598941803,0.0,0.004400353413075209,0.004400353413075209,0.0,3.5081043243408203,7.999999797903001e-05,0.03999999910593033,0.03999999910593033,0.03999999910593033,0.0007999999797903001,0.0007999999797903001,0.800000011920929,0.04768398031592369,0.004536181688308716,0.0,0.0,0.0,0.0,0.0,0.0,0.0,0.0,-1.7396780252456665,-1.7396780252456665,1.0,-1.7396780252456665,-1.7396780252456665,-1.720218539237976,0.0,-4.487303256988525,1.6142504215240479,1.0,0.04768398031592369,1.0,0.0,0.0,0.04768398031592369,0.0,0.0,0.004536181688308716,0.0,0.29546380043029785,0.12546636164188385,0.09783097356557846,0.8787002563476562,0.5365484356880188,0.0,0.0,0.0,0.0,0.0,0.0,0.0,0.0,1.0,0.0,0.0009313948103226721,0.37767577171325684,0.2549254298210144,0.022557323798537254,0.0,0.09618164598941803,0.09595175087451935,0.09595175087451935,0.09884309768676758,0.031404171139001846,-1.2326422868524922e-11,0.0,0.0,5.3459696769714355,5.3459696769714355,1.5260090827941895,1.5260090827941895,0.5488364100456238,0.0,0.0,0.0,0.0,0.29546383023262024,0.16870802640914917,0.005861169658601284,0.9866169691085815,0.5365484356880188,0.10885417461395264,1.4157525300979614,1.5813075304031372,1.5260090827941895,1.4958462715148926,1.6142504215240479,0.43362054228782654,0.04785475507378578,1.0,1.599595308303833,1.4010426998138428,1.3936660289764404,0.0,11.0,0.0,0.0,0.0,0.0,0.0,0.0,,,,,,,,,,,,,,,,,,,,,,0.001
26,8380,train,-0.02481374517083168,0.09804122895002365,0.09813408553600311,0.0,0.00429108552634716,0.00429108552634716,0.0,3.468740224838257,7.999999797903001e-05,0.03999999910593033,0.03999999910593033,0.03999999910593033,0.0007999999797903001,0.0007999999797903001,0.800000011920929,0.05274653434753418,0.006734728813171387,0.0,0.0,0.0,0.0,0.0,0.0,0.0,0.0,-1.7872314453125,-1.7872314453125,1.0,-1.7872314453125,-1.7872313261032104,-1.767173409461975,0.0,-4.572927951812744,1.545539379119873,1.0,0.05274653434753418,1.0,0.0,0.0,0.05274653434753418,0.0,0.0,0.006734728813171387,0.0,0.29326531291007996,0.12474767118692398,0.11188212037086487,0.8335578441619873,0.5410801768302917,0.0,0.0,0.0,0.0,0.0,0.0,0.0,0.0,1.0,0.0,0.0010551104787737131,0.38677841424942017,0.24308034777641296,0.02350275218486786,0.0,0.09813408553600311,0.09804122895002365,0.09804122895002365,0.1103728786110878,0.029561104252934456,6.499397547932162e-11,0.0,0.0,5.3996782302856445,5.3996782302856445,1.4746971130371094,1.4746971130371094,0.6243710517883301,0.0,0.0,0.0,0.0,0.29326528310775757,0.16144901514053345,0.006353023461997509,0.9866032600402832,0.5410801768302917,0.10107231140136719,1.398037075996399,1.5097250938415527,1.4746971130371094,1.446459412574768,1.545539379119873,0.43530455231666565,0.04747913032770157,1.0,1.3997256755828857,1.4204734563827515,1.3982912302017212,0.0,11.0,0.0,0.0,0.0,0.0,0.0,0.0,,,,,,,,,,,,,,,,,,,,,,0.001
26,8400,train,-0.007249883841723204,0.11184176802635193,0.11199025809764862,0.0,0.00413082679733634,0.00413082679733634,0.0,3.46733021736145,7.999999797903001e-05,0.03999999910593033,0.03999999910593033,0.03999999910593033,0.0007999999797903001,0.0007999999797903001,0.800000011920929,0.045284152030944824,0.0008133053779602051,0.0,0.0,0.0,0.0,0.0,0.0,0.0,0.0,-1.7746150493621826,-1.7746150493621826,1.0,-1.7746150493621826,-1.7746150493621826,-1.761591911315918,0.0,-4.538694381713867,1.5566350221633911,1.0,0.045284152030944824,1.0,0.0,0.0,0.045284152030944824,0.0,0.0,0.0008133053779602051,0.0,0.29918670654296875,0.12788376212120056,0.11168654263019562,0.8821529746055603,0.5439046621322632,0.0,0.0,0.0,0.0,0.0,0.0,0.0,0.0,1.0,0.0,0.001229725661687553,0.38283804059028625,0.23603090643882751,0.02339640073478222,0.0,0.11199025809764862,0.11184176802635193,0.11184176802635193,0.11640956997871399,0.037946801632642746,1.4865919606421585e-10,0.0,0.0,5.488193035125732,5.488193035125732,1.4374363422393799,1.4374363422393799,0.6725137233734131,0.0,0.0,0.0,0.0,0.29918670654296875,0.16504615545272827,0.007078797090798616,0.9883533120155334,0.5439046621322632,0.10876226425170898,1.3790909051895142,1.4675188064575195,1.4374363422393799,1.4339529275894165,1.5566350221633911,0.4284897744655609,0.0472475066781044,1.0,1.382068395614624,1.3704164028167725,1.3963924646377563,0.0,11.0,0.0,0.0,0.0,0.0,0.0,0.0,,,,,,,,,,,,,,,,,,,,,,0.001
26,8420,train,-0.003350559389218688,0.11506570875644684,0.11509303003549576,0.0,0.004709515254944563,0.004709515254944563,0.0,3.484081506729126,7.999999797903001e-05,0.03999999910593033,0.03999999910593033,0.03999999910593033,0.0007999999797903001,0.0007999999797903001,0.800000011920929,0.04182913899421692,0.004601538181304932,0.0,0.0,0.0,0.0,0.0,0.0,0.0,0.0,-1.774239182472229,-1.774239182472229,1.0,-1.774239182472229,-1.774239182472229,-1.7603108882904053,0.0,-4.543474197387695,1.5029009580612183,1.0,0.04182913899421692,1.0,0.0,0.0,0.04182913899421692,0.0,0.0,0.004601538181304932,0.0,0.295398473739624,0.12963837385177612,0.08908014744520187,0.8950256109237671,0.5425695180892944,0.0,0.0,0.0,0.0,0.0,0.0,0.0,0.0,1.0,0.0,0.0003797945682890713,0.3997064232826233,0.22772526741027832,0.023012543097138405,0.0,0.11509303003549576,0.11506570875644684,0.11506570875644684,0.12257242202758789,0.08682598173618317,-3.2915098424624034e-10,0.0,0.0,5.585957050323486,5.585957050323486,1.3991084098815918,1.3991084098815918,0.7427777647972107,0.0,0.0,0.0,0.0,0.295398473739624,0.16240158677101135,0.005257816519588232,0.9841722846031189,0.5425695180892944,0.10211397707462311,1.3587141036987305,1.4158809185028076,1.3991084098815918,1.4003713130950928,1.5029009580612183,0.4226543605327606,0.0466662235558033,1.0,1.3412219285964966,1.317408800125122,1.3439700603485107,0.0,11.0,0.0,0.0,0.0,0.0,0.0,0.0,,,,,,,,,,,,,,,,,,,,,,0.001
26,8440,train,-0.00772567093372345,0.11142335087060928,0.1117369756102562,0.0,0.0045539927668869495,0.0045539927668869495,0.0,3.469294548034668,7.999999797903001e-05,0.03999999910593033,0.03999999910593033,0.03999999910593033,0.0007999999797903001,0.0007999999797903001,0.800000011920929,0.04086912423372269,0.017204970121383667,0.0,0.0,0.0,0.0,0.0,0.0,0.0,0.0,-1.7750324010849,-1.7750324010849,1.0,-1.7750324010849,-1.7750324010849,-1.7673141956329346,0.0,-4.537405014038086,1.5360113382339478,1.0,0.04086912423372269,1.0,0.0,0.0,0.04086912423372269,0.0,0.0,0.017204970121383667,0.0,0.3172049820423126,0.13192270696163177,0.12271809577941895,0.9086682200431824,0.5612185001373291,0.0,0.0,0.0,0.0,0.0,0.0,0.0,0.0,1.0,0.0,0.000683087739162147,0.3940751552581787,0.2285270243883133,0.023311711847782135,0.0,0.1117369756102562,0.11142335087060928,0.11142335087060928,0.11169672012329102,0.04562253877520561,1.5206433334746805e-10,0.0,0.0,5.641210079193115,5.641210079193115,1.405286192893982,1.405286192893982,0.6725414991378784,0.0,0.0,0.0,0.0,0.3172049820423126,0.16433128714561462,0.0050447843968868256,0.9913426637649536,0.5612185001373291,0.12011336535215378,1.3729571104049683,1.4188015460968018,1.405286192893982,1.451843500137329,1.5360113382339478,0.41718947887420654,0.04673661291599274,1.0,1.3056650161743164,1.2958887815475464,1.3706297874450684,0.0,11.0,0.0,0.0,0.0,0.0,0.0,0.0,,,,,,,,,,,,,,,,,,,,,,0.001
26,8460,train,-0.014781361445784569,0.1032908707857132,0.1036057099699974,0.0,0.004726462997496128,0.004726462997496128,0.0,3.4563534259796143,7.999999797903001e-05,0.03999999910593033,0.03999999910593033,0.03999999910593033,0.0007999999797903001,0.0007999999797903001,0.800000011920929,0.05213440954685211,0.0008106231689453125,0.0,0.0,0.0,0.0,0.0,0.0,0.0,0.0,-1.7412663698196411,-1.7412663698196411,1.0,-1.7412663698196411,-1.7412662506103516,-1.723860502243042,0.0,-4.482355117797852,1.6195871829986572,1.0,0.05213440954685211,1.0,0.0,0.0,0.05213440954685211,0.0,0.0,0.0008106231689453125,0.0,0.30081063508987427,0.12207324057817459,0.10686846822500229,0.916667640209198,0.5459030270576477,0.0,0.0,0.0,0.0,0.0,0.0,0.0,0.0,1.0,0.0,0.00033729535061866045,0.3945457935333252,0.24761547148227692,0.0242872703820467,0.0,0.1036057099699974,0.1032908707857132,0.1032908707857132,0.11410985887050629,0.02829420566558838,9.331764527775732e-12,0.0,0.0,5.320783615112305,5.320783615112305,1.4792852401733398,1.4792852401733398,0.6413516998291016,0.0,0.0,0.0,0.0,0.30081063508987427,0.1634938269853592,0.0065590208396315575,0.9789878129959106,0.5459030270576477,0.10523897409439087,1.3862206935882568,1.5317741632461548,1.4792852401733398,1.4820406436920166,1.6195871829986572,0.4245167076587677,0.04732581228017807,1.0,1.4395732879638672,1.3631914854049683,1.3774330615997314,0.0,11.0,0.0,0.0,0.0,0.0,0.0,0.0,,,,,,,,,,,,,,,,,,,,,,0.001
26,8480,train,-0.01545991562306881,0.10679125785827637,0.10709143429994583,0.0,0.004446183796972036,0.004446183796972036,0.0,3.510134696960449,7.999999797903001e-05,0.03999999910593033,0.03999999910593033,0.03999999910593033,0.0007999999797903001,0.0007999999797903001,0.800000011920929,0.049541689455509186,0.012347579002380371,0.0,0.0,0.0,0.0,0.0,0.0,0.0,0.0,-1.8022204637527466,-1.8022204637527466,1.0,-1.8022204637527466,-1.8022204637527466,-1.7806475162506104,0.0,-4.595022201538086,1.476872444152832,1.0,0.049541689455509186,1.0,0.0,0.0,0.049541689455509186,0.0,0.0,0.012347579002380371,0.0,0.31234756112098694,0.1312408447265625,0.12391134351491928,0.8924367427825928,0.5520647764205933,0.0,0.0,0.0,0.0,0.0,0.0,0.0,0.0,1.0,0.0,0.0006455113762058318,0.3963319659233093,0.23780809342861176,0.02264498546719551,0.0,0.10709143429994583,0.10679125785827637,0.10679125785827637,0.12001257389783859,0.062103621661663055,-2.509489560598155e-10,0.0,0.0,5.376743793487549,5.376743793487549,1.4482088088989258,1.4482088088989258,0.6757693290710449,0.0,0.0,0.0,0.0,0.3123475909233093,0.1691894382238388,0.0036580839660018682,0.9819298386573792,0.5520647764205933,0.12113971263170242,1.370827078819275,1.4861658811569214,1.4482088088989258,1.3946412801742554,1.476872444152832,0.42191213369369507,0.04677562788128853,1.0,1.293398380279541,1.3292410373687744,1.2974293231964111,0.0,11.0,0.0,0.0,0.0,0.0,0.0,0.0,,,,,,,,,,,,,,,,,,,,,,0.001
26,8500,train,-0.013699711300432682,0.10576469451189041,0.10613338649272919,0.0,0.00455777021124959,0.00455777021124959,0.0,3.4498002529144287,7.999999797903001e-05,0.03999999910593033,0.03999999910593033,0.03999999910593033,0.0007999999797903001,0.0007999999797903001,0.800000011920929,0.03925445303320885,0.00716814398765564,0.0,0.0,0.0,0.0,0.0,0.0,0.0,0.0,-1.76483154296875,-1.76483154296875,1.0,-1.76483154296875,-1.76483154296875,-1.751401662826538,0.0,-4.522304058074951,1.5517034530639648,1.0,0.03925445303320885,1.0,0.0,0.0,0.03925445303320885,0.0,0.0,0.00716814398765564,0.0,0.2928318381309509,0.13093991577625275,0.10208442807197571,0.9367282390594482,0.5368701219558716,0.0,0.0,0.0,0.0,0.0,0.0,0.0,0.0,1.0,0.0,0.0011468831216916442,0.3971185088157654,0.23784440755844116,0.023665953427553177,0.0,0.10613338649272919,0.10576469451189041,0.10576469451189041,0.1208021491765976,0.05299658700823784,-5.0154377179145726e-11,0.0,0.0,5.415417194366455,5.415417194366455,1.4202120304107666,1.4202120304107666,0.6953465342521667,0.0,0.0,0.0,0.0,0.2928318679332733,0.16667141020298004,0.006844098214060068,0.9872260689735413,0.5368701219558716,0.10346201807260513,1.369691014289856,1.441405177116394,1.4202120304107666,1.4594560861587524,1.5517034530639648,0.41741180419921875,0.04710739478468895,1.0,1.327864170074463,1.3233485221862793,1.2946528196334839,0.0,11.0,0.0,0.0,0.0,0.0,0.0,0.0,,,,,,,,,,,,,,,,,,,,,,0.001
26,8520,train,-0.012624206021428108,0.10838846862316132,0.10862880945205688,0.0,0.00452041020616889,0.00452041020616889,0.0,3.51015305519104,7.999999797903001e-05,0.03999999910593033,0.03999999910593033,0.03999999910593033,0.0007999999797903001,0.0007999999797903001,0.800000011920929,0.050510723143815994,0.0004048943519592285,0.0,0.0,0.0,0.0,0.0,0.0,0.0,0.0,-1.7905099391937256,-1.7905099391937256,1.0,-1.7905099391937256,-1.7905099391937256,-1.778174877166748,0.0,-4.554330348968506,1.5488409996032715,1.0,0.050510723143815994,1.0,0.0,0.0,0.050510723143815994,0.0,0.0,0.0004048943519592285,0.0,0.2995951175689697,0.12899073958396912,0.12767799198627472,0.8736559748649597,0.5481353402137756,0.0,0.0,0.0,0.0,0.0,0.0,0.0,0.0,1.0,0.0,0.0003496536810416728,0.39970776438713074,0.22971560060977936,0.022313283756375313,0.0,0.10862880945205688,0.10838846862316132,0.10838846862316132,0.11667485535144806,0.057735249400138855,-1.7429674370461612e-10,0.0,0.0,5.5409369468688965,5.5409369468688965,1.4018343687057495,1.4018343687057495,0.6741912961006165,0.0,0.0,0.0,0.0,0.2995951175689697,0.16116413474082947,0.007146238815039396,0.987220048904419,0.5481353402137756,0.10415135324001312,1.3631391525268555,1.4165648221969604,1.4018343687057495,1.456727385520935,1.5488409996032715,0.4221499264240265,0.04692721739411354,1.0,1.3046876192092896,1.294036626815796,1.3074021339416504,0.0,11.0,0.0,0.0,0.0,0.0,0.0,0.0,,,,,,,,,,,,,,,,,,,,,,0.001
26,8540,train,-0.015491860918700695,0.10443226993083954,0.10482452064752579,0.0,0.004244189243763685,0.004244189243763685,0.0,3.461057424545288,7.999999797903001e-05,0.03999999910593033,0.03999999910593033,0.03999999910593033,0.0007999999797903001,0.0007999999797903001,0.800000011920929,0.04278290271759033,0.00010508298873901367,0.0,0.0,0.0,0.0,0.0,0.0,0.0,0.0,-1.7671250104904175,-1.7671250104904175,1.0,-1.7671250104904175,-1.7671250104904175,-1.7531521320343018,0.0,-4.512855052947998,1.5883879661560059,1.0,0.04278290271759033,1.0,0.0,0.0,0.04278290271759033,0.0,0.0,0.00010508298873901367,0.0,0.3001050651073456,0.13247837126255035,0.1023181900382042,0.8942884206771851,0.542707622051239,0.0,0.0,0.0,0.0,0.0,0.0,0.0,0.0,1.0,0.0,0.00034589384449645877,0.3717861771583557,0.2340078055858612,0.023453179746866226,0.0,0.10482452064752579,0.10443226993083954,0.10443226993083954,0.11332396417856216,0.027964722365140915,-2.743466565036101e-10,0.0,0.0,5.451880931854248,5.451880931854248,1.43830406665802,1.43830406665802,0.6393252611160278,0.0,0.0,0.0,0.0,0.30010509490966797,0.16783146560192108,0.004147876054048538,0.9840826392173767,0.542707622051239,0.11127451807260513,1.385211706161499,1.4594101905822754,1.43830406665802,1.462478756904602,1.5883879661560059,0.429857075214386,0.047465067356824875,1.0,1.345367431640625,1.343930959701538,1.3876765966415405,0.0,11.0,0.0,0.0,0.0,0.0,0.0,0.0,,,,,,,,,,,,,,,,,,,,,,0.001
26,8560,train,-0.007204657420516014,0.11261706054210663,0.1131824254989624,0.0,0.004254189319908619,0.004254189319908619,0.0,3.533173084259033,7.999999797903001e-05,0.03999999910593033,0.03999999910593033,0.03999999910593033,0.0007999999797903001,0.0007999999797903001,0.800000011920929,0.05500282347202301,0.00391802191734314,0.0,0.0,0.0,0.0,0.0,0.0,0.0,0.0,-1.7869771718978882,-1.7869771718978882,1.0,-1.7869771718978882,-1.7869771718978882,-1.7702627182006836,0.0,-4.556834697723389,1.583328127861023,1.0,0.05500282347202301,1.0,0.0,0.0,0.05500282347202301,0.0,0.0,0.00391802191734314,0.0,0.2960820198059082,0.13395823538303375,0.08649039268493652,0.9030029773712158,0.536942720413208,0.0,0.0,0.0,0.0,0.0,0.0,0.0,0.0,1.0,0.0,0.0009182461071759462,0.38002267479896545,0.23834921419620514,0.021793033927679062,0.0,0.1131824254989624,0.11261706054210663,0.11261706054210663,0.11232131719589233,0.03261221945285797,-1.1756205731128233e-10,0.0,0.0,5.380017280578613,5.380017280578613,1.4525113105773926,1.4525113105773926,0.6294187307357788,0.0,0.0,0.0,0.0,0.2960819900035858,0.16995558142662048,0.005340656265616417,0.9878292083740234,0.536942720413208,0.10948223620653152,1.3848745822906494,1.4839411973953247,1.4525113105773926,1.4813635349273682,1.583328127861023,0.4258916676044464,0.04797173663973808,1.0,1.2381067276000977,1.3176441192626953,1.3024848699569702,0.0,11.0,0.0,0.0,0.0,0.0,0.0,0.0,,,,,,,,,,,,,,,,,,,,,,0.001
26,8580,train,-0.009607534855604172,0.11214624345302582,0.11230798065662384,0.0,0.00460464134812355,0.00460464134812355,0.0,3.4814229011535645,7.999999797903001e-05,0.03999999910593033,0.03999999910593033,0.03999999910593033,0.0007999999797903001,0.0007999999797903001,0.800000011920929,0.04438390955328941,0.009596049785614014,0.0,0.0,0.0,0.0,0.0,0.0,0.0,0.0,-1.8090156316757202,-1.8090156316757202,1.0,-1.8090156316757202,-1.8090157508850098,-1.7923744916915894,0.0,-4.578881740570068,1.4952677488327026,1.0,0.04438390955328941,1.0,0.0,0.0,0.04438390955328941,0.0,0.0,0.009596049785614014,0.0,0.3095960319042206,0.1352992206811905,0.11240898072719574,0.9241784811019897,0.5498062372207642,0.0,0.0,0.0,0.0,0.0,0.0,0.0,0.0,1.0,0.0,0.0003092450206167996,0.3942939341068268,0.23404929041862488,0.023065881803631783,0.0,0.11230798065662384,0.11214624345302582,0.11214624345302582,0.10927827656269073,0.04030311852693558,2.705770607569491e-10,0.0,0.0,5.447779655456543,5.447779655456543,1.4276986122131348,1.4276986122131348,0.6181687116622925,0.0,0.0,0.0,0.0,0.30959606170654297,0.169649139046669,0.007337354123592377,0.9902188181877136,0.5498062372207642,0.11829044669866562,1.3751757144927979,1.4494420289993286,1.4276986122131348,1.4179890155792236,1.4952677488327026,0.4239136278629303,0.0471881702542305,1.0,1.3196320533752441,1.2957390546798706,1.260248064994812,0.0,11.0,0.0,0.0,0.0,0.0,0.0,0.0,,,,,,,,,,,,,,,,,,,,,,0.001
26,8600,train,-0.015767795965075493,0.10636895149946213,0.1067136749625206,0.0,0.004516086541116238,0.004516086541116238,0.0,3.5438742637634277,7.999999797903001e-05,0.03999999910593033,0.03999999910593033,0.03999999910593033,0.0007999999797903001,0.0007999999797903001,0.800000011920929,0.04173243045806885,0.007168769836425781,0.0,0.0,0.0,0.0,0.0,0.0,0.0,0.0,-1.799784541130066,-1.799784541130066,1.0,-1.799784541130066,-1.7997846603393555,-1.7847241163253784,0.0,-4.584505558013916,1.5191453695297241,1.0,0.04173243045806885,1.0,0.0,0.0,0.04173243045806885,0.0,0.0,0.007168769836425781,0.0,0.2928312122821808,0.1325507014989853,0.10714831948280334,0.8907675743103027,0.5360462665557861,0.0,0.0,0.0,0.0,0.0,0.0,0.0,0.0,1.0,0.0,0.0004399468016345054,0.3901762068271637,0.2342597097158432,0.021617598831653595,0.0,0.1067136749625206,0.10636895149946213,0.10636895149946213,0.1178828552365303,0.03312613070011139,1.9470616785532968e-10,0.0,0.0,5.574827671051025,5.574827671051025,1.4298069477081299,1.4298069477081299,0.68972247838974,0.0,0.0,0.0,0.0,0.2928312420845032,0.16717977821826935,0.0028894615825265646,0.9778067469596863,0.5360462665557861,0.10556066781282425,1.372668743133545,1.4530119895935059,1.4298069477081299,1.4113467931747437,1.5191453695297241,0.4217089116573334,0.04766931012272835,1.0,1.266920566558838,1.2887027263641357,1.2867307662963867,0.0,11.0,0.0,0.0,0.0,0.0,0.0,0.0,,,,,,,,,,,,,,,,,,,,,,0.001
26,8620,train,-0.021635090932250023,0.09956873953342438,0.09974847733974457,0.0,0.00448728958144784,0.00448728958144784,0.0,3.521735191345215,7.999999797903001e-05,0.03999999910593033,0.03999999910593033,0.03999999910593033,0.0007999999797903001,0.0007999999797903001,0.800000011920929,0.05260244384407997,0.0005834102630615234,0.0,0.0,0.0,0.0,0.0,0.0,0.0,0.0,-1.7707163095474243,-1.7707163095474243,1.0,-1.7707163095474243,-1.7707163095474243,-1.744611144065857,0.0,-4.530301570892334,1.6110918521881104,1.0,0.05260244384407997,1.0,0.0,0.0,0.05260244384407997,0.0,0.0,0.0005834102630615234,0.0,0.29941660165786743,0.13000990450382233,0.11911864578723907,0.8905366659164429,0.5325311422348022,0.0,0.0,0.0,0.0,0.0,0.0,0.0,0.0,1.0,0.0,0.00032834504963830113,0.38487908244132996,0.2566085457801819,0.022846821695566177,0.0,0.09974847733974457,0.09956873953342438,0.09956873953342438,0.11270183324813843,0.030152972787618637,-1.4382273150204128e-11,0.0,0.0,5.323754787445068,5.323754787445068,1.4963390827178955,1.4963390827178955,0.6209713220596313,0.0,0.0,0.0,0.0,0.29941660165786743,0.1769796907901764,0.005133986938744783,0.9865514039993286,0.5325311422348022,0.11956189572811127,1.3761284351348877,1.5654799938201904,1.4963390827178955,1.4728364944458008,1.6110918521881104,0.42362794280052185,0.047294825315475464,1.0,1.3660728931427002,1.3627958297729492,1.3157681226730347,0.0,11.0,0.0,0.0,0.0,0.0,0.0,0.0,,,,,,,,,,,,,,,,,,,,,,0.001
26,8640,train,-0.018429450690746307,0.10195638984441757,0.1023658961057663,0.0,0.0042937519028782845,0.0042937519028782845,0.0,3.4711661338806152,7.999999797903001e-05,0.03999999910593033,0.03999999910593033,0.03999999910593033,0.0007999999797903001,0.0007999999797903001,0.800000011920929,0.04269861429929733,0.002608656883239746,0.0,0.0,0.0,0.0,0.0,0.0,0.0,0.0,-1.7668088674545288,-1.7668088674545288,1.0,-1.7668088674545288,-1.7668088674545288,-1.750556468963623,0.0,-4.525740146636963,1.5697541236877441,1.0,0.04269861429929733,1.0,0.0,0.0,0.04269861429929733,0.0,0.0,0.002608656883239746,0.0,0.3026086986064911,0.13746356964111328,0.08561424911022186,0.9464790225028992,0.5370468497276306,0.0,0.0,0.0,0.0,0.0,0.0,0.0,0.0,1.0,0.0,0.0012886027107015252,0.39495033025741577,0.2418963760137558,0.023471131920814514,0.0,0.1023658961057663,0.10195638984441757,0.10195638984441757,0.1193208172917366,0.045509837567806244,-1.8267258539150788e-10,0.0,0.0,5.455223560333252,5.455223083496094,1.4559906721115112,1.4559906721115112,0.6868699789047241,0.0,0.0,0.0,0.0,0.3026086688041687,0.1769159734249115,0.007093674037605524,0.9918498992919922,0.5370468497276306,0.12242648005485535,1.3855539560317993,1.4933247566223145,1.4559906721115112,1.4649709463119507,1.5697541236877441,0.42227762937545776,0.04751976951956749,1.0,1.2806344032287598,1.3318641185760498,1.322556495666504,0.0,11.0,0.0,0.0,0.0,0.0,0.0,0.0,,,,,,,,,,,,,,,,,,,,,,0.001
26,8660,train,-0.010545406490564346,0.10942980647087097,0.1095784530043602,0.0,0.004755748435854912,0.004755748435854912,0.0,3.512934923171997,7.999999797903001e-05,0.03999999910593033,0.03999999910593033,0.03999999910593033,0.0007999999797903001,0.0007999999797903001,0.800000011920929,0.04110262542963028,0.003166109323501587,0.0,0.0,0.0,0.0,0.0,0.0,0.0,0.0,-1.7799698114395142,-1.7799698114395142,1.0,-1.7799698114395142,-1.7799698114395142,-1.7647638320922852,0.0,-4.538327217102051,1.55003023147583,1.0,0.04110262542963028,1.0,0.0,0.0,0.04110262542963028,0.0,0.0,0.003166109323501587,0.0,0.29683393239974976,0.13566285371780396,0.08506553620100021,0.882850170135498,0.5354264974594116,0.0,0.0,0.0,0.0,0.0,0.0,0.0,0.0,1.0,0.0,0.0005055581568740308,0.397311270236969,0.2365020513534546,0.022287946194410324,0.0,0.1095784530043602,0.10942980647087097,0.10942980647087097,0.12696222960948944,0.032255738973617554,4.068396314282907e-11,0.0,0.0,5.50001859664917,5.50001859664917,1.4328491687774658,1.4328491687774658,0.7249509692192078,0.0,0.0,0.0,0.0,0.29683390259742737,0.17285190522670746,0.0026421076618134975,0.9844191670417786,0.5354264974594116,0.11331189423799515,1.3771637678146362,1.4591501951217651,1.4328491687774658,1.4371650218963623,1.55003023147583,0.42737823724746704,0.04834511876106262,1.0,1.2656123638153076,1.3367905616760254,1.366985559463501,0.0,11.0,0.0,0.0,0.0,0.0,0.0,0.0,,,,,,,,,,,,,,,,,,,,,,0.001
26,8680,train,-0.01645735464990139,0.10517165064811707,0.10567637532949448,0.0,0.004138145130127668,0.004138145130127668,0.0,3.480696201324463,7.999999797903001e-05,0.03999999910593033,0.03999999910593033,0.03999999910593033,0.0007999999797903001,0.0007999999797903001,0.800000011920929,0.04095245897769928,0.007504254579544067,0.0,0.0,0.0,0.0,0.0,0.0,0.0,0.0,-1.7905879020690918,-1.7905879020690918,1.0,-1.7905879020690918,-1.7905879020690918,-1.7755990028381348,0.0,-4.567296028137207,1.527411699295044,1.0,0.04095245897769928,1.0,0.0,0.0,0.04095245897769928,0.0,0.0,0.007504254579544067,0.0,0.307504266500473,0.13914847373962402,0.07189799845218658,0.917245090007782,0.5430182218551636,0.0,0.0,0.0,0.0,0.0,0.0,0.0,0.0,1.0,0.0,0.001010873937048018,0.3832820653915405,0.23505160212516785,0.023017143830657005,0.0,0.10567637532949448,0.10517165064811707,0.10517165064811707,0.11530512571334839,0.049741268157958984,-8.51906670207292e-11,0.0,0.0,5.264511585235596,5.264512062072754,1.4386518001556396,1.4386518001556396,0.6244170665740967,0.0,0.0,0.0,0.0,0.307504266500473,0.17518702149391174,0.005554144736379385,0.98514324426651,0.5430182218551636,0.12458640336990356,1.3773915767669678,1.4702751636505127,1.4386518001556396,1.4279835224151611,1.527411699295044,0.4332439601421356,0.04823525995016098,1.0,1.4746513366699219,1.3554567098617554,1.3363033533096313,0.0,11.0,0.0,0.0,0.0,0.0,0.0,0.0,,,,,,,,,,,,,,,,,,,,,,0.001
26,8684,train_epoch,-0.016122697834775945,0.1040891538524699,0.10436279594362853,0.0,0.004449407213150027,0.004449407213150027,0.0,3.4863342317992343,7.999999797903001e-05,0.03999999910593033,0.03999999910593033,0.03999999910593033,0.0007999999797903001,0.0007999999797903001,0.800000011920929,0.044829190128711525,0.006759621515245495,0.0,0.0,0.0,0.0,0.0,0.0,0.0,0.0,-1.769782112030212,-1.769782112030212,1.0,-1.769782112030212,-1.7697821131009541,-1.7531189929225488,0.0,-4.530040198457455,1.568554339651576,1.0,0.044829190128711525,1.0,0.0,0.0,0.044829190128711525,0.0,0.0,0.006759621515245495,0.0,0.3002154430943335,0.1309978670167352,0.10439220340755172,0.8964331382049058,0.5418326604865982,0.0,0.0,0.0,0.0,0.0,0.0,0.0,0.0,1.0,0.0,0.0007525184536595322,0.3897449255524995,0.24127296068354281,0.02311769544989049,0.0,0.10436279594362853,0.1040891538524699,0.1040891538524699,0.11641840931184277,0.039046614326933654,-2.5826957188617373e-13,0.0,0.0,5.418665263467206,5.4186652591842375,1.4569574262567624,1.4569574262567624,0.659945090016919,0.0,0.0,0.0,0.0,0.3002154501433858,0.1683302587734725,0.005621786111154354,0.9856978267609716,0.5418326604865982,0.1118240608069711,1.3837217767081575,1.4924954507879153,1.4569574262567624,1.457297452909504,1.568554339651576,0.42488071179675485,0.04734957425626452,1.0,1.3476666461921738,1.3466764734890646,1.3469855075110932,0.0,11.0,0.0,0.0,0.0,0.0,0.0,0.0,,,,,,,,,,,,,,,,,,,,,,0.001
26,8684,val,,,,,,,,,,,,,,,,,,,,,,,,,,,,,,,,,,,,,,,,,,,,,,,,,,,,,,,,,,,,,,,,,,,,,,,,,,,,,,,,,,,,,,,,,,,,,,,,,,,,,,,,,,,24.883871299879893,2656.8015452793666,51.54417081765276,32.84573492833546,12.834116407803126,14.207548648118973,23.208905222361754,10.037359961441584,6.586839360850198,15.229264706373215,25.200938144021926,10.599780329636165,7.051996243851526,132.13896928514754,158.23742928893765,277.6582025800432,77.58528573172433,24.883871299879893,51.54417081765276,32.84573492833546,12.834116407803126,0.001
27,8700,train,-0.011435315944254398,0.11284783482551575,0.11554835736751556,0.0,0.005088217090815306,0.005088217090815306,0.0,3.466261863708496,8.499999967170879e-05,0.042500000447034836,0.042500000447034836,0.042500000447034836,0.0008500000112690032,0.0008500000112690032,0.8500000238418579,0.0416221022605896,0.010255932807922363,0.0,0.0,0.0,0.0,0.0,0.0,0.0,0.0,-1.7405623197555542,-1.7405623197555542,1.0,-1.7405623197555542,-1.7405623197555542,-1.7283474206924438,0.0,-4.48301362991333,1.6375961303710938,1.0,0.0416221022605896,1.0,0.0,0.0,0.0416221022605896,0.0,0.0,0.010255932807922363,0.0,0.289744108915329,0.12838904559612274,0.10942377150058746,0.8650533556938171,0.5334092378616333,0.0,0.0,0.0,0.0,0.0,0.0,0.0,0.0,1.0,0.0,0.0022903536446392536,0.38644933700561523,0.2437846064567566,0.023263823240995407,0.0,0.11554835736751556,0.11284783482551575,0.11284783482551575,0.11913222074508667,0.03233588859438896,5.684884160639392e-11,0.0,0.0,5.315805435180664,5.315805435180664,1.4546645879745483,1.4546645879745483,0.6663697957992554,0.0,0.0,0.0,0.0,0.2897440791130066,0.16640034317970276,0.0059082177467644215,0.9693989157676697,0.5334092378616333,0.10337010771036148,1.3910306692123413,1.4845024347305298,1.4546645879745483,1.4915226697921753,1.6375961303710938,0.5642464756965637,0.06053115054965019,1.0,1.3463069200515747,1.3499526977539062,1.3600530624389648,0.0,12.0,0.0,0.0,0.0,0.0,0.0,0.0,,,,,,,,,,,,,,,,,,,,,,0.001
27,8720,train,-0.003149990225210786,0.12214097380638123,0.12263019382953644,0.0,0.004619908053427935,0.004619908053427935,0.0,3.501312255859375,8.499999967170879e-05,0.042500000447034836,0.042500000447034836,0.042500000447034836,0.0008500000112690032,0.0008500000112690032,0.8500000238418579,0.0471738800406456,0.003363668918609619,0.0,0.0,0.0,0.0,0.0,0.0,0.0,0.0,-1.7688696384429932,-1.7688696384429932,1.0,-1.7688696384429932,-1.7688696384429932,-1.753227710723877,0.0,-4.529401779174805,1.549340009689331,1.0,0.0471738800406456,1.0,0.0,0.0,0.0471738800406456,0.0,0.0,0.003363668918609619,0.0,0.29663634300231934,0.1269473433494568,0.12245239317417145,0.9171887636184692,0.5392938852310181,0.0,0.0,0.0,0.0,0.0,0.0,0.0,0.0,1.0,0.0,0.0016569348517805338,0.39388737082481384,0.22950176894664764,0.022197088226675987,0.0,0.12263019382953644,0.12214097380638123,0.12214097380638123,0.12281624227762222,0.03547701984643936,2.4734870401887932e-11,0.0,0.0,5.4652252197265625,5.4652252197265625,1.383449673652649,1.383449673652649,0.6982141137123108,0.0,0.0,0.0,0.0,0.29663634300231934,0.1672922819852829,0.005160651635378599,0.9692251682281494,0.5392938852310181,0.10957414656877518,1.322908639907837,1.4125009775161743,1.383449673652649,1.4291614294052124,1.549340009689331,0.4860329329967499,0.049547869712114334,1.0,1.3281725645065308,1.324785590171814,1.334301233291626,0.0,12.0,0.0,0.0,0.0,0.0,0.0,0.0,,,,,,,,,,,,,,,,,,,,,,0.001
27,8740,train,-0.033057183027267456,0.0997849851846695,0.09995698928833008,0.0,0.004176327958703041,0.004176327958703041,0.0,3.483896493911743,8.499999967170879e-05,0.042500000447034836,0.042500000447034836,0.042500000447034836,0.0008500000112690032,0.0008500000112690032,0.8500000238418579,0.05878344178199768,0.0028450191020965576,0.0,0.0,0.0,0.0,0.0,0.0,0.0,0.0,-1.8042302131652832,-1.8042302131652832,1.0,-1.8042302131652832,-1.8042302131652832,-1.7870121002197266,0.0,-4.602950572967529,1.5267674922943115,1.0,0.05878344178199768,1.0,0.0,0.0,0.05878344178199768,0.0,0.0,0.0028450191020965576,0.0,0.3028450310230255,0.12545697391033173,0.13429421186447144,0.8939027786254883,0.54777592420578,0.0,0.0,0.0,0.0,0.0,0.0,0.0,0.0,1.0,0.0,0.0007392477709800005,0.3806113004684448,0.2364899218082428,0.023485630750656128,0.0,0.09995698928833008,0.0997849851846695,0.0997849851846695,0.10640279203653336,0.05126437172293663,-3.701687567581047e-11,0.0,0.0,5.1197052001953125,5.1197052001953125,1.4106202125549316,1.4106202125549316,0.5701724886894226,0.0,0.0,0.0,0.0,0.3028450310230255,0.1638891100883484,0.0029732820112258196,0.970382034778595,0.54777592420578,0.11006434261798859,1.3147261142730713,1.4610264301300049,1.4106202125549316,1.3959800004959106,1.5267674922943115,0.47923150658607483,0.048829540610313416,1.0,1.2748074531555176,1.3294010162353516,1.3426768779754639,0.0,12.0,0.0,0.0,0.0,0.0,0.0,0.0,,,,,,,,,,,,,,,,,,,,,,0.001
27,8760,train,-0.030446670949459076,0.09964247792959213,0.09993727505207062,0.0,0.004442452918738127,0.004442452918738127,0.0,3.527994155883789,8.499999967170879e-05,0.042500000447034836,0.042500000447034836,0.042500000447034836,0.0008500000112690032,0.0008500000112690032,0.8500000238418579,0.05689680576324463,0.009271234273910522,0.0,0.0,0.0,0.0,0.0,0.0,0.0,0.0,-1.7720179557800293,-1.7720179557800293,1.0,-1.7720179557800293,-1.7720179557800293,-1.7541124820709229,0.0,-4.521720886230469,1.6219063997268677,1.0,0.05689680576324463,1.0,0.0,0.0,0.05689680576324463,0.0,0.0,0.009271234273910522,0.0,0.3092712461948395,0.1291266828775406,0.13232845067977905,0.8917930126190186,0.5502052903175354,0.0,0.0,0.0,0.0,0.0,0.0,0.0,0.0,1.0,0.0,0.00031071246485225856,0.38678643107414246,0.23971134424209595,0.022269370034337044,0.0,0.09993727505207062,0.09964247792959213,0.09964247792959213,0.12312853336334229,0.034897904843091965,9.829857414156429e-12,0.0,0.0,5.246762752532959,5.246762752532959,1.4283726215362549,1.4283726215362549,0.673010528087616,0.0,0.0,0.0,0.0,0.3092712461948395,0.16839481890201569,0.005966649390757084,0.9799051284790039,0.5502052903175354,0.1200980469584465,1.3199610710144043,1.4817432165145874,1.4283726215362549,1.458050012588501,1.6219063997268677,0.47723865509033203,0.048671431839466095,1.0,1.3033171892166138,1.2899569272994995,1.3502072095870972,0.0,12.0,0.0,0.0,0.0,0.0,0.0,0.0,,,,,,,,,,,,,,,,,,,,,,0.001
27,8780,train,-0.022869138047099113,0.11016589403152466,0.11032694578170776,0.0,0.0046634189784526825,0.0046634189784526825,0.0,3.512064218521118,8.499999967170879e-05,0.042500000447034836,0.042500000447034836,0.042500000447034836,0.0008500000112690032,0.0008500000112690032,0.8500000238418579,0.03848113492131233,0.013774096965789795,0.0,0.0,0.0,0.0,0.0,0.0,0.0,0.0,-1.8310770988464355,-1.8310770988464355,1.0,-1.8310770988464355,-1.8310770988464355,-1.8194702863693237,0.0,-4.639233112335205,1.450364351272583,1.0,0.03848113492131233,1.0,0.0,0.0,0.03848113492131233,0.0,0.0,0.013774096965789795,0.0,0.3137741684913635,0.13334022462368011,0.10288310050964355,0.9193367958068848,0.5559425354003906,0.0,0.0,0.0,0.0,0.0,0.0,0.0,0.0,1.0,0.0,0.0011807812843471766,0.39828771352767944,0.22549645602703094,0.021989457309246063,0.0,0.11032694578170776,0.11016589403152466,0.11016589403152466,0.12486466765403748,0.05670730024576187,1.944300692668932e-10,0.0,0.0,5.453329563140869,5.453329563140869,1.3753291368484497,1.3753291368484497,0.7124646902084351,0.0,0.0,0.0,0.0,0.31377410888671875,0.1667669117450714,0.004503952339291573,0.9783117175102234,0.5559425354003906,0.1235753744840622,1.3292893171310425,1.3961617946624756,1.3753291368484497,1.3773319721221924,1.450364351272583,0.4654061794281006,0.04778366908431053,1.0,1.2093443870544434,1.2375845909118652,1.2099874019622803,0.0,12.0,0.0,0.0,0.0,0.0,0.0,0.0,,,,,,,,,,,,,,,,,,,,,,0.001
27,8800,train,-0.03127851337194443,0.09988562017679214,0.10018449276685715,0.0,0.004688864573836327,0.004688864573836327,0.0,3.5262720584869385,8.499999967170879e-05,0.042500000447034836,0.042500000447034836,0.042500000447034836,0.0008500000112690032,0.0008500000112690032,0.8500000238418579,0.037244848906993866,0.0027001500129699707,0.0,0.0,0.0,0.0,0.0,0.0,0.0,0.0,-1.78510582447052,-1.78510582447052,1.0,-1.78510582447052,-1.7851057052612305,-1.7706345319747925,0.0,-4.557849407196045,1.536180019378662,1.0,0.037244848906993866,1.0,0.0,0.0,0.037244848906993866,0.0,0.0,0.0027001500129699707,0.0,0.3027001619338989,0.13469302654266357,0.07556138932704926,0.8914651870727539,0.5395464897155762,0.0,0.0,0.0,0.0,0.0,0.0,0.0,0.0,1.0,0.0,0.0007487795664928854,0.3951229751110077,0.237254336476326,0.02165914513170719,0.0,0.10018449276685715,0.09988562017679214,0.09988562017679214,0.11793941259384155,0.009591811336576939,8.703926468456302e-10,0.0,0.0,5.484147548675537,5.484147548675537,1.4400302171707153,1.4400302171707153,0.6559988856315613,0.0,0.0,0.0,0.0,0.3027001619338989,0.1739242672920227,0.0033476746175438166,0.9867472648620605,0.5395464897155762,0.12071079015731812,1.3788660764694214,1.4671928882598877,1.4400302171707153,1.432875633239746,1.536180019378662,0.47040343284606934,0.04820997640490532,1.0,1.2943799495697021,1.314990758895874,1.300281286239624,0.0,12.0,0.0,0.0,0.0,0.0,0.0,0.0,,,,,,,,,,,,,,,,,,,,,,0.001
27,8820,train,-0.022397538647055626,0.10837636888027191,0.10872076451778412,0.0,0.004445548169314861,0.004445548169314861,0.0,3.527545690536499,8.499999967170879e-05,0.042500000447034836,0.042500000447034836,0.042500000447034836,0.0008500000112690032,0.0008500000112690032,0.8500000238418579,0.04212624207139015,0.02223542332649231,0.0,0.0,0.0,0.0,0.0,0.0,0.0,0.0,-1.800723910331726,-1.800723910331726,1.0,-1.800723910331726,-1.8007237911224365,-1.7869608402252197,0.0,-4.586362361907959,1.5224506855010986,1.0,0.04212624207139015,1.0,0.0,0.0,0.04212624207139015,0.0,0.0,0.02223542332649231,0.0,0.32223543524742126,0.13746526837348938,0.13725712895393372,0.9124093055725098,0.5569892525672913,0.0,0.0,0.0,0.0,0.0,0.0,0.0,0.0,1.0,0.0,0.000923008774407208,0.39427849650382996,0.22813954949378967,0.021670952439308167,0.0,0.10872076451778412,0.10837636888027191,0.10837636888027191,0.1269942969083786,0.05772305652499199,2.8605315338658954e-10,0.0,0.0,5.6912055015563965,5.6912055015563965,1.395650029182434,1.395650029182434,0.7609552145004272,0.0,0.0,0.0,0.0,0.32223543524742126,0.1738586276769638,0.005101344548165798,0.9861646294593811,0.5569892525672913,0.1373315006494522,1.3370225429534912,1.423874855041504,1.395650029182434,1.4154975414276123,1.5224506855010986,0.46537503600120544,0.04675760492682457,1.0,1.350301742553711,1.2753825187683105,1.3202555179595947,0.0,12.0,0.0,0.0,0.0,0.0,0.0,0.0,,,,,,,,,,,,,,,,,,,,,,0.001
27,8840,train,-0.024236634373664856,0.10596401989459991,0.10637743771076202,0.0,0.00442984513938427,0.00442984513938427,0.0,3.493340492248535,8.499999967170879e-05,0.042500000447034836,0.042500000447034836,0.042500000447034836,0.0008500000112690032,0.0008500000112690032,0.8500000238418579,0.042319394648075104,0.0076361000537872314,0.0,0.0,0.0,0.0,0.0,0.0,0.0,0.0,-1.7882801294326782,-1.7882801294326782,1.0,-1.7882801294326782,-1.7882802486419678,-1.7761281728744507,0.0,-4.564080238342285,1.5137542486190796,1.0,0.042319394648075104,1.0,0.0,0.0,0.042319394648075104,0.0,0.0,0.0076361000537872314,0.0,0.2923639416694641,0.13274821639060974,0.10766907781362534,0.8935560584068298,0.5337448120117188,0.0,0.0,0.0,0.0,0.0,0.0,0.0,0.0,1.0,0.0,0.0011806268012151122,0.3914342522621155,0.23231898248195648,0.022559937089681625,0.0,0.10637743771076202,0.10596401989459991,0.10596401989459991,0.12175968289375305,0.022462574765086174,-3.920263280665637e-10,0.0,0.0,5.370975971221924,5.370975971221924,1.4242360591888428,1.4242360591888428,0.6827808022499084,0.0,0.0,0.0,0.0,0.2923639118671417,0.16923314332962036,0.0033961052540689707,0.9813548922538757,0.5337448120117188,0.10940564423799515,1.3627827167510986,1.4499104022979736,1.4242360591888428,1.4193720817565918,1.5137542486190796,0.46425342559814453,0.04732532426714897,1.0,1.4202792644500732,1.334606647491455,1.3226826190948486,0.0,12.0,0.0,0.0,0.0,0.0,0.0,0.0,,,,,,,,,,,,,,,,,,,,,,0.001
27,8860,train,-0.025400303304195404,0.10439623892307281,0.10463349521160126,0.0,0.004336172714829445,0.004336172714829445,0.0,3.5473830699920654,8.499999967170879e-05,0.042500000447034836,0.042500000447034836,0.042500000447034836,0.0008500000112690032,0.0008500000112690032,0.8500000238418579,0.05445806682109833,0.0015876591205596924,0.0,0.0,0.0,0.0,0.0,0.0,0.0,0.0,-1.77949059009552,-1.77949059009552,1.0,-1.77949059009552,-1.77949059009552,-1.7587010860443115,0.0,-4.541706085205078,1.61929190158844,1.0,0.05445806682109833,1.0,0.0,0.0,0.05445806682109833,0.0,0.0,0.0015876591205596924,0.0,0.30158767104148865,0.13133002817630768,0.11586572974920273,0.9078070521354675,0.5397860407829285,0.0,0.0,0.0,0.0,0.0,0.0,0.0,0.0,1.0,0.0,0.000251634803134948,0.37850940227508545,0.24472756683826447,0.02177882380783558,0.0,0.10463349521160126,0.10439623892307281,0.10439623892307281,0.11444856971502304,0.02694772556424141,5.889774778999879e-11,0.0,0.0,5.259777069091797,5.259777069091797,1.466705322265625,1.466705322265625,0.6244533061981201,0.0,0.0,0.0,0.0,0.30158767104148865,0.17189642786979675,0.003034809837117791,0.9756602644920349,0.5397860407829285,0.11916361004114151,1.3494799137115479,1.5217454433441162,1.466705322265625,1.469401478767395,1.61929190158844,0.4699481427669525,0.047426458448171616,1.0,1.249437928199768,1.3248083591461182,1.3441842794418335,0.0,12.0,0.0,0.0,0.0,0.0,0.0,0.0,,,,,,,,,,,,,,,,,,,,,,0.001
27,8880,train,-0.025199605152010918,0.10273461788892746,0.10292322933673859,0.0,0.0043778130784630775,0.0043778130784630775,0.0,3.4701263904571533,8.499999967170879e-05,0.042500000447034836,0.042500000447034836,0.042500000447034836,0.0008500000112690032,0.0008500000112690032,0.8500000238418579,0.06155940145254135,0.0015065670013427734,0.0,0.0,0.0,0.0,0.0,0.0,0.0,0.0,-1.753570556640625,-1.753570556640625,1.0,-1.753570556640625,-1.753570556640625,-1.7325811386108398,0.0,-4.503415584564209,1.650943636894226,1.0,0.06155940145254135,1.0,0.0,0.0,0.06155940145254135,0.0,0.0,0.0015065670013427734,0.0,0.30150657892227173,0.13668805360794067,0.1106395572423935,0.9101285338401794,0.5334111452102661,0.0,0.0,0.0,0.0,0.0,0.0,0.0,0.0,1.0,0.0,0.0006395214586518705,0.38379114866256714,0.24444454908370972,0.02351904660463333,0.0,0.10292322933673859,0.10273461788892746,0.10273461788892746,0.10983963310718536,0.04850810766220093,-4.4578115504512184e-11,0.0,0.0,5.38715934753418,5.3871588706970215,1.4440279006958008,1.4440279006958008,0.6253472566604614,0.0,0.0,0.0,0.0,0.30150657892227173,0.17899276316165924,0.0074424040503799915,0.9856511950492859,0.5334111452102661,0.1247549057006836,1.338590145111084,1.4978153705596924,1.4440279006958008,1.4919928312301636,1.650943636894226,0.4581529498100281,0.046437498182058334,1.0,1.3133028745651245,1.319638729095459,1.322265863418579,0.0,12.0,0.0,0.0,0.0,0.0,0.0,0.0,,,,,,,,,,,,,,,,,,,,,,0.001
27,8900,train,-0.032443106174468994,0.09289424866437912,0.09334070980548859,0.0,0.0042056068778038025,0.0042056068778038025,0.0,3.472646951675415,8.499999967170879e-05,0.042500000447034836,0.042500000447034836,0.042500000447034836,0.0008500000112690032,0.0008500000112690032,0.8500000238418579,0.046691663563251495,0.0028111934661865234,0.0,0.0,0.0,0.0,0.0,0.0,0.0,0.0,-1.7002527713775635,-1.7002527713775635,1.0,-1.7002527713775635,-1.700252890586853,-1.6749187707901,0.0,-4.398379802703857,1.7419893741607666,1.0,0.046691663563251495,1.0,0.0,0.0,0.046691663563251495,0.0,0.0,0.0028111934661865234,0.0,0.29718881845474243,0.13584591448307037,0.10116466879844666,0.9021550416946411,0.5247318148612976,0.0,0.0,0.0,0.0,0.0,0.0,0.0,0.0,1.0,0.0,0.0010734274983406067,0.37419137358665466,0.26131775975227356,0.023472053930163383,0.0,0.09334070980548859,0.09289424866437912,0.09289424866437912,0.11092773824930191,0.013458500616252422,-2.3398272208652315e-10,0.0,0.0,5.173803329467773,5.173803329467773,1.545896291732788,1.545896291732788,0.5990189909934998,0.0,0.0,0.0,0.0,0.29718881845474243,0.1828336864709854,0.0030589259695261717,0.9846614003181458,0.5247318148612976,0.12460172176361084,1.3754850625991821,1.6272205114364624,1.545896291732788,1.559523105621338,1.7419893741607666,0.4638560712337494,0.04715816304087639,1.0,1.410104513168335,1.3870999813079834,1.4651942253112793,0.0,12.0,0.0,0.0,0.0,0.0,0.0,0.0,,,,,,,,,,,,,,,,,,,,,,0.001
27,8920,train,-0.03156644105911255,0.10385582596063614,0.10420310497283936,0.0,0.0042845639400184155,0.0042845639400184155,0.0,3.5666935443878174,8.499999967170879e-05,0.042500000447034836,0.042500000447034836,0.042500000447034836,0.0008500000112690032,0.0008500000112690032,0.8500000238418579,0.03767470270395279,0.008023887872695923,0.0,0.0,0.0,0.0,0.0,0.0,0.0,0.0,-1.844552755355835,-1.844552755355835,1.0,-1.844552755355835,-1.844552755355835,-1.8340905904769897,0.0,-4.668546199798584,1.4312398433685303,1.0,0.03767470270395279,1.0,0.0,0.0,0.03767470270395279,0.0,0.0,0.008023887872695923,0.0,0.3080238997936249,0.14217501878738403,0.08522385358810425,0.9362567663192749,0.544247031211853,0.0,0.0,0.0,0.0,0.0,0.0,0.0,0.0,1.0,0.0,0.000557750987354666,0.3826632499694824,0.21994037926197052,0.020473966374993324,0.0,0.10420310497283936,0.10385582596063614,0.10385582596063614,0.12613844871520996,0.07516597211360931,-8.071021628808239e-11,0.0,0.0,5.746358871459961,5.746358871459961,1.3664096593856812,1.3664096593856812,0.7685534358024597,0.0,0.0,0.0,0.0,0.3080238997936249,0.17518086731433868,0.009070971980690956,0.9840551018714905,0.544247031211853,0.12818628549575806,1.334283709526062,1.3759256601333618,1.3664096593856812,1.3634172677993774,1.4312398433685303,0.45661887526512146,0.045956358313560486,1.0,1.1946516036987305,1.247733473777771,1.2411582469940186,0.0,12.0,0.0,0.0,0.0,0.0,0.0,0.0,,,,,,,,,,,,,,,,,,,,,,0.001
27,8940,train,-0.02525728940963745,0.10331528633832932,0.10386800020933151,0.0,0.004220325034111738,0.004220325034111738,0.0,3.4717724323272705,8.499999967170879e-05,0.042500000447034836,0.042500000447034836,0.042500000447034836,0.0008500000112690032,0.0008500000112690032,0.8500000238418579,0.036022525280714035,0.00041037797927856445,0.0,0.0,0.0,0.0,0.0,0.0,0.0,0.0,-1.7629599571228027,-1.7629599571228027,1.0,-1.7629599571228027,-1.7629597187042236,-1.750062108039856,0.0,-4.520479202270508,1.570641279220581,1.0,0.036022525280714035,1.0,0.0,0.0,0.036022525280714035,0.0,0.0,0.00041037797927856445,0.0,0.299589604139328,0.13335773348808289,0.11892487108707428,0.922624945640564,0.5380557179450989,0.0,0.0,0.0,0.0,0.0,0.0,0.0,0.0,1.0,0.0,0.0013802145840600133,0.38954001665115356,0.23366712033748627,0.022828632965683937,0.0,0.10386800020933151,0.10331528633832932,0.10331528633832932,0.11464885622262955,0.05674545839428902,5.453469342775463e-10,0.0,0.0,5.424188613891602,5.424188613891602,1.4050999879837036,1.4050999879837036,0.64549320936203,0.0,0.0,0.0,0.0,0.2995896339416504,0.1724894642829895,0.005154157988727093,0.9844361543655396,0.5380557179450989,0.1184895932674408,1.3421076536178589,1.4389725923538208,1.4050999879837036,1.444034218788147,1.570641279220581,0.4557388424873352,0.04625283554196358,1.0,1.3548498153686523,1.3181047439575195,1.3525117635726929,0.0,12.0,0.0,0.0,0.0,0.0,0.0,0.0,,,,,,,,,,,,,,,,,,,,,,0.001
27,8960,train,-0.02288394421339035,0.1088629812002182,0.10919104516506195,0.0,0.004706075415015221,0.004706075415015221,0.0,3.4934275150299072,8.499999967170879e-05,0.042500000447034836,0.042500000447034836,0.042500000447034836,0.0008500000112690032,0.0008500000112690032,0.8500000238418579,0.041108034551143646,0.007484406232833862,0.0,0.0,0.0,0.0,0.0,0.0,0.0,0.0,-1.813216209411621,-1.813216209411621,1.0,-1.813216209411621,-1.813216209411621,-1.800554633140564,0.0,-4.61178731918335,1.4238171577453613,1.0,0.041108034551143646,1.0,0.0,0.0,0.041108034551143646,0.0,0.0,0.007484406232833862,0.0,0.3074844479560852,0.145569309592247,0.08661451190710068,0.9473921060562134,0.5415387749671936,0.0,0.0,0.0,0.0,0.0,0.0,0.0,0.0,1.0,0.0,0.0006018902640789747,0.3978944718837738,0.22664034366607666,0.022189339622855186,0.0,0.10919104516506195,0.1088629812002182,0.1088629812002182,0.12720483541488647,0.07140644639730453,-1.5929413343940269e-10,0.0,0.0,5.911508560180664,5.911508560180664,1.3819183111190796,1.3819183111190796,0.8153159022331238,0.0,0.0,0.0,0.0,0.3074844181537628,0.1775025874376297,0.004550522193312645,0.9849182963371277,0.5415387749671936,0.13089768588542938,1.3356194496154785,1.3992040157318115,1.3819183111190796,1.3436203002929688,1.4238171577453613,0.4493260979652405,0.04582764953374863,1.0,1.325001835823059,1.2443569898605347,1.2371935844421387,0.0,12.0,0.0,0.0,0.0,0.0,0.0,0.0,,,,,,,,,,,,,,,,,,,,,,0.001
27,8980,train,-0.022564534097909927,0.10544301569461823,0.10583812743425369,0.0,0.004403207916766405,0.004403207916766405,0.0,3.446018695831299,8.499999967170879e-05,0.042500000447034836,0.042500000447034836,0.042500000447034836,0.0008500000112690032,0.0008500000112690032,0.8500000238418579,0.049259454011917114,0.004529714584350586,0.0,0.0,0.0,0.0,0.0,0.0,0.0,0.0,-1.7611874341964722,-1.7611874341964722,1.0,-1.7611874341964722,-1.7611874341964722,-1.7429317235946655,0.0,-4.526008129119873,1.593509554862976,1.0,0.049259454011917114,1.0,0.0,0.0,0.049259454011917114,0.0,0.0,0.004529714584350586,0.0,0.29547032713890076,0.14028386771678925,0.08117969334125519,0.9300124049186707,0.529038667678833,0.0,0.0,0.0,0.0,0.0,0.0,0.0,0.0,1.0,0.0,0.0011205236660316586,0.379989892244339,0.2415631264448166,0.023715617135167122,0.0,0.10583812743425369,0.10544301569461823,0.10544301569461823,0.11407843232154846,0.037318985909223557,-3.369823309284925e-10,0.0,0.0,5.556698322296143,5.556698322296143,1.4429746866226196,1.4429746866226196,0.6787353754043579,0.0,0.0,0.0,0.0,0.29547029733657837,0.17826300859451294,0.005806962493807077,0.988934338092804,0.529038667678833,0.12086397409439087,1.3569920063018799,1.4828436374664307,1.4429746866226196,1.4648972749710083,1.593509554862976,0.4662638008594513,0.04766358807682991,1.0,1.4084553718566895,1.3010627031326294,1.3044565916061401,0.0,12.0,0.0,0.0,0.0,0.0,0.0,0.0,,,,,,,,,,,,,,,,,,,,,,0.001
27,9000,train,-0.02013351209461689,0.11067067831754684,0.11111143231391907,0.0,0.004464108031243086,0.004464108031243086,0.0,3.523113965988159,8.499999967170879e-05,0.042500000447034836,0.042500000447034836,0.042500000447034836,0.0008500000112690032,0.0008500000112690032,0.8500000238418579,0.04118279740214348,0.004430681467056274,0.0,0.0,0.0,0.0,0.0,0.0,0.0,0.0,-1.8065228462219238,-1.8065228462219238,1.0,-1.8065228462219238,-1.8065229654312134,-1.7920255661010742,0.0,-4.602644920349121,1.5282212495803833,1.0,0.04118279740214348,1.0,0.0,0.0,0.04118279740214348,0.0,0.0,0.004430681467056274,0.0,0.30443069338798523,0.14634765684604645,0.1078985333442688,0.9659621715545654,0.5353020429611206,0.0,0.0,0.0,0.0,0.0,0.0,0.0,0.0,1.0,0.0,0.0010910676792263985,0.39179110527038574,0.23098216950893402,0.02168021909892559,0.0,0.11111143231391907,0.11067067831754684,0.11067067831754684,0.12317168712615967,0.03578925132751465,-2.243905755650033e-10,0.0,0.0,5.6826252937316895,5.6826252937316895,1.4135347604751587,1.4135347604751587,0.732275664806366,0.0,0.0,0.0,0.0,0.30443069338798523,0.18073923885822296,0.004521728027611971,0.9923829436302185,0.5353020429611206,0.128462016582489,1.3571022748947144,1.4352076053619385,1.4135347604751587,1.4420369863510132,1.5282212495803833,0.46100640296936035,0.04730144888162613,1.0,1.2983958721160889,1.2789229154586792,1.2575435638427734,0.0,12.0,0.0,0.0,0.0,0.0,0.0,0.0,,,,,,,,,,,,,,,,,,,,,,0.001
27,9018,train_epoch,-0.02314725149217937,0.106537098388472,0.10685629366400713,0.0,0.004615349046785585,0.004615349046785585,0.0,3.4916247914651195,8.499999967170879e-05,0.042500000447034836,0.042500000447034836,0.042500000447034836,0.0008500000112690032,0.0008500000112690032,0.8500000238418579,0.04467549610570698,0.0065695667516685536,0.0,0.0,0.0,0.0,0.0,0.0,0.0,0.0,-1.7834365392873388,-1.7834365392873388,1.0,-1.7834365392873388,-1.7834365410719089,-1.7666347508658906,0.0,-4.5575973088155965,1.5332961899791648,1.0,0.04467549610570698,1.0,0.0,0.0,0.04467549610570698,0.0,0.0,0.0065695667516685536,0.0,0.2996629707649082,0.1346767315429128,0.10177799454795386,0.9099374145804765,0.5369769654231157,0.0,0.0,0.0,0.0,0.0,0.0,0.0,0.0,1.0,0.0,0.0008657815508299764,0.39059108344023813,0.2357997969239058,0.022613279566079558,0.0,0.10685629366400713,0.106537098388472,0.106537098388472,0.11973376547594271,0.03802900488431432,1.1446003482268298e-11,0.0,0.0,5.514055017939585,5.51405501222896,1.4238591047818074,1.4238591047818074,0.6928173417816619,0.0,0.0,0.0,0.0,0.29966296648193974,0.1733310200318605,0.005377681015134639,0.983446399608772,0.5369769654231157,0.11869529114958055,1.3491569250643611,1.4602788536848423,1.4238591047818074,1.4237493251612086,1.5332961899791648,0.468535136855291,0.04805322091825708,1.0,1.322748778822893,1.3204771601511334,1.3209497946465087,0.0,12.0,0.0,0.0,0.0,0.0,0.0,0.0,,,,,,,,,,,,,,,,,,,,,,0.001
27,9018,val,,,,,,,,,,,,,,,,,,,,,,,,,,,,,,,,,,,,,,,,,,,,,,,,,,,,,,,,,,,,,,,,,,,,,,,,,,,,,,,,,,,,,,,,,,,,,,,,,,,,,,,,,,,15.38216329898153,641.131660597665,25.320577809316774,11.82504306094987,7.138231383902686,14.193329985652651,23.268146270312343,10.182119480201177,6.562558284827641,15.343097797461919,25.35002263955712,11.360815192971911,7.1050231499331336,17.54581050787653,28.49374327543131,14.906575454132897,8.201182301555361,15.38216329898153,25.320577809316774,11.82504306094987,7.138231383902686,0.001
27,9018,test,,,,,,,,,,,,,,,,,,,,,,,,,,,,,,,,,,,,,,,,,,,,,,,,,,,,,,,,,,,,,,,,,,,,,,,,,,,,,,,,,,,,,,,,,,,,,,,,,,,,,,,,,,,28.77719638177327,1973.5369591031756,44.42450854093015,25.85783064365387,13.188579882894244,20.66803515808923,30.92532980307212,18.332759929554804,9.603628571544375,27.809673300811223,41.63248032887148,24.979985203061783,12.758833144392286,40.900501872812,60.221180223918275,37.18721316541944,18.496694266796112,28.77719638177327,44.42450854093015,25.85783064365387,13.188579882894244,0.001
28,9020,train,-0.04188099876046181,0.0966557040810585,0.0970110297203064,0.0,0.004099614452570677,0.004099614452570677,0.0,3.452716827392578,9.000000136438757e-05,0.04500000178813934,0.04500000178813934,0.04500000178813934,0.0008999999845400453,0.0008999999845400453,0.8999999761581421,0.03523894026875496,0.008323997259140015,0.0,0.0,0.0,0.0,0.0,0.0,0.0,0.0,-1.7608147859573364,-1.7608147859573364,1.0,-1.7608147859573364,-1.7608147859573364,-1.7399898767471313,0.0,-4.529261589050293,1.5458261966705322,1.0,0.03523894026875496,1.0,0.0,0.0,0.03523894026875496,0.0,0.0,0.008323997259140015,0.0,0.30832400918006897,0.1446954607963562,0.07550355792045593,0.9318215250968933,0.5330688953399658,0.0,0.0,0.0,0.0,0.0,0.0,0.0,0.0,1.0,0.0,0.0006421516300179064,0.3648023009300232,0.2415410727262497,0.02353815734386444,0.0,0.0970110297203064,0.0966557040810585,0.0966557040810585,0.09985551238059998,0.014583189971745014,1.9013011998136875e-10,0.0,0.0,5.533944129943848,5.533944129943848,1.4653629064559937,1.4653629064559937,0.5894597768783569,0.0,0.0,0.0,0.0,0.30832400918006897,0.18647067248821259,0.003648222191259265,0.9939760565757751,0.5330688953399658,0.13921569287776947,1.3751198053359985,1.5099979639053345,1.4653629064559937,1.4437799453735352,1.5458261966705322,0.46756789088249207,0.04710601270198822,1.0,1.4655332565307617,1.385993480682373,1.3957265615463257,0.0,12.0,0.0,0.0,0.0,0.0,0.0,0.0,,,,,,,,,,,,,,,,,,,,,,0.001
28,9040,train,-0.036017924547195435,0.10499460250139236,0.10526293516159058,0.0,0.004567321855574846,0.004567321855574846,0.0,3.5135998725891113,9.000000136438757e-05,0.04500000178813934,0.04500000178813934,0.04500000178813934,0.0008999999845400453,0.0008999999845400453,0.8999999761581421,0.04037347435951233,0.010138064622879028,0.0,0.0,0.0,0.0,0.0,0.0,0.0,0.0,-1.8070257902145386,-1.8070257902145386,1.0,-1.8070257902145386,-1.807025671005249,-1.7918418645858765,0.0,-4.593082904815674,1.4947034120559692,1.0,0.04037347435951233,1.0,0.0,0.0,0.04037347435951233,0.0,0.0,0.010138064622879028,0.0,0.310138076543808,0.1471763253211975,0.09894156455993652,0.9495939016342163,0.5386107563972473,0.0,0.0,0.0,0.0,0.0,0.0,0.0,0.0,1.0,0.0,0.0010128554422408342,0.3914247155189514,0.23277604579925537,0.021978147327899933,0.0,0.10526293516159058,0.10499460250139236,0.10499460250139236,0.11966106295585632,0.04702542722225189,1.1056560181299524e-11,0.0,0.0,5.676814556121826,5.676814556121826,1.4220064878463745,1.4220064878463745,0.7259621024131775,0.0,0.0,0.0,0.0,0.310138076543808,0.1835741400718689,0.007366917096078396,0.9927738904953003,0.5386107563972473,0.13750000298023224,1.3688609600067139,1.4489961862564087,1.4220064878463745,1.3946245908737183,1.4947034120559692,0.45300859212875366,0.04671391844749451,1.0,1.2485570907592773,1.2595123052597046,1.2622787952423096,0.0,12.0,0.0,0.0,0.0,0.0,0.0,0.0,,,,,,,,,,,,,,,,,,,,,,0.001
28,9060,train,-0.028652282431721687,0.10856258124113083,0.1087157279253006,0.0,0.004391239956021309,0.004391239956021309,0.0,3.4855504035949707,9.000000136438757e-05,0.04500000178813934,0.04500000178813934,0.04500000178813934,0.0008999999845400453,0.0008999999845400453,0.8999999761581421,0.04697742313146591,0.009973376989364624,0.0,0.0,0.0,0.0,0.0,0.0,0.0,0.0,-1.7724506855010986,-1.7724506855010986,1.0,-1.7724506855010986,-1.7724506855010986,-1.7533342838287354,0.0,-4.546109199523926,1.5649163722991943,1.0,0.04697742313146591,1.0,0.0,0.0,0.04697742313146591,0.0,0.0,0.009973376989364624,0.0,0.29002663493156433,0.14335286617279053,0.09039732068777084,0.9501204490661621,0.5189903378486633,0.0,0.0,0.0,0.0,0.0,0.0,0.0,0.0,1.0,0.0,0.0007762723253108561,0.3888932168483734,0.23948422074317932,0.02280852012336254,0.0,0.1087157279253006,0.10856258124113083,0.10856258124113083,0.1159287765622139,0.031097928062081337,-2.2241300468017755e-10,0.0,0.0,5.451027870178223,5.4510273933410645,1.4539752006530762,1.4539752006530762,0.6672236919403076,0.0,0.0,0.0,0.0,0.29002663493156433,0.18354299664497375,0.007737906649708748,0.9905309081077576,0.5189903378486633,0.12265625596046448,1.3675826787948608,1.4968856573104858,1.4539752006530762,1.4427229166030884,1.5649163722991943,0.4561183750629425,0.046841029077768326,1.0,1.3107621669769287,1.3338415622711182,1.2895896434783936,0.0,12.0,0.0,0.0,0.0,0.0,0.0,0.0,,,,,,,,,,,,,,,,,,,,,,0.001
28,9080,train,-0.03670183941721916,0.09997256100177765,0.10068556666374207,0.0,0.004310568794608116,0.004310568794608116,0.0,3.476141929626465,9.000000136438757e-05,0.04500000178813934,0.04500000178813934,0.04500000178813934,0.0008999999845400453,0.0008999999845400453,0.8999999761581421,0.03056015446782112,0.011188417673110962,0.0,0.0,0.0,0.0,0.0,0.0,0.0,0.0,-1.748399019241333,-1.748399019241333,1.0,-1.748399019241333,-1.748399019241333,-1.7320255041122437,0.0,-4.482643127441406,1.5705883502960205,1.0,0.03056015446782112,1.0,0.0,0.0,0.03056015446782112,0.0,0.0,0.011188417673110962,0.0,0.2888116240501404,0.14618490636348724,0.09155158698558807,0.9363696575164795,0.5172088742256165,0.0,0.0,0.0,0.0,0.0,0.0,0.0,0.0,1.0,0.0,0.001549484208226204,0.3923770785331726,0.23100808262825012,0.022614384070038795,0.0,0.10068556666374207,0.09997256100177765,0.09997256100177765,0.11638208478689194,0.04631812125444412,2.918979502553043e-10,0.0,0.0,5.700967311859131,5.700967788696289,1.400544285774231,1.400544285774231,0.7054322957992554,0.0,0.0,0.0,0.0,0.288811594247818,0.18417039513587952,0.0044922297820448875,0.9928886294364929,0.5172088742256165,0.12405025213956833,1.3775378465652466,1.4126302003860474,1.400544285774231,1.468314290046692,1.5705883502960205,0.46252739429473877,0.04782077670097351,1.0,1.2984328269958496,1.3042447566986084,1.2943400144577026,0.0,12.0,0.0,0.0,0.0,0.0,0.0,0.0,,,,,,,,,,,,,,,,,,,,,,0.001
28,9100,train,-0.034681592136621475,0.10552660375833511,0.10583539307117462,0.0,0.004534019622951746,0.004534019622951746,0.0,3.5152053833007812,9.000000136438757e-05,0.04500000178813934,0.04500000178813934,0.04500000178813934,0.0008999999845400453,0.0008999999845400453,0.8999999761581421,0.03709035366773605,0.014736920595169067,0.0,0.0,0.0,0.0,0.0,0.0,0.0,0.0,-1.7993590831756592,-1.7993590831756592,1.0,-1.7993590831756592,-1.7993590831756592,-1.788480520248413,0.0,-4.588868141174316,1.4645136594772339,1.0,0.03709035366773605,1.0,0.0,0.0,0.03709035366773605,0.0,0.0,0.014736920595169067,0.0,0.2852630913257599,0.13900084793567657,0.09630312025547028,0.9294010996818542,0.5202213525772095,0.0,0.0,0.0,0.0,0.0,0.0,0.0,0.0,1.0,0.0,0.0006459570140577853,0.39301565289497375,0.22517545521259308,0.021578911691904068,0.0,0.10583539307117462,0.10552660375833511,0.10552660375833511,0.11411328613758087,0.05162458121776581,2.8768384896515897e-10,0.0,0.0,5.805148124694824,5.805148124694824,1.3968428373336792,1.3968428373336792,0.7238184213638306,0.0,0.0,0.0,0.0,0.2852630913257599,0.17709551751613617,0.005782570689916611,0.9927116632461548,0.5202213525772095,0.11418505758047104,1.3613920211791992,1.4134441614151,1.3968428373336792,1.4114735126495361,1.4645136594772339,0.45973578095436096,0.04667661711573601,1.0,1.2563490867614746,1.305588722229004,1.3319239616394043,0.0,12.0,0.0,0.0,0.0,0.0,0.0,0.0,,,,,,,,,,,,,,,,,,,,,,0.001
28,9120,train,-0.025203851982951164,0.10874857008457184,0.10907255113124847,0.0,0.004597771912813187,0.004597771912813187,0.0,3.489589214324951,9.000000136438757e-05,0.04500000178813934,0.04500000178813934,0.04500000178813934,0.0008999999845400453,0.0008999999845400453,0.8999999761581421,0.04252205044031143,0.004963308572769165,0.0,0.0,0.0,0.0,0.0,0.0,0.0,0.0,-1.7370069026947021,-1.7370069026947021,1.0,-1.7370069026947021,-1.7370069026947021,-1.7205332517623901,0.0,-4.485324859619141,1.648563027381897,1.0,0.04252205044031143,1.0,0.0,0.0,0.04252205044031143,0.0,0.0,0.004963308572769165,0.0,0.30496329069137573,0.14703425765037537,0.09451232850551605,0.9625552892684937,0.5309818983078003,0.0,0.0,0.0,0.0,0.0,0.0,0.0,0.0,1.0,0.0,0.0006910715601406991,0.389323353767395,0.24276794493198395,0.02259272150695324,0.0,0.10907255113124847,0.10874857008457184,0.10874857008457184,0.12252886593341827,0.02435651421546936,3.370892454057639e-10,0.0,0.0,5.4376606941223145,5.4376606941223145,1.4580392837524414,1.4580392837524414,0.6863036751747131,0.0,0.0,0.0,0.0,0.3049633204936981,0.1860845983028412,0.003896530717611313,0.9948115348815918,0.5309818983078003,0.1377144753932953,1.3603699207305908,1.5087165832519531,1.4580392837524414,1.5443891286849976,1.648563027381897,0.4635862410068512,0.0476849228143692,1.0,1.351017713546753,1.3156473636627197,1.3667562007904053,0.0,12.0,0.0,0.0,0.0,0.0,0.0,0.0,,,,,,,,,,,,,,,,,,,,,,0.001
28,9140,train,-0.03564458340406418,0.10295268148183823,0.1033153235912323,0.0,0.004764014855027199,0.004764014855027199,0.0,3.5067098140716553,9.000000136438757e-05,0.04500000178813934,0.04500000178813934,0.04500000178813934,0.0008999999845400453,0.0008999999845400453,0.8999999761581421,0.03514646738767624,0.014600157737731934,0.0,0.0,0.0,0.0,0.0,0.0,0.0,0.0,-1.7759453058242798,-1.7759453058242798,1.0,-1.7759453058242798,-1.7759453058242798,-1.7541272640228271,0.0,-4.555522441864014,1.5286680459976196,1.0,0.03514646738767624,1.0,0.0,0.0,0.03514646738767624,0.0,0.0,0.014600157737731934,0.0,0.2853998839855194,0.14610841870307922,0.07167520374059677,0.9509214758872986,0.5120822191238403,0.0,0.0,0.0,0.0,0.0,0.0,0.0,0.0,1.0,0.0,0.0009295124909840524,0.39849790930747986,0.2410212606191635,0.022115042433142662,0.0,0.1033153235912323,0.10295268148183823,0.10295268148183823,0.12475761026144028,0.03017912618815899,-2.7990373907549326e-10,0.0,0.0,5.7719807624816895,5.7719807624816895,1.4683650732040405,1.4683650732040405,0.7529229521751404,0.0,0.0,0.0,0.0,0.285399854183197,0.1854804903268814,0.00400206632912159,0.9936234354972839,0.5120822191238403,0.12055760622024536,1.3875081539154053,1.5049923658370972,1.4683650732040405,1.4360260963439941,1.5286680459976196,0.4536777436733246,0.04710773751139641,1.0,1.3092035055160522,1.3024319410324097,1.2320752143859863,0.0,12.0,0.0,0.0,0.0,0.0,0.0,0.0,,,,,,,,,,,,,,,,,,,,,,0.001
28,9160,train,-0.02501085214316845,0.10974634438753128,0.11032512038946152,0.0,0.004551604390144348,0.004551604390144348,0.0,3.473465919494629,9.000000136438757e-05,0.04500000178813934,0.04500000178813934,0.04500000178813934,0.0008999999845400453,0.0008999999845400453,0.8999999761581421,0.04387589916586876,0.0119820237159729,0.0,0.0,0.0,0.0,0.0,0.0,0.0,0.0,-1.748776912689209,-1.748776912689209,1.0,-1.748776912689209,-1.7487770318984985,-1.7357733249664307,0.0,-4.492595672607422,1.5780808925628662,1.0,0.04387589916586876,1.0,0.0,0.0,0.04387589916586876,0.0,0.0,0.0119820237159729,0.0,0.28801801800727844,0.14999650418758392,0.0911545380949974,0.9549996852874756,0.5169841051101685,0.0,0.0,0.0,0.0,0.0,0.0,0.0,0.0,1.0,0.0,0.0008395789773203433,0.4008682370185852,0.23399153351783752,0.0228336900472641,0.0,0.11032512038946152,0.10974634438753128,0.10974634438753128,0.13088646531105042,0.032331302762031555,-2.3957805184160463e-10,0.0,0.0,5.703746318817139,5.703746318817139,1.416178822517395,1.416178822517395,0.7812483906745911,0.0,0.0,0.0,0.0,0.28801798820495605,0.18442678451538086,0.005595412105321884,0.9936654567718506,0.5169841051101685,0.12300858646631241,1.374437928199768,1.4356757402420044,1.416178822517395,1.4650143384933472,1.5780808925628662,0.45929449796676636,0.047755930572748184,1.0,1.2110552787780762,1.250802993774414,1.290923833847046,0.0,12.0,0.0,0.0,0.0,0.0,0.0,0.0,,,,,,,,,,,,,,,,,,,,,,0.001
28,9180,train,-0.02806667424738407,0.10904300212860107,0.10970037430524826,0.0,0.004431831184774637,0.004431831184774637,0.0,3.488269567489624,9.000000136438757e-05,0.04500000178813934,0.04500000178813934,0.04500000178813934,0.0008999999845400453,0.0008999999845400453,0.8999999761581421,0.03597487136721611,0.014031440019607544,0.0,0.0,0.0,0.0,0.0,0.0,0.0,0.0,-1.773423671722412,-1.773423671722412,1.0,-1.773423671722412,-1.773423671722412,-1.7558765411376953,0.0,-4.548764228820801,1.5374327898025513,1.0,0.03597487136721611,1.0,0.0,0.0,0.03597487136721611,0.0,0.0,0.014031440019607544,0.0,0.2859685719013214,0.14453622698783875,0.08312343060970306,0.953673779964447,0.5144351124763489,0.0,0.0,0.0,0.0,0.0,0.0,0.0,0.0,1.0,0.0,0.0014694692799821496,0.4008024036884308,0.24531066417694092,0.0227668397128582,0.0,0.10970037430524826,0.10904300212860107,0.10904300212860107,0.13537882268428802,0.03723238781094551,3.859241745618469e-11,0.0,0.0,5.642252445220947,5.642252445220947,1.466745376586914,1.466745376586914,0.7946301102638245,0.0,0.0,0.0,0.0,0.2859685719013214,0.18378207087516785,0.0024376509245485067,0.9918165802955627,0.5144351124763489,0.12195160239934921,1.376517415046692,1.5070772171020508,1.466745376586914,1.4281234741210938,1.5374327898025513,0.4557811915874481,0.0470467284321785,1.0,1.2852627038955688,1.2868832349777222,1.2805812358856201,0.0,12.0,0.0,0.0,0.0,0.0,0.0,0.0,,,,,,,,,,,,,,,,,,,,,,0.001
28,9200,train,-0.03477758914232254,0.10279354453086853,0.10297822952270508,0.0,0.004277658183127642,0.004277658183127642,0.0,3.4164013862609863,9.000000136438757e-05,0.04500000178813934,0.04500000178813934,0.04500000178813934,0.0008999999845400453,0.0008999999845400453,0.8999999761581421,0.035247888416051865,0.0012555420398712158,0.0,0.0,0.0,0.0,0.0,0.0,0.0,0.0,-1.7633289098739624,-1.7633289098739624,1.0,-1.7633289098739624,-1.763329029083252,-1.7463208436965942,0.0,-4.50756311416626,1.5965025424957275,1.0,0.035247888416051865,1.0,0.0,0.0,0.035247888416051865,0.0,0.0,0.0012555420398712158,0.0,0.30125555396080017,0.14759990572929382,0.10174068808555603,0.9399627447128296,0.5288927555084229,0.0,0.0,0.0,0.0,0.0,0.0,0.0,0.0,1.0,0.0,0.00020219817815814167,0.36742305755615234,0.24045874178409576,0.02431943640112877,0.0,0.10297822952270508,0.10279354453086853,0.10279354453086853,0.10860647261142731,-0.006636050529778004,1.2556757023052256e-10,0.0,0.0,5.365628719329834,5.365628719329834,1.4741185903549194,1.4741185903549194,0.568506121635437,0.0,0.0,0.0,0.0,0.30125555396080017,0.18494108319282532,0.0028907861560583115,0.9976246953010559,0.5288927555084229,0.13432905077934265,1.4099724292755127,1.501646637916565,1.4741185903549194,1.4866042137145996,1.5965025424957275,0.46709877252578735,0.04779592528939247,1.0,1.3561640977859497,1.3893836736679077,1.3943170309066772,0.0,12.0,0.0,0.0,0.0,0.0,0.0,0.0,,,,,,,,,,,,,,,,,,,,,,0.001
28,9220,train,-0.04720548912882805,0.09102247655391693,0.09120075404644012,0.0,0.0044926987029612064,0.0044926987029612064,0.0,3.4513330459594727,9.000000136438757e-05,0.04500000178813934,0.04500000178813934,0.04500000178813934,0.0008999999845400453,0.0008999999845400453,0.8999999761581421,0.03643766790628433,0.007562369108200073,0.0,0.0,0.0,0.0,0.0,0.0,0.0,0.0,-1.7446722984313965,-1.7446722984313965,1.0,-1.7446722984313965,-1.7446722984313965,-1.7248045206069946,0.0,-4.477780342102051,1.5994844436645508,1.0,0.03643766790628433,1.0,0.0,0.0,0.03643766790628433,0.0,0.0,0.007562369108200073,0.0,0.2924376428127289,0.14424675703048706,0.0905611664056778,0.9550720453262329,0.5169770121574402,0.0,0.0,0.0,0.0,0.0,0.0,0.0,0.0,1.0,0.0,0.0006442099693231285,0.38736313581466675,0.2514868676662445,0.024139802902936935,0.0,0.09120075404644012,0.09102247655391693,0.09102247655391693,0.10642444342374802,0.024667128920555115,-3.4333308418510455e-10,0.0,0.0,5.342111110687256,5.342111110687256,1.4918676614761353,1.4918676614761353,0.604710042476654,0.0,0.0,0.0,0.0,0.2924376428127289,0.18758372962474823,0.005805470980703831,0.996703565120697,0.5169770121574402,0.12910540401935577,1.3907347917556763,1.5481253862380981,1.4918676614761353,1.4848254919052124,1.5994844436645508,0.4637669026851654,0.047566741704940796,1.0,1.4456895589828491,1.352130651473999,1.3447628021240234,0.0,12.0,0.0,0.0,0.0,0.0,0.0,0.0,,,,,,,,,,,,,,,,,,,,,,0.001
28,9240,train,-0.029234282672405243,0.10867735743522644,0.10911548137664795,0.0,0.004510291386395693,0.004510291386395693,0.0,3.4790921211242676,9.000000136438757e-05,0.04500000178813934,0.04500000178813934,0.04500000178813934,0.0008999999845400453,0.0008999999845400453,0.8999999761581421,0.030298566445708275,0.002813577651977539,0.0,0.0,0.0,0.0,0.0,0.0,0.0,0.0,-1.780895709991455,-1.780895709991455,1.0,-1.780895709991455,-1.7808955907821655,-1.7673896551132202,0.0,-4.5516357421875,1.480244517326355,1.0,0.030298566445708275,1.0,0.0,0.0,0.030298566445708275,0.0,0.0,0.002813577651977539,0.0,0.2971864640712738,0.14820604026317596,0.09434472024440765,0.9483656883239746,0.528439998626709,0.0,0.0,0.0,0.0,0.0,0.0,0.0,0.0,1.0,0.0,0.0011371506843715906,0.39872604608535767,0.2260419726371765,0.022621555253863335,0.0,0.10911548137664795,0.10867735743522644,0.10867735743522644,0.11515898257493973,0.06641203165054321,5.5734486470448985e-11,0.0,0.0,5.68165922164917,5.68165922164917,1.3877737522125244,1.3877737522125244,0.6940207481384277,0.0,0.0,0.0,0.0,0.2971864342689514,0.1814279705286026,0.0033936048857867718,0.9927189350128174,0.528439998626709,0.1271752566099167,1.361440896987915,1.3992805480957031,1.3877737522125244,1.4185270071029663,1.480244517326355,0.46325796842575073,0.04738268256187439,1.0,1.337486743927002,1.325901985168457,1.3356513977050781,0.0,12.0,0.0,0.0,0.0,0.0,0.0,0.0,,,,,,,,,,,,,,,,,,,,,,0.001
28,9260,train,-0.0451943539083004,0.09462844580411911,0.09489236027002335,0.0,0.0039228107780218124,0.0039228107780218124,0.0,3.46665620803833,9.000000136438757e-05,0.04500000178813934,0.04500000178813934,0.04500000178813934,0.0008999999845400453,0.0008999999845400453,0.8999999761581421,0.04980754479765892,0.015821725130081177,0.0,0.0,0.0,0.0,0.0,0.0,0.0,0.0,-1.770542860031128,-1.770542860031128,1.0,-1.770542860031128,-1.770542860031128,-1.7458112239837646,0.0,-4.531543254852295,1.5785640478134155,1.0,0.04980754479765892,1.0,0.0,0.0,0.04980754479765892,0.0,0.0,0.015821725130081177,0.0,0.31582170724868774,0.1549263745546341,0.09990566968917847,0.9741834402084351,0.5307965278625488,0.0,0.0,0.0,0.0,0.0,0.0,0.0,0.0,1.0,0.0,0.0006683409446850419,0.3674493134021759,0.24996061623096466,0.023635465651750565,0.0,0.09489236027002335,0.09462844580411911,0.09462844580411911,0.10844411700963974,0.015660244971513748,1.925951759185196e-11,0.0,0.0,5.109282493591309,5.109282493591309,1.5007599592208862,1.5007599592208862,0.5562184453010559,0.0,0.0,0.0,0.0,0.31582173705101013,0.19626948237419128,0.006247763056308031,0.9962310194969177,0.5307965278625488,0.1570006161928177,1.3842800855636597,1.5660454034805298,1.5007599592208862,1.4542927742004395,1.5785640478134155,0.4668814241886139,0.04786091670393944,1.0,1.2685192823410034,1.2940480709075928,1.2658731937408447,0.0,12.0,0.0,0.0,0.0,0.0,0.0,0.0,,,,,,,,,,,,,,,,,,,,,,0.001
28,9280,train,-0.02837027609348297,0.10585307329893112,0.10606881231069565,0.0,0.004528776742517948,0.004528776742517948,0.0,3.4794559478759766,9.000000136438757e-05,0.04500000178813934,0.04500000178813934,0.04500000178813934,0.0008999999845400453,0.0008999999845400453,0.8999999761581421,0.03546483442187309,0.0103682279586792,0.0,0.0,0.0,0.0,0.0,0.0,0.0,0.0,-1.733281135559082,-1.733281135559082,1.0,-1.733281135559082,-1.7332810163497925,-1.7105718851089478,0.0,-4.4605255126953125,1.6201850175857544,1.0,0.03546483442187309,1.0,0.0,0.0,0.03546483442187309,0.0,0.0,0.0103682279586792,0.0,0.28963181376457214,0.14763876795768738,0.07701939344406128,0.948180079460144,0.5130242109298706,0.0,0.0,0.0,0.0,0.0,0.0,0.0,0.0,1.0,0.0,0.0009391679777763784,0.38759568333625793,0.2494615912437439,0.022847341373562813,0.0,0.10606881231069565,0.10585307329893112,0.10585307329893112,0.11455521732568741,0.013695391826331615,-2.633476769986487e-10,0.0,0.0,5.568780899047852,5.568780899047852,1.490692377090454,1.490692377090454,0.6617218852043152,0.0,0.0,0.0,0.0,0.28963178396224976,0.18875446915626526,0.004142757970839739,0.9972429275512695,0.5130242109298706,0.1285386085510254,1.3878744840621948,1.5403839349746704,1.490692377090454,1.4958986043930054,1.6201850175857544,0.4606344997882843,0.04782688990235329,1.0,1.451980471611023,1.3532384634017944,1.3417028188705444,0.0,12.0,0.0,0.0,0.0,0.0,0.0,0.0,,,,,,,,,,,,,,,,,,,,,,0.001
28,9300,train,-0.030303675681352615,0.1075872853398323,0.10781363397836685,0.0,0.0043798754923045635,0.0043798754923045635,0.0,3.487694501876831,9.000000136438757e-05,0.04500000178813934,0.04500000178813934,0.04500000178813934,0.0008999999845400453,0.0008999999845400453,0.8999999761581421,0.04556644707918167,0.0007260739803314209,0.0,0.0,0.0,0.0,0.0,0.0,0.0,0.0,-1.777848243713379,-1.777848243713379,1.0,-1.777848243713379,-1.7778483629226685,-1.7622020244598389,0.0,-4.546092510223389,1.5557520389556885,1.0,0.04556644707918167,1.0,0.0,0.0,0.04556644707918167,0.0,0.0,0.0007260739803314209,0.0,0.30072611570358276,0.15652698278427124,0.0870104655623436,0.9592511653900146,0.5238102078437805,0.0,0.0,0.0,0.0,0.0,0.0,0.0,0.0,1.0,0.0,0.00047842043568380177,0.377959668636322,0.23531880974769592,0.02259152941405773,0.0,0.10781363397836685,0.1075872853398323,0.1075872853398323,0.10818234831094742,0.051963724195957184,2.937634024924307e-10,0.0,0.0,5.6426520347595215,5.6426520347595215,1.4336435794830322,1.4336435794830322,0.6407018303871155,0.0,0.0,0.0,0.0,0.3007260859012604,0.19015561044216156,0.0060916380025446415,0.9960576295852661,0.5238102078437805,0.13972121477127075,1.3759874105453491,1.4596741199493408,1.4336435794830322,1.4585607051849365,1.5557520389556885,0.464165598154068,0.04804077744483948,1.0,1.248807430267334,1.3184187412261963,1.3087948560714722,0.0,12.0,0.0,0.0,0.0,0.0,0.0,0.0,,,,,,,,,,,,,,,,,,,,,,0.001
28,9320,train,-0.026571331545710564,0.11075063794851303,0.11103042215108871,0.0,0.004648768808692694,0.004648768808692694,0.0,3.483738899230957,9.000000136438757e-05,0.04500000178813934,0.04500000178813934,0.04500000178813934,0.0008999999845400453,0.0008999999845400453,0.8999999761581421,0.033557306975126266,0.009824812412261963,0.0,0.0,0.0,0.0,0.0,0.0,0.0,0.0,-1.778775930404663,-1.778775930404663,1.0,-1.778775930404663,-1.778775930404663,-1.764896035194397,0.0,-4.559170246124268,1.4761601686477661,1.0,0.033557306975126266,1.0,0.0,0.0,0.033557306975126266,0.0,0.0,0.009824812412261963,0.0,0.3098248243331909,0.15788263082504272,0.0790041834115982,0.969488263130188,0.5277009606361389,0.0,0.0,0.0,0.0,0.0,0.0,0.0,0.0,1.0,0.0,0.0008285551448352635,0.402914434671402,0.23008675873279572,0.022464388981461525,0.0,0.11103042215108871,0.11075063794851303,0.11075063794851303,0.13114333152770996,0.07673422992229462,-1.4044490570519486e-10,0.0,0.0,5.953124523162842,5.953124523162842,1.4099785089492798,1.4099785089492798,0.8382642269134521,0.0,0.0,0.0,0.0,0.3098248243331909,0.19443003833293915,0.0029447944834828377,0.9959073066711426,0.5277009606361389,0.15263481438159943,1.3699415922164917,1.4299733638763428,1.4099785089492798,1.3978846073150635,1.4761601686477661,0.4532928168773651,0.04648369923233986,1.0,1.397074818611145,1.25254487991333,1.2757588624954224,0.0,12.0,0.0,0.0,0.0,0.0,0.0,0.0,,,,,,,,,,,,,,,,,,,,,,0.001
28,9340,train,-0.022258149459958076,0.1145358458161354,0.11477610468864441,0.0,0.004788006655871868,0.004788006655871868,0.0,3.525973081588745,9.000000136438757e-05,0.04500000178813934,0.04500000178813934,0.04500000178813934,0.0008999999845400453,0.0008999999845400453,0.8999999761581421,0.045897871255874634,0.006214797496795654,0.0,0.0,0.0,0.0,0.0,0.0,0.0,0.0,-1.7814322710037231,-1.7814322710037231,1.0,-1.7814322710037231,-1.7814322710037231,-1.7658917903900146,0.0,-4.556442737579346,1.5395463705062866,1.0,0.045897871255874634,1.0,0.0,0.0,0.045897871255874634,0.0,0.0,0.006214797496795654,0.0,0.2937852144241333,0.1561880111694336,0.07632841169834137,0.9641398191452026,0.5178775787353516,0.0,0.0,0.0,0.0,0.0,0.0,0.0,0.0,1.0,0.0,0.0008851235033944249,0.406276136636734,0.23667921125888824,0.02172505483031273,0.0,0.11477610468864441,0.1145358458161354,0.1145358458161354,0.12847939133644104,0.05783035606145859,1.2003696647777673e-10,0.0,0.0,5.890559673309326,5.890559673309326,1.4575376510620117,1.4575376510620117,0.8008699417114258,0.0,0.0,0.0,0.0,0.2937852144241333,0.1890990436077118,0.006405909080058336,0.9959678649902344,0.5178775787353516,0.13279719650745392,1.378285527229309,1.4881253242492676,1.4575376510620117,1.4435780048370361,1.5395463705062866,0.45534977316856384,0.04751520976424217,1.0,1.0806670188903809,1.2324855327606201,1.2412008047103882,0.0,12.0,0.0,0.0,0.0,0.0,0.0,0.0,,,,,,,,,,,,,,,,,,,,,,0.001
28,9352,train_epoch,-0.032808719964106815,0.1048464244175814,0.10515806174831475,0.0,0.004503807941072448,0.004503807941072448,0.0,3.4823174069741527,9.000000136438757e-05,0.04500000178813934,0.04500000178813934,0.04500000178813934,0.0008999999845400453,0.0008999999845400453,0.8999999761581421,0.0403140115155699,0.006713989787472936,0.0,0.0,0.0,0.0,0.0,0.0,0.0,0.0,-1.7693906148036798,-1.7693906148036798,1.0,-1.7693906148036798,-1.769390618015906,-1.7510778404281524,0.0,-4.5313529497135185,1.5537378416803782,1.0,0.0403140115155699,1.0,0.0,0.0,0.0403140115155699,0.0,0.0,0.006713989787472936,0.0,0.2990553379058838,0.14946442552490863,0.0890245532538898,0.9541126455732448,0.5242017348726352,0.0,0.0,0.0,0.0,0.0,0.0,0.0,0.0,1.0,0.0,0.0007740403465461073,0.3918082118034363,0.2387371533912813,0.022814840808912308,0.0,0.10515806174831475,0.1048464244175814,0.1048464244175814,0.1182006736938468,0.03950386183928213,3.3732020891095673e-12,0.0,0.0,5.596864129254918,5.596864114978357,1.4487467911429035,1.4487467911429035,0.694501343244564,0.0,0.0,0.0,0.0,0.29905533380137234,0.1872652236840682,0.004882603181068769,0.994598467371421,0.5242017348726352,0.1343352893690863,1.3741749721372913,1.4855985777106828,1.4487467911429035,1.4488536451391116,1.5537378416803782,0.4600277382456614,0.04728964330282754,1.0,1.3054897785186768,1.3054548409170734,1.3059961438892844,0.0,12.0,0.0,0.0,0.0,0.0,0.0,0.0,,,,,,,,,,,,,,,,,,,,,,0.001
28,9352,val,,,,,,,,,,,,,,,,,,,,,,,,,,,,,,,,,,,,,,,,,,,,,,,,,,,,,,,,,,,,,,,,,,,,,,,,,,,,,,,,,,,,,,,,,,,,,,,,,,,,,,,,,,,15.693021003689084,643.9119347163609,25.3754198924148,11.490441181829997,7.379100033215114,14.70376291019576,23.474250127183947,10.591158266578402,6.898695456130164,15.514692536422185,25.310807492086607,10.974693289824895,7.246695463146482,17.90423869235175,28.56313055689321,13.905363951410566,8.525358459779195,15.693021003689084,25.3754198924148,11.490441181829997,7.379100033215114,0.001
29,9360,train,-0.044200096279382706,0.0989324077963829,0.0995008572936058,0.0,0.004534012638032436,0.004534012638032436,0.0,3.456779956817627,9.500000305706635e-05,0.04749999940395355,0.04749999940395355,0.04749999940395355,0.0009500000160187483,0.0009500000160187483,0.949999988079071,0.034235794097185135,0.0038015246391296387,0.0,0.0,0.0,0.0,0.0,0.0,0.0,0.0,-1.7222377061843872,-1.7222377061843872,1.0,-1.7222377061843872,-1.7222377061843872,-1.7039730548858643,0.0,-4.433728218078613,1.6303025484085083,1.0,0.034235794097185135,1.0,0.0,0.0,0.034235794097185135,0.0,0.0,0.0038015246391296387,0.0,0.2961984872817993,0.1547650396823883,0.07388563454151154,0.9629127979278564,0.5166280269622803,0.0,0.0,0.0,0.0,0.0,0.0,0.0,0.0,1.0,0.0,0.0013320366851985455,0.3962942659854889,0.24565473198890686,0.02349192462861538,0.0,0.0995008572936058,0.0989324077963829,0.0989324077963829,0.12290409207344055,0.024306491017341614,-2.056245035353399e-10,0.0,0.0,5.601245880126953,5.601245880126953,1.479468584060669,1.479468584060669,0.7090312242507935,0.0,0.0,0.0,0.0,0.2961984872817993,0.19247709214687347,0.002326439367607236,0.997380793094635,0.5166280269622803,0.1405024528503418,1.4082322120666504,1.51528000831604,1.479468584060669,1.5200070142745972,1.6303025484085083,0.45528098940849304,0.04707591235637665,1.0,1.371619701385498,1.3575735092163086,1.3713293075561523,0.0,12.0,0.0,0.0,0.0,0.0,0.0,0.0,,,,,,,,,,,,,,,,,,,,,,0.001
29,9380,train,-0.054044727236032486,0.09505394101142883,0.09528042376041412,0.0,0.004412589129060507,0.004412589129060507,0.0,3.479524850845337,9.500000305706635e-05,0.04749999940395355,0.04749999940395355,0.04749999940395355,0.0009500000160187483,0.0009500000160187483,0.949999988079071,0.04119390249252319,0.0015871822834014893,0.0,0.0,0.0,0.0,0.0,0.0,0.0,0.0,-1.7761636972427368,-1.7761636972427368,1.0,-1.7761636972427368,-1.7761636972427368,-1.7565531730651855,0.0,-4.5411882400512695,1.5425570011138916,1.0,0.04119390249252319,1.0,0.0,0.0,0.04119390249252319,0.0,0.0,0.0015871822834014893,0.0,0.30158716440200806,0.1559014916419983,0.10128316283226013,0.9527056217193604,0.5198307037353516,0.0,0.0,0.0,0.0,0.0,0.0,0.0,0.0,1.0,0.0,0.0005647804355248809,0.3882647454738617,0.24495579302310944,0.022974113002419472,0.0,0.09528042376041412,0.09505394101142883,0.09505394101142883,0.10278154164552689,0.03237398341298103,-1.586019232613367e-10,0.0,0.0,5.699665069580078,5.699665546417236,1.4649690389633179,1.4649690389633179,0.6126458048820496,0.0,0.0,0.0,0.0,0.30158719420433044,0.19457164406776428,0.0037818807177245617,0.9969891905784607,0.5198307037353516,0.14456190168857574,1.4000409841537476,1.5035467147827148,1.4649690389633179,1.4421266317367554,1.5425570011138916,0.4604097902774811,0.047392588108778,1.0,1.2077922821044922,1.2406203746795654,1.2169368267059326,0.0,12.0,0.0,0.0,0.0,0.0,0.0,0.0,,,,,,,,,,,,,,,,,,,,,,0.001
29,9400,train,-0.03858200088143349,0.11010923981666565,0.1104860007762909,0.0,0.004575116094201803,0.004575116094201803,0.0,3.482351303100586,9.500000305706635e-05,0.04749999940395355,0.04749999940395355,0.04749999940395355,0.0009500000160187483,0.0009500000160187483,0.949999988079071,0.0427405908703804,0.00189208984375,0.0,0.0,0.0,0.0,0.0,0.0,0.0,0.0,-1.803989291191101,-1.803989291191101,1.0,-1.803989291191101,-1.803989291191101,-1.7832896709442139,0.0,-4.604966163635254,1.481573224067688,1.0,0.0427405908703804,1.0,0.0,0.0,0.0427405908703804,0.0,0.0,0.00189208984375,0.0,0.29810792207717896,0.1597011238336563,0.07521186023950577,0.9727343916893005,0.5167894959449768,0.0,0.0,0.0,0.0,0.0,0.0,0.0,0.0,1.0,0.0,0.0007617677911184728,0.40264609456062317,0.23380403220653534,0.022885160520672798,0.0,0.1104860007762909,0.11010923981666565,0.11010923981666565,0.1269441545009613,0.04701974242925644,-2.848639657493379e-10,0.0,0.0,5.831622123718262,5.831622123718262,1.4447027444839478,1.4447027444839478,0.7810319066047668,0.0,0.0,0.0,0.0,0.29810792207717896,0.194309264421463,0.004264002665877342,0.9971254467964172,0.5167894959449768,0.14140625298023224,1.368606448173523,1.4745780229568481,1.4447027444839478,1.3930702209472656,1.481573224067688,0.4554809629917145,0.04670878127217293,1.0,1.2549415826797485,1.248916506767273,1.2187132835388184,0.0,12.0,0.0,0.0,0.0,0.0,0.0,0.0,,,,,,,,,,,,,,,,,,,,,,0.001
29,9420,train,-0.04847762733697891,0.09979047626256943,0.10005440562963486,0.0,0.0045777177438139915,0.0045777177438139915,0.0,3.4521749019622803,9.500000305706635e-05,0.04749999940395355,0.04749999940395355,0.04749999940395355,0.0009500000160187483,0.0009500000160187483,0.949999988079071,0.03556749224662781,0.0003746151924133301,0.0,0.0,0.0,0.0,0.0,0.0,0.0,0.0,-1.7774581909179688,-1.7774581909179688,1.0,-1.7774581909179688,-1.7774581909179688,-1.756317138671875,0.0,-4.542719841003418,1.5509755611419678,1.0,0.03556749224662781,1.0,0.0,0.0,0.03556749224662781,0.0,0.0,0.0003746151924133301,0.0,0.3003746569156647,0.15867064893245697,0.062192343175411224,0.9720157384872437,0.5160504579544067,0.0,0.0,0.0,0.0,0.0,0.0,0.0,0.0,1.0,0.0,0.0010429094545543194,0.38724595308303833,0.24753952026367188,0.023978855460882187,0.0,0.10005440562963486,0.09979047626256943,0.09979047626256943,0.11435051262378693,0.02657880261540413,1.776597619018716e-10,0.0,0.0,5.564614295959473,5.564614295959473,1.5102782249450684,1.5102782249450684,0.6564003825187683,0.0,0.0,0.0,0.0,0.3003746271133423,0.19677041471004486,0.0036767388228327036,0.9984167814254761,0.5160504579544067,0.1448989063501358,1.4179677963256836,1.5479990243911743,1.5102782249450684,1.4631925821304321,1.5509755611419678,0.46189072728157043,0.04733150824904442,1.0,1.2489075660705566,1.3722385168075562,1.2940951585769653,0.0,12.0,0.0,0.0,0.0,0.0,0.0,0.0,,,,,,,,,,,,,,,,,,,,,,0.001
29,9440,train,-0.0489857979118824,0.09700628370046616,0.0972583144903183,0.0,0.004580792970955372,0.004580792970955372,0.0,3.454089403152466,9.500000305706635e-05,0.04749999940395355,0.04749999940395355,0.04749999940395355,0.0009500000160187483,0.0009500000160187483,0.949999988079071,0.04560832679271698,0.00220334529876709,0.0,0.0,0.0,0.0,0.0,0.0,0.0,0.0,-1.7477357387542725,-1.7477357387542725,1.0,-1.7477357387542725,-1.7477357387542725,-1.7235970497131348,0.0,-4.4795331954956055,1.567110538482666,1.0,0.04560832679271698,1.0,0.0,0.0,0.04560832679271698,0.0,0.0,0.00220334529876709,0.0,0.30220335721969604,0.15623344480991364,0.09421736001968384,0.9599624872207642,0.519987940788269,0.0,0.0,0.0,0.0,0.0,0.0,0.0,0.0,1.0,0.0,0.00033222048659808934,0.40745028853416443,0.24806931614875793,0.024027284234762192,0.0,0.0972583144903183,0.09700628370046616,0.09700628370046616,0.10630021244287491,0.03739786893129349,8.049459016001848e-11,0.0,0.0,5.599305152893066,5.599305629730225,1.4922826290130615,1.4922826290130615,0.6252967715263367,0.0,0.0,0.0,0.0,0.30220335721969604,0.19484320282936096,0.004163190722465515,0.9980500936508179,0.519987940788269,0.14594057202339172,1.3813937902450562,1.5472407341003418,1.4922826290130615,1.4633562564849854,1.567110538482666,0.45900750160217285,0.046999167650938034,1.0,1.1676859855651855,1.3203108310699463,1.3154664039611816,0.0,12.0,0.0,0.0,0.0,0.0,0.0,0.0,,,,,,,,,,,,,,,,,,,,,,0.001
29,9460,train,-0.04213660955429077,0.1034695953130722,0.10392829775810242,0.0,0.0043458095751702785,0.0043458095751702785,0.0,3.4287538528442383,9.500000305706635e-05,0.04749999940395355,0.04749999940395355,0.04749999940395355,0.0009500000160187483,0.0009500000160187483,0.949999988079071,0.030966106802225113,0.006670176982879639,0.0,0.0,0.0,0.0,0.0,0.0,0.0,0.0,-1.7574713230133057,-1.7574713230133057,1.0,-1.7574713230133057,-1.7574713230133057,-1.737064242362976,0.0,-4.5019354820251465,1.5459712743759155,1.0,0.030966106802225113,1.0,0.0,0.0,0.030966106802225113,0.0,0.0,0.006670176982879639,0.0,0.2933298945426941,0.16017095744609833,0.08278220146894455,0.9601508975028992,0.511077344417572,0.0,0.0,0.0,0.0,0.0,0.0,0.0,0.0,1.0,0.0,0.0012836921960115433,0.40276265144348145,0.23804673552513123,0.02397006005048752,0.0,0.10392829775810242,0.1034695953130722,0.1034695953130722,0.12061131745576859,0.06587737798690796,9.67743853802494e-12,0.0,0.0,5.749612808227539,5.749612808227539,1.4483180046081543,1.4483180046081543,0.7468130588531494,0.0,0.0,0.0,0.0,0.2933298349380493,0.1953922063112259,0.004160610027611256,0.9971279501914978,0.511077344417572,0.13877145946025848,1.390820026397705,1.4757816791534424,1.4483180046081543,1.4377565383911133,1.5459712743759155,0.46273139119148254,0.047194864600896835,1.0,1.3559061288833618,1.3283979892730713,1.2832159996032715,0.0,12.0,0.0,0.0,0.0,0.0,0.0,0.0,,,,,,,,,,,,,,,,,,,,,,0.001
29,9480,train,-0.038702674210071564,0.10465750098228455,0.1049676239490509,0.0,0.004668855573982,0.004668855573982,0.0,3.449309825897217,9.500000305706635e-05,0.04749999940395355,0.04749999940395355,0.04749999940395355,0.0009500000160187483,0.0009500000160187483,0.949999988079071,0.04435286298394203,0.008790731430053711,0.0,0.0,0.0,0.0,0.0,0.0,0.0,0.0,-1.7363542318344116,-1.7363542318344116,1.0,-1.7363542318344116,-1.7363542318344116,-1.715989112854004,0.0,-4.477039337158203,1.6279478073120117,1.0,0.04435286298394203,1.0,0.0,0.0,0.04435286298394203,0.0,0.0,0.008790731430053711,0.0,0.30879074335098267,0.16039179265499115,0.09706412255764008,0.9708447456359863,0.5253539681434631,0.0,0.0,0.0,0.0,0.0,0.0,0.0,0.0,1.0,0.0,0.0007938161143101752,0.40128642320632935,0.24819789826869965,0.0239137951284647,0.0,0.1049676239490509,0.10465750098228455,0.10465750098228455,0.12782739102840424,0.03390074521303177,-7.08826164430576e-10,0.0,0.0,5.645400047302246,5.645400047302246,1.5098295211791992,1.5098295211791992,0.7551772594451904,0.0,0.0,0.0,0.0,0.30879074335098267,0.19596563279628754,0.009994467720389366,0.9982329607009888,0.5253539681434631,0.15021446347236633,1.3993885517120361,1.5577712059020996,1.5098295211791992,1.5008008480072021,1.6279478073120117,0.4601045250892639,0.04770711064338684,1.0,1.272178053855896,1.329209327697754,1.3420953750610352,0.0,12.0,0.0,0.0,0.0,0.0,0.0,0.0,,,,,,,,,,,,,,,,,,,,,,0.001
29,9500,train,-0.03379180282354355,0.11196470260620117,0.11231286078691483,0.0,0.004989895038306713,0.004989895038306713,0.0,3.475649356842041,9.500000305706635e-05,0.04749999940395355,0.04749999940395355,0.04749999940395355,0.0009500000160187483,0.0009500000160187483,0.949999988079071,0.03078882396221161,0.0099545419216156,0.0,0.0,0.0,0.0,0.0,0.0,0.0,0.0,-1.7771053314208984,-1.7771053314208984,1.0,-1.7771053314208984,-1.7771053314208984,-1.7614816427230835,0.0,-4.551907062530518,1.4843336343765259,1.0,0.03078882396221161,1.0,0.0,0.0,0.03078882396221161,0.0,0.0,0.0099545419216156,0.0,0.30995455384254456,0.1675374060869217,0.09417186677455902,0.980080246925354,0.5234391093254089,0.0,0.0,0.0,0.0,0.0,0.0,0.0,0.0,1.0,0.0,0.000878881081007421,0.41276031732559204,0.2309337705373764,0.022845663130283356,0.0,0.11231286078691483,0.11196470260620117,0.11196470260620117,0.1316894143819809,0.0689288079738617,-7.264839285703317e-10,0.0,0.0,5.872121334075928,5.872121334075928,1.432608962059021,1.432608962059021,0.8259215354919434,0.0,0.0,0.0,0.0,0.30995455384254456,0.199566051363945,0.010034026578068733,0.9993382096290588,0.5234391093254089,0.1573069989681244,1.3886549472808838,1.4434179067611694,1.432608962059021,1.4236605167388916,1.4843336343765259,0.4591314494609833,0.047494422644376755,1.0,1.2371482849121094,1.25697660446167,1.2541359663009644,0.0,12.0,0.0,0.0,0.0,0.0,0.0,0.0,,,,,,,,,,,,,,,,,,,,,,0.001
29,9520,train,-0.04244694858789444,0.10313192754983902,0.10330574959516525,0.0,0.00432971678674221,0.00432971678674221,0.0,3.4678282737731934,9.500000305706635e-05,0.04749999940395355,0.04749999940395355,0.04749999940395355,0.0009500000160187483,0.0009500000160187483,0.949999988079071,0.042759329080581665,0.006464838981628418,0.0,0.0,0.0,0.0,0.0,0.0,0.0,0.0,-1.756019949913025,-1.756019949913025,1.0,-1.756019949913025,-1.7560200691223145,-1.7374297380447388,0.0,-4.509328365325928,1.5669877529144287,1.0,0.042759329080581665,1.0,0.0,0.0,0.042759329080581665,0.0,0.0,0.006464838981628418,0.0,0.2935352027416229,0.16185273230075836,0.06253115832805634,0.9851919412612915,0.5066325068473816,0.0,0.0,0.0,0.0,0.0,0.0,0.0,0.0,1.0,0.0,0.001260932069271803,0.39026686549186707,0.24668855965137482,0.023503253236413002,0.0,0.10330574959516525,0.10313192754983902,0.10313192754983902,0.11685685813426971,0.053387582302093506,-9.334651107639758e-13,0.0,0.0,5.54620885848999,5.54620885848999,1.4865597486495972,1.4865597486495972,0.69735187292099,0.0,0.0,0.0,0.0,0.29353517293930054,0.1996763050556183,0.005430084187537432,0.9981483221054077,0.5066325068473816,0.14419424533843994,1.385054349899292,1.5421788692474365,1.4865597486495972,1.4709633588790894,1.5669877529144287,0.4718473553657532,0.04840090870857239,1.0,1.3203202486038208,1.3193048238754272,1.3247177600860596,0.0,12.0,0.0,0.0,0.0,0.0,0.0,0.0,,,,,,,,,,,,,,,,,,,,,,0.001
29,9540,train,-0.04754365608096123,0.09742242097854614,0.09769998490810394,0.0,0.00420790771022439,0.00420790771022439,0.0,3.5017147064208984,9.500000305706635e-05,0.04749999940395355,0.04749999940395355,0.04749999940395355,0.0009500000160187483,0.0009500000160187483,0.949999988079071,0.03374738246202469,0.00016579031944274902,0.0,0.0,0.0,0.0,0.0,0.0,0.0,0.0,-1.7375876903533936,-1.7375876903533936,1.0,-1.7375876903533936,-1.737587809562683,-1.7173703908920288,0.0,-4.467198848724365,1.6368006467819214,1.0,0.03374738246202469,1.0,0.0,0.0,0.03374738246202469,0.0,0.0,0.00016579031944274902,0.0,0.3001657724380493,0.1605369597673416,0.07802921533584595,0.9824998378753662,0.5137442946434021,0.0,0.0,0.0,0.0,0.0,0.0,0.0,0.0,1.0,0.0,0.000699258001986891,0.37709516286849976,0.24934206902980804,0.02262079156935215,0.0,0.09769998490810394,0.09742242097854614,0.09742242097854614,0.10974282771348953,0.008087032474577427,4.6602357389735616e-11,0.0,0.0,5.489123821258545,5.489123821258545,1.5118144750595093,1.5118144750595093,0.6053346395492554,0.0,0.0,0.0,0.0,0.3001658022403717,0.1996031403541565,0.004852615762501955,0.9991599321365356,0.5137442946434021,0.14872856438159943,1.4294776916503906,1.552055835723877,1.5118144750595093,1.5036609172821045,1.6368006467819214,0.46105679869651794,0.048066314309835434,1.0,1.3611514568328857,1.3183979988098145,1.2882925271987915,0.0,12.0,0.0,0.0,0.0,0.0,0.0,0.0,,,,,,,,,,,,,,,,,,,,,,0.001
29,9560,train,-0.03757183998823166,0.10570922493934631,0.10607925802469254,0.0,0.004414340481162071,0.004414340481162071,0.0,3.495861053466797,9.500000305706635e-05,0.04749999940395355,0.04749999940395355,0.04749999940395355,0.0009500000160187483,0.0009500000160187483,0.949999988079071,0.035271115601062775,0.006275564432144165,0.0,0.0,0.0,0.0,0.0,0.0,0.0,0.0,-1.737665057182312,-1.737665057182312,1.0,-1.737665057182312,-1.737665057182312,-1.715824007987976,0.0,-4.467062473297119,1.642918586730957,1.0,0.035271115601062775,1.0,0.0,0.0,0.035271115601062775,0.0,0.0,0.006275564432144165,0.0,0.3062755763530731,0.16638295352458954,0.08100296556949615,0.9661180973052979,0.5150277018547058,0.0,0.0,0.0,0.0,0.0,0.0,0.0,0.0,1.0,0.0,0.000601989624556154,0.39407575130462646,0.2440597116947174,0.02296469174325466,0.0,0.10607925802469254,0.10570922493934631,0.10570922493934631,0.12784186005592346,0.029058462008833885,1.8069562512934567e-10,0.0,0.0,5.519134044647217,5.519134044647217,1.4702317714691162,1.4702317714691162,0.7268446087837219,0.0,0.0,0.0,0.0,0.3062755763530731,0.20396092534065247,0.005246080458164215,0.9988841414451599,0.5150277018547058,0.1575520932674408,1.389107346534729,1.51141357421875,1.4702317714691162,1.4962495565414429,1.642918586730957,0.457414448261261,0.047191329300403595,1.0,1.1003692150115967,1.234321117401123,1.2856509685516357,0.0,12.0,0.0,0.0,0.0,0.0,0.0,0.0,,,,,,,,,,,,,,,,,,,,,,0.001
29,9580,train,-0.0508364774286747,0.09426262974739075,0.09438838809728622,0.0,0.004477271344512701,0.004477271344512701,0.0,3.462883710861206,9.500000305706635e-05,0.04749999940395355,0.04749999940395355,0.04749999940395355,0.0009500000160187483,0.0009500000160187483,0.949999988079071,0.044660527259111404,0.003575265407562256,0.0,0.0,0.0,0.0,0.0,0.0,0.0,0.0,-1.7322553396224976,-1.7322553396224976,1.0,-1.7322553396224976,-1.7322553396224976,-1.7058229446411133,0.0,-4.470752716064453,1.6042118072509766,1.0,0.044660527259111404,1.0,0.0,0.0,0.044660527259111404,0.0,0.0,0.003575265407562256,0.0,0.2964247465133667,0.1594114601612091,0.06457237154245377,0.9705948233604431,0.5067287683486938,0.0,0.0,0.0,0.0,0.0,0.0,0.0,0.0,1.0,0.0,0.0004942938103340566,0.39347970485687256,0.2594147026538849,0.024151155725121498,0.0,0.09438838809728622,0.09426262974739075,0.09426262974739075,0.10677012801170349,0.03605246916413307,-9.84933246073183e-11,0.0,0.0,5.5585455894470215,5.558546543121338,1.5513173341751099,1.5513173341751099,0.6404200196266174,0.0,0.0,0.0,0.0,0.2964247465133667,0.20199324190616608,0.003101208945736289,0.9983142614364624,0.5067287683486938,0.14805454015731812,1.4000838994979858,1.6317282915115356,1.5513173341751099,1.4786412715911865,1.6042118072509766,0.4682216942310333,0.048095811158418655,1.0,1.3937158584594727,1.3394559621810913,1.3373181819915771,0.0,12.0,0.0,0.0,0.0,0.0,0.0,0.0,,,,,,,,,,,,,,,,,,,,,,0.001
29,9600,train,-0.03596101328730583,0.10848844796419144,0.10881002992391586,0.0,0.004799281246960163,0.004799281246960163,0.0,3.498473882675171,9.500000305706635e-05,0.04749999940395355,0.04749999940395355,0.04749999940395355,0.0009500000160187483,0.0009500000160187483,0.949999988079071,0.031943947076797485,0.0006944835186004639,0.0,0.0,0.0,0.0,0.0,0.0,0.0,0.0,-1.7558188438415527,-1.7558188438415527,1.0,-1.7558188438415527,-1.7558188438415527,-1.7422516345977783,0.0,-4.513309955596924,1.5566141605377197,1.0,0.031943947076797485,1.0,0.0,0.0,0.031943947076797485,0.0,0.0,0.0006944835186004639,0.0,0.3006944954395294,0.1632055938243866,0.08791618049144745,0.9662063121795654,0.5169368982315063,0.0,0.0,0.0,0.0,0.0,0.0,0.0,0.0,1.0,0.0,0.0009284284897148609,0.41368791460990906,0.23009301722049713,0.022308874875307083,0.0,0.10881002992391586,0.10848844796419144,0.10848844796419144,0.1186947226524353,0.06753472983837128,-1.6516543688283036e-10,0.0,0.0,5.740248680114746,5.7402496337890625,1.4068396091461182,1.4068396091461182,0.7422210574150085,0.0,0.0,0.0,0.0,0.3006944954395294,0.1971053183078766,0.004044630099087954,0.9981774091720581,0.5169368982315063,0.1453431397676468,1.3698793649673462,1.4226276874542236,1.4068396091461182,1.4346922636032104,1.5566141605377197,0.45820698142051697,0.047421231865882874,1.0,1.1731353998184204,1.1783214807510376,1.2185149192810059,0.0,12.0,0.0,0.0,0.0,0.0,0.0,0.0,,,,,,,,,,,,,,,,,,,,,,0.001
29,9620,train,-0.03802455961704254,0.10607188940048218,0.10665681958198547,0.0,0.004657011479139328,0.004657011479139328,0.0,3.490252733230591,9.500000305706635e-05,0.04749999940395355,0.04749999940395355,0.04749999940395355,0.0009500000160187483,0.0009500000160187483,0.949999988079071,0.03227407485246658,0.010351389646530151,0.0,0.0,0.0,0.0,0.0,0.0,0.0,0.0,-1.7475905418395996,-1.7475905418395996,1.0,-1.7475905418395996,-1.7475905418395996,-1.7291009426116943,0.0,-4.502627372741699,1.4995659589767456,1.0,0.03227407485246658,1.0,0.0,0.0,0.03227407485246658,0.0,0.0,0.010351389646530151,0.0,0.2896486222743988,0.16627414524555206,0.05327647179365158,0.9727100133895874,0.500328004360199,0.0,0.0,0.0,0.0,0.0,0.0,0.0,0.0,1.0,0.0,0.0010006121592596173,0.4055849611759186,0.23302142322063446,0.0223480723798275,0.0,0.10665681958198547,0.10607188940048218,0.10607188940048218,0.1198129802942276,0.06533543020486832,-3.8072456298721136e-10,0.0,0.0,5.917178153991699,5.917178153991699,1.4244508743286133,1.4244508743286133,0.7707498073577881,0.0,0.0,0.0,0.0,0.2896486222743988,0.20186562836170197,0.003361450508236885,0.9991282820701599,0.500328004360199,0.14397978782653809,1.3949452638626099,1.4367622137069702,1.4244508743286133,1.4297250509262085,1.4995659589767456,0.46489059925079346,0.047736767679452896,1.0,1.3629006147384644,1.297893762588501,1.3175783157348633,0.0,12.0,0.0,0.0,0.0,0.0,0.0,0.0,,,,,,,,,,,,,,,,,,,,,,0.001
29,9640,train,-0.04107334837317467,0.10405026376247406,0.10434267669916153,0.0,0.004565010778605938,0.004565010778605938,0.0,3.4624857902526855,9.500000305706635e-05,0.04749999940395355,0.04749999940395355,0.04749999940395355,0.0009500000160187483,0.0009500000160187483,0.949999988079071,0.044057250022888184,0.0071572065353393555,0.0,0.0,0.0,0.0,0.0,0.0,0.0,0.0,-1.7535429000854492,-1.7535429000854492,1.0,-1.7535429000854492,-1.7535429000854492,-1.7294458150863647,0.0,-4.502320766448975,1.5700371265411377,1.0,0.044057250022888184,1.0,0.0,0.0,0.044057250022888184,0.0,0.0,0.0071572065353393555,0.0,0.2928428053855896,0.16328352689743042,0.06538280844688416,0.9634301662445068,0.50387042760849,0.0,0.0,0.0,0.0,0.0,0.0,0.0,0.0,1.0,0.0,0.0008029257296584547,0.39361152052879333,0.24487727880477905,0.02353292889893055,0.0,0.10434267669916153,0.10405026376247406,0.10405026376247406,0.1246044859290123,0.04673584923148155,2.065525805949875e-10,0.0,0.0,5.738005638122559,5.738006114959717,1.484381079673767,1.484381079673767,0.7527016401290894,0.0,0.0,0.0,0.0,0.2928428053855896,0.20153850317001343,0.00279042636975646,0.9982409477233887,0.50387042760849,0.14486826956272125,1.3991037607192993,1.5300841331481934,1.484381079673767,1.4835941791534424,1.5700371265411377,0.465991348028183,0.04779191315174103,1.0,1.3252618312835693,1.351159930229187,1.3407227993011475,0.0,12.0,0.0,0.0,0.0,0.0,0.0,0.0,,,,,,,,,,,,,,,,,,,,,,0.001
29,9660,train,-0.04523830860853195,0.10115208476781845,0.10146719217300415,0.0,0.004376109689474106,0.004376109689474106,0.0,3.474851369857788,9.500000305706635e-05,0.04749999940395355,0.04749999940395355,0.04749999940395355,0.0009500000160187483,0.0009500000160187483,0.949999988079071,0.04073365777730942,0.004669457674026489,0.0,0.0,0.0,0.0,0.0,0.0,0.0,0.0,-1.7606836557388306,-1.7606836557388306,1.0,-1.7606836557388306,-1.7606836557388306,-1.7383670806884766,0.0,-4.514400959014893,1.5875827074050903,1.0,0.04073365777730942,1.0,0.0,0.0,0.04073365777730942,0.0,0.0,0.004669457674026489,0.0,0.30466946959495544,0.1623682677745819,0.058954089879989624,0.9700896739959717,0.5153625011444092,0.0,0.0,0.0,0.0,0.0,0.0,0.0,0.0,1.0,0.0,0.0007221848354674876,0.3856240212917328,0.24465389549732208,0.02315187081694603,0.0,0.10146719217300415,0.10115208476781845,0.10115208476781845,0.11728707700967789,0.033308226615190506,-1.0232833330681146e-10,0.0,0.0,5.64079475402832,5.64079475402832,1.4988903999328613,1.4988903999328613,0.691130518913269,0.0,0.0,0.0,0.0,0.30466946959495544,0.20151954889297485,0.004286371637135744,0.9992862343788147,0.5153625011444092,0.15566790103912354,1.408203125,1.553204894065857,1.4988903999328613,1.5026521682739258,1.5875827074050903,0.46586278080940247,0.04801613464951515,1.0,1.3278158903121948,1.3351683616638184,1.3307032585144043,0.0,12.0,0.0,0.0,0.0,0.0,0.0,0.0,,,,,,,,,,,,,,,,,,,,,,0.001
29,9680,train,-0.0456409715116024,0.09736490994691849,0.09767787903547287,0.0,0.0047115758061409,0.0047115758061409,0.0,3.4366493225097656,9.500000305706635e-05,0.04749999940395355,0.04749999940395355,0.04749999940395355,0.0009500000160187483,0.0009500000160187483,0.949999988079071,0.03882106393575668,0.004965394735336304,0.0,0.0,0.0,0.0,0.0,0.0,0.0,0.0,-1.7171931266784668,-1.7171931266784668,1.0,-1.7171931266784668,-1.7171931266784668,-1.6972018480300903,0.0,-4.444025039672852,1.5912724733352661,1.0,0.03882106393575668,1.0,0.0,0.0,0.03882106393575668,0.0,0.0,0.004965394735336304,0.0,0.30496543645858765,0.16691160202026367,0.056205522269010544,0.9824690818786621,0.5113549828529358,0.0,0.0,0.0,0.0,0.0,0.0,0.0,0.0,1.0,0.0,0.0006809210171923041,0.408309668302536,0.2490042746067047,0.024090489372611046,0.0,0.09767787903547287,0.09736490994691849,0.09736490994691849,0.11843343824148178,0.06006908416748047,-8.933032265290297e-12,0.0,0.0,5.752114295959473,5.752114295959473,1.48685884475708,1.48685884475708,0.7300722002983093,0.0,0.0,0.0,0.0,0.30496540665626526,0.2063019722700119,0.0023174467496573925,0.9991474151611328,0.5113549828529358,0.16024817526340485,1.4031414985656738,1.534144401550293,1.48685884475708,1.4689918756484985,1.5912724733352661,0.45647498965263367,0.047343771904706955,1.0,1.298511028289795,1.3017830848693848,1.312912940979004,0.0,12.0,0.0,0.0,0.0,0.0,0.0,0.0,,,,,,,,,,,,,,,,,,,,,,0.001
29,9686,train_epoch,-0.040556347583180774,0.10455177371908804,0.10487048042391589,0.0,0.004561624096561513,0.004561624096561513,0.0,3.4717503836055004,9.500000305706635e-05,0.04749999940395355,0.04749999940395355,0.04749999940395355,0.0009500000160187483,0.0009500000160187483,0.949999988079071,0.03714938500260343,0.00677439008287327,0.0,0.0,0.0,0.0,0.0,0.0,0.0,0.0,-1.7544256976978507,-1.7544256976978507,1.0,-1.7544256976978507,-1.7544256966271086,-1.7344966727102589,0.0,-4.502734404124186,1.5712408141461676,1.0,0.03714938500260343,1.0,0.0,0.0,0.03714938500260343,0.0,0.0,0.00677439008287327,0.0,0.29924658012247374,0.16062001312921148,0.07872911593960431,0.9692778200089575,0.514505772176617,0.0,0.0,0.0,0.0,0.0,0.0,0.0,0.0,1.0,0.0,0.0007776583469500861,0.39580039474778544,0.2412347043613474,0.023204079399744195,0.0,0.10487048042391589,0.10455177371908804,0.10455177371908804,0.1177118548420732,0.03863415730337077,-1.968482161435251e-11,0.0,0.0,5.692693200653898,5.692693202081554,1.4684691275665147,1.4684691275665147,0.705325151988846,0.0,0.0,0.0,0.0,0.29924657414416356,0.19755135771043286,0.00450396185223582,0.9980788257664549,0.514505772176617,0.14648708973280683,1.3952636522447277,1.5039273068576515,1.4684691275665147,1.4686406354704302,1.5712408141461676,0.46141070475478374,0.04767777925792212,1.0,1.2917217990595424,1.292047356060165,1.2919527467139467,0.0,12.0,0.0,0.0,0.0,0.0,0.0,0.0,,,,,,,,,,,,,,,,,,,,,,0.001
29,9686,val,,,,,,,,,,,,,,,,,,,,,,,,,,,,,,,,,,,,,,,,,,,,,,,,,,,,,,,,,,,,,,,,,,,,,,,,,,,,,,,,,,,,,,,,,,,,,,,,,,,,,,,,,,,15.40733025755201,641.2926754270281,25.323757134892684,11.463522911071777,7.136156529188156,14.433702511446816,23.45910958831393,9.84972711971828,6.658515240464892,15.355432101658412,25.314927665915157,11.257713156087059,7.123268387147358,17.219276202576502,28.269953295334524,13.362949533121926,8.023846694401332,15.40733025755201,25.323757134892684,11.463522911071777,7.136156529188156,0.001
30,9700,train,-0.04226856306195259,0.10950973629951477,0.1098196879029274,0.0,0.0046897167339921,0.0046897167339921,0.0,3.490593671798706,9.999999747378752e-05,0.05000000074505806,0.05000000074505806,0.05000000074505806,0.0010000000474974513,0.0010000000474974513,1.0,0.029744962230324745,0.0021088123321533203,0.0,0.0,0.0,0.0,0.0,0.0,0.0,0.0,-1.7435762882232666,-1.7435762882232666,1.0,-1.7435762882232666,-1.7435762882232666,-1.7266191244125366,0.0,-4.499004364013672,1.5550488233566284,1.0,0.029744962230324745,1.0,0.0,0.0,0.029744962230324745,0.0,0.0,0.0021088123321533203,0.0,0.29789119958877563,0.1638460010290146,0.0789397805929184,0.9820079803466797,0.5104323625564575,0.0,0.0,0.0,0.0,0.0,0.0,0.0,0.0,1.0,0.0,0.0009724185219965875,0.3978959023952484,0.23683595657348633,0.022305354475975037,0.0,0.1098196879029274,0.10950973629951477,0.10950973629951477,0.12392447888851166,0.034464478492736816,-1.951839245784015e-10,0.0,0.0,5.920770168304443,5.920770168304443,1.4603707790374756,1.4603707790374756,0.7683954834938049,0.0,0.0,0.0,0.0,0.29789119958877563,0.20058858394622803,0.0016250861808657646,0.9983598589897156,0.5104323625564575,0.14981618523597717,1.4129023551940918,1.4822107553482056,1.4603707790374756,1.487635612487793,1.5550488233566284,0.46546366810798645,0.048417601734399796,1.0,1.373770833015442,1.2741419076919556,1.3196616172790527,0.0,12.0,0.0,0.0,0.0,0.0,0.0,0.0,,,,,,,,,,,,,,,,,,,,,,0.001
30,9720,train,-0.05073850229382515,0.10272813588380814,0.10298606753349304,0.0,0.004582439549267292,0.004582439549267292,0.0,3.4256441593170166,9.999999747378752e-05,0.05000000074505806,0.05000000074505806,0.05000000074505806,0.0010000000474974513,0.0010000000474974513,1.0,0.03672531247138977,0.00040665268898010254,0.0,0.0,0.0,0.0,0.0,0.0,0.0,0.0,-1.746726632118225,-1.746726632118225,1.0,-1.746726632118225,-1.746726632118225,-1.7260233163833618,0.0,-4.493610858917236,1.5638047456741333,1.0,0.03672531247138977,1.0,0.0,0.0,0.03672531247138977,0.0,0.0,0.00040665268898010254,0.0,0.29959335923194885,0.16675201058387756,0.07006330788135529,0.971767783164978,0.5091009736061096,0.0,0.0,0.0,0.0,0.0,0.0,0.0,0.0,1.0,0.0,0.0011385312536731362,0.4007023572921753,0.24527396261692047,0.024518588557839394,0.0,0.10298606753349304,0.10272813588380814,0.10272813588380814,0.11430489271879196,0.04933509975671768,1.8776905030826185e-10,0.0,0.0,5.77531623840332,5.77531623840332,1.4933871030807495,1.4933871030807495,0.7006075978279114,0.0,0.0,0.0,0.0,0.29959335923194885,0.2035340964794159,0.005388161633163691,0.9991787075996399,0.5091009736061096,0.15523898601531982,1.4080308675765991,1.5404613018035889,1.4933871030807495,1.456859827041626,1.5638047456741333,0.4626854956150055,0.04774527996778488,1.0,1.3264280557632446,1.2678463459014893,1.2862900495529175,0.0,12.0,0.0,0.0,0.0,0.0,0.0,0.0,,,,,,,,,,,,,,,,,,,,,,0.001
30,9740,train,-0.0519760362803936,0.10122861713171005,0.10151461511850357,0.0,0.004359153099358082,0.004359153099358082,0.0,3.50635027885437,9.999999747378752e-05,0.05000000074505806,0.05000000074505806,0.05000000074505806,0.0010000000474974513,0.0010000000474974513,1.0,0.04424426704645157,0.006491601467132568,0.0,0.0,0.0,0.0,0.0,0.0,0.0,0.0,-1.7412689924240112,-1.7412689924240112,1.0,-1.7412689924240112,-1.7412688732147217,-1.719996690750122,0.0,-4.474863529205322,1.5822001695632935,1.0,0.04424426704645157,1.0,0.0,0.0,0.04424426704645157,0.0,0.0,0.006491601467132568,0.0,0.293508380651474,0.17036215960979462,0.05739564448595047,0.9868326187133789,0.5028939247131348,0.0,0.0,0.0,0.0,0.0,0.0,0.0,0.0,1.0,0.0,0.0006335568032227457,0.40198248624801636,0.2431909739971161,0.022394591942429543,0.0,0.10151461511850357,0.10122861713171005,0.10122861713171005,0.12004479765892029,0.0709088146686554,-1.7036821953198e-10,0.0,0.0,5.797055244445801,5.797055244445801,1.4704943895339966,1.4704943895339966,0.7447035312652588,0.0,0.0,0.0,0.0,0.2935084104537964,0.20365063846111298,0.0029324174392968416,0.9990811347961426,0.5028939247131348,0.1483762413263321,1.3834933042526245,1.5040656328201294,1.4704943895339966,1.4609777927398682,1.5822001695632935,0.45428746938705444,0.04730316624045372,1.0,1.257990837097168,1.2573143243789673,1.2771245241165161,0.0,12.0,0.0,0.0,0.0,0.0,0.0,0.0,,,,,,,,,,,,,,,,,,,,,,0.001
30,9760,train,-0.04842192679643631,0.10791198164224625,0.10802311450242996,0.0,0.00469197379425168,0.00469197379425168,0.0,3.481109619140625,9.999999747378752e-05,0.05000000074505806,0.05000000074505806,0.05000000074505806,0.0010000000474974513,0.0010000000474974513,1.0,0.035956889390945435,0.002077043056488037,0.0,0.0,0.0,0.0,0.0,0.0,0.0,0.0,-1.7855926752090454,-1.7855926752090454,1.0,-1.7855926752090454,-1.785592794418335,-1.7674623727798462,0.0,-4.557298183441162,1.484082818031311,1.0,0.035956889390945435,1.0,0.0,0.0,0.035956889390945435,0.0,0.0,0.002077043056488037,0.0,0.3020770847797394,0.168910950422287,0.073845773935318,0.9849955439567566,0.5133746266365051,0.0,0.0,0.0,0.0,0.0,0.0,0.0,0.0,1.0,0.0,0.0004443010257091373,0.40203943848609924,0.23072361946105957,0.022618262097239494,0.0,0.10802311450242996,0.10791198164224625,0.10791198164224625,0.12340724468231201,0.06805524230003357,-3.215196442418744e-10,0.0,0.0,5.878375053405762,5.878375053405762,1.437047004699707,1.437047004699707,0.7725079655647278,0.0,0.0,0.0,0.0,0.302077054977417,0.20226284861564636,0.004651441238820553,0.9992608428001404,0.5133746266365051,0.15485601127147675,1.3935492038726807,1.4533082246780396,1.437047004699707,1.4079844951629639,1.484082818031311,0.4618690609931946,0.04804671183228493,1.0,1.3052170276641846,1.2509084939956665,1.2231602668762207,0.0,12.0,0.0,0.0,0.0,0.0,0.0,0.0,,,,,,,,,,,,,,,,,,,,,,0.001
30,9780,train,-0.053779520094394684,0.0971439927816391,0.09750023484230042,0.0,0.004298412706702948,0.004298412706702948,0.0,3.4166665077209473,9.999999747378752e-05,0.05000000074505806,0.05000000074505806,0.05000000074505806,0.0010000000474974513,0.0010000000474974513,1.0,0.03679356724023819,0.007128864526748657,0.0,0.0,0.0,0.0,0.0,0.0,0.0,0.0,-1.7102406024932861,-1.7102406024932861,1.0,-1.7102406024932861,-1.7102404832839966,-1.6853057146072388,0.0,-4.429957866668701,1.6324504613876343,1.0,0.03679356724023819,1.0,0.0,0.0,0.03679356724023819,0.0,0.0,0.007128864526748657,0.0,0.2928711771965027,0.16833239793777466,0.05867093801498413,0.9767627716064453,0.49750077724456787,0.0,0.0,0.0,0.0,0.0,0.0,0.0,0.0,1.0,0.0,0.0007128327270038426,0.3886891305446625,0.2475328892469406,0.0247733686119318,0.0,0.09750023484230042,0.0971439927816391,0.0971439927816391,0.10657168179750443,0.02158639393746853,2.7310034789174154e-10,0.0,0.0,5.695995330810547,5.695995330810547,1.494307279586792,1.494307279586792,0.6360130906105042,0.0,0.0,0.0,0.0,0.2928711473941803,0.20772798359394073,0.0024578107986599207,0.9995669722557068,0.49750077724456787,0.15142464637756348,1.412152647972107,1.5380927324295044,1.494307279586792,1.5339528322219849,1.6324504613876343,0.46728503704071045,0.04852762445807457,1.0,1.2018742561340332,1.291517734527588,1.3332417011260986,0.0,12.0,0.0,0.0,0.0,0.0,0.0,0.0,,,,,,,,,,,,,,,,,,,,,,0.001
30,9800,train,-0.04676816239953041,0.1075764149427414,0.10800403356552124,0.0,0.004359538666903973,0.004359538666903973,0.0,3.4618303775787354,9.999999747378752e-05,0.05000000074505806,0.05000000074505806,0.05000000074505806,0.0010000000474974513,0.0010000000474974513,1.0,0.04371115565299988,0.0036495625972747803,0.0,0.0,0.0,0.0,0.0,0.0,0.0,0.0,-1.7655690908432007,-1.7655690908432007,1.0,-1.7655690908432007,-1.7655690908432007,-1.7391875982284546,0.0,-4.538194179534912,1.5479892492294312,1.0,0.04371115565299988,1.0,0.0,0.0,0.04371115565299988,0.0,0.0,0.0036495625972747803,0.0,0.2963504493236542,0.16955891251564026,0.07465967535972595,0.9787480235099792,0.5043103694915771,0.0,0.0,0.0,0.0,0.0,0.0,0.0,0.0,1.0,0.0,0.0008528236066922545,0.38653483986854553,0.24362340569496155,0.02348140813410282,0.0,0.10800403356552124,0.1075764149427414,0.1075764149427414,0.11463084816932678,0.043783072382211685,-1.4512528678789494e-10,0.0,0.0,5.868172645568848,5.868172645568848,1.496062159538269,1.496062159538269,0.7136567831039429,0.0,0.0,0.0,0.0,0.2963504493236542,0.20495852828025818,0.004192710854113102,0.9992855191230774,0.5043103694915771,0.15205270051956177,1.411115050315857,1.527418851852417,1.496062159538269,1.4703400135040283,1.5479892492294312,0.46832555532455444,0.04847711697220802,1.0,1.2878504991531372,1.3094476461410522,1.2919788360595703,0.0,12.0,0.0,0.0,0.0,0.0,0.0,0.0,,,,,,,,,,,,,,,,,,,,,,0.001
30,9820,train,-0.046187642961740494,0.10706745088100433,0.10737038403749466,0.0,0.004228346515446901,0.004228346515446901,0.0,3.452190399169922,9.999999747378752e-05,0.05000000074505806,0.05000000074505806,0.05000000074505806,0.0010000000474974513,0.0010000000474974513,1.0,0.04245620220899582,0.005265593528747559,0.0,0.0,0.0,0.0,0.0,0.0,0.0,0.0,-1.7533352375030518,-1.7533352375030518,1.0,-1.7533352375030518,-1.7533352375030518,-1.7275913953781128,0.0,-4.501584053039551,1.5923060178756714,1.0,0.04245620220899582,1.0,0.0,0.0,0.04245620220899582,0.0,0.0,0.005265593528747559,0.0,0.3052656054496765,0.17190280556678772,0.05386897921562195,0.9848615527153015,0.5058624148368835,0.0,0.0,0.0,0.0,0.0,0.0,0.0,0.0,1.0,0.0,0.00047901240759529173,0.3750908374786377,0.246912881731987,0.023878781124949455,0.0,0.10737038403749466,0.10706745088100433,0.10706745088100433,0.11550535261631012,0.029498588293790817,3.591121566781652e-10,0.0,0.0,5.679444313049316,5.679444313049316,1.5055439472198486,1.5055439472198486,0.6899243593215942,0.0,0.0,0.0,0.0,0.3052656054496765,0.21155650913715363,0.003578494768589735,0.9995336532592773,0.5058624148368835,0.16527268290519714,1.423013687133789,1.5569748878479004,1.5055439472198486,1.4981787204742432,1.5923060178756714,0.47369763255119324,0.0492418073117733,1.0,1.3755909204483032,1.3370110988616943,1.3178976774215698,0.0,12.0,0.0,0.0,0.0,0.0,0.0,0.0,,,,,,,,,,,,,,,,,,,,,,0.001
30,9840,train,-0.053337495774030685,0.10126125067472458,0.10152819752693176,0.0,0.0048399996012449265,0.0048399996012449265,0.0,3.477240562438965,9.999999747378752e-05,0.05000000074505806,0.05000000074505806,0.05000000074505806,0.0010000000474974513,0.0010000000474974513,1.0,0.03023354895412922,0.00045740604400634766,0.0,0.0,0.0,0.0,0.0,0.0,0.0,0.0,-1.755247950553894,-1.755247950553894,1.0,-1.755247950553894,-1.7552478313446045,-1.7346525192260742,0.0,-4.503754138946533,1.5034470558166504,1.0,0.03023354895412922,1.0,0.0,0.0,0.03023354895412922,0.0,0.0,0.00045740604400634766,0.0,0.2995426058769226,0.17462265491485596,0.06806381046772003,0.9868093729019165,0.5008943676948547,0.0,0.0,0.0,0.0,0.0,0.0,0.0,0.0,1.0,0.0,0.0004590313183143735,0.4090200960636139,0.23892250657081604,0.02291877754032612,0.0,0.10152819752693176,0.10126125067472458,0.10126125067472458,0.11795368790626526,0.0594048909842968,-6.214672526594356e-11,0.0,0.0,6.070384502410889,6.070384502410889,1.4521093368530273,1.4521093368530273,0.76233971118927,0.0,0.0,0.0,0.0,0.2995426058769226,0.2113059163093567,0.0017617380945011973,0.9996019005775452,0.5008943676948547,0.16069240868091583,1.402267575263977,1.47591233253479,1.4521093368530273,1.424636721611023,1.5034470558166504,0.4566066265106201,0.04768659546971321,1.0,1.282209873199463,1.249255895614624,1.2084665298461914,0.0,12.0,0.0,0.0,0.0,0.0,0.0,0.0,,,,,,,,,,,,,,,,,,,,,,0.001
30,9860,train,-0.04664664342999458,0.10373927652835846,0.10399878770112991,0.0,0.0044003683142364025,0.0044003683142364025,0.0,3.4997551441192627,9.999999747378752e-05,0.05000000074505806,0.05000000074505806,0.05000000074505806,0.0010000000474974513,0.0010000000474974513,1.0,0.030563754960894585,0.0054247379302978516,0.0,0.0,0.0,0.0,0.0,0.0,0.0,0.0,-1.717916488647461,-1.717916488647461,1.0,-1.717916488647461,-1.717916488647461,-1.6923425197601318,0.0,-4.43861198425293,1.6560182571411133,1.0,0.030563754960894585,1.0,0.0,0.0,0.030563754960894585,0.0,0.0,0.0054247379302978516,0.0,0.2945752739906311,0.17093242704868317,0.06675612926483154,0.9907255172729492,0.4982926845550537,0.0,0.0,0.0,0.0,0.0,0.0,0.0,0.0,1.0,0.0,0.000980416894890368,0.3925234377384186,0.2500661015510559,0.022586639970541,0.0,0.10399878770112991,0.10373927652835846,0.10373927652835846,0.119691863656044,0.025219161063432693,-1.3660748747479357e-11,0.0,0.0,5.468256950378418,5.468256950378418,1.5071817636489868,1.5071817636489868,0.6841832399368286,0.0,0.0,0.0,0.0,0.2945752739906311,0.20876233279705048,0.0013541069347411394,0.9992608428001404,0.4982926845550537,0.15318627655506134,1.417055368423462,1.555722951889038,1.5071817636489868,1.5387377738952637,1.6560182571411133,0.4682995080947876,0.04879644885659218,1.0,1.3378912210464478,1.2720615863800049,1.2934695482254028,0.0,12.0,0.0,0.0,0.0,0.0,0.0,0.0,,,,,,,,,,,,,,,,,,,,,,0.001
30,9880,train,-0.04773765057325363,0.10600204020738602,0.10622640699148178,0.0,0.004724179860204458,0.004724179860204458,0.0,3.4666504859924316,9.999999747378752e-05,0.05000000074505806,0.05000000074505806,0.05000000074505806,0.0010000000474974513,0.0010000000474974513,1.0,0.03497219458222389,0.011676013469696045,0.0,0.0,0.0,0.0,0.0,0.0,0.0,0.0,-1.7561448812484741,-1.7561448812484741,1.0,-1.7561448812484741,-1.7561448812484741,-1.732967734336853,0.0,-4.504934787750244,1.5472015142440796,1.0,0.03497219458222389,1.0,0.0,0.0,0.03497219458222389,0.0,0.0,0.011676013469696045,0.0,0.2883239984512329,0.1700127273797989,0.0492156520485878,0.9775674343109131,0.49202290177345276,0.0,0.0,0.0,0.0,0.0,0.0,0.0,0.0,1.0,0.0,0.0009858320700004697,0.40410754084587097,0.24358472228050232,0.02334962785243988,0.0,0.10622640699148178,0.10600204020738602,0.10600204020738602,0.12274142354726791,0.056199345737695694,-2.219293360194996e-10,0.0,0.0,5.907572269439697,5.907572269439697,1.4815425872802734,1.4815425872802734,0.7625599503517151,0.0,0.0,0.0,0.0,0.2883239984512329,0.20830608904361725,0.0016820671735331416,0.9987531900405884,0.49202290177345276,0.14964768290519714,1.403465986251831,1.518629550933838,1.4815425872802734,1.482160210609436,1.5472015142440796,0.4637865126132965,0.0483175627887249,1.0,1.2842565774917603,1.2825257778167725,1.2443530559539795,0.0,12.0,0.0,0.0,0.0,0.0,0.0,0.0,,,,,,,,,,,,,,,,,,,,,,0.001
30,9900,train,-0.04549757391214371,0.1059686690568924,0.10617928951978683,0.0,0.004598825238645077,0.004598825238645077,0.0,3.468303680419922,9.999999747378752e-05,0.05000000074505806,0.05000000074505806,0.05000000074505806,0.0010000000474974513,0.0010000000474974513,1.0,0.04127442464232445,0.01747909188270569,0.0,0.0,0.0,0.0,0.0,0.0,0.0,0.0,-1.733376145362854,-1.733376145362854,1.0,-1.733376145362854,-1.733376145362854,-1.7055665254592896,0.0,-4.460145473480225,1.6421315670013428,1.0,0.04127442464232445,1.0,0.0,0.0,0.04127442464232445,0.0,0.0,0.01747909188270569,0.0,0.28252092003822327,0.17282819747924805,0.055910374969244,0.9876340627670288,0.4793982207775116,0.0,0.0,0.0,0.0,0.0,0.0,0.0,0.0,1.0,0.0,0.0006863537128083408,0.3917487859725952,0.25781184434890747,0.02391444705426693,0.0,0.10617928951978683,0.1059686690568924,0.1059686690568924,0.12470737099647522,0.048804428428411484,3.5494432393257114e-10,0.0,0.0,5.887613773345947,5.887613773345947,1.537975788116455,1.537975788116455,0.801910936832428,0.0,0.0,0.0,0.0,0.28252092003822327,0.21437694132328033,0.0030447663739323616,0.9994819760322571,0.4793982207775116,0.1511029452085495,1.4036577939987183,1.613122582435608,1.537975788116455,1.5223466157913208,1.6421315670013428,0.45955950021743774,0.04825765639543533,1.0,1.3184640407562256,1.294066309928894,1.2541351318359375,0.0,12.0,0.0,0.0,0.0,0.0,0.0,0.0,,,,,,,,,,,,,,,,,,,,,,0.001
30,9920,train,-0.04114634171128273,0.10900041460990906,0.10937425494194031,0.0,0.004867550916969776,0.004867550916969776,0.0,3.5016047954559326,9.999999747378752e-05,0.05000000074505806,0.05000000074505806,0.05000000074505806,0.0010000000474974513,0.0010000000474974513,1.0,0.033504217863082886,0.007537961006164551,0.0,0.0,0.0,0.0,0.0,0.0,0.0,0.0,-1.7265617847442627,-1.7265617847442627,1.0,-1.7265617847442627,-1.7265617847442627,-1.7035082578659058,0.0,-4.45387077331543,1.5914826393127441,1.0,0.033504217863082886,1.0,0.0,0.0,0.033504217863082886,0.0,0.0,0.007537961006164551,0.0,0.3075379729270935,0.17865030467510223,0.07277142256498337,0.9821929931640625,0.5020644664764404,0.0,0.0,0.0,0.0,0.0,0.0,0.0,0.0,1.0,0.0,0.0009010641369968653,0.4124870300292969,0.24409860372543335,0.02292565070092678,0.0,0.10937425494194031,0.10900041460990906,0.10900041460990906,0.1303013265132904,0.07129403948783875,1.2654974290704502e-10,0.0,0.0,5.802489757537842,5.802489757537842,1.4819393157958984,1.4819393157958984,0.7921128273010254,0.0,0.0,0.0,0.0,0.3075379729270935,0.21734000742435455,0.002395900897681713,0.9995997548103333,0.5020644664764404,0.1733609139919281,1.399553894996643,1.5261609554290771,1.4819393157958984,1.480945348739624,1.5914826393127441,0.46274760365486145,0.048275914043188095,1.0,1.2670599222183228,1.2418663501739502,1.2845020294189453,0.0,12.0,0.0,0.0,0.0,0.0,0.0,0.0,,,,,,,,,,,,,,,,,,,,,,0.001
30,9940,train,-0.04893867298960686,0.10147775709629059,0.10180176794528961,0.0,0.004310973919928074,0.004310973919928074,0.0,3.4505980014801025,9.999999747378752e-05,0.05000000074505806,0.05000000074505806,0.05000000074505806,0.0010000000474974513,0.0010000000474974513,1.0,0.04310152679681778,0.0035608112812042236,0.0,0.0,0.0,0.0,0.0,0.0,0.0,0.0,-1.7138404846191406,-1.7138404846191406,1.0,-1.7138404846191406,-1.7138404846191406,-1.6891083717346191,0.0,-4.4183855056762695,1.6666069030761719,1.0,0.04310152679681778,1.0,0.0,0.0,0.04310152679681778,0.0,0.0,0.0035608112812042236,0.0,0.29643920063972473,0.1724315583705902,0.07452966272830963,0.9776789546012878,0.4969173073768616,0.0,0.0,0.0,0.0,0.0,0.0,0.0,0.0,1.0,0.0,0.0008015494677238166,0.39186033606529236,0.2553352415561676,0.024671319872140884,0.0,0.10180176794528961,0.10147775709629059,0.10147775709629059,0.11235250532627106,0.02336760051548481,1.869964183498496e-10,0.0,0.0,5.605238437652588,5.605238437652588,1.5235042572021484,1.5235042572021484,0.652903139591217,0.0,0.0,0.0,0.0,0.29643920063972473,0.21208709478378296,0.0020528847817331553,0.9998047947883606,0.4969173073768616,0.15951287746429443,1.406933069229126,1.5869503021240234,1.5235042572021484,1.5277096033096313,1.6666069030761719,0.4711541533470154,0.048518382012844086,1.0,1.3102070093154907,1.3149428367614746,1.326942801475525,0.0,12.0,0.0,0.0,0.0,0.0,0.0,0.0,,,,,,,,,,,,,,,,,,,,,,0.001
30,9960,train,-0.05195421352982521,0.10024899989366531,0.10050235688686371,0.0,0.004375324118882418,0.004375324118882418,0.0,3.4882004261016846,9.999999747378752e-05,0.05000000074505806,0.05000000074505806,0.05000000074505806,0.0010000000474974513,0.0010000000474974513,1.0,0.040523357689380646,0.010483860969543457,0.0,0.0,0.0,0.0,0.0,0.0,0.0,0.0,-1.7292227745056152,-1.7292227745056152,1.0,-1.7292227745056152,-1.7292226552963257,-1.7021124362945557,0.0,-4.453278541564941,1.6445358991622925,1.0,0.040523357689380646,1.0,0.0,0.0,0.040523357689380646,0.0,0.0,0.010483860969543457,0.0,0.2895161509513855,0.17222468554973602,0.05726000666618347,0.9802083969116211,0.49181628227233887,0.0,0.0,0.0,0.0,0.0,0.0,0.0,0.0,1.0,0.0,0.0004630788171198219,0.39557501673698425,0.2508702278137207,0.023157604038715363,0.0,0.10050235688686371,0.10024899989366531,0.10024899989366531,0.11356665939092636,0.029196472838521004,-5.645187095559834e-10,0.0,0.0,5.598852157592773,5.598852157592773,1.5228852033615112,1.5228852033615112,0.6690561175346375,0.0,0.0,0.0,0.0,0.2895161509513855,0.21006828546524048,0.002359225181862712,0.9994369149208069,0.49181628227233887,0.15125612914562225,1.4172658920288086,1.567136526107788,1.5228852033615112,1.4912352561950684,1.6445358991622925,0.4727003276348114,0.04907715320587158,1.0,1.2704344987869263,1.2647364139556885,1.2563532590866089,0.0,12.0,0.0,0.0,0.0,0.0,0.0,0.0,,,,,,,,,,,,,,,,,,,,,,0.001
30,9980,train,-0.045476868748664856,0.10567057132720947,0.10599611699581146,0.0,0.004622066859155893,0.004622066859155893,0.0,3.446451187133789,9.999999747378752e-05,0.05000000074505806,0.05000000074505806,0.05000000074505806,0.0010000000474974513,0.0010000000474974513,1.0,0.025308851152658463,0.014301568269729614,0.0,0.0,0.0,0.0,0.0,0.0,0.0,0.0,-1.7296202182769775,-1.7296202182769775,1.0,-1.7296202182769775,-1.729620099067688,-1.7086483240127563,0.0,-4.455214500427246,1.607545256614685,1.0,0.025308851152658463,1.0,0.0,0.0,0.025308851152658463,0.0,0.0,0.014301568269729614,0.0,0.31430158019065857,0.17789262533187866,0.08261644840240479,0.9878089427947998,0.5147085785865784,0.0,0.0,0.0,0.0,0.0,0.0,0.0,0.0,1.0,0.0,0.0007831547991372645,0.3991601765155792,0.23835489153862,0.023708051070570946,0.0,0.10599611699581146,0.10567057132720947,0.10567057132720947,0.11527600139379501,0.03783614560961723,1.1375257680246165e-10,0.0,0.0,5.783548831939697,5.783548831939697,1.465304970741272,1.465304970741272,0.6971493363380432,0.0,0.0,0.0,0.0,0.31430158019065857,0.21130968630313873,0.0014846303965896368,0.9995026588439941,0.5147085785865784,0.17328432202339172,1.420409917831421,1.486063003540039,1.465304970741272,1.4869309663772583,1.607545256614685,0.47703108191490173,0.0494949072599411,1.0,1.273368000984192,1.2966744899749756,1.3131946325302124,0.0,12.0,0.0,0.0,0.0,0.0,0.0,0.0,,,,,,,,,,,,,,,,,,,,,,0.001
30,10000,train,-0.043408509343862534,0.10540928691625595,0.10576315224170685,0.0,0.004427996464073658,0.004427996464073658,0.0,3.498549222946167,9.999999747378752e-05,0.05000000074505806,0.05000000074505806,0.05000000074505806,0.0010000000474974513,0.0010000000474974513,1.0,0.03143502026796341,0.004326969385147095,0.0,0.0,0.0,0.0,0.0,0.0,0.0,0.0,-1.7057743072509766,-1.7057743072509766,1.0,-1.7057743072509766,-1.7057743072509766,-1.6851978302001953,0.0,-4.39749002456665,1.6716898679733276,1.0,0.03143502026796341,1.0,0.0,0.0,0.03143502026796341,0.0,0.0,0.004326969385147095,0.0,0.30432701110839844,0.17931339144706726,0.052500151097774506,0.987503707408905,0.5059481263160706,0.0,0.0,0.0,0.0,0.0,0.0,0.0,0.0,1.0,0.0,0.0011182839516550303,0.39490336179733276,0.2406587153673172,0.022653596475720406,0.0,0.10576315224170685,0.10540928691625595,0.10540928691625595,0.11586945503950119,0.029368547722697258,-3.1869498706704746e-10,0.0,0.0,5.559146404266357,5.559146404266357,1.4667651653289795,1.4667651653289795,0.6610996723175049,0.0,0.0,0.0,0.0,0.30432698130607605,0.21139635145664215,0.0032718502916395664,0.9994780421257019,0.5059481263160706,0.16423101723194122,1.4231269359588623,1.4840617179870605,1.4667651653289795,1.5372763872146606,1.6716898679733276,0.47234538197517395,0.04966216906905174,1.0,1.1174386739730835,1.2033077478408813,1.259759783744812,0.0,12.0,0.0,0.0,0.0,0.0,0.0,0.0,,,,,,,,,,,,,,,,,,,,,,0.001
30,10020,train,-0.042032867670059204,0.11075889319181442,0.11119861155748367,0.0,0.0045716529712080956,0.0045716529712080956,0.0,3.4919235706329346,9.999999747378752e-05,0.05000000074505806,0.05000000074505806,0.05000000074505806,0.0010000000474974513,0.0010000000474974513,1.0,0.036915238946676254,0.002230346202850342,0.0,0.0,0.0,0.0,0.0,0.0,0.0,0.0,-1.756484031677246,-1.756484031677246,1.0,-1.756484031677246,-1.7564841508865356,-1.7323049306869507,0.0,-4.495786190032959,1.5815995931625366,1.0,0.036915238946676254,1.0,0.0,0.0,0.036915238946676254,0.0,0.0,0.002230346202850342,0.0,0.2977696657180786,0.17306005954742432,0.0692167580127716,0.9789888262748718,0.5017569065093994,0.0,0.0,0.0,0.0,0.0,0.0,0.0,0.0,1.0,0.0,0.0007564143743366003,0.3931790292263031,0.24089838564395905,0.022838179022073746,0.0,0.11119861155748367,0.11075889319181442,0.11075889319181442,0.12124677002429962,0.03668656572699547,-1.003725991211013e-10,0.0,0.0,5.884331226348877,5.884331226348877,1.4818652868270874,1.4818652868270874,0.7475333213806152,0.0,0.0,0.0,0.0,0.2977696657180786,0.2090475708246231,0.003179778577759862,0.9993382096290588,0.5017569065093994,0.15629597008228302,1.4159401655197144,1.516345739364624,1.4818652868270874,1.4967721700668335,1.5815995931625366,0.47306573390960693,0.04989255592226982,1.0,1.4022254943847656,1.2850313186645508,1.24385404586792,0.0,12.0,0.0,0.0,0.0,0.0,0.0,0.0,,,,,,,,,,,,,,,,,,,,,,0.001
30,10020,train_epoch,-0.0491364102944464,0.10386236366665291,0.10417314815128635,0.0,0.004550145073197113,0.004550145073197113,0.0,3.472445443004905,9.999999747378752e-05,0.05000000074505806,0.05000000074505806,0.05000000074505806,0.0010000000474974513,0.0010000000474974513,1.0,0.03431091145863255,0.006360754370689392,0.0,0.0,0.0,0.0,0.0,0.0,0.0,0.0,-1.7444882432143844,-1.7444882432143844,1.0,-1.7444882432143844,-1.7444882432143844,-1.722369046982177,0.0,-4.484020368781632,1.5802696832639729,1.0,0.03431091145863255,1.0,0.0,0.0,0.03431091145863255,0.0,0.0,0.006360754370689392,0.0,0.29946108376551533,0.1714199471348774,0.06963880191707683,0.9820055765306165,0.503620820041902,0.0,0.0,0.0,0.0,0.0,0.0,0.0,0.0,1.0,0.0,0.000751489457885153,0.39811950948780883,0.24260944145882202,0.023253391714331634,0.0,0.10417314815128635,0.10386236366665291,0.10386236366665291,0.11767157176119125,0.04317507628193906,-1.3725870729663424e-11,0.0,0.0,5.790851992761303,5.790851989905991,1.4807641242078677,1.4807641242078677,0.7187034195054791,0.0,0.0,0.0,0.0,0.2994610775195196,0.20832643787304084,0.0031268998383109396,0.9993126240676035,0.503620820041902,0.15790877807996945,1.4093735103835603,1.5155699467230699,1.4807641242078677,1.481585056125047,1.5802696832639729,0.4664315323451322,0.04849327809573291,1.0,1.2740606137378487,1.2728338798363052,1.2736555905399207,0.0,12.0,0.0,0.0,0.0,0.0,0.0,0.0,,,,,,,,,,,,,,,,,,,,,,0.001
30,10020,val,,,,,,,,,,,,,,,,,,,,,,,,,,,,,,,,,,,,,,,,,,,,,,,,,,,,,,,,,,,,,,,,,,,,,,,,,,,,,,,,,,,,,,,,,,,,,,,,,,,,,,,,,,,15.350122255938393,631.3323696681431,25.12632821699468,12.19444056068148,7.234953054359981,14.2953140437603,23.14910891229447,10.998292633465358,6.741938258920397,15.34359438078744,25.14027917870152,12.276015962873187,7.235663311822074,17.062343231269292,28.032258342620775,13.577843529837471,8.041599503585271,15.350122255938393,25.12632821699468,12.19444056068148,7.234953054359981,0.0005
30,10020,test,,,,,,,,,,,,,,,,,,,,,,,,,,,,,,,,,,,,,,,,,,,,,,,,,,,,,,,,,,,,,,,,,,,,,,,,,,,,,,,,,,,,,,,,,,,,,,,,,,,,,,,,,,,30.42983709062849,2197.356887953622,46.87597346139728,24.689725288322993,13.671775587967463,22.05345415217536,33.14824953190008,17.203500270843506,10.064515164920262,29.994949987956456,45.07035355131179,24.18518637759345,13.412479255880628,42.42100751399994,62.282299388099965,35.844264473233906,18.84183497088296,30.42983709062849,46.87597346139728,24.689725288322993,13.671775587967463,0.0005
31,10040,train,-0.04107678681612015,0.11057145148515701,0.11075609922409058,0.0,0.004714644979685545,0.004714644979685545,0.0,3.48445987701416,9.999999747378752e-05,0.05000000074505806,0.05000000074505806,0.05000000074505806,0.0010000000474974513,0.0010000000474974513,1.0,0.03249580040574074,0.006993353366851807,0.0,0.0,0.0,0.0,0.0,0.0,0.0,0.0,-1.7442312240600586,-1.7442312240600586,1.0,-1.7442312240600586,-1.7442312240600586,-1.723329782485962,0.0,-4.482146263122559,1.566197156906128,1.0,0.03249580040574074,1.0,0.0,0.0,0.03249580040574074,0.0,0.0,0.006993353366851807,0.0,0.30699339509010315,0.17587627470493317,0.0790543407201767,0.9865071177482605,0.5099976062774658,0.0,0.0,0.0,0.0,0.0,0.0,0.0,0.0,1.0,0.0,0.0010454724542796612,0.4018215537071228,0.2373671531677246,0.02291221357882023,0.0,0.11075609922409058,0.11057145148515701,0.11057145148515701,0.12330791354179382,0.03242466598749161,-1.1376307534893826e-10,0.0,0.0,6.033309459686279,6.033310413360596,1.4715380668640137,1.4715380668640137,0.786712646484375,0.0,0.0,0.0,0.0,0.30699336528778076,0.20972217619419098,0.0014488594606518745,0.9996042847633362,0.5099976062774658,0.16354167461395264,1.4258663654327393,1.4878926277160645,1.4715380668640137,1.480040431022644,1.566197156906128,0.4701855778694153,0.04941219091415405,1.0,1.3067245483398438,1.2699769735336304,1.2784068584442139,0.0,12.0,0.0,0.0,0.0,0.0,0.0,0.0,,,,,,,,,,,,,,,,,,,,,,0.0005
31,10060,train,-0.05135783180594444,0.102920763194561,0.10314209759235382,0.0,0.00467255525290966,0.00467255525290966,0.0,3.4994924068450928,9.999999747378752e-05,0.05000000074505806,0.05000000074505806,0.05000000074505806,0.0010000000474974513,0.0010000000474974513,1.0,0.03519884869456291,0.003998696804046631,0.0,0.0,0.0,0.0,0.0,0.0,0.0,0.0,-1.7552978992462158,-1.7552978992462158,1.0,-1.7552978992462158,-1.7552978992462158,-1.7347811460494995,0.0,-4.502962112426758,1.5579537153244019,1.0,0.03519884869456291,1.0,0.0,0.0,0.03519884869456291,0.0,0.0,0.003998696804046631,0.0,0.3039987087249756,0.1734568476676941,0.08466187119483948,0.9794732928276062,0.5096964836120605,0.0,0.0,0.0,0.0,0.0,0.0,0.0,0.0,1.0,0.0,0.00018920963339041919,0.4067819118499756,0.23500876128673553,0.02252092771232128,0.0,0.10314209759235382,0.102920763194561,0.102920763194561,0.12327708303928375,0.04452340677380562,-3.1472491279771475e-10,0.0,0.0,5.793896675109863,5.793896675109863,1.4508835077285767,1.4508835077285767,0.7426968216896057,0.0,0.0,0.0,0.0,0.3039987087249756,0.2073439508676529,0.002236844738945365,0.9995284080505371,0.5096964836120605,0.1580422818660736,1.4058161973953247,1.4686888456344604,1.4508835077285767,1.4645363092422485,1.5579537153244019,0.47324997186660767,0.04919717460870743,1.0,1.2067832946777344,1.229663610458374,1.240534782409668,0.0,12.0,0.0,0.0,0.0,0.0,0.0,0.0,,,,,,,,,,,,,,,,,,,,,,0.0005
31,10080,train,-0.042900435626506805,0.111745186150074,0.11192337423563004,0.0,0.004580415319651365,0.004580415319651365,0.0,3.5190775394439697,9.999999747378752e-05,0.05000000074505806,0.05000000074505806,0.05000000074505806,0.0010000000474974513,0.0010000000474974513,1.0,0.034037187695503235,0.015120089054107666,0.0,0.0,0.0,0.0,0.0,0.0,0.0,0.0,-1.7766038179397583,-1.7766038179397583,1.0,-1.7766038179397583,-1.7766038179397583,-1.756110668182373,0.0,-4.555696487426758,1.5083708763122559,1.0,0.034037187695503235,1.0,0.0,0.0,0.034037187695503235,0.0,0.0,0.015120089054107666,0.0,0.3151201009750366,0.181984081864357,0.05202764272689819,0.9874088168144226,0.5156711339950562,0.0,0.0,0.0,0.0,0.0,0.0,0.0,0.0,1.0,0.0,0.0007995237247087061,0.40983089804649353,0.22751978039741516,0.021791040897369385,0.0,0.11192337423563004,0.111745186150074,0.111745186150074,0.12313667684793472,0.08115644007921219,-1.4787962521189968e-10,0.0,0.0,6.016835689544678,6.016835689544678,1.412634253501892,1.412634253501892,0.7978973388671875,0.0,0.0,0.0,0.0,0.3151201009750366,0.21153327822685242,0.005727986805140972,0.9994285702705383,0.5156711339950562,0.1751531958580017,1.3779383897781372,1.424365758895874,1.412634253501892,1.4511337280273438,1.5083708763122559,0.47167515754699707,0.04921453073620796,1.0,1.1590932607650757,1.1396671533584595,1.1748924255371094,0.0,12.0,0.0,0.0,0.0,0.0,0.0,0.0,,,,,,,,,,,,,,,,,,,,,,0.0005
31,10100,train,-0.058845650404691696,0.09672515094280243,0.09700522571802139,0.0,0.004251514095813036,0.004251514095813036,0.0,3.459744453430176,9.999999747378752e-05,0.05000000074505806,0.05000000074505806,0.05000000074505806,0.0010000000474974513,0.0010000000474974513,1.0,0.02754203788936138,0.007603377103805542,0.0,0.0,0.0,0.0,0.0,0.0,0.0,0.0,-1.7556554079055786,-1.7556554079055786,1.0,-1.7556554079055786,-1.7556555271148682,-1.73458993434906,0.0,-4.503665447235107,1.556593418121338,1.0,0.02754203788936138,1.0,0.0,0.0,0.02754203788936138,0.0,0.0,0.007603377103805542,0.0,0.3076033592224121,0.17768214643001556,0.06346814334392548,0.9936717748641968,0.5027064681053162,0.0,0.0,0.0,0.0,0.0,0.0,0.0,0.0,1.0,0.0,0.0008735437295399606,0.38815250992774963,0.23845461010932922,0.023410717025399208,0.0,0.09700522571802139,0.09672515094280243,0.09672515094280243,0.11065216362476349,0.0395713746547699,1.1521005677250784e-10,0.0,0.0,5.861664772033691,5.861664772033691,1.4732142686843872,1.4732142686843872,0.6785885095596313,0.0,0.0,0.0,0.0,0.3076033890247345,0.21596220135688782,0.0010466170497238636,0.9996576309204102,0.5027064681053162,0.17161458730697632,1.419181227684021,1.5046981573104858,1.4732142686843872,1.4617785215377808,1.556593418121338,0.47394251823425293,0.048807404935359955,1.0,1.2531535625457764,1.2510803937911987,1.2418313026428223,0.0,12.0,0.0,0.0,0.0,0.0,0.0,0.0,,,,,,,,,,,,,,,,,,,,,,0.0005
31,10120,train,-0.056088611483573914,0.09643272310495377,0.09666363894939423,0.0,0.0044778683222830296,0.0044778683222830296,0.0,3.498290777206421,9.999999747378752e-05,0.05000000074505806,0.05000000074505806,0.05000000074505806,0.0010000000474974513,0.0010000000474974513,1.0,0.02872922085225582,0.006200700998306274,0.0,0.0,0.0,0.0,0.0,0.0,0.0,0.0,-1.724627137184143,-1.724627137184143,1.0,-1.724627137184143,-1.724627137184143,-1.7022672891616821,0.0,-4.4524054527282715,1.5562686920166016,1.0,0.02872922085225582,1.0,0.0,0.0,0.02872922085225582,0.0,0.0,0.006200700998306274,0.0,0.30620071291923523,0.1804523766040802,0.04798845574259758,0.9894369840621948,0.5010787844657898,0.0,0.0,0.0,0.0,0.0,0.0,0.0,0.0,1.0,0.0,0.0007982614915817976,0.4125376045703888,0.23648545145988464,0.022295281291007996,0.0,0.09666363894939423,0.09643272310495377,0.09643272310495377,0.10996159166097641,0.07117033749818802,3.3040994940058965e-10,0.0,0.0,5.959121227264404,5.959121227264404,1.4317371845245361,1.4317371845245361,0.6988236904144287,0.0,0.0,0.0,0.0,0.30620071291923523,0.21675430238246918,0.002000562846660614,0.9995904564857483,0.5010787844657898,0.17189033329486847,1.3944145441055298,1.4567313194274902,1.4317371845245361,1.449797511100769,1.5562686920166016,0.45698148012161255,0.047778379172086716,1.0,1.224877119064331,1.2143466472625732,1.2537798881530762,0.0,12.0,0.0,0.0,0.0,0.0,0.0,0.0,,,,,,,,,,,,,,,,,,,,,,0.0005
31,10140,train,-0.05882420390844345,0.09605376422405243,0.09643062204122543,0.0,0.0046267881989479065,0.0046267881989479065,0.0,3.4727656841278076,9.999999747378752e-05,0.05000000074505806,0.05000000074505806,0.05000000074505806,0.0010000000474974513,0.0010000000474974513,1.0,0.025188006460666656,0.001998037099838257,0.0,0.0,0.0,0.0,0.0,0.0,0.0,0.0,-1.7476989030838013,-1.7476989030838013,1.0,-1.7476989030838013,-1.7476989030838013,-1.7225124835968018,0.0,-4.499556064605713,1.5465741157531738,1.0,0.025188006460666656,1.0,0.0,0.0,0.025188006460666656,0.0,0.0,0.001998037099838257,0.0,0.2980020046234131,0.17030279338359833,0.07022812962532043,0.9812483191490173,0.49643924832344055,0.0,0.0,0.0,0.0,0.0,0.0,0.0,0.0,1.0,0.0,0.0010192766785621643,0.40219494700431824,0.2446402609348297,0.02312774397432804,0.0,0.09643062204122543,0.09605376422405243,0.09605376422405243,0.11311805248260498,0.05418351665139198,-1.775244534707454e-11,0.0,0.0,5.993563652038574,5.993563652038574,1.4863998889923096,1.4863998889923096,0.7443326711654663,0.0,0.0,0.0,0.0,0.2980019748210907,0.2130526900291443,0.002273316727951169,0.9994727969169617,0.49643924832344055,0.16086091101169586,1.4204353094100952,1.5246251821517944,1.4863998889923096,1.4596816301345825,1.5465741157531738,0.4678308069705963,0.04847533255815506,1.0,1.261714220046997,1.2901771068572998,1.2446589469909668,0.0,12.0,0.0,0.0,0.0,0.0,0.0,0.0,,,,,,,,,,,,,,,,,,,,,,0.0005
31,10160,train,-0.05124231055378914,0.10221798717975616,0.10249911993741989,0.0,0.0046366010792553425,0.0046366010792553425,0.0,3.503126859664917,9.999999747378752e-05,0.05000000074505806,0.05000000074505806,0.05000000074505806,0.0010000000474974513,0.0010000000474974513,1.0,0.02958504855632782,0.005433261394500732,0.0,0.0,0.0,0.0,0.0,0.0,0.0,0.0,-1.7457728385925293,-1.7457728385925293,1.0,-1.7457728385925293,-1.7457727193832397,-1.726796269416809,0.0,-4.493154048919678,1.5440735816955566,1.0,0.02958504855632782,1.0,0.0,0.0,0.02958504855632782,0.0,0.0,0.005433261394500732,0.0,0.3054333031177521,0.17660145461559296,0.07179555296897888,0.984086275100708,0.5075324773788452,0.0,0.0,0.0,0.0,0.0,0.0,0.0,0.0,1.0,0.0,0.0008287238306365907,0.4149477779865265,0.23561827838420868,0.022077351808547974,0.0,0.10249911993741989,0.10221798717975616,0.10221798717975616,0.12020538747310638,0.0585901141166687,-1.3047064817417464e-10,0.0,0.0,6.054358005523682,6.054357528686523,1.4415184259414673,1.4415184259414673,0.7880586385726929,0.0,0.0,0.0,0.0,0.3054332733154297,0.21057797968387604,0.0017737823072820902,0.9996262788772583,0.5075324773788452,0.16469056904315948,1.3973990678787231,1.463124394416809,1.4415184259414673,1.4546273946762085,1.5440735816955566,0.46603628993034363,0.048443567007780075,1.0,1.2211132049560547,1.2107641696929932,1.2415745258331299,0.0,12.0,0.0,0.0,0.0,0.0,0.0,0.0,,,,,,,,,,,,,,,,,,,,,,0.0005
31,10180,train,-0.05110001936554909,0.10047625750303268,0.10097058862447739,0.0,0.004559136927127838,0.004559136927127838,0.0,3.4540653228759766,9.999999747378752e-05,0.05000000074505806,0.05000000074505806,0.05000000074505806,0.0010000000474974513,0.0010000000474974513,1.0,0.023310748860239983,0.0036606788635253906,0.0,0.0,0.0,0.0,0.0,0.0,0.0,0.0,-1.7237073183059692,-1.7237073183059692,1.0,-1.7237073183059692,-1.7237073183059692,-1.6987695693969727,0.0,-4.439460754394531,1.5883498191833496,1.0,0.023310748860239983,1.0,0.0,0.0,0.023310748860239983,0.0,0.0,0.0036606788635253906,0.0,0.30366069078445435,0.1729487180709839,0.07778750360012054,0.9879167079925537,0.5015389919281006,0.0,0.0,0.0,0.0,0.0,0.0,0.0,0.0,1.0,0.0,0.0008268700912594795,0.3871765732765198,0.24180223047733307,0.02332635223865509,0.0,0.10097058862447739,0.10047625750303268,0.10047625750303268,0.10303369909524918,0.02512344717979431,-5.35630262366027e-10,0.0,0.0,5.960874557495117,5.960874080657959,1.4804867506027222,1.4804867506027222,0.6599400639533997,0.0,0.0,0.0,0.0,0.30366069078445435,0.21367619931697845,0.0019537757616490126,0.9995846152305603,0.5015389919281006,0.16416974365711212,1.4345088005065918,1.5035598278045654,1.4804867506027222,1.4724255800247192,1.5883498191833496,0.46675676107406616,0.04862351343035698,1.0,1.3326950073242188,1.3172533512115479,1.2970809936523438,0.0,12.0,0.0,0.0,0.0,0.0,0.0,0.0,,,,,,,,,,,,,,,,,,,,,,0.0005
31,10200,train,-0.05639243870973587,0.09564370661973953,0.09610172361135483,0.0,0.004500607494264841,0.004500607494264841,0.0,3.446171998977661,9.999999747378752e-05,0.05000000074505806,0.05000000074505806,0.05000000074505806,0.0010000000474974513,0.0010000000474974513,1.0,0.028641123324632645,0.0013155937194824219,0.0,0.0,0.0,0.0,0.0,0.0,0.0,0.0,-1.718560814857483,-1.718560814857483,1.0,-1.718560814857483,-1.7185609340667725,-1.6854804754257202,0.0,-4.442486763000488,1.6094635725021362,1.0,0.028641123324632645,1.0,0.0,0.0,0.028641123324632645,0.0,0.0,0.0013155937194824219,0.0,0.29868441820144653,0.17426371574401855,0.07760238647460938,0.9938372373580933,0.4947893023490906,0.0,0.0,0.0,0.0,0.0,0.0,0.0,0.0,1.0,0.0,0.0010292312363162637,0.39958399534225464,0.25670892000198364,0.024096813052892685,0.0,0.09610172361135483,0.09564370661973953,0.09564370661973953,0.11004270613193512,0.03615639731287956,-3.1138533418406666e-10,0.0,0.0,5.772741317749023,5.772741317749023,1.5453526973724365,1.5453526973724365,0.6714978814125061,0.0,0.0,0.0,0.0,0.29868441820144653,0.21520543098449707,0.002674274845048785,0.9994543194770813,0.4947893023490906,0.1626991480588913,1.4302200078964233,1.6099202632904053,1.5453526973724365,1.4827840328216553,1.6094635725021362,0.4585556089878082,0.04828708991408348,1.0,1.3462506532669067,1.2698031663894653,1.2468799352645874,0.0,12.0,0.0,0.0,0.0,0.0,0.0,0.0,,,,,,,,,,,,,,,,,,,,,,0.0005
31,10220,train,-0.05137380212545395,0.10234805196523666,0.10270333290100098,0.0,0.004742941353470087,0.004742941353470087,0.0,3.494006872177124,9.999999747378752e-05,0.05000000074505806,0.05000000074505806,0.05000000074505806,0.0010000000474974513,0.0010000000474974513,1.0,0.022189181298017502,0.0004673898220062256,0.0,0.0,0.0,0.0,0.0,0.0,0.0,0.0,-1.7487173080444336,-1.7487173080444336,1.0,-1.7487173080444336,-1.7487173080444336,-1.7314224243164062,0.0,-4.4953155517578125,1.5287816524505615,1.0,0.022189181298017502,1.0,0.0,0.0,0.022189181298017502,0.0,0.0,0.0004673898220062256,0.0,0.29953262209892273,0.17857539653778076,0.04920267313718796,0.9815410375595093,0.5035063624382019,0.0,0.0,0.0,0.0,0.0,0.0,0.0,0.0,1.0,0.0,0.0007129795849323273,0.4117497205734253,0.23148897290229797,0.022192485630512238,0.0,0.10270333290100098,0.10234805196523666,0.10234805196523666,0.11858850717544556,0.05864771082997322,-5.0212414087758006e-11,0.0,0.0,6.138479709625244,6.138479709625244,1.4340224266052246,1.4340224266052246,0.7766047716140747,0.0,0.0,0.0,0.0,0.29953262209892273,0.20941008627414703,0.0043936837464571,0.9994613528251648,0.5035063624382019,0.157230406999588,1.402801752090454,1.4445164203643799,1.4340224266052246,1.440128207206726,1.5287816524505615,0.46266019344329834,0.04830053821206093,1.0,1.180964708328247,1.2109001874923706,1.2392901182174683,0.0,12.0,0.0,0.0,0.0,0.0,0.0,0.0,,,,,,,,,,,,,,,,,,,,,,0.0005
31,10240,train,-0.04453301057219505,0.10887268930673599,0.10926353931427002,0.0,0.004623393062502146,0.004623393062502146,0.0,3.5050976276397705,9.999999747378752e-05,0.05000000074505806,0.05000000074505806,0.05000000074505806,0.0010000000474974513,0.0010000000474974513,1.0,0.02869938686490059,0.010437071323394775,0.0,0.0,0.0,0.0,0.0,0.0,0.0,0.0,-1.7587921619415283,-1.7587921619415283,1.0,-1.7587921619415283,-1.7587922811508179,-1.736741304397583,0.0,-4.51015567779541,1.5520493984222412,1.0,0.02869938686490059,1.0,0.0,0.0,0.02869938686490059,0.0,0.0,0.010437071323394775,0.0,0.3104371130466461,0.1822984665632248,0.061651550233364105,0.9935102462768555,0.507276713848114,0.0,0.0,0.0,0.0,0.0,0.0,0.0,0.0,1.0,0.0,0.0009201783686876297,0.4073907732963562,0.23384711146354675,0.022040290758013725,0.0,0.10926353931427002,0.10887268930673599,0.10887268930673599,0.13164576888084412,0.049722909927368164,-1.543586265750907e-11,0.0,0.0,6.060367584228516,6.060367584228516,1.4506008625030518,1.4506008625030518,0.8428922295570374,0.0,0.0,0.0,0.0,0.31043708324432373,0.21524184942245483,0.0030872842762619257,0.9996322393417358,0.507276713848114,0.17326900362968445,1.4043091535568237,1.4657055139541626,1.4506008625030518,1.4703433513641357,1.5520493984222412,0.46597856283187866,0.048662107437849045,1.0,1.1990396976470947,1.2187211513519287,1.2568634748458862,0.0,12.0,0.0,0.0,0.0,0.0,0.0,0.0,,,,,,,,,,,,,,,,,,,,,,0.0005
31,10260,train,-0.05423673242330551,0.09863156080245972,0.09896178543567657,0.0,0.004468179307878017,0.004468179307878017,0.0,3.4759504795074463,9.999999747378752e-05,0.05000000074505806,0.05000000074505806,0.05000000074505806,0.0010000000474974513,0.0010000000474974513,1.0,0.029373828321695328,0.0019990205764770508,0.0,0.0,0.0,0.0,0.0,0.0,0.0,0.0,-1.7326302528381348,-1.7326302528381348,1.0,-1.7326302528381348,-1.7326302528381348,-1.7117935419082642,0.0,-4.462571144104004,1.579539179801941,1.0,0.029373828321695328,1.0,0.0,0.0,0.029373828321695328,0.0,0.0,0.0019990205764770508,0.0,0.301999032497406,0.17996971309185028,0.06539115309715271,0.9911178350448608,0.49739953875541687,0.0,0.0,0.0,0.0,0.0,0.0,0.0,0.0,1.0,0.0,0.000678390497341752,0.4119381606578827,0.23686395585536957,0.022793738171458244,0.0,0.09896178543567657,0.09863156080245972,0.09863156080245972,0.12120446562767029,0.07634417712688446,1.2068525345743097e-10,0.0,0.0,5.7963385581970215,5.7963385581970215,1.4416364431381226,1.4416364431381226,0.7537116408348083,0.0,0.0,0.0,0.0,0.301999032497406,0.21658270061016083,0.001933204592205584,0.9997125267982483,0.49739953875541687,0.1671568751335144,1.4026015996932983,1.4622740745544434,1.4416364431381226,1.476950764656067,1.579539179801941,0.4673921465873718,0.04844653233885765,1.0,1.2185733318328857,1.2454314231872559,1.2624629735946655,0.0,12.0,0.0,0.0,0.0,0.0,0.0,0.0,,,,,,,,,,,,,,,,,,,,,,0.0005
31,10280,train,-0.05528298392891884,0.09610581398010254,0.09633604437112808,0.0,0.004453069996088743,0.004453069996088743,0.0,3.4461910724639893,9.999999747378752e-05,0.05000000074505806,0.05000000074505806,0.05000000074505806,0.0010000000474974513,0.0010000000474974513,1.0,0.03263113647699356,0.003957986831665039,0.0,0.0,0.0,0.0,0.0,0.0,0.0,0.0,-1.7125985622406006,-1.7125985622406006,1.0,-1.7125985622406006,-1.7125986814498901,-1.691697597503662,0.0,-4.4345879554748535,1.5903388261795044,1.0,0.03263113647699356,1.0,0.0,0.0,0.03263113647699356,0.0,0.0,0.003957986831665039,0.0,0.2960420250892639,0.17489749193191528,0.07459061592817307,0.9955138564109802,0.497761994600296,0.0,0.0,0.0,0.0,0.0,0.0,0.0,0.0,1.0,0.0,0.0005205169436521828,0.39884716272354126,0.24516898393630981,0.02375001274049282,0.0,0.09633604437112808,0.09610581398010254,0.09610581398010254,0.10867531597614288,0.05095044523477554,5.770994793152795e-11,0.0,0.0,5.7475199699401855,5.7475199699401855,1.5055302381515503,1.5055302381515503,0.663048505783081,0.0,0.0,0.0,0.0,0.2960420250892639,0.21135468780994415,0.007814343087375164,0.9996721744537354,0.497761994600296,0.15772059559822083,1.4265285730361938,1.543182373046875,1.5055302381515503,1.495051383972168,1.5903388261795044,0.46814221143722534,0.048880644142627716,1.0,1.3595569133758545,1.3036952018737793,1.3691238164901733,0.0,12.0,0.0,0.0,0.0,0.0,0.0,0.0,,,,,,,,,,,,,,,,,,,,,,0.0005
31,10300,train,-0.052184320986270905,0.1020493283867836,0.10231292247772217,0.0,0.004682231228798628,0.004682231228798628,0.0,3.4837074279785156,9.999999747378752e-05,0.05000000074505806,0.05000000074505806,0.05000000074505806,0.0010000000474974513,0.0010000000474974513,1.0,0.028302650898694992,0.007569819688796997,0.0,0.0,0.0,0.0,0.0,0.0,0.0,0.0,-1.7531459331512451,-1.7531459331512451,1.0,-1.7531459331512451,-1.7531458139419556,-1.7300862073898315,0.0,-4.502017974853516,1.555059790611267,1.0,0.028302650898694992,1.0,0.0,0.0,0.028302650898694992,0.0,0.0,0.007569819688796997,0.0,0.29243022203445435,0.17915302515029907,0.04260975122451782,0.9850995540618896,0.49004966020584106,0.0,0.0,0.0,0.0,0.0,0.0,0.0,0.0,1.0,0.0,0.0006714154733344913,0.4066106677055359,0.23777763545513153,0.022674016654491425,0.0,0.10231292247772217,0.1020493283867836,0.1020493283867836,0.11904123425483704,0.058518022298812866,1.9995108346826385e-10,0.0,0.0,5.939922332763672,5.939922332763672,1.4686150550842285,1.4686150550842285,0.7657252550125122,0.0,0.0,0.0,0.0,0.29243019223213196,0.2143917828798294,0.001495668780989945,0.9993164539337158,0.49004966020584106,0.15784314274787903,1.4172770977020264,1.4908210039138794,1.4686150550842285,1.4650726318359375,1.555059790611267,0.4620506763458252,0.048040762543678284,1.0,1.1615979671478271,1.2165720462799072,1.2166615724563599,0.0,12.0,0.0,0.0,0.0,0.0,0.0,0.0,,,,,,,,,,,,,,,,,,,,,,0.0005
31,10320,train,-0.03990911319851875,0.11105257272720337,0.1113840714097023,0.0,0.004902642220258713,0.004902642220258713,0.0,3.508706569671631,9.999999747378752e-05,0.05000000074505806,0.05000000074505806,0.05000000074505806,0.0010000000474974513,0.0010000000474974513,1.0,0.031558357179164886,0.001593947410583496,0.0,0.0,0.0,0.0,0.0,0.0,0.0,0.0,-1.7386765480041504,-1.7386765480041504,1.0,-1.7386765480041504,-1.73867666721344,-1.7130740880966187,0.0,-4.476010322570801,1.5842562913894653,1.0,0.031558357179164886,1.0,0.0,0.0,0.031558357179164886,0.0,0.0,0.001593947410583496,0.0,0.29840606451034546,0.1801193654537201,0.05862864851951599,0.9880632758140564,0.48871904611587524,0.0,0.0,0.0,0.0,0.0,0.0,0.0,0.0,1.0,0.0,0.0008898332016542554,0.41609829664230347,0.24254624545574188,0.022258613258600235,0.0,0.1113840714097023,0.11105257272720337,0.11105257272720337,0.13695360720157623,0.05627632886171341,2.416947475492037e-10,0.0,0.0,6.134512901306152,6.134512901306152,1.4804075956344604,1.4804075956344604,0.8974325060844421,0.0,0.0,0.0,0.0,0.29840606451034546,0.22059708833694458,0.002517650369554758,0.9996702671051025,0.48871904611587524,0.16829045116901398,1.4013813734054565,1.5237699747085571,1.4804075956344604,1.4823695421218872,1.5842562913894653,0.4523039162158966,0.047781385481357574,1.0,1.2092951536178589,1.216688871383667,1.224315881729126,0.0,12.0,0.0,0.0,0.0,0.0,0.0,0.0,,,,,,,,,,,,,,,,,,,,,,0.0005
31,10340,train,-0.056394461542367935,0.09819131344556808,0.09842647612094879,0.0,0.004676037468016148,0.004676037468016148,0.0,3.474332809448242,9.999999747378752e-05,0.05000000074505806,0.05000000074505806,0.05000000074505806,0.0010000000474974513,0.0010000000474974513,1.0,0.02512475661933422,0.0018205344676971436,0.0,0.0,0.0,0.0,0.0,0.0,0.0,0.0,-1.7487925291061401,-1.7487925291061401,1.0,-1.7487925291061401,-1.7487925291061401,-1.7243825197219849,0.0,-4.4838361740112305,1.5594693422317505,1.0,0.02512475661933422,1.0,0.0,0.0,0.02512475661933422,0.0,0.0,0.0018205344676971436,0.0,0.2981795072555542,0.1817738115787506,0.05714324861764908,0.9852682948112488,0.49002304673194885,0.0,0.0,0.0,0.0,0.0,0.0,0.0,0.0,1.0,0.0,0.0005761314532719553,0.40017417073249817,0.23917868733406067,0.022847259417176247,0.0,0.09842647612094879,0.09819131344556808,0.09819131344556808,0.11389081925153732,0.05753694474697113,-4.524398911076588e-10,0.0,0.0,5.867173194885254,5.867173194885254,1.4740458726882935,1.4740458726882935,0.7237911224365234,0.0,0.0,0.0,0.0,0.2981794774532318,0.21937121450901031,0.000912753283046186,0.9998410940170288,0.49002304673194885,0.16724878549575806,1.4239264726638794,1.4947142601013184,1.4740458726882935,1.4703388214111328,1.5594693422317505,0.46412691473960876,0.04852280393242836,1.0,1.1908669471740723,1.2575348615646362,1.2652161121368408,0.0,12.0,0.0,0.0,0.0,0.0,0.0,0.0,,,,,,,,,,,,,,,,,,,,,,0.0005
31,10354,train_epoch,-0.05125845846591774,0.10180550858289182,0.10213723180893652,0.0,0.004543179722815128,0.004543179722815128,0.0,3.480307242113673,9.999999747378752e-05,0.05000000074505806,0.05000000074505806,0.05000000074505806,0.0010000000474974513,0.0010000000474974513,1.0,0.030897510243568592,0.006417335061256043,0.0,0.0,0.0,0.0,0.0,0.0,0.0,0.0,-1.7410391576275854,-1.7410391576275854,1.0,-1.7410391576275854,-1.7410391586983276,-1.7180623479945931,0.0,-4.478082558352076,1.5758960893054208,1.0,0.030897510243568592,1.0,0.0,0.0,0.030897510243568592,0.0,0.0,0.006417335061256043,0.0,0.2993162923051925,0.17723913160626759,0.06395573259336863,0.986354305715618,0.4977670758962631,0.0,0.0,0.0,0.0,0.0,0.0,0.0,0.0,1.0,0.0,0.0007795911023242003,0.40080449011868347,0.2422393402475083,0.022929344387602305,0.0,0.10213723180893652,0.10180550858289182,0.10180550858289182,0.11610952811594495,0.04395481787498589,-2.955229135274292e-11,0.0,0.0,5.890652872131256,5.89065288212485,1.4818060412378369,1.4818060412378369,0.7250479980857073,0.0,0.0,0.0,0.0,0.299316287308396,0.21366076764767755,0.0027186855474071476,0.9995468303471983,0.4977670758962631,0.16226298411092357,1.417095378844324,1.5136177657607073,1.4818060412378369,1.4822706301769097,1.5758960893054208,0.46558732481416826,0.04875466481832687,1.0,1.2625592882761698,1.2612980554203788,1.2618748763364231,0.0,12.0,0.0,0.0,0.0,0.0,0.0,0.0,,,,,,,,,,,,,,,,,,,,,,0.0005
31,10354,val,,,,,,,,,,,,,,,,,,,,,,,,,,,,,,,,,,,,,,,,,,,,,,,,,,,,,,,,,,,,,,,,,,,,,,,,,,,,,,,,,,,,,,,,,,,,,,,,,,,,,,,,,,,15.024769714900426,625.9924352509635,25.0198408318471,10.81059261730739,6.9505122900009155,14.010431459971837,23.11401834028461,9.695385890347618,6.477105958121164,14.991210307393755,25.03898284538969,10.55784922838211,6.9372029304504395,16.848448949200765,27.910430490110713,12.632621147802897,7.827686658927372,15.024769714900426,25.0198408318471,10.81059261730739,6.9505122900009155,0.0005
31,10354,test,,,,,,,,,,,,,,,,,,,,,,,,,,,,,,,,,,,,,,,,,,,,,,,,,,,,,,,,,,,,,,,,,,,,,,,,,,,,,,,,,,,,,,,,,,,,,,,,,,,,,,,,,,,32.01423123053142,2433.6547528675624,49.33208644348587,25.936305046081543,14.175806156226567,22.920264627252305,34.03297498410352,18.682442000934056,10.302043906279973,31.30762482540948,46.85967584714294,25.065020740032196,13.826790417943682,45.29045494965145,66.50366113584339,36.373813492911204,19.86499774456024,32.01423123053142,49.33208644348587,25.936305046081543,14.175806156226567,0.0005
32,10360,train,-0.061536628752946854,0.0921766385436058,0.09228719025850296,0.0,0.00438876636326313,0.00438876636326313,0.0,3.4408156871795654,9.999999747378752e-05,0.05000000074505806,0.05000000074505806,0.05000000074505806,0.0010000000474974513,0.0010000000474974513,1.0,0.029178915545344353,0.002298504114151001,0.0,0.0,0.0,0.0,0.0,0.0,0.0,0.0,-1.7276569604873657,-1.7276569604873657,1.0,-1.7276569604873657,-1.7276569604873657,-1.7053706645965576,0.0,-4.444190502166748,1.6452642679214478,1.0,0.029178915545344353,1.0,0.0,0.0,0.029178915545344353,0.0,0.0,0.002298504114151001,0.0,0.30229851603507996,0.17382767796516418,0.08205394446849823,0.9894048571586609,0.4999156594276428,0.0,0.0,0.0,0.0,0.0,0.0,0.0,0.0,1.0,0.0,0.00040459795854985714,0.3952822983264923,0.2523999512195587,0.024150583893060684,0.0,0.09228719025850296,0.0921766385436058,0.0921766385436058,0.10972530394792557,0.026148885488510132,3.538022097515636e-10,0.0,0.0,5.59622859954834,5.59622859954834,1.5338624715805054,1.5338624715805054,0.6418776512145996,0.0,0.0,0.0,0.0,0.30229851603507996,0.21445363759994507,0.00302289891988039,0.9997249245643616,0.4999156594276428,0.16551777720451355,1.4459749460220337,1.5835415124893188,1.5338624715805054,1.5164161920547485,1.6452642679214478,0.4577871561050415,0.048298027366399765,1.0,1.254223108291626,1.2595477104187012,1.263655424118042,0.0,12.0,0.0,0.0,0.0,0.0,0.0,0.0,,,,,,,,,,,,,,,,,,,,,,0.0005
32,10380,train,-0.05625157803297043,0.09715460985898972,0.09746193885803223,0.0,0.004542424809187651,0.004542424809187651,0.0,3.4872303009033203,9.999999747378752e-05,0.05000000074505806,0.05000000074505806,0.05000000074505806,0.0010000000474974513,0.0010000000474974513,1.0,0.033956315368413925,0.004871010780334473,0.0,0.0,0.0,0.0,0.0,0.0,0.0,0.0,-1.7351324558258057,-1.7351324558258057,1.0,-1.7351324558258057,-1.7351324558258057,-1.7094240188598633,0.0,-4.464544296264648,1.5710740089416504,1.0,0.033956315368413925,1.0,0.0,0.0,0.033956315368413925,0.0,0.0,0.004871010780334473,0.0,0.29512903094291687,0.18105904757976532,0.04550006240606308,0.9928109049797058,0.4895939230918884,0.0,0.0,0.0,0.0,0.0,0.0,0.0,0.0,1.0,0.0,0.0005418036598712206,0.4012667238712311,0.24937129020690918,0.022911664098501205,0.0,0.09746193885803223,0.09715460985898972,0.09715460985898972,0.11482327431440353,0.050411421805620193,1.4262263592357272e-10,0.0,0.0,5.869431972503662,5.86943244934082,1.526472568511963,1.526472568511963,0.7161130309104919,0.0,0.0,0.0,0.0,0.2951290011405945,0.2171935886144638,0.0025732705835253,0.9996355772018433,0.4895939230918884,0.16128984093666077,1.4348390102386475,1.5671350955963135,1.526472568511963,1.479350209236145,1.5710740089416504,0.4684876501560211,0.048499416559934616,1.0,1.251823902130127,1.3045048713684082,1.305753231048584,0.0,12.0,0.0,0.0,0.0,0.0,0.0,0.0,,,,,,,,,,,,,,,,,,,,,,0.0005
32,10400,train,-0.05367239564657211,0.09988544881343842,0.1001804992556572,0.0,0.004617340862751007,0.004617340862751007,0.0,3.490926742553711,9.999999747378752e-05,0.05000000074505806,0.05000000074505806,0.05000000074505806,0.0010000000474974513,0.0010000000474974513,1.0,0.027586527168750763,0.004035979509353638,0.0,0.0,0.0,0.0,0.0,0.0,0.0,0.0,-1.7420552968978882,-1.7420552968978882,1.0,-1.7420552968978882,-1.7420552968978882,-1.7158799171447754,0.0,-4.483337879180908,1.596392273902893,1.0,0.027586527168750763,1.0,0.0,0.0,0.027586527168750763,0.0,0.0,0.004035979509353638,0.0,0.2959640324115753,0.17950862646102905,0.07154419273138046,0.9857109785079956,0.49100202322006226,0.0,0.0,0.0,0.0,0.0,0.0,0.0,0.0,1.0,0.0,0.0006469380459748209,0.40752220153808594,0.24258358776569366,0.022740744054317474,0.0,0.1001804992556572,0.09988544881343842,0.09988544881343842,0.11978885531425476,0.06557663530111313,3.487502231447337e-10,0.0,0.0,5.720640182495117,5.720640182495117,1.489933729171753,1.489933729171753,0.7346514463424683,0.0,0.0,0.0,0.0,0.2959640324115753,0.21647515892982483,0.0023863771930336952,0.9997040629386902,0.49100202322006226,0.16220895946025848,1.4173433780670166,1.5208529233932495,1.489933729171753,1.4748541116714478,1.596392273902893,0.462944895029068,0.04796554520726204,1.0,1.2410272359848022,1.2459989786148071,1.2302796840667725,0.0,12.0,0.0,0.0,0.0,0.0,0.0,0.0,,,,,,,,,,,,,,,,,,,,,,0.0005
32,10420,train,-0.06252331286668777,0.09107757359743118,0.0912642851471901,0.0,0.004486171994358301,0.004486171994358301,0.0,3.5055694580078125,9.999999747378752e-05,0.05000000074505806,0.05000000074505806,0.05000000074505806,0.0010000000474974513,0.0010000000474974513,1.0,0.02267279289662838,0.007385194301605225,0.0,0.0,0.0,0.0,0.0,0.0,0.0,0.0,-1.7245866060256958,-1.7245866060256958,1.0,-1.7245866060256958,-1.7245864868164062,-1.7027134895324707,0.0,-4.454248428344727,1.6064140796661377,1.0,0.02267279289662838,1.0,0.0,0.0,0.02267279289662838,0.0,0.0,0.007385194301605225,0.0,0.3073852062225342,0.17808808386325836,0.05258364602923393,0.9853358268737793,0.5041069388389587,0.0,0.0,0.0,0.0,0.0,0.0,0.0,0.0,1.0,0.0,0.00020843115635216236,0.38650819659233093,0.24082840979099274,0.02227306179702282,0.0,0.0912642851471901,0.09107757359743118,0.09107757359743118,0.10559433698654175,0.03295881673693657,-1.5508307138478727e-10,0.0,0.0,5.846104145050049,5.846103668212891,1.4818600416183472,1.4818600416183472,0.6461288332939148,0.0,0.0,0.0,0.0,0.3073852062225342,0.2151946872472763,0.002446528058499098,0.9997183680534363,0.5041069388389587,0.17054228484630585,1.4282094240188599,1.5129209756851196,1.4818600416183472,1.5040254592895508,1.6064140796661377,0.466726154088974,0.048469576984643936,1.0,1.319200038909912,1.2949984073638916,1.3216745853424072,0.0,12.0,0.0,0.0,0.0,0.0,0.0,0.0,,,,,,,,,,,,,,,,,,,,,,0.0005
32,10440,train,-0.05254123732447624,0.10121336579322815,0.10132211446762085,0.0,0.004486005287617445,0.004486005287617445,0.0,3.4902901649475098,9.999999747378752e-05,0.05000000074505806,0.05000000074505806,0.05000000074505806,0.0010000000474974513,0.0010000000474974513,1.0,0.02789372391998768,0.0005541741847991943,0.0,0.0,0.0,0.0,0.0,0.0,0.0,0.0,-1.7462080717086792,-1.7462080717086792,1.0,-1.7462080717086792,-1.7462079524993896,-1.7179725170135498,0.0,-4.4795942306518555,1.5576434135437012,1.0,0.02789372391998768,1.0,0.0,0.0,0.02789372391998768,0.0,0.0,0.0005541741847991943,0.0,0.30055418610572815,0.18257436156272888,0.059969596564769745,0.9915129542350769,0.49087223410606384,0.0,0.0,0.0,0.0,0.0,0.0,0.0,0.0,1.0,0.0,0.00039332432788796723,0.40250667929649353,0.2432500720024109,0.02295948565006256,0.0,0.10132211446762085,0.10121336579322815,0.10121336579322815,0.11235307157039642,0.04342615604400635,-1.7525177142818649e-10,0.0,0.0,5.975396633148193,5.975396633148193,1.490644097328186,1.490644097328186,0.6998290419578552,0.0,0.0,0.0,0.0,0.30055418610572815,0.2209560126066208,0.0032250157091766596,0.9998255372047424,0.49087223410606384,0.1709405779838562,1.4120700359344482,1.5291235446929932,1.490644097328186,1.4573944807052612,1.5576434135437012,0.46321049332618713,0.04827364906668663,1.0,1.2324203252792358,1.248197078704834,1.2316875457763672,0.0,12.0,0.0,0.0,0.0,0.0,0.0,0.0,,,,,,,,,,,,,,,,,,,,,,0.0005
32,10460,train,-0.04000753164291382,0.1108751967549324,0.1115422248840332,0.0,0.004525964614003897,0.004525964614003897,0.0,3.504678249359131,9.999999747378752e-05,0.05000000074505806,0.05000000074505806,0.05000000074505806,0.0010000000474974513,0.0010000000474974513,1.0,0.022700389847159386,0.006297439336776733,0.0,0.0,0.0,0.0,0.0,0.0,0.0,0.0,-1.7379692792892456,-1.7379692792892456,1.0,-1.7379692792892456,-1.737969160079956,-1.7146934270858765,0.0,-4.474181652069092,1.58314049243927,1.0,0.022700389847159386,1.0,0.0,0.0,0.022700389847159386,0.0,0.0,0.006297439336776733,0.0,0.2937025725841522,0.18141531944274902,0.0524086058139801,0.9872934222221375,0.4888368844985962,0.0,0.0,0.0,0.0,0.0,0.0,0.0,0.0,1.0,0.0,0.0013512347359210253,0.39895665645599365,0.23661509156227112,0.022137543186545372,0.0,0.1115422248840332,0.1108751967549324,0.1108751967549324,0.12021119892597198,0.054143086075782776,-5.176009620910804e-10,0.0,0.0,6.154201984405518,6.154201984405518,1.462057113647461,1.462057113647461,0.7949750423431396,0.0,0.0,0.0,0.0,0.2937025725841522,0.21655279397964478,0.0012082873145118356,0.9996896982192993,0.4888368844985962,0.15919119119644165,1.4290306568145752,1.4738390445709229,1.462057113647461,1.4987255334854126,1.58314049243927,0.46300390362739563,0.048503328114748,1.0,1.261817216873169,1.2484180927276611,1.244614601135254,0.0,12.0,0.0,0.0,0.0,0.0,0.0,0.0,,,,,,,,,,,,,,,,,,,,,,0.0005
32,10480,train,-0.05424441024661064,0.10164953023195267,0.10196390002965927,0.0,0.004538477398455143,0.004538477398455143,0.0,3.517794609069824,9.999999747378752e-05,0.05000000074505806,0.05000000074505806,0.05000000074505806,0.0010000000474974513,0.0010000000474974513,1.0,0.030683446675539017,0.006242573261260986,0.0,0.0,0.0,0.0,0.0,0.0,0.0,0.0,-1.7690235376358032,-1.7690235376358032,1.0,-1.7690235376358032,-1.7690234184265137,-1.7440228462219238,0.0,-4.526802062988281,1.5313745737075806,1.0,0.030683446675539017,1.0,0.0,0.0,0.030683446675539017,0.0,0.0,0.006242573261260986,0.0,0.30624258518218994,0.1868378072977066,0.0552980862557888,0.9885977506637573,0.49933144450187683,0.0,0.0,0.0,0.0,0.0,0.0,0.0,0.0,1.0,0.0,0.0007757237181067467,0.4060108959674835,0.23884382843971252,0.022083915770053864,0.0,0.10196390002965927,0.10164953023195267,0.10164953023195267,0.11443966627120972,0.05612080544233322,-2.5315619045507276e-10,0.0,0.0,6.045604228973389,6.045604228973389,1.4683030843734741,1.4683030843734741,0.7380759716033936,0.0,0.0,0.0,0.0,0.30624258518218994,0.2188725620508194,0.0017609206261113286,0.9995735287666321,0.49933144450187683,0.17388175427913666,1.41138756275177,1.4902888536453247,1.4683030843734741,1.4553196430206299,1.5313745737075806,0.4585132598876953,0.04817074164748192,1.0,1.1628718376159668,1.2037363052368164,1.1827576160430908,0.0,12.0,0.0,0.0,0.0,0.0,0.0,0.0,,,,,,,,,,,,,,,,,,,,,,0.0005
32,10500,train,-0.04763277620077133,0.10615337640047073,0.10646921396255493,0.0,0.004597687628120184,0.004597687628120184,0.0,3.4893739223480225,9.999999747378752e-05,0.05000000074505806,0.05000000074505806,0.05000000074505806,0.0010000000474974513,0.0010000000474974513,1.0,0.026587218046188354,0.008988380432128906,0.0,0.0,0.0,0.0,0.0,0.0,0.0,0.0,-1.756943941116333,-1.756943941116333,1.0,-1.756943941116333,-1.756943941116333,-1.739370584487915,0.0,-4.50956392288208,1.5657262802124023,1.0,0.026587218046188354,1.0,0.0,0.0,0.026587218046188354,0.0,0.0,0.008988380432128906,0.0,0.30898839235305786,0.18430568277835846,0.05848577618598938,0.995595395565033,0.503862738609314,0.0,0.0,0.0,0.0,0.0,0.0,0.0,0.0,1.0,0.0,0.0006640716455876827,0.40179139375686646,0.23571130633354187,0.022584261372685432,0.0,0.10646921396255493,0.10615337640047073,0.10615337640047073,0.11023949086666107,0.04954012110829353,1.9931384320770462e-10,0.0,0.0,5.746254920959473,5.746254920959473,1.4539844989776611,1.4539844989776611,0.6760814189910889,0.0,0.0,0.0,0.0,0.30898839235305786,0.21700222790241241,0.002158713759854436,0.9997673630714417,0.503862738609314,0.17182905972003937,1.4246273040771484,1.4669241905212402,1.4539844989776611,1.488585352897644,1.5657262802124023,0.46398890018463135,0.048571620136499405,1.0,1.2807352542877197,1.2163853645324707,1.2120401859283447,0.0,12.0,0.0,0.0,0.0,0.0,0.0,0.0,,,,,,,,,,,,,,,,,,,,,,0.0005
32,10520,train,-0.04372536018490791,0.10615508258342743,0.10641410946846008,0.0,0.00442761555314064,0.00442761555314064,0.0,3.5037872791290283,9.999999747378752e-05,0.05000000074505806,0.05000000074505806,0.05000000074505806,0.0010000000474974513,0.0010000000474974513,1.0,0.028522370383143425,0.012615829706192017,0.0,0.0,0.0,0.0,0.0,0.0,0.0,0.0,-1.7177616357803345,-1.7177616357803345,1.0,-1.7177616357803345,-1.717761516571045,-1.6940840482711792,0.0,-4.429485321044922,1.655767798423767,1.0,0.028522370383143425,1.0,0.0,0.0,0.028522370383143425,0.0,0.0,0.012615829706192017,0.0,0.31261587142944336,0.1854301244020462,0.05795324593782425,0.989444375038147,0.5036104321479797,0.0,0.0,0.0,0.0,0.0,0.0,0.0,0.0,1.0,0.0,0.00044299117871560156,0.3867952227592468,0.24051129817962646,0.022244323045015335,0.0,0.10641410946846008,0.10615508258342743,0.10615508258342743,0.11229530721902847,0.0313216894865036,-8.206342549943457e-11,0.0,0.0,5.711985111236572,5.711985111236572,1.4630863666534424,1.4630863666534424,0.6856182217597961,0.0,0.0,0.0,0.0,0.31261584162712097,0.22011074423789978,0.0024848023895174265,0.9997760653495789,0.5036104321479797,0.18007047474384308,1.4222521781921387,1.489184856414795,1.4630863666534424,1.5481919050216675,1.655767798423767,0.4641050398349762,0.04891195893287659,1.0,1.260598063468933,1.2589383125305176,1.2845687866210938,0.0,12.0,0.0,0.0,0.0,0.0,0.0,0.0,,,,,,,,,,,,,,,,,,,,,,0.0005
32,10540,train,-0.05007808282971382,0.10479480773210526,0.1052962988615036,0.0,0.004775102715939283,0.004775102715939283,0.0,3.4937920570373535,9.999999747378752e-05,0.05000000074505806,0.05000000074505806,0.05000000074505806,0.0010000000474974513,0.0010000000474974513,1.0,0.02925480343401432,0.007711589336395264,0.0,0.0,0.0,0.0,0.0,0.0,0.0,0.0,-1.7655725479125977,-1.7655725479125977,1.0,-1.7655725479125977,-1.7655726671218872,-1.7445399761199951,0.0,-4.528169631958008,1.509612798690796,1.0,0.02925480343401432,1.0,0.0,0.0,0.02925480343401432,0.0,0.0,0.007711589336395264,0.0,0.2922883927822113,0.18490809202194214,0.0467776358127594,0.9856204986572266,0.4869619607925415,0.0,0.0,0.0,0.0,0.0,0.0,0.0,0.0,1.0,0.0,0.0008522339048795402,0.41303297877311707,0.2359311878681183,0.02245675027370453,0.0,0.1052962988615036,0.10479480773210526,0.10479480773210526,0.12119600921869278,0.06289821863174438,1.3200926463063922e-10,0.0,0.0,6.077991485595703,6.077991485595703,1.4511793851852417,1.4511793851852417,0.8002942204475403,0.0,0.0,0.0,0.0,0.2922884225845337,0.21746432781219482,0.0029278688598424196,0.9997125267982483,0.4869619607925415,0.15827207267284393,1.4146788120269775,1.464160680770874,1.4511793851852417,1.4501465559005737,1.509612798690796,0.45743924379348755,0.048415713012218475,1.0,1.2046780586242676,1.1970620155334473,1.1775939464569092,0.0,12.0,0.0,0.0,0.0,0.0,0.0,0.0,,,,,,,,,,,,,,,,,,,,,,0.0005
32,10560,train,-0.050587449222803116,0.10107318311929703,0.10145676136016846,0.0,0.00448655616492033,0.00448655616492033,0.0,3.486268997192383,9.999999747378752e-05,0.05000000074505806,0.05000000074505806,0.05000000074505806,0.0010000000474974513,0.0010000000474974513,1.0,0.027402199804782867,0.006396651268005371,0.0,0.0,0.0,0.0,0.0,0.0,0.0,0.0,-1.7255873680114746,-1.7255873680114746,1.0,-1.7255873680114746,-1.7255873680114746,-1.6996667385101318,0.0,-4.460942268371582,1.5979198217391968,1.0,0.027402199804782867,1.0,0.0,0.0,0.027402199804782867,0.0,0.0,0.006396651268005371,0.0,0.3063966631889343,0.18426036834716797,0.07226568460464478,0.9885827898979187,0.4954976737499237,0.0,0.0,0.0,0.0,0.0,0.0,0.0,0.0,1.0,0.0,0.0009333846974186599,0.4041885435581207,0.24477657675743103,0.022920047864317894,0.0,0.10145676136016846,0.10107318311929703,0.10107318311929703,0.11097248643636703,0.019638298079371452,-8.028991360653492e-11,0.0,0.0,5.853072166442871,5.853072166442871,1.5080103874206543,1.5080103874206543,0.6680068373680115,0.0,0.0,0.0,0.0,0.3063966631889343,0.2221614569425583,0.0030993123073130846,0.9998302459716797,0.4954976737499237,0.17752757668495178,1.433474063873291,1.552733302116394,1.5080103874206543,1.5116409063339233,1.5979198217391968,0.45745402574539185,0.048747479915618896,1.0,1.2784829139709473,1.243276834487915,1.2694754600524902,0.0,12.0,0.0,0.0,0.0,0.0,0.0,0.0,,,,,,,,,,,,,,,,,,,,,,0.0005
32,10580,train,-0.053816720843315125,0.10192681103944778,0.10196864604949951,0.0,0.004496528767049313,0.004496528767049313,0.0,3.496527671813965,9.999999747378752e-05,0.05000000074505806,0.05000000074505806,0.05000000074505806,0.0010000000474974513,0.0010000000474974513,1.0,0.030683889985084534,0.005970984697341919,0.0,0.0,0.0,0.0,0.0,0.0,0.0,0.0,-1.7674839496612549,-1.7674839496612549,1.0,-1.7674839496612549,-1.7674839496612549,-1.7441591024398804,0.0,-4.518223762512207,1.5214306116104126,1.0,0.030683889985084534,1.0,0.0,0.0,0.030683889985084534,0.0,0.0,0.005970984697341919,0.0,0.3059709966182709,0.18839365243911743,0.058265116065740585,0.9946225881576538,0.49553531408309937,0.0,0.0,0.0,0.0,0.0,0.0,0.0,0.0,1.0,0.0,9.325797873316333e-05,0.3973427414894104,0.23357215523719788,0.022426733747124672,0.0,0.10196864604949951,0.10192681103944778,0.10192681103944778,0.1123041957616806,0.04307699576020241,2.0447163059933438e-11,0.0,0.0,5.830381870269775,5.830382347106934,1.4468148946762085,1.4468148946762085,0.6920045614242554,0.0,0.0,0.0,0.0,0.3059709966182709,0.2217637300491333,0.0032095755450427532,0.9997796416282654,0.49553531408309937,0.17507660388946533,1.419845461845398,1.4565130472183228,1.4468148946762085,1.4460422992706299,1.5214306116104126,0.46289804577827454,0.04867593199014664,1.0,1.1507117748260498,1.210385799407959,1.1958123445510864,0.0,12.0,0.0,0.0,0.0,0.0,0.0,0.0,,,,,,,,,,,,,,,,,,,,,,0.0005
32,10600,train,-0.05460305139422417,0.09767363220453262,0.09794610738754272,0.0,0.004316364880651236,0.004316364880651236,0.0,3.456186056137085,9.999999747378752e-05,0.05000000074505806,0.05000000074505806,0.05000000074505806,0.0010000000474974513,0.0010000000474974513,1.0,0.02854028344154358,0.002692967653274536,0.0,0.0,0.0,0.0,0.0,0.0,0.0,0.0,-1.724585771560669,-1.724585771560669,1.0,-1.724585771560669,-1.724585771560669,-1.6981014013290405,0.0,-4.446484565734863,1.5801512002944946,1.0,0.02854028344154358,1.0,0.0,0.0,0.02854028344154358,0.0,0.0,0.002692967653274536,0.0,0.2973070442676544,0.18313972651958466,0.05373259633779526,0.9921359419822693,0.48657533526420593,0.0,0.0,0.0,0.0,0.0,0.0,0.0,0.0,1.0,0.0,0.0008661058382131159,0.40009605884552,0.2467050552368164,0.02381899021565914,0.0,0.09794610738754272,0.09767363220453262,0.09767363220453262,0.10809426009654999,0.04361305758357048,1.0772112368773179e-10,0.0,0.0,5.732490062713623,5.732489585876465,1.5124249458312988,1.5124249458312988,0.65239417552948,0.0,0.0,0.0,0.0,0.2973070442676544,0.22167734801769257,0.0011083605932071805,0.9998736381530762,0.48657533526420593,0.16862745583057404,1.4291701316833496,1.5505168437957764,1.5124249458312988,1.4744503498077393,1.5801512002944946,0.46159955859184265,0.04802023991942406,1.0,1.2734131813049316,1.2919859886169434,1.2973495721817017,0.0,12.0,0.0,0.0,0.0,0.0,0.0,0.0,,,,,,,,,,,,,,,,,,,,,,0.0005
32,10620,train,-0.05495082959532738,0.09800180047750473,0.09827886521816254,0.0,0.004626354202628136,0.004626354202628136,0.0,3.48071026802063,9.999999747378752e-05,0.05000000074505806,0.05000000074505806,0.05000000074505806,0.0010000000474974513,0.0010000000474974513,1.0,0.026096109300851822,0.002782076597213745,0.0,0.0,0.0,0.0,0.0,0.0,0.0,0.0,-1.7321666479110718,-1.7321666479110718,1.0,-1.7321666479110718,-1.7321666479110718,-1.7036031484603882,0.0,-4.462991237640381,1.5621975660324097,1.0,0.026096109300851822,1.0,0.0,0.0,0.026096109300851822,0.0,0.0,0.002782076597213745,0.0,0.3027820885181427,0.18373501300811768,0.061164647340774536,0.9906681776046753,0.49147558212280273,0.0,0.0,0.0,0.0,0.0,0.0,0.0,0.0,1.0,0.0,0.0007191870827227831,0.40974435210227966,0.24643075466156006,0.023127829656004906,0.0,0.09827886521816254,0.09800180047750473,0.09800180047750473,0.11834075301885605,0.03842379152774811,3.0663172001510475e-10,0.0,0.0,5.986258029937744,5.986258029937744,1.4955942630767822,1.4955942630767822,0.7539222240447998,0.0,0.0,0.0,0.0,0.3027820885181427,0.22217486798763275,0.002146410755813122,0.9997455477714539,0.49147558212280273,0.17363664507865906,1.4233328104019165,1.534177541732788,1.4955942630767822,1.483269453048706,1.5621975660324097,0.46201422810554504,0.048264436423778534,1.0,1.3426507711410522,1.291459321975708,1.2798817157745361,0.0,12.0,0.0,0.0,0.0,0.0,0.0,0.0,,,,,,,,,,,,,,,,,,,,,,0.0005
32,10640,train,-0.043490394949913025,0.10759659111499786,0.10804085433483124,0.0,0.004399148281663656,0.004399148281663656,0.0,3.4704535007476807,9.999999747378752e-05,0.05000000074505806,0.05000000074505806,0.05000000074505806,0.0010000000474974513,0.0010000000474974513,1.0,0.03583676367998123,0.00992611050605774,0.0,0.0,0.0,0.0,0.0,0.0,0.0,0.0,-1.733079195022583,-1.733079195022583,1.0,-1.733079195022583,-1.733079195022583,-1.709071397781372,0.0,-4.4622483253479,1.604864239692688,1.0,0.03583676367998123,1.0,0.0,0.0,0.03583676367998123,0.0,0.0,0.00992611050605774,0.0,0.2900739014148712,0.18262404203414917,0.04529730603098869,0.9895563125610352,0.4840773344039917,0.0,0.0,0.0,0.0,0.0,0.0,0.0,0.0,1.0,0.0,0.0008455656352452934,0.39758118987083435,0.24563448131084442,0.02352716214954853,0.0,0.10804085433483124,0.10759659111499786,0.10759659111499786,0.11711262166500092,0.025818943977355957,-2.3102338098102138e-10,0.0,0.0,6.021735668182373,6.021735668182373,1.5067247152328491,1.5067247152328491,0.7235974669456482,0.0,0.0,0.0,0.0,0.2900739014148712,0.2177610546350479,0.001971626188606024,0.9997667670249939,0.4840773344039917,0.15689338743686676,1.4286096096038818,1.5381430387496948,1.5067247152328491,1.5038230419158936,1.604864239692688,0.46312153339385986,0.048945438116788864,1.0,1.2233418226242065,1.2647515535354614,1.2541112899780273,0.0,12.0,0.0,0.0,0.0,0.0,0.0,0.0,,,,,,,,,,,,,,,,,,,,,,0.0005
32,10660,train,-0.04406573250889778,0.10638905316591263,0.10661434382200241,0.0,0.00465212669223547,0.00465212669223547,0.0,3.4776909351348877,9.999999747378752e-05,0.05000000074505806,0.05000000074505806,0.05000000074505806,0.0010000000474974513,0.0010000000474974513,1.0,0.024952147156000137,0.013556331396102905,0.0,0.0,0.0,0.0,0.0,0.0,0.0,0.0,-1.7239654064178467,-1.7239654064178467,1.0,-1.7239654064178467,-1.7239654064178467,-1.7025924921035767,0.0,-4.455784320831299,1.6275634765625,1.0,0.024952147156000137,1.0,0.0,0.0,0.024952147156000137,0.0,0.0,0.013556331396102905,0.0,0.28644368052482605,0.18264669179916382,0.06470870971679688,0.9896672964096069,0.48239484429359436,0.0,0.0,0.0,0.0,0.0,0.0,0.0,0.0,1.0,0.0,0.0007574445917271078,0.40960246324539185,0.23691211640834808,0.022995132952928543,0.0,0.10661434382200241,0.10638905316591263,0.10638905316591263,0.12254071235656738,0.0590367391705513,1.3903291018468877e-10,0.0,0.0,6.037459850311279,6.037459850311279,1.4577069282531738,1.4577069282531738,0.806347668170929,0.0,0.0,0.0,0.0,0.28644368052482605,0.21630406379699707,0.0024855516385287046,0.9996687173843384,0.48239484429359436,0.15156251192092896,1.4126626253128052,1.4744828939437866,1.4577069282531738,1.526739478111267,1.6275634765625,0.46681347489356995,0.048752907663583755,1.0,1.2065062522888184,1.2404131889343262,1.2719690799713135,0.0,12.0,0.0,0.0,0.0,0.0,0.0,0.0,,,,,,,,,,,,,,,,,,,,,,0.0005
32,10680,train,-0.04358123987913132,0.10758603364229202,0.10796274989843369,0.0,0.004683349747210741,0.004683349747210741,0.0,3.5033013820648193,9.999999747378752e-05,0.05000000074505806,0.05000000074505806,0.05000000074505806,0.0010000000474974513,0.0010000000474974513,1.0,0.03012903407216072,0.0027201175689697266,0.0,0.0,0.0,0.0,0.0,0.0,0.0,0.0,-1.7337716817855835,-1.7337716817855835,1.0,-1.7337716817855835,-1.7337716817855835,-1.7096898555755615,0.0,-4.458860397338867,1.60492742061615,1.0,0.03012903407216072,1.0,0.0,0.0,0.03012903407216072,0.0,0.0,0.0027201175689697266,0.0,0.29727989435195923,0.18456673622131348,0.0696520060300827,0.9854728579521179,0.48928865790367126,0.0,0.0,0.0,0.0,0.0,0.0,0.0,0.0,1.0,0.0,0.0008588485070504248,0.40982553362846375,0.24525374174118042,0.022678755223751068,0.0,0.10796274989843369,0.10758603364229202,0.10758603364229202,0.11649122834205627,0.04509831964969635,2.2788269882223489e-10,0.0,0.0,5.832200050354004,5.832200050354004,1.4826288223266602,1.4826288223266602,0.7180724143981934,0.0,0.0,0.0,0.0,0.29727989435195923,0.22003190219402313,0.0008819052018225193,0.9998441934585571,0.48928865790367126,0.16619180142879486,1.4151570796966553,1.5143957138061523,1.4826288223266602,1.494221806526184,1.60492742061615,0.4530726671218872,0.04815468192100525,1.0,1.2430753707885742,1.1850857734680176,1.1859239339828491,0.0,12.0,0.0,0.0,0.0,0.0,0.0,0.0,,,,,,,,,,,,,,,,,,,,,,0.0005
32,10688,train_epoch,-0.051513088878221855,0.10148744905244804,0.10181903140898237,0.0,0.004544986106600322,0.004544986106600322,0.0,3.4889372658586786,9.999999747378752e-05,0.05000000074505806,0.05000000074505806,0.05000000074505806,0.0010000000474974513,0.0010000000474974513,1.0,0.02933270422306782,0.005962347466788606,0.0,0.0,0.0,0.0,0.0,0.0,0.0,0.0,-1.7397577987459605,-1.7397577987459605,1.0,-1.7397577987459605,-1.7397577966044764,-1.7153437644421696,0.0,-4.475778241357403,1.5746994197011708,1.0,0.02933270422306782,1.0,0.0,0.0,0.02933270422306782,0.0,0.0,0.005962347466788606,0.0,0.29973112019950043,0.1826167640661051,0.05912049788379384,0.9897496239867752,0.4923428942164975,0.0,0.0,0.0,0.0,0.0,0.0,0.0,0.0,1.0,0.0,0.0007669829353186494,0.4014531046509029,0.24238391871937734,0.022838499753953453,0.0,0.10181903140898237,0.10148744905244804,0.10148744905244804,0.1158131030862203,0.04622406504761071,1.0029276250487457e-11,0.0,0.0,5.910289798668045,5.910289814372263,1.4854236787664676,1.4854236787664676,0.7260925562795765,0.0,0.0,0.0,0.0,0.2997311151134754,0.21881783307490948,0.0023076183449833873,0.9996937390216096,0.4923428942164975,0.16706707065333865,1.4221418717664158,1.5165124635496539,1.4854236787664676,1.4853539438304786,1.5746994197011708,0.4615040218044898,0.048419197987831994,1.0,1.2484643480734912,1.2488128557176648,1.248978509517487,0.0,12.0,0.0,0.0,0.0,0.0,0.0,0.0,,,,,,,,,,,,,,,,,,,,,,0.0005
32,10688,val,,,,,,,,,,,,,,,,,,,,,,,,,,,,,,,,,,,,,,,,,,,,,,,,,,,,,,,,,,,,,,,,,,,,,,,,,,,,,,,,,,,,,,,,,,,,,,,,,,,,,,,,,,,15.086668793644224,629.4134068489075,25.08811285945811,11.7320596746036,6.985005617141724,14.066010790211815,23.12314805233581,10.826491696493965,6.507336952856609,15.110284856387548,25.150925313259535,11.767153182200023,6.995104491710663,16.845179617404938,28.00603862890284,13.017804035118647,7.825863974434989,15.086668793644224,25.08811285945811,11.7320596746036,6.985005617141724,0.0005
33,10700,train,-0.05596637353301048,0.09939102828502655,0.09980405867099762,0.0,0.004399358760565519,0.004399358760565519,0.0,3.521106243133545,9.999999747378752e-05,0.05000000074505806,0.05000000074505806,0.05000000074505806,0.0010000000474974513,0.0010000000474974513,1.0,0.02934226207435131,0.0003892183303833008,0.0,0.0,0.0,0.0,0.0,0.0,0.0,0.0,-1.7592002153396606,-1.7592002153396606,1.0,-1.7592002153396606,-1.759200096130371,-1.7386698722839355,0.0,-4.521966457366943,1.4866944551467896,1.0,0.02934226207435131,1.0,0.0,0.0,0.02934226207435131,0.0,0.0,0.0003892183303833008,0.0,0.30038923025131226,0.18560850620269775,0.05545682832598686,0.9913038611412048,0.49345406889915466,0.0,0.0,0.0,0.0,0.0,0.0,0.0,0.0,1.0,0.0,0.0007389699458144605,0.4029240906238556,0.23526902496814728,0.021950313821434975,0.0,0.09980405867099762,0.09939102828502655,0.09939102828502655,0.1087467223405838,0.06449881196022034,-1.5659128160816493e-10,0.0,0.0,6.036348342895508,6.036348342895508,1.4471209049224854,1.4471209049224854,0.7140584588050842,0.0,0.0,0.0,0.0,0.30038923025131226,0.21903380751609802,0.0021104358602315187,0.9996968507766724,0.49345406889915466,0.1675398349761963,1.4116653203964233,1.466280460357666,1.4471209049224854,1.4212998151779175,1.4866944551467896,0.4584851562976837,0.04779312014579773,1.0,1.1225231885910034,1.1847078800201416,1.1999964714050293,0.0,12.0,0.0,0.0,0.0,0.0,0.0,0.0,,,,,,,,,,,,,,,,,,,,,,0.0005
33,10720,train,-0.04805891588330269,0.10312778502702713,0.10357937961816788,0.0,0.004556665197014809,0.004556665197014809,0.0,3.4760584831237793,9.999999747378752e-05,0.05000000074505806,0.05000000074505806,0.05000000074505806,0.0010000000474974513,0.0010000000474974513,1.0,0.03353042155504227,0.00011712312698364258,0.0,0.0,0.0,0.0,0.0,0.0,0.0,0.0,-1.7251166105270386,-1.7251166105270386,1.0,-1.7251166105270386,-1.7251166105270386,-1.6997532844543457,0.0,-4.443524360656738,1.5971304178237915,1.0,0.03353042155504227,1.0,0.0,0.0,0.03353042155504227,0.0,0.0,0.00011712312698364258,0.0,0.3001171350479126,0.18577668070793152,0.06186497211456299,0.9890832901000977,0.49150410294532776,0.0,0.0,0.0,0.0,0.0,0.0,0.0,0.0,1.0,0.0,0.0007361210300587118,0.40534669160842896,0.243149533867836,0.023131128400564194,0.0,0.10357937961816788,0.10312778502702713,0.10312778502702713,0.11720497906208038,0.048999521881341934,1.4959915251022693e-10,0.0,0.0,5.828684329986572,5.828684329986572,1.48606538772583,1.48606538772583,0.732071042060852,0.0,0.0,0.0,0.0,0.3001171350479126,0.22013482451438904,0.002217130968347192,0.9997851252555847,0.49150410294532776,0.16819854080677032,1.4234178066253662,1.516656517982483,1.48606538772583,1.4924038648605347,1.5971304178237915,0.45828813314437866,0.048643145710229874,1.0,1.2061524391174316,1.2123764753341675,1.2525303363800049,0.0,12.0,0.0,0.0,0.0,0.0,0.0,0.0,,,,,,,,,,,,,,,,,,,,,,0.0005
33,10740,train,-0.05687548965215683,0.09927529841661453,0.09968747943639755,0.0,0.0044824169017374516,0.0044824169017374516,0.0,3.4817538261413574,9.999999747378752e-05,0.05000000074505806,0.05000000074505806,0.05000000074505806,0.0010000000474974513,0.0010000000474974513,1.0,0.025198180228471756,0.011583715677261353,0.0,0.0,0.0,0.0,0.0,0.0,0.0,0.0,-1.766973614692688,-1.766973614692688,1.0,-1.766973614692688,-1.766973614692688,-1.7446173429489136,0.0,-4.520528316497803,1.5209275484085083,1.0,0.025198180228471756,1.0,0.0,0.0,0.025198180228471756,0.0,0.0,0.011583715677261353,0.0,0.3115837275981903,0.18866650760173798,0.0629892349243164,0.9873542785644531,0.49807363748550415,0.0,0.0,0.0,0.0,0.0,0.0,0.0,0.0,1.0,0.0,0.0007696266402490437,0.39825430512428284,0.23448583483695984,0.022843478247523308,0.0,0.09968747943639755,0.09927529841661453,0.09927529841661453,0.10774350166320801,0.056076422333717346,6.441989736788445e-12,0.0,0.0,5.9481425285339355,5.9481425285339355,1.443475604057312,1.443475604057312,0.6786804795265198,0.0,0.0,0.0,0.0,0.3115837275981903,0.2241678088903427,0.001715092919766903,0.9997922778129578,0.49807363748550415,0.18419118225574493,1.4108083248138428,1.4636963605880737,1.443475604057312,1.4596055746078491,1.5209275484085083,0.4626792073249817,0.04843791201710701,1.0,1.2324050664901733,1.2082635164260864,1.1988848447799683,0.0,12.0,0.0,0.0,0.0,0.0,0.0,0.0,,,,,,,,,,,,,,,,,,,,,,0.0005
33,10760,train,-0.03909219428896904,0.11153887212276459,0.1119365319609642,0.0,0.004721267148852348,0.004721267148852348,0.0,3.492507219314575,9.999999747378752e-05,0.05000000074505806,0.05000000074505806,0.05000000074505806,0.0010000000474974513,0.0010000000474974513,1.0,0.022764794528484344,0.00996348261833191,0.0,0.0,0.0,0.0,0.0,0.0,0.0,0.0,-1.7363641262054443,-1.7363641262054443,1.0,-1.7363641262054443,-1.7363641262054443,-1.7158116102218628,0.0,-4.477285385131836,1.5561548471450806,1.0,0.022764794528484344,1.0,0.0,0.0,0.022764794528484344,0.0,0.0,0.00996348261833191,0.0,0.30996352434158325,0.1893882304430008,0.056743066757917404,0.9929560422897339,0.49881914258003235,0.0,0.0,0.0,0.0,0.0,0.0,0.0,0.0,1.0,0.0,0.0009467055206187069,0.4082212746143341,0.23442617058753967,0.022468576207756996,0.0,0.1119365319609642,0.11153887212276459,0.11153887212276459,0.1251838654279709,0.04370743781328201,-8.885226582266981e-11,0.0,0.0,6.270975589752197,6.270975589752197,1.4605720043182373,1.4605720043182373,0.8340148329734802,0.0,0.0,0.0,0.0,0.30996349453926086,0.22197213768959045,0.0013582981191575527,0.999839186668396,0.49881914258003235,0.17840074002742767,1.4213716983795166,1.4760042428970337,1.4605720043182373,1.4847116470336914,1.5561548471450806,0.4556621015071869,0.04811985418200493,1.0,1.1739561557769775,1.2226828336715698,1.2570360898971558,0.0,12.0,0.0,0.0,0.0,0.0,0.0,0.0,,,,,,,,,,,,,,,,,,,,,,0.0005
33,10780,train,-0.056686174124479294,0.09846575558185577,0.09893472492694855,0.0,0.0042945872992277145,0.0042945872992277145,0.0,3.516036033630371,9.999999747378752e-05,0.05000000074505806,0.05000000074505806,0.05000000074505806,0.0010000000474974513,0.0010000000474974513,1.0,0.025946754962205887,0.0009004771709442139,0.0,0.0,0.0,0.0,0.0,0.0,0.0,0.0,-1.7553205490112305,-1.7553205490112305,1.0,-1.7553205490112305,-1.7553205490112305,-1.7315387725830078,0.0,-4.513181209564209,1.5635228157043457,1.0,0.025946754962205887,1.0,0.0,0.0,0.025946754962205887,0.0,0.0,0.0009004771709442139,0.0,0.30090048909187317,0.1815412938594818,0.06230549141764641,0.9883426427841187,0.49608951807022095,0.0,0.0,0.0,0.0,0.0,0.0,0.0,0.0,1.0,0.0,0.0010529204737395048,0.389618456363678,0.2418091893196106,0.022194407880306244,0.0,0.09893472492694855,0.09846575558185577,0.09846575558185577,0.10421131551265717,0.02779518999159336,-6.181245099101673e-11,0.0,0.0,5.746394157409668,5.746394157409668,1.4880845546722412,1.4880845546722412,0.61714768409729,0.0,0.0,0.0,0.0,0.30090048909187317,0.21660856902599335,0.00175419170409441,0.9998754262924194,0.49608951807022095,0.16515013575553894,1.437537431716919,1.5132602453231812,1.4880845546722412,1.4826215505599976,1.5635228157043457,0.46829530596733093,0.049157772213220596,1.0,1.2650052309036255,1.2839651107788086,1.2676570415496826,0.0,12.0,0.0,0.0,0.0,0.0,0.0,0.0,,,,,,,,,,,,,,,,,,,,,,0.0005
33,10800,train,-0.05465081334114075,0.09724509716033936,0.09753900021314621,0.0,0.004435379523783922,0.004435379523783922,0.0,3.4959893226623535,9.999999747378752e-05,0.05000000074505806,0.05000000074505806,0.05000000074505806,0.0010000000474974513,0.0010000000474974513,1.0,0.027741622179746628,0.0015612244606018066,0.0,0.0,0.0,0.0,0.0,0.0,0.0,0.0,-1.7200438976287842,-1.7200438976287842,1.0,-1.7200438976287842,-1.7200438976287842,-1.6924961805343628,0.0,-4.43066930770874,1.6236554384231567,1.0,0.027741622179746628,1.0,0.0,0.0,0.027741622179746628,0.0,0.0,0.0015612244606018066,0.0,0.29843875765800476,0.18211747705936432,0.0644201934337616,0.9956481456756592,0.4880371391773224,0.0,0.0,0.0,0.0,0.0,0.0,0.0,0.0,1.0,0.0,0.0006622318178415298,0.3910571038722992,0.2514936327934265,0.02279471419751644,0.0,0.09753900021314621,0.09724509716033936,0.09724509716033936,0.11688491702079773,0.011629827320575714,-1.0542620249021084e-10,0.0,0.0,5.792280197143555,5.7922797203063965,1.539056420326233,1.539056420326233,0.7112720608711243,0.0,0.0,0.0,0.0,0.29843878746032715,0.22107362747192383,0.0015591720584779978,0.9998688697814941,0.4880371391773224,0.16755515336990356,1.4512712955474854,1.5865412950515747,1.539056420326233,1.525811791419983,1.6236554384231567,0.4658374786376953,0.04902416840195656,1.0,1.2309165000915527,1.3146238327026367,1.3285953998565674,0.0,12.0,0.0,0.0,0.0,0.0,0.0,0.0,,,,,,,,,,,,,,,,,,,,,,0.0005
33,10820,train,-0.04600290581583977,0.10538973659276962,0.10558277368545532,0.0,0.004780041053891182,0.004780041053891182,0.0,3.4900968074798584,9.999999747378752e-05,0.05000000074505806,0.05000000074505806,0.05000000074505806,0.0010000000474974513,0.0010000000474974513,1.0,0.02888556942343712,0.002754718065261841,0.0,0.0,0.0,0.0,0.0,0.0,0.0,0.0,-1.7312885522842407,-1.7312885522842407,1.0,-1.7312885522842407,-1.7312884330749512,-1.7063822746276855,0.0,-4.460063457489014,1.5915158987045288,1.0,0.02888556942343712,1.0,0.0,0.0,0.02888556942343712,0.0,0.0,0.002754718065261841,0.0,0.2972452938556671,0.18557076156139374,0.06317384541034698,0.9877610206604004,0.4892876446247101,0.0,0.0,0.0,0.0,0.0,0.0,0.0,0.0,1.0,0.0,0.0006244659307412803,0.40457943081855774,0.24714452028274536,0.022835183888673782,0.0,0.10558277368545532,0.10538973659276962,0.10538973659276962,0.12064570188522339,0.03420598804950714,8.37283853361015e-11,0.0,0.0,5.888336658477783,5.888336658477783,1.50998055934906,1.50998055934906,0.7541067600250244,0.0,0.0,0.0,0.0,0.2972452938556671,0.2197837233543396,0.0013207952724769711,0.9998289346694946,0.4892876446247101,0.16389399766921997,1.4514822959899902,1.5386384725570679,1.50998055934906,1.4963510036468506,1.5915158987045288,0.45731088519096375,0.04922869801521301,1.0,1.1887701749801636,1.2074230909347534,1.1887662410736084,0.0,12.0,0.0,0.0,0.0,0.0,0.0,0.0,,,,,,,,,,,,,,,,,,,,,,0.0005
33,10840,train,-0.0344361774623394,0.11629187315702438,0.1163736879825592,0.0,0.004767457023262978,0.004767457023262978,0.0,3.5214459896087646,9.999999747378752e-05,0.05000000074505806,0.05000000074505806,0.05000000074505806,0.0010000000474974513,0.0010000000474974513,1.0,0.026270082220435143,0.004250258207321167,0.0,0.0,0.0,0.0,0.0,0.0,0.0,0.0,-1.746238350868225,-1.746238350868225,1.0,-1.746238350868225,-1.7462384700775146,-1.7249200344085693,0.0,-4.495604991912842,1.5486325025558472,1.0,0.026270082220435143,1.0,0.0,0.0,0.026270082220435143,0.0,0.0,0.004250258207321167,0.0,0.3042502701282501,0.18828140199184418,0.05682395026087761,0.9931930303573608,0.49126121401786804,0.0,0.0,0.0,0.0,0.0,0.0,0.0,0.0,1.0,0.0,0.0007416245061904192,0.4103470742702484,0.23479802906513214,0.02171395905315876,0.0,0.1163736879825592,0.11629187315702438,0.11629187315702438,0.12727290391921997,0.06374696642160416,2.765402143389828e-11,0.0,0.0,6.168821811676025,6.168821334838867,1.4545419216156006,1.4545419216156006,0.8155152201652527,0.0,0.0,0.0,0.0,0.3042502701282501,0.22399920225143433,0.0013396248687058687,0.9998185038566589,0.49126121401786804,0.1760876327753067,1.4146276712417603,1.472886085510254,1.4545419216156006,1.4817596673965454,1.5486325025558472,0.4620295763015747,0.048358216881752014,1.0,1.310737133026123,1.2424604892730713,1.2381805181503296,0.0,12.0,0.0,0.0,0.0,0.0,0.0,0.0,,,,,,,,,,,,,,,,,,,,,,0.0005
33,10860,train,-0.047733571380376816,0.10386817902326584,0.10433026403188705,0.0,0.004446785431355238,0.004446785431355238,0.0,3.469395875930786,9.999999747378752e-05,0.05000000074505806,0.05000000074505806,0.05000000074505806,0.0010000000474974513,0.0010000000474974513,1.0,0.034029990434646606,0.004252314567565918,0.0,0.0,0.0,0.0,0.0,0.0,0.0,0.0,-1.7307536602020264,-1.7307536602020264,1.0,-1.7307536602020264,-1.7307536602020264,-1.7059508562088013,0.0,-4.45871114730835,1.5604275465011597,1.0,0.034029990434646606,1.0,0.0,0.0,0.034029990434646606,0.0,0.0,0.004252314567565918,0.0,0.3042523264884949,0.18701006472110748,0.052231565117836,0.9915293455123901,0.49232468008995056,0.0,0.0,0.0,0.0,0.0,0.0,0.0,0.0,1.0,0.0,0.0008317090105265379,0.40023359656333923,0.24359682202339172,0.023219062015414238,0.0,0.10433026403188705,0.10386817902326584,0.10386817902326584,0.11467660218477249,0.05548426881432533,-2.3346666266910177e-10,0.0,0.0,5.900795936584473,5.900796413421631,1.4792771339416504,1.4792771339416504,0.7095621228218079,0.0,0.0,0.0,0.0,0.3042523264884949,0.2227449268102646,0.001060690963640809,0.9997842907905579,0.49232468008995056,0.1733609139919281,1.424371600151062,1.5169390439987183,1.4792771339416504,1.4846593141555786,1.5604275465011597,0.46522068977355957,0.04871242865920067,1.0,1.2910501956939697,1.2568628787994385,1.265416145324707,0.0,12.0,0.0,0.0,0.0,0.0,0.0,0.0,,,,,,,,,,,,,,,,,,,,,,0.0005
33,10880,train,-0.04243307560682297,0.10835840553045273,0.10855400562286377,0.0,0.004712976049631834,0.004712976049631834,0.0,3.495729446411133,9.999999747378752e-05,0.05000000074505806,0.05000000074505806,0.05000000074505806,0.0010000000474974513,0.0010000000474974513,1.0,0.02532077766954899,0.003901064395904541,0.0,0.0,0.0,0.0,0.0,0.0,0.0,0.0,-1.731167197227478,-1.731167197227478,1.0,-1.731167197227478,-1.731167197227478,-1.7093589305877686,0.0,-4.469475746154785,1.5817781686782837,1.0,0.02532077766954899,1.0,0.0,0.0,0.02532077766954899,0.0,0.0,0.003901064395904541,0.0,0.2960989475250244,0.185741126537323,0.07003641873598099,0.9952435493469238,0.48934635519981384,0.0,0.0,0.0,0.0,0.0,0.0,0.0,0.0,1.0,0.0,0.0006900449516251683,0.4049558937549591,0.24033135175704956,0.022400880232453346,0.0,0.10855400562286377,0.10835840553045273,0.10835840553045273,0.11254095286130905,0.033029280602931976,-1.6176777972720657e-10,0.0,0.0,5.9072794914245605,5.9072794914245605,1.473673939704895,1.473673939704895,0.707355260848999,0.0,0.0,0.0,0.0,0.2960989475250244,0.21885652840137482,0.0012793829664587975,0.9998522996902466,0.48934635519981384,0.16242341697216034,1.436449646949768,1.4893946647644043,1.473673939704895,1.5134507417678833,1.5817781686782837,0.461625874042511,0.0493047833442688,1.0,1.2798248529434204,1.2187180519104004,1.2428479194641113,0.0,12.0,0.0,0.0,0.0,0.0,0.0,0.0,,,,,,,,,,,,,,,,,,,,,,0.0005
33,10900,train,-0.052786052227020264,0.10024523735046387,0.10068222880363464,0.0,0.0043785846792161465,0.0043785846792161465,0.0,3.508592128753662,9.999999747378752e-05,0.05000000074505806,0.05000000074505806,0.05000000074505806,0.0010000000474974513,0.0010000000474974513,1.0,0.026117969304323196,0.004538744688034058,0.0,0.0,0.0,0.0,0.0,0.0,0.0,0.0,-1.7376817464828491,-1.7376817464828491,1.0,-1.7376817464828491,-1.7376817464828491,-1.7126858234405518,0.0,-4.472362518310547,1.5833014249801636,1.0,0.026117969304323196,1.0,0.0,0.0,0.026117969304323196,0.0,0.0,0.004538744688034058,0.0,0.3045387864112854,0.18657831847667694,0.04234212636947632,0.9912537336349487,0.49210771918296814,0.0,0.0,0.0,0.0,0.0,0.0,0.0,0.0,1.0,0.0,0.00147712929174304,0.4014780521392822,0.24386996030807495,0.022324353456497192,0.0,0.10068222880363464,0.10024523735046387,0.10024523735046387,0.11252868920564651,0.05528675764799118,-2.410555088872002e-10,0.0,0.0,5.863589286804199,5.863589286804199,1.4947820901870728,1.4947820901870728,0.7022460103034973,0.0,0.0,0.0,0.0,0.304538756608963,0.222908616065979,0.0011705094948410988,0.9997850060462952,0.49210771918296814,0.17467832565307617,1.4273117780685425,1.5314439535140991,1.4947820901870728,1.5089912414550781,1.5833014249801636,0.4656658470630646,0.0485243983566761,1.0,1.3267019987106323,1.282088041305542,1.2584840059280396,0.0,12.0,0.0,0.0,0.0,0.0,0.0,0.0,,,,,,,,,,,,,,,,,,,,,,0.0005
33,10920,train,-0.051660820841789246,0.0997178703546524,0.10014934092760086,0.0,0.004630156792700291,0.004630156792700291,0.0,3.4902231693267822,9.999999747378752e-05,0.05000000074505806,0.05000000074505806,0.05000000074505806,0.0010000000474974513,0.0010000000474974513,1.0,0.0252273827791214,0.008618056774139404,0.0,0.0,0.0,0.0,0.0,0.0,0.0,0.0,-1.7202293872833252,-1.7202293872833252,1.0,-1.7202293872833252,-1.7202293872833252,-1.692947506904602,0.0,-4.446926116943359,1.58426833152771,1.0,0.0252273827791214,1.0,0.0,0.0,0.0252273827791214,0.0,0.0,0.008618056774139404,0.0,0.29138198494911194,0.187246635556221,0.06011400744318962,0.9933726191520691,0.4803999364376068,0.0,0.0,0.0,0.0,0.0,0.0,0.0,0.0,1.0,0.0,0.0009283656836487353,0.41151976585388184,0.24108076095581055,0.022652365267276764,0.0,0.10014934092760086,0.0997178703546524,0.0997178703546524,0.11736508458852768,0.08015372604131699,-1.0925452903487454e-10,0.0,0.0,5.977019786834717,5.977019786834717,1.4643343687057495,1.4643343687057495,0.7964736223220825,0.0,0.0,0.0,0.0,0.29138195514678955,0.22193102538585663,0.001833552960306406,0.9998894929885864,0.4803999364376068,0.16352635622024536,1.4102904796600342,1.4872887134552002,1.4643343687057495,1.4877492189407349,1.58426833152771,0.4614100754261017,0.04806213080883026,1.0,1.308910608291626,1.2269376516342163,1.2497272491455078,0.0,12.0,0.0,0.0,0.0,0.0,0.0,0.0,,,,,,,,,,,,,,,,,,,,,,0.0005
33,10940,train,-0.04675593972206116,0.10386240482330322,0.10418723523616791,0.0,0.004677324090152979,0.004677324090152979,0.0,3.4916956424713135,9.999999747378752e-05,0.05000000074505806,0.05000000074505806,0.05000000074505806,0.0010000000474974513,0.0010000000474974513,1.0,0.030144527554512024,0.0023796558380126953,0.0,0.0,0.0,0.0,0.0,0.0,0.0,0.0,-1.720713496208191,-1.720713496208191,1.0,-1.720713496208191,-1.720713496208191,-1.6959065198898315,0.0,-4.437602996826172,1.6199054718017578,1.0,0.030144527554512024,1.0,0.0,0.0,0.030144527554512024,0.0,0.0,0.0023796558380126953,0.0,0.29762035608291626,0.1837247908115387,0.06633055210113525,0.9929265379905701,0.4899733364582062,0.0,0.0,0.0,0.0,0.0,0.0,0.0,0.0,1.0,0.0,0.0007478240295313299,0.39839980006217957,0.2496938556432724,0.022918235510587692,0.0,0.10418723523616791,0.10386240482330322,0.10386240482330322,0.12257200479507446,0.01450907252728939,-1.0276540035603077e-10,0.0,0.0,6.0708208084106445,6.0708208084106445,1.525130033493042,1.525130033493042,0.7745388150215149,0.0,0.0,0.0,0.0,0.29762035608291626,0.21937721967697144,0.0014875669730827212,0.9998884201049805,0.4899733364582062,0.1654258668422699,1.4523768424987793,1.5635931491851807,1.525130033493042,1.5255485773086548,1.6199054718017578,0.4565750062465668,0.049156565219163895,1.0,1.2922300100326538,1.243077039718628,1.2363636493682861,0.0,12.0,0.0,0.0,0.0,0.0,0.0,0.0,,,,,,,,,,,,,,,,,,,,,,0.0005
33,10960,train,-0.04917524382472038,0.10412130504846573,0.10467056185007095,0.0,0.004712250083684921,0.004712250083684921,0.0,3.5476391315460205,9.999999747378752e-05,0.05000000074505806,0.05000000074505806,0.05000000074505806,0.0010000000474974513,0.0010000000474974513,1.0,0.01836659200489521,0.0018675625324249268,0.0,0.0,0.0,0.0,0.0,0.0,0.0,0.0,-1.7484127283096313,-1.7484127283096313,1.0,-1.7484127283096313,-1.7484127283096313,-1.728179693222046,0.0,-4.498854160308838,1.5083422660827637,1.0,0.01836659200489521,1.0,0.0,0.0,0.01836659200489521,0.0,0.0,0.0018675625324249268,0.0,0.3018675744533539,0.19245727360248566,0.06302306056022644,0.9924477338790894,0.49109771847724915,0.0,0.0,0.0,0.0,0.0,0.0,0.0,0.0,1.0,0.0,0.0009663075907155871,0.41431912779808044,0.2299363762140274,0.020942222326993942,0.0,0.10467056185007095,0.10412130504846573,0.10412130504846573,0.11940298974514008,0.0776057168841362,1.1755268980451206e-10,0.0,0.0,6.280381202697754,6.28038215637207,1.4251585006713867,1.4251585006713867,0.8021867871284485,0.0,0.0,0.0,0.0,0.3018675744533539,0.22264260053634644,0.0011725153308361769,0.9998939037322998,0.49109771847724915,0.17221201956272125,1.4119153022766113,1.424061894416809,1.4251585006713867,1.4411786794662476,1.5083422660827637,0.44947904348373413,0.04748942703008652,1.0,1.209354281425476,1.1506423950195312,1.1758291721343994,0.0,12.0,0.0,0.0,0.0,0.0,0.0,0.0,,,,,,,,,,,,,,,,,,,,,,0.0005
33,10980,train,-0.05468524247407913,0.09724678844213486,0.09770576655864716,0.0,0.004430246539413929,0.004430246539413929,0.0,3.4639596939086914,9.999999747378752e-05,0.05000000074505806,0.05000000074505806,0.05000000074505806,0.0010000000474974513,0.0010000000474974513,1.0,0.02395664155483246,0.0013574063777923584,0.0,0.0,0.0,0.0,0.0,0.0,0.0,0.0,-1.7206640243530273,-1.7206640243530273,1.0,-1.7206640243530273,-1.7206640243530273,-1.6947109699249268,0.0,-4.439776420593262,1.5992579460144043,1.0,0.02395664155483246,1.0,0.0,0.0,0.02395664155483246,0.0,0.0,0.0013574063777923584,0.0,0.3013574182987213,0.19003604352474213,0.05069775506854057,0.9884181022644043,0.4881971478462219,0.0,0.0,0.0,0.0,0.0,0.0,0.0,0.0,1.0,0.0,0.0007097670459188521,0.40262752771377563,0.24176205694675446,0.02326723001897335,0.0,0.09770576655864716,0.09724678844213486,0.09724678844213486,0.12464434653520584,0.06553113460540771,-6.739568902958126e-10,0.0,0.0,5.867119312286377,5.867119312286377,1.4834108352661133,1.4834108352661133,0.7864258885383606,0.0,0.0,0.0,0.0,0.3013574182987213,0.22402678430080414,0.003905059304088354,0.9998077750205994,0.4881971478462219,0.17090994119644165,1.428839087486267,1.5105535984039307,1.4834108352661133,1.511506199836731,1.5992579460144043,0.46455538272857666,0.048137493431568146,1.0,1.2105934619903564,1.2564164400100708,1.2886472940444946,0.0,12.0,0.0,0.0,0.0,0.0,0.0,0.0,,,,,,,,,,,,,,,,,,,,,,0.0005
33,11000,train,-0.051943808794021606,0.10176120698451996,0.10214167833328247,0.0,0.004377354402095079,0.004377354402095079,0.0,3.5049889087677,9.999999747378752e-05,0.05000000074505806,0.05000000074505806,0.05000000074505806,0.0010000000474974513,0.0010000000474974513,1.0,0.024777349084615707,0.000942230224609375,0.0,0.0,0.0,0.0,0.0,0.0,0.0,0.0,-1.7472844123840332,-1.7472844123840332,1.0,-1.7472844123840332,-1.747284173965454,-1.7262738943099976,0.0,-4.485313415527344,1.5687283277511597,1.0,0.024777349084615707,1.0,0.0,0.0,0.024777349084615707,0.0,0.0,0.000942230224609375,0.0,0.30094224214553833,0.18727077543735504,0.039916858077049255,0.9937492609024048,0.4925314784049988,0.0,0.0,0.0,0.0,0.0,0.0,0.0,0.0,1.0,0.0,0.0005954158259555697,0.38656342029571533,0.23390065133571625,0.022031063213944435,0.0,0.10214167833328247,0.10176120698451996,0.10176120698451996,0.10724320262670517,0.03334209322929382,-2.654940989277321e-10,0.0,0.0,5.723806381225586,5.723806381225586,1.460944652557373,1.460944652557373,0.6515673995018005,0.0,0.0,0.0,0.0,0.30094224214553833,0.21984340250492096,0.0014660779852420092,0.9998728036880493,0.4925314784049988,0.16645221412181854,1.4366066455841064,1.473037600517273,1.460944652557373,1.4915612936019897,1.5687283277511597,0.47119441628456116,0.0491248294711113,1.0,1.2894303798675537,1.2897814512252808,1.2901688814163208,0.0,12.0,0.0,0.0,0.0,0.0,0.0,0.0,,,,,,,,,,,,,,,,,,,,,,0.0005
33,11020,train,-0.04805015027523041,0.10274631530046463,0.10313176363706589,0.0,0.004470834042876959,0.004470834042876959,0.0,3.4935638904571533,9.999999747378752e-05,0.05000000074505806,0.05000000074505806,0.05000000074505806,0.0010000000474974513,0.0010000000474974513,1.0,0.03142105042934418,0.007452338933944702,0.0,0.0,0.0,0.0,0.0,0.0,0.0,0.0,-1.7203458547592163,-1.7203458547592163,1.0,-1.7203458547592163,-1.7203459739685059,-1.688770055770874,0.0,-4.442584037780762,1.601136565208435,1.0,0.03142105042934418,1.0,0.0,0.0,0.03142105042934418,0.0,0.0,0.007452338933944702,0.0,0.29254767298698425,0.18407073616981506,0.061742063611745834,0.9929258823394775,0.47503897547721863,0.0,0.0,0.0,0.0,0.0,0.0,0.0,0.0,1.0,0.0,0.0008363620727322996,0.3953150510787964,0.2528145909309387,0.023109231144189835,0.0,0.10313176363706589,0.10274631530046463,0.10274631530046463,0.10294144600629807,0.020695729181170464,-3.457182040644824e-10,0.0,0.0,5.992194175720215,5.992194175720215,1.538498878479004,1.538498878479004,0.6361316442489624,0.0,0.0,0.0,0.0,0.29254767298698425,0.2267642319202423,0.0011316825402900577,0.999850869178772,0.47503897547721863,0.16954657435417175,1.4431562423706055,1.5965007543563843,1.538498878479004,1.528847575187683,1.601136565208435,0.4633921980857849,0.04919815808534622,1.0,1.3836629390716553,1.283435583114624,1.241420030593872,0.0,12.0,0.0,0.0,0.0,0.0,0.0,0.0,,,,,,,,,,,,,,,,,,,,,,0.0005
33,11022,train_epoch,-0.0509103012053731,0.10152410820661904,0.10185260053523286,0.0,0.00454234596325118,0.00454234596325118,0.0,3.494216829716802,9.999999747378752e-05,0.05000000074505806,0.05000000074505806,0.05000000074505806,0.0010000000474974513,0.0010000000474974513,1.0,0.027983289897932622,0.006110459119973782,0.0,0.0,0.0,0.0,0.0,0.0,0.0,0.0,-1.7341555999424643,-1.7341555999424643,1.0,-1.7341555999424643,-1.7341556010132064,-1.7088118406113035,0.0,-4.465198311263216,1.5771165543687558,1.0,0.027983289897932622,1.0,0.0,0.0,0.027983289897932622,0.0,0.0,0.006110459119973782,0.0,0.2992957977656119,0.1864644282770728,0.05577327038892015,0.9927081772667206,0.48802791830308423,0.0,0.0,0.0,0.0,0.0,0.0,0.0,0.0,1.0,0.0,0.0007505079342800327,0.4022264654586415,0.24293215345301314,0.022666401776323418,0.0,0.10185260053523286,0.10152410820661904,0.10152410820661904,0.11433909291368045,0.04548838406694568,2.191350023443693e-12,0.0,0.0,5.92849531858981,5.9284953128791855,1.4887542478338687,1.4887542478338687,0.7187918363930936,0.0,0.0,0.0,0.0,0.29929579383955746,0.22221808965334636,0.001944748733212201,0.9998239912315757,0.48802791830308423,0.16953020516091477,1.4291391315574418,1.5179253848726877,1.4887542478338687,1.4891577063206427,1.5771165543687558,0.46057718430093664,0.04852273663182458,1.0,1.2434243559837341,1.2422154474401188,1.242887635073976,0.0,12.0,0.0,0.0,0.0,0.0,0.0,0.0,,,,,,,,,,,,,,,,,,,,,,0.0005
33,11022,val,,,,,,,,,,,,,,,,,,,,,,,,,,,,,,,,,,,,,,,,,,,,,,,,,,,,,,,,,,,,,,,,,,,,,,,,,,,,,,,,,,,,,,,,,,,,,,,,,,,,,,,,,,,15.23978369150843,637.158405985151,25.241996870001213,11.497743483100619,7.051917791366577,14.061898073979787,23.109179671051674,10.378982582262584,6.509312131575176,15.18012490442821,25.216281507370415,11.455434624637876,7.032979028565543,17.294008821249008,28.426794689436846,13.47587960106986,8.028544345072337,15.23978369150843,25.241996870001213,11.497743483100619,7.051917791366577,0.0005
34,11040,train,-0.0411253497004509,0.1092366948723793,0.10942540317773819,0.0,0.004671825561672449,0.004671825561672449,0.0,3.5068628787994385,9.999999747378752e-05,0.05000000074505806,0.05000000074505806,0.05000000074505806,0.0010000000474974513,0.0010000000474974513,1.0,0.027554936707019806,0.01414141058921814,0.0,0.0,0.0,0.0,0.0,0.0,0.0,0.0,-1.7287309169769287,-1.7287309169769287,1.0,-1.7287309169769287,-1.7287307977676392,-1.696671962738037,0.0,-4.448777198791504,1.586477279663086,1.0,0.027554936707019806,1.0,0.0,0.0,0.027554936707019806,0.0,0.0,0.01414141058921814,0.0,0.2858586013317108,0.19027599692344666,0.04311931133270264,0.9918331503868103,0.46780654788017273,0.0,0.0,0.0,0.0,0.0,0.0,0.0,0.0,1.0,0.0,0.0007456926396116614,0.4053851068019867,0.2434464991092682,0.022331153973937035,0.0,0.10942540317773819,0.1092366948723793,0.1092366948723793,0.12635552883148193,0.045783527195453644,-4.118534957520126e-10,0.0,0.0,6.008483409881592,6.008483409881592,1.4926855564117432,1.4926855564117432,0.7911540269851685,0.0,0.0,0.0,0.0,0.2858586013317108,0.22733193635940552,0.001138514606282115,0.999896764755249,0.46780654788017273,0.16420038044452667,1.4300079345703125,1.5197803974151611,1.4926855564117432,1.4991109371185303,1.586477279663086,0.4533119797706604,0.04871754348278046,1.0,1.214214563369751,1.2150095701217651,1.2060621976852417,0.0,12.0,0.0,0.0,0.0,0.0,0.0,0.0,,,,,,,,,,,,,,,,,,,,,,0.0005
34,11060,train,-0.04885130375623703,0.10395843535661697,0.10461694747209549,0.0,0.004552261438220739,0.004552261438220739,0.0,3.4868438243865967,9.999999747378752e-05,0.05000000074505806,0.05000000074505806,0.05000000074505806,0.0010000000474974513,0.0010000000474974513,1.0,0.022074943408370018,0.005737513303756714,0.0,0.0,0.0,0.0,0.0,0.0,0.0,0.0,-1.7433723211288452,-1.7433723211288452,1.0,-1.7433723211288452,-1.7433723211288452,-1.7186307907104492,0.0,-4.4790167808532715,1.5330040454864502,1.0,0.022074943408370018,1.0,0.0,0.0,0.022074943408370018,0.0,0.0,0.005737513303756714,0.0,0.29426252841949463,0.18905803561210632,0.04384494572877884,0.9906390905380249,0.4816373884677887,0.0,0.0,0.0,0.0,0.0,0.0,0.0,0.0,1.0,0.0,0.0011161401635035872,0.4083728790283203,0.23231671750545502,0.02260138839483261,0.0,0.10461694747209549,0.10395843535661697,0.10395843535661697,0.10814005136489868,0.060792677104473114,1.6093372467995692e-10,0.0,0.0,6.188998699188232,6.188999652862549,1.4352455139160156,1.4352455139160156,0.7185123562812805,0.0,0.0,0.0,0.0,0.29426249861717224,0.22339442372322083,0.002453393302857876,0.9998109936714172,0.4816373884677887,0.166421577334404,1.4154229164123535,1.440995693206787,1.4352455139160156,1.4575694799423218,1.5330040454864502,0.45875829458236694,0.04846369847655296,1.0,1.2334120273590088,1.2132878303527832,1.2132413387298584,0.0,12.0,0.0,0.0,0.0,0.0,0.0,0.0,,,,,,,,,,,,,,,,,,,,,,0.0005
34,11080,train,-0.06295604258775711,0.0919160544872284,0.09229087829589844,0.0,0.0045752376317977905,0.0045752376317977905,0.0,3.5197815895080566,9.999999747378752e-05,0.05000000074505806,0.05000000074505806,0.05000000074505806,0.0010000000474974513,0.0010000000474974513,1.0,0.021187443286180496,0.0037015974521636963,0.0,0.0,0.0,0.0,0.0,0.0,0.0,0.0,-1.7393590211868286,-1.7393590211868286,1.0,-1.7393590211868286,-1.7393590211868286,-1.7096065282821655,0.0,-4.4891037940979,1.569151759147644,1.0,0.021187443286180496,1.0,0.0,0.0,0.021187443286180496,0.0,0.0,0.0037015974521636963,0.0,0.29629841446876526,0.18977214395999908,0.04451776295900345,0.9916706085205078,0.47754210233688354,0.0,0.0,0.0,0.0,0.0,0.0,0.0,0.0,1.0,0.0,0.0006038501160219312,0.40253153443336487,0.24218326807022095,0.02205589972436428,0.0,0.09229087829589844,0.0919160544872284,0.0919160544872284,0.10474604368209839,0.051862988620996475,-3.4817704275269534e-10,0.0,0.0,5.909185409545898,5.909185409545898,1.48246169090271,1.48246169090271,0.6759881377220154,0.0,0.0,0.0,0.0,0.29629841446876526,0.228300541639328,0.0012523088371381164,0.9998855590820312,0.47754210233688354,0.17432598769664764,1.4263652563095093,1.5150781869888306,1.48246169090271,1.501097559928894,1.569151759147644,0.4619726836681366,0.048256587237119675,1.0,1.2320321798324585,1.225158929824829,1.2271167039871216,0.0,12.0,0.0,0.0,0.0,0.0,0.0,0.0,,,,,,,,,,,,,,,,,,,,,,0.0005
34,11100,train,-0.05221301689743996,0.1003485918045044,0.10066402703523636,0.0,0.0044787731021642685,0.0044787731021642685,0.0,3.494157075881958,9.999999747378752e-05,0.05000000074505806,0.05000000074505806,0.05000000074505806,0.0010000000474974513,0.0010000000474974513,1.0,0.029352398589253426,0.00725322961807251,0.0,0.0,0.0,0.0,0.0,0.0,0.0,0.0,-1.7330437898635864,-1.7330437898635864,1.0,-1.7330437898635864,-1.7330436706542969,-1.7069413661956787,0.0,-4.464861869812012,1.556451678276062,1.0,0.029352398589253426,1.0,0.0,0.0,0.029352398589253426,0.0,0.0,0.00725322961807251,0.0,0.29274678230285645,0.1884870082139969,0.040593892335891724,0.9903141856193542,0.47852158546447754,0.0,0.0,0.0,0.0,0.0,0.0,0.0,0.0,1.0,0.0,0.0005717438762076199,0.4008582830429077,0.244804248213768,0.022786853834986687,0.0,0.10066402703523636,0.1003485918045044,0.1003485918045044,0.11345446109771729,0.04767661541700363,-3.008880089527821e-10,0.0,0.0,5.94815731048584,5.948157787322998,1.481265902519226,1.481265902519226,0.7199887037277222,0.0,0.0,0.0,0.0,0.29274678230285645,0.2249135971069336,0.001474859775044024,0.9998705387115479,0.47852158546447754,0.16550245881080627,1.4298911094665527,1.5171006917953491,1.481265902519226,1.4795821905136108,1.556451678276062,0.46129125356674194,0.04865819215774536,1.0,1.200646162033081,1.231558084487915,1.2337465286254883,0.0,12.0,0.0,0.0,0.0,0.0,0.0,0.0,,,,,,,,,,,,,,,,,,,,,,0.0005
34,11120,train,-0.042050763964653015,0.10961979627609253,0.11026409268379211,0.0,0.0048389313742518425,0.0048389313742518425,0.0,3.514169454574585,9.999999747378752e-05,0.05000000074505806,0.05000000074505806,0.05000000074505806,0.0010000000474974513,0.0010000000474974513,1.0,0.024891609326004982,0.0003650188446044922,0.0,0.0,0.0,0.0,0.0,0.0,0.0,0.0,-1.7434200048446655,-1.7434200048446655,1.0,-1.7434200048446655,-1.743420124053955,-1.7183613777160645,0.0,-4.489375114440918,1.5534327030181885,1.0,0.024891609326004982,1.0,0.0,0.0,0.024891609326004982,0.0,0.0,0.0003650188446044922,0.0,0.30036506056785583,0.19167794287204742,0.06214088201522827,0.9924365878105164,0.4892175793647766,0.0,0.0,0.0,0.0,0.0,0.0,0.0,0.0,1.0,0.0,0.0013947781408205628,0.4119760990142822,0.24039150774478912,0.02223856747150421,0.0,0.11026409268379211,0.10961979627609253,0.10961979627609253,0.11836282163858414,0.031140349805355072,-5.910137657050285e-11,0.0,0.0,6.417884349822998,6.417884349822998,1.4873417615890503,1.4873417615890503,0.7904722690582275,0.0,0.0,0.0,0.0,0.30036503076553345,0.22275586426258087,0.002674924908205867,0.9998177886009216,0.4892175793647766,0.1696384847164154,1.4399374723434448,1.503603219985962,1.4873417615890503,1.4782629013061523,1.5534327030181885,0.46090614795684814,0.04960161820054054,1.0,1.1062346696853638,1.164551019668579,1.1805648803710938,0.0,12.0,0.0,0.0,0.0,0.0,0.0,0.0,,,,,,,,,,,,,,,,,,,,,,0.0005
34,11140,train,-0.058479826897382736,0.09356484562158585,0.09398560225963593,0.0,0.004710292909294367,0.004710292909294367,0.0,3.4712107181549072,9.999999747378752e-05,0.05000000074505806,0.05000000074505806,0.05000000074505806,0.0010000000474974513,0.0010000000474974513,1.0,0.02432817593216896,0.011196762323379517,0.0,0.0,0.0,0.0,0.0,0.0,0.0,0.0,-1.7145994901657104,-1.7145994901657104,1.0,-1.7145994901657104,-1.7145994901657104,-1.6894569396972656,0.0,-4.430718898773193,1.5651659965515137,1.0,0.02432817593216896,1.0,0.0,0.0,0.02432817593216896,0.0,0.0,0.011196762323379517,0.0,0.28880324959754944,0.19259244203567505,0.027382146567106247,0.9958019256591797,0.4706164598464966,0.0,0.0,0.0,0.0,0.0,0.0,0.0,0.0,1.0,0.0,0.0008553999359719455,0.41783443093299866,0.24347782135009766,0.02306581288576126,0.0,0.09398560225963593,0.09356484562158585,0.09356484562158585,0.11523646116256714,0.05979849025607109,1.1571260442877485e-11,0.0,0.0,5.733880996704102,5.733880996704102,1.4814388751983643,1.4814388751983643,0.7232820391654968,0.0,0.0,0.0,0.0,0.28880324959754944,0.2277429848909378,0.003555974690243602,0.9999525547027588,0.4706164598464966,0.16711091995239258,1.4314829111099243,1.5045135021209717,1.4814388751983643,1.4837255477905273,1.5651659965515137,0.4556429386138916,0.04875961318612099,1.0,1.3930779695510864,1.2499045133590698,1.25394868850708,0.0,12.0,0.0,0.0,0.0,0.0,0.0,0.0,,,,,,,,,,,,,,,,,,,,,,0.0005
34,11160,train,-0.05502394586801529,0.09553298354148865,0.09582588076591492,0.0,0.004632999654859304,0.004632999654859304,0.0,3.5151264667510986,9.999999747378752e-05,0.05000000074505806,0.05000000074505806,0.05000000074505806,0.0010000000474974513,0.0010000000474974513,1.0,0.029414473101496696,0.01624777913093567,0.0,0.0,0.0,0.0,0.0,0.0,0.0,0.0,-1.7035092115402222,-1.7035092115402222,1.0,-1.7035092115402222,-1.7035092115402222,-1.6760331392288208,0.0,-4.4151997566223145,1.6302813291549683,1.0,0.029414473101496696,1.0,0.0,0.0,0.029414473101496696,0.0,0.0,0.01624777913093567,0.0,0.2837522327899933,0.1848812848329544,0.05503425747156143,0.9966031312942505,0.470745712518692,0.0,0.0,0.0,0.0,0.0,0.0,0.0,0.0,1.0,0.0,0.0007175224018283188,0.4111742079257965,0.25668665766716003,0.022582946345210075,0.0,0.09582588076591492,0.09553298354148865,0.09553298354148865,0.11779946833848953,0.03115215338766575,2.3752072531024737e-10,0.0,0.0,5.833261489868164,5.833261489868164,1.5441999435424805,1.5441999435424805,0.7279894351959229,0.0,0.0,0.0,0.0,0.2837522327899933,0.22346581518650055,0.004509984981268644,0.9999616146087646,0.470745712518692,0.15765932202339172,1.449371099472046,1.5928549766540527,1.5441999435424805,1.507332682609558,1.6302813291549683,0.454465389251709,0.048663049936294556,1.0,1.1677061319351196,1.2392606735229492,1.2402913570404053,0.0,12.0,0.0,0.0,0.0,0.0,0.0,0.0,,,,,,,,,,,,,,,,,,,,,,0.0005
34,11180,train,-0.05523413419723511,0.09940443187952042,0.09986204653978348,0.0,0.004537202883511782,0.004537202883511782,0.0,3.533621311187744,9.999999747378752e-05,0.05000000074505806,0.05000000074505806,0.05000000074505806,0.0010000000474974513,0.0010000000474974513,1.0,0.017484627664089203,0.009174913167953491,0.0,0.0,0.0,0.0,0.0,0.0,0.0,0.0,-1.752178430557251,-1.752178430557251,1.0,-1.752178430557251,-1.752178430557251,-1.7263809442520142,0.0,-4.503608226776123,1.5131841897964478,1.0,0.017484627664089203,1.0,0.0,0.0,0.017484627664089203,0.0,0.0,0.009174913167953491,0.0,0.30917492508888245,0.19236017763614655,0.0563737228512764,0.9940473437309265,0.4913758933544159,0.0,0.0,0.0,0.0,0.0,0.0,0.0,0.0,1.0,0.0,0.0007902504876255989,0.40564751625061035,0.23160766065120697,0.021409638226032257,0.0,0.09986204653978348,0.09940443187952042,0.09940443187952042,0.1108519658446312,0.05298228561878204,-1.6684664760902024e-10,0.0,0.0,6.1689581871032715,6.1689581871032715,1.4587643146514893,1.4587643146514893,0.7243154048919678,0.0,0.0,0.0,0.0,0.30917492508888245,0.22757667303085327,0.0008355383761227131,0.9999080896377563,0.4913758933544159,0.1832873821258545,1.4417047500610352,1.4576231241226196,1.4587643146514893,1.4506975412368774,1.5131841897964478,0.4646146893501282,0.04888720437884331,1.0,1.2624709606170654,1.2505967617034912,1.2330912351608276,0.0,12.0,0.0,0.0,0.0,0.0,0.0,0.0,,,,,,,,,,,,,,,,,,,,,,0.0005
34,11200,train,-0.04929571971297264,0.10347401350736618,0.10396279394626617,0.0,0.004624275956302881,0.004624275956302881,0.0,3.497056245803833,9.999999747378752e-05,0.05000000074505806,0.05000000074505806,0.05000000074505806,0.0010000000474974513,0.0010000000474974513,1.0,0.02596314251422882,0.010545074939727783,0.0,0.0,0.0,0.0,0.0,0.0,0.0,0.0,-1.7417970895767212,-1.7417970895767212,1.0,-1.7417970895767212,-1.7417970895767212,-1.719046711921692,0.0,-4.471147537231445,1.5509639978408813,1.0,0.02596314251422882,1.0,0.0,0.0,0.02596314251422882,0.0,0.0,0.010545074939727783,0.0,0.28945493698120117,0.18699310719966888,0.0644521713256836,0.9947906732559204,0.4809349775314331,0.0,0.0,0.0,0.0,0.0,0.0,0.0,0.0,1.0,0.0,0.0009719549561850727,0.4148644506931305,0.23695211112499237,0.022554805502295494,0.0,0.10396279394626617,0.10347401350736618,0.10347401350736618,0.114287368953228,0.05634733662009239,-9.755745516981662e-11,0.0,0.0,5.946108818054199,5.946108818054199,1.4578948020935059,1.4578948020935059,0.7223466634750366,0.0,0.0,0.0,0.0,0.28945493698120117,0.22021923959255219,0.0021632194984704256,0.9999048709869385,0.4809349775314331,0.15802696347236633,1.4194796085357666,1.4723058938980103,1.4578948020935059,1.4715759754180908,1.5509639978408813,0.4557753801345825,0.04829118028283119,1.0,1.1604335308074951,1.1739397048950195,1.1792092323303223,0.0,12.0,0.0,0.0,0.0,0.0,0.0,0.0,,,,,,,,,,,,,,,,,,,,,,0.0005
34,11220,train,-0.055794477462768555,0.09638619422912598,0.09680408239364624,0.0,0.004512503743171692,0.004512503743171692,0.0,3.5120534896850586,9.999999747378752e-05,0.05000000074505806,0.05000000074505806,0.05000000074505806,0.0010000000474974513,0.0010000000474974513,1.0,0.021167900413274765,0.01079520583152771,0.0,0.0,0.0,0.0,0.0,0.0,0.0,0.0,-1.7215027809143066,-1.7215027809143066,1.0,-1.7215027809143066,-1.721502661705017,-1.6981511116027832,0.0,-4.434230327606201,1.6132097244262695,1.0,0.021167900413274765,1.0,0.0,0.0,0.021167900413274765,0.0,0.0,0.01079520583152771,0.0,0.31079521775245667,0.190642848610878,0.039391592144966125,0.9931594729423523,0.4935028851032257,0.0,0.0,0.0,0.0,0.0,0.0,0.0,0.0,1.0,0.0,0.0008996034157462418,0.3954666256904602,0.23999251425266266,0.02212497591972351,0.0,0.09680408239364624,0.09638619422912598,0.09638619422912598,0.10574206709861755,0.04265982657670975,-9.055885902276017e-11,0.0,0.0,5.881363391876221,5.881363391876221,1.477825403213501,1.477825403213501,0.6694109439849854,0.0,0.0,0.0,0.0,0.31079521775245667,0.22688832879066467,0.0012293718755245209,0.9998251795768738,0.4935028851032257,0.18405331671237946,1.4352444410324097,1.5007548332214355,1.477825403213501,1.5191718339920044,1.6132097244262695,0.4634243845939636,0.04855892062187195,1.0,1.1814460754394531,1.251962423324585,1.29851233959198,0.0,12.0,0.0,0.0,0.0,0.0,0.0,0.0,,,,,,,,,,,,,,,,,,,,,,0.0005
34,11240,train,-0.04268975555896759,0.10659763216972351,0.10697337239980698,0.0,0.004566382151097059,0.004566382151097059,0.0,3.5060818195343018,9.999999747378752e-05,0.05000000074505806,0.05000000074505806,0.05000000074505806,0.0010000000474974513,0.0010000000474974513,1.0,0.03060445748269558,0.002949655055999756,0.0,0.0,0.0,0.0,0.0,0.0,0.0,0.0,-1.7129453420639038,-1.7129453420639038,1.0,-1.7129453420639038,-1.7129453420639038,-1.6899162530899048,0.0,-4.426891326904297,1.6032155752182007,1.0,0.03060445748269558,1.0,0.0,0.0,0.03060445748269558,0.0,0.0,0.002949655055999756,0.0,0.2970503568649292,0.19092273712158203,0.04989343136548996,0.9925904273986816,0.47992753982543945,0.0,0.0,0.0,0.0,0.0,0.0,0.0,0.0,1.0,0.0,0.0007458209875039756,0.4027901291847229,0.2436930537223816,0.02233187109231949,0.0,0.10697337239980698,0.10659763216972351,0.10659763216972351,0.10559838265180588,0.0513593964278698,3.801999513830534e-12,0.0,0.0,5.870924472808838,5.870924472808838,1.483618140220642,1.483618140220642,0.6666962504386902,0.0,0.0,0.0,0.0,0.2970503568649292,0.22736281156539917,0.0018720254302024841,0.9998860359191895,0.47992753982543945,0.17238052189350128,1.428454041481018,1.5146409273147583,1.483618140220642,1.5056869983673096,1.6032155752182007,0.4613496661186218,0.04889762029051781,1.0,1.2867285013198853,1.197959542274475,1.2196214199066162,0.0,12.0,0.0,0.0,0.0,0.0,0.0,0.0,,,,,,,,,,,,,,,,,,,,,,0.0005
34,11260,train,-0.05311712622642517,0.09913776069879532,0.09944981336593628,0.0,0.00484347203746438,0.00484347203746438,0.0,3.5290729999542236,9.999999747378752e-05,0.05000000074505806,0.05000000074505806,0.05000000074505806,0.0010000000474974513,0.0010000000474974513,1.0,0.025983387604355812,0.010111033916473389,0.0,0.0,0.0,0.0,0.0,0.0,0.0,0.0,-1.7277603149414062,-1.7277603149414062,1.0,-1.7277603149414062,-1.7277603149414062,-1.7017136812210083,0.0,-4.455233573913574,1.5681885480880737,1.0,0.025983387604355812,1.0,0.0,0.0,0.025983387604355812,0.0,0.0,0.010111033916473389,0.0,0.28988900780677795,0.18575337529182434,0.04903160780668259,0.9963235259056091,0.4783773422241211,0.0,0.0,0.0,0.0,0.0,0.0,0.0,0.0,1.0,0.0,0.0008417534991167486,0.41098809242248535,0.24796552956104279,0.021833665668964386,0.0,0.09944981336593628,0.09913776069879532,0.09913776069879532,0.11719630658626556,0.029666827991604805,-8.35573624180519e-11,0.0,0.0,5.883988380432129,5.883988857269287,1.5136979818344116,1.5136979818344116,0.7284412980079651,0.0,0.0,0.0,0.0,0.28988897800445557,0.22246241569519043,0.0016535925678908825,0.9999351501464844,0.4783773422241211,0.1610141098499298,1.4462592601776123,1.5470505952835083,1.5136979818344116,1.490980863571167,1.5681885480880737,0.46313244104385376,0.04923601821064949,1.0,1.1357696056365967,1.2261732816696167,1.2238662242889404,0.0,12.0,0.0,0.0,0.0,0.0,0.0,0.0,,,,,,,,,,,,,,,,,,,,,,0.0005
34,11280,train,-0.03595562279224396,0.11231370270252228,0.11268936842679977,0.0,0.0046766335144639015,0.0046766335144639015,0.0,3.4876184463500977,9.999999747378752e-05,0.05000000074505806,0.05000000074505806,0.05000000074505806,0.0010000000474974513,0.0010000000474974513,1.0,0.022533975541591644,0.002166658639907837,0.0,0.0,0.0,0.0,0.0,0.0,0.0,0.0,-1.7141449451446533,-1.7141449451446533,1.0,-1.7141449451446533,-1.7141449451446533,-1.690291166305542,0.0,-4.4291276931762695,1.6065037250518799,1.0,0.022533975541591644,1.0,0.0,0.0,0.022533975541591644,0.0,0.0,0.002166658639907837,0.0,0.2978333830833435,0.19274365901947021,0.04307195171713829,0.9901670217514038,0.481829434633255,0.0,0.0,0.0,0.0,0.0,0.0,0.0,0.0,1.0,0.0,0.0010350418742746115,0.41022545099258423,0.23949185013771057,0.02265290357172489,0.0,0.11268936842679977,0.11231370270252228,0.11231370270252228,0.12233826518058777,0.04849982261657715,3.3894800854916696e-10,0.0,0.0,5.973320007324219,5.973320007324219,1.4707458019256592,1.4707458019256592,0.7744772434234619,0.0,0.0,0.0,0.0,0.2978333532810211,0.22680695354938507,0.002120129531249404,0.9998630285263062,0.481829434633255,0.17161458730697632,1.431037425994873,1.4882285594940186,1.4707458019256592,1.511287808418274,1.6065037250518799,0.4603002369403839,0.04899953305721283,1.0,1.154142141342163,1.1637983322143555,1.1756656169891357,0.0,12.0,0.0,0.0,0.0,0.0,0.0,0.0,,,,,,,,,,,,,,,,,,,,,,0.0005
34,11300,train,-0.05663120746612549,0.09668954461812973,0.09709678590297699,0.0,0.00434922706335783,0.00434922706335783,0.0,3.4959652423858643,9.999999747378752e-05,0.05000000074505806,0.05000000074505806,0.05000000074505806,0.0010000000474974513,0.0010000000474974513,1.0,0.030141012743115425,0.0019992589950561523,0.0,0.0,0.0,0.0,0.0,0.0,0.0,0.0,-1.7333930730819702,-1.7333930730819702,1.0,-1.7333930730819702,-1.7333930730819702,-1.7048144340515137,0.0,-4.468249320983887,1.5602434873580933,1.0,0.030141012743115425,1.0,0.0,0.0,0.030141012743115425,0.0,0.0,0.0019992589950561523,0.0,0.3019992709159851,0.18814268708229065,0.05881987139582634,0.994975209236145,0.48728325963020325,0.0,0.0,0.0,0.0,0.0,0.0,0.0,0.0,1.0,0.0,0.0006440797005780041,0.39572852849960327,0.24371784925460815,0.022642118856310844,0.0,0.09709678590297699,0.09668954461812973,0.09668954461812973,0.11126885563135147,0.03348284959793091,2.4924476371701587e-10,0.0,0.0,5.966528415679932,5.966528415679932,1.4980276823043823,1.4980276823043823,0.7024150490760803,0.0,0.0,0.0,0.0,0.3019992709159851,0.22543148696422577,0.0010917250765487552,0.9998973608016968,0.48728325963020325,0.17558211088180542,1.4459419250488281,1.533257007598877,1.4980276823043823,1.4887359142303467,1.5602434873580933,0.46801331639289856,0.049249179661273956,1.0,1.196721076965332,1.2394742965698242,1.2588317394256592,0.0,12.0,0.0,0.0,0.0,0.0,0.0,0.0,,,,,,,,,,,,,,,,,,,,,,0.0005
34,11320,train,-0.04368501901626587,0.10850927233695984,0.10864970088005066,0.0,0.004599184263497591,0.004599184263497591,0.0,3.5134551525115967,9.999999747378752e-05,0.05000000074505806,0.05000000074505806,0.05000000074505806,0.0010000000474974513,0.0010000000474974513,1.0,0.0280291847884655,0.00508570671081543,0.0,0.0,0.0,0.0,0.0,0.0,0.0,0.0,-1.7453864812850952,-1.7453864812850952,1.0,-1.7453864812850952,-1.7453864812850952,-1.7212697267532349,0.0,-4.486310958862305,1.5351405143737793,1.0,0.0280291847884655,1.0,0.0,0.0,0.0280291847884655,0.0,0.0,0.00508570671081543,0.0,0.305085688829422,0.19189593195915222,0.06067921966314316,0.994874894618988,0.48958727717399597,0.0,0.0,0.0,0.0,0.0,0.0,0.0,0.0,1.0,0.0,0.00020104800933040679,0.4020324647426605,0.2385130524635315,0.022149521857500076,0.0,0.10864970088005066,0.10850927233695984,0.10850927233695984,0.11674068123102188,0.03276175260543823,-3.969875816967061e-10,0.0,0.0,6.018138885498047,6.018138408660889,1.4742815494537354,1.4742815494537354,0.7296779751777649,0.0,0.0,0.0,0.0,0.3050857186317444,0.22648204863071442,0.0024962136521935463,0.9999207258224487,0.48958727717399597,0.17892158031463623,1.427982211112976,1.4981902837753296,1.4742815494537354,1.4649922847747803,1.5351405143737793,0.4609062373638153,0.04884879291057587,1.0,1.1566104888916016,1.2132433652877808,1.2053847312927246,0.0,12.0,0.0,0.0,0.0,0.0,0.0,0.0,,,,,,,,,,,,,,,,,,,,,,0.0005
34,11340,train,-0.061907798051834106,0.09087491780519485,0.09139341115951538,0.0,0.004526694770902395,0.004526694770902395,0.0,3.4855308532714844,9.999999747378752e-05,0.05000000074505806,0.05000000074505806,0.05000000074505806,0.0010000000474974513,0.0010000000474974513,1.0,0.02150798961520195,2.1636486053466797e-05,0.0,0.0,0.0,0.0,0.0,0.0,0.0,0.0,-1.7165781259536743,-1.7165781259536743,1.0,-1.7165781259536743,-1.7165781259536743,-1.687437891960144,0.0,-4.431099891662598,1.6107559204101562,1.0,0.02150798961520195,1.0,0.0,0.0,0.02150798961520195,0.0,0.0,2.1636486053466797e-05,0.0,0.2999783754348755,0.1949165016412735,0.04831315577030182,0.996293306350708,0.4782005250453949,0.0,0.0,0.0,0.0,0.0,0.0,0.0,0.0,1.0,0.0,0.000788025208748877,0.4072948396205902,0.2445923089981079,0.022941462695598602,0.0,0.09139341115951538,0.09087491780519485,0.09087491780519485,0.11571002751588821,0.048458050936460495,-3.124125957931767e-11,0.0,0.0,6.016814708709717,6.016814708709717,1.486078143119812,1.486078143119812,0.7375063896179199,0.0,0.0,0.0,0.0,0.2999783754348755,0.23103207349777222,0.0006471823435276747,0.999889612197876,0.4782005250453949,0.17907476425170898,1.4296034574508667,1.5172792673110962,1.486078143119812,1.5009928941726685,1.6107559204101562,0.46225470304489136,0.04843182861804962,1.0,1.1927335262298584,1.2196111679077148,1.241755723953247,0.0,12.0,0.0,0.0,0.0,0.0,0.0,0.0,,,,,,,,,,,,,,,,,,,,,,0.0005
34,11356,train_epoch,-0.05079626002555301,0.10136160892462302,0.10170295238941016,0.0,0.004559733147850026,0.004559733147850026,0.0,3.5018255396517453,9.999999747378752e-05,0.05000000074505806,0.05000000074505806,0.05000000074505806,0.0010000000474974513,0.0010000000474974513,1.0,0.02693092712050605,0.00651614626724563,0.0,0.0,0.0,0.0,0.0,0.0,0.0,0.0,-1.7311007305533586,-1.7311007305533586,1.0,-1.7311007305533586,-1.7311007266273042,-1.704579391522322,0.0,-4.4593621428141335,1.5791880267108986,1.0,0.02693092712050605,1.0,0.0,0.0,0.02693092712050605,0.0,0.0,0.00651614626724563,0.0,0.29928177675444206,0.18979424876188802,0.05220678644979785,0.9945329231416394,0.48387964078766144,0.0,0.0,0.0,0.0,0.0,0.0,0.0,0.0,1.0,0.0,0.000779534579940631,0.40315527054007183,0.24333493647996537,0.02252273152799842,0.0,0.10170295238941016,0.10136160892462302,0.10136160892462302,0.1139547014664747,0.04577419540094083,1.586500143809026e-11,0.0,0.0,5.936810600543451,5.9368106105370435,1.4940516049276569,1.4940516049276569,0.7173037150662817,0.0,0.0,0.0,0.0,0.2992817741668153,0.2257073194591585,0.0016915907954008034,0.9998872149847224,0.48387964078766144,0.1730613325705785,1.4362806720647983,1.523113754695047,1.4940516049276569,1.4948529982995131,1.5791880267108986,0.4624677959851876,0.04885025745157353,1.0,1.2335513173463102,1.2336736189391084,1.234259676790523,0.0,12.0,0.0,0.0,0.0,0.0,0.0,0.0,,,,,,,,,,,,,,,,,,,,,,0.0005
34,11356,val,,,,,,,,,,,,,,,,,,,,,,,,,,,,,,,,,,,,,,,,,,,,,,,,,,,,,,,,,,,,,,,,,,,,,,,,,,,,,,,,,,,,,,,,,,,,,,,,,,,,,,,,,,,14.93174562709672,619.7505328995841,24.89478927204615,10.743836739233561,6.914655630077634,13.9043231180736,22.979225111515955,9.650138872010368,6.425184688397816,14.9387552184718,24.94109208527596,10.708682869161878,6.910051592758724,16.653706708124705,27.70142001667783,12.64710711155619,7.748646668025425,14.93174562709672,24.89478927204615,10.743836739233561,6.914655630077634,0.0005
34,11356,test,,,,,,,,,,,,,,,,,,,,,,,,,,,,,,,,,,,,,,,,,,,,,,,,,,,,,,,,,,,,,,,,,,,,,,,,,,,,,,,,,,,,,,,,,,,,,,,,,,,,,,,,,,,32.00862544775009,2483.718565940857,49.836919707590845,25.9089173078537,14.195782644408089,22.938268065452576,34.35059422077966,18.802064631666457,10.326210924557277,31.51613391297204,47.740621324786126,25.743318021297455,13.940605538231987,44.910223313740325,66.65730685514697,36.23651356356485,19.727302542754583,32.00862544775009,49.836919707590845,25.9089173078537,14.195782644408089,0.0005
35,11360,train,-0.05465995520353317,0.09914281219244003,0.09947238862514496,0.0,0.0045209587551653385,0.0045209587551653385,0.0,3.533217668533325,9.999999747378752e-05,0.05000000074505806,0.05000000074505806,0.05000000074505806,0.0010000000474974513,0.0010000000474974513,1.0,0.024939198046922684,0.010916262865066528,0.0,0.0,0.0,0.0,0.0,0.0,0.0,0.0,-1.7431247234344482,-1.7431247234344482,1.0,-1.7431247234344482,-1.7431247234344482,-1.7164032459259033,0.0,-4.4814677238464355,1.5347049236297607,1.0,0.024939198046922684,1.0,0.0,0.0,0.024939198046922684,0.0,0.0,0.010916262865066528,0.0,0.3109162747859955,0.1965397745370865,0.04700159281492233,0.9961773753166199,0.48687854409217834,0.0,0.0,0.0,0.0,0.0,0.0,0.0,0.0,1.0,0.0,0.0006812101346440613,0.4021034836769104,0.23852190375328064,0.02160664275288582,0.0,0.09947238862514496,0.09914281219244003,0.09914281219244003,0.10899550467729568,0.05924145132303238,1.7789536510548487e-10,0.0,0.0,6.028500080108643,6.028500080108643,1.4864444732666016,1.4864444732666016,0.7024115920066833,0.0,0.0,0.0,0.0,0.3109162747859955,0.2325669527053833,0.0006741005345247686,0.99988853931427,0.48687854409217834,0.19149817526340485,1.43674898147583,1.5126996040344238,1.4864444732666016,1.4673057794570923,1.5347049236297607,0.4615214765071869,0.04862601310014725,1.0,1.148811936378479,1.247992753982544,1.231713056564331,0.0,12.0,0.0,0.0,0.0,0.0,0.0,0.0,,,,,,,,,,,,,,,,,,,,,,0.0005
35,11380,train,-0.04891234263777733,0.10337842255830765,0.10360987484455109,0.0,0.00468730553984642,0.00468730553984642,0.0,3.5163016319274902,9.999999747378752e-05,0.05000000074505806,0.05000000074505806,0.05000000074505806,0.0010000000474974513,0.0010000000474974513,1.0,0.02861175127327442,0.003229469060897827,0.0,0.0,0.0,0.0,0.0,0.0,0.0,0.0,-1.7363057136535645,-1.7363057136535645,1.0,-1.7363057136535645,-1.7363057136535645,-1.709618091583252,0.0,-4.469824314117432,1.5403356552124023,1.0,0.02861175127327442,1.0,0.0,0.0,0.02861175127327442,0.0,0.0,0.003229469060897827,0.0,0.3032294809818268,0.19516338407993317,0.04435773193836212,0.9951912760734558,0.48404645919799805,0.0,0.0,0.0,0.0,0.0,0.0,0.0,0.0,1.0,0.0,0.000611842842772603,0.4150010645389557,0.23987336456775665,0.02209695428609848,0.0,0.10360987484455109,0.10337842255830765,0.10337842255830765,0.1164291724562645,0.054225340485572815,6.167402005763378e-11,0.0,0.0,6.0362067222595215,6.0362067222595215,1.4707164764404297,1.4707164764404297,0.7481955885887146,0.0,0.0,0.0,0.0,0.3032294809818268,0.2292121946811676,0.0012857425026595592,0.999862790107727,0.48404645919799805,0.18040747940540314,1.4271843433380127,1.4916963577270508,1.4707164764404297,1.4681999683380127,1.5403356552124023,0.45750755071640015,0.04856256768107414,1.0,1.2335069179534912,1.17348313331604,1.163778305053711,0.0,12.0,0.0,0.0,0.0,0.0,0.0,0.0,,,,,,,,,,,,,,,,,,,,,,0.0005
35,11400,train,-0.04933156445622444,0.10352817922830582,0.10388501733541489,0.0,0.0048136343248188496,0.0048136343248188496,0.0,3.5410773754119873,9.999999747378752e-05,0.05000000074505806,0.05000000074505806,0.05000000074505806,0.0010000000474974513,0.0010000000474974513,1.0,0.02330014668405056,0.004511713981628418,0.0,0.0,0.0,0.0,0.0,0.0,0.0,0.0,-1.74259352684021,-1.74259352684021,1.0,-1.74259352684021,-1.74259352684021,-1.724392294883728,0.0,-4.481007099151611,1.5240778923034668,1.0,0.02330014668405056,1.0,0.0,0.0,0.02330014668405056,0.0,0.0,0.004511713981628418,0.0,0.3045117259025574,0.198780357837677,0.046848636120557785,0.9941034317016602,0.48786479234695435,0.0,0.0,0.0,0.0,0.0,0.0,0.0,0.0,1.0,0.0,0.0005474451463669538,0.41898688673973083,0.23227985203266144,0.021187150850892067,0.0,0.10388501733541489,0.10352817922830582,0.10352817922830582,0.12856023013591766,0.07490013539791107,5.510203751613041e-11,0.0,0.0,6.022780418395996,6.022780418395996,1.4480206966400146,1.4480206966400146,0.8289849162101746,0.0,0.0,0.0,0.0,0.3045117259025574,0.22791525721549988,0.006439786404371262,0.9999363422393799,0.48786479234695435,0.17847733199596405,1.431643009185791,1.445513367652893,1.4480206966400146,1.4596084356307983,1.5240778923034668,0.45988401770591736,0.04868978634476662,1.0,1.220963478088379,1.1630480289459229,1.1749303340911865,0.0,12.0,0.0,0.0,0.0,0.0,0.0,0.0,,,,,,,,,,,,,,,,,,,,,,0.0005
35,11420,train,-0.04625306650996208,0.1035468727350235,0.10382872819900513,0.0,0.004594903904944658,0.004594903904944658,0.0,3.5165884494781494,9.999999747378752e-05,0.05000000074505806,0.05000000074505806,0.05000000074505806,0.0010000000474974513,0.0010000000474974513,1.0,0.021698668599128723,0.0013719797134399414,0.0,0.0,0.0,0.0,0.0,0.0,0.0,0.0,-1.711701512336731,-1.711701512336731,1.0,-1.711701512336731,-1.7117016315460205,-1.6854997873306274,0.0,-4.422160625457764,1.6168715953826904,1.0,0.021698668599128723,1.0,0.0,0.0,0.021698668599128723,0.0,0.0,0.0013719797134399414,0.0,0.3013719916343689,0.19124378263950348,0.05007941648364067,0.9952136874198914,0.4857097268104553,0.0,0.0,0.0,0.0,0.0,0.0,0.0,0.0,1.0,0.0,0.0005000708042643964,0.39943844079971313,0.24101100862026215,0.021986715495586395,0.0,0.10382872819900513,0.1035468727350235,0.1035468727350235,0.11214447021484375,0.04907584190368652,-1.9104187676255435e-10,0.0,0.0,5.85368013381958,5.85368013381958,1.482303261756897,1.482303261756897,0.6876305341720581,0.0,0.0,0.0,0.0,0.3013719916343689,0.22584418952465057,0.0009183541405946016,0.9999125003814697,0.4857097268104553,0.1743566244840622,1.4403539896011353,1.4999464750289917,1.482303261756897,1.5096991062164307,1.6168715953826904,0.4616990089416504,0.04882827028632164,1.0,1.2475800514221191,1.237023115158081,1.2545037269592285,0.0,12.0,0.0,0.0,0.0,0.0,0.0,0.0,,,,,,,,,,,,,,,,,,,,,,0.0005
35,11440,train,-0.050988975912332535,0.10026321560144424,0.10083840787410736,0.0,0.004644390195608139,0.004644390195608139,0.0,3.488131523132324,9.999999747378752e-05,0.05000000074505806,0.05000000074505806,0.05000000074505806,0.0010000000474974513,0.0010000000474974513,1.0,0.025810565799474716,0.0027306675910949707,0.0,0.0,0.0,0.0,0.0,0.0,0.0,0.0,-1.72029447555542,-1.72029447555542,1.0,-1.72029447555542,-1.7202943563461304,-1.691817045211792,0.0,-4.436768054962158,1.5800609588623047,1.0,0.025810565799474716,1.0,0.0,0.0,0.025810565799474716,0.0,0.0,0.0027306675910949707,0.0,0.3027306795120239,0.19887252151966095,0.04002305865287781,0.9948410391807556,0.4762001931667328,0.0,0.0,0.0,0.0,0.0,0.0,0.0,0.0,1.0,0.0,0.0010954969329759479,0.40876466035842896,0.24347780644893646,0.022692319005727768,0.0,0.10083840787410736,0.10026321560144424,0.10026321560144424,0.11947330087423325,0.06568344682455063,-2.122834824591635e-10,0.0,0.0,6.0595293045043945,6.0595293045043945,1.4730877876281738,1.4730877876281738,0.7966715097427368,0.0,0.0,0.0,0.0,0.3027306795120239,0.23503245413303375,0.0037664801348000765,0.9999547004699707,0.4762001931667328,0.18615196645259857,1.4242022037506104,1.5015860795974731,1.4730877876281738,1.5026037693023682,1.5800609588623047,0.45486778020858765,0.04847972095012665,1.0,1.2371349334716797,1.221524715423584,1.2171553373336792,0.0,12.0,0.0,0.0,0.0,0.0,0.0,0.0,,,,,,,,,,,,,,,,,,,,,,0.0005
35,11460,train,-0.05012234300374985,0.10010513663291931,0.10035686194896698,0.0,0.004452301189303398,0.004452301189303398,0.0,3.5138309001922607,9.999999747378752e-05,0.05000000074505806,0.05000000074505806,0.05000000074505806,0.0010000000474974513,0.0010000000474974513,1.0,0.02831277996301651,0.003637462854385376,0.0,0.0,0.0,0.0,0.0,0.0,0.0,0.0,-1.7090479135513306,-1.7090479135513306,1.0,-1.7090479135513306,-1.7090479135513306,-1.6822357177734375,0.0,-4.412292957305908,1.645462155342102,1.0,0.02831277996301651,1.0,0.0,0.0,0.02831277996301651,0.0,0.0,0.003637462854385376,0.0,0.30363747477531433,0.19600699841976166,0.04312457889318466,0.9952685236930847,0.4819208085536957,0.0,0.0,0.0,0.0,0.0,0.0,0.0,0.0,1.0,0.0,0.0006292902398854494,0.40313878655433655,0.2442607879638672,0.02238440327346325,0.0,0.10035686194896698,0.10010513663291931,0.10010513663291931,0.10899900645017624,0.04269960895180702,1.249094994104638e-10,0.0,0.0,5.814107894897461,5.814107894897461,1.4765443801879883,1.4765443801879883,0.6623806953430176,0.0,0.0,0.0,0.0,0.30363747477531433,0.2312440127134323,0.0004534242325462401,0.999932050704956,0.4819208085536957,0.18226103484630585,1.4255653619766235,1.5086251497268677,1.4765443801879883,1.5352736711502075,1.645462155342102,0.46083155274391174,0.048505425453186035,1.0,1.1732838153839111,1.1515320539474487,1.2175803184509277,0.0,12.0,0.0,0.0,0.0,0.0,0.0,0.0,,,,,,,,,,,,,,,,,,,,,,0.0005
35,11480,train,-0.04865511879324913,0.1031179204583168,0.10330188274383545,0.0,0.004468585830181837,0.004468585830181837,0.0,3.540142774581909,9.999999747378752e-05,0.05000000074505806,0.05000000074505806,0.05000000074505806,0.0010000000474974513,0.0010000000474974513,1.0,0.03180580586194992,0.0015229880809783936,0.0,0.0,0.0,0.0,0.0,0.0,0.0,0.0,-1.7304418087005615,-1.7304418087005615,1.0,-1.7304418087005615,-1.7304418087005615,-1.699681043624878,0.0,-4.456588268280029,1.5918431282043457,1.0,0.03180580586194992,1.0,0.0,0.0,0.03180580586194992,0.0,0.0,0.0015229880809783936,0.0,0.29847702383995056,0.19408035278320312,0.043179016560316086,0.9969611167907715,0.47966641187667847,0.0,0.0,0.0,0.0,0.0,0.0,0.0,0.0,1.0,0.0,0.000345169915817678,0.3932654559612274,0.24235349893569946,0.021580340340733528,0.0,0.10330188274383545,0.1031179204583168,0.1031179204583168,0.11873188614845276,0.03637975826859474,2.6725657797932456e-10,0.0,0.0,5.877223968505859,5.877223491668701,1.491356372833252,1.491356372833252,0.7264452576637268,0.0,0.0,0.0,0.0,0.29847702383995056,0.22866113483905792,0.0006452894303947687,0.9999160766601562,0.47966641187667847,0.17526042461395264,1.4390621185302734,1.5181986093521118,1.491356372833252,1.5081995725631714,1.5918431282043457,0.46098875999450684,0.0489606037735939,1.0,1.1356300115585327,1.2257087230682373,1.241152286529541,0.0,12.0,0.0,0.0,0.0,0.0,0.0,0.0,,,,,,,,,,,,,,,,,,,,,,0.0005
35,11500,train,-0.051561228930950165,0.10106072574853897,0.10131026804447174,0.0,0.00444579403847456,0.00444579403847456,0.0,3.526775360107422,9.999999747378752e-05,0.05000000074505806,0.05000000074505806,0.05000000074505806,0.0010000000474974513,0.0010000000474974513,1.0,0.03113492578268051,0.010649412870407104,0.0,0.0,0.0,0.0,0.0,0.0,0.0,0.0,-1.7350075244903564,-1.7350075244903564,1.0,-1.7350075244903564,-1.735007643699646,-1.7059333324432373,0.0,-4.470611095428467,1.580553412437439,1.0,0.03113492578268051,1.0,0.0,0.0,0.03113492578268051,0.0,0.0,0.010649412870407104,0.0,0.31064939498901367,0.19802522659301758,0.03645917400717735,0.9944993257522583,0.48778748512268066,0.0,0.0,0.0,0.0,0.0,0.0,0.0,0.0,1.0,0.0,0.0006730036693625152,0.40458133816719055,0.2454128861427307,0.02198907546699047,0.0,0.10131026804447174,0.10106072574853897,0.10106072574853897,0.12248905748128891,0.05148668959736824,6.141645525481465e-10,0.0,0.0,5.644750118255615,5.644750118255615,1.5047847032546997,1.5047847032546997,0.7417286038398743,0.0,0.0,0.0,0.0,0.31064942479133606,0.23179924488067627,0.002088611014187336,0.9999279975891113,0.48778748512268066,0.1884191334247589,1.4276427030563354,1.542204737663269,1.5047847032546997,1.495708703994751,1.580553412437439,0.4604986906051636,0.04866645112633705,1.0,1.2189892530441284,1.2304251194000244,1.228493094444275,0.0,12.0,0.0,0.0,0.0,0.0,0.0,0.0,,,,,,,,,,,,,,,,,,,,,,0.0005
35,11520,train,-0.05832510441541672,0.0954851508140564,0.0959952175617218,0.0,0.004334612283855677,0.004334612283855677,0.0,3.491708517074585,9.999999747378752e-05,0.05000000074505806,0.05000000074505806,0.05000000074505806,0.0010000000474974513,0.0010000000474974513,1.0,0.022764023393392563,0.0009184777736663818,0.0,0.0,0.0,0.0,0.0,0.0,0.0,0.0,-1.7359888553619385,-1.7359888553619385,1.0,-1.7359888553619385,-1.7359888553619385,-1.7034618854522705,0.0,-4.455872535705566,1.593617558479309,1.0,0.022764023393392563,1.0,0.0,0.0,0.022764023393392563,0.0,0.0,0.0009184777736663818,0.0,0.30091848969459534,0.19077329337596893,0.046037375926971436,0.996193528175354,0.4783780872821808,0.0,0.0,0.0,0.0,0.0,0.0,0.0,0.0,1.0,0.0,0.0008380055660381913,0.3918972909450531,0.2470247894525528,0.022868994623422623,0.0,0.0959952175617218,0.0954851508140564,0.0954851508140564,0.11111772060394287,0.03695528581738472,-1.7506186777982435e-10,0.0,0.0,5.972879409790039,5.972879409790039,1.5199872255325317,1.5199872255325317,0.7043172717094421,0.0,0.0,0.0,0.0,0.30091848969459534,0.23115862905979156,0.0006128238164819777,0.9998601675033569,0.4783780872821808,0.1799938827753067,1.4552563428878784,1.5569504499435425,1.5199872255325317,1.506698489189148,1.593617558479309,0.4666358530521393,0.0488472618162632,1.0,1.2669063806533813,1.2772283554077148,1.2463252544403076,0.0,12.0,0.0,0.0,0.0,0.0,0.0,0.0,,,,,,,,,,,,,,,,,,,,,,0.0005
35,11540,train,-0.04438723251223564,0.10463476926088333,0.10507729649543762,0.0,0.004529098514467478,0.004529098514467478,0.0,3.4936928749084473,9.999999747378752e-05,0.05000000074505806,0.05000000074505806,0.05000000074505806,0.0010000000474974513,0.0010000000474974513,1.0,0.02853119745850563,0.002241373062133789,0.0,0.0,0.0,0.0,0.0,0.0,0.0,0.0,-1.7064405679702759,-1.7064405679702759,1.0,-1.7064405679702759,-1.7064404487609863,-1.6800963878631592,0.0,-4.419915199279785,1.6030148267745972,1.0,0.02853119745850563,1.0,0.0,0.0,0.02853119745850563,0.0,0.0,0.002241373062133789,0.0,0.30224141478538513,0.19507092237472534,0.04106845706701279,0.9960565567016602,0.479741632938385,0.0,0.0,0.0,0.0,0.0,0.0,0.0,0.0,1.0,0.0,0.0010139350779354572,0.4041622579097748,0.24438828229904175,0.022731531411409378,0.0,0.10507729649543762,0.10463476926088333,0.10463476926088333,0.11401768773794174,0.04169110953807831,-2.2366661300843305e-10,0.0,0.0,5.954707145690918,5.95470666885376,1.4984513521194458,1.4984513521194458,0.7115387320518494,0.0,0.0,0.0,0.0,0.30224138498306274,0.23188431560993195,0.0007635171059519053,0.9999244213104248,0.479741632938385,0.1810508668422699,1.4468703269958496,1.5276609659194946,1.4984513521194458,1.520745873451233,1.6030148267745972,0.45897963643074036,0.048947401344776154,1.0,1.2538483142852783,1.2113590240478516,1.24139404296875,0.0,12.0,0.0,0.0,0.0,0.0,0.0,0.0,,,,,,,,,,,,,,,,,,,,,,0.0005
35,11560,train,-0.04706282913684845,0.1032642275094986,0.10372203588485718,0.0,0.004677098710089922,0.004677098710089922,0.0,3.5111026763916016,9.999999747378752e-05,0.05000000074505806,0.05000000074505806,0.05000000074505806,0.0010000000474974513,0.0010000000474974513,1.0,0.03208490461111069,0.002668529748916626,0.0,0.0,0.0,0.0,0.0,0.0,0.0,0.0,-1.716911792755127,-1.716911792755127,1.0,-1.716911792755127,-1.7169116735458374,-1.6834591627120972,0.0,-4.4310784339904785,1.6397368907928467,1.0,0.03208490461111069,1.0,0.0,0.0,0.03208490461111069,0.0,0.0,0.002668529748916626,0.0,0.29733148217201233,0.19034819304943085,0.05879659205675125,0.9959120750427246,0.4747023284435272,0.0,0.0,0.0,0.0,0.0,0.0,0.0,0.0,1.0,0.0,0.0010323174064978957,0.40205708146095276,0.2537291347980499,0.02292364463210106,0.0,0.10372203588485718,0.1032642275094986,0.1032642275094986,0.11327527463436127,0.03424566239118576,-1.4748129106845198e-10,0.0,0.0,6.0533037185668945,6.053303241729736,1.5555301904678345,1.5555301904678345,0.73343825340271,0.0,0.0,0.0,0.0,0.29733148217201233,0.23151086270809174,0.0006830178899690509,0.9999372959136963,0.4747023284435272,0.17613358795642853,1.451978325843811,1.614920973777771,1.5555301904678345,1.5315635204315186,1.6397368907928467,0.4555281400680542,0.04831729456782341,1.0,1.2930352687835693,1.2440966367721558,1.2151120901107788,0.0,12.0,0.0,0.0,0.0,0.0,0.0,0.0,,,,,,,,,,,,,,,,,,,,,,0.0005
35,11580,train,-0.0623578280210495,0.09292106330394745,0.09319010376930237,0.0,0.004211295861750841,0.004211295861750841,0.0,3.492621421813965,9.999999747378752e-05,0.05000000074505806,0.05000000074505806,0.05000000074505806,0.0010000000474974513,0.0010000000474974513,1.0,0.0262661911547184,0.0005770027637481689,0.0,0.0,0.0,0.0,0.0,0.0,0.0,0.0,-1.7450357675552368,-1.7450357675552368,1.0,-1.7450357675552368,-1.7450357675552368,-1.714424729347229,0.0,-4.472074031829834,1.533996343612671,1.0,0.0262661911547184,1.0,0.0,0.0,0.0262661911547184,0.0,0.0,0.0005770027637481689,0.0,0.2994230091571808,0.1953684687614441,0.03838077932596207,0.9945515394210815,0.4748627543449402,0.0,0.0,0.0,0.0,0.0,0.0,0.0,0.0,1.0,0.0,0.000811753619927913,0.3881390690803528,0.24926723539829254,0.023106897249817848,0.0,0.09319010376930237,0.09292106330394745,0.09292106330394745,0.10195327550172806,0.024243388324975967,2.0038623538276568e-10,0.0,0.0,5.801665306091309,5.801665306091309,1.5366157293319702,1.5366157293319702,0.6147881746292114,0.0,0.0,0.0,0.0,0.2994230091571808,0.23333436250686646,0.0025705185253173113,0.9999688863754272,0.4748627543449402,0.17971815168857574,1.460891604423523,1.573707938194275,1.5366157293319702,1.4691401720046997,1.533996343612671,0.46718713641166687,0.04906764253973961,1.0,1.277225136756897,1.3065072298049927,1.2648265361785889,0.0,12.0,0.0,0.0,0.0,0.0,0.0,0.0,,,,,,,,,,,,,,,,,,,,,,0.0005
35,11600,train,-0.05350206419825554,0.10179133713245392,0.10213250666856766,0.0,0.004557223524898291,0.004557223524898291,0.0,3.5558528900146484,9.999999747378752e-05,0.05000000074505806,0.05000000074505806,0.05000000074505806,0.0010000000474974513,0.0010000000474974513,1.0,0.020850758999586105,0.006585210561752319,0.0,0.0,0.0,0.0,0.0,0.0,0.0,0.0,-1.7633079290390015,-1.7633079290390015,1.0,-1.7633079290390015,-1.7633079290390015,-1.7416106462478638,0.0,-4.524604320526123,1.520112156867981,1.0,0.020850758999586105,1.0,0.0,0.0,0.020850758999586105,0.0,0.0,0.006585210561752319,0.0,0.3065852224826813,0.20104406774044037,0.04172789305448532,0.9938342571258545,0.48705923557281494,0.0,0.0,0.0,0.0,0.0,0.0,0.0,0.0,1.0,0.0,0.0008695233264006674,0.40652981400489807,0.23356103897094727,0.021090086549520493,0.0,0.10213250666856766,0.10179133713245392,0.10179133713245392,0.10881152749061584,0.054026246070861816,1.5538595410369282e-10,0.0,0.0,5.748205184936523,5.748205184936523,1.4666603803634644,1.4666603803634644,0.6588646769523621,0.0,0.0,0.0,0.0,0.3065852224826813,0.23010116815567017,0.0037137435283511877,0.9999029636383057,0.48705923557281494,0.18183211982250214,1.4450161457061768,1.4691243171691895,1.4666603803634644,1.4749784469604492,1.520112156867981,0.46262872219085693,0.0489998534321785,1.0,1.159350872039795,1.1961395740509033,1.183301568031311,0.0,12.0,0.0,0.0,0.0,0.0,0.0,0.0,,,,,,,,,,,,,,,,,,,,,,0.0005
35,11620,train,-0.04853107035160065,0.10466630011796951,0.10480152070522308,0.0,0.004489837680011988,0.004489837680011988,0.0,3.5135979652404785,9.999999747378752e-05,0.05000000074505806,0.05000000074505806,0.05000000074505806,0.0010000000474974513,0.0010000000474974513,1.0,0.027019303292036057,0.003486812114715576,0.0,0.0,0.0,0.0,0.0,0.0,0.0,0.0,-1.7476403713226318,-1.7476403713226318,1.0,-1.7476403713226318,-1.7476403713226318,-1.720898151397705,0.0,-4.487751483917236,1.542610764503479,1.0,0.027019303292036057,1.0,0.0,0.0,0.027019303292036057,0.0,0.0,0.003486812114715576,0.0,0.296513170003891,0.19449235498905182,0.05012281984090805,0.9976567029953003,0.47722628712654114,0.0,0.0,0.0,0.0,0.0,0.0,0.0,0.0,1.0,0.0,0.0006222206866368651,0.4044838845729828,0.2449062466621399,0.02248195931315422,0.0,0.10480152070522308,0.10466630011796951,0.10466630011796951,0.1201244369149208,0.05125289410352707,1.2646141078764828e-10,0.0,0.0,5.922083854675293,5.922083854675293,1.511175513267517,1.511175513267517,0.7353503108024597,0.0,0.0,0.0,0.0,0.2965131998062134,0.22947818040847778,0.0010275553213432431,0.9999599456787109,0.47722628712654114,0.1729319989681244,1.4459713697433472,1.5413247346878052,1.511175513267517,1.4668378829956055,1.542610764503479,0.4610690176486969,0.04858862981200218,1.0,1.2155790328979492,1.226904034614563,1.2133257389068604,0.0,12.0,0.0,0.0,0.0,0.0,0.0,0.0,,,,,,,,,,,,,,,,,,,,,,0.0005
35,11640,train,-0.05640691518783569,0.09424816071987152,0.09448039531707764,0.0,0.004629021510481834,0.004629021510481834,0.0,3.493901491165161,9.999999747378752e-05,0.05000000074505806,0.05000000074505806,0.05000000074505806,0.0010000000474974513,0.0010000000474974513,1.0,0.03162570297718048,0.0010818243026733398,0.0,0.0,0.0,0.0,0.0,0.0,0.0,0.0,-1.7016470432281494,-1.7016470432281494,1.0,-1.7016470432281494,-1.7016470432281494,-1.6692547798156738,0.0,-4.402142524719238,1.655909538269043,1.0,0.03162570297718048,1.0,0.0,0.0,0.03162570297718048,0.0,0.0,0.0010818243026733398,0.0,0.3010818362236023,0.19332058727741241,0.05373796075582504,0.994393527507782,0.4759831726551056,0.0,0.0,0.0,0.0,0.0,0.0,0.0,0.0,1.0,0.0,0.0008046700386330485,0.4078618884086609,0.26233747601509094,0.023413876071572304,0.0,0.09448039531707764,0.09424816071987152,0.09424816071987152,0.11164447665214539,0.04679647833108902,-4.755648652654543e-10,0.0,0.0,5.753054618835449,5.753054618835449,1.5754610300064087,1.5754610300064087,0.6993328332901001,0.0,0.0,0.0,0.0,0.3010818362236023,0.23398448526859283,0.002010744996368885,0.9999082088470459,0.4759831726551056,0.18370099365711212,1.4606209993362427,1.6472011804580688,1.5754610300064087,1.5591102838516235,1.655909538269043,0.45910969376564026,0.048791639506816864,1.0,1.3417575359344482,1.2461628913879395,1.2121661901474,0.0,12.0,0.0,0.0,0.0,0.0,0.0,0.0,,,,,,,,,,,,,,,,,,,,,,0.0005
35,11660,train,-0.05443957820534706,0.09565868228673935,0.09609488397836685,0.0,0.004672806244343519,0.004672806244343519,0.0,3.451354503631592,9.999999747378752e-05,0.05000000074505806,0.05000000074505806,0.05000000074505806,0.0010000000474974513,0.0010000000474974513,1.0,0.019823480397462845,0.00030624866485595703,0.0,0.0,0.0,0.0,0.0,0.0,0.0,0.0,-1.699161410331726,-1.699161410331726,1.0,-1.699161410331726,-1.699161410331726,-1.6731926202774048,0.0,-4.399455547332764,1.614688754081726,1.0,0.019823480397462845,1.0,0.0,0.0,0.019823480397462845,0.0,0.0,0.00030624866485595703,0.0,0.3003062903881073,0.19457949697971344,0.03734038025140762,0.9947638511657715,0.4804527461528778,0.0,0.0,0.0,0.0,0.0,0.0,0.0,0.0,1.0,0.0,0.0009878233540803194,0.40920528769493103,0.24375225603580475,0.02382095530629158,0.0,0.09609488397836685,0.09565868228673935,0.09565868228673935,0.11090058833360672,0.0463474802672863,1.7339585323128404e-10,0.0,0.0,5.933309555053711,5.933309555053711,1.5010756254196167,1.5010756254196167,0.7064544558525085,0.0,0.0,0.0,0.0,0.3003062605857849,0.23000165820121765,0.0011463647242635489,0.9999430179595947,0.4804527461528778,0.17665442824363708,1.4624347686767578,1.5183342695236206,1.5010756254196167,1.541037917137146,1.614688754081726,0.4639293849468231,0.04884523153305054,1.0,1.1755743026733398,1.2426503896713257,1.285627841949463,0.0,12.0,0.0,0.0,0.0,0.0,0.0,0.0,,,,,,,,,,,,,,,,,,,,,,0.0005
35,11680,train,-0.05807582288980484,0.09512671828269958,0.09543682634830475,0.0,0.004494745749980211,0.004494745749980211,0.0,3.5204946994781494,9.999999747378752e-05,0.05000000074505806,0.05000000074505806,0.05000000074505806,0.0010000000474974513,0.0010000000474974513,1.0,0.02137981727719307,0.0029172301292419434,0.0,0.0,0.0,0.0,0.0,0.0,0.0,0.0,-1.7289098501205444,-1.7289098501205444,1.0,-1.7289098501205444,-1.7289098501205444,-1.702606201171875,0.0,-4.443573474884033,1.5777097940444946,1.0,0.02137981727719307,1.0,0.0,0.0,0.02137981727719307,0.0,0.0,0.0029172301292419434,0.0,0.297082781791687,0.1929713934659958,0.05675419792532921,0.9961211681365967,0.47734636068344116,0.0,0.0,0.0,0.0,0.0,0.0,0.0,0.0,1.0,0.0,0.0008932512137107551,0.4021672010421753,0.24706439673900604,0.02216625213623047,0.0,0.09543682634830475,0.09512671828269958,0.09512671828269958,0.10934751480817795,0.03939615190029144,-1.0598096011893432e-10,0.0,0.0,6.017289161682129,6.017289638519287,1.5210762023925781,1.5210762023925781,0.6899977922439575,0.0,0.0,0.0,0.0,0.297082781791687,0.22960138320922852,0.0012129246024414897,0.9999452829360962,0.47734636068344116,0.17371325194835663,1.4736098051071167,1.5440117120742798,1.5210762023925781,1.5018404722213745,1.5777097940444946,0.46511849761009216,0.04922926425933838,1.0,1.2588106393814087,1.2246679067611694,1.1950421333312988,0.0,12.0,0.0,0.0,0.0,0.0,0.0,0.0,,,,,,,,,,,,,,,,,,,,,,0.0005
35,11690,train_epoch,-0.05049170224654104,0.10113653029778047,0.1014787780935179,0.0,0.0045613505428623476,0.0045613505428623476,0.0,3.508802136261306,9.999999747378752e-05,0.05000000074505806,0.05000000074505806,0.05000000074505806,0.0010000000474974513,0.0010000000474974513,1.0,0.026180608906297982,0.006525491079884375,0.0,0.0,0.0,0.0,0.0,0.0,0.0,0.0,-1.725356392160861,-1.725356392160861,1.0,-1.725356392160861,-1.7253563975145716,-1.6978243378821962,0.0,-4.448364494803423,1.5869739169846038,1.0,0.026180608906297982,1.0,0.0,0.0,0.026180608906297982,0.0,0.0,0.006525491079884375,0.0,0.29946144835320776,0.19400678717804526,0.05002738265487962,0.995402507260888,0.4790015389283974,0.0,0.0,0.0,0.0,0.0,0.0,0.0,0.0,1.0,0.0,0.0007708453880706634,0.4034250065416633,0.24474539273156376,0.022451752958495816,0.0,0.1014787780935179,0.10113653029778047,0.10113653029778047,0.11322468454520146,0.04619889751126889,-1.0720861340535108e-11,0.0,0.0,5.9455699078337165,5.945569903550748,1.5042224155214732,1.5042224155214732,0.7139633128386058,0.0,0.0,0.0,0.0,0.2994614429994971,0.23003042632055853,0.0015222142371390862,0.9999208900029074,0.4790015389283974,0.17708100476664698,1.4469163389263038,1.5333565462849097,1.5042224155214732,1.5045294140627283,1.5869739169846038,0.4614520137181539,0.048812616571873246,1.0,1.2309823043332129,1.2304023768373593,1.2308650159550285,0.0,12.0,0.0,0.0,0.0,0.0,0.0,0.0,,,,,,,,,,,,,,,,,,,,,,0.0005
35,11690,val,,,,,,,,,,,,,,,,,,,,,,,,,,,,,,,,,,,,,,,,,,,,,,,,,,,,,,,,,,,,,,,,,,,,,,,,,,,,,,,,,,,,,,,,,,,,,,,,,,,,,,,,,,,14.970795265265874,620.9872673579624,24.91961611578241,11.594706995146614,6.941381969622204,13.938474131481987,22.971624073348572,10.426978830780302,6.452563928706305,14.980148600680488,24.94911330580765,11.859021067619324,6.958630204200745,16.688224958521978,27.79249372686226,13.95820209809712,7.79125896521977,14.970795265265874,24.91961611578241,11.594706995146614,6.941381969622204,0.0005
36,11700,train,-0.03832666203379631,0.10892341285943985,0.10925029963254929,0.0,0.0047882068902254105,0.0047882068902254105,0.0,3.5040576457977295,9.999999747378752e-05,0.05000000074505806,0.05000000074505806,0.05000000074505806,0.0010000000474974513,0.0010000000474974513,1.0,0.030363135039806366,0.0013811886310577393,0.0,0.0,0.0,0.0,0.0,0.0,0.0,0.0,-1.6972168684005737,-1.6972168684005737,1.0,-1.6972168684005737,-1.6972168684005737,-1.6723988056182861,0.0,-4.393942356109619,1.6621230840682983,1.0,0.030363135039806366,1.0,0.0,0.0,0.030363135039806366,0.0,0.0,0.0013811886310577393,0.0,0.2986188232898712,0.19790834188461304,0.04190075024962425,0.9896343946456909,0.4793553054332733,0.0,0.0,0.0,0.0,0.0,0.0,0.0,0.0,1.0,0.0,0.000713791698217392,0.4111155569553375,0.24560216069221497,0.022607166320085526,0.0,0.10925029963254929,0.10892341285943985,0.10892341285943985,0.1231948658823967,0.030647514387965202,1.140075048255973e-10,0.0,0.0,5.986430644989014,5.986431121826172,1.5146636962890625,1.5146636962890625,0.7634168863296509,0.0,0.0,0.0,0.0,0.2986188232898712,0.22987493872642517,0.0010663820430636406,0.9999439716339111,0.4793553054332733,0.1747855544090271,1.4529802799224854,1.54345703125,1.5146636962890625,1.5422897338867188,1.6621230840682983,0.4583721458911896,0.04891156777739525,1.0,1.1199315786361694,1.1718435287475586,1.2229392528533936,0.0,12.0,0.0,0.0,0.0,0.0,0.0,0.0,,,,,,,,,,,,,,,,,,,,,,0.0005
36,11720,train,-0.04036996141076088,0.10898727923631668,0.10938584804534912,0.0,0.004736177157610655,0.004736177157610655,0.0,3.4970409870147705,9.999999747378752e-05,0.05000000074505806,0.05000000074505806,0.05000000074505806,0.0010000000474974513,0.0010000000474974513,1.0,0.02171260491013527,0.0006480515003204346,0.0,0.0,0.0,0.0,0.0,0.0,0.0,0.0,-1.7184327840805054,-1.7184327840805054,1.0,-1.7184327840805054,-1.7184327840805054,-1.6948413848876953,0.0,-4.446283340454102,1.5739096403121948,1.0,0.02171260491013527,1.0,0.0,0.0,0.02171260491013527,0.0,0.0,0.0006480515003204346,0.0,0.3006480634212494,0.20095402002334595,0.0433369055390358,0.9982604384422302,0.47828081250190735,0.0,0.0,0.0,0.0,0.0,0.0,0.0,0.0,1.0,0.0,0.0007434517028741539,0.4046231508255005,0.24020200967788696,0.022724248468875885,0.0,0.10938584804534912,0.10898727923631668,0.10898727923631668,0.12766650319099426,0.06358488649129868,1.418927059182451e-10,0.0,0.0,6.233154296875,6.233155250549316,1.4965485334396362,1.4965485334396362,0.8512271642684937,0.0,0.0,0.0,0.0,0.3006480634212494,0.23188461363315582,0.0010934408055618405,0.9999186992645264,0.47828081250190735,0.17734375596046448,1.455744981765747,1.5064456462860107,1.4965485334396362,1.4969903230667114,1.5739096403121948,0.46450886130332947,0.04896654188632965,1.0,1.2050777673721313,1.206954002380371,1.2133347988128662,0.0,12.0,0.0,0.0,0.0,0.0,0.0,0.0,,,,,,,,,,,,,,,,,,,,,,0.0005
36,11740,train,-0.05064542219042778,0.10008185356855392,0.10042594373226166,0.0,0.0046835364773869514,0.0046835364773869514,0.0,3.5328454971313477,9.999999747378752e-05,0.05000000074505806,0.05000000074505806,0.05000000074505806,0.0010000000474974513,0.0010000000474974513,1.0,0.025683272629976273,0.00035858154296875,0.0,0.0,0.0,0.0,0.0,0.0,0.0,0.0,-1.7142596244812012,-1.7142596244812012,1.0,-1.7142596244812012,-1.7142596244812012,-1.6810499429702759,0.0,-4.425717353820801,1.586958646774292,1.0,0.025683272629976273,1.0,0.0,0.0,0.025683272629976273,0.0,0.0,0.00035858154296875,0.0,0.2996414601802826,0.19818145036697388,0.040136322379112244,0.9939628839492798,0.47338637709617615,0.0,0.0,0.0,0.0,0.0,0.0,0.0,0.0,1.0,0.0,0.00044448001426644623,0.415197491645813,0.24748367071151733,0.02199210226535797,0.0,0.10042594373226166,0.10008185356855392,0.10008185356855392,0.12219572812318802,0.048467379063367844,-1.11263784643989e-11,0.0,0.0,5.952648162841797,5.952648639678955,1.5002435445785522,1.5002435445785522,0.7637837529182434,0.0,0.0,0.0,0.0,0.2996414303779602,0.23523259162902832,0.002194230677559972,0.9999645948410034,0.47338637709617615,0.18187807500362396,1.4384465217590332,1.5393368005752563,1.5002435445785522,1.4995980262756348,1.586958646774292,0.4599848687648773,0.04858320951461792,1.0,1.2356586456298828,1.202010154724121,1.2206629514694214,0.0,12.0,0.0,0.0,0.0,0.0,0.0,0.0,,,,,,,,,,,,,,,,,,,,,,0.0005
36,11760,train,-0.052865199744701385,0.09680365771055222,0.0970912054181099,0.0,0.004439821932464838,0.004439821932464838,0.0,3.5132901668548584,9.999999747378752e-05,0.05000000074505806,0.05000000074505806,0.05000000074505806,0.0010000000474974513,0.0010000000474974513,1.0,0.02436644211411476,0.00038865208625793457,0.0,0.0,0.0,0.0,0.0,0.0,0.0,0.0,-1.6968516111373901,-1.6968516111373901,1.0,-1.6968516111373901,-1.6968514919281006,-1.667768955230713,0.0,-4.385611057281494,1.6752738952636719,1.0,0.02436644211411476,1.0,0.0,0.0,0.02436644211411476,0.0,0.0,0.00038865208625793457,0.0,0.3003886640071869,0.19122034311294556,0.056852322071790695,0.9967998266220093,0.48070722818374634,0.0,0.0,0.0,0.0,0.0,0.0,0.0,0.0,1.0,0.0,0.0007676565437577665,0.391827255487442,0.25143080949783325,0.022406434640288353,0.0,0.0970912054181099,0.09680365771055222,0.09680365771055222,0.10365656763315201,0.019721003249287605,-1.850001263292711e-10,0.0,0.0,5.738676071166992,5.738676071166992,1.5373560190200806,1.5373560190200806,0.6145184636116028,0.0,0.0,0.0,0.0,0.3003886640071869,0.22972606122493744,0.0007909645210020244,0.9999555349349976,0.48070722818374634,0.17656251788139343,1.4708679914474487,1.5814542770385742,1.5373560190200806,1.5709774494171143,1.6752738952636719,0.46602657437324524,0.04936448857188225,1.0,1.2286440134048462,1.263767957687378,1.3027697801589966,0.0,12.0,0.0,0.0,0.0,0.0,0.0,0.0,,,,,,,,,,,,,,,,,,,,,,0.0005
36,11780,train,-0.050440263003110886,0.10189063102006912,0.10229825228452682,0.0,0.004551046993583441,0.004551046993583441,0.0,3.5103719234466553,9.999999747378752e-05,0.05000000074505806,0.05000000074505806,0.05000000074505806,0.0010000000474974513,0.0010000000474974513,1.0,0.03034784644842148,0.00037044286727905273,0.0,0.0,0.0,0.0,0.0,0.0,0.0,0.0,-1.733998417854309,-1.733998417854309,1.0,-1.733998417854309,-1.733998417854309,-1.7023940086364746,0.0,-4.4532976150512695,1.5698961019515991,1.0,0.03034784644842148,1.0,0.0,0.0,0.03034784644842148,0.0,0.0,0.00037044286727905273,0.0,0.2996295690536499,0.198050394654274,0.036088988184928894,0.996639609336853,0.4735429286956787,0.0,0.0,0.0,0.0,0.0,0.0,0.0,0.0,1.0,0.0,0.000850305485073477,0.40991830825805664,0.24548651278018951,0.022286782041192055,0.0,0.10229825228452682,0.10189063102006912,0.10189063102006912,0.11475556343793869,0.06312553584575653,2.33442598585043e-10,0.0,0.0,6.033514976501465,6.033514976501465,1.4987412691116333,1.4987412691116333,0.7464196085929871,0.0,0.0,0.0,0.0,0.2996295690536499,0.23473814129829407,0.0012410671915858984,0.9999699592590332,0.4735429286956787,0.18183211982250214,1.4566675424575806,1.5205656290054321,1.4987412691116333,1.4969435930252075,1.5698961019515991,0.4619808495044708,0.04942592978477478,1.0,1.209029197692871,1.2079501152038574,1.1831282377243042,0.0,12.0,0.0,0.0,0.0,0.0,0.0,0.0,,,,,,,,,,,,,,,,,,,,,,0.0005
36,11800,train,-0.05049523338675499,0.10279497504234314,0.10314033925533295,0.0,0.004532169084995985,0.004532169084995985,0.0,3.5157086849212646,9.999999747378752e-05,0.05000000074505806,0.05000000074505806,0.05000000074505806,0.0010000000474974513,0.0010000000474974513,1.0,0.02401377446949482,0.0006653070449829102,0.0,0.0,0.0,0.0,0.0,0.0,0.0,0.0,-1.7452113628387451,-1.7452113628387451,1.0,-1.7452113628387451,-1.7452113628387451,-1.7178581953048706,0.0,-4.498672008514404,1.521935224533081,1.0,0.02401377446949482,1.0,0.0,0.0,0.02401377446949482,0.0,0.0,0.0006653070449829102,0.0,0.29933470487594604,0.19612754881381989,0.06251947581768036,0.9971605539321899,0.4774112105369568,0.0,0.0,0.0,0.0,0.0,0.0,0.0,0.0,1.0,0.0,0.0005614273832179606,0.4111756682395935,0.23731762170791626,0.022090639919042587,0.0,0.10314033925533295,0.10279497504234314,0.10279497504234314,0.1095196008682251,0.06917376816272736,2.336470183994521e-10,0.0,0.0,6.037589073181152,6.037589073181152,1.4674471616744995,1.4674471616744995,0.6944436430931091,0.0,0.0,0.0,0.0,0.29933470487594604,0.23162811994552612,0.000653368653729558,0.9999271631240845,0.4774112105369568,0.17742034792900085,1.442003846168518,1.4796603918075562,1.4674471616744995,1.4638173580169678,1.521935224533081,0.4682883322238922,0.049497783184051514,1.0,1.1703925132751465,1.1948843002319336,1.204892873764038,0.0,12.0,0.0,0.0,0.0,0.0,0.0,0.0,,,,,,,,,,,,,,,,,,,,,,0.0005
36,11820,train,-0.04656252637505531,0.10486206412315369,0.10514061152935028,0.0,0.0043470836244523525,0.0043470836244523525,0.0,3.470453977584839,9.999999747378752e-05,0.05000000074505806,0.05000000074505806,0.05000000074505806,0.0010000000474974513,0.0010000000474974513,1.0,0.028638701885938644,0.002124100923538208,0.0,0.0,0.0,0.0,0.0,0.0,0.0,0.0,-1.7304786443710327,-1.7304786443710327,1.0,-1.7304786443710327,-1.7304786443710327,-1.7062920331954956,0.0,-4.4586181640625,1.6042031049728394,1.0,0.028638701885938644,1.0,0.0,0.0,0.028638701885938644,0.0,0.0,0.002124100923538208,0.0,0.3021240830421448,0.19412043690681458,0.05086367949843407,0.9932713508605957,0.48258164525032043,0.0,0.0,0.0,0.0,0.0,0.0,0.0,0.0,1.0,0.0,0.0007260062848217785,0.3854469954967499,0.24384447932243347,0.023380272090435028,0.0,0.10514061152935028,0.10486206412315369,0.10486206412315369,0.10899128764867783,0.019642025232315063,-8.201848228361897e-11,0.0,0.0,5.832878112792969,5.832878112792969,1.5140305757522583,1.5140305757522583,0.6672463417053223,0.0,0.0,0.0,0.0,0.30212411284446716,0.22962789237499237,0.0011486869771033525,0.9999574422836304,0.48258164525032043,0.17791055142879486,1.459290623664856,1.5397127866744995,1.5140305757522583,1.5381255149841309,1.6042031049728394,0.47359001636505127,0.04991452395915985,1.0,1.3399198055267334,1.3081271648406982,1.3142895698547363,0.0,12.0,0.0,0.0,0.0,0.0,0.0,0.0,,,,,,,,,,,,,,,,,,,,,,0.0005
36,11840,train,-0.06225208193063736,0.09307444095611572,0.09357259422540665,0.0,0.004720877856016159,0.004720877856016159,0.0,3.5304512977600098,9.999999747378752e-05,0.05000000074505806,0.05000000074505806,0.05000000074505806,0.0010000000474974513,0.0010000000474974513,1.0,0.023757945746183395,0.011026591062545776,0.0,0.0,0.0,0.0,0.0,0.0,0.0,0.0,-1.746649146080017,-1.746649146080017,1.0,-1.746649146080017,-1.746649146080017,-1.7108445167541504,0.0,-4.496462821960449,1.5034501552581787,1.0,0.023757945746183395,1.0,0.0,0.0,0.023757945746183395,0.0,0.0,0.011026591062545776,0.0,0.2889734208583832,0.1957758516073227,0.034558266401290894,0.9968984127044678,0.4655158221721649,0.0,0.0,0.0,0.0,0.0,0.0,0.0,0.0,1.0,0.0,0.001041121780872345,0.41453734040260315,0.24684156477451324,0.02214662730693817,0.0,0.09357259422540665,0.09307444095611572,0.09307444095611572,0.11087789386510849,0.056461889296770096,2.2556773116022555e-10,0.0,0.0,6.076388835906982,6.076388835906982,1.5111457109451294,1.5111457109451294,0.7220152020454407,0.0,0.0,0.0,0.0,0.2889734208583832,0.2324233204126358,0.0026093991473317146,0.9999572038650513,0.4655158221721649,0.16966912150382996,1.4397121667861938,1.541440725326538,1.5111457109451294,1.4495525360107422,1.5034501552581787,0.45971959829330444,0.04875421151518822,1.0,1.1642892360687256,1.2103757858276367,1.1563829183578491,0.0,12.0,0.0,0.0,0.0,0.0,0.0,0.0,,,,,,,,,,,,,,,,,,,,,,0.0005
36,11860,train,-0.042693521827459335,0.10970472544431686,0.11014998704195023,0.0,0.004620914813131094,0.004620914813131094,0.0,3.566622734069824,9.999999747378752e-05,0.05000000074505806,0.05000000074505806,0.05000000074505806,0.0010000000474974513,0.0010000000474974513,1.0,0.026606619358062744,0.007380276918411255,0.0,0.0,0.0,0.0,0.0,0.0,0.0,0.0,-1.7504993677139282,-1.7504993677139282,1.0,-1.7504993677139282,-1.7504993677139282,-1.7247374057769775,0.0,-4.50432014465332,1.5055521726608276,1.0,0.026606619358062744,1.0,0.0,0.0,0.026606619358062744,0.0,0.0,0.007380276918411255,0.0,0.2926197350025177,0.1961868554353714,0.049033015966415405,0.9947710037231445,0.4695732891559601,0.0,0.0,0.0,0.0,0.0,0.0,0.0,0.0,1.0,0.0,0.0010097670601680875,0.40042194724082947,0.24301780760288239,0.021178780123591423,0.0,0.11014998704195023,0.10970472544431686,0.10970472544431686,0.1103789210319519,0.058474306017160416,-1.0006258321926254e-10,0.0,0.0,6.29948091506958,6.299480438232422,1.49795401096344,1.49795401096344,0.749122142791748,0.0,0.0,0.0,0.0,0.2926197350025177,0.23238109052181244,0.0004982484388165176,0.9999302625656128,0.4695732891559601,0.17244179546833038,1.4515074491500854,1.5241965055465698,1.49795401096344,1.471451759338379,1.5055521726608276,0.4644639194011688,0.04949290305376053,1.0,1.2770036458969116,1.2274010181427002,1.2163639068603516,0.0,12.0,0.0,0.0,0.0,0.0,0.0,0.0,,,,,,,,,,,,,,,,,,,,,,0.0005
36,11880,train,-0.060824841260910034,0.09116864949464798,0.09151911735534668,0.0,0.004355954937636852,0.004355954937636852,0.0,3.549420118331909,9.999999747378752e-05,0.05000000074505806,0.05000000074505806,0.05000000074505806,0.0010000000474974513,0.0010000000474974513,1.0,0.019264794886112213,0.0008176565170288086,0.0,0.0,0.0,0.0,0.0,0.0,0.0,0.0,-1.7089014053344727,-1.7089014053344727,1.0,-1.7089014053344727,-1.7089014053344727,-1.6797682046890259,0.0,-4.419856548309326,1.6195802688598633,1.0,0.019264794886112213,1.0,0.0,0.0,0.019264794886112213,0.0,0.0,0.0008176565170288086,0.0,0.30081769824028015,0.1974003165960312,0.045509662479162216,0.999440610408783,0.4739038944244385,0.0,0.0,0.0,0.0,0.0,0.0,0.0,0.0,1.0,0.0,0.000762520357966423,0.3969416618347168,0.24756857752799988,0.021563012152910233,0.0,0.09151911735534668,0.09116864949464798,0.09116864949464798,0.10195732116699219,0.03182493895292282,-2.9060745476705563e-10,0.0,0.0,5.621728420257568,5.621728420257568,1.5248973369598389,1.5248973369598389,0.5940439105033875,0.0,0.0,0.0,0.0,0.30081766843795776,0.23533403873443604,0.0008610146469436586,0.9999445676803589,0.4739038944244385,0.18233762681484222,1.4695440530776978,1.5549758672714233,1.5248973369598389,1.5270061492919922,1.6195802688598633,0.46139392256736755,0.04951518774032593,1.0,1.2856318950653076,1.2369965314865112,1.2380883693695068,0.0,12.0,0.0,0.0,0.0,0.0,0.0,0.0,,,,,,,,,,,,,,,,,,,,,,0.0005
36,11900,train,-0.05819882079958916,0.09043236076831818,0.09081435948610306,0.0,0.004176576621830463,0.004176576621830463,0.0,3.4847216606140137,9.999999747378752e-05,0.05000000074505806,0.05000000074505806,0.05000000074505806,0.0010000000474974513,0.0010000000474974513,1.0,0.02707812190055847,0.0033134818077087402,0.0,0.0,0.0,0.0,0.0,0.0,0.0,0.0,-1.67381751537323,-1.67381751537323,1.0,-1.67381751537323,-1.6738176345825195,-1.6424005031585693,0.0,-4.34334135055542,1.7381545305252075,1.0,0.02707812190055847,1.0,0.0,0.0,0.02707812190055847,0.0,0.0,0.0033134818077087402,0.0,0.3033134937286377,0.1969069242477417,0.03972894698381424,0.9965600967407227,0.47452884912490845,0.0,0.0,0.0,0.0,0.0,0.0,0.0,0.0,1.0,0.0,0.0006932582473382354,0.3881135880947113,0.25777989625930786,0.02358410507440567,0.0,0.09081435948610306,0.09043236076831818,0.09043236076831818,0.09884430468082428,0.024242883548140526,-3.947053239805598e-10,0.0,0.0,5.617531776428223,5.617531776428223,1.5686753988265991,1.5686753988265991,0.5741562843322754,0.0,0.0,0.0,0.0,0.3033134937286377,0.23682251572608948,0.000893514952622354,0.9999455213546753,0.47452884912490845,0.18558518588542938,1.486336350440979,1.6256687641143799,1.5686753988265991,1.616438627243042,1.7381545305252075,0.4730336368083954,0.04985635355114937,1.0,1.2816240787506104,1.246856689453125,1.322609305381775,0.0,12.0,0.0,0.0,0.0,0.0,0.0,0.0,,,,,,,,,,,,,,,,,,,,,,0.0005
36,11920,train,-0.05226881057024002,0.09973287582397461,0.09999345242977142,0.0,0.004616705700755119,0.004616705700755119,0.0,3.5022103786468506,9.999999747378752e-05,0.05000000074505806,0.05000000074505806,0.05000000074505806,0.0010000000474974513,0.0010000000474974513,1.0,0.020843710750341415,0.006857752799987793,0.0,0.0,0.0,0.0,0.0,0.0,0.0,0.0,-1.7260912656784058,-1.7260912656784058,1.0,-1.7260912656784058,-1.7260913848876953,-1.6994394063949585,0.0,-4.446051597595215,1.5663377046585083,1.0,0.020843710750341415,1.0,0.0,0.0,0.020843710750341415,0.0,0.0,0.006857752799987793,0.0,0.29314225912094116,0.1972389817237854,0.04035089537501335,0.9943633079528809,0.47097229957580566,0.0,0.0,0.0,0.0,0.0,0.0,0.0,0.0,1.0,0.0,0.0007885044906288385,0.39967939257621765,0.24397456645965576,0.022601548582315445,0.0,0.09999345242977142,0.09973287582397461,0.09973287582397461,0.11027251183986664,0.03758111596107483,1.483635853061216e-10,0.0,0.0,6.025245666503906,6.025245666503906,1.5063813924789429,1.5063813924789429,0.7155269384384155,0.0,0.0,0.0,0.0,0.29314225912094116,0.2317679226398468,0.0013042433420196176,0.9999432563781738,0.47097229957580566,0.1726256161928177,1.4726589918136597,1.526108741760254,1.5063813924789429,1.5001318454742432,1.5663377046585083,0.4636445641517639,0.0495142787694931,1.0,1.2112700939178467,1.2220947742462158,1.1942956447601318,0.0,12.0,0.0,0.0,0.0,0.0,0.0,0.0,,,,,,,,,,,,,,,,,,,,,,0.0005
36,11940,train,-0.044791921973228455,0.10475663095712662,0.10540714859962463,0.0,0.00475010322406888,0.00475010322406888,0.0,3.5281527042388916,9.999999747378752e-05,0.05000000074505806,0.05000000074505806,0.05000000074505806,0.0010000000474974513,0.0010000000474974513,1.0,0.022030223160982132,0.0025589168071746826,0.0,0.0,0.0,0.0,0.0,0.0,0.0,0.0,-1.7124488353729248,-1.7124488353729248,1.0,-1.7124488353729248,-1.7124488353729248,-1.6836731433868408,0.0,-4.427160263061523,1.5946589708328247,1.0,0.022030223160982132,1.0,0.0,0.0,0.022030223160982132,0.0,0.0,0.0025589168071746826,0.0,0.302558958530426,0.20110096037387848,0.054463788866996765,0.9980694651603699,0.4760945439338684,0.0,0.0,0.0,0.0,0.0,0.0,0.0,0.0,1.0,0.0,0.0011008698493242264,0.41597720980644226,0.2457844316959381,0.022055653855204582,0.0,0.10540714859962463,0.10475663095712662,0.10475663095712662,0.11191864311695099,0.04135210067033768,1.5749827830813246e-10,0.0,0.0,6.088325023651123,6.088325023651123,1.5182552337646484,1.5182552337646484,0.7209818363189697,0.0,0.0,0.0,0.0,0.30255892872810364,0.2356983721256256,0.0011259687598794699,0.9999551773071289,0.4760945439338684,0.18403799831867218,1.467098355293274,1.5424917936325073,1.5182552337646484,1.509138584136963,1.5946589708328247,0.46272000670433044,0.04959852620959282,1.0,1.176926851272583,1.1803170442581177,1.210290789604187,0.0,12.0,0.0,0.0,0.0,0.0,0.0,0.0,,,,,,,,,,,,,,,,,,,,,,0.0005
36,11960,train,-0.05237363651394844,0.0976516604423523,0.09793093055486679,0.0,0.00454504182562232,0.00454504182562232,0.0,3.516007423400879,9.999999747378752e-05,0.05000000074505806,0.05000000074505806,0.05000000074505806,0.0010000000474974513,0.0010000000474974513,1.0,0.024565381929278374,0.003499925136566162,0.0,0.0,0.0,0.0,0.0,0.0,0.0,0.0,-1.7021840810775757,-1.7021840810775757,1.0,-1.7021840810775757,-1.7021840810775757,-1.672719955444336,0.0,-4.407707214355469,1.6255872249603271,1.0,0.024565381929278374,1.0,0.0,0.0,0.024565381929278374,0.0,0.0,0.003499925136566162,0.0,0.3034999370574951,0.1984129697084427,0.030185695737600327,0.9964009523391724,0.47716718912124634,0.0,0.0,0.0,0.0,0.0,0.0,0.0,0.0,1.0,0.0,0.0005587768391706049,0.4089405834674835,0.24815303087234497,0.022388460114598274,0.0,0.09793093055486679,0.0976516604423523,0.0976516604423523,0.11902840435504913,0.04044850543141365,-3.2090738399936924e-10,0.0,0.0,5.7900896072387695,5.7900896072387695,1.523896336555481,1.523896336555481,0.7186089754104614,0.0,0.0,0.0,0.0,0.3034999370574951,0.23506465554237366,0.002179167466238141,0.9999524354934692,0.47716718912124634,0.18351717293262482,1.4564335346221924,1.5628288984298706,1.523896336555481,1.5285229682922363,1.6255872249603271,0.46491771936416626,0.04901901260018349,1.0,1.2455687522888184,1.2406694889068604,1.264026403427124,0.0,12.0,0.0,0.0,0.0,0.0,0.0,0.0,,,,,,,,,,,,,,,,,,,,,,0.0005
36,11980,train,-0.03899319842457771,0.11050373315811157,0.11072090268135071,0.0,0.004891860298812389,0.004891860298812389,0.0,3.5306458473205566,9.999999747378752e-05,0.05000000074505806,0.05000000074505806,0.05000000074505806,0.0010000000474974513,0.0010000000474974513,1.0,0.020832419395446777,0.005896657705307007,0.0,0.0,0.0,0.0,0.0,0.0,0.0,0.0,-1.722654938697815,-1.722654938697815,1.0,-1.722654938697815,-1.722654938697815,-1.6974916458129883,0.0,-4.447037220001221,1.5774108171463013,1.0,0.020832419395446777,1.0,0.0,0.0,0.020832419395446777,0.0,0.0,0.005896657705307007,0.0,0.30589672923088074,0.2031644731760025,0.05494348332285881,0.9989132285118103,0.47882628440856934,0.0,0.0,0.0,0.0,0.0,0.0,0.0,0.0,1.0,0.0,0.0008067107992246747,0.41350463032722473,0.24036303162574768,0.021847166121006012,0.0,0.11072090268135071,0.11050373315811157,0.11050373315811157,0.12524071335792542,0.05729924514889717,8.527284434123317e-11,0.0,0.0,6.197073459625244,6.197073459625244,1.4897115230560303,1.4897115230560303,0.8245390057563782,0.0,0.0,0.0,0.0,0.30589666962623596,0.2363092452287674,0.0010604964336380363,0.9999343156814575,0.47882628440856934,0.18722426891326904,1.4560749530792236,1.5067106485366821,1.4897115230560303,1.5039680004119873,1.5774108171463013,0.453801691532135,0.04850119352340698,1.0,1.1796669960021973,1.1660652160644531,1.169612169265747,0.0,12.0,0.0,0.0,0.0,0.0,0.0,0.0,,,,,,,,,,,,,,,,,,,,,,0.0005
36,12000,train,-0.04442574828863144,0.10514408349990845,0.1054253950715065,0.0,0.004777376540005207,0.004777376540005207,0.0,3.56602144241333,9.999999747378752e-05,0.05000000074505806,0.05000000074505806,0.05000000074505806,0.0010000000474974513,0.0010000000474974513,1.0,0.017858006060123444,0.0023756027221679688,0.0,0.0,0.0,0.0,0.0,0.0,0.0,0.0,-1.712706208229065,-1.712706208229065,1.0,-1.712706208229065,-1.712706208229065,-1.6888644695281982,0.0,-4.421605110168457,1.594436526298523,1.0,0.017858006060123444,1.0,0.0,0.0,0.017858006060123444,0.0,0.0,0.0023756027221679688,0.0,0.3023756146430969,0.2074424773454666,0.0470484122633934,0.9973184466362,0.475011944770813,0.0,0.0,0.0,0.0,0.0,0.0,0.0,0.0,1.0,0.0,0.0007748145726509392,0.4127710163593292,0.23144011199474335,0.020761318504810333,0.0,0.1054253950715065,0.10514408349990845,0.10514408349990845,0.11557026952505112,0.07622511684894562,1.7302687060904987e-10,0.0,0.0,6.265998363494873,6.265998363494873,1.4478362798690796,1.4478362798690796,0.7901679873466492,0.0,0.0,0.0,0.0,0.3023756146430969,0.23655787110328674,0.0008865732816047966,0.9999829530715942,0.475011944770813,0.18193934857845306,1.435081958770752,1.4474170207977295,1.4478362798690796,1.4906694889068604,1.594436526298523,0.45620983839035034,0.0483609139919281,1.0,1.0619523525238037,1.1250789165496826,1.1940582990646362,0.0,12.0,0.0,0.0,0.0,0.0,0.0,0.0,,,,,,,,,,,,,,,,,,,,,,0.0005
36,12020,train,-0.05493823066353798,0.09579090774059296,0.09597554057836533,0.0,0.004561468958854675,0.004561468958854675,0.0,3.5031938552856445,9.999999747378752e-05,0.05000000074505806,0.05000000074505806,0.05000000074505806,0.0010000000474974513,0.0010000000474974513,1.0,0.027891036123037338,0.00606226921081543,0.0,0.0,0.0,0.0,0.0,0.0,0.0,0.0,-1.7053658962249756,-1.7053658962249756,1.0,-1.7053658962249756,-1.7053658962249756,-1.6734975576400757,0.0,-4.410648822784424,1.6053252220153809,1.0,0.027891036123037338,1.0,0.0,0.0,0.027891036123037338,0.0,0.0,0.00606226921081543,0.0,0.2939377427101135,0.1987856924533844,0.03866693004965782,0.9961533546447754,0.46917685866355896,0.0,0.0,0.0,0.0,0.0,0.0,0.0,0.0,1.0,0.0,0.0004181385156698525,0.4117380678653717,0.2499910145998001,0.0228694137185812,0.0,0.09597554057836533,0.09579090774059296,0.09579090774059296,0.11783482134342194,0.04485764726996422,-7.799100948391313e-11,0.0,0.0,5.774744987487793,5.774744987487793,1.5296332836151123,1.5296332836151123,0.7304254174232483,0.0,0.0,0.0,0.0,0.2939377427101135,0.23411047458648682,0.0007158902008086443,0.9999339580535889,0.46917685866355896,0.17480087280273438,1.4484955072402954,1.5711729526519775,1.5296332836151123,1.496748447418213,1.6053252220153809,0.4580473005771637,0.048701364547014236,1.0,1.0891399383544922,1.1718358993530273,1.2093524932861328,0.0,12.0,0.0,0.0,0.0,0.0,0.0,0.0,,,,,,,,,,,,,,,,,,,,,,0.0005
36,12024,train_epoch,-0.050590826125960504,0.10090141687653735,0.10125178973117989,0.0,0.004562861127165442,0.004562861127165442,0.0,3.5173383594273093,9.999999747378752e-05,0.05000000074505806,0.05000000074505806,0.05000000074505806,0.0010000000474974513,0.0010000000474974513,1.0,0.024814850812454423,0.006023319538481935,0.0,0.0,0.0,0.0,0.0,0.0,0.0,0.0,-1.7235331353313195,-1.7235331353313195,1.0,-1.7235331353313195,-1.7235331324760073,-1.6948969346320557,0.0,-4.444983148289298,1.586224402853115,1.0,0.024814850812454423,1.0,0.0,0.0,0.024814850812454423,0.0,0.0,0.006023319538481935,0.0,0.299129760104739,0.19795575532727613,0.045711345870248575,0.9961078450708332,0.47443692975058527,0.0,0.0,0.0,0.0,0.0,0.0,0.0,0.0,1.0,0.0,0.0007893715987820596,0.40405982375858784,0.2447910775056856,0.022276392000208714,0.0,0.10125178973117989,0.10090141687653735,0.10090141687653735,0.11246822323806271,0.04690369543923389,-1.42842280301927e-11,0.0,0.0,5.962231524690183,5.962231538966744,1.5090384219221011,1.5090384219221011,0.7112081689748936,0.0,0.0,0.0,0.0,0.29912975644637013,0.2337196686578368,0.001294849594775448,0.99994536895238,0.47443692975058527,0.1794572264669898,1.4569749007681887,1.5361697224085917,1.5090384219221011,1.5094020723582742,1.586224402853115,0.4632666089577589,0.049231919510189646,1.0,1.2202348730521289,1.219611908147435,1.219888150335072,0.0,12.0,0.0,0.0,0.0,0.0,0.0,0.0,,,,,,,,,,,,,,,,,,,,,,0.0005
36,11700,train,-0.03940290957689285,0.11010053008794785,0.11043617129325867,0.0,0.004637305624783039,0.004637305624783039,0.0,3.509058952331543,9.999999747378752e-05,0.05000000074505806,0.05000000074505806,0.05000000074505806,0.0010000000474974513,0.0010000000474974513,1.0,0.023426692932844162,0.006614357233047485,0.0,0.0,0.0,0.0,0.0,0.0,0.0,0.0,-1.7220349311828613,-1.7220349311828613,1.0,-1.7220349311828613,-1.7220349311828613,-1.6961474418640137,0.0,-4.434150695800781,1.5845119953155518,1.0,0.023426692932844162,1.0,0.0,0.0,0.023426692932844162,0.0,0.0,0.006614357233047485,0.0,0.30661439895629883,0.20005081593990326,0.047220028936862946,0.9985560774803162,0.48366066813468933,0.0,0.0,0.0,0.0,0.0,0.0,0.0,0.0,1.0,0.0,0.0006113080307841301,0.4121962785720825,0.23893693089485168,0.022317472845315933,0.0,0.11043617129325867,0.11010053008794785,0.11010053008794785,0.11592704802751541,0.05905039235949516,-1.446872621713169e-10,0.0,0.0,5.890275955200195,5.890275955200195,1.4807870388031006,1.4807870388031006,0.7214272618293762,0.0,0.0,0.0,0.0,0.30661436915397644,0.23262733221054077,0.0011175834806635976,0.9999102354049683,0.48366066813468933,0.18633580207824707,1.4461665153503418,1.493185043334961,1.4807870388031006,1.490347981452942,1.5845119953155518,0.46134644746780396,0.04894325137138367,1.0,1.1513416767120361,1.1580405235290527,1.1925069093704224,0.0,12.0,0.0,0.0,0.0,0.0,0.0,0.0,,,,,,,,,,,,,,,,,,,,,,0.0005
36,11720,train,-0.05305328592658043,0.09490994364023209,0.09524651616811752,0.0,0.004680529702454805,0.004680529702454805,0.0,3.4772157669067383,9.999999747378752e-05,0.05000000074505806,0.05000000074505806,0.05000000074505806,0.0010000000474974513,0.0010000000474974513,1.0,0.03150656819343567,0.013752490282058716,0.0,0.0,0.0,0.0,0.0,0.0,0.0,0.0,-1.6763954162597656,-1.6763954162597656,1.0,-1.6763954162597656,-1.6763954162597656,-1.6495087146759033,0.0,-4.356172561645508,1.662451148033142,1.0,0.03150656819343567,1.0,0.0,0.0,0.03150656819343567,0.0,0.0,0.013752490282058716,0.0,0.28624752163887024,0.19129063189029694,0.0444149374961853,0.9972432851791382,0.46398699283599854,0.0,0.0,0.0,0.0,0.0,0.0,0.0,0.0,1.0,0.0,0.0007012789137661457,0.4177221953868866,0.25897493958473206,0.023576777428388596,0.0,0.09524651616811752,0.09490994364023209,0.09490994364023209,0.11207351833581924,0.05063990503549576,-3.9048032168809144e-11,0.0,0.0,5.829957485198975,5.829957485198975,1.5384496450424194,1.5384496450424194,0.6848872303962708,0.0,0.0,0.0,0.0,0.28624752163887024,0.2312847375869751,0.001057400368154049,0.9999691247940063,0.46398699283599854,0.1680300384759903,1.4463624954223633,1.601007342338562,1.5384496450424194,1.5517669916152954,1.662451148033142,0.4558924734592438,0.048407796770334244,1.0,1.3948087692260742,1.2506103515625,1.2663666009902954,0.0,12.0,0.0,0.0,0.0,0.0,0.0,0.0,,,,,,,,,,,,,,,,,,,,,,0.0005
36,11740,train,-0.053474310785532,0.0984928160905838,0.0985838919878006,0.0,0.004535012878477573,0.004535012878477573,0.0,3.5093042850494385,9.999999747378752e-05,0.05000000074505806,0.05000000074505806,0.05000000074505806,0.0010000000474974513,0.0010000000474974513,1.0,0.024236921221017838,0.012477755546569824,0.0,0.0,0.0,0.0,0.0,0.0,0.0,0.0,-1.7229830026626587,-1.7229830026626587,1.0,-1.7229830026626587,-1.7229830026626587,-1.7008661031723022,0.0,-4.438925743103027,1.621859073638916,1.0,0.024236921221017838,1.0,0.0,0.0,0.024236921221017838,0.0,0.0,0.012477755546569824,0.0,0.3124777674674988,0.19528935849666595,0.07686084508895874,0.9958695769309998,0.49245354533195496,0.0,0.0,0.0,0.0,0.0,0.0,0.0,0.0,1.0,0.0,0.0004254748346284032,0.4020204544067383,0.24433167278766632,0.022442609071731567,0.0,0.0985838919878006,0.0984928160905838,0.0984928160905838,0.10627634823322296,0.03738555312156677,1.7948660613331668e-10,0.0,0.0,5.813114643096924,5.813114643096924,1.5101577043533325,1.5101577043533325,0.6434071660041809,0.0,0.0,0.0,0.0,0.3124777674674988,0.22998543083667755,0.0013277813559398055,0.9999624490737915,0.49245354533195496,0.18777574598789215,1.4642772674560547,1.5340479612350464,1.5101577043533325,1.5306094884872437,1.621859073638916,0.4644762873649597,0.04923620447516441,1.0,1.3105347156524658,1.2024250030517578,1.2174910306930542,0.0,12.0,0.0,0.0,0.0,0.0,0.0,0.0,,,,,,,,,,,,,,,,,,,,,,0.0005
36,11760,train,-0.059462521225214005,0.0953027606010437,0.09556591510772705,0.0,0.004474491346627474,0.004474491346627474,0.0,3.489393949508667,9.999999747378752e-05,0.05000000074505806,0.05000000074505806,0.05000000074505806,0.0010000000474974513,0.0010000000474974513,1.0,0.0316917784512043,0.005931377410888672,0.0,0.0,0.0,0.0,0.0,0.0,0.0,0.0,-1.7448874711990356,-1.7448874711990356,1.0,-1.7448874711990356,-1.7448874711990356,-1.708467960357666,0.0,-4.4957194328308105,1.5242564678192139,1.0,0.0316917784512043,1.0,0.0,0.0,0.0316917784512043,0.0,0.0,0.005931377410888672,0.0,0.2940686047077179,0.1967649906873703,0.04231493920087814,0.9950733184814453,0.46565985679626465,0.0,0.0,0.0,0.0,0.0,0.0,0.0,0.0,1.0,0.0,0.0007470340351574123,0.4059610366821289,0.2513793706893921,0.02307923696935177,0.0,0.09556591510772705,0.0953027606010437,0.0953027606010437,0.1073034405708313,0.06714086979627609,2.6148275211745897e-10,0.0,0.0,5.985372543334961,5.985372543334961,1.5350919961929321,1.5350919961929321,0.7076696157455444,0.0,0.0,0.0,0.0,0.2940686345100403,0.23626099526882172,0.0008938410901464522,0.9999181032180786,0.46565985679626465,0.1775122582912445,1.4541029930114746,1.584181547164917,1.5350919961929321,1.4782078266143799,1.5242564678192139,0.460035502910614,0.04831631854176521,1.0,1.145467758178711,1.2208980321884155,1.1662867069244385,0.0,12.0,0.0,0.0,0.0,0.0,0.0,0.0,,,,,,,,,,,,,,,,,,,,,,0.0005
36,11780,train,-0.05536452308297157,0.09691568464040756,0.09726505726575851,0.0,0.004508171230554581,0.004508171230554581,0.0,3.4963362216949463,9.999999747378752e-05,0.05000000074505806,0.05000000074505806,0.05000000074505806,0.0010000000474974513,0.0010000000474974513,1.0,0.02497246488928795,0.01651868224143982,0.0,0.0,0.0,0.0,0.0,0.0,0.0,0.0,-1.7234975099563599,-1.7234975099563599,1.0,-1.7234975099563599,-1.7234975099563599,-1.6944313049316406,0.0,-4.436890125274658,1.5876103639602661,1.0,0.02497246488928795,1.0,0.0,0.0,0.02497246488928795,0.0,0.0,0.01651868224143982,0.0,0.3165186941623688,0.19725391268730164,0.04852589964866638,0.9960255026817322,0.4930224120616913,0.0,0.0,0.0,0.0,0.0,0.0,0.0,0.0,1.0,0.0,0.0009660494979470968,0.40135857462882996,0.24877789616584778,0.02279994823038578,0.0,0.09726505726575851,0.09691568464040756,0.09691568464040756,0.10570888966321945,0.028162138536572456,-3.0017255348013805e-10,0.0,0.0,5.873160362243652,5.873160362243652,1.5361053943634033,1.5361053943634033,0.6427966356277466,0.0,0.0,0.0,0.0,0.3165186941623688,0.23249483108520508,0.005300436168909073,0.9999439716339111,0.4930224120616913,0.19503676891326904,1.4743950366973877,1.5702931880950928,1.5361053943634033,1.510610580444336,1.5876103639602661,0.46477365493774414,0.049435049295425415,1.0,1.2790772914886475,1.235276460647583,1.2355459928512573,0.0,12.0,0.0,0.0,0.0,0.0,0.0,0.0,,,,,,,,,,,,,,,,,,,,,,0.0005
36,11800,train,-0.056037139147520065,0.09688632190227509,0.09740523993968964,0.0,0.004553473088890314,0.004553473088890314,0.0,3.472231388092041,9.999999747378752e-05,0.05000000074505806,0.05000000074505806,0.05000000074505806,0.0010000000474974513,0.0010000000474974513,1.0,0.021731898188591003,0.009029597043991089,0.0,0.0,0.0,0.0,0.0,0.0,0.0,0.0,-1.7301017045974731,-1.7301017045974731,1.0,-1.7301017045974731,-1.7301017045974731,-1.6994737386703491,0.0,-4.455358028411865,1.6052188873291016,1.0,0.021731898188591003,1.0,0.0,0.0,0.021731898188591003,0.0,0.0,0.009029597043991089,0.0,0.29097041487693787,0.19638057053089142,0.061409078538417816,0.9966540336608887,0.4645823538303375,0.0,0.0,0.0,0.0,0.0,0.0,0.0,0.0,1.0,0.0,0.0013662994606420398,0.4024282991886139,0.2482692450284958,0.023498674854636192,0.0,0.09740523993968964,0.09688632190227509,0.09688632190227509,0.09812590479850769,0.04043341055512428,1.217700107414288e-10,0.0,0.0,6.077829837799072,6.077829837799072,1.542364478111267,1.542364478111267,0.6421862840652466,0.0,0.0,0.0,0.0,0.29097041487693787,0.23507548868656158,0.000510252604726702,0.9999734163284302,0.4645823538303375,0.1749081015586853,1.4740594625473022,1.5747313499450684,1.542364478111267,1.526421070098877,1.6052188873291016,0.45882388949394226,0.04875544458627701,1.0,1.3295831680297852,1.2513819932937622,1.1911648511886597,0.0,12.0,0.0,0.0,0.0,0.0,0.0,0.0,,,,,,,,,,,,,,,,,,,,,,0.0005
36,11820,train,-0.048150502145290375,0.1029924750328064,0.1031879335641861,0.0,0.004700603894889355,0.004700603894889355,0.0,3.464801788330078,9.999999747378752e-05,0.05000000074505806,0.05000000074505806,0.05000000074505806,0.0010000000474974513,0.0010000000474974513,1.0,0.02101566642522812,0.004972308874130249,0.0,0.0,0.0,0.0,0.0,0.0,0.0,0.0,-1.723880648612976,-1.723880648612976,1.0,-1.723880648612976,-1.7238807678222656,-1.700936198234558,0.0,-4.448224067687988,1.593375325202942,1.0,0.02101566642522812,1.0,0.0,0.0,0.02101566642522812,0.0,0.0,0.004972308874130249,0.0,0.3049723207950592,0.2015404999256134,0.04957347363233566,0.9980756640434265,0.47921183705329895,0.0,0.0,0.0,0.0,0.0,0.0,0.0,0.0,1.0,0.0,0.0007814417476765811,0.40821772813796997,0.23801138997077942,0.023424914106726646,0.0,0.1031879335641861,0.1029924750328064,0.1029924750328064,0.1127825379371643,0.04761241376399994,-9.022017161131046e-11,0.0,0.0,6.009313583374023,6.009313583374023,1.496843695640564,1.496843695640564,0.7157207131385803,0.0,0.0,0.0,0.0,0.3049723207950592,0.23514258861541748,0.0008963425643742085,0.9999518394470215,0.47921183705329895,0.18449756503105164,1.4685832262039185,1.5036731958389282,1.496843695640564,1.5052951574325562,1.593375325202942,0.46632257103919983,0.04936264455318451,1.0,1.2133272886276245,1.1949129104614258,1.233925223350525,0.0,12.0,0.0,0.0,0.0,0.0,0.0,0.0,,,,,,,,,,,,,,,,,,,,,,0.0005
36,11840,train,-0.044099755585193634,0.10565663874149323,0.10596007108688354,0.0,0.00452477065846324,0.00452477065846324,0.0,3.5322587490081787,9.999999747378752e-05,0.05000000074505806,0.05000000074505806,0.05000000074505806,0.0010000000474974513,0.0010000000474974513,1.0,0.02634996920824051,0.01918095350265503,0.0,0.0,0.0,0.0,0.0,0.0,0.0,0.0,-1.7157340049743652,-1.7157340049743652,1.0,-1.7157340049743652,-1.7157338857650757,-1.693063735961914,0.0,-4.4316253662109375,1.6253067255020142,1.0,0.02634996920824051,1.0,0.0,0.0,0.02634996920824051,0.0,0.0,0.01918095350265503,0.0,0.319180965423584,0.20167456567287445,0.053909968584775925,0.9987567663192749,0.4964056611061096,0.0,0.0,0.0,0.0,0.0,0.0,0.0,0.0,1.0,0.0,0.0006141792982816696,0.4002527594566345,0.23835687339305878,0.02184942737221718,0.0,0.10596007108688354,0.10565663874149323,0.10565663874149323,0.11521092802286148,0.04496155306696892,3.6921021795421893e-10,0.0,0.0,5.994504928588867,5.994504928588867,1.48733389377594,1.48733389377594,0.7308164238929749,0.0,0.0,0.0,0.0,0.319180965423584,0.2322227656841278,0.0005947921890765429,0.9999581575393677,0.4964056611061096,0.1957414299249649,1.4505987167358398,1.5072294473648071,1.48733389377594,1.5357428789138794,1.6253067255020142,0.467449426651001,0.04941628500819206,1.0,1.1298086643218994,1.1788551807403564,1.2678340673446655,0.0,12.0,0.0,0.0,0.0,0.0,0.0,0.0,,,,,,,,,,,,,,,,,,,,,,0.0005
36,11860,train,-0.05003812164068222,0.09981710463762283,0.10003237426280975,0.0,0.004632801283150911,0.004632801283150911,0.0,3.4950814247131348,9.999999747378752e-05,0.05000000074505806,0.05000000074505806,0.05000000074505806,0.0010000000474974513,0.0010000000474974513,1.0,0.02264450490474701,0.005116403102874756,0.0,0.0,0.0,0.0,0.0,0.0,0.0,0.0,-1.704706072807312,-1.704706072807312,1.0,-1.704706072807312,-1.704706072807312,-1.6816314458847046,0.0,-4.415209770202637,1.6051304340362549,1.0,0.02264450490474701,1.0,0.0,0.0,0.02264450490474701,0.0,0.0,0.005116403102874756,0.0,0.2948836088180542,0.1959514021873474,0.03694048151373863,0.9948973655700684,0.4797762632369995,0.0,0.0,0.0,0.0,0.0,0.0,0.0,0.0,1.0,0.0,0.0008261780021712184,0.40868791937828064,0.2452649176120758,0.02281886152923107,0.0,0.10003237426280975,0.09981710463762283,0.09981710463762283,0.11898424476385117,0.043426502496004105,1.1085424939105692e-10,0.0,0.0,5.919850826263428,5.919850826263428,1.5033674240112305,1.5033674240112305,0.7414018511772156,0.0,0.0,0.0,0.0,0.2948836088180542,0.22635647654533386,0.0055348072201013565,0.9999345541000366,0.4797762632369995,0.1692095696926117,1.4568169116973877,1.51878023147583,1.5033674240112305,1.5158087015151978,1.6051304340362549,0.4575536847114563,0.04908309504389763,1.0,1.261919379234314,1.2130169868469238,1.2329728603363037,0.0,12.0,0.0,0.0,0.0,0.0,0.0,0.0,,,,,,,,,,,,,,,,,,,,,,0.0005
36,11880,train,-0.05525703355669975,0.09235882759094238,0.09259254485368729,0.0,0.00444344338029623,0.00444344338029623,0.0,3.531829595565796,9.999999747378752e-05,0.05000000074505806,0.05000000074505806,0.05000000074505806,0.0010000000474974513,0.0010000000474974513,1.0,0.02647310122847557,0.008661419153213501,0.0,0.0,0.0,0.0,0.0,0.0,0.0,0.0,-1.6674485206604004,-1.6674485206604004,1.0,-1.6674485206604004,-1.6674485206604004,-1.6303346157073975,0.0,-4.337592601776123,1.7291260957717896,1.0,0.02647310122847557,1.0,0.0,0.0,0.02647310122847557,0.0,0.0,0.008661419153213501,0.0,0.29133859276771545,0.19368350505828857,0.048459213227033615,0.9960670471191406,0.4651370942592621,0.0,0.0,0.0,0.0,0.0,0.0,0.0,0.0,1.0,0.0,0.0007806021021679044,0.4016037583351135,0.2637522220611572,0.02251932956278324,0.0,0.09259254485368729,0.09235882759094238,0.09235882759094238,0.10829126089811325,0.022673262283205986,-6.383613082583395e-10,0.0,0.0,5.57431173324585,5.57431173324585,1.5715867280960083,1.5715867280960083,0.6274945735931396,0.0,0.0,0.0,0.0,0.29133859276771545,0.2344035506248474,0.0006718480726704001,0.999891996383667,0.4651370942592621,0.17510724067687988,1.4549552202224731,1.6422191858291626,1.5715867280960083,1.5871014595031738,1.7291260957717896,0.4518260061740875,0.04872320592403412,1.0,1.1643648147583008,1.2379040718078613,1.2538158893585205,0.0,12.0,0.0,0.0,0.0,0.0,0.0,0.0,,,,,,,,,,,,,,,,,,,,,,0.0005
36,11900,train,-0.05633311718702316,0.0970115140080452,0.09712591767311096,0.0,0.0044299541041255,0.0044299541041255,0.0,3.5336532592773438,9.999999747378752e-05,0.05000000074505806,0.05000000074505806,0.05000000074505806,0.0010000000474974513,0.0010000000474974513,1.0,0.024001311510801315,0.01513528823852539,0.0,0.0,0.0,0.0,0.0,0.0,0.0,0.0,-1.7338382005691528,-1.7338382005691528,1.0,-1.7338382005691528,-1.7338380813598633,-1.7046353816986084,0.0,-4.466898441314697,1.5867729187011719,1.0,0.024001311510801315,1.0,0.0,0.0,0.024001311510801315,0.0,0.0,0.01513528823852539,0.0,0.31513530015945435,0.20375074446201324,0.04674380272626877,0.9945358633995056,0.48415717482566833,0.0,0.0,0.0,0.0,0.0,0.0,0.0,0.0,1.0,0.0,0.0003493345284368843,0.39886197447776794,0.24422910809516907,0.02197962813079357,0.0,0.09712591767311096,0.0970115140080452,0.0970115140080452,0.11508612334728241,0.0569685660302639,2.957805944614478e-10,0.0,0.0,5.769105434417725,5.769105434417725,1.5138280391693115,1.5138280391693115,0.7041344046592712,0.0,0.0,0.0,0.0,0.31513530015945435,0.23854757845401764,0.0008393574971705675,0.999971866607666,0.48415717482566833,0.1959252506494522,1.4510269165039062,1.5482580661773682,1.5138280391693115,1.4825358390808105,1.5867729187011719,0.46658387780189514,0.04908692091703415,1.0,1.260802984237671,1.1849936246871948,1.2140015363693237,0.0,12.0,0.0,0.0,0.0,0.0,0.0,0.0,,,,,,,,,,,,,,,,,,,,,,0.0005
36,11920,train,-0.04618742689490318,0.10477859526872635,0.10509643703699112,0.0,0.0043633789755403996,0.0043633789755403996,0.0,3.5022284984588623,9.999999747378752e-05,0.05000000074505806,0.05000000074505806,0.05000000074505806,0.0010000000474974513,0.0010000000474974513,1.0,0.027612753212451935,0.008110493421554565,0.0,0.0,0.0,0.0,0.0,0.0,0.0,0.0,-1.7258942127227783,-1.7258942127227783,1.0,-1.7258942127227783,-1.7258943319320679,-1.7030456066131592,0.0,-4.444406986236572,1.6090673208236694,1.0,0.027612753212451935,1.0,0.0,0.0,0.027612753212451935,0.0,0.0,0.008110493421554565,0.0,0.2918895184993744,0.19488736987113953,0.05620897561311722,0.9982622861862183,0.4728440046310425,0.0,0.0,0.0,0.0,0.0,0.0,0.0,0.0,1.0,0.0,0.00045513271470554173,0.3888859152793884,0.238861083984375,0.02236258238554001,0.0,0.10509643703699112,0.10477859526872635,0.10477859526872635,0.10724018514156342,0.046580273658037186,2.937538268188433e-10,0.0,0.0,5.899501800537109,5.899501800537109,1.4919997453689575,1.4919997453689575,0.6569628715515137,0.0,0.0,0.0,0.0,0.2918895184993744,0.2293667495250702,0.001260588993318379,0.9999436140060425,0.4728440046310425,0.17052696645259857,1.4598437547683716,1.50038480758667,1.4919997453689575,1.5273305177688599,1.6090673208236694,0.4695737957954407,0.04933708906173706,1.0,1.2261109352111816,1.2366589307785034,1.2438997030258179,0.0,12.0,0.0,0.0,0.0,0.0,0.0,0.0,,,,,,,,,,,,,,,,,,,,,,0.0005
36,11940,train,-0.04861331358551979,0.10270385444164276,0.10311087220907211,0.0,0.004692921414971352,0.004692921414971352,0.0,3.5259389877319336,9.999999747378752e-05,0.05000000074505806,0.05000000074505806,0.05000000074505806,0.0010000000474974513,0.0010000000474974513,1.0,0.028004970401525497,0.0012098848819732666,0.0,0.0,0.0,0.0,0.0,0.0,0.0,0.0,-1.7255580425262451,-1.7255580425262451,1.0,-1.7255580425262451,-1.7255580425262451,-1.6979514360427856,0.0,-4.441223621368408,1.5846599340438843,1.0,0.028004970401525497,1.0,0.0,0.0,0.028004970401525497,0.0,0.0,0.0012098848819732666,0.0,0.2987900972366333,0.19550830125808716,0.0375249981880188,0.993499755859375,0.47958049178123474,0.0,0.0,0.0,0.0,0.0,0.0,0.0,0.0,1.0,0.0,0.0008786472608335316,0.39889365434646606,0.24645276367664337,0.02207159996032715,0.0,0.10311087220907211,0.10270385444164276,0.10270385444164276,0.11021509021520615,0.026666561141610146,-2.424764833364179e-10,0.0,0.0,5.947391986846924,5.947391986846924,1.5246493816375732,1.5246493816375732,0.6832196712493896,0.0,0.0,0.0,0.0,0.2987901270389557,0.22963909804821014,0.0013357906136661768,0.9999330043792725,0.47958049178123474,0.17449449002742767,1.4763914346694946,1.5516676902770996,1.5246493816375732,1.5325047969818115,1.5846599340438843,0.4631040692329407,0.049738626927137375,1.0,1.2196094989776611,1.230699896812439,1.2438939809799194,0.0,12.0,0.0,0.0,0.0,0.0,0.0,0.0,,,,,,,,,,,,,,,,,,,,,,0.0005
36,11960,train,-0.05484095588326454,0.09728379547595978,0.09777969866991043,0.0,0.004836431238800287,0.004836431238800287,0.0,3.529254913330078,9.999999747378752e-05,0.05000000074505806,0.05000000074505806,0.05000000074505806,0.0010000000474974513,0.0010000000474974513,1.0,0.01925412192940712,0.002772212028503418,0.0,0.0,0.0,0.0,0.0,0.0,0.0,0.0,-1.7229746580123901,-1.7229746580123901,1.0,-1.7229746580123901,-1.7229746580123901,-1.69831120967865,0.0,-4.448850154876709,1.56006920337677,1.0,0.01925412192940712,1.0,0.0,0.0,0.01925412192940712,0.0,0.0,0.002772212028503418,0.0,0.29722777009010315,0.1997087448835373,0.038509301841259,0.9970661997795105,0.47310781478881836,0.0,0.0,0.0,0.0,0.0,0.0,0.0,0.0,1.0,0.0,0.0010292826918885112,0.4182167649269104,0.2462310492992401,0.021849779412150383,0.0,0.09777969866991043,0.09728379547595978,0.09728379547595978,0.13152775168418884,0.05707266181707382,-1.1928202869881943e-10,0.0,0.0,6.087317943572998,6.087317943572998,1.5165148973464966,1.5165148973464966,0.868789792060852,0.0,0.0,0.0,0.0,0.29722779989242554,0.23367774486541748,0.002595499623566866,0.9999513626098633,0.47310781478881836,0.1771446168422699,1.4731905460357666,1.5347753763198853,1.5165148973464966,1.496629238128662,1.56006920337677,0.456405371427536,0.04894043132662773,1.0,1.2759723663330078,1.2316606044769287,1.1737960577011108,0.0,12.0,0.0,0.0,0.0,0.0,0.0,0.0,,,,,,,,,,,,,,,,,,,,,,0.0005
36,11980,train,-0.043769147247076035,0.10466048866510391,0.1049673855304718,0.0,0.004813116975128651,0.004813116975128651,0.0,3.5154197216033936,9.999999747378752e-05,0.05000000074505806,0.05000000074505806,0.05000000074505806,0.0010000000474974513,0.0010000000474974513,1.0,0.023725703358650208,0.011058837175369263,0.0,0.0,0.0,0.0,0.0,0.0,0.0,0.0,-1.7005009651184082,-1.7005009651184082,1.0,-1.7005009651184082,-1.7005009651184082,-1.6699177026748657,0.0,-4.4073872566223145,1.6413887739181519,1.0,0.023725703358650208,1.0,0.0,0.0,0.023725703358650208,0.0,0.0,0.011058837175369263,0.0,0.2889411747455597,0.20044134557247162,0.035807572305202484,0.9973486661911011,0.4606419801712036,0.0,0.0,0.0,0.0,0.0,0.0,0.0,0.0,1.0,0.0,0.0008169548818841577,0.4099174439907074,0.2485654354095459,0.022439109161496162,0.0,0.1049673855304718,0.10466048866510391,0.10466048866510391,0.11396394670009613,0.030535323545336723,6.886440029330032e-11,0.0,0.0,6.162746429443359,6.162746429443359,1.5289543867111206,1.5289543867111206,0.7478341460227966,0.0,0.0,0.0,0.0,0.2889411747455597,0.23608382046222687,0.0011926492443308234,0.9999370574951172,0.4606419801712036,0.17238052189350128,1.4593645334243774,1.5672844648361206,1.5289543867111206,1.5622947216033936,1.6413887739181519,0.46427348256111145,0.049459632486104965,1.0,1.1999202966690063,1.2562099695205688,1.2667244672775269,0.0,12.0,0.0,0.0,0.0,0.0,0.0,0.0,,,,,,,,,,,,,,,,,,,,,,0.0005
36,12000,train,-0.05072125047445297,0.09919243305921555,0.09957238286733627,0.0,0.004480286035686731,0.004480286035686731,0.0,3.498514413833618,9.999999747378752e-05,0.05000000074505806,0.05000000074505806,0.05000000074505806,0.0010000000474974513,0.0010000000474974513,1.0,0.02684856951236725,0.0024085640907287598,0.0,0.0,0.0,0.0,0.0,0.0,0.0,0.0,-1.704312801361084,-1.704312801361084,1.0,-1.704312801361084,-1.704312801361084,-1.674161672592163,0.0,-4.412326335906982,1.6426249742507935,1.0,0.02684856951236725,1.0,0.0,0.0,0.02684856951236725,0.0,0.0,0.0024085640907287598,0.0,0.3024085760116577,0.2003629207611084,0.046996936202049255,0.9972615242004395,0.4750173091888428,0.0,0.0,0.0,0.0,0.0,0.0,0.0,0.0,1.0,0.0,0.0008261151378974319,0.39083942770957947,0.2567219138145447,0.022997327148914337,0.0,0.09957238286733627,0.09919243305921555,0.09919243305921555,0.10956522077322006,0.021264484152197838,-1.9646360926994788e-10,0.0,0.0,6.0266432762146,6.0266432762146,1.5729944705963135,1.5729944705963135,0.6988579630851746,0.0,0.0,0.0,0.0,0.3024085760116577,0.2361019104719162,0.0009713206673040986,0.9999295473098755,0.4750173091888428,0.18367035686969757,1.4721697568893433,1.6206004619598389,1.5729944705963135,1.546329140663147,1.6426249742507935,0.4744774401187897,0.049387019127607346,1.0,1.3882611989974976,1.3142175674438477,1.3109632730484009,0.0,12.0,0.0,0.0,0.0,0.0,0.0,0.0,,,,,,,,,,,,,,,,,,,,,,0.0005
