epoch,step,split,total_loss,pred_loss,inv_loss,gate_loss,swap_loss,swap_diff_loss,swap_same_loss,kl_loss,effective_lambda_kl,effective_lambda_envpred,effective_lambda_future_mi,effective_lambda_swap,effective_lambda_sep,effective_lambda_mask_sparse,aux_schedule_factor,ind_loss,sparse_loss,entropy_loss,residual_norm_loss,env_consistency_loss,z_cons_loss,y_cons_loss,effective_lambda_z_cons,effective_lambda_y_cons,persistence_mi_loss,envpred_loss,future_mi_loss,future_mi_type,env_fut_nll,env_fut_nll_plus,env_fut_nll_minus,env_fut_kl,pred_fut_logvar_mean,pred_fut_mu_norm,future_mi_valid,sep_loss,sep_mi_type,club_upper_bound,club_fit_nll,cross_cov_loss,hsic_loss,rank_loss,mask_sparse_loss,effective_lambda_persistence_mi,rho_mean,rho_std,rho_min,rho_max,rho_entropy,delta_gain_mean,delta_gain_std,delta_gain_pos_ratio,s_gain_mean,persist_score_mean,persist_score_std,s_persist_mean,s_gate_mean,persistence_valid,potential_gain_mean,swap_delta_mean,swap_weight_mean,env_mu_abs_mean,env_std_mean,r_env_abs_mean,y_inv_mae,y_potential_mae,y_hat_mae,sep_projection_ratio,sep_cos_z_env_before,sep_cos_z_env_after,sep_lowrank_energy_ratio,sep_residual_norm,sep_z_raw_norm,sep_z_inv_norm,sep_env_raw_norm,sep_env_norm,sep_proj_norm,sep_basis_rank,sep_svd_top_singular_mean,sep_lowrank_rank,sep_env_residual_norm,mask_mean,mask_std,mask_min,mask_max,mask_entropy,mask_active_ratio,env_plus_norm,env_minus_norm,env_hist_norm,env_fut_norm,env_fut_pred_norm,fusion_gamma_abs_mean,fusion_beta_abs_mean,timestamp_valid,cur_time_emb_norm,seq_time_emb_norm,future_time_emb_norm,backbone_aux_loss,curriculum_horizon,cast_vq_loss,cast_commit_loss,cast_mi_loss,stone_graph_perturb_loss,stone_spatial_graph_entropy,stone_temporal_graph_entropy,val_mae,val_mse,val_rmse,val_mape,val_wape,val_mae_h3,val_rmse_h3,val_mape_h3,val_wape_h3,val_mae_h6,val_rmse_h6,val_mape_h6,val_wape_h6,val_mae_h12,val_rmse_h12,val_mape_h12,val_wape_h12,val_mae_avg12,val_rmse_avg12,val_mape_avg12,val_wape_avg12,lr
1,20,train,0.206173837184906,0.17193317413330078,0.17120327055454254,0.0,0.0,0.0,0.0,0.0,0.0,0.0,0.0,0.0,0.0,0.0,0.0,0.0,0.0,0.0,0.0,0.0,0.0,0.0,0.0,0.0,0.0,0.0,0.0,1.0,0.5099878311157227,0.5099878311157227,0.510107159614563,0.0,0.019651515409350395,0.46591585874557495,1.0,0.0,1.0,0.0,0.0,0.0002627037465572357,0.0,0.0,0.0,0.0,0.2763369381427765,0.014431589283049107,0.2359832376241684,0.3337911367416382,0.5869435667991638,0.0,0.0,0.0,0.0,0.0,0.0,0.0,0.0,1.0,0.0,2.2582704332307912e-05,0.47090384364128113,0.06529560685157776,1.0018093585968018,0.0,0.17120327055454254,0.17193317413330078,0.17193317413330078,0.08291355520486832,0.02015772834420204,2.785262298576896e-10,0.0,0.0,3.9592199325561523,3.9592199325561523,1.6781871318817139,1.6781871318817139,0.31244030594825745,0.0,0.0,0.0,0.0,0.2763369381427765,0.03179031237959862,0.1759965866804123,0.4691922664642334,0.5869435667991638,0.0,1.6878734827041626,1.679831624031067,1.6781871318817139,1.675284743309021,0.46591585874557495,0.013141619972884655,0.004245128482580185,1.0,3.039867401123047,3.0423426628112793,3.0366311073303223,0.0,3.0,0.0,0.0,0.0,0.0,0.0,0.0,,,,,,,,,,,,,,,,,,,,,,0.001
1,40,train,0.22701716423034668,0.18908388912677765,0.18966636061668396,0.0,0.0,0.0,0.0,0.0,0.0,0.0,0.0,0.0,0.0,0.0,0.0,0.0,0.0,0.0,0.0,0.0,0.0,0.0,0.0,0.0,0.0,0.0,0.0,1.0,0.50760817527771,0.50760817527771,0.5076491832733154,0.0,0.017872797325253487,0.4616963267326355,1.0,0.0,1.0,0.0,0.0,0.00021347204165067524,0.0,0.0,0.0,0.0,0.2750163972377777,0.013774166814982891,0.2325448989868164,0.32440900802612305,0.5853946805000305,0.0,0.0,0.0,0.0,0.0,0.0,0.0,0.0,1.0,0.0,2.6933996196021326e-05,0.4647260010242462,0.07023733109235764,0.9991054534912109,0.0,0.18966636061668396,0.18908388912677765,0.18908388912677765,0.07166934758424759,0.012732763774693012,-1.4783893553804717e-10,0.0,0.0,3.975013256072998,3.975013256072998,1.6831104755401611,1.6831104755401611,0.26722460985183716,0.0,0.0,0.0,0.0,0.2750163674354553,0.03339635953307152,0.16298499703407288,0.4499780535697937,0.5853946805000305,0.0,1.6929619312286377,1.6855838298797607,1.6831104755401611,1.6811286211013794,0.4616963267326355,0.01846279390156269,0.0049383193254470825,1.0,3.0256552696228027,3.032834529876709,3.144233226776123,0.0,3.0,0.0,0.0,0.0,0.0,0.0,0.0,,,,,,,,,,,,,,,,,,,,,,0.001
1,60,train,0.1790400743484497,0.14919625222682953,0.1492191106081009,0.0,0.0,0.0,0.0,0.0,0.0,0.0,0.0,0.0,0.0,0.0,0.0,0.0,0.0,0.0,0.0,0.0,0.0,0.0,0.0,0.0,0.0,0.0,0.0,1.0,0.5039812922477722,0.5039812326431274,0.5040417313575745,0.0,0.01938440091907978,0.47157660126686096,1.0,0.0,1.0,0.0,0.0,0.00028850208036601543,0.0,0.0,0.0,0.0,0.2769707441329956,0.013665980659425259,0.23040342330932617,0.32920515537261963,0.5870662331581116,0.0,0.0,0.0,0.0,0.0,0.0,0.0,0.0,1.0,0.0,-2.779525675578043e-05,0.45914414525032043,0.07376471906900406,0.9948732256889343,0.0,0.1492191106081009,0.14919625222682953,0.14919625222682953,0.0707944855093956,0.026402942836284637,2.66631855483368e-10,0.0,0.0,3.8052563667297363,3.8052563667297363,1.6845699548721313,1.6845699548721313,0.24999354779720306,0.0,0.0,0.0,0.0,0.2769707441329956,0.03474388271570206,0.15893660485744476,0.46327635645866394,0.5870662331581116,0.0,1.69431734085083,1.6876024007797241,1.6845699548721313,1.6807174682617188,0.47157660126686096,0.021561749279499054,0.004461615812033415,1.0,3.027304172515869,3.085209608078003,3.0428709983825684,0.0,3.0,0.0,0.0,0.0,0.0,0.0,0.0,,,,,,,,,,,,,,,,,,,,,,0.001
1,80,train,0.2538056969642639,0.21141387522220612,0.2119590938091278,0.0,0.0,0.0,0.0,0.0,0.0,0.0,0.0,0.0,0.0,0.0,0.0,0.0,0.0,0.0,0.0,0.0,0.0,0.0,0.0,0.0,0.0,0.0,0.0,1.0,0.4976048469543457,0.4976048469543457,0.49760153889656067,0.0,0.01863888092339039,0.4594031572341919,1.0,0.0,1.0,0.0,0.0,0.00028724755975417793,0.0,0.0,0.0,0.0,0.27830129861831665,0.015111027285456657,0.22702020406723022,0.33547720313072205,0.5882316827774048,0.0,0.0,0.0,0.0,0.0,0.0,0.0,0.0,1.0,0.0,5.1300903578521684e-05,0.45621541142463684,0.07796486467123032,0.9910935759544373,0.0,0.2119590938091278,0.21141387522220612,0.21141387522220612,0.065741166472435,-0.0010656053200364113,5.725749874230246e-10,0.0,0.0,3.778097152709961,3.778097152709961,1.6832953691482544,1.6832953691482544,0.22766250371932983,0.0,0.0,0.0,0.0,0.27830132842063904,0.03539775311946869,0.14247892796993256,0.480347603559494,0.5882316827774048,0.0,1.690035104751587,1.6874977350234985,1.6832953691482544,1.6819461584091187,0.4594031572341919,0.024204818531870842,0.00517087709158659,1.0,2.9572582244873047,3.0112318992614746,3.0576939582824707,0.0,3.0,0.0,0.0,0.0,0.0,0.0,0.0,,,,,,,,,,,,,,,,,,,,,,0.001
1,100,train,0.19453498721122742,0.1621091365814209,0.162129208445549,0.0,0.0,0.0,0.0,0.0,0.0,0.0,0.0,0.0,0.0,0.0,0.0,0.0,0.0,0.0,0.0,0.0,0.0,0.0,0.0,0.0,0.0,0.0,0.0,1.0,0.49754878878593445,0.49754878878593445,0.4975384473800659,0.0,0.01955786719918251,0.46536827087402344,1.0,0.0,1.0,0.0,0.0,0.0002820527006406337,0.0,0.0,0.0,0.0,0.2762298285961151,0.012444344349205494,0.22939495742321014,0.3189065158367157,0.5863466858863831,0.0,0.0,0.0,0.0,0.0,0.0,0.0,0.0,1.0,0.0,7.450427074218169e-05,0.4532540738582611,0.07919009029865265,0.9880408644676208,0.0,0.162129208445549,0.1621091365814209,0.1621091365814209,0.057202015072107315,0.014090628363192081,-3.955194505245174e-10,0.0,0.0,3.9678640365600586,3.9678640365600586,1.6836954355239868,1.6836954355239868,0.20724743604660034,0.0,0.0,0.0,0.0,0.2762298285961151,0.034748632460832596,0.1521831899881363,0.45757046341896057,0.5863466858863831,0.0,1.6922614574432373,1.687319040298462,1.6836954355239868,1.683556318283081,0.46536827087402344,0.025547413155436516,0.006059054750949144,1.0,2.8463125228881836,2.903085708618164,2.926201820373535,0.0,3.0,0.0,0.0,0.0,0.0,0.0,0.0,,,,,,,,,,,,,,,,,,,,,,0.001
1,120,train,0.1782517433166504,0.1485084444284439,0.1487165242433548,0.0,0.0,0.0,0.0,0.0,0.0,0.0,0.0,0.0,0.0,0.0,0.0,0.0,0.0,0.0,0.0,0.0,0.0,0.0,0.0,0.0,0.0,0.0,0.0,1.0,0.49500274658203125,0.49500274658203125,0.49500805139541626,0.0,0.017487259581685066,0.4651758670806885,1.0,0.0,1.0,0.0,0.0,0.0002537897671572864,0.0,0.0,0.0,0.0,0.27652424573898315,0.014177701435983181,0.22588634490966797,0.3335775136947632,0.586087703704834,0.0,0.0,0.0,0.0,0.0,0.0,0.0,0.0,1.0,0.0,1.2505364793469198e-05,0.45314252376556396,0.08025921881198883,0.9848636984825134,0.0,0.1487165242433548,0.1485084444284439,0.1485084444284439,0.06447000056505203,-0.0037910803221166134,-3.212797528018285e-10,0.0,0.0,3.897221088409424,3.897221088409424,1.6794886589050293,1.6794886589050293,0.22919736802577972,0.0,0.0,0.0,0.0,0.27652427554130554,0.03775634989142418,0.15295729041099548,0.46636542677879333,0.586087703704834,0.0,1.6889806985855103,1.6840159893035889,1.6794886589050293,1.6817680597305298,0.4651758670806885,0.02747742272913456,0.005211986135691404,1.0,3.0855298042297363,3.0895261764526367,3.019439697265625,0.0,3.0,0.0,0.0,0.0,0.0,0.0,0.0,,,,,,,,,,,,,,,,,,,,,,0.001
1,140,train,0.18982265889644623,0.1581493616104126,0.15836650133132935,0.0,0.0,0.0,0.0,0.0,0.0,0.0,0.0,0.0,0.0,0.0,0.0,0.0,0.0,0.0,0.0,0.0,0.0,0.0,0.0,0.0,0.0,0.0,0.0,1.0,0.4894354045391083,0.48943543434143066,0.4894564151763916,0.0,0.019999822601675987,0.46069619059562683,1.0,0.0,1.0,0.0,0.0,0.0002400609664618969,0.0,0.0,0.0,0.0,0.27639704942703247,0.014438585378229618,0.2272513210773468,0.3373810648918152,0.5857923030853271,0.0,0.0,0.0,0.0,0.0,0.0,0.0,0.0,1.0,0.0,9.19159792829305e-05,0.45093438029289246,0.08041062206029892,0.9797582030296326,0.0,0.15836650133132935,0.1581493616104126,0.1581493616104126,0.05775273218750954,0.016794243827462196,-1.6403825520150406e-10,0.0,0.0,3.7176320552825928,3.717632293701172,1.6755558252334595,1.6755558252334595,0.1943420022726059,0.0,0.0,0.0,0.0,0.27639704942703247,0.03869134187698364,0.15134471654891968,0.511333703994751,0.5857923030853271,1.5318628356908448e-05,1.6862924098968506,1.6798591613769531,1.6755558252334595,1.6717791557312012,0.46069619059562683,0.02923242188990116,0.006651377771049738,1.0,2.7853050231933594,2.890012264251709,2.9125165939331055,0.0,3.0,0.0,0.0,0.0,0.0,0.0,0.0,,,,,,,,,,,,,,,,,,,,,,0.001
1,160,train,0.17648085951805115,0.14702250063419342,0.14729180932044983,0.0,0.0,0.0,0.0,0.0,0.0,0.0,0.0,0.0,0.0,0.0,0.0,0.0,0.0,0.0,0.0,0.0,0.0,0.0,0.0,0.0,0.0,0.0,0.0,1.0,0.48499542474746704,0.48499542474746704,0.4850141704082489,0.0,0.018409380689263344,0.4600600004196167,1.0,0.0,1.0,0.0,0.0,0.0002686596126295626,0.0,0.0,0.0,0.0,0.2753140330314636,0.014420743100345135,0.232099711894989,0.3415120244026184,0.5849040150642395,0.0,0.0,0.0,0.0,0.0,0.0,0.0,0.0,1.0,0.0,5.525742017198354e-05,0.44774872064590454,0.08270705491304398,0.97461998462677,0.0,0.14729180932044983,0.14702250063419342,0.14702250063419342,0.054706402122974396,0.011528809554874897,6.147911346676693e-11,0.0,0.0,3.8625283241271973,3.8625283241271973,1.671938419342041,1.671938419342041,0.18902236223220825,0.0,0.0,0.0,0.0,0.2753140330314636,0.037832096219062805,0.15978974103927612,0.49359560012817383,0.5849040150642395,0.0,1.681832194328308,1.676159381866455,1.671938419342041,1.675749659538269,0.4600600004196167,0.029804399237036705,0.0071618082001805305,1.0,2.823324680328369,2.8311498165130615,2.8227317333221436,0.0,3.0,0.0,0.0,0.0,0.0,0.0,0.0,,,,,,,,,,,,,,,,,,,,,,0.001
1,180,train,0.16460056602954865,0.1371549516916275,0.13722804188728333,0.0,0.0,0.0,0.0,0.0,0.0,0.0,0.0,0.0,0.0,0.0,0.0,0.0,0.0,0.0,0.0,0.0,0.0,0.0,0.0,0.0,0.0,0.0,0.0,1.0,0.47608956694602966,0.47608959674835205,0.47605833411216736,0.0,0.01777823083102703,0.45975255966186523,1.0,0.0,1.0,0.0,0.0,0.00043616537004709244,0.0,0.0,0.0,0.0,0.2739678621292114,0.014017192646861076,0.22757594287395477,0.33257579803466797,0.5834470391273499,0.0,0.0,0.0,0.0,0.0,0.0,0.0,0.0,1.0,0.0,4.777684736723131e-08,0.44154277443885803,0.08705109357833862,0.9655927419662476,0.0,0.13722804188728333,0.1371549516916275,0.1371549516916275,0.0554337240755558,0.0019977944903075695,1.756298856347982e-10,0.0,0.0,3.924269437789917,3.924269437789917,1.664373755455017,1.664373755455017,0.19390243291854858,0.0,0.0,0.0,0.0,0.2739678621292114,0.03854839876294136,0.13937567174434662,0.4840037524700165,0.5834470391273499,0.0,1.6707733869552612,1.670242190361023,1.664373755455017,1.6686475276947021,0.45975255966186523,0.03091840259730816,0.006822589784860611,1.0,2.909498929977417,2.910665512084961,2.8973617553710938,0.0,3.0,0.0,0.0,0.0,0.0,0.0,0.0,,,,,,,,,,,,,,,,,,,,,,0.001
1,200,train,0.19990897178649902,0.16660067439079285,0.16654151678085327,0.0,0.0,0.0,0.0,0.0,0.0,0.0,0.0,0.0,0.0,0.0,0.0,0.0,0.0,0.0,0.0,0.0,0.0,0.0,0.0,0.0,0.0,0.0,0.0,1.0,0.4719121754169464,0.4719122052192688,0.47195419669151306,0.0,0.021403340622782707,0.4664032757282257,1.0,0.0,1.0,0.0,0.0,0.00035093730548396707,0.0,0.0,0.0,0.0,0.2739795446395874,0.01297965832054615,0.2310113161802292,0.3326854705810547,0.5836129188537598,0.0,0.0,0.0,0.0,0.0,0.0,0.0,0.0,1.0,0.0,1.099806740967324e-05,0.43932271003723145,0.0891498327255249,0.9585946798324585,0.0,0.16654151678085327,0.16660067439079285,0.16660067439079285,0.05376174673438072,0.009005000814795494,4.944828574382498e-11,0.0,0.0,3.7440247535705566,3.7440247535705566,1.6604137420654297,1.6604137420654297,0.18282397091388702,0.0,0.0,0.0,0.0,0.2739795446395874,0.0377337820827961,0.14586327970027924,0.48065343499183655,0.5836129188537598,0.0,1.664605736732483,1.666792392730713,1.6604137420654297,1.664696455001831,0.4664032757282257,0.031645841896533966,0.007326606661081314,1.0,2.866529703140259,2.8640429973602295,2.953552007675171,0.0,3.0,0.0,0.0,0.0,0.0,0.0,0.0,,,,,,,,,,,,,,,,,,,,,,0.001
1,220,train,0.18294396996498108,0.15240594744682312,0.1526900827884674,0.0,0.0,0.0,0.0,0.0,0.0,0.0,0.0,0.0,0.0,0.0,0.0,0.0,0.0,0.0,0.0,0.0,0.0,0.0,0.0,0.0,0.0,0.0,0.0,1.0,0.4652920961380005,0.4652920961380005,0.4652857482433319,0.0,0.019784623757004738,0.4599601924419403,1.0,0.0,1.0,0.0,0.0,0.0003633596352301538,0.0,0.0,0.0,0.0,0.27142783999443054,0.01302599161863327,0.22106119990348816,0.3195587396621704,0.5809808373451233,0.0,0.0,0.0,0.0,0.0,0.0,0.0,0.0,1.0,0.0,5.1244209316791967e-05,0.4361920654773712,0.08971628546714783,0.9514931440353394,0.0,0.1526900827884674,0.15240594744682312,0.15240594744682312,0.057585932314395905,-0.0014920673565939069,-6.521715806284689e-11,0.0,0.0,3.8597004413604736,3.8597004413604736,1.654874563217163,1.654874563217163,0.19694213569164276,0.0,0.0,0.0,0.0,0.27142783999443054,0.03826100379228592,0.13316257297992706,0.4686751663684845,0.5809808373451233,0.0,1.6592572927474976,1.6613446474075317,1.654874563217163,1.6551556587219238,0.4599601924419403,0.03234444186091423,0.007949085906147957,1.0,2.72637939453125,2.799938201904297,2.810175657272339,0.0,3.0,0.0,0.0,0.0,0.0,0.0,0.0,,,,,,,,,,,,,,,,,,,,,,0.001
1,240,train,0.1594001054763794,0.1328352987766266,0.13282401859760284,0.0,0.0,0.0,0.0,0.0,0.0,0.0,0.0,0.0,0.0,0.0,0.0,0.0,0.0,0.0,0.0,0.0,0.0,0.0,0.0,0.0,0.0,0.0,0.0,1.0,0.4553341865539551,0.4553341865539551,0.4553472697734833,0.0,0.019101517274975777,0.46422210335731506,1.0,0.0,1.0,0.0,0.0,0.0003319964453112334,0.0,0.0,0.0,0.0,0.273249089717865,0.01499028317630291,0.22526738047599792,0.3281008303165436,0.5825271010398865,0.0,0.0,0.0,0.0,0.0,0.0,0.0,0.0,1.0,0.0,-1.8645150703378022e-06,0.4362001419067383,0.09263132512569427,0.9415526986122131,0.0,0.13282401859760284,0.1328352987766266,0.1328352987766266,0.051131486892700195,0.0036562499590218067,-3.4774870483200715e-11,0.0,0.0,3.898117780685425,3.898117780685425,1.648999810218811,1.648999810218811,0.17940062284469604,0.0,0.0,0.0,0.0,0.273249089717865,0.03962685540318489,0.14074721932411194,0.5196272730827332,0.5825271010398865,3.0637256713816896e-05,1.6519538164138794,1.65634286403656,1.648999810218811,1.6443357467651367,0.46422210335731506,0.033023662865161896,0.008264517411589622,1.0,2.9216904640197754,2.9070136547088623,2.8972301483154297,0.0,3.0,0.0,0.0,0.0,0.0,0.0,0.0,,,,,,,,,,,,,,,,,,,,,,0.001
1,260,train,0.1652158498764038,0.1376543790102005,0.13780738413333893,0.0,0.0,0.0,0.0,0.0,0.0,0.0,0.0,0.0,0.0,0.0,0.0,0.0,0.0,0.0,0.0,0.0,0.0,0.0,0.0,0.0,0.0,0.0,0.0,1.0,0.44561728835105896,0.44561728835105896,0.44563403725624084,0.0,0.017858920618891716,0.46228355169296265,1.0,0.0,1.0,0.0,0.0,0.0003518644953146577,0.0,0.0,0.0,0.0,0.27227333188056946,0.013705004006624222,0.22155123949050903,0.3191375136375427,0.5818995237350464,0.0,0.0,0.0,0.0,0.0,0.0,0.0,0.0,1.0,0.0,7.958717469591647e-05,0.43027371168136597,0.09360094368457794,0.9309875965118408,0.0,0.13780738413333893,0.1376543790102005,0.1376543790102005,0.05531132221221924,-0.008566268719732761,1.9434844011900765e-10,0.0,0.0,4.006956100463867,4.006956100463867,1.6411651372909546,1.6411651372909546,0.19779053330421448,0.0,0.0,0.0,0.0,0.27227333188056946,0.037867460399866104,0.14942803978919983,0.49210020899772644,0.5818995237350464,0.0,1.6431782245635986,1.6481399536132812,1.6411651372909546,1.634493112564087,0.46228355169296265,0.03332296386361122,0.008193609304726124,1.0,2.88887619972229,2.867241859436035,3.0674281120300293,0.0,3.0,0.0,0.0,0.0,0.0,0.0,0.0,,,,,,,,,,,,,,,,,,,,,,0.001
1,280,train,0.16487395763397217,0.13749447464942932,0.13689742982387543,0.0,0.0,0.0,0.0,0.0,0.0,0.0,0.0,0.0,0.0,0.0,0.0,0.0,0.0,0.0,0.0,0.0,0.0,0.0,0.0,0.0,0.0,0.0,0.0,1.0,0.4352802038192749,0.4352802038192749,0.43527865409851074,0.0,0.018204769119620323,0.4635072350502014,1.0,0.0,1.0,0.0,0.0,0.00026593328220769763,0.0,0.0,0.0,0.0,0.27175042033195496,0.013421367853879929,0.22756370902061462,0.3239125609397888,0.5810803174972534,0.0,0.0,0.0,0.0,0.0,0.0,0.0,0.0,1.0,0.0,-7.755900878692046e-05,0.4261714220046997,0.0961717814207077,0.9181516766548157,0.0,0.13689742982387543,0.13749447464942932,0.13749447464942932,0.05505789816379547,-0.006787651684135199,1.410871697249405e-10,0.0,0.0,4.1037187576293945,4.1037187576293945,1.623739242553711,1.623739242553711,0.1996258646249771,0.0,0.0,0.0,0.0,0.27175042033195496,0.039434999227523804,0.1348511427640915,0.5135670900344849,0.5810803174972534,1.5318628356908448e-05,1.6243577003479004,1.6319221258163452,1.623739242553711,1.6211663484573364,0.4635072350502014,0.03333952650427818,0.008339251391589642,1.0,2.6404197216033936,2.790160655975342,2.8740181922912598,0.0,3.0,0.0,0.0,0.0,0.0,0.0,0.0,,,,,,,,,,,,,,,,,,,,,,0.001
1,300,train,0.1518276333808899,0.12651507556438446,0.12656277418136597,0.0,0.0,0.0,0.0,0.0,0.0,0.0,0.0,0.0,0.0,0.0,0.0,0.0,0.0,0.0,0.0,0.0,0.0,0.0,0.0,0.0,0.0,0.0,0.0,1.0,0.4142794907093048,0.4142794907093048,0.41429948806762695,0.0,0.020278247073292732,0.46248048543930054,1.0,0.0,1.0,0.0,0.0,0.0005911478074267507,0.0,0.0,0.0,0.0,0.27221232652664185,0.0134086012840271,0.2263372540473938,0.31781911849975586,0.5815685987472534,0.0,0.0,0.0,0.0,0.0,0.0,0.0,0.0,1.0,0.0,-3.295215356047265e-05,0.4203299283981323,0.0978800505399704,0.8928052186965942,0.0,0.12656277418136597,0.12651507556438446,0.12651507556438446,0.04892018437385559,0.010456486605107784,-5.599954527868434e-12,0.0,0.0,3.894376277923584,3.894376277923584,1.5931810140609741,1.5931810140609741,0.16976019740104675,0.0,0.0,0.0,0.0,0.27221229672431946,0.03928252309560776,0.15019217133522034,0.4819968640804291,0.5815685987472534,0.0,1.5919649600982666,1.6018640995025635,1.5931810140609741,1.5936452150344849,0.46248048543930054,0.034216299653053284,0.00809483416378498,1.0,2.8762335777282715,2.812412977218628,2.9112021923065186,0.0,3.0,0.0,0.0,0.0,0.0,0.0,0.0,,,,,,,,,,,,,,,,,,,,,,0.001
1,320,train,0.1559995859861374,0.1300431191921234,0.12978234887123108,0.0,0.0,0.0,0.0,0.0,0.0,0.0,0.0,0.0,0.0,0.0,0.0,0.0,0.0,0.0,0.0,0.0,0.0,0.0,0.0,0.0,0.0,0.0,0.0,1.0,0.3928999900817871,0.3928999602794647,0.39290016889572144,0.0,0.019767720252275467,0.4631519615650177,1.0,0.0,1.0,0.0,0.0,0.0005043985438533127,0.0,0.0,0.0,0.0,0.26944687962532043,0.014690879732370377,0.22386488318443298,0.32419833540916443,0.5787850618362427,0.0,0.0,0.0,0.0,0.0,0.0,0.0,0.0,1.0,0.0,-9.270531154470518e-05,0.41318029165267944,0.10015349835157394,0.8677135109901428,0.0,0.12978234887123108,0.1300431191921234,0.1300431191921234,0.05738839507102966,0.01579504832625389,4.344727702609852e-11,0.0,0.0,3.8622243404388428,3.8622243404388428,1.5633692741394043,1.5633692741394043,0.19227789342403412,0.0,0.0,0.0,0.0,0.26944687962532043,0.03938264027237892,0.141278475522995,0.49665582180023193,0.5787850618362427,0.0,1.5619757175445557,1.5717464685440063,1.5633692741394043,1.562185525894165,0.4631519615650177,0.03465220704674721,0.008560736663639545,1.0,2.7709813117980957,2.8271536827087402,2.978724241256714,0.0,3.0,0.0,0.0,0.0,0.0,0.0,0.0,,,,,,,,,,,,,,,,,,,,,,0.001
1,334,train_epoch,0.20353667585257285,0.169620597411594,0.16958038977341738,0.0,0.0,0.0,0.0,0.0,0.0,0.0,0.0,0.0,0.0,0.0,0.0,0.0,0.0,0.0,0.0,0.0,0.0,0.0,0.0,0.0,0.0,0.0,0.0,1.0,0.4712726432763174,0.4712726454178016,0.47128580287545024,0.0,0.018942037943059098,0.46357504086580104,1.0,0.0,1.0,0.0,0.0,0.0003232248557482645,0.0,0.0,0.0,0.0,0.27395436087411323,0.01382298116477396,0.22891557961702347,0.3284295922267937,0.583685779286002,0.0,0.0,0.0,0.0,0.0,0.0,0.0,0.0,1.0,0.0,1.553467340208627e-05,0.44435032158197757,0.08435690126376237,0.9586753499008225,0.0,0.16958038977341738,0.169620597411594,0.169620597411594,0.06120705542093265,0.005864053756215321,1.1376880438983433e-11,0.0,0.0,3.884435920658226,3.884435923513538,1.6543299934107387,1.6543299934107387,0.21595761541299477,0.0,0.0,0.0,0.0,0.27395434909594985,0.036964205712704604,0.1468812872594345,0.48101378914838777,0.583685779286002,3.623268389265739e-06,1.660049539126322,1.6597095163996347,1.6543299934107387,1.654124572962344,0.46357504086580104,0.027669409022270563,0.006632392734573585,1.0,2.9349049750916256,2.935746138681195,2.936174022223421,0.0,3.0,0.0,0.0,0.0,0.0,0.0,0.0,,,,,,,,,,,,,,,,,,,,,,0.001
1,334,val,,,,,,,,,,,,,,,,,,,,,,,,,,,,,,,,,,,,,,,,,,,,,,,,,,,,,,,,,,,,,,,,,,,,,,,,,,,,,,,,,,,,,,,,,,,,,,,,,,,,,,,,,,,92.31121853419712,16489.733032226562,128.41235545003667,175.7649791921888,50.543259910174775,18.240202486515045,28.49417075796594,12.610106268099376,8.585758715867996,67.71068355015346,82.6214263519135,137.30505815574102,38.011964729854036,138.23342037200928,167.32625998099377,274.10494456972395,77.68968302862984,92.31121853419712,128.41235545003667,175.7649791921888,50.543259910174775,0.001
1,334,test_select,,,,,,,,,,,,,,,,,,,,,,,,,,,,,,,,,,,,,,,,,,,,,,,,,,,,,,,,,,,,,,,,,,,,,,,,,,,,,,,,,,,,,,,,,,,,,,,,,,,,,,,,,,,96.45136860438755,18100.942910330636,134.53974472374563,156.28203701972961,54.1700427702495,17.791781272206986,28.064224389232574,11.52369594999722,8.405570477247238,71.23450231552124,86.9342081638308,123.14185634681157,41.531723618507385,144.72182307924544,175.188268790559,244.66464390073503,83.13531030927386,96.45136860438755,134.53974472374563,156.28203701972961,54.1700427702495,0.001
1,334,test,,,,,,,,,,,,,,,,,,,,,,,,,,,,,,,,,,,,,,,,,,,,,,,,,,,,,,,,,,,,,,,,,,,,,,,,,,,,,,,,,,,,,,,,,,,,,,,,,,,,,,,,,,,96.45136860438755,18100.942910330636,134.53974472374563,156.28203701972961,54.1700427702495,17.791781272206986,28.064224389232574,11.52369594999722,8.405570477247238,71.23450231552124,86.9342081638308,123.14185634681157,41.531723618507385,144.72182307924544,175.188268790559,244.66464390073503,83.13531030927386,96.45136860438755,134.53974472374563,156.28203701972961,54.1700427702495,0.001
2,340,train,0.1997121125459671,0.16657795011997223,0.16567079722881317,0.0,0.0,0.0,0.0,0.0,0.0,0.0,0.0,0.0,0.0,0.0,0.0,0.0,0.0,0.0,0.0,0.0,0.0,0.0,0.0,0.0,0.0,0.0,0.0,1.0,0.3300963342189789,0.3300963342189789,0.3301038444042206,0.0,0.017265653237700462,0.461818665266037,1.0,0.0,1.0,0.0,0.0,0.0007017904426902533,0.0,0.0,0.0,0.0,0.2740158438682556,0.01200045645236969,0.23638051748275757,0.32125747203826904,0.5836252570152283,0.0,0.0,0.0,0.0,0.0,0.0,0.0,0.0,1.0,0.0,-6.810476043028757e-05,0.38098961114883423,0.11455617100000381,0.7910224795341492,0.0,0.16567079722881317,0.16657795011997223,0.16657795011997223,0.08572511374950409,-0.011872231028974056,-1.0877791029040296e-10,0.0,0.0,4.046108722686768,4.046108722686768,1.4943556785583496,1.4943556785583496,0.3446253538131714,0.0,0.0,0.0,0.0,0.2740158438682556,0.037855762988328934,0.14937394857406616,0.48832783102989197,0.5836252570152283,0.0,1.4932359457015991,1.5015403032302856,1.4943556785583496,1.4902340173721313,0.461818665266037,0.03219588100910187,0.008481950499117374,1.0,2.7974257469177246,2.8257384300231934,2.8958656787872314,0.0,4.0,0.0,0.0,0.0,0.0,0.0,0.0,,,,,,,,,,,,,,,,,,,,,,0.001
2,360,train,0.171541228890419,0.14292216300964355,0.14309534430503845,0.0,0.0,0.0,0.0,0.0,0.0,0.0,0.0,0.0,0.0,0.0,0.0,0.0,0.0,0.0,0.0,0.0,0.0,0.0,0.0,0.0,0.0,0.0,0.0,1.0,0.48123276233673096,0.48123276233673096,0.48127424716949463,0.0,0.019300561398267746,0.462385356426239,1.0,0.0,1.0,0.0,0.0,0.0009187625255435705,0.0,0.0,0.0,0.0,0.27496010065078735,0.013555116951465607,0.2179073989391327,0.3314130902290344,0.5837717652320862,0.0,0.0,0.0,0.0,0.0,0.0,0.0,0.0,1.0,0.0,-2.9943842037027935e-06,0.4781084954738617,0.051037952303886414,0.971496045589447,0.0,0.14309534430503845,0.14292216300964355,0.14292216300964355,0.07513829320669174,0.009602313861250877,-1.8930096379321526e-10,0.0,0.0,3.690793037414551,3.690793037414551,1.6135526895523071,1.6135526895523071,0.26840734481811523,0.0,0.0,0.0,0.0,0.27496010065078735,0.04180451110005379,0.13146930932998657,0.5000884532928467,0.5837717652320862,1.5318628356908448e-05,1.6243566274642944,1.6202867031097412,1.6135526895523071,1.6189216375350952,0.462385356426239,0.04982342571020126,0.009838519617915154,1.0,2.7347397804260254,2.6365432739257812,2.767803907394409,0.0,4.0,0.0,0.0,0.0,0.0,0.0,0.0,,,,,,,,,,,,,,,,,,,,,,0.001
2,380,train,0.18417797982692719,0.15345260500907898,0.15362685918807983,0.0,0.0,0.0,0.0,0.0,0.0,0.0,0.0,0.0,0.0,0.0,0.0,0.0,0.0,0.0,0.0,0.0,0.0,0.0,0.0,0.0,0.0,0.0,0.0,1.0,0.4877513349056244,0.4877512753009796,0.48779135942459106,0.0,0.0188728179782629,0.46708181500434875,1.0,0.0,1.0,0.0,0.0,0.0010452847927808762,0.0,0.0,0.0,0.0,0.28065255284309387,0.01446361280977726,0.23686067759990692,0.342462956905365,0.5896965861320496,0.0,0.0,0.0,0.0,0.0,0.0,0.0,0.0,1.0,0.0,0.00014338090841192752,0.47377511858940125,0.0581296905875206,0.9783645272254944,0.0,0.15362685918807983,0.15345260500907898,0.15345260500907898,0.06462500244379044,-0.003208665642887354,2.9258515055197165e-10,0.0,0.0,3.8911335468292236,3.8911335468292236,1.6371994018554688,1.6371994018554688,0.23555266857147217,0.0,0.0,0.0,0.0,0.2806525230407715,0.03965479135513306,0.15639331936836243,0.5008507370948792,0.5896965861320496,1.5318628356908448e-05,1.6465232372283936,1.6426663398742676,1.6371994018554688,1.6395728588104248,0.46708181500434875,0.053776293992996216,0.01045206654816866,1.0,2.918722152709961,2.813889980316162,2.8636865615844727,0.0,4.0,0.0,0.0,0.0,0.0,0.0,0.0,,,,,,,,,,,,,,,,,,,,,,0.001
2,400,train,0.15336470305919647,0.12779761850833893,0.1278354525566101,0.0,0.0,0.0,0.0,0.0,0.0,0.0,0.0,0.0,0.0,0.0,0.0,0.0,0.0,0.0,0.0,0.0,0.0,0.0,0.0,0.0,0.0,0.0,0.0,1.0,0.485796719789505,0.4857967793941498,0.4857946038246155,0.0,0.018281754106283188,0.459316223859787,1.0,0.0,1.0,0.0,0.0,0.0006185335223563015,0.0,0.0,0.0,0.0,0.2833561301231384,0.012914321385324001,0.2417474091053009,0.3289039731025696,0.59279465675354,0.0,0.0,0.0,0.0,0.0,0.0,0.0,0.0,1.0,0.0,0.00013014268188271672,0.4709649682044983,0.06267841160297394,0.9755800366401672,0.0,0.1278354525566101,0.12779761850833893,0.12779761850833893,0.05823679640889168,-0.0006240391521714628,-1.3126362496951316e-10,0.0,0.0,3.7746310234069824,3.7746310234069824,1.6394028663635254,1.6394028663635254,0.2008066624403,0.0,0.0,0.0,0.0,0.28335610032081604,0.03667579963803291,0.16205886006355286,0.48116469383239746,0.59279465675354,0.0,1.646937370300293,1.6442458629608154,1.6394028663635254,1.640343189239502,0.459316223859787,0.05462975427508354,0.01093371957540512,1.0,2.7318906784057617,2.7377920150756836,2.84028959274292,0.0,4.0,0.0,0.0,0.0,0.0,0.0,0.0,,,,,,,,,,,,,,,,,,,,,,0.001
2,420,train,0.14041449129581451,0.11702628433704376,0.11694103479385376,0.0,0.0,0.0,0.0,0.0,0.0,0.0,0.0,0.0,0.0,0.0,0.0,0.0,0.0,0.0,0.0,0.0,0.0,0.0,0.0,0.0,0.0,0.0,0.0,1.0,0.4808802902698517,0.4808802902698517,0.48092159628868103,0.0,0.019530465826392174,0.46019235253334045,1.0,0.0,1.0,0.0,0.0,0.0004944014362990856,0.0,0.0,0.0,0.0,0.28186550736427307,0.013526350259780884,0.24068820476531982,0.331487774848938,0.5911861658096313,0.0,0.0,0.0,0.0,0.0,0.0,0.0,0.0,1.0,0.0,1.099066503229551e-05,0.4655446410179138,0.06556939333677292,0.9715580344200134,0.0,0.11694103479385376,0.11702628433704376,0.11702628433704376,0.054405584931373596,0.004310231655836105,-2.5661053837389147e-10,0.0,0.0,3.65692138671875,3.65692138671875,1.6401629447937012,1.6401629447937012,0.18050764501094818,0.0,0.0,0.0,0.0,0.28186550736427307,0.03781520575284958,0.15294525027275085,0.5154231190681458,0.5911861658096313,1.5318628356908448e-05,1.649074673652649,1.6447792053222656,1.6401629447937012,1.6369043588638306,0.46019235253334045,0.05482587218284607,0.010852904990315437,1.0,2.6837728023529053,2.7205827236175537,2.7470169067382812,0.0,4.0,0.0,0.0,0.0,0.0,0.0,0.0,,,,,,,,,,,,,,,,,,,,,,0.001
2,440,train,0.15046726167201996,0.12538649141788483,0.12540388107299805,0.0,0.0,0.0,0.0,0.0,0.0,0.0,0.0,0.0,0.0,0.0,0.0,0.0,0.0,0.0,0.0,0.0,0.0,0.0,0.0,0.0,0.0,0.0,0.0,1.0,0.47835591435432434,0.47835591435432434,0.478414386510849,0.0,0.01786726713180542,0.46232593059539795,1.0,0.0,1.0,0.0,0.0,0.0008821185911074281,0.0,0.0,0.0,0.0,0.2823563516139984,0.017346573993563652,0.22325919568538666,0.3554478585720062,0.5912672281265259,0.0,0.0,0.0,0.0,0.0,0.0,0.0,0.0,1.0,0.0,5.1541337597882375e-05,0.46165746450424194,0.0701906830072403,0.9681540727615356,0.0,0.12540388107299805,0.12538649141788483,0.12538649141788483,0.059678807854652405,-0.00519223976880312,-2.396337295262896e-10,0.0,0.0,4.017986297607422,4.017986297607422,1.640687346458435,1.640687346458435,0.21620677411556244,0.0,0.0,0.0,0.0,0.2823563814163208,0.039826441556215286,0.14699207246303558,0.5149906873703003,0.5912672281265259,4.595588688971475e-05,1.6497089862823486,1.645538330078125,1.640687346458435,1.6420080661773682,0.46232593059539795,0.05494546517729759,0.010956590995192528,1.0,2.849783420562744,2.7349090576171875,2.7771921157836914,0.0,4.0,0.0,0.0,0.0,0.0,0.0,0.0,,,,,,,,,,,,,,,,,,,,,,0.001
2,460,train,0.15769647061824799,0.13143500685691833,0.13130728900432587,0.0,0.0,0.0,0.0,0.0,0.0,0.0,0.0,0.0,0.0,0.0,0.0,0.0,0.0,0.0,0.0,0.0,0.0,0.0,0.0,0.0,0.0,0.0,0.0,1.0,0.47440674901008606,0.47440671920776367,0.47443148493766785,0.0,0.01897446997463703,0.45847824215888977,1.0,0.0,1.0,0.0,0.0,0.001096457475796342,0.0,0.0,0.0,0.0,0.280124694108963,0.015507370233535767,0.23559647798538208,0.35213589668273926,0.5894569754600525,0.0,0.0,0.0,0.0,0.0,0.0,0.0,0.0,1.0,0.0,0.0001256942341569811,0.46111950278282166,0.07257803529500961,0.9625745415687561,0.0,0.13130728900432587,0.13143500685691833,0.13143500685691833,0.05116720125079155,0.010757518000900745,-1.238455171748143e-10,0.0,0.0,3.7105159759521484,3.7105164527893066,1.6361839771270752,1.6361839771270752,0.17094779014587402,0.0,0.0,0.0,0.0,0.280124694108963,0.03826308622956276,0.15412169694900513,0.5309794545173645,0.5894569754600525,3.0637256713816896e-05,1.642978310585022,1.6415940523147583,1.6361839771270752,1.6353315114974976,0.45847824215888977,0.056826356798410416,0.011355592869222164,1.0,2.71174955368042,2.6844289302825928,2.8040099143981934,0.0,4.0,0.0,0.0,0.0,0.0,0.0,0.0,,,,,,,,,,,,,,,,,,,,,,0.001
2,480,train,0.16619284451007843,0.13843947649002075,0.13876685500144958,0.0,0.0,0.0,0.0,0.0,0.0,0.0,0.0,0.0,0.0,0.0,0.0,0.0,0.0,0.0,0.0,0.0,0.0,0.0,0.0,0.0,0.0,0.0,0.0,1.0,0.4670661985874176,0.4670661985874176,0.4670502841472626,0.0,0.01859198324382305,0.4611106514930725,1.0,0.0,1.0,0.0,0.0,0.002934700809419155,0.0,0.0,0.0,0.0,0.28213977813720703,0.01478546392172575,0.2406226247549057,0.343788743019104,0.5914168357849121,0.0,0.0,0.0,0.0,0.0,0.0,0.0,0.0,1.0,0.0,0.0003260277153458446,0.45884931087493896,0.07900634407997131,0.9561836123466492,0.0,0.13876685500144958,0.13843947649002075,0.13843947649002075,0.05923786386847496,0.020756449550390244,-3.080216359752086e-10,0.0,0.0,3.7750911712646484,3.7750911712646484,1.633170485496521,1.633170485496521,0.1990247368812561,0.0,0.0,0.0,0.0,0.28213977813720703,0.037990324199199677,0.16379183530807495,0.5499284863471985,0.5914168357849121,3.0637256713816896e-05,1.6410648822784424,1.637961506843567,1.633170485496521,1.6373960971832275,0.4611106514930725,0.05619112029671669,0.011204355396330357,1.0,2.707538604736328,2.717501401901245,2.6959726810455322,0.0,4.0,0.0,0.0,0.0,0.0,0.0,0.0,,,,,,,,,,,,,,,,,,,,,,0.001
2,500,train,0.14044325053691864,0.11700111627578735,0.11721065640449524,0.0,0.0,0.0,0.0,0.0,0.0,0.0,0.0,0.0,0.0,0.0,0.0,0.0,0.0,0.0,0.0,0.0,0.0,0.0,0.0,0.0,0.0,0.0,0.0,1.0,0.4609730541706085,0.4609730541706085,0.4610133469104767,0.0,0.01843927428126335,0.4608304798603058,1.0,0.0,1.0,0.0,0.0,0.003061264753341675,0.0,0.0,0.0,0.0,0.2789119482040405,0.014619140885770321,0.2259732484817505,0.33208781480789185,0.5884289741516113,0.0,0.0,0.0,0.0,0.0,0.0,0.0,0.0,1.0,0.0,0.0006220039213076234,0.44415798783302307,0.09814105182886124,0.9435139298439026,0.0,0.11721065640449524,0.11700111627578735,0.11700111627578735,0.054578747600317,0.0025927273090928793,-1.529941312528038e-10,0.0,0.0,3.8983733654022217,3.8983733654022217,1.6644421815872192,1.6644421815872192,0.19012854993343353,0.0,0.0,0.0,0.0,0.2789119482040405,0.037569183856248856,0.15173059701919556,0.4718988537788391,0.5884289741516113,0.0,1.669169545173645,1.6700292825698853,1.6644421815872192,1.6671687364578247,0.4608304798603058,0.05921974405646324,0.01165973860770464,1.0,2.771271228790283,2.745262861251831,2.7589871883392334,0.0,4.0,0.0,0.0,0.0,0.0,0.0,0.0,,,,,,,,,,,,,,,,,,,,,,0.001
2,520,train,0.1584756076335907,0.1320178359746933,0.1322888731956482,0.0,0.0,0.0,0.0,0.0,0.0,0.0,0.0,0.0,0.0,0.0,0.0,0.0,0.0,0.0,0.0,0.0,0.0,0.0,0.0,0.0,0.0,0.0,0.0,1.0,0.4525531530380249,0.4525531530380249,0.4525582790374756,0.0,0.016970789059996605,0.4627683758735657,1.0,0.0,1.0,0.0,0.0,0.007442513480782509,0.0,0.0,0.0,0.0,0.27926623821258545,0.017320916056632996,0.23002281785011292,0.3501669764518738,0.5880777835845947,0.0,0.0,0.0,0.0,0.0,0.0,0.0,0.0,1.0,0.0,0.0001819503668230027,0.4458570182323456,0.11700352281332016,0.9280009269714355,0.0,0.1322888731956482,0.1320178359746933,0.1320178359746933,0.046611759811639786,0.003197946585714817,1.1988252057726356e-10,0.0,0.0,3.932452917098999,3.932452917098999,1.696124792098999,1.696124792098999,0.1669299602508545,0.0,0.0,0.0,0.0,0.27926620841026306,0.04116751626133919,0.13975101709365845,0.5133402943611145,0.5880777835845947,3.0637256713816896e-05,1.7011522054672241,1.702307105064392,1.696124792098999,1.6858538389205933,0.4627683758735657,0.05988774821162224,0.01181123312562704,1.0,2.678795337677002,2.6933231353759766,2.7747676372528076,0.0,4.0,0.0,0.0,0.0,0.0,0.0,0.0,,,,,,,,,,,,,,,,,,,,,,0.001
2,540,train,0.16251854598522186,0.13540977239608765,0.1355438530445099,0.0,0.0,0.0,0.0,0.0,0.0,0.0,0.0,0.0,0.0,0.0,0.0,0.0,0.0,0.0,0.0,0.0,0.0,0.0,0.0,0.0,0.0,0.0,0.0,1.0,0.44253504276275635,0.44253504276275635,0.4425363540649414,0.0,0.01773173175752163,0.4612855911254883,1.0,0.0,1.0,0.0,0.0,0.006205226294696331,0.0,0.0,0.0,0.0,0.28368526697158813,0.020269721746444702,0.22289812564849854,0.3644975423812866,0.5902336835861206,0.0,0.0,0.0,0.0,0.0,0.0,0.0,0.0,1.0,0.0,-0.00021085057232994586,0.44759082794189453,0.1289912313222885,0.9107480049133301,0.0,0.1355438530445099,0.13540977239608765,0.13540977239608765,0.053117163479328156,-0.0032269435469061136,-2.9678817736744634e-10,0.0,0.0,3.869483232498169,3.869483232498169,1.7049099206924438,1.7049099206924438,0.18418145179748535,0.0,0.0,0.0,0.0,0.28368526697158813,0.05024036765098572,0.136251300573349,0.5810998678207397,0.5902336835861206,0.0005055147339589894,1.715553641319275,1.7120200395584106,1.7049099206924438,1.7029563188552856,0.4612855911254883,0.05993007495999336,0.011568565852940083,1.0,2.6620185375213623,2.721224546432495,2.63287091255188,0.0,4.0,0.0,0.0,0.0,0.0,0.0,0.0,,,,,,,,,,,,,,,,,,,,,,0.001
2,560,train,0.15698495507240295,0.1307714730501175,0.1310673952102661,0.0,0.0,0.0,0.0,0.0,0.0,0.0,0.0,0.0,0.0,0.0,0.0,0.0,0.0,0.0,0.0,0.0,0.0,0.0,0.0,0.0,0.0,0.0,0.0,1.0,0.4194120168685913,0.4194120466709137,0.41941025853157043,0.0,0.01728689856827259,0.46215811371803284,1.0,0.0,1.0,0.0,0.0,0.0033319941721856594,0.0,0.0,0.0,0.0,0.2791081964969635,0.027366429567337036,0.19608420133590698,0.362507164478302,0.5842893123626709,0.0,0.0,0.0,0.0,0.0,0.0,0.0,0.0,1.0,0.0,0.002285428112372756,0.4125939905643463,0.16818022727966309,0.8621552586555481,0.0,0.1310673952102661,0.1307714730501175,0.1307714730501175,0.05086074396967888,-0.0013224012218415737,5.6751439485303035e-12,0.0,0.0,4.023002624511719,4.023002624511719,1.8355218172073364,1.8355218172073364,0.1796272248029709,0.0,0.0,0.0,0.0,0.2791082262992859,0.05635042488574982,0.11952976137399673,0.574392557144165,0.5842893123626709,0.0011642157332971692,1.8452656269073486,1.8430341482162476,1.8355218172073364,1.8612468242645264,0.46215811371803284,0.06715653836727142,0.012833965942263603,1.0,2.699108123779297,2.722784996032715,2.7028896808624268,0.0,4.0,0.0,0.0,0.0,0.0,0.0,0.0,,,,,,,,,,,,,,,,,,,,,,0.001
2,580,train,0.14689984917640686,0.1222914308309555,0.12304209172725677,0.0,0.0,0.0,0.0,0.0,0.0,0.0,0.0,0.0,0.0,0.0,0.0,0.0,0.0,0.0,0.0,0.0,0.0,0.0,0.0,0.0,0.0,0.0,0.0,1.0,0.39482149481773376,0.39482149481773376,0.394875705242157,0.0,0.017450526356697083,0.4597325026988983,1.0,0.0,1.0,0.0,0.0,0.009447460994124413,0.0,0.0,0.0,0.0,0.28003355860710144,0.029743479564785957,0.212508887052536,0.39794015884399414,0.5826192498207092,0.0,0.0,0.0,0.0,0.0,0.0,0.0,0.0,1.0,0.0,0.0035109540913254023,0.4020218849182129,0.183903306722641,0.8172393441200256,0.0,0.12304209172725677,0.1222914308309555,0.1222914308309555,0.04693791642785072,0.008585449308156967,-2.847209412681906e-10,0.0,0.0,3.6701841354370117,3.6701841354370117,1.8643730878829956,1.8643730878829956,0.15209369361400604,0.0,0.0,0.0,0.0,0.28003355860710144,0.06497471779584885,0.07598099112510681,0.6674335598945618,0.5826192498207092,0.0038449757266789675,1.8822587728500366,1.8709925413131714,1.8643730878829956,1.8137620687484741,0.4597325026988983,0.06633726507425308,0.012321848422288895,1.0,2.5372486114501953,2.655388832092285,2.59818434715271,0.0,4.0,0.0,0.0,0.0,0.0,0.0,0.0,,,,,,,,,,,,,,,,,,,,,,0.001
2,600,train,0.15429344773292542,0.12843574583530426,0.12928850948810577,0.0,0.0,0.0,0.0,0.0,0.0,0.0,0.0,0.0,0.0,0.0,0.0,0.0,0.0,0.0,0.0,0.0,0.0,0.0,0.0,0.0,0.0,0.0,0.0,1.0,0.3857452869415283,0.38574525713920593,0.3857497274875641,0.0,0.017797252163290977,0.4596140682697296,1.0,0.0,1.0,0.0,0.0,0.00461956113576889,0.0,0.0,0.0,0.0,0.2836452126502991,0.03431939333677292,0.1907218098640442,0.43809086084365845,0.5804047584533691,0.0,0.0,0.0,0.0,0.0,0.0,0.0,0.0,1.0,0.0,0.0012973594712093472,0.434783935546875,0.17365244030952454,0.8122086524963379,0.0,0.12928850948810577,0.12843574583530426,0.12843574583530426,0.04758932441473007,0.0006969277164898813,-6.370744209949208e-11,0.0,0.0,3.7834861278533936,3.7834856510162354,1.7899389266967773,1.7899389266967773,0.16317299008369446,0.0,0.0,0.0,0.0,0.28364524245262146,0.08105837553739548,0.09190911054611206,0.7342004776000977,0.5804047584533691,0.017401961609721184,1.818853735923767,1.8007981777191162,1.7899389266967773,1.7770644426345825,0.4596140682697296,0.06577544659376144,0.012648804113268852,1.0,2.64656925201416,2.688286781311035,2.7367658615112305,0.0,4.0,0.0,0.0,0.0,0.0,0.0,0.0,,,,,,,,,,,,,,,,,,,,,,0.001
2,620,train,0.15121492743492126,0.12592476606369019,0.12645083665847778,0.0,0.0,0.0,0.0,0.0,0.0,0.0,0.0,0.0,0.0,0.0,0.0,0.0,0.0,0.0,0.0,0.0,0.0,0.0,0.0,0.0,0.0,0.0,0.0,1.0,0.3587104082107544,0.3587104082107544,0.3587799370288849,0.0,0.018769189715385437,0.45760467648506165,1.0,0.0,1.0,0.0,0.0,0.0057333954609930515,0.0,0.0,0.0,0.0,0.2838582694530487,0.03676511347293854,0.18373525142669678,0.41159600019454956,0.5746620893478394,0.0,0.0,0.0,0.0,0.0,0.0,0.0,0.0,1.0,0.0,0.002720682416111231,0.4178762137889862,0.1791960597038269,0.7777535915374756,0.0,0.12645083665847778,0.12592476606369019,0.12592476606369019,0.05178122967481613,0.004246820695698261,-2.2924063688978258e-11,0.0,0.0,3.7684757709503174,3.7684757709503174,1.739671230316162,1.739671230316162,0.17319925129413605,0.0,0.0,0.0,0.0,0.2838582396507263,0.09462804347276688,0.05765095725655556,0.7778753042221069,0.5746620893478394,0.028584560379385948,1.7863751649856567,1.7499581575393677,1.739671230316162,1.7578197717666626,0.45760467648506165,0.06472626328468323,0.011931318789720535,1.0,2.528756856918335,2.596039295196533,2.5589475631713867,0.0,4.0,0.0,0.0,0.0,0.0,0.0,0.0,,,,,,,,,,,,,,,,,,,,,,0.001
2,640,train,0.1489146500825882,0.12406284362077713,0.12425900995731354,0.0,0.0,0.0,0.0,0.0,0.0,0.0,0.0,0.0,0.0,0.0,0.0,0.0,0.0,0.0,0.0,0.0,0.0,0.0,0.0,0.0,0.0,0.0,0.0,1.0,0.3379475772380829,0.3379475474357605,0.33796462416648865,0.0,0.01669701188802719,0.4597574770450592,1.0,0.0,1.0,0.0,0.0,0.007364663295447826,0.0,0.0,0.0,0.0,0.2970915138721466,0.04394974187016487,0.1830725073814392,0.4760330617427826,0.5799249410629272,0.0,0.0,0.0,0.0,0.0,0.0,0.0,0.0,1.0,0.0,0.004564027767628431,0.4030446708202362,0.19734761118888855,0.7112795114517212,0.0,0.12425900995731354,0.12406284362077713,0.12406284362077713,0.05523073673248291,0.0023169848136603832,9.707882067666596e-12,0.0,0.0,3.8377845287323,3.8377845287323,1.8313125371932983,1.8313125371932983,0.19603462517261505,0.0,0.0,0.0,0.0,0.2970914840698242,0.10972115397453308,0.04614710062742233,0.7638406753540039,0.5799249410629272,0.06266850978136063,1.8895071744918823,1.839027762413025,1.8313125371932983,1.792565941810608,0.4597574770450592,0.07372673600912094,0.013345379382371902,1.0,2.717531681060791,2.6724443435668945,2.6824381351470947,0.0,4.0,0.0,0.0,0.0,0.0,0.0,0.0,,,,,,,,,,,,,,,,,,,,,,0.001
2,660,train,0.1611461043357849,0.13407644629478455,0.13534829020500183,0.0,0.0,0.0,0.0,0.0,0.0,0.0,0.0,0.0,0.0,0.0,0.0,0.0,0.0,0.0,0.0,0.0,0.0,0.0,0.0,0.0,0.0,0.0,0.0,1.0,0.30796200037002563,0.30796200037002563,0.30795660614967346,0.0,0.018484745174646378,0.45889776945114136,1.0,0.0,1.0,0.0,0.0,0.005354569759219885,0.0,0.0,0.0,0.0,0.3003082573413849,0.05094674229621887,0.1655580848455429,0.4812173843383789,0.5745053887367249,0.0,0.0,0.0,0.0,0.0,0.0,0.0,0.0,1.0,0.0,0.0038570475298911333,0.4157048165798187,0.16936516761779785,0.6972815990447998,0.0,0.13534829020500183,0.13407644629478455,0.13407644629478455,0.05049808323383331,-0.0054889218881726265,-5.407058828454936e-11,0.0,0.0,3.7782528400421143,3.7782528400421143,1.615309238433838,1.615309238433838,0.17622092366218567,0.0,0.0,0.0,0.0,0.3003082871437073,0.1243443563580513,0.049019813537597656,0.8415796160697937,0.5745053887367249,0.07414215803146362,1.6650315523147583,1.6364986896514893,1.615309238433838,1.6060261726379395,0.45889776945114136,0.06434857845306396,0.012435260228812695,1.0,2.6314539909362793,2.713251829147339,2.748055934906006,0.0,4.0,0.0,0.0,0.0,0.0,0.0,0.0,,,,,,,,,,,,,,,,,,,,,,0.001
2,668,train_epoch,0.16016948151731206,0.1334353733562424,0.13367053792772893,0.0,0.0,0.0,0.0,0.0,0.0,0.0,0.0,0.0,0.0,0.0,0.0,0.0,0.0,0.0,0.0,0.0,0.0,0.0,0.0,0.0,0.0,0.0,0.0,1.0,0.42866752015616366,0.4286675179254509,0.4286886920293648,0.0,0.01859412153814724,0.4606672095324465,1.0,0.0,1.0,0.0,0.0,0.004879149754181738,0.0,0.0,0.0,0.0,0.2806884804350173,0.023390798971703843,0.21303199954375535,0.36705521578917244,0.5838706641497012,0.0,0.0,0.0,0.0,0.0,0.0,0.0,0.0,1.0,0.0,0.0008204145593730869,0.44271872616456653,0.11447627734236732,0.889046952931467,0.0,0.13367053792772893,0.1334353733562424,0.1334353733562424,0.054940585861216765,0.0030181272665201564,5.211321935057069e-12,0.0,0.0,3.8618104714833335,3.861810467200365,1.6831938481616402,1.6831938481616402,0.19348568299751795,0.0,0.0,0.0,0.0,0.28068848239804456,0.057057455115154115,0.1195933683859017,0.5890074887140069,0.5838706641497012,0.009682978358965219,1.70112574421717,1.690540604248732,1.6831938481616402,1.6826848009389317,0.4606672095324465,0.058590149707690685,0.011409686903419073,1.0,2.7206091645235073,2.719103816026699,2.7198389968472325,0.0,4.0,0.0,0.0,0.0,0.0,0.0,0.0,,,,,,,,,,,,,,,,,,,,,,0.001
2,668,val,,,,,,,,,,,,,,,,,,,,,,,,,,,,,,,,,,,,,,,,,,,,,,,,,,,,,,,,,,,,,,,,,,,,,,,,,,,,,,,,,,,,,,,,,,,,,,,,,,,,,,,,,,,82.55959687914167,14363.443830217633,119.84758583391505,156.10346947397505,45.37126595633371,16.694098957947322,26.310381033510343,11.313149503299169,7.8408582125391275,74.8281261920929,90.90463406316569,147.83206803458077,41.84284409454891,132.60054527010237,160.25901910180835,264.0282300880977,75.09412567956107,82.55959687914167,119.84758583391505,156.10346947397505,45.37126595633371,0.001
2,668,test_select,,,,,,,,,,,,,,,,,,,,,,,,,,,,,,,,,,,,,,,,,,,,,,,,,,,,,,,,,,,,,,,,,,,,,,,,,,,,,,,,,,,,,,,,,,,,,,,,,,,,,,,,,,,86.3748300075531,15803.360813685826,125.71141878797576,139.77773928642273,48.68984639644623,16.690680695431574,26.205401261850234,12.286077035324913,7.963560410908291,79.25418543815613,96.49989487129092,134.5324023791722,45.81732056822096,138.87204592568534,167.86143065011194,236.94081013543266,80.4268593788147,86.3748300075531,125.71141878797576,139.77773928642273,48.68984639644623,0.001
2,668,test,,,,,,,,,,,,,,,,,,,,,,,,,,,,,,,,,,,,,,,,,,,,,,,,,,,,,,,,,,,,,,,,,,,,,,,,,,,,,,,,,,,,,,,,,,,,,,,,,,,,,,,,,,,86.3748300075531,15803.360813685826,125.71141878797576,139.77773928642273,48.68984639644623,16.690680695431574,26.205401261850234,12.286077035324913,7.963560410908291,79.25418543815613,96.49989487129092,134.5324023791722,45.81732056822096,138.87204592568534,167.86143065011194,236.94081013543266,80.4268593788147,86.3748300075531,125.71141878797576,139.77773928642273,48.68984639644623,0.001
3,680,train,0.14183422923088074,0.11814620345830917,0.11844011396169662,0.0,0.0,0.0,0.0,0.0,0.0,0.0,0.0,0.0,0.0,0.0,0.0,0.0,0.0,0.0,0.0,0.0,0.0,0.0,0.0,0.0,0.0,0.0,0.0,1.0,0.28712761402130127,0.28712761402130127,0.2870817482471466,0.0,0.01720968820154667,0.46129071712493896,1.0,0.0,1.0,0.0,0.0,0.006044022273272276,0.0,0.0,0.0,0.0,0.2794507145881653,0.05147043988108635,0.13564471900463104,0.4717237949371338,0.5462414622306824,0.0,0.0,0.0,0.0,0.0,0.0,0.0,0.0,1.0,0.0,0.0038569862954318523,0.38726967573165894,0.19460523128509521,0.6521567106246948,0.0,0.11844011396169662,0.11814620345830917,0.11814620345830917,0.04795778542757034,0.0008797913906164467,7.619477965237209e-11,0.0,0.0,3.8812148571014404,3.8812146186828613,1.6862753629684448,1.6862753629684448,0.16844011843204498,0.0,0.0,0.0,0.0,0.27945074439048767,0.13704879581928253,0.024766750633716583,0.8999198079109192,0.5462414622306824,0.07365196198225021,1.7431527376174927,1.7118959426879883,1.6862753629684448,1.7143397331237793,0.46129071712493896,0.06548098474740982,0.012481574900448322,1.0,2.610584259033203,2.6988067626953125,2.692638397216797,0.0,4.0,0.0,0.0,0.0,0.0,0.0,0.0,,,,,,,,,,,,,,,,,,,,,,0.001
3,700,train,0.1422969400882721,0.11827249079942703,0.12012222409248352,0.0,0.0,0.0,0.0,0.0,0.0,0.0,0.0,0.0,0.0,0.0,0.0,0.0,0.0,0.0,0.0,0.0,0.0,0.0,0.0,0.0,0.0,0.0,0.0,1.0,0.26965969800949097,0.26965969800949097,0.26958397030830383,0.0,0.018905751407146454,0.4603436291217804,1.0,0.0,1.0,0.0,0.0,0.009831830859184265,0.0,0.0,0.0,0.0,0.2690527141094208,0.06599803268909454,0.08080972731113434,0.5337759256362915,0.5300421118736267,0.0,0.0,0.0,0.0,0.0,0.0,0.0,0.0,1.0,0.0,0.0035854210145771503,0.4230385422706604,0.18812666833400726,0.6218374371528625,0.0,0.12012222409248352,0.11827249079942703,0.11827249079942703,0.0458669438958168,-0.001614257926121354,9.318679161651744e-11,0.0,0.0,3.997859477996826,3.9978599548339844,1.612799048423767,1.612799048423767,0.17008958756923676,0.0,0.0,0.0,0.0,0.26905274391174316,0.14421196281909943,0.024638477712869644,0.8982964158058167,0.5300421118736267,0.07765012979507446,1.6577492952346802,1.6412949562072754,1.612799048423767,1.594007134437561,0.4603436291217804,0.06522457301616669,0.012529957108199596,1.0,2.747915029525757,2.65303373336792,2.671551465988159,0.0,4.0,0.0,0.0,0.0,0.0,0.0,0.0,,,,,,,,,,,,,,,,,,,,,,0.001
3,720,train,0.14111296832561493,0.11741110682487488,0.11850930750370026,0.0,0.0,0.0,0.0,0.0,0.0,0.0,0.0,0.0,0.0,0.0,0.0,0.0,0.0,0.0,0.0,0.0,0.0,0.0,0.0,0.0,0.0,0.0,0.0,1.0,0.2570420801639557,0.2570420801639557,0.25699853897094727,0.0,0.018965890631079674,0.461235910654068,1.0,0.0,1.0,0.0,0.0,0.004164013080298901,0.0,0.0,0.0,0.0,0.24955858290195465,0.06176674738526344,0.06172879785299301,0.43354710936546326,0.5075797438621521,0.0,0.0,0.0,0.0,0.0,0.0,0.0,0.0,1.0,0.0,0.004085946828126907,0.4063562750816345,0.20367279648780823,0.563474178314209,0.0,0.11850930750370026,0.11741110682487488,0.11741110682487488,0.05234915390610695,0.01304529421031475,-1.1058878812697515e-10,0.0,0.0,3.8723740577697754,3.8723740577697754,1.6037490367889404,1.6037490367889404,0.1854204684495926,0.0,0.0,0.0,0.0,0.24955858290195465,0.1430872678756714,0.01676511950790882,0.9105212688446045,0.5075797438621521,0.06331188976764679,1.6463948488235474,1.6338160037994385,1.6037490367889404,1.6176241636276245,0.461235910654068,0.06785010546445847,0.013161757960915565,1.0,2.5050771236419678,2.53515625,2.540631055831909,0.0,4.0,0.0,0.0,0.0,0.0,0.0,0.0,,,,,,,,,,,,,,,,,,,,,,0.001
3,740,train,0.1427878588438034,0.11887413263320923,0.11956863105297089,0.0,0.0,0.0,0.0,0.0,0.0,0.0,0.0,0.0,0.0,0.0,0.0,0.0,0.0,0.0,0.0,0.0,0.0,0.0,0.0,0.0,0.0,0.0,0.0,1.0,0.22619929909706116,0.22619932889938354,0.22620005905628204,0.0,0.017271356657147408,0.45963558554649353,1.0,0.0,1.0,0.0,0.0,0.009552358649671078,0.0,0.0,0.0,0.0,0.275892049074173,0.08655541390180588,0.06755784153938293,0.5875809192657471,0.5232258439064026,0.0,0.0,0.0,0.0,0.0,0.0,0.0,0.0,1.0,0.0,0.0008864820119924843,0.39784520864486694,0.20492349565029144,0.5177111029624939,0.0,0.11956863105297089,0.11887413263320923,0.11887413263320923,0.06042246147990227,0.01913479156792164,1.4762771560761223e-10,0.0,0.0,3.8687350749969482,3.8687350749969482,1.541571021080017,1.541571021080017,0.21149984002113342,0.0,0.0,0.0,0.0,0.275892049074173,0.16153612732887268,0.009254409931600094,0.9475848078727722,0.5232258439064026,0.09534314274787903,1.587464451789856,1.5699111223220825,1.541571021080017,1.5770124197006226,0.45963558554649353,0.06745872646570206,0.013092264533042908,1.0,2.6441056728363037,2.6503891944885254,2.6495890617370605,0.0,4.0,0.0,0.0,0.0,0.0,0.0,0.0,,,,,,,,,,,,,,,,,,,,,,0.001
3,760,train,0.14359025657176971,0.1194595992565155,0.12065330892801285,0.0,0.0,0.0,0.0,0.0,0.0,0.0,0.0,0.0,0.0,0.0,0.0,0.0,0.0,0.0,0.0,0.0,0.0,0.0,0.0,0.0,0.0,0.0,0.0,1.0,0.19930227100849152,0.19930227100849152,0.19921736419200897,0.0,0.019088800996541977,0.4613703191280365,1.0,0.0,1.0,0.0,0.0,0.00862952321767807,0.0,0.0,0.0,0.0,0.2728945314884186,0.07838738709688187,0.06533791869878769,0.5554031133651733,0.505499541759491,0.0,0.0,0.0,0.0,0.0,0.0,0.0,0.0,1.0,0.0,0.0032622646540403366,0.3992263376712799,0.19549289345741272,0.49703070521354675,0.0,0.12065330892801285,0.1194595992565155,0.1194595992565155,0.050998155027627945,0.006797106470912695,-4.776272259643388e-12,0.0,0.0,3.8773317337036133,3.8773317337036133,1.4990800619125366,1.4990800619125366,0.18441694974899292,0.0,0.0,0.0,0.0,0.2728945314884186,0.1776217222213745,0.0025393373798578978,0.9236749410629272,0.505499541759491,0.11326593905687332,1.5758925676345825,1.5381323099136353,1.4990800619125366,1.4626094102859497,0.4613703191280365,0.06646035611629486,0.012910873629152775,1.0,2.649765968322754,2.629417657852173,2.653268337249756,0.0,4.0,0.0,0.0,0.0,0.0,0.0,0.0,,,,,,,,,,,,,,,,,,,,,,0.001
3,780,train,0.13371533155441284,0.11130563914775848,0.1120484322309494,0.0,0.0,0.0,0.0,0.0,0.0,0.0,0.0,0.0,0.0,0.0,0.0,0.0,0.0,0.0,0.0,0.0,0.0,0.0,0.0,0.0,0.0,0.0,0.0,1.0,0.19255727529525757,0.19255726039409637,0.19247183203697205,0.0,0.018279490992426872,0.4597148299217224,1.0,0.0,1.0,0.0,0.0,0.011448511853814125,0.0,0.0,0.0,0.0,0.24937717616558075,0.08078409731388092,0.02844582125544548,0.5435986518859863,0.46431803703308105,0.0,0.0,0.0,0.0,0.0,0.0,0.0,0.0,1.0,0.0,0.003914890810847282,0.37066107988357544,0.20782695710659027,0.43339449167251587,0.0,0.1120484322309494,0.11130563914775848,0.11130563914775848,0.05692923069000244,0.02191237360239029,-8.868148403118337e-12,0.0,0.0,3.774548053741455,3.774548053741455,1.5001734495162964,1.5001734495162964,0.20618106424808502,0.0,0.0,0.0,0.0,0.24937716126441956,0.19093334674835205,0.0017947168089449406,0.9437440037727356,0.46431803703308105,0.11668199300765991,1.554424524307251,1.5385825634002686,1.5001734495162964,1.517148733139038,0.4597148299217224,0.0677727684378624,0.013057810254395008,1.0,2.582825183868408,2.611999034881592,2.613632917404175,0.0,4.0,0.0,0.0,0.0,0.0,0.0,0.0,,,,,,,,,,,,,,,,,,,,,,0.001
3,800,train,0.14672797918319702,0.12214651703834534,0.12290728092193604,0.0,0.0,0.0,0.0,0.0,0.0,0.0,0.0,0.0,0.0,0.0,0.0,0.0,0.0,0.0,0.0,0.0,0.0,0.0,0.0,0.0,0.0,0.0,0.0,1.0,0.17054052650928497,0.17054052650928497,0.17049692571163177,0.0,0.018055904656648636,0.46176838874816895,1.0,0.0,1.0,0.0,0.0,0.018218880519270897,0.0,0.0,0.0,0.0,0.27256008982658386,0.09218501299619675,0.05836376175284386,0.5608606934547424,0.4695329964160919,0.0,0.0,0.0,0.0,0.0,0.0,0.0,0.0,1.0,0.0,0.0021804114803671837,0.38805678486824036,0.18001440167427063,0.43659815192222595,0.0,0.12290728092193604,0.12214651703834534,0.12214651703834534,0.05229118838906288,0.015668408945202827,-1.494737389418077e-10,0.0,0.0,4.013991355895996,4.013990879058838,1.3579431772232056,1.3579431772232056,0.20334459841251373,0.0,0.0,0.0,0.0,0.27256011962890625,0.21161530911922455,0.0008755169110372663,0.9681380391120911,0.4695329964160919,0.13933824002742767,1.4581782817840576,1.3941370248794556,1.3579431772232056,1.3914626836776733,0.46176838874816895,0.06412041932344437,0.012445862405002117,1.0,2.5775997638702393,2.6353938579559326,2.6339335441589355,0.0,4.0,0.0,0.0,0.0,0.0,0.0,0.0,,,,,,,,,,,,,,,,,,,,,,0.001
3,820,train,0.1530284583568573,0.1271665394306183,0.12930959463119507,0.0,0.0,0.0,0.0,0.0,0.0,0.0,0.0,0.0,0.0,0.0,0.0,0.0,0.0,0.0,0.0,0.0,0.0,0.0,0.0,0.0,0.0,0.0,0.0,1.0,0.1570148766040802,0.1570148766040802,0.15698327124118805,0.0,0.017126120626926422,0.46132737398147583,1.0,0.0,1.0,0.0,0.0,0.00703092198818922,0.0,0.0,0.0,0.0,0.23856250941753387,0.11319012194871902,0.028500117361545563,0.5825884342193604,0.4228837788105011,0.0,0.0,0.0,0.0,0.0,0.0,0.0,0.0,1.0,0.0,0.007829318754374981,0.3636510670185089,0.2028511017560959,0.3661298155784607,0.0,0.12930959463119507,0.1271665394306183,0.1271665394306183,0.06506921350955963,0.002457962604239583,2.313194497061133e-10,0.0,0.0,3.9378604888916016,3.9378604888916016,1.4072333574295044,1.4072333574295044,0.25487175583839417,0.0,0.0,0.0,0.0,0.23856250941753387,0.21197126805782318,0.0004524493124336004,0.9697409272193909,0.4228837788105011,0.1265471875667572,1.5439352989196777,1.4320948123931885,1.4072333574295044,1.4068009853363037,0.46132737398147583,0.0713992491364479,0.013543721288442612,1.0,2.6191720962524414,2.680903911590576,2.7060418128967285,0.0,4.0,0.0,0.0,0.0,0.0,0.0,0.0,,,,,,,,,,,,,,,,,,,,,,0.001
3,840,train,0.13622140884399414,0.11337097734212875,0.11425217986106873,0.0,0.0,0.0,0.0,0.0,0.0,0.0,0.0,0.0,0.0,0.0,0.0,0.0,0.0,0.0,0.0,0.0,0.0,0.0,0.0,0.0,0.0,0.0,0.0,1.0,0.14467133581638336,0.14467133581638336,0.14461180567741394,0.0,0.018213389441370964,0.45754897594451904,1.0,0.0,1.0,0.0,0.0,0.005643907003104687,0.0,0.0,0.0,0.0,0.21772627532482147,0.09903832525014877,0.04856985807418823,0.6088268756866455,0.40422967076301575,0.0,0.0,0.0,0.0,0.0,0.0,0.0,0.0,1.0,0.0,0.0025064104702323675,0.3890813887119293,0.17932234704494476,0.3842073678970337,0.0,0.11425217986106873,0.11337097734212875,0.11337097734212875,0.052020106464624405,0.013184572570025921,1.7683899483644794e-11,0.0,0.0,3.867828130722046,3.867828130722046,1.2875083684921265,1.2875083684921265,0.19100601971149445,0.0,0.0,0.0,0.0,0.21772627532482147,0.2026159167289734,0.001119292457588017,0.9551687240600586,0.40422967076301575,0.1199754998087883,1.3961113691329956,1.326013445854187,1.2875083684921265,1.2556400299072266,0.45754897594451904,0.06449805945158005,0.012630283832550049,1.0,2.7821881771087646,2.7031540870666504,2.6779351234436035,0.0,4.0,0.0,0.0,0.0,0.0,0.0,0.0,,,,,,,,,,,,,,,,,,,,,,0.001
3,860,train,0.14904211461544037,0.12405206263065338,0.12495025247335434,0.0,0.0,0.0,0.0,0.0,0.0,0.0,0.0,0.0,0.0,0.0,0.0,0.0,0.0,0.0,0.0,0.0,0.0,0.0,0.0,0.0,0.0,0.0,0.0,1.0,0.1266327202320099,0.1266327202320099,0.1265566647052765,0.0,0.017624299973249435,0.45654648542404175,1.0,0.0,1.0,0.0,0.0,0.02131507359445095,0.0,0.0,0.0,0.0,0.26915767788887024,0.09832301735877991,0.04401811957359314,0.5699056386947632,0.46415653824806213,0.0,0.0,0.0,0.0,0.0,0.0,0.0,0.0,1.0,0.0,0.0025413953699171543,0.38597753643989563,0.1794053167104721,0.33838099241256714,0.0,0.12495025247335434,0.12405206263065338,0.12405206263065338,0.060822341591119766,0.013982386328279972,2.3158384931942777e-10,0.0,0.0,3.9562923908233643,3.9562928676605225,1.215814471244812,1.215814471244812,0.24855470657348633,0.0,0.0,0.0,0.0,0.269157737493515,0.21129733324050903,0.00036396793439053,0.9629566073417664,0.46415653824806213,0.1573682725429535,1.298822045326233,1.246416449546814,1.215814471244812,1.2247731685638428,0.45654648542404175,0.06230083853006363,0.012022090144455433,1.0,2.601555824279785,2.5695786476135254,2.621983051300049,0.0,4.0,0.0,0.0,0.0,0.0,0.0,0.0,,,,,,,,,,,,,,,,,,,,,,0.001
3,880,train,0.15822024643421173,0.1314394623041153,0.13390395045280457,0.0,0.0,0.0,0.0,0.0,0.0,0.0,0.0,0.0,0.0,0.0,0.0,0.0,0.0,0.0,0.0,0.0,0.0,0.0,0.0,0.0,0.0,0.0,0.0,1.0,0.16001063585281372,0.16001062095165253,0.1599532961845398,0.0,0.01772182062268257,0.4595692753791809,1.0,0.0,1.0,0.0,0.0,0.022530999034643173,0.0,0.0,0.0,0.0,0.20639561116695404,0.08417879045009613,0.024658767506480217,0.47776326537132263,0.3915192484855652,0.0,0.0,0.0,0.0,0.0,0.0,0.0,0.0,1.0,0.0,0.010751034133136272,0.3350660502910614,0.23729515075683594,0.2655285596847534,0.0,0.13390395045280457,0.1314394623041153,0.1314394623041153,0.07692812383174896,0.024527713656425476,5.183281026610587e-10,0.0,0.0,3.8932485580444336,3.8932485580444336,1.5475093126296997,1.5475093126296997,0.3046781122684479,0.0,0.0,0.0,0.0,0.20639562606811523,0.19839169085025787,0.00042667254456318915,0.9863227605819702,0.3915192484855652,0.10358456522226334,1.7472566366195679,1.538062572479248,1.5475093126296997,1.625002384185791,0.4595692753791809,0.08339951187372208,0.01608758606016636,1.0,2.5976452827453613,2.6111581325531006,2.5795974731445312,0.0,4.0,0.0,0.0,0.0,0.0,0.0,0.0,,,,,,,,,,,,,,,,,,,,,,0.001
3,900,train,0.13517624139785767,0.1125572994351387,0.11309470236301422,0.0,0.0,0.0,0.0,0.0,0.0,0.0,0.0,0.0,0.0,0.0,0.0,0.0,0.0,0.0,0.0,0.0,0.0,0.0,0.0,0.0,0.0,0.0,0.0,1.0,0.12625662982463837,0.12625662982463837,0.12613599002361298,0.0,0.01923683099448681,0.4562211036682129,1.0,0.0,1.0,0.0,0.0,0.03215267136693001,0.0,0.0,0.0,0.0,0.2499157190322876,0.1026773750782013,0.023440152406692505,0.5175315141677856,0.44421160221099854,0.0,0.0,0.0,0.0,0.0,0.0,0.0,0.0,1.0,0.0,0.001706293085590005,0.3607613444328308,0.17767243087291718,0.2975248396396637,0.0,0.11309470236301422,0.1125572994351387,0.1125572994351387,0.0687708929181099,0.027936195954680443,-3.125064929054844e-10,0.0,0.0,3.7214601039886475,3.7214596271514893,1.237329363822937,1.237329363822937,0.2615756392478943,0.0,0.0,0.0,0.0,0.24991574883460999,0.206413134932518,0.0004667990724556148,0.9603255391120911,0.44421160221099854,0.14303003251552582,1.2543997764587402,1.280913233757019,1.237329363822937,1.2707970142364502,0.4562211036682129,0.06556946039199829,0.012972411699593067,1.0,2.519340753555298,2.540558338165283,2.539501190185547,0.0,4.0,0.0,0.0,0.0,0.0,0.0,0.0,,,,,,,,,,,,,,,,,,,,,,0.001
3,920,train,0.1515861600637436,0.1258370578289032,0.12874551117420197,0.0,0.0,0.0,0.0,0.0,0.0,0.0,0.0,0.0,0.0,0.0,0.0,0.0,0.0,0.0,0.0,0.0,0.0,0.0,0.0,0.0,0.0,0.0,0.0,1.0,0.11462270468473434,0.11462268978357315,0.1145409569144249,0.0,0.01774868182837963,0.45360782742500305,1.0,0.0,1.0,0.0,0.0,0.02418050542473793,0.0,0.0,0.0,0.0,0.23242785036563873,0.08928203582763672,0.04350876063108444,0.5263878107070923,0.4181717336177826,0.0,0.0,0.0,0.0,0.0,0.0,0.0,0.0,1.0,0.0,0.004639217630028725,0.38148894906044006,0.17963004112243652,0.2799399495124817,0.0,0.12874551117420197,0.1258370578289032,0.1258370578289032,0.0733586773276329,0.02492034062743187,3.7102648731135446e-10,0.0,0.0,3.861311674118042,3.861311674118042,1.2083388566970825,1.2083388566970825,0.28976529836654663,0.0,0.0,0.0,0.0,0.23242786526679993,0.2083785980939865,0.00012582009367179126,0.9441380500793457,0.4181717336177826,0.13072916865348816,1.2853200435638428,1.2445253133773804,1.2083388566970825,1.2160594463348389,0.45360782742500305,0.06421618908643723,0.012708885595202446,1.0,2.4955365657806396,2.5578792095184326,2.5088229179382324,0.0,4.0,0.0,0.0,0.0,0.0,0.0,0.0,,,,,,,,,,,,,,,,,,,,,,0.001
3,940,train,0.15305475890636444,0.12752434611320496,0.12765207886695862,0.0,0.0,0.0,0.0,0.0,0.0,0.0,0.0,0.0,0.0,0.0,0.0,0.0,0.0,0.0,0.0,0.0,0.0,0.0,0.0,0.0,0.0,0.0,0.0,1.0,0.11154750734567642,0.11154751479625702,0.11150451004505157,0.0,0.01695988141000271,0.4572095274925232,1.0,0.0,1.0,0.0,0.0,0.0181873869150877,0.0,0.0,0.0,0.0,0.21316665410995483,0.10378706455230713,0.03140515089035034,0.48306235671043396,0.39396417140960693,0.0,0.0,0.0,0.0,0.0,0.0,0.0,0.0,1.0,0.0,0.005402287933975458,0.3570909798145294,0.18731041252613068,0.263156533241272,0.0,0.12765207886695862,0.12752434611320496,0.12752434611320496,0.07282121479511261,0.02433369867503643,-2.3905599721985027e-10,0.0,0.0,3.9246809482574463,3.9246809482574463,1.254259705543518,1.254259705543518,0.291786253452301,0.0,0.0,0.0,0.0,0.21316666901111603,0.20530839264392853,0.00016047005192376673,0.9784799218177795,0.39396417140960693,0.1044117733836174,1.3827414512634277,1.2733221054077148,1.254259705543518,1.2325009107589722,0.4572095274925232,0.06922633200883865,0.013728071935474873,1.0,2.565404176712036,2.5894534587860107,2.560027599334717,0.0,4.0,0.0,0.0,0.0,0.0,0.0,0.0,,,,,,,,,,,,,,,,,,,,,,0.001
3,960,train,0.13368898630142212,0.11120820790529251,0.11240386962890625,0.0,0.0,0.0,0.0,0.0,0.0,0.0,0.0,0.0,0.0,0.0,0.0,0.0,0.0,0.0,0.0,0.0,0.0,0.0,0.0,0.0,0.0,0.0,0.0,1.0,0.12682296335697174,0.12682296335697174,0.12672436237335205,0.0,0.019296318292617798,0.4562305212020874,1.0,0.0,1.0,0.0,0.0,0.012649117968976498,0.0,0.0,0.0,0.0,0.22898846864700317,0.10378006845712662,0.021833455190062523,0.5439785718917847,0.4026086628437042,0.0,0.0,0.0,0.0,0.0,0.0,0.0,0.0,1.0,0.0,0.0027603311464190483,0.3462539315223694,0.1701606810092926,0.26338809728622437,0.0,0.11240386962890625,0.11120820790529251,0.11120820790529251,0.0803024098277092,0.042112093418836594,-1.132012539262206e-10,0.0,0.0,4.042571067810059,4.042571067810059,1.1737967729568481,1.1737967729568481,0.32968518137931824,0.0,0.0,0.0,0.0,0.22898849844932556,0.21838076412677765,0.00033480898127891123,0.9443418979644775,0.4026086628437042,0.13936887681484222,1.2044332027435303,1.2183361053466797,1.1737967729568481,1.2052690982818604,0.4562305212020874,0.06514818221330643,0.012458473443984985,1.0,2.770141124725342,2.6239125728607178,2.5826759338378906,0.0,4.0,0.0,0.0,0.0,0.0,0.0,0.0,,,,,,,,,,,,,,,,,,,,,,0.001
3,980,train,0.1364797055721283,0.11348837614059448,0.11495663225650787,0.0,0.0,0.0,0.0,0.0,0.0,0.0,0.0,0.0,0.0,0.0,0.0,0.0,0.0,0.0,0.0,0.0,0.0,0.0,0.0,0.0,0.0,0.0,0.0,1.0,0.11339103430509567,0.11339104920625687,0.11326904594898224,0.0,0.01799207553267479,0.45929035544395447,1.0,0.0,1.0,0.0,0.0,0.010639721527695656,0.0,0.0,0.0,0.0,0.21411164104938507,0.09935455769300461,0.014216980896890163,0.5110387206077576,0.3866744935512543,0.0,0.0,0.0,0.0,0.0,0.0,0.0,0.0,1.0,0.0,0.0027816188521683216,0.3748154044151306,0.16524401307106018,0.2576952874660492,0.0,0.11495663225650787,0.11348837614059448,0.11348837614059448,0.07424081116914749,0.03324926272034645,-1.4321856200982808e-10,0.0,0.0,3.9357006549835205,3.9357006549835205,1.1406031847000122,1.1406031847000122,0.30222511291503906,0.0,0.0,0.0,0.0,0.21411165595054626,0.21294304728507996,0.00010739881690824404,0.9733543395996094,0.3866744935512543,0.1190410628914833,1.2197237014770508,1.1742634773254395,1.1406031847000122,1.1507885456085205,0.45929035544395447,0.06599416583776474,0.012771431356668472,1.0,2.750927448272705,2.5641770362854004,2.58760929107666,0.0,4.0,0.0,0.0,0.0,0.0,0.0,0.0,,,,,,,,,,,,,,,,,,,,,,0.001
3,1000,train,0.1269579529762268,0.10572177916765213,0.10618090629577637,0.0,0.0,0.0,0.0,0.0,0.0,0.0,0.0,0.0,0.0,0.0,0.0,0.0,0.0,0.0,0.0,0.0,0.0,0.0,0.0,0.0,0.0,0.0,0.0,1.0,0.10353593528270721,0.10353592038154602,0.10336066037416458,0.0,0.019017817452549934,0.4588238000869751,1.0,0.0,1.0,0.0,0.0,0.014599085785448551,0.0,0.0,0.0,0.0,0.2408582866191864,0.11451796442270279,0.015423442237079144,0.546462893486023,0.4073556065559387,0.0,0.0,0.0,0.0,0.0,0.0,0.0,0.0,1.0,0.0,0.0017599179409444332,0.3751956820487976,0.16834798455238342,0.25314128398895264,0.0,0.10618090629577637,0.10572177916765213,0.10572177916765213,0.06860020011663437,0.013617889024317265,-6.243980332776289e-11,0.0,0.0,3.902888774871826,3.902888774871826,1.16407310962677,1.16407310962677,0.27253466844558716,0.0,0.0,0.0,0.0,0.2408582717180252,0.22782883048057556,0.00035885427496396005,0.9836251139640808,0.4073556065559387,0.1474418044090271,1.1683039665222168,1.2074978351593018,1.16407310962677,1.1545045375823975,0.4588238000869751,0.06479258835315704,0.01261646393686533,1.0,2.61128568649292,2.604459762573242,2.6734299659729004,0.0,4.0,0.0,0.0,0.0,0.0,0.0,0.0,,,,,,,,,,,,,,,,,,,,,,0.001
3,1002,train_epoch,0.14374637887060285,0.11955505573820925,0.12095661793729502,0.0,0.0,0.0,0.0,0.0,0.0,0.0,0.0,0.0,0.0,0.0,0.0,0.0,0.0,0.0,0.0,0.0,0.0,0.0,0.0,0.0,0.0,0.0,0.0,1.0,0.17152879494214487,0.171528793916017,0.17145681682371808,0.0,0.01815213388791252,0.45869245456007424,1.0,0.0,1.0,0.0,0.0,0.014814161139953055,0.0,0.0,0.0,0.0,0.24366173500607827,0.090406558615808,0.05048324170516815,0.5355667253275831,0.45006388666744,0.0,0.0,0.0,0.0,0.0,0.0,0.0,0.0,1.0,0.0,0.003608468385841307,0.3771463127550251,0.1903235392120784,0.3960908424711513,0.0,0.12095661793729502,0.11955505573820925,0.11955505573820925,0.06259984729398867,0.01879202035578857,-9.112311861299757e-12,0.0,0.0,3.891287169770566,3.891287165487598,1.3870304112662812,1.3870304112662812,0.24037855747574105,0.0,0.0,0.0,0.0,0.24366173977980357,0.19130396834033692,0.00508837483835259,0.9499619231966441,0.45006388666744,0.11615941630018328,1.462189545888387,1.4184834175481054,1.3870304112662812,1.3905506026958991,0.45869245456007424,0.06677587708447151,0.012921722435732624,1.0,2.6178340390770733,2.617848899550067,2.6178110188352846,0.0,4.0,0.0,0.0,0.0,0.0,0.0,0.0,,,,,,,,,,,,,,,,,,,,,,0.001
3,1002,val,,,,,,,,,,,,,,,,,,,,,,,,,,,,,,,,,,,,,,,,,,,,,,,,,,,,,,,,,,,,,,,,,,,,,,,,,,,,,,,,,,,,,,,,,,,,,,,,,,,,,,,,,,,82.33998581341335,14295.490552629743,119.56375099765707,156.1148544039045,45.327315773282734,16.01409219418253,25.415576619158507,10.87703361255782,7.5350362573351175,75.51783214296613,91.20512248689855,151.97519476073128,42.69283565453121,131.9210571561541,159.05608224054825,265.10499351365223,75.07017319543021,82.33998581341335,119.56375099765707,156.1148544039045,45.327315773282734,0.001
3,680,train,0.14164471626281738,0.11793260276317596,0.11856058984994888,0.0,0.0,0.0,0.0,0.0,0.0,0.0,0.0,0.0,0.0,0.0,0.0,0.0,0.0,0.0,0.0,0.0,0.0,0.0,0.0,0.0,0.0,0.0,0.0,1.0,0.29915136098861694,0.29915136098861694,0.29912069439888,0.0,0.01848858967423439,0.460103839635849,1.0,0.0,1.0,0.0,0.0,0.006894763559103012,0.0,0.0,0.0,0.0,0.27803879976272583,0.06274934858083725,0.1278909593820572,0.48885107040405273,0.548793613910675,0.0,0.0,0.0,0.0,0.0,0.0,0.0,0.0,1.0,0.0,0.0013948739506304264,0.40192511677742004,0.18209025263786316,0.6620177030563354,0.0,0.11856058984994888,0.11793260276317596,0.11793260276317596,0.04679270461201668,0.0020717335864901543,-2.416637723268167e-10,0.0,0.0,3.8855843544006348,3.8855843544006348,1.6805331707000732,1.6805331707000732,0.16456158459186554,0.0,0.0,0.0,0.0,0.2780388295650482,0.13114282488822937,0.04159299284219742,0.8658103346824646,0.548793613910675,0.06946998089551926,1.7231334447860718,1.7061448097229004,1.6805331707000732,1.6832101345062256,0.460103839635849,0.06478682160377502,0.011753164231777191,1.0,2.5640690326690674,2.6688313484191895,2.7329187393188477,0.0,4.0,0.0,0.0,0.0,0.0,0.0,0.0,,,,,,,,,,,,,,,,,,,,,,0.001
3,700,train,0.1569688320159912,0.1305251121520996,0.1322186291217804,0.0,0.0,0.0,0.0,0.0,0.0,0.0,0.0,0.0,0.0,0.0,0.0,0.0,0.0,0.0,0.0,0.0,0.0,0.0,0.0,0.0,0.0,0.0,0.0,1.0,0.28361716866493225,0.28361713886260986,0.28364676237106323,0.0,0.01777084544301033,0.45919620990753174,1.0,0.0,1.0,0.0,0.0,0.0055330973118543625,0.0,0.0,0.0,0.0,0.2729055881500244,0.0618855357170105,0.08397094905376434,0.45493054389953613,0.5261373519897461,0.0,0.0,0.0,0.0,0.0,0.0,0.0,0.0,1.0,0.0,0.00048364585381932557,0.42852941155433655,0.18662714958190918,0.6392700672149658,0.0,0.1322186291217804,0.1305251121520996,0.1305251121520996,0.04978051409125328,0.004650292452424765,5.527833052410003e-11,0.0,0.0,3.688066005706787,3.688066005706787,1.6516321897506714,1.6516321897506714,0.1634107232093811,0.0,0.0,0.0,0.0,0.2729056179523468,0.15443499386310577,0.009033630602061749,0.8949202299118042,0.5261373519897461,0.10228247940540314,1.7293455600738525,1.6833560466766357,1.6516321897506714,1.578894019126892,0.45919620990753174,0.06833052635192871,0.013285531662404537,1.0,2.5676841735839844,2.6379551887512207,2.5927371978759766,0.0,4.0,0.0,0.0,0.0,0.0,0.0,0.0,,,,,,,,,,,,,,,,,,,,,,0.001
3,720,train,0.14709746837615967,0.12229099124670029,0.12403234839439392,0.0,0.0,0.0,0.0,0.0,0.0,0.0,0.0,0.0,0.0,0.0,0.0,0.0,0.0,0.0,0.0,0.0,0.0,0.0,0.0,0.0,0.0,0.0,0.0,1.0,0.2383735328912735,0.2383735328912735,0.23832058906555176,0.0,0.016393404453992844,0.45812416076660156,1.0,0.0,1.0,0.0,0.0,0.008710205554962158,0.0,0.0,0.0,0.0,0.27583473920822144,0.06744439154863358,0.1120583638548851,0.49847960472106934,0.5191541910171509,0.0,0.0,0.0,0.0,0.0,0.0,0.0,0.0,1.0,0.0,0.004530314356088638,0.424861341714859,0.18623125553131104,0.5718965530395508,0.0,0.12403234839439392,0.12229099124670029,0.12229099124670029,0.05806734412908554,0.0003337889211252332,-3.300155634877733e-11,0.0,0.0,3.9723920822143555,3.9723920822143555,1.4773701429367065,1.4773701429367065,0.20991560816764832,0.0,0.0,0.0,0.0,0.27583473920822144,0.16691184043884277,0.00935420673340559,0.9139955043792725,0.5191541910171509,0.10617341101169586,1.5641982555389404,1.5087348222732544,1.4773701429367065,1.5090121030807495,0.45812416076660156,0.06154194474220276,0.011916090734302998,1.0,2.6315441131591797,2.7172813415527344,2.667004108428955,0.0,4.0,0.0,0.0,0.0,0.0,0.0,0.0,,,,,,,,,,,,,,,,,,,,,,0.001
3,740,train,0.14052315056324005,0.11675406247377396,0.11884544789791107,0.0,0.0,0.0,0.0,0.0,0.0,0.0,0.0,0.0,0.0,0.0,0.0,0.0,0.0,0.0,0.0,0.0,0.0,0.0,0.0,0.0,0.0,0.0,0.0,1.0,0.24029119312763214,0.24029119312763214,0.2402290403842926,0.0,0.017781734466552734,0.4551865756511688,1.0,0.0,1.0,0.0,0.0,0.011927048675715923,0.0,0.0,0.0,0.0,0.2792641222476959,0.06498897820711136,0.11690609902143478,0.5663120150566101,0.5214620232582092,0.0,0.0,0.0,0.0,0.0,0.0,0.0,0.0,1.0,0.0,0.002503609750419855,0.4007088243961334,0.19060251116752625,0.5474006533622742,0.0,0.11884544789791107,0.11675406247377396,0.11675406247377396,0.050497960299253464,0.0011007441207766533,-1.1559261881011196e-10,0.0,0.0,3.9488935470581055,3.9488935470581055,1.5092933177947998,1.5092933177947998,0.18727266788482666,0.0,0.0,0.0,0.0,0.27926409244537354,0.16769661009311676,0.02033647708594799,0.9110825657844543,0.5214620232582092,0.11913297325372696,1.5501548051834106,1.5563290119171143,1.5092933177947998,1.4892559051513672,0.4551865756511688,0.0665767714381218,0.0122982794418931,1.0,2.5517377853393555,2.6631531715393066,2.633190870285034,0.0,4.0,0.0,0.0,0.0,0.0,0.0,0.0,,,,,,,,,,,,,,,,,,,,,,0.001
3,760,train,0.14590494334697723,0.12138824164867401,0.12258352339267731,0.0,0.0,0.0,0.0,0.0,0.0,0.0,0.0,0.0,0.0,0.0,0.0,0.0,0.0,0.0,0.0,0.0,0.0,0.0,0.0,0.0,0.0,0.0,0.0,1.0,0.20130555331707,0.20130552351474762,0.20124660432338715,0.0,0.018306972458958626,0.4635167717933655,1.0,0.0,1.0,0.0,0.0,0.01249663159251213,0.0,0.0,0.0,0.0,0.2620398998260498,0.09099772572517395,0.0451568067073822,0.5047101974487305,0.487405002117157,0.0,0.0,0.0,0.0,0.0,0.0,0.0,0.0,1.0,0.0,0.0038042922969907522,0.38352882862091064,0.19485235214233398,0.4923096001148224,0.0,0.12258352339267731,0.12138824164867401,0.12138824164867401,0.06194012612104416,0.017385952174663544,-2.714431457384592e-10,0.0,0.0,4.039634704589844,4.039634704589844,1.4461591243743896,1.4461591243743896,0.2444009780883789,0.0,0.0,0.0,0.0,0.2620399296283722,0.18211477994918823,0.005243550520390272,0.9443331956863403,0.487405002117157,0.11804535239934921,1.5393469333648682,1.4742931127548218,1.4461591243743896,1.494653582572937,0.4635167717933655,0.06413297355175018,0.012261985801160336,1.0,2.6294105052948,2.6582937240600586,2.6096575260162354,0.0,4.0,0.0,0.0,0.0,0.0,0.0,0.0,,,,,,,,,,,,,,,,,,,,,,0.001
3,780,train,0.1552702784538269,0.12896767258644104,0.13151301443576813,0.0,0.0,0.0,0.0,0.0,0.0,0.0,0.0,0.0,0.0,0.0,0.0,0.0,0.0,0.0,0.0,0.0,0.0,0.0,0.0,0.0,0.0,0.0,0.0,1.0,0.1933991014957428,0.1933991014957428,0.1933150440454483,0.0,0.018499022349715233,0.45872488617897034,1.0,0.0,1.0,0.0,0.0,0.017247524112462997,0.0,0.0,0.0,0.0,0.2458532452583313,0.10073617845773697,0.02421911060810089,0.576176643371582,0.46055230498313904,0.0,0.0,0.0,0.0,0.0,0.0,0.0,0.0,1.0,0.0,0.007262422237545252,0.38457778096199036,0.21094587445259094,0.4435870349407196,0.0,0.13151301443576813,0.12896767258644104,0.12896767258644104,0.049799662083387375,0.008552794344723225,-1.827933984732688e-11,0.0,0.0,3.8287534713745117,3.8287534713745117,1.5365794897079468,1.5365794897079468,0.1898353397846222,0.0,0.0,0.0,0.0,0.2458532452583313,0.1903669238090515,0.0013717453693971038,0.9856963157653809,0.46055230498313904,0.11308211088180542,1.594412088394165,1.5774894952774048,1.5365794897079468,1.4938733577728271,0.45872488617897034,0.07020218670368195,0.01426475029438734,1.0,2.6117920875549316,2.5942678451538086,2.6227567195892334,0.0,4.0,0.0,0.0,0.0,0.0,0.0,0.0,,,,,,,,,,,,,,,,,,,,,,0.001
3,800,train,0.13870860636234283,0.11527639627456665,0.11716103553771973,0.0,0.0,0.0,0.0,0.0,0.0,0.0,0.0,0.0,0.0,0.0,0.0,0.0,0.0,0.0,0.0,0.0,0.0,0.0,0.0,0.0,0.0,0.0,0.0,1.0,0.20043696463108063,0.20043699443340302,0.2002808153629303,0.0,0.019675692543387413,0.4632510542869568,1.0,0.0,1.0,0.0,0.0,0.0186522975564003,0.0,0.0,0.0,0.0,0.23187373578548431,0.08805947750806808,0.04008684307336807,0.5177491903305054,0.42326268553733826,0.0,0.0,0.0,0.0,0.0,0.0,0.0,0.0,1.0,0.0,0.005357792600989342,0.38262510299682617,0.1990574300289154,0.4385920763015747,0.0,0.11716103553771973,0.11527639627456665,0.11527639627456665,0.06208354979753494,0.003787113120779395,2.3104768098747286e-10,0.0,0.0,3.967406988143921,3.967406988143921,1.4688447713851929,1.4688447713851929,0.23303398489952087,0.0,0.0,0.0,0.0,0.23187373578548431,0.20632651448249817,0.0028858217410743237,0.9793647527694702,0.42326268553733826,0.1309436410665512,1.5333331823349,1.5222280025482178,1.4688447713851929,1.5211279392242432,0.4632510542869568,0.06698975712060928,0.01276741735637188,1.0,2.490164279937744,2.5164589881896973,2.555558204650879,0.0,4.0,0.0,0.0,0.0,0.0,0.0,0.0,,,,,,,,,,,,,,,,,,,,,,0.001
3,820,train,0.1449192762374878,0.12027372419834137,0.12322772294282913,0.0,0.0,0.0,0.0,0.0,0.0,0.0,0.0,0.0,0.0,0.0,0.0,0.0,0.0,0.0,0.0,0.0,0.0,0.0,0.0,0.0,0.0,0.0,0.0,1.0,0.17611534893512726,0.17611534893512726,0.17601224780082703,0.0,0.01726370118558407,0.4552673399448395,1.0,0.0,1.0,0.0,0.0,0.014318931847810745,0.0,0.0,0.0,0.0,0.2267872393131256,0.10008136928081512,0.03880056366324425,0.5526455640792847,0.4060431718826294,0.0,0.0,0.0,0.0,0.0,0.0,0.0,0.0,1.0,0.0,0.0050436630845069885,0.38128188252449036,0.19631801545619965,0.3938591182231903,0.0,0.12322772294282913,0.12027372419834137,0.12027372419834137,0.06522130221128464,0.006854542531073093,-7.65048718820438e-11,0.0,0.0,3.8299777507781982,3.8299777507781982,1.3984391689300537,1.3984391689300537,0.24396450817584991,0.0,0.0,0.0,0.0,0.2267872393131256,0.2158268392086029,0.0002813647734001279,0.9812244772911072,0.4060431718826294,0.11260724067687988,1.47971510887146,1.4466969966888428,1.3984391689300537,1.4026685953140259,0.4552673399448395,0.06366176903247833,0.012182202190160751,1.0,2.519483804702759,2.6316721439361572,2.5975241661071777,0.0,4.0,0.0,0.0,0.0,0.0,0.0,0.0,,,,,,,,,,,,,,,,,,,,,,0.001
3,840,train,0.14380091428756714,0.11935963481664658,0.12220638245344162,0.0,0.0,0.0,0.0,0.0,0.0,0.0,0.0,0.0,0.0,0.0,0.0,0.0,0.0,0.0,0.0,0.0,0.0,0.0,0.0,0.0,0.0,0.0,0.0,1.0,0.17781589925289154,0.17781589925289154,0.17773963510990143,0.0,0.018551412969827652,0.4598953425884247,1.0,0.0,1.0,0.0,0.0,0.008049426600337029,0.0,0.0,0.0,0.0,0.2421996146440506,0.12476915121078491,0.02340376377105713,0.6040732264518738,0.4254807233810425,0.0,0.0,0.0,0.0,0.0,0.0,0.0,0.0,1.0,0.0,0.007353512104600668,0.3701869249343872,0.20134788751602173,0.3710288405418396,0.0,0.12220638245344162,0.11935963481664658,0.11935963481664658,0.0660073533654213,0.010380326770246029,1.746852662520837e-10,0.0,0.0,4.022253513336182,4.022253513336182,1.447376012802124,1.447376012802124,0.2629089653491974,0.0,0.0,0.0,0.0,0.2421996146440506,0.2155200093984604,0.0026637804694473743,0.9709672927856445,0.4254807233810425,0.14473040401935577,1.5128052234649658,1.504636526107788,1.447376012802124,1.4799580574035645,0.4598953425884247,0.06844336539506912,0.012966870330274105,1.0,2.6210646629333496,2.6364448070526123,2.5836658477783203,0.0,4.0,0.0,0.0,0.0,0.0,0.0,0.0,,,,,,,,,,,,,,,,,,,,,,0.001
3,860,train,0.15078029036521912,0.12539267539978027,0.1269380897283554,0.0,0.0,0.0,0.0,0.0,0.0,0.0,0.0,0.0,0.0,0.0,0.0,0.0,0.0,0.0,0.0,0.0,0.0,0.0,0.0,0.0,0.0,0.0,0.0,1.0,0.12882612645626068,0.12882612645626068,0.12868614494800568,0.0,0.01682054065167904,0.46313804388046265,1.0,0.0,1.0,0.0,0.0,0.01857958920300007,0.0,0.0,0.0,0.0,0.26341140270233154,0.1031857430934906,0.0515044704079628,0.6351008415222168,0.4476248323917389,0.0,0.0,0.0,0.0,0.0,0.0,0.0,0.0,1.0,0.0,0.0036640178877860308,0.37687790393829346,0.1945790946483612,0.3201731741428375,0.0,0.1269380897283554,0.12539267539978027,0.12539267539978027,0.07524758577346802,0.01105889305472374,-1.1394812177156766e-11,0.0,0.0,3.8893864154815674,3.8893864154815674,1.2825857400894165,1.2825857400894165,0.28605103492736816,0.0,0.0,0.0,0.0,0.26341140270233154,0.2208756059408188,0.003461225423961878,0.9849675297737122,0.4476248323917389,0.15715381503105164,1.3045436143875122,1.3372503519058228,1.2825857400894165,1.2910382747650146,0.46313804388046265,0.06420397758483887,0.012563283555209637,1.0,2.724254846572876,2.6584808826446533,2.6617913246154785,0.0,4.0,0.0,0.0,0.0,0.0,0.0,0.0,,,,,,,,,,,,,,,,,,,,,,0.001
3,880,train,0.14906901121139526,0.12391706556081772,0.1257597655057907,0.0,0.0,0.0,0.0,0.0,0.0,0.0,0.0,0.0,0.0,0.0,0.0,0.0,0.0,0.0,0.0,0.0,0.0,0.0,0.0,0.0,0.0,0.0,0.0,1.0,0.12757200002670288,0.12757200002670288,0.12741772830486298,0.0,0.017870839685201645,0.4586215019226074,1.0,0.0,1.0,0.0,0.0,0.01686769351363182,0.0,0.0,0.0,0.0,0.21425844728946686,0.09768513590097427,0.019325194880366325,0.5516358017921448,0.4006889760494232,0.0,0.0,0.0,0.0,0.0,0.0,0.0,0.0,1.0,0.0,0.006024566944688559,0.36467504501342773,0.21125328540802002,0.2759133577346802,0.0,0.1257597655057907,0.12391706556081772,0.12391706556081772,0.07693635672330856,0.019411569461226463,-1.791288090080556e-10,0.0,0.0,3.8922367095947266,3.8922367095947266,1.3797153234481812,1.3797153234481812,0.29673048853874207,0.0,0.0,0.0,0.0,0.21425844728946686,0.20279021561145782,0.0003986464289482683,0.973091721534729,0.4006889760494232,0.11142770200967789,1.4507564306259155,1.4112842082977295,1.3797153234481812,1.304430603981018,0.4586215019226074,0.07154324650764465,0.013911780901253223,1.0,2.502361536026001,2.6043505668640137,2.6130528450012207,0.0,4.0,0.0,0.0,0.0,0.0,0.0,0.0,,,,,,,,,,,,,,,,,,,,,,0.001
3,900,train,0.16489994525909424,0.1370367556810379,0.1393159180879593,0.0,0.0,0.0,0.0,0.0,0.0,0.0,0.0,0.0,0.0,0.0,0.0,0.0,0.0,0.0,0.0,0.0,0.0,0.0,0.0,0.0,0.0,0.0,0.0,1.0,0.12442947924137115,0.12442947924137115,0.12437421083450317,0.0,0.01776289753615856,0.4588242471218109,1.0,0.0,1.0,0.0,0.0,0.01599103957414627,0.0,0.0,0.0,0.0,0.22791138291358948,0.09159107506275177,0.037398286163806915,0.5032512545585632,0.411744087934494,0.0,0.0,0.0,0.0,0.0,0.0,0.0,0.0,1.0,0.0,0.004518500994890928,0.37402552366256714,0.18447370827198029,0.29789748787879944,0.0,0.1393159180879593,0.1370367556810379,0.1370367556810379,0.07153817266225815,0.02630157582461834,3.268092393926558e-11,0.0,0.0,3.8531086444854736,3.8531086444854736,1.2426795959472656,1.2426795959472656,0.27253350615501404,0.0,0.0,0.0,0.0,0.22791139781475067,0.21113274991512299,0.0007585478597320616,0.9647185802459717,0.411744087934494,0.12179841101169586,1.3879852294921875,1.2683870792388916,1.2426795959472656,1.1921801567077637,0.4588242471218109,0.06296831369400024,0.011848676949739456,1.0,2.441908121109009,2.5954909324645996,2.5154902935028076,0.0,4.0,0.0,0.0,0.0,0.0,0.0,0.0,,,,,,,,,,,,,,,,,,,,,,0.001
3,920,train,0.13822978734970093,0.11502525955438614,0.11602264642715454,0.0,0.0,0.0,0.0,0.0,0.0,0.0,0.0,0.0,0.0,0.0,0.0,0.0,0.0,0.0,0.0,0.0,0.0,0.0,0.0,0.0,0.0,0.0,0.0,1.0,0.14061909914016724,0.14061909914016724,0.14051617681980133,0.0,0.01821797341108322,0.4580341577529907,1.0,0.0,1.0,0.0,0.0,0.008281799033284187,0.0,0.0,0.0,0.0,0.2238328456878662,0.10920608043670654,0.03114837035536766,0.5435053110122681,0.40490666031837463,0.0,0.0,0.0,0.0,0.0,0.0,0.0,0.0,1.0,0.0,0.003406734438613057,0.33180665969848633,0.20479348301887512,0.27591896057128906,0.0,0.11602264642715454,0.11502525955438614,0.11502525955438614,0.07359574735164642,0.020804138854146004,1.762425622109376e-10,0.0,0.0,3.7658677101135254,3.7658677101135254,1.4242193698883057,1.4242193698883057,0.2725142538547516,0.0,0.0,0.0,0.0,0.22383283078670502,0.210458904504776,0.000245178904151544,0.9876766204833984,0.40490666031837463,0.12556679546833038,1.4408246278762817,1.4824985265731812,1.4242193698883057,1.373225212097168,0.4580341577529907,0.0709860771894455,0.014376414939761162,1.0,2.577831745147705,2.568753242492676,2.649972438812256,0.0,4.0,0.0,0.0,0.0,0.0,0.0,0.0,,,,,,,,,,,,,,,,,,,,,,0.001
3,940,train,0.13660098612308502,0.1138710230588913,0.11364981532096863,0.0,0.0,0.0,0.0,0.0,0.0,0.0,0.0,0.0,0.0,0.0,0.0,0.0,0.0,0.0,0.0,0.0,0.0,0.0,0.0,0.0,0.0,0.0,0.0,1.0,0.12162046879529953,0.12162048369646072,0.1213853508234024,0.0,0.018919972702860832,0.45691996812820435,1.0,0.0,1.0,0.0,0.0,0.01021622959524393,0.0,0.0,0.0,0.0,0.23558180034160614,0.10030756145715714,0.03785061091184616,0.5735801458358765,0.383797824382782,0.0,0.0,0.0,0.0,0.0,0.0,0.0,0.0,1.0,0.0,0.0009409314370714128,0.3582976162433624,0.18420089781284332,0.2735421657562256,0.0,0.11364981532096863,0.1138710230588913,0.1138710230588913,0.07907762378454208,0.03665875643491745,-1.760789986038347e-10,0.0,0.0,3.86824631690979,3.86824631690979,1.2310020923614502,1.2310020923614502,0.30242663621902466,0.0,0.0,0.0,0.0,0.23558180034160614,0.24313165247440338,0.00044423528015613556,0.9965131878852844,0.383797824382782,0.15899203717708588,1.3291432857513428,1.275834560394287,1.2310020923614502,1.1879191398620605,0.45691996812820435,0.060154858976602554,0.011852309107780457,1.0,2.5967516899108887,2.6131434440612793,2.5027308464050293,0.0,4.0,0.0,0.0,0.0,0.0,0.0,0.0,,,,,,,,,,,,,,,,,,,,,,0.001
3,960,train,0.13239726424217224,0.11003895103931427,0.11179155111312866,0.0,0.0,0.0,0.0,0.0,0.0,0.0,0.0,0.0,0.0,0.0,0.0,0.0,0.0,0.0,0.0,0.0,0.0,0.0,0.0,0.0,0.0,0.0,0.0,1.0,0.11041467636823654,0.11041467636823654,0.11030364781618118,0.0,0.01870886981487274,0.45737987756729126,1.0,0.0,1.0,0.0,0.0,0.010173384100198746,0.0,0.0,0.0,0.0,0.23292022943496704,0.11439689248800278,0.014197805896401405,0.5708709955215454,0.4037401080131531,0.0,0.0,0.0,0.0,0.0,0.0,0.0,0.0,1.0,0.0,0.004002328962087631,0.351497620344162,0.18981555104255676,0.25319573283195496,0.0,0.11179155111312866,0.11003895103931427,0.11003895103931427,0.08800332993268967,0.04102174565196037,7.752428560214852e-11,0.0,0.0,3.934941291809082,3.934941291809082,1.2703064680099487,1.2703064680099487,0.35357779264450073,0.0,0.0,0.0,0.0,0.23292025923728943,0.22221851348876953,0.0010138554498553276,0.9930363297462463,0.4037401080131531,0.13432905077934265,1.332922101020813,1.3087447881698608,1.2703064680099487,1.2621153593063354,0.45737987756729126,0.06696280092000961,0.013062648475170135,1.0,2.7013955116271973,2.619290828704834,2.6066668033599854,0.0,4.0,0.0,0.0,0.0,0.0,0.0,0.0,,,,,,,,,,,,,,,,,,,,,,0.001
3,980,train,0.1491023302078247,0.12397502362728119,0.12563654780387878,0.0,0.0,0.0,0.0,0.0,0.0,0.0,0.0,0.0,0.0,0.0,0.0,0.0,0.0,0.0,0.0,0.0,0.0,0.0,0.0,0.0,0.0,0.0,0.0,1.0,0.09514801949262619,0.09514801949262619,0.09502995759248734,0.0,0.01853170618414879,0.4589759409427643,1.0,0.0,1.0,0.0,0.0,0.025655951350927353,0.0,0.0,0.0,0.0,0.2554871439933777,0.1186341866850853,0.020001130178570747,0.5553886890411377,0.4197421073913574,0.0,0.0,0.0,0.0,0.0,0.0,0.0,0.0,1.0,0.0,0.004030543379485607,0.3568926155567169,0.17915165424346924,0.22415165603160858,0.0,0.12563654780387878,0.12397502362728119,0.12397502362728119,0.07927051186561584,0.03282656520605087,8.55589037118687e-12,0.0,0.0,4.023380279541016,4.023380279541016,1.159854531288147,1.159854531288147,0.32657817006111145,0.0,0.0,0.0,0.0,0.2554871439933777,0.2333230972290039,0.0005507696187123656,0.9929803013801575,0.4197421073913574,0.15948224067687988,1.1661711931228638,1.2019845247268677,1.159854531288147,1.1523021459579468,0.4589759409427643,0.06310749799013138,0.012855378910899162,1.0,2.7306952476501465,2.644237995147705,2.683302640914917,0.0,4.0,0.0,0.0,0.0,0.0,0.0,0.0,,,,,,,,,,,,,,,,,,,,,,0.001
3,1000,train,0.1384131759405136,0.11493869870901108,0.11737240850925446,0.0,0.0,0.0,0.0,0.0,0.0,0.0,0.0,0.0,0.0,0.0,0.0,0.0,0.0,0.0,0.0,0.0,0.0,0.0,0.0,0.0,0.0,0.0,0.0,1.0,0.11088564246892929,0.11088564246892929,0.1106652244925499,0.0,0.020475244149565697,0.45788809657096863,1.0,0.0,1.0,0.0,0.0,0.020229771733283997,0.0,0.0,0.0,0.0,0.24035218358039856,0.1181977242231369,0.028704103082418442,0.7319984436035156,0.37998080253601074,0.0,0.0,0.0,0.0,0.0,0.0,0.0,0.0,1.0,0.0,0.0028942045755684376,0.3572031855583191,0.17767779529094696,0.22751440107822418,0.0,0.11737240850925446,0.11493869870901108,0.11493869870901108,0.08107216656208038,0.04587097838521004,1.0404665844176986e-11,0.0,0.0,4.169800758361816,4.169800758361816,1.1133618354797363,1.1133618354797363,0.34930381178855896,0.0,0.0,0.0,0.0,0.24035221338272095,0.24826370179653168,0.0001419341569999233,0.997602641582489,0.37998080253601074,0.15572917461395264,1.1839064359664917,1.1606184244155884,1.1133618354797363,1.186980128288269,0.45788809657096863,0.05960894748568535,0.011742575094103813,1.0,2.6604058742523193,2.569863796234131,2.55837345123291,0.0,4.0,0.0,0.0,0.0,0.0,0.0,0.0,,,,,,,,,,,,,,,,,,,,,,0.001
3,1002,train_epoch,0.14377699736617283,0.11956082547674636,0.12108085873330425,0.0,0.0,0.0,0.0,0.0,0.0,0.0,0.0,0.0,0.0,0.0,0.0,0.0,0.0,0.0,0.0,0.0,0.0,0.0,0.0,0.0,0.0,0.0,0.0,1.0,0.1778179893861274,0.1778179884269209,0.17773285146780357,0.0,0.018307134470049134,0.4588312866266616,1.0,0.0,1.0,0.0,0.0,0.014639656677769642,0.0,0.0,0.0,0.0,0.2396173230456021,0.09125802639180315,0.0503507007323317,0.5480736549386007,0.43843169635284446,0.0,0.0,0.0,0.0,0.0,0.0,0.0,0.0,1.0,0.0,0.0038114571915014925,0.37383762742587906,0.19461577666733793,0.3997747853933694,0.0,0.12108085873330425,0.11956082547674636,0.11956082547674636,0.06468440447292642,0.01644813731558544,-1.3864064427925022e-12,0.0,0.0,3.9024406300333445,3.9024406193259233,1.408883205074036,1.408883205074036,0.24707875400781631,0.0,0.0,0.0,0.0,0.23961732621321422,0.19779532010148385,0.004464048155046066,0.9607787496315505,0.43843169635284446,0.11814395814554063,1.4806678605650714,1.4477313367906446,1.408883205074036,1.4134543702274025,0.4588312866266616,0.06591473540993864,0.01276969066737387,1.0,2.6176818209493944,2.6180581832360366,2.617995074409211,0.0,4.0,0.0,0.0,0.0,0.0,0.0,0.0,,,,,,,,,,,,,,,,,,,,,,0.001
3,1002,val,,,,,,,,,,,,,,,,,,,,,,,,,,,,,,,,,,,,,,,,,,,,,,,,,,,,,,,,,,,,,,,,,,,,,,,,,,,,,,,,,,,,,,,,,,,,,,,,,,,,,,,,,,,82.43743085861206,14349.545915876117,119.78959018160182,156.40059808322363,45.49002724034445,16.186380292688096,25.670807770069533,10.780550518206187,7.73890420794487,74.77641218049186,90.08857767776628,152.14696717262268,42.65842536517552,133.1494288444519,160.39791398222525,266.53085558755055,75.8389083657946,82.43743085861206,119.78959018160182,156.40059808322363,45.49002724034445,0.001
3,1002,test_select,,,,,,,,,,,,,,,,,,,,,,,,,,,,,,,,,,,,,,,,,,,,,,,,,,,,,,,,,,,,,,,,,,,,,,,,,,,,,,,,,,,,,,,,,,,,,,,,,,,,,,,,,,,86.55458869252887,15869.457558768136,125.97403525635009,140.87161983762468,48.95635550362723,16.62850969178336,26.085594099582977,12.966181567737035,8.15602013042995,80.0148743220738,97.10028002856981,139.74419515473502,46.97844001225063,139.78259781428747,168.65925627817276,240.74437999725342,81.35347512790135,86.55458869252887,125.97403525635009,140.87161983762468,48.95635550362723,0.001
4,1020,train,0.15464815497398376,0.12878386676311493,0.1293214112520218,0.0,0.0,0.0,0.0,0.0,0.0,0.0,0.0,0.0,0.0,0.0,0.0,0.0,0.0,0.0,0.0,0.0,0.0,0.0,0.0,0.0,0.0,0.0,0.0,1.0,0.10530007630586624,0.10530007630586624,0.10515505075454712,0.0,0.017808351665735245,0.45716652274131775,1.0,0.0,1.0,0.0,0.0,0.02576986886560917,0.0,0.0,0.0,0.0,0.23394770920276642,0.11964064836502075,0.03555179014801979,0.6741003394126892,0.38166123628616333,0.0,0.0,0.0,0.0,0.0,0.0,0.0,0.0,1.0,0.0,0.004588077310472727,0.33842670917510986,0.19797426462173462,0.20290490984916687,0.0,0.1293214112520218,0.12878386676311493,0.12878386676311493,0.07741516083478928,0.029250094667077065,9.745764611990282e-11,0.0,0.0,3.742293119430542,3.742293119430542,1.2383371591567993,1.2383371591567993,0.2932332754135132,0.0,0.0,0.0,0.0,0.23394770920276642,0.2394881546497345,6.989042594796047e-05,0.9939017295837402,0.38166123628616333,0.1518382430076599,1.2801843881607056,1.292493462562561,1.2383371591567993,1.2031381130218506,0.45716652274131775,0.06654654443264008,0.013469506986439228,1.0,2.4231326580047607,2.548215866088867,2.5741333961486816,0.0,4.0,0.0,0.0,0.0,0.0,0.0,0.0,,,,,,,,,,,,,,,,,,,,,,0.001
4,1040,train,0.14326144754886627,0.11919290572404861,0.1203426793217659,0.0,0.0,0.0,0.0,0.0,0.0,0.0,0.0,0.0,0.0,0.0,0.0,0.0,0.0,0.0,0.0,0.0,0.0,0.0,0.0,0.0,0.0,0.0,0.0,1.0,0.09121174365282059,0.09121174365282059,0.09103288501501083,0.0,0.01771068386733532,0.45490920543670654,1.0,0.0,1.0,0.0,0.0,0.019985057413578033,0.0,0.0,0.0,0.0,0.2035476267337799,0.11817051470279694,0.030342772603034973,0.6222434639930725,0.34495809674263,0.0,0.0,0.0,0.0,0.0,0.0,0.0,0.0,1.0,0.0,0.003605799749493599,0.32666704058647156,0.1818467229604721,0.18141593039035797,0.0,0.1203426793217659,0.11919290572404861,0.11919290572404861,0.07765449583530426,0.024966631084680557,4.232584074892465e-11,0.0,0.0,3.9267754554748535,3.9267754554748535,1.152956485748291,1.152956485748291,0.31042245030403137,0.0,0.0,0.0,0.0,0.2035476267337799,0.2331099957227707,0.00021786263096146286,0.9915444850921631,0.34495809674263,0.12490809708833694,1.1442209482192993,1.1988879442214966,1.152956485748291,1.1673812866210938,0.45490920543670654,0.062171343713998795,0.012074680998921394,1.0,2.4383912086486816,2.5412392616271973,2.5393338203430176,0.0,4.0,0.0,0.0,0.0,0.0,0.0,0.0,,,,,,,,,,,,,,,,,,,,,,0.001
4,1060,train,0.14034681022167206,0.11669627577066422,0.11825266480445862,0.0,0.0,0.0,0.0,0.0,0.0,0.0,0.0,0.0,0.0,0.0,0.0,0.0,0.0,0.0,0.0,0.0,0.0,0.0,0.0,0.0,0.0,0.0,0.0,1.0,0.0766671672463417,0.0766671672463417,0.07658611983060837,0.0,0.018457157537341118,0.45254260301589966,1.0,0.0,1.0,0.0,0.0,0.021798215806484222,0.0,0.0,0.0,0.0,0.20404468476772308,0.1038990393280983,0.03213976323604584,0.5327441096305847,0.35229218006134033,0.0,0.0,0.0,0.0,0.0,0.0,0.0,0.0,1.0,0.0,0.003018036251887679,0.3459557294845581,0.15517453849315643,0.194047212600708,0.0,0.11825266480445862,0.11669627577066422,0.11669627577066422,0.06638623774051666,0.028197485953569412,1.4938460191071812e-10,0.0,0.0,3.9075746536254883,3.9075746536254883,0.9916338920593262,0.9916338920593262,0.26939210295677185,0.0,0.0,0.0,0.0,0.20404468476772308,0.2271629422903061,0.00014464884588960558,0.9958807229995728,0.35229218006134033,0.1295190006494522,1.0948481559753418,1.0123333930969238,0.9916338920593262,1.00688636302948,0.45254260301589966,0.06229279190301895,0.012113596312701702,1.0,2.5186386108398438,2.6069889068603516,2.5852925777435303,0.0,4.0,0.0,0.0,0.0,0.0,0.0,0.0,,,,,,,,,,,,,,,,,,,,,,0.001
4,1080,train,0.1483527421951294,0.1233779564499855,0.12487395852804184,0.0,0.0,0.0,0.0,0.0,0.0,0.0,0.0,0.0,0.0,0.0,0.0,0.0,0.0,0.0,0.0,0.0,0.0,0.0,0.0,0.0,0.0,0.0,0.0,1.0,0.07836740463972092,0.07836740463972092,0.0782952830195427,0.0,0.01914185844361782,0.45747366547584534,1.0,0.0,1.0,0.0,0.0,0.018591878935694695,0.0,0.0,0.0,0.0,0.2000129073858261,0.12667228281497955,0.013082915917038918,0.5872905254364014,0.3338058888912201,0.0,0.0,0.0,0.0,0.0,0.0,0.0,0.0,1.0,0.0,0.004783510230481625,0.3539549708366394,0.16577158868312836,0.18253906071186066,0.0,0.12487395852804184,0.1233779564499855,0.1233779564499855,0.07401679456233978,0.011137316934764385,-2.2159142576416713e-11,0.0,0.0,3.8168888092041016,3.8168888092041016,1.0557070970535278,1.0557070970535278,0.27840656042099,0.0,0.0,0.0,0.0,0.2000129073858261,0.23361267149448395,2.0710773242171854e-05,0.9903123378753662,0.3338058888912201,0.1272212117910385,1.249108910560608,1.0688396692276,1.0557070970535278,1.0825716257095337,0.45747366547584534,0.06518088281154633,0.013698716647922993,1.0,2.5894250869750977,2.5357470512390137,2.501357316970825,0.0,4.0,0.0,0.0,0.0,0.0,0.0,0.0,,,,,,,,,,,,,,,,,,,,,,0.001
4,1100,train,0.1386702060699463,0.11546895653009415,0.11600623279809952,0.0,0.0,0.0,0.0,0.0,0.0,0.0,0.0,0.0,0.0,0.0,0.0,0.0,0.0,0.0,0.0,0.0,0.0,0.0,0.0,0.0,0.0,0.0,0.0,1.0,0.07863020151853561,0.07863020896911621,0.07851525396108627,0.0,0.018818695098161697,0.4536485970020294,1.0,0.0,1.0,0.0,0.0,0.01765499636530876,0.0,0.0,0.0,0.0,0.22326508164405823,0.12809470295906067,0.013819882646203041,0.6723162531852722,0.3626488447189331,0.0,0.0,0.0,0.0,0.0,0.0,0.0,0.0,1.0,0.0,0.0028440572787076235,0.34727784991264343,0.16406702995300293,0.19184619188308716,0.0,0.11600623279809952,0.11546895653009415,0.11546895653009415,0.07506395131349564,0.014441285282373428,-4.523494773200909e-11,0.0,0.0,3.9201042652130127,3.9201042652130127,1.045027256011963,1.045027256011963,0.29432153701782227,0.0,0.0,0.0,0.0,0.22326508164405823,0.24251075088977814,0.0003249305300414562,0.9956654906272888,0.3626488447189331,0.1484375149011612,1.1306049823760986,1.0745551586151123,1.045027256011963,1.0913525819778442,0.4536485970020294,0.06270668655633926,0.012232261709868908,1.0,2.4283361434936523,2.485271453857422,2.5347933769226074,0.0,4.0,0.0,0.0,0.0,0.0,0.0,0.0,,,,,,,,,,,,,,,,,,,,,,0.001
4,1120,train,0.15140512585639954,0.12575000524520874,0.1282755732536316,0.0,0.0,0.0,0.0,0.0,0.0,0.0,0.0,0.0,0.0,0.0,0.0,0.0,0.0,0.0,0.0,0.0,0.0,0.0,0.0,0.0,0.0,0.0,0.0,1.0,0.07643043994903564,0.07643043994903564,0.07633479684591293,0.0,0.017405442893505096,0.4589295983314514,1.0,0.0,1.0,0.0,0.0,0.022192779928445816,0.0,0.0,0.0,0.0,0.24267905950546265,0.12684118747711182,0.01843198761343956,0.6987067461013794,0.3815748989582062,0.0,0.0,0.0,0.0,0.0,0.0,0.0,0.0,1.0,0.0,0.005841817706823349,0.34101995825767517,0.17668387293815613,0.14697644114494324,0.0,0.1282755732536316,0.12575000524520874,0.12575000524520874,0.07572660595178604,0.02501402422785759,-8.24310966707209e-11,0.0,0.0,4.0024824142456055,4.002481937408447,1.0907059907913208,1.0907059907913208,0.3227955102920532,0.0,0.0,0.0,0.0,0.24267904460430145,0.24745747447013855,3.394755185581744e-05,0.9907163381576538,0.3815748989582062,0.1635569930076599,1.1949437856674194,1.0987547636032104,1.0907059907913208,1.1314259767532349,0.4589295983314514,0.06691983342170715,0.012734276242554188,1.0,2.6516146659851074,2.63252329826355,2.638355255126953,0.0,4.0,0.0,0.0,0.0,0.0,0.0,0.0,,,,,,,,,,,,,,,,,,,,,,0.001
4,1140,train,0.140108123421669,0.11683016270399094,0.11638978868722916,0.0,0.0,0.0,0.0,0.0,0.0,0.0,0.0,0.0,0.0,0.0,0.0,0.0,0.0,0.0,0.0,0.0,0.0,0.0,0.0,0.0,0.0,0.0,0.0,1.0,0.06582681834697723,0.06582681089639664,0.0656672790646553,0.0,0.0184086374938488,0.4574233293533325,1.0,0.0,1.0,0.0,0.0,0.029990404844284058,0.0,0.0,0.0,0.0,0.20484301447868347,0.10732175409793854,0.021573003381490707,0.5568403601646423,0.34670233726501465,0.0,0.0,0.0,0.0,0.0,0.0,0.0,0.0,1.0,0.0,0.0018355038482695818,0.3367556631565094,0.17723844945430756,0.13379962742328644,0.0,0.11638978868722916,0.11683016270399094,0.11683016270399094,0.08552082628011703,0.04177434742450714,3.015480573576035e-11,0.0,0.0,4.058231830596924,4.058231830596924,1.0590784549713135,1.0590784549713135,0.3617377281188965,0.0,0.0,0.0,0.0,0.20484299957752228,0.23274768888950348,0.0001011097920127213,0.9938068985939026,0.34670233726501465,0.13117341697216034,1.181469440460205,1.0749183893203735,1.0590784549713135,1.003702163696289,0.4574233293533325,0.06314908713102341,0.012786651961505413,1.0,2.5732784271240234,2.531447410583496,2.494818687438965,0.0,4.0,0.0,0.0,0.0,0.0,0.0,0.0,,,,,,,,,,,,,,,,,,,,,,0.001
4,1160,train,0.14722095429897308,0.12266068160533905,0.12280136346817017,0.0,0.0,0.0,0.0,0.0,0.0,0.0,0.0,0.0,0.0,0.0,0.0,0.0,0.0,0.0,0.0,0.0,0.0,0.0,0.0,0.0,0.0,0.0,0.0,1.0,0.07195630669593811,0.07195629924535751,0.07183843851089478,0.0,0.019660260528326035,0.45848003029823303,1.0,0.0,1.0,0.0,0.0,0.014596212655305862,0.0,0.0,0.0,0.0,0.2300596833229065,0.11586707830429077,0.01590065471827984,0.625929594039917,0.36213499307632446,0.0,0.0,0.0,0.0,0.0,0.0,0.0,0.0,1.0,0.0,0.00043839155114255846,0.33231788873672485,0.15271833539009094,0.15491309762001038,0.0,0.12280136346817017,0.12266068160533905,0.12266068160533905,0.0740223154425621,0.020141644403338432,-1.9403484374791446e-10,0.0,0.0,3.9900197982788086,3.9900197982788086,0.9532530903816223,0.9532530903816223,0.3021560609340668,0.0,0.0,0.0,0.0,0.2300596833229065,0.25004005432128906,0.0001671183854341507,0.9920861124992371,0.36213499307632446,0.16228555142879486,0.9807772040367126,0.9901830554008484,0.9532530903816223,0.980278730392456,0.45848003029823303,0.06328047811985016,0.01180531457066536,1.0,2.586794853210449,2.534776210784912,2.61934232711792,0.0,4.0,0.0,0.0,0.0,0.0,0.0,0.0,,,,,,,,,,,,,,,,,,,,,,0.001
4,1180,train,0.1260528862476349,0.10490693151950836,0.10572976619005203,0.0,0.0,0.0,0.0,0.0,0.0,0.0,0.0,0.0,0.0,0.0,0.0,0.0,0.0,0.0,0.0,0.0,0.0,0.0,0.0,0.0,0.0,0.0,0.0,1.0,0.07651124149560928,0.07651124149560928,0.07637163251638412,0.0,0.019478540867567062,0.4558849334716797,1.0,0.0,1.0,0.0,0.0,0.02450474351644516,0.0,0.0,0.0,0.0,0.1643069088459015,0.0902382880449295,0.011000554077327251,0.48664960265159607,0.2872283458709717,0.0,0.0,0.0,0.0,0.0,0.0,0.0,0.0,1.0,0.0,0.0037109514232724905,0.3147835433483124,0.18595585227012634,0.12851841747760773,0.0,0.10572976619005203,0.10490693151950836,0.10490693151950836,0.08455701917409897,0.038774486631155014,3.080303026536946e-11,0.0,0.0,3.8976638317108154,3.8976638317108154,1.1852647066116333,1.1852647066116333,0.3445872962474823,0.0,0.0,0.0,0.0,0.16430692374706268,0.22340425848960876,1.8015103705693036e-05,0.9931856393814087,0.2872283458709717,0.10617341101169586,1.213128685951233,1.2110265493392944,1.1852647066116333,1.0702258348464966,0.4558849334716797,0.06592559069395065,0.013692778535187244,1.0,2.584458827972412,2.5326356887817383,2.5060946941375732,0.0,4.0,0.0,0.0,0.0,0.0,0.0,0.0,,,,,,,,,,,,,,,,,,,,,,0.001
4,1200,train,0.14436548948287964,0.1201801747083664,0.12092655152082443,0.0,0.0,0.0,0.0,0.0,0.0,0.0,0.0,0.0,0.0,0.0,0.0,0.0,0.0,0.0,0.0,0.0,0.0,0.0,0.0,0.0,0.0,0.0,0.0,1.0,0.07729294151067734,0.07729293406009674,0.07722929865121841,0.0,0.01818343997001648,0.45478758215904236,1.0,0.0,1.0,0.0,0.0,0.03680657595396042,0.0,0.0,0.0,0.0,0.20723994076251984,0.10104478895664215,0.011560874991118908,0.5083420276641846,0.3671220541000366,0.0,0.0,0.0,0.0,0.0,0.0,0.0,0.0,1.0,0.0,0.002769713755697012,0.3245389759540558,0.17163307964801788,0.11662983149290085,0.0,0.12092655152082443,0.1201801747083664,0.1201801747083664,0.08845022320747375,0.045957569032907486,2.247287946011145e-11,0.0,0.0,3.8634090423583984,3.8634090423583984,1.0665854215621948,1.0665854215621948,0.3659842014312744,0.0,0.0,0.0,0.0,0.20723995566368103,0.2191648930311203,0.0002061420091195032,0.9795892834663391,0.3671220541000366,0.12092525511980057,1.1432298421859741,1.077637791633606,1.0665854215621948,1.109099268913269,0.45478758215904236,0.06543572247028351,0.01265336200594902,1.0,2.5421862602233887,2.522024154663086,2.4825658798217773,0.0,4.0,0.0,0.0,0.0,0.0,0.0,0.0,,,,,,,,,,,,,,,,,,,,,,0.001
4,1220,train,0.14048346877098083,0.11673987656831741,0.11871795356273651,0.0,0.0,0.0,0.0,0.0,0.0,0.0,0.0,0.0,0.0,0.0,0.0,0.0,0.0,0.0,0.0,0.0,0.0,0.0,0.0,0.0,0.0,0.0,0.0,1.0,0.07574411481618881,0.07574411481618881,0.07557462155818939,0.0,0.01940939761698246,0.4579359292984009,1.0,0.0,1.0,0.0,0.0,0.045129820704460144,0.0,0.0,0.0,0.0,0.20188108086585999,0.09906728565692902,0.025448769330978394,0.5759178400039673,0.34265977144241333,0.0,0.0,0.0,0.0,0.0,0.0,0.0,0.0,1.0,0.0,0.004311878699809313,0.31209394335746765,0.17424613237380981,0.11481187492609024,0.0,0.11871795356273651,0.11673987656831741,0.11673987656831741,0.086127869784832,0.039755355566740036,-1.4998155495327126e-10,0.0,0.0,4.130619049072266,4.130619049072266,1.0532383918762207,1.0532383918762207,0.371639221906662,0.0,0.0,0.0,0.0,0.20188109576702118,0.23155641555786133,3.4288987080799416e-05,0.9930132031440735,0.34265977144241333,0.12449449300765991,1.157962441444397,1.0632916688919067,1.0532383918762207,1.0861037969589233,0.4579359292984009,0.06618333607912064,0.012913398444652557,1.0,2.6442060470581055,2.5438919067382812,2.5540285110473633,0.0,4.0,0.0,0.0,0.0,0.0,0.0,0.0,,,,,,,,,,,,,,,,,,,,,,0.001
4,1240,train,0.13751620054244995,0.11464187502861023,0.11437160521745682,0.0,0.0,0.0,0.0,0.0,0.0,0.0,0.0,0.0,0.0,0.0,0.0,0.0,0.0,0.0,0.0,0.0,0.0,0.0,0.0,0.0,0.0,0.0,0.0,1.0,0.0659940242767334,0.0659940242767334,0.06581129133701324,0.0,0.01828722096979618,0.4576708674430847,1.0,0.0,1.0,0.0,0.0,0.023806389421224594,0.0,0.0,0.0,0.0,0.20203740894794464,0.11891774088144302,0.011824844405055046,0.5891637206077576,0.3192737400531769,0.0,0.0,0.0,0.0,0.0,0.0,0.0,0.0,1.0,0.0,0.0021411573980003595,0.31782203912734985,0.17087583243846893,0.10958175361156464,0.0,0.11437160521745682,0.11464187502861023,0.11464187502861023,0.08317193388938904,0.024633537977933884,4.133904676906219e-11,0.0,0.0,4.103168964385986,4.103168964385986,1.0425021648406982,1.0425021648406982,0.35162290930747986,0.0,0.0,0.0,0.0,0.20203743875026703,0.24659471213817596,8.895639621187001e-05,0.9955180287361145,0.3192737400531769,0.14033395051956177,1.1304630041122437,1.0570939779281616,1.0425021648406982,1.0734649896621704,0.4576708674430847,0.0663217157125473,0.013202736154198647,1.0,2.593449592590332,2.529538154602051,2.5089921951293945,0.0,4.0,0.0,0.0,0.0,0.0,0.0,0.0,,,,,,,,,,,,,,,,,,,,,,0.001
4,1260,train,0.12983831763267517,0.10803229361772537,0.10903014987707138,0.0,0.0,0.0,0.0,0.0,0.0,0.0,0.0,0.0,0.0,0.0,0.0,0.0,0.0,0.0,0.0,0.0,0.0,0.0,0.0,0.0,0.0,0.0,0.0,1.0,0.07430975884199142,0.07430975884199142,0.07409566640853882,0.0,0.018948204815387726,0.4561954438686371,1.0,0.0,1.0,0.0,0.0,0.022762324661016464,0.0,0.0,0.0,0.0,0.1638239324092865,0.10423688590526581,0.01119713019579649,0.5663760900497437,0.2863702178001404,0.0,0.0,0.0,0.0,0.0,0.0,0.0,0.0,1.0,0.0,0.0028904688078910112,0.32671454548835754,0.18012453615665436,0.10899820178747177,0.0,0.10903014987707138,0.10803229361772537,0.10803229361772537,0.08184264600276947,0.045945506542921066,1.495664425643639e-10,0.0,0.0,3.988318681716919,3.988318681716919,1.0874673128128052,1.0874673128128052,0.3477210998535156,0.0,0.0,0.0,0.0,0.1638239324092865,0.22274091839790344,7.850845577195287e-05,0.9974047541618347,0.2863702178001404,0.0915747582912445,1.2216466665267944,1.0931154489517212,1.0874673128128052,1.088303565979004,0.4561954438686371,0.06406765431165695,0.012609041295945644,1.0,2.5898680686950684,2.533921003341675,2.6632776260375977,0.0,4.0,0.0,0.0,0.0,0.0,0.0,0.0,,,,,,,,,,,,,,,,,,,,,,0.001
4,1280,train,0.1339290291070938,0.11137645691633224,0.11276283115148544,0.0,0.0,0.0,0.0,0.0,0.0,0.0,0.0,0.0,0.0,0.0,0.0,0.0,0.0,0.0,0.0,0.0,0.0,0.0,0.0,0.0,0.0,0.0,0.0,1.0,0.06334474682807922,0.06334474682807922,0.06327742338180542,0.0,0.019134709611535072,0.4520763158798218,1.0,0.0,1.0,0.0,0.0,0.0426911935210228,0.0,0.0,0.0,0.0,0.20289912819862366,0.1194252148270607,0.007201343309134245,0.5070526599884033,0.3310718238353729,0.0,0.0,0.0,0.0,0.0,0.0,0.0,0.0,1.0,0.0,0.0028976155444979668,0.3040110170841217,0.16436056792736053,0.11099952459335327,0.0,0.11276283115148544,0.11137645691633224,0.11137645691633224,0.08633877336978912,0.04214363917708397,-7.925784334394947e-11,0.0,0.0,4.0380120277404785,4.0380120277404785,1.0322450399398804,1.0322450399398804,0.35891661047935486,0.0,0.0,0.0,0.0,0.20289912819862366,0.23991729319095612,4.030988202430308e-05,0.996505856513977,0.3310718238353729,0.12558211386203766,1.0871614217758179,1.0455228090286255,1.0322450399398804,0.9934951066970825,0.4520763158798218,0.06718460470438004,0.012659437954425812,1.0,2.4245080947875977,2.482102632522583,2.4832029342651367,0.0,4.0,0.0,0.0,0.0,0.0,0.0,0.0,,,,,,,,,,,,,,,,,,,,,,0.001
4,1300,train,0.13602006435394287,0.11325132846832275,0.11384371668100357,0.0,0.0,0.0,0.0,0.0,0.0,0.0,0.0,0.0,0.0,0.0,0.0,0.0,0.0,0.0,0.0,0.0,0.0,0.0,0.0,0.0,0.0,0.0,0.0,1.0,0.055100224912166595,0.055100224912166595,0.05495966225862503,0.0,0.01913246512413025,0.4549368619918823,1.0,0.0,1.0,0.0,0.0,0.03244047611951828,0.0,0.0,0.0,0.0,0.2374054193496704,0.10535475611686707,0.014814461581408978,0.5576421618461609,0.3613499402999878,0.0,0.0,0.0,0.0,0.0,0.0,0.0,0.0,1.0,0.0,0.0018068022327497602,0.2733995318412781,0.16231976449489594,0.08859917521476746,0.0,0.11384371668100357,0.11325132846832275,0.11325132846832275,0.08586598932743073,0.05209185928106308,-3.4694653400224595e-11,0.0,0.0,3.9066061973571777,3.9066061973571777,0.9910389184951782,0.9910389184951782,0.35233572125434875,0.0,0.0,0.0,0.0,0.23740540444850922,0.2595304846763611,5.276376032270491e-05,0.9948301911354065,0.3613499402999878,0.17501533031463623,1.0412477254867554,0.9992661476135254,0.9910389184951782,0.9751825928688049,0.4549368619918823,0.06620965152978897,0.0115393390879035,1.0,2.4755353927612305,2.522639036178589,2.507145881652832,0.0,4.0,0.0,0.0,0.0,0.0,0.0,0.0,,,,,,,,,,,,,,,,,,,,,,0.001
4,1320,train,0.13674280047416687,0.11360518634319305,0.11568804085254669,0.0,0.0,0.0,0.0,0.0,0.0,0.0,0.0,0.0,0.0,0.0,0.0,0.0,0.0,0.0,0.0,0.0,0.0,0.0,0.0,0.0,0.0,0.0,0.0,1.0,0.06821130961179733,0.06821130961179733,0.06807330995798111,0.0,0.017837272956967354,0.45525503158569336,1.0,0.0,1.0,0.0,0.0,0.02610778622329235,0.0,0.0,0.0,0.0,0.20109190046787262,0.08539395779371262,0.02491219900548458,0.47683262825012207,0.34504419565200806,0.0,0.0,0.0,0.0,0.0,0.0,0.0,0.0,1.0,0.0,0.003915455192327499,0.27447232604026794,0.17666049301624298,0.07637713849544525,0.0,0.11568804085254669,0.11360518634319305,0.11360518634319305,0.08377685397863388,0.013620487414300442,-2.437421653400662e-10,0.0,0.0,4.034730434417725,4.034730434417725,1.0580450296401978,1.0580450296401978,0.34670573472976685,0.0,0.0,0.0,0.0,0.2010919153690338,0.22971059381961823,3.5808843676932156e-05,0.9963598847389221,0.34504419565200806,0.12665441632270813,1.1575177907943726,1.0588206052780151,1.0580450296401978,1.0639503002166748,0.45525503158569336,0.06866723299026489,0.0136362724006176,1.0,2.5082757472991943,2.5614116191864014,2.5426950454711914,0.0,4.0,0.0,0.0,0.0,0.0,0.0,0.0,,,,,,,,,,,,,,,,,,,,,,0.001
4,1336,train_epoch,0.14029711420218388,0.11667792003847167,0.1180959695247476,0.0,0.0,0.0,0.0,0.0,0.0,0.0,0.0,0.0,0.0,0.0,0.0,0.0,0.0,0.0,0.0,0.0,0.0,0.0,0.0,0.0,0.0,0.0,0.0,1.0,0.0770492626209102,0.07704926230861041,0.07692593688557962,0.0,0.018509734633886173,0.4561150725373251,1.0,0.0,1.0,0.0,0.0,0.026064357622721773,0.0,0.0,0.0,0.0,0.20779496574116324,0.1092835748623945,0.01599932356366698,0.5787561583126376,0.3483915108585072,0.0,0.0,0.0,0.0,0.0,0.0,0.0,0.0,1.0,0.0,0.0034534878785292197,0.32200900987236797,0.17158926229277058,0.14266096035431244,0.0,0.1180959695247476,0.11667792003847167,0.11667792003847167,0.08031589926002983,0.032724511873780074,2.0329221239202224e-11,0.0,0.0,3.9417887169443917,3.9417887119475954,1.0748153555535984,1.0748153555535984,0.3259908883068376,0.0,0.0,0.0,0.0,0.20779496864108982,0.23312895008903778,0.00010953641161520721,0.9920479300136338,0.3483915108585072,0.13411697602557565,1.1553610425866292,1.0923535520445087,1.0748153555535984,1.076812402395431,0.4561150725373251,0.06595193024747029,0.012987230650656772,1.0,2.5409446626366257,2.5410187879722277,2.5404419713391517,0.0,4.0,0.0,0.0,0.0,0.0,0.0,0.0,,,,,,,,,,,,,,,,,,,,,,0.001
4,1336,val,,,,,,,,,,,,,,,,,,,,,,,,,,,,,,,,,,,,,,,,,,,,,,,,,,,,,,,,,,,,,,,,,,,,,,,,,,,,,,,,,,,,,,,,,,,,,,,,,,,,,,,,,,,82.2704541683197,14333.435163225446,119.72232524982735,156.69898435047693,45.37527799606323,15.663781949451991,25.015817650490302,10.902972315038953,7.356740283114569,74.38738186018807,89.51443888620831,152.78016577448165,42.40655107157571,133.19538463865007,160.25970566979706,269.97782458577836,76.39242349352155,82.2704541683197,119.72232524982735,156.69898435047693,45.37527799606323,0.001
4,1336,test_select,,,,,,,,,,,,,,,,,,,,,,,,,,,,,,,,,,,,,,,,,,,,,,,,,,,,,,,,,,,,,,,,,,,,,,,,,,,,,,,,,,,,,,,,,,,,,,,,,,,,,,,,,,,86.72032417569842,15917.344883510044,126.16396031953833,140.5623997279576,48.92258223465511,17.07983267733029,26.927918035748114,12.099795575652804,8.02211104972022,80.13244305338178,97.64548052224538,139.83602707726615,46.84123304912022,139.95892940248763,168.67113848946755,244.20750784873962,82.00164651870728,86.72032417569842,126.16396031953833,140.5623997279576,48.92258223465511,0.001
5,1340,train,0.19433192908763885,0.16174930334091187,0.16291314363479614,0.0,0.0,0.0,0.0,0.0,0.0,0.0,0.0,0.0,0.0,0.0,0.0,0.0,0.0,0.0,0.0,0.0,0.0,0.0,0.0,0.0,0.0,0.0,0.0,1.0,0.0571490079164505,0.0571490079164505,0.05703781172633171,0.0,0.01868937537074089,0.455778568983078,1.0,0.0,1.0,0.0,0.0,0.03571666032075882,0.0,0.0,0.0,0.0,0.2066725492477417,0.12237384915351868,0.0106916893273592,0.5910152196884155,0.3227178454399109,0.0,0.0,0.0,0.0,0.0,0.0,0.0,0.0,1.0,0.0,0.0021515644621104,0.2923758327960968,0.17268171906471252,0.07909892499446869,0.0,0.16291314363479614,0.16174930334091187,0.16174930334091187,0.09136206656694412,0.0492759607732296,-2.676690535885484e-10,0.0,0.0,4.09874153137207,4.09874153137207,1.0309675931930542,1.0309675931930542,0.38606441020965576,0.0,0.0,0.0,0.0,0.2066725641489029,0.25122174620628357,1.4824195204710122e-05,0.9978783130645752,0.3227178454399109,0.14716605842113495,1.17067551612854,1.024978756904602,1.0309675931930542,1.0342351198196411,0.455778568983078,0.068191297352314,0.01340996939688921,1.0,2.5432844161987305,2.5039191246032715,2.502610445022583,0.0,5.0,0.0,0.0,0.0,0.0,0.0,0.0,,,,,,,,,,,,,,,,,,,,,,0.001
5,1360,train,0.16182246804237366,0.13422301411628723,0.13799726963043213,0.0,0.0,0.0,0.0,0.0,0.0,0.0,0.0,0.0,0.0,0.0,0.0,0.0,0.0,0.0,0.0,0.0,0.0,0.0,0.0,0.0,0.0,0.0,0.0,1.0,0.059899065643548965,0.05989906191825867,0.05988376960158348,0.0,0.01916700229048729,0.4556603729724884,1.0,0.0,1.0,0.0,0.0,0.02651716023683548,0.0,0.0,0.0,0.0,0.2137477695941925,0.11864383518695831,0.026635807007551193,0.5432127714157104,0.354800820350647,0.0,0.0,0.0,0.0,0.0,0.0,0.0,0.0,1.0,0.0,0.008611958473920822,0.3290489912033081,0.16658678650856018,0.10254395008087158,0.0,0.13799726963043213,0.13422301411628723,0.13422301411628723,0.07452979683876038,0.02760670706629753,-9.1347408803788e-11,0.0,0.0,3.7469260692596436,3.7469260692596436,0.9876590967178345,0.9876590967178345,0.2671535015106201,0.0,0.0,0.0,0.0,0.2137477695941925,0.23551784455776215,4.5616634452017024e-05,0.9893151521682739,0.354800820350647,0.14845283329486847,1.1858446598052979,0.9668154120445251,0.9876590967178345,0.9925357699394226,0.4556603729724884,0.08450404554605484,0.015666773542761803,1.0,2.540811538696289,2.507495880126953,2.460460901260376,0.0,5.0,0.0,0.0,0.0,0.0,0.0,0.0,,,,,,,,,,,,,,,,,,,,,,0.001
5,1380,train,0.1463298350572586,0.12150803208351135,0.12410902231931686,0.0,0.0,0.0,0.0,0.0,0.0,0.0,0.0,0.0,0.0,0.0,0.0,0.0,0.0,0.0,0.0,0.0,0.0,0.0,0.0,0.0,0.0,0.0,0.0,1.0,0.04990281164646149,0.049902819097042084,0.049868058413267136,0.0,0.018318576738238335,0.45524853467941284,1.0,0.0,1.0,0.0,0.0,0.04158714786171913,0.0,0.0,0.0,0.0,0.19232697784900665,0.1070641428232193,0.017801359295845032,0.46000632643699646,0.3430350720882416,0.0,0.0,0.0,0.0,0.0,0.0,0.0,0.0,1.0,0.0,0.005788616836071014,0.3042318820953369,0.16164666414260864,0.1146358773112297,0.0,0.12410902231931686,0.12150803208351135,0.12150803208351135,0.07516996562480927,0.02256542071700096,-3.824826011467053e-10,0.0,0.0,3.81318736076355,3.81318736076355,0.9292208552360535,0.9292208552360535,0.3032144010066986,0.0,0.0,0.0,0.0,0.19232699275016785,0.21726886928081512,2.7158766897628084e-05,0.9869135022163391,0.3430350720882416,0.11348039656877518,1.0387353897094727,0.9275079965591431,0.9292208552360535,0.9230217337608337,0.45524853467941284,0.08762450516223907,0.013587604276835918,1.0,2.4248199462890625,2.4510979652404785,2.452653646469116,0.0,5.0,0.0,0.0,0.0,0.0,0.0,0.0,,,,,,,,,,,,,,,,,,,,,,0.001
5,1400,train,0.13848862051963806,0.1148565486073494,0.11816033720970154,0.0,0.0,0.0,0.0,0.0,0.0,0.0,0.0,0.0,0.0,0.0,0.0,0.0,0.0,0.0,0.0,0.0,0.0,0.0,0.0,0.0,0.0,0.0,0.0,1.0,0.051874030381441116,0.05187402293086052,0.05185062438249588,0.0,0.018818216398358345,0.4510669410228729,1.0,0.0,1.0,0.0,0.0,0.015796665102243423,0.0,0.0,0.0,0.0,0.22983932495117188,0.133394256234169,0.020257752388715744,0.5792902708053589,0.37331002950668335,0.0,0.0,0.0,0.0,0.0,0.0,0.0,0.0,1.0,0.0,0.003933984320610762,0.29598942399024963,0.15397989749908447,0.10844814777374268,0.0,0.11816033720970154,0.1148565486073494,0.1148565486073494,0.06547209620475769,0.02408960647881031,1.2040352048714453e-10,0.0,0.0,3.6999635696411133,3.6999635696411133,0.9089131355285645,0.9089131355285645,0.2439606636762619,0.0,0.0,0.0,0.0,0.22983935475349426,0.2403537929058075,4.838946188101545e-05,0.985990047454834,0.37331002950668335,0.14716605842113495,0.9778016209602356,0.9181197285652161,0.9089131355285645,0.945984959602356,0.4510669410228729,0.08936580270528793,0.0141739621758461,1.0,2.3934457302093506,2.410762310028076,2.4502322673797607,0.0,5.0,0.0,0.0,0.0,0.0,0.0,0.0,,,,,,,,,,,,,,,,,,,,,,0.001
5,1420,train,0.1568281203508377,0.13045015931129456,0.13188979029655457,0.0,0.0,0.0,0.0,0.0,0.0,0.0,0.0,0.0,0.0,0.0,0.0,0.0,0.0,0.0,0.0,0.0,0.0,0.0,0.0,0.0,0.0,0.0,0.0,1.0,0.06482922285795212,0.06482922285795212,0.06479322910308838,0.0,0.017734423279762268,0.45225390791893005,1.0,0.0,1.0,0.0,0.0,0.032746925950050354,0.0,0.0,0.0,0.0,0.1954752802848816,0.11621386557817459,0.01502313744276762,0.5632040500640869,0.35882896184921265,0.0,0.0,0.0,0.0,0.0,0.0,0.0,0.0,1.0,0.0,0.0054620676673948765,0.2758967876434326,0.18483977019786835,0.08242492377758026,0.0,0.13188979029655457,0.13045015931129456,0.13045015931129456,0.09471090137958527,0.027918973937630653,-1.2166367913124532e-10,0.0,0.0,3.7539730072021484,3.7539734840393066,1.0415105819702148,1.0415105819702148,0.37188076972961426,0.0,0.0,0.0,0.0,0.1954752653837204,0.21174325048923492,0.00017054770432878286,0.9827389717102051,0.35882896184921265,0.11121324449777603,1.1454381942749023,1.0379632711410522,1.0415105819702148,1.0656116008758545,0.45225390791893005,0.09682276099920273,0.01575019769370556,1.0,2.3733701705932617,2.4079835414886475,2.4351108074188232,0.0,5.0,0.0,0.0,0.0,0.0,0.0,0.0,,,,,,,,,,,,,,,,,,,,,,0.001
5,1440,train,0.13454017043113708,0.11188137531280518,0.11329401284456253,0.0,0.0,0.0,0.0,0.0,0.0,0.0,0.0,0.0,0.0,0.0,0.0,0.0,0.0,0.0,0.0,0.0,0.0,0.0,0.0,0.0,0.0,0.0,0.0,1.0,0.05693112313747406,0.05693112313747406,0.05688580870628357,0.0,0.019237235188484192,0.45385241508483887,1.0,0.0,1.0,0.0,0.0,0.02231222577393055,0.0,0.0,0.0,0.0,0.19491516053676605,0.1141800507903099,0.02449912577867508,0.5043097734451294,0.3442336916923523,0.0,0.0,0.0,0.0,0.0,0.0,0.0,0.0,1.0,0.0,0.003468143753707409,0.275065541267395,0.1655251830816269,0.07585816085338593,0.0,0.11329401284456253,0.11188137531280518,0.11188137531280518,0.08429766446352005,0.043413955718278885,2.3914311503281382e-11,0.0,0.0,3.693364381790161,3.693364381790161,0.9488608241081238,0.9488608241081238,0.3211402893066406,0.0,0.0,0.0,0.0,0.19491519033908844,0.2204788625240326,3.766596273635514e-05,0.9872422218322754,0.3442336916923523,0.1109834611415863,1.0118521451950073,0.9523086547851562,0.9488608241081238,0.9423961043357849,0.45385241508483887,0.09099065512418747,0.01388874463737011,1.0,2.435514450073242,2.361821174621582,2.403278350830078,0.0,5.0,0.0,0.0,0.0,0.0,0.0,0.0,,,,,,,,,,,,,,,,,,,,,,0.001
5,1460,train,0.13008572161197662,0.1082182377576828,0.1093374490737915,0.0,0.0,0.0,0.0,0.0,0.0,0.0,0.0,0.0,0.0,0.0,0.0,0.0,0.0,0.0,0.0,0.0,0.0,0.0,0.0,0.0,0.0,0.0,0.0,1.0,0.052360668778419495,0.052360668778419495,0.052332762628793716,0.0,0.018981222063302994,0.45070138573646545,1.0,0.0,1.0,0.0,0.0,0.019497789442539215,0.0,0.0,0.0,0.0,0.20005378127098083,0.13858534395694733,0.008916057646274567,0.6613200306892395,0.3408307135105133,0.0,0.0,0.0,0.0,0.0,0.0,0.0,0.0,1.0,0.0,0.0033511188812553883,0.299905389547348,0.16884282231330872,0.07183258980512619,0.0,0.1093374490737915,0.1082182377576828,0.1082182377576828,0.0802711471915245,0.0387888066470623,5.929493701595234e-11,0.0,0.0,3.8182473182678223,3.8182473182678223,0.952671468257904,0.952671468257904,0.31555867195129395,0.0,0.0,0.0,0.0,0.20005379617214203,0.22811290621757507,2.6998921384802088e-05,0.9779605269432068,0.3408307135105133,0.13396140933036804,0.9989717602729797,0.9613277912139893,0.952671468257904,1.0104306936264038,0.45070138573646545,0.08949168026447296,0.014448542147874832,1.0,2.2777552604675293,2.3851640224456787,2.4491233825683594,0.0,5.0,0.0,0.0,0.0,0.0,0.0,0.0,,,,,,,,,,,,,,,,,,,,,,0.001
5,1480,train,0.13867290318012238,0.11562575399875641,0.11523577570915222,0.0,0.0,0.0,0.0,0.0,0.0,0.0,0.0,0.0,0.0,0.0,0.0,0.0,0.0,0.0,0.0,0.0,0.0,0.0,0.0,0.0,0.0,0.0,0.0,1.0,0.05117693915963173,0.05117693915963173,0.05110560357570648,0.0,0.019064659252762794,0.45510682463645935,1.0,0.0,1.0,0.0,0.0,0.03938256576657295,0.0,0.0,0.0,0.0,0.2095070779323578,0.12136882543563843,0.014526663348078728,0.5398576855659485,0.34668031334877014,0.0,0.0,0.0,0.0,0.0,0.0,0.0,0.0,1.0,0.0,0.0027656620368361473,0.28235241770744324,0.1627998650074005,0.060388196259737015,0.0,0.11523577570915222,0.11562575399875641,0.11562575399875641,0.08592082560062408,0.05367308482527733,4.2279291179170286e-10,0.0,0.0,3.8367037773132324,3.8367040157318115,0.9742819666862488,0.9742819666862488,0.3448973596096039,0.0,0.0,0.0,0.0,0.20950709283351898,0.23782604932785034,7.937823829706758e-05,0.9866999387741089,0.34668031334877014,0.13604474067687988,1.054679036140442,0.9795716404914856,0.9742819666862488,0.9649465680122375,0.45510682463645935,0.09104183316230774,0.014027838595211506,1.0,2.41395902633667,2.4122397899627686,2.3446195125579834,0.0,5.0,0.0,0.0,0.0,0.0,0.0,0.0,,,,,,,,,,,,,,,,,,,,,,0.001
5,1500,train,0.13764140009880066,0.11480194330215454,0.11419730633497238,0.0,0.0,0.0,0.0,0.0,0.0,0.0,0.0,0.0,0.0,0.0,0.0,0.0,0.0,0.0,0.0,0.0,0.0,0.0,0.0,0.0,0.0,0.0,0.0,1.0,0.04795942083001137,0.04795942083001137,0.04791870713233948,0.0,0.019161565229296684,0.45521870255470276,1.0,0.0,1.0,0.0,0.0,0.0462195947766304,0.0,0.0,0.0,0.0,0.22803820669651031,0.14430320262908936,0.006369379814714193,0.6326944828033447,0.3462432324886322,0.0,0.0,0.0,0.0,0.0,0.0,0.0,0.0,1.0,0.0,0.0012234196765348315,0.2803875207901001,0.15736141800880432,0.05426035821437836,0.0,0.11419730633497238,0.11480194330215454,0.11480194330215454,0.07961058616638184,0.04755822569131851,3.4476430044172446e-10,0.0,0.0,3.807469606399536,3.807469606399536,0.9274647831916809,0.9274647831916809,0.31476742029190063,0.0,0.0,0.0,0.0,0.2280382513999939,0.2577340602874756,0.00016581806994508952,0.9959023594856262,0.3462432324886322,0.1620098203420639,0.9483282566070557,0.928378701210022,0.9274647831916809,0.9311957955360413,0.45521870255470276,0.08908340334892273,0.013637777417898178,1.0,2.5817718505859375,2.4459986686706543,2.3496415615081787,0.0,5.0,0.0,0.0,0.0,0.0,0.0,0.0,,,,,,,,,,,,,,,,,,,,,,0.001
5,1520,train,0.1357475221157074,0.11306001245975494,0.11343757808208466,0.0,0.0,0.0,0.0,0.0,0.0,0.0,0.0,0.0,0.0,0.0,0.0,0.0,0.0,0.0,0.0,0.0,0.0,0.0,0.0,0.0,0.0,0.0,0.0,1.0,0.05056334286928177,0.05056334286928177,0.050512272864580154,0.0,0.019044389948248863,0.4517866373062134,1.0,0.0,1.0,0.0,0.0,0.025845397263765335,0.0,0.0,0.0,0.0,0.1835794746875763,0.09811191260814667,0.006939822807908058,0.5532894134521484,0.3310903012752533,0.0,0.0,0.0,0.0,0.0,0.0,0.0,0.0,1.0,0.0,0.0017883977852761745,0.2945132553577423,0.1686779260635376,0.051426153630018234,0.0,0.11343757808208466,0.11306001245975494,0.11306001245975494,0.08824340254068375,0.0479474700987339,-9.877423184923018e-11,0.0,0.0,3.803887367248535,3.803887367248535,0.9630420804023743,0.9630420804023743,0.3549230694770813,0.0,0.0,0.0,0.0,0.1835794895887375,0.21549579501152039,4.0199858631240204e-05,0.9932025074958801,0.3310903012752533,0.10758272558450699,0.9928908348083496,0.9634054899215698,0.9630420804023743,0.998405396938324,0.4517866373062134,0.08813732862472534,0.014231435023248196,1.0,2.283400297164917,2.3843913078308105,2.399179220199585,0.0,5.0,0.0,0.0,0.0,0.0,0.0,0.0,,,,,,,,,,,,,,,,,,,,,,0.001
5,1540,train,0.12455995380878448,0.10373391211032867,0.10413020104169846,0.0,0.0,0.0,0.0,0.0,0.0,0.0,0.0,0.0,0.0,0.0,0.0,0.0,0.0,0.0,0.0,0.0,0.0,0.0,0.0,0.0,0.0,0.0,0.0,1.0,0.041275013238191605,0.041275013238191605,0.04121430963277817,0.0,0.01832462288439274,0.4524000585079193,1.0,0.0,1.0,0.0,0.0,0.045897990465164185,0.0,0.0,0.0,0.0,0.2239377498626709,0.11698424071073532,0.01880740374326706,0.547545313835144,0.3468746840953827,0.0,0.0,0.0,0.0,0.0,0.0,0.0,0.0,1.0,0.0,0.0016883654752746224,0.2539650499820709,0.15581060945987701,0.05143151804804802,0.0,0.10413020104169846,0.10373391211032867,0.10373391211032867,0.07886046171188354,0.038126807659864426,-1.30872618298028e-10,0.0,0.0,3.800175189971924,3.800175189971924,0.9217748641967773,0.9217748641967773,0.30422714352607727,0.0,0.0,0.0,0.0,0.2239377647638321,0.25540247559547424,0.00013428959937300533,0.996227502822876,0.3468746840953827,0.1494944989681244,0.9208710193634033,0.9293372631072998,0.9217748641967773,0.899069607257843,0.4524000585079193,0.08994992077350616,0.013497958891093731,1.0,2.436035394668579,2.4022796154022217,2.4209275245666504,0.0,5.0,0.0,0.0,0.0,0.0,0.0,0.0,,,,,,,,,,,,,,,,,,,,,,0.001
5,1560,train,0.1239299476146698,0.10307078808546066,0.10429578274488449,0.0,0.0,0.0,0.0,0.0,0.0,0.0,0.0,0.0,0.0,0.0,0.0,0.0,0.0,0.0,0.0,0.0,0.0,0.0,0.0,0.0,0.0,0.0,0.0,1.0,0.04876849800348282,0.04876849800348282,0.048728544265031815,0.0,0.018712161108851433,0.4513849914073944,1.0,0.0,1.0,0.0,0.0,0.02189614437520504,0.0,0.0,0.0,0.0,0.19608426094055176,0.11445678770542145,0.01192426960915327,0.5947030782699585,0.32199397683143616,0.0,0.0,0.0,0.0,0.0,0.0,0.0,0.0,1.0,0.0,0.0038413372822105885,0.27177155017852783,0.16317380964756012,0.04907793924212456,0.0,0.10429578274488449,0.10307078808546066,0.10307078808546066,0.08519603312015533,0.02304571494460106,-4.6104356443699146e-10,0.0,0.0,3.8252205848693848,3.8252205848693848,0.952435314655304,0.952435314655304,0.33043497800827026,0.0,0.0,0.0,0.0,0.19608427584171295,0.23959073424339294,6.904302153998287e-06,0.9828788042068481,0.32199397683143616,0.13174019753932953,0.974606454372406,0.9718888401985168,0.952435314655304,0.9316006302833557,0.4513849914073944,0.09075228869915009,0.015332937240600586,1.0,2.3069353103637695,2.354616641998291,2.3421826362609863,0.0,5.0,0.0,0.0,0.0,0.0,0.0,0.0,,,,,,,,,,,,,,,,,,,,,,0.001
5,1580,train,0.1428607553243637,0.1185697689652443,0.12145495414733887,0.0,0.0,0.0,0.0,0.0,0.0,0.0,0.0,0.0,0.0,0.0,0.0,0.0,0.0,0.0,0.0,0.0,0.0,0.0,0.0,0.0,0.0,0.0,0.0,1.0,0.04913404956459999,0.049134042114019394,0.04903469234704971,0.0,0.018615180626511574,0.453703373670578,1.0,0.0,1.0,0.0,0.0,0.04130491986870766,0.0,0.0,0.0,0.0,0.208750382065773,0.0973806232213974,0.022598471492528915,0.48662370443344116,0.35438403487205505,0.0,0.0,0.0,0.0,0.0,0.0,0.0,0.0,1.0,0.0,0.003967885859310627,0.2887045443058014,0.16741755604743958,0.04023619741201401,0.0,0.12145495414733887,0.1185697689652443,0.1185697689652443,0.09980491548776627,0.05788915231823921,-2.6473584435748876e-10,0.0,0.0,3.945268392562866,3.9452688694000244,0.9804468750953674,0.9804468750953674,0.3992711901664734,0.0,0.0,0.0,0.0,0.2087503969669342,0.23052085936069489,1.630666884011589e-05,0.9812102913856506,0.35438403487205505,0.1311427801847458,1.0228220224380493,0.9853032827377319,0.9804468750953674,0.9960768818855286,0.453703373670578,0.08937813341617584,0.013425706885755062,1.0,2.4510557651519775,2.37923002243042,2.3358466625213623,0.0,5.0,0.0,0.0,0.0,0.0,0.0,0.0,,,,,,,,,,,,,,,,,,,,,,0.001
5,1600,train,0.13769514858722687,0.11441785097122192,0.11638651043176651,0.0,0.0,0.0,0.0,0.0,0.0,0.0,0.0,0.0,0.0,0.0,0.0,0.0,0.0,0.0,0.0,0.0,0.0,0.0,0.0,0.0,0.0,0.0,0.0,1.0,0.052082229405641556,0.052082229405641556,0.051994141191244125,0.0,0.019685057923197746,0.4494706392288208,1.0,0.0,1.0,0.0,0.0,0.01917414367198944,0.0,0.0,0.0,0.0,0.1930358111858368,0.10403401404619217,0.020296968519687653,0.5441192388534546,0.3330726623535156,0.0,0.0,0.0,0.0,0.0,0.0,0.0,0.0,1.0,0.0,0.0040156724862754345,0.2922590374946594,0.15900984406471252,0.04162265732884407,0.0,0.11638651043176651,0.11441785097122192,0.11441785097122192,0.08293178677558899,0.004381924401968718,-3.0534294710726773e-12,0.0,0.0,3.7685387134552,3.7685387134552,0.9501526355743408,0.9501526355743408,0.30672699213027954,0.0,0.0,0.0,0.0,0.19303582608699799,0.22423288226127625,5.164803496882087e-06,0.9862229228019714,0.3330726623535156,0.1201593205332756,0.9970248937606812,0.9575071930885315,0.9501526355743408,0.9775325059890747,0.4494706392288208,0.09013500064611435,0.01419840194284916,1.0,2.30788516998291,2.3470683097839355,2.373800039291382,0.0,5.0,0.0,0.0,0.0,0.0,0.0,0.0,,,,,,,,,,,,,,,,,,,,,,0.001
5,1620,train,0.14458677172660828,0.12006577104330063,0.12260504066944122,0.0,0.0,0.0,0.0,0.0,0.0,0.0,0.0,0.0,0.0,0.0,0.0,0.0,0.0,0.0,0.0,0.0,0.0,0.0,0.0,0.0,0.0,0.0,0.0,1.0,0.05283741280436516,0.052837420254945755,0.052790749818086624,0.0,0.019502807408571243,0.45392510294914246,1.0,0.0,1.0,0.0,0.0,0.048541661351919174,0.0,0.0,0.0,0.0,0.1884649246931076,0.1101263090968132,0.011690234765410423,0.5187288522720337,0.33367863297462463,0.0,0.0,0.0,0.0,0.0,0.0,0.0,0.0,1.0,0.0,0.006088291760534048,0.27733859419822693,0.16782927513122559,0.03600484877824783,0.0,0.12260504066944122,0.12006577104330063,0.12006577104330063,0.0979764387011528,0.05613219365477562,1.1476444100599892e-10,0.0,0.0,3.801252841949463,3.801252841949463,1.0076172351837158,1.0076172351837158,0.38502755761146545,0.0,0.0,0.0,0.0,0.1884649395942688,0.22017240524291992,2.497944933566032e-06,0.98976069688797,0.33367863297462463,0.11685049533843994,1.0556544065475464,1.0116685628890991,1.0076172351837158,1.0042091608047485,0.45392510294914246,0.0936640053987503,0.015504756011068821,1.0,2.2568390369415283,2.3681845664978027,2.386219024658203,0.0,5.0,0.0,0.0,0.0,0.0,0.0,0.0,,,,,,,,,,,,,,,,,,,,,,0.001
5,1640,train,0.12602049112319946,0.1049402728676796,0.10540105402469635,0.0,0.0,0.0,0.0,0.0,0.0,0.0,0.0,0.0,0.0,0.0,0.0,0.0,0.0,0.0,0.0,0.0,0.0,0.0,0.0,0.0,0.0,0.0,0.0,1.0,0.05122258514165878,0.05122258514165878,0.05117960646748543,0.0,0.019158659502863884,0.4496389627456665,1.0,0.0,1.0,0.0,0.0,0.023433974012732506,0.0,0.0,0.0,0.0,0.19222098588943481,0.09694480895996094,0.02008698135614395,0.5139107704162598,0.34807634353637695,0.0,0.0,0.0,0.0,0.0,0.0,0.0,0.0,1.0,0.0,0.0013533132150769234,0.27207452058792114,0.16151848435401917,0.03953922912478447,0.0,0.10540105402469635,0.1049402728676796,0.1049402728676796,0.08604799211025238,0.028610864654183388,3.5447902946295073e-10,0.0,0.0,3.8083033561706543,3.8083033561706543,0.9511668682098389,0.9511668682098389,0.325613409280777,0.0,0.0,0.0,0.0,0.19222098588943481,0.21254535019397736,4.601263935910538e-05,0.9804628491401672,0.34807634353637695,0.11400122940540314,0.9506645798683167,0.963646411895752,0.9511668682098389,0.9470047950744629,0.4496389627456665,0.0944008007645607,0.015042454935610294,1.0,2.203064441680908,2.32045841217041,2.307173728942871,0.0,5.0,0.0,0.0,0.0,0.0,0.0,0.0,,,,,,,,,,,,,,,,,,,,,,0.001
5,1660,train,0.13587979972362518,0.11315194517374039,0.11363927274942398,0.0,0.0,0.0,0.0,0.0,0.0,0.0,0.0,0.0,0.0,0.0,0.0,0.0,0.0,0.0,0.0,0.0,0.0,0.0,0.0,0.0,0.0,0.0,0.0,1.0,0.04655713960528374,0.04655713587999344,0.04650915414094925,0.0,0.017758643254637718,0.4552604556083679,1.0,0.0,1.0,0.0,0.0,0.054687000811100006,0.0,0.0,0.0,0.0,0.16652251780033112,0.09397926181554794,0.005551892798393965,0.4278568923473358,0.31531694531440735,0.0,0.0,0.0,0.0,0.0,0.0,0.0,0.0,1.0,0.0,0.002270858036354184,0.2978741526603699,0.16878429055213928,0.03473060578107834,0.0,0.11363927274942398,0.11315194517374039,0.11315194517374039,0.09499700367450714,0.07019595056772232,-6.8508441107562046e-12,0.0,0.0,3.9487507343292236,3.9487507343292236,0.9675794243812561,0.9675794243812561,0.40472906827926636,0.0,0.0,0.0,0.0,0.1665225327014923,0.2010677605867386,1.2902068192488514e-05,0.9159504771232605,0.31531694531440735,0.09842218458652496,0.9819718599319458,0.9754066467285156,0.9675794243812561,0.9578983187675476,0.4552604556083679,0.0913613960146904,0.014529570937156677,1.0,2.454895496368408,2.3907358646392822,2.4052414894104004,0.0,5.0,0.0,0.0,0.0,0.0,0.0,0.0,,,,,,,,,,,,,,,,,,,,,,0.001
5,1670,train_epoch,0.14543499413900032,0.12094040072249795,0.1224729679078756,0.0,0.0,0.0,0.0,0.0,0.0,0.0,0.0,0.0,0.0,0.0,0.0,0.0,0.0,0.0,0.0,0.0,0.0,0.0,0.0,0.0,0.0,0.0,0.0,1.0,0.05251332556460789,0.05251332556460789,0.05246549307140048,0.0,0.018749307155118373,0.45312511929851806,1.0,0.0,1.0,0.0,0.0,0.036770081356680855,0.0,0.0,0.0,0.0,0.1942670345752539,0.108417415288751,0.012572993251458815,0.5137275120990719,0.33714797771619465,0.0,0.0,0.0,0.0,0.0,0.0,0.0,0.0,1.0,0.0,0.003809117785406447,0.28833966233773145,0.1671190304670505,0.06374922394752502,0.0,0.1224729679078756,0.12094040072249795,0.12094040072249795,0.08486228324695975,0.03770376853909745,1.267600458686234e-11,0.0,0.0,3.8117130309521796,3.811713026669211,0.9770864944258136,0.9770864944258136,0.33440124118577935,0.0,0.0,0.0,0.0,0.19426704925334382,0.2234400771781356,4.5913060213122465e-05,0.9825673058718264,0.33714797771619465,0.11934890098379043,1.0425453830265,0.9795329726027872,0.9770864944258136,0.9779542871934925,0.45312511929851806,0.08983374288874472,0.014637889884256138,1.0,2.3960332749132625,2.3951668989158676,2.3947192873069625,0.0,5.0,0.0,0.0,0.0,0.0,0.0,0.0,,,,,,,,,,,,,,,,,,,,,,0.001
