epoch,step,split,total_loss,pred_loss,inv_loss,gate_loss,swap_loss,swap_diff_loss,swap_same_loss,kl_loss,effective_lambda_kl,effective_lambda_envpred,effective_lambda_future_mi,effective_lambda_swap,effective_lambda_sep,effective_lambda_mask_sparse,aux_schedule_factor,ind_loss,sparse_loss,entropy_loss,residual_norm_loss,env_consistency_loss,z_cons_loss,y_cons_loss,effective_lambda_z_cons,effective_lambda_y_cons,persistence_mi_loss,envpred_loss,future_mi_loss,future_mi_type,env_fut_nll,env_fut_nll_plus,env_fut_nll_minus,env_fut_kl,pred_fut_logvar_mean,pred_fut_mu_norm,future_mi_valid,sep_loss,sep_mi_type,club_upper_bound,club_fit_nll,cross_cov_loss,hsic_loss,rank_loss,mask_sparse_loss,effective_lambda_persistence_mi,rho_mean,rho_std,rho_min,rho_max,rho_entropy,delta_gain_mean,delta_gain_std,delta_gain_pos_ratio,s_gain_mean,persist_score_mean,persist_score_std,s_persist_mean,s_gate_mean,persistence_valid,potential_gain_mean,swap_delta_mean,swap_weight_mean,env_mu_abs_mean,env_std_mean,r_env_abs_mean,y_inv_mae,y_potential_mae,y_hat_mae,sep_projection_ratio,sep_cos_z_env_before,sep_cos_z_env_after,sep_lowrank_energy_ratio,sep_residual_norm,sep_z_raw_norm,sep_z_inv_norm,sep_env_raw_norm,sep_env_norm,sep_proj_norm,sep_basis_rank,sep_svd_top_singular_mean,sep_lowrank_rank,sep_env_residual_norm,mask_mean,mask_std,mask_min,mask_max,mask_entropy,mask_active_ratio,env_plus_norm,env_minus_norm,env_hist_norm,env_fut_norm,env_fut_pred_norm,fusion_gamma_abs_mean,fusion_beta_abs_mean,timestamp_valid,cur_time_emb_norm,seq_time_emb_norm,future_time_emb_norm,backbone_aux_loss,curriculum_horizon,cast_vq_loss,cast_commit_loss,cast_mi_loss,stone_graph_perturb_loss,stone_spatial_graph_entropy,stone_temporal_graph_entropy,val_mae,val_mse,val_rmse,val_mape,val_wape,val_mae_h3,val_rmse_h3,val_mape_h3,val_wape_h3,val_mae_h6,val_rmse_h6,val_mape_h6,val_wape_h6,val_mae_h12,val_rmse_h12,val_mape_h12,val_wape_h12,val_mae_avg12,val_rmse_avg12,val_mape_avg12,val_wape_avg12,lr
1,20,train,0.2051715850830078,0.17112812399864197,0.17021726071834564,0.0,0.0,0.0,0.0,0.0,0.0,0.0,0.0,0.0,0.0,0.0,0.0,0.0,0.0,0.0,0.0,0.0,0.0,0.0,0.0,0.0,0.0,0.0,0.0,1.0,0.5067739486694336,0.5067739486694336,0.5066413879394531,0.0,0.020043326541781425,0.46476972103118896,1.0,0.0,1.0,0.0,0.0,0.0002260527980979532,0.0,0.0,0.0,0.0,1.0,0.0,1.0,1.0,1.4998885490058456e-05,0.0,0.0,0.0,0.0,0.0,0.0,0.0,0.0,1.0,0.0,3.284675403847359e-05,0.4702119827270508,0.06520956754684448,1.0017180442810059,0.0,0.17021726071834564,0.17112812399864197,0.17112812399864197,0.0836232602596283,0.02039545215666294,-1.486007011886059e-10,0.0,0.0,3.9194982051849365,3.919498920440674,1.6791014671325684,1.6791014671325684,0.3143758475780487,0.0,0.0,0.0,0.0,1.0,0.0,1.0,1.0,1.4998885490058456e-05,1.0,1.6791014671325684,0.0,1.6791014671325684,1.674834132194519,0.46476972103118896,0.013525019399821758,0.0052944389171898365,1.0,3.0193703174591064,3.015547752380371,3.0604395866394043,0.0,3.0,0.0,0.0,0.0,0.0,0.0,0.0,,,,,,,,,,,,,,,,,,,,,,0.001
1,40,train,0.22307267785072327,0.18582408130168915,0.1862429678440094,0.0,0.0,0.0,0.0,0.0,0.0,0.0,0.0,0.0,0.0,0.0,0.0,0.0,0.0,0.0,0.0,0.0,0.0,0.0,0.0,0.0,0.0,0.0,0.0,1.0,0.5085566639900208,0.5085566639900208,0.5084164142608643,0.0,0.018254825845360756,0.4614022374153137,1.0,0.0,1.0,0.0,0.0,0.00023526202130597085,0.0,0.0,0.0,0.0,1.0,0.0,1.0,1.0,1.4998885490058456e-05,0.0,0.0,0.0,0.0,0.0,0.0,0.0,0.0,1.0,0.0,0.00013197012594901025,0.46773791313171387,0.06816858053207397,0.999906063079834,0.0,0.1862429678440094,0.18582408130168915,0.18582408130168915,0.06841367483139038,0.010126822628080845,-5.509708314588302e-11,0.0,0.0,4.005023002624512,4.005023002624512,1.683447241783142,1.683447241783142,0.25738614797592163,0.0,0.0,0.0,0.0,1.0,0.0,1.0,1.0,1.4998885490058456e-05,1.0,1.6834471225738525,0.0,1.683447241783142,1.6798386573791504,0.4614022374153137,0.019419219344854355,0.006410537287592888,1.0,3.086348533630371,3.042009115219116,3.119429349899292,0.0,3.0,0.0,0.0,0.0,0.0,0.0,0.0,,,,,,,,,,,,,,,,,,,,,,0.001
1,60,train,0.15981616079807281,0.13318637013435364,0.1331489384174347,0.0,0.0,0.0,0.0,0.0,0.0,0.0,0.0,0.0,0.0,0.0,0.0,0.0,0.0,0.0,0.0,0.0,0.0,0.0,0.0,0.0,0.0,0.0,0.0,1.0,0.5026196241378784,0.5026196241378784,0.5024730563163757,0.0,0.01924176514148712,0.47163692116737366,1.0,0.0,1.0,0.0,0.0,0.00035456608748063445,0.0,0.0,0.0,0.0,1.0,0.0,1.0,1.0,1.4998885490058456e-05,0.0,0.0,0.0,0.0,0.0,0.0,0.0,0.0,1.0,0.0,4.6684526751050726e-05,0.46413812041282654,0.07062838971614838,0.9955185055732727,0.0,0.1331489384174347,0.13318637013435364,0.13318637013435364,0.06612718105316162,0.01280790101736784,-1.968426394105549e-10,0.0,0.0,3.8265597820281982,3.8265597820281982,1.6844202280044556,1.6844202280044556,0.23574335873126984,0.0,0.0,0.0,0.0,1.0,0.0,1.0,1.0,1.4998885490058456e-05,1.0,1.6844202280044556,0.0,1.6844202280044556,1.6788315773010254,0.47163692116737366,0.02250337041914463,0.005500347353518009,1.0,3.0378670692443848,3.076356887817383,3.0660858154296875,0.0,3.0,0.0,0.0,0.0,0.0,0.0,0.0,,,,,,,,,,,,,,,,,,,,,,0.001
1,80,train,0.23457644879817963,0.19545163214206696,0.19562408328056335,0.0,0.0,0.0,0.0,0.0,0.0,0.0,0.0,0.0,0.0,0.0,0.0,0.0,0.0,0.0,0.0,0.0,0.0,0.0,0.0,0.0,0.0,0.0,0.0,1.0,0.4971047341823578,0.4971047341823578,0.4969571530818939,0.0,0.01873519830405712,0.46123600006103516,1.0,0.0,1.0,0.0,0.0,0.0003282904508523643,0.0,0.0,0.0,0.0,1.0,0.0,1.0,1.0,1.4998885490058456e-05,0.0,0.0,0.0,0.0,0.0,0.0,0.0,0.0,1.0,0.0,-2.0177596979920054e-06,0.4584828317165375,0.07579077035188675,0.9900535941123962,0.0,0.19562408328056335,0.19545163214206696,0.19545163214206696,0.06816007196903229,-0.007307037245482206,3.170141926744918e-11,0.0,0.0,3.764467477798462,3.764467477798462,1.6836795806884766,1.6836795806884766,0.23479603230953217,0.0,0.0,0.0,0.0,1.0,0.0,1.0,1.0,1.4998885490058456e-05,1.0,1.6836795806884766,0.0,1.6836795806884766,1.6809308528900146,0.46123600006103516,0.0254511721432209,0.006163225509226322,1.0,2.9900527000427246,3.007855176925659,3.029923915863037,0.0,3.0,0.0,0.0,0.0,0.0,0.0,0.0,,,,,,,,,,,,,,,,,,,,,,0.001
1,100,train,0.1744193732738495,0.14538727700710297,0.145160511136055,0.0,0.0,0.0,0.0,0.0,0.0,0.0,0.0,0.0,0.0,0.0,0.0,0.0,0.0,0.0,0.0,0.0,0.0,0.0,0.0,0.0,0.0,0.0,0.0,1.0,0.4934239387512207,0.4934239685535431,0.4932623505592346,0.0,0.01987493224442005,0.46752113103866577,1.0,0.0,1.0,0.0,0.0,0.0002338652266189456,0.0,0.0,0.0,0.0,1.0,0.0,1.0,1.0,1.4998885490058456e-05,0.0,0.0,0.0,0.0,0.0,0.0,0.0,0.0,1.0,0.0,4.826185977435671e-05,0.4585736393928528,0.07651375234127045,0.9850525259971619,0.0,0.145160511136055,0.14538727700710297,0.14538727700710297,0.05630681663751602,0.016711341217160225,4.0460471778525076e-11,0.0,0.0,3.940042018890381,3.940042018890381,1.6751331090927124,1.6751331090927124,0.2064504623413086,0.0,0.0,0.0,0.0,1.0,0.0,1.0,1.0,1.4998885490058456e-05,1.0,1.6751331090927124,0.0,1.6751331090927124,1.6697452068328857,0.46752113103866577,0.027504438534379005,0.00770728662610054,1.0,2.8515639305114746,2.9002113342285156,2.925687789916992,0.0,3.0,0.0,0.0,0.0,0.0,0.0,0.0,,,,,,,,,,,,,,,,,,,,,,0.001
1,120,train,0.15433253347873688,0.1286051720380783,0.12863683700561523,0.0,0.0,0.0,0.0,0.0,0.0,0.0,0.0,0.0,0.0,0.0,0.0,0.0,0.0,0.0,0.0,0.0,0.0,0.0,0.0,0.0,0.0,0.0,0.0,1.0,0.4880370497703552,0.4880370497703552,0.4878879189491272,0.0,0.01706423982977867,0.4653131365776062,1.0,0.0,1.0,0.0,0.0,0.000399012234993279,0.0,0.0,0.0,0.0,1.0,0.0,1.0,1.0,1.4998885490058456e-05,0.0,0.0,0.0,0.0,0.0,0.0,0.0,0.0,1.0,0.0,1.723923332974664e-06,0.4548286199569702,0.07764079421758652,0.97828608751297,0.0,0.12863683700561523,0.1286051720380783,0.1286051720380783,0.06249081715941429,-0.006892935838550329,-1.6685734738342006e-10,0.0,0.0,3.9403998851776123,3.9403998851776123,1.6690056324005127,1.6690056324005127,0.22559981048107147,0.0,0.0,0.0,0.0,1.0,0.0,1.0,1.0,1.4998885490058456e-05,1.0,1.6690055131912231,0.0,1.6690056324005127,1.6632945537567139,0.4653131365776062,0.029472362250089645,0.007056441158056259,1.0,3.077496290206909,3.082664966583252,2.9964473247528076,0.0,3.0,0.0,0.0,0.0,0.0,0.0,0.0,,,,,,,,,,,,,,,,,,,,,,0.001
1,140,train,0.16733860969543457,0.13939301669597626,0.13972793519496918,0.0,0.0,0.0,0.0,0.0,0.0,0.0,0.0,0.0,0.0,0.0,0.0,0.0,0.0,0.0,0.0,0.0,0.0,0.0,0.0,0.0,0.0,0.0,0.0,1.0,0.48381876945495605,0.48381876945495605,0.4836997985839844,0.0,0.019263511523604393,0.46071475744247437,1.0,0.0,1.0,0.0,0.0,0.0003356532834004611,0.0,0.0,0.0,0.0,1.0,0.0,1.0,1.0,1.4998885490058456e-05,0.0,0.0,0.0,0.0,0.0,0.0,0.0,0.0,1.0,0.0,9.459623106522486e-05,0.4513300359249115,0.07839273661375046,0.973926842212677,0.0,0.13972793519496918,0.13939301669597626,0.13939301669597626,0.059714049100875854,0.016448339447379112,-2.729288739455882e-10,0.0,0.0,3.670214891433716,3.670214891433716,1.6605802774429321,1.6605802774429321,0.19588834047317505,0.0,0.0,0.0,0.0,1.0,0.0,1.0,1.0,1.4998885490058456e-05,1.0,1.6605802774429321,0.0,1.6605802774429321,1.66184663772583,0.46071475744247437,0.03130153939127922,0.008036462590098381,1.0,2.73317289352417,2.887664318084717,2.9457480907440186,0.0,3.0,0.0,0.0,0.0,0.0,0.0,0.0,,,,,,,,,,,,,,,,,,,,,,0.001
1,160,train,0.17512623965740204,0.14593833684921265,0.14593948423862457,0.0,0.0,0.0,0.0,0.0,0.0,0.0,0.0,0.0,0.0,0.0,0.0,0.0,0.0,0.0,0.0,0.0,0.0,0.0,0.0,0.0,0.0,0.0,0.0,1.0,0.47549885511398315,0.47549882531166077,0.4753662347793579,0.0,0.01862036995589733,0.4590085744857788,1.0,0.0,1.0,0.0,0.0,0.0003541404439602047,0.0,0.0,0.0,0.0,1.0,0.0,1.0,1.0,1.4998885490058456e-05,0.0,0.0,0.0,0.0,0.0,0.0,0.0,0.0,1.0,0.0,-8.06261959951371e-05,0.44862043857574463,0.08208770304918289,0.966626763343811,0.0,0.14593948423862457,0.14593833684921265,0.14593833684921265,0.05541031435132027,0.010861245915293694,1.990625025927173e-10,0.0,0.0,3.8622100353240967,3.8622095584869385,1.6580742597579956,1.6580742597579956,0.19438225030899048,0.0,0.0,0.0,0.0,1.0,0.0,1.0,1.0,1.4998885490058456e-05,1.0,1.6580742597579956,0.0,1.6580742597579956,1.6571941375732422,0.4590085744857788,0.03227747231721878,0.009072286076843739,1.0,2.8033487796783447,2.8239924907684326,2.8289954662323,0.0,3.0,0.0,0.0,0.0,0.0,0.0,0.0,,,,,,,,,,,,,,,,,,,,,,0.001
1,180,train,0.1539001613855362,0.1282399296760559,0.12830118834972382,0.0,0.0,0.0,0.0,0.0,0.0,0.0,0.0,0.0,0.0,0.0,0.0,0.0,0.0,0.0,0.0,0.0,0.0,0.0,0.0,0.0,0.0,0.0,0.0,1.0,0.4631099998950958,0.4631099998950958,0.4629843235015869,0.0,0.017637811601161957,0.4628737270832062,1.0,0.0,1.0,0.0,0.0,0.0004138156655244529,0.0,0.0,0.0,0.0,1.0,0.0,1.0,1.0,1.4998885490058456e-05,0.0,0.0,0.0,0.0,0.0,0.0,0.0,0.0,1.0,0.0,7.101138180587441e-05,0.44200611114501953,0.08741133660078049,0.9520592093467712,0.0,0.12830118834972382,0.1282399296760559,0.1282399296760559,0.0613088384270668,-0.009250582195818424,1.6148211934297052e-10,0.0,0.0,3.8665542602539062,3.8665542602539062,1.645353078842163,1.645353078842163,0.2149299681186676,0.0,0.0,0.0,0.0,1.0,0.0,1.0,1.0,1.4998885490058456e-05,1.0,1.645353078842163,0.0,1.645353078842163,1.6422693729400635,0.4628737270832062,0.03268372640013695,0.008295193314552307,1.0,2.971956729888916,2.9115352630615234,2.902611255645752,0.0,3.0,0.0,0.0,0.0,0.0,0.0,0.0,,,,,,,,,,,,,,,,,,,,,,0.001
1,200,train,0.17317229509353638,0.14433959126472473,0.14416353404521942,0.0,0.0,0.0,0.0,0.0,0.0,0.0,0.0,0.0,0.0,0.0,0.0,0.0,0.0,0.0,0.0,0.0,0.0,0.0,0.0,0.0,0.0,0.0,0.0,1.0,0.4524393677711487,0.4524393677711487,0.4523276090621948,0.0,0.02114643156528473,0.46549224853515625,1.0,0.0,1.0,0.0,0.0,0.0005374675383791327,0.0,0.0,0.0,0.0,1.0,0.0,1.0,1.0,1.4998885490058456e-05,0.0,0.0,0.0,0.0,0.0,0.0,0.0,0.0,1.0,0.0,-4.528809768089559e-06,0.4406154155731201,0.08608539402484894,0.9416510462760925,0.0,0.14416353404521942,0.14433959126472473,0.14433959126472473,0.052264053374528885,0.004489361774176359,-1.8557194669810428e-10,0.0,0.0,3.72013521194458,3.72013521194458,1.6321659088134766,1.6321659088134766,0.17351876199245453,0.0,0.0,0.0,0.0,1.0,0.0,1.0,1.0,1.4998885490058456e-05,1.0,1.632165789604187,0.0,1.6321659088134766,1.63042414188385,0.46549224853515625,0.03362274169921875,0.009017452597618103,1.0,2.852522611618042,2.864572525024414,2.9451053142547607,0.0,3.0,0.0,0.0,0.0,0.0,0.0,0.0,,,,,,,,,,,,,,,,,,,,,,0.001
1,220,train,0.19317664206027985,0.16090455651283264,0.16136039793491364,0.0,0.0,0.0,0.0,0.0,0.0,0.0,0.0,0.0,0.0,0.0,0.0,0.0,0.0,0.0,0.0,0.0,0.0,0.0,0.0,0.0,0.0,0.0,0.0,1.0,0.4388273060321808,0.4388273060321808,0.4387119710445404,0.0,0.02009664848446846,0.46089985966682434,1.0,0.0,1.0,0.0,0.0,0.0003797450917772949,0.0,0.0,0.0,0.0,1.0,0.0,1.0,1.0,1.4998885490058456e-05,0.0,0.0,0.0,0.0,0.0,0.0,0.0,0.0,1.0,0.0,-4.183121200185269e-05,0.4393562078475952,0.08494509756565094,0.9258754849433899,0.0,0.16136039793491364,0.16090455651283264,0.16090455651283264,0.05816677585244179,0.006174391135573387,-7.263690343650708e-11,0.0,0.0,3.882268190383911,3.882268190383911,1.6066679954528809,1.6066679954528809,0.19811789691448212,0.0,0.0,0.0,0.0,1.0,0.0,1.0,1.0,1.4998885490058456e-05,1.0,1.6066679954528809,0.0,1.6066679954528809,1.606974720954895,0.46089985966682434,0.03488869592547417,0.010210328735411167,1.0,2.741731882095337,2.8165528774261475,2.8146674633026123,0.0,3.0,0.0,0.0,0.0,0.0,0.0,0.0,,,,,,,,,,,,,,,,,,,,,,0.001
1,240,train,0.14432024955749512,0.12026389688253403,0.12028177827596664,0.0,0.0,0.0,0.0,0.0,0.0,0.0,0.0,0.0,0.0,0.0,0.0,0.0,0.0,0.0,0.0,0.0,0.0,0.0,0.0,0.0,0.0,0.0,0.0,1.0,0.4277154207229614,0.4277154207229614,0.4275769591331482,0.0,0.018352117389440536,0.46496152877807617,1.0,0.0,1.0,0.0,0.0,0.0006905734189786017,0.0,0.0,0.0,0.0,1.0,0.0,1.0,1.0,1.4998885490058456e-05,0.0,0.0,0.0,0.0,0.0,0.0,0.0,0.0,1.0,0.0,3.761751941055991e-05,0.4381532073020935,0.08688761293888092,0.913195788860321,0.0,0.12028177827596664,0.12026389688253403,0.12026389688253403,0.05386914685368538,-0.002365800319239497,1.6454045070890544e-10,0.0,0.0,3.855064868927002,3.855064868927002,1.5928564071655273,1.5928564071655273,0.18369042873382568,0.0,0.0,0.0,0.0,1.0,0.0,1.0,1.0,1.4998885490058456e-05,1.0,1.5928564071655273,0.0,1.5928564071655273,1.5925085544586182,0.46496152877807617,0.03561602160334587,0.010507055558264256,1.0,2.8967976570129395,2.9056644439697266,2.902144193649292,0.0,3.0,0.0,0.0,0.0,0.0,0.0,0.0,,,,,,,,,,,,,,,,,,,,,,0.001
1,260,train,0.1585603505373001,0.1321001797914505,0.13230082392692566,0.0,0.0,0.0,0.0,0.0,0.0,0.0,0.0,0.0,0.0,0.0,0.0,0.0,0.0,0.0,0.0,0.0,0.0,0.0,0.0,0.0,0.0,0.0,0.0,1.0,0.4084882140159607,0.4084882140159607,0.40840739011764526,0.0,0.01753760129213333,0.46202102303504944,1.0,0.0,1.0,0.0,0.0,0.0008968138135969639,0.0,0.0,0.0,0.0,1.0,0.0,1.0,1.0,1.4998885490058456e-05,0.0,0.0,0.0,0.0,0.0,0.0,0.0,0.0,1.0,0.0,8.046489529078826e-05,0.42930230498313904,0.09020812809467316,0.8894943594932556,0.0,0.13230082392692566,0.1321001797914505,0.1321001797914505,0.05277954041957855,-0.01347695104777813,2.2365136131963226e-10,0.0,0.0,3.8978404998779297,3.897840976715088,1.5717535018920898,1.5717535018920898,0.1885191947221756,0.0,0.0,0.0,0.0,1.0,0.0,1.0,1.0,1.4998885490058456e-05,1.0,1.5717535018920898,0.0,1.5717535018920898,1.5683338642120361,0.46202102303504944,0.03620363026857376,0.010424387641251087,1.0,2.865715980529785,2.8585994243621826,3.0448415279388428,0.0,3.0,0.0,0.0,0.0,0.0,0.0,0.0,,,,,,,,,,,,,,,,,,,,,,0.001
1,280,train,0.13738571107387543,0.11456377804279327,0.11410966515541077,0.0,0.0,0.0,0.0,0.0,0.0,0.0,0.0,0.0,0.0,0.0,0.0,0.0,0.0,0.0,0.0,0.0,0.0,0.0,0.0,0.0,0.0,0.0,0.0,1.0,0.3932947814464569,0.3932948410511017,0.39327389001846313,0.0,0.018223699182271957,0.4639241695404053,1.0,0.0,1.0,0.0,0.0,0.000895241741091013,0.0,0.0,0.0,0.0,1.0,0.0,1.0,1.0,1.4998885490058456e-05,0.0,0.0,0.0,0.0,0.0,0.0,0.0,0.0,1.0,0.0,-6.399167614290491e-05,0.424032062292099,0.09189675003290176,0.8698291778564453,0.0,0.11410966515541077,0.11456377804279327,0.11456377804279327,0.045637570321559906,-0.009979970753192902,-1.6755134779611325e-10,0.0,0.0,4.093777179718018,4.093777179718018,1.5388303995132446,1.5388303995132446,0.16787943243980408,0.0,0.0,0.0,0.0,1.0,0.0,1.0,1.0,1.4998885490058456e-05,1.0,1.538830280303955,0.0,1.5388303995132446,1.53941810131073,0.4639241695404053,0.03622366115450859,0.010511466301977634,1.0,2.686018466949463,2.7802586555480957,2.816343307495117,0.0,3.0,0.0,0.0,0.0,0.0,0.0,0.0,,,,,,,,,,,,,,,,,,,,,,0.001
1,300,train,0.13874688744544983,0.11561553925275803,0.11565671116113663,0.0,0.0,0.0,0.0,0.0,0.0,0.0,0.0,0.0,0.0,0.0,0.0,0.0,0.0,0.0,0.0,0.0,0.0,0.0,0.0,0.0,0.0,0.0,0.0,1.0,0.3689243197441101,0.3689243197441101,0.36890068650245667,0.0,0.01997308060526848,0.46297210454940796,1.0,0.0,1.0,0.0,0.0,0.0017628121422603726,0.0,0.0,0.0,0.0,1.0,0.0,1.0,1.0,1.4998885490058456e-05,0.0,0.0,0.0,0.0,0.0,0.0,0.0,0.0,1.0,0.0,4.683295628638007e-05,0.42345303297042847,0.09193920344114304,0.8372165560722351,0.0,0.11565671116113663,0.11561553925275803,0.11561553925275803,0.049714528024196625,0.012632709927856922,6.664604979000899e-11,0.0,0.0,3.8814942836761475,3.8814938068389893,1.498633861541748,1.498633861541748,0.1754136085510254,0.0,0.0,0.0,0.0,1.0,0.0,1.0,1.0,1.4998885490058456e-05,1.0,1.498633861541748,0.0,1.498633861541748,1.5063868761062622,0.46297210454940796,0.03711524233222008,0.010137415491044521,1.0,2.8666486740112305,2.808687210083008,2.933885097503662,0.0,3.0,0.0,0.0,0.0,0.0,0.0,0.0,,,,,,,,,,,,,,,,,,,,,,0.001
1,320,train,0.1499835103750229,0.12495894730091095,0.1251228302717209,0.0,0.0,0.0,0.0,0.0,0.0,0.0,0.0,0.0,0.0,0.0,0.0,0.0,0.0,0.0,0.0,0.0,0.0,0.0,0.0,0.0,0.0,0.0,0.0,1.0,0.34396788477897644,0.34396788477897644,0.34401947259902954,0.0,0.019722258672118187,0.4620102047920227,1.0,0.0,1.0,0.0,0.0,0.0016605639830231667,0.0,0.0,0.0,0.0,1.0,0.0,1.0,1.0,1.4998885490058456e-05,0.0,0.0,0.0,0.0,0.0,0.0,0.0,0.0,1.0,0.0,0.0001097365384339355,0.41628599166870117,0.09330644458532333,0.8119746446609497,0.0,0.1251228302717209,0.12495894730091095,0.12495894730091095,0.056289270520210266,0.018218424171209335,-7.443598515344263e-11,0.0,0.0,3.870387554168701,3.870387554168701,1.4701745510101318,1.4701745510101318,0.1869070827960968,0.0,0.0,0.0,0.0,1.0,0.0,1.0,1.0,1.4998885490058456e-05,1.0,1.4701744318008423,0.0,1.4701745510101318,1.4662517309188843,0.4620102047920227,0.03686201572418213,0.010481719858944416,1.0,2.7508275508880615,2.8233840465545654,2.977560043334961,0.0,3.0,0.0,0.0,0.0,0.0,0.0,0.0,,,,,,,,,,,,,,,,,,,,,,0.001
1,334,train_epoch,0.1863368055866864,0.15528742232900894,0.1552469123400257,0.0,0.0,0.0,0.0,0.0,0.0,0.0,0.0,0.0,0.0,0.0,0.0,0.0,0.0,0.0,0.0,0.0,0.0,0.0,0.0,0.0,0.0,0.0,0.0,1.0,0.4534988301599811,0.45349883203377983,0.45339034122978145,0.0,0.018831463474891858,0.4638148660431365,1.0,0.0,1.0,0.0,0.0,0.0005988905978445549,0.0,0.0,0.0,0.0,1.0,0.0,1.0,1.0,1.4998885490058456e-05,0.0,0.0,0.0,0.0,0.0,0.0,0.0,0.0,1.0,0.0,1.66466373949486e-05,0.44518613074710983,0.08161894109345481,0.9385703680757991,0.0,0.1552469123400257,0.15528742232900894,0.15528742232900894,0.06134160438519038,0.002863893145799893,7.255587785098648e-12,0.0,0.0,3.8464632262726743,3.846463231983299,1.620597453174477,1.620597453174477,0.2148078798266228,0.0,0.0,0.0,0.0,1.0,0.0,1.0,1.0,1.4998885490058456e-05,1.0,1.620597410344792,0.0,1.620597453174477,1.6201232896593516,0.4638148660431365,0.0296215532134248,0.008244600876173127,1.0,2.9305493767389996,2.9339638098985135,2.9331808068795118,0.0,3.0,0.0,0.0,0.0,0.0,0.0,0.0,,,,,,,,,,,,,,,,,,,,,,0.001
1,334,val,,,,,,,,,,,,,,,,,,,,,,,,,,,,,,,,,,,,,,,,,,,,,,,,,,,,,,,,,,,,,,,,,,,,,,,,,,,,,,,,,,,,,,,,,,,,,,,,,,,,,,,,,,,92.326911176954,16406.89445713588,128.08940025285418,174.7413762296949,50.475865483284,18.301917246409825,28.039889682648386,12.766371590750557,8.751670424427305,69.23637648991176,85.27518878878645,132.14648762771063,37.72760156222752,136.3370613370623,165.27188839298321,268.9337625844138,76.38210688318524,92.326911176954,128.08940025285418,174.7413762296949,50.475865483284,0.001
1,334,test_select,,,,,,,,,,,,,,,,,,,,,,,,,,,,,,,,,,,,,,,,,,,,,,,,,,,,,,,,,,,,,,,,,,,,,,,,,,,,,,,,,,,,,,,,,,,,,,,,,,,,,,,,,,,96.43824277605329,18005.13052368164,134.1831976205726,155.39487266540527,54.084300466946196,17.641778477600642,27.49439377674427,11.432554564305715,8.503136307001114,72.99497069631305,89.73488844628812,118.81552359036037,41.234898056302754,142.73075110571725,172.97882172210973,240.14311351094926,81.74778406960624,96.43824277605329,134.1831976205726,155.39487266540527,54.084300466946196,0.001
1,334,test,,,,,,,,,,,,,,,,,,,,,,,,,,,,,,,,,,,,,,,,,,,,,,,,,,,,,,,,,,,,,,,,,,,,,,,,,,,,,,,,,,,,,,,,,,,,,,,,,,,,,,,,,,,96.43824277605329,18005.13052368164,134.1831976205726,155.39487266540527,54.084300466946196,17.641778477600642,27.49439377674427,11.432554564305715,8.503136307001114,72.99497069631305,89.73488844628812,118.81552359036037,41.234898056302754,142.73075110571725,172.97882172210973,240.14311351094926,81.74778406960624,96.43824277605329,134.1831976205726,155.39487266540527,54.084300466946196,0.001
2,340,train,0.18833805620670319,0.1573224663734436,0.1550779640674591,0.0,0.0,0.0,0.0,0.0,0.0,0.0,0.0,0.0,0.0,0.0,0.0,0.0,0.0,0.0,0.0,0.0,0.0,0.0,0.0,0.0,0.0,0.0,0.0,1.0,0.28151482343673706,0.2815147936344147,0.28149983286857605,0.0,0.017366550862789154,0.46159911155700684,1.0,0.0,1.0,0.0,0.0,0.002293664962053299,0.0,0.0,0.0,0.0,1.0,0.0,1.0,1.0,1.4998885490058456e-05,0.0,0.0,0.0,0.0,0.0,0.0,0.0,0.0,1.0,0.0,-0.0005158644053153694,0.36919254064559937,0.1080990731716156,0.7196265459060669,0.0,0.1550779640674591,0.1573224663734436,0.1573224663734436,0.0802791640162468,-0.004003696143627167,-2.7710572725325733e-10,0.0,0.0,4.061770439147949,4.061770915985107,1.4036630392074585,1.4036630392074585,0.3231470584869385,0.0,0.0,0.0,0.0,1.0,0.0,1.0,1.0,1.4998885490058456e-05,1.0,1.4036630392074585,0.0,1.4036630392074585,1.404268741607666,0.46159911155700684,0.03245332092046738,0.009610463865101337,1.0,2.821535587310791,2.827035665512085,2.8726654052734375,0.0,4.0,0.0,0.0,0.0,0.0,0.0,0.0,,,,,,,,,,,,,,,,,,,,,,0.001
2,360,train,0.1612558811903,0.13439953327178955,0.13428176939487457,0.0,0.0,0.0,0.0,0.0,0.0,0.0,0.0,0.0,0.0,0.0,0.0,0.0,0.0,0.0,0.0,0.0,0.0,0.0,0.0,0.0,0.0,0.0,0.0,1.0,0.4703618884086609,0.4703618884086609,0.4702296257019043,0.0,0.01903502084314823,0.46227094531059265,1.0,0.0,1.0,0.0,0.0,0.0005446418072097003,0.0,0.0,0.0,0.0,1.0,0.0,1.0,1.0,1.4998885490058456e-05,0.0,0.0,0.0,0.0,0.0,0.0,0.0,0.0,1.0,0.0,5.98939077463001e-05,0.4736499786376953,0.05501054972410202,0.9601790308952332,0.0,0.13428176939487457,0.13439953327178955,0.13439953327178955,0.06156591698527336,1.2750003406836186e-05,-1.7493216944441947e-11,0.0,0.0,3.648548126220703,3.648548126220703,1.602652668952942,1.602652668952942,0.21272848546504974,0.0,0.0,0.0,0.0,1.0,0.0,1.0,1.0,1.4998885490058456e-05,1.0,1.602652668952942,0.0,1.602652668952942,1.6108427047729492,0.46227094531059265,0.051849041134119034,0.011720024980604649,1.0,2.729923725128174,2.64448881149292,2.760255813598633,0.0,4.0,0.0,0.0,0.0,0.0,0.0,0.0,,,,,,,,,,,,,,,,,,,,,,0.001
2,380,train,0.1729016751050949,0.14411745965480804,0.14392107725143433,0.0,0.0,0.0,0.0,0.0,0.0,0.0,0.0,0.0,0.0,0.0,0.0,0.0,0.0,0.0,0.0,0.0,0.0,0.0,0.0,0.0,0.0,0.0,0.0,1.0,0.4765152931213379,0.4765152931213379,0.4763469099998474,0.0,0.018640438094735146,0.4651602506637573,1.0,0.0,1.0,0.0,0.0,0.0006937733851373196,0.0,0.0,0.0,0.0,1.0,0.0,1.0,1.0,1.4998885490058456e-05,0.0,0.0,0.0,0.0,0.0,0.0,0.0,0.0,1.0,0.0,0.0001341532333754003,0.4709774851799011,0.0598461776971817,0.9685848951339722,0.0,0.14392107725143433,0.14411745965480804,0.14411745965480804,0.058441411703825,-0.006774744018912315,-2.451731873076568e-10,0.0,0.0,3.894240617752075,3.894240617752075,1.6306769847869873,1.6306769847869873,0.2106129676103592,0.0,0.0,0.0,0.0,1.0,0.0,1.0,1.0,1.4998885490058456e-05,1.0,1.6306769847869873,0.0,1.6306769847869873,1.6187416315078735,0.4651602506637573,0.05539017915725708,0.01235729269683361,1.0,2.8902652263641357,2.8222014904022217,2.835712432861328,0.0,4.0,0.0,0.0,0.0,0.0,0.0,0.0,,,,,,,,,,,,,,,,,,,,,,0.001
2,400,train,0.1428772658109665,0.11910301446914673,0.11887126415967941,0.0,0.0,0.0,0.0,0.0,0.0,0.0,0.0,0.0,0.0,0.0,0.0,0.0,0.0,0.0,0.0,0.0,0.0,0.0,0.0,0.0,0.0,0.0,0.0,1.0,0.47623175382614136,0.4762316942214966,0.4760667681694031,0.0,0.018067166209220886,0.4606696665287018,1.0,0.0,1.0,0.0,0.0,0.00037497401353903115,0.0,0.0,0.0,0.0,1.0,0.0,1.0,1.0,1.4998885490058456e-05,0.0,0.0,0.0,0.0,0.0,0.0,0.0,0.0,1.0,0.0,5.659349699271843e-05,0.4668162763118744,0.06391344964504242,0.9653751850128174,0.0,0.11887126415967941,0.11910301446914673,0.11910301446914673,0.054453860968351364,0.003120451234281063,4.388658880749574e-11,0.0,0.0,3.7914199829101562,3.7914199829101562,1.623343825340271,1.623343825340271,0.1877334713935852,0.0,0.0,0.0,0.0,1.0,0.0,1.0,1.0,1.4998885490058456e-05,1.0,1.623343825340271,0.0,1.623343825340271,1.6225923299789429,0.4606696665287018,0.05531227961182594,0.012688306160271168,1.0,2.7169876098632812,2.7220516204833984,2.8542251586914062,0.0,4.0,0.0,0.0,0.0,0.0,0.0,0.0,,,,,,,,,,,,,,,,,,,,,,0.001
2,420,train,0.12958340346813202,0.10798021405935287,0.10801597684621811,0.0,0.0,0.0,0.0,0.0,0.0,0.0,0.0,0.0,0.0,0.0,0.0,0.0,0.0,0.0,0.0,0.0,0.0,0.0,0.0,0.0,0.0,0.0,0.0,1.0,0.47319865226745605,0.47319865226745605,0.4730406105518341,0.0,0.018970884382724762,0.46080026030540466,1.0,0.0,1.0,0.0,0.0,0.0004642316489480436,0.0,0.0,0.0,0.0,1.0,0.0,1.0,1.0,1.4998885490058456e-05,0.0,0.0,0.0,0.0,0.0,0.0,0.0,0.0,1.0,0.0,2.8355338145047426e-05,0.46544530987739563,0.06888474524021149,0.9640882611274719,0.0,0.10801597684621811,0.10798021405935287,0.10798021405935287,0.057330403476953506,-0.008129136636853218,-2.4695799225038506e-11,0.0,0.0,3.6590182781219482,3.6590185165405273,1.6309703588485718,1.6309703588485718,0.19158467650413513,0.0,0.0,0.0,0.0,1.0,0.0,1.0,1.0,1.4998885490058456e-05,1.0,1.6309703588485718,0.0,1.6309703588485718,1.6267377138137817,0.46080026030540466,0.05571504682302475,0.012315868400037289,1.0,2.700479507446289,2.713338613510132,2.751065969467163,0.0,4.0,0.0,0.0,0.0,0.0,0.0,0.0,,,,,,,,,,,,,,,,,,,,,,0.001
2,440,train,0.13989557325839996,0.11656160652637482,0.11666984856128693,0.0,0.0,0.0,0.0,0.0,0.0,0.0,0.0,0.0,0.0,0.0,0.0,0.0,0.0,0.0,0.0,0.0,0.0,0.0,0.0,0.0,0.0,0.0,0.0,1.0,0.4745481610298157,0.4745481610298157,0.4744502305984497,0.0,0.017191432416439056,0.4637208878993988,1.0,0.0,1.0,0.0,0.0,0.0007889216067269444,0.0,0.0,0.0,0.0,1.0,0.0,1.0,1.0,1.4998885490058456e-05,0.0,0.0,0.0,0.0,0.0,0.0,0.0,0.0,1.0,0.0,4.476151298149489e-05,0.46210432052612305,0.07246845215559006,0.9617804288864136,0.0,0.11666984856128693,0.11656160652637482,0.11656160652637482,0.05652927607297897,-0.00905913021415472,1.0918650011904063e-10,0.0,0.0,4.0140061378479,4.0140061378479,1.6342670917510986,1.6342670917510986,0.20406314730644226,0.0,0.0,0.0,0.0,1.0,0.0,1.0,1.0,1.4998885490058456e-05,1.0,1.6342670917510986,0.0,1.6342670917510986,1.6351314783096313,0.4637208878993988,0.05641626566648483,0.012727645225822926,1.0,2.8602752685546875,2.733870506286621,2.7892088890075684,0.0,4.0,0.0,0.0,0.0,0.0,0.0,0.0,,,,,,,,,,,,,,,,,,,,,,0.001
2,460,train,0.14210200309753418,0.11842206120491028,0.11839970201253891,0.0,0.0,0.0,0.0,0.0,0.0,0.0,0.0,0.0,0.0,0.0,0.0,0.0,0.0,0.0,0.0,0.0,0.0,0.0,0.0,0.0,0.0,0.0,0.0,1.0,0.46634364128112793,0.46634364128112793,0.46620476245880127,0.0,0.019156061112880707,0.4592803716659546,1.0,0.0,1.0,0.0,0.0,0.001214515184983611,0.0,0.0,0.0,0.0,1.0,0.0,1.0,1.0,1.4998885490058456e-05,0.0,0.0,0.0,0.0,0.0,0.0,0.0,0.0,1.0,0.0,0.00023627110931556672,0.4597189724445343,0.0761641412973404,0.9538282752037048,0.0,0.11839970201253891,0.11842206120491028,0.11842206120491028,0.05606970563530922,0.00833917036652565,4.463483402328272e-12,0.0,0.0,3.7087395191192627,3.7087395191192627,1.6258351802825928,1.6258351802825928,0.1890115886926651,0.0,0.0,0.0,0.0,1.0,0.0,1.0,1.0,1.4998885490058456e-05,1.0,1.6258351802825928,0.0,1.6258351802825928,1.6260484457015991,0.4592803716659546,0.05781526118516922,0.013147203251719475,1.0,2.6990814208984375,2.6817851066589355,2.796548366546631,0.0,4.0,0.0,0.0,0.0,0.0,0.0,0.0,,,,,,,,,,,,,,,,,,,,,,0.001
2,480,train,0.1553964912891388,0.12943531572818756,0.12980586290359497,0.0,0.0,0.0,0.0,0.0,0.0,0.0,0.0,0.0,0.0,0.0,0.0,0.0,0.0,0.0,0.0,0.0,0.0,0.0,0.0,0.0,0.0,0.0,0.0,1.0,0.46085232496261597,0.46085232496261597,0.4607780873775482,0.0,0.018543880432844162,0.46271076798439026,1.0,0.0,1.0,0.0,0.0,0.005133275408297777,0.0,0.0,0.0,0.0,1.0,0.0,1.0,1.0,1.4998885490058456e-05,0.0,0.0,0.0,0.0,0.0,0.0,0.0,0.0,1.0,0.0,0.0009074605768546462,0.45645686984062195,0.09160805493593216,0.9489879608154297,0.0,0.12980586290359497,0.12943531572818756,0.12943531572818756,0.05411102622747421,0.008672002702951431,1.0280712392507496e-10,0.0,0.0,3.775350570678711,3.775350570678711,1.6453359127044678,1.6453359127044678,0.17732441425323486,0.0,0.0,0.0,0.0,1.0,0.0,1.0,1.0,1.4998885490058456e-05,1.0,1.6453359127044678,0.0,1.6453359127044678,1.6458778381347656,0.46271076798439026,0.058450937271118164,0.013197130523622036,1.0,2.719933032989502,2.716315984725952,2.710306167602539,0.0,4.0,0.0,0.0,0.0,0.0,0.0,0.0,,,,,,,,,,,,,,,,,,,,,,0.001
2,500,train,0.1322179138660431,0.11018378287553787,0.1101706326007843,0.0,0.0,0.0,0.0,0.0,0.0,0.0,0.0,0.0,0.0,0.0,0.0,0.0,0.0,0.0,0.0,0.0,0.0,0.0,0.0,0.0,0.0,0.0,0.0,1.0,0.47234857082366943,0.4723486006259918,0.4723049998283386,0.0,0.0184415765106678,0.46114036440849304,1.0,0.0,1.0,0.0,0.0,0.0057632834650576115,0.0,0.0,0.0,0.0,1.0,0.0,1.0,1.0,1.4998885490058456e-05,0.0,0.0,0.0,0.0,0.0,0.0,0.0,0.0,1.0,0.0,0.0009834098163992167,0.43265631794929504,0.12342290580272675,0.9524743556976318,0.0,0.1101706326007843,0.11018378287553787,0.11018378287553787,0.048614535480737686,-0.0035472074523568153,2.5748936316460913e-10,0.0,0.0,3.885986804962158,3.885986804962158,1.7516570091247559,1.7516570091247559,0.17148227989673615,0.0,0.0,0.0,0.0,1.0,0.0,1.0,1.0,1.4998885490058456e-05,1.0,1.7516570091247559,0.0,1.7516570091247559,1.7562382221221924,0.46114036440849304,0.06044336408376694,0.013687780126929283,1.0,2.8222134113311768,2.7191309928894043,2.7568676471710205,0.0,4.0,0.0,0.0,0.0,0.0,0.0,0.0,,,,,,,,,,,,,,,,,,,,,,0.001
2,520,train,0.14838597178459167,0.12355773150920868,0.12414122372865677,0.0,0.0,0.0,0.0,0.0,0.0,0.0,0.0,0.0,0.0,0.0,0.0,0.0,0.0,0.0,0.0,0.0,0.0,0.0,0.0,0.0,0.0,0.0,0.0,1.0,0.45442453026771545,0.45442453026771545,0.4543788433074951,0.0,0.017495570704340935,0.46194085478782654,1.0,0.0,1.0,0.0,0.0,0.006805097218602896,0.0,0.0,0.0,0.0,1.0,0.0,1.0,1.0,1.4998885490058456e-05,0.0,0.0,0.0,0.0,0.0,0.0,0.0,0.0,1.0,0.0,0.0002594648685771972,0.44842997193336487,0.1263446807861328,0.9390660524368286,0.0,0.12414122372865677,0.12355773150920868,0.12355773150920868,0.04418233782052994,-0.007792762015014887,-1.7059738344205044e-10,0.0,0.0,3.9306914806365967,3.9306914806365967,1.7289522886276245,1.7289522886276245,0.15940876305103302,0.0,0.0,0.0,0.0,1.0,0.0,1.0,1.0,1.4998885490058456e-05,1.0,1.7289522886276245,0.0,1.7289522886276245,1.7065471410751343,0.46194085478782654,0.059385817497968674,0.013808981515467167,1.0,2.64141583442688,2.6897244453430176,2.716728687286377,0.0,4.0,0.0,0.0,0.0,0.0,0.0,0.0,,,,,,,,,,,,,,,,,,,,,,0.001
2,540,train,0.14407218992710114,0.11998818069696426,0.12042006105184555,0.0,0.0,0.0,0.0,0.0,0.0,0.0,0.0,0.0,0.0,0.0,0.0,0.0,0.0,0.0,0.0,0.0,0.0,0.0,0.0,0.0,0.0,0.0,0.0,1.0,0.4469650685787201,0.44696512818336487,0.4469473659992218,0.0,0.018198983743786812,0.46056339144706726,1.0,0.0,1.0,0.0,0.0,0.0065258340910077095,0.0,0.0,0.0,0.0,1.0,0.0,1.0,1.0,1.4998885490058456e-05,0.0,0.0,0.0,0.0,0.0,0.0,0.0,0.0,1.0,0.0,0.0003142992500215769,0.4516731798648834,0.13560684025287628,0.9178464412689209,0.0,0.12042006105184555,0.11998818069696426,0.11998818069696426,0.05157961696386337,-0.013561487197875977,1.5200604663867523e-10,0.0,0.0,3.813900947570801,3.813900947570801,1.7219815254211426,1.7219815254211426,0.17670683562755585,0.0,0.0,0.0,0.0,1.0,0.0,1.0,1.0,1.4998885490058456e-05,1.0,1.7219815254211426,0.0,1.7219815254211426,1.7082363367080688,0.46056339144706726,0.060282882302999496,0.013461406342685223,1.0,2.646855354309082,2.7071166038513184,2.6204352378845215,0.0,4.0,0.0,0.0,0.0,0.0,0.0,0.0,,,,,,,,,,,,,,,,,,,,,,0.001
2,560,train,0.14324331283569336,0.11927203088998795,0.11985637247562408,0.0,0.0,0.0,0.0,0.0,0.0,0.0,0.0,0.0,0.0,0.0,0.0,0.0,0.0,0.0,0.0,0.0,0.0,0.0,0.0,0.0,0.0,0.0,0.0,1.0,0.4376758337020874,0.437675803899765,0.4377444088459015,0.0,0.018170610070228577,0.4644514322280884,1.0,0.0,1.0,0.0,0.0,0.004999903030693531,0.0,0.0,0.0,0.0,1.0,0.0,1.0,1.0,1.4998885490058456e-05,0.0,0.0,0.0,0.0,0.0,0.0,0.0,0.0,1.0,0.0,0.001981728244572878,0.44091859459877014,0.1559682935476303,0.8986050486564636,0.0,0.11985637247562408,0.11927203088998795,0.11927203088998795,0.04529157653450966,-0.004788231570273638,-2.2856171816298954e-11,0.0,0.0,4.016528606414795,4.016528606414795,1.7698945999145508,1.7698945999145508,0.16782952845096588,0.0,0.0,0.0,0.0,1.0,0.0,1.0,1.0,1.4998885490058456e-05,1.0,1.7698945999145508,0.0,1.7698945999145508,1.7816128730773926,0.4644514322280884,0.06175695359706879,0.013942474499344826,1.0,2.7343361377716064,2.710395336151123,2.7150096893310547,0.0,4.0,0.0,0.0,0.0,0.0,0.0,0.0,,,,,,,,,,,,,,,,,,,,,,0.001
2,580,train,0.13840919733047485,0.1153675988316536,0.11520802974700928,0.0,0.0,0.0,0.0,0.0,0.0,0.0,0.0,0.0,0.0,0.0,0.0,0.0,0.0,0.0,0.0,0.0,0.0,0.0,0.0,0.0,0.0,0.0,0.0,1.0,0.4323669373989105,0.4323669373989105,0.4324319362640381,0.0,0.01771390810608864,0.45879417657852173,1.0,0.0,1.0,0.0,0.0,0.008779850788414478,0.0,0.0,0.0,0.0,1.0,0.0,1.0,1.0,1.4998885490058456e-05,0.0,0.0,0.0,0.0,0.0,0.0,0.0,0.0,1.0,0.0,0.002389508532360196,0.42155519127845764,0.17422659695148468,0.8898872137069702,0.0,0.11520802974700928,0.1153675988316536,0.1153675988316536,0.048255931586027145,-0.00028621606179513037,1.3407504273477144e-10,0.0,0.0,3.6317648887634277,3.6317648887634277,1.8541721105575562,1.8541721105575562,0.1609986573457718,0.0,0.0,0.0,0.0,1.0,0.0,1.0,1.0,1.4998885490058456e-05,1.0,1.8541721105575562,0.0,1.8541721105575562,1.8172162771224976,0.45879417657852173,0.06463761627674103,0.01381719671189785,1.0,2.523709774017334,2.665593147277832,2.6199941635131836,0.0,4.0,0.0,0.0,0.0,0.0,0.0,0.0,,,,,,,,,,,,,,,,,,,,,,0.001
2,600,train,0.15256763994693756,0.1270432025194168,0.12762218713760376,0.0,0.0,0.0,0.0,0.0,0.0,0.0,0.0,0.0,0.0,0.0,0.0,0.0,0.0,0.0,0.0,0.0,0.0,0.0,0.0,0.0,0.0,0.0,0.0,1.0,0.4012879431247711,0.4012879431247711,0.40139123797416687,0.0,0.017723361030220985,0.4593685567378998,1.0,0.0,1.0,0.0,0.0,0.005981289781630039,0.0,0.0,0.0,0.0,1.0,0.0,1.0,1.0,1.4998885490058456e-05,0.0,0.0,0.0,0.0,0.0,0.0,0.0,0.0,1.0,0.0,0.0012029308127239347,0.45052167773246765,0.1714315414428711,0.8486250042915344,0.0,0.12762218713760376,0.1270432025194168,0.1270432025194168,0.05555427819490433,-0.014111446216702461,4.213794937979465e-11,0.0,0.0,3.8217968940734863,3.8217968940734863,1.776777982711792,1.776777982711792,0.19478833675384521,0.0,0.0,0.0,0.0,1.0,0.0,1.0,1.0,1.4998885490058456e-05,1.0,1.776777982711792,0.0,1.776777982711792,1.7607449293136597,0.4593685567378998,0.06247858330607414,0.014164666645228863,1.0,2.637279987335205,2.680755615234375,2.7252440452575684,0.0,4.0,0.0,0.0,0.0,0.0,0.0,0.0,,,,,,,,,,,,,,,,,,,,,,0.001
2,620,train,0.1417486071586609,0.11801262944936752,0.11867989599704742,0.0,0.0,0.0,0.0,0.0,0.0,0.0,0.0,0.0,0.0,0.0,0.0,0.0,0.0,0.0,0.0,0.0,0.0,0.0,0.0,0.0,0.0,0.0,0.0,1.0,0.3794591724872589,0.3794591724872589,0.37955498695373535,0.0,0.018933946266770363,0.4579850733280182,1.0,0.0,1.0,0.0,0.0,0.007694045081734657,0.0,0.0,0.0,0.0,1.0,0.0,1.0,1.0,1.4998885490058456e-05,0.0,0.0,0.0,0.0,0.0,0.0,0.0,0.0,1.0,0.0,0.001928818761371076,0.4451539218425751,0.1619235873222351,0.8217636346817017,0.0,0.11867989599704742,0.11801262944936752,0.11801262944936752,0.052136342972517014,-0.013874604366719723,1.0566583719118228e-10,0.0,0.0,3.7848472595214844,3.7848472595214844,1.6707394123077393,1.6707394123077393,0.18180163204669952,0.0,0.0,0.0,0.0,1.0,0.0,1.0,1.0,1.4998885490058456e-05,1.0,1.6707392930984497,0.0,1.6707394123077393,1.6825045347213745,0.4579850733280182,0.06097651273012161,0.013387071900069714,1.0,2.536165237426758,2.5760350227355957,2.5583362579345703,0.0,4.0,0.0,0.0,0.0,0.0,0.0,0.0,,,,,,,,,,,,,,,,,,,,,,0.001
2,640,train,0.13442227244377136,0.11200210452079773,0.11210084706544876,0.0,0.0,0.0,0.0,0.0,0.0,0.0,0.0,0.0,0.0,0.0,0.0,0.0,0.0,0.0,0.0,0.0,0.0,0.0,0.0,0.0,0.0,0.0,0.0,1.0,0.36018475890159607,0.36018478870391846,0.36033639311790466,0.0,0.017755836248397827,0.4569821059703827,1.0,0.0,1.0,0.0,0.0,0.008071258664131165,0.0,0.0,0.0,0.0,1.0,0.0,1.0,1.0,1.4998885490058456e-05,0.0,0.0,0.0,0.0,0.0,0.0,0.0,0.0,1.0,0.0,0.0031164088286459446,0.42284491658210754,0.19805598258972168,0.7808372378349304,0.0,0.11210084706544876,0.11200210452079773,0.11200210452079773,0.056622400879859924,-0.0023069046437740326,5.805282643489562e-11,0.0,0.0,3.7955880165100098,3.7955880165100098,1.8130630254745483,1.8130630254745483,0.2025926560163498,0.0,0.0,0.0,0.0,1.0,0.0,1.0,1.0,1.4998885490058456e-05,1.0,1.8130630254745483,0.0,1.8130630254745483,1.787882924079895,0.4569821059703827,0.06834635883569717,0.015013123862445354,1.0,2.682962656021118,2.6723458766937256,2.6366496086120605,0.0,4.0,0.0,0.0,0.0,0.0,0.0,0.0,,,,,,,,,,,,,,,,,,,,,,0.001
2,660,train,0.15263906121253967,0.1269807666540146,0.12829145789146423,0.0,0.0,0.0,0.0,0.0,0.0,0.0,0.0,0.0,0.0,0.0,0.0,0.0,0.0,0.0,0.0,0.0,0.0,0.0,0.0,0.0,0.0,0.0,0.0,1.0,0.31740304827690125,0.31740304827690125,0.317609578371048,0.0,0.018503757193684578,0.45919862389564514,1.0,0.0,1.0,0.0,0.0,0.009606304578483105,0.0,0.0,0.0,0.0,1.0,0.0,1.0,1.0,1.4998885490058456e-05,0.0,0.0,0.0,0.0,0.0,0.0,0.0,0.0,1.0,0.0,0.003362782532349229,0.4300976097583771,0.18242985010147095,0.7258940935134888,0.0,0.12829145789146423,0.1269807666540146,0.1269807666540146,0.050298381596803665,-0.010391204617917538,5.2787434146051027e-11,0.0,0.0,3.7543647289276123,3.7543647289276123,1.6554813385009766,1.6554813385009766,0.17862656712532043,0.0,0.0,0.0,0.0,1.0,0.0,1.0,1.0,1.4998885490058456e-05,1.0,1.6554813385009766,0.0,1.6554813385009766,1.6452245712280273,0.45919862389564514,0.06298692524433136,0.014134853146970272,1.0,2.6446571350097656,2.706393003463745,2.734286308288574,0.0,4.0,0.0,0.0,0.0,0.0,0.0,0.0,,,,,,,,,,,,,,,,,,,,,,0.001
2,668,train_epoch,0.14894209793227875,0.12408313726236721,0.12429480477721391,0.0,0.0,0.0,0.0,0.0,0.0,0.0,0.0,0.0,0.0,0.0,0.0,0.0,0.0,0.0,0.0,0.0,0.0,0.0,0.0,0.0,0.0,0.0,0.0,1.0,0.4303623412005202,0.4303623428066334,0.43034423057904503,0.0,0.018684493467033266,0.4608851460639588,1.0,0.0,1.0,0.0,0.0,0.005514110940348909,0.0,0.0,0.0,0.0,1.0,0.0,1.0,1.0,1.4998885490058456e-05,0.0,0.0,0.0,0.0,0.0,0.0,0.0,0.0,1.0,0.0,0.0006980659174962103,0.449265493871923,0.11757677534740128,0.8979574923743745,0.0,0.12429480477721391,0.12408313726236721,0.12408313726236721,0.05364390293102778,-0.003823539670188193,-5.818518877579375e-12,0.0,0.0,3.8453263772461943,3.84532637510471,1.676467670295053,1.676467670295053,0.18906284908870022,0.0,0.0,0.0,0.0,1.0,0.0,1.0,1.0,1.4998885490058456e-05,1.0,1.6764676224685715,0.0,1.676467670295053,1.6742048334932613,0.4608851460639588,0.058247253694710975,0.013117763930429778,1.0,2.7178845505514544,2.716788412568098,2.7177372164355065,0.0,4.0,0.0,0.0,0.0,0.0,0.0,0.0,,,,,,,,,,,,,,,,,,,,,,0.001
2,668,val,,,,,,,,,,,,,,,,,,,,,,,,,,,,,,,,,,,,,,,,,,,,,,,,,,,,,,,,,,,,,,,,,,,,,,,,,,,,,,,,,,,,,,,,,,,,,,,,,,,,,,,,,,,82.30534264019558,14304.763815743583,119.6025242866704,155.31555615152632,45.2177700485502,16.75142503636224,26.35173460947927,12.356702251093727,7.9491099800382345,74.06246393067497,90.05249139669725,145.46345843587602,41.29292961529323,130.94795969554357,157.91319202483226,261.2985494477408,74.16555435316903,82.30534264019558,119.6025242866704,155.31555615152632,45.2177700485502,0.001
2,668,test_select,,,,,,,,,,,,,,,,,,,,,,,,,,,,,,,,,,,,,,,,,,,,,,,,,,,,,,,,,,,,,,,,,,,,,,,,,,,,,,,,,,,,,,,,,,,,,,,,,,,,,,,,,,,86.2248044695173,15745.248788016183,125.48007327068383,139.818842955998,48.58688274451664,17.01108511856624,26.335858618725677,14.776069326060158,8.233723989554814,78.5443253176553,95.76779586543313,132.36119324820382,45.26991931029728,137.47625732421875,166.20190549574255,234.92408881868636,79.55162692070007,86.2248044695173,125.48007327068383,139.818842955998,48.58688274451664,0.001
2,668,test,,,,,,,,,,,,,,,,,,,,,,,,,,,,,,,,,,,,,,,,,,,,,,,,,,,,,,,,,,,,,,,,,,,,,,,,,,,,,,,,,,,,,,,,,,,,,,,,,,,,,,,,,,,86.2248044695173,15745.248788016183,125.48007327068383,139.818842955998,48.58688274451664,17.01108511856624,26.335858618725677,14.776069326060158,8.233723989554814,78.5443253176553,95.76779586543313,132.36119324820382,45.26991931029728,137.47625732421875,166.20190549574255,234.92408881868636,79.55162692070007,86.2248044695173,125.48007327068383,139.818842955998,48.58688274451664,0.001
3,680,train,0.13233031332492828,0.11027637124061584,0.110269695520401,0.0,0.0,0.0,0.0,0.0,0.0,0.0,0.0,0.0,0.0,0.0,0.0,0.0,0.0,0.0,0.0,0.0,0.0,0.0,0.0,0.0,0.0,0.0,0.0,1.0,0.2998250424861908,0.2998250424861908,0.3000687062740326,0.0,0.01780628226697445,0.46124061942100525,1.0,0.0,1.0,0.0,0.0,0.008554166182875633,0.0,0.0,0.0,0.0,1.0,0.0,1.0,1.0,1.4998885490058456e-05,0.0,0.0,0.0,0.0,0.0,0.0,0.0,0.0,1.0,0.0,0.003604030702263117,0.40481388568878174,0.21249955892562866,0.6819451451301575,0.0,0.110269695520401,0.11027637124061584,0.11027637124061584,0.05580146610736847,-0.010640495456755161,-5.416456866358388e-11,0.0,0.0,3.8839399814605713,3.8839399814605713,1.7134408950805664,1.7134408950805664,0.20325545966625214,0.0,0.0,0.0,0.0,1.0,0.0,1.0,1.0,1.4998885490058456e-05,1.0,1.7134406566619873,0.0,1.7134408950805664,1.7532713413238525,0.46124061942100525,0.06549201905727386,0.014324664138257504,1.0,2.622143507003784,2.680882453918457,2.6742568016052246,0.0,4.0,0.0,0.0,0.0,0.0,0.0,0.0,,,,,,,,,,,,,,,,,,,,,,0.001
3,700,train,0.13241031765937805,0.11005044728517532,0.11179932951927185,0.0,0.0,0.0,0.0,0.0,0.0,0.0,0.0,0.0,0.0,0.0,0.0,0.0,0.0,0.0,0.0,0.0,0.0,0.0,0.0,0.0,0.0,0.0,0.0,1.0,0.2711644768714905,0.2711644768714905,0.271371066570282,0.0,0.019343240186572075,0.45947518944740295,1.0,0.0,1.0,0.0,0.0,0.010770770721137524,0.0,0.0,0.0,0.0,1.0,0.0,1.0,1.0,1.4998885490058456e-05,0.0,0.0,0.0,0.0,0.0,0.0,0.0,0.0,1.0,0.0,0.003622607560828328,0.4238654375076294,0.20805393159389496,0.6387740969657898,0.0,0.11179932951927185,0.11005044728517532,0.11005044728517532,0.055640216916799545,-0.01596442423760891,1.6082571038800175e-11,0.0,0.0,3.9599761962890625,3.9599761962890625,1.6430470943450928,1.6430470943450928,0.20395755767822266,0.0,0.0,0.0,0.0,1.0,0.0,1.0,1.0,1.4998885490058456e-05,1.0,1.6430470943450928,0.0,1.6430470943450928,1.6041574478149414,0.45947518944740295,0.0647490844130516,0.014425032772123814,1.0,2.6817727088928223,2.6522297859191895,2.6904304027557373,0.0,4.0,0.0,0.0,0.0,0.0,0.0,0.0,,,,,,,,,,,,,,,,,,,,,,0.001
3,720,train,0.13189443945884705,0.10975081473588943,0.11071815341711044,0.0,0.0,0.0,0.0,0.0,0.0,0.0,0.0,0.0,0.0,0.0,0.0,0.0,0.0,0.0,0.0,0.0,0.0,0.0,0.0,0.0,0.0,0.0,0.0,1.0,0.24394410848617554,0.24394410848617554,0.24421441555023193,0.0,0.019028550013899803,0.46201270818710327,1.0,0.0,1.0,0.0,0.0,0.011202565394341946,0.0,0.0,0.0,0.0,1.0,0.0,1.0,1.0,1.4998885490058456e-05,0.0,0.0,0.0,0.0,0.0,0.0,0.0,0.0,1.0,0.0,0.0031379777938127518,0.4060838222503662,0.2090536504983902,0.5792490243911743,0.0,0.11071815341711044,0.10975081473588943,0.10975081473588943,0.06079952046275139,-0.002899443032220006,3.732977468806631e-11,0.0,0.0,3.8534929752349854,3.8534929752349854,1.5446343421936035,1.5446343421936035,0.22537505626678467,0.0,0.0,0.0,0.0,1.0,0.0,1.0,1.0,1.4998885490058456e-05,1.0,1.5446343421936035,0.0,1.5446343421936035,1.5810139179229736,0.46201270818710327,0.06475705653429031,0.014523902907967567,1.0,2.5529074668884277,2.524142265319824,2.5569536685943604,0.0,4.0,0.0,0.0,0.0,0.0,0.0,0.0,,,,,,,,,,,,,,,,,,,,,,0.001
3,740,train,0.13242504000663757,0.1101931482553482,0.11115947365760803,0.0,0.0,0.0,0.0,0.0,0.0,0.0,0.0,0.0,0.0,0.0,0.0,0.0,0.0,0.0,0.0,0.0,0.0,0.0,0.0,0.0,0.0,0.0,0.0,1.0,0.22278106212615967,0.22278106212615967,0.2230880707502365,0.0,0.017748134210705757,0.4597958028316498,1.0,0.0,1.0,0.0,0.0,0.01346761267632246,0.0,0.0,0.0,0.0,1.0,0.0,1.0,1.0,1.4998885490058456e-05,0.0,0.0,0.0,0.0,0.0,0.0,0.0,0.0,1.0,0.0,0.0011403647949919105,0.39826449751853943,0.21507509052753448,0.5252883434295654,0.0,0.11115947365760803,0.1101931482553482,0.1101931482553482,0.06235320121049881,-0.011235004290938377,-2.4873181292406343e-10,0.0,0.0,3.8589797019958496,3.8589797019958496,1.5238392353057861,1.5238392353057861,0.23350529372692108,0.0,0.0,0.0,0.0,1.0,0.0,1.0,1.0,1.4998885490058456e-05,1.0,1.5238392353057861,0.0,1.5238392353057861,1.5542407035827637,0.4597958028316498,0.0653667151927948,0.014679600484669209,1.0,2.6788692474365234,2.6472597122192383,2.6067333221435547,0.0,4.0,0.0,0.0,0.0,0.0,0.0,0.0,,,,,,,,,,,,,,,,,,,,,,0.001
3,760,train,0.13657696545124054,0.11371231079101562,0.11432328820228577,0.0,0.0,0.0,0.0,0.0,0.0,0.0,0.0,0.0,0.0,0.0,0.0,0.0,0.0,0.0,0.0,0.0,0.0,0.0,0.0,0.0,0.0,0.0,0.0,1.0,0.19482265412807465,0.19482265412807465,0.19510002434253693,0.0,0.019485067576169968,0.46125856041908264,1.0,0.0,1.0,0.0,0.0,0.009913688525557518,0.0,0.0,0.0,0.0,1.0,0.0,1.0,1.0,1.4998885490058456e-05,0.0,0.0,0.0,0.0,0.0,0.0,0.0,0.0,1.0,0.0,0.0012055906699970365,0.3886224627494812,0.19931255280971527,0.5032637119293213,0.0,0.11432328820228577,0.11371231079101562,0.11371231079101562,0.06952803581953049,-0.02554052136838436,1.0862729465932475e-10,0.0,0.0,3.8559412956237793,3.8559412956237793,1.4455260038375854,1.4455260038375854,0.2623319923877716,0.0,0.0,0.0,0.0,1.0,0.0,1.0,1.0,1.4998885490058456e-05,1.0,1.4455260038375854,0.0,1.4455260038375854,1.421266794204712,0.46125856041908264,0.06472190469503403,0.014436349272727966,1.0,2.588188409805298,2.63568115234375,2.681563377380371,0.0,4.0,0.0,0.0,0.0,0.0,0.0,0.0,,,,,,,,,,,,,,,,,,,,,,0.001
3,780,train,0.12591703236103058,0.10490410774946213,0.10506463795900345,0.0,0.0,0.0,0.0,0.0,0.0,0.0,0.0,0.0,0.0,0.0,0.0,0.0,0.0,0.0,0.0,0.0,0.0,0.0,0.0,0.0,0.0,0.0,0.0,1.0,0.17581139504909515,0.17581139504909515,0.17615477740764618,0.0,0.018411073833703995,0.46141690015792847,1.0,0.0,1.0,0.0,0.0,0.014774329960346222,0.0,0.0,0.0,0.0,1.0,0.0,1.0,1.0,1.4998885490058456e-05,0.0,0.0,0.0,0.0,0.0,0.0,0.0,0.0,1.0,0.0,0.002134779468178749,0.37067216634750366,0.21208122372627258,0.43984878063201904,0.0,0.10506463795900345,0.10490410774946213,0.10490410774946213,0.06925392150878906,-0.020337717607617378,-1.8349596841993332e-10,0.0,0.0,3.7819299697875977,3.7819299697875977,1.425903558731079,1.425903558731079,0.25835561752319336,0.0,0.0,0.0,0.0,1.0,0.0,1.0,1.0,1.4998885490058456e-05,1.0,1.4259034395217896,0.0,1.425903558731079,1.4701772928237915,0.46141690015792847,0.06564648449420929,0.014517196454107761,1.0,2.6705892086029053,2.59657621383667,2.635200023651123,0.0,4.0,0.0,0.0,0.0,0.0,0.0,0.0,,,,,,,,,,,,,,,,,,,,,,0.001
3,800,train,0.13839367032051086,0.11532796919345856,0.11532850563526154,0.0,0.0,0.0,0.0,0.0,0.0,0.0,0.0,0.0,0.0,0.0,0.0,0.0,0.0,0.0,0.0,0.0,0.0,0.0,0.0,0.0,0.0,0.0,0.0,1.0,0.16232648491859436,0.16232648491859436,0.16265921294689178,0.0,0.018019914627075195,0.4613546133041382,1.0,0.0,1.0,0.0,0.0,0.02197330817580223,0.0,0.0,0.0,0.0,1.0,0.0,1.0,1.0,1.4998885490058456e-05,0.0,0.0,0.0,0.0,0.0,0.0,0.0,0.0,1.0,0.0,0.0015996441943570971,0.379864364862442,0.1957646757364273,0.4235003590583801,0.0,0.11532850563526154,0.11532796919345856,0.11532796919345856,0.07807408273220062,-0.0325884111225605,-1.3565316925312487e-10,0.0,0.0,3.998727560043335,3.998727560043335,1.3276617527008057,1.3276617527008057,0.3135587275028229,0.0,0.0,0.0,0.0,1.0,0.0,1.0,1.0,1.4998885490058456e-05,1.0,1.3276617527008057,0.0,1.3276617527008057,1.3275703191757202,0.4613546133041382,0.06372169405221939,0.014240765944123268,1.0,2.547370433807373,2.624018430709839,2.635493040084839,0.0,4.0,0.0,0.0,0.0,0.0,0.0,0.0,,,,,,,,,,,,,,,,,,,,,,0.001
3,820,train,0.14243097603321075,0.11843135952949524,0.11999806016683578,0.0,0.0,0.0,0.0,0.0,0.0,0.0,0.0,0.0,0.0,0.0,0.0,0.0,0.0,0.0,0.0,0.0,0.0,0.0,0.0,0.0,0.0,0.0,0.0,1.0,0.14200864732265472,0.14200864732265472,0.14227165281772614,0.0,0.017856469377875328,0.46183958649635315,1.0,0.0,1.0,0.0,0.0,0.0064907921478152275,0.0,0.0,0.0,0.0,1.0,0.0,1.0,1.0,1.4998885490058456e-05,0.0,0.0,0.0,0.0,0.0,0.0,0.0,0.0,1.0,0.0,0.00403454527258873,0.35818642377853394,0.20028503239154816,0.37470489740371704,0.0,0.11999806016683578,0.11843135952949524,0.11843135952949524,0.08643027395009995,-0.04935133829712868,-2.397682573318516e-11,0.0,0.0,3.9182581901550293,3.9182581901550293,1.3144816160202026,1.3144816160202026,0.3335472047328949,0.0,0.0,0.0,0.0,1.0,0.0,1.0,1.0,1.4998885490058456e-05,1.0,1.314481496810913,0.0,1.3144816160202026,1.3220332860946655,0.46183958649635315,0.06590545922517776,0.0144746582955122,1.0,2.615375518798828,2.679737091064453,2.7310562133789062,0.0,4.0,0.0,0.0,0.0,0.0,0.0,0.0,,,,,,,,,,,,,,,,,,,,,,0.001
3,840,train,0.12284235656261444,0.1022942066192627,0.10274074971675873,0.0,0.0,0.0,0.0,0.0,0.0,0.0,0.0,0.0,0.0,0.0,0.0,0.0,0.0,0.0,0.0,0.0,0.0,0.0,0.0,0.0,0.0,0.0,0.0,1.0,0.12657442688941956,0.12657442688941956,0.12687216699123383,0.0,0.018440453335642815,0.45775848627090454,1.0,0.0,1.0,0.0,0.0,0.006035310681909323,0.0,0.0,0.0,0.0,1.0,0.0,1.0,1.0,1.4998885490058456e-05,0.0,0.0,0.0,0.0,0.0,0.0,0.0,0.0,1.0,0.0,0.0009194877347908914,0.3448128402233124,0.18330888450145721,0.3483390808105469,0.0,0.10274074971675873,0.1022942066192627,0.1022942066192627,0.08247825503349304,-0.04695224389433861,-1.7764373305695358e-10,0.0,0.0,3.8538482189178467,3.8538482189178467,1.1761654615402222,1.1761654615402222,0.30991679430007935,0.0,0.0,0.0,0.0,1.0,0.0,1.0,1.0,1.4998885490058456e-05,1.0,1.1761654615402222,0.0,1.1761654615402222,1.1527749300003052,0.45775848627090454,0.06331127882003784,0.013901937752962112,1.0,2.7416131496429443,2.703248977661133,2.647730588912964,0.0,4.0,0.0,0.0,0.0,0.0,0.0,0.0,,,,,,,,,,,,,,,,,,,,,,0.001
3,860,train,0.1391427367925644,0.1158280074596405,0.11657361686229706,0.0,0.0,0.0,0.0,0.0,0.0,0.0,0.0,0.0,0.0,0.0,0.0,0.0,0.0,0.0,0.0,0.0,0.0,0.0,0.0,0.0,0.0,0.0,0.0,1.0,0.11855127662420273,0.11855127662420273,0.11888517439365387,0.0,0.017176348716020584,0.4574070870876312,1.0,0.0,1.0,0.0,0.0,0.018394555896520615,0.0,0.0,0.0,0.0,1.0,0.0,1.0,1.0,1.4998885490058456e-05,0.0,0.0,0.0,0.0,0.0,0.0,0.0,0.0,1.0,0.0,0.0018396279774606228,0.3373654782772064,0.18363164365291595,0.32631808519363403,0.0,0.11657361686229706,0.1158280074596405,0.1158280074596405,0.07617617398500443,-0.050158046185970306,4.948083262568126e-11,0.0,0.0,3.948728084564209,3.948727607727051,1.1406739950180054,1.1406739950180054,0.3047232925891876,0.0,0.0,0.0,0.0,1.0,0.0,1.0,1.0,1.4998885490058456e-05,1.0,1.1406739950180054,0.0,1.1406739950180054,1.1576029062271118,0.4574070870876312,0.06166847422719002,0.013313323259353638,1.0,2.6000800132751465,2.5571327209472656,2.612793445587158,0.0,4.0,0.0,0.0,0.0,0.0,0.0,0.0,,,,,,,,,,,,,,,,,,,,,,0.001
3,880,train,0.14757905900478363,0.12262014299631119,0.12479456514120102,0.0,0.0,0.0,0.0,0.0,0.0,0.0,0.0,0.0,0.0,0.0,0.0,0.0,0.0,0.0,0.0,0.0,0.0,0.0,0.0,0.0,0.0,0.0,0.0,1.0,0.12102728337049484,0.12102728337049484,0.12137913703918457,0.0,0.018457043915987015,0.4572374224662781,1.0,0.0,1.0,0.0,0.0,0.018066920340061188,0.0,0.0,0.0,0.0,1.0,0.0,1.0,1.0,1.4998885490058456e-05,0.0,0.0,0.0,0.0,0.0,0.0,0.0,0.0,1.0,0.0,0.005049881990998983,0.3108195960521698,0.23598304390907288,0.25723254680633545,0.0,0.12479456514120102,0.12262014299631119,0.12262014299631119,0.10475306957960129,-0.05351712554693222,-1.9173880538847499e-10,0.0,0.0,3.9087631702423096,3.9087631702423096,1.3927582502365112,1.3927582502365112,0.4239293038845062,0.0,0.0,0.0,0.0,1.0,0.0,1.0,1.0,1.4998885490058456e-05,1.0,1.3927581310272217,0.0,1.3927582502365112,1.394912600517273,0.4572374224662781,0.0708405002951622,0.015648286789655685,1.0,2.6459732055664062,2.598794460296631,2.5773611068725586,0.0,4.0,0.0,0.0,0.0,0.0,0.0,0.0,,,,,,,,,,,,,,,,,,,,,,0.001
3,900,train,0.12534895539283752,0.10440859198570251,0.10470180213451385,0.0,0.0,0.0,0.0,0.0,0.0,0.0,0.0,0.0,0.0,0.0,0.0,0.0,0.0,0.0,0.0,0.0,0.0,0.0,0.0,0.0,0.0,0.0,0.0,1.0,0.10258685797452927,0.10258685052394867,0.1030367910861969,0.0,0.019443683326244354,0.4560090899467468,1.0,0.0,1.0,0.0,0.0,0.027803897857666016,0.0,0.0,0.0,0.0,1.0,0.0,1.0,1.0,1.4998885490058456e-05,0.0,0.0,0.0,0.0,0.0,0.0,0.0,0.0,1.0,0.0,0.0008483795681968331,0.31831908226013184,0.19545519351959229,0.2600599229335785,0.0,0.10470180213451385,0.10440859198570251,0.10440859198570251,0.07738528400659561,-0.04657496511936188,-5.5717493119278316e-11,0.0,0.0,3.713698625564575,3.713698625564575,1.1491459608078003,1.1491459608078003,0.2803943455219269,0.0,0.0,0.0,0.0,1.0,0.0,1.0,1.0,1.4998885490058456e-05,1.0,1.1491459608078003,0.0,1.1491459608078003,1.13923180103302,0.4560090899467468,0.0647636279463768,0.014178707264363766,1.0,2.532325267791748,2.552560567855835,2.5542988777160645,0.0,4.0,0.0,0.0,0.0,0.0,0.0,0.0,,,,,,,,,,,,,,,,,,,,,,0.001
3,920,train,0.14395761489868164,0.11971395462751389,0.12121833115816116,0.0,0.0,0.0,0.0,0.0,0.0,0.0,0.0,0.0,0.0,0.0,0.0,0.0,0.0,0.0,0.0,0.0,0.0,0.0,0.0,0.0,0.0,0.0,0.0,1.0,0.10043979436159134,0.10043979436159134,0.10083333402872086,0.0,0.017502672970294952,0.45373544096946716,1.0,0.0,1.0,0.0,0.0,0.022262156009674072,0.0,0.0,0.0,0.0,1.0,0.0,1.0,1.0,1.4998885490058456e-05,0.0,0.0,0.0,0.0,0.0,0.0,0.0,0.0,1.0,0.0,0.0035736130084842443,0.3247772753238678,0.2012159526348114,0.23999695479869843,0.0,0.12121833115816116,0.11971395462751389,0.11971395462751389,0.09867118299007416,-0.06264651566743851,1.5685082399574668e-10,0.0,0.0,3.8576552867889404,3.8576552867889404,1.202985167503357,1.202985167503357,0.3784544765949249,0.0,0.0,0.0,0.0,1.0,0.0,1.0,1.0,1.4998885490058456e-05,1.0,1.202985167503357,0.0,1.202985167503357,1.1857742071151733,0.45373544096946716,0.06670047342777252,0.014711584895849228,1.0,2.5050463676452637,2.5601630210876465,2.5123136043548584,0.0,4.0,0.0,0.0,0.0,0.0,0.0,0.0,,,,,,,,,,,,,,,,,,,,,,0.001
3,940,train,0.13795894384384155,0.11495693773031235,0.11501002311706543,0.0,0.0,0.0,0.0,0.0,0.0,0.0,0.0,0.0,0.0,0.0,0.0,0.0,0.0,0.0,0.0,0.0,0.0,0.0,0.0,0.0,0.0,0.0,0.0,1.0,0.09365158528089523,0.09365158528089523,0.09398287534713745,0.0,0.01694236509501934,0.4571664333343506,1.0,0.0,1.0,0.0,0.0,0.022528400644659996,0.0,0.0,0.0,0.0,1.0,0.0,1.0,1.0,1.4998885490058456e-05,0.0,0.0,0.0,0.0,0.0,0.0,0.0,0.0,1.0,0.0,0.0035572212655097246,0.3076034188270569,0.20521481335163116,0.2370758056640625,0.0,0.11501002311706543,0.11495693773031235,0.11495693773031235,0.09607549756765366,-0.057762984186410904,-5.090654564554598e-10,0.0,0.0,3.905282497406006,3.905282735824585,1.2071105241775513,1.2071105241775513,0.36371150612831116,0.0,0.0,0.0,0.0,1.0,0.0,1.0,1.0,1.4998885490058456e-05,1.0,1.2071105241775513,0.0,1.2071105241775513,1.1725069284439087,0.4571664333343506,0.06750866025686264,0.014969564974308014,1.0,2.522733211517334,2.5830137729644775,2.5824637413024902,0.0,4.0,0.0,0.0,0.0,0.0,0.0,0.0,,,,,,,,,,,,,,,,,,,,,,0.001
3,960,train,0.12353453785181046,0.10284291207790375,0.10345813632011414,0.0,0.0,0.0,0.0,0.0,0.0,0.0,0.0,0.0,0.0,0.0,0.0,0.0,0.0,0.0,0.0,0.0,0.0,0.0,0.0,0.0,0.0,0.0,0.0,1.0,0.0940876379609108,0.0940876379609108,0.0943850576877594,0.0,0.01890200562775135,0.45770516991615295,1.0,0.0,1.0,0.0,0.0,0.02185116708278656,0.0,0.0,0.0,0.0,1.0,0.0,1.0,1.0,1.4998885490058456e-05,0.0,0.0,0.0,0.0,0.0,0.0,0.0,0.0,1.0,0.0,0.0017177792033180594,0.28787699341773987,0.2056993842124939,0.21010243892669678,0.0,0.10345813632011414,0.10284291207790375,0.10284291207790375,0.07517687231302261,-0.041653022170066833,5.697430027762351e-11,0.0,0.0,4.012609481811523,4.012609481811523,1.1553367376327515,1.1553367376327515,0.29571956396102905,0.0,0.0,0.0,0.0,1.0,0.0,1.0,1.0,1.4998885490058456e-05,1.0,1.155336618423462,0.0,1.1553367376327515,1.129249095916748,0.45770516991615295,0.06402520835399628,0.013713480904698372,1.0,2.7220101356506348,2.620386838912964,2.5783350467681885,0.0,4.0,0.0,0.0,0.0,0.0,0.0,0.0,,,,,,,,,,,,,,,,,,,,,,0.001
3,980,train,0.12832626700401306,0.10687921941280365,0.10723521560430527,0.0,0.0,0.0,0.0,0.0,0.0,0.0,0.0,0.0,0.0,0.0,0.0,0.0,0.0,0.0,0.0,0.0,0.0,0.0,0.0,0.0,0.0,0.0,0.0,1.0,0.0886131227016449,0.0886131301522255,0.0889868214726448,0.0,0.01779942214488983,0.4631880819797516,1.0,0.0,1.0,0.0,0.0,0.02491724118590355,0.0,0.0,0.0,0.0,1.0,0.0,1.0,1.0,1.4998885490058456e-05,0.0,0.0,0.0,0.0,0.0,0.0,0.0,0.0,1.0,0.0,0.001499440404586494,0.26952096819877625,0.19494648277759552,0.20158790051937103,0.0,0.10723521560430527,0.10687921941280365,0.10687921941280365,0.07897140085697174,-0.054533135145902634,-2.370423857200876e-10,0.0,0.0,3.9799625873565674,3.9799625873565674,1.141122579574585,1.141122579574585,0.3100287914276123,0.0,0.0,0.0,0.0,1.0,0.0,1.0,1.0,1.4998885490058456e-05,1.0,1.141122579574585,0.0,1.141122579574585,1.1584845781326294,0.4631880819797516,0.06323902308940887,0.013509051874279976,1.0,2.806694507598877,2.5698390007019043,2.572165012359619,0.0,4.0,0.0,0.0,0.0,0.0,0.0,0.0,,,,,,,,,,,,,,,,,,,,,,0.001
3,1000,train,0.11990993469953537,0.10001100599765778,0.09949464350938797,0.0,0.0,0.0,0.0,0.0,0.0,0.0,0.0,0.0,0.0,0.0,0.0,0.0,0.0,0.0,0.0,0.0,0.0,0.0,0.0,0.0,0.0,0.0,0.0,1.0,0.09171092510223389,0.09171092510223389,0.09212232381105423,0.0,0.018620070070028305,0.4601520299911499,1.0,0.0,1.0,0.0,0.0,0.01967223733663559,0.0,0.0,0.0,0.0,1.0,0.0,1.0,1.0,1.4998885490058456e-05,0.0,0.0,0.0,0.0,0.0,0.0,0.0,0.0,1.0,0.0,0.00021690117137040943,0.2796746790409088,0.20404455065727234,0.19285926222801208,0.0,0.09949464350938797,0.10001100599765778,0.10001100599765778,0.08748692274093628,-0.053552135825157166,-7.279146035932271e-11,0.0,0.0,3.8833296298980713,3.8833296298980713,1.192300796508789,1.192300796508789,0.3343172073364258,0.0,0.0,0.0,0.0,1.0,0.0,1.0,1.0,1.4998885490058456e-05,1.0,1.1923006772994995,0.0,1.192300796508789,1.2200353145599365,0.4601520299911499,0.06547597050666809,0.013798144645988941,1.0,2.602626323699951,2.599667549133301,2.647315263748169,0.0,4.0,0.0,0.0,0.0,0.0,0.0,0.0,,,,,,,,,,,,,,,,,,,,,,0.001
3,1002,train_epoch,0.13392855052997965,0.11146163438519317,0.11233457869398379,0.0,0.0,0.0,0.0,0.0,0.0,0.0,0.0,0.0,0.0,0.0,0.0,0.0,0.0,0.0,0.0,0.0,0.0,0.0,0.0,0.0,0.0,0.0,0.0,1.0,0.15782680199620966,0.1578268028438805,0.15814604411671263,0.0,0.01828859290275388,0.45867436053510197,1.0,0.0,1.0,0.0,0.0,0.017295006202522688,0.0,0.0,0.0,0.0,1.0,0.0,1.0,1.0,1.4998885490058456e-05,0.0,0.0,0.0,0.0,0.0,0.0,0.0,0.0,1.0,0.0,0.0021837790377663533,0.3509911094418543,0.2037361292781944,0.3838796152504618,0.0,0.11233457869398379,0.11146163438519317,0.11146163438519317,0.07787079471135568,-0.036196935159456774,-4.701303635455499e-12,0.0,0.0,3.8824334701378187,3.8824334744207873,1.3394666692453945,1.3394666692453945,0.2970310090009324,0.0,0.0,0.0,0.0,1.0,0.0,1.0,1.0,1.4998885490058456e-05,1.0,1.3394666328401623,0.0,1.3394666692453945,1.3375980154482905,0.45867436053510197,0.06511421179298513,0.014330891136660012,1.0,2.6169564909563805,2.6167107228033557,2.6172191482818055,0.0,4.0,0.0,0.0,0.0,0.0,0.0,0.0,,,,,,,,,,,,,,,,,,,,,,0.001
3,1002,val,,,,,,,,,,,,,,,,,,,,,,,,,,,,,,,,,,,,,,,,,,,,,,,,,,,,,,,,,,,,,,,,,,,,,,,,,,,,,,,,,,,,,,,,,,,,,,,,,,,,,,,,,,,82.21856904029846,14335.763929094586,119.7320505507802,155.24399198804582,45.15191638469696,16.013550251722336,25.427448922045482,10.888728533472333,7.505588373967579,73.99475741386414,90.12171406705063,144.9050784451621,41.102871605328154,133.22225100653512,160.80425358008273,264.06605638776506,75.22284667832511,82.21856904029846,119.7320505507802,155.24399198804582,45.15191638469696,0.001
3,1002,test_select,,,,,,,,,,,,,,,,,,,,,,,,,,,,,,,,,,,,,,,,,,,,,,,,,,,,,,,,,,,,,,,,,,,,,,,,,,,,,,,,,,,,,,,,,,,,,,,,,,,,,,,,,,,86.27374488966805,15808.929940359933,125.73356727763645,139.00978010041374,48.55076587200165,16.618879961115972,26.304270449885795,11.072898089885712,7.846784510782787,78.42223027774266,95.72468135965586,131.2522644656045,45.03093246051243,140.02791350228446,169.36554458278925,237.45740614618575,80.72809055873326,86.27374488966805,125.73356727763645,139.00978010041374,48.55076587200165,0.001
4,1020,train,0.14193513989448547,0.11817597597837448,0.11879583448171616,0.0,0.0,0.0,0.0,0.0,0.0,0.0,0.0,0.0,0.0,0.0,0.0,0.0,0.0,0.0,0.0,0.0,0.0,0.0,0.0,0.0,0.0,0.0,0.0,1.0,0.07901876419782639,0.07901877164840698,0.07944554835557938,0.0,0.01613258197903633,0.4602285921573639,1.0,0.0,1.0,0.0,0.0,0.03677723556756973,0.0,0.0,0.0,0.0,1.0,0.0,1.0,1.0,1.4998885490058456e-05,0.0,0.0,0.0,0.0,0.0,0.0,0.0,0.0,1.0,0.0,0.002683244412764907,0.2605776786804199,0.20237703621387482,0.17404945194721222,0.0,0.11879583448171616,0.11817597597837448,0.11817597597837448,0.09899471700191498,-0.07514974474906921,1.6986041739830426e-10,0.0,0.0,3.9108145236968994,3.9108145236968994,1.1576378345489502,1.1576378345489502,0.3980887234210968,0.0,0.0,0.0,0.0,1.0,0.0,1.0,1.0,1.4998885490058456e-05,1.0,1.1576378345489502,0.0,1.1576378345489502,1.222402811050415,0.4602285921573639,0.06659884750843048,0.014239461161196232,1.0,2.645803451538086,2.630115032196045,2.625298500061035,0.0,4.0,0.0,0.0,0.0,0.0,0.0,0.0,,,,,,,,,,,,,,,,,,,,,,0.001
4,1040,train,0.13963483273983002,0.11617742478847504,0.11728701740503311,0.0,0.0,0.0,0.0,0.0,0.0,0.0,0.0,0.0,0.0,0.0,0.0,0.0,0.0,0.0,0.0,0.0,0.0,0.0,0.0,0.0,0.0,0.0,0.0,1.0,0.07564413547515869,0.07564413547515869,0.07608659565448761,0.0,0.01696944050490856,0.45733392238616943,1.0,0.0,1.0,0.0,0.0,0.03152698650956154,0.0,0.0,0.0,0.0,1.0,0.0,1.0,1.0,1.4998885490058456e-05,0.0,0.0,0.0,0.0,0.0,0.0,0.0,0.0,1.0,0.0,0.0011683788616210222,0.2698144316673279,0.19665445387363434,0.17259058356285095,0.0,0.11728701740503311,0.11617742478847504,0.11617742478847504,0.08233417570590973,-0.050637345761060715,-1.3729588299593587e-10,0.0,0.0,3.9177799224853516,3.9177799224853516,1.1404353380203247,1.1404353380203247,0.3210082948207855,0.0,0.0,0.0,0.0,1.0,0.0,1.0,1.0,1.4998885490058456e-05,1.0,1.1404352188110352,0.0,1.1404353380203247,1.100661039352417,0.45733392238616943,0.06455054879188538,0.014015166088938713,1.0,2.598782539367676,2.616147041320801,2.6321961879730225,0.0,4.0,0.0,0.0,0.0,0.0,0.0,0.0,,,,,,,,,,,,,,,,,,,,,,0.001
4,1060,train,0.1348303109407425,0.11232205480337143,0.11254128068685532,0.0,0.0,0.0,0.0,0.0,0.0,0.0,0.0,0.0,0.0,0.0,0.0,0.0,0.0,0.0,0.0,0.0,0.0,0.0,0.0,0.0,0.0,0.0,0.0,1.0,0.07721246033906937,0.07721246778964996,0.07764057070016861,0.0,0.016591480001807213,0.4589189887046814,1.0,0.0,1.0,0.0,0.0,0.028691409155726433,0.0,0.0,0.0,0.0,1.0,0.0,1.0,1.0,1.4998885490058456e-05,0.0,0.0,0.0,0.0,0.0,0.0,0.0,0.0,1.0,0.0,0.002290105214342475,0.2809765934944153,0.19760890305042267,0.15848661959171295,0.0,0.11254128068685532,0.11232205480337143,0.11232205480337143,0.09826530516147614,-0.08438922464847565,-2.0653742605070136e-11,0.0,0.0,3.847992420196533,3.8479926586151123,1.1388094425201416,1.1388094425201416,0.38262274861335754,0.0,0.0,0.0,0.0,1.0,0.0,1.0,1.0,1.4998885490058456e-05,1.0,1.1388094425201416,0.0,1.1388094425201416,1.1671571731567383,0.4589189887046814,0.06812816858291626,0.014618467539548874,1.0,2.656186580657959,2.5968825817108154,2.620784282684326,0.0,4.0,0.0,0.0,0.0,0.0,0.0,0.0,,,,,,,,,,,,,,,,,,,,,,0.001
4,1080,train,0.1269194632768631,0.1057000458240509,0.10609707236289978,0.0,0.0,0.0,0.0,0.0,0.0,0.0,0.0,0.0,0.0,0.0,0.0,0.0,0.0,0.0,0.0,0.0,0.0,0.0,0.0,0.0,0.0,0.0,0.0,1.0,0.0727216973900795,0.0727216899394989,0.07315753400325775,0.0,0.01917167939245701,0.4563919007778168,1.0,0.0,1.0,0.0,0.0,0.0303854551166296,0.0,0.0,0.0,0.0,1.0,0.0,1.0,1.0,1.4998885490058456e-05,0.0,0.0,0.0,0.0,0.0,0.0,0.0,0.0,1.0,0.0,0.001636661821976304,0.2785818576812744,0.20182283222675323,0.15105101466178894,0.0,0.10609707236289978,0.1057000458240509,0.1057000458240509,0.08903101086616516,-0.06458119302988052,5.4804088350790536e-11,0.0,0.0,3.7392847537994385,3.7392847537994385,1.1101443767547607,1.1101443767547607,0.3324222266674042,0.0,0.0,0.0,0.0,1.0,0.0,1.0,1.0,1.4998885490058456e-05,1.0,1.1101443767547607,0.0,1.1101443767547607,1.1240566968917847,0.4563919007778168,0.06914318352937698,0.014811022207140923,1.0,2.495990753173828,2.5416696071624756,2.5041260719299316,0.0,4.0,0.0,0.0,0.0,0.0,0.0,0.0,,,,,,,,,,,,,,,,,,,,,,0.001
4,1100,train,0.14234404265880585,0.11838941276073456,0.11977314949035645,0.0,0.0,0.0,0.0,0.0,0.0,0.0,0.0,0.0,0.0,0.0,0.0,0.0,0.0,0.0,0.0,0.0,0.0,0.0,0.0,0.0,0.0,0.0,0.0,1.0,0.06681517511606216,0.06681517511606216,0.06722202897071838,0.0,0.017259806394577026,0.45939475297927856,1.0,0.0,1.0,0.0,0.0,0.034725822508335114,0.0,0.0,0.0,0.0,1.0,0.0,1.0,1.0,1.4998885490058456e-05,0.0,0.0,0.0,0.0,0.0,0.0,0.0,0.0,1.0,0.0,0.0036036530509591103,0.2540356516838074,0.20565271377563477,0.13488887250423431,0.0,0.11977314949035645,0.11838941276073456,0.11838941276073456,0.10403575003147125,-0.0864856019616127,2.0549213719522896e-10,0.0,0.0,3.944619655609131,3.944619655609131,1.1667479276657104,1.1667479276657104,0.4121263027191162,0.0,0.0,0.0,0.0,1.0,0.0,1.0,1.0,1.4998885490058456e-05,1.0,1.1667476892471313,0.0,1.1667479276657104,1.104362964630127,0.45939475297927856,0.06902411580085754,0.014375717379152775,1.0,2.6885480880737305,2.605264902114868,2.4946465492248535,0.0,4.0,0.0,0.0,0.0,0.0,0.0,0.0,,,,,,,,,,,,,,,,,,,,,,0.001
4,1120,train,0.12173183262348175,0.10131394118070602,0.10208943486213684,0.0,0.0,0.0,0.0,0.0,0.0,0.0,0.0,0.0,0.0,0.0,0.0,0.0,0.0,0.0,0.0,0.0,0.0,0.0,0.0,0.0,0.0,0.0,0.0,1.0,0.07435010373592377,0.07435010373592377,0.0747319832444191,0.0,0.01802576519548893,0.4563298523426056,1.0,0.0,1.0,0.0,0.0,0.028202278539538383,0.0,0.0,0.0,0.0,1.0,0.0,1.0,1.0,1.4998885490058456e-05,0.0,0.0,0.0,0.0,0.0,0.0,0.0,0.0,1.0,0.0,0.002246854128316045,0.26969051361083984,0.2066056877374649,0.12585708498954773,0.0,0.10208943486213684,0.10131394118070602,0.10131394118070602,0.09264804422855377,-0.05753026902675629,1.348238604093055e-10,0.0,0.0,3.965944528579712,3.965944528579712,1.1153837442398071,1.1153837442398071,0.366161972284317,0.0,0.0,0.0,0.0,1.0,0.0,1.0,1.0,1.4998885490058456e-05,1.0,1.1153837442398071,0.0,1.1153837442398071,1.0657870769500732,0.4563298523426056,0.06935594230890274,0.015102183446288109,1.0,2.6106677055358887,2.5706963539123535,2.5711584091186523,0.0,4.0,0.0,0.0,0.0,0.0,0.0,0.0,,,,,,,,,,,,,,,,,,,,,,0.001
4,1140,train,0.1377268135547638,0.11468259245157242,0.11522110551595688,0.0,0.0,0.0,0.0,0.0,0.0,0.0,0.0,0.0,0.0,0.0,0.0,0.0,0.0,0.0,0.0,0.0,0.0,0.0,0.0,0.0,0.0,0.0,0.0,1.0,0.06324227154254913,0.06324227154254913,0.06362160295248032,0.0,0.017792019993066788,0.45687103271484375,1.0,0.0,1.0,0.0,0.0,0.0315634161233902,0.0,0.0,0.0,0.0,1.0,0.0,1.0,1.0,1.4998885490058456e-05,0.0,0.0,0.0,0.0,0.0,0.0,0.0,0.0,1.0,0.0,0.0018847692990675569,0.2557874321937561,0.19108402729034424,0.1350880116224289,0.0,0.11522110551595688,0.11468259245157242,0.11468259245157242,0.09026183187961578,-0.07115155458450317,1.807186067459554e-10,0.0,0.0,3.8063507080078125,3.8063507080078125,1.077463150024414,1.077463150024414,0.3487504720687866,0.0,0.0,0.0,0.0,1.0,0.0,1.0,1.0,1.4998885490058456e-05,1.0,1.077463150024414,0.0,1.077463150024414,1.0337364673614502,0.45687103271484375,0.06793179363012314,0.014202810823917389,1.0,2.475008964538574,2.5757412910461426,2.5414254665374756,0.0,4.0,0.0,0.0,0.0,0.0,0.0,0.0,,,,,,,,,,,,,,,,,,,,,,0.001
4,1160,train,0.15361960232257843,0.1282435804605484,0.12688012421131134,0.0,0.0,0.0,0.0,0.0,0.0,0.0,0.0,0.0,0.0,0.0,0.0,0.0,0.0,0.0,0.0,0.0,0.0,0.0,0.0,0.0,0.0,0.0,0.0,1.0,0.07621793448925018,0.07621792703866959,0.0765548124909401,0.0,0.01865130290389061,0.4529218375682831,1.0,0.0,1.0,0.0,0.0,0.028247520327568054,0.0,0.0,0.0,0.0,1.0,0.0,1.0,1.0,1.4998885490058456e-05,0.0,0.0,0.0,0.0,0.0,0.0,0.0,0.0,1.0,0.0,0.002474942710250616,0.29388290643692017,0.19664350152015686,0.12972261011600494,0.0,0.12688012421131134,0.1282435804605484,0.1282435804605484,0.11737536638975143,-0.10659763216972351,-1.6382170620055092e-10,0.0,0.0,3.7977094650268555,3.7977094650268555,1.1387128829956055,1.1387128829956055,0.4298115670681,0.0,0.0,0.0,0.0,1.0,0.0,1.0,1.0,1.4998885490058456e-05,1.0,1.1387128829956055,0.0,1.1387128829956055,1.148608922958374,0.4529218375682831,0.07039850950241089,0.015672901645302773,1.0,2.417781352996826,2.5082287788391113,2.4991133213043213,0.0,4.0,0.0,0.0,0.0,0.0,0.0,0.0,,,,,,,,,,,,,,,,,,,,,,0.001
4,1180,train,0.12216100841760635,0.10165704786777496,0.10251981019973755,0.0,0.0,0.0,0.0,0.0,0.0,0.0,0.0,0.0,0.0,0.0,0.0,0.0,0.0,0.0,0.0,0.0,0.0,0.0,0.0,0.0,0.0,0.0,0.0,1.0,0.06633477658033371,0.06633477658033371,0.06676945090293884,0.0,0.01954994723200798,0.4545878767967224,1.0,0.0,1.0,0.0,0.0,0.031702980399131775,0.0,0.0,0.0,0.0,1.0,0.0,1.0,1.0,1.4998885490058456e-05,0.0,0.0,0.0,0.0,0.0,0.0,0.0,0.0,1.0,0.0,0.0014962255954742432,0.24600723385810852,0.19400854408740997,0.119145467877388,0.0,0.10251981019973755,0.10165704786777496,0.10165704786777496,0.10940008610486984,-0.052946753799915314,-2.740201954232191e-10,0.0,0.0,3.8455984592437744,3.8455984592437744,1.106957197189331,1.106957197189331,0.42575424909591675,0.0,0.0,0.0,0.0,1.0,0.0,1.0,1.0,1.4998885490058456e-05,1.0,1.106957197189331,0.0,1.106957197189331,1.1202524900436401,0.4545878767967224,0.07271967828273773,0.015960702672600746,1.0,2.6194839477539062,2.5229063034057617,2.543428897857666,0.0,4.0,0.0,0.0,0.0,0.0,0.0,0.0,,,,,,,,,,,,,,,,,,,,,,0.001
4,1200,train,0.13837705552577972,0.1151399165391922,0.11618567258119583,0.0,0.0,0.0,0.0,0.0,0.0,0.0,0.0,0.0,0.0,0.0,0.0,0.0,0.0,0.0,0.0,0.0,0.0,0.0,0.0,0.0,0.0,0.0,0.0,1.0,0.060997139662504196,0.0609971322119236,0.061317507177591324,0.0,0.016217287629842758,0.45923763513565063,1.0,0.0,1.0,0.0,0.0,0.04464532807469368,0.0,0.0,0.0,0.0,1.0,0.0,1.0,1.0,1.4998885490058456e-05,0.0,0.0,0.0,0.0,0.0,0.0,0.0,0.0,1.0,0.0,0.0026605785824358463,0.2631673216819763,0.18466833233833313,0.1159496009349823,0.0,0.11618567258119583,0.1151399165391922,0.1151399165391922,0.09188022464513779,-0.06304691731929779,1.20661855507187e-10,0.0,0.0,4.061945915222168,4.061945915222168,1.0348553657531738,1.0348553657531738,0.3802374005317688,0.0,0.0,0.0,0.0,1.0,0.0,1.0,1.0,1.4998885490058456e-05,1.0,1.0348553657531738,0.0,1.0348553657531738,1.0597130060195923,0.45923763513565063,0.06882663071155548,0.014984474517405033,1.0,2.6868152618408203,2.5290660858154297,2.5601577758789062,0.0,4.0,0.0,0.0,0.0,0.0,0.0,0.0,,,,,,,,,,,,,,,,,,,,,,0.001
4,1220,train,0.13677483797073364,0.11382865905761719,0.11473089456558228,0.0,0.0,0.0,0.0,0.0,0.0,0.0,0.0,0.0,0.0,0.0,0.0,0.0,0.0,0.0,0.0,0.0,0.0,0.0,0.0,0.0,0.0,0.0,0.0,1.0,0.05886780470609665,0.05886779725551605,0.05916157364845276,0.0,0.018354292958974838,0.45858272910118103,1.0,0.0,1.0,0.0,0.0,0.03613285720348358,0.0,0.0,0.0,0.0,1.0,0.0,1.0,1.0,1.4998885490058456e-05,0.0,0.0,0.0,0.0,0.0,0.0,0.0,0.0,1.0,0.0,0.002236221916973591,0.24127471446990967,0.19944684207439423,0.10528813302516937,0.0,0.11473089456558228,0.11382865905761719,0.11382865905761719,0.11589335650205612,-0.09071055799722672,-1.9371633463993732e-10,0.0,0.0,3.9376063346862793,3.9376063346862793,1.129630208015442,1.129630208015442,0.46461576223373413,0.0,0.0,0.0,0.0,1.0,0.0,1.0,1.0,1.4998885490058456e-05,1.0,1.129630208015442,0.0,1.129630208015442,1.0673863887786865,0.45858272910118103,0.07098962366580963,0.015046856366097927,1.0,2.5275516510009766,2.5172502994537354,2.5771169662475586,0.0,4.0,0.0,0.0,0.0,0.0,0.0,0.0,,,,,,,,,,,,,,,,,,,,,,0.001
4,1240,train,0.12367401272058487,0.10303151607513428,0.10321248322725296,0.0,0.0,0.0,0.0,0.0,0.0,0.0,0.0,0.0,0.0,0.0,0.0,0.0,0.0,0.0,0.0,0.0,0.0,0.0,0.0,0.0,0.0,0.0,0.0,1.0,0.06593497842550278,0.06593498587608337,0.06635129451751709,0.0,0.018764639273285866,0.4583244025707245,1.0,0.0,1.0,0.0,0.0,0.05142989382147789,0.0,0.0,0.0,0.0,1.0,0.0,1.0,1.0,1.4998885490058456e-05,0.0,0.0,0.0,0.0,0.0,0.0,0.0,0.0,1.0,0.0,0.0016840058378875256,0.2795749306678772,0.2132507562637329,0.08852016925811768,0.0,0.10321248322725296,0.10303151607513428,0.10303151607513428,0.10425437986850739,-0.08490494638681412,3.365076273187384e-11,0.0,0.0,4.213396072387695,4.213396072387695,1.1362801790237427,1.1362801790237427,0.44594714045524597,0.0,0.0,0.0,0.0,1.0,0.0,1.0,1.0,1.4998885490058456e-05,1.0,1.1362801790237427,0.0,1.1362801790237427,1.107817530632019,0.4583244025707245,0.07087061554193497,0.015008090995252132,1.0,2.5598175525665283,2.525963306427002,2.555410385131836,0.0,4.0,0.0,0.0,0.0,0.0,0.0,0.0,,,,,,,,,,,,,,,,,,,,,,0.001
4,1260,train,0.1331886500120163,0.1107909232378006,0.1119886189699173,0.0,0.0,0.0,0.0,0.0,0.0,0.0,0.0,0.0,0.0,0.0,0.0,0.0,0.0,0.0,0.0,0.0,0.0,0.0,0.0,0.0,0.0,0.0,0.0,1.0,0.061269525438547134,0.061269525438547134,0.061663370579481125,0.0,0.01740902289748192,0.45605289936065674,1.0,0.0,1.0,0.0,0.0,0.04713556170463562,0.0,0.0,0.0,0.0,1.0,0.0,1.0,1.0,1.4998885490058456e-05,0.0,0.0,0.0,0.0,0.0,0.0,0.0,0.0,1.0,0.0,0.002759345341473818,0.25862887501716614,0.2004256695508957,0.08490458875894547,0.0,0.1119886189699173,0.1107909232378006,0.1107909232378006,0.1113855242729187,-0.08356227725744247,-1.4311721079074413e-11,0.0,0.0,3.8266074657440186,3.8266074657440186,1.1385079622268677,1.1385079622268677,0.42586463689804077,0.0,0.0,0.0,0.0,1.0,0.0,1.0,1.0,1.4998885490058456e-05,1.0,1.1385078430175781,0.0,1.1385079622268677,1.098013162612915,0.45605289936065674,0.07350099086761475,0.01631416752934456,1.0,2.607832193374634,2.524777412414551,2.524097442626953,0.0,4.0,0.0,0.0,0.0,0.0,0.0,0.0,,,,,,,,,,,,,,,,,,,,,,0.001
4,1280,train,0.11987170577049255,0.09980477392673492,0.10033465921878815,0.0,0.0,0.0,0.0,0.0,0.0,0.0,0.0,0.0,0.0,0.0,0.0,0.0,0.0,0.0,0.0,0.0,0.0,0.0,0.0,0.0,0.0,0.0,0.0,1.0,0.057670436799526215,0.057670436799526215,0.058031123131513596,0.0,0.018330493941903114,0.45393964648246765,1.0,0.0,1.0,0.0,0.0,0.035617731511592865,0.0,0.0,0.0,0.0,1.0,0.0,1.0,1.0,1.4998885490058456e-05,0.0,0.0,0.0,0.0,0.0,0.0,0.0,0.0,1.0,0.0,0.001491109374910593,0.2678576707839966,0.2000425010919571,0.08043141663074493,0.0,0.10033465921878815,0.09980477392673492,0.09980477392673492,0.10487762838602066,-0.07467920333147049,1.0594403132557773e-10,0.0,0.0,3.835212230682373,3.835212230682373,1.128289818763733,1.128289818763733,0.40068933367729187,0.0,0.0,0.0,0.0,1.0,0.0,1.0,1.0,1.4998885490058456e-05,1.0,1.128289818763733,0.0,1.128289818763733,1.1305723190307617,0.45393964648246765,0.07162874191999435,0.015476459637284279,1.0,2.592834234237671,2.610971450805664,2.580817222595215,0.0,4.0,0.0,0.0,0.0,0.0,0.0,0.0,,,,,,,,,,,,,,,,,,,,,,0.001
4,1300,train,0.12600280344486237,0.10482548177242279,0.10588659346103668,0.0,0.0,0.0,0.0,0.0,0.0,0.0,0.0,0.0,0.0,0.0,0.0,0.0,0.0,0.0,0.0,0.0,0.0,0.0,0.0,0.0,0.0,0.0,0.0,1.0,0.06777089834213257,0.06777089089155197,0.06805998831987381,0.0,0.018950052559375763,0.4524095952510834,1.0,0.0,1.0,0.0,0.0,0.032235052436590195,0.0,0.0,0.0,0.0,1.0,0.0,1.0,1.0,1.4998885490058456e-05,0.0,0.0,0.0,0.0,0.0,0.0,0.0,0.0,1.0,0.0,0.0011185134062543511,0.2583586871623993,0.19708262383937836,0.07447013258934021,0.0,0.10588659346103668,0.10482548177242279,0.10482548177242279,0.11058953404426575,-0.09095888584852219,-2.4468907802721596e-11,0.0,0.0,3.8962059020996094,3.8962059020996094,1.0479103326797485,1.0479103326797485,0.4311726689338684,0.0,0.0,0.0,0.0,1.0,0.0,1.0,1.0,1.4998885490058456e-05,1.0,1.0479103326797485,0.0,1.0479103326797485,1.0864973068237305,0.4524095952510834,0.07208435237407684,0.015564961358904839,1.0,2.528240442276001,2.5264763832092285,2.5030617713928223,0.0,4.0,0.0,0.0,0.0,0.0,0.0,0.0,,,,,,,,,,,,,,,,,,,,,,0.001
4,1320,train,0.12829282879829407,0.10676423460245132,0.1076429933309555,0.0,0.0,0.0,0.0,0.0,0.0,0.0,0.0,0.0,0.0,0.0,0.0,0.0,0.0,0.0,0.0,0.0,0.0,0.0,0.0,0.0,0.0,0.0,0.0,1.0,0.05527210235595703,0.05527210235595703,0.055612802505493164,0.0,0.016091788187623024,0.4563847482204437,1.0,0.0,1.0,0.0,0.0,0.04481423646211624,0.0,0.0,0.0,0.0,1.0,0.0,1.0,1.0,1.4998885490058456e-05,0.0,0.0,0.0,0.0,0.0,0.0,0.0,0.0,1.0,0.0,0.0014397724298760295,0.2849106788635254,0.20995377004146576,0.07150294631719589,0.0,0.1076429933309555,0.10676423460245132,0.10676423460245132,0.1240440160036087,-0.10578694194555283,3.404858339717265e-10,0.0,0.0,3.990959644317627,3.990959405899048,1.1708983182907104,1.1708983182907104,0.4925400912761688,0.0,0.0,0.0,0.0,1.0,0.0,1.0,1.0,1.4998885490058456e-05,1.0,1.1708983182907104,0.0,1.1708983182907104,1.1190611124038696,0.4563847482204437,0.07163072377443314,0.015265417285263538,1.0,2.607616424560547,2.5548832416534424,2.5038723945617676,0.0,4.0,0.0,0.0,0.0,0.0,0.0,0.0,,,,,,,,,,,,,,,,,,,,,,0.001
4,1336,train_epoch,0.13119094151847377,0.10920960166140231,0.10990669665311625,0.0,0.0,0.0,0.0,0.0,0.0,0.0,0.0,0.0,0.0,0.0,0.0,0.0,0.0,0.0,0.0,0.0,0.0,0.0,0.0,0.0,0.0,0.0,0.0,1.0,0.06815923189376286,0.06815923207221988,0.0685457331602445,0.0,0.01818440342600831,0.4564009725512145,1.0,0.0,1.0,0.0,0.0,0.03835564526076802,0.0,0.0,0.0,0.0,1.0,0.0,1.0,1.0,1.4998885490058456e-05,0.0,0.0,0.0,0.0,0.0,0.0,0.0,0.0,1.0,0.0,0.0017676890792882294,0.2643136495423174,0.19884545721872124,0.12101259562159013,0.0,0.10990669665311625,0.10920960166140231,0.10920960166140231,0.10357436448514104,-0.07934060161877535,-7.099045415269292e-12,0.0,0.0,3.92536866093824,3.9253686723594896,1.125241343311207,1.125241343311207,0.40285709152321614,0.0,0.0,0.0,0.0,1.0,0.0,1.0,1.0,1.4998885490058456e-05,1.0,1.1252413115458575,0.0,1.125241343311207,1.1174937802517486,0.4564009725512145,0.0689444770467674,0.014711334922178063,1.0,2.5362035464383883,2.536282868442421,2.535981545905153,0.0,4.0,0.0,0.0,0.0,0.0,0.0,0.0,,,,,,,,,,,,,,,,,,,,,,0.001
4,1336,val,,,,,,,,,,,,,,,,,,,,,,,,,,,,,,,,,,,,,,,,,,,,,,,,,,,,,,,,,,,,,,,,,,,,,,,,,,,,,,,,,,,,,,,,,,,,,,,,,,,,,,,,,,,82.03277339254107,14411.924813406808,120.04967644024205,154.9442833151136,45.062222140175955,15.968589361224856,25.479855207026276,11.425071490662438,7.479693749121258,71.88383163724627,87.12487569035041,142.25629445484705,40.201290130615234,133.9073496546064,161.47588696461787,266.1619222164154,75.78887357030597,82.03277339254107,120.04967644024205,154.9442833151136,45.062222140175955,0.001
4,1336,test_select,,,,,,,,,,,,,,,,,,,,,,,,,,,,,,,,,,,,,,,,,,,,,,,,,,,,,,,,,,,,,,,,,,,,,,,,,,,,,,,,,,,,,,,,,,,,,,,,,,,,,,,,,,,86.14862077576774,15956.222573416573,126.31794240493538,139.1338427747999,48.49956640175411,16.458109625748225,26.21371258669314,12.160401591232844,7.8640921626772196,76.6521919454847,93.33157795144135,129.5167998756681,44.22491870607649,141.29071855545044,170.91191179024614,239.38559556007385,81.53880674498421,86.14862077576774,126.31794240493538,139.1338427747999,48.49956640175411,0.001
4,1336,test,,,,,,,,,,,,,,,,,,,,,,,,,,,,,,,,,,,,,,,,,,,,,,,,,,,,,,,,,,,,,,,,,,,,,,,,,,,,,,,,,,,,,,,,,,,,,,,,,,,,,,,,,,,86.14862077576774,15956.222573416573,126.31794240493538,139.1338427747999,48.49956640175411,16.458109625748225,26.21371258669314,12.160401591232844,7.8640921626772196,76.6521919454847,93.33157795144135,129.5167998756681,44.22491870607649,141.29071855545044,170.91191179024614,239.38559556007385,81.53880674498421,86.14862077576774,126.31794240493538,139.1338427747999,48.49956640175411,0.001
5,1340,train,0.18176482617855072,0.151091068983078,0.1533687859773636,0.0,0.0,0.0,0.0,0.0,0.0,0.0,0.0,0.0,0.0,0.0,0.0,0.0,0.0,0.0,0.0,0.0,0.0,0.0,0.0,0.0,0.0,0.0,0.0,1.0,0.06375652551651001,0.06375652551651001,0.06419986486434937,0.0,0.01886814460158348,0.45167580246925354,1.0,0.0,1.0,0.0,0.0,0.06344515085220337,0.0,0.0,0.0,0.0,0.9999999403953552,0.0,1.0,1.0,1.4998885490058456e-05,0.0,0.0,0.0,0.0,0.0,0.0,0.0,0.0,1.0,0.0,0.0016663341084495187,0.2669943869113922,0.21343936026096344,0.06215008348226547,0.0,0.1533687859773636,0.151091068983078,0.151091068983078,0.12142373621463776,-0.10866333544254303,2.4842197743346617e-10,0.0,0.0,3.8502535820007324,3.850253105163574,1.1491929292678833,1.1491929292678833,0.45071882009506226,0.0,0.0,0.0,0.0,1.0,0.0,1.0,1.0,1.4998885490058456e-05,1.0,1.1491929292678833,0.0,1.1491929292678833,1.1883774995803833,0.45167580246925354,0.07335328310728073,0.015797719359397888,1.0,2.4700112342834473,2.4606096744537354,2.393418550491333,0.0,5.0,0.0,0.0,0.0,0.0,0.0,0.0,,,,,,,,,,,,,,,,,,,,,,0.001
5,1360,train,0.14152248203754425,0.11785762757062912,0.11832424253225327,0.0,0.0,0.0,0.0,0.0,0.0,0.0,0.0,0.0,0.0,0.0,0.0,0.0,0.0,0.0,0.0,0.0,0.0,0.0,0.0,0.0,0.0,0.0,0.0,1.0,0.05461902916431427,0.05461902916431427,0.05490455776453018,0.0,0.01824161596596241,0.4555358290672302,1.0,0.0,1.0,0.0,0.0,0.04806087911128998,0.0,0.0,0.0,0.0,0.9999999403953552,0.0,1.0,1.0,1.4998885490058456e-05,0.0,0.0,0.0,0.0,0.0,0.0,0.0,0.0,1.0,0.0,0.0018077625427395105,0.284820556640625,0.190578430891037,0.07890503108501434,0.0,0.11832424253225327,0.11785762757062912,0.11785762757062912,0.07005120068788528,-0.052434809505939484,6.810085828590218e-11,0.0,0.0,3.7746729850769043,3.7746729850769043,1.0137134790420532,1.0137134790420532,0.2416469007730484,0.0,0.0,0.0,0.0,1.0,0.0,1.0,1.0,1.4998885490058456e-05,1.0,1.0137134790420532,0.0,1.0137134790420532,1.0447919368743896,0.4555358290672302,0.08756943047046661,0.01624295674264431,1.0,2.4221339225769043,2.462245464324951,2.4354989528656006,0.0,5.0,0.0,0.0,0.0,0.0,0.0,0.0,,,,,,,,,,,,,,,,,,,,,,0.001
5,1380,train,0.13880544900894165,0.1156243160367012,0.11590563505887985,0.0,0.0,0.0,0.0,0.0,0.0,0.0,0.0,0.0,0.0,0.0,0.0,0.0,0.0,0.0,0.0,0.0,0.0,0.0,0.0,0.0,0.0,0.0,0.0,1.0,0.05589652061462402,0.055896513164043427,0.05617028847336769,0.0,0.01882111467421055,0.45263463258743286,1.0,0.0,1.0,0.0,0.0,0.05332955718040466,0.0,0.0,0.0,0.0,0.9999999403953552,0.0,1.0,1.0,1.4998885490058456e-05,0.0,0.0,0.0,0.0,0.0,0.0,0.0,0.0,1.0,0.0,0.0025894558057188988,0.2992386519908905,0.19173429906368256,0.075313039124012,0.0,0.11590563505887985,0.1156243160367012,0.1156243160367012,0.09587700664997101,-0.06738393753767014,-2.0367123265696563e-10,0.0,0.0,3.6701977252960205,3.6701977252960205,1.0848926305770874,1.0848926305770874,0.34601062536239624,0.0,0.0,0.0,0.0,1.0,0.0,1.0,1.0,1.4998885490058456e-05,1.0,1.0848926305770874,0.0,1.0848926305770874,1.0401703119277954,0.45263463258743286,0.094206802546978,0.017424076795578003,1.0,2.4363341331481934,2.443636894226074,2.4878990650177,0.0,5.0,0.0,0.0,0.0,0.0,0.0,0.0,,,,,,,,,,,,,,,,,,,,,,0.001
5,1400,train,0.13005855679512024,0.10817263275384903,0.10942964255809784,0.0,0.0,0.0,0.0,0.0,0.0,0.0,0.0,0.0,0.0,0.0,0.0,0.0,0.0,0.0,0.0,0.0,0.0,0.0,0.0,0.0,0.0,0.0,0.0,1.0,0.04959069564938545,0.04959069564938545,0.04988754913210869,0.0,0.016840213909745216,0.4573332369327545,1.0,0.0,1.0,0.0,0.0,0.03433292359113693,0.0,0.0,0.0,0.0,0.9999999403953552,0.0,1.0,1.0,1.4998885490058456e-05,0.0,0.0,0.0,0.0,0.0,0.0,0.0,0.0,1.0,0.0,0.0035259893629699945,0.26894351840019226,0.18650196492671967,0.06588195264339447,0.0,0.10942964255809784,0.10817263275384903,0.10817263275384903,0.09391570836305618,-0.09021732211112976,1.6642437428160406e-11,0.0,0.0,3.8918588161468506,3.8918588161468506,1.0165959596633911,1.0165959596633911,0.34199258685112,0.0,0.0,0.0,0.0,1.0,0.0,1.0,1.0,1.4998885490058456e-05,1.0,1.0165959596633911,0.0,1.0165959596633911,0.9808748364448547,0.4573332369327545,0.09786244481801987,0.01673653908073902,1.0,2.6008999347686768,2.4522361755371094,2.4614150524139404,0.0,5.0,0.0,0.0,0.0,0.0,0.0,0.0,,,,,,,,,,,,,,,,,,,,,,0.001
5,1420,train,0.1417606770992279,0.1179545670747757,0.11903054267168045,0.0,0.0,0.0,0.0,0.0,0.0,0.0,0.0,0.0,0.0,0.0,0.0,0.0,0.0,0.0,0.0,0.0,0.0,0.0,0.0,0.0,0.0,0.0,0.0,1.0,0.05225224792957306,0.05225224420428276,0.05254678055644035,0.0,0.018539635464549065,0.4522765278816223,1.0,0.0,1.0,0.0,0.0,0.043410640209913254,0.0,0.0,0.0,0.0,0.9999999403953552,0.0,1.0,1.0,1.4998885490058456e-05,0.0,0.0,0.0,0.0,0.0,0.0,0.0,0.0,1.0,0.0,0.0026083188131451607,0.2932569086551666,0.18991151452064514,0.05472544580698013,0.0,0.11903054267168045,0.1179545670747757,0.1179545670747757,0.10931127518415451,-0.10009172558784485,-1.297360413543558e-10,0.0,0.0,3.7906103134155273,3.7906100749969482,1.0111345052719116,1.0111345052719116,0.4132336974143982,0.0,0.0,0.0,0.0,1.0,0.0,1.0,1.0,1.4998885490058456e-05,1.0,1.0111345052719116,0.0,1.0111345052719116,1.03054940700531,0.4522765278816223,0.09968522191047668,0.01740008220076561,1.0,2.4456324577331543,2.4155473709106445,2.434800624847412,0.0,5.0,0.0,0.0,0.0,0.0,0.0,0.0,,,,,,,,,,,,,,,,,,,,,,0.001
5,1440,train,0.14547361433506012,0.12112855911254883,0.12172526866197586,0.0,0.0,0.0,0.0,0.0,0.0,0.0,0.0,0.0,0.0,0.0,0.0,0.0,0.0,0.0,0.0,0.0,0.0,0.0,0.0,0.0,0.0,0.0,0.0,1.0,0.0563238188624382,0.0563238188624382,0.05655688792467117,0.0,0.019059618934988976,0.45111513137817383,1.0,0.0,1.0,0.0,0.0,0.0721520334482193,0.0,0.0,0.0,0.0,0.9999999403953552,0.0,1.0,1.0,1.4998885490058456e-05,0.0,0.0,0.0,0.0,0.0,0.0,0.0,0.0,1.0,0.0,0.0034027716610580683,0.294223427772522,0.1803128570318222,0.06102544069290161,0.0,0.12172526866197586,0.12112855911254883,0.12112855911254883,0.10532289743423462,-0.09747543185949326,1.5536466557719564e-10,0.0,0.0,3.6261396408081055,3.6261396408081055,1.0197497606277466,1.0197497606277466,0.3587729036808014,0.0,0.0,0.0,0.0,1.0,0.0,1.0,1.0,1.4998885490058456e-05,1.0,1.019749641418457,0.0,1.0197497606277466,1.05084228515625,0.45111513137817383,0.10056377947330475,0.01786118932068348,1.0,2.334817886352539,2.324174404144287,2.390591621398926,0.0,5.0,0.0,0.0,0.0,0.0,0.0,0.0,,,,,,,,,,,,,,,,,,,,,,0.001
5,1460,train,0.13278967142105103,0.11049039661884308,0.11149638146162033,0.0,0.0,0.0,0.0,0.0,0.0,0.0,0.0,0.0,0.0,0.0,0.0,0.0,0.0,0.0,0.0,0.0,0.0,0.0,0.0,0.0,0.0,0.0,0.0,1.0,0.054891012609004974,0.054891012609004974,0.05517582222819328,0.0,0.01875966787338257,0.4525947570800781,1.0,0.0,1.0,0.0,0.0,0.05443428456783295,0.0,0.0,0.0,0.0,0.9999999403953552,0.0,1.0,1.0,1.4998885490058456e-05,0.0,0.0,0.0,0.0,0.0,0.0,0.0,0.0,1.0,0.0,0.0022375734988600016,0.30198174715042114,0.18525005877017975,0.048059407621622086,0.0,0.11149638146162033,0.11049039661884308,0.11049039661884308,0.11618365347385406,-0.10076969861984253,3.4580624475033517e-10,0.0,0.0,3.772843837738037,3.772843837738037,1.0318381786346436,1.0318381786346436,0.4232693016529083,0.0,0.0,0.0,0.0,1.0,0.0,1.0,1.0,1.4998885490058456e-05,1.0,1.031838059425354,0.0,1.0318381786346436,1.0693409442901611,0.4525947570800781,0.09965537488460541,0.01882261224091053,1.0,2.404172897338867,2.388986110687256,2.3389551639556885,0.0,5.0,0.0,0.0,0.0,0.0,0.0,0.0,,,,,,,,,,,,,,,,,,,,,,0.001
5,1480,train,0.12287727743387222,0.10233163088560104,0.1027282327413559,0.0,0.0,0.0,0.0,0.0,0.0,0.0,0.0,0.0,0.0,0.0,0.0,0.0,0.0,0.0,0.0,0.0,0.0,0.0,0.0,0.0,0.0,0.0,0.0,1.0,0.05362839251756668,0.05362839251756668,0.053888995200395584,0.0,0.018702920526266098,0.44893714785575867,1.0,0.0,1.0,0.0,0.0,0.021517181769013405,0.0,0.0,0.0,0.0,0.9999999403953552,0.0,1.0,1.0,1.4998885490058456e-05,0.0,0.0,0.0,0.0,0.0,0.0,0.0,0.0,1.0,0.0,0.0021504845935851336,0.26643896102905273,0.18215222656726837,0.04641062021255493,0.0,0.1027282327413559,0.10233163088560104,0.10233163088560104,0.11209671199321747,-0.09047996252775192,4.115068702459368e-11,0.0,0.0,3.7553460597991943,3.7553460597991943,0.9870777726173401,0.9870777726173401,0.4071130156517029,0.0,0.0,0.0,0.0,1.0,0.0,1.0,1.0,1.4998885490058456e-05,1.0,0.9870777130126953,0.0,0.9870777726173401,1.021261215209961,0.44893714785575867,0.10125162452459335,0.018244115635752678,1.0,2.32816219329834,2.372417688369751,2.3735265731811523,0.0,5.0,0.0,0.0,0.0,0.0,0.0,0.0,,,,,,,,,,,,,,,,,,,,,,0.001
5,1500,train,0.13890793919563293,0.1156303733587265,0.11638785153627396,0.0,0.0,0.0,0.0,0.0,0.0,0.0,0.0,0.0,0.0,0.0,0.0,0.0,0.0,0.0,0.0,0.0,0.0,0.0,0.0,0.0,0.0,0.0,0.0,1.0,0.05892504006624222,0.05892504006624222,0.059202179312705994,0.0,0.01812044344842434,0.45408469438552856,1.0,0.0,1.0,0.0,0.0,0.03883010894060135,0.0,0.0,0.0,0.0,0.9999999403953552,0.0,1.0,1.0,1.4998885490058456e-05,0.0,0.0,0.0,0.0,0.0,0.0,0.0,0.0,1.0,0.0,0.0025751618668437004,0.29412218928337097,0.20574845373630524,0.044903140515089035,0.0,0.11638785153627396,0.1156303733587265,0.1156303733587265,0.132603257894516,-0.11620369553565979,-3.0862926797547985e-11,0.0,0.0,3.928511381149292,3.928511381149292,1.1220794916152954,1.1220794916152954,0.5354171395301819,0.0,0.0,0.0,0.0,1.0,0.0,1.0,1.0,1.4998885490058456e-05,1.0,1.1220794916152954,0.0,1.1220794916152954,1.0945332050323486,0.45408469438552856,0.10067640244960785,0.01834394596517086,1.0,2.4067459106445312,2.3949060440063477,2.3638594150543213,0.0,5.0,0.0,0.0,0.0,0.0,0.0,0.0,,,,,,,,,,,,,,,,,,,,,,0.001
5,1520,train,0.13771049678325653,0.1145172268152237,0.1159663200378418,0.0,0.0,0.0,0.0,0.0,0.0,0.0,0.0,0.0,0.0,0.0,0.0,0.0,0.0,0.0,0.0,0.0,0.0,0.0,0.0,0.0,0.0,0.0,0.0,1.0,0.0567241832613945,0.0567241832613945,0.05705805867910385,0.0,0.01921909861266613,0.4519360065460205,1.0,0.0,1.0,0.0,0.0,0.04106999188661575,0.0,0.0,0.0,0.0,0.9999999403953552,0.0,1.0,1.0,1.4998885490058456e-05,0.0,0.0,0.0,0.0,0.0,0.0,0.0,0.0,1.0,0.0,0.002325925510376692,0.2957446873188019,0.19147124886512756,0.04156205803155899,0.0,0.1159663200378418,0.1145172268152237,0.1145172268152237,0.11581230163574219,-0.10046359896659851,1.764333991405298e-11,0.0,0.0,3.6309046745300293,3.6309046745300293,1.073991060256958,1.073991060256958,0.4046615660190582,0.0,0.0,0.0,0.0,1.0,0.0,1.0,1.0,1.4998885490058456e-05,1.0,1.073991060256958,0.0,1.073991060256958,1.0855149030685425,0.4519360065460205,0.10253006964921951,0.019224386662244797,1.0,2.3967673778533936,2.402240037918091,2.3786580562591553,0.0,5.0,0.0,0.0,0.0,0.0,0.0,0.0,,,,,,,,,,,,,,,,,,,,,,0.001
5,1540,train,0.1311439573764801,0.10917769372463226,0.1098313257098198,0.0,0.0,0.0,0.0,0.0,0.0,0.0,0.0,0.0,0.0,0.0,0.0,0.0,0.0,0.0,0.0,0.0,0.0,0.0,0.0,0.0,0.0,0.0,0.0,1.0,0.05283290892839432,0.05283290892839432,0.0531841516494751,0.0,0.017364386469125748,0.448506236076355,1.0,0.0,1.0,0.0,0.0,0.036399856209754944,0.0,0.0,0.0,0.0,0.9999999403953552,0.0,1.0,1.0,1.4998885490058456e-05,0.0,0.0,0.0,0.0,0.0,0.0,0.0,0.0,1.0,0.0,0.002827022224664688,0.32109731435775757,0.19770179688930511,0.03730394318699837,0.0,0.1098313257098198,0.10917769372463226,0.10917769372463226,0.1267905831336975,-0.10845379531383514,2.7972480234894626e-11,0.0,0.0,3.7808027267456055,3.7808027267456055,1.0235337018966675,1.0235337018966675,0.4757530689239502,0.0,0.0,0.0,0.0,1.0,0.0,1.0,1.0,1.4998885490058456e-05,1.0,1.0235337018966675,0.0,1.0235337018966675,1.0626475811004639,0.448506236076355,0.09970620274543762,0.01849784143269062,1.0,2.3304126262664795,2.352684497833252,2.3089356422424316,0.0,5.0,0.0,0.0,0.0,0.0,0.0,0.0,,,,,,,,,,,,,,,,,,,,,,0.001
5,1560,train,0.1276324987411499,0.10630297660827637,0.10664761066436768,0.0,0.0,0.0,0.0,0.0,0.0,0.0,0.0,0.0,0.0,0.0,0.0,0.0,0.0,0.0,0.0,0.0,0.0,0.0,0.0,0.0,0.0,0.0,0.0,1.0,0.050564125180244446,0.050564125180244446,0.05087373033165932,0.0,0.018250631168484688,0.455526202917099,1.0,0.0,1.0,0.0,0.0,0.04462653398513794,0.0,0.0,0.0,0.0,0.9999999403953552,0.0,1.0,1.0,1.4998885490058456e-05,0.0,0.0,0.0,0.0,0.0,0.0,0.0,0.0,1.0,0.0,0.0015193704748526216,0.2851012647151947,0.18546408414840698,0.037790898233652115,0.0,0.10664761066436768,0.10630297660827637,0.10630297660827637,0.11229325830936432,-0.10579070448875427,-1.541839572682946e-10,0.0,0.0,3.8412325382232666,3.8412325382232666,1.0287495851516724,1.0287495851516724,0.41212379932403564,0.0,0.0,0.0,0.0,1.0,0.0,1.0,1.0,1.4998885490058456e-05,1.0,1.0287495851516724,0.0,1.0287495851516724,1.0354653596878052,0.455526202917099,0.10272204875946045,0.018661122769117355,1.0,2.4689154624938965,2.3813257217407227,2.3748817443847656,0.0,5.0,0.0,0.0,0.0,0.0,0.0,0.0,,,,,,,,,,,,,,,,,,,,,,0.001
5,1580,train,0.14803393185138702,0.1235262006521225,0.12253867089748383,0.0,0.0,0.0,0.0,0.0,0.0,0.0,0.0,0.0,0.0,0.0,0.0,0.0,0.0,0.0,0.0,0.0,0.0,0.0,0.0,0.0,0.0,0.0,0.0,1.0,0.04993120953440666,0.04993120953440666,0.05025985836982727,0.0,0.017636258155107498,0.45212170481681824,1.0,0.0,1.0,0.0,0.0,0.050087735056877136,0.0,0.0,0.0,0.0,0.9999999403953552,0.0,1.0,1.0,1.4998885490058456e-05,0.0,0.0,0.0,0.0,0.0,0.0,0.0,0.0,1.0,0.0,-0.0005043604178354144,0.2816866338253021,0.19764065742492676,0.03562191501259804,0.0,0.12253867089748383,0.1235262006521225,0.1235262006521225,0.11631856858730316,-0.09373566508293152,7.291496573191836e-11,0.0,0.0,3.7801694869995117,3.7801694869995117,1.0736324787139893,1.0736324787139893,0.4294431805610657,0.0,0.0,0.0,0.0,1.0,0.0,1.0,1.0,1.4998885490058456e-05,1.0,1.0736323595046997,0.0,1.0736324787139893,0.9694926738739014,0.45212170481681824,0.09905781596899033,0.018145553767681122,1.0,2.4412200450897217,2.324984073638916,2.3482143878936768,0.0,5.0,0.0,0.0,0.0,0.0,0.0,0.0,,,,,,,,,,,,,,,,,,,,,,0.001
5,1600,train,0.12561020255088806,0.10435645282268524,0.10626872628927231,0.0,0.0,0.0,0.0,0.0,0.0,0.0,0.0,0.0,0.0,0.0,0.0,0.0,0.0,0.0,0.0,0.0,0.0,0.0,0.0,0.0,0.0,0.0,0.0,1.0,0.06258872896432877,0.06258872896432877,0.06283946335315704,0.0,0.017313122749328613,0.4543779194355011,1.0,0.0,1.0,0.0,0.0,0.02837013080716133,0.0,0.0,0.0,0.0,0.9999999403953552,0.0,1.0,1.0,1.4998885490058456e-05,0.0,0.0,0.0,0.0,0.0,0.0,0.0,0.0,1.0,0.0,0.004038636106997728,0.2873355746269226,0.2035479098558426,0.0348857082426548,0.0,0.10626872628927231,0.10435645282268524,0.10435645282268524,0.140990749001503,-0.1263347566127777,-9.885674917553544e-11,0.0,0.0,4.040237903594971,4.040237903594971,1.0847457647323608,1.0847457647323608,0.5493606328964233,0.0,0.0,0.0,0.0,1.0,0.0,1.0,1.0,1.4998885490058456e-05,1.0,1.0847457647323608,0.0,1.0847457647323608,1.0389702320098877,0.4543779194355011,0.1017635390162468,0.019525844603776932,1.0,2.453627109527588,2.370629072189331,2.363224744796753,0.0,5.0,0.0,0.0,0.0,0.0,0.0,0.0,,,,,,,,,,,,,,,,,,,,,,0.001
5,1620,train,0.13638415932655334,0.11357909440994263,0.11402531713247299,0.0,0.0,0.0,0.0,0.0,0.0,0.0,0.0,0.0,0.0,0.0,0.0,0.0,0.0,0.0,0.0,0.0,0.0,0.0,0.0,0.0,0.0,0.0,0.0,1.0,0.05038052797317505,0.05038052797317505,0.05071353167295456,0.0,0.018206926062703133,0.4520368278026581,1.0,0.0,1.0,0.0,0.0,0.04942881315946579,0.0,0.0,0.0,0.0,0.9999999403953552,0.0,1.0,1.0,1.4998885490058456e-05,0.0,0.0,0.0,0.0,0.0,0.0,0.0,0.0,1.0,0.0,0.0009751762845553458,0.31014031171798706,0.1967834234237671,0.03388063609600067,0.0,0.11402531713247299,0.11357909440994263,0.11357909440994263,0.13862302899360657,-0.12825468182563782,-1.67004084172806e-11,0.0,0.0,3.97465443611145,3.97465443611145,1.0850237607955933,1.0850237607955933,0.5383685231208801,0.0,0.0,0.0,0.0,1.0,0.0,1.0,1.0,1.4998885490058456e-05,1.0,1.0850237607955933,0.0,1.0850237607955933,1.107950210571289,0.4520368278026581,0.10135435312986374,0.01824205368757248,1.0,2.4953761100769043,2.387603521347046,2.3794443607330322,0.0,5.0,0.0,0.0,0.0,0.0,0.0,0.0,,,,,,,,,,,,,,,,,,,,,,0.001
5,1640,train,0.13945996761322021,0.11604535579681396,0.11707304418087006,0.0,0.0,0.0,0.0,0.0,0.0,0.0,0.0,0.0,0.0,0.0,0.0,0.0,0.0,0.0,0.0,0.0,0.0,0.0,0.0,0.0,0.0,0.0,0.0,1.0,0.04881947115063667,0.04881947115063667,0.04921181872487068,0.0,0.01701383851468563,0.45245349407196045,1.0,0.0,1.0,0.0,0.0,0.04521350562572479,0.0,0.0,0.0,0.0,0.9999999403953552,0.0,1.0,1.0,1.4998885490058456e-05,0.0,0.0,0.0,0.0,0.0,0.0,0.0,0.0,1.0,0.0,0.003218460828065872,0.2982479929924011,0.19931916892528534,0.03306380286812782,0.0,0.11707304418087006,0.11604535579681396,0.11604535579681396,0.1415444314479828,-0.12940295040607452,2.0750598461738434e-10,0.0,0.0,3.9388020038604736,3.9388020038604736,1.0646100044250488,1.0646100044250488,0.5301268100738525,0.0,0.0,0.0,0.0,1.0,0.0,1.0,1.0,1.4998885490058456e-05,1.0,1.0646100044250488,0.0,1.0646100044250488,1.016613245010376,0.45245349407196045,0.10080326348543167,0.018831606954336166,1.0,2.3685803413391113,2.3592441082000732,2.312612533569336,0.0,5.0,0.0,0.0,0.0,0.0,0.0,0.0,,,,,,,,,,,,,,,,,,,,,,0.001
5,1660,train,0.12264496088027954,0.10210171341896057,0.10271622240543365,0.0,0.0,0.0,0.0,0.0,0.0,0.0,0.0,0.0,0.0,0.0,0.0,0.0,0.0,0.0,0.0,0.0,0.0,0.0,0.0,0.0,0.0,0.0,0.0,1.0,0.060104310512542725,0.06010431423783302,0.060336921364068985,0.0,0.01905921660363674,0.4468494951725006,1.0,0.0,1.0,0.0,0.0,0.02489669993519783,0.0,0.0,0.0,0.0,0.9999999403953552,0.0,1.0,1.0,1.4998885490058456e-05,0.0,0.0,0.0,0.0,0.0,0.0,0.0,0.0,1.0,0.0,0.0017729314276948571,0.2783854007720947,0.1826939731836319,0.037870582193136215,0.0,0.10271622240543365,0.10210171341896057,0.10210171341896057,0.13618828356266022,-0.12203861773014069,4.2568656932751026e-10,0.0,0.0,3.735870122909546,3.735870122909546,0.9555124044418335,0.9555124044418335,0.47746771574020386,0.0,0.0,0.0,0.0,1.0,0.0,1.0,1.0,1.4998885490058456e-05,1.0,0.9555124044418335,0.0,0.9555124044418335,0.9522229433059692,0.4468494951725006,0.09879646450281143,0.01785179413855076,1.0,2.332815408706665,2.323904037475586,2.295182466506958,0.0,5.0,0.0,0.0,0.0,0.0,0.0,0.0,,,,,,,,,,,,,,,,,,,,,,0.001
5,1670,train_epoch,0.13595285371481303,0.11314474764519823,0.11404052744814736,0.0,0.0,0.0,0.0,0.0,0.0,0.0,0.0,0.0,0.0,0.0,0.0,0.0,0.0,0.0,0.0,0.0,0.0,0.0,0.0,0.0,0.0,0.0,0.0,1.0,0.055931389064132093,0.0559313889079822,0.05623664634447255,0.0,0.018307820414220858,0.45209474736701943,1.0,0.0,1.0,0.0,0.0,0.042251058218409555,0.0,0.0,0.0,0.0,0.9999999403953552,0.0,1.0,1.0,1.4998885490058456e-05,0.0,0.0,0.0,0.0,0.0,0.0,0.0,0.0,1.0,0.0,0.002287606056107577,0.28716765116610216,0.1957570462972818,0.04879520922163111,0.0,0.11404052744814736,0.11314474764519823,0.11314474764519823,0.11736933276904914,-0.10343186315260604,-1.440064888251674e-12,0.0,0.0,3.8053070670830276,3.8053070670830276,1.0549900408633455,1.0549900408633455,0.43226938315494334,0.0,0.0,0.0,0.0,1.0,0.0,1.0,1.0,1.4998885490058456e-05,1.0,1.0549900137378785,0.0,1.0549900408633455,1.0449756292882795,0.45209474736701943,0.0988151012155824,0.018189022710691848,1.0,2.3782057590827255,2.377377441543305,2.377782835931835,0.0,5.0,0.0,0.0,0.0,0.0,0.0,0.0,,,,,,,,,,,,,,,,,,,,,,0.001
5,1670,val,,,,,,,,,,,,,,,,,,,,,,,,,,,,,,,,,,,,,,,,,,,,,,,,,,,,,,,,,,,,,,,,,,,,,,,,,,,,,,,,,,,,,,,,,,,,,,,,,,,,,,,,,,,76.4343342099871,13600.503452845982,116.62119641319919,141.4185675893511,41.74583714348929,15.42603752868516,24.866759451705583,10.300099526132856,7.220099453415189,76.60350629261562,92.47355600248483,152.2669791153499,42.93975102901459,140.54573454175676,169.21965905989333,282.7194788796561,79.97418682915824,76.4343342099871,116.62119641319919,141.4185675893511,41.74583714348929,0.001
5,1670,test_select,,,,,,,,,,,,,,,,,,,,,,,,,,,,,,,,,,,,,,,,,,,,,,,,,,,,,,,,,,,,,,,,,,,,,,,,,,,,,,,,,,,,,,,,,,,,,,,,,,,,,,,,,,,80.56597178322929,15091.68667602539,122.84822618184354,127.80323539461408,45.04092846597944,16.572710241590226,26.20746722087296,13.027071271623884,7.88601816552026,81.7317499433245,99.32743030587115,138.1487741810935,47.20412494455065,148.17096315111434,179.00991589236884,253.61279378618514,86.04927866799491,80.56597178322929,122.84822618184354,127.80323539461408,45.04092846597944,0.001
5,1670,test,,,,,,,,,,,,,,,,,,,,,,,,,,,,,,,,,,,,,,,,,,,,,,,,,,,,,,,,,,,,,,,,,,,,,,,,,,,,,,,,,,,,,,,,,,,,,,,,,,,,,,,,,,,80.56597178322929,15091.68667602539,122.84822618184354,127.80323539461408,45.04092846597944,16.572710241590226,26.20746722087296,13.027071271623884,7.88601816552026,81.7317499433245,99.32743030587115,138.1487741810935,47.20412494455065,148.17096315111434,179.00991589236884,253.61279378618514,86.04927866799491,80.56597178322929,122.84822618184354,127.80323539461408,45.04092846597944,0.001
6,1680,train,0.12551407516002655,0.10452520102262497,0.10494434088468552,0.0,0.0,0.0,0.0,0.0,0.0,0.0,0.0,0.0,0.0,0.0,0.0,0.0,0.0,0.0,0.0,0.0,0.0,0.0,0.0,0.0,0.0,0.0,0.0,1.0,0.05027000606060028,0.05027000606060028,0.05060703679919243,0.0,0.01820327714085579,0.44953712821006775,1.0,0.0,1.0,0.0,0.0,0.05758688226342201,0.0,0.0,0.0,0.0,0.9999999403953552,0.0,1.0,1.0,1.4998885490058456e-05,0.0,0.0,0.0,0.0,0.0,0.0,0.0,0.0,1.0,0.0,0.0014122819993644953,0.3042585253715515,0.1962311565876007,0.03208129107952118,0.0,0.10494434088468552,0.10452520102262497,0.10452520102262497,0.15355445444583893,-0.13831067085266113,-1.1237347163906009e-10,0.0,0.0,3.810837745666504,3.810837745666504,1.0483438968658447,1.0483438968658447,0.5475308895111084,0.0,0.0,0.0,0.0,1.0,0.0,1.0,1.0,1.4998885490058456e-05,1.0,1.0483438968658447,0.0,1.0483438968658447,1.059786081314087,0.44953712821006775,0.0990198478102684,0.018253261223435402,1.0,2.2562780380249023,2.312941312789917,2.3259963989257812,0.0,5.0,0.0,0.0,0.0,0.0,0.0,0.0,,,,,,,,,,,,,,,,,,,,,,0.001
6,1700,train,0.1213594526052475,0.10087979584932327,0.10239826887845993,0.0,0.0,0.0,0.0,0.0,0.0,0.0,0.0,0.0,0.0,0.0,0.0,0.0,0.0,0.0,0.0,0.0,0.0,0.0,0.0,0.0,0.0,0.0,0.0,1.0,0.05557399243116379,0.05557398870587349,0.055950064212083817,0.0,0.01836000755429268,0.45321425795555115,1.0,0.0,1.0,0.0,0.0,0.03454466164112091,0.0,0.0,0.0,0.0,0.9999999403953552,0.0,1.0,1.0,1.4998885490058456e-05,0.0,0.0,0.0,0.0,0.0,0.0,0.0,0.0,1.0,0.0,0.0032409837003797293,0.28080230951309204,0.20657199621200562,0.030052045360207558,0.0,0.10239826887845993,0.10087979584932327,0.10087979584932327,0.1337660849094391,-0.12538842856884003,1.879605776577975e-10,0.0,0.0,4.008780002593994,4.008780002593994,1.0617085695266724,1.0617085695266724,0.5082700252532959,0.0,0.0,0.0,0.0,1.0,0.0,1.0,1.0,1.4998885490058456e-05,1.0,1.0617085695266724,0.0,1.0617085695266724,1.009885311126709,0.45321425795555115,0.10015518218278885,0.017900804057717323,1.0,2.313236713409424,2.2951104640960693,2.317767381668091,0.0,5.0,0.0,0.0,0.0,0.0,0.0,0.0,,,,,,,,,,,,,,,,,,,,,,0.001
6,1720,train,0.12390560656785965,0.10295955836772919,0.10473024100065231,0.0,0.0,0.0,0.0,0.0,0.0,0.0,0.0,0.0,0.0,0.0,0.0,0.0,0.0,0.0,0.0,0.0,0.0,0.0,0.0,0.0,0.0,0.0,0.0,1.0,0.053658489137887955,0.053658489137887955,0.053937334567308426,0.0,0.016721025109291077,0.4532397389411926,1.0,0.0,1.0,0.0,0.0,0.039959345012903214,0.0,0.0,0.0,0.0,0.9999999403953552,0.0,1.0,1.0,1.4998885490058456e-05,0.0,0.0,0.0,0.0,0.0,0.0,0.0,0.0,1.0,0.0,0.003638767171651125,0.28975334763526917,0.19750744104385376,0.026531869545578957,0.0,0.10473024100065231,0.10295955836772919,0.10295955836772919,0.1356717199087143,-0.12648697197437286,-1.0108761050453552e-11,0.0,0.0,3.9973981380462646,3.9973981380462646,1.0735204219818115,1.0735204219818115,0.5153878927230835,0.0,0.0,0.0,0.0,1.0,0.0,1.0,1.0,1.4998885490058456e-05,1.0,1.0735204219818115,0.0,1.0735204219818115,1.0546245574951172,0.4532397389411926,0.10196332633495331,0.01716424524784088,1.0,2.491347312927246,2.3449950218200684,2.3409900665283203,0.0,5.0,0.0,0.0,0.0,0.0,0.0,0.0,,,,,,,,,,,,,,,,,,,,,,0.001
6,1740,train,0.1271774172782898,0.1058264896273613,0.10675462335348129,0.0,0.0,0.0,0.0,0.0,0.0,0.0,0.0,0.0,0.0,0.0,0.0,0.0,0.0,0.0,0.0,0.0,0.0,0.0,0.0,0.0,0.0,0.0,0.0,1.0,0.05949675291776657,0.05949675291776657,0.059770677238702774,0.0,0.019492346793413162,0.4512452185153961,1.0,0.0,1.0,0.0,0.0,0.034234050661325455,0.0,0.0,0.0,0.0,0.9999999403953552,0.0,1.0,1.0,1.4998885490058456e-05,0.0,0.0,0.0,0.0,0.0,0.0,0.0,0.0,1.0,0.0,0.0012259285431355238,0.28689900040626526,0.20607082545757294,0.031028931960463524,0.0,0.10675462335348129,0.1058264896273613,0.1058264896273613,0.15576636791229248,-0.15408901870250702,-1.9045991173083365e-10,0.0,0.0,3.9494714736938477,3.9494714736938477,1.0621862411499023,1.0621862411499023,0.5795730352401733,0.0,0.0,0.0,0.0,1.0,0.0,1.0,1.0,1.4998885490058456e-05,1.0,1.0621862411499023,0.0,1.0621862411499023,1.0583553314208984,0.4512452185153961,0.10377808660268784,0.01701705902814865,1.0,2.4221978187561035,2.314544439315796,2.3772382736206055,0.0,5.0,0.0,0.0,0.0,0.0,0.0,0.0,,,,,,,,,,,,,,,,,,,,,,0.001
6,1760,train,0.13982918858528137,0.11645951122045517,0.1168484166264534,0.0,0.0,0.0,0.0,0.0,0.0,0.0,0.0,0.0,0.0,0.0,0.0,0.0,0.0,0.0,0.0,0.0,0.0,0.0,0.0,0.0,0.0,0.0,0.0,1.0,0.05995200574398041,0.05995200574398041,0.06024854630231857,0.0,0.018672961741685867,0.4525589048862457,1.0,0.0,1.0,0.0,0.0,0.05143143609166145,0.0,0.0,0.0,0.0,0.9999999403953552,0.0,1.0,1.0,1.4998885490058456e-05,0.0,0.0,0.0,0.0,0.0,0.0,0.0,0.0,1.0,0.0,0.0019744851160794497,0.31350651383399963,0.1968446671962738,0.028722910210490227,0.0,0.1168484166264534,0.11645951122045517,0.11645951122045517,0.15859295427799225,-0.1463443785905838,-1.184632808515218e-10,0.0,0.0,3.8453125953674316,3.8453125953674316,1.0540976524353027,1.0540976524353027,0.5823097229003906,0.0,0.0,0.0,0.0,1.0,0.0,1.0,1.0,1.4998885490058456e-05,1.0,1.0540976524353027,0.0,1.0540976524353027,1.0473597049713135,0.4525589048862457,0.10315781831741333,0.017860006541013718,1.0,2.246904134750366,2.3096837997436523,2.33978533744812,0.0,5.0,0.0,0.0,0.0,0.0,0.0,0.0,,,,,,,,,,,,,,,,,,,,,,0.001
6,1780,train,0.11865072697401047,0.09882038086652756,0.09915173798799515,0.0,0.0,0.0,0.0,0.0,0.0,0.0,0.0,0.0,0.0,0.0,0.0,0.0,0.0,0.0,0.0,0.0,0.0,0.0,0.0,0.0,0.0,0.0,0.0,1.0,0.049062665551900864,0.049062665551900864,0.04947788640856743,0.0,0.018696721643209457,0.4487074613571167,1.0,0.0,1.0,0.0,0.0,0.04211040213704109,0.0,0.0,0.0,0.0,0.9999999403953552,0.0,1.0,1.0,1.4998885490058456e-05,0.0,0.0,0.0,0.0,0.0,0.0,0.0,0.0,1.0,0.0,0.0009033667156472802,0.30207449197769165,0.2018568515777588,0.024547617882490158,0.0,0.09915173798799515,0.09882038086652756,0.09882038086652756,0.11248068511486053,-0.09104564785957336,-2.860889580791337e-10,0.0,0.0,4.015313625335693,4.015313625335693,1.0562318563461304,1.0562318563461304,0.41392362117767334,0.0,0.0,0.0,0.0,1.0,0.0,1.0,1.0,1.4998885490058456e-05,1.0,1.0562318563461304,0.0,1.0562318563461304,1.0076627731323242,0.4487074613571167,0.10010934621095657,0.016409331932663918,1.0,2.2887353897094727,2.290557622909546,2.266399621963501,0.0,5.0,0.0,0.0,0.0,0.0,0.0,0.0,,,,,,,,,,,,,,,,,,,,,,0.001
6,1800,train,0.1214987114071846,0.10111772269010544,0.10190494358539581,0.0,0.0,0.0,0.0,0.0,0.0,0.0,0.0,0.0,0.0,0.0,0.0,0.0,0.0,0.0,0.0,0.0,0.0,0.0,0.0,0.0,0.0,0.0,0.0,1.0,0.05983063578605652,0.05983063578605652,0.060101620852947235,0.0,0.01962045393884182,0.4460144639015198,1.0,0.0,1.0,0.0,0.0,0.03183002024888992,0.0,0.0,0.0,0.0,0.9999999403953552,0.0,1.0,1.0,1.4998885490058456e-05,0.0,0.0,0.0,0.0,0.0,0.0,0.0,0.0,1.0,0.0,0.0012199212796986103,0.2905694842338562,0.19993259012699127,0.025260189548134804,0.0,0.10190494358539581,0.10111772269010544,0.10111772269010544,0.16018733382225037,-0.1574549376964569,2.1575249919969508e-10,0.0,0.0,3.743067979812622,3.743067979812622,1.0323950052261353,1.0323950052261353,0.5345335006713867,0.0,0.0,0.0,0.0,1.0,0.0,1.0,1.0,1.4998885490058456e-05,1.0,1.0323950052261353,0.0,1.0323950052261353,1.084231972694397,0.4460144639015198,0.10154297947883606,0.017775755375623703,1.0,2.1725804805755615,2.275084972381592,2.252593994140625,0.0,5.0,0.0,0.0,0.0,0.0,0.0,0.0,,,,,,,,,,,,,,,,,,,,,,0.001
6,1820,train,0.13822637498378754,0.11520258337259293,0.11511896550655365,0.0,0.0,0.0,0.0,0.0,0.0,0.0,0.0,0.0,0.0,0.0,0.0,0.0,0.0,0.0,0.0,0.0,0.0,0.0,0.0,0.0,0.0,0.0,0.0,1.0,0.045970700681209564,0.045970700681209564,0.046299178153276443,0.0,0.01807439886033535,0.4486467242240906,1.0,0.0,1.0,0.0,0.0,0.04997517913579941,0.0,0.0,0.0,0.0,0.9999999403953552,0.0,1.0,1.0,1.4998885490058456e-05,0.0,0.0,0.0,0.0,0.0,0.0,0.0,0.0,1.0,0.0,0.00045375528861768544,0.290397971868515,0.19049416482448578,0.025272946804761887,0.0,0.11511896550655365,0.11520258337259293,0.11520258337259293,0.15981781482696533,-0.1480657309293747,-1.0457931048923896e-10,0.0,0.0,3.9287781715393066,3.9287781715393066,1.0561561584472656,1.0561561584472656,0.6011751890182495,0.0,0.0,0.0,0.0,1.0,0.0,1.0,1.0,1.4998885490058456e-05,1.0,1.0561561584472656,0.0,1.0561561584472656,1.0108325481414795,0.4486467242240906,0.10295374691486359,0.01797606237232685,1.0,2.3701000213623047,2.2339510917663574,2.1961781978607178,0.0,5.0,0.0,0.0,0.0,0.0,0.0,0.0,,,,,,,,,,,,,,,,,,,,,,0.001
6,1840,train,0.13855820894241333,0.11540378630161285,0.11577209830284119,0.0,0.0,0.0,0.0,0.0,0.0,0.0,0.0,0.0,0.0,0.0,0.0,0.0,0.0,0.0,0.0,0.0,0.0,0.0,0.0,0.0,0.0,0.0,0.0,1.0,0.05408928170800209,0.05408928170800209,0.05438097566366196,0.0,0.017946837469935417,0.4522513747215271,1.0,0.0,1.0,0.0,0.0,0.0339682437479496,0.0,0.0,0.0,0.0,0.9999999403953552,0.0,1.0,1.0,1.4998885490058456e-05,0.0,0.0,0.0,0.0,0.0,0.0,0.0,0.0,1.0,0.0,0.001818652730435133,0.300407350063324,0.1956586390733719,0.02570856548845768,0.0,0.11577209830284119,0.11540378630161285,0.11540378630161285,0.14568567276000977,-0.13835789263248444,-1.5862539060051972e-10,0.0,0.0,3.720486640930176,3.720486640930176,1.032030463218689,1.032030463218689,0.5155261158943176,0.0,0.0,0.0,0.0,1.0,0.0,1.0,1.0,1.4998885490058456e-05,1.0,1.032030463218689,0.0,1.032030463218689,1.0072410106658936,0.4522513747215271,0.10254552960395813,0.017568286508321762,1.0,2.420255661010742,2.304182767868042,2.2829604148864746,0.0,5.0,0.0,0.0,0.0,0.0,0.0,0.0,,,,,,,,,,,,,,,,,,,,,,0.001
6,1860,train,0.12759138643741608,0.10637800395488739,0.10606691241264343,0.0,0.0,0.0,0.0,0.0,0.0,0.0,0.0,0.0,0.0,0.0,0.0,0.0,0.0,0.0,0.0,0.0,0.0,0.0,0.0,0.0,0.0,0.0,0.0,1.0,0.05758870393037796,0.05758870393037796,0.05793371424078941,0.0,0.018213288858532906,0.4502621591091156,1.0,0.0,1.0,0.0,0.0,0.04547528177499771,0.0,0.0,0.0,0.0,0.9999999403953552,0.0,1.0,1.0,1.4998885490058456e-05,0.0,0.0,0.0,0.0,0.0,0.0,0.0,0.0,1.0,0.0,3.396263127797283e-05,0.30188438296318054,0.19931694865226746,0.024213826283812523,0.0,0.10606691241264343,0.10637800395488739,0.10637800395488739,0.1688254475593567,-0.16549161076545715,-6.259052304224966e-11,0.0,0.0,3.8556067943573,3.8556063175201416,1.0463844537734985,1.0463844537734985,0.6092755794525146,0.0,0.0,0.0,0.0,1.0,0.0,1.0,1.0,1.4998885490058456e-05,1.0,1.0463844537734985,0.0,1.0463844537734985,1.025601863861084,0.4502621591091156,0.10120304673910141,0.0172102227807045,1.0,2.457940101623535,2.2949724197387695,2.2967593669891357,0.0,5.0,0.0,0.0,0.0,0.0,0.0,0.0,,,,,,,,,,,,,,,,,,,,,,0.001
6,1880,train,0.12450484931468964,0.10360721498727798,0.10448818653821945,0.0,0.0,0.0,0.0,0.0,0.0,0.0,0.0,0.0,0.0,0.0,0.0,0.0,0.0,0.0,0.0,0.0,0.0,0.0,0.0,0.0,0.0,0.0,0.0,1.0,0.06704852730035782,0.06704852730035782,0.06730975955724716,0.0,0.018646730110049248,0.4542062282562256,1.0,0.0,1.0,0.0,0.0,0.03131391108036041,0.0,0.0,0.0,0.0,0.9999999403953552,0.0,1.0,1.0,1.4998885490058456e-05,0.0,0.0,0.0,0.0,0.0,0.0,0.0,0.0,1.0,0.0,0.0013721347786486149,0.3112049698829651,0.21696221828460693,0.021593274548649788,0.0,0.10448818653821945,0.10360721498727798,0.10360721498727798,0.14623846113681793,-0.13173899054527283,-1.2676110161535803e-10,0.0,0.0,3.7518606185913086,3.7518606185913086,1.1293041706085205,1.1293041706085205,0.5155957341194153,0.0,0.0,0.0,0.0,1.0,0.0,1.0,1.0,1.4998885490058456e-05,1.0,1.129304051399231,0.0,1.1293041706085205,1.073970913887024,0.4542062282562256,0.10133689641952515,0.017056291922926903,1.0,2.284158229827881,2.3175134658813477,2.3691160678863525,0.0,5.0,0.0,0.0,0.0,0.0,0.0,0.0,,,,,,,,,,,,,,,,,,,,,,0.001
6,1900,train,0.14302930235862732,0.11903028935194016,0.11999506503343582,0.0,0.0,0.0,0.0,0.0,0.0,0.0,0.0,0.0,0.0,0.0,0.0,0.0,0.0,0.0,0.0,0.0,0.0,0.0,0.0,0.0,0.0,0.0,0.0,1.0,0.05466847866773605,0.05466847866773605,0.05498539283871651,0.0,0.017542241141200066,0.45162710547447205,1.0,0.0,1.0,0.0,0.0,0.05583333224058151,0.0,0.0,0.0,0.0,0.9999999403953552,0.0,1.0,1.0,1.4998885490058456e-05,0.0,0.0,0.0,0.0,0.0,0.0,0.0,0.0,1.0,0.0,0.0027666171081364155,0.30490973591804504,0.19303810596466064,0.023351602256298065,0.0,0.11999506503343582,0.11903028935194016,0.11903028935194016,0.1483186036348343,-0.13812348246574402,-1.4761709909993925e-10,0.0,0.0,4.045126438140869,4.045126438140869,1.026411533355713,1.026411533355713,0.5746847987174988,0.0,0.0,0.0,0.0,1.0,0.0,1.0,1.0,1.4998885490058456e-05,1.0,1.026411533355713,0.0,1.026411533355713,1.0098507404327393,0.45162710547447205,0.10472805052995682,0.017027411609888077,1.0,2.374965190887451,2.322361946105957,2.2906670570373535,0.0,5.0,0.0,0.0,0.0,0.0,0.0,0.0,,,,,,,,,,,,,,,,,,,,,,0.001
6,1920,train,0.12563760578632355,0.10464069992303848,0.10498449951410294,0.0,0.0,0.0,0.0,0.0,0.0,0.0,0.0,0.0,0.0,0.0,0.0,0.0,0.0,0.0,0.0,0.0,0.0,0.0,0.0,0.0,0.0,0.0,0.0,1.0,0.06539160013198853,0.06539160013198853,0.06566029787063599,0.0,0.017907269299030304,0.4512321650981903,1.0,0.0,1.0,0.0,0.0,0.04586666822433472,0.0,0.0,0.0,0.0,0.9999999403953552,0.0,1.0,1.0,1.4998885490058456e-05,0.0,0.0,0.0,0.0,0.0,0.0,0.0,0.0,1.0,0.0,0.000832677586004138,0.3011217415332794,0.1980893313884735,0.022740468382835388,0.0,0.10498449951410294,0.10464069992303848,0.10464069992303848,0.15248462557792664,-0.1451442390680313,6.657399631571081e-10,0.0,0.0,3.8817312717437744,3.8817312717437744,0.9965104460716248,0.9965104460716248,0.5495631694793701,0.0,0.0,0.0,0.0,1.0,0.0,1.0,1.0,1.4998885490058456e-05,1.0,0.9965103268623352,0.0,0.9965104460716248,1.0222221612930298,0.4512321650981903,0.10194835811853409,0.01718563586473465,1.0,2.1993844509124756,2.256258726119995,2.3484654426574707,0.0,5.0,0.0,0.0,0.0,0.0,0.0,0.0,,,,,,,,,,,,,,,,,,,,,,0.001
6,1940,train,0.13334734737873077,0.1111796498298645,0.11083845794200897,0.0,0.0,0.0,0.0,0.0,0.0,0.0,0.0,0.0,0.0,0.0,0.0,0.0,0.0,0.0,0.0,0.0,0.0,0.0,0.0,0.0,0.0,0.0,0.0,1.0,0.05723957344889641,0.05723957344889641,0.05755694955587387,0.0,0.018516795709729195,0.45219191908836365,1.0,0.0,1.0,0.0,0.0,0.03353794291615486,0.0,0.0,0.0,0.0,0.9999999403953552,0.0,1.0,1.0,1.4998885490058456e-05,0.0,0.0,0.0,0.0,0.0,0.0,0.0,0.0,1.0,0.0,0.00034323817817494273,0.3125443160533905,0.2060120403766632,0.02096022665500641,0.0,0.11083845794200897,0.1111796498298645,0.1111796498298645,0.16331849992275238,-0.15521873533725739,3.7137809494325325e-10,0.0,0.0,3.791752338409424,3.791752338409424,1.1524205207824707,1.1524205207824707,0.5907043814659119,0.0,0.0,0.0,0.0,1.0,0.0,1.0,1.0,1.4998885490058456e-05,1.0,1.1524205207824707,0.0,1.1524205207824707,1.0246014595031738,0.45219191908836365,0.10229935497045517,0.01719559170305729,1.0,2.297574520111084,2.2550268173217773,2.249648332595825,0.0,5.0,0.0,0.0,0.0,0.0,0.0,0.0,,,,,,,,,,,,,,,,,,,,,,0.001
6,1960,train,0.1216549426317215,0.1013360247015953,0.10159458965063095,0.0,0.0,0.0,0.0,0.0,0.0,0.0,0.0,0.0,0.0,0.0,0.0,0.0,0.0,0.0,0.0,0.0,0.0,0.0,0.0,0.0,0.0,0.0,0.0,1.0,0.06002180278301239,0.06002180278301239,0.06035565212368965,0.0,0.01899738423526287,0.4509921669960022,1.0,0.0,1.0,0.0,0.0,0.04167560860514641,0.0,0.0,0.0,0.0,0.9999999403953552,0.0,1.0,1.0,1.4998885490058456e-05,0.0,0.0,0.0,0.0,0.0,0.0,0.0,0.0,1.0,0.0,0.0012871627695858479,0.29746517539024353,0.19185224175453186,0.020770959556102753,0.0,0.10159458965063095,0.1013360247015953,0.1013360247015953,0.13830959796905518,-0.1289227157831192,-1.0935219396657203e-10,0.0,0.0,3.720496654510498,3.720496416091919,1.010148048400879,1.010148048400879,0.47152090072631836,0.0,0.0,0.0,0.0,1.0,0.0,1.0,1.0,1.4998885490058456e-05,1.0,1.0101479291915894,0.0,1.010148048400879,1.0162262916564941,0.4509921669960022,0.10390312969684601,0.017253633588552475,1.0,2.29158353805542,2.273488759994507,2.27323317527771,0.0,5.0,0.0,0.0,0.0,0.0,0.0,0.0,,,,,,,,,,,,,,,,,,,,,,0.001
6,1980,train,0.11922361701726913,0.09937646985054016,0.09923572093248367,0.0,0.0,0.0,0.0,0.0,0.0,0.0,0.0,0.0,0.0,0.0,0.0,0.0,0.0,0.0,0.0,0.0,0.0,0.0,0.0,0.0,0.0,0.0,0.0,1.0,0.05431630462408066,0.05431630089879036,0.05462506785988808,0.0,0.018532052636146545,0.4508534073829651,1.0,0.0,1.0,0.0,0.0,0.031870923936367035,0.0,0.0,0.0,0.0,0.9999999403953552,0.0,1.0,1.0,1.4998885490058456e-05,0.0,0.0,0.0,0.0,0.0,0.0,0.0,0.0,1.0,0.0,0.001705240341834724,0.3009862005710602,0.19251294434070587,0.022713657468557358,0.0,0.09923572093248367,0.09937646985054016,0.09937646985054016,0.1367073804140091,-0.12551401555538177,-4.4217196570883743e-10,0.0,0.0,4.053251266479492,4.053251266479492,1.0361011028289795,1.0361011028289795,0.5016269683837891,0.0,0.0,0.0,0.0,1.0,0.0,1.0,1.0,1.4998885490058456e-05,1.0,1.0361011028289795,0.0,1.0361011028289795,1.0153363943099976,0.4508534073829651,0.10675827413797379,0.017318131402134895,1.0,2.340762138366699,2.244074821472168,2.3196094036102295,0.0,5.0,0.0,0.0,0.0,0.0,0.0,0.0,,,,,,,,,,,,,,,,,,,,,,0.001
6,2000,train,0.14610226452350616,0.1217799037694931,0.12161177396774292,0.0,0.0,0.0,0.0,0.0,0.0,0.0,0.0,0.0,0.0,0.0,0.0,0.0,0.0,0.0,0.0,0.0,0.0,0.0,0.0,0.0,0.0,0.0,0.0,1.0,0.051149290055036545,0.051149286329746246,0.05144181847572327,0.0,0.016570353880524635,0.447581022977829,1.0,0.0,1.0,0.0,0.0,0.02907329797744751,0.0,0.0,0.0,0.0,0.9999999403953552,0.0,1.0,1.0,1.4998885490058456e-05,0.0,0.0,0.0,0.0,0.0,0.0,0.0,0.0,1.0,0.0,0.0007370777893811464,0.3247736692428589,0.18805938959121704,0.022102490067481995,0.0,0.12161177396774292,0.1217799037694931,0.1217799037694931,0.18604601919651031,-0.17326292395591736,-2.459124570641791e-10,0.0,0.0,3.8996267318725586,3.8996267318725586,0.989134669303894,0.989134669303894,0.6763250827789307,0.0,0.0,0.0,0.0,1.0,0.0,1.0,1.0,1.4998885490058456e-05,1.0,0.989134669303894,0.0,0.989134669303894,0.983816921710968,0.447581022977829,0.10500001907348633,0.017452329397201538,1.0,2.064866781234741,2.186163902282715,2.2294156551361084,0.0,5.0,0.0,0.0,0.0,0.0,0.0,0.0,,,,,,,,,,,,,,,,,,,,,,0.001
6,2004,train_epoch,0.12943744244511257,0.1077662468135,0.10835597858189823,0.0,0.0,0.0,0.0,0.0,0.0,0.0,0.0,0.0,0.0,0.0,0.0,0.0,0.0,0.0,0.0,0.0,0.0,0.0,0.0,0.0,0.0,0.0,0.0,1.0,0.0553269569433021,0.05532695698791635,0.05563325550920235,0.0,0.01822151311723415,0.4505881689444274,1.0,0.0,1.0,0.0,0.0,0.039992558769881725,0.0,0.0,0.0,0.0,0.9999999403953552,0.0,1.0,1.0,1.4998885490058456e-05,0.0,0.0,0.0,0.0,0.0,0.0,0.0,0.0,1.0,0.0,0.0016365731841421244,0.29887934497552004,0.19677155826263085,0.025786503987710277,0.0,0.10835597858189823,0.1077662468135,0.1077662468135,0.15177795705859531,-0.1430059294188451,-2.440908043744789e-11,0.0,0.0,3.902030805627743,3.902030807769227,1.034069588619792,1.034069588619792,0.5581833059023954,0.0,0.0,0.0,0.0,1.0,0.0,1.0,1.0,1.4998885490058456e-05,1.0,1.034069563100438,0.0,1.034069588619792,1.019963474866159,0.4505881689444274,0.10256545834555597,0.01732209132437756,1.0,2.2898529168374524,2.2894393412652843,2.2886679051165095,0.0,5.0,0.0,0.0,0.0,0.0,0.0,0.0,,,,,,,,,,,,,,,,,,,,,,0.001
6,2004,val,,,,,,,,,,,,,,,,,,,,,,,,,,,,,,,,,,,,,,,,,,,,,,,,,,,,,,,,,,,,,,,,,,,,,,,,,,,,,,,,,,,,,,,,,,,,,,,,,,,,,,,,,,,76.41894129344395,13647.410430908203,116.82213159717726,140.7890704359327,41.67518670218332,15.46466630271503,24.749582715115416,10.414863441671644,7.277113041707447,77.2433900151934,93.35154052696171,151.27329625402177,43.01791594709669,141.33112076350622,170.3159241034399,281.75432079178944,80.14836430549622,76.41894129344395,116.82213159717726,140.7890704359327,41.67518670218332,0.001
6,2004,test_select,,,,,,,,,,,,,,,,,,,,,,,,,,,,,,,,,,,,,,,,,,,,,,,,,,,,,,,,,,,,,,,,,,,,,,,,,,,,,,,,,,,,,,,,,,,,,,,,,,,,,,,,,,,80.72057328905377,15150.95607648577,123.08921998487833,127.19174855096,45.02598908969334,17.190635885511124,26.84572767099861,13.459412553480693,8.179691748959678,82.50472937311444,100.51610233930289,137.1806718962533,47.28784704208374,148.9052106312343,179.9943846053734,252.95607233047485,86.19369448934283,80.72057328905377,123.08921998487833,127.19174855096,45.02598908969334,0.001
7,2020,train,0.12932796776294708,0.10771679878234863,0.10805585980415344,0.0,0.0,0.0,0.0,0.0,0.0,0.0,0.0,0.0,0.0,0.0,0.0,0.0,0.0,0.0,0.0,0.0,0.0,0.0,0.0,0.0,0.0,0.0,0.0,1.0,0.05717426910996437,0.05717426910996437,0.05747291073203087,0.0,0.019206196069717407,0.4502122700214386,1.0,0.0,1.0,0.0,0.0,0.03743422031402588,0.0,0.0,0.0,0.0,0.9999999403953552,0.0,1.0,1.0,1.4998885490058456e-05,0.0,0.0,0.0,0.0,0.0,0.0,0.0,0.0,1.0,0.0,0.001370582147501409,0.3256192207336426,0.2055548131465912,0.020315000787377357,0.0,0.10805585980415344,0.10771679878234863,0.10771679878234863,0.16185127198696136,-0.15840595960617065,-5.264898517154393e-10,0.0,0.0,3.8754165172576904,3.8754165172576904,1.0807300806045532,1.0807300806045532,0.5844290256500244,0.0,0.0,0.0,0.0,1.0,0.0,1.0,1.0,1.4998885490058456e-05,1.0,1.0807300806045532,0.0,1.0807300806045532,1.0446031093597412,0.4502122700214386,0.10299109667539597,0.017086902633309364,1.0,2.368868112564087,2.2491462230682373,2.2416393756866455,0.0,5.0,0.0,0.0,0.0,0.0,0.0,0.0,,,,,,,,,,,,,,,,,,,,,,0.001
7,2040,train,0.1367945373058319,0.11388354003429413,0.1145550087094307,0.0,0.0,0.0,0.0,0.0,0.0,0.0,0.0,0.0,0.0,0.0,0.0,0.0,0.0,0.0,0.0,0.0,0.0,0.0,0.0,0.0,0.0,0.0,0.0,1.0,0.05518687888979912,0.05518687888979912,0.05555201694369316,0.0,0.017788652330636978,0.45312801003456116,1.0,0.0,1.0,0.0,0.0,0.03571723401546478,0.0,0.0,0.0,0.0,0.9999999403953552,0.0,1.0,1.0,1.4998885490058456e-05,0.0,0.0,0.0,0.0,0.0,0.0,0.0,0.0,1.0,0.0,0.001180639024823904,0.3258848488330841,0.20317010581493378,0.019301921129226685,0.0,0.1145550087094307,0.11388354003429413,0.11388354003429413,0.18480654060840607,-0.1779962182044983,6.409938690943306e-10,0.0,0.0,3.9046630859375,3.904663562774658,1.0415762662887573,1.0415762662887573,0.6711488962173462,0.0,0.0,0.0,0.0,1.0,0.0,1.0,1.0,1.4998885490058456e-05,1.0,1.0415761470794678,0.0,1.0415762662887573,1.022489309310913,0.45312801003456116,0.10480047017335892,0.017276108264923096,1.0,2.2470457553863525,2.2478113174438477,2.1778643131256104,0.0,5.0,0.0,0.0,0.0,0.0,0.0,0.0,,,,,,,,,,,,,,,,,,,,,,0.001
7,2060,train,0.13615849614143372,0.1133313998579979,0.11413546651601791,0.0,0.0,0.0,0.0,0.0,0.0,0.0,0.0,0.0,0.0,0.0,0.0,0.0,0.0,0.0,0.0,0.0,0.0,0.0,0.0,0.0,0.0,0.0,0.0,1.0,0.049931421875953674,0.049931418150663376,0.050225164741277695,0.0,0.017916878685355186,0.44900479912757874,1.0,0.0,1.0,0.0,0.0,0.03243555873632431,0.0,0.0,0.0,0.0,0.9999999403953552,0.0,1.0,1.0,1.4998885490058456e-05,0.0,0.0,0.0,0.0,0.0,0.0,0.0,0.0,1.0,0.0,0.0021244771778583527,0.317044198513031,0.18829847872257233,0.02139555662870407,0.0,0.11413546651601791,0.1133313998579979,0.1133313998579979,0.15742868185043335,-0.15030986070632935,-3.8020264714333507e-10,0.0,0.0,4.167634963989258,4.167634963989258,0.9683712124824524,0.9683712124824524,0.6242787837982178,0.0,0.0,0.0,0.0,1.0,0.0,1.0,1.0,1.4998885490058456e-05,1.0,0.9683712124824524,0.0,0.9683712124824524,0.9621597528457642,0.44900479912757874,0.1049572005867958,0.016894124448299408,1.0,2.2242038249969482,2.236292839050293,2.2034225463867188,0.0,5.0,0.0,0.0,0.0,0.0,0.0,0.0,,,,,,,,,,,,,,,,,,,,,,0.001
7,2080,train,0.11373217403888702,0.09465508162975311,0.09538543969392776,0.0,0.0,0.0,0.0,0.0,0.0,0.0,0.0,0.0,0.0,0.0,0.0,0.0,0.0,0.0,0.0,0.0,0.0,0.0,0.0,0.0,0.0,0.0,0.0,1.0,0.04474690929055214,0.04474690929055214,0.04507407173514366,0.0,0.01837136410176754,0.44708940386772156,1.0,0.0,1.0,0.0,0.0,0.03364277258515358,0.0,0.0,0.0,0.0,0.9999999403953552,0.0,1.0,1.0,1.4998885490058456e-05,0.0,0.0,0.0,0.0,0.0,0.0,0.0,0.0,1.0,0.0,0.0013123074313625693,0.3043268620967865,0.1799735724925995,0.018342643976211548,0.0,0.09538543969392776,0.09465508162975311,0.09465508162975311,0.14264193177223206,-0.13773642480373383,2.2995098880596032e-10,0.0,0.0,4.030016899108887,4.030017375946045,0.9679494500160217,0.9679494500160217,0.5207801461219788,0.0,0.0,0.0,0.0,1.0,0.0,1.0,1.0,1.4998885490058456e-05,1.0,0.9679494500160217,0.0,0.9679494500160217,0.9824855923652649,0.44708940386772156,0.10384940356016159,0.016884353011846542,1.0,2.2456064224243164,2.2466397285461426,2.2273244857788086,0.0,5.0,0.0,0.0,0.0,0.0,0.0,0.0,,,,,,,,,,,,,,,,,,,,,,0.001
7,2100,train,0.12776021659374237,0.10637857019901276,0.10690824687480927,0.0,0.0,0.0,0.0,0.0,0.0,0.0,0.0,0.0,0.0,0.0,0.0,0.0,0.0,0.0,0.0,0.0,0.0,0.0,0.0,0.0,0.0,0.0,0.0,1.0,0.05859943851828575,0.05859943851828575,0.05896918475627899,0.0,0.01804163120687008,0.44873061776161194,1.0,0.0,1.0,0.0,0.0,0.025720294564962387,0.0,0.0,0.0,0.0,0.9999999403953552,0.0,1.0,1.0,1.4998885490058456e-05,0.0,0.0,0.0,0.0,0.0,0.0,0.0,0.0,1.0,0.0,0.0009727820288389921,0.308268666267395,0.20118394494056702,0.018430884927511215,0.0,0.10690824687480927,0.10637857019901276,0.10637857019901276,0.17451627552509308,-0.17164741456508636,-7.119863726368081e-11,0.0,0.0,3.9579241275787354,3.9579246044158936,0.9618382453918457,0.9618382453918457,0.651050329208374,0.0,0.0,0.0,0.0,1.0,0.0,1.0,1.0,1.4998885490058456e-05,1.0,0.9618381261825562,0.0,0.9618382453918457,0.9331080913543701,0.44873061776161194,0.1085578054189682,0.018515802919864655,1.0,2.322201728820801,2.228335380554199,2.1535720825195312,0.0,5.0,0.0,0.0,0.0,0.0,0.0,0.0,,,,,,,,,,,,,,,,,,,,,,0.001
7,2120,train,0.13510432839393616,0.11256644874811172,0.11268940567970276,0.0,0.0,0.0,0.0,0.0,0.0,0.0,0.0,0.0,0.0,0.0,0.0,0.0,0.0,0.0,0.0,0.0,0.0,0.0,0.0,0.0,0.0,0.0,0.0,1.0,0.04697256535291672,0.04697256535291672,0.04730193316936493,0.0,0.018806688487529755,0.44970715045928955,1.0,0.0,1.0,0.0,0.0,0.04480160027742386,0.0,0.0,0.0,0.0,0.9999999403953552,0.0,1.0,1.0,1.4998885490058456e-05,0.0,0.0,0.0,0.0,0.0,0.0,0.0,0.0,1.0,0.0,0.00039258485776372254,0.2993050217628479,0.18500976264476776,0.020337162539362907,0.0,0.11268940567970276,0.11256644874811172,0.11256644874811172,0.18183284997940063,-0.17926187813282013,-1.7554832587585167e-10,0.0,0.0,4.0105366706848145,4.010536193847656,0.9587548971176147,0.9587548971176147,0.6805018782615662,0.0,0.0,0.0,0.0,1.0,0.0,1.0,1.0,1.4998885490058456e-05,1.0,0.9587548971176147,0.0,0.9587548971176147,0.9260867834091187,0.44970715045928955,0.10590766370296478,0.017330309376120567,1.0,2.262617588043213,2.2026305198669434,2.210374593734741,0.0,5.0,0.0,0.0,0.0,0.0,0.0,0.0,,,,,,,,,,,,,,,,,,,,,,0.001
7,2140,train,0.1314951628446579,0.10955023020505905,0.10972469300031662,0.0,0.0,0.0,0.0,0.0,0.0,0.0,0.0,0.0,0.0,0.0,0.0,0.0,0.0,0.0,0.0,0.0,0.0,0.0,0.0,0.0,0.0,0.0,0.0,1.0,0.053809694945812225,0.053809694945812225,0.05413501709699631,0.0,0.018138419836759567,0.4518960118293762,1.0,0.0,1.0,0.0,0.0,0.030930783599615097,0.0,0.0,0.0,0.0,0.9999999403953552,0.0,1.0,1.0,1.4998885490058456e-05,0.0,0.0,0.0,0.0,0.0,0.0,0.0,0.0,1.0,0.0,0.0009807897731661797,0.3003741502761841,0.18030419945716858,0.020355084910988808,0.0,0.10972469300031662,0.10955023020505905,0.10955023020505905,0.1878879964351654,-0.1831783801317215,-1.0507925085612158e-10,0.0,0.0,3.94026780128479,3.94026780128479,0.9345412254333496,0.9345412254333496,0.7005894184112549,0.0,0.0,0.0,0.0,1.0,0.0,1.0,1.0,1.4998885490058456e-05,1.0,0.9345412254333496,0.0,0.9345412254333496,0.9814218282699585,0.4518960118293762,0.10779744386672974,0.017457803711295128,1.0,2.3461897373199463,2.2573888301849365,2.258758544921875,0.0,5.0,0.0,0.0,0.0,0.0,0.0,0.0,,,,,,,,,,,,,,,,,,,,,,0.001
7,2160,train,0.13213162124156952,0.11002520471811295,0.11053208261728287,0.0,0.0,0.0,0.0,0.0,0.0,0.0,0.0,0.0,0.0,0.0,0.0,0.0,0.0,0.0,0.0,0.0,0.0,0.0,0.0,0.0,0.0,0.0,0.0,1.0,0.06364217400550842,0.06364217400550842,0.06385380029678345,0.0,0.01724601909518242,0.44884684681892395,1.0,0.0,1.0,0.0,0.0,0.031696632504463196,0.0,0.0,0.0,0.0,0.9999999403953552,0.0,1.0,1.0,1.4998885490058456e-05,0.0,0.0,0.0,0.0,0.0,0.0,0.0,0.0,1.0,0.0,0.0016281602438539267,0.3371215760707855,0.20225299894809723,0.017949683591723442,0.0,0.11053208261728287,0.11002520471811295,0.11002520471811295,0.18020038306713104,-0.1780201494693756,2.0175831838553648e-10,0.0,0.0,4.078311443328857,4.078311443328857,1.0393685102462769,1.0393685102462769,0.6846799254417419,0.0,0.0,0.0,0.0,1.0,0.0,1.0,1.0,1.4998885490058456e-05,1.0,1.0393685102462769,0.0,1.0393685102462769,1.001380205154419,0.44884684681892395,0.1066805049777031,0.017717959359288216,1.0,2.237497329711914,2.205561876296997,2.2844960689544678,0.0,5.0,0.0,0.0,0.0,0.0,0.0,0.0,,,,,,,,,,,,,,,,,,,,,,0.001
7,2180,train,0.11972564458847046,0.09971236437559128,0.10006639361381531,0.0,0.0,0.0,0.0,0.0,0.0,0.0,0.0,0.0,0.0,0.0,0.0,0.0,0.0,0.0,0.0,0.0,0.0,0.0,0.0,0.0,0.0,0.0,0.0,1.0,0.047641679644584656,0.047641679644584656,0.04788138344883919,0.0,0.017998090013861656,0.4501132071018219,1.0,0.0,1.0,0.0,0.0,0.029739320278167725,0.0,0.0,0.0,0.0,0.9999999403953552,0.0,1.0,1.0,1.4998885490058456e-05,0.0,0.0,0.0,0.0,0.0,0.0,0.0,0.0,1.0,0.0,0.0006979068857617676,0.3075770139694214,0.17921285331249237,0.016935095191001892,0.0,0.10006639361381531,0.09971236437559128,0.09971236437559128,0.1633647233247757,-0.15995503962039948,1.8110545008109824e-10,0.0,0.0,4.06370735168457,4.06370735168457,0.944919764995575,0.944919764995575,0.621738612651825,0.0,0.0,0.0,0.0,1.0,0.0,1.0,1.0,1.4998885490058456e-05,1.0,0.9449196457862854,0.0,0.944919764995575,0.9486005306243896,0.4501132071018219,0.10854296386241913,0.017111703753471375,1.0,2.2938718795776367,2.2444229125976562,2.245335817337036,0.0,5.0,0.0,0.0,0.0,0.0,0.0,0.0,,,,,,,,,,,,,,,,,,,,,,0.001
7,2200,train,0.1251271665096283,0.10414611548185349,0.10490526258945465,0.0,0.0,0.0,0.0,0.0,0.0,0.0,0.0,0.0,0.0,0.0,0.0,0.0,0.0,0.0,0.0,0.0,0.0,0.0,0.0,0.0,0.0,0.0,0.0,1.0,0.056379564106464386,0.056379564106464386,0.056651268154382706,0.0,0.017914963886141777,0.4499744474887848,1.0,0.0,1.0,0.0,0.0,0.03202696889638901,0.0,0.0,0.0,0.0,0.9999999403953552,0.0,1.0,1.0,1.4998885490058456e-05,0.0,0.0,0.0,0.0,0.0,0.0,0.0,0.0,1.0,0.0,0.0020719459280371666,0.3087044954299927,0.1939694732427597,0.016810212284326553,0.0,0.10490526258945465,0.10414611548185349,0.10414611548185349,0.17540374398231506,-0.17266735434532166,-1.9210655288759426e-10,0.0,0.0,4.121182918548584,4.121182918548584,1.0056136846542358,1.0056136846542358,0.6663985252380371,0.0,0.0,0.0,0.0,1.0,0.0,1.0,1.0,1.4998885490058456e-05,1.0,1.0056136846542358,0.0,1.0056136846542358,0.9668949246406555,0.4499744474887848,0.11130216717720032,0.01747262291610241,1.0,2.324942111968994,2.189391851425171,2.2175252437591553,0.0,5.0,0.0,0.0,0.0,0.0,0.0,0.0,,,,,,,,,,,,,,,,,,,,,,0.001
7,2220,train,0.1317579448223114,0.1097971722483635,0.10980387777090073,0.0,0.0,0.0,0.0,0.0,0.0,0.0,0.0,0.0,0.0,0.0,0.0,0.0,0.0,0.0,0.0,0.0,0.0,0.0,0.0,0.0,0.0,0.0,0.0,1.0,0.04445795342326164,0.04445795342326164,0.04481368884444237,0.0,0.016632039099931717,0.4521094858646393,1.0,0.0,1.0,0.0,0.0,0.029473014175891876,0.0,0.0,0.0,0.0,0.9999999403953552,0.0,1.0,1.0,1.4998885490058456e-05,0.0,0.0,0.0,0.0,0.0,0.0,0.0,0.0,1.0,0.0,0.0007081066723912954,0.29661932587623596,0.18656817078590393,0.015510951168835163,0.0,0.10980387777090073,0.1097971722483635,0.1097971722483635,0.1790977567434311,-0.17410163581371307,-1.90394119740922e-12,0.0,0.0,4.139004230499268,4.139004230499268,0.9711267948150635,0.9711267948150635,0.6892470717430115,0.0,0.0,0.0,0.0,1.0,0.0,1.0,1.0,1.4998885490058456e-05,1.0,0.9711267352104187,0.0,0.9711267948150635,0.9078615307807922,0.4521094858646393,0.10875455290079117,0.01720866560935974,1.0,2.2583394050598145,2.211185932159424,2.216356039047241,0.0,5.0,0.0,0.0,0.0,0.0,0.0,0.0,,,,,,,,,,,,,,,,,,,,,,0.001
7,2240,train,0.12605471909046173,0.10497025400400162,0.10542235523462296,0.0,0.0,0.0,0.0,0.0,0.0,0.0,0.0,0.0,0.0,0.0,0.0,0.0,0.0,0.0,0.0,0.0,0.0,0.0,0.0,0.0,0.0,0.0,0.0,1.0,0.05252382904291153,0.05252382904291153,0.05285046994686127,0.0,0.01916348747909069,0.4498221278190613,1.0,0.0,1.0,0.0,0.0,0.04056411236524582,0.0,0.0,0.0,0.0,0.9999999403953552,0.0,1.0,1.0,1.4998885490058456e-05,0.0,0.0,0.0,0.0,0.0,0.0,0.0,0.0,1.0,0.0,0.0017944562714546919,0.30021095275878906,0.18119189143180847,0.015213239938020706,0.0,0.10542235523462296,0.10497025400400162,0.10497025400400162,0.16109508275985718,-0.15634825825691223,1.2828771378536885e-10,0.0,0.0,4.036989688873291,4.036989688873291,0.9456360936164856,0.9456360936164856,0.5998838543891907,0.0,0.0,0.0,0.0,1.0,0.0,1.0,1.0,1.4998885490058456e-05,1.0,0.9456360936164856,0.0,0.9456360936164856,0.9487820267677307,0.4498221278190613,0.11209332942962646,0.017865004017949104,1.0,2.292386054992676,2.245105266571045,2.2221858501434326,0.0,5.0,0.0,0.0,0.0,0.0,0.0,0.0,,,,,,,,,,,,,,,,,,,,,,0.001
7,2260,train,0.12711696326732635,0.1059366837143898,0.10590139031410217,0.0,0.0,0.0,0.0,0.0,0.0,0.0,0.0,0.0,0.0,0.0,0.0,0.0,0.0,0.0,0.0,0.0,0.0,0.0,0.0,0.0,0.0,0.0,0.0,1.0,0.05367235839366913,0.05367236211895943,0.05390788987278938,0.0,0.01912924274802208,0.44817861914634705,1.0,0.0,1.0,0.0,0.0,0.03283235803246498,0.0,0.0,0.0,0.0,0.9999999403953552,0.0,1.0,1.0,1.4998885490058456e-05,0.0,0.0,0.0,0.0,0.0,0.0,0.0,0.0,1.0,0.0,0.0013246426824480295,0.3107015788555145,0.18454058468341827,0.016439897939562798,0.0,0.10590139031410217,0.1059366837143898,0.1059366837143898,0.16269473731517792,-0.15248079597949982,1.5677156794957625e-10,0.0,0.0,3.9655420780181885,3.9655420780181885,0.9425012469291687,0.9425012469291687,0.5842640995979309,0.0,0.0,0.0,0.0,1.0,0.0,1.0,1.0,1.4998885490058456e-05,1.0,0.9425011277198792,0.0,0.9425012469291687,0.9621766209602356,0.44817861914634705,0.1118604764342308,0.017837043851614,1.0,2.1623549461364746,2.2007384300231934,2.2217156887054443,0.0,5.0,0.0,0.0,0.0,0.0,0.0,0.0,,,,,,,,,,,,,,,,,,,,,,0.001
7,2280,train,0.13338284194469452,0.11112769693136215,0.11127572506666183,0.0,0.0,0.0,0.0,0.0,0.0,0.0,0.0,0.0,0.0,0.0,0.0,0.0,0.0,0.0,0.0,0.0,0.0,0.0,0.0,0.0,0.0,0.0,0.0,1.0,0.051955897361040115,0.051955897361040115,0.05225910246372223,0.0,0.018939262256026268,0.44618484377861023,1.0,0.0,1.0,0.0,0.0,0.03383635729551315,0.0,0.0,0.0,0.0,0.9999999403953552,0.0,1.0,1.0,1.4998885490058456e-05,0.0,0.0,0.0,0.0,0.0,0.0,0.0,0.0,1.0,0.0,0.0012923111207783222,0.3209151327610016,0.19356568157672882,0.017859457060694695,0.0,0.11127572506666183,0.11112769693136215,0.11112769693136215,0.18652638792991638,-0.1835446059703827,1.9903130532572533e-10,0.0,0.0,4.0549726486206055,4.0549726486206055,0.9883446097373962,0.9883446097373962,0.7245423197746277,0.0,0.0,0.0,0.0,1.0,0.0,1.0,1.0,1.4998885490058456e-05,1.0,0.9883446097373962,0.0,0.9883446097373962,0.9768999218940735,0.44618484377861023,0.11129669100046158,0.018654868006706238,1.0,2.279306173324585,2.2120492458343506,2.086719274520874,0.0,5.0,0.0,0.0,0.0,0.0,0.0,0.0,,,,,,,,,,,,,,,,,,,,,,0.001
7,2300,train,0.13005948066711426,0.10829728096723557,0.10881098359823227,0.0,0.0,0.0,0.0,0.0,0.0,0.0,0.0,0.0,0.0,0.0,0.0,0.0,0.0,0.0,0.0,0.0,0.0,0.0,0.0,0.0,0.0,0.0,0.0,1.0,0.06536328792572021,0.06536328792572021,0.06560028344392776,0.0,0.01903371699154377,0.4492640495300293,1.0,0.0,1.0,0.0,0.0,0.03396768122911453,0.0,0.0,0.0,0.0,0.9999999403953552,0.0,1.0,1.0,1.4998885490058456e-05,0.0,0.0,0.0,0.0,0.0,0.0,0.0,0.0,1.0,0.0,0.0017644455656409264,0.33839288353919983,0.1999424695968628,0.014275726862251759,0.0,0.10881098359823227,0.10829728096723557,0.10829728096723557,0.18714796006679535,-0.1830476075410843,-1.4202948539487892e-10,0.0,0.0,3.77285099029541,3.77285099029541,1.0404869318008423,1.0404869318008423,0.6519509553909302,0.0,0.0,0.0,0.0,1.0,0.0,1.0,1.0,1.4998885490058456e-05,1.0,1.0404869318008423,0.0,1.0404869318008423,1.0676065683364868,0.4492640495300293,0.110772043466568,0.018391182646155357,1.0,2.30670166015625,2.2304487228393555,2.1815223693847656,0.0,5.0,0.0,0.0,0.0,0.0,0.0,0.0,,,,,,,,,,,,,,,,,,,,,,0.001
7,2320,train,0.11825095117092133,0.09860407561063766,0.0982343852519989,0.0,0.0,0.0,0.0,0.0,0.0,0.0,0.0,0.0,0.0,0.0,0.0,0.0,0.0,0.0,0.0,0.0,0.0,0.0,0.0,0.0,0.0,0.0,0.0,1.0,0.04792109876871109,0.04792109876871109,0.0481940396130085,0.0,0.01867486722767353,0.44939491152763367,1.0,0.0,1.0,0.0,0.0,0.022270675748586655,0.0,0.0,0.0,0.0,0.9999999403953552,0.0,1.0,1.0,1.4998885490058456e-05,0.0,0.0,0.0,0.0,0.0,0.0,0.0,0.0,1.0,0.0,0.0009261082159355283,0.3171883523464203,0.18556000292301178,0.015925299376249313,0.0,0.0982343852519989,0.09860407561063766,0.09860407561063766,0.16918466985225677,-0.15999506413936615,2.9807215029542533e-10,0.0,0.0,4.099024772644043,4.099024772644043,0.9968238472938538,0.9968238472938538,0.6131091117858887,0.0,0.0,0.0,0.0,1.0,0.0,1.0,1.0,1.4998885490058456e-05,1.0,0.9968238472938538,0.0,0.9968238472938538,0.9598744511604309,0.44939491152763367,0.11008772999048233,0.017991630360484123,1.0,2.301530361175537,2.2079176902770996,2.1893532276153564,0.0,5.0,0.0,0.0,0.0,0.0,0.0,0.0,,,,,,,,,,,,,,,,,,,,,,0.001
7,2338,train_epoch,0.12838547556343194,0.10692733963449558,0.10729067919853919,0.0,0.0,0.0,0.0,0.0,0.0,0.0,0.0,0.0,0.0,0.0,0.0,0.0,0.0,0.0,0.0,0.0,0.0,0.0,0.0,0.0,0.0,0.0,0.0,1.0,0.05139404895553689,0.051394048765926306,0.051692271616287574,0.0,0.018208813987404645,0.4494756578863738,1.0,0.0,1.0,0.0,0.0,0.03387278972003988,0.0,0.0,0.0,0.0,0.9999999403953552,0.0,1.0,1.0,1.4998885490058456e-05,0.0,0.0,0.0,0.0,0.0,0.0,0.0,0.0,1.0,0.0,0.0010800556080109297,0.3096071249710586,0.18775580372817502,0.018048550194675873,0.0,0.10729067919853919,0.10692733963449558,0.10692733963449558,0.17636934029841853,-0.1712639323787061,5.780339284972761e-12,0.0,0.0,3.996506770927749,3.9965067587926715,0.9738912775131043,0.9738912775131043,0.6522674273231073,0.0,0.0,0.0,0.0,1.0,0.0,1.0,1.0,1.4998885490058456e-05,1.0,0.9738912523506644,0.0,0.9738912775131043,0.9636514707953631,0.4494756578863738,0.10793845404586393,0.017578153291014496,1.0,2.2220250725032327,2.221563432744877,2.2211051308466288,0.0,5.0,0.0,0.0,0.0,0.0,0.0,0.0,,,,,,,,,,,,,,,,,,,,,,0.001
7,2338,val,,,,,,,,,,,,,,,,,,,,,,,,,,,,,,,,,,,,,,,,,,,,,,,,,,,,,,,,,,,,,,,,,,,,,,,,,,,,,,,,,,,,,,,,,,,,,,,,,,,,,,,,,,,76.40765932628086,13707.342590332031,117.07836089701645,140.5392279284341,41.610490219933645,15.47267194730895,24.840361130443114,10.957270886216845,7.365395737545831,76.62105689729962,92.81257872621721,147.43392603737968,42.4421307529722,142.02991465159826,171.3506076565827,281.03302448136463,80.16583943367004,76.40765932628086,117.07836089701645,140.5392279284341,41.610490219933645,0.001
7,2338,test_select,,,,,,,,,,,,,,,,,,,,,,,,,,,,,,,,,,,,,,,,,,,,,,,,,,,,,,,,,,,,,,,,,,,,,,,,,,,,,,,,,,,,,,,,,,,,,,,,,,,,,,,,,,,80.8474279471806,15244.575905936104,123.46892688420073,126.64131253106254,44.98384615353176,17.227770988430297,27.068753688190547,12.49691052521978,8.215886345931462,82.18492116246905,100.43026376626635,134.59915379115515,46.77962989466531,149.65507663999284,181.0204639021601,252.20686187062944,86.20705492155892,80.8474279471806,123.46892688420073,126.64131253106254,44.98384615353176,0.001
8,2340,train,0.1903354972600937,0.15852943062782288,0.15903033316135406,0.0,0.0,0.0,0.0,0.0,0.0,0.0,0.0,0.0,0.0,0.0,0.0,0.0,0.0,0.0,0.0,0.0,0.0,0.0,0.0,0.0,0.0,0.0,0.0,1.0,0.05665510147809982,0.05665510147809982,0.056913577020168304,0.0,0.018008483573794365,0.44776004552841187,1.0,0.0,1.0,0.0,0.0,0.03011186048388481,0.0,0.0,0.0,0.0,1.0,0.0,1.0,1.0,1.4998885490058456e-05,0.0,0.0,0.0,0.0,0.0,0.0,0.0,0.0,1.0,0.0,0.0011287385132163763,0.3143726885318756,0.18660792708396912,0.01570812612771988,0.0,0.15903033316135406,0.15852943062782288,0.15852943062782288,0.18477021157741547,-0.18095660209655762,-2.1860817323027248e-10,0.0,0.0,4.003476142883301,4.003476142883301,0.902103066444397,0.902103066444397,0.6641286611557007,0.0,0.0,0.0,0.0,1.0,0.0,1.0,1.0,1.4998885490058456e-05,1.0,0.9021029472351074,0.0,0.902103066444397,0.9513513445854187,0.44776004552841187,0.11152704060077667,0.01819409430027008,1.0,2.137324810028076,2.1891350746154785,2.2170233726501465,0.0,6.0,0.0,0.0,0.0,0.0,0.0,0.0,,,,,,,,,,,,,,,,,,,,,,0.001
8,2360,train,0.12933160364627838,0.10769569128751755,0.10817959159612656,0.0,0.0,0.0,0.0,0.0,0.0,0.0,0.0,0.0,0.0,0.0,0.0,0.0,0.0,0.0,0.0,0.0,0.0,0.0,0.0,0.0,0.0,0.0,0.0,1.0,0.06356102228164673,0.06356102973222733,0.06376337260007858,0.0,0.01975391060113907,0.4450576603412628,1.0,0.0,1.0,0.0,0.0,0.046560872346162796,0.0,0.0,0.0,0.0,1.0,0.0,1.0,1.0,1.4998885490058456e-05,0.0,0.0,0.0,0.0,0.0,0.0,0.0,0.0,1.0,0.0,0.0014201969606801867,0.34504663944244385,0.1913512796163559,0.01409007329493761,0.0,0.10817959159612656,0.10769569128751755,0.10769569128751755,0.15603332221508026,-0.14603179693222046,-2.7759963772133744e-10,0.0,0.0,3.831524133682251,3.831524133682251,0.9884493947029114,0.9884493947029114,0.5418732166290283,0.0,0.0,0.0,0.0,1.0,0.0,1.0,1.0,1.4998885490058456e-05,1.0,0.9884493947029114,0.0,0.9884493947029114,1.0015630722045898,0.4450576603412628,0.1312406063079834,0.019265685230493546,1.0,2.163714647293091,2.219167709350586,2.199711322784424,0.0,6.0,0.0,0.0,0.0,0.0,0.0,0.0,,,,,,,,,,,,,,,,,,,,,,0.001
8,2380,train,0.12903137505054474,0.10745500773191452,0.10788186639547348,0.0,0.0,0.0,0.0,0.0,0.0,0.0,0.0,0.0,0.0,0.0,0.0,0.0,0.0,0.0,0.0,0.0,0.0,0.0,0.0,0.0,0.0,0.0,0.0,1.0,0.05793085694313049,0.05793085694313049,0.05817947909235954,0.0,0.019464150071144104,0.4481099843978882,1.0,0.0,1.0,0.0,0.0,0.03550531342625618,0.0,0.0,0.0,0.0,1.0,0.0,1.0,1.0,1.4998885490058456e-05,0.0,0.0,0.0,0.0,0.0,0.0,0.0,0.0,1.0,0.0,0.0013064994709566236,0.3132351338863373,0.19189701974391937,0.014478996396064758,0.0,0.10788186639547348,0.10745500773191452,0.10745500773191452,0.1666753888130188,-0.16116958856582642,-2.4203414272783164e-10,0.0,0.0,3.777172088623047,3.777172088623047,1.0035794973373413,1.0035794973373413,0.5796595811843872,0.0,0.0,0.0,0.0,1.0,0.0,1.0,1.0,1.4998885490058456e-05,1.0,1.0035794973373413,0.0,1.0035794973373413,0.9922736883163452,0.4481099843978882,0.14136576652526855,0.02012471854686737,1.0,2.065300464630127,2.0903825759887695,2.1374149322509766,0.0,6.0,0.0,0.0,0.0,0.0,0.0,0.0,,,,,,,,,,,,,,,,,,,,,,0.001
8,2400,train,0.11787370592355728,0.09812714904546738,0.09873278439044952,0.0,0.0,0.0,0.0,0.0,0.0,0.0,0.0,0.0,0.0,0.0,0.0,0.0,0.0,0.0,0.0,0.0,0.0,0.0,0.0,0.0,0.0,0.0,0.0,1.0,0.050630856305360794,0.050630856305360794,0.05089781805872917,0.0,0.018591178581118584,0.44859692454338074,1.0,0.0,1.0,0.0,0.0,0.03653809428215027,0.0,0.0,0.0,0.0,1.0,0.0,1.0,1.0,1.4998885490058456e-05,0.0,0.0,0.0,0.0,0.0,0.0,0.0,0.0,1.0,0.0,0.0020537073723971844,0.31847602128982544,0.1850239634513855,0.013652820140123367,0.0,0.09873278439044952,0.09812714904546738,0.09812714904546738,0.16497203707695007,-0.15870879590511322,-2.696477763297622e-10,0.0,0.0,3.8290069103240967,3.8290069103240967,0.9716205596923828,0.9716205596923828,0.5720788240432739,0.0,0.0,0.0,0.0,1.0,0.0,1.0,1.0,1.4998885490058456e-05,1.0,0.9716205596923828,0.0,0.9716205596923828,0.9569668173789978,0.44859692454338074,0.1394146829843521,0.02001623436808586,1.0,2.077272415161133,2.1322410106658936,2.134005308151245,0.0,6.0,0.0,0.0,0.0,0.0,0.0,0.0,,,,,,,,,,,,,,,,,,,,,,0.001
8,2420,train,0.1322026252746582,0.11011868715286255,0.11041968315839767,0.0,0.0,0.0,0.0,0.0,0.0,0.0,0.0,0.0,0.0,0.0,0.0,0.0,0.0,0.0,0.0,0.0,0.0,0.0,0.0,0.0,0.0,0.0,0.0,1.0,0.05588948354125023,0.05588948354125023,0.05609748885035515,0.0,0.018089644610881805,0.4468245804309845,1.0,0.0,1.0,0.0,0.0,0.026239538565278053,0.0,0.0,0.0,0.0,1.0,0.0,1.0,1.0,1.4998885490058456e-05,0.0,0.0,0.0,0.0,0.0,0.0,0.0,0.0,1.0,0.0,0.0015124400379136205,0.3415534496307373,0.18256333470344543,0.015646984800696373,0.0,0.11041968315839767,0.11011868715286255,0.11011868715286255,0.19219937920570374,-0.18641917407512665,-2.2466026261547256e-10,0.0,0.0,3.988093137741089,3.988093137741089,0.9673708081245422,0.9673708081245422,0.7194945812225342,0.0,0.0,0.0,0.0,1.0,0.0,1.0,1.0,1.4998885490058456e-05,1.0,0.9673708081245422,0.0,0.9673708081245422,1.0186610221862793,0.4468245804309845,0.13980890810489655,0.018945826217532158,1.0,2.107795476913452,2.125246047973633,2.128965139389038,0.0,6.0,0.0,0.0,0.0,0.0,0.0,0.0,,,,,,,,,,,,,,,,,,,,,,0.001
8,2440,train,0.13571134209632874,0.11300069838762283,0.11355318874120712,0.0,0.0,0.0,0.0,0.0,0.0,0.0,0.0,0.0,0.0,0.0,0.0,0.0,0.0,0.0,0.0,0.0,0.0,0.0,0.0,0.0,0.0,0.0,0.0,1.0,0.04688791185617447,0.04688791185617447,0.04714787378907204,0.0,0.019252488389611244,0.44925281405448914,1.0,0.0,1.0,0.0,0.0,0.03032136894762516,0.0,0.0,0.0,0.0,1.0,0.0,1.0,1.0,1.4998885490058456e-05,0.0,0.0,0.0,0.0,0.0,0.0,0.0,0.0,1.0,0.0,0.0011978495167568326,0.3575652241706848,0.19980260729789734,0.013618659228086472,0.0,0.11355318874120712,0.11300069838762283,0.11300069838762283,0.19466005265712738,-0.18843317031860352,-5.948705972258495e-10,0.0,0.0,4.044126987457275,4.044126987457275,1.0834474563598633,1.0834474563598633,0.7317715287208557,0.0,0.0,0.0,0.0,1.0,0.0,1.0,1.0,1.4998885490058456e-05,1.0,1.0834474563598633,0.0,1.0834474563598633,1.0246375799179077,0.44925281405448914,0.1347859650850296,0.018357574939727783,1.0,2.1838302612304688,2.1420845985412598,2.1485366821289062,0.0,6.0,0.0,0.0,0.0,0.0,0.0,0.0,,,,,,,,,,,,,,,,,,,,,,0.001
8,2460,train,0.1314370483160019,0.10948079824447632,0.10978122800588608,0.0,0.0,0.0,0.0,0.0,0.0,0.0,0.0,0.0,0.0,0.0,0.0,0.0,0.0,0.0,0.0,0.0,0.0,0.0,0.0,0.0,0.0,0.0,0.0,1.0,0.056367553770542145,0.056367553770542145,0.0565485954284668,0.0,0.01835082843899727,0.4467080235481262,1.0,0.0,1.0,0.0,0.0,0.03514300659298897,0.0,0.0,0.0,0.0,1.0,0.0,1.0,1.0,1.4998885490058456e-05,0.0,0.0,0.0,0.0,0.0,0.0,0.0,0.0,1.0,0.0,0.0017505435971543193,0.32640019059181213,0.18165278434753418,0.013375337235629559,0.0,0.10978122800588608,0.10948079824447632,0.10948079824447632,0.17973238229751587,-0.17823323607444763,5.163869332136528e-11,0.0,0.0,3.8504273891448975,3.8504273891448975,0.9239604473114014,0.9239604473114014,0.6268832087516785,0.0,0.0,0.0,0.0,1.0,0.0,1.0,1.0,1.4998885490058456e-05,1.0,0.9239604473114014,0.0,0.9239604473114014,0.9654306173324585,0.4467080235481262,0.14028406143188477,0.019101057201623917,1.0,2.1088650226593018,2.126912832260132,2.1792047023773193,0.0,6.0,0.0,0.0,0.0,0.0,0.0,0.0,,,,,,,,,,,,,,,,,,,,,,0.001
8,2480,train,0.13197194039821625,0.1099201887845993,0.1102587878704071,0.0,0.0,0.0,0.0,0.0,0.0,0.0,0.0,0.0,0.0,0.0,0.0,0.0,0.0,0.0,0.0,0.0,0.0,0.0,0.0,0.0,0.0,0.0,0.0,1.0,0.05331059917807579,0.05331059917807579,0.053605858236551285,0.0,0.01795855723321438,0.45000630617141724,1.0,0.0,1.0,0.0,0.0,0.0455353781580925,0.0,0.0,0.0,0.0,1.0,0.0,1.0,1.0,1.4998885490058456e-05,0.0,0.0,0.0,0.0,0.0,0.0,0.0,0.0,1.0,0.0,0.0012274711625650525,0.34607893228530884,0.18883593380451202,0.0137425996363163,0.0,0.1102587878704071,0.1099201887845993,0.1099201887845993,0.18361225724220276,-0.1776283234357834,6.047478073867296e-10,0.0,0.0,3.9711289405822754,3.9711289405822754,1.0244182348251343,1.0244182348251343,0.6817402839660645,0.0,0.0,0.0,0.0,1.0,0.0,1.0,1.0,1.4998885490058456e-05,1.0,1.0244179964065552,0.0,1.0244182348251343,0.9689948558807373,0.45000630617141724,0.14040115475654602,0.019245361909270287,1.0,2.2987680435180664,2.135227680206299,2.1255147457122803,0.0,6.0,0.0,0.0,0.0,0.0,0.0,0.0,,,,,,,,,,,,,,,,,,,,,,0.001
8,2500,train,0.13212302327156067,0.10999023169279099,0.11066398024559021,0.0,0.0,0.0,0.0,0.0,0.0,0.0,0.0,0.0,0.0,0.0,0.0,0.0,0.0,0.0,0.0,0.0,0.0,0.0,0.0,0.0,0.0,0.0,0.0,1.0,0.058280304074287415,0.058280304074287415,0.05845560133457184,0.0,0.017866747453808784,0.44583192467689514,1.0,0.0,1.0,0.0,0.0,0.03879553824663162,0.0,0.0,0.0,0.0,1.0,0.0,1.0,1.0,1.4998885490058456e-05,0.0,0.0,0.0,0.0,0.0,0.0,0.0,0.0,1.0,0.0,0.0018196564633399248,0.3273541331291199,0.19681519269943237,0.015980033203959465,0.0,0.11066398024559021,0.10999023169279099,0.10999023169279099,0.20854035019874573,-0.2055722028017044,-8.603041057320127e-10,0.0,0.0,3.908479928970337,3.908479928970337,1.0277084112167358,1.0277084112167358,0.7467396855354309,0.0,0.0,0.0,0.0,1.0,0.0,1.0,1.0,1.4998885490058456e-05,1.0,1.0277084112167358,0.0,1.0277084112167358,0.9815424680709839,0.44583192467689514,0.14048384130001068,0.019566498696804047,1.0,2.1159157752990723,2.1174676418304443,2.147496461868286,0.0,6.0,0.0,0.0,0.0,0.0,0.0,0.0,,,,,,,,,,,,,,,,,,,,,,0.001
8,2520,train,0.13371308147907257,0.11145060509443283,0.1113123744726181,0.0,0.0,0.0,0.0,0.0,0.0,0.0,0.0,0.0,0.0,0.0,0.0,0.0,0.0,0.0,0.0,0.0,0.0,0.0,0.0,0.0,0.0,0.0,0.0,1.0,0.05411732569336891,0.05411732569336891,0.054338522255420685,0.0,0.018415093421936035,0.4486476182937622,1.0,0.0,1.0,0.0,0.0,0.049863994121551514,0.0,0.0,0.0,0.0,1.0,0.0,1.0,1.0,1.4998885490058456e-05,0.0,0.0,0.0,0.0,0.0,0.0,0.0,0.0,1.0,0.0,0.00025154094328172505,0.331728994846344,0.19798429310321808,0.014464442618191242,0.0,0.1113123744726181,0.11145060509443283,0.11145060509443283,0.19994260370731354,-0.19598005712032318,-1.5967871469513284e-10,0.0,0.0,3.956242799758911,3.956242799758911,0.9455188512802124,0.9455188512802124,0.7240877747535706,0.0,0.0,0.0,0.0,1.0,0.0,1.0,1.0,1.4998885490058456e-05,1.0,0.9455187916755676,0.0,0.9455188512802124,0.9276828765869141,0.4486476182937622,0.14003659784793854,0.01879899948835373,1.0,2.137460231781006,2.1144986152648926,2.1097025871276855,0.0,6.0,0.0,0.0,0.0,0.0,0.0,0.0,,,,,,,,,,,,,,,,,,,,,,0.001
8,2540,train,0.12964661419391632,0.10797444730997086,0.10836083441972733,0.0,0.0,0.0,0.0,0.0,0.0,0.0,0.0,0.0,0.0,0.0,0.0,0.0,0.0,0.0,0.0,0.0,0.0,0.0,0.0,0.0,0.0,0.0,0.0,1.0,0.05173729732632637,0.05173730105161667,0.05203241482377052,0.0,0.019093824550509453,0.4479876756668091,1.0,0.0,1.0,0.0,0.0,0.041024744510650635,0.0,0.0,0.0,0.0,1.0,0.0,1.0,1.0,1.4998885490058456e-05,0.0,0.0,0.0,0.0,0.0,0.0,0.0,0.0,1.0,0.0,0.0008434069459326565,0.35154882073402405,0.20287615060806274,0.01406501792371273,0.0,0.10836083441972733,0.10797444730997086,0.10797444730997086,0.19973979890346527,-0.19442246854305267,-4.539577325157751e-10,0.0,0.0,3.8767948150634766,3.8767948150634766,0.999144971370697,0.999144971370697,0.6975321173667908,0.0,0.0,0.0,0.0,1.0,0.0,1.0,1.0,1.4998885490058456e-05,1.0,0.999144971370697,0.0,0.999144971370697,0.9364609718322754,0.4479876756668091,0.13912294805049896,0.01913457363843918,1.0,2.0326671600341797,2.105407476425171,2.089123249053955,0.0,6.0,0.0,0.0,0.0,0.0,0.0,0.0,,,,,,,,,,,,,,,,,,,,,,0.001
8,2560,train,0.12873637676239014,0.10725288838148117,0.10741743445396423,0.0,0.0,0.0,0.0,0.0,0.0,0.0,0.0,0.0,0.0,0.0,0.0,0.0,0.0,0.0,0.0,0.0,0.0,0.0,0.0,0.0,0.0,0.0,0.0,1.0,0.047792308032512665,0.047792304307222366,0.04799274727702141,0.0,0.017691973596811295,0.4484766125679016,1.0,0.0,1.0,0.0,0.0,0.03465500473976135,0.0,0.0,0.0,0.0,1.0,0.0,1.0,1.0,1.4998885490058456e-05,0.0,0.0,0.0,0.0,0.0,0.0,0.0,0.0,1.0,0.0,0.0008032238692976534,0.33081692457199097,0.1906381994485855,0.014071105979382992,0.0,0.10741743445396423,0.10725288838148117,0.10725288838148117,0.19975875318050385,-0.1970910280942917,-3.393309799815114e-10,0.0,0.0,3.894716501235962,3.894716501235962,0.9622533917427063,0.9622533917427063,0.7141557931900024,0.0,0.0,0.0,0.0,1.0,0.0,1.0,1.0,1.4998885490058456e-05,1.0,0.9622533917427063,0.0,0.9622533917427063,0.9080198407173157,0.4484766125679016,0.1377895027399063,0.01828995905816555,1.0,2.0668249130249023,2.0943050384521484,2.1042094230651855,0.0,6.0,0.0,0.0,0.0,0.0,0.0,0.0,,,,,,,,,,,,,,,,,,,,,,0.001
8,2580,train,0.13659590482711792,0.11377231031656265,0.11411798745393753,0.0,0.0,0.0,0.0,0.0,0.0,0.0,0.0,0.0,0.0,0.0,0.0,0.0,0.0,0.0,0.0,0.0,0.0,0.0,0.0,0.0,0.0,0.0,0.0,1.0,0.06351322680711746,0.06351322680711746,0.06366883963346481,0.0,0.019318243488669395,0.4444601833820343,1.0,0.0,1.0,0.0,0.0,0.04580019414424896,0.0,0.0,0.0,0.0,1.0,0.0,1.0,1.0,1.4998885490058456e-05,0.0,0.0,0.0,0.0,0.0,0.0,0.0,0.0,1.0,0.0,0.001218202873133123,0.35434287786483765,0.20043407380580902,0.013996322639286518,0.0,0.11411798745393753,0.11377231031656265,0.11377231031656265,0.20268088579177856,-0.19423110783100128,-1.9602727774348239e-10,0.0,0.0,3.8044955730438232,3.8044955730438232,1.0310262441635132,1.0310262441635132,0.7260928750038147,0.0,0.0,0.0,0.0,1.0,0.0,1.0,1.0,1.4998885490058456e-05,1.0,1.0310261249542236,0.0,1.0310262441635132,1.0114905834197998,0.4444601833820343,0.14017613232135773,0.019611118361353874,1.0,2.091866970062256,2.006847858428955,2.111758232116699,0.0,6.0,0.0,0.0,0.0,0.0,0.0,0.0,,,,,,,,,,,,,,,,,,,,,,0.001
8,2600,train,0.1226244643330574,0.10210300236940384,0.10260730981826782,0.0,0.0,0.0,0.0,0.0,0.0,0.0,0.0,0.0,0.0,0.0,0.0,0.0,0.0,0.0,0.0,0.0,0.0,0.0,0.0,0.0,0.0,0.0,0.0,1.0,0.044112443923950195,0.044112443923950195,0.044381849467754364,0.0,0.017475150525569916,0.44700711965560913,1.0,0.0,1.0,0.0,0.0,0.04110388457775116,0.0,0.0,0.0,0.0,1.0,0.0,1.0,1.0,1.4998885490058456e-05,0.0,0.0,0.0,0.0,0.0,0.0,0.0,0.0,1.0,0.0,0.0011854568729177117,0.32970187067985535,0.18960100412368774,0.012730447575449944,0.0,0.10260730981826782,0.10210300236940384,0.10210300236940384,0.19013750553131104,-0.18500016629695892,1.795901760637264e-10,0.0,0.0,4.090869903564453,4.090869903564453,0.9448098540306091,0.9448098540306091,0.7005824446678162,0.0,0.0,0.0,0.0,1.0,0.0,1.0,1.0,1.4998885490058456e-05,1.0,0.9448098540306091,0.0,0.9448098540306091,0.871356189250946,0.44700711965560913,0.142681285738945,0.01984122209250927,1.0,2.047748565673828,2.1274659633636475,2.063962697982788,0.0,6.0,0.0,0.0,0.0,0.0,0.0,0.0,,,,,,,,,,,,,,,,,,,,,,0.001
8,2620,train,0.1203150749206543,0.1002175509929657,0.1004875972867012,0.0,0.0,0.0,0.0,0.0,0.0,0.0,0.0,0.0,0.0,0.0,0.0,0.0,0.0,0.0,0.0,0.0,0.0,0.0,0.0,0.0,0.0,0.0,0.0,1.0,0.04818718507885933,0.04818718507885933,0.048397015780210495,0.0,0.01820167526602745,0.44769829511642456,1.0,0.0,1.0,0.0,0.0,0.04069269075989723,0.0,0.0,0.0,0.0,1.0,0.0,1.0,1.0,1.4998885490058456e-05,0.0,0.0,0.0,0.0,0.0,0.0,0.0,0.0,1.0,0.0,0.0012419898994266987,0.3055713176727295,0.1754174381494522,0.012294963002204895,0.0,0.1004875972867012,0.1002175509929657,0.1002175509929657,0.19968414306640625,-0.19607284665107727,-2.0774235109932704e-10,0.0,0.0,4.132538795471191,4.132538795471191,0.9297980070114136,0.9297980070114136,0.7505863308906555,0.0,0.0,0.0,0.0,1.0,0.0,1.0,1.0,1.4998885490058456e-05,1.0,0.9297980070114136,0.0,0.9297980070114136,0.9483246207237244,0.44769829511642456,0.1427210122346878,0.019078347831964493,1.0,2.202430009841919,2.107948064804077,2.113825798034668,0.0,6.0,0.0,0.0,0.0,0.0,0.0,0.0,,,,,,,,,,,,,,,,,,,,,,0.001
8,2640,train,0.11815835535526276,0.09837795794010162,0.09890199452638626,0.0,0.0,0.0,0.0,0.0,0.0,0.0,0.0,0.0,0.0,0.0,0.0,0.0,0.0,0.0,0.0,0.0,0.0,0.0,0.0,0.0,0.0,0.0,0.0,1.0,0.04572141915559769,0.04572141915559769,0.0460100993514061,0.0,0.01930316537618637,0.45078977942466736,1.0,0.0,1.0,0.0,0.0,0.0552779883146286,0.0,0.0,0.0,0.0,1.0,0.0,1.0,1.0,1.4998885490058456e-05,0.0,0.0,0.0,0.0,0.0,0.0,0.0,0.0,1.0,0.0,0.00080807541962713,0.26470690965652466,0.17259322106838226,0.01110813394188881,0.0,0.09890199452638626,0.09837795794010162,0.09837795794010162,0.19202275574207306,-0.19071254134178162,-1.1651753173413937e-10,0.0,0.0,4.053776264190674,4.053776264190674,0.9504792094230652,0.9504792094230652,0.6883212327957153,0.0,0.0,0.0,0.0,1.0,0.0,1.0,1.0,1.4998885490058456e-05,1.0,0.9504792094230652,0.0,0.9504792094230652,0.9363273978233337,0.45078977942466736,0.1446453183889389,0.019792882725596428,1.0,2.165060520172119,2.1386983394622803,2.133258581161499,0.0,6.0,0.0,0.0,0.0,0.0,0.0,0.0,,,,,,,,,,,,,,,,,,,,,,0.001
8,2660,train,0.13323265314102173,0.11099760979413986,0.11117523908615112,0.0,0.0,0.0,0.0,0.0,0.0,0.0,0.0,0.0,0.0,0.0,0.0,0.0,0.0,0.0,0.0,0.0,0.0,0.0,0.0,0.0,0.0,0.0,0.0,1.0,0.049777109175920486,0.049777112901210785,0.04992937296628952,0.0,0.01842961087822914,0.4508011043071747,1.0,0.0,1.0,0.0,0.0,0.045798275619745255,0.0,0.0,0.0,0.0,1.0,0.0,1.0,1.0,1.4998885490058456e-05,0.0,0.0,0.0,0.0,0.0,0.0,0.0,0.0,1.0,0.0,0.0016985345864668489,0.3300926387310028,0.17764873802661896,0.012341109104454517,0.0,0.11117523908615112,0.11099760979413986,0.11099760979413986,0.185851588845253,-0.17787396907806396,1.1827168411304712e-10,0.0,0.0,3.9424586296081543,3.9424586296081543,0.9115756750106812,0.9115756750106812,0.667687714099884,0.0,0.0,0.0,0.0,1.0,0.0,1.0,1.0,1.4998885490058456e-05,1.0,0.9115756750106812,0.0,0.9115756750106812,0.8454767465591431,0.4508011043071747,0.1391761153936386,0.018265999853610992,1.0,2.046558380126953,2.034025192260742,2.06412410736084,0.0,6.0,0.0,0.0,0.0,0.0,0.0,0.0,,,,,,,,,,,,,,,,,,,,,,0.001
8,2672,train_epoch,0.13141396684114803,0.10944830682017133,0.10982829890029873,0.0,0.0,0.0,0.0,0.0,0.0,0.0,0.0,0.0,0.0,0.0,0.0,0.0,0.0,0.0,0.0,0.0,0.0,0.0,0.0,0.0,0.0,0.0,0.0,1.0,0.05208428479552626,0.05208428468399062,0.052318822213275704,0.0,0.01830889449683492,0.44746849226380536,1.0,0.0,1.0,0.0,0.0,0.042571160886548234,0.0,0.0,0.0,0.0,1.0,0.0,1.0,1.0,1.4998885490058456e-05,0.0,0.0,0.0,0.0,0.0,0.0,0.0,0.0,1.0,0.0,0.001163685267557183,0.32795110835643587,0.1882021159022868,0.014128260426000207,0.0,0.10982829890029873,0.10944830682017133,0.10944830682017133,0.18876458410017505,-0.184347874568608,-1.3448135187467245e-11,0.0,0.0,3.9658255505704596,3.9658255448598347,0.9644898409971934,0.9644898409971934,0.6852097066933523,0.0,0.0,0.0,0.0,1.0,0.0,1.0,1.0,1.4998885490058456e-05,1.0,0.9644898120871561,0.0,0.9644898409971934,0.9499927639604329,0.44746849226380536,0.13893860460309213,0.019177322248052693,1.0,2.1227023815680406,2.121771965198174,2.1218553117649286,0.0,6.0,0.0,0.0,0.0,0.0,0.0,0.0,,,,,,,,,,,,,,,,,,,,,,0.001
8,2672,val,,,,,,,,,,,,,,,,,,,,,,,,,,,,,,,,,,,,,,,,,,,,,,,,,,,,,,,,,,,,,,,,,,,,,,,,,,,,,,,,,,,,,,,,,,,,,,,,,,,,,,,,,,,71.81402455057416,13156.628173828125,114.70234598223405,129.31696571622575,38.95691675799234,15.02354320032256,24.24182625438145,10.01922959940774,7.049081559692111,17.06998156649726,27.42650118764299,11.764906236103602,8.032556035688945,143.78848232541765,173.51130970465329,280.41178628376554,80.97033023834229,71.81402455057416,114.70234598223405,129.31696571622575,38.95691675799234,0.001
8,2672,test_select,,,,,,,,,,,,,,,,,,,,,,,,,,,,,,,,,,,,,,,,,,,,,,,,,,,,,,,,,,,,,,,,,,,,,,,,,,,,,,,,,,,,,,,,,,,,,,,,,,,,,,,,,,,76.36779958861214,14591.60819353376,120.79572920237602,117.57021604265485,42.2569637298584,17.473484430994308,27.36711355628497,12.91328792486872,8.220658838748932,21.326333922999247,33.551808480226995,16.12611237168312,10.003812491893768,151.00717728478568,182.51633901296734,252.26264446122306,86.93664155687604,76.36779958861214,120.79572920237602,117.57021604265485,42.2569637298584,0.001
8,2672,test,,,,,,,,,,,,,,,,,,,,,,,,,,,,,,,,,,,,,,,,,,,,,,,,,,,,,,,,,,,,,,,,,,,,,,,,,,,,,,,,,,,,,,,,,,,,,,,,,,,,,,,,,,,76.36779958861214,14591.60819353376,120.79572920237602,117.57021604265485,42.2569637298584,17.473484430994308,27.36711355628497,12.91328792486872,8.220658838748932,21.326333922999247,33.551808480226995,16.12611237168312,10.003812491893768,151.00717728478568,182.51633901296734,252.26264446122306,86.93664155687604,76.36779958861214,120.79572920237602,117.57021604265485,42.2569637298584,0.001
9,2680,train,0.12436240911483765,0.10355474799871445,0.1040383130311966,0.0,0.0,0.0,0.0,0.0,0.0,0.0,0.0,0.0,0.0,0.0,0.0,0.0,0.0,0.0,0.0,0.0,0.0,0.0,0.0,0.0,0.0,0.0,0.0,1.0,0.04677295684814453,0.04677295684814453,0.04697824642062187,0.0,0.01878524199128151,0.4469887316226959,1.0,0.0,1.0,0.0,0.0,0.05013995245099068,0.0,0.0,0.0,0.0,1.0,0.0,1.0,1.0,1.4998885490058456e-05,0.0,0.0,0.0,0.0,0.0,0.0,0.0,0.0,1.0,0.0,0.0007006885716691613,0.2899220585823059,0.17762480676174164,0.011775337159633636,0.0,0.1040383130311966,0.10355474799871445,0.10355474799871445,0.20723935961723328,-0.19816707074642181,-2.521695907642396e-10,0.0,0.0,3.9860525131225586,3.9860525131225586,0.9246313571929932,0.9246313571929932,0.7452020049095154,0.0,0.0,0.0,0.0,1.0,0.0,1.0,1.0,1.4998885490058456e-05,1.0,0.9246312975883484,0.0,0.9246313571929932,0.9184887409210205,0.4469887316226959,0.14331631362438202,0.019787678495049477,1.0,2.038998603820801,2.0960001945495605,2.078761577606201,0.0,6.0,0.0,0.0,0.0,0.0,0.0,0.0,,,,,,,,,,,,,,,,,,,,,,0.001
9,2700,train,0.12887418270111084,0.10729394108057022,0.1079011932015419,0.0,0.0,0.0,0.0,0.0,0.0,0.0,0.0,0.0,0.0,0.0,0.0,0.0,0.0,0.0,0.0,0.0,0.0,0.0,0.0,0.0,0.0,0.0,0.0,1.0,0.050526998937129974,0.050526998937129974,0.05072644725441933,0.0,0.019267931580543518,0.44608274102211,1.0,0.0,1.0,0.0,0.0,0.03677048534154892,0.0,0.0,0.0,0.0,1.0,0.0,1.0,1.0,1.4998885490058456e-05,0.0,0.0,0.0,0.0,0.0,0.0,0.0,0.0,1.0,0.0,0.00093235814711079,0.3088037073612213,0.18299339711666107,0.01258460059762001,0.0,0.1079011932015419,0.10729394108057022,0.10729394108057022,0.21339982748031616,-0.21119295060634613,-1.7464628354613154e-10,0.0,0.0,4.093400478363037,4.093400478363037,0.9584164023399353,0.9584164023399353,0.801952064037323,0.0,0.0,0.0,0.0,1.0,0.0,1.0,1.0,1.4998885490058456e-05,1.0,0.9584164023399353,0.0,0.9584164023399353,0.9474658966064453,0.44608274102211,0.14547331631183624,0.019790761172771454,1.0,2.127487897872925,2.077840566635132,2.1074371337890625,0.0,6.0,0.0,0.0,0.0,0.0,0.0,0.0,,,,,,,,,,,,,,,,,,,,,,0.001
9,2720,train,0.13665013015270233,0.11376208066940308,0.11444021761417389,0.0,0.0,0.0,0.0,0.0,0.0,0.0,0.0,0.0,0.0,0.0,0.0,0.0,0.0,0.0,0.0,0.0,0.0,0.0,0.0,0.0,0.0,0.0,0.0,1.0,0.04018246755003929,0.04018246755003929,0.04039408639073372,0.0,0.017648380249738693,0.44756031036376953,1.0,0.0,1.0,0.0,0.0,0.0616697296500206,0.0,0.0,0.0,0.0,1.0,0.0,1.0,1.0,1.4998885490058456e-05,0.0,0.0,0.0,0.0,0.0,0.0,0.0,0.0,1.0,0.0,0.0018881374271586537,0.31374382972717285,0.17662091553211212,0.014092214405536652,0.0,0.11444021761417389,0.11376208066940308,0.11376208066940308,0.19828931987285614,-0.19583269953727722,-2.0484015872401784e-10,0.0,0.0,4.137861728668213,4.137861728668213,0.9469075798988342,0.9469075798988342,0.7385347485542297,0.0,0.0,0.0,0.0,1.0,0.0,1.0,1.0,1.4998885490058456e-05,1.0,0.9469075202941895,0.0,0.9469075798988342,0.9082924723625183,0.44756031036376953,0.14380870759487152,0.01919979602098465,1.0,2.0377461910247803,2.044860363006592,2.0082168579101562,0.0,6.0,0.0,0.0,0.0,0.0,0.0,0.0,,,,,,,,,,,,,,,,,,,,,,0.001
9,2740,train,0.12136507779359818,0.10105568170547485,0.1015469878911972,0.0,0.0,0.0,0.0,0.0,0.0,0.0,0.0,0.0,0.0,0.0,0.0,0.0,0.0,0.0,0.0,0.0,0.0,0.0,0.0,0.0,0.0,0.0,0.0,1.0,0.0486496239900589,0.0486496239900589,0.04883719980716705,0.0,0.018844174221158028,0.44430607557296753,1.0,0.0,1.0,0.0,0.0,0.05880115553736687,0.0,0.0,0.0,0.0,1.0,0.0,1.0,1.0,1.4998885490058456e-05,0.0,0.0,0.0,0.0,0.0,0.0,0.0,0.0,1.0,0.0,0.0005871857865713537,0.2890632450580597,0.1812208592891693,0.012178518809378147,0.0,0.1015469878911972,0.10105568170547485,0.10105568170547485,0.19234655797481537,-0.19008968770503998,-3.9464501111474704e-10,0.0,0.0,4.10959005355835,4.10959005355835,0.9506708383560181,0.9506708383560181,0.7133544087409973,0.0,0.0,0.0,0.0,1.0,0.0,1.0,1.0,1.4998885490058456e-05,1.0,0.9506708383560181,0.0,0.9506708383560181,0.8647260665893555,0.44430607557296753,0.1423087865114212,0.019288722425699234,1.0,1.9754469394683838,2.0698609352111816,2.0300850868225098,0.0,6.0,0.0,0.0,0.0,0.0,0.0,0.0,,,,,,,,,,,,,,,,,,,,,,0.001
9,2760,train,0.1285816729068756,0.10714448988437653,0.10718594491481781,0.0,0.0,0.0,0.0,0.0,0.0,0.0,0.0,0.0,0.0,0.0,0.0,0.0,0.0,0.0,0.0,0.0,0.0,0.0,0.0,0.0,0.0,0.0,0.0,1.0,0.053213659673929214,0.053213659673929214,0.05344212055206299,0.0,0.018994463607668877,0.4472547769546509,1.0,0.0,1.0,0.0,0.0,0.04634248465299606,0.0,0.0,0.0,0.0,1.0,0.0,1.0,1.0,1.4998885490058456e-05,0.0,0.0,0.0,0.0,0.0,0.0,0.0,0.0,1.0,0.0,9.352639608550817e-05,0.30945026874542236,0.19069746136665344,0.01111650187522173,0.0,0.10718594491481781,0.10714448988437653,0.10714448988437653,0.20167522132396698,-0.19968830049037933,-2.3068856547237004e-10,0.0,0.0,4.14520263671875,4.14520263671875,1.0260752439498901,1.0260752439498901,0.7593970894813538,0.0,0.0,0.0,0.0,1.0,0.0,1.0,1.0,1.4998885490058456e-05,1.0,1.0260752439498901,0.0,1.0260752439498901,0.9896791577339172,0.4472547769546509,0.14482532441616058,0.019677208736538887,1.0,2.233360528945923,2.1069583892822266,2.093597650527954,0.0,6.0,0.0,0.0,0.0,0.0,0.0,0.0,,,,,,,,,,,,,,,,,,,,,,0.001
9,2780,train,0.11512197554111481,0.09588142484426498,0.09620274603366852,0.0,0.0,0.0,0.0,0.0,0.0,0.0,0.0,0.0,0.0,0.0,0.0,0.0,0.0,0.0,0.0,0.0,0.0,0.0,0.0,0.0,0.0,0.0,0.0,1.0,0.04506510868668556,0.04506510868668556,0.04532169550657272,0.0,0.01736566238105297,0.44778165221214294,1.0,0.0,1.0,0.0,0.0,0.06590919196605682,0.0,0.0,0.0,0.0,1.0,0.0,1.0,1.0,1.4998885490058456e-05,0.0,0.0,0.0,0.0,0.0,0.0,0.0,0.0,1.0,0.0,9.566652443027124e-05,0.27416184544563293,0.17628049850463867,0.011877257376909256,0.0,0.09620274603366852,0.09588142484426498,0.09588142484426498,0.1821073293685913,-0.17499153316020966,-5.561752725036229e-10,0.0,0.0,4.122220516204834,4.122220516204834,0.8860084414482117,0.8860084414482117,0.6508572697639465,0.0,0.0,0.0,0.0,1.0,0.0,1.0,1.0,1.4998885490058456e-05,1.0,0.8860084414482117,0.0,0.8860084414482117,0.8895717263221741,0.44778165221214294,0.14386335015296936,0.019261494278907776,1.0,2.0571417808532715,2.0273308753967285,2.011157512664795,0.0,6.0,0.0,0.0,0.0,0.0,0.0,0.0,,,,,,,,,,,,,,,,,,,,,,0.001
9,2800,train,0.13457633554935455,0.11209859699010849,0.11238870024681091,0.0,0.0,0.0,0.0,0.0,0.0,0.0,0.0,0.0,0.0,0.0,0.0,0.0,0.0,0.0,0.0,0.0,0.0,0.0,0.0,0.0,0.0,0.0,0.0,1.0,0.05782569944858551,0.05782569944858551,0.0580240823328495,0.0,0.01850663684308529,0.44823434948921204,1.0,0.0,1.0,0.0,0.0,0.07728094607591629,0.0,0.0,0.0,0.0,1.0,0.0,1.0,1.0,1.4998885490058456e-05,0.0,0.0,0.0,0.0,0.0,0.0,0.0,0.0,1.0,0.0,0.0003366743912920356,0.3069126307964325,0.18935850262641907,0.011703325435519218,0.0,0.11238870024681091,0.11209859699010849,0.11209859699010849,0.2238539755344391,-0.22365081310272217,-8.14321388098449e-11,0.0,0.0,4.082159042358398,4.082159042358398,1.0010406970977783,1.0010406970977783,0.8173893690109253,0.0,0.0,0.0,0.0,1.0,0.0,1.0,1.0,1.4998885490058456e-05,1.0,1.0010406970977783,0.0,1.0010406970977783,0.9852697849273682,0.44823434948921204,0.14624276757240295,0.0195721834897995,1.0,2.0560522079467773,2.053523302078247,2.0722451210021973,0.0,6.0,0.0,0.0,0.0,0.0,0.0,0.0,,,,,,,,,,,,,,,,,,,,,,0.001
9,2820,train,0.1272868514060974,0.10602124035358429,0.1063280776143074,0.0,0.0,0.0,0.0,0.0,0.0,0.0,0.0,0.0,0.0,0.0,0.0,0.0,0.0,0.0,0.0,0.0,0.0,0.0,0.0,0.0,0.0,0.0,0.0,1.0,0.04387945681810379,0.04387945681810379,0.04411040246486664,0.0,0.019253255799412727,0.44582340121269226,1.0,0.0,1.0,0.0,0.0,0.049775563180446625,0.0,0.0,0.0,0.0,1.0,0.0,1.0,1.0,1.4998885490058456e-05,0.0,0.0,0.0,0.0,0.0,0.0,0.0,0.0,1.0,0.0,0.001137947547249496,0.3129429519176483,0.17937880754470825,0.011047403328120708,0.0,0.1063280776143074,0.10602124035358429,0.10602124035358429,0.2119443118572235,-0.2083735316991806,-5.394846236406181e-10,0.0,0.0,4.055208683013916,4.055208683013916,0.9263302087783813,0.9263302087783813,0.767575204372406,0.0,0.0,0.0,0.0,1.0,0.0,1.0,1.0,1.4998885490058456e-05,1.0,0.9263302087783813,0.0,0.9263302087783813,0.9009667038917542,0.44582340121269226,0.14751002192497253,0.019459359347820282,1.0,2.0379929542541504,2.0557994842529297,2.0450260639190674,0.0,6.0,0.0,0.0,0.0,0.0,0.0,0.0,,,,,,,,,,,,,,,,,,,,,,0.001
9,2840,train,0.11995885521173477,0.09988406300544739,0.10037396103143692,0.0,0.0,0.0,0.0,0.0,0.0,0.0,0.0,0.0,0.0,0.0,0.0,0.0,0.0,0.0,0.0,0.0,0.0,0.0,0.0,0.0,0.0,0.0,0.0,1.0,0.05106031522154808,0.05106031522154808,0.05129176378250122,0.0,0.01855766586959362,0.445150762796402,1.0,0.0,1.0,0.0,0.0,0.04841598868370056,0.0,0.0,0.0,0.0,1.0,0.0,1.0,1.0,1.4998885490058456e-05,0.0,0.0,0.0,0.0,0.0,0.0,0.0,0.0,1.0,0.0,0.0006081840256229043,0.3244597911834717,0.18282516300678253,0.011001473292708397,0.0,0.10037396103143692,0.09988406300544739,0.09988406300544739,0.222815603017807,-0.21888799965381622,6.538684177437304e-11,0.0,0.0,3.9926679134368896,3.9926679134368896,0.94923996925354,0.94923996925354,0.7910226583480835,0.0,0.0,0.0,0.0,1.0,0.0,1.0,1.0,1.4998885490058456e-05,1.0,0.94923996925354,0.0,0.94923996925354,0.9650665521621704,0.445150762796402,0.1467665731906891,0.019763343036174774,1.0,1.9676401615142822,2.0426743030548096,2.03547739982605,0.0,6.0,0.0,0.0,0.0,0.0,0.0,0.0,,,,,,,,,,,,,,,,,,,,,,0.001
9,2860,train,0.12876690924167633,0.10713903605937958,0.10813935101032257,0.0,0.0,0.0,0.0,0.0,0.0,0.0,0.0,0.0,0.0,0.0,0.0,0.0,0.0,0.0,0.0,0.0,0.0,0.0,0.0,0.0,0.0,0.0,0.0,1.0,0.04476345703005791,0.04476345703005791,0.04492618516087532,0.0,0.017473123967647552,0.4456824064254761,1.0,0.0,1.0,0.0,0.0,0.0458860918879509,0.0,0.0,0.0,0.0,1.0,0.0,1.0,1.0,1.4998885490058456e-05,0.0,0.0,0.0,0.0,0.0,0.0,0.0,0.0,1.0,0.0,0.0010470093693584204,0.3185378611087799,0.1877974271774292,0.011669941246509552,0.0,0.10813935101032257,0.10713903605937958,0.10713903605937958,0.20135097205638885,-0.19894541800022125,4.2021447432816217e-10,0.0,0.0,4.101264476776123,4.101264476776123,0.9804893136024475,0.9804893136024475,0.726224422454834,0.0,0.0,0.0,0.0,1.0,0.0,1.0,1.0,1.4998885490058456e-05,1.0,0.9804893136024475,0.0,0.9804893136024475,0.9308475255966187,0.4456824064254761,0.14508332312107086,0.019044043496251106,1.0,1.9046292304992676,2.0142152309417725,1.9940236806869507,0.0,6.0,0.0,0.0,0.0,0.0,0.0,0.0,,,,,,,,,,,,,,,,,,,,,,0.001
9,2880,train,0.12068186700344086,0.10051547735929489,0.10083194822072983,0.0,0.0,0.0,0.0,0.0,0.0,0.0,0.0,0.0,0.0,0.0,0.0,0.0,0.0,0.0,0.0,0.0,0.0,0.0,0.0,0.0,0.0,0.0,0.0,1.0,0.04813327267765999,0.04813327640295029,0.048373639583587646,0.0,0.017864016816020012,0.4470997750759125,1.0,0.0,1.0,0.0,0.0,0.06305067241191864,0.0,0.0,0.0,0.0,1.0,0.0,1.0,1.0,1.4998885490058456e-05,0.0,0.0,0.0,0.0,0.0,0.0,0.0,0.0,1.0,0.0,0.0011600879952311516,0.3265361487865448,0.18463505804538727,0.010525470599532127,0.0,0.10083194822072983,0.10051547735929489,0.10051547735929489,0.20113863050937653,-0.19758982956409454,5.020610593930996e-10,0.0,0.0,4.112492084503174,4.112492084503174,0.9739331603050232,0.9739331603050232,0.7500877380371094,0.0,0.0,0.0,0.0,1.0,0.0,1.0,1.0,1.4998885490058456e-05,1.0,0.9739331603050232,0.0,0.9739331603050232,0.9400594830513,0.4470997750759125,0.14709340035915375,0.019145408645272255,1.0,2.192969799041748,2.081847906112671,2.0725438594818115,0.0,6.0,0.0,0.0,0.0,0.0,0.0,0.0,,,,,,,,,,,,,,,,,,,,,,0.001
9,2900,train,0.12982428073883057,0.10814790427684784,0.10838187485933304,0.0,0.0,0.0,0.0,0.0,0.0,0.0,0.0,0.0,0.0,0.0,0.0,0.0,0.0,0.0,0.0,0.0,0.0,0.0,0.0,0.0,0.0,0.0,0.0,1.0,0.0397971011698246,0.0397971011698246,0.04001525044441223,0.0,0.01743871346116066,0.4480028748512268,1.0,0.0,1.0,0.0,0.0,0.058993108570575714,0.0,0.0,0.0,0.0,1.0,0.0,1.0,1.0,1.4998885490058456e-05,0.0,0.0,0.0,0.0,0.0,0.0,0.0,0.0,1.0,0.0,0.00038484594551846385,0.3223637342453003,0.16539618372917175,0.011602926068007946,0.0,0.10838187485933304,0.10814790427684784,0.10814790427684784,0.20756959915161133,-0.2066078633069992,-3.057378239468278e-10,0.0,0.0,4.255251884460449,4.255251884460449,0.8679574728012085,0.8679574728012085,0.8049458265304565,0.0,0.0,0.0,0.0,1.0,0.0,1.0,1.0,1.4998885490058456e-05,1.0,0.8679574728012085,0.0,0.8679574728012085,0.9069236516952515,0.4480028748512268,0.1452511101961136,0.01881023682653904,1.0,1.9687749147415161,1.9787429571151733,1.973936915397644,0.0,6.0,0.0,0.0,0.0,0.0,0.0,0.0,,,,,,,,,,,,,,,,,,,,,,0.001
9,2920,train,0.12198489904403687,0.10162194818258286,0.10181476175785065,0.0,0.0,0.0,0.0,0.0,0.0,0.0,0.0,0.0,0.0,0.0,0.0,0.0,0.0,0.0,0.0,0.0,0.0,0.0,0.0,0.0,0.0,0.0,0.0,1.0,0.041664257645606995,0.041664257645606995,0.0418311282992363,0.0,0.01891811564564705,0.44609376788139343,1.0,0.0,1.0,0.0,0.0,0.06764667481184006,0.0,0.0,0.0,0.0,1.0,0.0,1.0,1.0,1.4998885490058456e-05,0.0,0.0,0.0,0.0,0.0,0.0,0.0,0.0,1.0,0.0,0.0007940144860185683,0.29746830463409424,0.1740122139453888,0.011425338685512543,0.0,0.10181476175785065,0.10162194818258286,0.10162194818258286,0.20049236714839935,-0.19781494140625,-2.117781471022706e-11,0.0,0.0,4.306068420410156,4.306068420410156,0.9193558692932129,0.9193558692932129,0.7642761468887329,0.0,0.0,0.0,0.0,1.0,0.0,1.0,1.0,1.4998885490058456e-05,1.0,0.9193558692932129,0.0,0.9193558692932129,0.8848883509635925,0.44609376788139343,0.1460786610841751,0.01850149594247341,1.0,1.9512031078338623,1.9961497783660889,2.0053136348724365,0.0,6.0,0.0,0.0,0.0,0.0,0.0,0.0,,,,,,,,,,,,,,,,,,,,,,0.001
9,2940,train,0.13071486353874207,0.10901329666376114,0.10850786417722702,0.0,0.0,0.0,0.0,0.0,0.0,0.0,0.0,0.0,0.0,0.0,0.0,0.0,0.0,0.0,0.0,0.0,0.0,0.0,0.0,0.0,0.0,0.0,0.0,1.0,0.05111575499176979,0.05111575499176979,0.05139549449086189,0.0,0.01837063953280449,0.44859814643859863,1.0,0.0,1.0,0.0,0.0,0.04858656972646713,0.0,0.0,0.0,0.0,1.0,0.0,1.0,1.0,1.4998885490058456e-05,0.0,0.0,0.0,0.0,0.0,0.0,0.0,0.0,1.0,0.0,-0.00029393198201432824,0.33019155263900757,0.20251962542533875,0.009353935718536377,0.0,0.10850786417722702,0.10901329666376114,0.10901329666376114,0.21489928662776947,-0.21346987783908844,4.809970199914915e-10,0.0,0.0,4.345046043395996,4.345046043395996,1.046044945716858,1.046044945716858,0.8636515140533447,0.0,0.0,0.0,0.0,1.0,0.0,1.0,1.0,1.4998885490058456e-05,1.0,1.0460448265075684,0.0,1.046044945716858,1.0123273134231567,0.44859814643859863,0.14817696809768677,0.018806014209985733,1.0,2.178363800048828,2.056759834289551,1.9969390630722046,0.0,6.0,0.0,0.0,0.0,0.0,0.0,0.0,,,,,,,,,,,,,,,,,,,,,,0.001
9,2960,train,0.12365798652172089,0.10302314162254333,0.10317420214414597,0.0,0.0,0.0,0.0,0.0,0.0,0.0,0.0,0.0,0.0,0.0,0.0,0.0,0.0,0.0,0.0,0.0,0.0,0.0,0.0,0.0,0.0,0.0,0.0,1.0,0.05454700067639351,0.05454700067639351,0.05475885421037674,0.0,0.018176905810832977,0.44558486342430115,1.0,0.0,1.0,0.0,0.0,0.05644143000245094,0.0,0.0,0.0,0.0,1.0,0.0,1.0,1.0,1.4998885490058456e-05,0.0,0.0,0.0,0.0,0.0,0.0,0.0,0.0,1.0,0.0,0.0009779214160516858,0.3325589895248413,0.20063388347625732,0.009934205561876297,0.0,0.10317420214414597,0.10302314162254333,0.10302314162254333,0.23165307939052582,-0.226397305727005,-2.565905543594482e-10,0.0,0.0,3.993938684463501,3.993938684463501,1.048905372619629,1.048905372619629,0.8287195563316345,0.0,0.0,0.0,0.0,1.0,0.0,1.0,1.0,1.4998885490058456e-05,1.0,1.048905372619629,0.0,1.048905372619629,1.019445776939392,0.44558486342430115,0.14923463761806488,0.01980855129659176,1.0,1.977064847946167,2.069849729537964,2.025571346282959,0.0,6.0,0.0,0.0,0.0,0.0,0.0,0.0,,,,,,,,,,,,,,,,,,,,,,0.001
9,2980,train,0.12731976807117462,0.1060844287276268,0.1061767116189003,0.0,0.0,0.0,0.0,0.0,0.0,0.0,0.0,0.0,0.0,0.0,0.0,0.0,0.0,0.0,0.0,0.0,0.0,0.0,0.0,0.0,0.0,0.0,0.0,1.0,0.05889175459742546,0.05889175459742546,0.059106942266225815,0.0,0.017851902171969414,0.4477308392524719,1.0,0.0,1.0,0.0,0.0,0.06422489881515503,0.0,0.0,0.0,0.0,1.0,0.0,1.0,1.0,1.4998885490058456e-05,0.0,0.0,0.0,0.0,0.0,0.0,0.0,0.0,1.0,0.0,0.0005581689765676856,0.35747626423835754,0.188900426030159,0.009936001151800156,0.0,0.1061767116189003,0.1060844287276268,0.1060844287276268,0.2213185727596283,-0.2176181674003601,-9.023753966275194e-10,0.0,0.0,4.186434745788574,4.186435222625732,0.9992920160293579,0.9992920160293579,0.8418527245521545,0.0,0.0,0.0,0.0,1.0,0.0,1.0,1.0,1.4998885490058456e-05,1.0,0.9992920160293579,0.0,0.9992920160293579,1.0530771017074585,0.4477308392524719,0.15041393041610718,0.01980261318385601,1.0,2.1368653774261475,2.0498945713043213,2.1063899993896484,0.0,6.0,0.0,0.0,0.0,0.0,0.0,0.0,,,,,,,,,,,,,,,,,,,,,,0.001
9,3000,train,0.12239378690719604,0.10187358409166336,0.10260101407766342,0.0,0.0,0.0,0.0,0.0,0.0,0.0,0.0,0.0,0.0,0.0,0.0,0.0,0.0,0.0,0.0,0.0,0.0,0.0,0.0,0.0,0.0,0.0,0.0,1.0,0.054658643901348114,0.054658643901348114,0.05487265810370445,0.0,0.018012316897511482,0.4471977949142456,1.0,0.0,1.0,0.0,0.0,0.06478487700223923,0.0,0.0,0.0,0.0,1.0,0.0,1.0,1.0,1.4998885490058456e-05,0.0,0.0,0.0,0.0,0.0,0.0,0.0,0.0,1.0,0.0,0.0021178252063691616,0.355164110660553,0.18682998418807983,0.009942278265953064,0.0,0.10260101407766342,0.10187358409166336,0.10187358409166336,0.17528992891311646,-0.16780130565166473,1.4659438940523017e-10,0.0,0.0,4.090327262878418,4.090327262878418,0.9672228693962097,0.9672228693962097,0.6305582523345947,0.0,0.0,0.0,0.0,1.0,0.0,1.0,1.0,1.4998885490058456e-05,1.0,0.9672228693962097,0.0,0.9672228693962097,1.0283747911453247,0.4471977949142456,0.15034064650535583,0.019207974895834923,1.0,2.1056885719299316,1.9839961528778076,1.9929550886154175,0.0,6.0,0.0,0.0,0.0,0.0,0.0,0.0,,,,,,,,,,,,,,,,,,,,,,0.001
9,3006,train_epoch,0.12834524309742237,0.10691841287973398,0.1071341498615499,0.0,0.0,0.0,0.0,0.0,0.0,0.0,0.0,0.0,0.0,0.0,0.0,0.0,0.0,0.0,0.0,0.0,0.0,0.0,0.0,0.0,0.0,0.0,0.0,1.0,0.050813074965409176,0.050813074865027105,0.05102623719164354,0.0,0.01829171480755963,0.44664362706467065,1.0,0.0,1.0,0.0,0.0,0.058481784760505855,0.0,0.0,0.0,0.0,1.0,0.0,1.0,1.0,1.4998885490058456e-05,0.0,0.0,0.0,0.0,0.0,0.0,0.0,0.0,1.0,0.0,0.0007893136278702415,0.31826934093486764,0.18619400178065557,0.011089662806560359,0.0,0.1071341498615499,0.10691841287973398,0.10691841287973398,0.21086495481208414,-0.20788046356268272,-3.518728943766728e-14,0.0,0.0,4.087340594051841,4.087340591196528,0.9659717259649745,0.9659717259649745,0.7770163147392387,0.0,0.0,0.0,0.0,1.0,0.0,1.0,1.0,1.4998885490058456e-05,1.0,0.9659716999102496,0.0,0.9659717259649745,0.9515421219214708,0.44664362706467065,0.14669063241181973,0.019478892366552425,1.0,2.0554391656093256,2.0564044075097865,2.0555992672543324,0.0,6.0,0.0,0.0,0.0,0.0,0.0,0.0,,,,,,,,,,,,,,,,,,,,,,0.001
9,3006,val,,,,,,,,,,,,,,,,,,,,,,,,,,,,,,,,,,,,,,,,,,,,,,,,,,,,,,,,,,,,,,,,,,,,,,,,,,,,,,,,,,,,,,,,,,,,,,,,,,,,,,,,,,,71.86456632614136,13226.64439174107,115.00714930708034,129.94502445629664,38.97495472431183,14.900609769991465,24.177540129252083,10.11240489568029,6.950459433453424,17.329860921416962,27.661028589406556,13.541726461478643,8.215234518051147,145.01399169649397,174.87730165780349,283.5795920916966,81.67822108949933,71.86456632614136,115.00714930708034,129.94502445629664,38.97495472431183,0.001
9,3006,test_select,,,,,,,,,,,,,,,,,,,,,,,,,,,,,,,,,,,,,,,,,,,,,,,,,,,,,,,,,,,,,,,,,,,,,,,,,,,,,,,,,,,,,,,,,,,,,,,,,,,,,,,,,,,76.39220680509295,14684.00486101423,121.17757573501059,117.32712008271899,42.26800651209695,17.37727321897234,27.478488204624902,13.183696414743151,8.174029018197741,21.29217232125146,33.9238307775892,14.923349095242363,10.05891740322113,152.38493135997228,184.1252314018843,255.06595087051392,87.7632395199367,76.39220680509295,121.17757573501059,117.32712008271899,42.26800651209695,0.001
10,3020,train,0.12383952736854553,0.10320091992616653,0.10319303721189499,0.0,0.0,0.0,0.0,0.0,0.0,0.0,0.0,0.0,0.0,0.0,0.0,0.0,0.0,0.0,0.0,0.0,0.0,0.0,0.0,0.0,0.0,0.0,0.0,1.0,0.04870791360735893,0.048707909882068634,0.04888417571783066,0.0,0.01945800520479679,0.44606906175613403,1.0,0.0,1.0,0.0,0.0,0.06925027072429657,0.0,0.0,0.0,0.0,1.0,0.0,1.0,1.0,1.4998885490058456e-05,0.0,0.0,0.0,0.0,0.0,0.0,0.0,0.0,1.0,0.0,-0.00016626561409793794,0.3061237633228302,0.17776983976364136,0.009723098948597908,0.0,0.10319303721189499,0.10320091992616653,0.10320091992616653,0.2072635442018509,-0.20645545423030853,-1.8677845381454006e-10,0.0,0.0,4.1773576736450195,4.1773576736450195,0.9641308188438416,0.9641308188438416,0.752824068069458,0.0,0.0,0.0,0.0,1.0,0.0,1.0,1.0,1.4998885490058456e-05,1.0,0.9641308188438416,0.0,0.9641308188438416,0.9975097179412842,0.44606906175613403,0.153485968708992,0.019935060292482376,1.0,2.128223419189453,2.0523762702941895,2.0844526290893555,0.0,6.0,0.0,0.0,0.0,0.0,0.0,0.0,,,,,,,,,,,,,,,,,,,,,,0.001
10,3040,train,0.13503529131412506,0.11249040812253952,0.11272444576025009,0.0,0.0,0.0,0.0,0.0,0.0,0.0,0.0,0.0,0.0,0.0,0.0,0.0,0.0,0.0,0.0,0.0,0.0,0.0,0.0,0.0,0.0,0.0,0.0,1.0,0.05177983641624451,0.05177983641624451,0.051977258175611496,0.0,0.017524514347314835,0.44825202226638794,1.0,0.0,1.0,0.0,0.0,0.061182741075754166,0.0,0.0,0.0,0.0,1.0,0.0,1.0,1.0,1.4998885490058456e-05,0.0,0.0,0.0,0.0,0.0,0.0,0.0,0.0,1.0,0.0,0.000460477895103395,0.3102983832359314,0.18067191541194916,0.01232084073126316,0.0,0.11272444576025009,0.11249040812253952,0.11249040812253952,0.2103714644908905,-0.20524117350578308,1.9501044876135687e-11,0.0,0.0,4.2460150718688965,4.2460150718688965,0.9358809590339661,0.9358809590339661,0.8125371932983398,0.0,0.0,0.0,0.0,1.0,0.0,1.0,1.0,1.4998885490058456e-05,1.0,0.9358809590339661,0.0,0.9358809590339661,0.9793473482131958,0.44825202226638794,0.1532253921031952,0.019986310973763466,1.0,2.059776782989502,2.0457534790039062,2.102083444595337,0.0,6.0,0.0,0.0,0.0,0.0,0.0,0.0,,,,,,,,,,,,,,,,,,,,,,0.001
10,3060,train,0.11576014757156372,0.09650455415248871,0.09627795964479446,0.0,0.0,0.0,0.0,0.0,0.0,0.0,0.0,0.0,0.0,0.0,0.0,0.0,0.0,0.0,0.0,0.0,0.0,0.0,0.0,0.0,0.0,0.0,0.0,1.0,0.04507385939359665,0.04507385939359665,0.04529936984181404,0.0,0.01751445047557354,0.44789832830429077,1.0,0.0,1.0,0.0,0.0,0.07227353751659393,0.0,0.0,0.0,0.0,1.0,0.0,1.0,1.0,1.4998885490058456e-05,0.0,0.0,0.0,0.0,0.0,0.0,0.0,0.0,1.0,0.0,-9.772174234967679e-05,0.30640527606010437,0.17898768186569214,0.010771811939775944,0.0,0.09627795964479446,0.09650455415248871,0.09650455415248871,0.19808772206306458,-0.19351691007614136,8.787376382102252e-11,0.0,0.0,4.272687911987305,4.272687911987305,0.9537654519081116,0.9537654519081116,0.7638932466506958,0.0,0.0,0.0,0.0,1.0,0.0,1.0,1.0,1.4998885490058456e-05,1.0,0.9537654519081116,0.0,0.9537654519081116,0.9506534337997437,0.44789832830429077,0.15144996345043182,0.019366372376680374,1.0,2.054302215576172,2.0085487365722656,2.058384418487549,0.0,6.0,0.0,0.0,0.0,0.0,0.0,0.0,,,,,,,,,,,,,,,,,,,,,,0.001
10,3080,train,0.12456068396568298,0.10380569100379944,0.10377494990825653,0.0,0.0,0.0,0.0,0.0,0.0,0.0,0.0,0.0,0.0,0.0,0.0,0.0,0.0,0.0,0.0,0.0,0.0,0.0,0.0,0.0,0.0,0.0,0.0,1.0,0.0536109134554863,0.053610909730196,0.05381888151168823,0.0,0.019038178026676178,0.44631558656692505,1.0,0.0,1.0,0.0,0.0,0.0817476287484169,0.0,0.0,0.0,0.0,1.0,0.0,1.0,1.0,1.4998885490058456e-05,0.0,0.0,0.0,0.0,0.0,0.0,0.0,0.0,1.0,0.0,0.0008743549115024507,0.2963479459285736,0.18837012350559235,0.010028261691331863,0.0,0.10377494990825653,0.10380569100379944,0.10380569100379944,0.2220066785812378,-0.22068023681640625,-7.450531511188352e-12,0.0,0.0,4.114650726318359,4.114651203155518,0.9774799942970276,0.9774799942970276,0.8335833549499512,0.0,0.0,0.0,0.0,1.0,0.0,1.0,1.0,1.4998885490058456e-05,1.0,0.9774799346923828,0.0,0.9774799942970276,0.9923046827316284,0.44631558656692505,0.15558591485023499,0.020155934616923332,1.0,1.9862878322601318,2.0298471450805664,2.033337116241455,0.0,6.0,0.0,0.0,0.0,0.0,0.0,0.0,,,,,,,,,,,,,,,,,,,,,,0.001
10,3100,train,0.13148526847362518,0.10956095159053802,0.10962158441543579,0.0,0.0,0.0,0.0,0.0,0.0,0.0,0.0,0.0,0.0,0.0,0.0,0.0,0.0,0.0,0.0,0.0,0.0,0.0,0.0,0.0,0.0,0.0,0.0,1.0,0.06155698001384735,0.06155698001384735,0.06169936805963516,0.0,0.017973879352211952,0.44716471433639526,1.0,0.0,1.0,0.0,0.0,0.05190207064151764,0.0,0.0,0.0,0.0,1.0,0.0,1.0,1.0,1.4998885490058456e-05,0.0,0.0,0.0,0.0,0.0,0.0,0.0,0.0,1.0,0.0,0.0015063867904245853,0.3398676812648773,0.19487613439559937,0.009948015213012695,0.0,0.10962158441543579,0.10956095159053802,0.10956095159053802,0.22183780372142792,-0.22086088359355927,-1.5966952759960407e-10,0.0,0.0,4.176600456237793,4.176600456237793,1.004093885421753,1.004093885421753,0.8354182839393616,0.0,0.0,0.0,0.0,1.0,0.0,1.0,1.0,1.4998885490058456e-05,1.0,1.004093885421753,0.0,1.004093885421753,1.0230152606964111,0.44716471433639526,0.15291862189769745,0.020194120705127716,1.0,2.137755870819092,2.0262131690979004,2.0711207389831543,0.0,6.0,0.0,0.0,0.0,0.0,0.0,0.0,,,,,,,,,,,,,,,,,,,,,,0.001
10,3120,train,0.13158845901489258,0.10960894078016281,0.10989758372306824,0.0,0.0,0.0,0.0,0.0,0.0,0.0,0.0,0.0,0.0,0.0,0.0,0.0,0.0,0.0,0.0,0.0,0.0,0.0,0.0,0.0,0.0,0.0,0.0,1.0,0.06261149793863297,0.06261150538921356,0.06276589632034302,0.0,0.017226096242666245,0.447375625371933,1.0,0.0,1.0,0.0,0.0,0.06416308879852295,0.0,0.0,0.0,0.0,1.0,0.0,1.0,1.0,1.4998885490058456e-05,0.0,0.0,0.0,0.0,0.0,0.0,0.0,0.0,1.0,0.0,0.00034584931563585997,0.3348632752895355,0.20073240995407104,0.00949243362993002,0.0,0.10989758372306824,0.10960894078016281,0.10960894078016281,0.23273414373397827,-0.2272261083126068,3.684019478367162e-10,0.0,0.0,4.28821325302124,4.28821325302124,1.0227282047271729,1.0227282047271729,0.9111354947090149,0.0,0.0,0.0,0.0,1.0,0.0,1.0,1.0,1.4998885490058456e-05,1.0,1.0227280855178833,0.0,1.0227282047271729,1.0283682346343994,0.447375625371933,0.1544434130191803,0.02023288793861866,1.0,2.119631052017212,2.062880516052246,2.047919988632202,0.0,6.0,0.0,0.0,0.0,0.0,0.0,0.0,,,,,,,,,,,,,,,,,,,,,,0.001
10,3140,train,0.12704463303089142,0.10591927170753479,0.10562681406736374,0.0,0.0,0.0,0.0,0.0,0.0,0.0,0.0,0.0,0.0,0.0,0.0,0.0,0.0,0.0,0.0,0.0,0.0,0.0,0.0,0.0,0.0,0.0,0.0,1.0,0.05294378846883774,0.052943792194128036,0.05311260372400284,0.0,0.01879034750163555,0.4463178217411041,1.0,0.0,1.0,0.0,0.0,0.061347417533397675,0.0,0.0,0.0,0.0,1.0,0.0,1.0,1.0,1.4998885490058456e-05,0.0,0.0,0.0,0.0,0.0,0.0,0.0,0.0,1.0,0.0,0.00047889366396702826,0.31083041429519653,0.18639713525772095,0.010030336678028107,0.0,0.10562681406736374,0.10591927170753479,0.10591927170753479,0.2147604376077652,-0.2134847342967987,2.3101354162946564e-10,0.0,0.0,4.164506912231445,4.164506912231445,0.9928785562515259,0.9928785562515259,0.8027611374855042,0.0,0.0,0.0,0.0,1.0,0.0,1.0,1.0,1.4998885490058456e-05,1.0,0.9928784966468811,0.0,0.9928785562515259,0.9859421253204346,0.4463178217411041,0.15961988270282745,0.020609837025403976,1.0,2.0838146209716797,2.077862501144409,2.120950698852539,0.0,6.0,0.0,0.0,0.0,0.0,0.0,0.0,,,,,,,,,,,,,,,,,,,,,,0.001
10,3160,train,0.12496959418058395,0.10411684215068817,0.10426376760005951,0.0,0.0,0.0,0.0,0.0,0.0,0.0,0.0,0.0,0.0,0.0,0.0,0.0,0.0,0.0,0.0,0.0,0.0,0.0,0.0,0.0,0.0,0.0,0.0,1.0,0.054961901158094406,0.054961901158094406,0.05515412241220474,0.0,0.019305815920233727,0.44711923599243164,1.0,0.0,1.0,0.0,0.0,0.058829113841056824,0.0,0.0,0.0,0.0,1.0,0.0,1.0,1.0,1.4998885490058456e-05,0.0,0.0,0.0,0.0,0.0,0.0,0.0,0.0,1.0,0.0,0.0009144754731096327,0.32532453536987305,0.19293417036533356,0.009374101646244526,0.0,0.10426376760005951,0.10411684215068817,0.10411684215068817,0.22505266964435577,-0.22461305558681488,-4.492272873135583e-11,0.0,0.0,4.260120391845703,4.260120391845703,1.0260854959487915,1.0260854959487915,0.8683184385299683,0.0,0.0,0.0,0.0,1.0,0.0,1.0,1.0,1.4998885490058456e-05,1.0,1.0260854959487915,0.0,1.0260854959487915,1.022491216659546,0.44711923599243164,0.15913820266723633,0.02008666656911373,1.0,2.031479597091675,2.0003039836883545,2.039811134338379,0.0,6.0,0.0,0.0,0.0,0.0,0.0,0.0,,,,,,,,,,,,,,,,,,,,,,0.001
10,3180,train,0.12226127088069916,0.10192831605672836,0.10166478157043457,0.0,0.0,0.0,0.0,0.0,0.0,0.0,0.0,0.0,0.0,0.0,0.0,0.0,0.0,0.0,0.0,0.0,0.0,0.0,0.0,0.0,0.0,0.0,0.0,1.0,0.06120436266064644,0.06120436266064644,0.06138654425740242,0.0,0.0184236578643322,0.4468544125556946,1.0,0.0,1.0,0.0,0.0,0.05764513090252876,0.0,0.0,0.0,0.0,1.0,0.0,1.0,1.0,1.4998885490058456e-05,0.0,0.0,0.0,0.0,0.0,0.0,0.0,0.0,1.0,0.0,0.0005706408410333097,0.3304688334465027,0.20359426736831665,0.010296463966369629,0.0,0.10166478157043457,0.10192831605672836,0.10192831605672836,0.245890811085701,-0.24537059664726257,2.4327251324507415e-10,0.0,0.0,4.247711658477783,4.247711658477783,1.066215991973877,1.066215991973877,0.9491633772850037,0.0,0.0,0.0,0.0,1.0,0.0,1.0,1.0,1.4998885490058456e-05,1.0,1.066215991973877,0.0,1.066215991973877,1.0507581233978271,0.4468544125556946,0.16212725639343262,0.020464278757572174,1.0,2.0423054695129395,2.058640241622925,2.050682306289673,0.0,6.0,0.0,0.0,0.0,0.0,0.0,0.0,,,,,,,,,,,,,,,,,,,,,,0.001
10,3200,train,0.1281246691942215,0.10674964636564255,0.10687508434057236,0.0,0.0,0.0,0.0,0.0,0.0,0.0,0.0,0.0,0.0,0.0,0.0,0.0,0.0,0.0,0.0,0.0,0.0,0.0,0.0,0.0,0.0,0.0,0.0,1.0,0.05679706111550331,0.05679706111550331,0.05698464810848236,0.0,0.018277795985341072,0.44707268476486206,1.0,0.0,1.0,0.0,0.0,0.059565767645835876,0.0,0.0,0.0,0.0,1.0,0.0,1.0,1.0,1.4998885490058456e-05,0.0,0.0,0.0,0.0,0.0,0.0,0.0,0.0,1.0,0.0,0.00016264394798781723,0.30892670154571533,0.19063015282154083,0.009855440817773342,0.0,0.10687508434057236,0.10674964636564255,0.10674964636564255,0.22732320427894592,-0.22287917137145996,-1.302178642692553e-10,0.0,0.0,4.190536975860596,4.1905364990234375,0.971872866153717,0.971872866153717,0.8832883238792419,0.0,0.0,0.0,0.0,1.0,0.0,1.0,1.0,1.4998885490058456e-05,1.0,0.971872866153717,0.0,0.971872866153717,0.980229914188385,0.44707268476486206,0.15965412557125092,0.01991390436887741,1.0,1.9347981214523315,1.988856554031372,2.0597121715545654,0.0,6.0,0.0,0.0,0.0,0.0,0.0,0.0,,,,,,,,,,,,,,,,,,,,,,0.001
10,3220,train,0.12700015306472778,0.10575570166110992,0.1062222421169281,0.0,0.0,0.0,0.0,0.0,0.0,0.0,0.0,0.0,0.0,0.0,0.0,0.0,0.0,0.0,0.0,0.0,0.0,0.0,0.0,0.0,0.0,0.0,0.0,1.0,0.04362155497074127,0.04362155869603157,0.04371734708547592,0.0,0.01888132467865944,0.4453664720058441,1.0,0.0,1.0,0.0,0.0,0.05575581640005112,0.0,0.0,0.0,0.0,1.0,0.0,1.0,1.0,1.4998885490058456e-05,0.0,0.0,0.0,0.0,0.0,0.0,0.0,0.0,1.0,0.0,0.0015496555715799332,0.28560882806777954,0.1774003952741623,0.010689805261790752,0.0,0.1062222421169281,0.10575570166110992,0.10575570166110992,0.2169189453125,-0.21301023662090302,2.2739989058440102e-10,0.0,0.0,4.1953253746032715,4.1953253746032715,0.9606109857559204,0.9606109857559204,0.8126329183578491,0.0,0.0,0.0,0.0,1.0,0.0,1.0,1.0,1.4998885490058456e-05,1.0,0.9606109857559204,0.0,0.9606109857559204,0.9272933006286621,0.4453664720058441,0.15834549069404602,0.018900666385889053,1.0,1.865510106086731,1.9677996635437012,2.046961545944214,0.0,6.0,0.0,0.0,0.0,0.0,0.0,0.0,,,,,,,,,,,,,,,,,,,,,,0.001
10,3240,train,0.11952762305736542,0.09965788573026657,0.09934868663549423,0.0,0.0,0.0,0.0,0.0,0.0,0.0,0.0,0.0,0.0,0.0,0.0,0.0,0.0,0.0,0.0,0.0,0.0,0.0,0.0,0.0,0.0,0.0,0.0,1.0,0.05046796798706055,0.05046796798706055,0.05072201415896416,0.0,0.01907346025109291,0.4474216401576996,1.0,0.0,1.0,0.0,0.0,0.07631614804267883,0.0,0.0,0.0,0.0,1.0,0.0,1.0,1.0,1.4998885490058456e-05,0.0,0.0,0.0,0.0,0.0,0.0,0.0,0.0,1.0,0.0,-3.1998254144127714e-06,0.29450759291648865,0.19811509549617767,0.009911978617310524,0.0,0.09934868663549423,0.09965788573026657,0.09965788573026657,0.22356028854846954,-0.22346779704093933,-1.3370828055858652e-10,0.0,0.0,4.272047996520996,4.272047996520996,1.0311776399612427,1.0311776399612427,0.8523448705673218,0.0,0.0,0.0,0.0,1.0,0.0,1.0,1.0,1.4998885490058456e-05,1.0,1.0311775207519531,0.0,1.0311776399612427,1.0025405883789062,0.4474216401576996,0.16242225468158722,0.019192788749933243,1.0,2.140324354171753,2.0559768676757812,1.9999256134033203,0.0,6.0,0.0,0.0,0.0,0.0,0.0,0.0,,,,,,,,,,,,,,,,,,,,,,0.001
10,3260,train,0.11937879770994186,0.09942110627889633,0.09978844225406647,0.0,0.0,0.0,0.0,0.0,0.0,0.0,0.0,0.0,0.0,0.0,0.0,0.0,0.0,0.0,0.0,0.0,0.0,0.0,0.0,0.0,0.0,0.0,0.0,1.0,0.06969872862100601,0.06969872862100601,0.06979138404130936,0.0,0.01786041259765625,0.448261559009552,1.0,0.0,1.0,0.0,0.0,0.0694013312458992,0.0,0.0,0.0,0.0,1.0,0.0,1.0,1.0,1.4998885490058456e-05,0.0,0.0,0.0,0.0,0.0,0.0,0.0,0.0,1.0,0.0,0.0002596191188786179,0.31591445207595825,0.19389542937278748,0.010766039602458477,0.0,0.09978844225406647,0.09942110627889633,0.09942110627889633,0.22014564275741577,-0.21943189203739166,6.734120899798413e-11,0.0,0.0,4.333206653594971,4.333206653594971,0.9848901629447937,0.9848901629447937,0.8499202132225037,0.0,0.0,0.0,0.0,1.0,0.0,1.0,1.0,1.4998885490058456e-05,1.0,0.9848900437355042,0.0,0.9848901629447937,1.0494922399520874,0.448261559009552,0.1629723608493805,0.019706979393959045,1.0,2.106253147125244,2.012359142303467,2.0346438884735107,0.0,6.0,0.0,0.0,0.0,0.0,0.0,0.0,,,,,,,,,,,,,,,,,,,,,,0.001
10,3280,train,0.12026579678058624,0.10020553320646286,0.1003013327717781,0.0,0.0,0.0,0.0,0.0,0.0,0.0,0.0,0.0,0.0,0.0,0.0,0.0,0.0,0.0,0.0,0.0,0.0,0.0,0.0,0.0,0.0,0.0,0.0,1.0,0.06525609642267227,0.06525609642267227,0.06541978567838669,0.0,0.017977790907025337,0.45153453946113586,1.0,0.0,1.0,0.0,0.0,0.05651836842298508,0.0,0.0,0.0,0.0,1.0,0.0,1.0,1.0,1.4998885490058456e-05,0.0,0.0,0.0,0.0,0.0,0.0,0.0,0.0,1.0,0.0,0.0007589735905639827,0.30904653668403625,0.20498758554458618,0.009211155585944653,0.0,0.1003013327717781,0.10020553320646286,0.10020553320646286,0.21892888844013214,-0.21796731650829315,-1.6348307430025244e-10,0.0,0.0,4.355788230895996,4.355788230895996,1.0533490180969238,1.0533490180969238,0.8394353985786438,0.0,0.0,0.0,0.0,1.0,0.0,1.0,1.0,1.4998885490058456e-05,1.0,1.0533490180969238,0.0,1.0533490180969238,1.0399556159973145,0.45153453946113586,0.16434311866760254,0.019781796261668205,1.0,2.0579190254211426,2.031244993209839,2.0849554538726807,0.0,6.0,0.0,0.0,0.0,0.0,0.0,0.0,,,,,,,,,,,,,,,,,,,,,,0.001
10,3300,train,0.13040466606616974,0.1085275262594223,0.10938568413257599,0.0,0.0,0.0,0.0,0.0,0.0,0.0,0.0,0.0,0.0,0.0,0.0,0.0,0.0,0.0,0.0,0.0,0.0,0.0,0.0,0.0,0.0,0.0,0.0,1.0,0.055334363132715225,0.055334366858005524,0.05545460060238838,0.0,0.018643975257873535,0.4466099739074707,1.0,0.0,1.0,0.0,0.0,0.048618871718645096,0.0,0.0,0.0,0.0,1.0,0.0,1.0,1.0,1.4998885490058456e-05,0.0,0.0,0.0,0.0,0.0,0.0,0.0,0.0,1.0,0.0,0.0015810056356713176,0.31094738841056824,0.1879669576883316,0.009585665538907051,0.0,0.10938568413257599,0.1085275262594223,0.1085275262594223,0.19742171466350555,-0.192087784409523,-6.126982809995241e-10,0.0,0.0,4.275717258453369,4.275717258453369,0.9994405508041382,0.9994405508041382,0.7478823661804199,0.0,0.0,0.0,0.0,1.0,0.0,1.0,1.0,1.4998885490058456e-05,1.0,0.9994405508041382,0.0,0.9994405508041382,1.0006492137908936,0.4466099739074707,0.16253584623336792,0.019537290558218956,1.0,2.031078815460205,1.9568510055541992,2.000913619995117,0.0,6.0,0.0,0.0,0.0,0.0,0.0,0.0,,,,,,,,,,,,,,,,,,,,,,0.001
10,3320,train,0.117034912109375,0.09746364504098892,0.09785635024309158,0.0,0.0,0.0,0.0,0.0,0.0,0.0,0.0,0.0,0.0,0.0,0.0,0.0,0.0,0.0,0.0,0.0,0.0,0.0,0.0,0.0,0.0,0.0,0.0,1.0,0.050391942262649536,0.050391945987939835,0.05050434172153473,0.0,0.018229801207780838,0.44643527269363403,1.0,0.0,1.0,0.0,0.0,0.06960541009902954,0.0,0.0,0.0,0.0,1.0,0.0,1.0,1.0,1.4998885490058456e-05,0.0,0.0,0.0,0.0,0.0,0.0,0.0,0.0,1.0,0.0,0.000706804043147713,0.31778669357299805,0.18165335059165955,0.00940685160458088,0.0,0.09785635024309158,0.09746364504098892,0.09746364504098892,0.2018088400363922,-0.20024290680885315,-6.951623998663337e-11,0.0,0.0,4.078455924987793,4.078455924987793,0.9633619785308838,0.9633619785308838,0.7117106914520264,0.0,0.0,0.0,0.0,1.0,0.0,1.0,1.0,1.4998885490058456e-05,1.0,0.9633619785308838,0.0,0.9633619785308838,1.0439192056655884,0.44643527269363403,0.16220223903656006,0.019224409013986588,1.0,1.9481515884399414,1.9400686025619507,2.0096092224121094,0.0,6.0,0.0,0.0,0.0,0.0,0.0,0.0,,,,,,,,,,,,,,,,,,,,,,0.001
10,3340,train,0.12377316504716873,0.10311698168516159,0.1032809242606163,0.0,0.0,0.0,0.0,0.0,0.0,0.0,0.0,0.0,0.0,0.0,0.0,0.0,0.0,0.0,0.0,0.0,0.0,0.0,0.0,0.0,0.0,0.0,0.0,1.0,0.059766985476017,0.0597669817507267,0.05996330454945564,0.0,0.017932599410414696,0.44551873207092285,1.0,0.0,1.0,0.0,0.0,0.0827166810631752,0.0,0.0,0.0,0.0,1.0,0.0,1.0,1.0,1.4998885490058456e-05,0.0,0.0,0.0,0.0,0.0,0.0,0.0,0.0,1.0,0.0,0.0004908421542495489,0.3014504909515381,0.20039446651935577,0.008868436329066753,0.0,0.1032809242606163,0.10311698168516159,0.10311698168516159,0.22235585749149323,-0.22151996195316315,-5.726913387960053e-10,0.0,0.0,4.11406135559082,4.11406135559082,1.0399303436279297,1.0399303436279297,0.7954170107841492,0.0,0.0,0.0,0.0,1.0,0.0,1.0,1.0,1.4998885490058456e-05,1.0,1.0399303436279297,0.0,1.0399303436279297,1.0372587442398071,0.44551873207092285,0.1665593981742859,0.020141951739788055,1.0,2.079425811767578,2.021430015563965,2.0439677238464355,0.0,6.0,0.0,0.0,0.0,0.0,0.0,0.0,,,,,,,,,,,,,,,,,,,,,,0.001
10,3340,train_epoch,0.126976222245993,0.10578324018927392,0.10596490994898859,0.0,0.0,0.0,0.0,0.0,0.0,0.0,0.0,0.0,0.0,0.0,0.0,0.0,0.0,0.0,0.0,0.0,0.0,0.0,0.0,0.0,0.0,0.0,0.0,1.0,0.053645456588999954,0.05364545671168915,0.05382709710407043,0.0,0.018325442888824168,0.4464856700269048,1.0,0.0,1.0,0.0,0.0,0.06566927002040213,0.0,0.0,0.0,0.0,1.0,0.0,1.0,1.0,1.4998885490058456e-05,0.0,0.0,0.0,0.0,0.0,0.0,0.0,0.0,1.0,0.0,0.0007165754415505364,0.3125607568525269,0.19190107094135114,0.009995355474355514,0.0,0.10596490994898859,0.10578324018927392,0.10578324018927392,0.22425563437139204,-0.22199048820191514,8.501761258632496e-12,0.0,0.0,4.212517240804113,4.212517255080674,1.0079976864560636,1.0079976864560636,0.8504226714551092,0.0,0.0,0.0,0.0,1.0,0.0,1.0,1.0,1.4998885490058456e-05,1.0,1.0079976607582526,0.0,1.0079976864560636,0.9931301638751686,0.4464856700269048,0.1584342076125259,0.019843642683532423,1.0,2.0272321340566624,2.0252707686252935,2.025882342975297,0.0,6.0,0.0,0.0,0.0,0.0,0.0,0.0,,,,,,,,,,,,,,,,,,,,,,0.001
10,3340,val,,,,,,,,,,,,,,,,,,,,,,,,,,,,,,,,,,,,,,,,,,,,,,,,,,,,,,,,,,,,,,,,,,,,,,,,,,,,,,,,,,,,,,,,,,,,,,,,,,,,,,,,,,,71.39601516723633,13137.005689348493,114.61677752121848,129.14155582019262,38.68034911155701,14.896968356200627,24.163057031230455,10.146860867738724,6.9488396389143805,16.487123885325023,26.884708311245404,11.528821404491152,7.71835315653256,145.5625273840768,175.76205475551478,284.72771644592285,81.83871953827995,71.39601516723633,114.61677752121848,129.14155582019262,38.68034911155701,0.001
10,3340,test_select,,,,,,,,,,,,,,,,,,,,,,,,,,,,,,,,,,,,,,,,,,,,,,,,,,,,,,,,,,,,,,,,,,,,,,,,,,,,,,,,,,,,,,,,,,,,,,,,,,,,,,,,,,,75.9432601247515,14543.721653529576,120.5973534267215,117.26821099008832,42.00608001436506,17.37265522139413,27.361837547183427,13.202138530356544,8.19203370809555,21.655399475778854,34.14352109409418,16.993797974927084,10.174137434789113,152.68905517033167,184.6329278001118,256.0733368737357,87.85387999670846,75.9432601247515,120.5973534267215,117.26821099008832,42.00608001436506,0.001
10,3340,test,,,,,,,,,,,,,,,,,,,,,,,,,,,,,,,,,,,,,,,,,,,,,,,,,,,,,,,,,,,,,,,,,,,,,,,,,,,,,,,,,,,,,,,,,,,,,,,,,,,,,,,,,,,75.9432601247515,14543.721653529576,120.5973534267215,117.26821099008832,42.00608001436506,17.37265522139413,27.361837547183427,13.202138530356544,8.19203370809555,21.655399475778854,34.14352109409418,16.993797974927084,10.174137434789113,152.68905517033167,184.6329278001118,256.0733368737357,87.85387999670846,75.9432601247515,120.5973534267215,117.26821099008832,42.00608001436506,0.001
11,3360,train,0.1317175328731537,0.10969904810190201,0.11051352322101593,0.0,0.003981461748480797,0.003981461748480797,0.0,4.354435443878174,4.999999873689376e-06,0.0024999999441206455,0.0024999999441206455,0.0024999999441206455,4.999999873689376e-05,0.0,0.05000000074505806,0.07947732508182526,0.0,0.0,0.0,0.0,0.0,0.0,0.0,0.0,0.0,-0.023987499997019768,-0.023987499997019768,1.0,-0.023987499997019768,-0.023987499997019768,-0.01165845338255167,0.0,-0.12944142520427704,0.4603304862976074,1.0,0.07947732508182526,1.0,0.0,0.0,0.07947732508182526,0.0,0.0,0.0,0.0,1.0,0.0,1.0,1.0,1.4998885490058456e-05,0.0,0.0,0.0,0.0,0.0,0.0,0.0,0.0,1.0,0.0,0.002635752549394965,0.27739956974983215,0.19836653769016266,0.009657805785536766,0.0,0.11051352322101593,0.10969904810190201,0.10969904810190201,0.18556271493434906,-0.18359246850013733,3.826873540280218e-11,0.0,0.0,4.135959625244141,4.135959625244141,1.0753810405731201,1.0753810405731201,0.6716130375862122,0.0,0.0,0.0,0.0,1.0,0.0,1.0,1.0,1.4998885490058456e-05,1.0,1.0753809213638306,0.0,1.0753810405731201,1.0509015321731567,0.4603304862976074,0.22218671441078186,0.023618631064891815,1.0,1.9727022647857666,2.014587163925171,2.017218828201294,0.0,7.0,0.0,0.0,0.0,0.0,0.0,0.0,,,,,,,,,,,,,,,,,,,,,,0.001
11,3380,train,0.12364432215690613,0.1039525642991066,0.10534711927175522,0.0,0.004899883177131414,0.004899883177131414,0.0,4.3936238288879395,4.999999873689376e-06,0.0024999999441206455,0.0024999999441206455,0.0024999999441206455,4.999999873689376e-05,0.0,0.05000000074505806,0.07194536924362183,0.0,0.0,0.0,0.0,0.0,0.0,0.0,0.0,0.0,-0.28309938311576843,-0.28309938311576843,1.0,-0.28309938311576843,-0.2830994129180908,-0.20339874923229218,0.0,-0.796097993850708,1.0560680627822876,1.0,0.07194536924362183,1.0,0.0,0.0,0.07194536924362183,0.0,0.0,0.0,0.0,1.0,0.0,1.0,1.0,1.4998885490058456e-05,0.0,0.0,0.0,0.0,0.0,0.0,0.0,0.0,1.0,0.0,0.0029943217523396015,0.33929845690727234,0.21580293774604797,0.009160231798887253,0.0,0.10534711927175522,0.1039525642991066,0.1039525642991066,0.1855326145887375,-0.17907363176345825,1.9614720958571752e-10,0.0,0.0,3.88513445854187,3.88513445854187,1.0703190565109253,1.0703190565109253,0.6591637134552002,0.0,0.0,0.0,0.0,1.0,0.0,1.0,1.0,1.4998885490058456e-05,1.0,1.0703190565109253,0.0,1.0703190565109253,1.0874375104904175,1.0560680627822876,0.23322078585624695,0.02536042220890522,1.0,1.8550926446914673,1.9301646947860718,1.9529895782470703,0.0,7.0,0.0,0.0,0.0,0.0,0.0,0.0,,,,,,,,,,,,,,,,,,,,,,0.001
11,3400,train,0.13377875089645386,0.11420147120952606,0.11544940620660782,0.0,0.004413045477122068,0.004413045477122068,0.0,4.3249382972717285,4.999999873689376e-06,0.0024999999441206455,0.0024999999441206455,0.0024999999441206455,4.999999873689376e-05,0.0,0.05000000074505806,0.06332264840602875,0.0,0.0,0.0,0.0,0.0,0.0,0.0,0.0,0.0,-0.7096800804138184,-0.7096800804138184,1.0,-0.7096800804138184,-0.7096800804138184,-0.6027263402938843,0.0,-2.153926372528076,1.0181589126586914,1.0,0.06332264840602875,1.0,0.0,0.0,0.06332264840602875,0.0,0.0,0.0,0.0,1.0,0.0,1.0,1.0,1.4998885490058456e-05,0.0,0.0,0.0,0.0,0.0,0.0,0.0,0.0,1.0,0.0,0.0033399714156985283,0.32763752341270447,0.1968328356742859,0.010223916731774807,0.0,0.11544940620660782,0.11420147120952606,0.11420147120952606,0.2346080094575882,-0.22951462864875793,9.482228197077447e-11,0.0,0.0,4.064945697784424,4.064945697784424,1.0210617780685425,1.0210617780685425,0.8809457421302795,0.0,0.0,0.0,0.0,1.0,0.0,1.0,1.0,1.4998885490058456e-05,1.0,1.0210617780685425,0.0,1.0210617780685425,1.0746302604675293,1.0181589126586914,0.2310713827610016,0.02334734797477722,1.0,1.8850018978118896,1.9478509426116943,1.978622555732727,0.0,7.0,0.0,0.0,0.0,0.0,0.0,0.0,,,,,,,,,,,,,,,,,,,,,,0.001
11,3420,train,0.1193581223487854,0.10322277247905731,0.10386984050273895,0.0,0.004270133562386036,0.004270133562386036,0.0,4.367453575134277,4.999999873689376e-06,0.0024999999441206455,0.0024999999441206455,0.0024999999441206455,4.999999873689376e-05,0.0,0.05000000074505806,0.07259814441204071,0.0,0.0,0.0,0.0,0.0,0.0,0.0,0.0,0.0,-0.9349537491798401,-0.9349537491798401,1.0,-0.9349537491798401,-0.9349536895751953,-0.8059675097465515,0.0,-2.755868911743164,1.1233594417572021,1.0,0.07259814441204071,1.0,0.0,0.0,0.07259814441204071,0.0,0.0,0.0,0.0,1.0,0.0,1.0,1.0,1.4998885490058456e-05,0.0,0.0,0.0,0.0,0.0,0.0,0.0,0.0,1.0,0.0,0.0015520781744271517,0.29999667406082153,0.20519296824932098,0.009475226514041424,0.0,0.10386984050273895,0.10322277247905731,0.10322277247905731,0.2292628139257431,-0.22773168981075287,-3.82624515404828e-10,0.0,0.0,3.9997663497924805,3.9997663497924805,1.055845022201538,1.055845022201538,0.8254168629646301,0.0,0.0,0.0,0.0,1.0,0.0,1.0,1.0,1.4998885490058456e-05,1.0,1.055845022201538,0.0,1.055845022201538,1.0146377086639404,1.1233594417572021,0.2318027764558792,0.024345247074961662,1.0,2.0172910690307617,1.9553683996200562,2.0216002464294434,0.0,7.0,0.0,0.0,0.0,0.0,0.0,0.0,,,,,,,,,,,,,,,,,,,,,,0.001
11,3440,train,0.1170627772808075,0.10207870602607727,0.10235396027565002,0.0,0.004156556446105242,0.004156556446105242,0.0,4.421192169189453,4.999999873689376e-06,0.0024999999441206455,0.0024999999441206455,0.0024999999441206455,4.999999873689376e-05,0.0,0.05000000074505806,0.05915848910808563,0.0,0.0,0.0,0.0,0.0,0.0,0.0,0.0,0.0,-1.1044355630874634,-1.1044355630874634,1.0,-1.1044355630874634,-1.1044355630874634,-0.9764617681503296,0.0,-3.1030330657958984,1.0216000080108643,1.0,0.05915848910808563,1.0,0.0,0.0,0.05915848910808563,0.0,0.0,0.0,0.0,1.0,0.0,1.0,1.0,1.4998885490058456e-05,0.0,0.0,0.0,0.0,0.0,0.0,0.0,0.0,1.0,0.0,0.0012743975967168808,0.3177126348018646,0.21111507713794708,0.008632696233689785,0.0,0.10235396027565002,0.10207870602607727,0.10207870602607727,0.22092929482460022,-0.22007673978805542,-3.4811437066295525e-10,0.0,0.0,4.157281398773193,4.157281398773193,1.0658910274505615,1.0658910274505615,0.8351618051528931,0.0,0.0,0.0,0.0,1.0,0.0,1.0,1.0,1.4998885490058456e-05,1.0,1.0658910274505615,0.0,1.0658910274505615,0.969005286693573,1.0216000080108643,0.22218166291713715,0.023117387667298317,1.0,2.030956983566284,2.0000247955322266,1.9409571886062622,0.0,7.0,0.0,0.0,0.0,0.0,0.0,0.0,,,,,,,,,,,,,,,,,,,,,,0.001
11,3460,train,0.12124472856521606,0.10587722063064575,0.10600972175598145,0.0,0.003880964359268546,0.003880964359268546,0.0,4.379405498504639,4.999999873689376e-06,0.0024999999441206455,0.0024999999441206455,0.0024999999441206455,4.999999873689376e-05,0.0,0.05000000074505806,0.04927670955657959,0.0,0.0,0.0,0.0,0.0,0.0,0.0,0.0,0.0,-1.1736986637115479,-1.1736986637115479,1.0,-1.1736986637115479,-1.1736986637115479,-1.0037786960601807,0.0,-3.219160318374634,1.0944108963012695,1.0,0.04927670955657959,1.0,0.0,0.0,0.04927670955657959,0.0,0.0,0.0,0.0,1.0,0.0,1.0,1.0,1.4998885490058456e-05,0.0,0.0,0.0,0.0,0.0,0.0,0.0,0.0,1.0,0.0,0.0015019834972918034,0.3237535059452057,0.20927107334136963,0.009214043617248535,0.0,0.10600972175598145,0.10587722063064575,0.10587722063064575,0.23863045871257782,-0.23483216762542725,-4.703051836862926e-10,0.0,0.0,4.11928653717041,4.11928653717041,1.063681960105896,1.063681960105896,0.9217906594276428,0.0,0.0,0.0,0.0,1.0,0.0,1.0,1.0,1.4998885490058456e-05,1.0,1.063681960105896,0.0,1.063681960105896,1.0106695890426636,1.0944108963012695,0.21839837729930878,0.0222751647233963,1.0,1.9829062223434448,1.938922643661499,1.9115731716156006,0.0,7.0,0.0,0.0,0.0,0.0,0.0,0.0,,,,,,,,,,,,,,,,,,,,,,0.001
11,3480,train,0.10938578844070435,0.09632016718387604,0.09663987159729004,0.0,0.004305973183363676,0.004305973183363676,0.0,4.362056255340576,4.999999873689376e-06,0.0024999999441206455,0.0024999999441206455,0.0024999999441206455,4.999999873689376e-05,0.0,0.05000000074505806,0.05381930619478226,0.0,0.0,0.0,0.0,0.0,0.0,0.0,0.0,0.0,-1.2595244646072388,-1.2595244646072388,1.0,-1.2595244646072388,-1.2595243453979492,-1.072466254234314,0.0,-3.460280179977417,1.1099961996078491,1.0,0.05381930619478226,1.0,0.0,0.0,0.05381930619478226,0.0,0.0,0.0,0.0,1.0,0.0,1.0,1.0,1.4998885490058456e-05,0.0,0.0,0.0,0.0,0.0,0.0,0.0,0.0,1.0,0.0,0.0003971958358306438,0.32307112216949463,0.2058563083410263,0.009738541208207607,0.0,0.09663987159729004,0.09632016718387604,0.09632016718387604,0.21967794001102448,-0.21882402896881104,-2.1108896575139369e-10,0.0,0.0,4.217233657836914,4.217233657836914,1.0628443956375122,1.0628443956375122,0.830479085445404,0.0,0.0,0.0,0.0,1.0,0.0,1.0,1.0,1.4998885490058456e-05,1.0,1.0628442764282227,0.0,1.0628443956375122,1.0762101411819458,1.1099961996078491,0.22011494636535645,0.02289561927318573,1.0,1.8552993535995483,1.9537792205810547,1.8990731239318848,0.0,7.0,0.0,0.0,0.0,0.0,0.0,0.0,,,,,,,,,,,,,,,,,,,,,,0.001
11,3500,train,0.12941449880599976,0.11326914280653,0.11346884071826935,0.0,0.004174347966909409,0.004174347966909409,0.0,4.360222339630127,4.999999873689376e-06,0.0024999999441206455,0.0024999999441206455,0.0024999999441206455,4.999999873689376e-05,0.0,0.05000000074505806,0.07169017195701599,0.0,0.0,0.0,0.0,0.0,0.0,0.0,0.0,0.0,-1.316842794418335,-1.316842794418335,1.0,-1.316842794418335,-1.316842794418335,-1.0880229473114014,0.0,-3.54097580909729,1.1306592226028442,1.0,0.07169017195701599,1.0,0.0,0.0,0.07169017195701599,0.0,0.0,0.0,0.0,1.0,0.0,1.0,1.0,1.4998885490058456e-05,0.0,0.0,0.0,0.0,0.0,0.0,0.0,0.0,1.0,0.0,0.0006841343129053712,0.3267812430858612,0.21222777664661407,0.00968497060239315,0.0,0.11346884071826935,0.11326914280653,0.11326914280653,0.2481810748577118,-0.24755685031414032,-1.1969814028844894e-10,0.0,0.0,4.275976657867432,4.275976657867432,1.08462393283844,1.08462393283844,0.9991020560264587,0.0,0.0,0.0,0.0,1.0,0.0,1.0,1.0,1.4998885490058456e-05,1.0,1.0846238136291504,0.0,1.08462393283844,1.0738146305084229,1.1306592226028442,0.21812261641025543,0.022832591086626053,1.0,1.9966933727264404,1.964217185974121,1.9547010660171509,0.0,7.0,0.0,0.0,0.0,0.0,0.0,0.0,,,,,,,,,,,,,,,,,,,,,,0.001
11,3520,train,0.12211142480373383,0.10729670524597168,0.10762403160333633,0.0,0.0042806570418179035,0.0042806570418179035,0.0,4.366271495819092,4.999999873689376e-06,0.0024999999441206455,0.0024999999441206455,0.0024999999441206455,4.999999873689376e-05,0.0,0.05000000074505806,0.06231321766972542,0.0,0.0,0.0,0.0,0.0,0.0,0.0,0.0,0.0,-1.3491463661193848,-1.3491463661193848,1.0,-1.3491463661193848,-1.3491463661193848,-1.0835397243499756,0.0,-3.6705985069274902,1.1858030557632446,1.0,0.06231321766972542,1.0,0.0,0.0,0.06231321766972542,0.0,0.0,0.0,0.0,1.0,0.0,1.0,1.0,1.4998885490058456e-05,0.0,0.0,0.0,0.0,0.0,0.0,0.0,0.0,1.0,0.0,0.0009266134002245963,0.34563788771629333,0.20489440858364105,0.009462346322834492,0.0,0.10762403160333633,0.10729670524597168,0.10729670524597168,0.24283146858215332,-0.23611342906951904,-2.545349001015218e-11,0.0,0.0,4.226652145385742,4.226652145385742,1.0304592847824097,1.0304592847824097,0.9389312863349915,0.0,0.0,0.0,0.0,1.0,0.0,1.0,1.0,1.4998885490058456e-05,1.0,1.0304592847824097,0.0,1.0304592847824097,1.1376876831054688,1.1858030557632446,0.21565432846546173,0.02236534096300602,1.0,1.8985586166381836,1.970371961593628,1.9547473192214966,0.0,7.0,0.0,0.0,0.0,0.0,0.0,0.0,,,,,,,,,,,,,,,,,,,,,,0.001
11,3540,train,0.13046576082706451,0.11423172801733017,0.1145152747631073,0.0,0.004096452612429857,0.004096452612429857,0.0,4.35136079788208,4.999999873689376e-06,0.0024999999441206455,0.0024999999441206455,0.0024999999441206455,4.999999873689376e-05,0.0,0.05000000074505806,0.0632556825876236,0.0,0.0,0.0,0.0,0.0,0.0,0.0,0.0,0.0,-1.340835690498352,-1.340835690498352,1.0,-1.340835690498352,-1.340835690498352,-1.0629851818084717,0.0,-3.6929023265838623,1.2132614850997925,1.0,0.0632556825876236,1.0,0.0,0.0,0.0632556825876236,0.0,0.0,0.0,0.0,1.0,0.0,1.0,1.0,1.4998885490058456e-05,0.0,0.0,0.0,0.0,0.0,0.0,0.0,0.0,1.0,0.0,0.0004706631298176944,0.3274489641189575,0.20663990080356598,0.00975454319268465,0.0,0.1145152747631073,0.11423172801733017,0.11423172801733017,0.24443824589252472,-0.24274004995822906,5.004999747981742e-10,0.0,0.0,4.3250579833984375,4.3250579833984375,1.0713356733322144,1.0713356733322144,0.9716008901596069,0.0,0.0,0.0,0.0,1.0,0.0,1.0,1.0,1.4998885490058456e-05,1.0,1.0713355541229248,0.0,1.0713356733322144,1.1014604568481445,1.2132614850997925,0.21605686843395233,0.022160863503813744,1.0,1.938581943511963,1.9234769344329834,1.959730625152588,0.0,7.0,0.0,0.0,0.0,0.0,0.0,0.0,,,,,,,,,,,,,,,,,,,,,,0.001
11,3560,train,0.12011151760816574,0.1059478223323822,0.10620277374982834,0.0,0.0037727949675172567,0.0037727949675172567,0.0,4.3421101570129395,4.999999873689376e-06,0.0024999999441206455,0.0024999999441206455,0.0024999999441206455,4.999999873689376e-05,0.0,0.05000000074505806,0.06266696006059647,0.0,0.0,0.0,0.0,0.0,0.0,0.0,0.0,0.0,-1.4222285747528076,-1.4222285747528076,1.0,-1.4222285747528076,-1.4222285747528076,-1.0981794595718384,0.0,-3.807295560836792,1.2208561897277832,1.0,0.06266696006059647,1.0,0.0,0.0,0.06266696006059647,0.0,0.0,0.0,0.0,1.0,0.0,1.0,1.0,1.4998885490058456e-05,0.0,0.0,0.0,0.0,0.0,0.0,0.0,0.0,1.0,0.0,0.0014055885840207338,0.32618582248687744,0.2058357447385788,0.0102476105093956,0.0,0.10620277374982834,0.1059478223323822,0.1059478223323822,0.2461746782064438,-0.24544279277324677,2.917109886979574e-10,0.0,0.0,4.076233863830566,4.076233863830566,1.1074758768081665,1.1074758768081665,0.9153226017951965,0.0,0.0,0.0,0.0,1.0,0.0,1.0,1.0,1.4998885490058456e-05,1.0,1.1074758768081665,0.0,1.1074758768081665,1.0849014520645142,1.2208561897277832,0.21815015375614166,0.022916613146662712,1.0,1.8518931865692139,1.9037946462631226,1.949629545211792,0.0,7.0,0.0,0.0,0.0,0.0,0.0,0.0,,,,,,,,,,,,,,,,,,,,,,0.001
11,3580,train,0.11378559470176697,0.10091287642717361,0.10123377293348312,0.0,0.0035198447294533253,0.0035198447294533253,0.0,4.347583770751953,4.999999873689376e-06,0.0024999999441206455,0.0024999999441206455,0.0024999999441206455,4.999999873689376e-05,0.0,0.05000000074505806,0.05730683356523514,0.0,0.0,0.0,0.0,0.0,0.0,0.0,0.0,0.0,-1.481488823890686,-1.481488823890686,1.0,-1.481488823890686,-1.481488823890686,-1.1202821731567383,0.0,-3.8584702014923096,1.1373672485351562,1.0,0.05730683356523514,1.0,0.0,0.0,0.05730683356523514,0.0,0.0,0.0,0.0,1.0,0.0,1.0,1.0,1.4998885490058456e-05,0.0,0.0,0.0,0.0,0.0,0.0,0.0,0.0,1.0,0.0,0.0014831535518169403,0.300258606672287,0.2006007879972458,0.009766357019543648,0.0,0.10123377293348312,0.10091287642717361,0.10091287642717361,0.2489469051361084,-0.24841786921024323,-7.410126401374839e-10,0.0,0.0,4.189821720123291,4.189821720123291,1.069994568824768,1.069994568824768,0.9388872981071472,0.0,0.0,0.0,0.0,1.0,0.0,1.0,1.0,1.4998885490058456e-05,1.0,1.069994568824768,0.0,1.069994568824768,1.0788110494613647,1.1373672485351562,0.21797503530979156,0.02242519147694111,1.0,1.88278067111969,1.899248480796814,1.8890087604522705,0.0,7.0,0.0,0.0,0.0,0.0,0.0,0.0,,,,,,,,,,,,,,,,,,,,,,0.001
11,3600,train,0.1336386501789093,0.11733480542898178,0.11740989238023758,0.0,0.004524740390479565,0.004524740390479565,0.0,4.36275577545166,4.999999873689376e-06,0.0024999999441206455,0.0024999999441206455,0.0024999999441206455,4.999999873689376e-05,0.0,0.05000000074505806,0.06769979000091553,0.0,0.0,0.0,0.0,0.0,0.0,0.0,0.0,0.0,-1.4429279565811157,-1.4429279565811157,1.0,-1.4429279565811157,-1.4429280757904053,-1.0219303369522095,0.0,-3.768388032913208,1.2681275606155396,1.0,0.06769979000091553,1.0,0.0,0.0,0.06769979000091553,0.0,0.0,0.0,0.0,1.0,0.0,1.0,1.0,1.4998885490058456e-05,0.0,0.0,0.0,0.0,0.0,0.0,0.0,0.0,1.0,0.0,-4.3965857912553474e-05,0.3325713574886322,0.21364888548851013,0.009783013723790646,0.0,0.11740989238023758,0.11733480542898178,0.11733480542898178,0.2643122673034668,-0.26414060592651367,5.60334001420415e-11,0.0,0.0,4.214640140533447,4.214640140533447,1.1377042531967163,1.1377042531967163,1.038590908050537,0.0,0.0,0.0,0.0,1.0,0.0,1.0,1.0,1.4998885490058456e-05,1.0,1.1377042531967163,0.0,1.1377042531967163,1.0999865531921387,1.2681275606155396,0.2114354521036148,0.02261665090918541,1.0,2.048588991165161,1.9251124858856201,1.980576515197754,0.0,7.0,0.0,0.0,0.0,0.0,0.0,0.0,,,,,,,,,,,,,,,,,,,,,,0.001
11,3620,train,0.11378519237041473,0.10089235752820969,0.10157528519630432,0.0,0.0038734411355108023,0.0038734411355108023,0.0,4.404514312744141,4.999999873689376e-06,0.0024999999441206455,0.0024999999441206455,0.0024999999441206455,4.999999873689376e-05,0.0,0.05000000074505806,0.06341245770454407,0.0,0.0,0.0,0.0,0.0,0.0,0.0,0.0,0.0,-1.4914207458496094,-1.4914207458496094,1.0,-1.4914207458496094,-1.4914206266403198,-1.0096186399459839,0.0,-4.015647888183594,1.2986100912094116,1.0,0.06341245770454407,1.0,0.0,0.0,0.06341245770454407,0.0,0.0,0.0,0.0,1.0,0.0,1.0,1.0,1.4998885490058456e-05,0.0,0.0,0.0,0.0,0.0,0.0,0.0,0.0,1.0,0.0,0.0013014031574130058,0.3076833188533783,0.21541984379291534,0.009081168100237846,0.0,0.10157528519630432,0.10089235752820969,0.10089235752820969,0.2499479055404663,-0.24901451170444489,-3.686496385935101e-10,0.0,0.0,4.03088903427124,4.03088903427124,1.1520503759384155,1.1520503759384155,0.9175783395767212,0.0,0.0,0.0,0.0,1.0,0.0,1.0,1.0,1.4998885490058456e-05,1.0,1.1520503759384155,0.0,1.1520503759384155,1.1929717063903809,1.2986100912094116,0.218023881316185,0.023598570376634598,1.0,2.0270156860351562,1.9596593379974365,1.960443139076233,0.0,7.0,0.0,0.0,0.0,0.0,0.0,0.0,,,,,,,,,,,,,,,,,,,,,,0.001
11,3640,train,0.12634380161762238,0.11151611804962158,0.1117120310664177,0.0,0.003993909806013107,0.003993909806013107,0.0,4.385293483734131,4.999999873689376e-06,0.0024999999441206455,0.0024999999441206455,0.0024999999441206455,4.999999873689376e-05,0.0,0.05000000074505806,0.07279245555400848,0.0,0.0,0.0,0.0,0.0,0.0,0.0,0.0,0.0,-1.5100510120391846,-1.5100510120391846,1.0,-1.5100510120391846,-1.5100510120391846,-1.084240436553955,0.0,-3.960062026977539,1.299895167350769,1.0,0.07279245555400848,1.0,0.0,0.0,0.07279245555400848,0.0,0.0,0.0,0.0,1.0,0.0,1.0,1.0,1.4998885490058456e-05,0.0,0.0,0.0,0.0,0.0,0.0,0.0,0.0,1.0,0.0,0.001587199280038476,0.33422133326530457,0.2138797640800476,0.009208877570927143,0.0,0.1117120310664177,0.11151611804962158,0.11151611804962158,0.28015652298927307,-0.2798632085323334,8.330294787306514e-11,0.0,0.0,4.124521255493164,4.124521255493164,1.111634373664856,1.111634373664856,1.0650883913040161,0.0,0.0,0.0,0.0,1.0,0.0,1.0,1.0,1.4998885490058456e-05,1.0,1.111634373664856,0.0,1.111634373664856,1.173369288444519,1.299895167350769,0.2195114642381668,0.02332046441733837,1.0,1.8805062770843506,1.93104887008667,1.954940915107727,0.0,7.0,0.0,0.0,0.0,0.0,0.0,0.0,,,,,,,,,,,,,,,,,,,,,,0.001
11,3660,train,0.1254693567752838,0.11102838814258575,0.1112033873796463,0.0,0.004060667939484119,0.004060667939484119,0.0,4.345904350280762,4.999999873689376e-06,0.0024999999441206455,0.0024999999441206455,0.0024999999441206455,4.999999873689376e-05,0.0,0.05000000074505806,0.0729970782995224,0.0,0.0,0.0,0.0,0.0,0.0,0.0,0.0,0.0,-1.567048192024231,-1.567048192024231,1.0,-1.567048192024231,-1.567048192024231,-1.0920803546905518,0.0,-4.03077507019043,1.18397855758667,1.0,0.0729970782995224,1.0,0.0,0.0,0.0729970782995224,0.0,0.0,0.0,0.0,1.0,0.0,1.0,1.0,1.4998885490058456e-05,0.0,0.0,0.0,0.0,0.0,0.0,0.0,0.0,1.0,0.0,0.0012850344646722078,0.32022783160209656,0.21656319499015808,0.010065716691315174,0.0,0.1112033873796463,0.11102838814258575,0.11102838814258575,0.25655174255371094,-0.2563183605670929,-3.833794393059975e-10,0.0,0.0,4.254758834838867,4.254758358001709,1.1648108959197998,1.1648108959197998,1.0236916542053223,0.0,0.0,0.0,0.0,1.0,0.0,1.0,1.0,1.4998885490058456e-05,1.0,1.1648108959197998,0.0,1.1648108959197998,1.0700348615646362,1.18397855758667,0.21866512298583984,0.023570377379655838,1.0,1.9130079746246338,1.8929917812347412,1.8584619760513306,0.0,7.0,0.0,0.0,0.0,0.0,0.0,0.0,,,,,,,,,,,,,,,,,,,,,,0.001
11,3674,train_epoch,0.12539817029219902,0.10911040095065883,0.10946613097351468,0.0,0.004164010956939198,0.004164010956939198,0.0,4.35660132105479,4.999999873689376e-06,0.0024999999441206455,0.0024999999441206455,0.0024999999441206455,4.999999873689376e-05,0.0,0.05000000074505806,0.06719904984096567,0.0,0.0,0.0,0.0,0.0,0.0,0.0,0.0,0.0,-1.1282022415428885,-1.1282022415428885,1.0,-1.1282022415428885,-1.128202241353278,-0.8787694871192101,0.0,-3.0391663861172384,1.0866353312830725,1.0,0.06719904984096567,1.0,0.0,0.0,0.06719904984096567,0.0,0.0,0.0,0.0,1.0,0.0,1.0,1.0,1.4998885490058456e-05,0.0,0.0,0.0,0.0,0.0,0.0,0.0,0.0,1.0,0.0,0.0013749939256697049,0.3200397296044641,0.2064163080767957,0.009720242420534887,0.0,0.10946613097351468,0.10911040095065883,0.10911040095065883,0.23607299249329253,-0.2340283414828563,2.1848102078529865e-11,0.0,0.0,4.155616135654335,4.155616132799023,1.0803437941445562,1.0803437941445562,0.8977467808537855,0.0,0.0,0.0,0.0,1.0,0.0,1.0,1.0,1.4998885490058456e-05,1.0,1.0803437611300075,0.0,1.0803437941445562,1.0660568443601004,1.0866353312830725,0.2182209097785864,0.02290298947562536,1.0,1.9342604272379846,1.9347279557210957,1.935308945393134,0.0,7.0,0.0,0.0,0.0,0.0,0.0,0.0,,,,,,,,,,,,,,,,,,,,,,0.001
11,3674,val,,,,,,,,,,,,,,,,,,,,,,,,,,,,,,,,,,,,,,,,,,,,,,,,,,,,,,,,,,,,,,,,,,,,,,,,,,,,,,,,,,,,,,,,,,,,,,,,,,,,,,,,,,,61.8033196585519,10944.334145682198,104.61517168022141,108.79120661531176,33.32464301586151,14.850116154977254,24.039425353093137,10.017428091594152,6.9675872794219424,16.705123705523356,26.57527346927224,12.51365349973951,8.10955359680312,141.4474310193743,170.86825457954683,275.841212613242,79.2594496863229,61.8033196585519,104.61517168022141,108.79120661531176,33.32464301586151,0.001
11,3674,test_select,,,,,,,,,,,,,,,,,,,,,,,,,,,,,,,,,,,,,,,,,,,,,,,,,,,,,,,,,,,,,,,,,,,,,,,,,,,,,,,,,,,,,,,,,,,,,,,,,,,,,,,,,,,67.05168291500637,12238.42062813895,110.62739546847766,101.65197343485696,36.721990534237456,18.0493346452713,27.95609370094704,15.440241698707853,8.553242253405708,23.405145168304443,35.962208016934575,21.748130129916326,11.213376794542585,148.1796178817749,179.2604052010304,247.71173810958862,84.97878422055926,67.05168291500637,110.62739546847766,101.65197343485696,36.721990534237456,0.001
11,3674,test,,,,,,,,,,,,,,,,,,,,,,,,,,,,,,,,,,,,,,,,,,,,,,,,,,,,,,,,,,,,,,,,,,,,,,,,,,,,,,,,,,,,,,,,,,,,,,,,,,,,,,,,,,,67.05168291500637,12238.42062813895,110.62739546847766,101.65197343485696,36.721990534237456,18.0493346452713,27.95609370094704,15.440241698707853,8.553242253405708,23.405145168304443,35.962208016934575,21.748130129916326,11.213376794542585,148.1796178817749,179.2604052010304,247.71173810958862,84.97878422055926,67.05168291500637,110.62739546847766,101.65197343485696,36.721990534237456,0.001
12,3680,train,0.10396654903888702,0.09974149614572525,0.10013297945261002,0.0,0.0034587555564939976,0.0034587555564939976,0.0,4.37014102935791,9.999999747378752e-06,0.004999999888241291,0.004999999888241291,0.004999999888241291,9.999999747378752e-05,0.0,0.10000000149011612,0.07513131946325302,0.0,0.0,0.0,0.0,0.0,0.0,0.0,0.0,0.0,-1.587004542350769,-1.587004542350769,1.0,-1.587004542350769,-1.587004542350769,-1.076244592666626,0.0,-4.1085100173950195,1.1430023908615112,1.0,0.07513131946325302,1.0,0.0,0.0,0.07513131946325302,0.0,0.0,0.0,0.0,1.0,0.0,1.0,1.0,1.4998885490058456e-05,0.0,0.0,0.0,0.0,0.0,0.0,0.0,0.0,1.0,0.0,0.0007929878192953765,0.30246904492378235,0.1999209076166153,0.009414635598659515,0.0,0.10013297945261002,0.09974149614572525,0.09974149614572525,0.2107892483472824,-0.20922113955020905,1.4936478442972856e-10,0.0,0.0,4.368513584136963,4.368513584136963,1.091775894165039,1.091775894165039,0.841879665851593,0.0,0.0,0.0,0.0,1.0,0.0,1.0,1.0,1.4998885490058456e-05,1.0,1.091775894165039,0.0,1.091775894165039,1.1029224395751953,1.1430023908615112,0.21892929077148438,0.022945737466216087,1.0,2.009762763977051,1.9100377559661865,1.9482797384262085,0.0,7.0,0.0,0.0,0.0,0.0,0.0,0.0,,,,,,,,,,,,,,,,,,,,,,0.001
12,3700,train,0.10837756842374802,0.10330335795879364,0.10346050560474396,0.0,0.003972122445702553,0.003972122445702553,0.0,4.375295162200928,9.999999747378752e-06,0.004999999888241291,0.004999999888241291,0.004999999888241291,9.999999747378752e-05,0.0,0.10000000149011612,0.06853348761796951,0.0,0.0,0.0,0.0,0.0,0.0,0.0,0.0,0.0,-1.5688365697860718,-1.5688365697860718,1.0,-1.5688365697860718,-1.5688365697860718,-0.9907798767089844,0.0,-4.110841751098633,1.2783244848251343,1.0,0.06853348761796951,1.0,0.0,0.0,0.06853348761796951,0.0,0.0,0.0,0.0,1.0,0.0,1.0,1.0,1.4998885490058456e-05,0.0,0.0,0.0,0.0,0.0,0.0,0.0,0.0,1.0,0.0,0.00022265616280492395,0.32470354437828064,0.21298733353614807,0.009427024982869625,0.0,0.10346050560474396,0.10330335795879364,0.10330335795879364,0.24820774793624878,-0.24403171241283417,-5.457847507273073e-10,0.0,0.0,4.041338920593262,4.041338920593262,1.1353445053100586,1.1353445053100586,0.9012865424156189,0.0,0.0,0.0,0.0,1.0,0.0,1.0,1.0,1.4998885490058456e-05,1.0,1.135344386100769,0.0,1.1353445053100586,1.129878044128418,1.2783244848251343,0.2159610092639923,0.023328518494963646,1.0,1.8345704078674316,1.8592936992645264,1.825528621673584,0.0,7.0,0.0,0.0,0.0,0.0,0.0,0.0,,,,,,,,,,,,,,,,,,,,,,0.001
12,3720,train,0.11558695137500763,0.10897919535636902,0.10927190631628036,0.0,0.00431311409920454,0.00431311409920454,0.0,4.394389629364014,9.999999747378752e-06,0.004999999888241291,0.004999999888241291,0.004999999888241291,9.999999747378752e-05,0.0,0.10000000149011612,0.06289605796337128,0.0,0.0,0.0,0.0,0.0,0.0,0.0,0.0,0.0,-1.5318429470062256,-1.5318429470062256,1.0,-1.5318429470062256,-1.531842827796936,-0.9509460926055908,0.0,-3.997968912124634,1.3200703859329224,1.0,0.06289605796337128,1.0,0.0,0.0,0.06289605796337128,0.0,0.0,0.0,0.0,1.0,0.0,1.0,1.0,1.4998885490058456e-05,0.0,0.0,0.0,0.0,0.0,0.0,0.0,0.0,1.0,0.0,0.0011315611191093922,0.3381279408931732,0.22785882651805878,0.009254167787730694,0.0,0.10927190631628036,0.10897919535636902,0.10897919535636902,0.23433662950992584,-0.23361541330814362,4.779477924543585e-10,0.0,0.0,4.1072163581848145,4.1072163581848145,1.185637354850769,1.185637354850769,0.8671875,0.0,0.0,0.0,0.0,1.0,0.0,1.0,1.0,1.4998885490058456e-05,1.0,1.1856372356414795,0.0,1.185637354850769,1.1069955825805664,1.3200703859329224,0.2083444744348526,0.02305123768746853,1.0,1.8775115013122559,1.8975566625595093,1.8642914295196533,0.0,7.0,0.0,0.0,0.0,0.0,0.0,0.0,,,,,,,,,,,,,,,,,,,,,,0.001
12,3740,train,0.11066798120737076,0.10462220758199692,0.10492848604917526,0.0,0.004128819331526756,0.004128819331526756,0.0,4.420810699462891,9.999999747378752e-06,0.004999999888241291,0.004999999888241291,0.004999999888241291,9.999999747378752e-05,0.0,0.10000000149011612,0.06842133402824402,0.0,0.0,0.0,0.0,0.0,0.0,0.0,0.0,0.0,-1.501161813735962,-1.501161813735962,1.0,-1.501161813735962,-1.501161813735962,-0.88751620054245,0.0,-3.9351210594177246,1.4895187616348267,1.0,0.06842133402824402,1.0,0.0,0.0,0.06842133402824402,0.0,0.0,0.0,0.0,1.0,0.0,1.0,1.0,1.4998885490058456e-05,0.0,0.0,0.0,0.0,0.0,0.0,0.0,0.0,1.0,0.0,0.0012540576281026006,0.33831387758255005,0.23645788431167603,0.008908131159842014,0.0,0.10492848604917526,0.10462220758199692,0.10462220758199692,0.27035558223724365,-0.26988059282302856,2.618575634105724e-10,0.0,0.0,4.130181789398193,4.130181789398193,1.2241674661636353,1.2241674661636353,1.018000602722168,0.0,0.0,0.0,0.0,1.0,0.0,1.0,1.0,1.4998885490058456e-05,1.0,1.2241673469543457,0.0,1.2241674661636353,1.2711327075958252,1.4895187616348267,0.21703258156776428,0.024303317070007324,1.0,1.9104937314987183,1.8894450664520264,1.884475827217102,0.0,7.0,0.0,0.0,0.0,0.0,0.0,0.0,,,,,,,,,,,,,,,,,,,,,,0.001
12,3760,train,0.11538556218147278,0.1091996505856514,0.109347403049469,0.0,0.0045335195027291775,0.0045335195027291775,0.0,4.387781620025635,9.999999747378752e-06,0.004999999888241291,0.004999999888241291,0.004999999888241291,9.999999747378752e-05,0.0,0.10000000149011612,0.06950123608112335,0.0,0.0,0.0,0.0,0.0,0.0,0.0,0.0,0.0,-1.5757057666778564,-1.5757057666778564,1.0,-1.5757057666778564,-1.5757057666778564,-0.8274366855621338,0.0,-4.152041435241699,1.265704870223999,1.0,0.06950123608112335,1.0,0.0,0.0,0.06950123608112335,0.0,0.0,0.0,0.0,1.0,0.0,1.0,1.0,1.4998885490058456e-05,0.0,0.0,0.0,0.0,0.0,0.0,0.0,0.0,1.0,0.0,0.0005720164044760168,0.34826037287712097,0.21983596682548523,0.009205078706145287,0.0,0.109347403049469,0.1091996505856514,0.1091996505856514,0.23973655700683594,-0.23864324390888214,-3.316755481375111e-10,0.0,0.0,4.407837867736816,4.407837867736816,1.1750102043151855,1.1750102043151855,0.9779490828514099,0.0,0.0,0.0,0.0,1.0,0.0,1.0,1.0,1.4998885490058456e-05,1.0,1.1750102043151855,0.0,1.1750102043151855,1.1883128881454468,1.265704870223999,0.214089497923851,0.023634864017367363,1.0,1.872604250907898,1.8302693367004395,1.8379693031311035,0.0,7.0,0.0,0.0,0.0,0.0,0.0,0.0,,,,,,,,,,,,,,,,,,,,,,0.001
12,3780,train,0.11245878785848618,0.10687410086393356,0.10688959807157516,0.0,0.003730954136699438,0.003730954136699438,0.0,4.423526763916016,9.999999747378752e-06,0.004999999888241291,0.004999999888241291,0.004999999888241291,9.999999747378752e-05,0.0,0.10000000149011612,0.06479458510875702,0.0,0.0,0.0,0.0,0.0,0.0,0.0,0.0,0.0,-1.5862596035003662,-1.5862596035003662,1.0,-1.5862596035003662,-1.5862596035003662,-0.8749185800552368,0.0,-4.065322399139404,1.2602357864379883,1.0,0.06479458510875702,1.0,0.0,0.0,0.06479458510875702,0.0,0.0,0.0,0.0,1.0,0.0,1.0,1.0,1.4998885490058456e-05,0.0,0.0,0.0,0.0,0.0,0.0,0.0,0.0,1.0,0.0,0.001126834424212575,0.32207560539245605,0.22368741035461426,0.008629879914224148,0.0,0.10688959807157516,0.10687410086393356,0.10687410086393356,0.2334640622138977,-0.2292926162481308,-4.0407852064383576e-10,0.0,0.0,4.4019060134887695,4.4019060134887695,1.2209296226501465,1.2209296226501465,0.9572276473045349,0.0,0.0,0.0,0.0,1.0,0.0,1.0,1.0,1.4998885490058456e-05,1.0,1.220929503440857,0.0,1.2209296226501465,1.158455491065979,1.2602357864379883,0.21598820388317108,0.023327060043811798,1.0,1.8994941711425781,1.8718265295028687,1.8430075645446777,0.0,7.0,0.0,0.0,0.0,0.0,0.0,0.0,,,,,,,,,,,,,,,,,,,,,,0.001
12,3800,train,0.11187732964754105,0.10599779337644577,0.10620545595884323,0.0,0.004124080296605825,0.004124080296605825,0.0,4.409621238708496,9.999999747378752e-06,0.004999999888241291,0.004999999888241291,0.004999999888241291,9.999999747378752e-05,0.0,0.10000000149011612,0.06414911150932312,0.0,0.0,0.0,0.0,0.0,0.0,0.0,0.0,0.0,-1.543268084526062,-1.543268084526062,1.0,-1.543268084526062,-1.543268084526062,-0.7944783568382263,0.0,-4.058448791503906,1.3381197452545166,1.0,0.06414911150932312,1.0,0.0,0.0,0.06414911150932312,0.0,0.0,0.0,0.0,1.0,0.0,1.0,1.0,1.4998885490058456e-05,0.0,0.0,0.0,0.0,0.0,0.0,0.0,0.0,1.0,0.0,0.0017394527094438672,0.34438401460647583,0.23154637217521667,0.009005731903016567,0.0,0.10620545595884323,0.10599779337644577,0.10599779337644577,0.25893962383270264,-0.25808224081993103,-5.138812708693763e-10,0.0,0.0,4.203928470611572,4.203928470611572,1.2365927696228027,1.2365927696228027,1.0017995834350586,0.0,0.0,0.0,0.0,1.0,0.0,1.0,1.0,1.4998885490058456e-05,1.0,1.2365927696228027,0.0,1.2365927696228027,1.2559479475021362,1.3381197452545166,0.21857672929763794,0.02495718002319336,1.0,1.873182773590088,1.882570505142212,1.870083212852478,0.0,7.0,0.0,0.0,0.0,0.0,0.0,0.0,,,,,,,,,,,,,,,,,,,,,,0.001
12,3820,train,0.11816339194774628,0.11166281998157501,0.11205574870109558,0.0,0.00421404093503952,0.00421404093503952,0.0,4.408663749694824,9.999999747378752e-06,0.004999999888241291,0.004999999888241291,0.004999999888241291,9.999999747378752e-05,0.0,0.10000000149011612,0.07222051918506622,0.0,0.0,0.0,0.0,0.0,0.0,0.0,0.0,0.0,-1.5982955694198608,-1.5982955694198608,1.0,-1.5982955694198608,-1.5982954502105713,-0.8034847378730774,0.0,-4.139910697937012,1.4271445274353027,1.0,0.07222051918506622,1.0,0.0,0.0,0.07222051918506622,0.0,0.0,0.0,0.0,1.0,0.0,1.0,1.0,1.4998885490058456e-05,0.0,0.0,0.0,0.0,0.0,0.0,0.0,0.0,1.0,0.0,0.0011929257307201624,0.34603583812713623,0.2253044694662094,0.008835189044475555,0.0,0.11205574870109558,0.11166281998157501,0.11166281998157501,0.2815335988998413,-0.2810741364955902,-2.041121438534077e-10,0.0,0.0,4.210330486297607,4.210330486297607,1.198591947555542,1.198591947555542,1.105849027633667,0.0,0.0,0.0,0.0,1.0,0.0,1.0,1.0,1.4998885490058456e-05,1.0,1.198591947555542,0.0,1.198591947555542,1.225480556488037,1.4271445274353027,0.21543751657009125,0.024136465042829514,1.0,1.8548691272735596,1.832153558731079,1.844009518623352,0.0,7.0,0.0,0.0,0.0,0.0,0.0,0.0,,,,,,,,,,,,,,,,,,,,,,0.001
12,3840,train,0.11056538671255112,0.10516476631164551,0.10529045015573502,0.0,0.004613057244569063,0.004613057244569063,0.0,4.4095659255981445,9.999999747378752e-06,0.004999999888241291,0.004999999888241291,0.004999999888241291,9.999999747378752e-05,0.0,0.10000000149011612,0.06179264187812805,0.0,0.0,0.0,0.0,0.0,0.0,0.0,0.0,0.0,-1.5730793476104736,-1.5730793476104736,1.0,-1.5730793476104736,-1.5730793476104736,-0.76019287109375,0.0,-4.055246353149414,1.366049885749817,1.0,0.06179264187812805,1.0,0.0,0.0,0.06179264187812805,0.0,0.0,0.0,0.0,1.0,0.0,1.0,1.0,1.4998885490058456e-05,0.0,0.0,0.0,0.0,0.0,0.0,0.0,0.0,1.0,0.0,0.0005396038759499788,0.3499586582183838,0.23127740621566772,0.008984800428152084,0.0,0.10529045015573502,0.10516476631164551,0.10516476631164551,0.23819993436336517,-0.23418626189231873,5.101904454463124e-10,0.0,0.0,4.415619850158691,4.415619850158691,1.2445330619812012,1.2445330619812012,0.9652860760688782,0.0,0.0,0.0,0.0,1.0,0.0,1.0,1.0,1.4998885490058456e-05,1.0,1.2445329427719116,0.0,1.2445330619812012,1.180942177772522,1.366049885749817,0.21529348194599152,0.02393670752644539,1.0,1.8450372219085693,1.8567184209823608,1.8366215229034424,0.0,7.0,0.0,0.0,0.0,0.0,0.0,0.0,,,,,,,,,,,,,,,,,,,,,,0.001
12,3860,train,0.10609526187181473,0.10170473158359528,0.10224786400794983,0.0,0.003509479109197855,0.003509479109197855,0.0,4.403300762176514,9.999999747378752e-06,0.004999999888241291,0.004999999888241291,0.004999999888241291,9.999999747378752e-05,0.0,0.10000000149011612,0.06102822721004486,0.0,0.0,0.0,0.0,0.0,0.0,0.0,0.0,0.0,-1.6126717329025269,-1.6126717329025269,1.0,-1.6126717329025269,-1.6126717329025269,-0.687616229057312,0.0,-4.227640628814697,1.375433087348938,1.0,0.06102822721004486,1.0,0.0,0.0,0.06102822721004486,0.0,0.0,0.0,0.0,1.0,0.0,1.0,1.0,1.4998885490058456e-05,0.0,0.0,0.0,0.0,0.0,0.0,0.0,0.0,1.0,0.0,0.0019003022462129593,0.3145010471343994,0.2202906459569931,0.008978457190096378,0.0,0.10224786400794983,0.10170473158359528,0.10170473158359528,0.24089427292346954,-0.23815709352493286,1.9306642395910956e-10,0.0,0.0,4.216944694519043,4.216944694519043,1.2060080766677856,1.2060080766677856,0.9042013883590698,0.0,0.0,0.0,0.0,1.0,0.0,1.0,1.0,1.4998885490058456e-05,1.0,1.2060080766677856,0.0,1.2060080766677856,1.2800168991088867,1.375433087348938,0.21729229390621185,0.02386297658085823,1.0,1.8287078142166138,1.8666601181030273,1.904746174812317,0.0,7.0,0.0,0.0,0.0,0.0,0.0,0.0,,,,,,,,,,,,,,,,,,,,,,0.001
12,3880,train,0.11201082170009613,0.10614878684282303,0.10633883625268936,0.0,0.004300415515899658,0.004300415515899658,0.0,4.401198863983154,9.999999747378752e-06,0.004999999888241291,0.004999999888241291,0.004999999888241291,9.999999747378752e-05,0.0,0.10000000149011612,0.06028342247009277,0.0,0.0,0.0,0.0,0.0,0.0,0.0,0.0,0.0,-1.5477263927459717,-1.5477263927459717,1.0,-1.5477263927459717,-1.5477263927459717,-0.714662492275238,0.0,-4.073399543762207,1.4761189222335815,1.0,0.06028342247009277,1.0,0.0,0.0,0.06028342247009277,0.0,0.0,0.0,0.0,1.0,0.0,1.0,1.0,1.4998885490058456e-05,0.0,0.0,0.0,0.0,0.0,0.0,0.0,0.0,1.0,0.0,0.0002078677644021809,0.34011584520339966,0.22908234596252441,0.009098413400352001,0.0,0.10633883625268936,0.10614878684282303,0.10614878684282303,0.2603491544723511,-0.2598850429058075,2.3457710773833185e-10,0.0,0.0,4.401675224304199,4.401675224304199,1.249678134918213,1.249678134918213,1.0629757642745972,0.0,0.0,0.0,0.0,1.0,0.0,1.0,1.0,1.4998885490058456e-05,1.0,1.249678134918213,0.0,1.249678134918213,1.246584177017212,1.4761189222335815,0.21703754365444183,0.02369973249733448,1.0,1.9582765102386475,1.8661246299743652,1.923202633857727,0.0,7.0,0.0,0.0,0.0,0.0,0.0,0.0,,,,,,,,,,,,,,,,,,,,,,0.001
12,3900,train,0.11832822859287262,0.11141983419656754,0.11168190091848373,0.0,0.004028009250760078,0.004028009250760078,0.0,4.407063007354736,9.999999747378752e-06,0.004999999888241291,0.004999999888241291,0.004999999888241291,9.999999747378752e-05,0.0,0.10000000149011612,0.07174620777368546,0.0,0.0,0.0,0.0,0.0,0.0,0.0,0.0,0.0,-1.5499370098114014,-1.5499370098114014,1.0,-1.5499370098114014,-1.5499370098114014,-0.5801597833633423,0.0,-4.099332809448242,1.475243330001831,1.0,0.07174620777368546,1.0,0.0,0.0,0.07174620777368546,0.0,0.0,0.0,0.0,1.0,0.0,1.0,1.0,1.4998885490058456e-05,0.0,0.0,0.0,0.0,0.0,0.0,0.0,0.0,1.0,0.0,0.0007504334789700806,0.3386516273021698,0.22872336208820343,0.008856832049787045,0.0,0.11168190091848373,0.11141983419656754,0.11141983419656754,0.26687735319137573,-0.2658829987049103,-3.3044778025015376e-10,0.0,0.0,4.4829936027526855,4.4829936027526855,1.2628414630889893,1.2628414630889893,1.106321096420288,0.0,0.0,0.0,0.0,1.0,0.0,1.0,1.0,1.4998885490058456e-05,1.0,1.2628414630889893,0.0,1.2628414630889893,1.2547907829284668,1.475243330001831,0.21966099739074707,0.023937450721859932,1.0,1.8235406875610352,1.9026823043823242,1.9239492416381836,0.0,7.0,0.0,0.0,0.0,0.0,0.0,0.0,,,,,,,,,,,,,,,,,,,,,,0.001
12,3920,train,0.11354579031467438,0.10803171247243881,0.10876072198152542,0.0,0.003507588990032673,0.003507588990032673,0.0,4.366973876953125,9.999999747378752e-06,0.004999999888241291,0.004999999888241291,0.004999999888241291,9.999999747378752e-05,0.0,0.10000000149011612,0.06742288172245026,0.0,0.0,0.0,0.0,0.0,0.0,0.0,0.0,0.0,-1.6306016445159912,-1.6306016445159912,1.0,-1.6306016445159912,-1.6306017637252808,-0.5695311427116394,0.0,-4.241555690765381,1.3753870725631714,1.0,0.06742288172245026,1.0,0.0,0.0,0.06742288172245026,0.0,0.0,0.0,0.0,1.0,0.0,1.0,1.0,1.4998885490058456e-05,0.0,0.0,0.0,0.0,0.0,0.0,0.0,0.0,1.0,0.0,0.0017800291534513235,0.32665926218032837,0.22026808559894562,0.009735887870192528,0.0,0.10876072198152542,0.10803171247243881,0.10803171247243881,0.22951817512512207,-0.2256191223859787,-5.790325441346056e-10,0.0,0.0,4.308825969696045,4.308825969696045,1.215694785118103,1.215694785118103,0.8933609127998352,0.0,0.0,0.0,0.0,1.0,0.0,1.0,1.0,1.4998885490058456e-05,1.0,1.215694785118103,0.0,1.215694785118103,1.210998773574829,1.3753870725631714,0.2182614505290985,0.02372967265546322,1.0,1.8252310752868652,1.853963851928711,1.8200273513793945,0.0,7.0,0.0,0.0,0.0,0.0,0.0,0.0,,,,,,,,,,,,,,,,,,,,,,0.001
12,3940,train,0.10901796817779541,0.10389944911003113,0.10413368046283722,0.0,0.004198558162897825,0.004198558162897825,0.0,4.422922611236572,9.999999747378752e-06,0.004999999888241291,0.004999999888241291,0.004999999888241291,9.999999747378752e-05,0.0,0.10000000149011612,0.05507197976112366,0.0,0.0,0.0,0.0,0.0,0.0,0.0,0.0,0.0,-1.5778948068618774,-1.5778948068618774,1.0,-1.5778948068618774,-1.5778948068618774,-0.5117659568786621,0.0,-4.1123223304748535,1.383151888847351,1.0,0.05507197976112366,1.0,0.0,0.0,0.05507197976112366,0.0,0.0,0.0,0.0,1.0,0.0,1.0,1.0,1.4998885490058456e-05,0.0,0.0,0.0,0.0,0.0,0.0,0.0,0.0,1.0,0.0,0.000662266684230417,0.3220992982387543,0.22998084127902985,0.008900093846023083,0.0,0.10413368046283722,0.10389944911003113,0.10389944911003113,0.2759628891944885,-0.27463358640670776,-6.946569985899487e-10,0.0,0.0,4.401518821716309,4.401519298553467,1.3006166219711304,1.3006166219711304,1.1272590160369873,0.0,0.0,0.0,0.0,1.0,0.0,1.0,1.0,1.4998885490058456e-05,1.0,1.3006166219711304,0.0,1.3006166219711304,1.3033181428909302,1.383151888847351,0.2176065444946289,0.02399657852947712,1.0,1.918679118156433,1.9133400917053223,1.9530726671218872,0.0,7.0,0.0,0.0,0.0,0.0,0.0,0.0,,,,,,,,,,,,,,,,,,,,,,0.001
12,3960,train,0.1258314698934555,0.1180398017168045,0.11835186183452606,0.0,0.00392689136788249,0.00392689136788249,0.0,4.352466106414795,9.999999747378752e-06,0.004999999888241291,0.004999999888241291,0.004999999888241291,9.999999747378752e-05,0.0,0.10000000149011612,0.06988366693258286,0.0,0.0,0.0,0.0,0.0,0.0,0.0,0.0,0.0,-1.594887614250183,-1.594887614250183,1.0,-1.594887614250183,-1.594887614250183,-0.4348655343055725,0.0,-4.163405418395996,1.437776803970337,1.0,0.06988366693258286,1.0,0.0,0.0,0.06988366693258286,0.0,0.0,0.0,0.0,1.0,0.0,1.0,1.0,1.4998885490058456e-05,0.0,0.0,0.0,0.0,0.0,0.0,0.0,0.0,1.0,0.0,0.0012739181984215975,0.34357795119285583,0.22576282918453217,0.00984743982553482,0.0,0.11835186183452606,0.1180398017168045,0.1180398017168045,0.27602729201316833,-0.2757672369480133,-5.010929449156265e-10,0.0,0.0,4.288825035095215,4.288825035095215,1.277887225151062,1.277887225151062,1.1240683794021606,0.0,0.0,0.0,0.0,1.0,0.0,1.0,1.0,1.4998885490058456e-05,1.0,1.2778871059417725,0.0,1.277887225151062,1.2516436576843262,1.437776803970337,0.21648813784122467,0.02313300408422947,1.0,1.7601103782653809,1.7910840511322021,1.817644476890564,0.0,7.0,0.0,0.0,0.0,0.0,0.0,0.0,,,,,,,,,,,,,,,,,,,,,,0.001
12,3980,train,0.10321048647165298,0.09868183732032776,0.09922529011964798,0.0,0.004020339343696833,0.004020339343696833,0.0,4.475664138793945,9.999999747378752e-06,0.004999999888241291,0.004999999888241291,0.004999999888241291,9.999999747378752e-05,0.0,0.10000000149011612,0.057926200330257416,0.0,0.0,0.0,0.0,0.0,0.0,0.0,0.0,0.0,-1.5387061834335327,-1.5387061834335327,1.0,-1.5387061834335327,-1.5387060642242432,-0.2953964173793793,0.0,-4.054803848266602,1.6802843809127808,1.0,0.057926200330257416,1.0,0.0,0.0,0.057926200330257416,0.0,0.0,0.0,0.0,1.0,0.0,1.0,1.0,1.4998885490058456e-05,0.0,0.0,0.0,0.0,0.0,0.0,0.0,0.0,1.0,0.0,0.00105209369212389,0.31930968165397644,0.2635785937309265,0.008223971351981163,0.0,0.09922529011964798,0.09868183732032776,0.09868183732032776,0.26750898361206055,-0.2664097249507904,-3.9924905048671633e-10,0.0,0.0,4.2165937423706055,4.2165937423706055,1.4043091535568237,1.4043091535568237,1.0065112113952637,0.0,0.0,0.0,0.0,1.0,0.0,1.0,1.0,1.4998885490058456e-05,1.0,1.4043091535568237,0.0,1.4043091535568237,1.3811627626419067,1.6802843809127808,0.22193649411201477,0.02477445639669895,1.0,1.8898636102676392,1.8488423824310303,1.8887637853622437,0.0,7.0,0.0,0.0,0.0,0.0,0.0,0.0,,,,,,,,,,,,,,,,,,,,,,0.001
12,4000,train,0.10371988266706467,0.0993548110127449,0.09957051277160645,0.0,0.004008698742836714,0.004008698742836714,0.0,4.437448501586914,9.999999747378752e-06,0.004999999888241291,0.004999999888241291,0.004999999888241291,9.999999747378752e-05,0.0,0.10000000149011612,0.06229066848754883,0.0,0.0,0.0,0.0,0.0,0.0,0.0,0.0,0.0,-1.561968445777893,-1.561968445777893,1.0,-1.561968445777893,-1.561968445777893,-0.3654913008213043,0.0,-4.077564716339111,1.4495207071304321,1.0,0.06229066848754883,1.0,0.0,0.0,0.06229066848754883,0.0,0.0,0.0,0.0,1.0,0.0,1.0,1.0,1.4998885490058456e-05,0.0,0.0,0.0,0.0,0.0,0.0,0.0,0.0,1.0,0.0,0.0013335850089788437,0.3539615571498871,0.23891760408878326,0.00855457317084074,0.0,0.09957051277160645,0.0993548110127449,0.0993548110127449,0.24310000240802765,-0.24118702113628387,-2.0368562392292233e-10,0.0,0.0,4.2940144538879395,4.2940144538879395,1.3079795837402344,1.3079795837402344,0.9682043194770813,0.0,0.0,0.0,0.0,1.0,0.0,1.0,1.0,1.4998885490058456e-05,1.0,1.3079794645309448,0.0,1.3079795837402344,1.3048654794692993,1.4495207071304321,0.21564695239067078,0.02361193299293518,1.0,1.8846814632415771,1.8279660940170288,1.8345792293548584,0.0,7.0,0.0,0.0,0.0,0.0,0.0,0.0,,,,,,,,,,,,,,,,,,,,,,0.001
12,4008,train_epoch,0.11151402871944234,0.10600133991973129,0.10620320412123989,0.0,0.003990511800313067,0.003990511800313067,0.0,4.393451283791822,9.999999747378752e-06,0.004999999888241291,0.004999999888241291,0.004999999888241291,9.999999747378752e-05,0.0,0.10000000149011612,0.0685113297028099,0.0,0.0,0.0,0.0,0.0,0.0,0.0,0.0,0.0,-1.5798690718805004,-1.5798690718805004,1.0,-1.5798690718805004,-1.5798690722374145,-0.7149560519321236,0.0,-4.119666577813154,1.3744871259449485,1.0,0.0685113297028099,1.0,0.0,0.0,0.0685113297028099,0.0,0.0,0.0,0.0,1.0,0.0,1.0,1.0,1.4998885490058456e-05,0.0,0.0,0.0,0.0,0.0,0.0,0.0,0.0,1.0,0.0,0.0009263888486776852,0.3293650020917733,0.22597922433814602,0.009244738693187336,0.0,0.10620320412123989,0.10600133991973129,0.10600133991973129,0.24904302204261997,-0.2474848935436346,-8.017299736811767e-12,0.0,0.0,4.30932284258083,4.309322851146766,1.229597763030115,1.229597763030115,0.9857230502331328,0.0,0.0,0.0,0.0,1.0,0.0,1.0,1.0,1.4998885490058456e-05,1.0,1.2295977323355076,0.0,1.229597763030115,1.2170425874744346,1.3744871259449485,0.2177454666820115,0.023903998540725536,1.0,1.8797711783540463,1.8781947379340669,1.8786312730726367,0.0,7.0,0.0,0.0,0.0,0.0,0.0,0.0,,,,,,,,,,,,,,,,,,,,,,0.001
12,4008,val,,,,,,,,,,,,,,,,,,,,,,,,,,,,,,,,,,,,,,,,,,,,,,,,,,,,,,,,,,,,,,,,,,,,,,,,,,,,,,,,,,,,,,,,,,,,,,,,,,,,,,,,,,,61.89076205662319,11025.363743373326,105.00173209701508,108.89506154400962,33.34613559927259,14.726001249892372,23.851294373344878,10.373638540506363,6.861096973930087,16.298116202865327,26.411968785052405,12.496525296143123,7.612390590565545,142.29563025065832,171.7817001993162,275.07556806291853,79.68406309400287,61.89076205662319,105.00173209701508,108.89506154400962,33.34613559927259,0.001
12,4008,test_select,,,,,,,,,,,,,,,,,,,,,,,,,,,,,,,,,,,,,,,,,,,,,,,,,,,,,,,,,,,,,,,,,,,,,,,,,,,,,,,,,,,,,,,,,,,,,,,,,,,,,,,,,,,67.1876129763467,12321.306017194476,111.00137844727189,102.08412342412132,36.8553580897195,18.30749851890973,28.572319743188615,16.515663189547404,8.71015939116478,23.139411159924098,36.04278666181214,21.618074583155767,10.918894299439021,148.71616888046265,179.78617273297462,247.91623088291712,85.33995015280587,67.1876129763467,111.00137844727189,102.08412342412132,36.8553580897195,0.001
13,4020,train,0.10221841931343079,0.10469270497560501,0.10475459694862366,0.0,0.004311366006731987,0.004311366006731987,0.0,4.452028274536133,1.4999999621068127e-05,0.007499999832361937,0.007499999832361937,0.007499999832361937,0.0001500000071246177,0.0,0.15000000596046448,0.07576695084571838,0.0,0.0,0.0,0.0,0.0,0.0,0.0,0.0,0.0,-1.5690460205078125,-1.5690460205078125,1.0,-1.5690460205078125,-1.5690460205078125,-0.2508927285671234,0.0,-4.10078763961792,1.5195198059082031,1.0,0.07576695084571838,1.0,0.0,0.0,0.07576695084571838,0.0,0.0,0.0,0.0,1.0,0.0,1.0,1.0,1.4998885490058456e-05,0.0,0.0,0.0,0.0,0.0,0.0,0.0,0.0,1.0,0.0,-5.4940599511610344e-05,0.3355982303619385,0.25304290652275085,0.008472240529954433,0.0,0.10475459694862366,0.10469270497560501,0.10469270497560501,0.24987272918224335,-0.24909627437591553,2.1049464948852403e-10,0.0,0.0,4.4645586013793945,4.4645586013793945,1.3764392137527466,1.3764392137527466,1.0456219911575317,0.0,0.0,0.0,0.0,1.0,0.0,1.0,1.0,1.4998885490058456e-05,1.0,1.3764389753341675,0.0,1.3764392137527466,1.3383864164352417,1.5195198059082031,0.22500745952129364,0.025175776332616806,1.0,1.9635002613067627,1.8628692626953125,1.831274390220642,0.0,7.0,0.0,0.0,0.0,0.0,0.0,0.0,,,,,,,,,,,,,,,,,,,,,,0.001
13,4040,train,0.09702993184328079,0.1006077229976654,0.10074492543935776,0.0,0.004343950189650059,0.004343950189650059,0.0,4.457067966461182,1.4999999621068127e-05,0.007499999832361937,0.007499999832361937,0.007499999832361937,0.0001500000071246177,0.0,0.15000000596046448,0.06816788762807846,0.0,0.0,0.0,0.0,0.0,0.0,0.0,0.0,0.0,-1.5890952348709106,-1.5890952348709106,1.0,-1.5890952348709106,-1.5890953540802002,-0.02685130015015602,0.0,-4.178182601928711,1.5143157243728638,1.0,0.06816788762807846,1.0,0.0,0.0,0.06816788762807846,0.0,0.0,0.0,0.0,1.0,0.0,1.0,1.0,1.4998885490058456e-05,0.0,0.0,0.0,0.0,0.0,0.0,0.0,0.0,1.0,0.0,-4.244426691002445e-06,0.33648884296417236,0.2538315951824188,0.00834602490067482,0.0,0.10074492543935776,0.1006077229976654,0.1006077229976654,0.25364211201667786,-0.2525213062763214,9.748268858800202e-10,0.0,0.0,4.266921043395996,4.266921043395996,1.4181394577026367,1.4181394577026367,1.0007199048995972,0.0,0.0,0.0,0.0,1.0,0.0,1.0,1.0,1.4998885490058456e-05,1.0,1.4181394577026367,0.0,1.4181394577026367,1.372554898262024,1.5143157243728638,0.22250986099243164,0.024257851764559746,1.0,1.7424930334091187,1.843361258506775,1.8070604801177979,0.0,7.0,0.0,0.0,0.0,0.0,0.0,0.0,,,,,,,,,,,,,,,,,,,,,,0.001
13,4060,train,0.10085030645132065,0.10403284430503845,0.10465875267982483,0.0,0.0037219407968223095,0.0037219407968223095,0.0,4.379000186920166,1.4999999621068127e-05,0.007499999832361937,0.007499999832361937,0.007499999832361937,0.0001500000071246177,0.0,0.15000000596046448,0.06825975328683853,0.0,0.0,0.0,0.0,0.0,0.0,0.0,0.0,0.0,-1.61454176902771,-1.61454176902771,1.0,-1.61454176902771,-1.61454176902771,-0.07003860920667648,0.0,-4.179710865020752,1.484500765800476,1.0,0.06825975328683853,1.0,0.0,0.0,0.06825975328683853,0.0,0.0,0.0,0.0,1.0,0.0,1.0,1.0,1.4998885490058456e-05,0.0,0.0,0.0,0.0,0.0,0.0,0.0,0.0,1.0,0.0,0.001581641030497849,0.3477543592453003,0.22956442832946777,0.009484400041401386,0.0,0.10465875267982483,0.10403284430503845,0.10403284430503845,0.20979143679141998,-0.20656335353851318,7.2932972161599e-11,0.0,0.0,4.443099021911621,4.443099021911621,1.2820210456848145,1.2820210456848145,0.8362392783164978,0.0,0.0,0.0,0.0,1.0,0.0,1.0,1.0,1.4998885490058456e-05,1.0,1.2820210456848145,0.0,1.2820210456848145,1.3155559301376343,1.484500765800476,0.2183968722820282,0.02358422800898552,1.0,1.777033805847168,1.7304878234863281,1.78798246383667,0.0,7.0,0.0,0.0,0.0,0.0,0.0,0.0,,,,,,,,,,,,,,,,,,,,,,0.001
13,4080,train,0.0953727439045906,0.09982845932245255,0.09946511685848236,0.0,0.004201368894428015,0.004201368894428015,0.0,4.400796890258789,1.4999999621068127e-05,0.007499999832361937,0.007499999832361937,0.007499999832361937,0.0001500000071246177,0.0,0.15000000596046448,0.06873593479394913,0.0,0.0,0.0,0.0,0.0,0.0,0.0,0.0,0.0,-1.6304384469985962,-1.6304384469985962,1.0,-1.6304384469985962,-1.6304384469985962,0.017137181013822556,0.0,-4.200015544891357,1.4840717315673828,1.0,0.06873593479394913,1.0,0.0,0.0,0.06873593479394913,0.0,0.0,0.0,0.0,1.0,0.0,1.0,1.0,1.4998885490058456e-05,0.0,0.0,0.0,0.0,0.0,0.0,0.0,0.0,1.0,0.0,0.0002732763241510838,0.3402918577194214,0.23221969604492188,0.009015630930662155,0.0,0.09946511685848236,0.09982845932245255,0.09982845932245255,0.2416882961988449,-0.2410421073436737,4.813674459036577e-10,0.0,0.0,4.399142742156982,4.399143218994141,1.3342458009719849,1.3342458009719849,0.9544298052787781,0.0,0.0,0.0,0.0,1.0,0.0,1.0,1.0,1.4998885490058456e-05,1.0,1.3342456817626953,0.0,1.3342458009719849,1.3074806928634644,1.4840717315673828,0.22347994148731232,0.024407869204878807,1.0,1.7717565298080444,1.8244847059249878,1.843319058418274,0.0,7.0,0.0,0.0,0.0,0.0,0.0,0.0,,,,,,,,,,,,,,,,,,,,,,0.001
13,4100,train,0.10500091314315796,0.10760163515806198,0.1079048216342926,0.0,0.003915616776794195,0.003915616776794195,0.0,4.418343544006348,1.4999999621068127e-05,0.007499999832361937,0.007499999832361937,0.007499999832361937,0.0001500000071246177,0.0,0.15000000596046448,0.06719956547021866,0.0,0.0,0.0,0.0,0.0,0.0,0.0,0.0,0.0,-1.6191612482070923,-1.6191612482070923,1.0,-1.6191612482070923,-1.6191611289978027,0.27495336532592773,0.0,-4.205915927886963,1.5346730947494507,1.0,0.06719956547021866,1.0,0.0,0.0,0.06719956547021866,0.0,0.0,0.0,0.0,1.0,0.0,1.0,1.0,1.4998885490058456e-05,0.0,0.0,0.0,0.0,0.0,0.0,0.0,0.0,1.0,0.0,0.0015765927964821458,0.33122143149375916,0.24688702821731567,0.008969000540673733,0.0,0.1079048216342926,0.10760163515806198,0.10760163515806198,0.2600834369659424,-0.25959542393684387,-3.572825924003098e-10,0.0,0.0,4.380015850067139,4.380015850067139,1.4003008604049683,1.4003008604049683,1.052614688873291,0.0,0.0,0.0,0.0,1.0,0.0,1.0,1.0,1.4998885490058456e-05,1.0,1.4003008604049683,0.0,1.4003008604049683,1.3437328338623047,1.5346730947494507,0.2261538803577423,0.02489078789949417,1.0,1.87576425075531,1.8496789932250977,1.8074184656143188,0.0,7.0,0.0,0.0,0.0,0.0,0.0,0.0,,,,,,,,,,,,,,,,,,,,,,0.001
13,4120,train,0.09938500821590424,0.10299091786146164,0.10309892892837524,0.0,0.004235492553561926,0.004235492553561926,0.0,4.432768821716309,1.4999999621068127e-05,0.007499999832361937,0.007499999832361937,0.007499999832361937,0.0001500000071246177,0.0,0.15000000596046448,0.06634911894798279,0.0,0.0,0.0,0.0,0.0,0.0,0.0,0.0,0.0,-1.622260570526123,-1.622260570526123,1.0,-1.622260570526123,-1.622260570526123,0.3833191394805908,0.0,-4.20296573638916,1.4938433170318604,1.0,0.06634911894798279,1.0,0.0,0.0,0.06634911894798279,0.0,0.0,0.0,0.0,1.0,0.0,1.0,1.0,1.4998885490058456e-05,0.0,0.0,0.0,0.0,0.0,0.0,0.0,0.0,1.0,0.0,0.00023158338444773108,0.32853832840919495,0.2399173527956009,0.00864237267524004,0.0,0.10309892892837524,0.10299091786146164,0.10299091786146164,0.25438055396080017,-0.25403502583503723,3.910929635697613e-10,0.0,0.0,4.314769268035889,4.314769268035889,1.3576873540878296,1.3576873540878296,1.01019287109375,0.0,0.0,0.0,0.0,1.0,0.0,1.0,1.0,1.4998885490058456e-05,1.0,1.3576873540878296,0.0,1.3576873540878296,1.3352943658828735,1.4938433170318604,0.22627590596675873,0.024746887385845184,1.0,1.8682948350906372,1.8270127773284912,1.8466695547103882,0.0,7.0,0.0,0.0,0.0,0.0,0.0,0.0,,,,,,,,,,,,,,,,,,,,,,0.001
13,4140,train,0.0987839326262474,0.10206185281276703,0.10199403762817383,0.0,0.004023889545351267,0.004023889545351267,0.0,4.4277424812316895,1.4999999621068127e-05,0.007499999832361937,0.007499999832361937,0.007499999832361937,0.0001500000071246177,0.0,0.15000000596046448,0.07034196704626083,0.0,0.0,0.0,0.0,0.0,0.0,0.0,0.0,0.0,-1.585591435432434,-1.585591435432434,1.0,-1.585591435432434,-1.585591435432434,0.34230732917785645,0.0,-4.174936771392822,1.5775017738342285,1.0,0.07034196704626083,1.0,0.0,0.0,0.07034196704626083,0.0,0.0,0.0,0.0,1.0,0.0,1.0,1.0,1.4998885490058456e-05,0.0,0.0,0.0,0.0,0.0,0.0,0.0,0.0,1.0,0.0,0.0011812028242275119,0.3457728326320648,0.25176990032196045,0.00884962547570467,0.0,0.10199403762817383,0.10206185281276703,0.10206185281276703,0.2598503530025482,-0.2594642639160156,1.2628779966217252e-10,0.0,0.0,4.345982551574707,4.345982551574707,1.376918911933899,1.376918911933899,1.0397526025772095,0.0,0.0,0.0,0.0,1.0,0.0,1.0,1.0,1.4998885490058456e-05,1.0,1.376918911933899,0.0,1.376918911933899,1.391886830329895,1.5775017738342285,0.22449611127376556,0.024783922359347343,1.0,1.7865166664123535,1.815208911895752,1.7854043245315552,0.0,7.0,0.0,0.0,0.0,0.0,0.0,0.0,,,,,,,,,,,,,,,,,,,,,,0.001
13,4160,train,0.10647528618574142,0.10905390977859497,0.10947903245687485,0.0,0.0041243876330554485,0.0041243876330554485,0.0,4.377453327178955,1.4999999621068127e-05,0.007499999832361937,0.007499999832361937,0.007499999832361937,0.0001500000071246177,0.0,0.15000000596046448,0.07759064435958862,0.0,0.0,0.0,0.0,0.0,0.0,0.0,0.0,0.0,-1.6388444900512695,-1.6388444900512695,1.0,-1.6388444900512695,-1.6388444900512695,0.36664527654647827,0.0,-4.2290143966674805,1.5509980916976929,1.0,0.07759064435958862,1.0,0.0,0.0,0.07759064435958862,0.0,0.0,0.0,0.0,1.0,0.0,1.0,1.0,1.4998885490058456e-05,0.0,0.0,0.0,0.0,0.0,0.0,0.0,0.0,1.0,0.0,0.0009838346159085631,0.36150822043418884,0.24605458974838257,0.009708339348435402,0.0,0.10947903245687485,0.10905390977859497,0.10905390977859497,0.25784897804260254,-0.2570172846317291,-3.634452183653991e-10,0.0,0.0,4.39781379699707,4.39781379699707,1.344605565071106,1.344605565071106,1.0339969396591187,0.0,0.0,0.0,0.0,1.0,0.0,1.0,1.0,1.4998885490058456e-05,1.0,1.344605565071106,0.0,1.344605565071106,1.3692271709442139,1.5509980916976929,0.22269417345523834,0.024014905095100403,1.0,1.769770860671997,1.815397024154663,1.7785475254058838,0.0,7.0,0.0,0.0,0.0,0.0,0.0,0.0,,,,,,,,,,,,,,,,,,,,,,0.001
13,4180,train,0.10824079811573029,0.11025378108024597,0.11032740771770477,0.0,0.004201089963316917,0.004201089963316917,0.0,4.430318832397461,1.4999999621068127e-05,0.007499999832361937,0.007499999832361937,0.007499999832361937,0.0001500000071246177,0.0,0.15000000596046448,0.06325758993625641,0.0,0.0,0.0,0.0,0.0,0.0,0.0,0.0,0.0,-1.6123943328857422,-1.6123943328857422,1.0,-1.6123943328857422,-1.6123942136764526,0.5308184027671814,0.0,-4.184385776519775,1.5991894006729126,1.0,0.06325758993625641,1.0,0.0,0.0,0.06325758993625641,0.0,0.0,0.0,0.0,1.0,0.0,1.0,1.0,1.4998885490058456e-05,0.0,0.0,0.0,0.0,0.0,0.0,0.0,0.0,1.0,0.0,0.0006319700041785836,0.3453310430049896,0.2563486099243164,0.008794350549578667,0.0,0.11032740771770477,0.11025378108024597,0.11025378108024597,0.273317813873291,-0.27280205488204956,3.0649566218343693e-10,0.0,0.0,4.279831409454346,4.279831409454346,1.4597244262695312,1.4597244262695312,1.0746041536331177,0.0,0.0,0.0,0.0,1.0,0.0,1.0,1.0,1.4998885490058456e-05,1.0,1.4597243070602417,0.0,1.4597244262695312,1.428877830505371,1.5991894006729126,0.22483856976032257,0.024164626374840736,1.0,1.7302687168121338,1.7775871753692627,1.8078235387802124,0.0,7.0,0.0,0.0,0.0,0.0,0.0,0.0,,,,,,,,,,,,,,,,,,,,,,0.001
13,4200,train,0.10941707342863083,0.11170697957277298,0.11203404515981674,0.0,0.004012785851955414,0.004012785851955414,0.0,4.40565824508667,1.4999999621068127e-05,0.007499999832361937,0.007499999832361937,0.007499999832361937,0.0001500000071246177,0.0,0.15000000596046448,0.08664639294147491,0.0,0.0,0.0,0.0,0.0,0.0,0.0,0.0,0.0,-1.6537256240844727,-1.6537256240844727,1.0,-1.6537256240844727,-1.6537256240844727,0.7303441762924194,0.0,-4.251780986785889,1.5952712297439575,1.0,0.08664639294147491,1.0,0.0,0.0,0.08664639294147491,0.0,0.0,0.0,0.0,1.0,0.0,1.0,1.0,1.4998885490058456e-05,0.0,0.0,0.0,0.0,0.0,0.0,0.0,0.0,1.0,0.0,-5.297791722114198e-05,0.31691545248031616,0.24774950742721558,0.009135938249528408,0.0,0.11203404515981674,0.11170697957277298,0.11170697957277298,0.26998311281204224,-0.26940619945526123,-2.0323917548914494e-10,0.0,0.0,4.242635250091553,4.242635250091553,1.4317994117736816,1.4317994117736816,1.0571914911270142,0.0,0.0,0.0,0.0,1.0,0.0,1.0,1.0,1.4998885490058456e-05,1.0,1.4317994117736816,0.0,1.4317994117736816,1.4177223443984985,1.5952712297439575,0.22884194552898407,0.024729711934924126,1.0,1.938785195350647,1.8277896642684937,1.8271868228912354,0.0,7.0,0.0,0.0,0.0,0.0,0.0,0.0,,,,,,,,,,,,,,,,,,,,,,0.001
13,4220,train,0.10009512305259705,0.10319463908672333,0.10331285744905472,0.0,0.003980677109211683,0.003980677109211683,0.0,4.41827917098999,1.4999999621068127e-05,0.007499999832361937,0.007499999832361937,0.007499999832361937,0.0001500000071246177,0.0,0.15000000596046448,0.06755514442920685,0.0,0.0,0.0,0.0,0.0,0.0,0.0,0.0,0.0,-1.5912237167358398,-1.5912237167358398,1.0,-1.5912237167358398,-1.5912237167358398,0.8622267246246338,0.0,-4.170206069946289,1.6400532722473145,1.0,0.06755514442920685,1.0,0.0,0.0,0.06755514442920685,0.0,0.0,0.0,0.0,1.0,0.0,1.0,1.0,1.4998885490058456e-05,0.0,0.0,0.0,0.0,0.0,0.0,0.0,0.0,1.0,0.0,0.0014511742629110813,0.3475760519504547,0.26149410009384155,0.009045152924954891,0.0,0.10331285744905472,0.10319463908672333,0.10319463908672333,0.273330956697464,-0.2727704346179962,-5.289970683719503e-10,0.0,0.0,4.294785022735596,4.294785022735596,1.457929015159607,1.457929015159607,1.0764617919921875,0.0,0.0,0.0,0.0,1.0,0.0,1.0,1.0,1.4998885490058456e-05,1.0,1.457929015159607,0.0,1.457929015159607,1.4362866878509521,1.6400532722473145,0.22643673419952393,0.02511773444712162,1.0,1.8021961450576782,1.7460861206054688,1.7382110357284546,0.0,7.0,0.0,0.0,0.0,0.0,0.0,0.0,,,,,,,,,,,,,,,,,,,,,,0.001
13,4240,train,0.10118743032217026,0.1047234982252121,0.10498349368572235,0.0,0.0037567538674920797,0.0037567538674920797,0.0,4.430818557739258,1.4999999621068127e-05,0.007499999832361937,0.007499999832361937,0.007499999832361937,0.0001500000071246177,0.0,0.15000000596046448,0.06811106204986572,0.0,0.0,0.0,0.0,0.0,0.0,0.0,0.0,0.0,-1.6425082683563232,-1.6425082683563232,1.0,-1.6425082683563232,-1.6425082683563232,0.8535251021385193,0.0,-4.295180797576904,1.5089181661605835,1.0,0.06811106204986572,1.0,0.0,0.0,0.06811106204986572,0.0,0.0,0.0,0.0,1.0,0.0,1.0,1.0,1.4998885490058456e-05,0.0,0.0,0.0,0.0,0.0,0.0,0.0,0.0,1.0,0.0,0.0014578398549929261,0.3320017158985138,0.2506085932254791,0.008781511336565018,0.0,0.10498349368572235,0.1047234982252121,0.1047234982252121,0.26353931427001953,-0.26306578516960144,3.2063551813621416e-10,0.0,0.0,4.336296558380127,4.336296558380127,1.3972326517105103,1.3972326517105103,1.0423578023910522,0.0,0.0,0.0,0.0,1.0,0.0,1.0,1.0,1.4998885490058456e-05,1.0,1.3972325325012207,0.0,1.3972326517105103,1.377366304397583,1.5089181661605835,0.2299424558877945,0.02500678226351738,1.0,1.7038660049438477,1.7574870586395264,1.7255669832229614,0.0,7.0,0.0,0.0,0.0,0.0,0.0,0.0,,,,,,,,,,,,,,,,,,,,,,0.001
13,4260,train,0.09404987096786499,0.09839242696762085,0.09857354313135147,0.0,0.003804044099524617,0.003804044099524617,0.0,4.398538112640381,1.4999999621068127e-05,0.007499999832361937,0.007499999832361937,0.007499999832361937,0.0001500000071246177,0.0,0.15000000596046448,0.07608698308467865,0.0,0.0,0.0,0.0,0.0,0.0,0.0,0.0,0.0,-1.61087965965271,-1.61087965965271,1.0,-1.61087965965271,-1.61087965965271,0.8649422526359558,0.0,-4.202678203582764,1.6324177980422974,1.0,0.07608698308467865,1.0,0.0,0.0,0.07608698308467865,0.0,0.0,0.0,0.0,1.0,0.0,1.0,1.0,1.4998885490058456e-05,0.0,0.0,0.0,0.0,0.0,0.0,0.0,0.0,1.0,0.0,0.0012644001981243491,0.34521767497062683,0.2520900070667267,0.009282916784286499,0.0,0.09857354313135147,0.09839242696762085,0.09839242696762085,0.24264897406101227,-0.2422839105129242,-2.0316247295593115e-10,0.0,0.0,4.486054420471191,4.486054420471191,1.4149494171142578,1.4149494171142578,0.9874551296234131,0.0,0.0,0.0,0.0,1.0,0.0,1.0,1.0,1.4998885490058456e-05,1.0,1.4149492979049683,0.0,1.4149494171142578,1.4205524921417236,1.6324177980422974,0.2334652841091156,0.025187326595187187,1.0,1.8000335693359375,1.781400442123413,1.7790496349334717,0.0,7.0,0.0,0.0,0.0,0.0,0.0,0.0,,,,,,,,,,,,,,,,,,,,,,0.001
13,4280,train,0.09782052785158157,0.10132893919944763,0.10165809094905853,0.0,0.004133324604481459,0.004133324604481459,0.0,4.433510780334473,1.4999999621068127e-05,0.007499999832361937,0.007499999832361937,0.007499999832361937,0.0001500000071246177,0.0,0.15000000596046448,0.06147797405719757,0.0,0.0,0.0,0.0,0.0,0.0,0.0,0.0,0.0,-1.596450924873352,-1.596450924873352,1.0,-1.596450924873352,-1.596450924873352,0.833983838558197,0.0,-4.14969539642334,1.6090030670166016,1.0,0.06147797405719757,1.0,0.0,0.0,0.06147797405719757,0.0,0.0,0.0,0.0,1.0,0.0,1.0,1.0,1.4998885490058456e-05,0.0,0.0,0.0,0.0,0.0,0.0,0.0,0.0,1.0,0.0,0.000595674617215991,0.3516835868358612,0.2535555064678192,0.008752034045755863,0.0,0.10165809094905853,0.10132893919944763,0.10132893919944763,0.22438132762908936,-0.22366997599601746,-3.8390132739429816e-10,0.0,0.0,4.673924446105957,4.673924446105957,1.4395948648452759,1.4395948648452759,0.9301155805587769,0.0,0.0,0.0,0.0,1.0,0.0,1.0,1.0,1.4998885490058456e-05,1.0,1.4395947456359863,0.0,1.4395948648452759,1.3996580839157104,1.6090030670166016,0.2329210638999939,0.024817753583192825,1.0,1.7934057712554932,1.8029603958129883,1.7913744449615479,0.0,7.0,0.0,0.0,0.0,0.0,0.0,0.0,,,,,,,,,,,,,,,,,,,,,,0.001
13,4300,train,0.09346088021993637,0.09758360683917999,0.09776952117681503,0.0,0.004227259196341038,0.004227259196341038,0.0,4.461369514465332,1.4999999621068127e-05,0.007499999832361937,0.007499999832361937,0.007499999832361937,0.0001500000071246177,0.0,0.15000000596046448,0.06998798996210098,0.0,0.0,0.0,0.0,0.0,0.0,0.0,0.0,0.0,-1.585716724395752,-1.585716724395752,1.0,-1.585716724395752,-1.585716724395752,1.241939902305603,0.0,-4.121674060821533,1.7090193033218384,1.0,0.06998798996210098,1.0,0.0,0.0,0.06998798996210098,0.0,0.0,0.0,0.0,1.0,0.0,1.0,1.0,1.4998885490058456e-05,0.0,0.0,0.0,0.0,0.0,0.0,0.0,0.0,1.0,0.0,0.00036045582965016365,0.33896932005882263,0.2769383192062378,0.008587205782532692,0.0,0.09776952117681503,0.09758360683917999,0.09758360683917999,0.2504138648509979,-0.250039279460907,2.2710960889682497e-10,0.0,0.0,4.570556640625,4.570556640625,1.5235563516616821,1.5235563516616821,1.0191624164581299,0.0,0.0,0.0,0.0,1.0,0.0,1.0,1.0,1.4998885490058456e-05,1.0,1.5235562324523926,0.0,1.5235563516616821,1.4841910600662231,1.7090193033218384,0.23598305881023407,0.025535617023706436,1.0,1.8109341859817505,1.8419941663742065,1.776976227760315,0.0,7.0,0.0,0.0,0.0,0.0,0.0,0.0,,,,,,,,,,,,,,,,,,,,,,0.001
13,4320,train,0.10919775813817978,0.11174057424068451,0.11197876185178757,0.0,0.00354607286863029,0.00354607286863029,0.0,4.39954948425293,1.4999999621068127e-05,0.007499999832361937,0.007499999832361937,0.007499999832361937,0.0001500000071246177,0.0,0.15000000596046448,0.05601096898317337,0.0,0.0,0.0,0.0,0.0,0.0,0.0,0.0,0.0,-1.6693038940429688,-1.6693038940429688,1.0,-1.6693038940429688,-1.6693038940429688,1.1824264526367188,0.0,-4.308342933654785,1.5380831956863403,1.0,0.05601096898317337,1.0,0.0,0.0,0.05601096898317337,0.0,0.0,0.0,0.0,1.0,0.0,1.0,1.0,1.4998885490058456e-05,0.0,0.0,0.0,0.0,0.0,0.0,0.0,0.0,1.0,0.0,0.002028437564149499,0.3249790370464325,0.2378099262714386,0.009098434820771217,0.0,0.11197876185178757,0.11174057424068451,0.11174057424068451,0.2673601508140564,-0.26521673798561096,-5.32360211469296e-10,0.0,0.0,4.315542697906494,4.315542697906494,1.3710516691207886,1.3710516691207886,1.0713311433792114,0.0,0.0,0.0,0.0,1.0,0.0,1.0,1.0,1.4998885490058456e-05,1.0,1.3710516691207886,0.0,1.3710516691207886,1.3884004354476929,1.5380831956863403,0.2355966717004776,0.024695638567209244,1.0,1.732415795326233,1.805877923965454,1.7964235544204712,0.0,7.0,0.0,0.0,0.0,0.0,0.0,0.0,,,,,,,,,,,,,,,,,,,,,,0.001
13,4340,train,0.0942031741142273,0.09856566041707993,0.09852025657892227,0.0,0.0041200858540833,0.0041200858540833,0.0,4.449517250061035,1.4999999621068127e-05,0.007499999832361937,0.007499999832361937,0.007499999832361937,0.0001500000071246177,0.0,0.15000000596046448,0.07732024788856506,0.0,0.0,0.0,0.0,0.0,0.0,0.0,0.0,0.0,-1.6117188930511475,-1.6117188930511475,1.0,-1.6117188930511475,-1.6117188930511475,0.9129648804664612,0.0,-4.213998317718506,1.549811840057373,1.0,0.07732024788856506,1.0,0.0,0.0,0.07732024788856506,0.0,0.0,0.0,0.0,1.0,0.0,1.0,1.0,1.4998885490058456e-05,0.0,0.0,0.0,0.0,0.0,0.0,0.0,0.0,1.0,0.0,0.00028296661912463605,0.3470189869403839,0.2465248703956604,0.008349430747330189,0.0,0.09852025657892227,0.09856566041707993,0.09856566041707993,0.22987055778503418,-0.22963890433311462,-5.496052224440717e-11,0.0,0.0,4.473471641540527,4.473471641540527,1.3818730115890503,1.3818730115890503,0.9382984042167664,0.0,0.0,0.0,0.0,1.0,0.0,1.0,1.0,1.4998885490058456e-05,1.0,1.3818730115890503,0.0,1.3818730115890503,1.3994735479354858,1.549811840057373,0.23052160441875458,0.024626798927783966,1.0,1.7743394374847412,1.7467970848083496,1.7809492349624634,0.0,7.0,0.0,0.0,0.0,0.0,0.0,0.0,,,,,,,,,,,,,,,,,,,,,,0.001
13,4342,train_epoch,0.10243810987668837,0.10539384529797617,0.10558316765163472,0.0,0.004070428287203306,0.004070428287203306,0.0,4.421299640290037,1.4999999621068127e-05,0.007499999832361937,0.007499999832361937,0.007499999832361937,0.0001500000071246177,0.0,0.15000000596046448,0.0703510357524285,0.0,0.0,0.0,0.0,0.0,0.0,0.0,0.0,0.0,-1.6119846680207166,-1.6119846680207166,1.0,-1.6119846680207166,-1.6119846680207166,0.4892783287897271,0.0,-4.194319143980563,1.5578778568142189,1.0,0.0703510357524285,1.0,0.0,0.0,0.0703510357524285,0.0,0.0,0.0,0.0,1.0,0.0,1.0,1.0,1.4998885490058456e-05,0.0,0.0,0.0,0.0,0.0,0.0,0.0,0.0,1.0,0.0,0.0008060219859879238,0.3408483607683353,0.24762227890377272,0.008896931676852132,0.0,0.10558316765163472,0.10539384529797617,0.10539384529797617,0.25052617280604594,-0.24929434431348732,1.5322226733791628e-11,0.0,0.0,4.413038425102919,4.413038423675263,1.3899762155766973,1.3899762155766973,1.0119811119790563,0.0,0.0,0.0,0.0,1.0,0.0,1.0,1.0,1.4998885490058456e-05,1.0,1.389976176316153,0.0,1.3899762155766973,1.378972711677323,1.5578778568142189,0.2263288618829436,0.024522099649522476,1.0,1.8048514209821553,1.8036191252891176,1.8034788023925827,0.0,7.0,0.0,0.0,0.0,0.0,0.0,0.0,,,,,,,,,,,,,,,,,,,,,,0.001
13,4342,val,,,,,,,,,,,,,,,,,,,,,,,,,,,,,,,,,,,,,,,,,,,,,,,,,,,,,,,,,,,,,,,,,,,,,,,,,,,,,,,,,,,,,,,,,,,,,,,,,,,,,,,,,,,61.36548096793039,10826.050885881696,104.04831034611612,108.24296121937888,33.037906527519226,14.749372869729996,23.75825516204174,10.435831912926265,6.862610127244677,16.339997415031707,26.23334792953771,12.321624002286367,7.682162770203182,140.52655867167883,169.83489324945276,272.9461052758353,78.63360367502484,61.36548096793039,104.04831034611612,108.24296121937888,33.037906527519226,0.001
13,4342,test_select,,,,,,,,,,,,,,,,,,,,,,,,,,,,,,,,,,,,,,,,,,,,,,,,,,,,,,,,,,,,,,,,,,,,,,,,,,,,,,,,,,,,,,,,,,,,,,,,,,,,,,,,,,,67.28650389398847,12161.25634765625,110.27808643450543,101.5930152790887,36.74229952267238,19.25066605636052,29.917972278023765,16.804922636066163,9.018203543765205,24.52083363703319,37.95448379314317,22.08571451476642,11.431888840028218,146.7677298954555,177.61428758059492,245.55284605707442,84.18423005512783,67.28650389398847,110.27808643450543,101.5930152790887,36.74229952267238,0.001
14,4360,train,0.11284597963094711,0.12055691331624985,0.12048084288835526,0.0,0.005328501109033823,0.005328501109033823,0.0,4.431514739990234,1.9999999494757503e-05,0.009999999776482582,0.009999999776482582,0.009999999776482582,0.00019999999494757503,0.0,0.20000000298023224,0.07506971061229706,0.0,0.0,0.0,0.0,0.0,0.0,0.0,0.0,0.0,-1.5982015132904053,-1.5982015132904053,1.0,-1.5982015132904053,-1.5982012748718262,1.045583963394165,0.0,-4.144652843475342,1.6666141748428345,1.0,0.07506971061229706,1.0,0.0,0.0,0.07506971061229706,0.0,0.0,0.0,0.0,1.0,0.0,1.0,1.0,1.4998885490058456e-05,0.0,0.0,0.0,0.0,0.0,0.0,0.0,0.0,1.0,0.0,0.0016169077716767788,0.35839390754699707,0.2599032521247864,0.008762991055846214,0.0,0.12048084288835526,0.12055691331624985,0.12055691331624985,0.27141836285591125,-0.27126991748809814,-3.214084554059582e-10,0.0,0.0,4.309714317321777,4.309713840484619,1.4530830383300781,1.4530830383300781,1.0738447904586792,0.0,0.0,0.0,0.0,1.0,0.0,1.0,1.0,1.4998885490058456e-05,1.0,1.4530830383300781,0.0,1.4530830383300781,1.4598562717437744,1.6666141748428345,0.2887916564941406,0.028078727424144745,1.0,1.8384735584259033,1.7317055463790894,1.74138605594635,0.0,8.0,0.0,0.0,0.0,0.0,0.0,0.0,,,,,,,,,,,,,,,,,,,,,,0.001
14,4380,train,0.09282365441322327,0.10389000177383423,0.10450955480337143,0.0,0.004816163796931505,0.004816163796931505,0.0,4.468735694885254,1.9999999494757503e-05,0.009999999776482582,0.009999999776482582,0.009999999776482582,0.00019999999494757503,0.0,0.20000000298023224,0.06412040442228317,0.0,0.0,0.0,0.0,0.0,0.0,0.0,0.0,0.0,-1.6059308052062988,-1.6059308052062988,1.0,-1.6059308052062988,-1.605931043624878,1.2374142408370972,0.0,-4.225217819213867,1.6449459791183472,1.0,0.06412040442228317,1.0,0.0,0.0,0.06412040442228317,0.0,0.0,0.0,0.0,1.0,0.0,1.0,1.0,1.4998885490058456e-05,0.0,0.0,0.0,0.0,0.0,0.0,0.0,0.0,1.0,0.0,0.0006597674218937755,0.3330764174461365,0.26340919733047485,0.008300994522869587,0.0,0.10450955480337143,0.10389000177383423,0.10389000177383423,0.22664384543895721,-0.22577135264873505,1.2874980248600565e-10,0.0,0.0,4.24979829788208,4.24979829788208,1.4664443731307983,1.4664443731307983,0.867945671081543,0.0,0.0,0.0,0.0,1.0,0.0,1.0,1.0,1.4998885490058456e-05,1.0,1.4664443731307983,0.0,1.4664443731307983,1.4776705503463745,1.6449459791183472,0.3043181598186493,0.02878938615322113,1.0,1.8287618160247803,1.8030961751937866,1.7681013345718384,0.0,8.0,0.0,0.0,0.0,0.0,0.0,0.0,,,,,,,,,,,,,,,,,,,,,,0.001
14,4400,train,0.093856081366539,0.10483167320489883,0.10492300242185593,0.0,0.0051255542784929276,0.0051255542784929276,0.0,4.416757583618164,1.9999999494757503e-05,0.009999999776482582,0.009999999776482582,0.009999999776482582,0.00019999999494757503,0.0,0.20000000298023224,0.056884121149778366,0.0,0.0,0.0,0.0,0.0,0.0,0.0,0.0,0.0,-1.6055577993392944,-1.6055577993392944,1.0,-1.6055577993392944,-1.6055577993392944,1.2304482460021973,0.0,-4.22121000289917,1.5721403360366821,1.0,0.056884121149778366,1.0,0.0,0.0,0.056884121149778366,0.0,0.0,0.0,0.0,1.0,0.0,1.0,1.0,1.4998885490058456e-05,0.0,0.0,0.0,0.0,0.0,0.0,0.0,0.0,1.0,0.0,0.0012322390684857965,0.3590835928916931,0.25576627254486084,0.009038787335157394,0.0,0.10492300242185593,0.10483167320489883,0.10483167320489883,0.25964024662971497,-0.25907641649246216,-8.118156841208091e-11,0.0,0.0,4.4084553718566895,4.4084553718566895,1.4658863544464111,1.4658863544464111,1.060909390449524,0.0,0.0,0.0,0.0,1.0,0.0,1.0,1.0,1.4998885490058456e-05,1.0,1.4658863544464111,0.0,1.4658863544464111,1.4464789628982544,1.5721403360366821,0.2871232330799103,0.02820071019232273,1.0,1.8037540912628174,1.770485758781433,1.7675172090530396,0.0,8.0,0.0,0.0,0.0,0.0,0.0,0.0,,,,,,,,,,,,,,,,,,,,,,0.001
14,4420,train,0.10664347559213638,0.11575859040021896,0.11623051762580872,0.0,0.004463180899620056,0.004463180899620056,0.0,4.395924091339111,1.9999999494757503e-05,0.009999999776482582,0.009999999776482582,0.009999999776482582,0.00019999999494757503,0.0,0.20000000298023224,0.06069750338792801,0.0,0.0,0.0,0.0,0.0,0.0,0.0,0.0,0.0,-1.6252952814102173,-1.6252952814102173,1.0,-1.6252952814102173,-1.6252952814102173,1.472221851348877,0.0,-4.2352190017700195,1.6572368144989014,1.0,0.06069750338792801,1.0,0.0,0.0,0.06069750338792801,0.0,0.0,0.0,0.0,1.0,0.0,1.0,1.0,1.4998885490058456e-05,0.0,0.0,0.0,0.0,0.0,0.0,0.0,0.0,1.0,0.0,0.0014185839099809527,0.3491726219654083,0.2537895441055298,0.009400852955877781,0.0,0.11623051762580872,0.11575859040021896,0.11575859040021896,0.2471337765455246,-0.24352480471134186,8.890979966147405e-12,0.0,0.0,4.313591957092285,4.313591957092285,1.45431649684906,1.45431649684906,0.9826931357383728,0.0,0.0,0.0,0.0,1.0,0.0,1.0,1.0,1.4998885490058456e-05,1.0,1.45431649684906,0.0,1.45431649684906,1.4609425067901611,1.6572368144989014,0.28343307971954346,0.02814541570842266,1.0,1.6244598627090454,1.6790587902069092,1.7515380382537842,0.0,8.0,0.0,0.0,0.0,0.0,0.0,0.0,,,,,,,,,,,,,,,,,,,,,,0.001
14,4440,train,0.08907077461481094,0.10126253962516785,0.10125204175710678,0.0,0.004643543157726526,0.004643543157726526,0.0,4.428459167480469,1.9999999494757503e-05,0.009999999776482582,0.009999999776482582,0.009999999776482582,0.00019999999494757503,0.0,0.20000000298023224,0.07535181194543839,0.0,0.0,0.0,0.0,0.0,0.0,0.0,0.0,0.0,-1.6296124458312988,-1.6296124458312988,1.0,-1.6296124458312988,-1.6296124458312988,1.488386869430542,0.0,-4.227086067199707,1.6837154626846313,1.0,0.07535181194543839,1.0,0.0,0.0,0.07535181194543839,0.0,0.0,0.0,0.0,1.0,0.0,1.0,1.0,1.4998885490058456e-05,0.0,0.0,0.0,0.0,0.0,0.0,0.0,0.0,1.0,0.0,0.0004793620319105685,0.34824323654174805,0.2738744616508484,0.00920261349529028,0.0,0.10125204175710678,0.10126253962516785,0.10126253962516785,0.21262510120868683,-0.21072454750537872,1.689547807215419e-11,0.0,0.0,4.325934410095215,4.325934410095215,1.504368543624878,1.504368543624878,0.8456271886825562,0.0,0.0,0.0,0.0,1.0,0.0,1.0,1.0,1.4998885490058456e-05,1.0,1.504368543624878,0.0,1.504368543624878,1.486263394355774,1.6837154626846313,0.2793773114681244,0.028313474729657173,1.0,1.7318599224090576,1.7219732999801636,1.7206792831420898,0.0,8.0,0.0,0.0,0.0,0.0,0.0,0.0,,,,,,,,,,,,,,,,,,,,,,0.001
14,4460,train,0.08875904977321625,0.10036555677652359,0.1009858101606369,0.0,0.004137489944696426,0.004137489944696426,0.0,4.424715995788574,1.9999999494757503e-05,0.009999999776482582,0.009999999776482582,0.009999999776482582,0.00019999999494757503,0.0,0.20000000298023224,0.05814938247203827,0.0,0.0,0.0,0.0,0.0,0.0,0.0,0.0,0.0,-1.5972588062286377,-1.5972588062286377,1.0,-1.5972588062286377,-1.5972588062286377,1.3665707111358643,0.0,-4.2203545570373535,1.5653700828552246,1.0,0.05814938247203827,1.0,0.0,0.0,0.05814938247203827,0.0,0.0,0.0,0.0,1.0,0.0,1.0,1.0,1.4998885490058456e-05,0.0,0.0,0.0,0.0,0.0,0.0,0.0,0.0,1.0,0.0,0.0017340898048132658,0.3609221577644348,0.26317906379699707,0.009016142226755619,0.0,0.1009858101606369,0.10036555677652359,0.10036555677652359,0.23253174126148224,-0.23126579821109772,-2.2420593159822033e-10,0.0,0.0,4.536888122558594,4.536888122558594,1.4730645418167114,1.4730645418167114,0.9938982725143433,0.0,0.0,0.0,0.0,1.0,0.0,1.0,1.0,1.4998885490058456e-05,1.0,1.4730645418167114,0.0,1.4730645418167114,1.3929232358932495,1.5653700828552246,0.27239200472831726,0.027913887053728104,1.0,1.716066837310791,1.7468476295471191,1.6551138162612915,0.0,8.0,0.0,0.0,0.0,0.0,0.0,0.0,,,,,,,,,,,,,,,,,,,,,,0.001
14,4480,train,0.10423995554447174,0.11379627883434296,0.11408395320177078,0.0,0.004728642757982016,0.004728642757982016,0.0,4.4120683670043945,1.9999999494757503e-05,0.009999999776482582,0.009999999776482582,0.009999999776482582,0.00019999999494757503,0.0,0.20000000298023224,0.07552549242973328,0.0,0.0,0.0,0.0,0.0,0.0,0.0,0.0,0.0,-1.6261876821517944,-1.6261876821517944,1.0,-1.6261876821517944,-1.6261876821517944,1.5123305320739746,0.0,-4.225642681121826,1.6686164140701294,1.0,0.07552549242973328,1.0,0.0,0.0,0.07552549242973328,0.0,0.0,0.0,0.0,1.0,0.0,1.0,1.0,1.4998885490058456e-05,0.0,0.0,0.0,0.0,0.0,0.0,0.0,0.0,1.0,0.0,0.0006182425422593951,0.35713911056518555,0.2610723078250885,0.009230071678757668,0.0,0.11408395320177078,0.11379627883434296,0.11379627883434296,0.27904242277145386,-0.2783285677433014,-3.0341310019998957e-10,0.0,0.0,4.40698766708374,4.40698766708374,1.4798121452331543,1.4798121452331543,1.170505404472351,0.0,0.0,0.0,0.0,1.0,0.0,1.0,1.0,1.4998885490058456e-05,1.0,1.4798121452331543,0.0,1.4798121452331543,1.4779157638549805,1.6686164140701294,0.2751154601573944,0.02779816836118698,1.0,1.7425179481506348,1.7180955410003662,1.7170052528381348,0.0,8.0,0.0,0.0,0.0,0.0,0.0,0.0,,,,,,,,,,,,,,,,,,,,,,0.001
14,4500,train,0.09728266298770905,0.10901845246553421,0.10936801880598068,0.0,0.004208789672702551,0.004208789672702551,0.0,4.3773322105407715,1.9999999494757503e-05,0.009999999776482582,0.009999999776482582,0.009999999776482582,0.00019999999494757503,0.0,0.20000000298023224,0.061965376138687134,0.0,0.0,0.0,0.0,0.0,0.0,0.0,0.0,0.0,-1.6875708103179932,-1.6875708103179932,1.0,-1.6875708103179932,-1.6875708103179932,1.7829625606536865,0.0,-4.340198516845703,1.5169024467468262,1.0,0.061965376138687134,1.0,0.0,0.0,0.061965376138687134,0.0,0.0,0.0,0.0,1.0,0.0,1.0,1.0,1.4998885490058456e-05,0.0,0.0,0.0,0.0,0.0,0.0,0.0,0.0,1.0,0.0,0.0013712506042793393,0.35047656297683716,0.2421455830335617,0.00954257883131504,0.0,0.10936801880598068,0.10901845246553421,0.10901845246553421,0.27093827724456787,-0.2702336609363556,5.951393822201112e-10,0.0,0.0,4.4019904136657715,4.4019904136657715,1.425775408744812,1.425775408744812,1.1173169612884521,0.0,0.0,0.0,0.0,1.0,0.0,1.0,1.0,1.4998885490058456e-05,1.0,1.425775408744812,0.0,1.425775408744812,1.426977515220642,1.5169024467468262,0.2764599025249481,0.027913352474570274,1.0,1.6345555782318115,1.6410133838653564,1.6399331092834473,0.0,8.0,0.0,0.0,0.0,0.0,0.0,0.0,,,,,,,,,,,,,,,,,,,,,,0.001
14,4520,train,0.09700462222099304,0.10786586254835129,0.10848300904035568,0.0,0.00391044095158577,0.00391044095158577,0.0,4.368870735168457,1.9999999494757503e-05,0.009999999776482582,0.009999999776482582,0.009999999776482582,0.00019999999494757503,0.0,0.20000000298023224,0.05687667801976204,0.0,0.0,0.0,0.0,0.0,0.0,0.0,0.0,0.0,-1.6347858905792236,-1.6347858905792236,1.0,-1.6347858905792236,-1.6347861289978027,1.651787281036377,0.0,-4.271121025085449,1.5779457092285156,1.0,0.05687667801976204,1.0,0.0,0.0,0.05687667801976204,0.0,0.0,0.0,0.0,1.0,0.0,1.0,1.0,1.4998885490058456e-05,0.0,0.0,0.0,0.0,0.0,0.0,0.0,0.0,1.0,0.0,0.0020874589681625366,0.3551037907600403,0.25268104672431946,0.009981250390410423,0.0,0.10848300904035568,0.10786586254835129,0.10786586254835129,0.24442458152770996,-0.24358277022838593,-9.941870243723727e-11,0.0,0.0,4.509684085845947,4.509684085845947,1.4414132833480835,1.4414132833480835,1.0335654020309448,0.0,0.0,0.0,0.0,1.0,0.0,1.0,1.0,1.4998885490058456e-05,1.0,1.441413164138794,0.0,1.4414132833480835,1.4341965913772583,1.5779457092285156,0.2752944231033325,0.027867138385772705,1.0,1.5615500211715698,1.663443922996521,1.6540346145629883,0.0,8.0,0.0,0.0,0.0,0.0,0.0,0.0,,,,,,,,,,,,,,,,,,,,,,0.001
14,4540,train,0.09309829771518707,0.10414962470531464,0.10455761104822159,0.0,0.004916776437312365,0.004916776437312365,0.0,4.4441351890563965,1.9999999494757503e-05,0.009999999776482582,0.009999999776482582,0.009999999776482582,0.00019999999494757503,0.0,0.20000000298023224,0.05450105667114258,0.0,0.0,0.0,0.0,0.0,0.0,0.0,0.0,0.0,-1.6055903434753418,-1.6055903434753418,1.0,-1.6055903434753418,-1.6055903434753418,1.6365511417388916,0.0,-4.190554141998291,1.6102674007415771,1.0,0.05450105667114258,1.0,0.0,0.0,0.05450105667114258,0.0,0.0,0.0,0.0,1.0,0.0,1.0,1.0,1.4998885490058456e-05,0.0,0.0,0.0,0.0,0.0,0.0,0.0,0.0,1.0,0.0,0.00034801039146259427,0.3809332847595215,0.26980060338974,0.008807629346847534,0.0,0.10455761104822159,0.10414962470531464,0.10414962470531464,0.24904493987560272,-0.24600768089294434,-1.231152679803671e-10,0.0,0.0,4.517772197723389,4.517772197723389,1.499588966369629,1.499588966369629,1.0345747470855713,0.0,0.0,0.0,0.0,1.0,0.0,1.0,1.0,1.4998885490058456e-05,1.0,1.499588966369629,0.0,1.499588966369629,1.5192710161209106,1.6102674007415771,0.2664339542388916,0.027483750134706497,1.0,1.68654203414917,1.6657660007476807,1.665245771408081,0.0,8.0,0.0,0.0,0.0,0.0,0.0,0.0,,,,,,,,,,,,,,,,,,,,,,0.001
14,4560,train,0.09875388443470001,0.10954113304615021,0.10972269624471664,0.0,0.004305609036237001,0.004305609036237001,0.0,4.409887313842773,1.9999999494757503e-05,0.009999999776482582,0.009999999776482582,0.009999999776482582,0.00019999999494757503,0.0,0.20000000298023224,0.07760628312826157,0.0,0.0,0.0,0.0,0.0,0.0,0.0,0.0,0.0,-1.6439281702041626,-1.6439281702041626,1.0,-1.6439281702041626,-1.6439281702041626,1.9045213460922241,0.0,-4.273455619812012,1.6909884214401245,1.0,0.07760628312826157,1.0,0.0,0.0,0.07760628312826157,0.0,0.0,0.0,0.0,1.0,0.0,1.0,1.0,1.4998885490058456e-05,0.0,0.0,0.0,0.0,0.0,0.0,0.0,0.0,1.0,0.0,0.0006921610911376774,0.34560665488243103,0.2554965615272522,0.009207687340676785,0.0,0.10972269624471664,0.10954113304615021,0.10954113304615021,0.2759595513343811,-0.27516502141952515,4.66964411582893e-10,0.0,0.0,4.357388496398926,4.357388496398926,1.455536127090454,1.455536127090454,1.1136730909347534,0.0,0.0,0.0,0.0,1.0,0.0,1.0,1.0,1.4998885490058456e-05,1.0,1.455536127090454,0.0,1.455536127090454,1.5036464929580688,1.6909884214401245,0.2765771746635437,0.028490526601672173,1.0,1.6564009189605713,1.6772093772888184,1.7189146280288696,0.0,8.0,0.0,0.0,0.0,0.0,0.0,0.0,,,,,,,,,,,,,,,,,,,,,,0.001
14,4580,train,0.0924188569188118,0.10367093980312347,0.10387544333934784,0.0,0.004481150768697262,0.004481150768697262,0.0,4.4438557624816895,1.9999999494757503e-05,0.009999999776482582,0.009999999776482582,0.009999999776482582,0.00019999999494757503,0.0,0.20000000298023224,0.05685248225927353,0.0,0.0,0.0,0.0,0.0,0.0,0.0,0.0,0.0,-1.6086113452911377,-1.6086113452911377,1.0,-1.6086113452911377,-1.6086117029190063,1.7141187191009521,0.0,-4.198094844818115,1.6679409742355347,1.0,0.05685248225927353,1.0,0.0,0.0,0.05685248225927353,0.0,0.0,0.0,0.0,1.0,0.0,1.0,1.0,1.4998885490058456e-05,0.0,0.0,0.0,0.0,0.0,0.0,0.0,0.0,1.0,0.0,0.00010266503522871062,0.3515983521938324,0.25981488823890686,0.008638574741780758,0.0,0.10387544333934784,0.10367093980312347,0.10367093980312347,0.24272766709327698,-0.24005946516990662,-5.716099260588692e-10,0.0,0.0,4.317234039306641,4.317234039306641,1.475032925605774,1.475032925605774,0.9723694324493408,0.0,0.0,0.0,0.0,1.0,0.0,1.0,1.0,1.4998885490058456e-05,1.0,1.475032925605774,0.0,1.475032925605774,1.4658591747283936,1.6679409742355347,0.2762492597103119,0.02839580550789833,1.0,1.6651992797851562,1.7437576055526733,1.7219411134719849,0.0,8.0,0.0,0.0,0.0,0.0,0.0,0.0,,,,,,,,,,,,,,,,,,,,,,0.001
14,4600,train,0.10060228407382965,0.11020420491695404,0.11055666953325272,0.0,0.004303311463445425,0.004303311463445425,0.0,4.4426445960998535,1.9999999494757503e-05,0.009999999776482582,0.009999999776482582,0.009999999776482582,0.00019999999494757503,0.0,0.20000000298023224,0.07106977701187134,0.0,0.0,0.0,0.0,0.0,0.0,0.0,0.0,0.0,-1.5929685831069946,-1.5929685831069946,1.0,-1.5929685831069946,-1.5929688215255737,1.7947713136672974,0.0,-4.138417720794678,1.7038960456848145,1.0,0.07106977701187134,1.0,0.0,0.0,0.07106977701187134,0.0,0.0,0.0,0.0,1.0,0.0,1.0,1.0,1.4998885490058456e-05,0.0,0.0,0.0,0.0,0.0,0.0,0.0,0.0,1.0,0.0,0.0009044782491400838,0.34723928570747375,0.26545336842536926,0.008745420724153519,0.0,0.11055666953325272,0.11020420491695404,0.11020420491695404,0.23789498209953308,-0.23626045882701874,-4.681867116218541e-10,0.0,0.0,4.523782730102539,4.523782730102539,1.5426652431488037,1.5426652431488037,0.9834247827529907,0.0,0.0,0.0,0.0,1.0,0.0,1.0,1.0,1.4998885490058456e-05,1.0,1.5426652431488037,0.0,1.5426652431488037,1.515627145767212,1.7038960456848145,0.2797240912914276,0.028790244832634926,1.0,1.7026457786560059,1.7440192699432373,1.7633156776428223,0.0,8.0,0.0,0.0,0.0,0.0,0.0,0.0,,,,,,,,,,,,,,,,,,,,,,0.001
14,4620,train,0.10058261454105377,0.10991083085536957,0.11012911796569824,0.0,0.004251404199749231,0.004251404199749231,0.0,4.420787811279297,1.9999999494757503e-05,0.009999999776482582,0.009999999776482582,0.009999999776482582,0.00019999999494757503,0.0,0.20000000298023224,0.060749128460884094,0.0,0.0,0.0,0.0,0.0,0.0,0.0,0.0,0.0,-1.5748564004898071,-1.5748564004898071,1.0,-1.5748564004898071,-1.5748564004898071,1.7332738637924194,0.0,-4.131455421447754,1.7252603769302368,1.0,0.060749128460884094,1.0,0.0,0.0,0.060749128460884094,0.0,0.0,0.0,0.0,1.0,0.0,1.0,1.0,1.4998885490058456e-05,0.0,0.0,0.0,0.0,0.0,0.0,0.0,0.0,1.0,0.0,0.0012947417562827468,0.3650207221508026,0.2633605897426605,0.009066838771104813,0.0,0.11012911796569824,0.10991083085536957,0.10991083085536957,0.25453105568885803,-0.2538605332374573,-8.629867931375657e-10,0.0,0.0,4.449294567108154,4.449294567108154,1.5233741998672485,1.5233741998672485,1.0513582229614258,0.0,0.0,0.0,0.0,1.0,0.0,1.0,1.0,1.4998885490058456e-05,1.0,1.5233739614486694,0.0,1.5233741998672485,1.4986968040466309,1.7252603769302368,0.27453845739364624,0.028356080874800682,1.0,1.6270627975463867,1.6832013130187988,1.7155632972717285,0.0,8.0,0.0,0.0,0.0,0.0,0.0,0.0,,,,,,,,,,,,,,,,,,,,,,0.001
14,4640,train,0.08954080939292908,0.10164229571819305,0.10172021389007568,0.0,0.004249822814017534,0.004249822814017534,0.0,4.433539390563965,1.9999999494757503e-05,0.009999999776482582,0.009999999776482582,0.009999999776482582,0.00019999999494757503,0.0,0.20000000298023224,0.057894229888916016,0.0,0.0,0.0,0.0,0.0,0.0,0.0,0.0,0.0,-1.6294139623641968,-1.6294139623641968,1.0,-1.6294139623641968,-1.6294140815734863,2.130079507827759,0.0,-4.242645740509033,1.6066765785217285,1.0,0.057894229888916016,1.0,0.0,0.0,0.057894229888916016,0.0,0.0,0.0,0.0,1.0,0.0,1.0,1.0,1.4998885490058456e-05,0.0,0.0,0.0,0.0,0.0,0.0,0.0,0.0,1.0,0.0,0.00017098381067626178,0.3620045781135559,0.2598941922187805,0.008764669299125671,0.0,0.10172021389007568,0.10164229571819305,0.10164229571819305,0.2462235391139984,-0.24589285254478455,5.415694004362592e-10,0.0,0.0,4.633450984954834,4.633450508117676,1.4484320878982544,1.4484320878982544,1.0668922662734985,0.0,0.0,0.0,0.0,1.0,0.0,1.0,1.0,1.4998885490058456e-05,1.0,1.4484320878982544,0.0,1.4484320878982544,1.4583735466003418,1.6066765785217285,0.2733066976070404,0.02782376855611801,1.0,1.5800443887710571,1.6687620878219604,1.6403522491455078,0.0,8.0,0.0,0.0,0.0,0.0,0.0,0.0,,,,,,,,,,,,,,,,,,,,,,0.001
14,4660,train,0.10220872610807419,0.11087082326412201,0.11169444024562836,0.0,0.00441755959764123,0.00441755959764123,0.0,4.430976390838623,1.9999999494757503e-05,0.009999999776482582,0.009999999776482582,0.009999999776482582,0.00019999999494757503,0.0,0.20000000298023224,0.049411091953516006,0.0,0.0,0.0,0.0,0.0,0.0,0.0,0.0,0.0,-1.557182788848877,-1.557182788848877,1.0,-1.557182788848877,-1.557182788848877,1.775010108947754,0.0,-4.09657621383667,1.7173148393630981,1.0,0.049411091953516006,1.0,0.0,0.0,0.049411091953516006,0.0,0.0,0.0,0.0,1.0,0.0,1.0,1.0,1.4998885490058456e-05,0.0,0.0,0.0,0.0,0.0,0.0,0.0,0.0,1.0,0.0,0.0014208853244781494,0.3798758089542389,0.2676524519920349,0.008926312439143658,0.0,0.11169444024562836,0.11087082326412201,0.11087082326412201,0.2818165421485901,-0.27851709723472595,-6.928835283304124e-10,0.0,0.0,4.534203052520752,4.534203052520752,1.5273351669311523,1.5273351669311523,1.2046722173690796,0.0,0.0,0.0,0.0,1.0,0.0,1.0,1.0,1.4998885490058456e-05,1.0,1.5273351669311523,0.0,1.5273351669311523,1.552748441696167,1.7173148393630981,0.2702903747558594,0.027592740952968597,1.0,1.638749599456787,1.6385868787765503,1.6760742664337158,0.0,8.0,0.0,0.0,0.0,0.0,0.0,0.0,,,,,,,,,,,,,,,,,,,,,,0.001
14,4676,train_epoch,0.09717617070157371,0.10769457778263235,0.10797674989628935,0.0,0.004471049377761647,0.004471049377761647,0.0,4.420845892614947,1.9999999494757503e-05,0.009999999776482582,0.009999999776482582,0.009999999776482582,0.00019999999494757503,0.0,0.20000000298023224,0.06502022120187026,0.0,0.0,0.0,0.0,0.0,0.0,0.0,0.0,0.0,-1.6129944631439483,-1.6129944631439483,1.0,-1.6129944631439483,-1.6129944667130887,1.561786491178467,0.0,-4.202790064726047,1.6544992370519809,1.0,0.06502022120187026,1.0,0.0,0.0,0.06502022120187026,0.0,0.0,0.0,0.0,1.0,0.0,1.0,1.0,1.4998885490058456e-05,0.0,0.0,0.0,0.0,0.0,0.0,0.0,0.0,1.0,0.0,0.0011118959862401452,0.355971608333245,0.26072881219094385,0.009055869670551338,0.0,0.10797674989628935,0.10769457778263235,0.10769457778263235,0.2482115008873854,-0.2469220579919701,1.937548452362211e-12,0.0,0.0,4.410721855963062,4.410721855963062,1.4782917660153554,1.4782917660153554,1.0153948670018933,0.0,0.0,0.0,0.0,1.0,0.0,1.0,1.0,1.4998885490058456e-05,1.0,1.47829171783196,0.0,1.4782917660153554,1.4689506602858355,1.6544992370519809,0.27693881205991355,0.027992834604741213,1.0,1.7092871073477283,1.7101497400306656,1.7100459223022004,0.0,8.0,0.0,0.0,0.0,0.0,0.0,0.0,,,,,,,,,,,,,,,,,,,,,,0.001
14,4676,val,,,,,,,,,,,,,,,,,,,,,,,,,,,,,,,,,,,,,,,,,,,,,,,,,,,,,,,,,,,,,,,,,,,,,,,,,,,,,,,,,,,,,,,,,,,,,,,,,,,,,,,,,,,54.34419124467032,9462.478999546596,97.27527434834916,92.76297542027065,29.127323133604868,14.559991921697344,23.617920057614235,10.011083330426898,6.776039378983634,16.101705572434835,26.148111360155525,11.980387419462204,7.560765632561275,141.15064804894584,170.47341677192037,269.71192472321644,78.60230483327594,54.34419124467032,97.27527434834916,92.76297542027065,29.127323133604868,0.001
14,4676,test_select,,,,,,,,,,,,,,,,,,,,,,,,,,,,,,,,,,,,,,,,,,,,,,,,,,,,,,,,,,,,,,,,,,,,,,,,,,,,,,,,,,,,,,,,,,,,,,,,,,,,,,,,,,,60.07527480806623,10722.106135777065,103.54760323530944,86.959941642625,32.64744409493038,18.31857571431569,28.676235010317455,13.747538549559456,8.619824234928403,22.938272757189615,35.93614520060381,17.297822249787195,10.776533603668213,146.31296007973808,176.76986701693292,242.64436064447676,83.75615985052926,60.07527480806623,103.54760323530944,86.959941642625,32.64744409493038,0.001
14,4676,test,,,,,,,,,,,,,,,,,,,,,,,,,,,,,,,,,,,,,,,,,,,,,,,,,,,,,,,,,,,,,,,,,,,,,,,,,,,,,,,,,,,,,,,,,,,,,,,,,,,,,,,,,,,60.07527480806623,10722.106135777065,103.54760323530944,86.959941642625,32.64744409493038,18.31857571431569,28.676235010317455,13.747538549559456,8.619824234928403,22.938272757189615,35.93614520060381,17.297822249787195,10.776533603668213,146.31296007973808,176.76986701693292,242.64436064447676,83.75615985052926,60.07527480806623,103.54760323530944,86.959941642625,32.64744409493038,0.001
15,4680,train,0.09262390434741974,0.11112822592258453,0.11136949062347412,0.0,0.0038860123604536057,0.0038860123604536057,0.0,4.415127277374268,2.499999936844688e-05,0.012500000186264515,0.012500000186264515,0.012500000186264515,0.0002500000118743628,0.0,0.25,0.07270258665084839,0.0,0.0,0.0,0.0,0.0,0.0,0.0,0.0,0.0,-1.638214111328125,-1.638214111328125,1.0,-1.638214111328125,-1.638214111328125,2.0258119106292725,0.0,-4.242639064788818,1.5845556259155273,1.0,0.07270258665084839,1.0,0.0,0.0,0.07270258665084839,0.0,0.0,0.0,0.0,1.0,0.0,1.0,1.0,1.4998885490058456e-05,0.0,0.0,0.0,0.0,0.0,0.0,0.0,0.0,1.0,0.0,0.0012889293720945716,0.3501744866371155,0.2551060616970062,0.009215246886014938,0.0,0.11136949062347412,0.11112822592258453,0.11112822592258453,0.27134275436401367,-0.2708819806575775,-7.174905114482044e-10,0.0,0.0,4.612411022186279,4.612411022186279,1.4872359037399292,1.4872359037399292,1.1739377975463867,0.0,0.0,0.0,0.0,1.0,0.0,1.0,1.0,1.4998885490058456e-05,1.0,1.4872357845306396,0.0,1.4872359037399292,1.4675517082214355,1.5845556259155273,0.2790292203426361,0.02834918349981308,1.0,1.8098883628845215,1.7148094177246094,1.7231594324111938,0.0,8.0,0.0,0.0,0.0,0.0,0.0,0.0,,,,,,,,,,,,,,,,,,,,,,0.001
15,4700,train,0.0856180414557457,0.10497184097766876,0.10519052296876907,0.0,0.003995928913354874,0.003995928913354874,0.0,4.382297515869141,2.499999936844688e-05,0.012500000186264515,0.012500000186264515,0.012500000186264515,0.0002500000118743628,0.0,0.25,0.06692973524332047,0.0,0.0,0.0,0.0,0.0,0.0,0.0,0.0,0.0,-1.6227259635925293,-1.6227259635925293,1.0,-1.6227259635925293,-1.6227259635925293,2.2099578380584717,0.0,-4.216691493988037,1.7091206312179565,1.0,0.06692973524332047,1.0,0.0,0.0,0.06692973524332047,0.0,0.0,0.0,0.0,1.0,0.0,1.0,1.0,1.4998885490058456e-05,0.0,0.0,0.0,0.0,0.0,0.0,0.0,0.0,1.0,0.0,0.00098391470964998,0.34996625781059265,0.26448726654052734,0.009740841574966908,0.0,0.10519052296876907,0.10497184097766876,0.10497184097766876,0.27808213233947754,-0.2778763473033905,2.402006371582388e-10,0.0,0.0,4.474279880523682,4.474279880523682,1.5050122737884521,1.5050122737884521,1.168501615524292,0.0,0.0,0.0,0.0,1.0,0.0,1.0,1.0,1.4998885490058456e-05,1.0,1.505012035369873,0.0,1.5050122737884521,1.4865753650665283,1.7091206312179565,0.2770829200744629,0.02855762280523777,1.0,1.6995081901550293,1.6548445224761963,1.6858351230621338,0.0,8.0,0.0,0.0,0.0,0.0,0.0,0.0,,,,,,,,,,,,,,,,,,,,,,0.001
15,4720,train,0.08071877062320709,0.10073695331811905,0.10110747069120407,0.0,0.0036598588339984417,0.0036598588339984417,0.0,4.415225982666016,2.499999936844688e-05,0.012500000186264515,0.012500000186264515,0.012500000186264515,0.0002500000118743628,0.0,0.25,0.05713341385126114,0.0,0.0,0.0,0.0,0.0,0.0,0.0,0.0,0.0,-1.6164034605026245,-1.6164034605026245,1.0,-1.6164034605026245,-1.6164034605026245,2.295542001724243,0.0,-4.212535858154297,1.7497631311416626,1.0,0.05713341385126114,1.0,0.0,0.0,0.05713341385126114,0.0,0.0,0.0,0.0,1.0,0.0,1.0,1.0,1.4998885490058456e-05,0.0,0.0,0.0,0.0,0.0,0.0,0.0,0.0,1.0,0.0,0.0013804046902805567,0.33547163009643555,0.27220794558525085,0.00930221751332283,0.0,0.10110747069120407,0.10073695331811905,0.10073695331811905,0.23741866648197174,-0.23588024079799652,-3.280068994193641e-10,0.0,0.0,4.413604259490967,4.413604259490967,1.567420482635498,1.567420482635498,0.9596703052520752,0.0,0.0,0.0,0.0,1.0,0.0,1.0,1.0,1.4998885490058456e-05,1.0,1.567420482635498,0.0,1.567420482635498,1.557973861694336,1.7497631311416626,0.27902406454086304,0.028491677716374397,1.0,1.6848068237304688,1.6687850952148438,1.7207610607147217,0.0,8.0,0.0,0.0,0.0,0.0,0.0,0.0,,,,,,,,,,,,,,,,,,,,,,0.001
15,4740,train,0.09514822065830231,0.11150263249874115,0.11178635060787201,0.0,0.00413004495203495,0.00413004495203495,0.0,4.433465480804443,2.499999936844688e-05,0.012500000186264515,0.012500000186264515,0.012500000186264515,0.0002500000118743628,0.0,0.25,0.07090727984905243,0.0,0.0,0.0,0.0,0.0,0.0,0.0,0.0,0.0,-1.5556745529174805,-1.5556745529174805,1.0,-1.5556745529174805,-1.5556745529174805,2.0378448963165283,0.0,-4.081548690795898,1.8073482513427734,1.0,0.07090727984905243,1.0,0.0,0.0,0.07090727984905243,0.0,0.0,0.0,0.0,1.0,0.0,1.0,1.0,1.4998885490058456e-05,0.0,0.0,0.0,0.0,0.0,0.0,0.0,0.0,1.0,0.0,0.0014019813388586044,0.35241013765335083,0.2790561020374298,0.00909893587231636,0.0,0.11178635060787201,0.11150263249874115,0.11150263249874115,0.2817418873310089,-0.2805761396884918,-3.5268912790265006e-10,0.0,0.0,4.482367038726807,4.482367515563965,1.5997002124786377,1.5997002124786377,1.215785026550293,0.0,0.0,0.0,0.0,1.0,0.0,1.0,1.0,1.4998885490058456e-05,1.0,1.599699854850769,0.0,1.5997002124786377,1.5851548910140991,1.8073482513427734,0.27923840284347534,0.028729433193802834,1.0,1.7604162693023682,1.7194156646728516,1.6840373277664185,0.0,8.0,0.0,0.0,0.0,0.0,0.0,0.0,,,,,,,,,,,,,,,,,,,,,,0.001
15,4760,train,0.09048310667276382,0.10914959758520126,0.10942580550909042,0.0,0.0040182024240493774,0.0040182024240493774,0.0,4.416189193725586,2.499999936844688e-05,0.012500000186264515,0.012500000186264515,0.012500000186264515,0.0002500000118743628,0.0,0.25,0.05335601419210434,0.0,0.0,0.0,0.0,0.0,0.0,0.0,0.0,0.0,-1.6290243864059448,-1.6290243864059448,1.0,-1.6290243864059448,-1.6290243864059448,2.5044829845428467,0.0,-4.242132663726807,1.632967233657837,1.0,0.05335601419210434,1.0,0.0,0.0,0.05335601419210434,0.0,0.0,0.0,0.0,1.0,0.0,1.0,1.0,1.4998885490058456e-05,0.0,0.0,0.0,0.0,0.0,0.0,0.0,0.0,1.0,0.0,0.0014135747915133834,0.34584543108940125,0.2554490268230438,0.009076053276658058,0.0,0.10942580550909042,0.10914959758520126,0.10914959758520126,0.26896002888679504,-0.2680363953113556,6.653574219361857e-11,0.0,0.0,4.491168022155762,4.491168022155762,1.5195492506027222,1.5195492506027222,1.1311030387878418,0.0,0.0,0.0,0.0,1.0,0.0,1.0,1.0,1.4998885490058456e-05,1.0,1.5195492506027222,0.0,1.5195492506027222,1.5106335878372192,1.632967233657837,0.28378525376319885,0.02892804518342018,1.0,1.6901872158050537,1.7064489126205444,1.713341236114502,0.0,8.0,0.0,0.0,0.0,0.0,0.0,0.0,,,,,,,,,,,,,,,,,,,,,,0.001
15,4780,train,0.09774156659841537,0.11508665978908539,0.11512480676174164,0.0,0.004539334215223789,0.004539334215223789,0.0,4.400905609130859,2.499999936844688e-05,0.012500000186264515,0.012500000186264515,0.012500000186264515,0.0002500000118743628,0.0,0.25,0.07219015806913376,0.0,0.0,0.0,0.0,0.0,0.0,0.0,0.0,0.0,-1.6221944093704224,-1.6221944093704224,1.0,-1.6221944093704224,-1.6221944093704224,2.324183225631714,0.0,-4.230932712554932,1.6537858247756958,1.0,0.07219015806913376,1.0,0.0,0.0,0.07219015806913376,0.0,0.0,0.0,0.0,1.0,0.0,1.0,1.0,1.4998885490058456e-05,0.0,0.0,0.0,0.0,0.0,0.0,0.0,0.0,1.0,0.0,0.0002575908729340881,0.36589229106903076,0.26550987362861633,0.009462794288992882,0.0,0.11512480676174164,0.11508665978908539,0.11508665978908539,0.28676360845565796,-0.2856873571872711,5.038041650529124e-10,0.0,0.0,4.6411943435668945,4.6411943435668945,1.5220617055892944,1.5220617055892944,1.2684296369552612,0.0,0.0,0.0,0.0,1.0,0.0,1.0,1.0,1.4998885490058456e-05,1.0,1.5220617055892944,0.0,1.5220617055892944,1.4964510202407837,1.6537858247756958,0.2739194333553314,0.028047848492860794,1.0,1.703542947769165,1.6400957107543945,1.622910499572754,0.0,8.0,0.0,0.0,0.0,0.0,0.0,0.0,,,,,,,,,,,,,,,,,,,,,,0.001
15,4800,train,0.08975209295749664,0.10774871706962585,0.10796670615673065,0.0,0.0044845533557236195,0.0044845533557236195,0.0,4.445130825042725,2.499999936844688e-05,0.012500000186264515,0.012500000186264515,0.012500000186264515,0.0002500000118743628,0.0,0.25,0.06862162798643112,0.0,0.0,0.0,0.0,0.0,0.0,0.0,0.0,0.0,-1.5909724235534668,-1.5909724235534668,1.0,-1.5909724235534668,-1.5909724235534668,2.591190814971924,0.0,-4.1730194091796875,1.803099513053894,1.0,0.06862162798643112,1.0,0.0,0.0,0.06862162798643112,0.0,0.0,0.0,0.0,1.0,0.0,1.0,1.0,1.4998885490058456e-05,0.0,0.0,0.0,0.0,0.0,0.0,0.0,0.0,1.0,0.0,-5.232133480603807e-05,0.35465729236602783,0.27103742957115173,0.008771528489887714,0.0,0.10796670615673065,0.10774871706962585,0.10774871706962585,0.2606782019138336,-0.2601411044597626,-2.833895340614845e-10,0.0,0.0,4.501622200012207,4.501622676849365,1.551291584968567,1.551291584968567,1.0992575883865356,0.0,0.0,0.0,0.0,1.0,0.0,1.0,1.0,1.4998885490058456e-05,1.0,1.551291584968567,0.0,1.551291584968567,1.6027497053146362,1.803099513053894,0.2801983654499054,0.02860734984278679,1.0,1.702514886856079,1.6959514617919922,1.7141058444976807,0.0,8.0,0.0,0.0,0.0,0.0,0.0,0.0,,,,,,,,,,,,,,,,,,,,,,0.001
15,4820,train,0.09138626605272293,0.10902272164821625,0.10912355780601501,0.0,0.004399487748742104,0.004399487748742104,0.0,4.439722061157227,2.499999936844688e-05,0.012500000186264515,0.012500000186264515,0.012500000186264515,0.0002500000118743628,0.0,0.25,0.05796683579683304,0.0,0.0,0.0,0.0,0.0,0.0,0.0,0.0,0.0,-1.5856660604476929,-1.5856660604476929,1.0,-1.5856660604476929,-1.5856660604476929,2.396778106689453,0.0,-4.139227867126465,1.7925946712493896,1.0,0.05796683579683304,1.0,0.0,0.0,0.05796683579683304,0.0,0.0,0.0,0.0,1.0,0.0,1.0,1.0,1.4998885490058456e-05,0.0,0.0,0.0,0.0,0.0,0.0,0.0,0.0,1.0,0.0,0.00020912384206894785,0.36122235655784607,0.27398157119750977,0.008908743970096111,0.0,0.10912355780601501,0.10902272164821625,0.10902272164821625,0.28044241666793823,-0.2797863781452179,2.6283894505318983e-10,0.0,0.0,4.5353827476501465,4.5353827476501465,1.5698343515396118,1.5698343515396118,1.1987743377685547,0.0,0.0,0.0,0.0,1.0,0.0,1.0,1.0,1.4998885490058456e-05,1.0,1.5698343515396118,0.0,1.5698343515396118,1.5740101337432861,1.7925946712493896,0.27903464436531067,0.02849528193473816,1.0,1.6582982540130615,1.7235292196273804,1.7074100971221924,0.0,8.0,0.0,0.0,0.0,0.0,0.0,0.0,,,,,,,,,,,,,,,,,,,,,,0.001
15,4840,train,0.08599215000867844,0.10453911125659943,0.10514628142118454,0.0,0.004212643951177597,0.004212643951177597,0.0,4.412843704223633,2.499999936844688e-05,0.012500000186264515,0.012500000186264515,0.012500000186264515,0.0002500000118743628,0.0,0.25,0.046621546149253845,0.0,0.0,0.0,0.0,0.0,0.0,0.0,0.0,0.0,-1.5900338888168335,-1.5900338888168335,1.0,-1.5900338888168335,-1.5900338888168335,2.5460665225982666,0.0,-4.176681995391846,1.7178596258163452,1.0,0.046621546149253845,1.0,0.0,0.0,0.046621546149253845,0.0,0.0,0.0,0.0,1.0,0.0,1.0,1.0,1.4998885490058456e-05,0.0,0.0,0.0,0.0,0.0,0.0,0.0,0.0,1.0,0.0,0.0011562258005142212,0.3712758719921112,0.2708006799221039,0.009323392063379288,0.0,0.10514628142118454,0.10453911125659943,0.10453911125659943,0.250856876373291,-0.24938812851905823,-6.27978502532045e-11,0.0,0.0,4.599106788635254,4.599106788635254,1.5528556108474731,1.5528556108474731,1.0645864009857178,0.0,0.0,0.0,0.0,1.0,0.0,1.0,1.0,1.4998885490058456e-05,1.0,1.552855372428894,0.0,1.5528556108474731,1.5565398931503296,1.7178596258163452,0.2756786048412323,0.02853587083518505,1.0,1.6491875648498535,1.6361982822418213,1.6196610927581787,0.0,8.0,0.0,0.0,0.0,0.0,0.0,0.0,,,,,,,,,,,,,,,,,,,,,,0.001
15,4860,train,0.08693432807922363,0.10491678863763809,0.10509484261274338,0.0,0.004351435694843531,0.004351435694843531,0.0,4.444335460662842,2.499999936844688e-05,0.012500000186264515,0.012500000186264515,0.012500000186264515,0.0002500000118743628,0.0,0.25,0.052419401705265045,0.0,0.0,0.0,0.0,0.0,0.0,0.0,0.0,0.0,-1.5672014951705933,-1.5672014951705933,1.0,-1.5672014951705933,-1.5672014951705933,2.466418981552124,0.0,-4.100790023803711,1.7780171632766724,1.0,0.052419401705265045,1.0,0.0,0.0,0.052419401705265045,0.0,0.0,0.0,0.0,1.0,0.0,1.0,1.0,1.4998885490058456e-05,0.0,0.0,0.0,0.0,0.0,0.0,0.0,0.0,1.0,0.0,0.0007003768114373088,0.37285834550857544,0.2822542190551758,0.008888261392712593,0.0,0.10509484261274338,0.10491678863763809,0.10491678863763809,0.25481554865837097,-0.2534504532814026,2.3053590980648409e-10,0.0,0.0,4.679964542388916,4.679964542388916,1.5918755531311035,1.5918755531311035,1.1305681467056274,0.0,0.0,0.0,0.0,1.0,0.0,1.0,1.0,1.4998885490058456e-05,1.0,1.5918751955032349,0.0,1.5918755531311035,1.5805174112319946,1.7780171632766724,0.27780085802078247,0.02863374911248684,1.0,1.7108502388000488,1.6425907611846924,1.6192550659179688,0.0,8.0,0.0,0.0,0.0,0.0,0.0,0.0,,,,,,,,,,,,,,,,,,,,,,0.001
15,4880,train,0.0884585827589035,0.10782138258218765,0.10779006034135818,0.0,0.004405064973980188,0.004405064973980188,0.0,4.392495155334473,2.499999936844688e-05,0.012500000186264515,0.012500000186264515,0.012500000186264515,0.0002500000118743628,0.0,0.25,0.06486915051937103,0.0,0.0,0.0,0.0,0.0,0.0,0.0,0.0,0.0,-1.6440762281417847,-1.6440762281417847,1.0,-1.6440762281417847,-1.6440762281417847,2.8192806243896484,0.0,-4.302657604217529,1.647565484046936,1.0,0.06486915051937103,1.0,0.0,0.0,0.06486915051937103,0.0,0.0,0.0,0.0,1.0,0.0,1.0,1.0,1.4998885490058456e-05,0.0,0.0,0.0,0.0,0.0,0.0,0.0,0.0,1.0,0.0,-0.0005546633037738502,0.3579000234603882,0.25506791472435,0.009401458315551281,0.0,0.10779006034135818,0.10782138258218765,0.10782138258218765,0.2470950037240982,-0.2462824285030365,-5.83506090667818e-11,0.0,0.0,4.54970121383667,4.549701690673828,1.4503586292266846,1.4503586292266846,1.0618230104446411,0.0,0.0,0.0,0.0,1.0,0.0,1.0,1.0,1.4998885490058456e-05,1.0,1.450358510017395,0.0,1.4503586292266846,1.5062248706817627,1.647565484046936,0.27598217129707336,0.02831672877073288,1.0,1.567997932434082,1.5721609592437744,1.6193687915802002,0.0,8.0,0.0,0.0,0.0,0.0,0.0,0.0,,,,,,,,,,,,,,,,,,,,,,0.001
15,4900,train,0.08754654228687286,0.10607989877462387,0.10627375543117523,0.0,0.004049626179039478,0.004049626179039478,0.0,4.446977138519287,2.499999936844688e-05,0.012500000186264515,0.012500000186264515,0.012500000186264515,0.0002500000118743628,0.0,0.25,0.05132554471492767,0.0,0.0,0.0,0.0,0.0,0.0,0.0,0.0,0.0,-1.5985093116760254,-1.5985093116760254,1.0,-1.5985093116760254,-1.5985093116760254,2.9061777591705322,0.0,-4.192104339599609,1.7428624629974365,1.0,0.05132554471492767,1.0,0.0,0.0,0.05132554471492767,0.0,0.0,0.0,0.0,1.0,0.0,1.0,1.0,1.4998885490058456e-05,0.0,0.0,0.0,0.0,0.0,0.0,0.0,0.0,1.0,0.0,0.0008443695842288435,0.3676450848579407,0.2778190076351166,0.00873811449855566,0.0,0.10627375543117523,0.10607989877462387,0.10607989877462387,0.26522329449653625,-0.2636610269546509,-5.741033204387236e-10,0.0,0.0,4.434572696685791,4.434572696685791,1.602703332901001,1.602703332901001,1.0729485750198364,0.0,0.0,0.0,0.0,1.0,0.0,1.0,1.0,1.4998885490058456e-05,1.0,1.6027032136917114,0.0,1.602703332901001,1.5834158658981323,1.7428624629974365,0.27735233306884766,0.028526671230793,1.0,1.5946431159973145,1.6396605968475342,1.589231252670288,0.0,8.0,0.0,0.0,0.0,0.0,0.0,0.0,,,,,,,,,,,,,,,,,,,,,,0.001
15,4920,train,0.09167597442865372,0.10924647003412247,0.1094212681055069,0.0,0.00433057127520442,0.00433057127520442,0.0,4.454991340637207,2.499999936844688e-05,0.012500000186264515,0.012500000186264515,0.012500000186264515,0.0002500000118743628,0.0,0.25,0.05156136304140091,0.0,0.0,0.0,0.0,0.0,0.0,0.0,0.0,0.0,-1.5853253602981567,-1.5853253602981567,1.0,-1.5853253602981567,-1.5853253602981567,2.6949384212493896,0.0,-4.142056941986084,1.6859675645828247,1.0,0.05156136304140091,1.0,0.0,0.0,0.05156136304140091,0.0,0.0,0.0,0.0,1.0,0.0,1.0,1.0,1.4998885490058456e-05,0.0,0.0,0.0,0.0,0.0,0.0,0.0,0.0,1.0,0.0,0.0008005416602827609,0.3609587848186493,0.2694333791732788,0.008565540425479412,0.0,0.1094212681055069,0.10924647003412247,0.10924647003412247,0.2654595673084259,-0.2646755576133728,3.812488658105906e-10,0.0,0.0,4.535836219787598,4.535836219787598,1.5581837892532349,1.5581837892532349,1.1250733137130737,0.0,0.0,0.0,0.0,1.0,0.0,1.0,1.0,1.4998885490058456e-05,1.0,1.5581837892532349,0.0,1.5581837892532349,1.520451307296753,1.6859675645828247,0.27419206500053406,0.02849620394408703,1.0,1.6324307918548584,1.7039306163787842,1.7017775774002075,0.0,8.0,0.0,0.0,0.0,0.0,0.0,0.0,,,,,,,,,,,,,,,,,,,,,,0.001
15,4940,train,0.08464092761278152,0.10349060595035553,0.10402975976467133,0.0,0.0039972104132175446,0.0039972104132175446,0.0,4.430776596069336,2.499999936844688e-05,0.012500000186264515,0.012500000186264515,0.012500000186264515,0.0002500000118743628,0.0,0.25,0.0526408925652504,0.0,0.0,0.0,0.0,0.0,0.0,0.0,0.0,0.0,-1.5931811332702637,-1.5931811332702637,1.0,-1.5931811332702637,-1.5931813716888428,2.578334093093872,0.0,-4.148138046264648,1.698590874671936,1.0,0.0526408925652504,1.0,0.0,0.0,0.0526408925652504,0.0,0.0,0.0,0.0,1.0,0.0,1.0,1.0,1.4998885490058456e-05,0.0,0.0,0.0,0.0,0.0,0.0,0.0,0.0,1.0,0.0,0.0017902004765346646,0.37833091616630554,0.26966938376426697,0.008934899233281612,0.0,0.10402975976467133,0.10349060595035553,0.10349060595035553,0.2639830708503723,-0.26350072026252747,6.710180744384786e-10,0.0,0.0,4.526198863983154,4.526198387145996,1.5458511114120483,1.5458511114120483,1.0934768915176392,0.0,0.0,0.0,0.0,1.0,0.0,1.0,1.0,1.4998885490058456e-05,1.0,1.5458511114120483,0.0,1.5458511114120483,1.5744823217391968,1.698590874671936,0.27555951476097107,0.02882876805961132,1.0,1.5824804306030273,1.620046615600586,1.6418497562408447,0.0,8.0,0.0,0.0,0.0,0.0,0.0,0.0,,,,,,,,,,,,,,,,,,,,,,0.001
15,4960,train,0.08597826957702637,0.10570905357599258,0.10575002431869507,0.0,0.004479077644646168,0.004479077644646168,0.0,4.37520170211792,2.499999936844688e-05,0.012500000186264515,0.012500000186264515,0.012500000186264515,0.0002500000118743628,0.0,0.25,0.05489063262939453,0.0,0.0,0.0,0.0,0.0,0.0,0.0,0.0,0.0,-1.64239501953125,-1.64239501953125,1.0,-1.64239501953125,-1.64239501953125,2.841536521911621,0.0,-4.2609639167785645,1.6889978647232056,1.0,0.05489063262939453,1.0,0.0,0.0,0.05489063262939453,0.0,0.0,0.0,0.0,1.0,0.0,1.0,1.0,1.4998885490058456e-05,0.0,0.0,0.0,0.0,0.0,0.0,0.0,0.0,1.0,0.0,0.00024754912010394037,0.37526023387908936,0.26279693841934204,0.009764514863491058,0.0,0.10575002431869507,0.10570905357599258,0.10570905357599258,0.25530174374580383,-0.25446197390556335,1.6702385308153822e-10,0.0,0.0,4.5772833824157715,4.5772833824157715,1.500931978225708,1.500931978225708,1.06618332862854,0.0,0.0,0.0,0.0,1.0,0.0,1.0,1.0,1.4998885490058456e-05,1.0,1.5009318590164185,0.0,1.500931978225708,1.5352061986923218,1.6889978647232056,0.2786358892917633,0.0288184005767107,1.0,1.5695312023162842,1.5896217823028564,1.5841948986053467,0.0,8.0,0.0,0.0,0.0,0.0,0.0,0.0,,,,,,,,,,,,,,,,,,,,,,0.001
15,4980,train,0.09529604017734528,0.11325805634260178,0.11358219385147095,0.0,0.004103555344045162,0.004103555344045162,0.0,4.360446453094482,2.499999936844688e-05,0.012500000186264515,0.012500000186264515,0.012500000186264515,0.0002500000118743628,0.0,0.25,0.057873040437698364,0.0,0.0,0.0,0.0,0.0,0.0,0.0,0.0,0.0,-1.6341290473937988,-1.6341290473937988,1.0,-1.6341290473937988,-1.634129285812378,3.059108257293701,0.0,-4.258964538574219,1.6609489917755127,1.0,0.057873040437698364,1.0,0.0,0.0,0.057873040437698364,0.0,0.0,0.0,0.0,1.0,0.0,1.0,1.0,1.4998885490058456e-05,0.0,0.0,0.0,0.0,0.0,0.0,0.0,0.0,1.0,0.0,0.0004702298028860241,0.3503763973712921,0.25788402557373047,0.010174641385674477,0.0,0.11358219385147095,0.11325805634260178,0.11325805634260178,0.26221174001693726,-0.2600514590740204,-6.280126418900522e-10,0.0,0.0,4.560746669769287,4.560747146606445,1.543348789215088,1.543348789215088,1.106427550315857,0.0,0.0,0.0,0.0,1.0,0.0,1.0,1.0,1.4998885490058456e-05,1.0,1.5433486700057983,0.0,1.543348789215088,1.5316474437713623,1.6609489917755127,0.27999138832092285,0.029067393392324448,1.0,1.7206852436065674,1.6396974325180054,1.638693928718567,0.0,8.0,0.0,0.0,0.0,0.0,0.0,0.0,,,,,,,,,,,,,,,,,,,,,,0.001
15,5000,train,0.086095429956913,0.10554003715515137,0.10575075447559357,0.0,0.004016631282866001,0.004016631282866001,0.0,4.326526165008545,2.499999936844688e-05,0.012500000186264515,0.012500000186264515,0.012500000186264515,0.0002500000118743628,0.0,0.25,0.05819816142320633,0.0,0.0,0.0,0.0,0.0,0.0,0.0,0.0,0.0,-1.6307071447372437,-1.6307071447372437,1.0,-1.6307071447372437,-1.630707025527954,2.791963815689087,0.0,-4.238159656524658,1.7238917350769043,1.0,0.05819816142320633,1.0,0.0,0.0,0.05819816142320633,0.0,0.0,0.0,0.0,1.0,0.0,1.0,1.0,1.4998885490058456e-05,0.0,0.0,0.0,0.0,0.0,0.0,0.0,0.0,1.0,0.0,0.001004147925414145,0.36043158173561096,0.25872182846069336,0.010845115408301353,0.0,0.10575075447559357,0.10554003715515137,0.10554003715515137,0.2590683400630951,-0.25859639048576355,-1.4716353136101645e-11,0.0,0.0,4.574244976043701,4.574244976043701,1.5050106048583984,1.5050106048583984,1.108912467956543,0.0,0.0,0.0,0.0,1.0,0.0,1.0,1.0,1.4998885490058456e-05,1.0,1.5050106048583984,0.0,1.5050106048583984,1.5359312295913696,1.7238917350769043,0.283981591463089,0.029842251911759377,1.0,1.6065425872802734,1.5913537740707397,1.659846305847168,0.0,8.0,0.0,0.0,0.0,0.0,0.0,0.0,,,,,,,,,,,,,,,,,,,,,,0.001
15,5010,train_epoch,0.08696835981068497,0.10582778089774583,0.10604222649764158,0.0,0.004181534308427108,0.004181534308427108,0.0,4.41239443653358,2.499999936844688e-05,0.012500000186264515,0.012500000186264515,0.012500000186264515,0.0002500000118743628,0.0,0.25,0.05968315233504344,0.0,0.0,0.0,0.0,0.0,0.0,0.0,0.0,0.0,-1.6098146035285767,-1.6098146035285767,1.0,-1.6098146035285767,-1.6098146081684592,2.5314281040322997,0.0,-4.2000436468752556,1.7082070740397104,1.0,0.05968315233504344,1.0,0.0,0.0,0.05968315233504344,0.0,0.0,0.0,0.0,1.0,0.0,1.0,1.0,1.4998885490058456e-05,0.0,0.0,0.0,0.0,0.0,0.0,0.0,0.0,1.0,0.0,0.0007326610635249119,0.35868177219422276,0.2683703325644225,0.009304882152686397,0.0,0.10604222649764158,0.10582778089774583,0.10582778089774583,0.2569069642863588,-0.2556906922045582,-1.721830319681004e-12,0.0,0.0,4.549138344690471,4.54913834897344,1.5482182474193458,1.5482182474193458,1.0900473335902847,0.0,0.0,0.0,0.0,1.0,0.0,1.0,1.0,1.4998885490058456e-05,1.0,1.548218196023724,0.0,1.5482182474193458,1.5403649328711504,1.7082070740397104,0.27738166453238733,0.028611621897511496,1.0,1.6600471053294792,1.6593885885741182,1.6596162019375555,0.0,8.0,0.0,0.0,0.0,0.0,0.0,0.0,,,,,,,,,,,,,,,,,,,,,,0.001
15,5010,val,,,,,,,,,,,,,,,,,,,,,,,,,,,,,,,,,,,,,,,,,,,,,,,,,,,,,,,,,,,,,,,,,,,,,,,,,,,,,,,,,,,,,,,,,,,,,,,,,,,,,,,,,,,54.41750683103289,9423.367148263114,97.07402921617663,94.42623918397086,29.219212293624878,14.826302230358124,23.65975084116957,12.52986512013844,6.920077149357114,16.05966903907912,25.87161332233204,13.422390639781952,7.4915134481021335,139.633097921099,168.26173837031433,269.7369691984994,78.23606671605792,54.41750683103289,97.07402921617663,94.42623918397086,29.219212293624878,0.001
