epoch,step,split,total_loss,pred_loss,inv_loss,gate_loss,swap_loss,swap_diff_loss,swap_same_loss,kl_loss,effective_lambda_kl,effective_lambda_envpred,effective_lambda_future_mi,effective_lambda_swap,effective_lambda_sep,effective_lambda_mask_sparse,aux_schedule_factor,ind_loss,sparse_loss,entropy_loss,residual_norm_loss,env_consistency_loss,z_cons_loss,y_cons_loss,effective_lambda_z_cons,effective_lambda_y_cons,persistence_mi_loss,envpred_loss,future_mi_loss,future_mi_type,env_fut_nll,env_fut_nll_plus,env_fut_nll_minus,env_fut_kl,pred_fut_logvar_mean,pred_fut_mu_norm,future_mi_valid,sep_loss,sep_mi_type,club_upper_bound,club_fit_nll,cross_cov_loss,hsic_loss,rank_loss,mask_sparse_loss,effective_lambda_persistence_mi,rho_mean,rho_std,rho_min,rho_max,rho_entropy,delta_gain_mean,delta_gain_std,delta_gain_pos_ratio,s_gain_mean,persist_score_mean,persist_score_std,s_persist_mean,s_gate_mean,persistence_valid,potential_gain_mean,swap_delta_mean,swap_weight_mean,env_mu_abs_mean,env_std_mean,r_env_abs_mean,y_inv_mae,y_potential_mae,y_hat_mae,sep_projection_ratio,sep_cos_z_env_before,sep_cos_z_env_after,sep_lowrank_energy_ratio,sep_residual_norm,sep_z_raw_norm,sep_z_inv_norm,sep_env_raw_norm,sep_env_norm,sep_proj_norm,sep_basis_rank,sep_svd_top_singular_mean,sep_lowrank_rank,sep_env_residual_norm,mask_mean,mask_std,mask_min,mask_max,mask_entropy,mask_active_ratio,env_plus_norm,env_minus_norm,env_hist_norm,env_fut_norm,env_fut_pred_norm,fusion_gamma_abs_mean,fusion_beta_abs_mean,timestamp_valid,cur_time_emb_norm,seq_time_emb_norm,future_time_emb_norm,backbone_aux_loss,grad_consensus/agree_mean,grad_consensus/agree_std,grad_consensus/agree_min,grad_consensus/agree_max,grad_consensus/rho_mean,grad_consensus/rho_max,grad_consensus/using_fallback_z_inv,grad_consensus/ema_agree_mean,curriculum_horizon,cast_vq_loss,cast_commit_loss,cast_mi_loss,stone_graph_perturb_loss,stone_spatial_graph_entropy,stone_temporal_graph_entropy,val_mae,val_mse,val_rmse,val_mape,val_wape,val_mae_h3,val_rmse_h3,val_mape_h3,val_wape_h3,val_mae_h6,val_rmse_h6,val_mape_h6,val_wape_h6,val_mae_h12,val_rmse_h12,val_mape_h12,val_wape_h12,val_mae_avg12,val_rmse_avg12,val_mape_avg12,val_wape_avg12,lr
1,20,train,41.76213073730469,34.801910400390625,34.80109405517578,0.0,0.0,0.0,0.0,0.0,0.0,0.0,0.0,0.0,0.0,0.0,0.0,0.0,0.0,0.0,0.0,0.0,0.0,0.0,0.0,0.0,0.0,0.0,0.0,1.0,0.5109282732009888,0.5109282732009888,0.5109275579452515,0.0,-0.009475425817072392,0.45540180802345276,1.0,0.0,1.0,0.0,0.0,0.0001802115875761956,0.0,0.0,0.0,0.0,0.2645546793937683,0.006683477200567722,0.24134396016597748,0.2897152304649353,0.5769972205162048,0.0,0.0,0.0,0.0,0.0,0.0,0.0,0.0,1.0,0.0,0.00011873119365191087,0.46923720836639404,0.06617308408021927,1.0024805068969727,0.0,34.80109405517578,34.801910400390625,34.801910400390625,0.0637502372264862,-0.011618210934102535,-7.700645676678164e-11,0.0,0.0,5.771627902984619,5.771627902984619,1.677734375,1.677734375,0.34766456484794617,0.0,0.0,0.0,0.0,0.2645546793937683,0.01730729267001152,0.18135413527488708,0.3473511040210724,0.5769972205162048,0.0,1.6810877323150635,1.6782548427581787,1.677734375,1.676104187965393,0.45540180802345276,0.0016887371893972158,0.0012373746139928699,1.0,3.147223472595215,3.214911937713623,3.2092666625976562,0.0,,,,,,,,,12.0,0.0,0.0,0.0,0.0,0.0,0.0,,,,,,,,,,,,,,,,,,,,,,0.001
1,40,train,38.500125885009766,32.084075927734375,32.08024215698242,0.0,0.0,0.0,0.0,0.0,0.0,0.0,0.0,0.0,0.0,0.0,0.0,0.0,0.0,0.0,0.0,0.0,0.0,0.0,0.0,0.0,0.0,0.0,0.0,1.0,0.5074834227561951,0.5074834227561951,0.5075024962425232,0.0,-0.010035696439445019,0.4535393714904785,1.0,0.0,1.0,0.0,0.0,0.00021408521570265293,0.0,0.0,0.0,0.0,0.271603524684906,0.004779028706252575,0.2552778720855713,0.2892942428588867,0.5845385789871216,0.0,0.0,0.0,0.0,0.0,0.0,0.0,0.0,1.0,0.0,0.00043669893057085574,0.4621691107749939,0.07215167582035065,0.9985772371292114,0.0,32.08024215698242,32.084075927734375,32.084075927734375,0.05046930909156799,-0.007699738722294569,2.006279864463778e-11,0.0,0.0,5.196091651916504,5.196091651916504,1.6818244457244873,1.6818244457244873,0.2250656634569168,0.0,0.0,0.0,0.0,0.2716034948825836,0.011049583554267883,0.22161723673343658,0.32666486501693726,0.5845385789871216,0.0,1.6825752258300781,1.6822047233581543,1.6818244457244873,1.682662844657898,0.4535393714904785,0.0033560136798769236,0.0014502268750220537,1.0,3.259899139404297,3.2526659965515137,3.1947999000549316,0.0,,,,,,,,,12.0,0.0,0.0,0.0,0.0,0.0,0.0,,,,,,,,,,,,,,,,,,,,,,0.001
1,60,train,28.670055389404297,23.8912410736084,23.894071578979492,0.0,0.0,0.0,0.0,0.0,0.0,0.0,0.0,0.0,0.0,0.0,0.0,0.0,0.0,0.0,0.0,0.0,0.0,0.0,0.0,0.0,0.0,0.0,0.0,1.0,0.5056419372558594,0.5056419372558594,0.5056496262550354,0.0,-0.00891854614019394,0.4527300298213959,1.0,0.0,1.0,0.0,0.0,0.0001655079540796578,0.0,0.0,0.0,0.0,0.2770886719226837,0.002857706043869257,0.2658514082431793,0.2870597839355469,0.590056836605072,0.0,0.0,0.0,0.0,0.0,0.0,0.0,0.0,1.0,0.0,-0.00023042908287607133,0.4516032636165619,0.08028147369623184,0.9957279562950134,0.0,23.894071578979492,23.8912410736084,23.8912410736084,0.040452007204294205,-0.0037821594160050154,3.5339803999834274e-11,0.0,0.0,5.843042850494385,5.843042850494385,1.6991572380065918,1.6991572380065918,0.1978130340576172,0.0,0.0,0.0,0.0,0.27708864212036133,0.007099222391843796,0.24265983700752258,0.3102070689201355,0.590056836605072,0.0,1.699243426322937,1.6994000673294067,1.6991572380065918,1.7010961771011353,0.4527300298213959,0.004022250417619944,0.0014757614117115736,1.0,3.123931407928467,3.0588815212249756,3.0275983810424805,0.0,,,,,,,,,12.0,0.0,0.0,0.0,0.0,0.0,0.0,,,,,,,,,,,,,,,,,,,,,,0.001
1,80,train,30.95472526550293,25.795711517333984,25.79506492614746,0.0,0.0,0.0,0.0,0.0,0.0,0.0,0.0,0.0,0.0,0.0,0.0,0.0,0.0,0.0,0.0,0.0,0.0,0.0,0.0,0.0,0.0,0.0,0.0,1.0,0.5045844912528992,0.5045844316482544,0.504587709903717,0.0,-0.009358859620988369,0.4527408182621002,1.0,0.0,1.0,0.0,0.0,0.00019599284860305488,0.0,0.0,0.0,0.0,0.28288570046424866,0.0016211947659030557,0.27636340260505676,0.2891913056373596,0.5956124067306519,0.0,0.0,0.0,0.0,0.0,0.0,0.0,0.0,1.0,0.0,-0.0002090681518893689,0.44372066855430603,0.08705410361289978,0.9933570027351379,0.0,25.79506492614746,25.795711517333984,25.795711517333984,0.0360388420522213,-0.0019075621385127306,2.7382384554242023e-11,0.0,0.0,5.5519328117370605,5.551933288574219,1.7092636823654175,1.7092636823654175,0.16218575835227966,0.0,0.0,0.0,0.0,0.28288570046424866,0.004308226052671671,0.2619103789329529,0.3010481297969818,0.5956124067306519,0.0,1.709143877029419,1.7094141244888306,1.7092636823654175,1.7089722156524658,0.4527408182621002,0.004603736102581024,0.0015030683716759086,1.0,2.8357725143432617,2.9893507957458496,3.028496503829956,0.0,,,,,,,,,12.0,0.0,0.0,0.0,0.0,0.0,0.0,,,,,,,,,,,,,,,,,,,,,,0.001
1,100,train,32.58749008178711,27.156709671020508,27.153907775878906,0.0,0.0,0.0,0.0,0.0,0.0,0.0,0.0,0.0,0.0,0.0,0.0,0.0,0.0,0.0,0.0,0.0,0.0,0.0,0.0,0.0,0.0,0.0,0.0,1.0,0.5004523396492004,0.5004523396492004,0.5004383325576782,0.0,-0.009807305410504341,0.45086535811424255,1.0,0.0,1.0,0.0,0.0,0.00021740890224464238,0.0,0.0,0.0,0.0,0.2874346673488617,0.0011857702629640698,0.2827538251876831,0.2913992404937744,0.5998181104660034,0.0,0.0,0.0,0.0,0.0,0.0,0.0,0.0,1.0,0.0,0.00025975966127589345,0.41816291213035583,0.10979196429252625,0.9874383211135864,0.0,27.153907775878906,27.156709671020508,27.156709671020508,0.036066312342882156,-0.0004608861345332116,-9.113205329258633e-11,0.0,0.0,5.612752914428711,5.612752914428711,1.7521312236785889,1.7521312236785889,0.16331131756305695,0.0,0.0,0.0,0.0,0.2874346673488617,0.0029054523911327124,0.2743065357208252,0.2990371286869049,0.5998181104660034,0.0,1.7521578073501587,1.7521649599075317,1.7521312236785889,1.752967119216919,0.45086535811424255,0.00554888928309083,0.001777090597897768,1.0,2.9766931533813477,2.95694637298584,2.969653606414795,0.0,,,,,,,,,12.0,0.0,0.0,0.0,0.0,0.0,0.0,,,,,,,,,,,,,,,,,,,,,,0.001
1,120,train,32.69377517700195,27.244140625,27.248170852661133,0.0,0.0,0.0,0.0,0.0,0.0,0.0,0.0,0.0,0.0,0.0,0.0,0.0,0.0,0.0,0.0,0.0,0.0,0.0,0.0,0.0,0.0,0.0,0.0,1.0,0.5010988116264343,0.5010988116264343,0.5011131763458252,0.0,-0.009133788757026196,0.44838953018188477,1.0,0.0,1.0,0.0,0.0,0.00033441418781876564,0.0,0.0,0.0,0.0,0.291246622800827,0.0007151791942305863,0.28866463899612427,0.2938709259033203,0.6032553315162659,0.0,0.0,0.0,0.0,0.0,0.0,0.0,0.0,1.0,0.0,0.0009882700396701694,0.3978237509727478,0.1267072558403015,0.9856400489807129,0.0,27.248170852661133,27.244140625,27.244140625,0.03325812891125679,-0.0076584601774811745,5.336141598033528e-11,0.0,0.0,5.68790340423584,5.68790340423584,1.8016966581344604,1.8016966581344604,0.1528899222612381,0.0,0.0,0.0,0.0,0.291246622800827,0.0019078077748417854,0.28257206082344055,0.2998943328857422,0.6032553315162659,0.0,1.8009473085403442,1.8020237684249878,1.8016966581344604,1.7963961362838745,0.44838953018188477,0.005828221794217825,0.0016822030302137136,1.0,2.867824077606201,2.865663528442383,2.8681163787841797,0.0,,,,,,,,,12.0,0.0,0.0,0.0,0.0,0.0,0.0,,,,,,,,,,,,,,,,,,,,,,0.001
1,140,train,31.872493743896484,26.558929443359375,26.567819595336914,0.0,0.0,0.0,0.0,0.0,0.0,0.0,0.0,0.0,0.0,0.0,0.0,0.0,0.0,0.0,0.0,0.0,0.0,0.0,0.0,0.0,0.0,0.0,0.0,1.0,0.5078598856925964,0.5078599452972412,0.5078341364860535,0.0,-0.009607275947928429,0.45223596692085266,1.0,0.0,1.0,0.0,0.0,0.0019804819021373987,0.0,0.0,0.0,0.0,0.29539281129837036,0.000497272762004286,0.2933562994003296,0.29705163836479187,0.6069055795669556,0.0,0.0,0.0,0.0,0.0,0.0,0.0,0.0,1.0,0.0,-0.0017318009631708264,0.3327944576740265,0.17843884229660034,0.980293869972229,0.0,26.567819595336914,26.558929443359375,26.558929443359375,0.03185896947979927,-0.016607798635959625,4.973461573132276e-11,0.0,0.0,5.685766220092773,5.685766220092773,1.9842852354049683,1.9842852354049683,0.1418733447790146,0.0,0.0,0.0,0.0,0.29539281129837036,0.001359949936158955,0.2878304719924927,0.3009529411792755,0.6069055795669556,0.0,1.9832593202590942,1.984723687171936,1.9842852354049683,1.97538423538208,0.45223596692085266,0.006390824913978577,0.0017999541014432907,1.0,2.8194692134857178,2.857046604156494,2.863677978515625,0.0,,,,,,,,,12.0,0.0,0.0,0.0,0.0,0.0,0.0,,,,,,,,,,,,,,,,,,,,,,0.001
1,160,train,31.757230758666992,26.465673446655273,26.457786560058594,0.0,0.0,0.0,0.0,0.0,0.0,0.0,0.0,0.0,0.0,0.0,0.0,0.0,0.0,0.0,0.0,0.0,0.0,0.0,0.0,0.0,0.0,0.0,0.0,1.0,0.5113406777381897,0.5113406777381897,0.5113400220870972,0.0,-0.00965635571628809,0.44756078720092773,1.0,0.0,1.0,0.0,0.0,0.00331752747297287,0.0,0.0,0.0,0.0,0.2992149293422699,0.0003613311564549804,0.2977588474750519,0.30048829317092896,0.6101948022842407,0.0,0.0,0.0,0.0,0.0,0.0,0.0,0.0,1.0,0.0,0.0018322193063795567,0.3111227750778198,0.19278478622436523,0.9808616638183594,0.0,26.457786560058594,26.465673446655273,26.465673446655273,0.028481261804699898,-0.0013520137872546911,2.9528293005176565e-11,0.0,0.0,5.542539596557617,5.542539596557617,2.03847074508667,2.03847074508667,0.12799255549907684,0.0,0.0,0.0,0.0,0.2992149293422699,0.0010889217955991626,0.2937960624694824,0.30375340580940247,0.6101948022842407,0.0,2.037297487258911,2.0389771461486816,2.03847074508667,2.0388028621673584,0.44756078720092773,0.006809020880609751,0.0018893007654696703,1.0,2.6870644092559814,2.765967845916748,2.789640188217163,0.0,,,,,,,,,12.0,0.0,0.0,0.0,0.0,0.0,0.0,,,,,,,,,,,,,,,,,,,,,,0.001
1,167,train_epoch,38.509306833415685,32.09118749424369,32.09059606769128,0.0,0.0,0.0,0.0,0.0,0.0,0.0,0.0,0.0,0.0,0.0,0.0,0.0,0.0,0.0,0.0,0.0,0.0,0.0,0.0,0.0,0.0,0.0,0.0,1.0,0.5065083400218072,0.5065083439478617,0.506509613491104,0.0,-0.009187886575069613,0.4523083069724237,1.0,0.0,1.0,0.0,0.0,0.0006943088716114202,0.0,0.0,0.0,0.0,0.2820239299071763,0.002820094196546912,0.27179663650646896,0.29273893697533065,0.5942498092165964,0.0,0.0,0.0,0.0,0.0,0.0,0.0,0.0,1.0,0.0,2.8817978314244996e-05,0.41567856733670494,0.110297462830465,0.9913998278315196,0.0,32.09059606769128,32.09118749424369,32.09118749424369,0.04276157836401891,-0.004836323018733713,1.1866261351451466e-11,0.0,0.0,5.59689956225321,5.5968995665361785,1.7832524219672836,1.7832524219672836,0.20132864306786816,0.0,0.0,0.0,0.0,0.28202392383963765,0.006914865707945145,0.25095118011186224,0.31579531238464537,0.5942498092165964,0.0,1.7836858241144056,1.7836201469341437,1.7832524219672836,1.7827146738589168,0.4523083069724237,0.004497575747200517,0.0015280809337803035,1.0,2.9968445700799635,2.9994574435456784,2.997934304311604,0.0,,,,,,,,,12.0,0.0,0.0,0.0,0.0,0.0,0.0,,,,,,,,,,,,,,,,,,,,,,0.001
1,167,val,,,,,,,,,,,,,,,,,,,,,,,,,,,,,,,,,,,,,,,,,,,,,,,,,,,,,,,,,,,,,,,,,,,,,,,,,,,,,,,,,,,,,,,,,,,,,,,,,,,,,,,,,,,,,,,,,,,24.039974212646484,1290.3287353515625,35.921146075140236,0.2212134450674057,0.10292419046163559,19.30966567993164,28.933845569394915,0.13915285468101501,0.08275015652179718,22.478918075561523,34.33784568787586,0.16147013008594513,0.09625109285116196,29.61734390258789,44.4950016943617,0.251706063747406,0.12661834061145782,24.039974212646484,35.921146075140236,0.2212134450674057,0.10292419046163559,0.001
1,167,test_select,,,,,,,,,,,,,,,,,,,,,,,,,,,,,,,,,,,,,,,,,,,,,,,,,,,,,,,,,,,,,,,,,,,,,,,,,,,,,,,,,,,,,,,,,,,,,,,,,,,,,,,,,,,,,,,,,,,24.417539596557617,1377.51513671875,37.114891037409095,0.19956925511360168,0.09916002303361893,19.720598220825195,29.808579161066408,0.1279975175857544,0.08006833493709564,22.854291915893555,35.50007392983059,0.1453184187412262,0.09280679374933243,30.160888671875,46.079280038083546,0.22314491868019104,0.12253176420927048,24.417539596557617,37.114891037409095,0.19956925511360168,0.09916002303361893,0.001
1,167,test,,,,,,,,,,,,,,,,,,,,,,,,,,,,,,,,,,,,,,,,,,,,,,,,,,,,,,,,,,,,,,,,,,,,,,,,,,,,,,,,,,,,,,,,,,,,,,,,,,,,,,,,,,,,,,,,,,,24.417539596557617,1377.51513671875,37.114891037409095,0.19956925511360168,0.09916002303361893,19.720598220825195,29.808579161066408,0.1279975175857544,0.08006833493709564,22.854291915893555,35.50007392983059,0.1453184187412262,0.09280679374933243,30.160888671875,46.079280038083546,0.22314491868019104,0.12253176420927048,24.417539596557617,37.114891037409095,0.19956925511360168,0.09916002303361893,0.001
2,180,train,30.12401008605957,25.107236862182617,25.0838680267334,0.0,0.0,0.0,0.0,0.0,0.0,0.0,0.0,0.0,0.0,0.0,0.0,0.0,0.0,0.0,0.0,0.0,0.0,0.0,0.0,0.0,0.0,0.0,0.0,1.0,0.520513117313385,0.520513117313385,0.5205098986625671,0.0,-0.010368919931352139,0.4479663372039795,1.0,0.0,1.0,0.0,0.0,0.0029378992039710283,0.0,0.0,0.0,0.0,0.30320116877555847,0.00028498435858637094,0.3020848035812378,0.304248571395874,0.6135507822036743,0.0,0.0,0.0,0.0,0.0,0.0,0.0,0.0,1.0,0.0,-0.001163496053777635,0.27502506971359253,0.2265646606683731,0.9809752702713013,0.0,25.0838680267334,25.107236862182617,25.107236862182617,0.026240862905979156,-0.003764126915484667,1.4584433660758123e-10,0.0,0.0,5.355651378631592,5.355651378631592,2.1909587383270264,2.1909587383270264,0.11183653771877289,0.0,0.0,0.0,0.0,0.3032011389732361,0.000795768981333822,0.29945096373558044,0.3065698742866516,0.6135507822036743,0.0,2.18990159034729,2.1914212703704834,2.1909587383270264,2.1699635982513428,0.4479663372039795,0.0074722724966704845,0.002119566546753049,1.0,2.7473549842834473,2.7705512046813965,2.76365327835083,0.0,,,,,,,,,12.0,0.0,0.0,0.0,0.0,0.0,0.0,,,,,,,,,,,,,,,,,,,,,,0.001
2,200,train,30.457439422607422,25.378732681274414,25.393531799316406,0.0,0.0,0.0,0.0,0.0,0.0,0.0,0.0,0.0,0.0,0.0,0.0,0.0,0.0,0.0,0.0,0.0,0.0,0.0,0.0,0.0,0.0,0.0,0.0,1.0,0.5342537760734558,0.5342537760734558,0.534224271774292,0.0,-0.011427579447627068,0.4533907175064087,1.0,0.0,1.0,0.0,0.0,0.008077546022832394,0.0,0.0,0.0,0.0,0.30707961320877075,0.0002706517407204956,0.3061302900314331,0.3080219328403473,0.6167430281639099,0.0,0.0,0.0,0.0,0.0,0.0,0.0,0.0,1.0,0.0,0.0008601726731285453,0.2509702742099762,0.25720489025115967,0.9819839000701904,0.0,25.393531799316406,25.378732681274414,25.378732681274414,0.024796530604362488,-0.002230143640190363,-3.892801012095326e-11,0.0,0.0,5.798367023468018,5.798366546630859,2.3468923568725586,2.3468923568725586,0.11351484805345535,0.0,0.0,0.0,0.0,0.30707961320877075,0.0006626053364016116,0.3038276731967926,0.3098919987678528,0.6167430281639099,0.0,2.3457887172698975,2.3473825454711914,2.3468923568725586,2.3287293910980225,0.4533907175064087,0.007226945366710424,0.002128276042640209,1.0,2.770803451538086,2.6949119567871094,2.6716554164886475,0.0,,,,,,,,,12.0,0.0,0.0,0.0,0.0,0.0,0.0,,,,,,,,,,,,,,,,,,,,,,0.001
2,220,train,27.85055160522461,23.212173461914062,23.19188690185547,0.0,0.0,0.0,0.0,0.0,0.0,0.0,0.0,0.0,0.0,0.0,0.0,0.0,0.0,0.0,0.0,0.0,0.0,0.0,0.0,0.0,0.0,0.0,0.0,1.0,0.5407654047012329,0.5407654047012329,0.5407562255859375,0.0,-0.01148902252316475,0.4477708637714386,1.0,0.0,1.0,0.0,0.0,0.00865326076745987,0.0,0.0,0.0,0.0,0.3111574649810791,0.0001985396957024932,0.3102905750274658,0.311820387840271,0.6200231313705444,0.0,0.0,0.0,0.0,0.0,0.0,0.0,0.0,1.0,0.0,0.0017522609559819102,0.24005764722824097,0.2650008499622345,0.9841877818107605,0.0,23.19188690185547,23.212173461914062,23.212173461914062,0.03388608247041702,0.004613127559423447,1.6577721140276225e-10,0.0,0.0,5.45750093460083,5.45750093460083,2.3833186626434326,2.3833186626434326,0.1729627549648285,0.0,0.0,0.0,0.0,0.3111574947834015,0.0004799837479367852,0.30872395634651184,0.31319597363471985,0.6200231313705444,0.0,2.3825271129608154,2.383676767349243,2.3833186626434326,2.384345531463623,0.4477708637714386,0.007629070896655321,0.0022488380782306194,1.0,2.6887717247009277,2.6986846923828125,2.6821718215942383,0.0,,,,,,,,,12.0,0.0,0.0,0.0,0.0,0.0,0.0,,,,,,,,,,,,,,,,,,,,,,0.001
2,240,train,29.818960189819336,24.851001739501953,24.83978843688965,0.0,0.0,0.0,0.0,0.0,0.0,0.0,0.0,0.0,0.0,0.0,0.0,0.0,0.0,0.0,0.0,0.0,0.0,0.0,0.0,0.0,0.0,0.0,0.0,1.0,0.5237419009208679,0.5237419009208679,0.5237287878990173,0.0,-0.010082383640110493,0.44710320234298706,1.0,0.0,1.0,0.0,0.0,0.0035620650742202997,0.0,0.0,0.0,0.0,0.3150576055049896,0.00016408397641498595,0.3143758773803711,0.31559595465660095,0.6230872273445129,0.0,0.0,0.0,0.0,0.0,0.0,0.0,0.0,1.0,0.0,0.0007559985970146954,0.2871362566947937,0.2143469601869583,0.9867193102836609,0.0,24.83978843688965,24.851001739501953,24.851001739501953,0.027323700487613678,-0.005300153978168964,-2.6436240349592133e-12,0.0,0.0,5.477454662322998,5.477454662322998,2.1493756771087646,2.1493756771087646,0.12526436150074005,0.0,0.0,0.0,0.0,0.31505757570266724,0.00044963747495785356,0.3130685091018677,0.3169122636318207,0.6230872273445129,0.0,2.1486494541168213,2.1497104167938232,2.1493756771087646,2.145512342453003,0.44710320234298706,0.00677253445610404,0.0020145683083683252,1.0,2.554992198944092,2.68127703666687,2.6994235515594482,0.0,,,,,,,,,12.0,0.0,0.0,0.0,0.0,0.0,0.0,,,,,,,,,,,,,,,,,,,,,,0.001
2,260,train,26.39000701904297,21.99198341369629,21.99011993408203,0.0,0.0,0.0,0.0,0.0,0.0,0.0,0.0,0.0,0.0,0.0,0.0,0.0,0.0,0.0,0.0,0.0,0.0,0.0,0.0,0.0,0.0,0.0,0.0,1.0,0.5351706147193909,0.5351706147193909,0.5351577997207642,0.0,-0.01034215372055769,0.44831886887550354,1.0,0.0,1.0,0.0,0.0,0.01032562181353569,0.0,0.0,0.0,0.0,0.3190312683582306,0.0001274633250432089,0.3185371458530426,0.31943631172180176,0.6261368989944458,0.0,0.0,0.0,0.0,0.0,0.0,0.0,0.0,1.0,0.0,0.00025932735297828913,0.26047515869140625,0.23605163395404816,0.9875102043151855,0.0,21.99011993408203,21.99198341369629,21.99198341369629,0.02452797442674637,-0.008169134147465229,-1.6127495172657547e-11,0.0,0.0,5.675224781036377,5.675224781036377,2.2766127586364746,2.2766127586364746,0.10657310485839844,0.0,0.0,0.0,0.0,0.3190312683582306,0.00031092046992853284,0.31743085384368896,0.3203586935997009,0.6261368989944458,0.0,2.276096820831299,2.2768545150756836,2.2766127586364746,2.2825629711151123,0.44831886887550354,0.006668418645858765,0.0020236994605511427,1.0,2.6324312686920166,2.594355344772339,2.580200672149658,0.0,,,,,,,,,12.0,0.0,0.0,0.0,0.0,0.0,0.0,,,,,,,,,,,,,,,,,,,,,,0.001
2,280,train,31.094520568847656,25.91027069091797,25.921245574951172,0.0,0.0,0.0,0.0,0.0,0.0,0.0,0.0,0.0,0.0,0.0,0.0,0.0,0.0,0.0,0.0,0.0,0.0,0.0,0.0,0.0,0.0,0.0,0.0,1.0,0.5319002866744995,0.5319002270698547,0.5318903923034668,0.0,-0.009906759485602379,0.4461205303668976,1.0,0.0,1.0,0.0,0.0,0.007312838453799486,0.0,0.0,0.0,0.0,0.3229217827320099,8.998363773571327e-05,0.32251524925231934,0.32326993346214294,0.6290521025657654,0.0,0.0,0.0,0.0,0.0,0.0,0.0,0.0,1.0,0.0,-0.0014764092629775405,0.2679522931575775,0.2261064201593399,0.9881513118743896,0.0,25.921245574951172,25.91027069091797,25.91027069091797,0.022805724292993546,-0.005221616011112928,-1.5891355939490204e-11,0.0,0.0,6.124599933624268,6.124599933624268,2.229968547821045,2.229968547821045,0.10354246199131012,0.0,0.0,0.0,0.0,0.3229217827320099,0.00023838499328121543,0.321711927652359,0.3239355683326721,0.6290521025657654,0.0,2.229583978652954,2.2301526069641113,2.229968547821045,2.229335069656372,0.4461205303668976,0.006339434999972582,0.001891690888442099,1.0,2.569131851196289,2.544125556945801,2.5315628051757812,0.0,,,,,,,,,12.0,0.0,0.0,0.0,0.0,0.0,0.0,,,,,,,,,,,,,,,,,,,,,,0.001
2,300,train,30.80355453491211,25.66770362854004,25.679256439208984,0.0,0.0,0.0,0.0,0.0,0.0,0.0,0.0,0.0,0.0,0.0,0.0,0.0,0.0,0.0,0.0,0.0,0.0,0.0,0.0,0.0,0.0,0.0,0.0,1.0,0.5388358235359192,0.5388358235359192,0.5388472080230713,0.0,-0.010246975347399712,0.4498783349990845,1.0,0.0,1.0,0.0,0.0,0.01729075238108635,0.0,0.0,0.0,0.0,0.326723575592041,8.979532867670059e-05,0.3263436257839203,0.32698148488998413,0.6318339109420776,0.0,0.0,0.0,0.0,0.0,0.0,0.0,0.0,1.0,0.0,-0.0003399790439289063,0.25699499249458313,0.24263136088848114,0.9888290762901306,0.0,25.679256439208984,25.66770362854004,25.66770362854004,0.022986622527241707,-0.004336344078183174,2.791311348726566e-10,0.0,0.0,5.864883899688721,5.864883899688721,2.323666572570801,2.323666572570801,0.10459884256124496,0.0,0.0,0.0,0.0,0.32672354578971863,0.00020067505829501897,0.3255996108055115,0.3275567591190338,0.6318339109420776,0.0,2.3233373165130615,2.323826313018799,2.323666572570801,2.312211036682129,0.4498783349990845,0.006362286861985922,0.0018877120455726981,1.0,2.5439133644104004,2.5452449321746826,2.5314016342163086,0.0,,,,,,,,,12.0,0.0,0.0,0.0,0.0,0.0,0.0,,,,,,,,,,,,,,,,,,,,,,0.001
2,320,train,28.397031784057617,23.66548728942871,23.65772247314453,0.0,0.0,0.0,0.0,0.0,0.0,0.0,0.0,0.0,0.0,0.0,0.0,0.0,0.0,0.0,0.0,0.0,0.0,0.0,0.0,0.0,0.0,0.0,0.0,1.0,0.5439378023147583,0.5439378023147583,0.5439398288726807,0.0,-0.009942648001015186,0.44719186425209045,1.0,0.0,1.0,0.0,0.0,0.019261933863162994,0.0,0.0,0.0,0.0,0.3305516541004181,6.20158389210701e-05,0.33030229806900024,0.33073896169662476,0.6345685720443726,0.0,0.0,0.0,0.0,0.0,0.0,0.0,0.0,1.0,0.0,0.0026267124339938164,0.2440357208251953,0.24932126700878143,0.988957941532135,0.0,23.65772247314453,23.66548728942871,23.66548728942871,0.02396308071911335,-0.003104917472228408,-1.620105993804799e-10,0.0,0.0,5.594927787780762,5.594927787780762,2.3752522468566895,2.3752522468566895,0.10350193828344345,0.0,0.0,0.0,0.0,0.3305516541004181,0.00013783469330519438,0.329908549785614,0.33116015791893005,0.6345685720443726,0.0,2.375030994415283,2.375361442565918,2.3752522468566895,2.3772435188293457,0.44719186425209045,0.006777632515877485,0.0020594329107552767,1.0,2.4842655658721924,2.4877758026123047,2.524044990539551,0.0,,,,,,,,,12.0,0.0,0.0,0.0,0.0,0.0,0.0,,,,,,,,,,,,,,,,,,,,,,0.001
2,334,train_epoch,29.88209261865673,24.902010363732984,24.90041062360752,0.0,0.0,0.0,0.0,0.0,0.0,0.0,0.0,0.0,0.0,0.0,0.0,0.0,0.0,0.0,0.0,0.0,0.0,0.0,0.0,0.0,0.0,0.0,0.0,1.0,0.534293866443063,0.5342938650154068,0.5342930626726436,0.0,-0.010400315969736276,0.44837714098170844,1.0,0.0,1.0,0.0,0.0,0.009706085611937825,0.0,0.0,0.0,0.0,0.3171511135415403,0.00016021199512116272,0.3164742990525183,0.3176867267685736,0.6244970859881647,0.0,0.0,0.0,0.0,0.0,0.0,0.0,0.0,1.0,0.0,0.0001481165733527311,0.2586273066476434,0.24041955021327127,0.9859172091512622,0.0,24.90041062360752,24.902010363732984,24.902010363732984,0.025305241625198347,-0.0042169717353372,-1.4768340760116897e-13,0.0,0.0,5.6712819573408115,5.671281960196124,2.289626225739896,2.289626225739896,0.1137452799224568,0.0,0.0,0.0,0.0,0.31715110658171647,0.0004101252660132989,0.3150948792874456,0.31887301427875453,0.6244970859881647,0.0,2.2889888472185875,2.289916613858617,2.289626225739896,2.2870382448870266,0.44837714098170844,0.006916511851268079,0.0020564935263525136,1.0,2.608858541100325,2.6110911297940924,2.6114282336777555,0.0,,,,,,,,,12.0,0.0,0.0,0.0,0.0,0.0,0.0,,,,,,,,,,,,,,,,,,,,,,0.001
2,334,val,,,,,,,,,,,,,,,,,,,,,,,,,,,,,,,,,,,,,,,,,,,,,,,,,,,,,,,,,,,,,,,,,,,,,,,,,,,,,,,,,,,,,,,,,,,,,,,,,,,,,,,,,,,,,,,,,,,21.109989166259766,1090.934814453125,33.029302360981305,0.2046794891357422,0.09037980437278748,17.978269577026367,27.76128755865013,0.1759064793586731,0.07704455405473709,20.70768928527832,32.48304846377569,0.18694953620433807,0.08866697549819946,26.205442428588867,40.43820788841368,0.2308688908815384,0.1120319738984108,21.109989166259766,33.029302360981305,0.2046794891357422,0.09037980437278748,0.001
2,334,test_select,,,,,,,,,,,,,,,,,,,,,,,,,,,,,,,,,,,,,,,,,,,,,,,,,,,,,,,,,,,,,,,,,,,,,,,,,,,,,,,,,,,,,,,,,,,,,,,,,,,,,,,,,,,,,,,,,,,21.401615142822266,1170.265380859375,34.20914177320698,0.17435066401958466,0.08691231161355972,18.08346176147461,28.18598964391762,0.1480485498905182,0.07342133671045303,20.911958694458008,33.50502819074325,0.15870024263858795,0.08491936326026917,26.848783493041992,42.34269630838431,0.1962125152349472,0.10907598584890366,21.401615142822266,34.20914177320698,0.17435066401958466,0.08691231161355972,0.001
2,334,test,,,,,,,,,,,,,,,,,,,,,,,,,,,,,,,,,,,,,,,,,,,,,,,,,,,,,,,,,,,,,,,,,,,,,,,,,,,,,,,,,,,,,,,,,,,,,,,,,,,,,,,,,,,,,,,,,,,21.401615142822266,1170.265380859375,34.20914177320698,0.17435066401958466,0.08691231161355972,18.08346176147461,28.18598964391762,0.1480485498905182,0.07342133671045303,20.911958694458008,33.50502819074325,0.15870024263858795,0.08491936326026917,26.848783493041992,42.34269630838431,0.1962125152349472,0.10907598584890366,21.401615142822266,34.20914177320698,0.17435066401958466,0.08691231161355972,0.001
3,340,train,29.63433265686035,24.69569206237793,24.693204879760742,0.0,0.0,0.0,0.0,0.0,0.0,0.0,0.0,0.0,0.0,0.0,0.0,0.0,0.0,0.0,0.0,0.0,0.0,0.0,0.0,0.0,0.0,0.0,0.0,1.0,0.5397768616676331,0.5397768616676331,0.5397719144821167,0.0,-0.010724328458309174,0.44769197702407837,1.0,0.0,1.0,0.0,0.0,0.010255120694637299,0.0,0.0,0.0,0.0,0.3343469798564911,3.312016633572057e-05,0.3342263698577881,0.33447951078414917,0.6372144818305969,0.0,0.0,0.0,0.0,0.0,0.0,0.0,0.0,1.0,0.0,0.0021591726690530777,0.25320273637771606,0.24132311344146729,0.9887896776199341,0.0,24.693204879760742,24.69569206237793,24.69569206237793,0.02153937518596649,-0.002219702582806349,-6.732231438988379e-11,0.0,0.0,5.718478202819824,5.718478202819824,2.324647903442383,2.324647903442383,0.09591326862573624,0.0,0.0,0.0,0.0,0.3343470096588135,8.446384163107723e-05,0.3339732885360718,0.33471137285232544,0.6372144818305969,0.0,2.324524164199829,2.32470965385437,2.324647903442383,2.3177459239959717,0.44769197702407837,0.006742966827005148,0.002101282589137554,1.0,2.4560647010803223,2.4703786373138428,2.453476667404175,0.0,,,,,,,,,12.0,0.0,0.0,0.0,0.0,0.0,0.0,,,,,,,,,,,,,,,,,,,,,,0.001
3,360,train,27.16260528564453,22.634449005126953,22.640775680541992,0.0,0.0,0.0,0.0,0.0,0.0,0.0,0.0,0.0,0.0,0.0,0.0,0.0,0.0,0.0,0.0,0.0,0.0,0.0,0.0,0.0,0.0,0.0,0.0,1.0,0.540047287940979,0.540047287940979,0.5400503873825073,0.0,-0.010060030035674572,0.44840261340141296,1.0,0.0,1.0,0.0,0.0,0.010924199596047401,0.0,0.0,0.0,0.0,0.3380813002586365,1.9068111214437522e-05,0.3379943370819092,0.33814215660095215,0.6397546529769897,0.0,0.0,0.0,0.0,0.0,0.0,0.0,0.0,1.0,0.0,-0.0025013070553541183,0.24898497760295868,0.2487037628889084,0.9886066317558289,0.0,22.640775680541992,22.634449005126953,22.634449005126953,0.022337963804602623,-0.003984701819717884,-1.0627302510224368e-10,0.0,0.0,5.461293697357178,5.461293697357178,2.3517251014709473,2.3517251014709473,0.09129229187965393,0.0,0.0,0.0,0.0,0.3380812704563141,5.230191891314462e-05,0.337833046913147,0.33830904960632324,0.6397546529769897,0.0,2.3516602516174316,2.351757764816284,2.3517251014709473,2.337341070175171,0.44840261340141296,0.0068588959984481335,0.002138565294444561,1.0,2.367506980895996,2.3979921340942383,2.367905616760254,0.0,,,,,,,,,12.0,0.0,0.0,0.0,0.0,0.0,0.0,,,,,,,,,,,,,,,,,,,,,,0.001
3,380,train,31.100093841552734,25.920082092285156,25.900056838989258,0.0,0.0,0.0,0.0,0.0,0.0,0.0,0.0,0.0,0.0,0.0,0.0,0.0,0.0,0.0,0.0,0.0,0.0,0.0,0.0,0.0,0.0,0.0,0.0,1.0,0.5776458978652954,0.5776458978652954,0.5776540040969849,0.0,-0.011924108490347862,0.44825616478919983,1.0,0.0,1.0,0.0,0.0,0.028526440262794495,0.0,0.0,0.0,0.0,0.34176236391067505,1.4135113815427758e-05,0.34169191122055054,0.34181350469589233,0.6421976089477539,0.0,0.0,0.0,0.0,0.0,0.0,0.0,0.0,1.0,0.0,0.010704156011343002,0.19205737113952637,0.316954642534256,0.9880600571632385,0.0,25.900056838989258,25.920082092285156,25.920082092285156,0.023899929597973824,-0.009218022227287292,1.1000463560895124e-11,0.0,0.0,5.500573635101318,5.500573635101318,2.7316489219665527,2.7316489219665527,0.09971443563699722,0.0,0.0,0.0,0.0,0.34176236391067505,3.667143755592406e-05,0.3415694534778595,0.34191760420799255,0.6421976089477539,0.0,2.731609344482422,2.7316691875457764,2.7316489219665527,2.736974000930786,0.44825616478919983,0.007626850623637438,0.002468657912686467,1.0,2.351104259490967,2.362967014312744,2.3921403884887695,0.0,,,,,,,,,12.0,0.0,0.0,0.0,0.0,0.0,0.0,,,,,,,,,,,,,,,,,,,,,,0.001
3,400,train,28.746232986450195,23.95155906677246,23.973369598388672,0.0,0.0,0.0,0.0,0.0,0.0,0.0,0.0,0.0,0.0,0.0,0.0,0.0,0.0,0.0,0.0,0.0,0.0,0.0,0.0,0.0,0.0,0.0,0.0,1.0,0.5563791394233704,0.5563791394233704,0.5563781261444092,0.0,-0.011154822073876858,0.4483547806739807,1.0,0.0,1.0,0.0,0.0,0.01990426890552044,0.0,0.0,0.0,0.0,0.34537458419799805,2.0072218831046484e-05,0.3452546298503876,0.34542137384414673,0.6445361971855164,0.0,0.0,0.0,0.0,0.0,0.0,0.0,0.0,1.0,0.0,-0.006030813790857792,0.22871389985084534,0.27471062541007996,0.9883177280426025,0.0,23.973369598388672,23.95155906677246,23.95155906677246,0.02136761136353016,-0.0004983902908861637,-1.173187103020723e-10,0.0,0.0,5.8810014724731445,5.8810014724731445,2.5171849727630615,2.5171849727630615,0.09429416060447693,0.0,0.0,0.0,0.0,0.34537458419799805,4.044519300805405e-05,0.3451135754585266,0.3455428183078766,0.6445361971855164,0.0,2.517124652862549,2.517216920852661,2.5171849727630615,2.497635841369629,0.4483547806739807,0.007203411310911179,0.002190929837524891,1.0,2.355837345123291,2.376100540161133,2.3409080505371094,0.0,,,,,,,,,12.0,0.0,0.0,0.0,0.0,0.0,0.0,,,,,,,,,,,,,,,,,,,,,,0.001
3,420,train,30.051183700561523,25.03883934020996,25.061717987060547,0.0,0.0,0.0,0.0,0.0,0.0,0.0,0.0,0.0,0.0,0.0,0.0,0.0,0.0,0.0,0.0,0.0,0.0,0.0,0.0,0.0,0.0,0.0,0.0,1.0,0.5382397174835205,0.5382396578788757,0.5382541418075562,0.0,-0.009956363588571548,0.44907310605049133,1.0,0.0,1.0,0.0,0.0,0.012089108116924763,0.0,0.0,0.0,0.0,0.348991334438324,1.1975018423981965e-05,0.3489401042461395,0.3490278720855713,0.646820068359375,0.0,0.0,0.0,0.0,0.0,0.0,0.0,0.0,1.0,0.0,0.0014760586200281978,0.25502076745033264,0.2401706874370575,0.9886195659637451,0.0,25.061717987060547,25.03883934020996,25.03883934020996,0.022716321051120758,-0.006006078328937292,-1.9165773135210173e-11,0.0,0.0,5.949228763580322,5.949228763580322,2.309359312057495,2.309359312057495,0.1130884513258934,0.0,0.0,0.0,0.0,0.348991334438324,2.9352810088312253e-05,0.3488573729991913,0.34912681579589844,0.646820068359375,0.0,2.309316873550415,2.3093819618225098,2.309359312057495,2.307908296585083,0.44907310605049133,0.007076530251652002,0.002136120805516839,1.0,2.408374309539795,2.3635432720184326,2.36483097076416,0.0,,,,,,,,,12.0,0.0,0.0,0.0,0.0,0.0,0.0,,,,,,,,,,,,,,,,,,,,,,0.001
3,440,train,25.076627731323242,20.896818161010742,20.8990478515625,0.0,0.0,0.0,0.0,0.0,0.0,0.0,0.0,0.0,0.0,0.0,0.0,0.0,0.0,0.0,0.0,0.0,0.0,0.0,0.0,0.0,0.0,0.0,0.0,1.0,0.5198767781257629,0.5198767781257629,0.5198765397071838,0.0,-0.009782387875020504,0.4484419524669647,1.0,0.0,1.0,0.0,0.0,0.0021993776317685843,0.0,0.0,0.0,0.0,0.3525838553905487,5.132691057951888e-06,0.35256239771842957,0.3526016175746918,0.6490315198898315,0.0,0.0,0.0,0.0,0.0,0.0,0.0,0.0,1.0,0.0,-9.655976464273408e-05,0.31634220480918884,0.18016846477985382,0.9888153672218323,0.0,20.8990478515625,20.896818161010742,20.896818161010742,0.025609763339161873,-0.002759638475254178,-7.732591476850015e-12,0.0,0.0,5.517043113708496,5.517043113708496,2.040743112564087,2.040743112564087,0.12422947585582733,0.0,0.0,0.0,0.0,0.3525838553905487,1.5960818927851506e-05,0.35250571370124817,0.35265740752220154,0.6490315198898315,0.0,2.040726900100708,2.0407516956329346,2.040743112564087,2.0450940132141113,0.4484419524669647,0.0070219263434410095,0.002065053442493081,1.0,2.3912458419799805,2.335503339767456,2.3386759757995605,0.0,,,,,,,,,12.0,0.0,0.0,0.0,0.0,0.0,0.0,,,,,,,,,,,,,,,,,,,,,,0.001
3,460,train,25.037755966186523,20.86562156677246,20.860671997070312,0.0,0.0,0.0,0.0,0.0,0.0,0.0,0.0,0.0,0.0,0.0,0.0,0.0,0.0,0.0,0.0,0.0,0.0,0.0,0.0,0.0,0.0,0.0,0.0,1.0,0.5214859247207642,0.5214858651161194,0.5214923024177551,0.0,-0.010012615472078323,0.4459918439388275,1.0,0.0,1.0,0.0,0.0,0.00411754148080945,0.0,0.0,0.0,0.0,0.3561270534992218,2.8060603654012084e-06,0.35611391067504883,0.3561381697654724,0.6511572003364563,0.0,0.0,0.0,0.0,0.0,0.0,0.0,0.0,1.0,0.0,-0.00037738625542260706,0.3033719062805176,0.19013717770576477,0.988346517086029,0.0,20.860671997070312,20.86562156677246,20.86562156677246,0.02179787866771221,0.0008597898413427174,1.1987462238127744e-11,0.0,0.0,5.654299736022949,5.654299736022949,2.0869596004486084,2.0869596004486084,0.09799187630414963,0.0,0.0,0.0,0.0,0.3561270236968994,9.282097380491905e-06,0.3560831844806671,0.3561798930168152,0.6511572003364563,0.0,2.0869545936584473,2.0869624614715576,2.0869596004486084,2.0829997062683105,0.4459918439388275,0.00727917579934001,0.002117730211466551,1.0,2.2878878116607666,2.3074607849121094,2.29738712310791,0.0,,,,,,,,,12.0,0.0,0.0,0.0,0.0,0.0,0.0,,,,,,,,,,,,,,,,,,,,,,0.001
3,480,train,27.0258846282959,22.526168823242188,22.498579025268555,0.0,0.0,0.0,0.0,0.0,0.0,0.0,0.0,0.0,0.0,0.0,0.0,0.0,0.0,0.0,0.0,0.0,0.0,0.0,0.0,0.0,0.0,0.0,0.0,1.0,0.5316809415817261,0.5316808819770813,0.5316665172576904,0.0,-0.01048769149929285,0.4475190341472626,1.0,0.0,1.0,0.0,0.0,0.004271055571734905,0.0,0.0,0.0,0.0,0.3596295714378357,1.7462201640228159e-06,0.3596229553222656,0.3596363961696625,0.6532048583030701,0.0,0.0,0.0,0.0,0.0,0.0,0.0,0.0,1.0,0.0,0.0016263033030554652,0.2640208601951599,0.22172310948371887,0.9878416061401367,0.0,22.498579025268555,22.526168823242188,22.526168823242188,0.020534513518214226,-0.0015023540472611785,7.996216189187777e-11,0.0,0.0,5.329142093658447,5.329142093658447,2.2399861812591553,2.2399861812591553,0.08293264359235764,0.0,0.0,0.0,0.0,0.3596295714378357,5.945301381871104e-06,0.3596022129058838,0.3596569299697876,0.6532048583030701,0.0,2.239983558654785,2.239987850189209,2.2399861812591553,2.231476306915283,0.4475190341472626,0.0077227819710969925,0.0022773046512156725,1.0,2.2758076190948486,2.3055176734924316,2.303494930267334,0.0,,,,,,,,,12.0,0.0,0.0,0.0,0.0,0.0,0.0,,,,,,,,,,,,,,,,,,,,,,0.001
3,500,train,25.910810470581055,21.59247398376465,21.59168243408203,0.0,0.0,0.0,0.0,0.0,0.0,0.0,0.0,0.0,0.0,0.0,0.0,0.0,0.0,0.0,0.0,0.0,0.0,0.0,0.0,0.0,0.0,0.0,0.0,1.0,0.5294382572174072,0.5294382572174072,0.5294468998908997,0.0,-0.009977449662983418,0.4442402124404907,1.0,0.0,1.0,0.0,0.0,0.005824917461723089,0.0,0.0,0.0,0.0,0.3630927801132202,1.3993915217724862e-06,0.3630867898464203,0.36309728026390076,0.6551769971847534,0.0,0.0,0.0,0.0,0.0,0.0,0.0,0.0,1.0,0.0,-0.0015295176999643445,0.2684009075164795,0.2190047800540924,0.9875729084014893,0.0,21.59168243408203,21.59247398376465,21.59247398376465,0.018713444471359253,-0.0025270746555179358,1.328320092808255e-10,0.0,0.0,5.517416000366211,5.517416000366211,2.2246556282043457,2.2246556282043457,0.07795651257038116,0.0,0.0,0.0,0.0,0.3630927801132202,4.240633643348701e-06,0.36307311058044434,0.3631117045879364,0.6551769971847534,0.0,2.224651336669922,2.2246577739715576,2.2246556282043457,2.2151050567626953,0.4442402124404907,0.0074591063894331455,0.0022345478646457195,1.0,2.1732211112976074,2.237698554992676,2.2597126960754395,0.0,,,,,,,,,12.0,0.0,0.0,0.0,0.0,0.0,0.0,,,,,,,,,,,,,,,,,,,,,,0.001
3,501,train_epoch,27.16365834767233,22.63643115152142,22.63613543253459,0.0,0.0,0.0,0.0,0.0,0.0,0.0,0.0,0.0,0.0,0.0,0.0,0.0,0.0,0.0,0.0,0.0,0.0,0.0,0.0,0.0,0.0,0.0,0.0,1.0,0.5410238229585979,0.5410238268846523,0.5410228792778746,0.0,-0.010390195248280457,0.4466245386771813,1.0,0.0,1.0,0.0,0.0,0.011631320827378484,0.0,0.0,0.0,0.0,0.34854213795262184,1.2526716721471323e-05,0.34848757793089585,0.3485825056444385,0.646373934374598,0.0,0.0,0.0,0.0,0.0,0.0,0.0,0.0,1.0,0.0,0.000226781256931721,0.2579235670095432,0.2387817303042212,0.9883658136436325,0.0,22.63613543253459,22.63643115152142,22.63643115152142,0.022332077176717226,-0.0032491869561143798,2.810869762087041e-12,0.0,0.0,5.60177787335333,5.601777879063954,2.325631171643377,2.325631171643377,0.09874899614000035,0.0,0.0,0.0,0.0,0.3485421370603367,3.1083690735798515e-05,0.3483854064684428,0.3486745070197625,0.646373934374598,0.0,2.3255902350305795,2.3256523080928595,2.325631171643377,2.3234966343748353,0.4466245386771813,0.00723372854593539,0.0021745075811882932,1.0,2.367264677664477,2.36621931498636,2.3651552485848617,0.0,,,,,,,,,12.0,0.0,0.0,0.0,0.0,0.0,0.0,,,,,,,,,,,,,,,,,,,,,,0.001
3,501,val,,,,,,,,,,,,,,,,,,,,,,,,,,,,,,,,,,,,,,,,,,,,,,,,,,,,,,,,,,,,,,,,,,,,,,,,,,,,,,,,,,,,,,,,,,,,,,,,,,,,,,,,,,,,,,,,,,,21.271358489990234,1075.6787109375,32.79754123310923,0.1650642603635788,0.09107068181037903,19.430532455444336,29.000273604582166,0.18440863490104675,0.08326812833547592,20.990894317626953,32.44366737491887,0.15190671384334564,0.08987962454557419,25.48554229736328,38.732211453795955,0.19366101920604706,0.1089542880654335,21.271358489990234,32.79754123310923,0.1650642603635788,0.09107068181037903,0.001
3,501,test_select,,,,,,,,,,,,,,,,,,,,,,,,,,,,,,,,,,,,,,,,,,,,,,,,,,,,,,,,,,,,,,,,,,,,,,,,,,,,,,,,,,,,,,,,,,,,,,,,,,,,,,,,,,,,,,,,,,,21.911998748779297,1173.59326171875,34.25774747000669,0.14977943897247314,0.08898498862981796,19.797067642211914,29.468290193920737,0.17180640995502472,0.08037881553173065,21.50562858581543,33.66893476141991,0.13998974859714508,0.08733013272285461,26.775753021240234,41.40564121014717,0.17107552289962769,0.10877930372953415,21.911998748779297,34.25774747000669,0.14977943897247314,0.08898498862981796,0.001
4,520,train,26.40606689453125,22.00629425048828,21.99886131286621,0.0,0.0,0.0,0.0,0.0,0.0,0.0,0.0,0.0,0.0,0.0,0.0,0.0,0.0,0.0,0.0,0.0,0.0,0.0,0.0,0.0,0.0,0.0,0.0,1.0,0.5326916575431824,0.5326916575431824,0.5326758623123169,0.0,-0.010433650575578213,0.4448743164539337,1.0,0.0,1.0,0.0,0.0,0.0075536142103374004,0.0,0.0,0.0,0.0,0.3665229082107544,8.396035582336481e-07,0.36651891469955444,0.36652621626853943,0.6570791602134705,0.0,0.0,0.0,0.0,0.0,0.0,0.0,0.0,1.0,0.0,0.0037110084667801857,0.2613069415092468,0.22574041783809662,0.9873263835906982,0.0,21.99886131286621,22.00629425048828,22.00629425048828,0.020257877185940742,0.0016899312613531947,6.19734862386534e-12,0.0,0.0,5.3130974769592285,5.3130974769592285,2.257221221923828,2.257221221923828,0.08784409612417221,0.0,0.0,0.0,0.0,0.3665229082107544,2.6856550903175958e-06,0.3665107190608978,0.36653345823287964,0.6570791602134705,0.0,2.257218599319458,2.2572224140167236,2.257221221923828,2.2503345012664795,0.4448743164539337,0.007539914920926094,0.0022968281991779804,1.0,2.255370616912842,2.2910730838775635,2.316310405731201,0.0,,,,,,,,,12.0,0.0,0.0,0.0,0.0,0.0,0.0,,,,,,,,,,,,,,,,,,,,,,0.001
4,540,train,25.839658737182617,21.53676414489746,21.514469146728516,0.0,0.0,0.0,0.0,0.0,0.0,0.0,0.0,0.0,0.0,0.0,0.0,0.0,0.0,0.0,0.0,0.0,0.0,0.0,0.0,0.0,0.0,0.0,0.0,1.0,0.5409787893295288,0.5409787893295288,0.5410106778144836,0.0,-0.010300558060407639,0.4462454319000244,1.0,0.0,1.0,0.0,0.0,0.01010200660675764,0.0,0.0,0.0,0.0,0.3699142336845398,6.443118536481052e-07,0.3699113130569458,0.3699164092540741,0.6589099764823914,0.0,0.0,0.0,0.0,0.0,0.0,0.0,0.0,1.0,0.0,0.005528837442398071,0.24369686841964722,0.2453983724117279,0.9871445894241333,0.0,21.514469146728516,21.53676414489746,21.53676414489746,0.01992078311741352,0.004589302930980921,-1.6349369080792542e-10,0.0,0.0,5.343217372894287,5.343217372894287,2.3644983768463135,2.3644983768463135,0.07888051122426987,0.0,0.0,0.0,0.0,0.3699142336845398,1.8408575215289602e-06,0.3699060380458832,0.36992233991622925,0.6589099764823914,0.0,2.3644967079162598,2.364499092102051,2.3644983768463135,2.358008861541748,0.4462454319000244,0.007829057984054089,0.002414473332464695,1.0,2.2516536712646484,2.2435028553009033,2.2067975997924805,0.0,,,,,,,,,12.0,0.0,0.0,0.0,0.0,0.0,0.0,,,,,,,,,,,,,,,,,,,,,,0.001
4,560,train,26.371137619018555,21.978168487548828,21.964841842651367,0.0,0.0,0.0,0.0,0.0,0.0,0.0,0.0,0.0,0.0,0.0,0.0,0.0,0.0,0.0,0.0,0.0,0.0,0.0,0.0,0.0,0.0,0.0,0.0,1.0,0.5463507175445557,0.5463507175445557,0.546342134475708,0.0,-0.010425220243632793,0.4451198875904083,1.0,0.0,1.0,0.0,0.0,0.012643960304558277,0.0,0.0,0.0,0.0,0.37326639890670776,4.867110305895039e-07,0.37326404452323914,0.3732680678367615,0.6606712341308594,0.0,0.0,0.0,0.0,0.0,0.0,0.0,0.0,1.0,0.0,0.004070335067808628,0.23021967709064484,0.2564738988876343,0.9869924783706665,0.0,21.964841842651367,21.978168487548828,21.978168487548828,0.019371159374713898,-0.001314039807766676,1.0367482566886466e-10,0.0,0.0,5.17105770111084,5.17105770111084,2.425520181655884,2.425520181655884,0.07627970725297928,0.0,0.0,0.0,0.0,0.37326639890670776,1.3736795381191769e-06,0.3732600808143616,0.3732724189758301,0.6606712341308594,0.0,2.4255192279815674,2.425520896911621,2.425520181655884,2.42435884475708,0.4451198875904083,0.008200581185519695,0.002418474294245243,1.0,2.332298755645752,2.2234554290771484,2.227418899536133,0.0,,,,,,,,,12.0,0.0,0.0,0.0,0.0,0.0,0.0,,,,,,,,,,,,,,,,,,,,,,0.001
4,580,train,22.084617614746094,18.403980255126953,18.40318489074707,0.0,0.0,0.0,0.0,0.0,0.0,0.0,0.0,0.0,0.0,0.0,0.0,0.0,0.0,0.0,0.0,0.0,0.0,0.0,0.0,0.0,0.0,0.0,0.0,1.0,0.5420761108398438,0.5420761108398438,0.5420839190483093,0.0,-0.010192176327109337,0.4415189027786255,1.0,0.0,1.0,0.0,0.0,0.00948372483253479,0.0,0.0,0.0,0.0,0.3765786290168762,4.1004227568919305e-07,0.3765765130519867,0.3765798509120941,0.6623644232749939,0.0,0.0,0.0,0.0,0.0,0.0,0.0,0.0,1.0,0.0,0.002134073292836547,0.24080568552017212,0.24714651703834534,0.9870093464851379,0.0,18.40318489074707,18.403980255126953,18.403980255126953,0.018210528418421745,-0.0011673012049868703,-5.257777199729752e-11,0.0,0.0,5.443326473236084,5.443326473236084,2.380112648010254,2.380112648010254,0.0789424329996109,0.0,0.0,0.0,0.0,0.37657856941223145,1.110274297388969e-06,0.3765726685523987,0.3765837848186493,0.6623644232749939,0.0,2.3801114559173584,2.380113363265991,2.380112648010254,2.3809616565704346,0.4415189027786255,0.008034057915210724,0.0023574065417051315,1.0,2.195443630218506,2.1832425594329834,2.164102554321289,0.0,,,,,,,,,12.0,0.0,0.0,0.0,0.0,0.0,0.0,,,,,,,,,,,,,,,,,,,,,,0.001
4,600,train,24.19318962097168,20.158090591430664,20.175491333007812,0.0,0.0,0.0,0.0,0.0,0.0,0.0,0.0,0.0,0.0,0.0,0.0,0.0,0.0,0.0,0.0,0.0,0.0,0.0,0.0,0.0,0.0,0.0,0.0,1.0,0.5365378260612488,0.5365378856658936,0.5365361571311951,0.0,-0.01097873691469431,0.4437423050403595,1.0,0.0,1.0,0.0,0.0,0.014275592751801014,0.0,0.0,0.0,0.0,0.3798503279685974,3.767001999221975e-07,0.3798485994338989,0.3798513412475586,0.6639906167984009,0.0,0.0,0.0,0.0,0.0,0.0,0.0,0.0,1.0,0.0,-0.0022267040330916643,0.2555136978626251,0.23481951653957367,0.9870798587799072,0.0,20.175491333007812,20.158090591430664,20.158090591430664,0.018629107624292374,-0.002896080492064357,-6.281035414001934e-11,0.0,0.0,5.529343605041504,5.529343605041504,2.31929612159729,2.31929612159729,0.07634793221950531,0.0,0.0,0.0,0.0,0.3798503279685974,8.712763701623771e-07,0.37984582781791687,0.37985411286354065,0.6639906167984009,0.0,2.3192951679229736,2.3192968368530273,2.31929612159729,2.313015937805176,0.4437423050403595,0.007969011552631855,0.002323498483747244,1.0,2.1566553115844727,2.170166492462158,2.175809144973755,0.0,,,,,,,,,12.0,0.0,0.0,0.0,0.0,0.0,0.0,,,,,,,,,,,,,,,,,,,,,,0.001
4,620,train,26.94565773010254,22.459590911865234,22.430334091186523,0.0,0.0,0.0,0.0,0.0,0.0,0.0,0.0,0.0,0.0,0.0,0.0,0.0,0.0,0.0,0.0,0.0,0.0,0.0,0.0,0.0,0.0,0.0,0.0,1.0,0.5329513549804688,0.5329513549804688,0.5329740643501282,0.0,-0.010359939187765121,0.44125795364379883,1.0,0.0,1.0,0.0,0.0,0.008951758965849876,0.0,0.0,0.0,0.0,0.3830811381340027,1.6885191200799454e-07,0.38308030366897583,0.3830815255641937,0.6655523777008057,0.0,0.0,0.0,0.0,0.0,0.0,0.0,0.0,1.0,0.0,0.0008225323399528861,0.26299941539764404,0.2262416034936905,0.987106442451477,0.0,22.430334091186523,22.459590911865234,22.459590911865234,0.017599361017346382,-0.0007165519054979086,1.4034974571419667e-10,0.0,0.0,5.050271034240723,5.050271034240723,2.271656036376953,2.271656036376953,0.06658092141151428,0.0,0.0,0.0,0.0,0.3830810785293579,4.4459747527980653e-07,0.3830789625644684,0.383082777261734,0.6655523777008057,0.0,2.271655559539795,2.2716565132141113,2.271656036376953,2.2619853019714355,0.44125795364379883,0.00815618596971035,0.0023993549402803183,1.0,2.1611599922180176,2.1079211235046387,2.0886178016662598,0.0,,,,,,,,,12.0,0.0,0.0,0.0,0.0,0.0,0.0,,,,,,,,,,,,,,,,,,,,,,0.001
4,640,train,24.916278839111328,20.76380157470703,20.762388229370117,0.0,0.0,0.0,0.0,0.0,0.0,0.0,0.0,0.0,0.0,0.0,0.0,0.0,0.0,0.0,0.0,0.0,0.0,0.0,0.0,0.0,0.0,0.0,0.0,1.0,0.5280889868736267,0.5280890464782715,0.5280650854110718,0.0,-0.010046140290796757,0.4428309202194214,1.0,0.0,1.0,0.0,0.0,0.0077626993879675865,0.0,0.0,0.0,0.0,0.38626861572265625,1.55545436086868e-07,0.3862679898738861,0.3862690329551697,0.6670495271682739,0.0,0.0,0.0,0.0,0.0,0.0,0.0,0.0,1.0,0.0,0.0010602305410429835,0.2758793830871582,0.2116374969482422,0.987252414226532,0.0,20.762388229370117,20.76380157470703,20.76380157470703,0.01917841285467148,-0.0026414012536406517,-1.7200643687154127e-11,0.0,0.0,5.271494388580322,5.271494388580322,2.1945109367370605,2.1945109367370605,0.07310651987791061,0.0,0.0,0.0,0.0,0.38626861572265625,3.9367631643472123e-07,0.3862667679786682,0.3862704634666443,0.6670495271682739,0.0,2.1945104598999023,2.1945109367370605,2.1945109367370605,2.1985361576080322,0.4428309202194214,0.007640167139470577,0.002288809744641185,1.0,2.0684642791748047,2.110172986984253,2.089040517807007,0.0,,,,,,,,,12.0,0.0,0.0,0.0,0.0,0.0,0.0,,,,,,,,,,,,,,,,,,,,,,0.001
4,660,train,25.507640838623047,21.256357192993164,21.256418228149414,0.0,0.0,0.0,0.0,0.0,0.0,0.0,0.0,0.0,0.0,0.0,0.0,0.0,0.0,0.0,0.0,0.0,0.0,0.0,0.0,0.0,0.0,0.0,0.0,1.0,0.5247352123260498,0.5247352123260498,0.5247218012809753,0.0,-0.009564553387463093,0.44157400727272034,1.0,0.0,1.0,0.0,0.0,0.004653154872357845,0.0,0.0,0.0,0.0,0.3894132971763611,8.379475247011214e-08,0.3894128203392029,0.389413446187973,0.6684848070144653,0.0,0.0,0.0,0.0,0.0,0.0,0.0,0.0,1.0,0.0,0.003199772210791707,0.2825729250907898,0.2042887806892395,0.987084686756134,0.0,21.256418228149414,21.256357192993164,21.256357192993164,0.018523702397942543,-0.0026465062983334064,5.940672259674429e-11,0.0,0.0,5.510373115539551,5.510373115539551,2.1565935611724854,2.1565935611724854,0.07392631471157074,0.0,0.0,0.0,0.0,0.3894132971763611,2.2410048927667958e-07,0.3894121050834656,0.3894140422344208,0.6684848070144653,0.0,2.1565933227539062,2.1565935611724854,2.1565935611724854,2.156552314758301,0.44157400727272034,0.007643918506801128,0.0023433694150298834,1.0,2.0512847900390625,2.019434690475464,2.0292723178863525,0.0,,,,,,,,,12.0,0.0,0.0,0.0,0.0,0.0,0.0,,,,,,,,,,,,,,,,,,,,,,0.001
4,668,train_epoch,25.81366632655709,21.51124676687275,21.512096804773023,0.0,0.0,0.0,0.0,0.0,0.0,0.0,0.0,0.0,0.0,0.0,0.0,0.0,0.0,0.0,0.0,0.0,0.0,0.0,0.0,0.0,0.0,0.0,0.0,1.0,0.5341563142702251,0.5341563156978812,0.534157694099906,0.0,-0.010088581162432353,0.4430597108638215,1.0,0.0,1.0,0.0,0.0,0.009543734984639698,0.0,0.0,0.0,0.0,0.3772816467071008,4.610932563509151e-07,0.37727963799488046,0.3772832376514366,0.662584548938774,0.0,0.0,0.0,0.0,0.0,0.0,0.0,0.0,1.0,0.0,0.00045526749399977926,0.2598642588197114,0.2283056237383517,0.9871423804831362,0.0,21.512096804773023,21.51124676687275,21.51124676687275,0.01862499592993074,-0.0020226336259539183,1.466074707498081e-12,0.0,0.0,5.435328554964351,5.435328552109039,2.277212664038835,2.277212664038835,0.07610217722768556,0.0,0.0,0.0,0.0,0.37728164902704203,1.3084427709878026e-06,0.37727537144443946,0.37728741533028154,0.662584548938774,0.0,2.277211323469699,2.2772133764392604,2.277212664038835,2.2761530662011245,0.4430597108638215,0.007799650433690784,0.002338209185291996,1.0,2.1597686927475617,2.1594003874384713,2.159165031895666,0.0,,,,,,,,,12.0,0.0,0.0,0.0,0.0,0.0,0.0,,,,,,,,,,,,,,,,,,,,,,0.001
4,668,val,,,,,,,,,,,,,,,,,,,,,,,,,,,,,,,,,,,,,,,,,,,,,,,,,,,,,,,,,,,,,,,,,,,,,,,,,,,,,,,,,,,,,,,,,,,,,,,,,,,,,,,,,,,,,,,,,,,20.668128967285156,1005.1082763671875,31.70344265796993,0.1882517784833908,0.08848803490400314,17.16717529296875,26.726295307053757,0.12483981996774673,0.0735686793923378,21.380199432373047,31.77773053122019,0.24584336578845978,0.09154656529426575,24.747936248779297,37.64439323188614,0.2107740342617035,0.10580092668533325,20.668128967285156,31.70344265796993,0.1882517784833908,0.08848803490400314,0.001
4,668,test_select,,,,,,,,,,,,,,,,,,,,,,,,,,,,,,,,,,,,,,,,,,,,,,,,,,,,,,,,,,,,,,,,,,,,,,,,,,,,,,,,,,,,,,,,,,,,,,,,,,,,,,,,,,,,,,,,,,,21.590805053710938,1153.9383544921875,33.96966815398978,0.1649247705936432,0.08768061548471451,17.564355850219727,27.60917824986489,0.11007674783468246,0.07131369411945343,22.064855575561523,33.6247531357109,0.2141387164592743,0.0896010473370552,26.622051239013672,41.5829733996718,0.18319541215896606,0.10815486311912537,21.590805053710938,33.96966815398978,0.1649247705936432,0.08768061548471451,0.001
5,680,train,23.973060607910156,19.976457595825195,19.983015060424805,0.0,0.0,0.0,0.0,0.0,0.0,0.0,0.0,0.0,0.0,0.0,0.0,0.0,0.0,0.0,0.0,0.0,0.0,0.0,0.0,0.0,0.0,0.0,0.0,1.0,0.5303200483322144,0.5303200483322144,0.5303264260292053,0.0,-0.010294406674802303,0.4429187476634979,1.0,0.0,1.0,0.0,0.0,0.01061252225190401,0.0,0.0,0.0,0.0,0.3925133943557739,7.141834146295878e-08,0.39251336455345154,0.3925137221813202,0.6698594689369202,0.0,0.0,0.0,0.0,0.0,0.0,0.0,0.0,1.0,0.0,-0.0031297174282372,0.26809319853782654,0.2209860384464264,0.9868992567062378,0.0,19.983015060424805,19.976457595825195,19.976457595825195,0.01805426925420761,0.0010421728948131204,1.567256741052958e-10,0.0,0.0,5.253634929656982,5.253634929656982,2.2407901287078857,2.2407901287078857,0.06749297678470612,0.0,0.0,0.0,0.0,0.3925133943557739,1.4437233630815172e-07,0.3925129175186157,0.3925141394138336,0.6698594689369202,0.0,2.2407898902893066,2.2407901287078857,2.2407901287078857,2.2310781478881836,0.4429187476634979,0.007946481928229332,0.002426148159429431,1.0,2.000312566757202,2.0712509155273438,2.066080331802368,0.0,,,,,,,,,12.0,0.0,0.0,0.0,0.0,0.0,0.0,,,,,,,,,,,,,,,,,,,,,,0.001
5,700,train,24.826295852661133,20.692140579223633,20.670772552490234,0.0,0.0,0.0,0.0,0.0,0.0,0.0,0.0,0.0,0.0,0.0,0.0,0.0,0.0,0.0,0.0,0.0,0.0,0.0,0.0,0.0,0.0,0.0,0.0,1.0,0.5256779789924622,0.5256779789924622,0.5256879925727844,0.0,-0.010151869617402554,0.4397304952144623,1.0,0.0,1.0,0.0,0.0,0.008501905016601086,0.0,0.0,0.0,0.0,0.39556899666786194,4.120079566405366e-08,0.3955690264701843,0.3955692946910858,0.6711742281913757,0.0,0.0,0.0,0.0,0.0,0.0,0.0,0.0,1.0,0.0,0.0028496920131146908,0.2835162580013275,0.207983136177063,0.9868802428245544,0.0,20.670772552490234,20.692140579223633,20.692140579223633,0.017276626080274582,-0.001322603435255587,-1.0966065555617632e-10,0.0,0.0,5.197662353515625,5.197662353515625,2.177124500274658,2.177124500274658,0.06856676936149597,0.0,0.0,0.0,0.0,0.39556899666786194,9.720686477976415e-08,0.39556869864463806,0.3955695629119873,0.6711742281913757,0.0,2.1771240234375,2.177124500274658,2.177124500274658,2.1643595695495605,0.4397304952144623,0.007786842994391918,0.0023857147898525,1.0,2.055999755859375,2.0145373344421387,2.003040313720703,0.0,,,,,,,,,12.0,0.0,0.0,0.0,0.0,0.0,0.0,,,,,,,,,,,,,,,,,,,,,,0.001
5,720,train,26.121192932128906,21.768999099731445,21.760967254638672,0.0,0.0,0.0,0.0,0.0,0.0,0.0,0.0,0.0,0.0,0.0,0.0,0.0,0.0,0.0,0.0,0.0,0.0,0.0,0.0,0.0,0.0,0.0,0.0,1.0,0.5258753299713135,0.5258753299713135,0.5258710384368896,0.0,-0.010430676862597466,0.44166094064712524,1.0,0.0,1.0,0.0,0.0,0.009509554132819176,0.0,0.0,0.0,0.0,0.3985791504383087,4.917706775131592e-08,0.3985791802406311,0.39857935905456543,0.6724317669868469,0.0,0.0,0.0,0.0,0.0,0.0,0.0,0.0,1.0,0.0,-0.004254257772117853,0.2829532027244568,0.20609205961227417,0.9869165420532227,0.0,21.760967254638672,21.768999099731445,21.768999099731445,0.018780265003442764,-0.002986958483234048,1.8963038084240935e-10,0.0,0.0,5.261796951293945,5.261796951293945,2.1709063053131104,2.1709063053131104,0.07258598506450653,0.0,0.0,0.0,0.0,0.3985791504383087,8.49463859253774e-08,0.3985789716243744,0.39857950806617737,0.6724317669868469,0.0,2.1709063053131104,2.1709063053131104,2.1709063053131104,2.1702141761779785,0.44166094064712524,0.007684054784476757,0.002349310787394643,1.0,1.9989551305770874,1.98379647731781,1.974133849143982,0.0,,,,,,,,,12.0,0.0,0.0,0.0,0.0,0.0,0.0,,,,,,,,,,,,,,,,,,,,,,0.001
5,740,train,23.47823143005371,19.56138801574707,19.584213256835938,0.0,0.0,0.0,0.0,0.0,0.0,0.0,0.0,0.0,0.0,0.0,0.0,0.0,0.0,0.0,0.0,0.0,0.0,0.0,0.0,0.0,0.0,0.0,0.0,1.0,0.5288503766059875,0.5288504362106323,0.5288723111152649,0.0,-0.010217367671430111,0.4419146180152893,1.0,0.0,1.0,0.0,0.0,0.007056984584778547,0.0,0.0,0.0,0.0,0.40154314041137695,3.443454232865406e-08,0.40154314041137695,0.4015433192253113,0.6736325621604919,0.0,0.0,0.0,0.0,0.0,0.0,0.0,0.0,1.0,0.0,0.0006826031021773815,0.27317607402801514,0.21472641825675964,0.9869490265846252,0.0,19.584213256835938,19.56138801574707,19.56138801574707,0.016591178253293037,-0.00073270034044981,1.528035753484147e-10,0.0,0.0,5.516992092132568,5.516992092132568,2.210339069366455,2.210339069366455,0.06770598888397217,0.0,0.0,0.0,0.0,0.40154314041137695,8.045374499943136e-08,0.4015430212020874,0.40154340863227844,0.6736325621604919,0.0,2.210339069366455,2.210339069366455,2.210339069366455,2.210665464401245,0.4419146180152893,0.007792098447680473,0.0024339789524674416,1.0,1.9837571382522583,2.011080741882324,1.9937032461166382,0.0,,,,,,,,,12.0,0.0,0.0,0.0,0.0,0.0,0.0,,,,,,,,,,,,,,,,,,,,,,0.001
5,760,train,23.910371780395508,19.923004150390625,19.936840057373047,0.0,0.0,0.0,0.0,0.0,0.0,0.0,0.0,0.0,0.0,0.0,0.0,0.0,0.0,0.0,0.0,0.0,0.0,0.0,0.0,0.0,0.0,0.0,0.0,1.0,0.5322704315185547,0.5322704315185547,0.5322832465171814,0.0,-0.010181451216340065,0.4439062774181366,1.0,0.0,1.0,0.0,0.0,0.0062798624858260155,0.0,0.0,0.0,0.0,0.40446072816848755,1.420512152350284e-08,0.4044603705406189,0.40446051955223083,0.674778401851654,0.0,0.0,0.0,0.0,0.0,0.0,0.0,0.0,1.0,0.0,-0.0007514347671531141,0.266279011964798,0.22394853830337524,0.9868288636207581,0.0,19.936840057373047,19.923004150390625,19.923004150390625,0.01647748053073883,-0.0037859980948269367,-1.5655651774970636e-10,0.0,0.0,5.424922943115234,5.424922943115234,2.26200532913208,2.26200532913208,0.0657346099615097,0.0,0.0,0.0,0.0,0.4044606685638428,4.7869811226064485e-08,0.40446028113365173,0.4044605791568756,0.674778401851654,0.0,2.26200532913208,2.26200532913208,2.26200532913208,2.2569289207458496,0.4439062774181366,0.007910084910690784,0.0024976753629744053,1.0,1.9135738611221313,1.9524568319320679,1.9674142599105835,0.0,,,,,,,,,12.0,0.0,0.0,0.0,0.0,0.0,0.0,,,,,,,,,,,,,,,,,,,,,,0.001
5,780,train,22.461008071899414,18.714698791503906,18.731544494628906,0.0,0.0,0.0,0.0,0.0,0.0,0.0,0.0,0.0,0.0,0.0,0.0,0.0,0.0,0.0,0.0,0.0,0.0,0.0,0.0,0.0,0.0,0.0,0.0,1.0,0.5370497107505798,0.5370497107505798,0.5370598435401917,0.0,-0.010227344930171967,0.4440288245677948,1.0,0.0,1.0,0.0,0.0,0.008569704368710518,0.0,0.0,0.0,0.0,0.40733012557029724,4.184179047683756e-08,0.4073302745819092,0.40733036398887634,0.6758725047111511,0.0,0.0,0.0,0.0,0.0,0.0,0.0,0.0,1.0,0.0,-0.0024173820856958628,0.26219046115875244,0.23243547976016998,0.9868670701980591,0.0,18.731544494628906,18.714698791503906,18.714698791503906,0.018156245350837708,-0.0035588413011282682,1.2751205646921449e-10,0.0,0.0,5.43239164352417,5.43239164352417,2.313977003097534,2.313977003097534,0.07422646135091782,0.0,0.0,0.0,0.0,0.40733009576797485,5.877655695485373e-08,0.4073302149772644,0.40733039379119873,0.6758725047111511,0.0,2.313977003097534,2.313977003097534,2.313977003097534,2.3050811290740967,0.4440288245677948,0.008012838661670685,0.002567683346569538,1.0,1.9714562892913818,1.9560564756393433,1.9660425186157227,0.0,,,,,,,,,12.0,0.0,0.0,0.0,0.0,0.0,0.0,,,,,,,,,,,,,,,,,,,,,,0.001
5,800,train,23.764474868774414,19.804420471191406,19.800270080566406,0.0,0.0,0.0,0.0,0.0,0.0,0.0,0.0,0.0,0.0,0.0,0.0,0.0,0.0,0.0,0.0,0.0,0.0,0.0,0.0,0.0,0.0,0.0,0.0,1.0,0.5408958792686462,0.5408958792686462,0.5408912897109985,0.0,-0.010892449878156185,0.4449981153011322,1.0,0.0,1.0,0.0,0.0,0.011171561665832996,0.0,0.0,0.0,0.0,0.410152405500412,3.5088088878865165e-08,0.41015228629112244,0.4101523756980896,0.6769141554832458,0.0,0.0,0.0,0.0,0.0,0.0,0.0,0.0,1.0,0.0,0.01025104895234108,0.2621355354785919,0.2350376844406128,0.9868534207344055,0.0,19.800270080566406,19.804420471191406,19.804420471191406,0.020329535007476807,-0.00593283586204052,1.1936177957486138e-12,0.0,0.0,5.254052639007568,5.254052639007568,2.341686248779297,2.341686248779297,0.07746831327676773,0.0,0.0,0.0,0.0,0.4101524353027344,4.528690311644823e-08,0.41015225648880005,0.4101523458957672,0.6769141554832458,0.0,2.341686248779297,2.341686248779297,2.341686248779297,2.341780662536621,0.4449981153011322,0.00823762733489275,0.0026496921200305223,1.0,1.9066100120544434,1.9478200674057007,1.9541738033294678,0.0,,,,,,,,,12.0,0.0,0.0,0.0,0.0,0.0,0.0,,,,,,,,,,,,,,,,,,,,,,0.001
5,820,train,23.077842712402344,19.230810165405273,19.235158920288086,0.0,0.0,0.0,0.0,0.0,0.0,0.0,0.0,0.0,0.0,0.0,0.0,0.0,0.0,0.0,0.0,0.0,0.0,0.0,0.0,0.0,0.0,0.0,0.0,1.0,0.5391123294830322,0.5391123294830322,0.5391238927841187,0.0,-0.00972945336252451,0.44025278091430664,1.0,0.0,1.0,0.0,0.0,0.009619610384106636,0.0,0.0,0.0,0.0,0.4129257798194885,9.035155956738095e-10,0.4129258990287781,0.41292592883110046,0.6779060363769531,0.0,0.0,0.0,0.0,0.0,0.0,0.0,0.0,1.0,0.0,-0.0035243730526417494,0.2598889172077179,0.23060022294521332,0.986760139465332,0.0,19.235158920288086,19.230810165405273,19.230810165405273,0.0185738205909729,-0.0006670144503004849,4.592441010808912e-11,0.0,0.0,5.392510890960693,5.392511367797852,2.311643123626709,2.311643123626709,0.0725233182311058,0.0,0.0,0.0,0.0,0.4129257798194885,1.2556021111720383e-08,0.4129258394241333,0.41292598843574524,0.6779060363769531,0.0,2.311643362045288,2.311643123626709,2.311643123626709,2.3190550804138184,0.44025278091430664,0.008203917182981968,0.002577193547040224,1.0,1.9845900535583496,1.9449409246444702,1.932997226715088,0.0,,,,,,,,,12.0,0.0,0.0,0.0,0.0,0.0,0.0,,,,,,,,,,,,,,,,,,,,,,0.001
5,835,train_epoch,24.464484585973317,20.38689029716446,20.387970336183102,0.0,0.0,0.0,0.0,0.0,0.0,0.0,0.0,0.0,0.0,0.0,0.0,0.0,0.0,0.0,0.0,0.0,0.0,0.0,0.0,0.0,0.0,0.0,0.0,1.0,0.5323567815169603,0.5323567783047339,0.5323585703701317,0.0,-0.010105503912635906,0.4418342720248742,1.0,0.0,1.0,0.0,0.0,0.009699068776705486,0.0,0.0,0.0,0.0,0.4031624672655574,3.338728785821879e-08,0.4031623568006618,0.40316251901809325,0.6741707785400802,0.0,0.0,0.0,0.0,0.0,0.0,0.0,0.0,1.0,0.0,0.0006006407368653537,0.2706612512736977,0.22048085678123427,0.9868648651831164,0.0,20.387970336183102,20.38689029716446,20.38689029716446,0.017754195023796517,-0.0021825855858219664,-1.679895700134064e-12,0.0,0.0,5.335967897655007,5.335967929063443,2.249788462758778,2.249788462758778,0.06977653585954341,0.0,0.0,0.0,0.0,0.40316246351796,6.581321440718203e-08,0.40316219226328914,0.403162666245135,0.6741707785400802,0.0,2.2497883628228466,2.249788435633311,2.249788462758778,2.2481001479896956,0.4418342720248742,0.007950018182352275,0.002485930621289386,1.0,1.977244911079635,1.9763937938713028,1.9759155676036537,0.0,,,,,,,,,12.0,0.0,0.0,0.0,0.0,0.0,0.0,,,,,,,,,,,,,,,,,,,,,,0.001
5,835,val,,,,,,,,,,,,,,,,,,,,,,,,,,,,,,,,,,,,,,,,,,,,,,,,,,,,,,,,,,,,,,,,,,,,,,,,,,,,,,,,,,,,,,,,,,,,,,,,,,,,,,,,,,,,,,,,,,,20.545795440673828,1016.196533203125,31.877837649425423,0.13369521498680115,0.08796426653862,18.2558536529541,28.04138177402952,0.120003342628479,0.07823412120342255,20.50899887084961,31.74362575193493,0.12939824163913727,0.08781622350215912,24.564783096313477,37.63075673620001,0.1608686000108719,0.10501792281866074,20.545795440673828,31.877837649425423,0.13369521498680115,0.08796426653862,0.001
5,835,test_select,,,,,,,,,,,,,,,,,,,,,,,,,,,,,,,,,,,,,,,,,,,,,,,,,,,,,,,,,,,,,,,,,,,,,,,,,,,,,,,,,,,,,,,,,,,,,,,,,,,,,,,,,,,,,,,,,,,22.178396224975586,1214.2374267578125,34.845909756495274,0.12212168425321579,0.0900668352842331,19.112411499023438,29.49644526384705,0.10831769555807114,0.07759901136159897,21.89696502685547,34.28477149757054,0.1176988035440445,0.08891928195953369,27.550750732421875,42.54637290834849,0.14890550076961517,0.11192779988050461,22.178396224975586,34.845909756495274,0.12212168425321579,0.0900668352842331,0.001
6,840,train,24.304672241210938,20.25162696838379,20.26522445678711,0.0,0.0,0.0,0.0,0.0,0.0,0.0,0.0,0.0,0.0,0.0,0.0,0.0,0.0,0.0,0.0,0.0,0.0,0.0,0.0,0.0,0.0,0.0,0.0,1.0,0.5477626919746399,0.5477626919746399,0.547777533531189,0.0,-0.00980842299759388,0.4413771331310272,1.0,0.0,1.0,0.0,0.0,0.01872498169541359,0.0,0.0,0.0,0.0,0.4156509041786194,9.932509037469117e-09,0.41565069556236267,0.41565072536468506,0.6788493990898132,0.0,0.0,0.0,0.0,0.0,0.0,0.0,0.0,1.0,0.0,-0.00941398274153471,0.2506081461906433,0.24866968393325806,0.9866421818733215,0.0,20.26522445678711,20.25162696838379,20.25162696838379,0.01810995675623417,0.000221751892240718,-3.6798307456731294e-11,0.0,0.0,5.285019397735596,5.285019397735596,2.415159225463867,2.415159225463867,0.06948736310005188,0.0,0.0,0.0,0.0,0.415650874376297,1.17629106455297e-08,0.4156506359577179,0.41565075516700745,0.6788493990898132,0.0,2.415158987045288,2.415158987045288,2.415159225463867,2.412353277206421,0.4413771331310272,0.008540314622223377,0.0027247078251093626,1.0,1.8142021894454956,1.8592486381530762,1.8504095077514648,0.0,,,,,,,,,12.0,0.0,0.0,0.0,0.0,0.0,0.0,,,,,,,,,,,,,,,,,,,,,,0.001
6,860,train,22.512004852294922,18.763757705688477,18.741239547729492,0.0,0.0,0.0,0.0,0.0,0.0,0.0,0.0,0.0,0.0,0.0,0.0,0.0,0.0,0.0,0.0,0.0,0.0,0.0,0.0,0.0,0.0,0.0,0.0,1.0,0.5414025783538818,0.5414025783538818,0.5413908958435059,0.0,-0.009340762160718441,0.43983566761016846,1.0,0.0,1.0,0.0,0.0,0.009549856185913086,0.0,0.0,0.0,0.0,0.4183260202407837,6.489050186075929e-09,0.4183262586593628,0.41832631826400757,0.6797459721565247,0.0,0.0,0.0,0.0,0.0,0.0,0.0,0.0,1.0,0.0,0.0019072204595431685,0.2622486352920532,0.23899990320205688,0.9867134690284729,0.0,18.741239547729492,18.763757705688477,18.763757705688477,0.018429290503263474,-0.0029507915023714304,-7.5452463721426e-11,0.0,0.0,5.133450031280518,5.133450031280518,2.3627572059631348,2.3627572059631348,0.06821855902671814,0.0,0.0,0.0,0.0,0.4183260202407837,3.2808182837129607e-09,0.4183262586593628,0.41832631826400757,0.6797459721565247,0.0,2.3627572059631348,2.3627572059631348,2.3627572059631348,2.348309278488159,0.43983566761016846,0.00870946142822504,0.0027599113527685404,1.0,1.8535058498382568,1.8326079845428467,1.7991254329681396,0.0,,,,,,,,,12.0,0.0,0.0,0.0,0.0,0.0,0.0,,,,,,,,,,,,,,,,,,,,,,0.001
6,880,train,22.919218063354492,19.09561538696289,19.118013381958008,0.0,0.0,0.0,0.0,0.0,0.0,0.0,0.0,0.0,0.0,0.0,0.0,0.0,0.0,0.0,0.0,0.0,0.0,0.0,0.0,0.0,0.0,0.0,0.0,1.0,0.5249269008636475,0.5249269008636475,0.5249164700508118,0.0,-0.009368198923766613,0.43996238708496094,1.0,0.0,1.0,0.0,0.0,0.006098945625126362,0.0,0.0,0.0,0.0,0.4209520220756531,0.0,0.4209522604942322,0.4209522604942322,0.6805979013442993,0.0,0.0,0.0,0.0,0.0,0.0,0.0,0.0,1.0,0.0,0.0033027625177055597,0.2930161952972412,0.196811705827713,0.9869083762168884,0.0,19.118013381958008,19.09561538696289,19.09561538696289,0.016936512663960457,-0.000882669584825635,1.2507652899507171e-11,0.0,0.0,5.376688480377197,5.376688003540039,2.1400763988494873,2.1400763988494873,0.06724082678556442,0.0,0.0,0.0,0.0,0.4209520220756531,3.688587213446226e-10,0.420952171087265,0.4209522306919098,0.6805979013442993,0.0,2.1400763988494873,2.1400763988494873,2.1400763988494873,2.1461174488067627,0.43996238708496094,0.00806056521832943,0.0025249954778701067,1.0,1.7637436389923096,1.7837533950805664,1.7850215435028076,0.0,,,,,,,,,12.0,0.0,0.0,0.0,0.0,0.0,0.0,,,,,,,,,,,,,,,,,,,,,,0.001
6,900,train,22.96446418762207,19.13126564025879,19.165996551513672,0.0,0.0,0.0,0.0,0.0,0.0,0.0,0.0,0.0,0.0,0.0,0.0,0.0,0.0,0.0,0.0,0.0,0.0,0.0,0.0,0.0,0.0,0.0,0.0,1.0,0.548202395439148,0.548202395439148,0.5482131838798523,0.0,-0.009964999742805958,0.44382429122924805,1.0,0.0,1.0,0.0,0.0,0.009465409442782402,0.0,0.0,0.0,0.0,0.4235285520553589,0.0,0.4235282838344574,0.4235282838344574,0.681405246257782,0.0,0.0,0.0,0.0,0.0,0.0,0.0,0.0,1.0,0.0,0.0001471755822421983,0.257241815328598,0.24321775138378143,0.9868544936180115,0.0,19.165996551513672,19.13126564025879,19.13126564025879,0.02010554075241089,-0.0057270722463727,3.954366348257743e-12,0.0,0.0,5.256374835968018,5.256374835968018,2.399218797683716,2.399218797683716,0.07942906767129898,0.0,0.0,0.0,0.0,0.4235285520553589,2.1913590941835537e-08,0.423528254032135,0.4235282838344574,0.681405246257782,0.0,2.3992185592651367,2.3992183208465576,2.399218797683716,2.410158157348633,0.44382429122924805,0.008660679683089256,0.002704029204323888,1.0,1.8078702688217163,1.8003454208374023,1.8232238292694092,0.0,,,,,,,,,12.0,0.0,0.0,0.0,0.0,0.0,0.0,,,,,,,,,,,,,,,,,,,,,,0.001
6,920,train,23.239622116088867,19.362598419189453,19.385116577148438,0.0,0.0,0.0,0.0,0.0,0.0,0.0,0.0,0.0,0.0,0.0,0.0,0.0,0.0,0.0,0.0,0.0,0.0,0.0,0.0,0.0,0.0,0.0,0.0,1.0,0.5544079542160034,0.5544079542160034,0.5544012784957886,0.0,-0.010170717723667622,0.4413215219974518,1.0,0.0,1.0,0.0,0.0,0.02065235935151577,0.0,0.0,0.0,0.0,0.42605409026145935,0.0,0.42605409026145935,0.42605409026145935,0.6821709275245667,0.0,0.0,0.0,0.0,0.0,0.0,0.0,0.0,1.0,0.0,0.0030830386094748974,0.263988733291626,0.24704386293888092,0.9867365956306458,0.0,19.385116577148438,19.362598419189453,19.362598419189453,0.017983395606279373,-0.0018934624968096614,6.523803719460375e-11,0.0,0.0,5.422702789306641,5.422702789306641,2.4426565170288086,2.4426565170288086,0.0704459473490715,0.0,0.0,0.0,0.0,0.42605409026145935,0.0,0.42605409026145935,0.42605409026145935,0.6821709275245667,0.0,2.4426565170288086,2.4426565170288086,2.4426565170288086,2.4428610801696777,0.4413215219974518,0.008773443289101124,0.002723629819229245,1.0,1.8018836975097656,1.7944154739379883,1.8056801557540894,0.0,,,,,,,,,12.0,0.0,0.0,0.0,0.0,0.0,0.0,,,,,,,,,,,,,,,,,,,,,,0.001
6,940,train,23.371061325073242,19.468839645385742,19.5111083984375,0.0,0.0,0.0,0.0,0.0,0.0,0.0,0.0,0.0,0.0,0.0,0.0,0.0,0.0,0.0,0.0,0.0,0.0,0.0,0.0,0.0,0.0,0.0,0.0,1.0,0.5716901421546936,0.5716901421546936,0.5717121362686157,0.0,-0.011040067300200462,0.44405800104141235,1.0,0.0,1.0,0.0,0.0,0.027293577790260315,0.0,0.0,0.0,0.0,0.42852964997291565,0.0,0.42852944135665894,0.42852944135665894,0.682895839214325,0.0,0.0,0.0,0.0,0.0,0.0,0.0,0.0,1.0,0.0,-0.023380082100629807,0.2448684722185135,0.27599143981933594,0.9866939187049866,0.0,19.5111083984375,19.468839645385742,19.468839645385742,0.021569645032286644,-0.0006589731201529503,-1.4181203433771827e-10,0.0,0.0,5.264310836791992,5.264310836791992,2.631294012069702,2.631294012069702,0.0840689018368721,0.0,0.0,0.0,0.0,0.42852964997291565,0.0,0.42852944135665894,0.42852944135665894,0.682895839214325,0.0,2.6312942504882812,2.631293773651123,2.631294012069702,2.608314037322998,0.44405800104141235,0.009492780081927776,0.0029670579824596643,1.0,1.7973048686981201,1.8239635229110718,1.8205211162567139,0.0,,,,,,,,,12.0,0.0,0.0,0.0,0.0,0.0,0.0,,,,,,,,,,,,,,,,,,,,,,0.001
6,960,train,23.899282455444336,19.91686248779297,19.91210174560547,0.0,0.0,0.0,0.0,0.0,0.0,0.0,0.0,0.0,0.0,0.0,0.0,0.0,0.0,0.0,0.0,0.0,0.0,0.0,0.0,0.0,0.0,0.0,0.0,1.0,0.5529953241348267,0.5529952049255371,0.5529778599739075,0.0,-0.009848874062299728,0.4419107735157013,1.0,0.0,1.0,0.0,0.0,0.012588020414113998,0.0,0.0,0.0,0.0,0.4309540390968323,0.0,0.43095409870147705,0.43095409870147705,0.6835822463035583,0.0,0.0,0.0,0.0,0.0,0.0,0.0,0.0,1.0,0.0,0.008680857717990875,0.2740527093410492,0.23909632861614227,0.9867414832115173,0.0,19.91210174560547,19.91686248779297,19.91686248779297,0.018613990396261215,-0.008813183754682541,-4.6843262775653205e-12,0.0,0.0,5.106245040893555,5.106245040893555,2.423211097717285,2.423211097717285,0.0648413896560669,0.0,0.0,0.0,0.0,0.4309540390968323,0.0,0.43095409870147705,0.43095409870147705,0.6835822463035583,0.0,2.423210859298706,2.423210859298706,2.423211097717285,2.425001859664917,0.4419107735157013,0.008919530548155308,0.002809664001688361,1.0,1.7084064483642578,1.7628085613250732,1.7504472732543945,0.0,,,,,,,,,12.0,0.0,0.0,0.0,0.0,0.0,0.0,,,,,,,,,,,,,,,,,,,,,,0.001
6,980,train,23.298267364501953,19.411441802978516,19.43412971496582,0.0,0.0,0.0,0.0,0.0,0.0,0.0,0.0,0.0,0.0,0.0,0.0,0.0,0.0,0.0,0.0,0.0,0.0,0.0,0.0,0.0,0.0,0.0,0.0,1.0,0.5436187386512756,0.5436187386512756,0.5436099171638489,0.0,-0.010039390996098518,0.439624160528183,1.0,0.0,1.0,0.0,0.0,0.014743853360414505,0.0,0.0,0.0,0.0,0.43332821130752563,0.0,0.4333280026912689,0.4333280026912689,0.6842306852340698,0.0,0.0,0.0,0.0,0.0,0.0,0.0,0.0,1.0,0.0,-0.01620701514184475,0.2746901214122772,0.22602398693561554,0.9867183566093445,0.0,19.43412971496582,19.411441802978516,19.411441802978516,0.017890015617012978,-0.0020593670196831226,4.4855445746616596e-11,0.0,0.0,5.402172088623047,5.402172088623047,2.3441548347473145,2.3441548347473145,0.06836032122373581,0.0,0.0,0.0,0.0,0.43332821130752563,0.0,0.4333280026912689,0.4333280026912689,0.6842306852340698,0.0,2.3441548347473145,2.3441545963287354,2.3441548347473145,2.3411900997161865,0.439624160528183,0.008733728900551796,0.002764939097687602,1.0,1.705997347831726,1.738011121749878,1.7292808294296265,0.0,,,,,,,,,12.0,0.0,0.0,0.0,0.0,0.0,0.0,,,,,,,,,,,,,,,,,,,,,,0.001
6,1000,train,22.524555206298828,18.776195526123047,18.741798400878906,0.0,0.0,0.0,0.0,0.0,0.0,0.0,0.0,0.0,0.0,0.0,0.0,0.0,0.0,0.0,0.0,0.0,0.0,0.0,0.0,0.0,0.0,0.0,0.0,1.0,0.5597997903823853,0.5597997903823853,0.5597912669181824,0.0,-0.010445657186210155,0.44234174489974976,1.0,0.0,1.0,0.0,0.0,0.02133243903517723,0.0,0.0,0.0,0.0,0.4356513023376465,0.0,0.4356510043144226,0.4356510043144226,0.6848425269126892,0.0,0.0,0.0,0.0,0.0,0.0,0.0,0.0,1.0,0.0,0.0022753318771719933,0.2690933048725128,0.24760186672210693,0.9866623282432556,0.0,18.741798400878906,18.776195526123047,18.776195526123047,0.020836984738707542,0.0017184475436806679,-1.288143758326754e-10,0.0,0.0,5.166654586791992,5.166654586791992,2.490017890930176,2.490017890930176,0.07864173501729965,0.0,0.0,0.0,0.0,0.43565133213996887,0.0,0.4356510043144226,0.4356510043144226,0.6848425269126892,0.0,2.490018129348755,2.490017890930176,2.490017890930176,2.4764175415039062,0.44234174489974976,0.009379986673593521,0.0028702691197395325,1.0,1.7204318046569824,1.7592649459838867,1.725964069366455,0.0,,,,,,,,,12.0,0.0,0.0,0.0,0.0,0.0,0.0,,,,,,,,,,,,,,,,,,,,,,0.001
6,1002,train_epoch,23.54650651623389,19.62196924586496,19.62268600920717,0.0,0.0,0.0,0.0,0.0,0.0,0.0,0.0,0.0,0.0,0.0,0.0,0.0,0.0,0.0,0.0,0.0,0.0,0.0,0.0,0.0,0.0,0.0,0.0,1.0,0.5468671136273595,0.5468671107720472,0.5468687115315192,0.0,-0.0101953018289394,0.44218275539889307,1.0,0.0,1.0,0.0,0.0,0.01483999680683106,0.0,0.0,0.0,0.0,0.42578254452722514,6.526986737182028e-09,0.42578254185036984,0.42578256058835695,0.6820154982412646,0.0,0.0,0.0,0.0,0.0,0.0,0.0,0.0,1.0,0.0,0.0023627466529825268,0.2655264516612013,0.23765593731474732,0.986744866756622,0.0,19.62268600920717,19.62196924586496,19.62196924586496,0.019187960394485268,-0.0018364302768477609,5.602740497597717e-12,0.0,0.0,5.25036327567643,5.25036327567643,2.38488164633334,2.38488164633334,0.07430404540664422,0.0,0.0,0.0,0.0,0.42578254524105325,9.000231945949e-09,0.4257825211493555,0.42578255416390426,0.6820154982412646,0.0,2.3848815763781883,2.38488157209522,2.38488164633334,2.3827346756072814,0.44218275539889307,0.008779971308247772,0.0027551180961915478,1.0,1.8018876999438167,1.8022424460885054,1.8026217828967614,0.0,,,,,,,,,12.0,0.0,0.0,0.0,0.0,0.0,0.0,,,,,,,,,,,,,,,,,,,,,,0.001
6,1002,val,,,,,,,,,,,,,,,,,,,,,,,,,,,,,,,,,,,,,,,,,,,,,,,,,,,,,,,,,,,,,,,,,,,,,,,,,,,,,,,,,,,,,,,,,,,,,,,,,,,,,,,,,,,,,,,,,,,20.040483474731445,925.1322021484375,30.41598596377302,0.19742931425571442,0.08580083400011063,17.332565307617188,26.390167069739253,0.1643606573343277,0.07427743822336197,20.10987091064453,30.34400847115714,0.21380478143692017,0.08610722422599792,23.396032333374023,35.48430103746145,0.19104135036468506,0.1000213474035263,20.040483474731445,30.41598596377302,0.19742931425571442,0.08580083400011063,0.001
6,1002,test_select,,,,,,,,,,,,,,,,,,,,,,,,,,,,,,,,,,,,,,,,,,,,,,,,,,,,,,,,,,,,,,,,,,,,,,,,,,,,,,,,,,,,,,,,,,,,,,,,,,,,,,,,,,,,,,,,,,,21.739227294921875,1141.627197265625,33.787974151547246,0.17961350083351135,0.08828335255384445,17.97830581665039,27.691734386280547,0.14787355065345764,0.07299438863992691,21.477506637573242,33.145540138225044,0.19313307106494904,0.08721593767404556,26.85836410522461,41.36679281563368,0.1786939650774002,0.10911491513252258,21.739227294921875,33.787974151547246,0.17961350083351135,0.08828335255384445,0.001
7,1020,train,23.62603759765625,19.698047637939453,19.63995361328125,0.0,0.0,0.0,0.0,0.0,0.0,0.0,0.0,0.0,0.0,0.0,0.0,0.0,0.0,0.0,0.0,0.0,0.0,0.0,0.0,0.0,0.0,0.0,0.0,1.0,0.5796762108802795,0.5796762108802795,0.5796892046928406,0.0,-0.010728015564382076,0.4447214901447296,1.0,0.0,1.0,0.0,0.0,0.021986741572618484,0.0,0.0,0.0,0.0,0.43792328238487244,0.0,0.43792304396629333,0.43792304396629333,0.6854206323623657,0.0,0.0,0.0,0.0,0.0,0.0,0.0,0.0,1.0,0.0,0.027508465573191643,0.24490563571453094,0.2750307023525238,0.9867597222328186,0.0,19.63995361328125,19.698047637939453,19.698047637939453,0.018331311643123627,0.0017992847133427858,-8.562388298383183e-11,0.0,0.0,5.113550186157227,5.113550186157227,2.648573160171509,2.648573160171509,0.06747850030660629,0.0,0.0,0.0,0.0,0.4379233121871948,0.0,0.43792301416397095,0.43792301416397095,0.6854206323623657,0.0,2.6485729217529297,2.648573160171509,2.648573160171509,2.6376073360443115,0.4447214901447296,0.010227557271718979,0.003083735704421997,1.0,1.7026804685592651,1.7383283376693726,1.755183219909668,0.0,,,,,,,,,12.0,0.0,0.0,0.0,0.0,0.0,0.0,,,,,,,,,,,,,,,,,,,,,,0.001
7,1040,train,22.531957626342773,18.779394149780273,18.7628173828125,0.0,0.0,0.0,0.0,0.0,0.0,0.0,0.0,0.0,0.0,0.0,0.0,0.0,0.0,0.0,0.0,0.0,0.0,0.0,0.0,0.0,0.0,0.0,0.0,1.0,0.5618448257446289,0.5618448257446289,0.5618452429771423,0.0,-0.010385759174823761,0.4424121677875519,1.0,0.0,1.0,0.0,0.0,0.020013727247714996,0.0,0.0,0.0,0.0,0.44014376401901245,0.0,0.44014400243759155,0.44014400243759155,0.6859641075134277,0.0,0.0,0.0,0.0,0.0,0.0,0.0,0.0,1.0,0.0,0.002080769743770361,0.2845604419708252,0.23531492054462433,0.9868356585502625,0.0,18.7628173828125,18.779394149780273,18.779394149780273,0.019730107858777046,-0.004784442018717527,-6.804941332649861e-11,0.0,0.0,5.385858535766602,5.385858535766602,2.4265785217285156,2.4265785217285156,0.07589816302061081,0.0,0.0,0.0,0.0,0.44014373421669006,0.0,0.44014397263526917,0.44014397263526917,0.6859641075134277,0.0,2.4265782833099365,2.4265785217285156,2.4265785217285156,2.4540252685546875,0.4424121677875519,0.00968629214912653,0.0028468945529311895,1.0,1.6997294425964355,1.6456544399261475,1.6483345031738281,0.0,,,,,,,,,12.0,0.0,0.0,0.0,0.0,0.0,0.0,,,,,,,,,,,,,,,,,,,,,,0.001
7,1060,train,24.357683181762695,20.30047607421875,20.286033630371094,0.0,0.0,0.0,0.0,0.0,0.0,0.0,0.0,0.0,0.0,0.0,0.0,0.0,0.0,0.0,0.0,0.0,0.0,0.0,0.0,0.0,0.0,0.0,0.0,1.0,0.5540183186531067,0.5540182590484619,0.5540292859077454,0.0,-0.010260136798024178,0.441487580537796,1.0,0.0,1.0,0.0,0.0,0.018424484878778458,0.0,0.0,0.0,0.0,0.44231414794921875,0.0,0.4423139989376068,0.4423139989376068,0.6864774227142334,0.0,0.0,0.0,0.0,0.0,0.0,0.0,0.0,1.0,0.0,0.011217284947633743,0.28240129351615906,0.23620586097240448,0.986626923084259,0.0,20.286033630371094,20.30047607421875,20.30047607421875,0.02411404810845852,-0.001854937756434083,-1.9881959967271712e-10,0.0,0.0,5.10522985458374,5.10522985458374,2.44045352935791,2.44045352935791,0.09686347842216492,0.0,0.0,0.0,0.0,0.44231414794921875,0.0,0.4423139691352844,0.4423139691352844,0.6864774227142334,0.0,2.440453052520752,2.44045352935791,2.44045352935791,2.425957679748535,0.441487580537796,0.009558804333209991,0.0028193725738674402,1.0,1.698634386062622,1.6833221912384033,1.656754732131958,0.0,,,,,,,,,12.0,0.0,0.0,0.0,0.0,0.0,0.0,,,,,,,,,,,,,,,,,,,,,,0.001
7,1080,train,21.96741485595703,18.30855941772461,18.294281005859375,0.0,0.0,0.0,0.0,0.0,0.0,0.0,0.0,0.0,0.0,0.0,0.0,0.0,0.0,0.0,0.0,0.0,0.0,0.0,0.0,0.0,0.0,0.0,0.0,1.0,0.610996425151825,0.6109964847564697,0.6110131144523621,0.0,-0.01060580089688301,0.44354674220085144,1.0,0.0,1.0,0.0,0.0,0.021794065833091736,0.0,0.0,0.0,0.0,0.4444331228733063,0.0,0.44443294405937195,0.44443294405937195,0.6869587302207947,0.0,0.0,0.0,0.0,0.0,0.0,0.0,0.0,1.0,0.0,-0.0032339724712073803,0.2301427721977234,0.32239243388175964,0.9860555529594421,0.0,18.294281005859375,18.30855941772461,18.30855941772461,0.02287779375910759,2.0289859094191343e-05,-4.781145965249145e-11,0.0,0.0,5.108430862426758,5.1084303855896,2.940974473953247,2.940974473953247,0.09252697974443436,0.0,0.0,0.0,0.0,0.4444331228733063,0.0,0.44443294405937195,0.44443294405937195,0.6869587302207947,0.0,2.940974473953247,2.940974473953247,2.940974473953247,2.910381317138672,0.44354674220085144,0.011654696427285671,0.0032867530826479197,1.0,1.700863242149353,1.69295334815979,1.6821162700653076,0.0,,,,,,,,,12.0,0.0,0.0,0.0,0.0,0.0,0.0,,,,,,,,,,,,,,,,,,,,,,0.001
7,1100,train,23.379512786865234,19.495634078979492,19.41939353942871,0.0,0.0,0.0,0.0,0.0,0.0,0.0,0.0,0.0,0.0,0.0,0.0,0.0,0.0,0.0,0.0,0.0,0.0,0.0,0.0,0.0,0.0,0.0,0.0,1.0,0.6141434907913208,0.6141434907913208,0.6141518950462341,0.0,-0.010651291348040104,0.44317713379859924,1.0,0.0,1.0,0.0,0.0,0.033345777541399,0.0,0.0,0.0,0.0,0.4465009272098541,0.0,0.44650110602378845,0.44650110602378845,0.6874122023582458,0.0,0.0,0.0,0.0,0.0,0.0,0.0,0.0,1.0,0.0,-0.02473396807909012,0.198186457157135,0.3312520682811737,0.9856625199317932,0.0,19.41939353942871,19.495634078979492,19.495634078979492,0.031048623844981194,-0.0033744133543223143,2.817850553588075e-12,0.0,0.0,4.987273693084717,4.987273693084717,2.948859691619873,2.948859691619873,0.13638082146644592,0.0,0.0,0.0,0.0,0.4465009272098541,0.0,0.44650110602378845,0.44650110602378845,0.6874122023582458,0.0,2.948859691619873,2.948859691619873,2.948859691619873,3.007582902908325,0.44317713379859924,0.012679371982812881,0.0034156162291765213,1.0,1.614378809928894,1.6015565395355225,1.639997959136963,0.0,,,,,,,,,12.0,0.0,0.0,0.0,0.0,0.0,0.0,,,,,,,,,,,,,,,,,,,,,,0.001
7,1120,train,22.957277297973633,19.13219451904297,19.125410079956055,0.0,0.0,0.0,0.0,0.0,0.0,0.0,0.0,0.0,0.0,0.0,0.0,0.0,0.0,0.0,0.0,0.0,0.0,0.0,0.0,0.0,0.0,0.0,0.0,1.0,0.6353110074996948,0.6353110074996948,0.6353095769882202,0.0,-0.010716122575104237,0.44362372159957886,1.0,0.0,1.0,0.0,0.0,0.012021138332784176,0.0,0.0,0.0,0.0,0.4485187232494354,0.0,0.4485185742378235,0.4485185742378235,0.6878370642662048,0.0,0.0,0.0,0.0,0.0,0.0,0.0,0.0,1.0,0.0,0.02573908306658268,0.2320510894060135,0.3311392366886139,0.9855147004127502,0.0,19.125410079956055,19.13219451904297,19.13219451904297,0.02534509263932705,0.0008945462759584188,-9.902387937410495e-11,0.0,0.0,4.943860054016113,4.943860054016113,2.991776466369629,2.991776466369629,0.09947733581066132,0.0,0.0,0.0,0.0,0.4485187232494354,0.0,0.4485185444355011,0.4485185444355011,0.6878370642662048,0.0,2.99177622795105,2.991776466369629,2.991776466369629,3.003305196762085,0.44362372159957886,0.013010406866669655,0.0037034463603049517,1.0,1.636540412902832,1.618834376335144,1.6038987636566162,0.0,,,,,,,,,12.0,0.0,0.0,0.0,0.0,0.0,0.0,,,,,,,,,,,,,,,,,,,,,,0.001
7,1140,train,21.80067253112793,18.147802352905273,18.264347076416016,0.0,0.0,0.0,0.0,0.0,0.0,0.0,0.0,0.0,0.0,0.0,0.0,0.0,0.0,0.0,0.0,0.0,0.0,0.0,0.0,0.0,0.0,0.0,0.0,1.0,0.6722179055213928,0.6722179055213928,0.6722404956817627,0.0,-0.012039371766149998,0.45048171281814575,1.0,0.0,1.0,0.0,0.0,0.027106037363409996,0.0,0.0,0.0,0.0,0.4504852890968323,0.0,0.4504854381084442,0.4504854381084442,0.6882361769676208,0.0,0.0,0.0,0.0,0.0,0.0,0.0,0.0,1.0,0.0,0.002646542154252529,0.18427862226963043,0.3997078239917755,0.9853322505950928,0.0,18.264347076416016,18.147802352905273,18.147802352905273,0.030079908668994904,-0.0029690631199628115,-5.737969821506539e-11,0.0,0.0,5.138628959655762,5.138628959655762,3.4049835205078125,3.4049835205078125,0.11346135288476944,0.0,0.0,0.0,0.0,0.4504852890968323,0.0,0.4504854381084442,0.4504854381084442,0.6882361769676208,0.0,3.4049835205078125,3.4049835205078125,3.4049835205078125,3.3918917179107666,0.45048171281814575,0.014783069491386414,0.004654381424188614,1.0,1.6294916868209839,1.617701530456543,1.618431806564331,0.0,,,,,,,,,12.0,0.0,0.0,0.0,0.0,0.0,0.0,,,,,,,,,,,,,,,,,,,,,,0.001
7,1160,train,25.11928939819336,20.913293838500977,21.02997589111328,0.0,0.0,0.0,0.0,0.0,0.0,0.0,0.0,0.0,0.0,0.0,0.0,0.0,0.0,0.0,0.0,0.0,0.0,0.0,0.0,0.0,0.0,0.0,0.0,1.0,0.6627909541130066,0.6627909541130066,0.6628062725067139,0.0,-0.011348799802362919,0.4497799277305603,1.0,0.0,1.0,0.0,0.0,0.01905670389533043,0.0,0.0,0.0,0.0,0.45240211486816406,0.0,0.45240193605422974,0.45240193605422974,0.6886097192764282,0.0,0.0,0.0,0.0,0.0,0.0,0.0,0.0,1.0,0.0,0.032558392733335495,0.23885682225227356,0.370861291885376,0.9851303100585938,0.0,21.02997589111328,20.913293838500977,20.913293838500977,0.022386005148291588,0.0015000755665823817,-2.564116696746055e-10,0.0,0.0,5.227932453155518,5.227932453155518,3.264859914779663,3.264859914779663,0.09313854575157166,0.0,0.0,0.0,0.0,0.45240211486816406,0.0,0.45240190625190735,0.45240190625190735,0.6886097192764282,0.0,3.264859914779663,3.264859914779663,3.264859914779663,3.19344425201416,0.4497799277305603,0.014740158803761005,0.005080597009509802,1.0,1.6690531969070435,1.600307822227478,1.5655531883239746,0.0,,,,,,,,,12.0,0.0,0.0,0.0,0.0,0.0,0.0,,,,,,,,,,,,,,,,,,,,,,0.001
7,1169,train_epoch,22.956542260632542,19.128152516073808,19.14194887126991,0.0,0.0,0.0,0.0,0.0,0.0,0.0,0.0,0.0,0.0,0.0,0.0,0.0,0.0,0.0,0.0,0.0,0.0,0.0,0.0,0.0,0.0,0.0,0.0,1.0,0.6080027215495081,0.6080027194080239,0.6080026112630695,0.0,-0.010784604793001792,0.44448513595643874,1.0,0.0,1.0,0.0,0.0,0.02426200314608966,0.0,0.0,0.0,0.0,0.44491117800067287,0.0,0.4449111808559852,0.4449111808559852,0.6870144712710808,0.0,0.0,0.0,0.0,0.0,0.0,0.0,0.0,1.0,0.0,0.015178269857980247,0.23923086183156797,0.30717319267952514,0.9860269926979156,0.0,19.14194887126991,19.128152516073808,19.128152516073808,0.023023980184497233,-0.00045704089486703114,3.812733287706809e-13,0.0,0.0,5.1749254500794555,5.174925444368831,2.8495178508187484,2.8495178508187484,0.09017262304435947,0.0,0.0,0.0,0.0,0.4449111758591886,0.0,0.4449111697916499,0.4449111697916499,0.6870144712710808,0.0,2.849517762304066,2.849517770870003,2.8495178508187484,2.842071384726884,0.44448513595643874,0.01184724550136549,0.003563074687841588,1.0,1.652857148004863,1.6518717283260322,1.6513105052673889,0.0,,,,,,,,,12.0,0.0,0.0,0.0,0.0,0.0,0.0,,,,,,,,,,,,,,,,,,,,,,0.001
7,1169,val,,,,,,,,,,,,,,,,,,,,,,,,,,,,,,,,,,,,,,,,,,,,,,,,,,,,,,,,,,,,,,,,,,,,,,,,,,,,,,,,,,,,,,,,,,,,,,,,,,,,,,,,,,,,,,,,,,,18.31008529663086,837.7684936523438,28.944230749017045,0.13407272100448608,0.07839235663414001,16.43029022216797,25.673737712017484,0.11311320215463638,0.07041080296039581,17.908634185791016,28.51806924455967,0.12716685235500336,0.07668188214302063,21.481739044189453,33.841917655845094,0.1570746749639511,0.09183748066425323,18.31008529663086,28.944230749017045,0.13407272100448608,0.07839235663414001,0.001
7,1169,test_select,,,,,,,,,,,,,,,,,,,,,,,,,,,,,,,,,,,,,,,,,,,,,,,,,,,,,,,,,,,,,,,,,,,,,,,,,,,,,,,,,,,,,,,,,,,,,,,,,,,,,,,,,,,,,,,,,,,20.581876754760742,1092.600341796875,33.05450562021576,0.12744595110416412,0.08358334004878998,17.672456741333008,27.673032955021167,0.10587413609027863,0.07175260037183762,19.945981979370117,32.13240886112882,0.12102512270212173,0.08099673688411713,25.206830978393555,40.283457622302144,0.15323559939861298,0.10240538418292999,20.581876754760742,33.05450562021576,0.12744595110416412,0.08358334004878998,0.001
7,1169,test,,,,,,,,,,,,,,,,,,,,,,,,,,,,,,,,,,,,,,,,,,,,,,,,,,,,,,,,,,,,,,,,,,,,,,,,,,,,,,,,,,,,,,,,,,,,,,,,,,,,,,,,,,,,,,,,,,,20.581876754760742,1092.600341796875,33.05450562021576,0.12744595110416412,0.08358334004878998,17.672456741333008,27.673032955021167,0.10587413609027863,0.07175260037183762,19.945981979370117,32.13240886112882,0.12102512270212173,0.08099673688411713,25.206830978393555,40.283457622302144,0.15323559939861298,0.10240538418292999,20.581876754760742,33.05450562021576,0.12744595110416412,0.08358334004878998,0.001
8,1180,train,20.66196632385254,17.218177795410156,17.21894073486328,0.0,0.0,0.0,0.0,0.0,0.0,0.0,0.0,0.0,0.0,0.0,0.0,0.0,0.0,0.0,0.0,0.0,0.0,0.0,0.0,0.0,0.0,0.0,0.0,1.0,0.6061568260192871,0.6061567664146423,0.6061849594116211,0.0,-0.010428495705127716,0.4417556822299957,1.0,0.0,1.0,0.0,0.0,0.024717574939131737,0.0,0.0,0.0,0.0,0.45426806807518005,0.0,0.4542683959007263,0.4542683959007263,0.6889584064483643,0.0,0.0,0.0,0.0,0.0,0.0,0.0,0.0,1.0,0.0,0.06025417149066925,0.23911021649837494,0.31360265612602234,0.9853129386901855,0.0,17.21894073486328,17.218177795410156,17.218177795410156,0.024613793939352036,0.001566568622365594,-1.0501410158125779e-10,0.0,0.0,5.134024620056152,5.134024620056152,2.8824119567871094,2.8824119567871094,0.09598129987716675,0.0,0.0,0.0,0.0,0.45426806807518005,0.0,0.45426836609840393,0.45426836609840393,0.6889584064483643,0.0,2.8824119567871094,2.8824119567871094,2.8824119567871094,2.861643075942993,0.4417556822299957,0.013228858821094036,0.004346271976828575,1.0,1.6105470657348633,1.556410789489746,1.5652607679367065,0.0,,,,,,,,,12.0,0.0,0.0,0.0,0.0,0.0,0.0,,,,,,,,,,,,,,,,,,,,,,0.001
8,1200,train,21.363271713256836,17.814115524291992,17.74578094482422,0.0,0.0,0.0,0.0,0.0,0.0,0.0,0.0,0.0,0.0,0.0,0.0,0.0,0.0,0.0,0.0,0.0,0.0,0.0,0.0,0.0,0.0,0.0,0.0,1.0,0.6446088552474976,0.6446088552474976,0.6446375846862793,0.0,-0.011176934465765953,0.4447999596595764,1.0,0.0,1.0,0.0,0.0,0.04372567683458328,0.0,0.0,0.0,0.0,0.456085205078125,0.0,0.45608505606651306,0.45608505606651306,0.6892852783203125,0.0,0.0,0.0,0.0,0.0,0.0,0.0,0.0,1.0,0.0,0.05941874161362648,0.22379545867443085,0.3502979278564453,0.9851270318031311,0.0,17.74578094482422,17.814115524291992,17.814115524291992,0.02486380934715271,0.0040942649357020855,-1.4087252198091704e-11,0.0,0.0,5.211816310882568,5.211816310882568,3.1290667057037354,3.1290667057037354,0.09868153184652328,0.0,0.0,0.0,0.0,0.456085205078125,0.0,0.45608505606651306,0.45608505606651306,0.6892852783203125,0.0,3.1290667057037354,3.1290667057037354,3.1290667057037354,3.102886199951172,0.4447999596595764,0.014880032278597355,0.004634643439203501,1.0,1.5235464572906494,1.5152734518051147,1.517498254776001,0.0,,,,,,,,,12.0,0.0,0.0,0.0,0.0,0.0,0.0,,,,,,,,,,,,,,,,,,,,,,0.001
8,1220,train,23.4583797454834,19.51508140563965,19.71649169921875,0.0,0.0,0.0,0.0,0.0,0.0,0.0,0.0,0.0,0.0,0.0,0.0,0.0,0.0,0.0,0.0,0.0,0.0,0.0,0.0,0.0,0.0,0.0,0.0,1.0,0.6509698033332825,0.6509698033332825,0.6509684920310974,0.0,-0.011526023969054222,0.4471115469932556,1.0,0.0,1.0,0.0,0.0,0.020520828664302826,0.0,0.0,0.0,0.0,0.4578518867492676,0.0,0.45785221457481384,0.45785221457481384,0.6895903944969177,0.0,0.0,0.0,0.0,0.0,0.0,0.0,0.0,1.0,0.0,-0.003314588451758027,0.2178853303194046,0.3607349693775177,0.9846808314323425,0.0,19.71649169921875,19.51508140563965,19.51508140563965,0.02185787633061409,0.007692670915275812,-2.0535552425204884e-10,0.0,0.0,5.215831756591797,5.215831756591797,3.219064474105835,3.219064474105835,0.09179043769836426,0.0,0.0,0.0,0.0,0.4578518867492676,0.0,0.45785221457481384,0.45785221457481384,0.6895903944969177,0.0,3.219064235687256,3.219064235687256,3.219064474105835,3.1592116355895996,0.4471115469932556,0.014403320848941803,0.004665972199290991,1.0,1.6059317588806152,1.557539463043213,1.542720079421997,0.0,,,,,,,,,12.0,0.0,0.0,0.0,0.0,0.0,0.0,,,,,,,,,,,,,,,,,,,,,,0.001
8,1240,train,21.20247459411621,17.680103302001953,17.611854553222656,0.0,0.0,0.0,0.0,0.0,0.0,0.0,0.0,0.0,0.0,0.0,0.0,0.0,0.0,0.0,0.0,0.0,0.0,0.0,0.0,0.0,0.0,0.0,0.0,1.0,0.7543460130691528,0.7543460130691528,0.7543087601661682,0.0,-0.011907532811164856,0.4507007300853729,1.0,0.0,1.0,0.0,0.0,0.01945026032626629,0.0,0.0,0.0,0.0,0.4595700800418854,0.0,0.4595702886581421,0.4595702886581421,0.6898741722106934,0.0,0.0,0.0,0.0,0.0,0.0,0.0,0.0,1.0,0.0,0.07273168861865997,0.19039881229400635,0.4421131908893585,0.9842829704284668,0.0,17.611854553222656,17.680103302001953,17.680103302001953,0.029643166810274124,-0.004937461111694574,8.393470640744027e-11,0.0,0.0,4.9372878074646,4.9372878074646,3.7261593341827393,3.7261593341827393,0.11434925347566605,0.0,0.0,0.0,0.0,0.4595700800418854,0.0,0.4595702886581421,0.4595702886581421,0.6898741722106934,0.0,3.7261593341827393,3.7261593341827393,3.7261593341827393,3.748912811279297,0.4507007300853729,0.01816643215715885,0.0064522759057581425,1.0,1.5476963520050049,1.5752819776535034,1.5789693593978882,0.0,,,,,,,,,12.0,0.0,0.0,0.0,0.0,0.0,0.0,,,,,,,,,,,,,,,,,,,,,,0.001
8,1260,train,23.463462829589844,19.535266876220703,19.64098358154297,0.0,0.0,0.0,0.0,0.0,0.0,0.0,0.0,0.0,0.0,0.0,0.0,0.0,0.0,0.0,0.0,0.0,0.0,0.0,0.0,0.0,0.0,0.0,0.0,1.0,0.7650426030158997,0.7650425434112549,0.7650693655014038,0.0,-0.012237501330673695,0.4529239237308502,1.0,0.0,1.0,0.0,0.0,0.024590451270341873,0.0,0.0,0.0,0.0,0.4612393379211426,0.0,0.46123966574668884,0.46123966574668884,0.6901397109031677,0.0,0.0,0.0,0.0,0.0,0.0,0.0,0.0,1.0,0.0,0.11759351938962936,0.20722684264183044,0.43729308247566223,0.9835659861564636,0.0,19.64098358154297,19.535266876220703,19.535266876220703,0.03737949952483177,-0.0003513996198307723,-1.9873103163092765e-10,0.0,0.0,4.970703601837158,4.970703601837158,3.6865060329437256,3.6865060329437256,0.16217158734798431,0.0,0.0,0.0,0.0,0.4612393379211426,0.0,0.46123966574668884,0.46123966574668884,0.6901397109031677,0.0,3.6865060329437256,3.6865060329437256,3.6865060329437256,3.628429412841797,0.4529239237308502,0.018748028203845024,0.0065812463872134686,1.0,1.6248805522918701,1.52144193649292,1.5431779623031616,0.0,,,,,,,,,12.0,0.0,0.0,0.0,0.0,0.0,0.0,,,,,,,,,,,,,,,,,,,,,,0.001
8,1280,train,23.376127243041992,19.510478973388672,19.328237533569336,0.0,0.0,0.0,0.0,0.0,0.0,0.0,0.0,0.0,0.0,0.0,0.0,0.0,0.0,0.0,0.0,0.0,0.0,0.0,0.0,0.0,0.0,0.0,0.0,1.0,0.7327718734741211,0.7327718734741211,0.7327901124954224,0.0,-0.011782869696617126,0.44974616169929504,1.0,0.0,1.0,0.0,0.0,0.03429935872554779,0.0,0.0,0.0,0.0,0.4628605246543884,0.0,0.46286070346832275,0.46286070346832275,0.6903864145278931,0.0,0.0,0.0,0.0,0.0,0.0,0.0,0.0,1.0,0.0,0.07843998074531555,0.21393989026546478,0.4115482270717621,0.9827293753623962,0.0,19.328237533569336,19.510478973388672,19.510478973388672,0.036827705800533295,-0.002326945774257183,-9.263029926431798e-11,0.0,0.0,4.8142828941345215,4.8142828941345215,3.548982620239258,3.548982620239258,0.155653178691864,0.0,0.0,0.0,0.0,0.4628605246543884,0.0,0.46286070346832275,0.46286070346832275,0.6903864145278931,0.0,3.548982620239258,3.548982620239258,3.548982620239258,3.5465850830078125,0.44974616169929504,0.018340326845645905,0.0064242323860526085,1.0,1.4685206413269043,1.480644941329956,1.5114549398422241,0.0,,,,,,,,,12.0,0.0,0.0,0.0,0.0,0.0,0.0,,,,,,,,,,,,,,,,,,,,,,0.001
8,1300,train,23.15284538269043,19.26007652282715,19.46384620666504,0.0,0.0,0.0,0.0,0.0,0.0,0.0,0.0,0.0,0.0,0.0,0.0,0.0,0.0,0.0,0.0,0.0,0.0,0.0,0.0,0.0,0.0,0.0,0.0,1.0,0.8284186124801636,0.8284186124801636,0.8283776640892029,0.0,-0.012330143712460995,0.454288512468338,1.0,0.0,1.0,0.0,0.0,0.03957812488079071,0.0,0.0,0.0,0.0,0.46443381905555725,0.0,0.4644339978694916,0.4644339978694916,0.6906153559684753,0.0,0.0,0.0,0.0,0.0,0.0,0.0,0.0,1.0,0.0,0.03483123332262039,0.2289562225341797,0.44915106892585754,0.9824759364128113,0.0,19.46384620666504,19.26007652282715,19.26007652282715,0.03377976641058922,0.0018437820253893733,-1.8910073160127716e-11,0.0,0.0,4.808012962341309,4.808012962341309,3.833400249481201,3.833400249481201,0.13694657385349274,0.0,0.0,0.0,0.0,0.46443381905555725,0.0,0.4644339978694916,0.4644339978694916,0.6906153559684753,0.0,3.833400011062622,3.833400011062622,3.833400249481201,3.87905216217041,0.454288512468338,0.019261574372649193,0.0071700820699334145,1.0,1.4738829135894775,1.4483726024627686,1.446738600730896,0.0,,,,,,,,,12.0,0.0,0.0,0.0,0.0,0.0,0.0,,,,,,,,,,,,,,,,,,,,,,0.001
8,1320,train,21.975311279296875,18.253917694091797,18.606966018676758,0.0,0.0,0.0,0.0,0.0,0.0,0.0,0.0,0.0,0.0,0.0,0.0,0.0,0.0,0.0,0.0,0.0,0.0,0.0,0.0,0.0,0.0,0.0,0.0,1.0,0.8402190208435059,0.8402190208435059,0.8401779532432556,0.0,-0.012032745406031609,0.4527263641357422,1.0,0.0,1.0,0.0,0.0,0.007940334267914295,0.0,0.0,0.0,0.0,0.46595969796180725,0.0,0.46595996618270874,0.46595996618270874,0.6908277869224548,0.0,0.0,0.0,0.0,0.0,0.0,0.0,0.0,1.0,0.0,0.15664805471897125,0.2791583240032196,0.43452996015548706,0.98088139295578,0.0,18.606966018676758,18.253917694091797,18.253917694091797,0.04329586774110794,0.002131526591256261,9.447793242189917e-11,0.0,0.0,5.025286674499512,5.025286674499512,3.7810583114624023,3.7810583114624023,0.1916782706975937,0.0,0.0,0.0,0.0,0.46595969796180725,0.0,0.46595993638038635,0.46595993638038635,0.6908277869224548,0.0,3.7810583114624023,3.7810583114624023,3.7810583114624023,3.7694296836853027,0.4527263641357422,0.018268663436174393,0.0075624301098287106,1.0,1.465888500213623,1.4509228467941284,1.4237680435180664,0.0,,,,,,,,,12.0,0.0,0.0,0.0,0.0,0.0,0.0,,,,,,,,,,,,,,,,,,,,,,0.001
8,1336,train_epoch,22.282000867192618,18.556737717040285,18.626315705076664,0.0,0.0,0.0,0.0,0.0,0.0,0.0,0.0,0.0,0.0,0.0,0.0,0.0,0.0,0.0,0.0,0.0,0.0,0.0,0.0,0.0,0.0,0.0,0.0,1.0,0.7218024113221083,0.7218024159619908,0.7218014023261156,0.0,-0.011725275576516182,0.4493285631705187,1.0,0.0,1.0,0.0,0.0,0.025156992780390436,0.0,0.0,0.0,0.0,0.4605202869383875,0.0,0.46052028336924705,0.46052028336924705,0.6899943237533113,0.0,0.0,0.0,0.0,0.0,0.0,0.0,0.0,1.0,0.0,0.10778383867017657,0.23955291991462252,0.38709122460045503,0.9834959303547522,0.0,18.626315705076664,18.556737717040285,18.556737717040285,0.028770957398646605,0.0017223290779582897,3.6168875943531293e-12,0.0,0.0,5.076782874718398,5.076782874718398,3.402794977861964,3.402794977861964,0.11817300225981696,0.0,0.0,0.0,0.0,0.46052028729530153,0.0,0.4605202698065135,0.4605202698065135,0.6899943237533113,0.0,3.402794879353689,3.4027948907749384,3.402794977861964,3.3795268192976535,0.4493285631705187,0.01641607697227758,0.005938533590381552,1.0,1.521245592368577,1.5205328899943187,1.521123943928473,0.0,,,,,,,,,12.0,0.0,0.0,0.0,0.0,0.0,0.0,,,,,,,,,,,,,,,,,,,,,,0.001
8,1336,val,,,,,,,,,,,,,,,,,,,,,,,,,,,,,,,,,,,,,,,,,,,,,,,,,,,,,,,,,,,,,,,,,,,,,,,,,,,,,,,,,,,,,,,,,,,,,,,,,,,,,,,,,,,,,,,,,,,18.631460189819336,861.1046752929688,29.344585110254478,0.13344942033290863,0.07976828515529633,16.85165786743164,26.321454551877686,0.1178269162774086,0.07221655547618866,18.660118103027344,29.434146115006143,0.12991054356098175,0.0798996090888977,21.436050415039062,33.66626077035899,0.15718238055706024,0.09164214879274368,18.631460189819336,29.344585110254478,0.13344942033290863,0.07976828515529633,0.001
8,1336,test_select,,,,,,,,,,,,,,,,,,,,,,,,,,,,,,,,,,,,,,,,,,,,,,,,,,,,,,,,,,,,,,,,,,,,,,,,,,,,,,,,,,,,,,,,,,,,,,,,,,,,,,,,,,,,,,,,,,,20.299360275268555,1064.00341796875,32.61906525283565,0.13165849447250366,0.08243603259325027,17.446125030517578,27.26669500049465,0.11432435363531113,0.07083366066217422,20.042720794677734,32.06802957008448,0.12729671597480774,0.08138956129550934,24.81869888305664,39.71708112642626,0.15924283862113953,0.10082856565713882,20.299360275268555,32.61906525283565,0.13165849447250366,0.08243603259325027,0.001
8,1336,test,,,,,,,,,,,,,,,,,,,,,,,,,,,,,,,,,,,,,,,,,,,,,,,,,,,,,,,,,,,,,,,,,,,,,,,,,,,,,,,,,,,,,,,,,,,,,,,,,,,,,,,,,,,,,,,,,,,20.299360275268555,1064.00341796875,32.61906525283565,0.13165849447250366,0.08243603259325027,17.446125030517578,27.26669500049465,0.11432435363531113,0.07083366066217422,20.042720794677734,32.06802957008448,0.12729671597480774,0.08138956129550934,24.81869888305664,39.71708112642626,0.15924283862113953,0.10082856565713882,20.299360275268555,32.61906525283565,0.13165849447250366,0.08243603259325027,0.001
9,1340,train,25.4100284576416,21.208831787109375,21.005979537963867,0.0,0.0,0.0,0.0,0.0,0.0,0.0,0.0,0.0,0.0,0.0,0.0,0.0,0.0,0.0,0.0,0.0,0.0,0.0,0.0,0.0,0.0,0.0,0.0,1.0,0.8792369961738586,0.8792370557785034,0.8791607618331909,0.0,-0.013183261267840862,0.4595632255077362,1.0,0.0,1.0,0.0,0.0,0.030849339440464973,0.0,0.0,0.0,0.0,0.4674392640590668,0.0,0.4674391448497772,0.4674391448497772,0.6910249590873718,0.0,0.0,0.0,0.0,0.0,0.0,0.0,0.0,1.0,0.0,0.5328794121742249,0.26659029722213745,0.47370320558547974,0.9797191023826599,0.0,21.005979537963867,21.208831787109375,21.208831787109375,0.03661495819687843,0.0069390833377838135,1.188951853636766e-10,0.0,0.0,4.8190131187438965,4.8190131187438965,4.0369391441345215,4.0369391441345215,0.14902913570404053,0.0,0.0,0.0,0.0,0.4674392640590668,0.0,0.4674391448497772,0.4674391448497772,0.6910249590873718,0.0,4.0369391441345215,4.036938667297363,4.0369391441345215,3.9241368770599365,0.4595632255077362,0.020478611811995506,0.00921008363366127,1.0,1.4603770971298218,1.451221227645874,1.4456418752670288,0.0,,,,,,,,,12.0,0.0,0.0,0.0,0.0,0.0,0.0,,,,,,,,,,,,,,,,,,,,,,0.001
9,1360,train,25.510337829589844,21.283048629760742,21.13644027709961,0.0,0.0,0.0,0.0,0.0,0.0,0.0,0.0,0.0,0.0,0.0,0.0,0.0,0.0,0.0,0.0,0.0,0.0,0.0,0.0,0.0,0.0,0.0,0.0,1.0,1.0234206914901733,1.0234206914901733,1.023423194885254,0.0,-0.013372603803873062,0.46186333894729614,1.0,0.0,1.0,0.0,0.0,0.013937827199697495,0.0,0.0,0.0,0.0,0.4688721299171448,0.0,0.46887215971946716,0.46887215971946716,0.691208004951477,0.0,0.0,0.0,0.0,0.0,0.0,0.0,0.0,1.0,0.0,0.6379333734512329,0.2662724256515503,0.5298227071762085,0.9785115122795105,0.0,21.13644027709961,21.283048629760742,21.283048629760742,0.041963402181863785,0.005302403587847948,6.756382953110318e-11,0.0,0.0,5.010581016540527,5.010581016540527,4.336243629455566,4.336243629455566,0.1842186003923416,0.0,0.0,0.0,0.0,0.4688721299171448,0.0,0.4688721299171448,0.4688721299171448,0.691208004951477,0.0,4.336243629455566,4.336244106292725,4.336243629455566,4.4106574058532715,0.46186333894729614,0.024282991886138916,0.011561206541955471,1.0,1.4669787883758545,1.4196217060089111,1.4368352890014648,0.0,,,,,,,,,12.0,0.0,0.0,0.0,0.0,0.0,0.0,,,,,,,,,,,,,,,,,,,,,,0.001
9,1380,train,22.481504440307617,18.707359313964844,18.870723724365234,0.0,0.0,0.0,0.0,0.0,0.0,0.0,0.0,0.0,0.0,0.0,0.0,0.0,0.0,0.0,0.0,0.0,0.0,0.0,0.0,0.0,0.0,0.0,0.0,1.0,0.8891440033912659,0.8891440033912659,0.8892008066177368,0.0,-0.012452973052859306,0.4596707224845886,1.0,0.0,1.0,0.0,0.0,0.02048603445291519,0.0,0.0,0.0,0.0,0.47043710947036743,0.00025003086193464696,0.47019752860069275,0.47269412875175476,0.691398024559021,0.0,0.0,0.0,0.0,0.0,0.0,0.0,0.0,1.0,0.0,0.489959180355072,0.3036825656890869,0.48167338967323303,0.9772326946258545,0.0,18.870723724365234,18.707359313964844,18.707359313964844,0.03754883632063866,0.008028443902730942,1.3278722565956969e-10,0.0,0.0,5.069759368896484,5.069759368896484,4.032522678375244,4.032522678375244,0.16836285591125488,0.0,0.0,0.0,0.0,0.47043710947036743,0.0003362789284437895,0.46858659386634827,0.474907785654068,0.691398024559021,0.0,4.03294563293457,4.032146453857422,4.032522678375244,3.839614152908325,0.4596707224845886,0.022228211164474487,0.01096411980688572,1.0,1.4279191493988037,1.4172821044921875,1.4192851781845093,0.0,,,,,,,,,12.0,0.0,0.0,0.0,0.0,0.0,0.0,,,,,,,,,,,,,,,,,,,,,,0.001
9,1400,train,21.99191665649414,18.308719635009766,18.415983200073242,0.0,0.0,0.0,0.0,0.0,0.0,0.0,0.0,0.0,0.0,0.0,0.0,0.0,0.0,0.0,0.0,0.0,0.0,0.0,0.0,0.0,0.0,0.0,0.0,1.0,0.787861704826355,0.7878617644309998,0.787897527217865,0.0,-0.011865527369081974,0.4537118673324585,1.0,0.0,1.0,0.0,0.0,0.016662048175930977,0.0,0.0,0.0,0.0,0.47176527976989746,5.219527884037234e-05,0.47169050574302673,0.47202762961387634,0.691551923751831,0.0,0.0,0.0,0.0,0.0,0.0,0.0,0.0,1.0,0.0,0.4010610580444336,0.3251732885837555,0.41629156470298767,0.9753981232643127,0.0,18.415983200073242,18.308719635009766,18.308719635009766,0.04122808203101158,0.008742142468690872,-2.5541854742350267e-10,0.0,0.0,4.884389400482178,4.884389400482178,3.6296255588531494,3.6296255588531494,0.18987126648426056,0.0,0.0,0.0,0.0,0.47176527976989746,6.752377521479502e-05,0.471443235874176,0.4723675847053528,0.691551923751831,0.0,3.6296939849853516,3.6295645236968994,3.6296255588531494,3.465660333633423,0.4537118673324585,0.019636541604995728,0.00917044561356306,1.0,1.4531962871551514,1.4757962226867676,1.446234941482544,0.0,,,,,,,,,12.0,0.0,0.0,0.0,0.0,0.0,0.0,,,,,,,,,,,,,,,,,,,,,,0.001
9,1420,train,22.01290512084961,18.31385040283203,18.495269775390625,0.0,0.0,0.0,0.0,0.0,0.0,0.0,0.0,0.0,0.0,0.0,0.0,0.0,0.0,0.0,0.0,0.0,0.0,0.0,0.0,0.0,0.0,0.0,0.0,1.0,0.977897584438324,0.977897584438324,0.9779888391494751,0.0,-0.012570217251777649,0.46333345770835876,1.0,0.0,1.0,0.0,0.0,0.015431694686412811,0.0,0.0,0.0,0.0,0.472878634929657,0.00019052685820497572,0.472242534160614,0.4731665253639221,0.6916751861572266,0.0,0.0,0.0,0.0,0.0,0.0,0.0,0.0,1.0,0.0,0.7445673942565918,0.2984616160392761,0.5253729820251465,0.9719570279121399,0.0,18.495269775390625,18.31385040283203,18.31385040283203,0.06791196018457413,0.011315062642097473,-6.970966165420478e-11,0.0,0.0,4.952075958251953,4.952075481414795,4.232539176940918,4.232539176940918,0.3388110399246216,0.0,0.0,0.0,0.0,0.47287866473197937,0.00023213590611703694,0.4718749523162842,0.47347283363342285,0.6916751861572266,0.0,4.232194900512695,4.232847213745117,4.232539176940918,4.145193576812744,0.46333345770835876,0.024428468197584152,0.012927019037306309,1.0,1.3972463607788086,1.4284251928329468,1.4247305393218994,0.0,,,,,,,,,12.0,0.0,0.0,0.0,0.0,0.0,0.0,,,,,,,,,,,,,,,,,,,,,,0.001
9,1440,train,22.081626892089844,18.404695510864258,18.384660720825195,0.0,0.0,0.0,0.0,0.0,0.0,0.0,0.0,0.0,0.0,0.0,0.0,0.0,0.0,0.0,0.0,0.0,0.0,0.0,0.0,0.0,0.0,0.0,0.0,1.0,0.7618856430053711,0.7618857026100159,0.7618741393089294,0.0,-0.011240808293223381,0.45133069157600403,1.0,0.0,1.0,0.0,0.0,0.013088619336485863,0.0,0.0,0.0,0.0,0.47414249181747437,0.00031694909557700157,0.47283074259757996,0.4746095538139343,0.6918091177940369,0.0,0.0,0.0,0.0,0.0,0.0,0.0,0.0,1.0,0.0,0.652707576751709,0.32359015941619873,0.39883241057395935,0.9680188298225403,0.0,18.384660720825195,18.404695510864258,18.404695510864258,0.049197372049093246,0.014428586699068546,2.4255970496045443e-11,0.0,0.0,4.760533332824707,4.760533332824707,3.451573610305786,3.451573610305786,0.2177022248506546,0.0,0.0,0.0,0.0,0.474142462015152,0.0003872991364914924,0.4722003936767578,0.4751981198787689,0.6918091177940369,0.0,3.451051950454712,3.452043294906616,3.451573610305786,3.382580280303955,0.45133069157600403,0.018825041130185127,0.0097028324380517,1.0,1.3104255199432373,1.3582754135131836,1.38019597530365,0.0,,,,,,,,,12.0,0.0,0.0,0.0,0.0,0.0,0.0,,,,,,,,,,,,,,,,,,,,,,0.001
9,1460,train,22.388864517211914,18.629512786865234,18.796762466430664,0.0,0.0,0.0,0.0,0.0,0.0,0.0,0.0,0.0,0.0,0.0,0.0,0.0,0.0,0.0,0.0,0.0,0.0,0.0,0.0,0.0,0.0,0.0,0.0,1.0,0.7702491283416748,0.7702491283416748,0.7702575922012329,0.0,-0.0113252904266119,0.45221275091171265,1.0,0.0,1.0,0.0,0.0,0.010223640128970146,0.0,0.0,0.0,0.0,0.4741228222846985,0.0019516028696671128,0.46854275465011597,0.4770532548427582,0.6917970180511475,0.0,0.0,0.0,0.0,0.0,0.0,0.0,0.0,1.0,0.0,0.45059120655059814,0.32961440086364746,0.4343961477279663,0.9644669890403748,0.0,18.796762466430664,18.629512786865234,18.629512786865234,0.06446465104818344,0.011937606148421764,5.145353934588037e-11,0.0,0.0,5.035727024078369,5.035727024078369,3.6475677490234375,3.6475677490234375,0.3196984827518463,0.0,0.0,0.0,0.0,0.4741228222846985,0.0022684382274746895,0.4672960340976715,0.4804237484931946,0.6917970180511475,0.0,3.644619941711426,3.6502110958099365,3.6475677490234375,3.427790880203247,0.45221275091171265,0.02031097561120987,0.011068488471210003,1.0,1.3379241228103638,1.375512957572937,1.322451114654541,0.0,,,,,,,,,12.0,0.0,0.0,0.0,0.0,0.0,0.0,,,,,,,,,,,,,,,,,,,,,,0.001
9,1480,train,21.4002628326416,17.787248611450195,18.06507110595703,0.0,0.0,0.0,0.0,0.0,0.0,0.0,0.0,0.0,0.0,0.0,0.0,0.0,0.0,0.0,0.0,0.0,0.0,0.0,0.0,0.0,0.0,0.0,0.0,1.0,0.7060831189155579,0.7060831189155579,0.7061294913291931,0.0,-0.010606859810650349,0.4449707269668579,1.0,0.0,1.0,0.0,0.0,0.009966442361474037,0.0,0.0,0.0,0.0,0.47589895129203796,0.0018451233627274632,0.46974238753318787,0.4788466691970825,0.6919755935668945,0.0,0.0,0.0,0.0,0.0,0.0,0.0,0.0,1.0,0.0,0.35149115324020386,0.35360947251319885,0.36308571696281433,0.9596109986305237,0.0,18.06507110595703,17.787248611450195,17.787248611450195,0.07093638181686401,0.02196868322789669,1.2757168932342466e-10,0.0,0.0,4.993590831756592,4.993590831756592,3.1734604835510254,3.1734604835510254,0.34531551599502563,0.0,0.0,0.0,0.0,0.47589898109436035,0.0021719662472605705,0.4682811200618744,0.48236361145973206,0.6919755935668945,0.0,3.1712238788604736,3.1754817962646484,3.1734604835510254,3.1635231971740723,0.4449707269668579,0.01690056547522545,0.0089742885902524,1.0,1.3071916103363037,1.3321510553359985,1.3180227279663086,0.0,,,,,,,,,12.0,0.0,0.0,0.0,0.0,0.0,0.0,,,,,,,,,,,,,,,,,,,,,,0.001
9,1500,train,20.788375854492188,17.269350051879883,17.59512710571289,0.0,0.0,0.0,0.0,0.0,0.0,0.0,0.0,0.0,0.0,0.0,0.0,0.0,0.0,0.0,0.0,0.0,0.0,0.0,0.0,0.0,0.0,0.0,0.0,1.0,0.6525700688362122,0.6525700688362122,0.6525543332099915,0.0,-0.009923228062689304,0.4418350160121918,1.0,0.0,1.0,0.0,0.0,0.010739989578723907,0.0,0.0,0.0,0.0,0.4777083098888397,0.001263549318537116,0.47308430075645447,0.47976553440093994,0.6921485066413879,0.0,0.0,0.0,0.0,0.0,0.0,0.0,0.0,1.0,0.0,0.2011120319366455,0.35608673095703125,0.34490805864334106,0.9531288743019104,0.0,17.59512710571289,17.269350051879883,17.269350051879883,0.078978031873703,0.02865748666226864,-9.537243217394575e-11,0.0,0.0,5.289238452911377,5.289237976074219,3.0201869010925293,3.0201869010925293,0.40369051694869995,0.0,0.0,0.0,0.0,0.4777083098888397,0.0014962188433855772,0.4720902740955353,0.4823184609413147,0.6921485066413879,0.0,3.018699884414673,3.0215415954589844,3.0201869010925293,2.927487373352051,0.4418350160121918,0.015553046017885208,0.008508093655109406,1.0,1.348705768585205,1.2956918478012085,1.301954984664917,0.0,,,,,,,,,12.0,0.0,0.0,0.0,0.0,0.0,0.0,,,,,,,,,,,,,,,,,,,,,,0.001
9,1503,train_epoch,22.148558645191308,18.424659888901395,18.61949353018207,0.0,0.0,0.0,0.0,0.0,0.0,0.0,0.0,0.0,0.0,0.0,0.0,0.0,0.0,0.0,0.0,0.0,0.0,0.0,0.0,0.0,0.0,0.0,0.0,1.0,0.7902049550753154,0.7902049572167996,0.790210775629489,0.0,-0.011572763887038845,0.451583233422148,1.0,0.0,1.0,0.0,0.0,0.01980976273534362,0.0,0.0,0.0,0.0,0.4725941460646555,0.0006536329037565757,0.4702434575486326,0.473717388814081,0.6916246467721676,0.0,0.0,0.0,0.0,0.0,0.0,0.0,0.0,1.0,0.0,0.4120765097110259,0.32338734854481177,0.4029630709907966,0.9700734012141199,0.0,18.61949353018207,18.424659888901395,18.424659888901395,0.051235426172703324,0.015002024599802708,-3.970091418554501e-12,0.0,0.0,5.043488431119633,5.043488405421822,3.4929746325144513,3.4929746325144513,0.24001572977104588,0.0,0.0,0.0,0.0,0.4725941460646555,0.0007740950636089454,0.46956419570003444,0.4750081768292867,0.6916246467721676,0.0,3.4921549194587205,3.493713377478594,3.4929746325144513,3.4678025102900887,0.451583233422148,0.01880908451282871,0.00931631176436911,1.0,1.4002772162774366,1.3996311090663522,1.4002527098455828,0.0,,,,,,,,,12.0,0.0,0.0,0.0,0.0,0.0,0.0,,,,,,,,,,,,,,,,,,,,,,0.001
9,1503,val,,,,,,,,,,,,,,,,,,,,,,,,,,,,,,,,,,,,,,,,,,,,,,,,,,,,,,,,,,,,,,,,,,,,,,,,,,,,,,,,,,,,,,,,,,,,,,,,,,,,,,,,,,,,,,,,,,,17.58944320678711,785.4005737304688,28.02499908528935,0.13223114609718323,0.07530701905488968,15.57547664642334,24.78910312595158,0.1082601249217987,0.06674756109714508,17.369436264038086,27.799269368841447,0.12543228268623352,0.07437312602996826,20.88051414489746,32.62014114620655,0.17214195430278778,0.08926714956760406,17.58944320678711,28.02499908528935,0.13223114609718323,0.07530701905488968,0.001
9,1503,test_select,,,,,,,,,,,,,,,,,,,,,,,,,,,,,,,,,,,,,,,,,,,,,,,,,,,,,,,,,,,,,,,,,,,,,,,,,,,,,,,,,,,,,,,,,,,,,,,,,,,,,,,,,,,,,,,,,,,20.839187622070312,1144.6849365234375,33.833192821893675,0.13319748640060425,0.08462828397750854,17.216951370239258,27.300333835670628,0.10834245383739471,0.0699031874537468,20.508899688720703,32.96508236412337,0.13390949368476868,0.08328261971473694,26.74676513671875,42.444204528379075,0.1724545955657959,0.10866153240203857,20.839187622070312,33.833192821893675,0.13319748640060425,0.08462828397750854,0.001
10,1520,train,21.245378494262695,17.693157196044922,17.7611083984375,0.0,0.0,0.0,0.0,0.0,0.0,0.0,0.0,0.0,0.0,0.0,0.0,0.0,0.0,0.0,0.0,0.0,0.0,0.0,0.0,0.0,0.0,0.0,0.0,1.0,0.6001562476158142,0.6001562476158142,0.6001240015029907,0.0,-0.010055511258542538,0.4419425427913666,1.0,0.0,1.0,0.0,0.0,0.009690586477518082,0.0,0.0,0.0,0.0,0.479489266872406,0.0007968424470163882,0.4768544137477875,0.4809414744377136,0.6923037767410278,0.0,0.0,0.0,0.0,0.0,0.0,0.0,0.0,1.0,0.0,0.3190394937992096,0.3706793189048767,0.31137511134147644,0.9471731781959534,0.0,17.7611083984375,17.693157196044922,17.693157196044922,0.08588702231645584,0.03444727137684822,1.6155547732932263e-10,0.0,0.0,5.0534868240356445,5.0534868240356445,2.7685117721557617,2.7685117721557617,0.4310772120952606,0.0,0.0,0.0,0.0,0.4794892370700836,0.0009675165056250989,0.47647297382354736,0.48312580585479736,0.6923037767410278,0.0,2.7677526473999023,2.769209384918213,2.7685117721557617,2.6486639976501465,0.4419425427913666,0.01324041374027729,0.007708251476287842,1.0,1.385690450668335,1.3767824172973633,1.3617973327636719,0.0,,,,,,,,,12.0,0.0,0.0,0.0,0.0,0.0,0.0,,,,,,,,,,,,,,,,,,,,,,0.001
10,1540,train,21.483108520507812,17.866270065307617,18.08418846130371,0.0,0.0,0.0,0.0,0.0,0.0,0.0,0.0,0.0,0.0,0.0,0.0,0.0,0.0,0.0,0.0,0.0,0.0,0.0,0.0,0.0,0.0,0.0,0.0,1.0,0.5914225578308105,0.5914225578308105,0.5914359092712402,0.0,-0.009982082061469555,0.4398064613342285,1.0,0.0,1.0,0.0,0.0,0.015090377070009708,0.0,0.0,0.0,0.0,0.4808655083179474,0.00024662219220772386,0.4794275164604187,0.48130664229393005,0.6924145817756653,0.0,0.0,0.0,0.0,0.0,0.0,0.0,0.0,1.0,0.0,0.4267292320728302,0.36027106642723083,0.2982747554779053,0.9434195160865784,0.0,18.08418846130371,17.866270065307617,17.866270065307617,0.08777502179145813,0.044519055634737015,-1.679936467713361e-10,0.0,0.0,4.9167160987854,4.9167160987854,2.7043957710266113,2.7043957710266113,0.42024245858192444,0.0,0.0,0.0,0.0,0.4808655083179474,0.00030317160417325795,0.4786275327205658,0.4818081855773926,0.6924145817756653,0.0,2.7041449546813965,2.704627513885498,2.7043957710266113,2.6608710289001465,0.4398064613342285,0.012299809604883194,0.0070334430783987045,1.0,1.2665176391601562,1.2941954135894775,1.2977964878082275,0.0,,,,,,,,,12.0,0.0,0.0,0.0,0.0,0.0,0.0,,,,,,,,,,,,,,,,,,,,,,0.001
10,1560,train,20.561094284057617,17.085988998413086,17.375524520874023,0.0,0.0,0.0,0.0,0.0,0.0,0.0,0.0,0.0,0.0,0.0,0.0,0.0,0.0,0.0,0.0,0.0,0.0,0.0,0.0,0.0,0.0,0.0,0.0,1.0,0.6004253625869751,0.6004253625869751,0.600475013256073,0.0,-0.010138386860489845,0.44123637676239014,1.0,0.0,1.0,0.0,0.0,0.008299236185848713,0.0,0.0,0.0,0.0,0.48221492767333984,0.0002000759559450671,0.48195260763168335,0.48346495628356934,0.6925143599510193,0.0,0.0,0.0,0.0,0.0,0.0,0.0,0.0,1.0,0.0,0.3228450417518616,0.3639507591724396,0.33199822902679443,0.9401360154151917,0.0,17.375524520874023,17.085988998413086,17.085988998413086,0.09341887384653091,0.04936666041612625,2.9247429131351588e-12,0.0,0.0,5.076989650726318,5.076989650726318,2.897390604019165,2.897390604019165,0.45368167757987976,0.0,0.0,0.0,0.0,0.48221492767333984,0.00024522264720872045,0.4815903902053833,0.48395293951034546,0.6925143599510193,0.0,2.8976590633392334,2.8971400260925293,2.897390604019165,2.7089009284973145,0.44123637676239014,0.013692121021449566,0.008215698413550854,1.0,1.3113722801208496,1.280256748199463,1.2663202285766602,0.0,,,,,,,,,12.0,0.0,0.0,0.0,0.0,0.0,0.0,,,,,,,,,,,,,,,,,,,,,,0.001
10,1580,train,22.87054443359375,19.02117156982422,19.246864318847656,0.0,0.0,0.0,0.0,0.0,0.0,0.0,0.0,0.0,0.0,0.0,0.0,0.0,0.0,0.0,0.0,0.0,0.0,0.0,0.0,0.0,0.0,0.0,0.0,1.0,0.6402773857116699,0.6402773261070251,0.6403090357780457,0.0,-0.009610606357455254,0.4415521025657654,1.0,0.0,1.0,0.0,0.0,0.007510744500905275,0.0,0.0,0.0,0.0,0.4831043779850006,0.00015697522030677646,0.4829157292842865,0.48431214690208435,0.6925761103630066,0.0,0.0,0.0,0.0,0.0,0.0,0.0,0.0,1.0,0.0,0.3969306945800781,0.35181596875190735,0.33505305647850037,0.9374756217002869,0.0,19.246864318847656,19.02117156982422,19.02117156982422,0.10136247426271439,0.05346829071640968,-3.3082973860398823e-11,0.0,0.0,5.026237964630127,5.026237964630127,2.904660940170288,2.904660940170288,0.49333739280700684,0.0,0.0,0.0,0.0,0.4831043481826782,0.00019291402713861316,0.4825163185596466,0.48511287569999695,0.6925761103630066,0.0,2.9048664569854736,2.9044690132141113,2.904660940170288,2.9369561672210693,0.4415521025657654,0.01335444487631321,0.007651745807379484,1.0,1.2668461799621582,1.2833335399627686,1.2544008493423462,0.0,,,,,,,,,12.0,0.0,0.0,0.0,0.0,0.0,0.0,,,,,,,,,,,,,,,,,,,,,,0.001
10,1600,train,21.420242309570312,17.832347869873047,17.939468383789062,0.0,0.0,0.0,0.0,0.0,0.0,0.0,0.0,0.0,0.0,0.0,0.0,0.0,0.0,0.0,0.0,0.0,0.0,0.0,0.0,0.0,0.0,0.0,0.0,1.0,0.6357543468475342,0.6357543468475342,0.635739803314209,0.0,-0.010196028277277946,0.4419236183166504,1.0,0.0,1.0,0.0,0.0,0.00792359746992588,0.0,0.0,0.0,0.0,0.48432865738868713,0.0005867984145879745,0.48362240195274353,0.4881426990032196,0.6926550269126892,0.0,0.0,0.0,0.0,0.0,0.0,0.0,0.0,1.0,0.0,0.45098769664764404,0.35166385769844055,0.3722430169582367,0.9345857501029968,0.0,17.939468383789062,17.832347869873047,17.832347869873047,0.10968158394098282,0.0698506310582161,4.931833413879261e-11,0.0,0.0,4.84205961227417,4.84205961227417,3.1019227504730225,3.1019227504730225,0.5161377787590027,0.0,0.0,0.0,0.0,0.4843286871910095,0.0006973824929445982,0.4828948676586151,0.48980218172073364,0.6926550269126892,0.0,3.1028733253479004,3.101026773452759,3.1019227504730225,2.9373600482940674,0.4419236183166504,0.014810245484113693,0.009561767801642418,1.0,1.2559609413146973,1.2448960542678833,1.2558025121688843,0.0,,,,,,,,,12.0,0.0,0.0,0.0,0.0,0.0,0.0,,,,,,,,,,,,,,,,,,,,,,0.001
10,1620,train,21.562007904052734,17.966463088989258,17.97772789001465,0.0,0.0,0.0,0.0,0.0,0.0,0.0,0.0,0.0,0.0,0.0,0.0,0.0,0.0,0.0,0.0,0.0,0.0,0.0,0.0,0.0,0.0,0.0,0.0,1.0,0.5831339955329895,0.5831339955329895,0.5831203460693359,0.0,-0.009654007852077484,0.4377874433994293,1.0,0.0,1.0,0.0,0.0,0.006076563149690628,0.0,0.0,0.0,0.0,0.48496943712234497,0.00018980237655341625,0.4846998155117035,0.48638445138931274,0.6926952004432678,0.0,0.0,0.0,0.0,0.0,0.0,0.0,0.0,1.0,0.0,0.21844039857387543,0.36742812395095825,0.3142651617527008,0.9294375777244568,0.0,17.97772789001465,17.966463088989258,17.966463088989258,0.10737469047307968,0.0674518272280693,1.7617039771433696e-10,0.0,0.0,5.026849746704102,5.026849746704102,2.6957592964172363,2.6957592964172363,0.5158008337020874,0.0,0.0,0.0,0.0,0.4849694073200226,0.0002354914031457156,0.4843628704547882,0.4869174361228943,0.6926952004432678,0.0,2.6959948539733887,2.6955368518829346,2.6957592964172363,2.6972081661224365,0.4377874433994293,0.011681337840855122,0.007258360739797354,1.0,1.2846405506134033,1.2789114713668823,1.277448058128357,0.0,,,,,,,,,12.0,0.0,0.0,0.0,0.0,0.0,0.0,,,,,,,,,,,,,,,,,,,,,,0.001
10,1640,train,23.049528121948242,19.205854415893555,19.21837043762207,0.0,0.0,0.0,0.0,0.0,0.0,0.0,0.0,0.0,0.0,0.0,0.0,0.0,0.0,0.0,0.0,0.0,0.0,0.0,0.0,0.0,0.0,0.0,0.0,1.0,0.5925047993659973,0.5925047993659973,0.5925070643424988,0.0,-0.009872281923890114,0.4384154677391052,1.0,0.0,1.0,0.0,0.0,0.00649142824113369,0.0,0.0,0.0,0.0,0.48578959703445435,0.00010594761261017993,0.48566800355911255,0.4865981936454773,0.6927432417869568,0.0,0.0,0.0,0.0,0.0,0.0,0.0,0.0,1.0,0.0,0.09338761866092682,0.3539416790008545,0.3236353397369385,0.9257986545562744,0.0,19.21837043762207,19.205854415893555,19.205854415893555,0.11307152360677719,0.06715737283229828,1.4543255488774776e-10,0.0,0.0,5.117142200469971,5.117142200469971,2.7685089111328125,2.7685089111328125,0.5554234981536865,0.0,0.0,0.0,0.0,0.48578956723213196,0.00013268071052152663,0.48554396629333496,0.48741477727890015,0.6927432417869568,0.0,2.7686519622802734,2.768373489379883,2.7685089111328125,2.772016763687134,0.4384154677391052,0.011510669253766537,0.00680529372766614,1.0,1.2668709754943848,1.2760454416275024,1.2971854209899902,0.0,,,,,,,,,12.0,0.0,0.0,0.0,0.0,0.0,0.0,,,,,,,,,,,,,,,,,,,,,,0.001
10,1660,train,22.081295013427734,18.3822078704834,18.495437622070312,0.0,0.0,0.0,0.0,0.0,0.0,0.0,0.0,0.0,0.0,0.0,0.0,0.0,0.0,0.0,0.0,0.0,0.0,0.0,0.0,0.0,0.0,0.0,0.0,1.0,0.6034857630729675,0.6034857630729675,0.6034830808639526,0.0,-0.009767457842826843,0.4377865195274353,1.0,0.0,1.0,0.0,0.0,0.008002232760190964,0.0,0.0,0.0,0.0,0.48677805066108704,0.00041776959551498294,0.4861909747123718,0.48902642726898193,0.6927970051765442,0.0,0.0,0.0,0.0,0.0,0.0,0.0,0.0,1.0,0.0,0.28043949604034424,0.3553895056247711,0.3230876326560974,0.9252333045005798,0.0,18.495437622070312,18.3822078704834,18.3822078704834,0.11855524033308029,0.06302154064178467,3.425979291926673e-11,0.0,0.0,4.842357158660889,4.842357158660889,2.758868932723999,2.758868932723999,0.551366925239563,0.0,0.0,0.0,0.0,0.48677805066108704,0.0005247214576229453,0.4854458272457123,0.4899178147315979,0.6927970051765442,0.0,2.759434223175049,2.758331298828125,2.758868932723999,2.7956135272979736,0.4377865195274353,0.011693407781422138,0.006692951079457998,1.0,1.1999932527542114,1.2689472436904907,1.2442706823349,0.0,,,,,,,,,12.0,0.0,0.0,0.0,0.0,0.0,0.0,,,,,,,,,,,,,,,,,,,,,,0.001
10,1670,train_epoch,21.77739144513707,18.12455730095595,18.264170469638117,0.0,0.0,0.0,0.0,0.0,0.0,0.0,0.0,0.0,0.0,0.0,0.0,0.0,0.0,0.0,0.0,0.0,0.0,0.0,0.0,0.0,0.0,0.0,0.0,1.0,0.632499046668321,0.6324990430991807,0.6324992490385821,0.0,-0.009848019710468675,0.4411432436126435,1.0,0.0,1.0,0.0,0.0,0.008547275763529236,0.0,0.0,0.0,0.0,0.4832211174293906,0.00038597181001731265,0.48227719810908426,0.48475323804838216,0.6925704186548016,0.0,0.0,0.0,0.0,0.0,0.0,0.0,0.0,1.0,0.0,0.33640373315282923,0.3579069602632237,0.3401856584820205,0.9360132113902154,0.0,18.264170469638117,18.12455730095595,18.12455730095595,0.10462656545781804,0.05512316298565108,-2.2472061944892952e-11,0.0,0.0,4.980557690123598,4.980557701544847,2.9136724871789625,2.9136724871789625,0.5046072179328895,0.0,0.0,0.0,0.0,0.4832211126110511,0.0004664199038639262,0.48178424538966425,0.48584727630643787,0.6925704186548016,2.751849459893416e-07,2.9137113151436083,2.913630501238886,2.9136724871789625,2.8921173304140924,0.4411432436126435,0.013419507026761592,0.008112283423542976,1.0,1.2989128221294837,1.29900971643939,1.29955634314143,0.0,,,,,,,,,12.0,0.0,0.0,0.0,0.0,0.0,0.0,,,,,,,,,,,,,,,,,,,,,,0.001
10,1670,val,,,,,,,,,,,,,,,,,,,,,,,,,,,,,,,,,,,,,,,,,,,,,,,,,,,,,,,,,,,,,,,,,,,,,,,,,,,,,,,,,,,,,,,,,,,,,,,,,,,,,,,,,,,,,,,,,,,18.267837524414062,834.4247436523438,28.886411055240902,0.12761551141738892,0.07821148633956909,17.101232528686523,26.653219392859583,0.11303368210792542,0.07328607887029648,18.037952423095703,28.73408293251511,0.11988671869039536,0.07723559439182281,20.360342025756836,32.32802304841343,0.1475597321987152,0.08704333752393723,18.267837524414062,28.886411055240902,0.12761551141738892,0.07821148633956909,0.001
10,1670,test_select,,,,,,,,,,,,,,,,,,,,,,,,,,,,,,,,,,,,,,,,,,,,,,,,,,,,,,,,,,,,,,,,,,,,,,,,,,,,,,,,,,,,,,,,,,,,,,,,,,,,,,,,,,,,,,,,,,,20.724597930908203,1115.8714599609375,33.40466224886786,0.12391901016235352,0.08416293561458588,17.963031768798828,27.98230729379504,0.10389222204685211,0.07293237745761871,20.252466201782227,32.548275818990206,0.11838852614164352,0.08224128931760788,25.55451774597168,40.97613724159694,0.15925715863704681,0.1038178950548172,20.724597930908203,33.40466224886786,0.12391901016235352,0.08416293561458588,0.001
11,1680,train,20.876285552978516,17.373918533325195,17.499496459960938,0.0,0.28311386704444885,0.28311386704444885,0.0,0.14994016289710999,4.999999873689376e-06,0.0024999999441206455,0.0005000000237487257,0.0024999999441206455,4.999999873689376e-05,4.999999873689376e-05,0.05000000074505806,0.0034265259746462107,0.18748894333839417,0.0,0.0,0.0,0.0,0.0,0.0,0.0,0.0,0.5834968090057373,0.5834968090057373,1.0,0.5834968090057373,0.5834968090057373,0.583501935005188,0.0,-0.007604578044265509,0.3875664472579956,1.0,0.0034265259746462107,1.0,0.0,0.0,0.0034265259746462107,0.0,0.0,0.18748894333839417,0.0,0.4874889552593231,0.00015067518688738346,0.4872933328151703,0.4883350729942322,0.6928340792655945,0.0,0.0,0.0,0.0,0.0,0.0,0.0,0.0,1.0,0.0,0.19541777670383453,0.35296666622161865,0.30741602182388306,0.925349771976471,0.0,17.499496459960938,17.373918533325195,17.373918533325195,0.11651038378477097,0.06644903868436813,-1.1347359163416115e-10,0.0,0.0,5.064187526702881,5.064187526702881,2.688690185546875,2.688690185546875,0.5707132816314697,0.0,0.0,0.0,0.0,0.4874889552593231,0.00018351266044192016,0.4870540499687195,0.4887954592704773,0.6928340792655945,0.0,2.6888678073883057,2.688521146774292,2.688690185546875,2.7326884269714355,0.3875664472579956,0.010770552791655064,0.006150112021714449,1.0,1.2377055883407593,1.2461433410644531,1.2558177709579468,0.0,,,,,,,,,12.0,0.0,0.0,0.0,0.0,0.0,0.0,,,,,,,,,,,,,,,,,,,,,,0.001
11,1700,train,20.54921531677246,17.112512588500977,17.17041015625,0.0,0.33070430159568787,0.33070430159568787,0.0,0.17971979081630707,4.999999873689376e-06,0.0024999999441206455,0.0005000000237487257,0.0024999999441206455,4.999999873689376e-05,4.999999873689376e-05,0.05000000074505806,0.005968404933810234,0.18799364566802979,0.0,0.0,0.0,0.0,0.0,0.0,0.0,0.0,0.5951669812202454,0.5951669812202454,1.0,0.5951669812202454,0.5951670408248901,0.5951697826385498,0.0,-0.0031246207654476166,0.29183298349380493,1.0,0.005968404933810234,1.0,0.0,0.0,0.005968404933810234,0.0,0.0,0.18799364566802979,0.0,0.48799362778663635,3.693851613206789e-05,0.4879351854324341,0.4882383942604065,0.6928589344024658,0.0,0.0,0.0,0.0,0.0,0.0,0.0,0.0,1.0,0.0,0.17181889712810516,0.3480273187160492,0.33557435870170593,0.9212631583213806,0.0,17.17041015625,17.112512588500977,17.112512588500977,0.12693297863006592,0.09631074965000153,-5.3527807186704024e-11,0.0,0.0,4.843449115753174,4.843449115753174,2.847456693649292,2.847456693649292,0.5750376582145691,0.0,0.0,0.0,0.0,0.48799365758895874,4.466598329599947e-05,0.4878730773925781,0.4883732795715332,0.6928589344024658,0.0,2.84749698638916,2.8474183082580566,2.847456693649292,2.8374085426330566,0.29183298349380493,0.011179612949490547,0.006948703434318304,1.0,1.1816115379333496,1.1864042282104492,1.2078222036361694,0.0,,,,,,,,,12.0,0.0,0.0,0.0,0.0,0.0,0.0,,,,,,,,,,,,,,,,,,,,,,0.001
11,1720,train,21.893505096435547,18.232210159301758,18.29379653930664,0.0,0.29575446248054504,0.29575446248054504,0.0,0.1635635644197464,4.999999873689376e-06,0.0024999999441206455,0.0005000000237487257,0.0024999999441206455,4.999999873689376e-05,4.999999873689376e-05,0.05000000074505806,0.006903079338371754,0.18859577178955078,0.0,0.0,0.0,0.0,0.0,0.0,0.0,0.0,0.5949838161468506,0.5949838161468506,1.0,0.5949838161468506,0.5949837565422058,0.5949851274490356,0.0,-0.0012833781074732542,0.2169177234172821,1.0,0.006903079338371754,1.0,0.0,0.0,0.006903079338371754,0.0,0.0,0.18859577178955078,0.0,0.48859578371047974,0.0002095184026984498,0.48834121227264404,0.49019622802734375,0.6928869485855103,0.0,0.0,0.0,0.0,0.0,0.0,0.0,0.0,1.0,0.0,0.25088536739349365,0.34437963366508484,0.3256796598434448,0.9174489378929138,0.0,18.29379653930664,18.232210159301758,18.232210159301758,0.14622534811496735,0.10631239414215088,-5.2188162645572245e-12,0.0,0.0,5.207479953765869,5.207479953765869,2.766510486602783,2.766510486602783,0.7219952940940857,0.0,0.0,0.0,0.0,0.48859578371047974,0.0002568888885434717,0.4881056547164917,0.49166250228881836,0.6928869485855103,0.0,2.766796827316284,2.7662365436553955,2.766510486602783,2.8624634742736816,0.2169177234172821,0.010634146630764008,0.006148234475404024,1.0,1.2107062339782715,1.2019928693771362,1.2191836833953857,0.0,,,,,,,,,12.0,0.0,0.0,0.0,0.0,0.0,0.0,,,,,,,,,,,,,,,,,,,,,,0.001
11,1740,train,20.30047035217285,16.880102157592773,17.089435577392578,0.0,0.2754852771759033,0.2754852771759033,0.0,0.18224792182445526,4.999999873689376e-06,0.0024999999441206455,0.0005000000237487257,0.0024999999441206455,4.999999873689376e-05,4.999999873689376e-05,0.05000000074505806,0.007807052228599787,0.18899837136268616,0.0,0.0,0.0,0.0,0.0,0.0,0.0,0.0,0.5944023728370667,0.5944023728370667,1.0,0.5944023728370667,0.5944023728370667,0.5944023132324219,0.0,-0.00019792538660112768,0.15933315455913544,1.0,0.007807052228599787,1.0,0.0,0.0,0.007807052228599787,0.0,0.0,0.18899837136268616,0.0,0.4889983832836151,3.125108560197987e-05,0.4888126850128174,0.4890386760234833,0.6929051280021667,0.0,0.0,0.0,0.0,0.0,0.0,0.0,0.0,1.0,0.0,0.3422579765319824,0.3428754508495331,0.34747520089149475,0.913006603717804,0.0,17.089435577392578,16.880102157592773,16.880102157592773,0.13796977698802948,0.08832744508981705,-1.0078944623348463e-11,0.0,0.0,5.039801597595215,5.039801597595215,2.879305601119995,2.879305601119995,0.6522177457809448,0.0,0.0,0.0,0.0,0.4889983832836151,3.794327858486213e-05,0.4887335002422333,0.4890863299369812,0.6929051280021667,0.0,2.879265785217285,2.8793435096740723,2.879305601119995,2.9160611629486084,0.15933315455913544,0.010902942158281803,0.006496273912489414,1.0,1.2450926303863525,1.2668389081954956,1.2480367422103882,0.0,,,,,,,,,12.0,0.0,0.0,0.0,0.0,0.0,0.0,,,,,,,,,,,,,,,,,,,,,,0.001
11,1760,train,20.153289794921875,16.78640365600586,16.821760177612305,0.0,0.3274536728858948,0.3274536728858948,0.0,0.23912313580513,4.999999873689376e-06,0.0024999999441206455,0.0005000000237487257,0.0024999999441206455,4.999999873689376e-05,4.999999873689376e-05,0.05000000074505806,0.007009743247181177,0.1894700825214386,0.0,0.0,0.0,0.0,0.0,0.0,0.0,0.0,0.5684269666671753,0.5684269666671753,1.0,0.5684269666671753,0.5684269070625305,0.5684272646903992,0.0,0.0004969180445186794,0.11530984193086624,1.0,0.007009743247181177,1.0,0.0,0.0,0.007009743247181177,0.0,0.0,0.1894700825214386,0.0,0.48947009444236755,1.8243114254801185e-06,0.4894561171531677,0.4894774854183197,0.6929250955581665,0.0,0.0,0.0,0.0,0.0,0.0,0.0,0.0,1.0,0.0,0.16816996037960052,0.33651503920555115,0.39231258630752563,0.9095034003257751,0.0,16.821760177612305,16.78640365600586,16.78640365600586,0.13612641394138336,0.07811909168958664,-1.7396635521027548e-10,0.0,0.0,4.874792575836182,4.874792575836182,3.1667933464050293,3.1667933464050293,0.637471079826355,0.0,0.0,0.0,0.0,0.48947009444236755,4.248353889124701e-06,0.48939797282218933,0.4895345866680145,0.6929250955581665,0.0,3.1667919158935547,3.166794776916504,3.1667933464050293,2.8167669773101807,0.11530984193086624,0.01224528532475233,0.007407168857753277,1.0,1.222074031829834,1.2317147254943848,1.2231111526489258,0.0,,,,,,,,,12.0,0.0,0.0,0.0,0.0,0.0,0.0,,,,,,,,,,,,,,,,,,,,,,0.001
11,1780,train,19.94603729248047,16.609956741333008,16.668291091918945,0.0,0.269820898771286,0.269820898771286,0.0,0.20639844238758087,4.999999873689376e-06,0.0024999999441206455,0.0005000000237487257,0.0024999999441206455,4.999999873689376e-05,4.999999873689376e-05,0.05000000074505806,0.007833852432668209,0.18991929292678833,0.0,0.0,0.0,0.0,0.0,0.0,0.0,0.0,0.5786641836166382,0.5786641836166382,1.0,0.5786641836166382,0.5786641240119934,0.5786645412445068,0.0,0.0007714055827818811,0.08198719471693039,1.0,0.007833852432668209,1.0,0.0,0.0,0.007833852432668209,0.0,0.0,0.18991929292678833,0.0,0.48991942405700684,3.9738233681418933e-07,0.48991668224334717,0.48992007970809937,0.6929436922073364,0.0,0.0,0.0,0.0,0.0,0.0,0.0,0.0,1.0,0.0,0.19204095005989075,0.3382096588611603,0.36702409386634827,0.9071233868598938,0.0,16.668291091918945,16.609956741333008,16.609956741333008,0.13770630955696106,0.08328047394752502,-7.727973816429312e-11,0.0,0.0,5.013156890869141,5.013156890869141,2.9703891277313232,2.9703891277313232,0.6633182168006897,0.0,0.0,0.0,0.0,0.4899193048477173,6.793999318688293e-07,0.48991066217422485,0.4899230897426605,0.6929436922073364,0.0,2.970388412475586,2.9703891277313232,2.9703891277313232,2.873178720474243,0.08198719471693039,0.010919569991528988,0.006323958747088909,1.0,1.1717978715896606,1.199393630027771,1.1769267320632935,0.0,,,,,,,,,12.0,0.0,0.0,0.0,0.0,0.0,0.0,,,,,,,,,,,,,,,,,,,,,,0.001
11,1800,train,20.09498405456543,16.735252380371094,16.787002563476562,0.0,0.25419262051582336,0.25419262051582336,0.0,0.1864672303199768,4.999999873689376e-06,0.0024999999441206455,0.0005000000237487257,0.0024999999441206455,4.999999873689376e-05,4.999999873689376e-05,0.05000000074505806,0.012997234240174294,0.19033747911453247,0.0,0.0,0.0,0.0,0.0,0.0,0.0,0.0,0.56235271692276,0.56235271692276,1.0,0.56235271692276,0.5623527765274048,0.5623528361320496,0.0,0.0013379782903939486,0.058658160269260406,1.0,0.012997234240174294,1.0,0.0,0.0,0.012997234240174294,0.0,0.0,0.19033747911453247,0.0,0.4903375506401062,7.093913723110745e-07,0.49033647775650024,0.4903424382209778,0.6929602026939392,0.0,0.0,0.0,0.0,0.0,0.0,0.0,0.0,1.0,0.0,0.18204331398010254,0.33757326006889343,0.35252276062965393,0.9056054949760437,0.0,16.787002563476562,16.735252380371094,16.735252380371094,0.136587992310524,0.0879286378622055,2.0712256909583004e-10,0.0,0.0,5.090307712554932,5.090307712554932,2.8953237533569336,2.8953237533569336,0.6607192754745483,0.0,0.0,0.0,0.0,0.4903374910354614,8.88480713001627e-07,0.4903355836868286,0.4903445243835449,0.6929602026939392,0.0,2.895324468612671,2.8953230381011963,2.8953237533569336,2.8046205043792725,0.058658160269260406,0.010118969716131687,0.005750100128352642,1.0,1.2130987644195557,1.2174633741378784,1.2062761783599854,0.0,,,,,,,,,12.0,0.0,0.0,0.0,0.0,0.0,0.0,,,,,,,,,,,,,,,,,,,,,,0.001
11,1820,train,20.914575576782227,17.41033935546875,17.50881576538086,0.0,0.2743620276451111,0.2743620276451111,0.0,0.21163131296634674,4.999999873689376e-06,0.0024999999441206455,0.0005000000237487257,0.0024999999441206455,4.999999873689376e-05,4.999999873689376e-05,0.05000000074505806,0.009760938584804535,0.19075995683670044,0.0,0.0,0.0,0.0,0.0,0.0,0.0,0.0,0.5918724536895752,0.5918724536895752,1.0,0.5918724536895752,0.5918724536895752,0.5918724536895752,0.0,0.0008292366983368993,0.0405864492058754,1.0,0.009760938584804535,1.0,0.0,0.0,0.009760938584804535,0.0,0.0,0.19075995683670044,0.0,0.4907599091529846,6.236048193386523e-07,0.4907592236995697,0.49076375365257263,0.692976713180542,0.0,0.0,0.0,0.0,0.0,0.0,0.0,0.0,1.0,0.0,0.12042540311813354,0.33730825781822205,0.3705117106437683,0.9052699208259583,0.0,17.50881576538086,17.41033935546875,17.41033935546875,0.14916573464870453,0.10137280076742172,-2.3361601542148946e-10,0.0,0.0,5.20090913772583,5.20090913772583,3.017505645751953,3.017505645751953,0.7460207939147949,0.0,0.0,0.0,0.0,0.4907599687576294,7.264396799655515e-07,0.4907585084438324,0.4907665550708771,0.692976713180542,0.0,3.0175063610076904,3.0175046920776367,3.017505645751953,2.9486029148101807,0.0405864492058754,0.010456272400915623,0.005817454308271408,1.0,1.0990623235702515,1.1593064069747925,1.152347445487976,0.0,,,,,,,,,12.0,0.0,0.0,0.0,0.0,0.0,0.0,,,,,,,,,,,,,,,,,,,,,,0.001
11,1837,train_epoch,21.285824027603972,17.72143668899993,17.809127522085955,0.0,0.3000629971662681,0.3000629971662681,0.0,0.19860355243711414,4.999999873689376e-06,0.0024999999441206455,0.0005000000237487257,0.0024999999441206455,4.999999873689376e-05,4.999999873689376e-05,0.05000000074505806,0.008233199892900216,0.18929205593948592,0.0,0.0,0.0,0.0,0.0,0.0,0.0,0.0,0.6003209673715922,0.6003209673715922,1.0,0.6003209673715922,0.6003209634455379,0.600319883066737,0.0,-0.0009977815423412096,0.1628519646421878,1.0,0.008233199892900216,1.0,0.0,0.0,0.008233199892900216,0.0,0.0,0.18929205593948592,0.0,0.4892920666112157,7.190435482644256e-05,0.48917392503001733,0.48973659234132594,0.6929153824994664,0.0,0.0,0.0,0.0,0.0,0.0,0.0,0.0,1.0,0.0,0.21840042650872496,0.34017392261299545,0.35636338002667456,0.9126505791070219,0.0,17.809127522085955,17.72143668899993,17.72143668899993,0.1409712332986786,0.09902096490660113,-1.791452449118101e-11,0.0,0.0,4.988130383862707,4.988130386718019,2.942944805065315,2.942944805065315,0.6731864592272364,0.0,0.0,0.0,0.0,0.4892920678604149,8.701306713812879e-05,0.4890676544098083,0.4899729838271341,0.6929153824994664,0.0,2.9430254248087993,2.942867617407245,2.942944805065315,2.9236853236923674,0.1628519646421878,0.011081162042648135,0.006550140110050846,1.0,1.2151275730418587,1.2149537109329316,1.2158220342533317,0.0,,,,,,,,,12.0,0.0,0.0,0.0,0.0,0.0,0.0,,,,,,,,,,,,,,,,,,,,,,0.001
11,1837,val,,,,,,,,,,,,,,,,,,,,,,,,,,,,,,,,,,,,,,,,,,,,,,,,,,,,,,,,,,,,,,,,,,,,,,,,,,,,,,,,,,,,,,,,,,,,,,,,,,,,,,,,,,,,,,,,,,,17.01390838623047,750.2487182617188,27.390668452261597,0.12561289966106415,0.07284294068813324,15.315154075622559,24.459686120577825,0.11428651213645935,0.06563197076320648,16.91454315185547,27.273427429459613,0.12195011228322983,0.07242533564567566,19.757192611694336,31.501600436773447,0.15078148245811462,0.08446478843688965,17.01390838623047,27.390668452261597,0.12561289966106415,0.07284294068813324,0.001
11,1837,test_select,,,,,,,,,,,,,,,,,,,,,,,,,,,,,,,,,,,,,,,,,,,,,,,,,,,,,,,,,,,,,,,,,,,,,,,,,,,,,,,,,,,,,,,,,,,,,,,,,,,,,,,,,,,,,,,,,,,21.169864654541016,1194.734375,34.56492984225485,0.13525088131427765,0.0859711691737175,17.27842140197754,27.407709794004017,0.11650429666042328,0.07015275955200195,20.727537155151367,33.45270901189282,0.1306479573249817,0.08417045325040817,27.11354637145996,43.39939172555806,0.1717640459537506,0.11015161871910095,21.169864654541016,34.56492984225485,0.13525088131427765,0.0859711691737175,0.001
12,1840,train,21.5247745513916,17.933385848999023,17.932228088378906,0.0,0.27978864312171936,0.27978864312171936,0.0,0.19165749847888947,9.999999747378752e-06,0.004999999888241291,0.0010000000474974513,0.004999999888241291,9.999999747378752e-05,9.999999747378752e-05,0.10000000149011612,0.013292931020259857,0.19115793704986572,0.0,0.0,0.0,0.0,0.0,0.0,0.0,0.0,0.5872229337692261,0.5872229337692261,1.0,0.5872229337692261,0.5872229337692261,0.5872229337692261,0.0,0.001421155291609466,0.03213756904006004,1.0,0.013292931020259857,1.0,0.0,0.0,0.013292931020259857,0.0,0.0,0.19115793704986572,0.0,0.4911579489707947,7.026282844435627e-08,0.49115806818008423,0.4911584258079529,0.6929907202720642,0.0,0.0,0.0,0.0,0.0,0.0,0.0,0.0,1.0,0.0,0.12933580577373505,0.33928292989730835,0.355857789516449,0.9044337868690491,0.0,17.932228088378906,17.933385848999023,17.933385848999023,0.16531680524349213,0.12245028465986252,-1.04979136494876e-10,0.0,0.0,4.935947418212891,4.935947418212891,2.9212706089019775,2.9212706089019775,0.7707410454750061,0.0,0.0,0.0,0.0,0.4911579489707947,7.767074094999771e-08,0.4911579191684723,0.49115872383117676,0.6929907202720642,0.0,2.9212706089019775,2.9212706089019775,2.9212706089019775,2.9055519104003906,0.03213756904006004,0.009733154438436031,0.005474646110087633,1.0,1.1779464483261108,1.1779522895812988,1.207367181777954,0.0,,,,,,,,,12.0,0.0,0.0,0.0,0.0,0.0,0.0,,,,,,,,,,,,,,,,,,,,,,0.001
12,1860,train,21.403902053833008,17.816076278686523,17.915512084960938,0.0,0.23488497734069824,0.23488497734069824,0.0,0.18844476342201233,9.999999747378752e-06,0.004999999888241291,0.0010000000474974513,0.004999999888241291,9.999999747378752e-05,9.999999747378752e-05,0.10000000149011612,0.006171617656946182,0.19131609797477722,0.0,0.0,0.0,0.0,0.0,0.0,0.0,0.0,0.5880146026611328,0.5880146026611328,1.0,0.5880146026611328,0.588014543056488,0.588014543056488,0.0,0.003490398172289133,0.05194976180791855,1.0,0.006171617656946182,1.0,0.0,0.0,0.006171617656946182,0.0,0.0,0.19131609797477722,0.0,0.4913160502910614,1.2035674501476024e-07,0.4913157820701599,0.49131640791893005,0.6929966807365417,0.0,0.0,0.0,0.0,0.0,0.0,0.0,0.0,1.0,0.0,0.13435599207878113,0.3236725926399231,0.35580185055732727,0.9011676907539368,0.0,17.915512084960938,17.816076278686523,17.816076278686523,0.16137288510799408,0.11748426407575607,-1.8370610588291925e-10,0.0,0.0,4.946316242218018,4.946316242218018,2.930924415588379,2.930924415588379,0.7761135697364807,0.0,0.0,0.0,0.0,0.4913161098957062,1.35304006221304e-07,0.49131545424461365,0.4913164973258972,0.6929966807365417,0.0,2.9309241771698,2.930924415588379,2.930924415588379,2.9794647693634033,0.05194976180791855,0.009449681267142296,0.004962659440934658,1.0,1.2294307947158813,1.1597838401794434,1.1627123355865479,0.0,,,,,,,,,12.0,0.0,0.0,0.0,0.0,0.0,0.0,,,,,,,,,,,,,,,,,,,,,,0.001
12,1880,train,22.526456832885742,18.74065399169922,18.901132583618164,0.0,0.33694005012512207,0.33694005012512207,0.0,0.24309086799621582,9.999999747378752e-06,0.004999999888241291,0.0010000000474974513,0.004999999888241291,9.999999747378752e-05,9.999999747378752e-05,0.10000000149011612,0.011530907824635506,0.19146102666854858,0.0,0.0,0.0,0.0,0.0,0.0,0.0,0.0,0.6448786854743958,0.6448786854743958,1.0,0.6448786854743958,0.6448786854743958,0.6448786854743958,0.0,0.0031108595430850983,0.0486239530146122,1.0,0.011530907824635506,1.0,0.0,0.0,0.011530907824635506,0.0,0.0,0.19146102666854858,0.0,0.49146097898483276,1.5031908162654872e-07,0.49146097898483276,0.49146199226379395,0.6930010914802551,0.0,0.0,0.0,0.0,0.0,0.0,0.0,0.0,1.0,0.0,0.1073288843035698,0.3415772318840027,0.3938676118850708,0.8984346985816956,0.0,18.901132583618164,18.74065399169922,18.74065399169922,0.1719987541437149,0.1429300606250763,8.954719561346525e-13,0.0,0.0,5.056305885314941,5.056305885314941,3.150521993637085,3.150521993637085,0.841148853302002,0.0,0.0,0.0,0.0,0.49146103858947754,2.0050362081747153e-07,0.4914601147174835,0.4914626479148865,0.6930010914802551,0.0,3.150521993637085,3.150521755218506,3.150521993637085,3.228959560394287,0.0486239530146122,0.010305909439921379,0.005885475780814886,1.0,1.1769905090332031,1.18092942237854,1.187058687210083,0.0,,,,,,,,,12.0,0.0,0.0,0.0,0.0,0.0,0.0,,,,,,,,,,,,,,,,,,,,,,0.001
12,1900,train,22.028413772583008,18.360849380493164,18.314693450927734,0.0,0.21377182006835938,0.21377182006835938,0.0,0.20489820837974548,9.999999747378752e-06,0.004999999888241291,0.0010000000474974513,0.004999999888241291,9.999999747378752e-05,9.999999747378752e-05,0.10000000149011612,0.010286111384630203,0.19171741604804993,0.0,0.0,0.0,0.0,0.0,0.0,0.0,0.0,0.5890183448791504,0.5890183448791504,1.0,0.5890183448791504,0.5890184044837952,0.5890183448791504,0.0,0.0023775817826390266,0.0393841378390789,1.0,0.010286111384630203,1.0,0.0,0.0,0.010286111384630203,0.0,0.0,0.19171741604804993,0.0,0.49171745777130127,4.4867680117022246e-05,0.49166569113731384,0.49203914403915405,0.6930099725723267,0.0,0.0,0.0,0.0,0.0,0.0,0.0,0.0,1.0,0.0,0.1993149071931839,0.3284088671207428,0.36405664682388306,0.8989725708961487,0.0,18.314693450927734,18.360849380493164,18.360849380493164,0.16169941425323486,0.12864412367343903,1.3414880317696998e-10,0.0,0.0,4.7349324226379395,4.7349324226379395,2.988741636276245,2.988741636276245,0.6973578929901123,0.0,0.0,0.0,0.0,0.4917174279689789,5.484537177835591e-05,0.4916289746761322,0.49229514598846436,0.6930099725723267,0.0,2.9887940883636475,2.9886908531188965,2.988741636276245,2.9638805389404297,0.0393841378390789,0.009753371588885784,0.005093603394925594,1.0,1.1026536226272583,1.1213195323944092,1.1229404211044312,0.0,,,,,,,,,12.0,0.0,0.0,0.0,0.0,0.0,0.0,,,,,,,,,,,,,,,,,,,,,,0.001
12,1920,train,19.417211532592773,16.161251068115234,16.25368881225586,0.0,0.2554077208042145,0.2554077208042145,0.0,0.2727426290512085,9.999999747378752e-06,0.004999999888241291,0.0010000000474974513,0.004999999888241291,9.999999747378752e-05,9.999999747378752e-05,0.10000000149011612,0.010932909324765205,0.19188767671585083,0.0,0.0,0.0,0.0,0.0,0.0,0.0,0.0,0.6534481644630432,0.6534481644630432,1.0,0.6534481644630432,0.6534481644630432,0.6534481644630432,0.0,0.0035958171356469393,0.050505831837654114,1.0,0.010932909324765205,1.0,0.0,0.0,0.010932909324765205,0.0,0.0,0.19188767671585083,0.0,0.4918876588344574,7.1466132567366e-08,0.4918871819972992,0.49188774824142456,0.6930159330368042,0.0,0.0,0.0,0.0,0.0,0.0,0.0,0.0,1.0,0.0,0.24692894518375397,0.3368837237358093,0.40802866220474243,0.8977001309394836,0.0,16.25368881225586,16.161251068115234,16.161251068115234,0.15782292187213898,0.12170296162366867,-3.740795867512858e-11,0.0,0.0,5.063431739807129,5.063431739807129,3.254870653152466,3.254870653152466,0.7462971806526184,0.0,0.0,0.0,0.0,0.4918876886367798,9.275635193262133e-08,0.49188703298568726,0.4918879568576813,0.6930159330368042,0.0,3.254870653152466,3.254870653152466,3.254870653152466,3.2575271129608154,0.050505831837654114,0.010569747537374496,0.006121932994574308,1.0,1.138425588607788,1.1217862367630005,1.132443904876709,0.0,,,,,,,,,12.0,0.0,0.0,0.0,0.0,0.0,0.0,,,,,,,,,,,,,,,,,,,,,,0.001
12,1940,train,22.50703239440918,18.749387741088867,18.762672424316406,0.0,0.26603028178215027,0.26603028178215027,0.0,0.2449207752943039,9.999999747378752e-06,0.004999999888241291,0.0010000000474974513,0.004999999888241291,9.999999747378752e-05,9.999999747378752e-05,0.10000000149011612,0.011920693330466747,0.19197240471839905,0.0,0.0,0.0,0.0,0.0,0.0,0.0,0.0,0.6262092590332031,0.6262092590332031,1.0,0.6262092590332031,0.6262092590332031,0.6262092590332031,0.0,0.003987297415733337,0.05753593146800995,1.0,0.011920693330466747,1.0,0.0,0.0,0.011920693330466747,0.0,0.0,0.19197240471839905,0.0,0.491972416639328,1.094153745384574e-07,0.4919719696044922,0.49197280406951904,0.6930185556411743,0.0,0.0,0.0,0.0,0.0,0.0,0.0,0.0,1.0,0.0,0.15539655089378357,0.3259848952293396,0.3942011594772339,0.8955348134040833,0.0,18.762672424316406,18.749387741088867,18.749387741088867,0.1846148818731308,0.15064963698387146,-4.5642933876877123e-10,0.0,0.0,4.8375067710876465,4.8375067710876465,3.1542348861694336,3.1542348861694336,0.8574455976486206,0.0,0.0,0.0,0.0,0.491972416639328,1.3620619654375332e-07,0.4919716715812683,0.491972953081131,0.6930185556411743,0.0,3.1542344093322754,3.1542351245880127,3.1542348861694336,3.1456987857818604,0.05753593146800995,0.010096140205860138,0.0055271838791668415,1.0,1.1050362586975098,1.1102226972579956,1.106658935546875,0.0,,,,,,,,,12.0,0.0,0.0,0.0,0.0,0.0,0.0,,,,,,,,,,,,,,,,,,,,,,0.001
12,1960,train,21.634286880493164,18.016788482666016,18.06504249572754,0.0,0.2144463062286377,0.2144463062286377,0.0,0.19450917840003967,9.999999747378752e-06,0.004999999888241291,0.0010000000474974513,0.004999999888241291,9.999999747378752e-05,9.999999747378752e-05,0.10000000149011612,0.011367437429726124,0.19212216138839722,0.0,0.0,0.0,0.0,0.0,0.0,0.0,0.0,0.565765917301178,0.565765917301178,1.0,0.565765917301178,0.565765917301178,0.565765917301178,0.0,0.0026517307851463556,0.04830870404839516,1.0,0.011367437429726124,1.0,0.0,0.0,0.011367437429726124,0.0,0.0,0.19212216138839722,0.0,0.49212217330932617,3.095522060903022e-08,0.4921218156814575,0.49212193489074707,0.6930234432220459,0.0,0.0,0.0,0.0,0.0,0.0,0.0,0.0,1.0,0.0,0.0581684373319149,0.31590279936790466,0.3616105318069458,0.8941532969474792,0.0,18.06504249572754,18.016788482666016,18.016788482666016,0.17744626104831696,0.1365666538476944,8.442319066048753e-11,0.0,0.0,5.000506401062012,5.000506401062012,2.95143723487854,2.95143723487854,0.8559673428535461,0.0,0.0,0.0,0.0,0.49212217330932617,2.2637699714778137e-08,0.4921218156814575,0.49212193489074707,0.6930234432220459,0.0,2.95143723487854,2.95143723487854,2.95143723487854,2.896610975265503,0.04830870404839516,0.008873251266777515,0.004266439471393824,1.0,1.1292016506195068,1.153348684310913,1.1477844715118408,0.0,,,,,,,,,12.0,0.0,0.0,0.0,0.0,0.0,0.0,,,,,,,,,,,,,,,,,,,,,,0.001
12,1980,train,19.269775390625,16.04800033569336,16.085006713867188,0.0,0.19802914559841156,0.19802914559841156,0.0,0.2298923283815384,9.999999747378752e-06,0.004999999888241291,0.0010000000474974513,0.004999999888241291,9.999999747378752e-05,9.999999747378752e-05,0.10000000149011612,0.006110302172601223,0.192244291305542,0.0,0.0,0.0,0.0,0.0,0.0,0.0,0.0,0.6270302534103394,0.6270302534103394,1.0,0.6270302534103394,0.6270302534103394,0.6270302534103394,0.0,0.003530343761667609,0.05516791716217995,1.0,0.006110302172601223,1.0,0.0,0.0,0.006110302172601223,0.0,0.0,0.192244291305542,0.0,0.49224430322647095,0.0,0.4922439455986023,0.4922439455986023,0.6930271983146667,0.0,0.0,0.0,0.0,0.0,0.0,0.0,0.0,1.0,0.0,0.11337357014417648,0.327373743057251,0.38344907760620117,0.8932726979255676,0.0,16.085006713867188,16.04800033569336,16.04800033569336,0.1598542034626007,0.11027204245328903,-2.372678789552829e-11,0.0,0.0,5.120174884796143,5.120174884796143,3.092252254486084,3.092252254486084,0.7575693726539612,0.0,0.0,0.0,0.0,0.49224430322647095,0.0,0.4922439157962799,0.4922439157962799,0.6930271983146667,0.0,3.092251777648926,3.092252254486084,3.092252254486084,3.1809980869293213,0.05516791716217995,0.009394536726176739,0.004762422293424606,1.0,1.0759767293930054,1.1103299856185913,1.1333324909210205,0.0,,,,,,,,,12.0,0.0,0.0,0.0,0.0,0.0,0.0,,,,,,,,,,,,,,,,,,,,,,0.001
12,2000,train,20.640178680419922,17.188919067382812,17.22726058959961,0.0,0.2846125662326813,0.2846125662326813,0.0,0.34115102887153625,9.999999747378752e-06,0.004999999888241291,0.0010000000474974513,0.004999999888241291,9.999999747378752e-05,9.999999747378752e-05,0.10000000149011612,0.01540475431829691,0.19241106510162354,0.0,0.0,0.0,0.0,0.0,0.0,0.0,0.0,0.7267563343048096,0.7267563343048096,1.0,0.7267563343048096,0.7267563939094543,0.7267563939094543,0.0,0.0029263938777148724,0.045477595180273056,1.0,0.01540475431829691,1.0,0.0,0.0,0.01540475431829691,0.0,0.0,0.19241106510162354,0.0,0.4924110770225525,3.549434524074968e-08,0.4924113154411316,0.49241137504577637,0.6930317282676697,0.0,0.0,0.0,0.0,0.0,0.0,0.0,0.0,1.0,0.0,0.2781291902065277,0.3245016634464264,0.45201346278190613,0.8926891088485718,0.0,17.22726058959961,17.188919067382812,17.188919067382812,0.18493875861167908,0.1461532860994339,-3.082516186747597e-11,0.0,0.0,4.968218803405762,4.968218803405762,3.5421206951141357,3.5421206951141357,0.8735599517822266,0.0,0.0,0.0,0.0,0.4924110770225525,3.706091433741676e-08,0.4924113154411316,0.49241137504577637,0.6930317282676697,0.0,3.5421206951141357,3.5421206951141357,3.5421206951141357,3.596444606781006,0.045477595180273056,0.011222179979085922,0.0065490007400512695,1.0,1.1593446731567383,1.108834981918335,1.1273789405822754,0.0,,,,,,,,,12.0,0.0,0.0,0.0,0.0,0.0,0.0,,,,,,,,,,,,,,,,,,,,,,0.001
12,2004,train_epoch,21.207627416370872,17.660770873109737,17.709545546663023,0.0,0.24777724259270878,0.24777724259270878,0.0,0.23561423374507243,9.999999747378752e-06,0.004999999888241291,0.0010000000474974513,0.004999999888241291,9.999999747378752e-05,9.999999747378752e-05,0.10000000149011612,0.01108167736238973,0.1918204294707247,0.0,0.0,0.0,0.0,0.0,0.0,0.0,0.0,0.614352813380921,0.614352813380921,1.0,0.614352813380921,0.6143528115963508,0.6143528098117805,0.0,0.003100488240785986,0.04833140538748867,1.0,0.01108167736238973,1.0,0.0,0.0,0.01108167736238973,0.0,0.0,0.1918204294707247,0.0,0.49182043746559917,2.3367776671385905e-06,0.4918174954231628,0.4918372006473427,0.6930131155573679,0.0,0.0,0.0,0.0,0.0,0.0,0.0,0.0,1.0,0.0,0.14393294974952422,0.3281661304171214,0.3867708212601211,0.8972045475851276,0.0,17.709545546663023,17.660770873109737,17.660770873109737,0.16532109419028915,0.12846918471023708,1.957790027990813e-11,0.0,0.0,4.973140205451828,4.973140205451828,3.1184502404606986,3.1184502404606986,0.7754025230864565,0.0,0.0,0.0,0.0,0.49182044139165365,2.856674721222522e-06,0.4918151208740508,0.49184755258217544,0.6930131155573679,0.0,3.118453071502868,3.118447323759159,3.1184502404606986,3.0951141368843125,0.04833140538748867,0.009990618469383188,0.005458007641917396,1.0,1.1305488440804852,1.1306170874726986,1.131040200501859,0.0,,,,,,,,,12.0,0.0,0.0,0.0,0.0,0.0,0.0,,,,,,,,,,,,,,,,,,,,,,0.001
12,2004,val,,,,,,,,,,,,,,,,,,,,,,,,,,,,,,,,,,,,,,,,,,,,,,,,,,,,,,,,,,,,,,,,,,,,,,,,,,,,,,,,,,,,,,,,,,,,,,,,,,,,,,,,,,,,,,,,,,,17.835365295410156,787.0791015625,28.05493007587971,0.1381937861442566,0.07635991275310516,15.952489852905273,24.783147635808515,0.13568709790706635,0.06836322695016861,17.888587951660156,28.03559683583366,0.13863898813724518,0.07659604400396347,20.726806640625,32.31494603592411,0.16517779231071472,0.08861002326011658,17.835365295410156,28.05493007587971,0.1381937861442566,0.07635991275310516,0.001
12,2004,test_select,,,,,,,,,,,,,,,,,,,,,,,,,,,,,,,,,,,,,,,,,,,,,,,,,,,,,,,,,,,,,,,,,,,,,,,,,,,,,,,,,,,,,,,,,,,,,,,,,,,,,,,,,,,,,,,,,,,22.264488220214844,1289.242431640625,35.90602221968656,0.13103275001049042,0.09041644632816315,17.78714370727539,27.64973329825884,0.12176240980625153,0.07221824675798416,22.20086669921875,35.29041413865988,0.1290779560804367,0.09015335887670517,28.119169235229492,44.57113893296031,0.16069979965686798,0.11423705518245697,22.264488220214844,35.90602221968656,0.13103275001049042,0.09041644632816315,0.001
13,2020,train,21.746952056884766,18.10814666748047,18.158021926879883,0.0,0.21027089655399323,0.21027089655399323,0.0,0.22633519768714905,1.4999999621068127e-05,0.007499999832361937,0.001500000013038516,0.007499999832361937,0.0001500000071246177,0.0001500000071246177,0.15000000596046448,0.008063348941504955,0.19252130389213562,0.0,0.0,0.0,0.0,0.0,0.0,0.0,0.0,0.6209287643432617,0.6209287643432617,1.0,0.6209287643432617,0.6209287643432617,0.6209287643432617,0.0,0.0036211737897247076,0.05444126948714256,1.0,0.008063348941504955,1.0,0.0,0.0,0.008063348941504955,0.0,0.0,0.19252130389213562,0.0,0.4925212860107422,0.0,0.4925212562084198,0.4925212562084198,0.6930351853370667,0.0,0.0,0.0,0.0,0.0,0.0,0.0,0.0,1.0,0.0,0.08037828654050827,0.3258117437362671,0.3822096586227417,0.8919289112091064,0.0,18.158021926879883,18.10814666748047,18.10814666748047,0.200680673122406,0.14551794528961182,4.377268339461615e-11,0.0,0.0,4.925256252288818,4.925256252288818,3.0682015419006348,3.0682015419006348,0.9546796083450317,0.0,0.0,0.0,0.0,0.4925213158130646,0.0,0.4925212562084198,0.4925212562084198,0.6930351853370667,0.0,3.0682015419006348,3.0682010650634766,3.0682015419006348,3.1568048000335693,0.05444126948714256,0.009134537540376186,0.004384991712868214,1.0,1.1198734045028687,1.0904498100280762,1.0844988822937012,0.0,,,,,,,,,12.0,0.0,0.0,0.0,0.0,0.0,0.0,,,,,,,,,,,,,,,,,,,,,,0.001
13,2040,train,21.954479217529297,18.280004501342773,18.336200714111328,0.0,0.22158917784690857,0.22158917784690857,0.0,0.20666517317295074,1.4999999621068127e-05,0.007499999832361937,0.001500000013038516,0.007499999832361937,0.0001500000071246177,0.0001500000071246177,0.15000000596046448,0.008539853617548943,0.1924968957901001,0.0,0.0,0.0,0.0,0.0,0.0,0.0,0.0,0.6153954863548279,0.6153954863548279,1.0,0.6153954863548279,0.6153954863548279,0.6153954863548279,0.0,0.004544747527688742,0.06916455179452896,1.0,0.008539853617548943,1.0,0.0,0.0,0.008539853617548943,0.0,0.0,0.1924968957901001,0.0,0.49249693751335144,0.0,0.49249717593193054,0.49249717593193054,0.6930350065231323,0.0,0.0,0.0,0.0,0.0,0.0,0.0,0.0,1.0,0.0,0.040669191628694534,0.3271641433238983,0.36848708987236023,0.8916211128234863,0.0,18.336200714111328,18.280004501342773,18.280004501342773,0.17422586679458618,0.14516595005989075,2.412670341289669e-10,0.0,0.0,5.282721042633057,5.282721519470215,3.0049188137054443,3.0049188137054443,0.8785856366157532,0.0,0.0,0.0,0.0,0.49249690771102905,0.0,0.49249717593193054,0.49249717593193054,0.6930350065231323,0.0,3.0049188137054443,3.0049188137054443,3.0049188137054443,3.159489870071411,0.06916455179452896,0.008859246037900448,0.004343111999332905,1.0,1.0539391040802002,1.0747567415237427,1.0731017589569092,0.0,,,,,,,,,12.0,0.0,0.0,0.0,0.0,0.0,0.0,,,,,,,,,,,,,,,,,,,,,,0.001
13,2060,train,21.95660400390625,18.275333404541016,18.365766525268555,0.0,0.26884257793426514,0.26884257793426514,0.0,0.31463733315467834,1.4999999621068127e-05,0.007499999832361937,0.001500000013038516,0.007499999832361937,0.0001500000071246177,0.0001500000071246177,0.15000000596046448,0.02207281067967415,0.19244694709777832,0.0,0.0,0.0,0.0,0.0,0.0,0.0,0.0,0.6739206314086914,0.6739206314086914,1.0,0.6739206314086914,0.6739205718040466,0.6739205718040466,0.0,0.004721872974187136,0.07232741266489029,1.0,0.02207281067967415,1.0,0.0,0.0,0.02207281067967415,0.0,0.0,0.19244694709777832,0.0,0.4924469590187073,0.0,0.49244698882102966,0.49244698882102966,0.6930326819419861,0.0,0.0,0.0,0.0,0.0,0.0,0.0,0.0,1.0,0.0,0.14299295842647552,0.3297479450702667,0.4358564019203186,0.8913857340812683,0.0,18.365766525268555,18.275333404541016,18.275333404541016,0.2006039321422577,0.16522365808486938,2.688267386474763e-10,0.0,0.0,5.015894889831543,5.015894889831543,3.4657087326049805,3.4657087326049805,0.9777568578720093,0.0,0.0,0.0,0.0,0.4924469590187073,0.0,0.49244698882102966,0.49244698882102966,0.6930326819419861,0.0,3.4657087326049805,3.4657087326049805,3.4657087326049805,3.4361605644226074,0.07232741266489029,0.01025779265910387,0.005353984888643026,1.0,1.0979549884796143,1.0661700963974,1.069392442703247,0.0,,,,,,,,,12.0,0.0,0.0,0.0,0.0,0.0,0.0,,,,,,,,,,,,,,,,,,,,,,0.001
13,2080,train,22.04671859741211,18.363500595092773,18.3807373046875,0.0,0.22250384092330933,0.22250384092330933,0.0,0.22921116650104523,1.4999999621068127e-05,0.007499999832361937,0.001500000013038516,0.007499999832361937,0.0001500000071246177,0.0001500000071246177,0.15000000596046448,0.019277341663837433,0.192420095205307,0.0,0.0,0.0,0.0,0.0,0.0,0.0,0.0,0.5960559844970703,0.5960559844970703,1.0,0.5960559844970703,0.5960559844970703,0.5960559844970703,0.0,0.004841039888560772,0.07103867828845978,1.0,0.019277341663837433,1.0,0.0,0.0,0.019277341663837433,0.0,0.0,0.192420095205307,0.0,0.49242013692855835,0.0,0.49241992831230164,0.49241992831230164,0.6930317282676697,0.0,0.0,0.0,0.0,0.0,0.0,0.0,0.0,1.0,0.0,0.023423390462994576,0.3274288475513458,0.38181495666503906,0.8910024166107178,0.0,18.3807373046875,18.363500595092773,18.363500595092773,0.18731330335140228,0.16055382788181305,-6.030012045243893e-10,0.0,0.0,4.987052917480469,4.987052917480469,3.0819644927978516,3.0819644927978516,0.8673931360244751,0.0,0.0,0.0,0.0,0.49242010712623596,0.0,0.49241992831230164,0.49241992831230164,0.6930317282676697,0.0,3.0819644927978516,3.0819644927978516,3.0819644927978516,3.04710054397583,0.07103867828845978,0.008812928572297096,0.004340846557170153,1.0,1.0276501178741455,1.042946219444275,1.0296549797058105,0.0,,,,,,,,,12.0,0.0,0.0,0.0,0.0,0.0,0.0,,,,,,,,,,,,,,,,,,,,,,0.001
13,2100,train,21.055294036865234,17.5305118560791,17.587871551513672,0.0,0.16491344571113586,0.16491344571113586,0.0,0.26956066489219666,1.4999999621068127e-05,0.007499999832361937,0.001500000013038516,0.007499999832361937,0.0001500000071246177,0.0001500000071246177,0.15000000596046448,0.012383648194372654,0.19230780005455017,0.0,0.0,0.0,0.0,0.0,0.0,0.0,0.0,0.6595989465713501,0.6595989465713501,1.0,0.6595989465713501,0.6595988869667053,0.6595988869667053,0.0,0.0069940476678311825,0.08716662973165512,1.0,0.012383648194372654,1.0,0.0,0.0,0.012383648194372654,0.0,0.0,0.19230780005455017,0.0,0.49230778217315674,0.0,0.49230796098709106,0.49230796098709106,0.6930286288261414,0.0,0.0,0.0,0.0,0.0,0.0,0.0,0.0,1.0,0.0,0.15932554006576538,0.3254368007183075,0.4055272340774536,0.8894249200820923,0.0,17.587871551513672,17.5305118560791,17.5305118560791,0.17112116515636444,0.13547378778457642,5.0349602959132156e-11,0.0,0.0,5.0824971199035645,5.0824971199035645,3.264456033706665,3.264456033706665,0.7834005951881409,0.0,0.0,0.0,0.0,0.4923078119754791,0.0,0.4923079311847687,0.4923079311847687,0.6930286288261414,0.0,3.264456033706665,3.264456033706665,3.264456033706665,3.3337409496307373,0.08716662973165512,0.009308526292443275,0.004414823371917009,1.0,1.0102581977844238,1.0023627281188965,1.0193265676498413,0.0,,,,,,,,,12.0,0.0,0.0,0.0,0.0,0.0,0.0,,,,,,,,,,,,,,,,,,,,,,0.001
13,2120,train,20.911319732666016,17.422592163085938,17.406227111816406,0.0,0.23971593379974365,0.23971593379974365,0.0,0.28214386105537415,1.4999999621068127e-05,0.007499999832361937,0.001500000013038516,0.007499999832361937,0.0001500000071246177,0.0001500000071246177,0.15000000596046448,0.015329516492784023,0.19216033816337585,0.0,0.0,0.0,0.0,0.0,0.0,0.0,0.0,0.6276485323905945,0.6276485323905945,1.0,0.6276485323905945,0.6276485323905945,0.6276485323905945,0.0,0.006897048093378544,0.09005655348300934,1.0,0.015329516492784023,1.0,0.0,0.0,0.015329516492784023,0.0,0.0,0.19216033816337585,0.0,0.4921603798866272,0.0,0.4921600818634033,0.4921600818634033,0.6930240392684937,0.0,0.0,0.0,0.0,0.0,0.0,0.0,0.0,1.0,0.0,0.05238233879208565,0.3270788788795471,0.41407886147499084,0.8875739574432373,0.0,17.406227111816406,17.422592163085938,17.422592163085938,0.17779910564422607,0.1423724889755249,5.279427242599333e-11,0.0,0.0,5.053162574768066,5.053162574768066,3.2860541343688965,3.2860541343688965,0.8616410493850708,0.0,0.0,0.0,0.0,0.4921603500843048,0.0,0.4921600818634033,0.4921600818634033,0.6930240392684937,0.0,3.2860538959503174,3.2860541343688965,3.2860541343688965,3.2046165466308594,0.09005655348300934,0.009360848926007748,0.004680183250457048,1.0,1.053090214729309,1.0468732118606567,1.0308561325073242,0.0,,,,,,,,,12.0,0.0,0.0,0.0,0.0,0.0,0.0,,,,,,,,,,,,,,,,,,,,,,0.001
13,2140,train,21.042484283447266,17.51576805114746,17.597795486450195,0.0,0.17782972753047943,0.17782972753047943,0.0,0.28617697954177856,1.4999999621068127e-05,0.007499999832361937,0.001500000013038516,0.007499999832361937,0.0001500000071246177,0.0001500000071246177,0.15000000596046448,0.01660265401005745,0.19191813468933105,0.0,0.0,0.0,0.0,0.0,0.0,0.0,0.0,0.6432000398635864,0.6432000398635864,1.0,0.6432000398635864,0.6432000398635864,0.6432000398635864,0.0,0.007826736196875572,0.10518121719360352,1.0,0.01660265401005745,1.0,0.0,0.0,0.01660265401005745,0.0,0.0,0.19191813468933105,0.0,0.49191814661026,0.0,0.49191784858703613,0.49191784858703613,0.6930161714553833,0.0,0.0,0.0,0.0,0.0,0.0,0.0,0.0,1.0,0.0,0.18533110618591309,0.3235935866832733,0.42006298899650574,0.8860447406768799,0.0,17.597795486450195,17.51576805114746,17.51576805114746,0.17419303953647614,0.14923444390296936,2.2356325124484044e-10,0.0,0.0,5.043832778930664,5.043832778930664,3.3443057537078857,3.3443057537078857,0.8027505278587341,0.0,0.0,0.0,0.0,0.49191814661026,0.0,0.49191784858703613,0.49191784858703613,0.6930161714553833,0.0,3.3443057537078857,3.3443057537078857,3.3443057537078857,3.3240888118743896,0.10518121719360352,0.009534548036754131,0.004596743732690811,1.0,0.9964233636856079,0.998142659664154,0.9862055778503418,0.0,,,,,,,,,12.0,0.0,0.0,0.0,0.0,0.0,0.0,,,,,,,,,,,,,,,,,,,,,,0.001
13,2160,train,21.34136962890625,17.777938842773438,17.779708862304688,0.0,0.20775206387043,0.20775206387043,0.0,0.2477756291627884,1.4999999621068127e-05,0.007499999832361937,0.001500000013038516,0.007499999832361937,0.0001500000071246177,0.0001500000071246177,0.15000000596046448,0.01300206407904625,0.19175493717193604,0.0,0.0,0.0,0.0,0.0,0.0,0.0,0.0,0.6551118493080139,0.6551118493080139,1.0,0.6551118493080139,0.6551117897033691,0.6551117897033691,0.0,0.0069463676773011684,0.09249019622802734,1.0,0.01300206407904625,1.0,0.0,0.0,0.01300206407904625,0.0,0.0,0.19175493717193604,0.0,0.491754949092865,0.0,0.4917551875114441,0.4917551875114441,0.6930112242698669,0.0,0.0,0.0,0.0,0.0,0.0,0.0,0.0,1.0,0.0,0.09773990511894226,0.32545578479766846,0.3987148106098175,0.8852108716964722,0.0,17.779708862304688,17.777938842773438,17.777938842773438,0.18144364655017853,0.15905922651290894,2.4040017199133956e-10,0.0,0.0,4.807053565979004,4.807053565979004,3.2026031017303467,3.2026031017303467,0.8073911666870117,0.0,0.0,0.0,0.0,0.491754949092865,0.0,0.4917551875114441,0.4917551875114441,0.6930112242698669,0.0,3.2026031017303467,3.2026026248931885,3.2026031017303467,3.367095708847046,0.09249019622802734,0.009037594310939312,0.004265488125383854,1.0,0.9851680994033813,0.9887582063674927,1.0261168479919434,0.0,,,,,,,,,12.0,0.0,0.0,0.0,0.0,0.0,0.0,,,,,,,,,,,,,,,,,,,,,,0.001
13,2171,train_epoch,20.921652399851176,17.423058281401673,17.456511012094463,0.0,0.2098205046739407,0.2098205046739407,0.0,0.26730930225220983,1.4999999621068127e-05,0.007499999832361937,0.001500000013038516,0.007499999832361937,0.0001500000071246177,0.0001500000071246177,0.15000000596046448,0.013544179184061146,0.19225748998676231,0.0,0.0,0.0,0.0,0.0,0.0,0.0,0.0,0.6315038571814577,0.6315038571814577,1.0,0.6315038571814577,0.6315038528984892,0.6315038528984892,0.0,0.005672898229970011,0.07851964804137539,1.0,0.013544179184061146,1.0,0.0,0.0,0.013544179184061146,0.0,0.0,0.19225748998676231,0.0,0.4922575022646053,1.0161863803852347e-09,0.49225747728062247,0.492257481920505,0.6930272022407212,0.0,0.0,0.0,0.0,0.0,0.0,0.0,0.0,1.0,0.0,0.09774434837947661,0.32469962920971257,0.40750566731669946,0.8894019644417449,0.0,17.456511012094463,17.423058281401673,17.423058281401673,0.17293854967919653,0.13701089658958468,2.0358156226592634e-12,0.0,0.0,4.950649644086461,4.950649638375836,3.255986643408587,3.255986643408587,0.7993532083705513,0.0,0.0,0.0,0.0,0.4922575019076913,1.6549079342427273e-09,0.492257464788631,0.4922574719269119,0.6930272022407212,0.0,3.255986520630157,3.2559865434726554,3.255986643408587,3.228089653803203,0.07851964804137539,0.009443708154523445,0.00471168810161511,1.0,1.054599765888945,1.0546009383515684,1.05517659037413,0.0,,,,,,,,,12.0,0.0,0.0,0.0,0.0,0.0,0.0,,,,,,,,,,,,,,,,,,,,,,0.001
13,2171,val,,,,,,,,,,,,,,,,,,,,,,,,,,,,,,,,,,,,,,,,,,,,,,,,,,,,,,,,,,,,,,,,,,,,,,,,,,,,,,,,,,,,,,,,,,,,,,,,,,,,,,,,,,,,,,,,,,,17.075435638427734,735.1142578125,27.11299057301684,0.15715955197811127,0.07310636341571808,15.396215438842773,24.471032281014168,0.13286195695400238,0.06597935408353806,16.934940338134766,26.967596884748207,0.15472841262817383,0.0725126788020134,19.891265869140625,31.138708075721446,0.19198858737945557,0.0850379690527916,17.075435638427734,27.11299057301684,0.15715955197811127,0.07310636341571808,0.001
13,2171,test_select,,,,,,,,,,,,,,,,,,,,,,,,,,,,,,,,,,,,,,,,,,,,,,,,,,,,,,,,,,,,,,,,,,,,,,,,,,,,,,,,,,,,,,,,,,,,,,,,,,,,,,,,,,,,,,,,,,,21.830764770507812,1231.6002197265625,35.09416218869689,0.15708857774734497,0.08865508437156677,17.649972915649414,27.64381672322662,0.12824581563472748,0.07166130840778351,21.401254653930664,34.00589656186942,0.15358605980873108,0.086906298995018,28.046689987182617,44.30644186814853,0.1975642591714859,0.11394260823726654,21.830764770507812,35.09416218869689,0.15708857774734497,0.08865508437156677,0.001
14,2180,train,20.16916275024414,16.7919979095459,16.835960388183594,0.0,0.2099767029285431,0.2099767029285431,0.0,0.32075023651123047,1.9999999494757503e-05,0.009999999776482582,0.0020000000949949026,0.009999999776482582,0.00019999999494757503,0.00019999999494757503,0.20000000298023224,0.011329656466841698,0.19176635146141052,0.0,0.0,0.0,0.0,0.0,0.0,0.0,0.0,0.6523661613464355,0.6523661613464355,1.0,0.6523661613464355,0.6523661613464355,0.6523661613464355,0.0,0.005396055057644844,0.07490963488817215,1.0,0.011329656466841698,1.0,0.0,0.0,0.011329656466841698,0.0,0.0,0.19176635146141052,0.0,0.4917663633823395,0.0,0.4917665421962738,0.4917665421962738,0.693011999130249,0.0,0.0,0.0,0.0,0.0,0.0,0.0,0.0,1.0,0.0,0.039871446788311005,0.32967081665992737,0.43976372480392456,0.8848866820335388,0.0,16.835960388183594,16.7919979095459,16.7919979095459,0.1578749567270279,0.12378966808319092,-2.44400305549064e-10,0.0,0.0,5.161945819854736,5.161945343017578,3.4768712520599365,3.4768712520599365,0.7588175535202026,0.0,0.0,0.0,0.0,0.4917663633823395,0.0,0.4917665123939514,0.4917665123939514,0.693011999130249,0.0,3.4768710136413574,3.4768712520599365,3.4768712520599365,3.339160203933716,0.07490963488817215,0.009408650919795036,0.004516859073191881,1.0,1.0259535312652588,1.0358632802963257,1.0197842121124268,0.0,,,,,,,,,12.0,0.0,0.0,0.0,0.0,0.0,0.0,,,,,,,,,,,,,,,,,,,,,,0.001
14,2200,train,20.47887420654297,17.05185890197754,17.08783721923828,0.0,0.1750635802745819,0.1750635802745819,0.0,0.3371237516403198,1.9999999494757503e-05,0.009999999776482582,0.0020000000949949026,0.009999999776482582,0.00019999999494757503,0.00019999999494757503,0.20000000298023224,0.01759837567806244,0.19171592593193054,0.0,0.0,0.0,0.0,0.0,0.0,0.0,0.0,0.6372548341751099,0.6372548341751099,1.0,0.6372548341751099,0.6372548341751099,0.6372548341751099,0.0,0.007007904816418886,0.0868392139673233,1.0,0.01759837567806244,1.0,0.0,0.0,0.01759837567806244,0.0,0.0,0.19171592593193054,0.0,0.4917159378528595,0.0,0.49171552062034607,0.49171552062034607,0.6930097937583923,0.0,0.0,0.0,0.0,0.0,0.0,0.0,0.0,1.0,0.0,0.08127476274967194,0.3221425712108612,0.4491182565689087,0.8847426772117615,0.0,17.08783721923828,17.05185890197754,17.05185890197754,0.16513831913471222,0.141004279255867,-2.5931648495181037e-10,0.0,0.0,4.796163558959961,4.796163558959961,3.5273044109344482,3.5273044109344482,0.6989321708679199,0.0,0.0,0.0,0.0,0.4917159378528595,0.0,0.49171552062034607,0.49171552062034607,0.6930097937583923,0.0,3.5273044109344482,3.5273044109344482,3.5273044109344482,3.2707366943359375,0.0868392139673233,0.009539924561977386,0.004462684504687786,1.0,1.0006368160247803,1.031981348991394,0.9999256134033203,0.0,,,,,,,,,12.0,0.0,0.0,0.0,0.0,0.0,0.0,,,,,,,,,,,,,,,,,,,,,,0.001
14,2220,train,20.797245025634766,17.3083553314209,17.391590118408203,0.0,0.19648416340351105,0.19648416340351105,0.0,0.3962506651878357,1.9999999494757503e-05,0.009999999776482582,0.0020000000949949026,0.009999999776482582,0.00019999999494757503,0.00019999999494757503,0.20000000298023224,0.0166854839771986,0.19141873717308044,0.0,0.0,0.0,0.0,0.0,0.0,0.0,0.0,0.7131150364875793,0.7131150364875793,1.0,0.7131150364875793,0.7131150960922241,0.7131150960922241,0.0,0.009777317754924297,0.11724046617746353,1.0,0.0166854839771986,1.0,0.0,0.0,0.0166854839771986,0.0,0.0,0.19141873717308044,0.0,0.4914187490940094,0.0,0.4914184808731079,0.4914184808731079,0.6930004954338074,0.0,0.0,0.0,0.0,0.0,0.0,0.0,0.0,1.0,0.0,0.07668928802013397,0.3190617263317108,0.4901719391345978,0.883578896522522,0.0,17.391590118408203,17.3083553314209,17.3083553314209,0.16156631708145142,0.13120238482952118,-1.0860886495711597e-10,0.0,0.0,5.097455024719238,5.097455024719238,3.8034303188323975,3.8034303188323975,0.7577929496765137,0.0,0.0,0.0,0.0,0.4914187490940094,0.0,0.4914184808731079,0.4914184808731079,0.6930004954338074,0.0,3.8034303188323975,3.8034303188323975,3.8034303188323975,3.6742334365844727,0.11724046617746353,0.010032722726464272,0.004979692865163088,1.0,0.9567030072212219,0.9810447692871094,0.9639741778373718,0.0,,,,,,,,,12.0,0.0,0.0,0.0,0.0,0.0,0.0,,,,,,,,,,,,,,,,,,,,,,0.001
14,2240,train,19.973100662231445,16.64126205444336,16.610891342163086,0.0,0.16335612535476685,0.16335612535476685,0.0,0.2977069914340973,1.9999999494757503e-05,0.009999999776482582,0.0020000000949949026,0.009999999776482582,0.00019999999494757503,0.00019999999494757503,0.20000000298023224,0.016875389963388443,0.1911742389202118,0.0,0.0,0.0,0.0,0.0,0.0,0.0,0.0,0.6650351881980896,0.6650351881980896,1.0,0.6650351881980896,0.6650351881980896,0.6650351881980896,0.0,0.011209404096007347,0.11482764035463333,1.0,0.016875389963388443,1.0,0.0,0.0,0.016875389963388443,0.0,0.0,0.1911742389202118,0.0,0.49117425084114075,0.0,0.4911738336086273,0.4911738336086273,0.6929918527603149,0.0,0.0,0.0,0.0,0.0,0.0,0.0,0.0,1.0,0.0,0.10732228308916092,0.3282741606235504,0.43176546692848206,0.8832059502601624,0.0,16.610891342163086,16.64126205444336,16.64126205444336,0.16370607912540436,0.12133745849132538,2.024528808486359e-11,0.0,0.0,4.839244842529297,4.839244842529297,3.4019854068756104,3.4019854068756104,0.7034615278244019,0.0,0.0,0.0,0.0,0.49117425084114075,0.0,0.49117380380630493,0.49117380380630493,0.6929918527603149,0.0,3.4019854068756104,3.4019854068756104,3.4019854068756104,3.398899555206299,0.11482764035463333,0.009071133099496365,0.004285987000912428,1.0,1.0319275856018066,0.9979797601699829,1.0086112022399902,0.0,,,,,,,,,12.0,0.0,0.0,0.0,0.0,0.0,0.0,,,,,,,,,,,,,,,,,,,,,,0.001
14,2260,train,20.88621711730957,17.387773513793945,17.439971923828125,0.0,0.20744961500167847,0.20744961500167847,0.0,0.3695068061351776,1.9999999494757503e-05,0.009999999776482582,0.0020000000949949026,0.009999999776482582,0.00019999999494757503,0.00019999999494757503,0.20000000298023224,0.023355942219495773,0.19104275107383728,0.0,0.0,0.0,0.0,0.0,0.0,0.0,0.0,0.6936662793159485,0.6936662793159485,1.0,0.6936662793159485,0.6936661601066589,0.6936661601066589,0.0,0.009708346799015999,0.10397577285766602,1.0,0.023355942219495773,1.0,0.0,0.0,0.023355942219495773,0.0,0.0,0.19104275107383728,0.0,0.49104276299476624,0.0,0.4910425543785095,0.4910425543785095,0.6929866075515747,0.0,0.0,0.0,0.0,0.0,0.0,0.0,0.0,1.0,0.0,0.14727310836315155,0.32501599192619324,0.4692586064338684,0.883418619632721,0.0,17.439971923828125,17.387773513793945,17.387773513793945,0.18304218351840973,0.1586010754108429,3.204605192319576e-10,0.0,0.0,4.911903381347656,4.911903381347656,3.6608664989471436,3.6608664989471436,0.8119568228721619,0.0,0.0,0.0,0.0,0.49104276299476624,0.0,0.49104252457618713,0.49104252457618713,0.6929866075515747,0.0,3.6608664989471436,3.6608664989471436,3.6608664989471436,3.548077344894409,0.10397577285766602,0.009673581458628178,0.004859176464378834,1.0,1.0184516906738281,0.9974339008331299,0.9879188537597656,0.0,,,,,,,,,12.0,0.0,0.0,0.0,0.0,0.0,0.0,,,,,,,,,,,,,,,,,,,,,,0.001
14,2280,train,20.75388526916504,17.288747787475586,17.278379440307617,0.0,0.1569516509771347,0.1569516509771347,0.0,0.2703230082988739,1.9999999494757503e-05,0.009999999776482582,0.0020000000949949026,0.009999999776482582,0.00019999999494757503,0.00019999999494757503,0.20000000298023224,0.009647537022829056,0.19086432456970215,0.0,0.0,0.0,0.0,0.0,0.0,0.0,0.0,0.6539134979248047,0.6539134979248047,1.0,0.6539134979248047,0.6539134979248047,0.6539134979248047,0.0,0.01042190846055746,0.11131560802459717,1.0,0.009647537022829056,1.0,0.0,0.0,0.009647537022829056,0.0,0.0,0.19086432456970215,0.0,0.4908643364906311,0.0,0.49086469411849976,0.49086469411849976,0.6929804682731628,0.0,0.0,0.0,0.0,0.0,0.0,0.0,0.0,1.0,0.0,0.10107572376728058,0.32912811636924744,0.41488751769065857,0.8835728764533997,0.0,17.278379440307617,17.288747787475586,17.288747787475586,0.18014854192733765,0.1417941302061081,-1.0673878447775564e-10,0.0,0.0,4.900702476501465,4.900702476501465,3.2624828815460205,3.2624828815460205,0.7958104610443115,0.0,0.0,0.0,0.0,0.4908643364906311,0.0,0.49086466431617737,0.49086466431617737,0.6929804682731628,0.0,3.2624824047088623,3.2624824047088623,3.2624828815460205,3.3628318309783936,0.11131560802459717,0.00859946757555008,0.003823567181825638,1.0,0.965991735458374,0.9561489820480347,0.9584555625915527,0.0,,,,,,,,,12.0,0.0,0.0,0.0,0.0,0.0,0.0,,,,,,,,,,,,,,,,,,,,,,0.001
14,2300,train,22.80756950378418,19.00752067565918,18.941852569580078,0.0,0.20558743178844452,0.20558743178844452,0.0,0.4103016257286072,1.9999999494757503e-05,0.009999999776482582,0.0020000000949949026,0.009999999776482582,0.00019999999494757503,0.00019999999494757503,0.20000000298023224,0.012297532521188259,0.19070026278495789,0.0,0.0,0.0,0.0,0.0,0.0,0.0,0.0,0.7978006601333618,0.7978006601333618,1.0,0.7978006601333618,0.797800600528717,0.797800600528717,0.0,0.010166327469050884,0.107664555311203,1.0,0.012297532521188259,1.0,0.0,0.0,0.012297532521188259,0.0,0.0,0.19070026278495789,0.0,0.49070027470588684,0.0,0.4907006621360779,0.4907006621360779,0.6929741501808167,0.0,0.0,0.0,0.0,0.0,0.0,0.0,0.0,1.0,0.0,0.10626622289419174,0.33042851090431213,0.49633482098579407,0.8832873106002808,0.0,18.941852569580078,19.00752067565918,19.00752067565918,0.16885221004486084,0.133926123380661,-1.6346744791118084e-10,0.0,0.0,4.884322166442871,4.884322166442871,3.8167192935943604,3.8167192935943604,0.7347511053085327,0.0,0.0,0.0,0.0,0.49070027470588684,0.0,0.4907006323337555,0.4907006323337555,0.6929741501808167,0.0,3.8167190551757812,3.8167190551757812,3.8167192935943604,3.955594062805176,0.107664555311203,0.009886086918413639,0.00497046485543251,1.0,1.0176193714141846,1.0197522640228271,1.0346460342407227,0.0,,,,,,,,,12.0,0.0,0.0,0.0,0.0,0.0,0.0,,,,,,,,,,,,,,,,,,,,,,0.001
14,2320,train,19.50711441040039,16.236343383789062,16.295286178588867,0.0,0.23073190450668335,0.23073190450668335,0.0,0.48576077818870544,1.9999999494757503e-05,0.009999999776482582,0.0020000000949949026,0.009999999776482582,0.00019999999494757503,0.00019999999494757503,0.20000000298023224,0.017854634672403336,0.1906253695487976,0.0,0.0,0.0,0.0,0.0,0.0,0.0,0.0,0.7796071767807007,0.7796071767807007,1.0,0.7796071767807007,0.7796071767807007,0.7796071767807007,0.0,0.011075112037360668,0.10218142718076706,1.0,0.017854634672403336,1.0,0.0,0.0,0.017854634672403336,0.0,0.0,0.1906253695487976,0.0,0.49062538146972656,0.0,0.4906252324581146,0.4906252324581146,0.692971408367157,0.0,0.0,0.0,0.0,0.0,0.0,0.0,0.0,1.0,0.0,0.10323068499565125,0.3300974369049072,0.5414931774139404,0.8833040595054626,0.0,16.295286178588867,16.236343383789062,16.236343383789062,0.16648931801319122,0.13974492251873016,-4.7251449281082714e-11,0.0,0.0,4.948631286621094,4.9486308097839355,4.131437301635742,4.131437301635742,0.733408510684967,0.0,0.0,0.0,0.0,0.49062538146972656,0.0,0.4906252324581146,0.4906252324581146,0.692971408367157,0.0,4.131437301635742,4.131437301635742,4.131437301635742,3.8574538230895996,0.10218142718076706,0.010575723834335804,0.0053642513230443,1.0,0.9661034345626831,0.9833418726921082,0.956792950630188,0.0,,,,,,,,,12.0,0.0,0.0,0.0,0.0,0.0,0.0,,,,,,,,,,,,,,,,,,,,,,0.001
14,2338,train_epoch,20.886433184503794,17.392614387466523,17.418026147488348,0.0,0.19370356576885292,0.19370356576885292,0.0,0.33537126693896907,1.9999999494757503e-05,0.009999999776482582,0.0020000000949949026,0.009999999776482582,0.00019999999494757503,0.00019999999494757503,0.20000000298023224,0.016805289368964953,0.19112578498389193,0.0,0.0,0.0,0.0,0.0,0.0,0.0,0.0,0.6856917053639532,0.6856917053639532,1.0,0.6856917053639532,0.6856917028655549,0.6856917028655549,0.0,0.009418046888254003,0.10266957458800184,1.0,0.016805289368964953,1.0,0.0,0.0,0.016805289368964953,0.0,0.0,0.19112578498389193,0.0,0.4911258008308753,0.0,0.491125806719957,0.491125806719957,0.692989433596948,0.0,0.0,0.0,0.0,0.0,0.0,0.0,0.0,1.0,0.0,0.07754142366455656,0.3285577024171452,0.45196021780996265,0.8837088014551265,0.0,17.418026147488348,17.392614387466523,17.392614387466523,0.17044699959412307,0.13814976365266446,6.293598362210743e-12,0.0,0.0,4.94405965176885,4.944059666045412,3.536680738369148,3.536680738369148,0.7697477772564232,0.0,0.0,0.0,0.0,0.4911257969048209,0.0,0.4911257958340788,0.4911257958340788,0.692989433596948,0.0,3.536680634150248,3.5366806441438414,3.536680738369148,3.5056798900672774,0.10266957458800184,0.009283049651114884,0.004410823903319811,1.0,0.9978972559203645,0.9975981872952627,0.9981115360459881,0.0,,,,,,,,,12.0,0.0,0.0,0.0,0.0,0.0,0.0,,,,,,,,,,,,,,,,,,,,,,0.001
14,2338,val,,,,,,,,,,,,,,,,,,,,,,,,,,,,,,,,,,,,,,,,,,,,,,,,,,,,,,,,,,,,,,,,,,,,,,,,,,,,,,,,,,,,,,,,,,,,,,,,,,,,,,,,,,,,,,,,,,,17.094877243041992,734.2186279296875,27.096468919947622,0.1260155588388443,0.07318960875272751,15.59852409362793,24.444627117668926,0.12127963453531265,0.0668463259935379,16.883146286010742,26.95294723673264,0.1217019110918045,0.07229090481996536,19.59084701538086,30.937620343831593,0.13861851394176483,0.08375365287065506,17.094877243041992,27.096468919947622,0.1260155588388443,0.07318960875272751,0.001
14,2338,test_select,,,,,,,,,,,,,,,,,,,,,,,,,,,,,,,,,,,,,,,,,,,,,,,,,,,,,,,,,,,,,,,,,,,,,,,,,,,,,,,,,,,,,,,,,,,,,,,,,,,,,,,,,,,,,,,,,,,22.78057861328125,1351.27099609375,36.759638138775934,0.13030950725078583,0.09251230210065842,18.671743392944336,29.045357847683682,0.11736483871936798,0.07580985128879547,22.213857650756836,35.53517149368971,0.12416700273752213,0.09020611643791199,28.834333419799805,46.040785247973346,0.154483363032341,0.11714249104261398,22.78057861328125,36.759638138775934,0.13030950725078583,0.09251230210065842,0.001
15,2340,train,20.505205154418945,17.072036743164062,17.101552963256836,0.0,0.1758205145597458,0.1758205145597458,0.0,0.38418909907341003,2.499999936844688e-05,0.012500000186264515,0.0024999999441206455,0.012500000186264515,0.0002500000118743628,0.0002500000118743628,0.25,0.016382381319999695,0.19046714901924133,0.0,0.0,0.0,0.0,0.0,0.0,0.0,0.0,0.7066978812217712,0.7066978812217712,1.0,0.7066978812217712,0.7066978216171265,0.7066978216171265,0.0,0.011117029003798962,0.10987486690282822,1.0,0.016382381319999695,1.0,0.0,0.0,0.016382381319999695,0.0,0.0,0.19046714901924133,0.0,0.4904671609401703,0.0,0.490467369556427,0.490467369556427,0.6929654479026794,0.0,0.0,0.0,0.0,0.0,0.0,0.0,0.0,1.0,0.0,0.14354629814624786,0.32973065972328186,0.4795089066028595,0.883406400680542,0.0,17.101552963256836,17.072036743164062,17.072036743164062,0.1737891286611557,0.14249764382839203,1.2959446016314047e-10,0.0,0.0,4.879892826080322,4.879892826080322,3.732699155807495,3.732699155807495,0.7682694792747498,0.0,0.0,0.0,0.0,0.4904671609401703,0.0,0.4904673397541046,0.4904673397541046,0.6929654479026794,0.0,3.732698678970337,3.732699155807495,3.732699155807495,3.605648994445801,0.10987486690282822,0.009353562258183956,0.004265103954821825,1.0,0.9918881058692932,0.9819323420524597,0.9639772772789001,0.0,,,,,,,,,12.0,0.0,0.0,0.0,0.0,0.0,0.0,,,,,,,,,,,,,,,,,,,,,,0.001
15,2360,train,21.44199562072754,17.844377517700195,17.918914794921875,0.0,0.17440170049667358,0.17440170049667358,0.0,0.42931944131851196,2.499999936844688e-05,0.012500000186264515,0.0024999999441206455,0.012500000186264515,0.0002500000118743628,0.0002500000118743628,0.25,0.022004730999469757,0.18989473581314087,0.0,0.0,0.0,0.0,0.0,0.0,0.0,0.0,0.7726918458938599,0.7726918458938599,1.0,0.7726918458938599,0.7726918458938599,0.7726918458938599,0.0,0.018601858988404274,0.1729755848646164,1.0,0.022004730999469757,1.0,0.0,0.0,0.022004730999469757,0.0,0.0,0.18989473581314087,0.0,0.4898947477340698,0.0,0.48989444971084595,0.48989444971084595,0.692943274974823,0.0,0.0,0.0,0.0,0.0,0.0,0.0,0.0,1.0,0.0,0.14820310473442078,0.3256692886352539,0.5013794302940369,0.8822634220123291,0.0,17.918914794921875,17.844377517700195,17.844377517700195,0.17646656930446625,0.15180253982543945,9.834796865781925e-11,0.0,0.0,4.838494777679443,4.838494777679443,3.906355619430542,3.906355619430542,0.7682291269302368,0.0,0.0,0.0,0.0,0.4898947477340698,0.0,0.48989441990852356,0.48989441990852356,0.692943274974823,0.0,3.906355619430542,3.906355619430542,3.906355619430542,3.919917583465576,0.1729755848646164,0.009503294713795185,0.004303127992898226,1.0,0.9595061540603638,0.9494552612304688,0.9666845798492432,0.0,,,,,,,,,12.0,0.0,0.0,0.0,0.0,0.0,0.0,,,,,,,,,,,,,,,,,,,,,,0.001
15,2380,train,20.891048431396484,17.39317512512207,17.420740127563477,0.0,0.1922297477722168,0.1922297477722168,0.0,0.41128572821617126,2.499999936844688e-05,0.012500000186264515,0.0024999999441206455,0.012500000186264515,0.0002500000118743628,0.0002500000118743628,0.25,0.022203631699085236,0.1890176236629486,0.0,0.0,0.0,0.0,0.0,0.0,0.0,0.0,0.7505412101745605,0.7505412101745605,1.0,0.7505412101745605,0.7505411505699158,0.7505411505699158,0.0,0.022400876507163048,0.20765209197998047,1.0,0.022203631699085236,1.0,0.0,0.0,0.022203631699085236,0.0,0.0,0.1890176236629486,0.0,0.48901763558387756,0.0,0.48901793360710144,0.48901793360710144,0.6929057240486145,0.0,0.0,0.0,0.0,0.0,0.0,0.0,0.0,1.0,0.0,0.07329195737838745,0.3292534351348877,0.4935538172721863,0.8801005482673645,0.0,17.420740127563477,17.39317512512207,17.39317512512207,0.1569722443819046,0.11844199150800705,-1.1456751519700603e-10,0.0,0.0,5.03912353515625,5.03912353515625,3.821737289428711,3.821737289428711,0.7356721758842468,0.0,0.0,0.0,0.0,0.48901763558387756,0.0,0.48901793360710144,0.48901793360710144,0.6929057240486145,0.0,3.821737289428711,3.821737289428711,3.821737289428711,3.869751453399658,0.20765209197998047,0.009574162773787975,0.004305444657802582,1.0,0.9301344752311707,0.9491609334945679,0.9409703612327576,0.0,,,,,,,,,12.0,0.0,0.0,0.0,0.0,0.0,0.0,,,,,,,,,,,,,,,,,,,,,,0.001
15,2400,train,19.58193016052246,16.31667137145996,16.25721549987793,0.0,0.16631147265434265,0.16631147265434265,0.0,0.4281176030635834,2.499999936844688e-05,0.012500000186264515,0.0024999999441206455,0.012500000186264515,0.0002500000118743628,0.0002500000118743628,0.25,0.02314460277557373,0.18856534361839294,0.0,0.0,0.0,0.0,0.0,0.0,0.0,0.0,0.7780449986457825,0.7780449986457825,1.0,0.7780449986457825,0.7780449986457825,0.7780449986457825,0.0,0.017488574609160423,0.16327252984046936,1.0,0.02314460277557373,1.0,0.0,0.0,0.02314460277557373,0.0,0.0,0.18856534361839294,0.0,0.4885653555393219,0.0,0.48856502771377563,0.48856502771377563,0.6928860545158386,0.0,0.0,0.0,0.0,0.0,0.0,0.0,0.0,1.0,0.0,0.059281256049871445,0.3264765739440918,0.5001639127731323,0.8797568082809448,0.0,16.25721549987793,16.31667137145996,16.31667137145996,0.1613980233669281,0.11435827612876892,-3.3004166066774587e-10,0.0,0.0,4.8352274894714355,4.835227966308594,3.867976427078247,3.867976427078247,0.6896064281463623,0.0,0.0,0.0,0.0,0.4885653555393219,0.0,0.48856499791145325,0.48856499791145325,0.6928860545158386,0.0,3.867975950241089,3.867975950241089,3.867976427078247,3.9317407608032227,0.16327252984046936,0.009707239456474781,0.004257831256836653,1.0,0.9491943717002869,0.9375014305114746,0.9524986743927002,0.0,,,,,,,,,12.0,0.0,0.0,0.0,0.0,0.0,0.0,,,,,,,,,,,,,,,,,,,,,,0.001
15,2420,train,20.81419563293457,17.33013343811035,17.35133171081543,0.0,0.23213963210582733,0.23213963210582733,0.0,0.46714282035827637,2.499999936844688e-05,0.012500000186264515,0.0024999999441206455,0.012500000186264515,0.0002500000118743628,0.0002500000118743628,0.25,0.028877124190330505,0.18820318579673767,0.0,0.0,0.0,0.0,0.0,0.0,0.0,0.0,0.7218206524848938,0.7218206524848938,1.0,0.7218206524848938,0.7218206524848938,0.7218206524848938,0.0,0.018910033628344536,0.1617238074541092,1.0,0.028877124190330505,1.0,0.0,0.0,0.028877124190330505,0.0,0.0,0.18820318579673767,0.0,0.4882031977176666,0.0,0.48820340633392334,0.48820340633392334,0.6928686499595642,0.0,0.0,0.0,0.0,0.0,0.0,0.0,0.0,1.0,0.0,-0.06150396540760994,0.3345602750778198,0.5243399143218994,0.8795715570449829,0.0,17.35133171081543,17.33013343811035,17.33013343811035,0.16200023889541626,0.13292936980724335,1.712396335840083e-10,0.0,0.0,4.794500827789307,4.794500827789307,4.040511608123779,4.040511608123779,0.7051941752433777,0.0,0.0,0.0,0.0,0.4882031977176666,0.0,0.48820340633392334,0.48820340633392334,0.6928686499595642,0.0,4.040511608123779,4.040511608123779,4.040511608123779,3.7276015281677246,0.1617238074541092,0.009910520166158676,0.004377149045467377,1.0,0.9305424690246582,0.9657472968101501,0.9436494708061218,0.0,,,,,,,,,12.0,0.0,0.0,0.0,0.0,0.0,0.0,,,,,,,,,,,,,,,,,,,,,,0.001
15,2440,train,21.312402725219727,17.746849060058594,17.75166893005371,0.0,0.21083980798721313,0.21083980798721313,0.0,0.5174363255500793,2.499999936844688e-05,0.012500000186264515,0.0024999999441206455,0.012500000186264515,0.0002500000118743628,0.0002500000118743628,0.25,0.01622038334608078,0.18806809186935425,0.0,0.0,0.0,0.0,0.0,0.0,0.0,0.0,0.8346226811408997,0.8346226811408997,1.0,0.8346226811408997,0.8346226811408997,0.8346226811408997,0.0,0.016432389616966248,0.14039137959480286,1.0,0.01622038334608078,1.0,0.0,0.0,0.01622038334608078,0.0,0.0,0.18806809186935425,0.0,0.4880681037902832,0.0,0.48806843161582947,0.48806843161582947,0.6928623914718628,0.0,0.0,0.0,0.0,0.0,0.0,0.0,0.0,1.0,0.0,0.07309176027774811,0.33430683612823486,0.5532630681991577,0.8797531127929688,0.0,17.75166893005371,17.746849060058594,17.746849060058594,0.18458051979541779,0.15157276391983032,-1.3567430512395617e-10,0.0,0.0,4.899013519287109,4.899013519287109,4.21880578994751,4.21880578994751,0.7969879508018494,0.0,0.0,0.0,0.0,0.4880681037902832,0.0,0.48806843161582947,0.48806843161582947,0.6928623914718628,0.0,4.21880578994751,4.21880578994751,4.21880578994751,4.148352146148682,0.14039137959480286,0.010358831845223904,0.004924296401441097,1.0,0.986969530582428,0.9507696628570557,0.9645264148712158,0.0,,,,,,,,,12.0,0.0,0.0,0.0,0.0,0.0,0.0,,,,,,,,,,,,,,,,,,,,,,0.001
15,2460,train,19.914146423339844,16.576650619506836,16.62377166748047,0.0,0.16614225506782532,0.16614225506782532,0.0,0.4570709466934204,2.499999936844688e-05,0.012500000186264515,0.0024999999441206455,0.012500000186264515,0.0002500000118743628,0.0002500000118743628,0.25,0.017559431493282318,0.18792033195495605,0.0,0.0,0.0,0.0,0.0,0.0,0.0,0.0,0.7068160176277161,0.7068160176277161,1.0,0.7068160176277161,0.7068160176277161,0.7068160176277161,0.0,0.014815927483141422,0.13285815715789795,1.0,0.017559431493282318,1.0,0.0,0.0,0.017559431493282318,0.0,0.0,0.18792033195495605,0.0,0.487920343875885,0.0,0.48792001605033875,0.48792001605033875,0.6928557753562927,0.0,0.0,0.0,0.0,0.0,0.0,0.0,0.0,1.0,0.0,0.07350002974271774,0.3194100558757782,0.5143166184425354,0.8800365328788757,0.0,16.62377166748047,16.576650619506836,16.576650619506836,0.17378416657447815,0.14827057719230652,-7.668603946298092e-11,0.0,0.0,4.726011753082275,4.726012229919434,4.00590705871582,4.00590705871582,0.6975030303001404,0.0,0.0,0.0,0.0,0.487920343875885,0.0,0.48792001605033875,0.48792001605033875,0.6928557753562927,0.0,4.00590705871582,4.00590705871582,4.00590705871582,3.662853240966797,0.13285815715789795,0.009699633345007896,0.004474884830415249,1.0,0.910264253616333,0.898501992225647,0.8772678375244141,0.0,,,,,,,,,12.0,0.0,0.0,0.0,0.0,0.0,0.0,,,,,,,,,,,,,,,,,,,,,,0.001
15,2480,train,19.694124221801758,16.403709411621094,16.387907028198242,0.0,0.16388295590877533,0.16388295590877533,0.0,0.3639914393424988,2.499999936844688e-05,0.012500000186264515,0.0024999999441206455,0.012500000186264515,0.0002500000118743628,0.0002500000118743628,0.25,0.014342185109853745,0.18796274065971375,0.0,0.0,0.0,0.0,0.0,0.0,0.0,0.0,0.7148907780647278,0.7148907780647278,1.0,0.7148907780647278,0.7148908376693726,0.7148908376693726,0.0,0.01230614259839058,0.11599911004304886,1.0,0.014342185109853745,1.0,0.0,0.0,0.014342185109853745,0.0,0.0,0.18796274065971375,0.0,0.4879627525806427,0.0,0.4879627227783203,0.4879627227783203,0.6928572058677673,0.0,0.0,0.0,0.0,0.0,0.0,0.0,0.0,1.0,0.0,0.029509421437978745,0.3269081711769104,0.4710584878921509,0.8803884387016296,0.0,16.387907028198242,16.403709411621094,16.403709411621094,0.17518079280853271,0.1401904821395874,3.5030475742381384e-10,0.0,0.0,4.854636192321777,4.854636192321777,3.663428544998169,3.663428544998169,0.7421340346336365,0.0,0.0,0.0,0.0,0.4879627525806427,0.0,0.4879627227783203,0.4879627227783203,0.6928572058677673,0.0,3.6634280681610107,3.663428544998169,3.663428544998169,3.6637911796569824,0.11599911004304886,0.008858121000230312,0.00391195947304368,1.0,0.954809308052063,0.958038330078125,0.9402424693107605,0.0,,,,,,,,,12.0,0.0,0.0,0.0,0.0,0.0,0.0,,,,,,,,,,,,,,,,,,,,,,0.001
15,2500,train,20.854351043701172,17.37616539001465,17.321853637695312,0.0,0.1922040432691574,0.1922040432691574,0.0,0.4509461224079132,2.499999936844688e-05,0.012500000186264515,0.0024999999441206455,0.012500000186264515,0.0002500000118743628,0.0002500000118743628,0.25,0.038390062749385834,0.18788880109786987,0.0,0.0,0.0,0.0,0.0,0.0,0.0,0.0,0.7561953663825989,0.7561953663825989,1.0,0.7561953663825989,0.7561953663825989,0.7561953663825989,0.0,0.01472393050789833,0.13161945343017578,1.0,0.038390062749385834,1.0,0.0,0.0,0.038390062749385834,0.0,0.0,0.18788880109786987,0.0,0.48788881301879883,0.0,0.4878891408443451,0.4878891408443451,0.6928534507751465,0.0,0.0,0.0,0.0,0.0,0.0,0.0,0.0,1.0,0.0,0.07591704279184341,0.3318881392478943,0.5135699510574341,0.880020797252655,0.0,17.321853637695312,17.37616539001465,17.37616539001465,0.18122543394565582,0.15526176989078522,-1.5795412200425574e-10,0.0,0.0,4.780130863189697,4.780130863189697,3.9427411556243896,3.9427411556243896,0.7768774628639221,0.0,0.0,0.0,0.0,0.48788881301879883,0.0,0.4878891408443451,0.4878891408443451,0.6928534507751465,0.0,3.9427411556243896,3.9427411556243896,3.9427411556243896,3.818723201751709,0.13161945343017578,0.009588180109858513,0.004380638245493174,1.0,0.9762626886367798,0.9555882215499878,0.9495471715927124,0.0,,,,,,,,,12.0,0.0,0.0,0.0,0.0,0.0,0.0,,,,,,,,,,,,,,,,,,,,,,0.001
15,2505,train_epoch,20.688007354736328,17.22562033259226,17.245477927659085,0.0,0.17671284717535543,0.17671284717535543,0.0,0.4004491763914417,2.499999936844688e-05,0.012500000186264515,0.0024999999441206455,0.012500000186264515,0.0002500000118743628,0.0002500000118743628,0.25,0.020840706677360092,0.188589351798246,0.0,0.0,0.0,0.0,0.0,0.0,0.0,0.0,0.7346396010792898,0.7346396010792898,1.0,0.7346396010792898,0.7346396035776881,0.7346396035776881,0.0,0.0168414602814588,0.15186711641664277,1.0,0.020840706677360092,1.0,0.0,0.0,0.020840706677360092,0.0,0.0,0.188589351798246,0.0,0.48858936496837413,0.0,0.48858934248278957,0.48858934248278957,0.6928854805980614,0.0,0.0,0.0,0.0,0.0,0.0,0.0,0.0,1.0,0.0,0.06099400985818691,0.3287789039983007,0.48804395123870076,0.8804781954445525,0.0,17.245477927659085,17.22562033259226,17.22562033259226,0.1712569983419544,0.1397689614824192,-1.3179226265001842e-11,0.0,0.0,4.917960583806752,4.917960583806752,3.792210857311409,3.792210857311409,0.7484596989111986,0.0,0.0,0.0,0.0,0.48858936371917494,0.0,0.4885893314184543,0.4885893314184543,0.6928854805980614,0.0,3.7922107488095405,3.7922107588031335,3.792210857311409,3.7619678474471954,0.15186711641664277,0.009299155413926005,0.004147636574486684,1.0,0.9480387468537884,0.9478892266393422,0.9487586364060819,0.0,,,,,,,,,12.0,0.0,0.0,0.0,0.0,0.0,0.0,,,,,,,,,,,,,,,,,,,,,,0.001
15,2505,val,,,,,,,,,,,,,,,,,,,,,,,,,,,,,,,,,,,,,,,,,,,,,,,,,,,,,,,,,,,,,,,,,,,,,,,,,,,,,,,,,,,,,,,,,,,,,,,,,,,,,,,,,,,,,,,,,,,17.04793930053711,728.8082885742188,26.996449554973314,0.12447430193424225,0.07298864424228668,15.557948112487793,24.497754052428586,0.10548346489667892,0.06667245179414749,16.94911766052246,26.85179776046196,0.1284528374671936,0.07257337868213654,19.548540115356445,30.715504223551847,0.14141811430454254,0.08357277512550354,17.04793930053711,26.996449554973314,0.12447430193424225,0.07298864424228668,0.001
15,2505,test_select,,,,,,,,,,,,,,,,,,,,,,,,,,,,,,,,,,,,,,,,,,,,,,,,,,,,,,,,,,,,,,,,,,,,,,,,,,,,,,,,,,,,,,,,,,,,,,,,,,,,,,,,,,,,,,,,,,,22.495824813842773,1331.2025146484375,36.48564806397767,0.12645454704761505,0.09135591983795166,18.50750732421875,29.22386527750586,0.10273087024688721,0.07514302432537079,22.067779541015625,35.41886463002008,0.12739473581314087,0.0896129235625267,28.638614654541016,45.63802254220158,0.1556003838777542,0.11634736508131027,22.495824813842773,36.48564806397767,0.12645454704761505,0.09135591983795166,0.001
16,2520,train,20.07984161376953,16.70830726623535,16.77519989013672,0.0,0.17639362812042236,0.17639362812042236,0.0,0.39281392097473145,2.9999999242136255e-05,0.014999999664723873,0.003000000026077032,0.014999999664723873,0.0003000000142492354,0.0003000000142492354,0.30000001192092896,0.010299475863575935,0.18751069903373718,0.0,0.0,0.0,0.0,0.0,0.0,0.0,0.0,0.7655020356178284,0.7655020356178284,1.0,0.7655020356178284,0.7655020356178284,0.7655020356178284,0.0,0.020038792863488197,0.17275521159172058,1.0,0.010299475863575935,1.0,0.0,0.0,0.010299475863575935,0.0,0.0,0.18751069903373718,0.0,0.48751071095466614,0.0,0.48751068115234375,0.48751068115234375,0.6928354501724243,0.0,0.0,0.0,0.0,0.0,0.0,0.0,0.0,1.0,0.0,0.07186693698167801,0.33588114380836487,0.48934417963027954,0.878714919090271,0.0,16.77519989013672,16.70830726623535,16.70830726623535,0.16789282858371735,0.13303077220916748,-1.1834258573095724e-10,0.0,0.0,5.031530380249023,5.031530380249023,3.8029842376708984,3.8029842376708984,0.7168225646018982,0.0,0.0,0.0,0.0,0.48751071095466614,0.0,0.48751068115234375,0.48751068115234375,0.6928354501724243,0.0,3.8029842376708984,3.8029842376708984,3.8029842376708984,3.9300601482391357,0.17275521159172058,0.009084566496312618,0.00419066334143281,1.0,0.9244418144226074,0.9390549659729004,0.9520175457000732,0.0,,,,,,,,,12.0,0.0,0.0,0.0,0.0,0.0,0.0,,,,,,,,,,,,,,,,,,,,,,0.001
16,2540,train,20.39554786682129,16.9843807220459,16.958555221557617,0.0,0.20006118714809418,0.20006118714809418,0.0,0.5528060793876648,2.9999999242136255e-05,0.014999999664723873,0.003000000026077032,0.014999999664723873,0.0003000000142492354,0.0003000000142492354,0.30000001192092896,0.020802045240998268,0.18672630190849304,0.0,0.0,0.0,0.0,0.0,0.0,0.0,0.0,0.9099723696708679,0.9099723696708679,1.0,0.9099723696708679,0.9099723696708679,0.9099723696708679,0.0,0.02527371048927307,0.2130109965801239,1.0,0.020802045240998268,1.0,0.0,0.0,0.020802045240998268,0.0,0.0,0.18672630190849304,0.0,0.486726313829422,0.0,0.48672589659690857,0.48672589659690857,0.6927947998046875,0.0,0.0,0.0,0.0,0.0,0.0,0.0,0.0,1.0,0.0,0.0878458023071289,0.32758083939552307,0.568676769733429,0.874677300453186,0.0,16.958555221557617,16.9843807220459,16.9843807220459,0.17935298383235931,0.14826500415802002,-1.76271705565334e-11,0.0,0.0,4.740374565124512,4.740374565124512,4.292730331420898,4.292730331420898,0.7470544576644897,0.0,0.0,0.0,0.0,0.486726313829422,0.0,0.48672589659690857,0.48672589659690857,0.6927947998046875,0.0,4.292730331420898,4.292730331420898,4.292730331420898,4.476172924041748,0.2130109965801239,0.010088099166750908,0.004715262446552515,1.0,0.9229586720466614,0.93639075756073,0.941877543926239,0.0,,,,,,,,,12.0,0.0,0.0,0.0,0.0,0.0,0.0,,,,,,,,,,,,,,,,,,,,,,0.001
16,2560,train,19.162935256958008,15.963235855102539,15.91856575012207,0.0,0.18354862928390503,0.18354862928390503,0.0,0.4942830801010132,2.9999999242136255e-05,0.014999999664723873,0.003000000026077032,0.014999999664723873,0.0003000000142492354,0.0003000000142492354,0.30000001192092896,0.017316458746790886,0.18601876497268677,0.0,0.0,0.0,0.0,0.0,0.0,0.0,0.0,0.7308474779129028,0.7308474779129028,1.0,0.7308474779129028,0.7308474779129028,0.7308474779129028,0.0,0.02596091292798519,0.21494267880916595,1.0,0.017316458746790886,1.0,0.0,0.0,0.017316458746790886,0.0,0.0,0.18601876497268677,0.0,0.4860187768936157,0.0,0.4860185384750366,0.4860185384750366,0.6927565932273865,0.0,0.0,0.0,0.0,0.0,0.0,0.0,0.0,1.0,0.0,0.037318456918001175,0.3248351216316223,0.540134847164154,0.8688146471977234,0.0,15.91856575012207,15.963235855102539,15.963235855102539,0.1736581027507782,0.14601974189281464,3.7792002166581184e-11,0.0,0.0,4.915031433105469,4.915031433105469,4.147396564483643,4.147396564483643,0.7207584381103516,0.0,0.0,0.0,0.0,0.4860187768936157,0.0,0.4860185384750366,0.4860185384750366,0.6927565932273865,0.0,4.147396564483643,4.147396564483643,4.147396564483643,3.8235552310943604,0.21494267880916595,0.009614916518330574,0.0044149174354970455,1.0,0.840713620185852,0.9066516757011414,0.9034568667411804,0.0,,,,,,,,,12.0,0.0,0.0,0.0,0.0,0.0,0.0,,,,,,,,,,,,,,,,,,,,,,0.001
16,2580,train,19.257244110107422,16.03409194946289,16.031028747558594,0.0,0.14461387693881989,0.14461387693881989,0.0,0.49285197257995605,2.9999999242136255e-05,0.014999999664723873,0.003000000026077032,0.014999999664723873,0.0003000000142492354,0.0003000000142492354,0.30000001192092896,0.0311170294880867,0.1853226125240326,0.0,0.0,0.0,0.0,0.0,0.0,0.0,0.0,0.8165677785873413,0.8165677785873413,1.0,0.8165677785873413,0.8165677189826965,0.8165677189826965,0.0,0.02821526862680912,0.22398924827575684,1.0,0.0311170294880867,1.0,0.0,0.0,0.0311170294880867,0.0,0.0,0.1853226125240326,0.0,0.48532262444496155,0.0,0.4853224456310272,0.4853224456310272,0.6927160620689392,0.0,0.0,0.0,0.0,0.0,0.0,0.0,0.0,1.0,0.0,0.060114964842796326,0.3302018940448761,0.5300490856170654,0.8556912541389465,0.0,16.031028747558594,16.03409194946289,16.03409194946289,0.15172545611858368,0.12273409217596054,3.978000220894451e-11,0.0,0.0,4.737218379974365,4.737218856811523,4.035801410675049,4.035801410675049,0.6088866591453552,0.0,0.0,0.0,0.0,0.48532262444496155,0.0,0.4853224456310272,0.4853224456310272,0.6927160620689392,0.0,4.035801410675049,4.035801410675049,4.035801410675049,4.22316837310791,0.22398924827575684,0.00919786561280489,0.004038835875689983,1.0,0.9397546648979187,0.916423499584198,0.9020549058914185,0.0,,,,,,,,,12.0,0.0,0.0,0.0,0.0,0.0,0.0,,,,,,,,,,,,,,,,,,,,,,0.001
16,2600,train,21.25666618347168,17.692827224731445,17.730548858642578,0.0,0.16581593453884125,0.16581593453884125,0.0,0.5597255825996399,2.9999999242136255e-05,0.014999999664723873,0.003000000026077032,0.014999999664723873,0.0003000000142492354,0.0003000000142492354,0.30000001192092896,0.028570743277668953,0.18459424376487732,0.0,0.0,0.0,0.0,0.0,0.0,0.0,0.0,0.8423035144805908,0.8423035144805908,1.0,0.8423035144805908,0.8423035144805908,0.8423035144805908,0.0,0.027124162763357162,0.229019895195961,1.0,0.028570743277668953,1.0,0.0,0.0,0.028570743277668953,0.0,0.0,0.18459424376487732,0.0,0.4845942556858063,0.0,0.4845939874649048,0.4845939874649048,0.6926726698875427,0.0,0.0,0.0,0.0,0.0,0.0,0.0,0.0,1.0,0.0,-0.006763387471437454,0.3299565017223358,0.5544708371162415,0.8432820439338684,0.0,17.730548858642578,17.692827224731445,17.692827224731445,0.16413754224777222,0.12546521425247192,5.165410321694708e-10,0.0,0.0,4.786870002746582,4.786869525909424,4.234703540802002,4.234703540802002,0.6758167743682861,0.0,0.0,0.0,0.0,0.4845942556858063,0.0,0.4845939874649048,0.4845939874649048,0.6926726698875427,0.0,4.234703540802002,4.234703540802002,4.234703540802002,4.2873358726501465,0.229019895195961,0.009173844940960407,0.004005857277661562,1.0,0.8926148414611816,0.914636492729187,0.9241871237754822,0.0,,,,,,,,,12.0,0.0,0.0,0.0,0.0,0.0,0.0,,,,,,,,,,,,,,,,,,,,,,0.001
16,2620,train,19.573026657104492,16.29300880432129,16.317358016967773,0.0,0.16088367998600006,0.16088367998600006,0.0,0.5418858528137207,2.9999999242136255e-05,0.014999999664723873,0.003000000026077032,0.014999999664723873,0.0003000000142492354,0.0003000000142492354,0.30000001192092896,0.022712254896759987,0.18439459800720215,0.0,0.0,0.0,0.0,0.0,0.0,0.0,0.0,0.780729353427887,0.780729353427887,1.0,0.780729353427887,0.780729353427887,0.780729353427887,0.0,0.02227540872991085,0.1880866140127182,1.0,0.022712254896759987,1.0,0.0,0.0,0.022712254896759987,0.0,0.0,0.18439459800720215,0.0,0.4843946099281311,0.0,0.48439496755599976,0.48439496755599976,0.6926601529121399,0.0,0.0,0.0,0.0,0.0,0.0,0.0,0.0,1.0,0.0,0.02273985557258129,0.325055867433548,0.5547192692756653,0.8318554759025574,0.0,16.317358016967773,16.29300880432129,16.29300880432129,0.15190264582633972,0.1139054074883461,2.98274148435862e-11,0.0,0.0,4.8186235427856445,4.8186235427856445,4.232117652893066,4.232117652893066,0.6237443685531616,0.0,0.0,0.0,0.0,0.4843946099281311,0.0,0.48439493775367737,0.48439493775367737,0.6926601529121399,0.0,4.232117652893066,4.232117652893066,4.232117652893066,4.184568405151367,0.1880866140127182,0.009233511984348297,0.00410556560382247,1.0,0.9440358877182007,0.9114400744438171,0.910592257976532,0.0,,,,,,,,,12.0,0.0,0.0,0.0,0.0,0.0,0.0,,,,,,,,,,,,,,,,,,,,,,0.001
16,2640,train,19.902511596679688,16.570859909057617,16.579233169555664,0.0,0.17008908092975616,0.17008908092975616,0.0,0.5352652072906494,2.9999999242136255e-05,0.014999999664723873,0.003000000026077032,0.014999999664723873,0.0003000000142492354,0.0003000000142492354,0.30000001192092896,0.024962835013866425,0.18449336290359497,0.0,0.0,0.0,0.0,0.0,0.0,0.0,0.0,0.7319062352180481,0.7319062352180481,1.0,0.7319062352180481,0.7319062352180481,0.7319062352180481,0.0,0.018730303272604942,0.1580505669116974,1.0,0.024962835013866425,1.0,0.0,0.0,0.024962835013866425,0.0,0.0,0.18449336290359497,0.0,0.4844933748245239,0.0,0.4844937324523926,0.4844937324523926,0.692666232585907,0.0,0.0,0.0,0.0,0.0,0.0,0.0,0.0,1.0,0.0,0.12683169543743134,0.3234216570854187,0.5478113293647766,0.832943856716156,0.0,16.579233169555664,16.570859909057617,16.570859909057617,0.1665308177471161,0.1399141103029251,-4.39003333685406e-10,0.0,0.0,4.766019821166992,4.766019821166992,4.207910060882568,4.207910060882568,0.6731547713279724,0.0,0.0,0.0,0.0,0.4844933748245239,0.0,0.4844937324523926,0.4844937324523926,0.692666232585907,0.0,4.207910060882568,4.207910060882568,4.207910060882568,3.875680685043335,0.1580505669116974,0.009381696581840515,0.004309415351599455,1.0,0.8897568583488464,0.8853747844696045,0.8797029256820679,0.0,,,,,,,,,12.0,0.0,0.0,0.0,0.0,0.0,0.0,,,,,,,,,,,,,,,,,,,,,,0.001
16,2660,train,19.1335506439209,15.931918144226074,15.93306827545166,0.0,0.13240256905555725,0.13240256905555725,0.0,0.45645466446876526,2.9999999242136255e-05,0.014999999664723873,0.003000000026077032,0.014999999664723873,0.0003000000142492354,0.0003000000142492354,0.30000001192092896,0.021381640806794167,0.18437299132347107,0.0,0.0,0.0,0.0,0.0,0.0,0.0,0.0,0.7198991179466248,0.7198991179466248,1.0,0.7198991179466248,0.71989905834198,0.71989905834198,0.0,0.020829657092690468,0.17682546377182007,1.0,0.021381640806794167,1.0,0.0,0.0,0.021381640806794167,0.0,0.0,0.18437299132347107,0.0,0.4843730032444,0.0,0.48437270522117615,0.48437270522117615,0.6926586031913757,0.0,0.0,0.0,0.0,0.0,0.0,0.0,0.0,1.0,0.0,0.04118671640753746,0.326217383146286,0.5086790919303894,0.8244577646255493,0.0,15.93306827545166,15.931918144226074,15.931918144226074,0.15381383895874023,0.12343411147594452,-2.0682426604690107e-10,0.0,0.0,4.885654449462891,4.885654449462891,3.891721248626709,3.891721248626709,0.6381951570510864,0.0,0.0,0.0,0.0,0.4843730032444,0.0,0.48437267541885376,0.48437267541885376,0.6926586031913757,0.0,3.891720771789551,3.891721248626709,3.891721248626709,3.9025046825408936,0.17682546377182007,0.008670646697282791,0.0038367132656276226,1.0,0.8852912783622742,0.8962928652763367,0.8886080980300903,0.0,,,,,,,,,12.0,0.0,0.0,0.0,0.0,0.0,0.0,,,,,,,,,,,,,,,,,,,,,,0.001
16,2672,train_epoch,20.394307382092503,16.978620963182276,16.997255096892395,0.0,0.16534608486526742,0.16534608486526742,0.0,0.47796433949898814,2.9999999242136255e-05,0.014999999664723873,0.003000000026077032,0.014999999664723873,0.0003000000142492354,0.0003000000142492354,0.30000001192092896,0.024436030938418327,0.18547213345230695,0.0,0.0,0.0,0.0,0.0,0.0,0.0,0.0,0.7598959635831639,0.7598959635831639,1.0,0.7598959635831639,0.7598959607278516,0.7598959607278516,0.0,0.02339489782552519,0.1958709821372689,1.0,0.024436030938418327,1.0,0.0,0.0,0.024436030938418327,0.0,0.0,0.18547213345230695,0.0,0.4854721448378649,0.0,0.4854720952268132,0.4854720952268132,0.6927222431062938,0.0,0.0,0.0,0.0,0.0,0.0,0.0,0.0,1.0,0.0,0.05735240844503592,0.32933211951198693,0.5231787949622034,0.8519235499604734,0.0,16.997255096892395,16.978620963182276,16.978620963182276,0.17021797329722765,0.14129126843756545,1.6575558815773473e-11,0.0,0.0,4.874976954774229,4.874976951918916,4.015636712491156,4.015636712491156,0.7208606914845769,0.0,0.0,0.0,0.0,0.4854721453732359,0.0,0.4854720855901341,0.4854720855901341,0.6927222431062938,0.0,4.015636606844599,4.015636629687098,4.015636712491156,3.9820923505429024,0.1958709821372689,0.009100877763536162,0.004073077422416139,1.0,0.9003404746512453,0.8999087271576156,0.900448501823905,0.0,,,,,,,,,12.0,0.0,0.0,0.0,0.0,0.0,0.0,,,,,,,,,,,,,,,,,,,,,,0.001
16,2672,val,,,,,,,,,,,,,,,,,,,,,,,,,,,,,,,,,,,,,,,,,,,,,,,,,,,,,,,,,,,,,,,,,,,,,,,,,,,,,,,,,,,,,,,,,,,,,,,,,,,,,,,,,,,,,,,,,,,16.643375396728516,711.1495971679688,26.667388270469395,0.11994969844818115,0.07125654816627502,15.027318000793457,23.999460850063905,0.1057935282588005,0.06439847499132156,16.54571533203125,26.582596947048245,0.11621500551700592,0.0708460807800293,19.299182891845703,30.6018866063383,0.1435794234275818,0.08250673860311508,16.643375396728516,26.667388270469395,0.11994969844818115,0.07125654816627502,0.001
16,2672,test_select,,,,,,,,,,,,,,,,,,,,,,,,,,,,,,,,,,,,,,,,,,,,,,,,,,,,,,,,,,,,,,,,,,,,,,,,,,,,,,,,,,,,,,,,,,,,,,,,,,,,,,,,,,,,,,,,,,,22.167465209960938,1288.93798828125,35.90178252233794,0.12633952498435974,0.09002243727445602,17.921356201171875,28.316923288578685,0.10416059195995331,0.07276317477226257,21.690671920776367,34.787272052792524,0.12056134641170502,0.08808156102895737,28.209815979003906,44.69321150126577,0.16148704290390015,0.11460531502962112,22.167465209960938,35.90178252233794,0.12633952498435974,0.09002243727445602,0.001
17,2680,train,19.357868194580078,16.119783401489258,16.098012924194336,0.0,0.16434843838214874,0.16434843838214874,0.0,0.6089916825294495,3.5000000934815034e-05,0.017500000074505806,0.0035000001080334187,0.017500000074505806,0.0003499999875202775,0.0003499999875202775,0.3499999940395355,0.009517294354736805,0.18385669589042664,0.0,0.0,0.0,0.0,0.0,0.0,0.0,0.0,0.7388706803321838,0.7388706803321838,1.0,0.7388706803321838,0.7388706207275391,0.7388706207275391,0.0,0.024469269439578056,0.22230243682861328,1.0,0.009517294354736805,1.0,0.0,0.0,0.009517294354736805,0.0,0.0,0.18385669589042664,0.0,0.4838567078113556,0.0,0.48385709524154663,0.48385709524154663,0.6926259398460388,0.0,0.0,0.0,0.0,0.0,0.0,0.0,0.0,1.0,0.0,0.0603233240544796,0.3273085355758667,0.5693184733390808,0.7964116334915161,0.0,16.098012924194336,16.119783401489258,16.119783401489258,0.16190358996391296,0.12404044717550278,6.023677390221138e-11,0.0,0.0,4.847053050994873,4.847053050994873,4.292159557342529,4.292159557342529,0.6426948308944702,0.0,0.0,0.0,0.0,0.4838567078113556,0.0,0.48385709524154663,0.48385709524154663,0.6926259398460388,0.0,4.292159557342529,4.292159557342529,4.292159557342529,4.0448784828186035,0.22230243682861328,0.00925733894109726,0.0042298901826143265,1.0,0.8951876163482666,0.9264658689498901,0.9060827493667603,0.0,,,,,,,,,12.0,0.0,0.0,0.0,0.0,0.0,0.0,,,,,,,,,,,,,,,,,,,,,,0.001
17,2700,train,21.306808471679688,17.735088348388672,17.756799697875977,0.0,0.1691512167453766,0.1691512167453766,0.0,0.6121811270713806,3.5000000934815034e-05,0.017500000074505806,0.0035000001080334187,0.017500000074505806,0.0003499999875202775,0.0003499999875202775,0.3499999940395355,0.02440221980214119,0.18351337313652039,0.0,0.0,0.0,0.0,0.0,0.0,0.0,0.0,0.8242429494857788,0.8242429494857788,1.0,0.8242429494857788,0.8242429494857788,0.8242429494857788,0.0,0.022357502952218056,0.21430563926696777,1.0,0.02440221980214119,1.0,0.0,0.0,0.02440221980214119,0.0,0.0,0.18351337313652039,0.0,0.48351338505744934,0.0,0.48351359367370605,0.48351359367370605,0.6926037669181824,0.0,0.0,0.0,0.0,0.0,0.0,0.0,0.0,1.0,0.0,0.1515403687953949,0.3300699293613434,0.5690984129905701,0.7857496738433838,0.0,17.756799697875977,17.735088348388672,17.735088348388672,0.1841374784708023,0.15997421741485596,-4.2370290609383687e-10,0.0,0.0,4.872683525085449,4.872683525085449,4.318210124969482,4.318210124969482,0.767862856388092,0.0,0.0,0.0,0.0,0.48351338505744934,0.0,0.48351359367370605,0.48351359367370605,0.6926037669181824,0.0,4.318210124969482,4.318210124969482,4.318210124969482,4.396554946899414,0.21430563926696777,0.009383376687765121,0.00431207986548543,1.0,0.8770403861999512,0.8884092569351196,0.8977629542350769,0.0,,,,,,,,,12.0,0.0,0.0,0.0,0.0,0.0,0.0,,,,,,,,,,,,,,,,,,,,,,0.001
17,2720,train,18.820825576782227,15.665847778320312,15.689885139465332,0.0,0.158391535282135,0.158391535282135,0.0,0.5864094495773315,3.5000000934815034e-05,0.017500000074505806,0.0035000001080334187,0.017500000074505806,0.0003499999875202775,0.0003499999875202775,0.3499999940395355,0.029776081442832947,0.18282672762870789,0.0,0.0,0.0,0.0,0.0,0.0,0.0,0.0,0.6729694604873657,0.6729694604873657,1.0,0.6729694604873657,0.6729694604873657,0.6729694604873657,0.0,0.02442648820579052,0.2429666668176651,1.0,0.029776081442832947,1.0,0.0,0.0,0.029776081442832947,0.0,0.0,0.18282672762870789,0.0,0.48282673954963684,0.0,0.48282715678215027,0.48282715678215027,0.6925572156906128,0.0,0.0,0.0,0.0,0.0,0.0,0.0,0.0,1.0,0.0,0.04621961712837219,0.3244580626487732,0.5519688725471497,0.7697564363479614,0.0,15.689885139465332,15.665847778320312,15.665847778320312,0.1622755229473114,0.13587148487567902,-1.301546231902151e-10,0.0,0.0,4.888796806335449,4.888796806335449,4.191340446472168,4.191340446472168,0.6541061401367188,0.0,0.0,0.0,0.0,0.48282673954963684,0.0,0.48282715678215027,0.48282715678215027,0.6925572156906128,0.0,4.191340446472168,4.191340446472168,4.191340446472168,3.870199203491211,0.2429666668176651,0.009073060005903244,0.004161890130490065,1.0,0.7855526208877563,0.8360978960990906,0.8306900858879089,0.0,,,,,,,,,12.0,0.0,0.0,0.0,0.0,0.0,0.0,,,,,,,,,,,,,,,,,,,,,,0.001
17,2740,train,19.6063175201416,16.319604873657227,16.342899322509766,0.0,0.14294418692588806,0.14294418692588806,0.0,0.6110066175460815,3.5000000934815034e-05,0.017500000074505806,0.0035000001080334187,0.017500000074505806,0.0003499999875202775,0.0003499999875202775,0.3499999940395355,0.028217047452926636,0.18200039863586426,0.0,0.0,0.0,0.0,0.0,0.0,0.0,0.0,0.7398823499679565,0.7398823499679565,1.0,0.7398823499679565,0.7398823499679565,0.7398823499679565,0.0,0.025770822539925575,0.2653084099292755,1.0,0.028217047452926636,1.0,0.0,0.0,0.028217047452926636,0.0,0.0,0.18200039863586426,0.0,0.4820004105567932,0.0,0.48200052976608276,0.48200052976608276,0.6924986839294434,0.0,0.0,0.0,0.0,0.0,0.0,0.0,0.0,1.0,0.0,0.07283640652894974,0.3249698579311371,0.5533798336982727,0.7601509690284729,0.0,16.342899322509766,16.319604873657227,16.319604873657227,0.1542564183473587,0.12272829562425613,1.5847344270181196e-10,0.0,0.0,4.915907382965088,4.915907382965088,4.186228275299072,4.186228275299072,0.6290171146392822,0.0,0.0,0.0,0.0,0.4820004105567932,0.0,0.48200052976608276,0.48200052976608276,0.6924986839294434,0.0,4.186228275299072,4.186227798461914,4.186228275299072,4.216855525970459,0.2653084099292755,0.00889053288847208,0.003975932952016592,1.0,0.8754699230194092,0.8670112490653992,0.858738899230957,0.0,,,,,,,,,12.0,0.0,0.0,0.0,0.0,0.0,0.0,,,,,,,,,,,,,,,,,,,,,,0.001
17,2760,train,20.338903427124023,16.9344425201416,16.9301700592041,0.0,0.17934252321720123,0.17934252321720123,0.0,0.6179040670394897,3.5000000934815034e-05,0.017500000074505806,0.0035000001080334187,0.017500000074505806,0.0003499999875202775,0.0003499999875202775,0.3499999940395355,0.04590652510523796,0.1813480257987976,0.0,0.0,0.0,0.0,0.0,0.0,0.0,0.0,0.7234194278717041,0.7234194278717041,1.0,0.7234194278717041,0.7234194278717041,0.7234194278717041,0.0,0.025172146037220955,0.2596423625946045,1.0,0.04590652510523796,1.0,0.0,0.0,0.04590652510523796,0.0,0.0,0.1813480257987976,0.0,0.48134803771972656,0.0,0.481347918510437,0.481347918510437,0.6924514174461365,0.0,0.0,0.0,0.0,0.0,0.0,0.0,0.0,1.0,0.0,0.06635452806949615,0.328944593667984,0.5499569773674011,0.7486901879310608,0.0,16.9301700592041,16.9344425201416,16.9344425201416,0.17665831744670868,0.15654484927654266,2.4325103042954765e-10,0.0,0.0,4.920505046844482,4.920505046844482,4.162473678588867,4.162473678588867,0.7568375468254089,0.0,0.0,0.0,0.0,0.48134803771972656,0.0,0.481347918510437,0.481347918510437,0.6924514174461365,0.0,4.162473678588867,4.162473678588867,4.162473678588867,4.066386699676514,0.2596423625946045,0.008870351128280163,0.004169664345681667,1.0,0.8268269300460815,0.8223503828048706,0.822251558303833,0.0,,,,,,,,,12.0,0.0,0.0,0.0,0.0,0.0,0.0,,,,,,,,,,,,,,,,,,,,,,0.001
17,2780,train,19.803112030029297,16.488439559936523,16.48552703857422,0.0,0.14451685547828674,0.14451685547828674,0.0,0.6053038835525513,3.5000000934815034e-05,0.017500000074505806,0.0035000001080334187,0.017500000074505806,0.0003499999875202775,0.0003499999875202775,0.3499999940395355,0.0318831205368042,0.18069231510162354,0.0,0.0,0.0,0.0,0.0,0.0,0.0,0.0,0.7114606499671936,0.7114606499671936,1.0,0.7114606499671936,0.7114607095718384,0.7114607095718384,0.0,0.026830950751900673,0.26549461483955383,1.0,0.0318831205368042,1.0,0.0,0.0,0.0318831205368042,0.0,0.0,0.18069231510162354,0.0,0.4806923270225525,0.0,0.4806925654411316,0.4806925654411316,0.6924018263816833,0.0,0.0,0.0,0.0,0.0,0.0,0.0,0.0,1.0,0.0,0.05904252454638481,0.3256309926509857,0.5416887402534485,0.7382263541221619,0.0,16.48552703857422,16.488439559936523,16.488439559936523,0.1709403544664383,0.14066922664642334,-1.4133234860214117e-10,0.0,0.0,4.781915187835693,4.781915187835693,4.083315849304199,4.083315849304199,0.6911581754684448,0.0,0.0,0.0,0.0,0.4806923270225525,0.0,0.4806925356388092,0.4806925356388092,0.6924018263816833,0.0,4.083315849304199,4.083315849304199,4.083315849304199,4.128176212310791,0.26549461483955383,0.008686661720275879,0.00396094610914588,1.0,0.8242937326431274,0.8291356563568115,0.8391639590263367,0.0,,,,,,,,,12.0,0.0,0.0,0.0,0.0,0.0,0.0,,,,,,,,,,,,,,,,,,,,,,0.001
17,2800,train,19.692373275756836,16.3889217376709,16.424039840698242,0.0,0.1480533331632614,0.1480533331632614,0.0,0.8432292342185974,3.5000000934815034e-05,0.017500000074505806,0.0035000001080334187,0.017500000074505806,0.0003499999875202775,0.0003499999875202775,0.3499999940395355,0.030695559456944466,0.1801501214504242,0.0,0.0,0.0,0.0,0.0,0.0,0.0,0.0,0.7596074342727661,0.7596074342727661,1.0,0.7596074342727661,0.7596073746681213,0.7596073746681213,0.0,0.025153273716568947,0.2614709734916687,1.0,0.030695559456944466,1.0,0.0,0.0,0.030695559456944466,0.0,0.0,0.1801501214504242,0.0,0.48015013337135315,0.0,0.4801497459411621,0.4801497459411621,0.6923589110374451,0.0,0.0,0.0,0.0,0.0,0.0,0.0,0.0,1.0,0.0,0.021358387544751167,0.3158881366252899,0.6339991092681885,0.7047792077064514,0.0,16.424039840698242,16.3889217376709,16.3889217376709,0.1669674962759018,0.12972460687160492,-2.1606533229245883e-10,0.0,0.0,4.884036064147949,4.884036064147949,4.762892723083496,4.762892723083496,0.6601886749267578,0.0,0.0,0.0,0.0,0.48015013337135315,0.0,0.4801497459411621,0.4801497459411621,0.6923589110374451,0.0,4.762892246246338,4.762892246246338,4.762892723083496,4.3538432121276855,0.2614709734916687,0.009664258919656277,0.004343730863183737,1.0,0.8077978491783142,0.8181602358818054,0.8036896586418152,0.0,,,,,,,,,12.0,0.0,0.0,0.0,0.0,0.0,0.0,,,,,,,,,,,,,,,,,,,,,,0.001
17,2820,train,20.925128936767578,17.433738708496094,17.366870880126953,0.0,0.17934462428092957,0.17934462428092957,0.0,0.7797271609306335,3.5000000934815034e-05,0.017500000074505806,0.0035000001080334187,0.017500000074505806,0.0003499999875202775,0.0003499999875202775,0.3499999940395355,0.033431775867938995,0.1804988980293274,0.0,0.0,0.0,0.0,0.0,0.0,0.0,0.0,0.7037641406059265,0.7037641406059265,1.0,0.7037641406059265,0.7037641406059265,0.7037641406059265,0.0,0.01903887838125229,0.19526490569114685,1.0,0.033431775867938995,1.0,0.0,0.0,0.033431775867938995,0.0,0.0,0.1804988980293274,0.0,0.48049890995025635,0.0,0.4804987609386444,0.4804987609386444,0.6923865675926208,0.0,0.0,0.0,0.0,0.0,0.0,0.0,0.0,1.0,0.0,0.08975474536418915,0.32578331232070923,0.6153662800788879,0.7254490256309509,0.0,17.366870880126953,17.433738708496094,17.433738708496094,0.1879599690437317,0.17372234165668488,-2.8642010985180377e-10,0.0,0.0,4.6956682205200195,4.6956682205200195,4.647876739501953,4.647876739501953,0.729513943195343,0.0,0.0,0.0,0.0,0.48049890995025635,0.0,0.4804987609386444,0.4804987609386444,0.6923865675926208,0.0,4.647876739501953,4.647876739501953,4.647876739501953,4.031897068023682,0.19526490569114685,0.009556874632835388,0.004485208075493574,1.0,0.8423490524291992,0.8623859286308289,0.8028807640075684,0.0,,,,,,,,,12.0,0.0,0.0,0.0,0.0,0.0,0.0,,,,,,,,,,,,,,,,,,,,,,0.001
17,2839,train_epoch,20.288979958631323,16.889960997118923,16.90518515695355,0.0,0.152491668696532,0.152491668696532,0.0,0.5978579776372738,3.5000000934815034e-05,0.017500000074505806,0.0035000001080334187,0.017500000074505806,0.0003499999875202775,0.0003499999875202775,0.3499999940395355,0.02867961493125576,0.18175426071989323,0.0,0.0,0.0,0.0,0.0,0.0,0.0,0.0,0.7247165859102489,0.7247165859102489,1.0,0.7247165859102489,0.7247165826980225,0.7247165826980225,0.0,0.02399659730092494,0.2390035109784075,1.0,0.02867961493125576,1.0,0.0,0.0,0.02867961493125576,0.0,0.0,0.18175426071989323,0.0,0.4817542740684783,0.0,0.48175426371797114,0.48175426371797114,0.692477848715411,0.0,0.0,0.0,0.0,0.0,0.0,0.0,0.0,1.0,0.0,0.048735600592942165,0.32405725335646535,0.5457983284653304,0.7554683178484797,0.0,16.90518515695355,16.889960997118923,16.889960997118923,0.17034429088681044,0.14411498218060967,-1.0463177069815374e-11,0.0,0.0,4.846874559710839,4.846874542578965,4.137292793410981,4.137292793410981,0.7012046190079101,0.0,0.0,0.0,0.0,0.48175427264082216,0.0,0.4817542519398078,0.4817542519398078,0.692477848715411,0.0,4.137292653500677,4.137292699185674,4.137292793410981,4.108078352705447,0.2390035109784075,0.008818834746802996,0.0039437348050940894,1.0,0.8489482142254264,0.8493215006268667,0.849826446193421,0.0,,,,,,,,,12.0,0.0,0.0,0.0,0.0,0.0,0.0,,,,,,,,,,,,,,,,,,,,,,0.001
17,2839,val,,,,,,,,,,,,,,,,,,,,,,,,,,,,,,,,,,,,,,,,,,,,,,,,,,,,,,,,,,,,,,,,,,,,,,,,,,,,,,,,,,,,,,,,,,,,,,,,,,,,,,,,,,,,,,,,,,,16.293834686279297,689.4005126953125,26.25643754768176,0.11785625666379929,0.0697600394487381,14.952266693115234,23.843314830563617,0.11469776183366776,0.06407684832811356,16.240612030029297,26.20624026465059,0.11214295029640198,0.06953967362642288,18.680299758911133,29.828438071300976,0.1481599658727646,0.07986092567443848,16.293834686279297,26.25643754768176,0.11785625666379929,0.0697600394487381,0.001
17,2839,test_select,,,,,,,,,,,,,,,,,,,,,,,,,,,,,,,,,,,,,,,,,,,,,,,,,,,,,,,,,,,,,,,,,,,,,,,,,,,,,,,,,,,,,,,,,,,,,,,,,,,,,,,,,,,,,,,,,,,21.917062759399414,1282.0748291015625,35.80607251712428,0.12787358462810516,0.08900555223226547,18.021484375,28.452433192784124,0.11657431721687317,0.07316970080137253,21.677593231201172,34.95408190464849,0.12106991559267044,0.0880284458398819,28.05086898803711,45.03644357628608,0.1692052036523819,0.11395958811044693,21.917062759399414,35.80607251712428,0.12787358462810516,0.08900555223226547,0.001
18,2840,train,19.914939880371094,16.576618194580078,16.591203689575195,0.0,0.12730224430561066,0.12730224430561066,0.0,0.6370038390159607,3.9999998989515007e-05,0.019999999552965164,0.004000000189989805,0.019999999552965164,0.00039999998989515007,0.00039999998989515007,0.4000000059604645,0.018918130546808243,0.1803506314754486,0.0,0.0,0.0,0.0,0.0,0.0,0.0,0.0,0.7262136340141296,0.7262136340141296,1.0,0.7262136340141296,0.7262136340141296,0.7262136340141296,0.0,0.020643306896090508,0.2207811325788498,1.0,0.018918130546808243,1.0,0.0,0.0,0.018918130546808243,0.0,0.0,0.1803506314754486,0.0,0.48035064339637756,0.0,0.48035097122192383,0.48035097122192383,0.6923750638961792,0.0,0.0,0.0,0.0,0.0,0.0,0.0,0.0,1.0,0.0,0.055471282452344894,0.3210374712944031,0.5445888638496399,0.7230310440063477,0.0,16.591203689575195,16.576618194580078,16.576618194580078,0.15818870067596436,0.12911200523376465,-3.642637025347284e-10,0.0,0.0,4.846277713775635,4.846277713775635,4.139669895172119,4.139669895172119,0.6253452897071838,0.0,0.0,0.0,0.0,0.48035064339637756,0.0,0.48035097122192383,0.48035097122192383,0.6923750638961792,0.0,4.139669895172119,4.139669895172119,4.139669895172119,4.210618019104004,0.2207811325788498,0.008453235030174255,0.0037001052405685186,1.0,0.8667200803756714,0.8526389002799988,0.8510670065879822,0.0,,,,,,,,,12.0,0.0,0.0,0.0,0.0,0.0,0.0,,,,,,,,,,,,,,,,,,,,,,0.001
18,2860,train,20.135652542114258,16.7576904296875,16.786048889160156,0.0,0.14476345479488373,0.14476345479488373,0.0,0.7525913715362549,3.9999998989515007e-05,0.019999999552965164,0.004000000189989805,0.019999999552965164,0.00039999998989515007,0.00039999998989515007,0.4000000059604645,0.016455907374620438,0.1797402799129486,0.0,0.0,0.0,0.0,0.0,0.0,0.0,0.0,0.7394438982009888,0.7394438982009888,1.0,0.7394438982009888,0.7394438982009888,0.7394438982009888,0.0,0.02467656321823597,0.2655603885650635,1.0,0.016455907374620438,1.0,0.0,0.0,0.016455907374620438,0.0,0.0,0.1797402799129486,0.0,0.47974029183387756,0.0,0.47974056005477905,0.47974056005477905,0.69232577085495,0.0,0.0,0.0,0.0,0.0,0.0,0.0,0.0,1.0,0.0,0.081288181245327,0.32520103454589844,0.588525116443634,0.7043742537498474,0.0,16.786048889160156,16.7576904296875,16.7576904296875,0.16529352962970734,0.13625161349773407,-7.423343190149367e-12,0.0,0.0,4.954172611236572,4.954172134399414,4.439650535583496,4.439650535583496,0.682167649269104,0.0,0.0,0.0,0.0,0.47974029183387756,0.0,0.47974056005477905,0.47974056005477905,0.69232577085495,0.0,4.439650535583496,4.439650058746338,4.439650535583496,4.2898454666137695,0.2655603885650635,0.008859600871801376,0.0039438046514987946,1.0,0.8678272366523743,0.8547152876853943,0.8392834663391113,0.0,,,,,,,,,12.0,0.0,0.0,0.0,0.0,0.0,0.0,,,,,,,,,,,,,,,,,,,,,,0.001
18,2880,train,18.79693603515625,15.644041061401367,15.681157112121582,0.0,0.1027686595916748,0.1027686595916748,0.0,0.5465001463890076,3.9999998989515007e-05,0.019999999552965164,0.004000000189989805,0.019999999552965164,0.00039999998989515007,0.00039999998989515007,0.4000000059604645,0.03026431053876877,0.17904436588287354,0.0,0.0,0.0,0.0,0.0,0.0,0.0,0.0,0.6042143702507019,0.6042143702507019,1.0,0.6042143702507019,0.6042144298553467,0.6042144298553467,0.0,0.02709929086267948,0.2931137979030609,1.0,0.03026431053876877,1.0,0.0,0.0,0.03026431053876877,0.0,0.0,0.17904436588287354,0.0,0.4790443778038025,0.0,0.47904452681541443,0.47904452681541443,0.6922685503959656,0.0,0.0,0.0,0.0,0.0,0.0,0.0,0.0,1.0,0.0,0.06715591251850128,0.3174239695072174,0.49557554721832275,0.7138276696205139,0.0,15.681157112121582,15.644041061401367,15.644041061401367,0.14487333595752716,0.1204381063580513,1.7049493761245316e-10,0.0,0.0,4.953804969787598,4.953804969787598,3.804443359375,3.804443359375,0.5755521059036255,0.0,0.0,0.0,0.0,0.4790443778038025,0.0,0.47904452681541443,0.47904452681541443,0.6922685503959656,0.0,3.804443120956421,3.804443120956421,3.804443359375,3.709548234939575,0.2931137979030609,0.007826680317521095,0.003338458249345422,1.0,0.7964407205581665,0.7822982668876648,0.7978482246398926,0.0,,,,,,,,,12.0,0.0,0.0,0.0,0.0,0.0,0.0,,,,,,,,,,,,,,,,,,,,,,0.001
18,2900,train,19.836353302001953,16.515043258666992,16.515968322753906,0.0,0.14336071908473969,0.14336071908473969,0.0,0.6107022762298584,3.9999998989515007e-05,0.019999999552965164,0.004000000189989805,0.019999999552965164,0.00039999998989515007,0.00039999998989515007,0.4000000059604645,0.03635318949818611,0.17846080660820007,0.0,0.0,0.0,0.0,0.0,0.0,0.0,0.0,0.6307684183120728,0.6307684183120728,1.0,0.6307684183120728,0.6307684183120728,0.6307684183120728,0.0,0.02599426545202732,0.28961774706840515,1.0,0.03635318949818611,1.0,0.0,0.0,0.03635318949818611,0.0,0.0,0.17846080660820007,0.0,0.47846081852912903,0.0,0.4784610867500305,0.4784610867500305,0.6922188997268677,0.0,0.0,0.0,0.0,0.0,0.0,0.0,0.0,1.0,0.0,0.03437597304582596,0.31707608699798584,0.5232402682304382,0.7030191421508789,0.0,16.515968322753906,16.515043258666992,16.515043258666992,0.18561376631259918,0.160899817943573,-4.1737401729191603e-11,0.0,0.0,4.770057201385498,4.770057201385498,4.017718315124512,4.017718315124512,0.74065762758255,0.0,0.0,0.0,0.0,0.47846081852912903,0.0,0.47846105694770813,0.47846105694770813,0.6922188997268677,0.0,4.017718315124512,4.017718315124512,4.017718315124512,3.923835277557373,0.28961774706840515,0.008277997374534607,0.0037533207796514034,1.0,0.7975960373878479,0.791031002998352,0.7882531881332397,0.0,,,,,,,,,12.0,0.0,0.0,0.0,0.0,0.0,0.0,,,,,,,,,,,,,,,,,,,,,,0.001
18,2920,train,19.71848487854004,16.425580978393555,16.36764907836914,0.0,0.1717022955417633,0.1717022955417633,0.0,0.7103872895240784,3.9999998989515007e-05,0.019999999552965164,0.004000000189989805,0.019999999552965164,0.00039999998989515007,0.00039999998989515007,0.4000000059604645,0.03367715701460838,0.1777164340019226,0.0,0.0,0.0,0.0,0.0,0.0,0.0,0.0,0.6595897674560547,0.6595897674560547,1.0,0.6595897674560547,0.6595897674560547,0.6595897674560547,0.0,0.024238968268036842,0.30108433961868286,1.0,0.03367715701460838,1.0,0.0,0.0,0.03367715701460838,0.0,0.0,0.1777164340019226,0.0,0.47771644592285156,0.0,0.4777163863182068,0.4777163863182068,0.6921539306640625,0.0,0.0,0.0,0.0,0.0,0.0,0.0,0.0,1.0,0.0,0.021663982421159744,0.3220834732055664,0.5523183345794678,0.6997554302215576,0.0,16.36764907836914,16.425580978393555,16.425580978393555,0.16882754862308502,0.12802912294864655,7.230572252048262e-10,0.0,0.0,4.933950424194336,4.933949947357178,4.201382160186768,4.201382160186768,0.7328974008560181,0.0,0.0,0.0,0.0,0.47771644592285156,0.0,0.4777163863182068,0.4777163863182068,0.6921539306640625,0.0,4.201382160186768,4.201382160186768,4.201382160186768,3.985722780227661,0.30108433961868286,0.008829448372125626,0.004185433965176344,1.0,0.8632442951202393,0.8686115145683289,0.8537699580192566,0.0,,,,,,,,,12.0,0.0,0.0,0.0,0.0,0.0,0.0,,,,,,,,,,,,,,,,,,,,,,0.001
18,2940,train,20.599912643432617,17.150554656982422,17.152877807617188,0.0,0.1596493422985077,0.1596493422985077,0.0,0.6477802991867065,3.9999998989515007e-05,0.019999999552965164,0.004000000189989805,0.019999999552965164,0.00039999998989515007,0.00039999998989515007,0.4000000059604645,0.049086447805166245,0.17729097604751587,0.0,0.0,0.0,0.0,0.0,0.0,0.0,0.0,0.6446970701217651,0.6446970701217651,1.0,0.6446970701217651,0.6446969509124756,0.6446969509124756,0.0,0.024271154776215553,0.2825849950313568,1.0,0.049086447805166245,1.0,0.0,0.0,0.049086447805166245,0.0,0.0,0.17729097604751587,0.0,0.4772909879684448,0.0,0.47729063034057617,0.47729063034057617,0.6921157240867615,0.0,0.0,0.0,0.0,0.0,0.0,0.0,0.0,1.0,0.0,-0.02399034984409809,0.32149961590766907,0.5318054556846619,0.6934263110160828,0.0,17.152877807617188,17.150554656982422,17.150554656982422,0.17515596747398376,0.142947256565094,-1.658790743652716e-10,0.0,0.0,4.906585693359375,4.906585693359375,4.044597625732422,4.044597625732422,0.7790770530700684,0.0,0.0,0.0,0.0,0.4772909879684448,0.0,0.47729063034057617,0.47729063034057617,0.6921157240867615,0.0,4.044597625732422,4.044597625732422,4.044597625732422,3.969485282897949,0.2825849950313568,0.008275129832327366,0.003646817058324814,1.0,0.8105292320251465,0.8252463340759277,0.816521167755127,0.0,,,,,,,,,12.0,0.0,0.0,0.0,0.0,0.0,0.0,,,,,,,,,,,,,,,,,,,,,,0.001
18,2960,train,18.889293670654297,15.723504066467285,15.735713005065918,0.0,0.12443568557500839,0.12443568557500839,0.0,0.7628740072250366,3.9999998989515007e-05,0.019999999552965164,0.004000000189989805,0.019999999552965164,0.00039999998989515007,0.00039999998989515007,0.4000000059604645,0.031740978360176086,0.17707759141921997,0.0,0.0,0.0,0.0,0.0,0.0,0.0,0.0,0.6683902144432068,0.6683902144432068,1.0,0.6683902144432068,0.6683902144432068,0.6683902144432068,0.0,0.021932756528258324,0.2653363049030304,1.0,0.031740978360176086,1.0,0.0,0.0,0.031740978360176086,0.0,0.0,0.17707759141921997,0.0,0.4770776033401489,0.0,0.4770779311656952,0.4770779311656952,0.6920964121818542,0.0,0.0,0.0,0.0,0.0,0.0,0.0,0.0,1.0,0.0,0.04932398349046707,0.3133583962917328,0.5798903703689575,0.6723957061767578,0.0,15.735713005065918,15.723504066467285,15.723504066467285,0.16756850481033325,0.1527504026889801,3.6725125718284346e-10,0.0,0.0,4.81224250793457,4.81224250793457,4.405272960662842,4.405272960662842,0.6304720640182495,0.0,0.0,0.0,0.0,0.4770776033401489,0.0,0.4770779311656952,0.4770779311656952,0.6920964121818542,0.0,4.405272960662842,4.405272960662842,4.405272960662842,4.087794303894043,0.2653363049030304,0.008724476210772991,0.003867698134854436,1.0,0.7559054493904114,0.8000555038452148,0.7550287246704102,0.0,,,,,,,,,12.0,0.0,0.0,0.0,0.0,0.0,0.0,,,,,,,,,,,,,,,,,,,,,,0.001
18,2980,train,21.407695770263672,17.82658576965332,17.812990188598633,0.0,0.16175179183483124,0.16175179183483124,0.0,0.7279913425445557,3.9999998989515007e-05,0.019999999552965164,0.004000000189989805,0.019999999552965164,0.00039999998989515007,0.00039999998989515007,0.4000000059604645,0.044205524027347565,0.17644193768501282,0.0,0.0,0.0,0.0,0.0,0.0,0.0,0.0,0.631700336933136,0.631700336933136,1.0,0.631700336933136,0.6317003965377808,0.6317003965377808,0.0,0.02200417034327984,0.29734042286872864,1.0,0.044205524027347565,1.0,0.0,0.0,0.044205524027347565,0.0,0.0,0.17644193768501282,0.0,0.4764419496059418,0.0,0.47644171118736267,0.47644171118736267,0.6920368075370789,0.0,0.0,0.0,0.0,0.0,0.0,0.0,0.0,1.0,0.0,0.1071089506149292,0.3198713958263397,0.5566230416297913,0.6759073138237,0.0,17.812990188598633,17.82658576965332,17.82658576965332,0.20700517296791077,0.19041597843170166,9.992007221626409e-11,0.0,0.0,4.819381237030029,4.819381237030029,4.284046173095703,4.284046173095703,0.8368360996246338,0.0,0.0,0.0,0.0,0.4764419496059418,0.0,0.47644171118736267,0.47644171118736267,0.6920368075370789,0.0,4.284046173095703,4.284046173095703,4.284046173095703,3.933434009552002,0.29734042286872864,0.008657068945467472,0.003943823277950287,1.0,0.7721142768859863,0.7704004049301147,0.742097795009613,0.0,,,,,,,,,12.0,0.0,0.0,0.0,0.0,0.0,0.0,,,,,,,,,,,,,,,,,,,,,,0.001
18,3000,train,19.572345733642578,16.300067901611328,16.27083396911621,0.0,0.13367512822151184,0.13367512822151184,0.0,0.641778826713562,3.9999998989515007e-05,0.019999999552965164,0.004000000189989805,0.019999999552965164,0.00039999998989515007,0.00039999998989515007,0.4000000059604645,0.03418359160423279,0.1764785647392273,0.0,0.0,0.0,0.0,0.0,0.0,0.0,0.0,0.6386681795120239,0.6386681795120239,1.0,0.6386681795120239,0.6386681795120239,0.6386681795120239,0.0,0.023052919656038284,0.2641723155975342,1.0,0.03418359160423279,1.0,0.0,0.0,0.03418359160423279,0.0,0.0,0.1764785647392273,0.0,0.47647857666015625,0.0,0.4764784574508667,0.4764784574508667,0.6920398473739624,0.0,0.0,0.0,0.0,0.0,0.0,0.0,0.0,1.0,0.0,0.02568073756992817,0.31574293971061707,0.5163657665252686,0.6842171549797058,0.0,16.27083396911621,16.300067901611328,16.300067901611328,0.1828273981809616,0.16181840002536774,2.0511425891100998e-10,0.0,0.0,4.6357879638671875,4.6357879638671875,3.988591194152832,3.988591194152832,0.7123006582260132,0.0,0.0,0.0,0.0,0.47647857666015625,0.0,0.4764784574508667,0.4764784574508667,0.6920398473739624,0.0,3.988591194152832,3.988591194152832,3.988591194152832,3.914896249771118,0.2641723155975342,0.008317073807120323,0.0037097041495144367,1.0,0.7753245234489441,0.7910294532775879,0.7827696204185486,0.0,,,,,,,,,12.0,0.0,0.0,0.0,0.0,0.0,0.0,,,,,,,,,,,,,,,,,,,,,,0.001
18,3006,train_epoch,20.128758504719077,16.755391480679997,16.768631049972807,0.0,0.14022819867391073,0.14022819867391073,0.0,0.6930246024788497,3.9999998989515007e-05,0.019999999552965164,0.004000000189989805,0.019999999552965164,0.00039999998989515007,0.00039999998989515007,0.4000000059604645,0.03239381550894883,0.17797071741012757,0.0,0.0,0.0,0.0,0.0,0.0,0.0,0.0,0.6968507188522887,0.6968507188522887,1.0,0.6968507188522887,0.6968507206368589,0.6968507206368589,0.0,0.024012202318913923,0.27883978473569104,1.0,0.03239381550894883,1.0,0.0,0.0,0.03239381550894883,0.0,0.0,0.17797071741012757,0.0,0.4779707300448846,0.0,0.47797069381810947,0.47797069381810947,0.6921733132379497,0.0,0.0,0.0,0.0,0.0,0.0,0.0,0.0,1.0,0.0,0.044384028042477,0.31844495995315963,0.5504898357534123,0.6922835818307842,0.0,16.768631049972807,16.755391480679997,16.755391480679997,0.17291480980947346,0.14777721723396622,4.7056240746403057e-11,0.0,0.0,4.823309881244591,4.823309869823341,4.1921079772675105,4.1921079772675105,0.7057803822848612,0.0,0.0,0.0,0.0,0.4779707293310565,0.0,0.47797068311068824,0.47797068311068824,0.6921733132379497,0.0,4.192107885897516,4.192107851633769,4.1921079772675105,4.16031337069894,0.27883978473569104,0.008562694970116823,0.0038421384022643643,1.0,0.8110356712769605,0.8107753806485387,0.8111402256760055,0.0,,,,,,,,,12.0,0.0,0.0,0.0,0.0,0.0,0.0,,,,,,,,,,,,,,,,,,,,,,0.001
18,3006,val,,,,,,,,,,,,,,,,,,,,,,,,,,,,,,,,,,,,,,,,,,,,,,,,,,,,,,,,,,,,,,,,,,,,,,,,,,,,,,,,,,,,,,,,,,,,,,,,,,,,,,,,,,,,,,,,,,,16.8278751373291,713.1339111328125,26.704567233580335,0.14179088175296783,0.07204645872116089,15.15307903289795,24.02212013664437,0.12047813832759857,0.06493740528821945,16.812957763671875,26.680961719205676,0.14462998509407043,0.07199036329984665,19.361011505126953,30.504482252613304,0.16302762925624847,0.08277106285095215,16.8278751373291,26.704567233580335,0.14179088175296783,0.07204645872116089,0.001
18,3006,test_select,,,,,,,,,,,,,,,,,,,,,,,,,,,,,,,,,,,,,,,,,,,,,,,,,,,,,,,,,,,,,,,,,,,,,,,,,,,,,,,,,,,,,,,,,,,,,,,,,,,,,,,,,,,,,,,,,,,22.677608489990234,1362.3189697265625,36.90960538567925,0.13993820548057556,0.09209414571523666,18.02130699157715,28.49550124683884,0.11170734465122223,0.07316897809505463,22.29738426208496,35.685635760195936,0.14020301401615143,0.09054530411958694,29.152292251586914,46.656079935222536,0.17270725965499878,0.11843423545360565,22.677608489990234,36.90960538567925,0.13993820548057556,0.09209414571523666,0.001
19,3020,train,19.17748260498047,15.963608741760254,15.964390754699707,0.0,0.14059719443321228,0.14059719443321228,0.0,0.7117481231689453,4.5000000682193786e-05,0.02250000089406967,0.0044999998062849045,0.02250000089406967,0.00044999999227002263,0.00044999999227002263,0.44999998807907104,0.02837192267179489,0.1767895519733429,0.0,0.0,0.0,0.0,0.0,0.0,0.0,0.0,0.6557539701461792,0.6557539701461792,1.0,0.6557539701461792,0.6557539701461792,0.6557539701461792,0.0,0.019178884103894234,0.2368622124195099,1.0,0.02837192267179489,1.0,0.0,0.0,0.02837192267179489,0.0,0.0,0.1767895519733429,0.0,0.47678956389427185,0.0,0.47678953409194946,0.47678953409194946,0.6920696496963501,0.0,0.0,0.0,0.0,0.0,0.0,0.0,0.0,1.0,0.0,0.032799698412418365,0.31474512815475464,0.550205647945404,0.6742064952850342,0.0,15.964390754699707,15.963608741760254,15.963608741760254,0.17128854990005493,0.14956499636173248,3.865979585071511e-12,0.0,0.0,5.056703090667725,5.056703090667725,4.221602916717529,4.221602916717529,0.7039153575897217,0.0,0.0,0.0,0.0,0.47678956389427185,0.0,0.4767895042896271,0.4767895042896271,0.6920696496963501,0.0,4.221602916717529,4.221602916717529,4.221602916717529,4.038849353790283,0.2368622124195099,0.008649218827486038,0.003981837537139654,1.0,0.7853953838348389,0.7879952192306519,0.7739332914352417,0.0,,,,,,,,,12.0,0.0,0.0,0.0,0.0,0.0,0.0,,,,,,,,,,,,,,,,,,,,,,0.001
19,3040,train,19.716182708740234,16.406654357910156,16.446739196777344,0.0,0.11971665918827057,0.11971665918827057,0.0,0.6303858757019043,4.5000000682193786e-05,0.02250000089406967,0.0044999998062849045,0.02250000089406967,0.00044999999227002263,0.00044999999227002263,0.44999998807907104,0.019173474982380867,0.17681771516799927,0.0,0.0,0.0,0.0,0.0,0.0,0.0,0.0,0.6432032585144043,0.6432032585144043,1.0,0.6432032585144043,0.6432031989097595,0.6432031989097595,0.0,0.019435232505202293,0.2511233985424042,1.0,0.019173474982380867,1.0,0.0,0.0,0.019173474982380867,0.0,0.0,0.17681771516799927,0.0,0.47681769728660583,0.0,0.4768174886703491,0.4768174886703491,0.6920714378356934,0.0,0.0,0.0,0.0,0.0,0.0,0.0,0.0,1.0,0.0,0.026017658412456512,0.30994173884391785,0.5132608413696289,0.6747376918792725,0.0,16.446739196777344,16.406654357910156,16.406654357910156,0.17505396902561188,0.14966081082820892,3.2117553061539184e-10,0.0,0.0,4.952010154724121,4.952010154724121,3.9533228874206543,3.9533228874206543,0.7204004526138306,0.0,0.0,0.0,0.0,0.4768177270889282,0.0,0.4768174886703491,0.4768174886703491,0.6920714378356934,0.0,3.9533228874206543,3.9533228874206543,3.9533228874206543,4.040905475616455,0.2511233985424042,0.008077447302639484,0.0035825541708618402,1.0,0.7409780621528625,0.7444967031478882,0.7510745525360107,0.0,,,,,,,,,12.0,0.0,0.0,0.0,0.0,0.0,0.0,,,,,,,,,,,,,,,,,,,,,,0.001
19,3060,train,21.303422927856445,17.741037368774414,17.709989547729492,0.0,0.14699018001556396,0.14699018001556396,0.0,0.753491997718811,4.5000000682193786e-05,0.02250000089406967,0.0044999998062849045,0.02250000089406967,0.00044999999227002263,0.00044999999227002263,0.44999998807907104,0.029210008680820465,0.17590877413749695,0.0,0.0,0.0,0.0,0.0,0.0,0.0,0.0,0.6279175877571106,0.6279175877571106,1.0,0.6279175877571106,0.6279176473617554,0.6279176473617554,0.0,0.02139456570148468,0.30026036500930786,1.0,0.029210008680820465,1.0,0.0,0.0,0.029210008680820465,0.0,0.0,0.17590877413749695,0.0,0.4759087860584259,0.0,0.47590920329093933,0.47590920329093933,0.691986083984375,0.0,0.0,0.0,0.0,0.0,0.0,0.0,0.0,1.0,0.0,0.08859711140394211,0.31389155983924866,0.5500752925872803,0.6556141972541809,0.0,17.709989547729492,17.741037368774414,17.741037368774414,0.1728149950504303,0.15015526115894318,-2.5547981698931244e-12,0.0,0.0,4.822522163391113,4.822522163391113,4.2134833335876465,4.2134833335876465,0.6980600953102112,0.0,0.0,0.0,0.0,0.4759087860584259,0.0,0.47590920329093933,0.47590920329093933,0.691986083984375,0.0,4.2134833335876465,4.2134833335876465,4.2134833335876465,3.9989871978759766,0.30026036500930786,0.008711949922144413,0.004056059289723635,1.0,0.8096621632575989,0.790793776512146,0.7674404382705688,0.0,,,,,,,,,12.0,0.0,0.0,0.0,0.0,0.0,0.0,,,,,,,,,,,,,,,,,,,,,,0.001
19,3080,train,20.494394302368164,17.066789627075195,17.028305053710938,0.0,0.1358170062303543,0.1358170062303543,0.0,0.6955201625823975,4.5000000682193786e-05,0.02250000089406967,0.0044999998062849045,0.02250000089406967,0.00044999999227002263,0.00044999999227002263,0.44999998807907104,0.03153444081544876,0.17586395144462585,0.0,0.0,0.0,0.0,0.0,0.0,0.0,0.0,0.6950404047966003,0.6950404047966003,1.0,0.6950404047966003,0.6950404644012451,0.6950404644012451,0.0,0.019582588225603104,0.2763960361480713,1.0,0.03153444081544876,1.0,0.0,0.0,0.03153444081544876,0.0,0.0,0.17586395144462585,0.0,0.4758639633655548,0.0,0.4758635461330414,0.4758635461330414,0.6919820308685303,0.0,0.0,0.0,0.0,0.0,0.0,0.0,0.0,1.0,0.0,0.07083474844694138,0.3236710727214813,0.5297503471374512,0.6687037348747253,0.0,17.028305053710938,17.066789627075195,17.066789627075195,0.1679670214653015,0.1417768895626068,2.4731000580757723e-10,0.0,0.0,4.855271816253662,4.85527229309082,4.059131145477295,4.059131145477295,0.6941874623298645,0.0,0.0,0.0,0.0,0.4758639633655548,0.0,0.4758635461330414,0.4758635461330414,0.6919820308685303,0.0,4.059131145477295,4.059131145477295,4.059131145477295,4.251858711242676,0.2763960361480713,0.008334318175911903,0.003865940263494849,1.0,0.7748600840568542,0.7955585718154907,0.8146011233329773,0.0,,,,,,,,,12.0,0.0,0.0,0.0,0.0,0.0,0.0,,,,,,,,,,,,,,,,,,,,,,0.001
19,3100,train,18.520235061645508,15.414349555969238,15.435212135314941,0.0,0.11820917576551437,0.11820917576551437,0.0,0.689034640789032,4.5000000682193786e-05,0.02250000089406967,0.0044999998062849045,0.02250000089406967,0.00044999999227002263,0.00044999999227002263,0.44999998807907104,0.023754296824336052,0.17506512999534607,0.0,0.0,0.0,0.0,0.0,0.0,0.0,0.0,0.5949300527572632,0.5949300527572632,1.0,0.5949300527572632,0.5949300527572632,0.5949300527572632,0.0,0.02106565050780773,0.3117101490497589,1.0,0.023754296824336052,1.0,0.0,0.0,0.023754296824336052,0.0,0.0,0.17506512999534607,0.0,0.475065141916275,0.0,0.475064754486084,0.475064754486084,0.6919025778770447,0.0,0.0,0.0,0.0,0.0,0.0,0.0,0.0,1.0,0.0,0.03401748836040497,0.3194302022457123,0.5278691053390503,0.6601561903953552,0.0,15.435212135314941,15.414349555969238,15.414349555969238,0.1471414864063263,0.11453049629926682,3.928725747504025e-11,0.0,0.0,4.913315773010254,4.913315773010254,4.0671162605285645,4.0671162605285645,0.600738525390625,0.0,0.0,0.0,0.0,0.475065141916275,0.0,0.475064754486084,0.475064754486084,0.6919025778770447,0.0,4.0671162605285645,4.0671162605285645,4.0671162605285645,3.802274227142334,0.3117101490497589,0.008040043525397778,0.003609215607866645,1.0,0.8038904666900635,0.7950714826583862,0.7771832346916199,0.0,,,,,,,,,12.0,0.0,0.0,0.0,0.0,0.0,0.0,,,,,,,,,,,,,,,,,,,,,,0.001
19,3120,train,18.778797149658203,15.630945205688477,15.64793872833252,0.0,0.10549689829349518,0.10549689829349518,0.0,0.7135598063468933,4.5000000682193786e-05,0.02250000089406967,0.0044999998062849045,0.02250000089406967,0.00044999999227002263,0.00044999999227002263,0.44999998807907104,0.03188662230968475,0.17402011156082153,0.0,0.0,0.0,0.0,0.0,0.0,0.0,0.0,0.5838921666145325,0.5838921666145325,1.0,0.5838921666145325,0.5838921666145325,0.5838921666145325,0.0,0.023560987785458565,0.3399079144001007,1.0,0.03188662230968475,1.0,0.0,0.0,0.03188662230968475,0.0,0.0,0.17402011156082153,0.0,0.4740201234817505,0.0,0.4740203022956848,0.4740203022956848,0.6917965412139893,0.0,0.0,0.0,0.0,0.0,0.0,0.0,0.0,1.0,0.0,0.0044806650839746,0.31517931818962097,0.5219652652740479,0.6431200504302979,0.0,15.64793872833252,15.630945205688477,15.630945205688477,0.1621510088443756,0.1333887279033661,1.193563997636815e-10,0.0,0.0,4.587322235107422,4.587322235107422,4.026455402374268,4.026455402374268,0.6253278255462646,0.0,0.0,0.0,0.0,0.4740201234817505,0.0,0.4740202724933624,0.4740202724933624,0.6917965412139893,0.0,4.026455402374268,4.026455402374268,4.026455402374268,3.8157269954681396,0.3399079144001007,0.007972330786287785,0.0035147254820913076,1.0,0.7681199312210083,0.7918440699577332,0.7999307513237,0.0,,,,,,,,,12.0,0.0,0.0,0.0,0.0,0.0,0.0,,,,,,,,,,,,,,,,,,,,,,0.001
19,3140,train,18.679962158203125,15.540453910827637,15.584664344787598,0.0,0.13784469664096832,0.13784469664096832,0.0,0.9363720417022705,4.5000000682193786e-05,0.02250000089406967,0.0044999998062849045,0.02250000089406967,0.00044999999227002263,0.00044999999227002263,0.44999998807907104,0.03679533302783966,0.17369768023490906,0.0,0.0,0.0,0.0,0.0,0.0,0.0,0.0,0.7161625027656555,0.7161625027656555,1.0,0.7161625027656555,0.7161625027656555,0.7161625027656555,0.0,0.022057034075260162,0.3102816343307495,1.0,0.03679533302783966,1.0,0.0,0.0,0.03679533302783966,0.0,0.0,0.17369768023490906,0.0,0.4736977219581604,0.0,0.4736977815628052,0.4736977815628052,0.6917634010314941,0.0,0.0,0.0,0.0,0.0,0.0,0.0,0.0,1.0,0.0,0.09978705644607544,0.31082311272621155,0.6118461489677429,0.6196302771568298,0.0,15.584664344787598,15.540453910827637,15.540453910827637,0.16247053444385529,0.13711123168468475,-2.6397878327699686e-10,0.0,0.0,4.75648832321167,4.756487846374512,4.668931007385254,4.668931007385254,0.6111975312232971,0.0,0.0,0.0,0.0,0.473697692155838,0.0,0.4736977815628052,0.4736977815628052,0.6917634010314941,0.0,4.668930530548096,4.668930530548096,4.668931007385254,4.3754658699035645,0.3102816343307495,0.009089546278119087,0.004287831950932741,1.0,0.8187383413314819,0.7907671928405762,0.7609922289848328,0.0,,,,,,,,,12.0,0.0,0.0,0.0,0.0,0.0,0.0,,,,,,,,,,,,,,,,,,,,,,0.001
19,3160,train,21.114192962646484,17.571441650390625,17.610132217407227,0.0,0.12531223893165588,0.12531223893165588,0.0,0.7344712615013123,4.5000000682193786e-05,0.02250000089406967,0.0044999998062849045,0.02250000089406967,0.00044999999227002263,0.00044999999227002263,0.44999998807907104,0.03563051298260689,0.17370527982711792,0.0,0.0,0.0,0.0,0.0,0.0,0.0,0.0,0.6585392355918884,0.6585392355918884,1.0,0.6585392355918884,0.6585392355918884,0.6585392355918884,0.0,0.021536529064178467,0.2937215268611908,1.0,0.03563051298260689,1.0,0.0,0.0,0.03563051298260689,0.0,0.0,0.17370527982711792,0.0,0.4737052619457245,0.0,0.47370514273643494,0.47370514273643494,0.6917637586593628,0.0,0.0,0.0,0.0,0.0,0.0,0.0,0.0,1.0,0.0,0.1118040382862091,0.3121536076068878,0.5292863845825195,0.646324634552002,0.0,17.610132217407227,17.571441650390625,17.571441650390625,0.1655498594045639,0.14059029519557953,-2.915480912246693e-10,0.0,0.0,4.768181800842285,4.768181800842285,4.098868370056152,4.098868370056152,0.6615090370178223,0.0,0.0,0.0,0.0,0.4737052917480469,0.0,0.47370511293411255,0.47370511293411255,0.6917637586593628,0.0,4.098867893218994,4.098868370056152,4.098868370056152,4.1298909187316895,0.2937215268611908,0.008266540244221687,0.003790023736655712,1.0,0.8049496412277222,0.7876083254814148,0.8222798109054565,0.0,,,,,,,,,12.0,0.0,0.0,0.0,0.0,0.0,0.0,,,,,,,,,,,,,,,,,,,,,,0.001
19,3173,train_epoch,20.08883881711674,16.721235092528566,16.732133008762748,0.0,0.134786214924858,0.134786214924858,0.0,0.7337763147082871,4.5000000682193786e-05,0.02250000089406967,0.0044999998062849045,0.02250000089406967,0.00044999999227002263,0.00044999999227002263,0.44999998807907104,0.032880666598811475,0.17522259475942142,0.0,0.0,0.0,0.0,0.0,0.0,0.0,0.0,0.6673171541647996,0.6673171541647996,1.0,0.6673171541647996,0.6673171491680031,0.6673171491680031,0.0,0.02086641949540127,0.2893439126228858,1.0,0.032880666598811475,1.0,0.0,0.0,0.032880666598811475,0.0,0.0,0.17522259475942142,0.0,0.4752226091787487,0.0,0.4752225918684177,0.4752225918684177,0.6919157722752965,0.0,0.0,0.0,0.0,0.0,0.0,0.0,0.0,1.0,0.0,0.04108950417617869,0.3139587242803174,0.5412953003437934,0.6566051730138813,0.0,16.732133008762748,16.721235092528566,16.721235092528566,0.17454743197935071,0.14986734797140797,-9.404317368714757e-12,0.0,0.0,4.804609487156668,4.804609495722605,4.154475651815266,4.154475651815266,0.7073560139376246,0.0,0.0,0.0,0.0,0.4752226066803504,0.0,0.47522258116099647,0.47522258116099647,0.6919157722752965,0.0,4.154475539030429,4.1544755561623035,4.154475651815266,4.126389177973399,0.2893439126228858,0.008346943368767193,0.0038002449656630347,1.0,0.7788072920844941,0.7795325210708344,0.7799578851568485,0.0,,,,,,,,,12.0,0.0,0.0,0.0,0.0,0.0,0.0,,,,,,,,,,,,,,,,,,,,,,0.001
19,3173,val,,,,,,,,,,,,,,,,,,,,,,,,,,,,,,,,,,,,,,,,,,,,,,,,,,,,,,,,,,,,,,,,,,,,,,,,,,,,,,,,,,,,,,,,,,,,,,,,,,,,,,,,,,,,,,,,,,,16.510608673095703,699.1131591796875,26.440748082830172,0.1244737058877945,0.07068812102079391,15.29323673248291,24.22451040365677,0.12078536301851273,0.06553804874420166,16.091197967529297,26.089868021492677,0.11020413786172867,0.06889990717172623,18.70110321044922,29.84263434596603,0.1409088522195816,0.07994985580444336,16.510608673095703,26.440748082830172,0.1244737058877945,0.07068812102079391,0.001
19,3173,test_select,,,,,,,,,,,,,,,,,,,,,,,,,,,,,,,,,,,,,,,,,,,,,,,,,,,,,,,,,,,,,,,,,,,,,,,,,,,,,,,,,,,,,,,,,,,,,,,,,,,,,,,,,,,,,,,,,,,22.182649612426758,1315.840576171875,36.274516897842695,0.1275222897529602,0.09008409827947617,17.908212661743164,28.4863012753773,0.11182616651058197,0.07270979881286621,21.97197151184082,35.59978719926304,0.11896276473999023,0.08922386169433594,28.639175415039062,45.96134850763873,0.15881991386413574,0.11634963005781174,22.182649612426758,36.274516897842695,0.1275222897529602,0.09008409827947617,0.001
20,3180,train,19.300783157348633,16.059988021850586,16.09671401977539,0.0,0.13984254002571106,0.13984254002571106,0.0,0.8375295996665955,4.999999873689376e-05,0.02500000037252903,0.004999999888241291,0.02500000037252903,0.0005000000237487257,0.0005000000237487257,0.5,0.0285847969353199,0.1733490228652954,0.0,0.0,0.0,0.0,0.0,0.0,0.0,0.0,0.5938127040863037,0.5938127040863037,1.0,0.5938127040863037,0.5938127040863037,0.5938127040863037,0.0,0.01913059502840042,0.30178582668304443,1.0,0.0285847969353199,1.0,0.0,0.0,0.0285847969353199,0.0,0.0,0.1733490228652954,0.0,0.47334906458854675,0.0,0.47334927320480347,0.47334927320480347,0.6917263865470886,0.0,0.0,0.0,0.0,0.0,0.0,0.0,0.0,1.0,0.0,0.0410136878490448,0.32071274518966675,0.565661609172821,0.6306055784225464,0.0,16.09671401977539,16.059988021850586,16.059988021850586,0.16238096356391907,0.14260490238666534,-1.3710119151078004e-10,0.0,0.0,4.9479851722717285,4.9479851722717285,4.342973232269287,4.342973232269287,0.652933657169342,0.0,0.0,0.0,0.0,0.47334903478622437,0.0,0.4733492434024811,0.4733492434024811,0.6917263865470886,0.0,4.342972278594971,4.342972278594971,4.342973232269287,3.904306173324585,0.30178582668304443,0.008525566197931767,0.003976089414209127,1.0,0.7391113042831421,0.7949401140213013,0.765742301940918,0.0,,,,,,,,,12.0,0.0,0.0,0.0,0.0,0.0,0.0,,,,,,,,,,,,,,,,,,,,,,0.001
20,3200,train,20.349668502807617,16.93377113342285,16.968637466430664,0.0,0.12005399912595749,0.12005399912595749,0.0,0.7330074906349182,4.999999873689376e-05,0.02500000037252903,0.004999999888241291,0.02500000037252903,0.0005000000237487257,0.0005000000237487257,0.5,0.034963808953762054,0.17290231585502625,0.0,0.0,0.0,0.0,0.0,0.0,0.0,0.0,0.6342368125915527,0.6342368125915527,1.0,0.6342368125915527,0.6342368125915527,0.6342368125915527,0.0,0.020357241854071617,0.31390389800071716,1.0,0.034963808953762054,1.0,0.0,0.0,0.034963808953762054,0.0,0.0,0.17290231585502625,0.0,0.4729023575782776,0.0,0.4729023575782776,0.4729023575782776,0.691677451133728,0.0,0.0,0.0,0.0,0.0,0.0,0.0,0.0,1.0,0.0,0.11026301980018616,0.31667858362197876,0.5235688090324402,0.6401191353797913,0.0,16.968637466430664,16.93377113342285,16.93377113342285,0.1625898778438568,0.1305503100156784,-1.641694002962879e-10,0.0,0.0,4.758515357971191,4.758515357971191,4.046281337738037,4.046281337738037,0.653597354888916,0.0,0.0,0.0,0.0,0.4729023277759552,0.0,0.4729023277759552,0.4729023277759552,0.691677451133728,0.0,4.046280860900879,4.046280860900879,4.046281337738037,4.100950717926025,0.31390389800071716,0.00814803410321474,0.003742857603356242,1.0,0.7931923866271973,0.7996965646743774,0.8145796656608582,0.0,,,,,,,,,12.0,0.0,0.0,0.0,0.0,0.0,0.0,,,,,,,,,,,,,,,,,,,,,,0.001
20,3220,train,19.479785919189453,16.21620750427246,16.203763961791992,0.0,0.11780808120965958,0.11780808120965958,0.0,0.614955723285675,4.999999873689376e-05,0.02500000037252903,0.004999999888241291,0.02500000037252903,0.0005000000237487257,0.0005000000237487257,0.5,0.032164812088012695,0.17286786437034607,0.0,0.0,0.0,0.0,0.0,0.0,0.0,0.0,0.6582744717597961,0.6582744717597961,1.0,0.6582744717597961,0.6582744717597961,0.6582744717597961,0.0,0.01904820092022419,0.2987106144428253,1.0,0.032164812088012695,1.0,0.0,0.0,0.032164812088012695,0.0,0.0,0.17286786437034607,0.0,0.472867876291275,0.0,0.47286757826805115,0.47286757826805115,0.6916736364364624,0.0,0.0,0.0,0.0,0.0,0.0,0.0,0.0,1.0,0.0,-0.01743253320455551,0.3148908317089081,0.4759838879108429,0.649181604385376,0.0,16.203763961791992,16.21620750427246,16.21620750427246,0.1738704890012741,0.1524314284324646,2.5461421859773736e-10,0.0,0.0,4.725088596343994,4.725088596343994,3.7097384929656982,3.7097384929656982,0.6860675811767578,0.0,0.0,0.0,0.0,0.472867876291275,0.0,0.47286754846572876,0.47286754846572876,0.6916736364364624,0.0,3.709737777709961,3.7097384929656982,3.7097384929656982,4.1484270095825195,0.2987106144428253,0.0076186032965779305,0.003388806013390422,1.0,0.7667757272720337,0.7739880084991455,0.8094401359558105,0.0,,,,,,,,,12.0,0.0,0.0,0.0,0.0,0.0,0.0,,,,,,,,,,,,,,,,,,,,,,0.001
20,3240,train,19.700559616088867,16.395368576049805,16.407663345336914,0.0,0.11595359444618225,0.11595359444618225,0.0,0.8547807931900024,4.999999873689376e-05,0.02500000037252903,0.004999999888241291,0.02500000037252903,0.0005000000237487257,0.0005000000237487257,0.5,0.02552458457648754,0.1720496118068695,0.0,0.0,0.0,0.0,0.0,0.0,0.0,0.0,0.687232494354248,0.687232494354248,1.0,0.687232494354248,0.687232494354248,0.687232494354248,0.0,0.01739325560629368,0.32721590995788574,1.0,0.02552458457648754,1.0,0.0,0.0,0.02552458457648754,0.0,0.0,0.1720496118068695,0.0,0.47204962372779846,0.0,0.4720492959022522,0.4720492959022522,0.6915842294692993,0.0,0.0,0.0,0.0,0.0,0.0,0.0,0.0,1.0,0.0,0.046037476509809494,0.3077983558177948,0.5680293440818787,0.6192286014556885,0.0,16.407663345336914,16.395368576049805,16.395368576049805,0.1765485554933548,0.1513640284538269,4.244756768301272e-10,0.0,0.0,4.809826374053955,4.809826374053955,4.383973598480225,4.383973598480225,0.7257131934165955,0.0,0.0,0.0,0.0,0.47204962372779846,0.0,0.4720492660999298,0.4720492660999298,0.6915842294692993,0.0,4.383973598480225,4.383973598480225,4.383973598480225,4.365359306335449,0.32721590995788574,0.008400087244808674,0.0038490667939186096,1.0,0.7863439917564392,0.786474883556366,0.7662051916122437,0.0,,,,,,,,,12.0,0.0,0.0,0.0,0.0,0.0,0.0,,,,,,,,,,,,,,,,,,,,,,0.001
20,3260,train,21.01142692565918,17.485078811645508,17.514738082885742,0.0,0.1242973655462265,0.1242973655462265,0.0,0.8651225566864014,4.999999873689376e-05,0.02500000037252903,0.004999999888241291,0.02500000037252903,0.0005000000237487257,0.0005000000237487257,0.5,0.05256509408354759,0.1716030240058899,0.0,0.0,0.0,0.0,0.0,0.0,0.0,0.0,0.6712043285369873,0.6712043285369873,1.0,0.6712043285369873,0.6712043881416321,0.6712043881416321,0.0,0.020316166803240776,0.3278167247772217,1.0,0.05256509408354759,1.0,0.0,0.0,0.05256509408354759,0.0,0.0,0.1716030240058899,0.0,0.47160303592681885,0.0,0.47160276770591736,0.47160276770591736,0.6915335059165955,0.0,0.0,0.0,0.0,0.0,0.0,0.0,0.0,1.0,0.0,0.08853469789028168,0.3088620901107788,0.569134533405304,0.6223845481872559,0.0,17.514738082885742,17.485078811645508,17.485078811645508,0.18220199644565582,0.15974652767181396,9.97732313434696e-11,0.0,0.0,4.541682720184326,4.541682720184326,4.355135917663574,4.355135917663574,0.6654891967773438,0.0,0.0,0.0,0.0,0.47160303592681885,0.0,0.47160276770591736,0.47160276770591736,0.6915335059165955,0.0,4.355135917663574,4.355135917663574,4.355135917663574,4.270349025726318,0.3278167247772217,0.008342246524989605,0.0037896824069321156,1.0,0.8371573686599731,0.8245121240615845,0.7883912920951843,0.0,,,,,,,,,12.0,0.0,0.0,0.0,0.0,0.0,0.0,,,,,,,,,,,,,,,,,,,,,,0.001
20,3280,train,19.905973434448242,16.56586456298828,16.584501266479492,0.0,0.11555209010839462,0.11555209010839462,0.0,0.7959823608398438,4.999999873689376e-05,0.02500000037252903,0.004999999888241291,0.02500000037252903,0.0005000000237487257,0.0005000000237487257,0.5,0.04242554306983948,0.17190906405448914,0.0,0.0,0.0,0.0,0.0,0.0,0.0,0.0,0.6724091172218323,0.6724091172218323,1.0,0.6724091172218323,0.6724091172218323,0.6724091172218323,0.0,0.019498299807310104,0.29294949769973755,1.0,0.04242554306983948,1.0,0.0,0.0,0.04242554306983948,0.0,0.0,0.17190906405448914,0.0,0.4719090759754181,0.0,0.47190937399864197,0.47190937399864197,0.6915678381919861,0.0,0.0,0.0,0.0,0.0,0.0,0.0,0.0,1.0,0.0,0.06120302155613899,0.3152056038379669,0.5390015840530396,0.630105197429657,0.0,16.584501266479492,16.56586456298828,16.56586456298828,0.1679379642009735,0.13404805958271027,-2.66284883032597e-10,0.0,0.0,4.605850696563721,4.605850696563721,4.190467357635498,4.190467357635498,0.6462655067443848,0.0,0.0,0.0,0.0,0.4719090759754181,0.0,0.47190937399864197,0.47190937399864197,0.6915678381919861,0.0,4.190467357635498,4.19046688079834,4.190467357635498,4.2321391105651855,0.29294949769973755,0.008169248700141907,0.0037290132604539394,1.0,0.7923779487609863,0.752368152141571,0.7704089879989624,0.0,,,,,,,,,12.0,0.0,0.0,0.0,0.0,0.0,0.0,,,,,,,,,,,,,,,,,,,,,,0.001
20,3300,train,21.69059181213379,18.05098533630371,18.089019775390625,0.0,0.13000106811523438,0.13000106811523438,0.0,0.7176941633224487,4.999999873689376e-05,0.02500000037252903,0.004999999888241291,0.02500000037252903,0.0005000000237487257,0.0005000000237487257,0.5,0.027708865702152252,0.1724674105644226,0.0,0.0,0.0,0.0,0.0,0.0,0.0,0.0,0.6139362454414368,0.6139362454414368,1.0,0.6139362454414368,0.6139362454414368,0.6139362454414368,0.0,0.018520787358283997,0.2664039134979248,1.0,0.027708865702152252,1.0,0.0,0.0,0.027708865702152252,0.0,0.0,0.1724674105644226,0.0,0.47246742248535156,0.0,0.472467303276062,0.472467303276062,0.6916302442550659,0.0,0.0,0.0,0.0,0.0,0.0,0.0,0.0,1.0,0.0,0.04676654934883118,0.30743759870529175,0.5182154774665833,0.6343221068382263,0.0,18.089019775390625,18.05098533630371,18.05098533630371,0.17975260317325592,0.15119770169258118,-3.031487560978263e-10,0.0,0.0,4.887540817260742,4.887540817260742,4.026580333709717,4.026580333709717,0.7390285730361938,0.0,0.0,0.0,0.0,0.47246742248535156,0.0,0.472467303276062,0.472467303276062,0.6916302442550659,0.0,4.026580333709717,4.026580333709717,4.026580333709717,4.001537322998047,0.2664039134979248,0.007927831262350082,0.0036337589845061302,1.0,0.7754827737808228,0.7366945743560791,0.7247642874717712,0.0,,,,,,,,,12.0,0.0,0.0,0.0,0.0,0.0,0.0,,,,,,,,,,,,,,,,,,,,,,0.001
20,3320,train,21.20216178894043,17.6456356048584,17.66460609436035,0.0,0.1329335719347,0.1329335719347,0.0,0.7076606750488281,4.999999873689376e-05,0.02500000037252903,0.004999999888241291,0.02500000037252903,0.0005000000237487257,0.0005000000237487257,0.5,0.03944576159119606,0.17310437560081482,0.0,0.0,0.0,0.0,0.0,0.0,0.0,0.0,0.6714178919792175,0.6714178919792175,1.0,0.6714178919792175,0.6714178919792175,0.6714178919792175,0.0,0.014817026443779469,0.2471485286951065,1.0,0.03944576159119606,1.0,0.0,0.0,0.03944576159119606,0.0,0.0,0.17310437560081482,0.0,0.4731043875217438,0.0,0.4731040894985199,0.4731040894985199,0.6916999220848083,0.0,0.0,0.0,0.0,0.0,0.0,0.0,0.0,1.0,0.0,0.08277212083339691,0.31084662675857544,0.5092452168464661,0.6418296098709106,0.0,17.66460609436035,17.6456356048584,17.6456356048584,0.19445809721946716,0.1679326444864273,-3.2681194556127835e-11,0.0,0.0,4.889316558837891,4.889316558837891,3.973219633102417,3.973219633102417,0.8181504607200623,0.0,0.0,0.0,0.0,0.4731043875217438,0.0,0.4731040596961975,0.4731040596961975,0.6916999220848083,0.0,3.973219394683838,3.973219633102417,3.973219633102417,4.237553596496582,0.2471485286951065,0.0079808933660388,0.0037177002523094416,1.0,0.7409185767173767,0.7533026933670044,0.7510225176811218,0.0,,,,,,,,,12.0,0.0,0.0,0.0,0.0,0.0,0.0,,,,,,,,,,,,,,,,,,,,,,0.001
20,3340,train,20.711088180541992,17.24109649658203,17.245960235595703,0.0,0.12887898087501526,0.12887898087501526,0.0,0.6729262471199036,4.999999873689376e-05,0.02500000037252903,0.004999999888241291,0.02500000037252903,0.0005000000237487257,0.0005000000237487257,0.5,0.030506957322359085,0.17298203706741333,0.0,0.0,0.0,0.0,0.0,0.0,0.0,0.0,0.5814164876937866,0.5814164876937866,1.0,0.5814164876937866,0.5814164876937866,0.5814164876937866,0.0,0.011987361125648022,0.27446725964546204,1.0,0.030506957322359085,1.0,0.0,0.0,0.030506957322359085,0.0,0.0,0.17298203706741333,0.0,0.4729820489883423,0.0,0.47298187017440796,0.47298187017440796,0.6916860938072205,0.0,0.0,0.0,0.0,0.0,0.0,0.0,0.0,1.0,0.0,0.05973505973815918,0.30741530656814575,0.49707144498825073,0.6297004222869873,0.0,17.245960235595703,17.24109649658203,17.24109649658203,0.18514546751976013,0.1568986475467682,-1.5232931582787046e-10,0.0,0.0,4.811518669128418,4.811518669128418,3.8923728466033936,3.8923728466033936,0.7985071539878845,0.0,0.0,0.0,0.0,0.4729820489883423,0.0,0.47298184037208557,0.47298184037208557,0.6916860938072205,0.0,3.8923728466033936,3.8923728466033936,3.8923728466033936,3.903160333633423,0.27446725964546204,0.007914016023278236,0.0036491502542048693,1.0,0.716982364654541,0.7375727891921997,0.7481575012207031,0.0,,,,,,,,,12.0,0.0,0.0,0.0,0.0,0.0,0.0,,,,,,,,,,,,,,,,,,,,,,0.001
20,3340,train_epoch,20.00935105649297,16.65379479688085,16.66594354549568,0.0,0.13248517689947598,0.13248517689947598,0.0,0.7418627542649915,4.999999873689376e-05,0.02500000037252903,0.004999999888241291,0.02500000037252903,0.0005000000237487257,0.0005000000237487257,0.5,0.03340450775792856,0.17255173935861645,0.0,0.0,0.0,0.0,0.0,0.0,0.0,0.0,0.6305266383165371,0.6305266383165371,1.0,0.6305266383165371,0.6305266372457949,0.6305266372457949,0.0,0.018216576304532096,0.29488804106583855,1.0,0.03340450775792856,1.0,0.0,0.0,0.03340450775792856,0.0,0.0,0.17255173935861645,0.0,0.47255175359948665,0.0,0.4725517293293319,0.4725517293293319,0.6916389044173463,0.0,0.0,0.0,0.0,0.0,0.0,0.0,0.0,1.0,0.0,0.039143863576046094,0.31302547561908195,0.5258328291827333,0.6315249575826223,0.0,16.66594354549568,16.65379479688085,16.65379479688085,0.1759747968105499,0.1514570397174287,-3.992209120150405e-12,0.0,0.0,4.779497277950812,4.779497283661437,4.077563852607133,4.077563852607133,0.7041140883982538,0.0,0.0,0.0,0.0,0.4725517512795454,0.0,0.47255171665888346,0.47255171665888346,0.6916389044173463,0.0,4.077563689854331,4.077563742677609,4.077563852607133,4.05356158039527,0.29488804106583855,0.008139594084399189,0.0037373091877733696,1.0,0.7550836027025463,0.754401674527608,0.7548206676979978,0.0,,,,,,,,,12.0,0.0,0.0,0.0,0.0,0.0,0.0,,,,,,,,,,,,,,,,,,,,,,0.001
20,3340,val,,,,,,,,,,,,,,,,,,,,,,,,,,,,,,,,,,,,,,,,,,,,,,,,,,,,,,,,,,,,,,,,,,,,,,,,,,,,,,,,,,,,,,,,,,,,,,,,,,,,,,,,,,,,,,,,,,,16.402681350708008,690.6488037109375,26.28019793896038,0.11568141728639603,0.0702260434627533,14.90614128112793,23.724450432830764,0.12055211514234543,0.06387916952371597,16.33081817626953,26.246303915757,0.11004889011383057,0.06992591917514801,18.804359436035156,29.807979216981483,0.13415803015232086,0.0803913027048111,16.402681350708008,26.28019793896038,0.11568141728639603,0.0702260434627533,0.001
20,3340,test_select,,,,,,,,,,,,,,,,,,,,,,,,,,,,,,,,,,,,,,,,,,,,,,,,,,,,,,,,,,,,,,,,,,,,,,,,,,,,,,,,,,,,,,,,,,,,,,,,,,,,,,,,,,,,,,,,,,,22.57552146911621,1352.1702880859375,36.771868161489124,0.12868201732635498,0.09167956560850143,17.97441291809082,28.413529775731952,0.12311901897192001,0.07297858595848083,22.24109649658203,35.821449852445255,0.12028273940086365,0.09031672775745392,29.278701782226562,46.60884333840253,0.1616474688053131,0.11894778907299042,22.57552146911621,36.771868161489124,0.12868201732635498,0.09167956560850143,0.001
21,3360,train,19.78117561340332,16.46262550354004,16.468952178955078,0.0,0.16573935747146606,0.16573935747146606,0.0,0.8158025741577148,5.500000042957254e-05,0.027499999850988388,0.005499999970197678,0.027499999850988388,0.0005499999970197678,0.0005499999970197678,0.550000011920929,0.046336300671100616,0.17143896222114563,0.0,0.0,0.0,0.0,0.0,0.0,0.0,0.0,0.6071957349777222,0.6071957349777222,1.0,0.6071957349777222,0.6071957349777222,0.6071957349777222,0.0,0.012346417643129826,0.3395025134086609,1.0,0.046336300671100616,1.0,0.0,0.0,0.046336300671100616,0.0,0.0,0.17143896222114563,0.0,0.4714389741420746,0.0,0.47143882513046265,0.47143882513046265,0.6915144920349121,0.0,0.0,0.0,0.0,0.0,0.0,0.0,0.0,1.0,0.0,0.017786497250199318,0.3131871819496155,0.5380896925926208,0.6146944165229797,0.0,16.468952178955078,16.46262550354004,16.46262550354004,0.18477992713451385,0.16891643404960632,-6.663862517353181e-11,0.0,0.0,4.763228416442871,4.763228416442871,4.187972545623779,4.187972545623779,0.7601528763771057,0.0,0.0,0.0,0.0,0.4714389741420746,0.0,0.47143882513046265,0.47143882513046265,0.6915144920349121,0.0,4.187972545623779,4.187972068786621,4.187972545623779,3.9987189769744873,0.3395025134086609,0.008298804052174091,0.0039727152325212955,1.0,0.7603750824928284,0.7701494097709656,0.752834677696228,0.0,,,,,,,,,12.0,0.0,0.0,0.0,0.0,0.0,0.0,,,,,,,,,,,,,,,,,,,,,,0.001
21,3380,train,19.85667610168457,16.5306396484375,16.517953872680664,0.0,0.13612379133701324,0.13612379133701324,0.0,0.7322028875350952,5.500000042957254e-05,0.027499999850988388,0.005499999970197678,0.027499999850988388,0.0005499999970197678,0.0005499999970197678,0.550000011920929,0.026400428265333176,0.1694904863834381,0.0,0.0,0.0,0.0,0.0,0.0,0.0,0.0,0.5622327327728271,0.5622327327728271,1.0,0.5622327327728271,0.5622327327728271,0.5622327327728271,0.0,0.013751163147389889,0.38916730880737305,1.0,0.026400428265333176,1.0,0.0,0.0,0.026400428265333176,0.0,0.0,0.1694904863834381,0.0,0.4694904685020447,0.0,0.4694907069206238,0.4694907069206238,0.6912842988967896,0.0,0.0,0.0,0.0,0.0,0.0,0.0,0.0,1.0,0.0,0.03148055449128151,0.3050035536289215,0.49934178590774536,0.6046777963638306,0.0,16.517953872680664,16.5306396484375,16.5306396484375,0.18093757331371307,0.15249387919902802,2.0335273742677629e-10,0.0,0.0,4.7008843421936035,4.700883865356445,3.9219906330108643,3.9219906330108643,0.718689501285553,0.0,0.0,0.0,0.0,0.46949049830436707,0.0,0.4694906771183014,0.4694906771183014,0.6912842988967896,0.0,3.9219906330108643,3.9219906330108643,3.9219906330108643,3.853125810623169,0.38916730880737305,0.008018674328923225,0.003726433264091611,1.0,0.7279139757156372,0.7170586585998535,0.7333396673202515,0.0,,,,,,,,,12.0,0.0,0.0,0.0,0.0,0.0,0.0,,,,,,,,,,,,,,,,,,,,,,0.001
21,3400,train,19.829572677612305,16.501554489135742,16.525732040405273,0.0,0.09931323677301407,0.09931323677301407,0.0,0.7199801206588745,5.500000042957254e-05,0.027499999850988388,0.005499999970197678,0.027499999850988388,0.0005499999970197678,0.0005499999970197678,0.550000011920929,0.027236882597208023,0.16829606890678406,0.0,0.0,0.0,0.0,0.0,0.0,0.0,0.0,0.6057555079460144,0.6057555079460144,1.0,0.6057555079460144,0.6057555079460144,0.6057555079460144,0.0,0.014949683099985123,0.38836470246315,1.0,0.027236882597208023,1.0,0.0,0.0,0.027236882597208023,0.0,0.0,0.16829606890678406,0.0,0.4682961106300354,0.0,0.46829625964164734,0.46829625964164734,0.6911354660987854,0.0,0.0,0.0,0.0,0.0,0.0,0.0,0.0,1.0,0.0,0.06767559796571732,0.30862247943878174,0.4929022490978241,0.6059008240699768,0.0,16.525732040405273,16.501554489135742,16.501554489135742,0.18009540438652039,0.15848980844020844,-3.772090417797358e-10,0.0,0.0,4.7341132164001465,4.7341132164001465,3.859386682510376,3.859386682510376,0.7199967503547668,0.0,0.0,0.0,0.0,0.468296080827713,0.0,0.46829625964164734,0.46829625964164734,0.6911354660987854,0.0,3.859386682510376,3.859386682510376,3.859386682510376,4.144153594970703,0.38836470246315,0.007729425095021725,0.0035030096769332886,1.0,0.7706342935562134,0.7278223037719727,0.7575029134750366,0.0,,,,,,,,,12.0,0.0,0.0,0.0,0.0,0.0,0.0,,,,,,,,,,,,,,,,,,,,,,0.001
21,3420,train,19.04897117614746,15.854644775390625,15.866402626037598,0.0,0.13151457905769348,0.13151457905769348,0.0,0.8017328381538391,5.500000042957254e-05,0.027499999850988388,0.005499999970197678,0.027499999850988388,0.0005499999970197678,0.0005499999970197678,0.550000011920929,0.03283439576625824,0.1680557131767273,0.0,0.0,0.0,0.0,0.0,0.0,0.0,0.0,0.5235236883163452,0.5235236883163452,1.0,0.5235236883163452,0.5235236883163452,0.5235236883163452,0.0,0.016596324741840363,0.35913988947868347,1.0,0.03283439576625824,1.0,0.0,0.0,0.03283439576625824,0.0,0.0,0.1680557131767273,0.0,0.46805572509765625,0.0,0.4680556654930115,0.4680556654930115,0.6911049485206604,0.0,0.0,0.0,0.0,0.0,0.0,0.0,0.0,1.0,0.0,0.051119159907102585,0.30818355083465576,0.5225748419761658,0.5925692915916443,0.0,15.866402626037598,15.854644775390625,15.854644775390625,0.1576317995786667,0.13445331156253815,-1.2416435934969883e-10,0.0,0.0,4.7625532150268555,4.7625532150268555,4.104948043823242,4.104948043823242,0.5983284711837769,0.0,0.0,0.0,0.0,0.46805572509765625,0.0,0.4680556654930115,0.4680556654930115,0.6911049485206604,0.0,4.104948043823242,4.104947566986084,4.104948043823242,3.7492496967315674,0.35913988947868347,0.00809710193425417,0.003731577657163143,1.0,0.7294539213180542,0.7381486892700195,0.7100731730461121,0.0,,,,,,,,,12.0,0.0,0.0,0.0,0.0,0.0,0.0,,,,,,,,,,,,,,,,,,,,,,0.001
21,3440,train,20.59636116027832,17.138399124145508,17.158815383911133,0.0,0.13642190396785736,0.13642190396785736,0.0,0.8828132748603821,5.500000042957254e-05,0.027499999850988388,0.005499999970197678,0.027499999850988388,0.0005499999970197678,0.0005499999970197678,0.550000011920929,0.04197099804878235,0.16774114966392517,0.0,0.0,0.0,0.0,0.0,0.0,0.0,0.0,0.6753207445144653,0.6753207445144653,1.0,0.6753207445144653,0.6753206849098206,0.6753206849098206,0.0,0.012039781548082829,0.3528631627559662,1.0,0.04197099804878235,1.0,0.0,0.0,0.04197099804878235,0.0,0.0,0.16774114966392517,0.0,0.4677411615848541,0.0,0.46774134039878845,0.46774134039878845,0.6910642385482788,0.0,0.0,0.0,0.0,0.0,0.0,0.0,0.0,1.0,0.0,0.05990569666028023,0.30410438776016235,0.5486763119697571,0.5862084031105042,0.0,17.158815383911133,17.138399124145508,17.138399124145508,0.20462071895599365,0.19050566852092743,-1.593053605697392e-10,0.0,0.0,4.615184783935547,4.615184783935547,4.266858100891113,4.266858100891113,0.7659560441970825,0.0,0.0,0.0,0.0,0.4677411615848541,0.0,0.46774134039878845,0.46774134039878845,0.6910642385482788,0.0,4.266858100891113,4.266858100891113,4.266858100891113,4.437434196472168,0.3528631627559662,0.008455208502709866,0.003978981636464596,1.0,0.7757002115249634,0.7457772493362427,0.7636756896972656,0.0,,,,,,,,,12.0,0.0,0.0,0.0,0.0,0.0,0.0,,,,,,,,,,,,,,,,,,,,,,0.001
21,3460,train,19.476720809936523,16.211711883544922,16.21013641357422,0.0,0.10832905769348145,0.10832905769348145,0.0,0.7711252570152283,5.500000042957254e-05,0.027499999850988388,0.005499999970197678,0.027499999850988388,0.0005499999970197678,0.0005499999970197678,0.550000011920929,0.037399277091026306,0.16690939664840698,0.0,0.0,0.0,0.0,0.0,0.0,0.0,0.0,0.6014461517333984,0.6014461517333984,1.0,0.6014461517333984,0.6014460921287537,0.6014460921287537,0.0,0.012404834851622581,0.36921945214271545,1.0,0.037399277091026306,1.0,0.0,0.0,0.037399277091026306,0.0,0.0,0.16690939664840698,0.0,0.46690940856933594,0.0,0.46690937876701355,0.46690937876701355,0.6909560561180115,0.0,0.0,0.0,0.0,0.0,0.0,0.0,0.0,1.0,0.0,0.04913122579455376,0.30279603600502014,0.5118205547332764,0.5887627601623535,0.0,16.21013641357422,16.211711883544922,16.211711883544922,0.16589407622814178,0.13140709698200226,3.008023830020079e-10,0.0,0.0,4.671665191650391,4.671665191650391,3.9949021339416504,3.9949021339416504,0.6467223763465881,0.0,0.0,0.0,0.0,0.46690940856933594,0.0,0.46690937876701355,0.46690937876701355,0.6909560561180115,0.0,3.9949021339416504,3.9949021339416504,3.9949021339416504,4.107736587524414,0.36921945214271545,0.008029483258724213,0.003704073838889599,1.0,0.7103345990180969,0.7049686312675476,0.7078601717948914,0.0,,,,,,,,,12.0,0.0,0.0,0.0,0.0,0.0,0.0,,,,,,,,,,,,,,,,,,,,,,0.001
21,3480,train,20.3995418548584,16.985383987426758,16.962690353393555,0.0,0.14721930027008057,0.14721930027008057,0.0,0.7435458898544312,5.500000042957254e-05,0.027499999850988388,0.005499999970197678,0.027499999850988388,0.0005499999970197678,0.0005499999970197678,0.550000011920929,0.03831145167350769,0.16669592261314392,0.0,0.0,0.0,0.0,0.0,0.0,0.0,0.0,0.5277832746505737,0.5277832746505737,1.0,0.5277832746505737,0.5277832746505737,0.5277832746505737,0.0,0.015105265192687511,0.3571225702762604,1.0,0.03831145167350769,1.0,0.0,0.0,0.03831145167350769,0.0,0.0,0.16669592261314392,0.0,0.4666959345340729,0.0,0.4666961133480072,0.4666961133480072,0.6909269690513611,0.0,0.0,0.0,0.0,0.0,0.0,0.0,0.0,1.0,0.0,0.033609844744205475,0.3108721673488617,0.49835190176963806,0.5930148363113403,0.0,16.962690353393555,16.985383987426758,16.985383987426758,0.18858735263347626,0.16151675581932068,3.232355216820082e-10,0.0,0.0,4.714495658874512,4.714495658874512,3.9114441871643066,3.9114441871643066,0.7595611810684204,0.0,0.0,0.0,0.0,0.4666959345340729,0.0,0.4666961133480072,0.4666961133480072,0.6909269690513611,0.0,3.9114441871643066,3.9114441871643066,3.9114441871643066,3.7473490238189697,0.3571225702762604,0.007947622798383236,0.0037066880613565445,1.0,0.7092449069023132,0.6921719312667847,0.6838912963867188,0.0,,,,,,,,,12.0,0.0,0.0,0.0,0.0,0.0,0.0,,,,,,,,,,,,,,,,,,,,,,0.001
21,3500,train,19.4176025390625,16.157821655273438,16.186437606811523,0.0,0.12841805815696716,0.12841805815696716,0.0,0.8095744252204895,5.500000042957254e-05,0.027499999850988388,0.005499999970197678,0.027499999850988388,0.0005499999970197678,0.0005499999970197678,0.550000011920929,0.026329409331083298,0.1665697991847992,0.0,0.0,0.0,0.0,0.0,0.0,0.0,0.0,0.5699665546417236,0.5699665546417236,1.0,0.5699665546417236,0.5699665546417236,0.5699665546417236,0.0,0.013685394078493118,0.3465532660484314,1.0,0.026329409331083298,1.0,0.0,0.0,0.026329409331083298,0.0,0.0,0.1665697991847992,0.0,0.46656981110572815,0.0,0.4665695130825043,0.4665695130825043,0.6909103393554688,0.0,0.0,0.0,0.0,0.0,0.0,0.0,0.0,1.0,0.0,0.014475296251475811,0.3049866557121277,0.5174167156219482,0.577745795249939,0.0,16.186437606811523,16.157821655273438,16.157821655273438,0.1727965623140335,0.14247126877307892,-1.7605124302821906e-10,0.0,0.0,4.656911373138428,4.656911373138428,4.063364505767822,4.063364505767822,0.6314181685447693,0.0,0.0,0.0,0.0,0.46656981110572815,0.0,0.4665695130825043,0.4665695130825043,0.6909103393554688,0.0,4.063364505767822,4.063364505767822,4.063364505767822,3.9691450595855713,0.3465532660484314,0.007986551150679588,0.003734159516170621,1.0,0.6844319105148315,0.6999680399894714,0.7056891322135925,0.0,,,,,,,,,12.0,0.0,0.0,0.0,0.0,0.0,0.0,,,,,,,,,,,,,,,,,,,,,,0.001
21,3507,train_epoch,19.846189864381344,16.517293221936253,16.529114003666862,0.0,0.13095713206037077,0.13095713206037077,0.0,0.7816088820645909,5.500000042957254e-05,0.027499999850988388,0.005499999970197678,0.027499999850988388,0.0005499999970197678,0.0005499999970197678,0.550000011920929,0.03422638321641141,0.16839995337817484,0.0,0.0,0.0,0.0,0.0,0.0,0.0,0.0,0.5854013847733686,0.5854013847733686,1.0,0.5854013847733686,0.5854013833457125,0.5854013833457125,0.0,0.013384014223060922,0.36029380666995475,1.0,0.03422638321641141,1.0,0.0,0.0,0.03422638321641141,0.0,0.0,0.16839995337817484,0.0,0.4683999660129319,0.0,0.46839992621701637,0.46839992621701637,0.6911419976257278,0.0,0.0,0.0,0.0,0.0,0.0,0.0,0.0,1.0,0.0,0.04025505442474829,0.30785429870297093,0.5161781885666762,0.5964778897291172,0.0,16.529114003666862,16.517293221936253,16.517293221936253,0.1774635689701149,0.15303584647749713,2.886128954080213e-11,0.0,0.0,4.736103911599713,4.736103923020963,4.034122034461198,4.034122034461198,0.7016894353364043,0.0,0.0,0.0,0.0,0.46839996529910377,0.0,0.46839991390348196,0.46839991390348196,0.6911419976257278,0.0,4.034121924531674,4.0341219202487055,4.034122034461198,4.010793998569786,0.36029380666995475,0.00808119240445559,0.0037554921498689467,1.0,0.7255389465543325,0.7253259277629281,0.7258999494021524,0.0,,,,,,,,,12.0,0.0,0.0,0.0,0.0,0.0,0.0,,,,,,,,,,,,,,,,,,,,,,0.001
21,3507,val,,,,,,,,,,,,,,,,,,,,,,,,,,,,,,,,,,,,,,,,,,,,,,,,,,,,,,,,,,,,,,,,,,,,,,,,,,,,,,,,,,,,,,,,,,,,,,,,,,,,,,,,,,,,,,,,,,,16.088457107543945,678.7479858398438,26.05279228489422,0.11107706278562546,0.06888074427843094,14.741830825805664,23.656358363358148,0.10319174826145172,0.0631750300526619,16.129568099975586,26.03905078007537,0.1142624169588089,0.069064199924469,18.476640701293945,29.712158755797052,0.12907731533050537,0.07899025827646255,16.088457107543945,26.05279228489422,0.11107706278562546,0.06888074427843094,0.001
21,3507,test_select,,,,,,,,,,,,,,,,,,,,,,,,,,,,,,,,,,,,,,,,,,,,,,,,,,,,,,,,,,,,,,,,,,,,,,,,,,,,,,,,,,,,,,,,,,,,,,,,,,,,,,,,,,,,,,,,,,,22.41814613342285,1364.8929443359375,36.944457559097245,0.12088882923126221,0.09104045480489731,17.628320693969727,28.17268093689124,0.10155265778303146,0.0715733990073204,22.23088836669922,36.06566649605532,0.12039181590080261,0.09027527272701263,29.173328399658203,47.005155240043884,0.15271006524562836,0.11851969361305237,22.41814613342285,36.944457559097245,0.12088882923126221,0.09104045480489731,0.001
22,3520,train,20.422283172607422,16.9979305267334,16.995407104492188,0.0,0.12135834991931915,0.12135834991931915,0.0,0.7745540142059326,5.999999848427251e-05,0.029999999329447746,0.006000000052154064,0.029999999329447746,0.0006000000284984708,0.0006000000284984708,0.6000000238418579,0.022647695615887642,0.16586226224899292,0.0,0.0,0.0,0.0,0.0,0.0,0.0,0.0,0.596428394317627,0.596428394317627,1.0,0.596428394317627,0.596428394317627,0.596428394317627,0.0,0.009327828884124756,0.36619696021080017,1.0,0.022647695615887642,1.0,0.0,0.0,0.022647695615887642,0.0,0.0,0.16586226224899292,0.0,0.4658622443675995,0.0,0.46586212515830994,0.46586212515830994,0.6908149123191833,0.0,0.0,0.0,0.0,0.0,0.0,0.0,0.0,1.0,0.0,0.030695604160428047,0.30621784925460815,0.49977779388427734,0.5764833092689514,0.0,16.995407104492188,16.9979305267334,16.9979305267334,0.20315532386302948,0.17904943227767944,3.657002478618665e-10,0.0,0.0,4.578664302825928,4.578664302825928,3.9050662517547607,3.9050662517547607,0.7876394987106323,0.0,0.0,0.0,0.0,0.4658622741699219,0.0,0.46586212515830994,0.46586212515830994,0.6908149123191833,0.0,3.9050662517547607,3.9050662517547607,3.9050662517547607,4.0886454582214355,0.36619696021080017,0.007793893571943045,0.00366513105109334,1.0,0.6844539642333984,0.709291934967041,0.7339506149291992,0.0,,,,,,,,,12.0,0.0,0.0,0.0,0.0,0.0,0.0,,,,,,,,,,,,,,,,,,,,,,0.001
22,3540,train,19.23832893371582,16.013376235961914,16.006792068481445,0.0,0.11801004409790039,0.11801004409790039,0.0,0.8462430834770203,5.999999848427251e-05,0.029999999329447746,0.006000000052154064,0.029999999329447746,0.0006000000284984708,0.0006000000284984708,0.6000000238418579,0.03364879637956619,0.16450604796409607,0.0,0.0,0.0,0.0,0.0,0.0,0.0,0.0,0.5522778630256653,0.5522778630256653,1.0,0.5522778630256653,0.5522778034210205,0.5522778034210205,0.0,0.00858394056558609,0.3992534279823303,1.0,0.03364879637956619,1.0,0.0,0.0,0.03364879637956619,0.0,0.0,0.16450604796409607,0.0,0.464506059885025,0.0,0.4645058512687683,0.4645058512687683,0.6906253695487976,0.0,0.0,0.0,0.0,0.0,0.0,0.0,0.0,1.0,0.0,0.025435136631131172,0.29868084192276,0.5192477703094482,0.559393584728241,0.0,16.006792068481445,16.013376235961914,16.013376235961914,0.16632778942584991,0.14054682850837708,8.595803235866839e-11,0.0,0.0,4.7861480712890625,4.7861480712890625,4.080338001251221,4.080338001251221,0.6810794472694397,0.0,0.0,0.0,0.0,0.464506059885025,0.0,0.4645058512687683,0.4645058512687683,0.6906253695487976,0.0,4.080338001251221,4.0803375244140625,4.080338001251221,4.010455131530762,0.3992534279823303,0.008065582253038883,0.003801916725933552,1.0,0.6968013048171997,0.7153818011283875,0.695279061794281,0.0,,,,,,,,,12.0,0.0,0.0,0.0,0.0,0.0,0.0,,,,,,,,,,,,,,,,,,,,,,0.001
22,3560,train,19.78045082092285,16.466604232788086,16.447677612304688,0.0,0.1405453383922577,0.1405453383922577,0.0,0.8639847636222839,5.999999848427251e-05,0.029999999329447746,0.006000000052154064,0.029999999329447746,0.0006000000284984708,0.0006000000284984708,0.6000000238418579,0.04124758020043373,0.1635831594467163,0.0,0.0,0.0,0.0,0.0,0.0,0.0,0.0,0.5533071756362915,0.5533071756362915,1.0,0.5533071756362915,0.5533071756362915,0.5533071756362915,0.0,0.00971271749585867,0.40375375747680664,1.0,0.04124758020043373,1.0,0.0,0.0,0.04124758020043373,0.0,0.0,0.1635831594467163,0.0,0.46358317136764526,0.0,0.46358346939086914,0.46358346939086914,0.6904921531677246,0.0,0.0,0.0,0.0,0.0,0.0,0.0,0.0,1.0,0.0,0.0588628426194191,0.3031976521015167,0.5246317982673645,0.5624072551727295,0.0,16.447677612304688,16.466604232788086,16.466604232788086,0.1997833251953125,0.18424338102340698,-1.3962297984448924e-10,0.0,0.0,4.806408882141113,4.806408882141113,4.124083518981934,4.124083518981934,0.8156102895736694,0.0,0.0,0.0,0.0,0.46358317136764526,0.0,0.46358346939086914,0.46358346939086914,0.6904921531677246,0.0,4.124083518981934,4.124083518981934,4.124083518981934,4.048624038696289,0.40375375747680664,0.008155581541359425,0.003925170749425888,1.0,0.7015249729156494,0.7341505885124207,0.7174708843231201,0.0,,,,,,,,,12.0,0.0,0.0,0.0,0.0,0.0,0.0,,,,,,,,,,,,,,,,,,,,,,0.001
22,3580,train,19.151845932006836,15.934592247009277,15.964120864868164,0.0,0.13898763060569763,0.13898763060569763,0.0,0.8823290467262268,5.999999848427251e-05,0.029999999329447746,0.006000000052154064,0.029999999329447746,0.0006000000284984708,0.0006000000284984708,0.6000000238418579,0.0397249311208725,0.16247522830963135,0.0,0.0,0.0,0.0,0.0,0.0,0.0,0.0,0.5579781532287598,0.5579781532287598,1.0,0.5579781532287598,0.5579781532287598,0.5579781532287598,0.0,0.007331347558647394,0.41575098037719727,1.0,0.0397249311208725,1.0,0.0,0.0,0.0397249311208725,0.0,0.0,0.16247522830963135,0.0,0.4624752402305603,0.0,0.4624754786491394,0.4624754786491394,0.6903281211853027,0.0,0.0,0.0,0.0,0.0,0.0,0.0,0.0,1.0,0.0,0.05459197610616684,0.3093215525150299,0.5271754264831543,0.5554728507995605,0.0,15.964120864868164,15.934592247009277,15.934592247009277,0.15102244913578033,0.12071409821510315,-2.928163267412742e-11,0.0,0.0,4.857956886291504,4.857956886291504,4.110245227813721,4.110245227813721,0.6132796406745911,0.0,0.0,0.0,0.0,0.4624752402305603,0.0,0.462475448846817,0.462475448846817,0.6903281211853027,0.0,4.110245227813721,4.110245227813721,4.110245227813721,4.062958717346191,0.41575098037719727,0.008080161176621914,0.0038532614707946777,1.0,0.723141074180603,0.7350339293479919,0.7319868803024292,0.0,,,,,,,,,12.0,0.0,0.0,0.0,0.0,0.0,0.0,,,,,,,,,,,,,,,,,,,,,,0.001
22,3600,train,19.567468643188477,16.283254623413086,16.304386138916016,0.0,0.11237725615501404,0.11237725615501404,0.0,0.8403825759887695,5.999999848427251e-05,0.029999999329447746,0.006000000052154064,0.029999999329447746,0.0006000000284984708,0.0006000000284984708,0.6000000238418579,0.03413529694080353,0.16157689690589905,0.0,0.0,0.0,0.0,0.0,0.0,0.0,0.0,0.5498928427696228,0.5498928427696228,1.0,0.5498928427696228,0.549892783164978,0.549892783164978,0.0,0.00995469931513071,0.4204612374305725,1.0,0.03413529694080353,1.0,0.0,0.0,0.03413529694080353,0.0,0.0,0.16157689690589905,0.0,0.461576908826828,0.0,0.4615771472454071,0.4615771472454071,0.690191924571991,0.0,0.0,0.0,0.0,0.0,0.0,0.0,0.0,1.0,0.0,0.07180985808372498,0.2941534221172333,0.50287264585495,0.552004337310791,0.0,16.304386138916016,16.283254623413086,16.283254623413086,0.17533673346042633,0.15144288539886475,9.777564868862498e-11,0.0,0.0,4.647776126861572,4.647776126861572,3.9482052326202393,3.9482052326202393,0.6838141083717346,0.0,0.0,0.0,0.0,0.461576908826828,0.0,0.4615771472454071,0.4615771472454071,0.690191924571991,0.0,3.9482052326202393,3.9482052326202393,3.9482052326202393,3.9814798831939697,0.4204612374305725,0.008044914342463017,0.0037832933012396097,1.0,0.7349071502685547,0.7210754156112671,0.7357292175292969,0.0,,,,,,,,,12.0,0.0,0.0,0.0,0.0,0.0,0.0,,,,,,,,,,,,,,,,,,,,,,0.001
22,3620,train,19.151472091674805,15.937078475952148,15.9563570022583,0.0,0.1387757807970047,0.1387757807970047,0.0,0.8402551412582397,5.999999848427251e-05,0.029999999329447746,0.006000000052154064,0.029999999329447746,0.0006000000284984708,0.0006000000284984708,0.6000000238418579,0.035971999168395996,0.161170095205307,0.0,0.0,0.0,0.0,0.0,0.0,0.0,0.0,0.5219712853431702,0.5219712853431702,1.0,0.5219712853431702,0.5219713449478149,0.5219713449478149,0.0,0.009961962699890137,0.4075741767883301,1.0,0.035971999168395996,1.0,0.0,0.0,0.035971999168395996,0.0,0.0,0.161170095205307,0.0,0.46117010712623596,0.0,0.4611698091030121,0.4611698091030121,0.6901283860206604,0.0,0.0,0.0,0.0,0.0,0.0,0.0,0.0,1.0,0.0,0.056813206523656845,0.31236547231674194,0.5035420060157776,0.5465518832206726,0.0,15.9563570022583,15.937078475952148,15.937078475952148,0.17290149629116058,0.14696350693702698,2.6053575963302933e-11,0.0,0.0,4.839456081390381,4.839456081390381,3.9524550437927246,3.9524550437927246,0.6926348805427551,0.0,0.0,0.0,0.0,0.46117010712623596,0.0,0.4611698091030121,0.4611698091030121,0.6901283860206604,0.0,3.9524550437927246,3.9524548053741455,3.9524550437927246,3.888263463973999,0.4075741767883301,0.00806936901062727,0.0038422858342528343,1.0,0.6964702010154724,0.7195450663566589,0.6969693899154663,0.0,,,,,,,,,12.0,0.0,0.0,0.0,0.0,0.0,0.0,,,,,,,,,,,,,,,,,,,,,,0.001
22,3640,train,19.087949752807617,15.885774612426758,15.90277099609375,0.0,0.1546131819486618,0.1546131819486618,0.0,0.8482064604759216,5.999999848427251e-05,0.029999999329447746,0.006000000052154064,0.029999999329447746,0.0006000000284984708,0.0006000000284984708,0.6000000238418579,0.032057635486125946,0.16213110089302063,0.0,0.0,0.0,0.0,0.0,0.0,0.0,0.0,0.46708711981773376,0.46708711981773376,1.0,0.46708711981773376,0.46708714962005615,0.46708714962005615,0.0,0.011585968546569347,0.3556423485279083,1.0,0.032057635486125946,1.0,0.0,0.0,0.032057635486125946,0.0,0.0,0.16213110089302063,0.0,0.4621311128139496,0.0,0.4621308445930481,0.4621308445930481,0.6902768015861511,0.0,0.0,0.0,0.0,0.0,0.0,0.0,0.0,1.0,0.0,0.021788818761706352,0.31007421016693115,0.5097854137420654,0.543407142162323,0.0,15.90277099609375,15.885774612426758,15.885774612426758,0.18968111276626587,0.16941142082214355,4.764402414259017e-11,0.0,0.0,4.755456447601318,4.755456447601318,4.010353088378906,4.010353088378906,0.7594611048698425,0.0,0.0,0.0,0.0,0.4621311128139496,0.0,0.4621308147907257,0.4621308147907257,0.6902768015861511,0.0,4.010352611541748,4.010353088378906,4.010353088378906,3.6058077812194824,0.3556423485279083,0.008123867213726044,0.003903924720361829,1.0,0.6683229207992554,0.6848964095115662,0.6631542444229126,0.0,,,,,,,,,12.0,0.0,0.0,0.0,0.0,0.0,0.0,,,,,,,,,,,,,,,,,,,,,,0.001
22,3660,train,20.438215255737305,17.011857986450195,17.01538848876953,0.0,0.13788031041622162,0.13788031041622162,0.0,0.8190286159515381,5.999999848427251e-05,0.029999999329447746,0.006000000052154064,0.029999999329447746,0.0006000000284984708,0.0006000000284984708,0.6000000238418579,0.04041889309883118,0.16130384802818298,0.0,0.0,0.0,0.0,0.0,0.0,0.0,0.0,0.526918351650238,0.526918351650238,1.0,0.526918351650238,0.526918351650238,0.526918351650238,0.0,-0.0011646313359960914,0.37778714299201965,1.0,0.04041889309883118,1.0,0.0,0.0,0.04041889309883118,0.0,0.0,0.16130384802818298,0.0,0.46130385994911194,0.0,0.4613040089607239,0.4613040089607239,0.6901499032974243,0.0,0.0,0.0,0.0,0.0,0.0,0.0,0.0,1.0,0.0,0.059305716305971146,0.29353630542755127,0.49214228987693787,0.5444026589393616,0.0,17.01538848876953,17.011857986450195,17.011857986450195,0.1950693577528,0.16736942529678345,1.1176622127795355e-10,0.0,0.0,4.583530426025391,4.583530426025391,3.891977071762085,3.891977071762085,0.7798415422439575,0.0,0.0,0.0,0.0,0.46130385994911194,0.0,0.4613039791584015,0.4613039791584015,0.6901499032974243,0.0,3.891977071762085,3.891977071762085,3.891977071762085,3.9875094890594482,0.37778714299201965,0.007931339554488659,0.0037416070699691772,1.0,0.6929673552513123,0.7275550365447998,0.7167716026306152,0.0,,,,,,,,,12.0,0.0,0.0,0.0,0.0,0.0,0.0,,,,,,,,,,,,,,,,,,,,,,0.001
22,3674,train_epoch,19.764417716842924,16.448757143077735,16.46072680650357,0.0,0.13083948757120234,0.13083948757120234,0.0,0.8242515757412254,5.999999848427251e-05,0.029999999329447746,0.006000000052154064,0.029999999329447746,0.0006000000284984708,0.0006000000284984708,0.6000000238418579,0.03522404548739959,0.16283894334724563,0.0,0.0,0.0,0.0,0.0,0.0,0.0,0.0,0.5394850551725148,0.5394850551725148,1.0,0.5394850551725148,0.5394850533879446,0.5394850533879446,0.0,0.008123507214516061,0.3921140501956026,1.0,0.03522404548739959,1.0,0.0,0.0,0.03522404548739959,0.0,0.0,0.16283894334724563,0.0,0.4628389534836044,0.0,0.4628389015526115,0.4628389015526115,0.6903773885287211,0.0,0.0,0.0,0.0,0.0,0.0,0.0,0.0,1.0,0.0,0.04103740009426594,0.30510205922726386,0.5033787049933108,0.5578656703412176,0.0,16.46072680650357,16.448757143077735,16.448757143077735,0.17911481125626022,0.15470438107045112,2.9902379296841837e-12,0.0,0.0,4.719188713028045,4.719188710172733,3.956562050802265,3.956562050802265,0.7055113590406087,0.0,0.0,0.0,0.0,0.4628389552681746,0.0,0.46283889262976047,0.46283889262976047,0.6903773885287211,0.0,3.956561935162116,3.956561940872741,3.956562050802265,3.9318726605284,0.3921140501956026,0.007937818037870224,0.003753505298633597,1.0,0.7085218126188495,0.7082695011607187,0.7085653575594554,0.0,,,,,,,,,12.0,0.0,0.0,0.0,0.0,0.0,0.0,,,,,,,,,,,,,,,,,,,,,,0.001
22,3674,val,,,,,,,,,,,,,,,,,,,,,,,,,,,,,,,,,,,,,,,,,,,,,,,,,,,,,,,,,,,,,,,,,,,,,,,,,,,,,,,,,,,,,,,,,,,,,,,,,,,,,,,,,,,,,,,,,,,16.68276596069336,698.51171875,26.429372273097975,0.13242429494857788,0.07142519950866699,15.191620826721191,24.032159239951266,0.1172400638461113,0.06510257720947266,16.832313537597656,26.54887173369202,0.13522657752037048,0.07207323610782623,18.951942443847656,29.910446781353105,0.14440667629241943,0.0810222402215004,16.68276596069336,26.429372273097975,0.13242429494857788,0.07142519950866699,0.001
22,3674,test_select,,,,,,,,,,,,,,,,,,,,,,,,,,,,,,,,,,,,,,,,,,,,,,,,,,,,,,,,,,,,,,,,,,,,,,,,,,,,,,,,,,,,,,,,,,,,,,,,,,,,,,,,,,,,,,,,,,,22.93134307861328,1353.7607421875,36.793487768727495,0.14781434834003448,0.09312456101179123,18.2562198638916,28.537879800295148,0.1210266500711441,0.07412275671958923,22.609996795654297,35.65705623266856,0.14751556515693665,0.09181475639343262,29.573421478271484,46.613874238088975,0.17766153812408447,0.12014511972665787,22.93134307861328,36.793487768727495,0.14781434834003448,0.09312456101179123,0.001
23,3680,train,19.63641357421875,16.342498779296875,16.350515365600586,0.0,0.1454768180847168,0.1454768180847168,0.0,0.8173739910125732,6.500000017695129e-05,0.032499998807907104,0.006500000134110451,0.032499998807907104,0.0006500000017695129,0.0006500000017695129,0.6499999761581421,0.02932186983525753,0.16165277361869812,0.0,0.0,0.0,0.0,0.0,0.0,0.0,0.0,0.48478394746780396,0.48478394746780396,1.0,0.48478394746780396,0.48478391766548157,0.48478391766548157,0.0,0.005854988936334848,0.3607330024242401,1.0,0.02932186983525753,1.0,0.0,0.0,0.02932186983525753,0.0,0.0,0.16165277361869812,0.0,0.4616527557373047,0.0,0.46165260672569275,0.46165260672569275,0.6902033686637878,0.0,0.0,0.0,0.0,0.0,0.0,0.0,0.0,1.0,0.0,-0.014729205518960953,0.2998155653476715,0.49404096603393555,0.5346802473068237,0.0,16.350515365600586,16.342498779296875,16.342498779296875,0.1738118827342987,0.13844703137874603,1.7108864325265927e-10,0.0,0.0,4.97891902923584,4.97891902923584,3.9021263122558594,3.9021263122558594,0.7513039112091064,0.0,0.0,0.0,0.0,0.4616527855396271,0.0,0.46165260672569275,0.46165260672569275,0.6902033686637878,0.0,3.9021263122558594,3.902125835418701,3.9021263122558594,3.800936460494995,0.3607330024242401,0.00796501711010933,0.003820243990048766,1.0,0.7071822881698608,0.6626371741294861,0.6535353660583496,0.0,,,,,,,,,12.0,0.0,0.0,0.0,0.0,0.0,0.0,,,,,,,,,,,,,,,,,,,,,,0.001
23,3700,train,19.4046573638916,16.1474552154541,16.165843963623047,0.0,0.12395850569009781,0.12395850569009781,0.0,0.8357400894165039,6.500000017695129e-05,0.032499998807907104,0.006500000134110451,0.032499998807907104,0.0006500000017695129,0.0006500000017695129,0.6499999761581421,0.04543053358793259,0.16246378421783447,0.0,0.0,0.0,0.0,0.0,0.0,0.0,0.0,0.5081164836883545,0.5081164836883545,1.0,0.5081164836883545,0.5081164836883545,0.5081164836883545,0.0,0.004781266208738089,0.33404529094696045,1.0,0.04543053358793259,1.0,0.0,0.0,0.04543053358793259,0.0,0.0,0.16246378421783447,0.0,0.4624637961387634,0.0,0.46246397495269775,0.46246397495269775,0.6903266906738281,0.0,0.0,0.0,0.0,0.0,0.0,0.0,0.0,1.0,0.0,0.04942886531352997,0.2991827130317688,0.4962261915206909,0.5416989326477051,0.0,16.165843963623047,16.1474552154541,16.1474552154541,0.18155334889888763,0.16154953837394714,-1.759982160010054e-10,0.0,0.0,4.65860652923584,4.65860652923584,3.9435343742370605,3.9435343742370605,0.7077069878578186,0.0,0.0,0.0,0.0,0.4624637961387634,0.0,0.46246397495269775,0.46246397495269775,0.6903266906738281,0.0,3.9435343742370605,3.9435343742370605,3.9435343742370605,3.7913568019866943,0.33404529094696045,0.00793710257858038,0.0037921902257949114,1.0,0.7372373342514038,0.7088931798934937,0.7136856913566589,0.0,,,,,,,,,12.0,0.0,0.0,0.0,0.0,0.0,0.0,,,,,,,,,,,,,,,,,,,,,,0.001
23,3720,train,20.353790283203125,16.9376163482666,16.95781135559082,0.0,0.13431181013584137,0.13431181013584137,0.0,0.851620614528656,6.500000017695129e-05,0.032499998807907104,0.006500000134110451,0.032499998807907104,0.0006500000017695129,0.0006500000017695129,0.6499999761581421,0.033521734178066254,0.1606571078300476,0.0,0.0,0.0,0.0,0.0,0.0,0.0,0.0,0.5145296454429626,0.5145296454429626,1.0,0.5145296454429626,0.5145296454429626,0.5145296454429626,0.0,-0.007749570999294519,0.39810433983802795,1.0,0.033521734178066254,1.0,0.0,0.0,0.033521734178066254,0.0,0.0,0.1606571078300476,0.0,0.46065711975097656,0.0,0.4606570899486542,0.4606570899486542,0.6900482773780823,0.0,0.0,0.0,0.0,0.0,0.0,0.0,0.0,1.0,0.0,0.03437415510416031,0.29741615056991577,0.49992939829826355,0.5269777178764343,0.0,16.95781135559082,16.9376163482666,16.9376163482666,0.18082134425640106,0.16093970835208893,1.901728358122412e-10,0.0,0.0,4.749463081359863,4.749463081359863,3.951601266860962,3.951601266860962,0.756278932094574,0.0,0.0,0.0,0.0,0.46065711975097656,0.0,0.4606570899486542,0.4606570899486542,0.6900482773780823,0.0,3.951601266860962,3.951601266860962,3.951601266860962,3.984658718109131,0.39810433983802795,0.007836941629648209,0.0037224546540528536,1.0,0.7079377174377441,0.6907938718795776,0.6966086626052856,0.0,,,,,,,,,12.0,0.0,0.0,0.0,0.0,0.0,0.0,,,,,,,,,,,,,,,,,,,,,,0.001
23,3740,train,18.343976974487305,15.266105651855469,15.272587776184082,0.0,0.10660786181688309,0.10660786181688309,0.0,0.8689743280410767,6.500000017695129e-05,0.032499998807907104,0.006500000134110451,0.032499998807907104,0.0006500000017695129,0.0006500000017695129,0.6499999761581421,0.04843152314424515,0.15860861539840698,0.0,0.0,0.0,0.0,0.0,0.0,0.0,0.0,0.5049886703491211,0.5049886703491211,1.0,0.5049886703491211,0.5049886703491211,0.5049886703491211,0.0,-0.005196330603212118,0.4416562616825104,1.0,0.04843152314424515,1.0,0.0,0.0,0.04843152314424515,0.0,0.0,0.15860861539840698,0.0,0.45860862731933594,0.0,0.45860838890075684,0.45860838890075684,0.6897165179252625,0.0,0.0,0.0,0.0,0.0,0.0,0.0,0.0,1.0,0.0,0.020772630348801613,0.28656286001205444,0.49035748839378357,0.5193901658058167,0.0,15.272587776184082,15.266105651855469,15.266105651855469,0.15953762829303741,0.142478346824646,-4.566320654930678e-10,0.0,0.0,4.725405216217041,4.725405216217041,3.8863770961761475,3.8863770961761475,0.6032262444496155,0.0,0.0,0.0,0.0,0.45860862731933594,0.0,0.45860838890075684,0.45860838890075684,0.6897165179252625,0.0,3.8863770961761475,3.8863770961761475,3.8863770961761475,3.9922823905944824,0.4416562616825104,0.0076460582204163074,0.0036496464163064957,1.0,0.6775861978530884,0.7022363543510437,0.6780487895011902,0.0,,,,,,,,,12.0,0.0,0.0,0.0,0.0,0.0,0.0,,,,,,,,,,,,,,,,,,,,,,0.001
23,3760,train,19.190710067749023,15.973709106445312,15.96945571899414,0.0,0.15156765282154083,0.15156765282154083,0.0,0.9138163924217224,6.500000017695129e-05,0.032499998807907104,0.006500000134110451,0.032499998807907104,0.0006500000017695129,0.0006500000017695129,0.6499999761581421,0.05276104807853699,0.15825235843658447,0.0,0.0,0.0,0.0,0.0,0.0,0.0,0.0,0.4611726999282837,0.4611726999282837,1.0,0.4611726999282837,0.4611726999282837,0.4611726999282837,0.0,-0.0002527589676901698,0.41987988352775574,1.0,0.05276104807853699,1.0,0.0,0.0,0.05276104807853699,0.0,0.0,0.15825235843658447,0.0,0.4582523703575134,0.0,0.45825254917144775,0.45825254917144775,0.6896578073501587,0.0,0.0,0.0,0.0,0.0,0.0,0.0,0.0,1.0,0.0,-0.004544130060821772,0.3030620813369751,0.5008444786071777,0.5017635822296143,0.0,15.96945571899414,15.973709106445312,15.973709106445312,0.17544955015182495,0.15386684238910675,1.0712144365987442e-10,0.0,0.0,4.850100517272949,4.850100517272949,3.9661920070648193,3.9661920070648193,0.7071055769920349,0.0,0.0,0.0,0.0,0.4582523703575134,0.0,0.45825254917144775,0.45825254917144775,0.6896578073501587,0.0,3.9661920070648193,3.9661920070648193,3.9661920070648193,3.7956795692443848,0.41987988352775574,0.007773699704557657,0.0038329623639583588,1.0,0.7071821689605713,0.6582139730453491,0.6491978168487549,0.0,,,,,,,,,12.0,0.0,0.0,0.0,0.0,0.0,0.0,,,,,,,,,,,,,,,,,,,,,,0.001
23,3780,train,20.765941619873047,17.27643394470215,17.33600616455078,0.0,0.13083627820014954,0.13083627820014954,0.0,0.8957158923149109,6.500000017695129e-05,0.032499998807907104,0.006500000134110451,0.032499998807907104,0.0006500000017695129,0.0006500000017695129,0.6499999761581421,0.01599256508052349,0.15748319029808044,0.0,0.0,0.0,0.0,0.0,0.0,0.0,0.0,0.45854076743125916,0.45854076743125916,1.0,0.45854076743125916,0.45854076743125916,0.45854076743125916,0.0,-0.005391846876591444,0.4239368736743927,1.0,0.01599256508052349,1.0,0.0,0.0,0.01599256508052349,0.0,0.0,0.15748319029808044,0.0,0.4574832022190094,0.0,0.4574829041957855,0.4574829041957855,0.6895270347595215,0.0,0.0,0.0,0.0,0.0,0.0,0.0,0.0,1.0,0.0,0.011645487509667873,0.2880381941795349,0.4927503764629364,0.4972703158855438,0.0,17.33600616455078,17.27643394470215,17.27643394470215,0.1829921305179596,0.16004621982574463,1.3790460440255004e-10,0.0,0.0,4.928585052490234,4.928585529327393,3.8924431800842285,3.8924431800842285,0.7454662919044495,0.0,0.0,0.0,0.0,0.4574832022190094,0.0,0.4574829041957855,0.4574829041957855,0.6895270347595215,0.0,3.8924431800842285,3.8924431800842285,3.8924431800842285,3.8071367740631104,0.4239368736743927,0.007683785166591406,0.003815700067207217,1.0,0.6794326305389404,0.6883246898651123,0.6479489803314209,0.0,,,,,,,,,12.0,0.0,0.0,0.0,0.0,0.0,0.0,,,,,,,,,,,,,,,,,,,,,,0.001
23,3800,train,19.369184494018555,16.114219665527344,16.161376953125,0.0,0.1292901635169983,0.1292901635169983,0.0,0.8744035959243774,6.500000017695129e-05,0.032499998807907104,0.006500000134110451,0.032499998807907104,0.0006500000017695129,0.0006500000017695129,0.6499999761581421,0.04636207967996597,0.1589575707912445,0.0,0.0,0.0,0.0,0.0,0.0,0.0,0.0,0.4691579341888428,0.4691579341888428,1.0,0.4691579341888428,0.4691579341888428,0.4691579341888428,0.0,0.003130311379209161,0.3666078448295593,1.0,0.04636207967996597,1.0,0.0,0.0,0.04636207967996597,0.0,0.0,0.1589575707912445,0.0,0.45895758271217346,0.0,0.45895737409591675,0.45895737409591675,0.6897739768028259,0.0,0.0,0.0,0.0,0.0,0.0,0.0,0.0,1.0,0.0,0.023485451936721802,0.291885107755661,0.4858303666114807,0.5058300495147705,0.0,16.161376953125,16.114219665527344,16.114219665527344,0.16466327011585236,0.1443728506565094,-1.5475433434719577e-10,0.0,0.0,4.810237407684326,4.810237884521484,3.85505747795105,3.85505747795105,0.6587503552436829,0.0,0.0,0.0,0.0,0.45895758271217346,0.0,0.45895737409591675,0.45895737409591675,0.6897739768028259,0.0,3.85505747795105,3.85505747795105,3.85505747795105,3.7771880626678467,0.3666078448295593,0.007689680904150009,0.003833818482235074,1.0,0.672376275062561,0.6839310526847839,0.6600548028945923,0.0,,,,,,,,,12.0,0.0,0.0,0.0,0.0,0.0,0.0,,,,,,,,,,,,,,,,,,,,,,0.001
23,3820,train,19.76513671875,16.454570770263672,16.444534301757812,0.0,0.13054902851581573,0.13054902851581573,0.0,0.8625794053077698,6.500000017695129e-05,0.032499998807907104,0.006500000134110451,0.032499998807907104,0.0006500000017695129,0.0006500000017695129,0.6499999761581421,0.04132116213440895,0.15997859835624695,0.0,0.0,0.0,0.0,0.0,0.0,0.0,0.0,0.44179636240005493,0.44179636240005493,1.0,0.44179636240005493,0.44179636240005493,0.44179636240005493,0.0,-0.002336862264201045,0.3422088325023651,1.0,0.04132116213440895,1.0,0.0,0.0,0.04132116213440895,0.0,0.0,0.15997859835624695,0.0,0.4599786102771759,0.0,0.4599789083003998,0.4599789083003998,0.6899403929710388,0.0,0.0,0.0,0.0,0.0,0.0,0.0,0.0,1.0,0.0,0.07479704916477203,0.29972776770591736,0.48493319749832153,0.5080556273460388,0.0,16.444534301757812,16.454570770263672,16.454570770263672,0.19908209145069122,0.17638210952281952,2.4694954414705705e-11,0.0,0.0,4.494420051574707,4.494420051574707,3.8516523838043213,3.8516523838043213,0.7260094881057739,0.0,0.0,0.0,0.0,0.4599786102771759,0.0,0.4599788784980774,0.4599788784980774,0.6899403929710388,0.0,3.851651668548584,3.8516523838043213,3.8516523838043213,3.627988576889038,0.3422088325023651,0.007827741093933582,0.003971696365624666,1.0,0.6753787994384766,0.6935131549835205,0.6586788892745972,0.0,,,,,,,,,12.0,0.0,0.0,0.0,0.0,0.0,0.0,,,,,,,,,,,,,,,,,,,,,,0.001
23,3840,train,20.395959854125977,16.974733352661133,17.000240325927734,0.0,0.13211244344711304,0.13211244344711304,0.0,0.7978008985519409,6.500000017695129e-05,0.032499998807907104,0.006500000134110451,0.032499998807907104,0.0006500000017695129,0.0006500000017695129,0.6499999761581421,0.038908593356609344,0.16073140501976013,0.0,0.0,0.0,0.0,0.0,0.0,0.0,0.0,0.42828062176704407,0.42828062176704407,1.0,0.42828062176704407,0.4282805919647217,0.4282805919647217,0.0,-0.005480634514242411,0.33095481991767883,1.0,0.038908593356609344,1.0,0.0,0.0,0.038908593356609344,0.0,0.0,0.16073140501976013,0.0,0.4607314169406891,0.0,0.4607312083244324,0.4607312083244324,0.6900597810745239,0.0,0.0,0.0,0.0,0.0,0.0,0.0,0.0,1.0,0.0,0.030168786644935608,0.2970971167087555,0.4565466344356537,0.5087864398956299,0.0,17.000240325927734,16.974733352661133,16.974733352661133,0.18922768533229828,0.1678127944469452,-1.6488058141028716e-10,0.0,0.0,4.683555603027344,4.683555603027344,3.648782253265381,3.648782253265381,0.7489637732505798,0.0,0.0,0.0,0.0,0.4607314169406891,0.0,0.46073117852211,0.46073117852211,0.6900597810745239,0.0,3.648782253265381,3.648782253265381,3.648782253265381,3.529865026473999,0.33095481991767883,0.007363392971456051,0.0036254532169550657,1.0,0.6327589750289917,0.6721383929252625,0.6771290302276611,0.0,,,,,,,,,12.0,0.0,0.0,0.0,0.0,0.0,0.0,,,,,,,,,,,,,,,,,,,,,,0.001
23,3841,train_epoch,19.721984029530052,16.41403920065143,16.42488584118689,0.0,0.1280000978065822,0.1280000978065822,0.0,0.8339164010778872,6.500000017695129e-05,0.032499998807907104,0.006500000134110451,0.032499998807907104,0.0006500000017695129,0.0006500000017695129,0.6499999761581421,0.03798862784253266,0.15975616113868302,0.0,0.0,0.0,0.0,0.0,0.0,0.0,0.0,0.47756315990836323,0.47756315990836323,1.0,0.47756315990836323,0.4775631600868202,0.4775631600868202,0.0,-0.0014724863406514598,0.38324833576550743,1.0,0.03798862784253266,1.0,0.0,0.0,0.03798862784253266,0.0,0.0,0.15975616113868302,0.0,0.45975617181041284,0.0,0.45975615182322654,0.45975615182322654,0.6898994788438261,0.0,0.0,0.0,0.0,0.0,0.0,0.0,0.0,1.0,0.0,0.03693002098502067,0.29930774751537575,0.4806212210012767,0.5212588001511054,0.0,16.42488584118689,16.41403920065143,16.41403920065143,0.18412447653844685,0.16074636984549598,-1.756591273191902e-11,0.0,0.0,4.724620959002101,4.724620953291476,3.811628661469785,3.811628661469785,0.7285874785777338,0.0,0.0,0.0,0.0,0.45975617305961197,0.0,0.45975614200809045,0.45975614200809045,0.6898994788438261,0.0,3.8116285772380714,3.8116285786657276,3.811628661469785,3.785835785780124,0.38324833576550743,0.007633073166191221,0.0037143680010503994,1.0,0.6846352597910487,0.6835688620270369,0.6839950084686279,0.0,,,,,,,,,12.0,0.0,0.0,0.0,0.0,0.0,0.0,,,,,,,,,,,,,,,,,,,,,,0.001
23,3841,val,,,,,,,,,,,,,,,,,,,,,,,,,,,,,,,,,,,,,,,,,,,,,,,,,,,,,,,,,,,,,,,,,,,,,,,,,,,,,,,,,,,,,,,,,,,,,,,,,,,,,,,,,,,,,,,,,,,16.265483856201172,677.005126953125,26.019322184736577,0.13011614978313446,0.06963864713907242,14.711969375610352,23.508644624271994,0.11436216533184052,0.06304706633090973,16.20183753967285,25.907908571756618,0.12847164273262024,0.06937365978956223,18.795961380004883,29.73544032182494,0.15879391133785248,0.08035540580749512,16.265483856201172,26.019322184736577,0.13011614978313446,0.06963864713907242,0.001
23,3841,test_select,,,,,,,,,,,,,,,,,,,,,,,,,,,,,,,,,,,,,,,,,,,,,,,,,,,,,,,,,,,,,,,,,,,,,,,,,,,,,,,,,,,,,,,,,,,,,,,,,,,,,,,,,,,,,,,,,,,22.998327255249023,1407.872314453125,37.52162462438327,0.14176037907600403,0.09339658915996552,17.997833251953125,28.64864628707666,0.1155727207660675,0.07307366281747818,22.8812198638916,36.7442564336166,0.13945338129997253,0.09291613847017288,30.149463653564453,47.937484721314384,0.18307867646217346,0.12248534709215164,22.998327255249023,37.52162462438327,0.14176037907600403,0.09339658915996552,0.001
24,3860,train,19.055709838867188,15.857226371765137,15.871739387512207,0.0,0.1329198181629181,0.1329198181629181,0.0,0.8301171660423279,7.000000186963007e-05,0.03500000014901161,0.007000000216066837,0.03500000014901161,0.000699999975040555,0.000699999975040555,0.699999988079071,0.037699222564697266,0.16074681282043457,0.0,0.0,0.0,0.0,0.0,0.0,0.0,0.0,0.4592442810535431,0.4592442810535431,1.0,0.4592442810535431,0.4592442810535431,0.4592442810535431,0.0,-0.010658790357410908,0.3423709571361542,1.0,0.037699222564697266,1.0,0.0,0.0,0.037699222564697266,0.0,0.0,0.16074681282043457,0.0,0.4607468247413635,0.0,0.46074697375297546,0.46074697375297546,0.6900624632835388,0.0,0.0,0.0,0.0,0.0,0.0,0.0,0.0,1.0,0.0,0.026811886578798294,0.3043607771396637,0.4669296443462372,0.5120960474014282,0.0,15.871739387512207,15.857226371765137,15.857226371765137,0.17011545598506927,0.14184033870697021,1.0643154760292539e-11,0.0,0.0,4.826526165008545,4.826526165008545,3.7132792472839355,3.7132792472839355,0.674909770488739,0.0,0.0,0.0,0.0,0.4607468247413635,0.0,0.46074697375297546,0.46074697375297546,0.6900624632835388,0.0,3.7132792472839355,3.7132792472839355,3.7132792472839355,3.7066500186920166,0.3423709571361542,0.007464587222784758,0.003779242979362607,1.0,0.6735649108886719,0.6982414126396179,0.6830449104309082,0.0,,,,,,,,,12.0,0.0,0.0,0.0,0.0,0.0,0.0,,,,,,,,,,,,,,,,,,,,,,0.001
24,3880,train,19.754947662353516,16.437129974365234,16.476181030273438,0.0,0.12422961741685867,0.12422961741685867,0.0,0.8113846778869629,7.000000186963007e-05,0.03500000014901161,0.007000000216066837,0.03500000014901161,0.000699999975040555,0.000699999975040555,0.699999988079071,0.044565144926309586,0.15957576036453247,0.0,0.0,0.0,0.0,0.0,0.0,0.0,0.0,0.42931830883026123,0.42931830883026123,1.0,0.42931830883026123,0.42931830883026123,0.42931830883026123,0.0,-0.01577887311577797,0.3768881559371948,1.0,0.044565144926309586,1.0,0.0,0.0,0.044565144926309586,0.0,0.0,0.15957576036453247,0.0,0.4595757722854614,0.0,0.45957595109939575,0.45957595109939575,0.6898754835128784,0.0,0.0,0.0,0.0,0.0,0.0,0.0,0.0,1.0,0.0,0.051597997546195984,0.30772489309310913,0.45074811577796936,0.5076070427894592,0.0,16.476181030273438,16.437129974365234,16.437129974365234,0.17539823055267334,0.15155668556690216,1.9478210711021404e-10,0.0,0.0,4.791941165924072,4.791941165924072,3.5924928188323975,3.5924928188323975,0.6904037594795227,0.0,0.0,0.0,0.0,0.4595757722854614,0.0,0.45957592129707336,0.45957592129707336,0.6898754835128784,0.0,3.5924928188323975,3.5924928188323975,3.5924928188323975,3.5967507362365723,0.3768881559371948,0.007209320552647114,0.003570014610886574,1.0,0.6743991374969482,0.6749117374420166,0.6807333827018738,0.0,,,,,,,,,12.0,0.0,0.0,0.0,0.0,0.0,0.0,,,,,,,,,,,,,,,,,,,,,,0.001
24,3900,train,21.639970779418945,18.012468338012695,18.013778686523438,0.0,0.13673944771289825,0.13673944771289825,0.0,0.8911031484603882,7.000000186963007e-05,0.03500000014901161,0.007000000216066837,0.03500000014901161,0.000699999975040555,0.000699999975040555,0.699999988079071,0.031363166868686676,0.1581890881061554,0.0,0.0,0.0,0.0,0.0,0.0,0.0,0.0,0.4705520272254944,0.4705520272254944,1.0,0.4705520272254944,0.4705520272254944,0.4705520272254944,0.0,-0.015100871212780476,0.39691606163978577,1.0,0.031363166868686676,1.0,0.0,0.0,0.031363166868686676,0.0,0.0,0.1581890881061554,0.0,0.45818910002708435,0.0,0.4581891894340515,0.4581891894340515,0.6896473169326782,0.0,0.0,0.0,0.0,0.0,0.0,0.0,0.0,1.0,0.0,0.029249271377921104,0.30410391092300415,0.4745751619338989,0.49234527349472046,0.0,18.013778686523438,18.012468338012695,18.012468338012695,0.20595486462116241,0.18835511803627014,1.6260368052023466e-10,0.0,0.0,4.7610273361206055,4.761026859283447,3.7487778663635254,3.7487778663635254,0.8495072722434998,0.0,0.0,0.0,0.0,0.45818910002708435,0.0,0.4581891596317291,0.4581891596317291,0.6896473169326782,0.0,3.7487778663635254,3.7487778663635254,3.7487778663635254,3.8680660724639893,0.39691606163978577,0.007527455221861601,0.0037585063837468624,1.0,0.6893638968467712,0.6968252062797546,0.6865791082382202,0.0,,,,,,,,,12.0,0.0,0.0,0.0,0.0,0.0,0.0,,,,,,,,,,,,,,,,,,,,,,0.001
24,3920,train,19.63433074951172,16.340381622314453,16.35244369506836,0.0,0.13169728219509125,0.13169728219509125,0.0,0.9312576651573181,7.000000186963007e-05,0.03500000014901161,0.007000000216066837,0.03500000014901161,0.000699999975040555,0.000699999975040555,0.699999988079071,0.040729980915784836,0.15671706199645996,0.0,0.0,0.0,0.0,0.0,0.0,0.0,0.0,0.44395580887794495,0.44395580887794495,1.0,0.44395580887794495,0.44395580887794495,0.44395580887794495,0.0,-0.014908828772604465,0.4141821563243866,1.0,0.040729980915784836,1.0,0.0,0.0,0.040729980915784836,0.0,0.0,0.15671706199645996,0.0,0.4567170739173889,0.0,0.45671746134757996,0.45671746134757996,0.6893958449363708,0.0,0.0,0.0,0.0,0.0,0.0,0.0,0.0,1.0,0.0,0.03482541814446449,0.28515249490737915,0.478296160697937,0.47833916544914246,0.0,16.35244369506836,16.340381622314453,16.340381622314453,0.18795278668403625,0.16779154539108276,7.690027781226405e-11,0.0,0.0,4.562396049499512,4.562396049499512,3.813516855239868,3.813516855239868,0.7197805047035217,0.0,0.0,0.0,0.0,0.4567170739173889,0.0,0.45671746134757996,0.45671746134757996,0.6893958449363708,0.0,3.813516855239868,3.81351637840271,3.813516855239868,3.7603344917297363,0.4141821563243866,0.00783435720950365,0.004006782080978155,1.0,0.7009897232055664,0.6979045867919922,0.6878196597099304,0.0,,,,,,,,,12.0,0.0,0.0,0.0,0.0,0.0,0.0,,,,,,,,,,,,,,,,,,,,,,0.001
24,3940,train,20.13192367553711,16.75942039489746,16.760601043701172,0.0,0.10358422249555588,0.10358422249555588,0.0,0.8120898008346558,7.000000186963007e-05,0.03500000014901161,0.007000000216066837,0.03500000014901161,0.000699999975040555,0.000699999975040555,0.699999988079071,0.031900666654109955,0.15656408667564392,0.0,0.0,0.0,0.0,0.0,0.0,0.0,0.0,0.3945162296295166,0.3945162296295166,1.0,0.3945162296295166,0.394516259431839,0.394516259431839,0.0,-0.011869688518345356,0.4018059968948364,1.0,0.031900666654109955,1.0,0.0,0.0,0.031900666654109955,0.0,0.0,0.15656408667564392,0.0,0.4565640985965729,0.0,0.45656436681747437,0.45656436681747437,0.6893691420555115,0.0,0.0,0.0,0.0,0.0,0.0,0.0,0.0,1.0,0.0,0.04870357736945152,0.2921030521392822,0.43107128143310547,0.486953467130661,0.0,16.760601043701172,16.75942039489746,16.75942039489746,0.1829097718000412,0.15775445103645325,2.0550593171630993e-10,0.0,0.0,4.758711814880371,4.758711814880371,3.440049886703491,3.440049886703491,0.7132612466812134,0.0,0.0,0.0,0.0,0.4565640985965729,0.0,0.45656436681747437,0.45656436681747437,0.6893691420555115,0.0,3.440049886703491,3.440049886703491,3.440049886703491,3.497366189956665,0.4018059968948364,0.007037656381726265,0.003414297243580222,1.0,0.6051948666572571,0.6550011038780212,0.6437792181968689,0.0,,,,,,,,,12.0,0.0,0.0,0.0,0.0,0.0,0.0,,,,,,,,,,,,,,,,,,,,,,0.001
24,3960,train,20.529067993164062,17.088380813598633,17.092248916625977,0.0,0.1224929690361023,0.1224929690361023,0.0,0.9146698117256165,7.000000186963007e-05,0.03500000014901161,0.007000000216066837,0.03500000014901161,0.000699999975040555,0.000699999975040555,0.699999988079071,0.02991345152258873,0.15676617622375488,0.0,0.0,0.0,0.0,0.0,0.0,0.0,0.0,0.4227368235588074,0.4227368235588074,1.0,0.4227368235588074,0.4227368235588074,0.4227368235588074,0.0,-0.012768909335136414,0.3869539797306061,1.0,0.02991345152258873,1.0,0.0,0.0,0.02991345152258873,0.0,0.0,0.15676617622375488,0.0,0.45676618814468384,0.0,0.4567663073539734,0.4567663073539734,0.6894038915634155,0.0,0.0,0.0,0.0,0.0,0.0,0.0,0.0,1.0,0.0,0.09974449872970581,0.29836174845695496,0.4699268043041229,0.4767911434173584,0.0,17.092248916625977,17.088380813598633,17.088380813598633,0.18741843104362488,0.16755104064941406,-2.914898322714521e-10,0.0,0.0,4.572305202484131,4.572305202484131,3.733694076538086,3.733694076538086,0.7003295421600342,0.0,0.0,0.0,0.0,0.45676618814468384,0.0,0.4567663073539734,0.4567663073539734,0.6894038915634155,0.0,3.733694076538086,3.7336933612823486,3.733694076538086,3.6530776023864746,0.3869539797306061,0.00758932763710618,0.0038455321919173002,1.0,0.6512855291366577,0.6661409735679626,0.6500028371810913,0.0,,,,,,,,,12.0,0.0,0.0,0.0,0.0,0.0,0.0,,,,,,,,,,,,,,,,,,,,,,0.001
24,3980,train,19.315994262695312,16.07244110107422,16.110490798950195,0.0,0.10459334403276443,0.10459334403276443,0.0,0.8991146683692932,7.000000186963007e-05,0.03500000014901161,0.007000000216066837,0.03500000014901161,0.000699999975040555,0.000699999975040555,0.699999988079071,0.0395391620695591,0.1572948396205902,0.0,0.0,0.0,0.0,0.0,0.0,0.0,0.0,0.4188905358314514,0.4188905358314514,1.0,0.4188905358314514,0.4188905358314514,0.4188905358314514,0.0,-0.012110082432627678,0.3708936870098114,1.0,0.0395391620695591,1.0,0.0,0.0,0.0395391620695591,0.0,0.0,0.1572948396205902,0.0,0.45729488134384155,0.0,0.4572950601577759,0.4572950601577759,0.6894951462745667,0.0,0.0,0.0,0.0,0.0,0.0,0.0,0.0,1.0,0.0,0.07085262984037399,0.2874513566493988,0.4654514193534851,0.4769226312637329,0.0,16.110490798950195,16.07244110107422,16.07244110107422,0.1799524426460266,0.15363314747810364,-4.446830126347834e-10,0.0,0.0,4.631965160369873,4.631964683532715,3.7119503021240234,3.7119503021240234,0.697229266166687,0.0,0.0,0.0,0.0,0.45729485154151917,0.0,0.4572950601577759,0.4572950601577759,0.6894951462745667,0.0,3.7119503021240234,3.7119503021240234,3.7119503021240234,3.6289103031158447,0.3708936870098114,0.00745018757879734,0.003711092285811901,1.0,0.6709244251251221,0.68455570936203,0.6565953493118286,0.0,,,,,,,,,12.0,0.0,0.0,0.0,0.0,0.0,0.0,,,,,,,,,,,,,,,,,,,,,,0.001
24,4000,train,19.224369049072266,15.994715690612793,16.03675079345703,0.0,0.11086536943912506,0.11086536943912506,0.0,0.974819004535675,7.000000186963007e-05,0.03500000014901161,0.007000000216066837,0.03500000014901161,0.000699999975040555,0.000699999975040555,0.699999988079071,0.049944132566452026,0.15732309222221375,0.0,0.0,0.0,0.0,0.0,0.0,0.0,0.0,0.43356388807296753,0.43356388807296753,1.0,0.43356388807296753,0.43356388807296753,0.43356388807296753,0.0,-0.014336635358631611,0.37034812569618225,1.0,0.049944132566452026,1.0,0.0,0.0,0.049944132566452026,0.0,0.0,0.15732309222221375,0.0,0.4573231339454651,0.0,0.45732325315475464,0.45732325315475464,0.6895000338554382,0.0,0.0,0.0,0.0,0.0,0.0,0.0,0.0,1.0,0.0,0.07159995287656784,0.29281294345855713,0.4896775782108307,0.4638446569442749,0.0,16.03675079345703,15.994715690612793,15.994715690612793,0.18156862258911133,0.1521657258272171,1.381032649350189e-10,0.0,0.0,4.693833351135254,4.693833351135254,3.8849287033081055,3.8849287033081055,0.7021758556365967,0.0,0.0,0.0,0.0,0.4573231041431427,0.0,0.45732325315475464,0.45732325315475464,0.6895000338554382,0.0,3.8849287033081055,3.8849287033081055,3.8849287033081055,3.734231472015381,0.37034812569618225,0.007578582037240267,0.0038126357831060886,1.0,0.6642558574676514,0.6721158027648926,0.6561160683631897,0.0,,,,,,,,,12.0,0.0,0.0,0.0,0.0,0.0,0.0,,,,,,,,,,,,,,,,,,,,,,0.001
24,4008,train_epoch,19.640660245975333,16.346659340544374,16.356217932558344,0.0,0.12629269991449255,0.12629269991449255,0.0,0.8722773354924368,7.000000186963007e-05,0.03500000014901161,0.007000000216066837,0.03500000014901161,0.000699999975040555,0.000699999975040555,0.699999988079071,0.039040542525534856,0.15804450169294895,0.0,0.0,0.0,0.0,0.0,0.0,0.0,0.0,0.4318516609554519,0.4318516609554519,1.0,0.4318516609554519,0.431851662026194,0.431851662026194,0.0,-0.013075197993883651,0.38021923360710375,1.0,0.039040542525534856,1.0,0.0,0.0,0.039040542525534856,0.0,0.0,0.15804450169294895,0.0,0.4580445137923349,0.0,0.4580445155769051,0.4580445155769051,0.6896177012763337,0.0,0.0,0.0,0.0,0.0,0.0,0.0,0.0,1.0,0.0,0.03514130992471926,0.2976628761448546,0.46224819828650193,0.487373939174378,0.0,16.356217932558344,16.346659340544374,16.346659340544374,0.18619050620915648,0.1624135654308125,-2.053770107759363e-11,0.0,0.0,4.706334456712186,4.706334448146249,3.678594460744344,3.678594460744344,0.7346504562629197,0.0,0.0,0.0,0.0,0.4580445136138779,0.0,0.4580445048694839,0.4580445048694839,0.6896177012763337,0.0,3.6785943807955985,3.6785943536701318,3.678594460744344,3.6574341908186496,0.38021923360710375,0.007435537726913919,0.003720435001580658,1.0,0.6678751246657914,0.6681955471010266,0.6687589334156698,0.0,,,,,,,,,12.0,0.0,0.0,0.0,0.0,0.0,0.0,,,,,,,,,,,,,,,,,,,,,,0.001
24,4008,val,,,,,,,,,,,,,,,,,,,,,,,,,,,,,,,,,,,,,,,,,,,,,,,,,,,,,,,,,,,,,,,,,,,,,,,,,,,,,,,,,,,,,,,,,,,,,,,,,,,,,,,,,,,,,,,,,,,16.13279151916504,673.1197509765625,25.94455146994379,0.12479027360677719,0.06907054781913757,14.813663482666016,23.661766870328623,0.11991435289382935,0.0634828731417656,15.92218017578125,25.770781492049043,0.11722854524850845,0.06817620247602463,18.0398006439209,29.022806604852263,0.1357136368751526,0.07712269574403763,16.13279151916504,25.94455146994379,0.12479027360677719,0.06907054781913757,0.001
24,4008,test_select,,,,,,,,,,,,,,,,,,,,,,,,,,,,,,,,,,,,,,,,,,,,,,,,,,,,,,,,,,,,,,,,,,,,,,,,,,,,,,,,,,,,,,,,,,,,,,,,,,,,,,,,,,,,,,,,,,,22.290693283081055,1305.3046875,36.129000643527355,0.14178241789340973,0.0905228778719902,18.305370330810547,29.060473299628786,0.12470318377017975,0.07432232052087784,22.08723258972168,35.5348382780239,0.13455668091773987,0.08969192206859589,28.49997329711914,45.36924248940575,0.1712035983800888,0.11578410863876343,22.290693283081055,36.129000643527355,0.14178241789340973,0.0905228778719902,0.001
25,4020,train,19.499805450439453,16.22772979736328,16.246122360229492,0.0,0.14013580977916718,0.14013580977916718,0.0,0.9368607401847839,7.500000356230885e-05,0.03750000149011612,0.007499999832361937,0.03750000149011612,0.000750000006519258,0.000750000006519258,0.75,0.052903808653354645,0.15665701031684875,0.0,0.0,0.0,0.0,0.0,0.0,0.0,0.0,0.3859303891658783,0.3859303891658783,1.0,0.3859303891658783,0.3859303891658783,0.3859303891658783,0.0,-0.019372500479221344,0.3893241882324219,1.0,0.052903808653354645,1.0,0.0,0.0,0.052903808653354645,0.0,0.0,0.15665701031684875,0.0,0.4566570520401001,0.0,0.45665687322616577,0.45665687322616577,0.6893848180770874,0.0,0.0,0.0,0.0,0.0,0.0,0.0,0.0,1.0,0.0,0.06770329177379608,0.2961609959602356,0.46564292907714844,0.4621386229991913,0.0,16.246122360229492,16.22772979736328,16.22772979736328,0.20504365861415863,0.1840842366218567,-3.2692470952611075e-10,0.0,0.0,4.641512393951416,4.641512393951416,3.704026222229004,3.704026222229004,0.7906820774078369,0.0,0.0,0.0,0.0,0.4566570222377777,0.0,0.45665687322616577,0.45665687322616577,0.6893848180770874,0.0,3.704026222229004,3.704025983810425,3.704026222229004,3.5108823776245117,0.3893241882324219,0.007439481094479561,0.0037871382664889097,1.0,0.6393364667892456,0.6416990756988525,0.62138831615448,0.0,,,,,,,,,12.0,0.0,0.0,0.0,0.0,0.0,0.0,,,,,,,,,,,,,,,,,,,,,,0.001
25,4040,train,19.18852996826172,15.973204612731934,15.961682319641113,0.0,0.13686253130435944,0.13686253130435944,0.0,0.9212858080863953,7.500000356230885e-05,0.03750000149011612,0.007499999832361937,0.03750000149011612,0.000750000006519258,0.000750000006519258,0.75,0.039359431713819504,0.15367606282234192,0.0,0.0,0.0,0.0,0.0,0.0,0.0,0.0,0.39207831025123596,0.39207831025123596,1.0,0.39207831025123596,0.39207831025123596,0.39207831025123596,0.0,-0.03118724189698696,0.4503156244754791,1.0,0.039359431713819504,1.0,0.0,0.0,0.039359431713819504,0.0,0.0,0.15367606282234192,0.0,0.4536760747432709,0.0,0.4536757469177246,0.4536757469177246,0.6888492703437805,0.0,0.0,0.0,0.0,0.0,0.0,0.0,0.0,1.0,0.0,0.008179557509720325,0.2976265549659729,0.4524479806423187,0.459645539522171,0.0,15.961682319641113,15.973204612731934,15.973204612731934,0.19716770946979523,0.1735195815563202,-2.6212758092586386e-12,0.0,0.0,4.678106784820557,4.678106784820557,3.590812921524048,3.590812921524048,0.7679142951965332,0.0,0.0,0.0,0.0,0.4536760747432709,0.0,0.4536757469177246,0.4536757469177246,0.6888492703437805,0.0,3.590812921524048,3.590812921524048,3.590812921524048,3.539369821548462,0.4503156244754791,0.007243230007588863,0.0036906639579683542,1.0,0.6611780524253845,0.6656193733215332,0.6561778783798218,0.0,,,,,,,,,12.0,0.0,0.0,0.0,0.0,0.0,0.0,,,,,,,,,,,,,,,,,,,,,,0.001
25,4060,train,19.260961532592773,16.01987648010254,16.084808349609375,0.0,0.12063049525022507,0.12063049525022507,0.0,1.0639023780822754,7.500000356230885e-05,0.03750000149011612,0.007499999832361937,0.03750000149011612,0.000750000006519258,0.000750000006519258,0.75,0.06155316159129143,0.15326222777366638,0.0,0.0,0.0,0.0,0.0,0.0,0.0,0.0,0.43019217252731323,0.43019217252731323,1.0,0.43019217252731323,0.4301922023296356,0.4301922023296356,0.0,-0.021095698699355125,0.4266504943370819,1.0,0.06155316159129143,1.0,0.0,0.0,0.06155316159129143,0.0,0.0,0.15326222777366638,0.0,0.45326223969459534,0.0,0.45326197147369385,0.45326197147369385,0.6887717247009277,0.0,0.0,0.0,0.0,0.0,0.0,0.0,0.0,1.0,0.0,0.062473755329847336,0.28465595841407776,0.49535298347473145,0.43990978598594666,0.0,16.084808349609375,16.01987648010254,16.01987648010254,0.16718393564224243,0.1363559067249298,-4.0323264172137385e-10,0.0,0.0,4.655410289764404,4.655410289764404,3.935694456100464,3.935694456100464,0.6278291344642639,0.0,0.0,0.0,0.0,0.45326223969459534,0.0,0.45326197147369385,0.45326197147369385,0.6887717247009277,0.0,3.935694456100464,3.935694456100464,3.935694456100464,3.7834620475769043,0.4266504943370819,0.007913344539701939,0.0040746028535068035,1.0,0.6830193400382996,0.7011796832084656,0.6741600036621094,0.0,,,,,,,,,12.0,0.0,0.0,0.0,0.0,0.0,0.0,,,,,,,,,,,,,,,,,,,,,,0.001
25,4080,train,21.034120559692383,17.507482528686523,17.522890090942383,0.0,0.13545705378055573,0.13545705378055573,0.0,0.9429537653923035,7.500000356230885e-05,0.03750000149011612,0.007499999832361937,0.03750000149011612,0.000750000006519258,0.000750000006519258,0.75,0.03935772925615311,0.15270361304283142,0.0,0.0,0.0,0.0,0.0,0.0,0.0,0.0,0.37261033058166504,0.37261033058166504,1.0,0.37261033058166504,0.37261033058166504,0.37261033058166504,0.0,-0.023548860102891922,0.42092272639274597,1.0,0.03935772925615311,1.0,0.0,0.0,0.03935772925615311,0.0,0.0,0.15270361304283142,0.0,0.4527036249637604,0.0,0.4527038037776947,0.4527038037776947,0.6886669993400574,0.0,0.0,0.0,0.0,0.0,0.0,0.0,0.0,1.0,0.0,0.01774914562702179,0.2953694462776184,0.4514427185058594,0.4476246237754822,0.0,17.522890090942383,17.507482528686523,17.507482528686523,0.20712384581565857,0.17867450416088104,1.2428105766737474e-10,0.0,0.0,4.701067924499512,4.701067924499512,3.5906739234924316,3.5906739234924316,0.8610367178916931,0.0,0.0,0.0,0.0,0.4527036249637604,0.0,0.4527037739753723,0.4527037739753723,0.6886669993400574,0.0,3.5906739234924316,3.5906739234924316,3.5906739234924316,3.485521078109741,0.42092272639274597,0.0071923090144991875,0.0036158638540655375,1.0,0.6437508463859558,0.6610350608825684,0.6554639339447021,0.0,,,,,,,,,12.0,0.0,0.0,0.0,0.0,0.0,0.0,,,,,,,,,,,,,,,,,,,,,,0.001
25,4100,train,18.493940353393555,15.393321990966797,15.400321006774902,0.0,0.10708709061145782,0.10708709061145782,0.0,0.8745457530021667,7.500000356230885e-05,0.03750000149011612,0.007499999832361937,0.03750000149011612,0.000750000006519258,0.000750000006519258,0.75,0.03885624557733536,0.15204113721847534,0.0,0.0,0.0,0.0,0.0,0.0,0.0,0.0,0.3629165291786194,0.3629165291786194,1.0,0.3629165291786194,0.3629165291786194,0.3629165291786194,0.0,-0.027555197477340698,0.4187197983264923,1.0,0.03885624557733536,1.0,0.0,0.0,0.03885624557733536,0.0,0.0,0.15204113721847534,0.0,0.4520411491394043,0.0,0.4520409107208252,0.4520409107208252,0.6885401606559753,0.0,0.0,0.0,0.0,0.0,0.0,0.0,0.0,1.0,0.0,-0.0074861678294837475,0.29900193214416504,0.4236569404602051,0.4594583213329315,0.0,15.400321006774902,15.393321990966797,15.393321990966797,0.16957472264766693,0.13561442494392395,3.29014315791909e-11,0.0,0.0,4.776037216186523,4.776037216186523,3.382716417312622,3.382716417312622,0.6922357678413391,0.0,0.0,0.0,0.0,0.4520411491394043,0.0,0.4520409107208252,0.4520409107208252,0.6885401606559753,0.0,3.382716417312622,3.382716417312622,3.382716417312622,3.3765015602111816,0.4187197983264923,0.006951265037059784,0.0034515024162828922,1.0,0.6800786852836609,0.6888636350631714,0.6961488723754883,0.0,,,,,,,,,12.0,0.0,0.0,0.0,0.0,0.0,0.0,,,,,,,,,,,,,,,,,,,,,,0.001
25,4120,train,19.102266311645508,15.896965980529785,15.925270080566406,0.0,0.10872287303209305,0.10872287303209305,0.0,0.9258582592010498,7.500000356230885e-05,0.03750000149011612,0.007499999832361937,0.03750000149011612,0.000750000006519258,0.000750000006519258,0.75,0.03398635983467102,0.15286511182785034,0.0,0.0,0.0,0.0,0.0,0.0,0.0,0.0,0.35466891527175903,0.35466891527175903,1.0,0.35466891527175903,0.35466891527175903,0.35466891527175903,0.0,-0.020541435107588768,0.3906441032886505,1.0,0.03398635983467102,1.0,0.0,0.0,0.03398635983467102,0.0,0.0,0.15286511182785034,0.0,0.4528651237487793,0.0,0.4528648555278778,0.4528648555278778,0.6886975169181824,0.0,0.0,0.0,0.0,0.0,0.0,0.0,0.0,1.0,0.0,0.06257526576519012,0.29706141352653503,0.4355919659137726,0.4454856812953949,0.0,15.925270080566406,15.896965980529785,15.896965980529785,0.19039787352085114,0.163405641913414,-2.978888524740597e-10,0.0,0.0,4.796227931976318,4.796227931976318,3.488269805908203,3.488269805908203,0.7614288330078125,0.0,0.0,0.0,0.0,0.4528651237487793,0.0,0.4528648555278778,0.4528648555278778,0.6886975169181824,0.0,3.488269805908203,3.488269805908203,3.488269805908203,3.3347556591033936,0.3906441032886505,0.007151320576667786,0.0036386693827807903,1.0,0.6610069870948792,0.6549148559570312,0.6184895038604736,0.0,,,,,,,,,12.0,0.0,0.0,0.0,0.0,0.0,0.0,,,,,,,,,,,,,,,,,,,,,,0.001
25,4140,train,20.733959197998047,17.256961822509766,17.271242141723633,0.0,0.13456736505031586,0.13456736505031586,0.0,0.967644989490509,7.500000356230885e-05,0.03750000149011612,0.007499999832361937,0.03750000149011612,0.000750000006519258,0.000750000006519258,0.75,0.04998340457677841,0.15406155586242676,0.0,0.0,0.0,0.0,0.0,0.0,0.0,0.0,0.3883291780948639,0.3883291780948639,1.0,0.3883291780948639,0.3883292078971863,0.3883292078971863,0.0,-0.018370119854807854,0.3655046224594116,1.0,0.04998340457677841,1.0,0.0,0.0,0.04998340457677841,0.0,0.0,0.15406155586242676,0.0,0.4540615677833557,0.0,0.4540615975856781,0.4540615975856781,0.6889204382896423,0.0,0.0,0.0,0.0,0.0,0.0,0.0,0.0,1.0,0.0,0.06952404975891113,0.28910917043685913,0.4578070342540741,0.4464489817619324,0.0,17.271242141723633,17.256961822509766,17.256961822509766,0.21151410043239594,0.1855069100856781,-3.611013432713861e-10,0.0,0.0,4.48119592666626,4.48119592666626,3.654221534729004,3.654221534729004,0.8097821474075317,0.0,0.0,0.0,0.0,0.4540615677833557,0.0,0.4540615975856781,0.4540615975856781,0.6889204382896423,0.0,3.654221534729004,3.654221534729004,3.654221534729004,3.5274264812469482,0.3655046224594116,0.0074392398819327354,0.0038797203451395035,1.0,0.680858314037323,0.6986770033836365,0.6705870628356934,0.0,,,,,,,,,12.0,0.0,0.0,0.0,0.0,0.0,0.0,,,,,,,,,,,,,,,,,,,,,,0.001
25,4160,train,19.12518310546875,15.919339179992676,15.915858268737793,0.0,0.12181373685598373,0.12181373685598373,0.0,0.9889655113220215,7.500000356230885e-05,0.03750000149011612,0.007499999832361937,0.03750000149011612,0.000750000006519258,0.000750000006519258,0.75,0.061898067593574524,0.1547311246395111,0.0,0.0,0.0,0.0,0.0,0.0,0.0,0.0,0.39709708094596863,0.39709708094596863,1.0,0.39709708094596863,0.39709708094596863,0.39709708094596863,0.0,-0.022883405908942223,0.3626924157142639,1.0,0.061898067593574524,1.0,0.0,0.0,0.061898067593574524,0.0,0.0,0.1547311246395111,0.0,0.45473113656044006,0.0,0.4547313153743744,0.4547313153743744,0.6890426278114319,0.0,0.0,0.0,0.0,0.0,0.0,0.0,0.0,1.0,0.0,0.04622602462768555,0.29379644989967346,0.4572273790836334,0.4359514117240906,0.0,15.915858268737793,15.919339179992676,15.919339179992676,0.21491290628910065,0.20264358818531036,-1.3723266967247127e-10,0.0,0.0,4.64180326461792,4.64180326461792,3.6666810512542725,3.6666810512542725,0.8588153719902039,0.0,0.0,0.0,0.0,0.45473113656044006,0.0,0.454731285572052,0.454731285572052,0.6890426278114319,0.0,3.6666805744171143,3.6666810512542725,3.6666810512542725,3.6754424571990967,0.3626924157142639,0.007326476741582155,0.003767872229218483,1.0,0.7005650997161865,0.657667875289917,0.6639316082000732,0.0,,,,,,,,,12.0,0.0,0.0,0.0,0.0,0.0,0.0,,,,,,,,,,,,,,,,,,,,,,0.001
25,4175,train_epoch,19.51264144988831,16.24078206958885,16.24869310641717,0.0,0.12044425491622822,0.12044425491622822,0.0,0.9294836435489312,7.500000356230885e-05,0.03750000149011612,0.007499999832361937,0.03750000149011612,0.000750000006519258,0.000750000006519258,0.75,0.04075482429679996,0.15379943444343383,0.0,0.0,0.0,0.0,0.0,0.0,0.0,0.0,0.38641018514147774,0.38641018514147774,1.0,0.38641018514147774,0.3864101863906769,0.3864101863906769,0.0,-0.02309668289977098,0.40211802257035306,1.0,0.04075482429679996,1.0,0.0,0.0,0.04075482429679996,0.0,0.0,0.15379943444343383,0.0,0.45379944761356195,0.0,0.4537994237003212,0.4537994237003212,0.6888683898720199,0.0,0.0,0.0,0.0,0.0,0.0,0.0,0.0,1.0,0.0,0.03245104113708719,0.2928854746375969,0.445933091426324,0.4518667582623259,0.0,16.24869310641717,16.24078206958885,16.24078206958885,0.19375739438448122,0.17020543593311024,1.736404027778153e-11,0.0,0.0,4.671290057861876,4.671290055006564,3.560687452019332,3.560687452019332,0.7635130871555762,0.0,0.0,0.0,0.0,0.4537994463643628,0.0,0.4537994129929,0.4537994129929,0.6888683898720199,0.0,3.560687390630117,3.5606873777812114,3.560687452019332,3.5342870158349684,0.40211802257035306,0.0072561359551629265,0.003685930265604468,1.0,0.6558199621246247,0.6560382925107807,0.6562218723182907,0.0,,,,,,,,,12.0,0.0,0.0,0.0,0.0,0.0,0.0,,,,,,,,,,,,,,,,,,,,,,0.001
25,4175,val,,,,,,,,,,,,,,,,,,,,,,,,,,,,,,,,,,,,,,,,,,,,,,,,,,,,,,,,,,,,,,,,,,,,,,,,,,,,,,,,,,,,,,,,,,,,,,,,,,,,,,,,,,,,,,,,,,,16.751392364501953,675.6134033203125,25.99256438522972,0.17557615041732788,0.07171900570392609,15.339539527893066,23.77042065149918,0.16384288668632507,0.06573647260665894,16.639690399169922,25.934511311245583,0.17225660383701324,0.07124847173690796,19.236141204833984,29.41109505283731,0.20100438594818115,0.08223722130060196,16.751392364501953,25.99256438522972,0.17557615041732788,0.07171900570392609,0.001
25,4175,test_select,,,,,,,,,,,,,,,,,,,,,,,,,,,,,,,,,,,,,,,,,,,,,,,,,,,,,,,,,,,,,,,,,,,,,,,,,,,,,,,,,,,,,,,,,,,,,,,,,,,,,,,,,,,,,,,,,,,24.000734329223633,1460.9129638671875,38.22189116026557,0.19127680361270905,0.09746737033128738,18.833707809448242,29.041547806951293,0.16440705955028534,0.07646743953227997,23.583072662353516,36.982310422412596,0.18679843842983246,0.09576623141765594,31.271608352661133,48.81460812909262,0.23535603284835815,0.1270441859960556,24.000734329223633,38.22189116026557,0.19127680361270905,0.09746737033128738,0.001
26,4180,train,19.57575225830078,16.294607162475586,16.288795471191406,0.0,0.11566202342510223,0.11566202342510223,0.0,0.9982119798660278,7.999999797903001e-05,0.03999999910593033,0.00800000037997961,0.03999999910593033,0.0007999999797903001,0.0007999999797903001,0.800000011920929,0.044134944677352905,0.1536685824394226,0.0,0.0,0.0,0.0,0.0,0.0,0.0,0.0,0.3858356475830078,0.3858356475830078,1.0,0.3858356475830078,0.3858356475830078,0.3858356475830078,0.0,-0.02994702383875847,0.3978022634983063,1.0,0.044134944677352905,1.0,0.0,0.0,0.044134944677352905,0.0,0.0,0.1536685824394226,0.0,0.45366859436035156,0.0,0.4536685347557068,0.4536685347557068,0.6888477206230164,0.0,0.0,0.0,0.0,0.0,0.0,0.0,0.0,1.0,0.0,0.05190262570977211,0.2903907597064972,0.4513397514820099,0.4307931065559387,0.0,16.288795471191406,16.294607162475586,16.294607162475586,0.18120402097702026,0.15136393904685974,1.5383719298434073e-10,0.0,0.0,4.608433723449707,4.608433723449707,3.598752498626709,3.598752498626709,0.6966505646705627,0.0,0.0,0.0,0.0,0.45366859436035156,0.0,0.4536685347557068,0.4536685347557068,0.6888477206230164,0.0,3.598752498626709,3.598752021789551,3.598752498626709,3.588536262512207,0.3978022634983063,0.007290311623364687,0.0037924654316157103,1.0,0.6289886832237244,0.6148521900177002,0.6071720123291016,0.0,,,,,,,,,12.0,0.0,0.0,0.0,0.0,0.0,0.0,,,,,,,,,,,,,,,,,,,,,,0.001
26,4200,train,18.442729949951172,15.352462768554688,15.334006309509277,0.0,0.1282901167869568,0.1282901167869568,0.0,0.9771714210510254,7.999999797903001e-05,0.03999999910593033,0.00800000037997961,0.03999999910593033,0.0007999999797903001,0.0007999999797903001,0.800000011920929,0.04529851675033569,0.1540343165397644,0.0,0.0,0.0,0.0,0.0,0.0,0.0,0.0,0.3770322799682617,0.3770322799682617,1.0,0.3770322799682617,0.3770322799682617,0.3770322799682617,0.0,-0.02504054643213749,0.38522353768348694,1.0,0.04529851675033569,1.0,0.0,0.0,0.04529851675033569,0.0,0.0,0.1540343165397644,0.0,0.45403432846069336,0.0,0.4540339708328247,0.4540339708328247,0.6889153122901917,0.0,0.0,0.0,0.0,0.0,0.0,0.0,0.0,1.0,0.0,0.019867651164531708,0.3062869906425476,0.4490486681461334,0.436765193939209,0.0,15.334006309509277,15.352462768554688,15.352462768554688,0.1812198907136917,0.15005315840244293,-2.452185503265536e-11,0.0,0.0,4.754449844360352,4.754449367523193,3.566086530685425,3.566086530685425,0.7479982376098633,0.0,0.0,0.0,0.0,0.45403432846069336,0.0,0.4540339708328247,0.4540339708328247,0.6889153122901917,0.0,3.5660860538482666,3.5660860538482666,3.566086530685425,3.4867727756500244,0.38522353768348694,0.0072829765267670155,0.003870827378705144,1.0,0.6826522350311279,0.6666697263717651,0.6773756742477417,0.0,,,,,,,,,12.0,0.0,0.0,0.0,0.0,0.0,0.0,,,,,,,,,,,,,,,,,,,,,,0.001
26,4220,train,18.684803009033203,15.550399780273438,15.55923080444336,0.0,0.12056092917919159,0.12056092917919159,0.0,0.9688365459442139,7.999999797903001e-05,0.03999999910593033,0.00800000037997961,0.03999999910593033,0.0007999999797903001,0.0007999999797903001,0.800000011920929,0.03122694045305252,0.15302777290344238,0.0,0.0,0.0,0.0,0.0,0.0,0.0,0.0,0.3648014962673187,0.3648014962673187,1.0,0.3648014962673187,0.3648015260696411,0.3648015260696411,0.0,-0.03100949339568615,0.4051379859447479,1.0,0.03122694045305252,1.0,0.0,0.0,0.03122694045305252,0.0,0.0,0.15302777290344238,0.0,0.45302778482437134,0.0,0.45302796363830566,0.45302796363830566,0.6887282729148865,0.0,0.0,0.0,0.0,0.0,0.0,0.0,0.0,1.0,0.0,0.027661368250846863,0.29046547412872314,0.4368036985397339,0.43323665857315063,0.0,15.55923080444336,15.550399780273438,15.550399780273438,0.19937948882579803,0.1735067218542099,-9.142567952702407e-11,0.0,0.0,4.53834867477417,4.538348197937012,3.498002767562866,3.498002767562866,0.73872971534729,0.0,0.0,0.0,0.0,0.45302778482437134,0.0,0.45302796363830566,0.45302796363830566,0.6887282729148865,0.0,3.498002529144287,3.498002529144287,3.498002767562866,3.4501304626464844,0.4051379859447479,0.0071829501539468765,0.003746329341083765,1.0,0.5964699387550354,0.6182913184165955,0.6224255561828613,0.0,,,,,,,,,12.0,0.0,0.0,0.0,0.0,0.0,0.0,,,,,,,,,,,,,,,,,,,,,,0.001
26,4240,train,20.086713790893555,16.7235050201416,16.70673179626465,0.0,0.12769131362438202,0.12769131362438202,0.0,0.9895265102386475,7.999999797903001e-05,0.03999999910593033,0.00800000037997961,0.03999999910593033,0.0007999999797903001,0.0007999999797903001,0.800000011920929,0.0605812594294548,0.15089339017868042,0.0,0.0,0.0,0.0,0.0,0.0,0.0,0.0,0.34390541911125183,0.34390541911125183,1.0,0.34390541911125183,0.34390541911125183,0.34390541911125183,0.0,-0.037651654332876205,0.4366088807582855,1.0,0.0605812594294548,1.0,0.0,0.0,0.0605812594294548,0.0,0.0,0.15089339017868042,0.0,0.450893372297287,0.0,0.4508933424949646,0.4508933424949646,0.6883164644241333,0.0,0.0,0.0,0.0,0.0,0.0,0.0,0.0,1.0,0.0,0.03017185628414154,0.29078999161720276,0.4367372691631317,0.42524585127830505,0.0,16.70673179626465,16.7235050201416,16.7235050201416,0.20630565285682678,0.18486931920051575,1.1467768401551837e-10,0.0,0.0,4.559216022491455,4.559216022491455,3.4924490451812744,3.4924490451812744,0.8201173543930054,0.0,0.0,0.0,0.0,0.4508934020996094,0.0,0.4508933424949646,0.4508933424949646,0.6883164644241333,0.0,3.4924490451812744,3.4924490451812744,3.4924490451812744,3.3946480751037598,0.4366088807582855,0.007177484687417746,0.003690419252961874,1.0,0.6293498873710632,0.6393964290618896,0.6325443983078003,0.0,,,,,,,,,12.0,0.0,0.0,0.0,0.0,0.0,0.0,,,,,,,,,,,,,,,,,,,,,,0.001
26,4260,train,19.586946487426758,16.30821418762207,16.279644012451172,0.0,0.13560278713703156,0.13560278713703156,0.0,0.9441213011741638,7.999999797903001e-05,0.03999999910593033,0.00800000037997961,0.03999999910593033,0.0007999999797903001,0.0007999999797903001,0.800000011920929,0.04038833826780319,0.1500871479511261,0.0,0.0,0.0,0.0,0.0,0.0,0.0,0.0,0.3572726547718048,0.3572726547718048,1.0,0.3572726547718048,0.3572726547718048,0.3572726547718048,0.0,-0.03389217332005501,0.43359991908073425,1.0,0.04038833826780319,1.0,0.0,0.0,0.04038833826780319,0.0,0.0,0.1500871479511261,0.0,0.45008715987205505,0.0,0.45008739829063416,0.45008739829063416,0.688156247138977,0.0,0.0,0.0,0.0,0.0,0.0,0.0,0.0,1.0,0.0,-0.03360816836357117,0.2929842472076416,0.4226003587245941,0.4318239390850067,0.0,16.279644012451172,16.30821418762207,16.30821418762207,0.19322539865970612,0.1713898628950119,-2.556603262426904e-10,0.0,0.0,4.616244792938232,4.616244792938232,3.3905482292175293,3.3905482292175293,0.739620566368103,0.0,0.0,0.0,0.0,0.45008715987205505,0.0,0.45008736848831177,0.45008736848831177,0.688156247138977,0.0,3.390547513961792,3.3905482292175293,3.3905482292175293,3.4143028259277344,0.43359991908073425,0.007133271545171738,0.0037344989832490683,1.0,0.6839590072631836,0.6634839177131653,0.6797653436660767,0.0,,,,,,,,,12.0,0.0,0.0,0.0,0.0,0.0,0.0,,,,,,,,,,,,,,,,,,,,,,0.001
26,4280,train,18.00694465637207,14.988525390625,14.990182876586914,0.0,0.10990637540817261,0.10990637540817261,0.0,0.9738346338272095,7.999999797903001e-05,0.03999999910593033,0.00800000037997961,0.03999999910593033,0.0007999999797903001,0.0007999999797903001,0.800000011920929,0.04444253444671631,0.14963307976722717,0.0,0.0,0.0,0.0,0.0,0.0,0.0,0.0,0.3281799554824829,0.3281799554824829,1.0,0.3281799554824829,0.3281799554824829,0.3281799554824829,0.0,-0.03347809240221977,0.4303228259086609,1.0,0.04444253444671631,1.0,0.0,0.0,0.04444253444671631,0.0,0.0,0.14963307976722717,0.0,0.44963306188583374,0.0,0.4496331810951233,0.4496331810951233,0.6880647540092468,0.0,0.0,0.0,0.0,0.0,0.0,0.0,0.0,1.0,0.0,0.03283289447426796,0.2898177206516266,0.43051862716674805,0.42447328567504883,0.0,14.990182876586914,14.988525390625,14.988525390625,0.18711960315704346,0.16408635675907135,-3.2668390215206955e-10,0.0,0.0,4.694233417510986,4.6942338943481445,3.451343536376953,3.451343536376953,0.7509230971336365,0.0,0.0,0.0,0.0,0.44963309168815613,0.0,0.4496331512928009,0.4496331512928009,0.6880647540092468,0.0,3.451343297958374,3.451343297958374,3.451343536376953,3.2627506256103516,0.4303228259086609,0.007091983687132597,0.0036638393066823483,1.0,0.6190285682678223,0.6336296796798706,0.6156763434410095,0.0,,,,,,,,,12.0,0.0,0.0,0.0,0.0,0.0,0.0,,,,,,,,,,,,,,,,,,,,,,0.001
26,4300,train,19.639188766479492,16.345945358276367,16.373706817626953,0.0,0.097335085272789,0.097335085272789,0.0,0.9590410590171814,7.999999797903001e-05,0.03999999910593033,0.00800000037997961,0.03999999910593033,0.0007999999797903001,0.0007999999797903001,0.800000011920929,0.03677379712462425,0.14741072058677673,0.0,0.0,0.0,0.0,0.0,0.0,0.0,0.0,0.2996971905231476,0.2996971905231476,1.0,0.2996971905231476,0.2996971905231476,0.2996971905231476,0.0,-0.04340815171599388,0.45971915125846863,1.0,0.03677379712462425,1.0,0.0,0.0,0.03677379712462425,0.0,0.0,0.14741072058677673,0.0,0.4474107325077057,0.0,0.44741103053092957,0.44741103053092957,0.6876057982444763,0.0,0.0,0.0,0.0,0.0,0.0,0.0,0.0,1.0,0.0,0.03304805979132652,0.2853826582431793,0.419102281332016,0.4160395860671997,0.0,16.373706817626953,16.345945358276367,16.345945358276367,0.18599097430706024,0.1501014083623886,-3.01199315488887e-10,0.0,0.0,4.645493030548096,4.645493030548096,3.3584465980529785,3.3584465980529785,0.7276750802993774,0.0,0.0,0.0,0.0,0.4474107325077057,0.0,0.44741103053092957,0.44741103053092957,0.6876057982444763,0.0,3.3584465980529785,3.3584465980529785,3.3584465980529785,3.1729400157928467,0.45971915125846863,0.00683979457244277,0.003438806626945734,1.0,0.6037452816963196,0.6278157830238342,0.5941482782363892,0.0,,,,,,,,,12.0,0.0,0.0,0.0,0.0,0.0,0.0,,,,,,,,,,,,,,,,,,,,,,0.001
26,4320,train,19.34349250793457,16.10199737548828,16.096956253051758,0.0,0.11119061708450317,0.11119061708450317,0.0,1.014837384223938,7.999999797903001e-05,0.03999999910593033,0.00800000037997961,0.03999999910593033,0.0007999999797903001,0.0007999999797903001,0.800000011920929,0.03844914585351944,0.14661717414855957,0.0,0.0,0.0,0.0,0.0,0.0,0.0,0.0,0.36308375000953674,0.36308375000953674,1.0,0.36308375000953674,0.36308377981185913,0.36308377981185913,0.0,-0.04065723344683647,0.45269641280174255,1.0,0.03844914585351944,1.0,0.0,0.0,0.03844914585351944,0.0,0.0,0.14661717414855957,0.0,0.4466171860694885,0.0,0.4466172456741333,0.4466172456741333,0.6874366402626038,0.0,0.0,0.0,0.0,0.0,0.0,0.0,0.0,1.0,0.0,0.015189480036497116,0.2962028682231903,0.4267677366733551,0.4055492877960205,0.0,16.096956253051758,16.10199737548828,16.10199737548828,0.2025865912437439,0.17928805947303772,3.074668575298034e-10,0.0,0.0,4.5804009437561035,4.580401420593262,3.41378116607666,3.41378116607666,0.7628604173660278,0.0,0.0,0.0,0.0,0.4466171860694885,0.0,0.4466172456741333,0.4466172456741333,0.6874366402626038,0.0,3.413780689239502,3.41378116607666,3.41378116607666,3.5496582984924316,0.45269641280174255,0.007031944580376148,0.0036351303569972515,1.0,0.584602952003479,0.6015617251396179,0.6210691332817078,0.0,,,,,,,,,12.0,0.0,0.0,0.0,0.0,0.0,0.0,,,,,,,,,,,,,,,,,,,,,,0.001
26,4340,train,18.371240615844727,15.290726661682129,15.298616409301758,0.0,0.09334505349397659,0.09334505349397659,0.0,0.994937539100647,7.999999797903001e-05,0.03999999910593033,0.00800000037997961,0.03999999910593033,0.0007999999797903001,0.0007999999797903001,0.800000011920929,0.04000520706176758,0.1457589566707611,0.0,0.0,0.0,0.0,0.0,0.0,0.0,0.0,0.3505707085132599,0.3505707085132599,1.0,0.3505707085132599,0.3505707085132599,0.3505707085132599,0.0,-0.0411282442510128,0.4501763582229614,1.0,0.04000520706176758,1.0,0.0,0.0,0.04000520706176758,0.0,0.0,0.1457589566707611,0.0,0.44575896859169006,0.0,0.4457591772079468,0.4457591772079468,0.6872518062591553,0.0,0.0,0.0,0.0,0.0,0.0,0.0,0.0,1.0,0.0,0.02298937551677227,0.2912232577800751,0.4155464768409729,0.408648818731308,0.0,15.298616409301758,15.290726661682129,15.290726661682129,0.18398204445838928,0.16046443581581116,1.1240552239000223e-10,0.0,0.0,4.67882776260376,4.67882776260376,3.3331639766693115,3.3331639766693115,0.7114019393920898,0.0,0.0,0.0,0.0,0.44575896859169006,0.0,0.4457591772079468,0.4457591772079468,0.6872518062591553,0.0,3.3331639766693115,3.3331639766693115,3.3331639766693115,3.490597724914551,0.4501763582229614,0.006820130627602339,0.0035142251290380955,1.0,0.6184214353561401,0.6122468709945679,0.6515560746192932,0.0,,,,,,,,,12.0,0.0,0.0,0.0,0.0,0.0,0.0,,,,,,,,,,,,,,,,,,,,,,0.001
26,4342,train_epoch,19.35205858196327,16.107028127430443,16.115191882241987,0.0,0.11613767143495068,0.11613767143495068,0.0,0.9860729296764214,7.999999797903001e-05,0.03999999910593033,0.00800000037997961,0.03999999910593033,0.0007999999797903001,0.0007999999797903001,0.800000011920929,0.041733237674939416,0.15023420813554775,0.0,0.0,0.0,0.0,0.0,0.0,0.0,0.0,0.35654748289171095,0.35654748289171095,1.0,0.35654748289171095,0.35654748556856625,0.35654748556856625,0.0,-0.03485518294626367,0.4274519637316287,1.0,0.041733237674939416,1.0,0.0,0.0,0.041733237674939416,0.0,0.0,0.15023420813554775,0.0,0.4502342193426486,0.0,0.4502342041738019,0.4502342041738019,0.6881701607190206,0.0,0.0,0.0,0.0,0.0,0.0,0.0,0.0,1.0,0.0,0.03245134639566274,0.2926232011732227,0.4354681865183893,0.42392171535663264,0.0,16.115191882241987,16.107028127430443,16.107028127430443,0.19377040042134816,0.17068341882999785,-2.81076773268976e-11,0.0,0.0,4.6472444134558035,4.647244399179241,3.484281442836373,3.484281442836373,0.760372985979754,0.0,0.0,0.0,0.0,0.45023422005647673,0.0,0.45023419418020877,0.45023419418020877,0.6881701607190206,0.0,3.4842813329068485,3.4842813400451296,3.484281442836373,3.4617938010278575,0.4274519637316287,0.007151653861883515,0.0037107258870595406,1.0,0.6383903219314393,0.6383037895499589,0.6386604187731257,0.0,,,,,,,,,12.0,0.0,0.0,0.0,0.0,0.0,0.0,,,,,,,,,,,,,,,,,,,,,,0.001
26,4342,val,,,,,,,,,,,,,,,,,,,,,,,,,,,,,,,,,,,,,,,,,,,,,,,,,,,,,,,,,,,,,,,,,,,,,,,,,,,,,,,,,,,,,,,,,,,,,,,,,,,,,,,,,,,,,,,,,,,15.813071250915527,653.4312133789062,25.562300627660772,0.11550714075565338,0.06770170480012894,14.548335075378418,23.405861457889934,0.10260488092899323,0.06234583258628845,15.660032272338867,25.464120792870627,0.10857658088207245,0.06705372780561447,18.24016571044922,28.878141950609137,0.15902134776115417,0.07797929644584656,15.813071250915527,25.562300627660772,0.11550714075565338,0.06770170480012894,0.001
26,4342,test_select,,,,,,,,,,,,,,,,,,,,,,,,,,,,,,,,,,,,,,,,,,,,,,,,,,,,,,,,,,,,,,,,,,,,,,,,,,,,,,,,,,,,,,,,,,,,,,,,,,,,,,,,,,,,,,,,,,,23.39021873474121,1451.2242431640625,38.09493723795936,0.13680671155452728,0.09498806297779083,18.23265266418457,29.101190224128935,0.10185284167528152,0.07402707636356354,22.96940040588379,37.031106605735026,0.12654054164886475,0.09327422827482224,31.251615524291992,49.11595167544222,0.20750540494918823,0.12696294486522675,23.39021873474121,38.09493723795936,0.13680671155452728,0.09498806297779083,0.001
27,4360,train,18.833730697631836,15.67715072631836,15.670873641967773,0.0,0.12280460447072983,0.12280460447072983,0.0,1.0245845317840576,8.499999967170879e-05,0.042500000447034836,0.008500000461935997,0.042500000447034836,0.0008500000112690032,0.0008500000112690032,0.8500000238418579,0.04091985523700714,0.14507776498794556,0.0,0.0,0.0,0.0,0.0,0.0,0.0,0.0,0.3321841061115265,0.3321841061115265,1.0,0.3321841061115265,0.3321841061115265,0.3321841061115265,0.0,-0.041426558047533035,0.45311498641967773,1.0,0.04091985523700714,1.0,0.0,0.0,0.04091985523700714,0.0,0.0,0.14507776498794556,0.0,0.4450777769088745,0.0,0.44507741928100586,0.44507741928100586,0.687102198600769,0.0,0.0,0.0,0.0,0.0,0.0,0.0,0.0,1.0,0.0,-0.0013848107773810625,0.29801762104034424,0.421265184879303,0.40178295969963074,0.0,15.670873641967773,15.67715072631836,15.67715072631836,0.2084815949201584,0.19057153165340424,4.9182012629156446e-11,0.0,0.0,4.728128910064697,4.728128910064697,3.3591883182525635,3.3591883182525635,0.8392764329910278,0.0,0.0,0.0,0.0,0.4450777769088745,0.0,0.44507741928100586,0.44507741928100586,0.687102198600769,0.0,3.3591883182525635,3.3591883182525635,3.3591883182525635,3.423480987548828,0.45311498641967773,0.0068819173611700535,0.003605375997722149,1.0,0.6130911111831665,0.6286667585372925,0.6309158802032471,0.0,,,,,,,,,12.0,0.0,0.0,0.0,0.0,0.0,0.0,,,,,,,,,,,,,,,,,,,,,,0.001
27,4380,train,19.056678771972656,15.856395721435547,15.902626991271973,0.0,0.0909423679113388,0.0909423679113388,0.0,1.0169587135314941,8.499999967170879e-05,0.042500000447034836,0.008500000461935997,0.042500000447034836,0.0008500000112690032,0.0008500000112690032,0.8500000238418579,0.046579696238040924,0.14397355914115906,0.0,0.0,0.0,0.0,0.0,0.0,0.0,0.0,0.30679842829704285,0.30679842829704285,1.0,0.30679842829704285,0.30679842829704285,0.30679842829704285,0.0,-0.045073941349983215,0.46267566084861755,1.0,0.046579696238040924,1.0,0.0,0.0,0.046579696238040924,0.0,0.0,0.14397355914115906,0.0,0.4439736008644104,0.0,0.44397372007369995,0.44397372007369995,0.686855673789978,0.0,0.0,0.0,0.0,0.0,0.0,0.0,0.0,1.0,0.0,0.0639357715845108,0.28035905957221985,0.4051658809185028,0.39325883984565735,0.0,15.902626991271973,15.856395721435547,15.856395721435547,0.2018480747938156,0.18020246922969818,3.152176783483007e-11,0.0,0.0,4.645549774169922,4.645549774169922,3.2680270671844482,3.2680270671844482,0.7732641100883484,0.0,0.0,0.0,0.0,0.443973571062088,0.0,0.44397372007369995,0.44397372007369995,0.686855673789978,0.0,3.2680270671844482,3.2680270671844482,3.2680270671844482,3.2990033626556396,0.46267566084861755,0.006799773778766394,0.0034382210578769445,1.0,0.5571867227554321,0.5917982459068298,0.5948098301887512,0.0,,,,,,,,,12.0,0.0,0.0,0.0,0.0,0.0,0.0,,,,,,,,,,,,,,,,,,,,,,0.001
27,4400,train,21.813533782958984,18.153810501098633,18.192052841186523,0.0,0.08755102753639221,0.08755102753639221,0.0,0.9665300250053406,8.499999967170879e-05,0.042500000447034836,0.008500000461935997,0.042500000447034836,0.0008500000112690032,0.0008500000112690032,0.8500000238418579,0.0294438935816288,0.14444699883460999,0.0,0.0,0.0,0.0,0.0,0.0,0.0,0.0,0.3404659926891327,0.3404659926891327,1.0,0.3404659926891327,0.3404659926891327,0.3404659926891327,0.0,-0.04080142825841904,0.4394359886646271,1.0,0.0294438935816288,1.0,0.0,0.0,0.0294438935816288,0.0,0.0,0.14444699883460999,0.0,0.44444698095321655,0.0,0.44444721937179565,0.44444721937179565,0.6869621872901917,0.0,0.0,0.0,0.0,0.0,0.0,0.0,0.0,1.0,0.0,0.09467355906963348,0.29747453331947327,0.3983861207962036,0.4108583629131317,0.0,18.192052841186523,18.153810501098633,18.153810501098633,0.21347638964653015,0.19357618689537048,4.990874380439436e-11,0.0,0.0,4.518409729003906,4.518409729003906,3.175441265106201,3.175441265106201,0.7998881936073303,0.0,0.0,0.0,0.0,0.44444701075553894,0.0,0.44444718956947327,0.44444718956947327,0.6869621872901917,0.0,3.175441026687622,3.175441026687622,3.175441265106201,3.4565179347991943,0.4394359886646271,0.006811231840401888,0.0034611437004059553,1.0,0.64442378282547,0.6137640476226807,0.6474220156669617,0.0,,,,,,,,,12.0,0.0,0.0,0.0,0.0,0.0,0.0,,,,,,,,,,,,,,,,,,,,,,0.001
27,4420,train,19.259342193603516,16.030336380004883,16.040000915527344,0.0,0.10375013947486877,0.10375013947486877,0.0,0.9951678514480591,8.499999967170879e-05,0.042500000447034836,0.008500000461935997,0.042500000447034836,0.0008500000112690032,0.0008500000112690032,0.8500000238418579,0.03776543587446213,0.14601293206214905,0.0,0.0,0.0,0.0,0.0,0.0,0.0,0.0,0.3206884264945984,0.3206884264945984,1.0,0.3206884264945984,0.320688396692276,0.320688396692276,0.0,-0.03514756262302399,0.40582075715065,1.0,0.03776543587446213,1.0,0.0,0.0,0.03776543587446213,0.0,0.0,0.14601293206214905,0.0,0.446012943983078,0.0,0.44601306319236755,0.44601306319236755,0.6873065829277039,0.0,0.0,0.0,0.0,0.0,0.0,0.0,0.0,1.0,0.0,0.01647166721522808,0.2880227863788605,0.416236937046051,0.40687522292137146,0.0,16.040000915527344,16.030336380004883,16.030336380004883,0.21552999317646027,0.19761043787002563,-1.2999619436460108e-10,0.0,0.0,4.442873477935791,4.442873477935791,3.351038694381714,3.351038694381714,0.7918079495429993,0.0,0.0,0.0,0.0,0.446012943983078,0.0,0.44601303339004517,0.44601303339004517,0.6873065829277039,0.0,3.3510384559631348,3.351038694381714,3.351038694381714,3.302112579345703,0.40582075715065,0.0069254497066140175,0.0036214464344084263,1.0,0.5608128309249878,0.608085572719574,0.609332263469696,0.0,,,,,,,,,12.0,0.0,0.0,0.0,0.0,0.0,0.0,,,,,,,,,,,,,,,,,,,,,,0.001
27,4440,train,19.019126892089844,15.831454277038574,15.828729629516602,0.0,0.10357724130153656,0.10357724130153656,0.0,1.0050586462020874,8.499999967170879e-05,0.042500000447034836,0.008500000461935997,0.042500000447034836,0.0008500000112690032,0.0008500000112690032,0.8500000238418579,0.048752300441265106,0.14785677194595337,0.0,0.0,0.0,0.0,0.0,0.0,0.0,0.0,0.3386693596839905,0.3386693596839905,1.0,0.3386693596839905,0.3386693298816681,0.3386693298816681,0.0,-0.03205578029155731,0.377445250749588,1.0,0.048752300441265106,1.0,0.0,0.0,0.048752300441265106,0.0,0.0,0.14785677194595337,0.0,0.4478567838668823,0.0,0.44785651564598083,0.44785651564598083,0.6876994967460632,0.0,0.0,0.0,0.0,0.0,0.0,0.0,0.0,1.0,0.0,-0.013398231938481331,0.283398300409317,0.42170822620391846,0.4101121425628662,0.0,15.828729629516602,15.831454277038574,15.831454277038574,0.20361609756946564,0.18416404724121094,-4.4304681451334815e-11,0.0,0.0,4.62849760055542,4.628497123718262,3.4100687503814697,3.4100687503814697,0.7899673581123352,0.0,0.0,0.0,0.0,0.4478567838668823,0.0,0.44785648584365845,0.44785648584365845,0.6876994967460632,0.0,3.4100682735443115,3.4100687503814697,3.4100687503814697,3.406484842300415,0.377445250749588,0.00710983294993639,0.00371362641453743,1.0,0.6102343201637268,0.638594925403595,0.6383207440376282,0.0,,,,,,,,,12.0,0.0,0.0,0.0,0.0,0.0,0.0,,,,,,,,,,,,,,,,,,,,,,0.001
27,4460,train,19.334564208984375,16.094572067260742,16.092021942138672,0.0,0.10675571113824844,0.10675571113824844,0.0,0.9879115223884583,8.499999967170879e-05,0.042500000447034836,0.008500000461935997,0.042500000447034836,0.0008500000112690032,0.0008500000112690032,0.8500000238418579,0.02501136064529419,0.14782071113586426,0.0,0.0,0.0,0.0,0.0,0.0,0.0,0.0,0.32977038621902466,0.32977038621902466,1.0,0.32977038621902466,0.32977038621902466,0.32977038621902466,0.0,-0.040127161890268326,0.3932337164878845,1.0,0.02501136064529419,1.0,0.0,0.0,0.02501136064529419,0.0,0.0,0.14782071113586426,0.0,0.4478207230567932,0.0,0.4478207528591156,0.4478207528591156,0.687691867351532,0.0,0.0,0.0,0.0,0.0,0.0,0.0,0.0,1.0,0.0,0.020767608657479286,0.2919476330280304,0.4124565124511719,0.4085022807121277,0.0,16.092021942138672,16.094572067260742,16.094572067260742,0.2188423126935959,0.19376155734062195,-4.859894153774746e-10,0.0,0.0,4.709046840667725,4.709046840667725,3.331357002258301,3.331357002258301,0.876908540725708,0.0,0.0,0.0,0.0,0.4478207230567932,0.0,0.4478207230567932,0.4478207230567932,0.687691867351532,0.0,3.331357002258301,3.331357002258301,3.331357002258301,3.3865931034088135,0.3932337164878845,0.006878331303596497,0.003590164938941598,1.0,0.6163105368614197,0.607110321521759,0.6388813257217407,0.0,,,,,,,,,12.0,0.0,0.0,0.0,0.0,0.0,0.0,,,,,,,,,,,,,,,,,,,,,,0.001
27,4480,train,17.91172981262207,14.9097900390625,14.909411430358887,0.0,0.10227359086275101,0.10227359086275101,0.0,1.0287892818450928,8.499999967170879e-05,0.042500000447034836,0.008500000461935997,0.042500000447034836,0.0008500000112690032,0.0008500000112690032,0.8500000238418579,0.031158292666077614,0.14525339007377625,0.0,0.0,0.0,0.0,0.0,0.0,0.0,0.0,0.30339309573173523,0.30339309573173523,1.0,0.30339309573173523,0.30339309573173523,0.30339309573173523,0.0,-0.0528583787381649,0.44140633940696716,1.0,0.031158292666077614,1.0,0.0,0.0,0.031158292666077614,0.0,0.0,0.14525339007377625,0.0,0.4452534317970276,0.0,0.4452534317970276,0.4452534317970276,0.6871411204338074,0.0,0.0,0.0,0.0,0.0,0.0,0.0,0.0,1.0,0.0,-0.0008256080909632146,0.2871907949447632,0.4092481732368469,0.3984176218509674,0.0,14.909411430358887,14.9097900390625,14.9097900390625,0.18579131364822388,0.16169223189353943,1.2066076436612061e-11,0.0,0.0,4.700611114501953,4.700611114501953,3.28678297996521,3.28678297996521,0.7473267912864685,0.0,0.0,0.0,0.0,0.4452534019947052,0.0,0.4452534019947052,0.4452534019947052,0.6871411204338074,0.0,3.286782741546631,3.28678297996521,3.28678297996521,3.2410619258880615,0.44140633940696716,0.006880053319036961,0.00361446850001812,1.0,0.6394755840301514,0.6429960131645203,0.6232690811157227,0.0,,,,,,,,,12.0,0.0,0.0,0.0,0.0,0.0,0.0,,,,,,,,,,,,,,,,,,,,,,0.001
27,4500,train,19.184640884399414,15.967791557312012,15.977319717407227,0.0,0.10878351330757141,0.10878351330757141,0.0,1.1337910890579224,8.499999967170879e-05,0.042500000447034836,0.008500000461935997,0.042500000447034836,0.0008500000112690032,0.0008500000112690032,0.8500000238418579,0.049794379621744156,0.14618238806724548,0.0,0.0,0.0,0.0,0.0,0.0,0.0,0.0,0.3234894275665283,0.3234894275665283,1.0,0.3234894275665283,0.3234894275665283,0.3234894275665283,0.0,-0.041181206703186035,0.4134386479854584,1.0,0.049794379621744156,1.0,0.0,0.0,0.049794379621744156,0.0,0.0,0.14618238806724548,0.0,0.44618239998817444,0.0,0.4461826980113983,0.4461826980113983,0.6873435974121094,0.0,0.0,0.0,0.0,0.0,0.0,0.0,0.0,1.0,0.0,0.06532087177038193,0.2857782542705536,0.43983253836631775,0.38101959228515625,0.0,15.977319717407227,15.967791557312012,15.967791557312012,0.20796632766723633,0.1900375634431839,-3.6463512764761674e-10,0.0,0.0,4.573856353759766,4.573856353759766,3.549928665161133,3.549928665161133,0.7951785922050476,0.0,0.0,0.0,0.0,0.44618239998817444,0.0,0.4461826980113983,0.4461826980113983,0.6873435974121094,0.0,3.549928665161133,3.549928665161133,3.549928665161133,3.3927175998687744,0.4134386479854584,0.007218006066977978,0.003956412430852652,1.0,0.6399219632148743,0.614581823348999,0.6035922765731812,0.0,,,,,,,,,12.0,0.0,0.0,0.0,0.0,0.0,0.0,,,,,,,,,,,,,,,,,,,,,,0.001
27,4509,train_epoch,19.363484925138735,16.117256147418907,16.124206548679375,0.0,0.1086047975246064,0.1086047975246064,0.0,1.0282862650420137,8.499999967170879e-05,0.042500000447034836,0.008500000461935997,0.042500000447034836,0.0008500000112690032,0.0008500000112690032,0.8500000238418579,0.044410678474399855,0.14580242790861758,0.0,0.0,0.0,0.0,0.0,0.0,0.0,0.0,0.3239751392138932,0.3239751392138932,1.0,0.3239751392138932,0.3239751404630924,0.3239751404630924,0.0,-0.041228087429336445,0.4248408207636393,1.0,0.044410678474399855,1.0,0.0,0.0,0.044410678474399855,0.0,0.0,0.14580242790861758,0.0,0.4458024401864606,0.0,0.44580245303536603,0.44580245303536603,0.6872574765525178,0.0,0.0,0.0,0.0,0.0,0.0,0.0,0.0,1.0,0.0,0.028486817840955216,0.29095770374029695,0.41966456192696167,0.40053086616321953,0.0,16.124206548679375,16.117256147418907,16.117256147418907,0.20002954912756732,0.17812504864738374,5.863448481788546e-14,0.0,0.0,4.618752276826048,4.61875227968136,3.3742735785638502,3.3742735785638502,0.7837999259640357,0.0,0.0,0.0,0.0,0.44580243982954654,0.0,0.44580244161411675,0.44580244161411675,0.6872574765525178,0.0,3.3742735043257297,3.3742734843385436,3.3742735785638502,3.353209234283356,0.4248408207636393,0.006965089168310344,0.0036469162469674014,1.0,0.6276740738731659,0.6275003199091929,0.6275583719778918,0.0,,,,,,,,,12.0,0.0,0.0,0.0,0.0,0.0,0.0,,,,,,,,,,,,,,,,,,,,,,0.001
27,4509,val,,,,,,,,,,,,,,,,,,,,,,,,,,,,,,,,,,,,,,,,,,,,,,,,,,,,,,,,,,,,,,,,,,,,,,,,,,,,,,,,,,,,,,,,,,,,,,,,,,,,,,,,,,,,,,,,,,,15.54260540008545,639.4124755859375,25.28660664434707,0.10995592921972275,0.06654373556375504,14.376507759094238,23.17546225604249,0.10589121282100677,0.06160947307944298,15.503541946411133,25.28502680572845,0.10734040290117264,0.06638365983963013,17.55949592590332,28.38268454932624,0.1288001984357834,0.07506932318210602,15.54260540008545,25.28660664434707,0.10995592921972275,0.06654373556375504,0.001
27,4509,test_select,,,,,,,,,,,,,,,,,,,,,,,,,,,,,,,,,,,,,,,,,,,,,,,,,,,,,,,,,,,,,,,,,,,,,,,,,,,,,,,,,,,,,,,,,,,,,,,,,,,,,,,,,,,,,,,,,,,23.28276252746582,1453.0101318359375,38.11837000497185,0.1301657110452652,0.0945516899228096,18.616918563842773,29.53622953222819,0.11364012956619263,0.07558725774288177,23.002681732177734,37.17131179953752,0.1267627626657486,0.09340938180685043,30.097200393676758,48.17632459988127,0.16302858293056488,0.1222730204463005,23.28276252746582,38.11837000497185,0.1301657110452652,0.0945516899228096,0.001
28,4520,train,19.454784393310547,16.191518783569336,16.204809188842773,0.0,0.10438001900911331,0.10438001900911331,0.0,1.0702145099639893,9.000000136438757e-05,0.04500000178813934,0.008999999612569809,0.04500000178813934,0.0008999999845400453,0.0008999999845400453,0.8999999761581421,0.05681752413511276,0.14711156487464905,0.0,0.0,0.0,0.0,0.0,0.0,0.0,0.0,0.3208974599838257,0.3208974599838257,1.0,0.3208974599838257,0.3208974301815033,0.3208974301815033,0.0,-0.03870021179318428,0.3989652991294861,1.0,0.05681752413511276,1.0,0.0,0.0,0.05681752413511276,0.0,0.0,0.14711156487464905,0.0,0.447111576795578,0.0,0.4471117854118347,0.4471117854118347,0.6875420808792114,0.0,0.0,0.0,0.0,0.0,0.0,0.0,0.0,1.0,0.0,0.06074453517794609,0.2916167676448822,0.4162907302379608,0.38692426681518555,0.0,16.204809188842773,16.191518783569336,16.191518783569336,0.20391707122325897,0.18353666365146637,-1.0657618537690539e-10,0.0,0.0,4.678689002990723,4.678689479827881,3.3640666007995605,3.3640666007995605,0.7957630157470703,0.0,0.0,0.0,0.0,0.447111576795578,0.0,0.44711175560951233,0.44711175560951233,0.6875420808792114,0.0,3.3640661239624023,3.3640661239624023,3.3640666007995605,3.3510172367095947,0.3989652991294861,0.006821410730481148,0.0036405331920832396,1.0,0.6539878249168396,0.6066243648529053,0.6137205362319946,0.0,,,,,,,,,12.0,0.0,0.0,0.0,0.0,0.0,0.0,,,,,,,,,,,,,,,,,,,,,,0.001
28,4540,train,18.616527557373047,15.490242004394531,15.52064323425293,0.0,0.09068024903535843,0.09068024903535843,0.0,1.0519578456878662,9.000000136438757e-05,0.04500000178813934,0.008999999612569809,0.04500000178813934,0.0008999999845400453,0.0008999999845400453,0.8999999761581421,0.042861200869083405,0.14781445264816284,0.0,0.0,0.0,0.0,0.0,0.0,0.0,0.0,0.32983237504959106,0.32983237504959106,1.0,0.32983237504959106,0.32983237504959106,0.32983237504959106,0.0,-0.03951891139149666,0.3916608989238739,1.0,0.042861200869083405,1.0,0.0,0.0,0.042861200869083405,0.0,0.0,0.14781445264816284,0.0,0.4478144645690918,0.0,0.4478141963481903,0.4478141963481903,0.6876906752586365,0.0,0.0,0.0,0.0,0.0,0.0,0.0,0.0,1.0,0.0,0.04492699354887009,0.28723859786987305,0.411199152469635,0.3907437026500702,0.0,15.52064323425293,15.490242004394531,15.490242004394531,0.21869255602359772,0.19954843819141388,-1.6992716955765985e-10,0.0,0.0,4.456169128417969,4.456169128417969,3.3195571899414062,3.3195571899414062,0.8240180611610413,0.0,0.0,0.0,0.0,0.4478144645690918,0.0,0.4478141963481903,0.4478141963481903,0.6876906752586365,0.0,3.3195571899414062,3.3195571899414062,3.3195571899414062,3.3898422718048096,0.3916608989238739,0.006833998020738363,0.003630689112469554,1.0,0.623079776763916,0.598237156867981,0.6239166259765625,0.0,,,,,,,,,12.0,0.0,0.0,0.0,0.0,0.0,0.0,,,,,,,,,,,,,,,,,,,,,,0.001
28,4560,train,17.4796085357666,14.55077838897705,14.532651901245117,0.0,0.10795161873102188,0.10795161873102188,0.0,0.9929273128509521,9.000000136438757e-05,0.04500000178813934,0.008999999612569809,0.04500000178813934,0.0008999999845400453,0.0008999999845400453,0.8999999761581421,0.03229744732379913,0.14957883954048157,0.0,0.0,0.0,0.0,0.0,0.0,0.0,0.0,0.31828463077545166,0.31828463077545166,1.0,0.31828463077545166,0.31828463077545166,0.31828463077545166,0.0,-0.034518174827098846,0.36535772681236267,1.0,0.03229744732379913,1.0,0.0,0.0,0.03229744732379913,0.0,0.0,0.14957883954048157,0.0,0.4495788514614105,0.0,0.44957858324050903,0.44957858324050903,0.688053548336029,0.0,0.0,0.0,0.0,0.0,0.0,0.0,0.0,1.0,0.0,-0.01284758560359478,0.3035856783390045,0.40172791481018066,0.4012282192707062,0.0,14.532651901245117,14.55077838897705,14.55077838897705,0.19354301691055298,0.17204833030700684,-1.279782096269555e-11,0.0,0.0,4.7512664794921875,4.7512664794921875,3.2308390140533447,3.2308390140533447,0.76166832447052,0.0,0.0,0.0,0.0,0.4495788514614105,0.0,0.44957855343818665,0.44957855343818665,0.688053548336029,0.0,3.2308390140533447,3.2308390140533447,3.2308390140533447,3.2623958587646484,0.36535772681236267,0.006600598804652691,0.0035539751406759024,1.0,0.601990282535553,0.5939897298812866,0.6152235865592957,0.0,,,,,,,,,12.0,0.0,0.0,0.0,0.0,0.0,0.0,,,,,,,,,,,,,,,,,,,,,,0.001
28,4580,train,18.287893295288086,15.223139762878418,15.219018936157227,0.0,0.1150921881198883,0.1150921881198883,0.0,1.0450589656829834,9.000000136438757e-05,0.04500000178813934,0.008999999612569809,0.04500000178813934,0.0008999999845400453,0.0008999999845400453,0.8999999761581421,0.03721705079078674,0.1490875780582428,0.0,0.0,0.0,0.0,0.0,0.0,0.0,0.0,0.2872476577758789,0.2872476577758789,1.0,0.2872476577758789,0.2872476577758789,0.2872476577758789,0.0,-0.042281702160835266,0.3847235143184662,1.0,0.03721705079078674,1.0,0.0,0.0,0.03721705079078674,0.0,0.0,0.1490875780582428,0.0,0.44908758997917175,0.0,0.4490877091884613,0.4490877091884613,0.6879540681838989,0.0,0.0,0.0,0.0,0.0,0.0,0.0,0.0,1.0,0.0,0.0038400746416300535,0.295744925737381,0.4099186062812805,0.3905823230743408,0.0,15.219018936157227,15.223139762878418,15.223139762878418,0.19855980575084686,0.1754283308982849,-2.7290533721746613e-10,0.0,0.0,4.703375816345215,4.703375816345215,3.3227827548980713,3.3227827548980713,0.7722556591033936,0.0,0.0,0.0,0.0,0.44908758997917175,0.0,0.4490877091884613,0.4490877091884613,0.6879540681838989,0.0,3.3227827548980713,3.3227827548980713,3.3227827548980713,3.1269402503967285,0.3847235143184662,0.006696789525449276,0.003625191980972886,1.0,0.5619301199913025,0.5927997827529907,0.5576426982879639,0.0,,,,,,,,,12.0,0.0,0.0,0.0,0.0,0.0,0.0,,,,,,,,,,,,,,,,,,,,,,0.001
28,4600,train,19.383302688598633,16.137157440185547,16.128347396850586,0.0,0.09720096737146378,0.09720096737146378,0.0,0.987243115901947,9.000000136438757e-05,0.04500000178813934,0.008999999612569809,0.04500000178813934,0.0008999999845400453,0.0008999999845400453,0.8999999761581421,0.028930317610502243,0.14724233746528625,0.0,0.0,0.0,0.0,0.0,0.0,0.0,0.0,0.29359257221221924,0.29359257221221924,1.0,0.29359257221221924,0.29359254240989685,0.29359254240989685,0.0,-0.051198747009038925,0.41666552424430847,1.0,0.028930317610502243,1.0,0.0,0.0,0.028930317610502243,0.0,0.0,0.14724233746528625,0.0,0.4472423791885376,0.0,0.4472421407699585,0.4472421407699585,0.687569797039032,0.0,0.0,0.0,0.0,0.0,0.0,0.0,0.0,1.0,0.0,0.015660295262932777,0.29601889848709106,0.38692206144332886,0.39762550592422485,0.0,16.128347396850586,16.137157440185547,16.137157440185547,0.22654958069324493,0.20411813259124756,2.5354138233346646e-10,0.0,0.0,4.557682037353516,4.557682037353516,3.1247286796569824,3.1247286796569824,0.8854138851165771,0.0,0.0,0.0,0.0,0.4472423493862152,0.0,0.4472421407699585,0.4472421407699585,0.687569797039032,0.0,3.1247286796569824,3.1247286796569824,3.1247286796569824,3.193892240524292,0.41666552424430847,0.006377441342920065,0.0034405554179102182,1.0,0.5787726640701294,0.5912240743637085,0.5958013534545898,0.0,,,,,,,,,12.0,0.0,0.0,0.0,0.0,0.0,0.0,,,,,,,,,,,,,,,,,,,,,,0.001
28,4620,train,19.62918472290039,16.338876724243164,16.350011825561523,0.0,0.09755653887987137,0.09755653887987137,0.0,1.0685887336730957,9.000000136438757e-05,0.04500000178813934,0.008999999612569809,0.04500000178813934,0.0008999999845400453,0.0008999999845400453,0.8999999761581421,0.04857730120420456,0.1455070972442627,0.0,0.0,0.0,0.0,0.0,0.0,0.0,0.0,0.2896932065486908,0.2896932065486908,1.0,0.2896932065486908,0.2896932065486908,0.2896932065486908,0.0,-0.05484332889318466,0.43744418025016785,1.0,0.04857730120420456,1.0,0.0,0.0,0.04857730120420456,0.0,0.0,0.1455070972442627,0.0,0.44550710916519165,0.0,0.445507287979126,0.445507287979126,0.6871961951255798,0.0,0.0,0.0,0.0,0.0,0.0,0.0,0.0,1.0,0.0,0.0152502516284585,0.2950964868068695,0.4057588577270508,0.3820451498031616,0.0,16.350011825561523,16.338876724243164,16.338876724243164,0.2028699517250061,0.17718391120433807,-2.45694964373655e-10,0.0,0.0,4.643525123596191,4.643525123596191,3.2936272621154785,3.2936272621154785,0.7978982329368591,0.0,0.0,0.0,0.0,0.44550710916519165,0.0,0.445507287979126,0.445507287979126,0.6871961951255798,0.0,3.2936272621154785,3.2936272621154785,3.2936272621154785,3.2359719276428223,0.43744418025016785,0.006554870400577784,0.0035143839195370674,1.0,0.6103658676147461,0.6057748198509216,0.5991923213005066,0.0,,,,,,,,,12.0,0.0,0.0,0.0,0.0,0.0,0.0,,,,,,,,,,,,,,,,,,,,,,0.001
28,4640,train,19.776100158691406,16.461315155029297,16.463171005249023,0.0,0.10594320297241211,0.10594320297241211,0.0,1.1298452615737915,9.000000136438757e-05,0.04500000178813934,0.008999999612569809,0.04500000178813934,0.0008999999845400453,0.0008999999845400453,0.8999999761581421,0.06138894706964493,0.14369937777519226,0.0,0.0,0.0,0.0,0.0,0.0,0.0,0.0,0.31655874848365784,0.31655874848365784,1.0,0.31655874848365784,0.31655874848365784,0.31655874848365784,0.0,-0.056536965072155,0.45769453048706055,1.0,0.06138894706964493,1.0,0.0,0.0,0.06138894706964493,0.0,0.0,0.14369937777519226,0.0,0.4436994194984436,0.0,0.4436996877193451,0.4436996877193451,0.6867942810058594,0.0,0.0,0.0,0.0,0.0,0.0,0.0,0.0,1.0,0.0,0.01881152205169201,0.2933601438999176,0.42346492409706116,0.3763324022293091,0.0,16.463171005249023,16.461315155029297,16.461315155029297,0.21200606226921082,0.1914050132036209,3.4800055198624946e-11,0.0,0.0,4.555405616760254,4.555405616760254,3.384866237640381,3.384866237640381,0.8695766925811768,0.0,0.0,0.0,0.0,0.4436993896961212,0.0,0.4436996579170227,0.4436996579170227,0.6867942810058594,0.0,3.384866237640381,3.384866237640381,3.384866237640381,3.430936336517334,0.45769453048706055,0.006618862506002188,0.0035985782742500305,1.0,0.6568934917449951,0.6474572420120239,0.6331675052642822,0.0,,,,,,,,,12.0,0.0,0.0,0.0,0.0,0.0,0.0,,,,,,,,,,,,,,,,,,,,,,0.001
28,4660,train,18.864980697631836,15.702165603637695,15.715646743774414,0.0,0.10126742720603943,0.10126742720603943,0.0,1.1042582988739014,9.000000136438757e-05,0.04500000178813934,0.008999999612569809,0.04500000178813934,0.0008999999845400453,0.0008999999845400453,0.8999999761581421,0.051783766597509384,0.1422831118106842,0.0,0.0,0.0,0.0,0.0,0.0,0.0,0.0,0.2751210033893585,0.2751210033893585,1.0,0.2751210033893585,0.2751210033893585,0.2751210033893585,0.0,-0.056285541504621506,0.4658791124820709,1.0,0.051783766597509384,1.0,0.0,0.0,0.051783766597509384,0.0,0.0,0.1422831118106842,0.0,0.44228309392929077,0.0,0.4422827363014221,0.4422827363014221,0.6864699721336365,0.0,0.0,0.0,0.0,0.0,0.0,0.0,0.0,1.0,0.0,0.0505560003221035,0.2813926637172699,0.40068361163139343,0.37273621559143066,0.0,15.715646743774414,15.702165603637695,15.702165603637695,0.20375101268291473,0.1867215931415558,-1.9298382336607744e-10,0.0,0.0,4.5041890144348145,4.5041890144348145,3.2561585903167725,3.2561585903167725,0.796351969242096,0.0,0.0,0.0,0.0,0.44228312373161316,0.0,0.44228270649909973,0.44228270649909973,0.6864699721336365,0.0,3.2561581134796143,3.2561585903167725,3.2561585903167725,3.154877185821533,0.4658791124820709,0.006635354831814766,0.003677167696878314,1.0,0.6149493455886841,0.6140298247337341,0.5988131761550903,0.0,,,,,,,,,12.0,0.0,0.0,0.0,0.0,0.0,0.0,,,,,,,,,,,,,,,,,,,,,,0.001
28,4676,train_epoch,19.132370474809658,15.924594507959789,15.93131843726792,0.0,0.10189173205527002,0.10189173205527002,0.0,1.068034132797561,9.000000136438757e-05,0.04500000178813934,0.008999999612569809,0.04500000178813934,0.0008999999845400453,0.0008999999845400453,0.8999999761581421,0.04467030461810663,0.14632345423726978,0.0,0.0,0.0,0.0,0.0,0.0,0.0,0.0,0.3085033788295563,0.3085033788295563,1.0,0.3085033788295563,0.3085033786510993,0.3085033786510993,0.0,-0.04717857127418061,0.41720953583717346,1.0,0.04467030461810663,1.0,0.0,0.0,0.04467030461810663,0.0,0.0,0.14632345423726978,0.0,0.44632346740739787,0.0,0.44632344028193077,0.44632344028193077,0.6873607921029279,0.0,0.0,0.0,0.0,0.0,0.0,0.0,0.0,1.0,0.0,0.025710894839408038,0.2898454735735933,0.41021792421083964,0.3859145047065027,0.0,15.93131843726792,15.924594507959789,15.924594507959789,0.20549146911341273,0.18433598031897744,-7.940742135459524e-12,0.0,0.0,4.599008291781305,4.599008300347243,3.316823605291858,3.316823605291858,0.8036556568688261,0.0,0.0,0.0,0.0,0.44632346615819873,0.0,0.4463234293960526,0.4463234293960526,0.6873607921029279,0.0,3.316823502500614,3.316823499645302,3.316823605291858,3.297118532443475,0.41720953583717346,0.0066968037350895165,0.003626145994078792,1.0,0.6132116117877161,0.6133995016891799,0.6135618308347143,0.0,,,,,,,,,12.0,0.0,0.0,0.0,0.0,0.0,0.0,,,,,,,,,,,,,,,,,,,,,,0.001
28,4676,val,,,,,,,,,,,,,,,,,,,,,,,,,,,,,,,,,,,,,,,,,,,,,,,,,,,,,,,,,,,,,,,,,,,,,,,,,,,,,,,,,,,,,,,,,,,,,,,,,,,,,,,,,,,,,,,,,,,15.63269329071045,643.1465454101562,25.360334095002695,0.11098624020814896,0.06692944467067719,14.626934051513672,23.44688483981201,0.10249637812376022,0.06268265843391418,15.717449188232422,25.420993857655084,0.11407456547021866,0.06729958206415176,17.408517837524414,28.2350332397676,0.12750646471977234,0.07442386448383331,15.63269329071045,25.360334095002695,0.11098624020814896,0.06692944467067719,0.001
28,4676,test_select,,,,,,,,,,,,,,,,,,,,,,,,,,,,,,,,,,,,,,,,,,,,,,,,,,,,,,,,,,,,,,,,,,,,,,,,,,,,,,,,,,,,,,,,,,,,,,,,,,,,,,,,,,,,,,,,,,,23.183897018432617,1446.4857177734375,38.03269274944173,0.1305735856294632,0.09415020048618317,18.360647201538086,29.436582514563725,0.10416970402002335,0.07454674690961838,22.858049392700195,36.914175760408256,0.12785840034484863,0.09282205998897552,30.61263656616211,48.9066992790865,0.17355261743068695,0.12436703592538834,23.183897018432617,38.03269274944173,0.1305735856294632,0.09415020048618317,0.001
29,4680,train,20.459814071655273,17.031078338623047,17.042564392089844,0.0,0.0935506746172905,0.0935506746172905,0.0,1.1257545948028564,9.500000305706635e-05,0.04749999940395355,0.009499999694526196,0.04749999940395355,0.0009500000160187483,0.0009500000160187483,0.949999988079071,0.04483996331691742,0.14113175868988037,0.0,0.0,0.0,0.0,0.0,0.0,0.0,0.0,0.2718839943408966,0.2718839943408966,1.0,0.2718839943408966,0.2718839943408966,0.2718839943408966,0.0,-0.056923989206552505,0.4729657769203186,1.0,0.04483996331691742,1.0,0.0,0.0,0.04483996331691742,0.0,0.0,0.14113175868988037,0.0,0.4411317706108093,0.0,0.4411320090293884,0.4411320090293884,0.6862003207206726,0.0,0.0,0.0,0.0,0.0,0.0,0.0,0.0,1.0,0.0,0.07600732147693634,0.28477776050567627,0.4073377549648285,0.37152618169784546,0.0,17.042564392089844,17.031078338623047,17.031078338623047,0.2175692617893219,0.19720253348350525,9.582546561803795e-12,0.0,0.0,4.471330165863037,4.471330165863037,3.3220460414886475,3.3220460414886475,0.8476195335388184,0.0,0.0,0.0,0.0,0.4411317706108093,0.0,0.4411320090293884,0.4411320090293884,0.6862003207206726,0.0,3.3220460414886475,3.3220460414886475,3.3220460414886475,3.1276352405548096,0.4729657769203186,0.006694016046822071,0.0036450179759413004,1.0,0.5717175006866455,0.5940723419189453,0.5793187618255615,0.0,,,,,,,,,12.0,0.0,0.0,0.0,0.0,0.0,0.0,,,,,,,,,,,,,,,,,,,,,,0.001
29,4700,train,19.38364028930664,16.13266944885254,16.14837646484375,0.0,0.07982160151004791,0.07982160151004791,0.0,1.106361746788025,9.500000305706635e-05,0.04749999940395355,0.009499999694526196,0.04749999940395355,0.0009500000160187483,0.0009500000160187483,0.949999988079071,0.0451078899204731,0.1415703296661377,0.0,0.0,0.0,0.0,0.0,0.0,0.0,0.0,0.3021278381347656,0.3021278381347656,1.0,0.3021278381347656,0.302127867937088,0.302127867937088,0.0,-0.051251377910375595,0.4529338777065277,1.0,0.0451078899204731,1.0,0.0,0.0,0.0451078899204731,0.0,0.0,0.1415703296661377,0.0,0.44157034158706665,0.0,0.44157037138938904,0.44157037138938904,0.6863033771514893,0.0,0.0,0.0,0.0,0.0,0.0,0.0,0.0,1.0,0.0,0.05019795522093773,0.27527546882629395,0.4003250300884247,0.37410053610801697,0.0,16.14837646484375,16.13266944885254,16.13266944885254,0.20501363277435303,0.1820332258939743,-1.344135826947257e-11,0.0,0.0,4.626750946044922,4.626750946044922,3.2628421783447266,3.2628421783447266,0.8347735404968262,0.0,0.0,0.0,0.0,0.44157034158706665,0.0,0.44157037138938904,0.44157037138938904,0.6863033771514893,0.0,3.2628426551818848,3.2628421783447266,3.2628421783447266,3.362175464630127,0.4529338777065277,0.006658434402197599,0.003580857766792178,1.0,0.6122379899024963,0.6070647239685059,0.6280390620231628,0.0,,,,,,,,,12.0,0.0,0.0,0.0,0.0,0.0,0.0,,,,,,,,,,,,,,,,,,,,,,0.001
29,4720,train,19.105226516723633,15.902826309204102,15.904346466064453,0.0,0.09025388211011887,0.09025388211011887,0.0,1.097317099571228,9.500000305706635e-05,0.04749999940395355,0.009499999694526196,0.04749999940395355,0.0009500000160187483,0.0009500000160187483,0.949999988079071,0.03708558529615402,0.1411641538143158,0.0,0.0,0.0,0.0,0.0,0.0,0.0,0.0,0.29768869280815125,0.29768869280815125,1.0,0.29768869280815125,0.29768863320350647,0.29768863320350647,0.0,-0.053871192038059235,0.456306517124176,1.0,0.03708558529615402,1.0,0.0,0.0,0.03708558529615402,0.0,0.0,0.1411641538143158,0.0,0.44116419553756714,0.0,0.44116443395614624,0.44116443395614624,0.6862079501152039,0.0,0.0,0.0,0.0,0.0,0.0,0.0,0.0,1.0,0.0,0.010955870151519775,0.2903728485107422,0.39538052678108215,0.37762656807899475,0.0,15.904346466064453,15.902826309204102,15.902826309204102,0.20038250088691711,0.16988301277160645,3.0425523211974337e-10,0.0,0.0,4.341415882110596,4.3414154052734375,3.215402364730835,3.215402364730835,0.718643307685852,0.0,0.0,0.0,0.0,0.44116416573524475,0.0,0.44116440415382385,0.44116440415382385,0.6862079501152039,0.0,3.215402364730835,3.215402364730835,3.215402364730835,3.2655856609344482,0.456306517124176,0.006510739680379629,0.0035243842285126448,1.0,0.5660241842269897,0.5676510334014893,0.5991197824478149,0.0,,,,,,,,,12.0,0.0,0.0,0.0,0.0,0.0,0.0,,,,,,,,,,,,,,,,,,,,,,0.001
29,4740,train,18.686973571777344,15.552897453308105,15.555886268615723,0.0,0.11127091199159622,0.11127091199159622,0.0,1.1855792999267578,9.500000305706635e-05,0.04749999940395355,0.009499999694526196,0.04749999940395355,0.0009500000160187483,0.0009500000160187483,0.949999988079071,0.05522354692220688,0.1385434865951538,0.0,0.0,0.0,0.0,0.0,0.0,0.0,0.0,0.3037976324558258,0.3037976324558258,1.0,0.3037976324558258,0.3037976026535034,0.3037976026535034,0.0,-0.06395122408866882,0.49233999848365784,1.0,0.05522354692220688,1.0,0.0,0.0,0.05522354692220688,0.0,0.0,0.1385434865951538,0.0,0.43854349851608276,0.0,0.43854379653930664,0.43854379653930664,0.685573935508728,0.0,0.0,0.0,0.0,0.0,0.0,0.0,0.0,1.0,0.0,0.011835695244371891,0.2977904975414276,0.4157319962978363,0.3616220951080322,0.0,15.555886268615723,15.552897453308105,15.552897453308105,0.1955200433731079,0.174198716878891,1.0258486768388586e-11,0.0,0.0,4.618753910064697,4.618753910064697,3.386911153793335,3.386911153793335,0.7664331793785095,0.0,0.0,0.0,0.0,0.43854349851608276,0.0,0.43854379653930664,0.43854379653930664,0.685573935508728,0.0,3.386910915374756,3.386910915374756,3.386911153793335,3.3843090534210205,0.49233999848365784,0.006706172600388527,0.003733889665454626,1.0,0.5894155502319336,0.5852056741714478,0.6115125417709351,0.0,,,,,,,,,12.0,0.0,0.0,0.0,0.0,0.0,0.0,,,,,,,,,,,,,,,,,,,,,,0.001
29,4760,train,19.368274688720703,16.11758804321289,16.14313507080078,0.0,0.097910575568676,0.097910575568676,0.0,1.285764217376709,9.500000305706635e-05,0.04749999940395355,0.009499999694526196,0.04749999940395355,0.0009500000160187483,0.0009500000160187483,0.949999988079071,0.06020962446928024,0.13665330410003662,0.0,0.0,0.0,0.0,0.0,0.0,0.0,0.0,0.30002474784851074,0.30002474784851074,1.0,0.30002474784851074,0.30002474784851074,0.30002474784851074,0.0,-0.06523865461349487,0.5070458650588989,1.0,0.06020962446928024,1.0,0.0,0.0,0.06020962446928024,0.0,0.0,0.13665330410003662,0.0,0.4366533160209656,0.0,0.43665358424186707,0.43665358424186707,0.6851004362106323,0.0,0.0,0.0,0.0,0.0,0.0,0.0,0.0,1.0,0.0,0.033592589199543,0.26704150438308716,0.4382046163082123,0.345954030752182,0.0,16.14313507080078,16.11758804321289,16.11758804321289,0.22948268055915833,0.21375060081481934,-5.228791288836021e-10,0.0,0.0,4.277835845947266,4.277835845947266,3.5771398544311523,3.5771398544311523,0.8272236585617065,0.0,0.0,0.0,0.0,0.4366533160209656,0.0,0.43665358424186707,0.43665358424186707,0.6851004362106323,0.0,3.5771398544311523,3.5771398544311523,3.5771398544311523,3.451575517654419,0.5070458650588989,0.0069260066375136375,0.0039153932593762875,1.0,0.6296378374099731,0.6470173597335815,0.6202824115753174,0.0,,,,,,,,,12.0,0.0,0.0,0.0,0.0,0.0,0.0,,,,,,,,,,,,,,,,,,,,,,0.001
29,4780,train,18.90416145324707,15.729375839233398,15.76490306854248,0.0,0.08606555312871933,0.08606555312871933,0.0,1.198223352432251,9.500000305706635e-05,0.04749999940395355,0.009499999694526196,0.04749999940395355,0.0009500000160187483,0.0009500000160187483,0.949999988079071,0.06460070610046387,0.1352303922176361,0.0,0.0,0.0,0.0,0.0,0.0,0.0,0.0,0.30551251769065857,0.30551251769065857,1.0,0.30551251769065857,0.30551251769065857,0.30551251769065857,0.0,-0.06666155159473419,0.509555995464325,1.0,0.06460070610046387,1.0,0.0,0.0,0.06460070610046387,0.0,0.0,0.1352303922176361,0.0,0.43523043394088745,0.0,0.43523067235946655,0.43523067235946655,0.6847339868545532,0.0,0.0,0.0,0.0,0.0,0.0,0.0,0.0,1.0,0.0,0.0687544196844101,0.28342393040657043,0.4154437184333801,0.3588612377643585,0.0,15.76490306854248,15.729375839233398,15.729375839233398,0.2001059651374817,0.18101590871810913,1.6006786174305176e-10,0.0,0.0,4.413849353790283,4.413849830627441,3.3758926391601562,3.3758926391601562,0.7582351565361023,0.0,0.0,0.0,0.0,0.43523040413856506,0.0,0.43523067235946655,0.43523067235946655,0.6847339868545532,0.0,3.3758926391601562,3.375892162322998,3.3758926391601562,3.433659076690674,0.509555995464325,0.006564622279256582,0.003653589403256774,1.0,0.6226826906204224,0.6385220289230347,0.6368927955627441,0.0,,,,,,,,,12.0,0.0,0.0,0.0,0.0,0.0,0.0,,,,,,,,,,,,,,,,,,,,,,0.001
29,4800,train,19.294504165649414,16.055904388427734,16.08397102355957,0.0,0.09820026904344559,0.09820026904344559,0.0,1.175846815109253,9.500000305706635e-05,0.04749999940395355,0.009499999694526196,0.04749999940395355,0.0009500000160187483,0.0009500000160187483,0.949999988079071,0.05375193804502487,0.13590148091316223,0.0,0.0,0.0,0.0,0.0,0.0,0.0,0.0,0.2955414056777954,0.2955414056777954,1.0,0.2955414056777954,0.2955414056777954,0.2955414056777954,0.0,-0.05850929766893387,0.48483848571777344,1.0,0.05375193804502487,1.0,0.0,0.0,0.05375193804502487,0.0,0.0,0.13590148091316223,0.0,0.4359014928340912,0.0,0.4359012842178345,0.4359012842178345,0.6849071979522705,0.0,0.0,0.0,0.0,0.0,0.0,0.0,0.0,1.0,0.0,0.0423051118850708,0.29397761821746826,0.4092959761619568,0.35980916023254395,0.0,16.08397102355957,16.055904388427734,16.055904388427734,0.20839600265026093,0.1839427649974823,3.9085260028492996e-10,0.0,0.0,4.446893215179443,4.446893215179443,3.3455617427825928,3.3455617427825928,0.7804425358772278,0.0,0.0,0.0,0.0,0.4359014928340912,0.0,0.4359012842178345,0.4359012842178345,0.6849071979522705,0.0,3.3455617427825928,3.3455617427825928,3.3455617427825928,3.3637382984161377,0.48483848571777344,0.00653488002717495,0.0036102079320698977,1.0,0.6314419507980347,0.5952433347702026,0.6043353080749512,0.0,,,,,,,,,12.0,0.0,0.0,0.0,0.0,0.0,0.0,,,,,,,,,,,,,,,,,,,,,,0.001
29,4820,train,18.246809005737305,15.189922332763672,15.186460494995117,0.0,0.09801708906888962,0.09801708906888962,0.0,1.1179832220077515,9.500000305706635e-05,0.04749999940395355,0.009499999694526196,0.04749999940395355,0.0009500000160187483,0.0009500000160187483,0.949999988079071,0.03599931299686432,0.13393095135688782,0.0,0.0,0.0,0.0,0.0,0.0,0.0,0.0,0.2573510706424713,0.2573510706424713,1.0,0.2573510706424713,0.2573510706424713,0.2573510706424713,0.0,-0.06867454200983047,0.5080657601356506,1.0,0.03599931299686432,1.0,0.0,0.0,0.03599931299686432,0.0,0.0,0.13393095135688782,0.0,0.4339309632778168,0.0,0.43393075466156006,0.43393075466156006,0.68439120054245,0.0,0.0,0.0,0.0,0.0,0.0,0.0,0.0,1.0,0.0,0.002206246368587017,0.30439293384552,0.3837898075580597,0.36161884665489197,0.0,15.186460494995117,15.189922332763672,15.189922332763672,0.20301254093647003,0.18164794147014618,-4.2988751447481377e-10,0.0,0.0,4.643471717834473,4.643471717834473,3.112398862838745,3.112398862838745,0.8189560770988464,0.0,0.0,0.0,0.0,0.4339309632778168,0.0,0.43393075466156006,0.43393075466156006,0.68439120054245,0.0,3.112398862838745,3.112398862838745,3.112398862838745,3.1294057369232178,0.5080657601356506,0.006235423032194376,0.003404906950891018,1.0,0.5782233476638794,0.5747017860412598,0.5939587354660034,0.0,,,,,,,,,12.0,0.0,0.0,0.0,0.0,0.0,0.0,,,,,,,,,,,,,,,,,,,,,,0.001
29,4840,train,19.828041076660156,16.50774383544922,16.502830505371094,0.0,0.10226563364267349,0.10226563364267349,0.0,1.1366417407989502,9.500000305706635e-05,0.04749999940395355,0.009499999694526196,0.04749999940395355,0.0009500000160187483,0.0009500000160187483,0.949999988079071,0.05598756670951843,0.13410639762878418,0.0,0.0,0.0,0.0,0.0,0.0,0.0,0.0,0.2558690309524536,0.2558690309524536,1.0,0.2558690309524536,0.2558690309524536,0.2558690309524536,0.0,-0.0639706626534462,0.4902949631214142,1.0,0.05598756670951843,1.0,0.0,0.0,0.05598756670951843,0.0,0.0,0.13410639762878418,0.0,0.43410640954971313,0.0,0.43410617113113403,0.43410617113113403,0.6844379305839539,0.0,0.0,0.0,0.0,0.0,0.0,0.0,0.0,1.0,0.0,-0.0054275575093925,0.2873069941997528,0.39199531078338623,0.3581047058105469,0.0,16.502830505371094,16.50774383544922,16.50774383544922,0.2099960297346115,0.19009797275066376,1.176485020515372e-10,0.0,0.0,4.680044651031494,4.680044651031494,3.185753345489502,3.185753345489502,0.8747613430023193,0.0,0.0,0.0,0.0,0.43410640954971313,0.0,0.43410614132881165,0.43410614132881165,0.6844379305839539,0.0,3.185753107070923,3.185753107070923,3.185753345489502,3.091097593307495,0.4902949631214142,0.006288116332143545,0.003448036266490817,1.0,0.5721517205238342,0.5944339632987976,0.5658392310142517,0.0,,,,,,,,,12.0,0.0,0.0,0.0,0.0,0.0,0.0,,,,,,,,,,,,,,,,,,,,,,0.001
29,4843,train_epoch,19.15368100697409,15.942501816207063,15.94906087407095,0.0,0.09899342457155981,0.09899342457155981,0.0,1.1578133127646533,9.500000305706635e-05,0.04749999940395355,0.009499999694526196,0.04749999940395355,0.0009500000160187483,0.0009500000160187483,0.949999988079071,0.04893939674435975,0.1375497931134915,0.0,0.0,0.0,0.0,0.0,0.0,0.0,0.0,0.2873290769175855,0.2873290769175855,1.0,0.2873290769175855,0.2873290767391285,0.2873290767391285,0.0,-0.061163059407900906,0.48691557731457097,1.0,0.04893939674435975,1.0,0.0,0.0,0.04893939674435975,0.0,0.0,0.1375497931134915,0.0,0.4375498037852213,0.0,0.43754980414213535,0.43754980414213535,0.6853092501977247,0.0,0.0,0.0,0.0,0.0,0.0,0.0,0.0,1.0,0.0,0.024950146057219857,0.2903062579874507,0.4071915863516802,0.3636665313900588,0.0,15.94906087407095,15.942501816207063,15.942501816207063,0.2051047374923786,0.18431844575676376,-8.408868430786574e-13,0.0,0.0,4.561773428659953,4.561773434370577,3.310094016754699,3.310094016754699,0.7982486350807602,0.0,0.0,0.0,0.0,0.4375498050344204,0.0,0.43754979307780006,0.43754979307780006,0.6853092501977247,0.0,3.3100939325229852,3.310093925384704,3.310094016754699,3.290824925828123,0.48691557731457097,0.006559925569321759,0.003614755325063974,1.0,0.6047611771943326,0.6049906108193769,0.6053726234121951,0.0,,,,,,,,,12.0,0.0,0.0,0.0,0.0,0.0,0.0,,,,,,,,,,,,,,,,,,,,,,0.001
29,4843,val,,,,,,,,,,,,,,,,,,,,,,,,,,,,,,,,,,,,,,,,,,,,,,,,,,,,,,,,,,,,,,,,,,,,,,,,,,,,,,,,,,,,,,,,,,,,,,,,,,,,,,,,,,,,,,,,,,,15.922781944274902,650.9918823242188,25.514542565451155,0.11178431659936905,0.0681714192032814,14.704968452453613,23.449612755414666,0.1043199673295021,0.06301707029342651,16.042659759521484,25.608090362074787,0.11778649687767029,0.06869207322597504,17.719209671020508,28.361831634299357,0.1283186674118042,0.0757521316409111,15.922781944274902,25.514542565451155,0.11178431659936905,0.0681714192032814,0.001
29,4843,test_select,,,,,,,,,,,,,,,,,,,,,,,,,,,,,,,,,,,,,,,,,,,,,,,,,,,,,,,,,,,,,,,,,,,,,,,,,,,,,,,,,,,,,,,,,,,,,,,,,,,,,,,,,,,,,,,,,,,24.666379928588867,1585.82861328125,39.822463676689445,0.1389549970626831,0.1001705676317215,19.8222599029541,31.180125004760644,0.11774986237287521,0.08048110455274582,24.61271095275879,39.07604452678616,0.14505459368228912,0.09994738548994064,31.442522048950195,49.75339576978641,0.17346854507923126,0.12773853540420532,24.666379928588867,39.822463676689445,0.1389549970626831,0.1001705676317215,0.001
30,4860,train,18.716991424560547,15.57978343963623,15.578019142150879,0.0,0.0900329053401947,0.0900329053401947,0.0,1.0760598182678223,9.999999747378752e-05,0.05000000074505806,0.009999999776482582,0.05000000074505806,0.0010000000474974513,0.0010000000474974513,1.0,0.05037491396069527,0.13775986433029175,0.0,0.0,0.0,0.0,0.0,0.0,0.0,0.0,0.28014329075813293,0.28014329075813293,1.0,0.28014329075813293,0.28014326095581055,0.28014326095581055,0.0,-0.048247329890728,0.4322582185268402,1.0,0.05037491396069527,1.0,0.0,0.0,0.05037491396069527,0.0,0.0,0.13775986433029175,0.0,0.4377598762512207,0.0,0.43776005506515503,0.43776005506515503,0.6853792071342468,0.0,0.0,0.0,0.0,0.0,0.0,0.0,0.0,1.0,0.0,-0.008008389733731747,0.29282456636428833,0.38183489441871643,0.3707326054573059,0.0,15.578019142150879,15.57978343963623,15.57978343963623,0.18626397848129272,0.16175304353237152,1.9385798522009168e-10,0.0,0.0,4.679326057434082,4.679326057434082,3.0971598625183105,3.0971598625183105,0.756846010684967,0.0,0.0,0.0,0.0,0.4377598762512207,0.0,0.43776002526283264,0.43776002526283264,0.6853792071342468,0.0,3.0971593856811523,3.0971593856811523,3.0971598625183105,3.2295820713043213,0.4322582185268402,0.006247848737984896,0.0034367518965154886,1.0,0.6280238628387451,0.6049060225486755,0.6295219659805298,0.0,,,,,,,,,12.0,0.0,0.0,0.0,0.0,0.0,0.0,,,,,,,,,,,,,,,,,,,,,,0.001
30,4880,train,20.155933380126953,16.778850555419922,16.779756546020508,0.0,0.11035150289535522,0.11035150289535522,0.0,1.0977839231491089,9.999999747378752e-05,0.05000000074505806,0.009999999776482582,0.05000000074505806,0.0010000000474974513,0.0010000000474974513,1.0,0.04443596303462982,0.1384994387626648,0.0,0.0,0.0,0.0,0.0,0.0,0.0,0.0,0.255318820476532,0.255318820476532,1.0,0.255318820476532,0.255318820476532,0.255318820476532,0.0,-0.05293194204568863,0.43509241938591003,1.0,0.04443596303462982,1.0,0.0,0.0,0.04443596303462982,0.0,0.0,0.1384994387626648,0.0,0.43849945068359375,0.0,0.43849942088127136,0.43849942088127136,0.685563325881958,0.0,0.0,0.0,0.0,0.0,0.0,0.0,0.0,1.0,0.0,0.014715450815856457,0.2842157781124115,0.3873646557331085,0.3657526671886444,0.0,16.779756546020508,16.778850555419922,16.778850555419922,0.23041875660419464,0.21645031869411469,2.1331450494876947e-10,0.0,0.0,4.5719122886657715,4.5719122886657715,3.1661291122436523,3.1661291122436523,0.9216185808181763,0.0,0.0,0.0,0.0,0.43849945068359375,0.0,0.43849942088127136,0.43849942088127136,0.685563325881958,0.0,3.1661291122436523,3.1661291122436523,3.1661291122436523,3.0825071334838867,0.43509241938591003,0.006383947096765041,0.003561723046004772,1.0,0.5641120672225952,0.5729212164878845,0.5687849521636963,0.0,,,,,,,,,12.0,0.0,0.0,0.0,0.0,0.0,0.0,,,,,,,,,,,,,,,,,,,,,,0.001
30,4900,train,19.818735122680664,16.497995376586914,16.499372482299805,0.0,0.09778731316328049,0.09778731316328049,0.0,1.0801063776016235,9.999999747378752e-05,0.05000000074505806,0.009999999776482582,0.05000000074505806,0.0010000000474974513,0.0010000000474974513,1.0,0.02473606914281845,0.13894250988960266,0.0,0.0,0.0,0.0,0.0,0.0,0.0,0.0,0.26171091198921204,0.26171091198921204,1.0,0.26171091198921204,0.26171091198921204,0.26171091198921204,0.0,-0.05616742745041847,0.44111013412475586,1.0,0.02473606914281845,1.0,0.0,0.0,0.02473606914281845,0.0,0.0,0.13894250988960266,0.0,0.438942551612854,0.0,0.43894290924072266,0.43894290924072266,0.6856727004051208,0.0,0.0,0.0,0.0,0.0,0.0,0.0,0.0,1.0,0.0,0.05156987905502319,0.2856636047363281,0.3884555697441101,0.37262970209121704,0.0,16.499372482299805,16.497995376586914,16.497995376586914,0.2211451679468155,0.1999887377023697,-9.078851559429779e-11,0.0,0.0,4.40064811706543,4.4006476402282715,3.1680660247802734,3.1680660247802734,0.8171982765197754,0.0,0.0,0.0,0.0,0.4389425218105316,0.0,0.43894290924072266,0.43894290924072266,0.6856727004051208,0.0,3.1680657863616943,3.1680657863616943,3.1680660247802734,3.144199848175049,0.44111013412475586,0.006435550283640623,0.0036398961674422026,1.0,0.6106778383255005,0.5990174412727356,0.5797445774078369,0.0,,,,,,,,,12.0,0.0,0.0,0.0,0.0,0.0,0.0,,,,,,,,,,,,,,,,,,,,,,0.001
30,4920,train,18.642574310302734,15.517074584960938,15.524299621582031,0.0,0.10496191680431366,0.10496191680431366,0.0,1.1368236541748047,9.999999747378752e-05,0.05000000074505806,0.009999999776482582,0.05000000074505806,0.0010000000474974513,0.0010000000474974513,1.0,0.04273597523570061,0.13879334926605225,0.0,0.0,0.0,0.0,0.0,0.0,0.0,0.0,0.25157028436660767,0.25157028436660767,1.0,0.25157028436660767,0.25157028436660767,0.25157028436660767,0.0,-0.06018576771020889,0.44790273904800415,1.0,0.04273597523570061,1.0,0.0,0.0,0.04273597523570061,0.0,0.0,0.13879334926605225,0.0,0.4387933611869812,0.0,0.4387935996055603,0.4387935996055603,0.6856358647346497,0.0,0.0,0.0,0.0,0.0,0.0,0.0,0.0,1.0,0.0,0.042604658752679825,0.2832566797733307,0.3992086350917816,0.3599936366081238,0.0,15.524299621582031,15.517074584960938,15.517074584960938,0.20827950537204742,0.18314866721630096,1.177271474750441e-10,0.0,0.0,4.544048309326172,4.544048309326172,3.273355722427368,3.273355722427368,0.8183204531669617,0.0,0.0,0.0,0.0,0.4387933611869812,0.0,0.4387935698032379,0.4387935698032379,0.6856358647346497,0.0,3.273355722427368,3.273355722427368,3.273355722427368,3.0845940113067627,0.44790273904800415,0.006559707224369049,0.003813169663771987,1.0,0.5654605031013489,0.6279894113540649,0.5623194575309753,0.0,,,,,,,,,12.0,0.0,0.0,0.0,0.0,0.0,0.0,,,,,,,,,,,,,,,,,,,,,,0.001
30,4940,train,19.300363540649414,16.069080352783203,16.04322624206543,0.0,0.11149413883686066,0.11149413883686066,0.0,1.106399416923523,9.999999747378752e-05,0.05000000074505806,0.009999999776482582,0.05000000074505806,0.0010000000474974513,0.0010000000474974513,1.0,0.04966041445732117,0.13679003715515137,0.0,0.0,0.0,0.0,0.0,0.0,0.0,0.0,0.2794454097747803,0.2794454097747803,1.0,0.2794454097747803,0.2794454097747803,0.2794454097747803,0.0,-0.06932656466960907,0.4743238687515259,1.0,0.04966041445732117,1.0,0.0,0.0,0.04966041445732117,0.0,0.0,0.13679003715515137,0.0,0.4367900490760803,0.0,0.4367898106575012,0.4367898106575012,0.6851348876953125,0.0,0.0,0.0,0.0,0.0,0.0,0.0,0.0,1.0,0.0,-0.02700950764119625,0.2866545021533966,0.38613858819007874,0.3655041456222534,0.0,16.04322624206543,16.069080352783203,16.069080352783203,0.2178785502910614,0.1969263255596161,-5.848637130156931e-10,0.0,0.0,4.498447418212891,4.498447895050049,3.1489617824554443,3.1489617824554443,0.8247126340866089,0.0,0.0,0.0,0.0,0.4367900490760803,0.0,0.43678978085517883,0.43678978085517883,0.6851348876953125,0.0,3.148961305618286,3.1489617824554443,3.1489617824554443,3.2647037506103516,0.4743238687515259,0.006395214702934027,0.003696258645504713,1.0,0.5917370915412903,0.5881714820861816,0.6049401164054871,0.0,,,,,,,,,12.0,0.0,0.0,0.0,0.0,0.0,0.0,,,,,,,,,,,,,,,,,,,,,,0.001
30,4960,train,20.36553382873535,16.953081130981445,16.944761276245117,0.0,0.12640200555324554,0.12640200555324554,0.0,1.1361457109451294,9.999999747378752e-05,0.05000000074505806,0.009999999776482582,0.05000000074505806,0.0010000000474974513,0.0010000000474974513,1.0,0.060426224023103714,0.13704222440719604,0.0,0.0,0.0,0.0,0.0,0.0,0.0,0.0,0.2810959815979004,0.2810959815979004,1.0,0.2810959815979004,0.2810959815979004,0.2810959815979004,0.0,-0.06495951116085052,0.46332743763923645,1.0,0.060426224023103714,1.0,0.0,0.0,0.060426224023103714,0.0,0.0,0.13704222440719604,0.0,0.437042236328125,0.0,0.4370421767234802,0.4370421767234802,0.6851987242698669,0.0,0.0,0.0,0.0,0.0,0.0,0.0,0.0,1.0,0.0,0.025607792660593987,0.3007533550262451,0.39798733592033386,0.36174824833869934,0.0,16.944761276245117,16.953081130981445,16.953081130981445,0.21773219108581543,0.20035766065120697,3.4719671582195133e-10,0.0,0.0,4.546570777893066,4.546570777893066,3.2557308673858643,3.2557308673858643,0.8509051203727722,0.0,0.0,0.0,0.0,0.437042236328125,0.0,0.43704214692115784,0.43704214692115784,0.6851987242698669,0.0,3.255730628967285,3.255730628967285,3.2557308673858643,3.2845499515533447,0.46332743763923645,0.006553895305842161,0.0037769500631839037,1.0,0.570386528968811,0.5849145650863647,0.6103752255439758,0.0,,,,,,,,,12.0,0.0,0.0,0.0,0.0,0.0,0.0,,,,,,,,,,,,,,,,,,,,,,0.001
30,4980,train,19.921520233154297,16.583547592163086,16.579069137573242,0.0,0.10198918730020523,0.10198918730020523,0.0,1.151679277420044,9.999999747378752e-05,0.05000000074505806,0.009999999776482582,0.05000000074505806,0.0010000000474974513,0.0010000000474974513,1.0,0.041735388338565826,0.1356237232685089,0.0,0.0,0.0,0.0,0.0,0.0,0.0,0.0,0.27947837114334106,0.27947837114334106,1.0,0.27947837114334106,0.27947837114334106,0.27947837114334106,0.0,-0.06943066418170929,0.4803732633590698,1.0,0.041735388338565826,1.0,0.0,0.0,0.041735388338565826,0.0,0.0,0.1356237232685089,0.0,0.43562373518943787,0.0,0.43562406301498413,0.43562406301498413,0.6848360300064087,0.0,0.0,0.0,0.0,0.0,0.0,0.0,0.0,1.0,0.0,0.007496203295886517,0.2879845201969147,0.39492130279541016,0.3555510640144348,0.0,16.579069137573242,16.583547592163086,16.583547592163086,0.21266359090805054,0.194167822599411,-3.4143352034554653e-10,0.0,0.0,4.537691593170166,4.537691593170166,3.2212162017822266,3.2212162017822266,0.8197207450866699,0.0,0.0,0.0,0.0,0.43562373518943787,0.0,0.43562403321266174,0.43562403321266174,0.6848360300064087,0.0,3.2212159633636475,3.2212162017822266,3.2212162017822266,3.3070359230041504,0.4803732633590698,0.006422162055969238,0.0036561829037964344,1.0,0.5798846483230591,0.572083055973053,0.5886458158493042,0.0,,,,,,,,,12.0,0.0,0.0,0.0,0.0,0.0,0.0,,,,,,,,,,,,,,,,,,,,,,0.001
30,5000,train,18.557636260986328,15.443824768066406,15.463919639587402,0.0,0.10699261724948883,0.10699261724948883,0.0,1.167824149131775,9.999999747378752e-05,0.05000000074505806,0.009999999776482582,0.05000000074505806,0.0010000000474974513,0.0010000000474974513,1.0,0.062415577471256256,0.13477998971939087,0.0,0.0,0.0,0.0,0.0,0.0,0.0,0.0,0.256043940782547,0.256043940782547,1.0,0.256043940782547,0.256043940782547,0.256043940782547,0.0,-0.07047493010759354,0.4874558746814728,1.0,0.062415577471256256,1.0,0.0,0.0,0.062415577471256256,0.0,0.0,0.13477998971939087,0.0,0.4347800016403198,0.0,0.4347798228263855,0.4347798228263855,0.6846158504486084,0.0,0.0,0.0,0.0,0.0,0.0,0.0,0.0,1.0,0.0,0.04781796783208847,0.29712265729904175,0.39929747581481934,0.3518776595592499,0.0,15.463919639587402,15.443824768066406,15.443824768066406,0.19722893834114075,0.17198136448860168,-9.778104714808222e-11,0.0,0.0,4.521426200866699,4.521426677703857,3.263519048690796,3.263519048690796,0.7703119516372681,0.0,0.0,0.0,0.0,0.4347800016403198,0.0,0.4347797930240631,0.4347797930240631,0.6846158504486084,0.0,3.2635185718536377,3.2635185718536377,3.263519048690796,3.172226667404175,0.4874558746814728,0.00649285176768899,0.0037551643326878548,1.0,0.6001862287521362,0.6063930988311768,0.6007764339447021,0.0,,,,,,,,,12.0,0.0,0.0,0.0,0.0,0.0,0.0,,,,,,,,,,,,,,,,,,,,,,0.001
30,5010,train_epoch,19.168633580921654,15.954382028408393,15.961550004467993,0.0,0.10522371887446877,0.10522371887446877,0.0,1.1363876601179204,9.999999747378752e-05,0.05000000074505806,0.009999999776482582,0.05000000074505806,0.0010000000474974513,0.0010000000474974513,1.0,0.0501943630595764,0.13711814127282468,0.0,0.0,0.0,0.0,0.0,0.0,0.0,0.0,0.27298464826837987,0.27298464826837987,1.0,0.27298464826837987,0.27298464978526454,0.27298464978526454,0.0,-0.061704349843506326,0.4593828204506172,1.0,0.0501943630595764,1.0,0.0,0.0,0.0501943630595764,0.0,0.0,0.13711814127282468,0.0,0.4371181535506677,0.0,0.43711814944615623,0.43711814944615623,0.6852138884767087,0.0,0.0,0.0,0.0,0.0,0.0,0.0,0.0,1.0,0.0,0.02832793712673129,0.29065209216700344,0.39723930887119496,0.3619113841099653,0.0,15.961550004467993,15.954382028408393,15.954382028408393,0.20775844272739158,0.1864101856411574,-4.916175548633232e-11,0.0,0.0,4.538229091438705,4.538229097149329,3.2456515020952965,3.2456515020952965,0.8059779509098944,0.0,0.0,0.0,0.0,0.43711815319375363,0.0,0.43711813766799285,0.43711813766799285,0.6852138884767087,0.0,3.2456514035870216,3.245651409297646,3.2456515020952965,3.225594811810705,0.4593828204506172,0.006493118544203971,0.0037044598358476947,1.0,0.6009185895948352,0.6010100755862847,0.6012727289856551,0.0,,,,,,,,,12.0,0.0,0.0,0.0,0.0,0.0,0.0,,,,,,,,,,,,,,,,,,,,,,0.001
30,5010,val,,,,,,,,,,,,,,,,,,,,,,,,,,,,,,,,,,,,,,,,,,,,,,,,,,,,,,,,,,,,,,,,,,,,,,,,,,,,,,,,,,,,,,,,,,,,,,,,,,,,,,,,,,,,,,,,,,,16.113121032714844,659.5811767578125,25.682312527453842,0.145804300904274,0.06898633390665054,14.756547927856445,23.462061349206003,0.1233556717634201,0.06323810666799545,16.424448013305664,25.888382993602313,0.17291408777236938,0.07032682746648788,18.091461181640625,28.736691255543082,0.17303352057933807,0.07734355330467224,16.113121032714844,25.682312527453842,0.145804300904274,0.06898633390665054,0.001
30,5010,test_select,,,,,,,,,,,,,,,,,,,,,,,,,,,,,,,,,,,,,,,,,,,,,,,,,,,,,,,,,,,,,,,,,,,,,,,,,,,,,,,,,,,,,,,,,,,,,,,,,,,,,,,,,,,,,,,,,,,24.62124252319336,1603.2474365234375,40.040572380067665,0.16650067269802094,0.09998727589845657,19.46708869934082,30.757247939002117,0.13179531693458557,0.07903905212879181,24.14621925354004,38.26049979713493,0.18657074868679047,0.09805305302143097,32.3092155456543,51.53580748494196,0.2141973227262497,0.13125959038734436,24.62124252319336,40.040572380067665,0.16650067269802094,0.09998727589845657,0.001
31,5020,train,18.424612045288086,15.341721534729004,15.31352424621582,0.0,0.10749910771846771,0.10749910771846771,0.0,1.1127408742904663,9.999999747378752e-05,0.05000000074505806,0.009999999776482582,0.05000000074505806,0.0010000000474974513,0.0010000000474974513,1.0,0.05858614668250084,0.13293004035949707,0.0,0.0,0.0,0.0,0.0,0.0,0.0,0.0,0.24176275730133057,0.24176275730133057,1.0,0.24176275730133057,0.24176275730133057,0.24176275730133057,0.0,-0.07535985857248306,0.5050454139709473,1.0,0.05858614668250084,1.0,0.0,0.0,0.05858614668250084,0.0,0.0,0.13293004035949707,0.0,0.432930052280426,0.0,0.4329301118850708,0.4329301118850708,0.6841236352920532,0.0,0.0,0.0,0.0,0.0,0.0,0.0,0.0,1.0,0.0,-0.015244323760271072,0.2810964584350586,0.378364622592926,0.3595709204673767,0.0,15.31352424621582,15.341721534729004,15.341721534729004,0.19147029519081116,0.1732136756181717,1.4076742549384846e-10,0.0,0.0,4.690621852874756,4.690621852874756,3.093380928039551,3.093380928039551,0.7689338326454163,0.0,0.0,0.0,0.0,0.432930052280426,0.0,0.4329301118850708,0.4329301118850708,0.6841236352920532,0.0,3.0933806896209717,3.0933806896209717,3.093380928039551,3.0908777713775635,0.5050454139709473,0.0064128064550459385,0.0036737099289894104,1.0,0.5727729797363281,0.5872770547866821,0.5607043504714966,0.0,,,,,,,,,12.0,0.0,0.0,0.0,0.0,0.0,0.0,,,,,,,,,,,,,,,,,,,,,,0.001
31,5040,train,18.511295318603516,15.410482406616211,15.408061981201172,0.0,0.09604166448116302,0.09604166448116302,0.0,1.1277729272842407,9.999999747378752e-05,0.05000000074505806,0.009999999776482582,0.05000000074505806,0.0010000000474974513,0.0010000000474974513,1.0,0.053721833974123,0.13050249218940735,0.0,0.0,0.0,0.0,0.0,0.0,0.0,0.0,0.2350429892539978,0.2350429892539978,1.0,0.2350429892539978,0.2350429743528366,0.2350429743528366,0.0,-0.08138415962457657,0.5330811738967896,1.0,0.053721833974123,1.0,0.0,0.0,0.053721833974123,0.0,0.0,0.13050249218940735,0.0,0.4305025339126587,0.0,0.4305027425289154,0.4305027425289154,0.6834563612937927,0.0,0.0,0.0,0.0,0.0,0.0,0.0,0.0,1.0,0.0,0.013957308605313301,0.30271434783935547,0.3740692436695099,0.350528359413147,0.0,15.408061981201172,15.410482406616211,15.410482406616211,0.1960061937570572,0.17938122153282166,9.992012772741532e-11,0.0,0.0,4.661220550537109,4.661220550537109,3.041393995285034,3.041393995285034,0.7916783094406128,0.0,0.0,0.0,0.0,0.4305025041103363,0.0,0.430502712726593,0.430502712726593,0.6834563612937927,0.0,3.041393756866455,3.041393995285034,3.041393995285034,3.060685634613037,0.5330811738967896,0.006271818187087774,0.0034889208618551493,1.0,0.5864965915679932,0.5763029456138611,0.5962207913398743,0.0,,,,,,,,,12.0,0.0,0.0,0.0,0.0,0.0,0.0,,,,,,,,,,,,,,,,,,,,,,0.001
31,5060,train,19.325258255004883,16.0887393951416,16.075265884399414,0.0,0.12630493938922882,0.12630493938922882,0.0,1.2462127208709717,9.999999747378752e-05,0.05000000074505806,0.009999999776482582,0.05000000074505806,0.0010000000474974513,0.0010000000474974513,1.0,0.055564023554325104,0.12853315472602844,0.0,0.0,0.0,0.0,0.0,0.0,0.0,0.0,0.2473696619272232,0.2473696619272232,1.0,0.2473696619272232,0.2473696619272232,0.2473696619272232,0.0,-0.08457709848880768,0.5447049140930176,1.0,0.055564023554325104,1.0,0.0,0.0,0.055564023554325104,0.0,0.0,0.12853315472602844,0.0,0.4285331964492798,0.0,0.42853301763534546,0.42853301763534546,0.6828967928886414,0.0,0.0,0.0,0.0,0.0,0.0,0.0,0.0,1.0,0.0,0.03103680908679962,0.28959590196609497,0.39990124106407166,0.33494529128074646,0.0,16.075265884399414,16.0887393951416,16.0887393951416,0.20724505186080933,0.1878008097410202,-1.6215535858510322e-10,0.0,0.0,4.489676475524902,4.489676475524902,3.287639617919922,3.287639617919922,0.8075046539306641,0.0,0.0,0.0,0.0,0.4285331666469574,0.0,0.42853298783302307,0.42853298783302307,0.6828967928886414,0.0,3.2876393795013428,3.2876393795013428,3.287639617919922,3.2298736572265625,0.5447049140930176,0.006685666739940643,0.003963908646255732,1.0,0.5873845815658569,0.5825955867767334,0.5817145705223083,0.0,,,,,,,,,12.0,0.0,0.0,0.0,0.0,0.0,0.0,,,,,,,,,,,,,,,,,,,,,,0.001
31,5080,train,19.101478576660156,15.896098136901855,15.922619819641113,0.0,0.10404496639966965,0.10404496639966965,0.0,1.2333977222442627,9.999999747378752e-05,0.05000000074505806,0.009999999776482582,0.05000000074505806,0.0010000000474974513,0.0010000000474974513,1.0,0.03971342742443085,0.12669724225997925,0.0,0.0,0.0,0.0,0.0,0.0,0.0,0.0,0.2560650408267975,0.2560650408267975,1.0,0.2560650408267975,0.2560650408267975,0.2560650408267975,0.0,-0.08741670846939087,0.5501687526702881,1.0,0.03971342742443085,1.0,0.0,0.0,0.03971342742443085,0.0,0.0,0.12669724225997925,0.0,0.4266972541809082,0.0,0.42669743299484253,0.42669743299484253,0.6823617219924927,0.0,0.0,0.0,0.0,0.0,0.0,0.0,0.0,1.0,0.0,0.04850219190120697,0.29891327023506165,0.3853464424610138,0.3306080102920532,0.0,15.922619819641113,15.896098136901855,15.896098136901855,0.22698818147182465,0.20831598341464996,-7.266204304912094e-10,0.0,0.0,4.586044788360596,4.586044788360596,3.1417155265808105,3.1417155265808105,0.8934586644172668,0.0,0.0,0.0,0.0,0.4266972541809082,0.0,0.42669740319252014,0.42669740319252014,0.6823617219924927,0.0,3.1417150497436523,3.1417150497436523,3.1417155265808105,3.277681350708008,0.5501687526702881,0.006464013829827309,0.003730777883902192,1.0,0.569466769695282,0.5555439591407776,0.5932905077934265,0.0,,,,,,,,,12.0,0.0,0.0,0.0,0.0,0.0,0.0,,,,,,,,,,,,,,,,,,,,,,0.001
31,5100,train,19.00769805908203,15.823053359985352,15.825642585754395,0.0,0.09259257465600967,0.09259257465600967,0.0,1.2900086641311646,9.999999747378752e-05,0.05000000074505806,0.009999999776482582,0.05000000074505806,0.0010000000474974513,0.0010000000474974513,1.0,0.05474361404776573,0.12492433190345764,0.0,0.0,0.0,0.0,0.0,0.0,0.0,0.0,0.24296073615550995,0.24296073615550995,1.0,0.24296073615550995,0.24296072125434875,0.24296072125434875,0.0,-0.0908556804060936,0.5580102205276489,1.0,0.05474361404776573,1.0,0.0,0.0,0.05474361404776573,0.0,0.0,0.12492433190345764,0.0,0.4249243438243866,0.0,0.4249240756034851,0.4249240756034851,0.6818315386772156,0.0,0.0,0.0,0.0,0.0,0.0,0.0,0.0,1.0,0.0,0.04639837518334389,0.2767123878002167,0.4103105962276459,0.32485881447792053,0.0,15.825642585754395,15.823053359985352,15.823053359985352,0.20926962792873383,0.18773972988128662,3.809097204321432e-10,0.0,0.0,4.395310401916504,4.395310401916504,3.361379623413086,3.361379623413086,0.7921594977378845,0.0,0.0,0.0,0.0,0.4249243438243866,0.0,0.4249240756034851,0.4249240756034851,0.6818315386772156,0.0,3.361379623413086,3.3613791465759277,3.361379623413086,3.2693819999694824,0.5580102205276489,0.006609723437577486,0.003799832658842206,1.0,0.6423656940460205,0.6328853964805603,0.6122667193412781,0.0,,,,,,,,,12.0,0.0,0.0,0.0,0.0,0.0,0.0,,,,,,,,,,,,,,,,,,,,,,0.001
31,5120,train,18.377010345458984,15.296788215637207,15.314319610595703,0.0,0.08725489675998688,0.08725489675998688,0.0,1.1934561729431152,9.999999747378752e-05,0.05000000074505806,0.009999999776482582,0.05000000074505806,0.0010000000474974513,0.0010000000474974513,1.0,0.05986803025007248,0.12312963604927063,0.0,0.0,0.0,0.0,0.0,0.0,0.0,0.0,0.21156731247901917,0.21156731247901917,1.0,0.21156731247901917,0.21156732738018036,0.21156732738018036,0.0,-0.09389670938253403,0.5700278282165527,1.0,0.05986803025007248,1.0,0.0,0.0,0.05986803025007248,0.0,0.0,0.12312963604927063,0.0,0.4231296479701996,0.0,0.42312949895858765,0.42312949895858765,0.681282103061676,0.0,0.0,0.0,0.0,0.0,0.0,0.0,0.0,1.0,0.0,0.03842112794518471,0.2872144281864166,0.3794212341308594,0.33409419655799866,0.0,15.314319610595703,15.296788215637207,15.296788215637207,0.19661138951778412,0.17526744306087494,-3.6049333657084404e-11,0.0,0.0,4.714533805847168,4.714533805847168,3.086310863494873,3.086310863494873,0.7924802303314209,0.0,0.0,0.0,0.0,0.4231296479701996,0.0,0.42312946915626526,0.42312946915626526,0.681282103061676,0.0,3.086310863494873,3.086310863494873,3.086310863494873,3.002126693725586,0.5700278282165527,0.006207065656781197,0.003495322074741125,1.0,0.5519216060638428,0.5805558562278748,0.557612955570221,0.0,,,,,,,,,12.0,0.0,0.0,0.0,0.0,0.0,0.0,,,,,,,,,,,,,,,,,,,,,,0.001
31,5140,train,18.742794036865234,15.602357864379883,15.603065490722656,0.0,0.10927898436784744,0.10927898436784744,0.0,1.2633626461029053,9.999999747378752e-05,0.05000000074505806,0.009999999776482582,0.05000000074505806,0.0010000000474974513,0.0010000000474974513,1.0,0.056106433272361755,0.12099334597587585,0.0,0.0,0.0,0.0,0.0,0.0,0.0,0.0,0.2342798411846161,0.2342798411846161,1.0,0.2342798411846161,0.2342798411846161,0.2342798411846161,0.0,-0.09710759669542313,0.5869547724723816,1.0,0.056106433272361755,1.0,0.0,0.0,0.056106433272361755,0.0,0.0,0.12099334597587585,0.0,0.4209933876991272,0.0,0.42099329829216003,0.42099329829216003,0.680610716342926,0.0,0.0,0.0,0.0,0.0,0.0,0.0,0.0,1.0,0.0,0.001795756514184177,0.2935469150543213,0.39975878596305847,0.3285101056098938,0.0,15.603065490722656,15.602357864379883,15.602357864379883,0.19276541471481323,0.1644742488861084,3.703557946432845e-11,0.0,0.0,4.499788761138916,4.499788761138916,3.2467727661132812,3.2467727661132812,0.7405838966369629,0.0,0.0,0.0,0.0,0.4209933578968048,0.0,0.42099329829216003,0.42099329829216003,0.680610716342926,0.0,3.2467727661132812,3.2467727661132812,3.2467727661132812,3.1782047748565674,0.5869547724723816,0.006375011522322893,0.0036380267702043056,1.0,0.5934097766876221,0.6146737337112427,0.5880600214004517,0.0,,,,,,,,,12.0,0.0,0.0,0.0,0.0,0.0,0.0,,,,,,,,,,,,,,,,,,,,,,0.001
31,5160,train,19.781198501586914,16.466997146606445,16.48529052734375,0.0,0.08997216075658798,0.08997216075658798,0.0,1.2826179265975952,9.999999747378752e-05,0.05000000074505806,0.009999999776482582,0.05000000074505806,0.0010000000474974513,0.0010000000474974513,1.0,0.07230967283248901,0.11814248561859131,0.0,0.0,0.0,0.0,0.0,0.0,0.0,0.0,0.20542585849761963,0.20542585849761963,1.0,0.20542585849761963,0.20542585849761963,0.20542585849761963,0.0,-0.10424936562776566,0.6074776649475098,1.0,0.07230967283248901,1.0,0.0,0.0,0.07230967283248901,0.0,0.0,0.11814248561859131,0.0,0.41814249753952026,0.0,0.41814276576042175,0.41814276576042175,0.6796851754188538,0.0,0.0,0.0,0.0,0.0,0.0,0.0,0.0,1.0,0.0,0.033327654004096985,0.2883896231651306,0.3910508453845978,0.31639233231544495,0.0,16.48529052734375,16.466997146606445,16.466997146606445,0.20058494806289673,0.18382199108600616,4.2028139302097145e-10,0.0,0.0,4.467381954193115,4.467381954193115,3.17025089263916,3.17025089263916,0.7389947772026062,0.0,0.0,0.0,0.0,0.41814249753952026,0.0,0.41814276576042175,0.41814276576042175,0.6796851754188538,0.0,3.17025089263916,3.170250415802002,3.17025089263916,3.052112579345703,0.6074776649475098,0.006156875751912594,0.003539010416716337,1.0,0.5931023359298706,0.5885200500488281,0.5675983428955078,0.0,,,,,,,,,12.0,0.0,0.0,0.0,0.0,0.0,0.0,,,,,,,,,,,,,,,,,,,,,,0.001
31,5177,train_epoch,18.987844021734364,15.805607612975344,15.811199782137386,0.0,0.10280457304087942,0.10280457304087942,0.0,1.2423401178714044,9.999999747378752e-05,0.05000000074505806,0.009999999776482582,0.05000000074505806,0.0010000000474974513,0.0010000000474974513,1.0,0.055660820750151566,0.12535819893111727,0.0,0.0,0.0,0.0,0.0,0.0,0.0,0.0,0.24251749228217645,0.24251749228217645,1.0,0.24251749228217645,0.2425174919252624,0.2425174919252624,0.0,-0.08988016027354909,0.5589393962643103,1.0,0.055660820750151566,1.0,0.0,0.0,0.055660820750151566,0.0,0.0,0.12535819893111727,0.0,0.42535821103050325,0.0,0.4253581858680634,0.4253581858680634,0.6819142138886595,0.0,0.0,0.0,0.0,0.0,0.0,0.0,0.0,1.0,0.0,0.0258388635173944,0.28808947077054464,0.3960272967815399,0.33198096027631246,0.0,15.811199782137386,15.805607612975344,15.805607612975344,0.2116570023897879,0.1907895440291502,-2.0893804152541544e-11,0.0,0.0,4.506673030510634,4.506673024800009,3.2307172464039513,3.2307172464039513,0.8166470392021591,0.0,0.0,0.0,0.0,0.4253582108520462,0.0,0.4253581762313843,0.4253581762313843,0.6819142138886595,0.0,3.2307171707381745,3.2307171707381745,3.2307172464039513,3.211796957575632,0.5589393962643103,0.006448088757537618,0.003720280156654869,1.0,0.5934151489577607,0.5930883224138956,0.5931278278013903,0.0,,,,,,,,,12.0,0.0,0.0,0.0,0.0,0.0,0.0,,,,,,,,,,,,,,,,,,,,,,0.001
31,5177,val,,,,,,,,,,,,,,,,,,,,,,,,,,,,,,,,,,,,,,,,,,,,,,,,,,,,,,,,,,,,,,,,,,,,,,,,,,,,,,,,,,,,,,,,,,,,,,,,,,,,,,,,,,,,,,,,,,,16.071025848388672,660.3634033203125,25.697536911546845,0.13000580668449402,0.06880610436201096,14.70232105255127,23.488900667971752,0.10971325635910034,0.0630057230591774,16.139083862304688,25.651300099163468,0.14379055798053741,0.06910494714975357,18.188743591308594,28.934780050693856,0.14915497601032257,0.07775945216417313,16.071025848388672,25.697536911546845,0.13000580668449402,0.06880610436201096,0.001
31,5177,test_select,,,,,,,,,,,,,,,,,,,,,,,,,,,,,,,,,,,,,,,,,,,,,,,,,,,,,,,,,,,,,,,,,,,,,,,,,,,,,,,,,,,,,,,,,,,,,,,,,,,,,,,,,,,,,,,,,,,24.744274139404297,1609.5697021484375,40.11944294414415,0.1580096185207367,0.10048691183328629,19.56756591796875,30.797774752204095,0.1225709319114685,0.07944701611995697,24.307579040527344,38.48954333697741,0.1674317568540573,0.09870830178260803,32.394989013671875,51.55137664111163,0.20038461685180664,0.1316080093383789,24.744274139404297,40.11944294414415,0.1580096185207367,0.10048691183328629,0.001
32,5180,train,18.746376037597656,15.605857849121094,15.609003067016602,0.0,0.09483589231967926,0.09483589231967926,0.0,1.3207417726516724,9.999999747378752e-05,0.05000000074505806,0.009999999776482582,0.05000000074505806,0.0010000000474974513,0.0010000000474974513,1.0,0.07114129513502121,0.11724340915679932,0.0,0.0,0.0,0.0,0.0,0.0,0.0,0.0,0.22761543095111847,0.22761543095111847,1.0,0.22761543095111847,0.22761543095111847,0.22761543095111847,0.0,-0.10138838738203049,0.605351984500885,1.0,0.07114129513502121,1.0,0.0,0.0,0.07114129513502121,0.0,0.0,0.11724340915679932,0.0,0.41724342107772827,0.0,0.4172431230545044,0.4172431230545044,0.67938631772995,0.0,0.0,0.0,0.0,0.0,0.0,0.0,0.0,1.0,0.0,0.025053447112441063,0.28770554065704346,0.4034408628940582,0.31316938996315,0.0,15.609003067016602,15.605857849121094,15.605857849121094,0.1903086155653,0.16845358908176422,7.119336370431384e-11,0.0,0.0,4.553680896759033,4.553680896759033,3.2854299545288086,3.2854299545288086,0.7452306151390076,0.0,0.0,0.0,0.0,0.41724342107772827,0.0,0.4172431230545044,0.4172431230545044,0.67938631772995,0.0,3.2854299545288086,3.2854299545288086,3.2854299545288086,3.221341848373413,0.605351984500885,0.006357059348374605,0.003715843427926302,1.0,0.6206227540969849,0.6009994745254517,0.5967310667037964,0.0,,,,,,,,,12.0,0.0,0.0,0.0,0.0,0.0,0.0,,,,,,,,,,,,,,,,,,,,,,0.001
32,5200,train,18.555404663085938,15.446414947509766,15.441702842712402,0.0,0.10538963973522186,0.10538963973522186,0.0,1.3329561948776245,9.999999747378752e-05,0.05000000074505806,0.009999999776482582,0.05000000074505806,0.0010000000474974513,0.0010000000474974513,1.0,0.06930094957351685,0.11833161115646362,0.0,0.0,0.0,0.0,0.0,0.0,0.0,0.0,0.2509777247905731,0.2509777247905731,1.0,0.2509777247905731,0.2509777247905731,0.2509777247905731,0.0,-0.09251094609498978,0.5814374685287476,1.0,0.06930094957351685,1.0,0.0,0.0,0.06930094957351685,0.0,0.0,0.11833161115646362,0.0,0.4183315932750702,0.0,0.4183318018913269,0.4183318018913269,0.6797482371330261,0.0,0.0,0.0,0.0,0.0,0.0,0.0,0.0,1.0,0.0,0.013756154105067253,0.2927713692188263,0.40552836656570435,0.31202444434165955,0.0,15.441702842712402,15.446414947509766,15.446414947509766,0.204822838306427,0.18155892193317413,3.2566097041275555e-10,0.0,0.0,4.471832752227783,4.471832752227783,3.2977547645568848,3.2977547645568848,0.7838655710220337,0.0,0.0,0.0,0.0,0.4183316230773926,0.0,0.4183317720890045,0.4183317720890045,0.6797482371330261,0.0,3.2977547645568848,3.2977547645568848,3.2977547645568848,3.352877378463745,0.5814374685287476,0.006510918494313955,0.003770977957174182,1.0,0.5970900654792786,0.5873353481292725,0.6043750643730164,0.0,,,,,,,,,12.0,0.0,0.0,0.0,0.0,0.0,0.0,,,,,,,,,,,,,,,,,,,,,,0.001
32,5220,train,17.763565063476562,14.788320541381836,14.778374671936035,0.0,0.10332443565130234,0.10332443565130234,0.0,1.2950595617294312,9.999999747378752e-05,0.05000000074505806,0.009999999776482582,0.05000000074505806,0.0010000000474974513,0.0010000000474974513,1.0,0.05215781182050705,0.11953473091125488,0.0,0.0,0.0,0.0,0.0,0.0,0.0,0.0,0.23500564694404602,0.23500564694404602,1.0,0.23500564694404602,0.23500563204288483,0.23500563204288483,0.0,-0.08696746081113815,0.5665363669395447,1.0,0.05215781182050705,1.0,0.0,0.0,0.05215781182050705,0.0,0.0,0.11953473091125488,0.0,0.41953474283218384,0.0,0.4195348620414734,0.4195348620414734,0.6801414489746094,0.0,0.0,0.0,0.0,0.0,0.0,0.0,0.0,1.0,0.0,0.008670657873153687,0.2971595227718353,0.3921297788619995,0.3161475658416748,0.0,14.778374671936035,14.788320541381836,14.788320541381836,0.21474973857402802,0.19768302142620087,1.3761282911806116e-11,0.0,0.0,4.515820503234863,4.515820503234863,3.1935670375823975,3.1935670375823975,0.8462631106376648,0.0,0.0,0.0,0.0,0.41953474283218384,0.0,0.4195348620414734,0.4195348620414734,0.6801414489746094,0.0,3.1935670375823975,3.1935670375823975,3.1935670375823975,3.197270393371582,0.5665363669395447,0.006427732761949301,0.0037544826045632362,1.0,0.5704746246337891,0.5727365016937256,0.56493079662323,0.0,,,,,,,,,12.0,0.0,0.0,0.0,0.0,0.0,0.0,,,,,,,,,,,,,,,,,,,,,,0.001
32,5240,train,17.55019187927246,14.606045722961426,14.624183654785156,0.0,0.07880125939846039,0.07880125939846039,0.0,1.4053508043289185,9.999999747378752e-05,0.05000000074505806,0.009999999776482582,0.05000000074505806,0.0010000000474974513,0.0010000000474974513,1.0,0.06018749624490738,0.11873117089271545,0.0,0.0,0.0,0.0,0.0,0.0,0.0,0.0,0.25083523988723755,0.25083523988723755,1.0,0.25083523988723755,0.25083521008491516,0.25083521008491516,0.0,-0.09180118888616562,0.5771156549453735,1.0,0.06018749624490738,1.0,0.0,0.0,0.06018749624490738,0.0,0.0,0.11873117089271545,0.0,0.4187311828136444,0.0,0.4187309443950653,0.4187309443950653,0.6798786520957947,0.0,0.0,0.0,0.0,0.0,0.0,0.0,0.0,1.0,0.0,0.03692448139190674,0.27931657433509827,0.4135805368423462,0.30072224140167236,0.0,14.624183654785156,14.606045722961426,14.606045722961426,0.19241003692150116,0.16562704741954803,4.3566436569442146e-10,0.0,0.0,4.356786251068115,4.356786251068115,3.390225887298584,3.390225887298584,0.6825869679450989,0.0,0.0,0.0,0.0,0.4187311828136444,0.0,0.4187309443950653,0.4187309443950653,0.6798786520957947,0.0,3.390225887298584,3.390225887298584,3.390225887298584,3.3676629066467285,0.5771156549453735,0.006581749767065048,0.0037890621460974216,1.0,0.581490695476532,0.6156182885169983,0.6257535219192505,0.0,,,,,,,,,12.0,0.0,0.0,0.0,0.0,0.0,0.0,,,,,,,,,,,,,,,,,,,,,,0.001
32,5260,train,17.942150115966797,14.933639526367188,14.945669174194336,0.0,0.09167233854532242,0.09167233854532242,0.0,1.3296903371810913,9.999999747378752e-05,0.05000000074505806,0.009999999776482582,0.05000000074505806,0.0010000000474974513,0.0010000000474974513,1.0,0.06815294921398163,0.1227433979511261,0.0,0.0,0.0,0.0,0.0,0.0,0.0,0.0,0.2411544770002365,0.2411544770002365,1.0,0.2411544770002365,0.2411544770002365,0.2411544770002365,0.0,-0.07677403092384338,0.5211202502250671,1.0,0.06815294921398163,1.0,0.0,0.0,0.06815294921398163,0.0,0.0,0.1227433979511261,0.0,0.42274343967437744,0.0,0.42274364829063416,0.42274364829063416,0.681162416934967,0.0,0.0,0.0,0.0,0.0,0.0,0.0,0.0,1.0,0.0,0.01347031444311142,0.2836795747280121,0.40710192918777466,0.31136423349380493,0.0,14.945669174194336,14.933639526367188,14.933639526367188,0.19996774196624756,0.18203693628311157,-1.0935475441842257e-10,0.0,0.0,4.588716983795166,4.588716983795166,3.324199676513672,3.324199676513672,0.7838268876075745,0.0,0.0,0.0,0.0,0.42274340987205505,0.0,0.42274361848831177,0.42274361848831177,0.681162416934967,0.0,3.3241994380950928,3.324199676513672,3.324199676513672,3.2432525157928467,0.5211202502250671,0.006488874554634094,0.003716633655130863,1.0,0.6124534010887146,0.6133484840393066,0.5798894166946411,0.0,,,,,,,,,12.0,0.0,0.0,0.0,0.0,0.0,0.0,,,,,,,,,,,,,,,,,,,,,,0.001
32,5280,train,19.065738677978516,15.873634338378906,15.862378120422363,0.0,0.09233067184686661,0.09233067184686661,0.0,1.2257875204086304,9.999999747378752e-05,0.05000000074505806,0.009999999776482582,0.05000000074505806,0.0010000000474974513,0.0010000000474974513,1.0,0.044740237295627594,0.12649789452552795,0.0,0.0,0.0,0.0,0.0,0.0,0.0,0.0,0.24536645412445068,0.24536645412445068,1.0,0.24536645412445068,0.24536646902561188,0.24536646902561188,0.0,-0.06783634424209595,0.48246198892593384,1.0,0.044740237295627594,1.0,0.0,0.0,0.044740237295627594,0.0,0.0,0.12649789452552795,0.0,0.4264979064464569,0.0,0.42649754881858826,0.42649754881858826,0.6823030710220337,0.0,0.0,0.0,0.0,0.0,0.0,0.0,0.0,1.0,0.0,0.012714449316263199,0.2812589704990387,0.38633599877357483,0.32668429613113403,0.0,15.862378120422363,15.873634338378906,15.873634338378906,0.20975418388843536,0.1828179955482483,3.230018474909002e-10,0.0,0.0,4.461630344390869,4.461630344390869,3.150047540664673,3.150047540664673,0.8115629553794861,0.0,0.0,0.0,0.0,0.4264979064464569,0.0,0.42649751901626587,0.42649751901626587,0.6823030710220337,0.0,3.1500470638275146,3.150047540664673,3.150047540664673,3.191689968109131,0.48246198892593384,0.006336957681924105,0.0036438333336263895,1.0,0.6290633082389832,0.6074932217597961,0.6009840369224548,0.0,,,,,,,,,12.0,0.0,0.0,0.0,0.0,0.0,0.0,,,,,,,,,,,,,,,,,,,,,,0.001
32,5300,train,18.004287719726562,14.984292984008789,15.012200355529785,0.0,0.07299971580505371,0.07299971580505371,0.0,1.269697904586792,9.999999747378752e-05,0.05000000074505806,0.009999999776482582,0.05000000074505806,0.0010000000474974513,0.0010000000474974513,1.0,0.04076513275504112,0.12573346495628357,0.0,0.0,0.0,0.0,0.0,0.0,0.0,0.0,0.22685794532299042,0.22685794532299042,1.0,0.22685794532299042,0.22685794532299042,0.22685794532299042,0.0,-0.07904323935508728,0.5149668455123901,1.0,0.04076513275504112,1.0,0.0,0.0,0.04076513275504112,0.0,0.0,0.12573346495628357,0.0,0.4257334768772125,0.0,0.4257332980632782,0.4257332980632782,0.6820754408836365,0.0,0.0,0.0,0.0,0.0,0.0,0.0,0.0,1.0,0.0,0.04441351816058159,0.2776392102241516,0.38994041085243225,0.31775951385498047,0.0,15.012200355529785,14.984292984008789,14.984292984008789,0.20290809869766235,0.18183498084545135,-1.5837586797573522e-10,0.0,0.0,4.509312152862549,4.509312152862549,3.18174409866333,3.18174409866333,0.7714982032775879,0.0,0.0,0.0,0.0,0.4257334768772125,0.0,0.4257332980632782,0.4257332980632782,0.6820754408836365,0.0,3.18174409866333,3.18174409866333,3.18174409866333,3.1470775604248047,0.5149668455123901,0.006279071792960167,0.00358260958455503,1.0,0.5707654356956482,0.5904419422149658,0.5807766318321228,0.0,,,,,,,,,12.0,0.0,0.0,0.0,0.0,0.0,0.0,,,,,,,,,,,,,,,,,,,,,,0.001
32,5320,train,18.717397689819336,15.585890769958496,15.57133960723877,0.0,0.08460153639316559,0.08460153639316559,0.0,1.221971869468689,9.999999747378752e-05,0.05000000074505806,0.009999999776482582,0.05000000074505806,0.0010000000474974513,0.0010000000474974513,1.0,0.03378482535481453,0.12188249826431274,0.0,0.0,0.0,0.0,0.0,0.0,0.0,0.0,0.21217681467533112,0.21217681467533112,1.0,0.21217681467533112,0.21217679977416992,0.21217679977416992,0.0,-0.09757928550243378,0.5713047981262207,1.0,0.03378482535481453,1.0,0.0,0.0,0.03378482535481453,0.0,0.0,0.12188249826431274,0.0,0.4218825101852417,0.0,0.4218822121620178,0.4218822121620178,0.6808926463127136,0.0,0.0,0.0,0.0,0.0,0.0,0.0,0.0,1.0,0.0,-0.0039635151624679565,0.2892863154411316,0.37359243631362915,0.3246075510978699,0.0,15.57133960723877,15.585890769958496,15.585890769958496,0.2038959562778473,0.1837916225194931,2.422591294237719e-10,0.0,0.0,4.676947593688965,4.676947593688965,3.030362606048584,3.030362606048584,0.8036436438560486,0.0,0.0,0.0,0.0,0.4218825101852417,0.0,0.42188218235969543,0.42188218235969543,0.6808926463127136,0.0,3.030362129211426,3.030362606048584,3.030362606048584,3.0513155460357666,0.5713047981262207,0.006121397018432617,0.0034672331530600786,1.0,0.5713692307472229,0.584588885307312,0.5851015448570251,0.0,,,,,,,,,12.0,0.0,0.0,0.0,0.0,0.0,0.0,,,,,,,,,,,,,,,,,,,,,,0.001
32,5340,train,19.450586318969727,16.190725326538086,16.20914649963379,0.0,0.07657556980848312,0.07657556980848312,0.0,1.2949552536010742,9.999999747378752e-05,0.05000000074505806,0.009999999776482582,0.05000000074505806,0.0010000000474974513,0.0010000000474974513,1.0,0.03852923959493637,0.12109068036079407,0.0,0.0,0.0,0.0,0.0,0.0,0.0,0.0,0.23194381594657898,0.23194381594657898,1.0,0.23194381594657898,0.23194381594657898,0.23194381594657898,0.0,-0.09753597527742386,0.568359375,1.0,0.03852923959493637,1.0,0.0,0.0,0.03852923959493637,0.0,0.0,0.12109068036079407,0.0,0.421090692281723,0.0,0.4210905432701111,0.4210905432701111,0.6806413531303406,0.0,0.0,0.0,0.0,0.0,0.0,0.0,0.0,1.0,0.0,0.043387554585933685,0.28073781728744507,0.3883197009563446,0.31086626648902893,0.0,16.20914649963379,16.190725326538086,16.190725326538086,0.23282599449157715,0.2065647840499878,-1.5433256062014067e-10,0.0,0.0,4.297236442565918,4.297236442565918,3.173718214035034,3.173718214035034,0.8434206247329712,0.0,0.0,0.0,0.0,0.421090692281723,0.0,0.4210905432701111,0.4210905432701111,0.6806413531303406,0.0,3.173718214035034,3.173717498779297,3.173718214035034,3.2742245197296143,0.568359375,0.006262167356908321,0.0035505183041095734,1.0,0.5569998025894165,0.5536140203475952,0.5659316778182983,0.0,,,,,,,,,12.0,0.0,0.0,0.0,0.0,0.0,0.0,,,,,,,,,,,,,,,,,,,,,,0.001
32,5344,train_epoch,18.96779849572096,15.789558610516394,15.795440919384985,0.0,0.0944224573716432,0.0944224573716432,0.0,1.3100404910698622,9.999999747378752e-05,0.05000000074505806,0.009999999776482582,0.05000000074505806,0.0010000000474974513,0.0010000000474974513,1.0,0.05971409064790089,0.12147049311392322,0.0,0.0,0.0,0.0,0.0,0.0,0.0,0.0,0.23530687034843925,0.23530687034843925,1.0,0.23530687034843925,0.2353068698130682,0.2353068698130682,0.0,-0.08711285973915797,0.552096672757657,1.0,0.05971409064790089,1.0,0.0,0.0,0.05971409064790089,0.0,0.0,0.12147049311392322,0.0,0.4214705046779381,0.0,0.4214704843338378,0.4214704843338378,0.6807437046559272,0.0,0.0,0.0,0.0,0.0,0.0,0.0,0.0,1.0,0.0,0.024058347099248395,0.28787146160702504,0.3970090903921755,0.31287230881388317,0.0,15.795440919384985,15.789558610516394,15.789558610516394,0.21305037106939417,0.19306649196290684,-1.7936656084685323e-11,0.0,0.0,4.484937131047963,4.4849371396138995,3.2392190759053485,3.2392190759053485,0.8223385086316548,0.0,0.0,0.0,0.0,0.42147050503485217,0.0,0.4214704718418464,0.4214704718418464,0.6807437046559272,0.0,3.239218988818323,3.2392189773970737,3.2392190759053485,3.2215197329035776,0.552096672757657,0.006391139447265221,0.0036829580792677617,1.0,0.5872478809899199,0.5873723551184832,0.5877181227335673,0.0,,,,,,,,,12.0,0.0,0.0,0.0,0.0,0.0,0.0,,,,,,,,,,,,,,,,,,,,,,0.001
32,5344,val,,,,,,,,,,,,,,,,,,,,,,,,,,,,,,,,,,,,,,,,,,,,,,,,,,,,,,,,,,,,,,,,,,,,,,,,,,,,,,,,,,,,,,,,,,,,,,,,,,,,,,,,,,,,,,,,,,,15.936044692993164,656.095703125,25.61436517122765,0.12246319651603699,0.06822820752859116,14.661272048950195,23.394790512943928,0.10618282854557037,0.06282980740070343,15.826240539550781,25.46602626348178,0.12121052294969559,0.06776540726423264,18.04601287841797,29.002485497609726,0.14672377705574036,0.07714924961328506,15.936044692993164,25.61436517122765,0.12246319651603699,0.06822820752859116,0.001
32,5344,test_select,,,,,,,,,,,,,,,,,,,,,,,,,,,,,,,,,,,,,,,,,,,,,,,,,,,,,,,,,,,,,,,,,,,,,,,,,,,,,,,,,,,,,,,,,,,,,,,,,,,,,,,,,,,,,,,,,,,24.988893508911133,1659.34814453125,40.73509720782866,0.1477876901626587,0.10148031264543533,20.279157638549805,32.219200863722165,0.1196129322052002,0.08233616501092911,24.672039031982422,39.743650301121214,0.14547371864318848,0.10018831491470337,32.230628967285156,51.498004170974916,0.19105346500873566,0.13094031810760498,24.988893508911133,40.73509720782866,0.1477876901626587,0.10148031264543533,0.001
33,5360,train,18.612943649291992,15.493922233581543,15.49289321899414,0.0,0.10768060386180878,0.10768060386180878,0.0,1.3700329065322876,9.999999747378752e-05,0.05000000074505806,0.009999999776482582,0.05000000074505806,0.0010000000474974513,0.0010000000474974513,1.0,0.06054782122373581,0.11961683630943298,0.0,0.0,0.0,0.0,0.0,0.0,0.0,0.0,0.24568191170692444,0.24568191170692444,1.0,0.24568191170692444,0.24568192660808563,0.24568192660808563,0.0,-0.09984484314918518,0.5795762538909912,1.0,0.06054782122373581,1.0,0.0,0.0,0.06054782122373581,0.0,0.0,0.11961683630943298,0.0,0.41961684823036194,0.0,0.4196169972419739,0.4196169972419739,0.6801681518554688,0.0,0.0,0.0,0.0,0.0,0.0,0.0,0.0,1.0,0.0,0.03198448568582535,0.30112576484680176,0.41131624579429626,0.30666404962539673,0.0,15.49289321899414,15.493922233581543,15.493922233581543,0.22496776282787323,0.2112361341714859,4.127324593206083e-10,0.0,0.0,4.465795993804932,4.465795993804932,3.3658900260925293,3.3658900260925293,0.8667668104171753,0.0,0.0,0.0,0.0,0.41961684823036194,0.0,0.4196169674396515,0.4196169674396515,0.6801681518554688,0.0,3.36588978767395,3.3658900260925293,3.3658900260925293,3.3067264556884766,0.5795762538909912,0.006443480961024761,0.0038062736857682467,1.0,0.5824833512306213,0.5815572142601013,0.5906509160995483,0.0,,,,,,,,,12.0,0.0,0.0,0.0,0.0,0.0,0.0,,,,,,,,,,,,,,,,,,,,,,0.001
33,5380,train,19.176687240600586,15.9620361328125,15.980667114257812,0.0,0.0880446508526802,0.0880446508526802,0.0,1.3420573472976685,9.999999747378752e-05,0.05000000074505806,0.009999999776482582,0.05000000074505806,0.0010000000474974513,0.0010000000474974513,1.0,0.07475076615810394,0.11915269494056702,0.0,0.0,0.0,0.0,0.0,0.0,0.0,0.0,0.2298334389925003,0.2298334389925003,1.0,0.2298334389925003,0.2298334538936615,0.2298334538936615,0.0,-0.0978151187300682,0.5709758996963501,1.0,0.07475076615810394,1.0,0.0,0.0,0.07475076615810394,0.0,0.0,0.11915269494056702,0.0,0.4191526770591736,0.0,0.41915249824523926,0.41915249824523926,0.6800168752670288,0.0,0.0,0.0,0.0,0.0,0.0,0.0,0.0,1.0,0.0,0.05899253115057945,0.28941529989242554,0.397182822227478,0.30515360832214355,0.0,15.980667114257812,15.9620361328125,15.9620361328125,0.21020196378231049,0.20008105039596558,4.6542966702922683e-10,0.0,0.0,4.321688175201416,4.321688175201416,3.2490458488464355,3.2490458488464355,0.7415618896484375,0.0,0.0,0.0,0.0,0.41915270686149597,0.0,0.41915249824523926,0.41915249824523926,0.6800168752670288,0.0,3.2490458488464355,3.2490458488464355,3.2490458488464355,3.244234085083008,0.5709758996963501,0.006397887133061886,0.0037401914596557617,1.0,0.5920507907867432,0.5739704370498657,0.5896894931793213,0.0,,,,,,,,,12.0,0.0,0.0,0.0,0.0,0.0,0.0,,,,,,,,,,,,,,,,,,,,,,0.001
33,5400,train,19.40656852722168,16.15361976623535,16.17458152770996,0.0,0.083956778049469,0.083956778049469,0.0,1.2291442155838013,9.999999747378752e-05,0.05000000074505806,0.009999999776482582,0.05000000074505806,0.0010000000474974513,0.0010000000474974513,1.0,0.06765028089284897,0.11930635571479797,0.0,0.0,0.0,0.0,0.0,0.0,0.0,0.0,0.22541119158267975,0.22541119158267975,1.0,0.22541119158267975,0.22541119158267975,0.22541119158267975,0.0,-0.09580487012863159,0.5558587312698364,1.0,0.06765028089284897,1.0,0.0,0.0,0.06765028089284897,0.0,0.0,0.11930635571479797,0.0,0.41930636763572693,0.0,0.41930660605430603,0.41930660605430603,0.6800676584243774,0.0,0.0,0.0,0.0,0.0,0.0,0.0,0.0,1.0,0.0,0.05140605941414833,0.2925405502319336,0.3751940131187439,0.32402950525283813,0.0,16.17458152770996,16.15361976623535,16.15361976623535,0.20847244560718536,0.184493288397789,3.121792269134005e-10,0.0,0.0,4.351003170013428,4.351003170013428,3.0605509281158447,3.0605509281158447,0.7951035499572754,0.0,0.0,0.0,0.0,0.41930636763572693,0.0,0.41930657625198364,0.41930657625198364,0.6800676584243774,0.0,3.0605509281158447,3.060551166534424,3.0605509281158447,3.146312713623047,0.5558587312698364,0.006193771958351135,0.0035744057968258858,1.0,0.6013402938842773,0.5901848673820496,0.6237618923187256,0.0,,,,,,,,,12.0,0.0,0.0,0.0,0.0,0.0,0.0,,,,,,,,,,,,,,,,,,,,,,0.001
33,5420,train,19.379362106323242,16.133472442626953,16.134923934936523,0.0,0.0982399731874466,0.0982399731874466,0.0,1.2816860675811768,9.999999747378752e-05,0.05000000074505806,0.009999999776482582,0.05000000074505806,0.0010000000474974513,0.0010000000474974513,1.0,0.04880154877901077,0.12089261412620544,0.0,0.0,0.0,0.0,0.0,0.0,0.0,0.0,0.22825615108013153,0.22825615108013153,1.0,0.22825615108013153,0.22825615108013153,0.22825615108013153,0.0,-0.08909415453672409,0.5332604646682739,1.0,0.04880154877901077,1.0,0.0,0.0,0.04880154877901077,0.0,0.0,0.12089261412620544,0.0,0.4208926260471344,0.0,0.4208924472332001,0.4208924472332001,0.6805787682533264,0.0,0.0,0.0,0.0,0.0,0.0,0.0,0.0,1.0,0.0,0.005608176346868277,0.28013089299201965,0.3933919370174408,0.3174322545528412,0.0,16.134923934936523,16.133472442626953,16.133472442626953,0.2160886526107788,0.19618642330169678,8.786170402341753e-11,0.0,0.0,4.404932975769043,4.404932975769043,3.2183451652526855,3.2183451652526855,0.8311091065406799,0.0,0.0,0.0,0.0,0.4208926260471344,0.0,0.4208924472332001,0.4208924472332001,0.6805787682533264,0.0,3.2183446884155273,3.2183446884155273,3.2183451652526855,3.16959547996521,0.5332604646682739,0.006409631110727787,0.0037219878286123276,1.0,0.5826470255851746,0.5828291773796082,0.5805371999740601,0.0,,,,,,,,,12.0,0.0,0.0,0.0,0.0,0.0,0.0,,,,,,,,,,,,,,,,,,,,,,0.001
33,5440,train,18.945693969726562,15.77349853515625,15.769519805908203,0.0,0.09914829581975937,0.09914829581975937,0.0,1.223820447921753,9.999999747378752e-05,0.05000000074505806,0.009999999776482582,0.05000000074505806,0.0010000000474974513,0.0010000000474974513,1.0,0.036984726786613464,0.12162187695503235,0.0,0.0,0.0,0.0,0.0,0.0,0.0,0.0,0.21755118668079376,0.21755118668079376,1.0,0.21755118668079376,0.21755118668079376,0.21755118668079376,0.0,-0.08787143975496292,0.5350261926651001,1.0,0.036984726786613464,1.0,0.0,0.0,0.036984726786613464,0.0,0.0,0.12162187695503235,0.0,0.4216219186782837,0.0,0.4216221570968628,0.4216221570968628,0.6808100938796997,0.0,0.0,0.0,0.0,0.0,0.0,0.0,0.0,1.0,0.0,0.01118598971515894,0.2985900342464447,0.3672794997692108,0.3228845000267029,0.0,15.769519805908203,15.77349853515625,15.77349853515625,0.21684691309928894,0.19572243094444275,3.3668495769134665e-10,0.0,0.0,4.526889801025391,4.526889801025391,3.000737190246582,3.000737190246582,0.8688547015190125,0.0,0.0,0.0,0.0,0.4216218888759613,0.0,0.4216221570968628,0.4216221570968628,0.6808100938796997,0.0,3.000737190246582,3.000736951828003,3.000737190246582,3.048612117767334,0.5350261926651001,0.006103822961449623,0.0035616890527307987,1.0,0.5735223889350891,0.5663973093032837,0.5833479166030884,0.0,,,,,,,,,12.0,0.0,0.0,0.0,0.0,0.0,0.0,,,,,,,,,,,,,,,,,,,,,,0.001
33,5460,train,18.443655014038086,15.355382919311523,15.348051071166992,0.0,0.08792522549629211,0.08792522549629211,0.0,1.3742358684539795,9.999999747378752e-05,0.05000000074505806,0.009999999776482582,0.05000000074505806,0.0010000000474974513,0.0010000000474974513,1.0,0.08005067706108093,0.12087994813919067,0.0,0.0,0.0,0.0,0.0,0.0,0.0,0.0,0.23214049637317657,0.23214049637317657,1.0,0.23214049637317657,0.23214049637317657,0.23214049637317657,0.0,-0.09299943596124649,0.5479968786239624,1.0,0.08005067706108093,1.0,0.0,0.0,0.08005067706108093,0.0,0.0,0.12087994813919067,0.0,0.42087993025779724,0.0,0.4208802580833435,0.4208802580833435,0.6805749535560608,0.0,0.0,0.0,0.0,0.0,0.0,0.0,0.0,1.0,0.0,0.0009747273288667202,0.2674333155155182,0.3986843526363373,0.30266353487968445,0.0,15.348051071166992,15.355382919311523,15.355382919311523,0.22613447904586792,0.21234329044818878,2.797093112683058e-10,0.0,0.0,4.27243709564209,4.27243709564209,3.264267921447754,3.264267921447754,0.8035813570022583,0.0,0.0,0.0,0.0,0.42087996006011963,0.0,0.4208802580833435,0.4208802580833435,0.6805749535560608,0.0,3.264267921447754,3.264267921447754,3.264267921447754,3.25832462310791,0.5479968786239624,0.006478712894022465,0.0038362208288162947,1.0,0.5713430643081665,0.5883482098579407,0.5849171876907349,0.0,,,,,,,,,12.0,0.0,0.0,0.0,0.0,0.0,0.0,,,,,,,,,,,,,,,,,,,,,,0.001
33,5480,train,17.853256225585938,14.858710289001465,14.876680374145508,0.0,0.10630158334970474,0.10630158334970474,0.0,1.4249948263168335,9.999999747378752e-05,0.05000000074505806,0.009999999776482582,0.05000000074505806,0.0010000000474974513,0.0010000000474974513,1.0,0.08205791562795639,0.11996755003929138,0.0,0.0,0.0,0.0,0.0,0.0,0.0,0.0,0.22581198811531067,0.22581198811531067,1.0,0.22581198811531067,0.22581200301647186,0.22581200301647186,0.0,-0.09631247818470001,0.5636138319969177,1.0,0.08205791562795639,1.0,0.0,0.0,0.08205791562795639,0.0,0.0,0.11996755003929138,0.0,0.41996756196022034,0.0,0.419967383146286,0.419967383146286,0.6802815794944763,0.0,0.0,0.0,0.0,0.0,0.0,0.0,0.0,1.0,0.0,0.03520265966653824,0.2958979904651642,0.4197491407394409,0.2975383996963501,0.0,14.876680374145508,14.858710289001465,14.858710289001465,0.20060601830482483,0.18062284588813782,-7.347335240215358e-11,0.0,0.0,4.321783065795898,4.321783065795898,3.449007749557495,3.449007749557495,0.7253217697143555,0.0,0.0,0.0,0.0,0.41996756196022034,0.0,0.419967383146286,0.419967383146286,0.6802815794944763,0.0,3.449007749557495,3.449007749557495,3.449007749557495,3.182382822036743,0.5636138319969177,0.006583906710147858,0.0039001149125397205,1.0,0.5772806406021118,0.6087021231651306,0.5852314829826355,0.0,,,,,,,,,12.0,0.0,0.0,0.0,0.0,0.0,0.0,,,,,,,,,,,,,,,,,,,,,,0.001
33,5500,train,18.815427780151367,15.665122032165527,15.665878295898438,0.0,0.0861252024769783,0.0861252024769783,0.0,1.2889797687530518,9.999999747378752e-05,0.05000000074505806,0.009999999776482582,0.05000000074505806,0.0010000000474974513,0.0010000000474974513,1.0,0.0493755079805851,0.11921057105064392,0.0,0.0,0.0,0.0,0.0,0.0,0.0,0.0,0.20873256027698517,0.20873256027698517,1.0,0.20873256027698517,0.20873256027698517,0.20873256027698517,0.0,-0.09806373715400696,0.5698552131652832,1.0,0.0493755079805851,1.0,0.0,0.0,0.0493755079805851,0.0,0.0,0.11921057105064392,0.0,0.4192105829715729,0.0,0.4192107617855072,0.4192107617855072,0.6800357699394226,0.0,0.0,0.0,0.0,0.0,0.0,0.0,0.0,1.0,0.0,0.03051256574690342,0.28510722517967224,0.3802677094936371,0.3103429079055786,0.0,15.665878295898438,15.665122032165527,15.665122032165527,0.22550922632217407,0.20493420958518982,5.188250523646687e-11,0.0,0.0,4.4632768630981445,4.4632768630981445,3.0999937057495117,3.0999937057495117,0.8800408840179443,0.0,0.0,0.0,0.0,0.4192105829715729,0.0,0.4192107319831848,0.4192107319831848,0.6800357699394226,0.0,3.0999932289123535,3.0999937057495117,3.0999937057495117,3.074958086013794,0.5698552131652832,0.006254605948925018,0.003644823096692562,1.0,0.5438021421432495,0.5485222339630127,0.5369078516960144,0.0,,,,,,,,,12.0,0.0,0.0,0.0,0.0,0.0,0.0,,,,,,,,,,,,,,,,,,,,,,0.001
33,5511,train_epoch,18.835091174005747,15.67929150244433,15.685862369879992,0.0,0.09461192188862555,0.09461192188862555,0.0,1.3114283099145947,9.999999747378752e-05,0.05000000074505806,0.009999999776482582,0.05000000074505806,0.0010000000474974513,0.0010000000474974513,1.0,0.060865380606073105,0.12012035832433643,0.0,0.0,0.0,0.0,0.0,0.0,0.0,0.0,0.22641164305324327,0.22641164305324327,1.0,0.22641164305324327,0.22641164376707135,0.22641164376707135,0.0,-0.09477186109312995,0.5572475080718537,1.0,0.060865380606073105,1.0,0.0,0.0,0.060865380606073105,0.0,0.0,0.12012035832433643,0.0,0.42012037167292154,0.0,0.4201203688176092,0.4201203688176092,0.680329178978583,0.0,0.0,0.0,0.0,0.0,0.0,0.0,0.0,1.0,0.0,0.023438421843439607,0.2909912259992725,0.39140813472028263,0.3112542986155984,0.0,15.685862369879992,15.67929150244433,15.67929150244433,0.21244748579170888,0.19269512477749123,2.1899044446278036e-11,0.0,0.0,4.455721706687333,4.455721738095769,3.197691630460545,3.197691630460545,0.814593458603956,0.0,0.0,0.0,0.0,0.4201203702452654,0.0,0.420120358288645,0.420120358288645,0.680329178978583,0.0,3.197691533379926,3.1976915305246134,3.197691630460545,3.1801975444405377,0.5572475080718537,0.0063431931626118584,0.0037100089415573255,1.0,0.5842269444893934,0.5840332979213692,0.5840074277209665,0.0,,,,,,,,,12.0,0.0,0.0,0.0,0.0,0.0,0.0,,,,,,,,,,,,,,,,,,,,,,0.001
33,5511,val,,,,,,,,,,,,,,,,,,,,,,,,,,,,,,,,,,,,,,,,,,,,,,,,,,,,,,,,,,,,,,,,,,,,,,,,,,,,,,,,,,,,,,,,,,,,,,,,,,,,,,,,,,,,,,,,,,,15.683754920959473,650.2770385742188,25.500530162610712,0.11740827560424805,0.06714805215597153,14.389812469482422,23.264088945683135,0.09917976707220078,0.06166648864746094,15.560030937194824,25.4043712789379,0.1126130074262619,0.06662553548812866,17.703685760498047,28.646278168894604,0.14030149579048157,0.0756857618689537,15.683754920959473,25.500530162610712,0.11740827560424805,0.06714805215597153,0.001
33,5511,test_select,,,,,,,,,,,,,,,,,,,,,,,,,,,,,,,,,,,,,,,,,,,,,,,,,,,,,,,,,,,,,,,,,,,,,,,,,,,,,,,,,,,,,,,,,,,,,,,,,,,,,,,,,,,,,,,,,,,23.0098934173584,1415.5118408203125,37.62328854340503,0.14322859048843384,0.09344355762004852,18.274511337280273,29.25085447970655,0.10813403129577637,0.07419702410697937,22.815467834472656,36.86206738259196,0.13735468685626984,0.09264914691448212,29.971418380737305,47.72589685347725,0.18906988203525543,0.12176200747489929,23.0098934173584,37.62328854340503,0.14322859048843384,0.09344355762004852,0.001
34,5520,train,17.66539192199707,14.708711624145508,14.693203926086426,0.0,0.09828101098537445,0.09828101098537445,0.0,1.3375086784362793,9.999999747378752e-05,0.05000000074505806,0.009999999776482582,0.05000000074505806,0.0010000000474974513,0.0010000000474974513,1.0,0.05615996569395065,0.11904263496398926,0.0,0.0,0.0,0.0,0.0,0.0,0.0,0.0,0.21366281807422638,0.21366281807422638,1.0,0.21366281807422638,0.21366281807422638,0.21366281807422638,0.0,-0.09728609770536423,0.567070484161377,1.0,0.05615996569395065,1.0,0.0,0.0,0.05615996569395065,0.0,0.0,0.11904263496398926,0.0,0.4190426468849182,0.0,0.41904276609420776,0.41904276609420776,0.6799812316894531,0.0,0.0,0.0,0.0,0.0,0.0,0.0,0.0,1.0,0.0,-0.022107498720288277,0.2884301543235779,0.39176157116889954,0.304109662771225,0.0,14.693203926086426,14.708711624145508,14.708711624145508,0.2034045159816742,0.183123379945755,-2.9776811572013173e-10,0.0,0.0,4.499294281005859,4.499294757843018,3.2011985778808594,3.2011985778808594,0.7793921232223511,0.0,0.0,0.0,0.0,0.4190426468849182,0.0,0.4190427362918854,0.4190427362918854,0.6799812316894531,0.0,3.2011985778808594,3.2011985778808594,3.2011985778808594,3.1164817810058594,0.567070484161377,0.006310556549578905,0.003717874875292182,1.0,0.5953253507614136,0.604180097579956,0.5859438180923462,0.0,,,,,,,,,12.0,0.0,0.0,0.0,0.0,0.0,0.0,,,,,,,,,,,,,,,,,,,,,,0.001
34,5540,train,19.441020965576172,16.179508209228516,16.218172073364258,0.0,0.074917733669281,0.074917733669281,0.0,1.3287842273712158,9.999999747378752e-05,0.05000000074505806,0.009999999776482582,0.05000000074505806,0.0010000000474974513,0.0010000000474974513,1.0,0.09213820844888687,0.12022703886032104,0.0,0.0,0.0,0.0,0.0,0.0,0.0,0.0,0.22977636754512787,0.22977636754512787,1.0,0.22977636754512787,0.22977636754512787,0.22977636754512787,0.0,-0.09257371723651886,0.5483628511428833,1.0,0.09213820844888687,1.0,0.0,0.0,0.09213820844888687,0.0,0.0,0.12022703886032104,0.0,0.42022705078125,0.0,0.4202269911766052,0.4202269911766052,0.6803653836250305,0.0,0.0,0.0,0.0,0.0,0.0,0.0,0.0,1.0,0.0,0.07982957363128662,0.2865094542503357,0.39526626467704773,0.3078046143054962,0.0,16.218172073364258,16.179508209228516,16.179508209228516,0.2123716026544571,0.19220294058322906,-3.2399694038787175e-11,0.0,0.0,4.238661289215088,4.238661289215088,3.2243876457214355,3.2243876457214355,0.7563078999519348,0.0,0.0,0.0,0.0,0.42022705078125,0.0,0.4202269911766052,0.4202269911766052,0.6803653836250305,0.0,3.2243876457214355,3.2243876457214355,3.2243876457214355,3.1738052368164062,0.5483628511428833,0.0062978449277579784,0.0036760573275387287,1.0,0.5763676166534424,0.5962561368942261,0.5857035517692566,0.0,,,,,,,,,12.0,0.0,0.0,0.0,0.0,0.0,0.0,,,,,,,,,,,,,,,,,,,,,,0.001
34,5560,train,19.004362106323242,15.822155952453613,15.819549560546875,0.0,0.0892762839794159,0.0892762839794159,0.0,1.2955610752105713,9.999999747378752e-05,0.05000000074505806,0.009999999776482582,0.05000000074505806,0.0010000000474974513,0.0010000000474974513,1.0,0.04933159798383713,0.12339946627616882,0.0,0.0,0.0,0.0,0.0,0.0,0.0,0.0,0.2255438268184662,0.2255438268184662,1.0,0.2255438268184662,0.2255438268184662,0.2255438268184662,0.0,-0.08153965324163437,0.5097728371620178,1.0,0.04933159798383713,1.0,0.0,0.0,0.04933159798383713,0.0,0.0,0.12339946627616882,0.0,0.4233994483947754,0.0,0.4233996570110321,0.4233996570110321,0.6813659071922302,0.0,0.0,0.0,0.0,0.0,0.0,0.0,0.0,1.0,0.0,0.007265126332640648,0.29861965775489807,0.3846197724342346,0.31087395548820496,0.0,15.819549560546875,15.822155952453613,15.822155952453613,0.2116537094116211,0.1908489465713501,-2.119360936747583e-10,0.0,0.0,4.617804050445557,4.617804050445557,3.138028621673584,3.138028621673584,0.8456592559814453,0.0,0.0,0.0,0.0,0.4233994781970978,0.0,0.4233996570110321,0.4233996570110321,0.6813659071922302,0.0,3.138028621673584,3.138028621673584,3.138028621673584,3.1210100650787354,0.5097728371620178,0.0061672283336520195,0.003626206424087286,1.0,0.5559488534927368,0.571996808052063,0.5639779567718506,0.0,,,,,,,,,12.0,0.0,0.0,0.0,0.0,0.0,0.0,,,,,,,,,,,,,,,,,,,,,,0.001
34,5580,train,18.73495101928711,15.59826946258545,15.5843505859375,0.0,0.08703009784221649,0.08703009784221649,0.0,1.2680848836898804,9.999999747378752e-05,0.05000000074505806,0.009999999776482582,0.05000000074505806,0.0010000000474974513,0.0010000000474974513,1.0,0.06941958516836166,0.1278378963470459,0.0,0.0,0.0,0.0,0.0,0.0,0.0,0.0,0.2522924840450287,0.2522924840450287,1.0,0.2522924840450287,0.2522924840450287,0.2522924840450287,0.0,-0.06990180164575577,0.4630643427371979,1.0,0.06941958516836166,1.0,0.0,0.0,0.06941958516836166,0.0,0.0,0.1278378963470459,0.0,0.42783793807029724,0.0,0.4278382658958435,0.4278382658958435,0.6826962828636169,0.0,0.0,0.0,0.0,0.0,0.0,0.0,0.0,1.0,0.0,-0.018243758007884026,0.28814244270324707,0.3900116980075836,0.3199785351753235,0.0,15.5843505859375,15.59826946258545,15.59826946258545,0.22242842614650726,0.20144395530223846,3.634892664639011e-10,0.0,0.0,4.335692882537842,4.335692882537842,3.172177314758301,3.172177314758301,0.8280085325241089,0.0,0.0,0.0,0.0,0.42783790826797485,0.0,0.4278382658958435,0.4278382658958435,0.6826962828636169,0.0,3.172177314758301,3.172177314758301,3.172177314758301,3.2755658626556396,0.4630643427371979,0.0061918883584439754,0.003634614869952202,1.0,0.5983174443244934,0.593916118144989,0.6041824221611023,0.0,,,,,,,,,12.0,0.0,0.0,0.0,0.0,0.0,0.0,,,,,,,,,,,,,,,,,,,,,,0.001
34,5600,train,18.415477752685547,15.329838752746582,15.337703704833984,0.0,0.08345174044370651,0.08345174044370651,0.0,1.2192612886428833,9.999999747378752e-05,0.05000000074505806,0.009999999776482582,0.05000000074505806,0.0010000000474974513,0.0010000000474974513,1.0,0.06828562170267105,0.12915360927581787,0.0,0.0,0.0,0.0,0.0,0.0,0.0,0.0,0.22673633694648743,0.22673633694648743,1.0,0.22673633694648743,0.22673633694648743,0.22673633694648743,0.0,-0.07180052250623703,0.46880674362182617,1.0,0.06828562170267105,1.0,0.0,0.0,0.06828562170267105,0.0,0.0,0.12915360927581787,0.0,0.4291536211967468,0.0,0.4291538596153259,0.4291538596153259,0.6830750107765198,0.0,0.0,0.0,0.0,0.0,0.0,0.0,0.0,1.0,0.0,0.024750450626015663,0.3035847842693329,0.37170934677124023,0.32360225915908813,0.0,15.337703704833984,15.329838752746582,15.329838752746582,0.20362834632396698,0.1786375790834427,3.479070156964248e-11,0.0,0.0,4.517505645751953,4.517505645751953,3.049562692642212,3.049562692642212,0.8066081404685974,0.0,0.0,0.0,0.0,0.4291536211967468,0.0,0.42915382981300354,0.42915382981300354,0.6830750107765198,0.0,3.049562692642212,3.049562692642212,3.049562692642212,3.031421422958374,0.46880674362182617,0.006055488251149654,0.0035633111838251352,1.0,0.5732784867286682,0.5629703402519226,0.5730356574058533,0.0,,,,,,,,,12.0,0.0,0.0,0.0,0.0,0.0,0.0,,,,,,,,,,,,,,,,,,,,,,0.001
34,5620,train,18.635517120361328,15.510833740234375,15.529853820800781,0.0,0.07440438121557236,0.07440438121557236,0.0,1.2630383968353271,9.999999747378752e-05,0.05000000074505806,0.009999999776482582,0.05000000074505806,0.0010000000474974513,0.0010000000474974513,1.0,0.042881764471530914,0.12744063138961792,0.0,0.0,0.0,0.0,0.0,0.0,0.0,0.0,0.2449658066034317,0.2449658066034317,1.0,0.2449658066034317,0.2449658066034317,0.2449658066034317,0.0,-0.08358503133058548,0.5066872239112854,1.0,0.042881764471530914,1.0,0.0,0.0,0.042881764471530914,0.0,0.0,0.12744063138961792,0.0,0.4274406433105469,0.0,0.4274406433105469,0.4274406433105469,0.6825801134109497,0.0,0.0,0.0,0.0,0.0,0.0,0.0,0.0,1.0,0.0,0.05254659056663513,0.29405397176742554,0.3845667541027069,0.3188549280166626,0.0,15.529853820800781,15.510833740234375,15.510833740234375,0.20342780649662018,0.1761508285999298,-2.9527899569892213e-10,0.0,0.0,4.334064960479736,4.334064960479736,3.1445717811584473,3.1445717811584473,0.7358602285385132,0.0,0.0,0.0,0.0,0.4274406433105469,0.0,0.4274406433105469,0.4274406433105469,0.6825801134109497,0.0,3.1445717811584473,3.1445717811584473,3.1445717811584473,3.233757495880127,0.5066872239112854,0.0062112933956086636,0.0036692186258733273,1.0,0.5771054029464722,0.5699620842933655,0.6110210418701172,0.0,,,,,,,,,12.0,0.0,0.0,0.0,0.0,0.0,0.0,,,,,,,,,,,,,,,,,,,,,,0.001
34,5640,train,17.86570930480957,14.869316101074219,14.890473365783691,0.0,0.0736103355884552,0.0736103355884552,0.0,1.263962984085083,9.999999747378752e-05,0.05000000074505806,0.009999999776482582,0.05000000074505806,0.0010000000474974513,0.0010000000474974513,1.0,0.07552258670330048,0.1297643482685089,0.0,0.0,0.0,0.0,0.0,0.0,0.0,0.0,0.23812374472618103,0.23812374472618103,1.0,0.23812374472618103,0.23812374472618103,0.23812374472618103,0.0,-0.07655096054077148,0.4753855764865875,1.0,0.07552258670330048,1.0,0.0,0.0,0.07552258670330048,0.0,0.0,0.1297643482685089,0.0,0.42976436018943787,0.0,0.42976459860801697,0.42976459860801697,0.6832480430603027,0.0,0.0,0.0,0.0,0.0,0.0,0.0,0.0,1.0,0.0,0.04703058302402496,0.288109689950943,0.39174485206604004,0.31920886039733887,0.0,14.890473365783691,14.869316101074219,14.869316101074219,0.18922339379787445,0.17013628780841827,1.3087758654606318e-10,0.0,0.0,4.415482044219971,4.415482044219971,3.198930501937866,3.198930501937866,0.6753434538841248,0.0,0.0,0.0,0.0,0.42976436018943787,0.0,0.4297645688056946,0.4297645688056946,0.6832480430603027,0.0,3.198930263519287,3.198930501937866,3.198930501937866,3.1657357215881348,0.4753855764865875,0.006207440514117479,0.0037247708532959223,1.0,0.5810133218765259,0.5887775421142578,0.5836296677589417,0.0,,,,,,,,,12.0,0.0,0.0,0.0,0.0,0.0,0.0,,,,,,,,,,,,,,,,,,,,,,0.001
34,5660,train,20.029970169067383,16.676284790039062,16.674867630004883,0.0,0.11203719675540924,0.11203719675540924,0.0,1.2753280401229858,9.999999747378752e-05,0.05000000074505806,0.009999999776482582,0.05000000074505806,0.0010000000474974513,0.0010000000474974513,1.0,0.07067131996154785,0.12965074181556702,0.0,0.0,0.0,0.0,0.0,0.0,0.0,0.0,0.21303044259548187,0.21303044259548187,1.0,0.21303044259548187,0.21303044259548187,0.21303044259548187,0.0,-0.07980135828256607,0.4865932762622833,1.0,0.07067131996154785,1.0,0.0,0.0,0.07067131996154785,0.0,0.0,0.12965074181556702,0.0,0.4296507239341736,0.0,0.4296504855155945,0.4296504855155945,0.6832162141799927,0.0,0.0,0.0,0.0,0.0,0.0,0.0,0.0,1.0,0.0,0.009169291704893112,0.30211299657821655,0.37930768728256226,0.31064292788505554,0.0,16.674867630004883,16.676284790039062,16.676284790039062,0.24573729932308197,0.23472709953784943,1.2903673962672002e-10,0.0,0.0,4.574722766876221,4.574722766876221,3.106440782546997,3.106440782546997,0.9750644564628601,0.0,0.0,0.0,0.0,0.42965075373649597,0.0,0.4296504855155945,0.4296504855155945,0.6832162141799927,0.0,3.106440782546997,3.106440782546997,3.106440782546997,3.0309700965881348,0.4865932762622833,0.006139746867120266,0.003678056411445141,1.0,0.5735306739807129,0.5628097057342529,0.5541220903396606,0.0,,,,,,,,,12.0,0.0,0.0,0.0,0.0,0.0,0.0,,,,,,,,,,,,,,,,,,,,,,0.001
34,5678,train_epoch,18.83609165260178,15.6805082138427,15.685657010106983,0.0,0.08868718321273426,0.08868718321273426,0.0,1.2885114811137766,9.999999747378752e-05,0.05000000074505806,0.009999999776482582,0.05000000074505806,0.0010000000474974513,0.0010000000474974513,1.0,0.06249639300439886,0.12601623420943758,0.0,0.0,0.0,0.0,0.0,0.0,0.0,0.0,0.22834332751299807,0.22834332751299807,1.0,0.22834332751299807,0.22834332733454105,0.22834332733454105,0.0,-0.08167307640977962,0.5028230317695412,1.0,0.06249639300439886,1.0,0.0,0.0,0.06249639300439886,0.0,0.0,0.12601623420943758,0.0,0.4260162480933937,0.0,0.4260162338168321,0.4260162338168321,0.6821277320028065,0.0,0.0,0.0,0.0,0.0,0.0,0.0,0.0,1.0,0.0,0.01931425955559233,0.29147339509632775,0.38687847171001094,0.312967572561995,0.0,15.685657010106983,15.6805082138427,15.6805082138427,0.21491222297716997,0.19536553742642887,-5.616540291735208e-12,0.0,0.0,4.443359369289375,4.443359366434063,3.161901091387172,3.161901091387172,0.8195169707258304,0.0,0.0,0.0,0.0,0.42601624613036654,0.0,0.42601622275249684,0.42601622275249684,0.6821277320028065,0.0,3.161900980029991,3.161900985740616,3.161901091387172,3.145461679218772,0.5028230317695412,0.006226332615614829,0.003685223835124495,1.0,0.5751662439928797,0.5755664338608701,0.575672940936631,0.0,,,,,,,,,12.0,0.0,0.0,0.0,0.0,0.0,0.0,,,,,,,,,,,,,,,,,,,,,,0.001
34,5678,val,,,,,,,,,,,,,,,,,,,,,,,,,,,,,,,,,,,,,,,,,,,,,,,,,,,,,,,,,,,,,,,,,,,,,,,,,,,,,,,,,,,,,,,,,,,,,,,,,,,,,,,,,,,,,,,,,,,15.779698371887207,645.29296875,25.40261736022491,0.12184083461761475,0.06755882501602173,14.63290786743164,23.381930216398544,0.10950032621622086,0.06270825117826462,15.742757797241211,25.393086419154034,0.12033049017190933,0.06740794330835342,17.574926376342773,28.422060755646417,0.13410186767578125,0.07513529807329178,15.779698371887207,25.40261736022491,0.12184083461761475,0.06755882501602173,0.001
34,5678,test_select,,,,,,,,,,,,,,,,,,,,,,,,,,,,,,,,,,,,,,,,,,,,,,,,,,,,,,,,,,,,,,,,,,,,,,,,,,,,,,,,,,,,,,,,,,,,,,,,,,,,,,,,,,,,,,,,,,,23.3783016204834,1480.02392578125,38.47107908262062,0.1380501538515091,0.09493967145681381,18.422958374023438,29.482837921977488,0.1082993745803833,0.07479973882436752,23.020709991455078,37.35908582855465,0.13261468708515167,0.0934825912117958,30.424421310424805,48.79291730668371,0.18155699968338013,0.12360239028930664,23.3783016204834,38.47107908262062,0.1380501538515091,0.09493967145681381,0.001
35,5680,train,19.3597354888916,16.11891746520996,16.111328125,0.0,0.09552258253097534,0.09552258253097534,0.0,1.2219194173812866,9.999999747378752e-05,0.05000000074505806,0.009999999776482582,0.05000000074505806,0.0010000000474974513,0.0010000000474974513,1.0,0.052459027618169785,0.12917301058769226,0.0,0.0,0.0,0.0,0.0,0.0,0.0,0.0,0.22454069554805756,0.22454069554805756,1.0,0.22454069554805756,0.22454069554805756,0.22454069554805756,0.0,-0.08329787105321884,0.49455633759498596,1.0,0.052459027618169785,1.0,0.0,0.0,0.052459027618169785,0.0,0.0,0.12917301058769226,0.0,0.4291730523109436,0.0,0.42917323112487793,0.42917323112487793,0.6830801367759705,0.0,0.0,0.0,0.0,0.0,0.0,0.0,0.0,1.0,0.0,0.008989725261926651,0.30666548013687134,0.3597213327884674,0.31826862692832947,0.0,16.111328125,16.11891746520996,16.11891746520996,0.22013023495674133,0.20091673731803894,2.686536106424886e-12,0.0,0.0,4.675055503845215,4.675055503845215,2.936694622039795,2.936694622039795,0.9244694709777832,0.0,0.0,0.0,0.0,0.4291730225086212,0.0,0.42917323112487793,0.42917323112487793,0.6830801367759705,0.0,2.936694383621216,2.936694383621216,2.936694622039795,3.0853378772735596,0.49455633759498596,0.005991329904645681,0.0035618653055280447,1.0,0.5522361397743225,0.5383106470108032,0.5770036578178406,0.0,,,,,,,,,12.0,0.0,0.0,0.0,0.0,0.0,0.0,,,,,,,,,,,,,,,,,,,,,,0.001
35,5700,train,18.661609649658203,15.533413887023926,15.547853469848633,0.0,0.09610382467508316,0.09610382467508316,0.0,1.3250764608383179,9.999999747378752e-05,0.05000000074505806,0.009999999776482582,0.05000000074505806,0.0010000000474974513,0.0010000000474974513,1.0,0.06037721037864685,0.12754985690116882,0.0,0.0,0.0,0.0,0.0,0.0,0.0,0.0,0.22499564290046692,0.22499564290046692,1.0,0.22499564290046692,0.22499564290046692,0.22499564290046692,0.0,-0.08896787464618683,0.5163864493370056,1.0,0.06037721037864685,1.0,0.0,0.0,0.06037721037864685,0.0,0.0,0.12754985690116882,0.0,0.4275498390197754,0.0,0.4275500178337097,0.4275500178337097,0.6826122999191284,0.0,0.0,0.0,0.0,0.0,0.0,0.0,0.0,1.0,0.0,0.04427582770586014,0.2972700595855713,0.38333117961883545,0.30722615122795105,0.0,15.547853469848633,15.533413887023926,15.533413887023926,0.21900203824043274,0.20089221000671387,-1.2921363978790623e-10,0.0,0.0,4.53218936920166,4.53218936920166,3.151904344558716,3.151904344558716,0.822845995426178,0.0,0.0,0.0,0.0,0.4275498688220978,0.0,0.42754998803138733,0.42754998803138733,0.6826122999191284,0.0,3.151904344558716,3.151904344558716,3.151904344558716,3.1218230724334717,0.5163864493370056,0.006270891055464745,0.003815178759396076,1.0,0.5550914406776428,0.5473824739456177,0.5503102540969849,0.0,,,,,,,,,12.0,0.0,0.0,0.0,0.0,0.0,0.0,,,,,,,,,,,,,,,,,,,,,,0.001
35,5720,train,18.811777114868164,15.661259651184082,15.646378517150879,0.0,0.11657178401947021,0.11657178401947021,0.0,1.4148423671722412,9.999999747378752e-05,0.05000000074505806,0.009999999776482582,0.05000000074505806,0.0010000000474974513,0.0010000000474974513,1.0,0.06528036296367645,0.1255013346672058,0.0,0.0,0.0,0.0,0.0,0.0,0.0,0.0,0.25136423110961914,0.25136423110961914,1.0,0.25136423110961914,0.25136423110961914,0.25136423110961914,0.0,-0.09473108500242233,0.5387956500053406,1.0,0.06528036296367645,1.0,0.0,0.0,0.06528036296367645,0.0,0.0,0.1255013346672058,0.0,0.42550134658813477,0.0,0.4255015552043915,0.4255015552043915,0.6820058226585388,0.0,0.0,0.0,0.0,0.0,0.0,0.0,0.0,1.0,0.0,-0.008759885095059872,0.297043114900589,0.4055562913417816,0.2961468994617462,0.0,15.646378517150879,15.661259651184082,15.661259651184082,0.22028522193431854,0.20390278100967407,-4.2512077191858566e-10,0.0,0.0,4.51479434967041,4.51479434967041,3.3234026432037354,3.3234026432037354,0.8467649817466736,0.0,0.0,0.0,0.0,0.42550134658813477,0.0,0.4255015552043915,0.4255015552043915,0.6820058226585388,0.0,3.3234026432037354,3.3234026432037354,3.3234026432037354,3.366288661956787,0.5387956500053406,0.006457251030951738,0.00401315139606595,1.0,0.5972801446914673,0.5757609605789185,0.6027475595474243,0.0,,,,,,,,,12.0,0.0,0.0,0.0,0.0,0.0,0.0,,,,,,,,,,,,,,,,,,,,,,0.001
35,5740,train,18.183574676513672,15.134181022644043,15.156888008117676,0.0,0.08865290880203247,0.08865290880203247,0.0,1.346193790435791,9.999999747378752e-05,0.05000000074505806,0.009999999776482582,0.05000000074505806,0.0010000000474974513,0.0010000000474974513,1.0,0.05654814839363098,0.12498795986175537,0.0,0.0,0.0,0.0,0.0,0.0,0.0,0.0,0.2211132049560547,0.2211132049560547,1.0,0.2211132049560547,0.2211132049560547,0.2211132049560547,0.0,-0.09400566667318344,0.5353529453277588,1.0,0.05654814839363098,1.0,0.0,0.0,0.05654814839363098,0.0,0.0,0.12498795986175537,0.0,0.4249879717826843,0.0,0.42498815059661865,0.42498815059661865,0.681850790977478,0.0,0.0,0.0,0.0,0.0,0.0,0.0,0.0,1.0,0.0,0.0691528245806694,0.29579535126686096,0.3864729702472687,0.3036171793937683,0.0,15.156888008117676,15.134181022644043,15.134181022644043,0.21555137634277344,0.19637933373451233,3.70020486473166e-10,0.0,0.0,4.433074474334717,4.433074474334717,3.150266408920288,3.150266408920288,0.8067476153373718,0.0,0.0,0.0,0.0,0.4249879717826843,0.0,0.42498815059661865,0.42498815059661865,0.681850790977478,0.0,3.150266408920288,3.150266408920288,3.150266408920288,3.147866725921631,0.5353529453277588,0.006251347716897726,0.0038093924522399902,1.0,0.5632309913635254,0.5692977905273438,0.5579425692558289,0.0,,,,,,,,,12.0,0.0,0.0,0.0,0.0,0.0,0.0,,,,,,,,,,,,,,,,,,,,,,0.001
35,5760,train,18.3253173828125,15.254454612731934,15.25826358795166,0.0,0.096605584025383,0.096605584025383,0.0,1.4274488687515259,9.999999747378752e-05,0.05000000074505806,0.009999999776482582,0.05000000074505806,0.0010000000474974513,0.0010000000474974513,1.0,0.07432273030281067,0.1263768970966339,0.0,0.0,0.0,0.0,0.0,0.0,0.0,0.0,0.23395344614982605,0.23395344614982605,1.0,0.23395344614982605,0.23395343124866486,0.23395343124866486,0.0,-0.08670469373464584,0.5131358504295349,1.0,0.07432273030281067,1.0,0.0,0.0,0.07432273030281067,0.0,0.0,0.1263768970966339,0.0,0.42637690901756287,0.0,0.42637714743614197,0.42637714743614197,0.6822666525840759,0.0,0.0,0.0,0.0,0.0,0.0,0.0,0.0,1.0,0.0,-0.004874596372246742,0.29316744208335876,0.4119618535041809,0.29531747102737427,0.0,15.25826358795166,15.254454612731934,15.254454612731934,0.2239927053451538,0.20770494639873505,-3.419643179736198e-10,0.0,0.0,4.432126998901367,4.432126998901367,3.3891077041625977,3.3891077041625977,0.8621517419815063,0.0,0.0,0.0,0.0,0.42637690901756287,0.0,0.4263771176338196,0.4263771176338196,0.6822666525840759,0.0,3.3891077041625977,3.3891077041625977,3.3891077041625977,3.2463817596435547,0.5131358504295349,0.006424102000892162,0.003929867409169674,1.0,0.5823259949684143,0.5966362953186035,0.583397388458252,0.0,,,,,,,,,12.0,0.0,0.0,0.0,0.0,0.0,0.0,,,,,,,,,,,,,,,,,,,,,,0.001
35,5780,train,17.91455841064453,14.911602973937988,14.920669555664062,0.0,0.08427020162343979,0.08427020162343979,0.0,1.3906413316726685,9.999999747378752e-05,0.05000000074505806,0.009999999776482582,0.05000000074505806,0.0010000000474974513,0.0010000000474974513,1.0,0.07021903991699219,0.1264641284942627,0.0,0.0,0.0,0.0,0.0,0.0,0.0,0.0,0.237881600856781,0.237881600856781,1.0,0.237881600856781,0.237881600856781,0.237881600856781,0.0,-0.0863584652543068,0.515007495880127,1.0,0.07021903991699219,1.0,0.0,0.0,0.07021903991699219,0.0,0.0,0.1264641284942627,0.0,0.42646414041519165,0.0,0.4264642000198364,0.4264642000198364,0.6822928786277771,0.0,0.0,0.0,0.0,0.0,0.0,0.0,0.0,1.0,0.0,0.021096713840961456,0.2989884316921234,0.4112687408924103,0.3017466962337494,0.0,14.920669555664062,14.911602973937988,14.911602973937988,0.19033080339431763,0.16640548408031464,-1.2231476942403674e-10,0.0,0.0,4.41306209564209,4.41306209564209,3.3657119274139404,3.3657119274139404,0.7120984196662903,0.0,0.0,0.0,0.0,0.42646414041519165,0.0,0.4264642000198364,0.4264642000198364,0.6822928786277771,0.0,3.3657116889953613,3.3657116889953613,3.3657119274139404,3.254737138748169,0.515007495880127,0.006238184403628111,0.003747199662029743,1.0,0.618297278881073,0.6087402701377869,0.6027727723121643,0.0,,,,,,,,,12.0,0.0,0.0,0.0,0.0,0.0,0.0,,,,,,,,,,,,,,,,,,,,,,0.001
35,5800,train,19.684993743896484,16.38753318786621,16.401111602783203,0.0,0.07994149625301361,0.07994149625301361,0.0,1.2609994411468506,9.999999747378752e-05,0.05000000074505806,0.009999999776482582,0.05000000074505806,0.0010000000474974513,0.0010000000474974513,1.0,0.04849278926849365,0.1285807192325592,0.0,0.0,0.0,0.0,0.0,0.0,0.0,0.0,0.2156541496515274,0.2156541496515274,1.0,0.2156541496515274,0.2156541496515274,0.2156541496515274,0.0,-0.07930724322795868,0.4879249632358551,1.0,0.04849278926849365,1.0,0.0,0.0,0.04849278926849365,0.0,0.0,0.1285807192325592,0.0,0.42858070135116577,0.0,0.42858046293258667,0.42858046293258667,0.6829109191894531,0.0,0.0,0.0,0.0,0.0,0.0,0.0,0.0,1.0,0.0,0.01912684366106987,0.3031960427761078,0.3649083971977234,0.31235796213150024,0.0,16.401111602783203,16.38753318786621,16.38753318786621,0.23337626457214355,0.21282434463500977,3.215853694449322e-10,0.0,0.0,4.478433132171631,4.478433132171631,2.992959499359131,2.992959499359131,0.889824390411377,0.0,0.0,0.0,0.0,0.42858073115348816,0.0,0.4285804331302643,0.4285804331302643,0.6829109191894531,0.0,2.9929590225219727,2.9929592609405518,2.992959499359131,3.03670597076416,0.4879249632358551,0.005928489379584789,0.0035349351819604635,1.0,0.5131891965866089,0.5151475667953491,0.5531508326530457,0.0,,,,,,,,,12.0,0.0,0.0,0.0,0.0,0.0,0.0,,,,,,,,,,,,,,,,,,,,,,0.001
35,5820,train,18.867507934570312,15.70522403717041,15.723855018615723,0.0,0.08019116520881653,0.08019116520881653,0.0,1.2792972326278687,9.999999747378752e-05,0.05000000074505806,0.009999999776482582,0.05000000074505806,0.0010000000474974513,0.0010000000474974513,1.0,0.05324273556470871,0.1283886730670929,0.0,0.0,0.0,0.0,0.0,0.0,0.0,0.0,0.21990567445755005,0.21990567445755005,1.0,0.21990567445755005,0.21990568935871124,0.21990568935871124,0.0,-0.08225641399621964,0.4987817108631134,1.0,0.05324273556470871,1.0,0.0,0.0,0.05324273556470871,0.0,0.0,0.1283886730670929,0.0,0.42838868498802185,0.0,0.428388774394989,0.428388774394989,0.6828551292419434,0.0,0.0,0.0,0.0,0.0,0.0,0.0,0.0,1.0,0.0,0.03287026286125183,0.28815895318984985,0.38186365365982056,0.3167281746864319,0.0,15.723855018615723,15.70522403717041,15.70522403717041,0.23164021968841553,0.21669821441173553,-6.114949518964963e-11,0.0,0.0,4.295054912567139,4.295054912567139,3.14070200920105,3.14070200920105,0.8426162004470825,0.0,0.0,0.0,0.0,0.42838868498802185,0.0,0.428388774394989,0.428388774394989,0.6828551292419434,0.0,3.14070200920105,3.14070200920105,3.14070200920105,3.0631887912750244,0.4987817108631134,0.006073384545743465,0.0036707741674035788,1.0,0.5716837644577026,0.5617743730545044,0.5601556301116943,0.0,,,,,,,,,12.0,0.0,0.0,0.0,0.0,0.0,0.0,,,,,,,,,,,,,,,,,,,,,,0.001
35,5840,train,18.077272415161133,15.050798416137695,15.036982536315918,0.0,0.09409365057945251,0.09409365057945251,0.0,1.3253073692321777,9.999999747378752e-05,0.05000000074505806,0.009999999776482582,0.05000000074505806,0.0010000000474974513,0.0010000000474974513,1.0,0.08989231288433075,0.12759080529212952,0.0,0.0,0.0,0.0,0.0,0.0,0.0,0.0,0.23371733725070953,0.23371733725070953,1.0,0.23371733725070953,0.23371733725070953,0.23371733725070953,0.0,-0.08618330210447311,0.5139679908752441,1.0,0.08989231288433075,1.0,0.0,0.0,0.08989231288433075,0.0,0.0,0.12759080529212952,0.0,0.4275907874107361,0.0,0.42759057879447937,0.42759057879447937,0.6826245188713074,0.0,0.0,0.0,0.0,0.0,0.0,0.0,0.0,1.0,0.0,-0.02161463536322117,0.2926199436187744,0.39577651023864746,0.3130830228328705,0.0,15.036982536315918,15.050798416137695,15.050798416137695,0.19921648502349854,0.1815817952156067,-3.758169331291583e-10,0.0,0.0,4.475908279418945,4.475908279418945,3.242647886276245,3.242647886276245,0.7719804644584656,0.0,0.0,0.0,0.0,0.42759081721305847,0.0,0.42759057879447937,0.42759057879447937,0.6826245188713074,0.0,3.242647886276245,3.242647886276245,3.242647886276245,3.209756374359131,0.5139679908752441,0.006175049114972353,0.0037278339732438326,1.0,0.6157548427581787,0.6127506494522095,0.6134522557258606,0.0,,,,,,,,,12.0,0.0,0.0,0.0,0.0,0.0,0.0,,,,,,,,,,,,,,,,,,,,,,0.001
35,5845,train_epoch,18.78087114573953,15.634679919945265,15.639155593460906,0.0,0.08904977446187756,0.08904977446187756,0.0,1.3200609241417067,9.999999747378752e-05,0.05000000074505806,0.009999999776482582,0.05000000074505806,0.0010000000474974513,0.0010000000474974513,1.0,0.06486967710142363,0.1270158044592349,0.0,0.0,0.0,0.0,0.0,0.0,0.0,0.0,0.22639830651397477,0.22639830651397477,1.0,0.22639830651397477,0.2263983066032033,0.2263983066032033,0.0,-0.08724384094605189,0.5143364294917284,1.0,0.06486967710142363,1.0,0.0,0.0,0.06486967710142363,0.0,0.0,0.1270158044592349,0.0,0.4270158167370779,0.0,0.4270157958576065,0.4270157958576065,0.6824521768592788,0.0,0.0,0.0,0.0,0.0,0.0,0.0,0.0,1.0,0.0,0.01921881547979843,0.29203943506686275,0.38676011026976354,0.3092256927204703,0.0,15.639155593460906,15.634679919945265,15.634679919945265,0.2168350250956541,0.19778265772822373,2.9290317117947682e-12,0.0,0.0,4.429436543744481,4.429436543744481,3.1681752347660637,3.1681752347660637,0.8263671737231181,0.0,0.0,0.0,0.0,0.4270158163801639,0.0,0.4270157849717283,0.4270157849717283,0.6824521768592788,0.0,3.1681751648109118,3.1681751562449745,3.1681752347660637,3.1510604327310343,0.5143364294917284,0.0061652269995141175,0.0037261950532476345,1.0,0.571854143799422,0.5718116435462129,0.5719005119300888,0.0,,,,,,,,,12.0,0.0,0.0,0.0,0.0,0.0,0.0,,,,,,,,,,,,,,,,,,,,,,0.001
35,5845,val,,,,,,,,,,,,,,,,,,,,,,,,,,,,,,,,,,,,,,,,,,,,,,,,,,,,,,,,,,,,,,,,,,,,,,,,,,,,,,,,,,,,,,,,,,,,,,,,,,,,,,,,,,,,,,,,,,,15.785295486450195,650.656982421875,25.507978799228194,0.1183314099907875,0.06758279353380203,14.82852554321289,23.567342164512713,0.11474742740392685,0.0635465532541275,15.825237274169922,25.57203582261845,0.1207563728094101,0.06776110827922821,17.47112274169922,28.29538558166055,0.1324291229248047,0.0746915191411972,15.785295486450195,25.507978799228194,0.1183314099907875,0.06758279353380203,0.001
35,5845,test_select,,,,,,,,,,,,,,,,,,,,,,,,,,,,,,,,,,,,,,,,,,,,,,,,,,,,,,,,,,,,,,,,,,,,,,,,,,,,,,,,,,,,,,,,,,,,,,,,,,,,,,,,,,,,,,,,,,,24.765148162841797,1684.9427490234375,41.04805414417884,0.1396423727273941,0.10057166963815689,19.40114402770996,30.89059733812621,0.11368971318006516,0.07877132296562195,24.37046241760254,39.56898211608589,0.134739488363266,0.0989636555314064,32.89592742919922,53.31674724802119,0.18612709641456604,0.13364315032958984,24.765148162841797,41.04805414417884,0.1396423727273941,0.10057166963815689,0.001
36,5860,train,18.610580444335938,15.491777420043945,15.500069618225098,0.0,0.0943574532866478,0.0943574532866478,0.0,1.3138481378555298,9.999999747378752e-05,0.05000000074505806,0.009999999776482582,0.05000000074505806,0.0010000000474974513,0.0010000000474974513,1.0,0.07566887885332108,0.12683835625648499,0.0,0.0,0.0,0.0,0.0,0.0,0.0,0.0,0.22894588112831116,0.22894588112831116,1.0,0.22894588112831116,0.22894588112831116,0.22894588112831116,0.0,-0.08884596079587936,0.5223178267478943,1.0,0.07566887885332108,1.0,0.0,0.0,0.07566887885332108,0.0,0.0,0.12683835625648499,0.0,0.42683836817741394,0.0,0.42683860659599304,0.42683860659599304,0.682403564453125,0.0,0.0,0.0,0.0,0.0,0.0,0.0,0.0,1.0,0.0,0.021883927285671234,0.29363059997558594,0.3863532841205597,0.3113228678703308,0.0,15.500069618225098,15.491777420043945,15.491777420043945,0.2192200869321823,0.1984114795923233,1.751063599675362e-10,0.0,0.0,4.397111415863037,4.397111415863037,3.1599695682525635,3.1599695682525635,0.8349241614341736,0.0,0.0,0.0,0.0,0.42683836817741394,0.0,0.42683860659599304,0.42683860659599304,0.682403564453125,0.0,3.1599695682525635,3.1599695682525635,3.1599695682525635,3.167325496673584,0.5223178267478943,0.006157873664051294,0.003712821751832962,1.0,0.5914872884750366,0.5845165252685547,0.6003934741020203,0.0,,,,,,,,,12.0,0.0,0.0,0.0,0.0,0.0,0.0,,,,,,,,,,,,,,,,,,,,,,0.001
36,5880,train,19.03860855102539,15.847217559814453,15.858268737792969,0.0,0.09146904945373535,0.09146904945373535,0.0,1.3718429803848267,9.999999747378752e-05,0.05000000074505806,0.009999999776482582,0.05000000074505806,0.0010000000474974513,0.0010000000474974513,1.0,0.10112661123275757,0.12867659330368042,0.0,0.0,0.0,0.0,0.0,0.0,0.0,0.0,0.24661312997341156,0.24661312997341156,1.0,0.24661312997341156,0.24661312997341156,0.24661312997341156,0.0,-0.081565260887146,0.49432572722435,1.0,0.10112661123275757,1.0,0.0,0.0,0.10112661123275757,0.0,0.0,0.12867659330368042,0.0,0.428676575422287,0.0,0.42867642641067505,0.42867642641067505,0.6829379796981812,0.0,0.0,0.0,0.0,0.0,0.0,0.0,0.0,1.0,0.0,0.04868629574775696,0.2860627770423889,0.40033045411109924,0.30402642488479614,0.0,15.858268737792969,15.847217559814453,15.847217559814453,0.21673135459423065,0.20162472128868103,2.7952523629082293e-10,0.0,0.0,4.552620887756348,4.552620887756348,3.272141933441162,3.272141933441162,0.8460659384727478,0.0,0.0,0.0,0.0,0.4286766052246094,0.0,0.42867639660835266,0.42867639660835266,0.6829379796981812,0.0,3.272141933441162,3.272141933441162,3.272141933441162,3.3254640102386475,0.49432572722435,0.006259034853428602,0.0038511597085744143,1.0,0.5921506881713867,0.5903182029724121,0.5780272483825684,0.0,,,,,,,,,12.0,0.0,0.0,0.0,0.0,0.0,0.0,,,,,,,,,,,,,,,,,,,,,,0.001
36,5900,train,17.911649703979492,14.91173267364502,14.914789199829102,0.0,0.07855037599802017,0.07855037599802017,0.0,1.2175947427749634,9.999999747378752e-05,0.05000000074505806,0.009999999776482582,0.05000000074505806,0.0010000000474974513,0.0010000000474974513,1.0,0.045228324830532074,0.13031169772148132,0.0,0.0,0.0,0.0,0.0,0.0,0.0,0.0,0.21221449971199036,0.21221449971199036,1.0,0.21221449971199036,0.21221451461315155,0.21221451461315155,0.0,-0.07769690454006195,0.4798259437084198,1.0,0.045228324830532074,1.0,0.0,0.0,0.045228324830532074,0.0,0.0,0.13031169772148132,0.0,0.4303116798400879,0.0,0.4303118586540222,0.4303118586540222,0.6834028959274292,0.0,0.0,0.0,0.0,0.0,0.0,0.0,0.0,1.0,0.0,0.016438115388154984,0.2983660101890564,0.35964369773864746,0.3215477764606476,0.0,14.914789199829102,14.91173267364502,14.91173267364502,0.2116628736257553,0.1896173357963562,-2.2103156804842428e-10,0.0,0.0,4.505046844482422,4.505046844482422,2.951470375061035,2.951470375061035,0.8381547927856445,0.0,0.0,0.0,0.0,0.4303117096424103,0.0,0.4303118586540222,0.4303118586540222,0.6834028959274292,0.0,2.951470375061035,2.951470375061035,2.951470375061035,2.982403039932251,0.4798259437084198,0.005904436111450195,0.003585663391277194,1.0,0.5689574480056763,0.5460374355316162,0.5662721395492554,0.0,,,,,,,,,12.0,0.0,0.0,0.0,0.0,0.0,0.0,,,,,,,,,,,,,,,,,,,,,,0.001
36,5920,train,18.044031143188477,15.022468566894531,15.018892288208008,0.0,0.0939159095287323,0.0939159095287323,0.0,1.3383495807647705,9.999999747378752e-05,0.05000000074505806,0.009999999776482582,0.05000000074505806,0.0010000000474974513,0.0010000000474974513,1.0,0.07537779211997986,0.12899470329284668,0.0,0.0,0.0,0.0,0.0,0.0,0.0,0.0,0.2124837338924408,0.2124837338924408,1.0,0.2124837338924408,0.2124837338924408,0.2124837338924408,0.0,-0.08498097211122513,0.5047761797904968,1.0,0.07537779211997986,1.0,0.0,0.0,0.07537779211997986,0.0,0.0,0.12899470329284668,0.0,0.42899471521377563,0.0,0.4289945065975189,0.4289945065975189,0.683029294013977,0.0,0.0,0.0,0.0,0.0,0.0,0.0,0.0,1.0,0.0,-0.018832024186849594,0.29092395305633545,0.3867270052433014,0.30464911460876465,0.0,15.018892288208008,15.022468566894531,15.022468566894531,0.19961205124855042,0.18081854283809662,2.6958640875207607e-10,0.0,0.0,4.280010223388672,4.280010223388672,3.1816980838775635,3.1816980838775635,0.7032183408737183,0.0,0.0,0.0,0.0,0.42899471521377563,0.0,0.42899447679519653,0.42899447679519653,0.683029294013977,0.0,3.1816980838775635,3.1816980838775635,3.1816980838775635,3.035877227783203,0.5047761797904968,0.006177620496600866,0.0037851810920983553,1.0,0.5339335203170776,0.558178722858429,0.5579880475997925,0.0,,,,,,,,,12.0,0.0,0.0,0.0,0.0,0.0,0.0,,,,,,,,,,,,,,,,,,,,,,0.001
36,5940,train,20.414142608642578,16.998334884643555,16.99100112915039,0.0,0.08033659309148788,0.08033659309148788,0.0,1.2603437900543213,9.999999747378752e-05,0.05000000074505806,0.009999999776482582,0.05000000074505806,0.0010000000474974513,0.0010000000474974513,1.0,0.058688290417194366,0.12754571437835693,0.0,0.0,0.0,0.0,0.0,0.0,0.0,0.0,0.22128205001354218,0.22128205001354218,1.0,0.22128205001354218,0.22128205001354218,0.22128205001354218,0.0,-0.09017159789800644,0.5243567824363708,1.0,0.058688290417194366,1.0,0.0,0.0,0.058688290417194366,0.0,0.0,0.12754571437835693,0.0,0.4275457262992859,0.0,0.4275459945201874,0.4275459945201874,0.6826108694076538,0.0,0.0,0.0,0.0,0.0,0.0,0.0,0.0,1.0,0.0,0.0013721638824790716,0.29172638058662415,0.36410534381866455,0.313083678483963,0.0,16.99100112915039,16.998334884643555,16.998334884643555,0.23430225253105164,0.2160380631685257,-3.7198482141787e-12,0.0,0.0,4.485686779022217,4.485686779022217,2.955685615539551,2.955685615539551,0.9340506196022034,0.0,0.0,0.0,0.0,0.4275457262992859,0.0,0.4275459945201874,0.4275459945201874,0.6826108694076538,0.0,2.955685615539551,2.9556853771209717,2.955685615539551,3.1800343990325928,0.5243567824363708,0.005827504210174084,0.0035755031276494265,1.0,0.5507813692092896,0.5734777450561523,0.5723819136619568,0.0,,,,,,,,,12.0,0.0,0.0,0.0,0.0,0.0,0.0,,,,,,,,,,,,,,,,,,,,,,0.001
36,5960,train,18.662988662719727,15.539044380187988,15.535225868225098,0.0,0.09032178670167923,0.09032178670167923,0.0,1.201352596282959,9.999999747378752e-05,0.05000000074505806,0.009999999776482582,0.05000000074505806,0.0010000000474974513,0.0010000000474974513,1.0,0.04089825600385666,0.13040706515312195,0.0,0.0,0.0,0.0,0.0,0.0,0.0,0.0,0.20152047276496887,0.20152047276496887,1.0,0.20152047276496887,0.20152047276496887,0.20152047276496887,0.0,-0.07934359461069107,0.4787497818470001,1.0,0.04089825600385666,1.0,0.0,0.0,0.04089825600385666,0.0,0.0,0.13040706515312195,0.0,0.4304071068763733,0.0,0.4304072856903076,0.4304072856903076,0.6834296584129333,0.0,0.0,0.0,0.0,0.0,0.0,0.0,0.0,1.0,0.0,0.012320670299232006,0.2963850498199463,0.3526608645915985,0.32199230790138245,0.0,15.535225868225098,15.539044380187988,15.539044380187988,0.22981125116348267,0.20953817665576935,-9.836283697273185e-12,0.0,0.0,4.360160827636719,4.360160827636719,2.8942477703094482,2.8942477703094482,0.8673833608627319,0.0,0.0,0.0,0.0,0.4304070770740509,0.0,0.4304072856903076,0.4304072856903076,0.6834296584129333,0.0,2.8942477703094482,2.8942477703094482,2.8942477703094482,2.8949968814849854,0.4787497818470001,0.005832694936543703,0.0035832945723086596,1.0,0.503878653049469,0.525659441947937,0.5441110730171204,0.0,,,,,,,,,12.0,0.0,0.0,0.0,0.0,0.0,0.0,,,,,,,,,,,,,,,,,,,,,,0.001
36,5980,train,18.426788330078125,15.340850830078125,15.34050178527832,0.0,0.10225868225097656,0.10225868225097656,0.0,1.29319429397583,9.999999747378752e-05,0.05000000074505806,0.009999999776482582,0.05000000074505806,0.0010000000474974513,0.0010000000474974513,1.0,0.047500789165496826,0.13251805305480957,0.0,0.0,0.0,0.0,0.0,0.0,0.0,0.0,0.20690730214118958,0.20690730214118958,1.0,0.20690730214118958,0.20690730214118958,0.20690730214118958,0.0,-0.07422898709774017,0.452921062707901,1.0,0.047500789165496826,1.0,0.0,0.0,0.047500789165496826,0.0,0.0,0.13251805305480957,0.0,0.4325180649757385,0.0,0.4325181841850281,0.4325181841850281,0.6840120553970337,0.0,0.0,0.0,0.0,0.0,0.0,0.0,0.0,1.0,0.0,0.009038398042321205,0.3056613802909851,0.3710319995880127,0.3080226480960846,0.0,15.34050178527832,15.340850830078125,15.340850830078125,0.23474615812301636,0.21639136970043182,-2.366333518022401e-10,0.0,0.0,4.520017147064209,4.520017147064209,3.0551414489746094,3.0551414489746094,0.9252326488494873,0.0,0.0,0.0,0.0,0.4325180649757385,0.0,0.4325181841850281,0.4325181841850281,0.6840120553970337,0.0,3.0551414489746094,3.0551414489746094,3.0551414489746094,2.949798822402954,0.452921062707901,0.0060411361046135426,0.0037549776025116444,1.0,0.5262830257415771,0.5347038507461548,0.5410522818565369,0.0,,,,,,,,,12.0,0.0,0.0,0.0,0.0,0.0,0.0,,,,,,,,,,,,,,,,,,,,,,0.001
36,6000,train,17.854890823364258,14.865455627441406,14.855978012084961,0.0,0.09336384385824203,0.09336384385824203,0.0,1.2657079696655273,9.999999747378752e-05,0.05000000074505806,0.009999999776482582,0.05000000074505806,0.0010000000474974513,0.0010000000474974513,1.0,0.06142581254243851,0.13528934121131897,0.0,0.0,0.0,0.0,0.0,0.0,0.0,0.0,0.22084926068782806,0.22084926068782806,1.0,0.22084926068782806,0.22084926068782806,0.22084926068782806,0.0,-0.06867087632417679,0.42261332273483276,1.0,0.06142581254243851,1.0,0.0,0.0,0.06142581254243851,0.0,0.0,0.13528934121131897,0.0,0.4352893531322479,0.0,0.4352892339229584,0.4352892339229584,0.6847492456436157,0.0,0.0,0.0,0.0,0.0,0.0,0.0,0.0,1.0,0.0,0.01369404699653387,0.29833826422691345,0.3704212009906769,0.31623199582099915,0.0,14.855978012084961,14.865455627441406,14.865455627441406,0.21663132309913635,0.19660399854183197,7.043220173752474e-11,0.0,0.0,4.320329666137695,4.320329666137695,3.045734167098999,3.045734167098999,0.7964155673980713,0.0,0.0,0.0,0.0,0.4352893531322479,0.0,0.435289204120636,0.435289204120636,0.6847492456436157,0.0,3.045733690261841,3.045734167098999,3.045734167098999,3.0140371322631836,0.42261332273483276,0.006079826969653368,0.0038032573647797108,1.0,0.523504376411438,0.5568145513534546,0.5559383034706116,0.0,,,,,,,,,12.0,0.0,0.0,0.0,0.0,0.0,0.0,,,,,,,,,,,,,,,,,,,,,,0.001
36,6012,train_epoch,18.692101164492303,15.560930640397672,15.565060518458932,0.0,0.08961202690522828,0.08961202690522828,0.0,1.3045797840563838,9.999999747378752e-05,0.05000000074505806,0.009999999776482582,0.05000000074505806,0.0010000000474974513,0.0010000000474974513,1.0,0.06485596290248596,0.13003274905467463,0.0,0.0,0.0,0.0,0.0,0.0,0.0,0.0,0.22254205017746564,0.22254205017746564,1.0,0.22254205017746564,0.22254205017746564,0.22254205017746564,0.0,-0.08091758436963943,0.48557927026720105,1.0,0.06485596290248596,1.0,0.0,0.0,0.06485596290248596,0.0,0.0,0.13003274905467463,0.0,0.4300327624032597,0.0,0.4300327672215993,0.4300327672215993,0.6833109780699907,0.0,0.0,0.0,0.0,0.0,0.0,0.0,0.0,1.0,0.0,0.01764006367697667,0.2921897337108315,0.3802442475707231,0.3098836045065326,0.0,15.565060518458932,15.560930640397672,15.560930640397672,0.22103575701842051,0.20190841548457117,3.926173375621482e-11,0.0,0.0,4.398066934711205,4.398066934711205,3.1229109164483533,3.1229109164483533,0.8403990564945929,0.0,0.0,0.0,0.0,0.43003276097560356,0.0,0.43003275580035,0.43003275580035,0.6833109780699907,0.0,3.1229108307889835,3.1229108364996083,3.1229109164483533,3.1054688856273356,0.48557927026720105,0.0060810490907309295,0.003744455761259455,1.0,0.5667339384912731,0.5670971606305973,0.5671461784911013,0.0,,,,,,,,,12.0,0.0,0.0,0.0,0.0,0.0,0.0,,,,,,,,,,,,,,,,,,,,,,0.001
36,6012,val,,,,,,,,,,,,,,,,,,,,,,,,,,,,,,,,,,,,,,,,,,,,,,,,,,,,,,,,,,,,,,,,,,,,,,,,,,,,,,,,,,,,,,,,,,,,,,,,,,,,,,,,,,,,,,,,,,,15.585908889770508,641.0206298828125,25.318385214756738,0.10852300375699997,0.06672914326190948,14.571873664855957,23.353171207969808,0.1024002879858017,0.062446705996990204,15.618310928344727,25.351976595231314,0.10580192506313324,0.06687508523464203,17.458261489868164,28.356277809524606,0.12481655180454254,0.0746365338563919,15.585908889770508,25.318385214756738,0.10852300375699997,0.06672914326190948,0.001
36,6012,test_select,,,,,,,,,,,,,,,,,,,,,,,,,,,,,,,,,,,,,,,,,,,,,,,,,,,,,,,,,,,,,,,,,,,,,,,,,,,,,,,,,,,,,,,,,,,,,,,,,,,,,,,,,,,,,,,,,,,24.49425506591797,1650.533447265625,40.62675777447205,0.137636199593544,0.0994715690612793,19.229232788085938,30.939976818468107,0.10651332885026932,0.07807331532239914,24.264490127563477,39.605670438200825,0.13334530591964722,0.09853333234786987,31.840770721435547,51.36258593932942,0.18276388943195343,0.12935645878314972,24.49425506591797,40.62675777447205,0.137636199593544,0.0994715690612793,0.001
37,6020,train,18.46375846862793,15.370491981506348,15.370375633239746,0.0,0.09935516119003296,0.09935516119003296,0.0,1.377373218536377,9.999999747378752e-05,0.05000000074505806,0.009999999776482582,0.05000000074505806,0.0010000000474974513,0.0010000000474974513,1.0,0.05651908740401268,0.1339586079120636,0.0,0.0,0.0,0.0,0.0,0.0,0.0,0.0,0.23157720267772675,0.23157720267772675,1.0,0.23157720267772675,0.23157720267772675,0.23157720267772675,0.0,-0.07807394862174988,0.4572373926639557,1.0,0.05651908740401268,1.0,0.0,0.0,0.05651908740401268,0.0,0.0,0.1339586079120636,0.0,0.43395864963531494,0.0,0.4339589476585388,0.4339589476585388,0.6843987107276917,0.0,0.0,0.0,0.0,0.0,0.0,0.0,0.0,1.0,0.0,0.008639729581773281,0.28650251030921936,0.39151325821876526,0.2983900010585785,0.0,15.370375633239746,15.370491981506348,15.370491981506348,0.2398729771375656,0.2242463082075119,2.2126073195849472e-10,0.0,0.0,4.25977087020874,4.25977087020874,3.223334789276123,3.223334789276123,0.8647560477256775,0.0,0.0,0.0,0.0,0.43395861983299255,0.0,0.4339589476585388,0.4339589476585388,0.6843987107276917,0.0,3.223334789276123,3.223334789276123,3.223334789276123,3.173227548599243,0.4572373926639557,0.006197973620146513,0.0039085885509848595,1.0,0.535027265548706,0.5533376932144165,0.5483790636062622,0.0,,,,,,,,,12.0,0.0,0.0,0.0,0.0,0.0,0.0,,,,,,,,,,,,,,,,,,,,,,0.001
37,6040,train,19.07436752319336,15.872893333435059,15.905509948730469,0.0,0.0853501632809639,0.0853501632809639,0.0,1.4222922325134277,9.999999747378752e-05,0.05000000074505806,0.009999999776482582,0.05000000074505806,0.0010000000474974513,0.0010000000474974513,1.0,0.08952079713344574,0.13373112678527832,0.0,0.0,0.0,0.0,0.0,0.0,0.0,0.0,0.26231899857521057,0.26231899857521057,1.0,0.26231899857521057,0.26231899857521057,0.26231899857521057,0.0,-0.08042196184396744,0.461069256067276,1.0,0.08952079713344574,1.0,0.0,0.0,0.08952079713344574,0.0,0.0,0.13373112678527832,0.0,0.4337311387062073,0.0,0.4337312579154968,0.4337312579154968,0.6843379139900208,0.0,0.0,0.0,0.0,0.0,0.0,0.0,0.0,1.0,0.0,0.06505905836820602,0.27247145771980286,0.40582937002182007,0.296517550945282,0.0,15.905509948730469,15.872893333435059,15.872893333435059,0.24025477468967438,0.22832585871219635,-4.3161388352253027e-10,0.0,0.0,4.0013837814331055,4.0013837814331055,3.328522205352783,3.328522205352783,0.8108541965484619,0.0,0.0,0.0,0.0,0.4337311387062073,0.0,0.4337312579154968,0.4337312579154968,0.6843379139900208,0.0,3.328522205352783,3.328522205352783,3.328522205352783,3.414537191390991,0.461069256067276,0.006391777656972408,0.004057629965245724,1.0,0.564280092716217,0.5678691864013672,0.5994538068771362,0.0,,,,,,,,,12.0,0.0,0.0,0.0,0.0,0.0,0.0,,,,,,,,,,,,,,,,,,,,,,0.001
37,6060,train,18.423328399658203,15.338830947875977,15.329034805297852,0.0,0.10682601481676102,0.10682601481676102,0.0,1.3651444911956787,9.999999747378752e-05,0.05000000074505806,0.009999999776482582,0.05000000074505806,0.0010000000474974513,0.0010000000474974513,1.0,0.07349874824285507,0.13471770286560059,0.0,0.0,0.0,0.0,0.0,0.0,0.0,0.0,0.21672336757183075,0.21672336757183075,1.0,0.21672336757183075,0.21672335267066956,0.21672335267066956,0.0,-0.07764002680778503,0.450082391500473,1.0,0.07349874824285507,1.0,0.0,0.0,0.07349874824285507,0.0,0.0,0.13471770286560059,0.0,0.43471771478652954,0.0,0.43471798300743103,0.43471798300743103,0.6845995783805847,0.0,0.0,0.0,0.0,0.0,0.0,0.0,0.0,1.0,0.0,-0.0017814944731071591,0.3007051348686218,0.38449978828430176,0.30129432678222656,0.0,15.329034805297852,15.338830947875977,15.338830947875977,0.22295281291007996,0.20799237489700317,-4.836569478250397e-10,0.0,0.0,4.4263787269592285,4.4263787269592285,3.173849105834961,3.173849105834961,0.8704227209091187,0.0,0.0,0.0,0.0,0.43471771478652954,0.0,0.43471798300743103,0.43471798300743103,0.6845995783805847,0.0,3.173849105834961,3.173849105834961,3.173849105834961,3.040196418762207,0.450082391500473,0.006085607688874006,0.003849487518891692,1.0,0.5227769613265991,0.5552036762237549,0.54662024974823,0.0,,,,,,,,,12.0,0.0,0.0,0.0,0.0,0.0,0.0,,,,,,,,,,,,,,,,,,,,,,0.001
37,6080,train,18.931493759155273,15.758413314819336,15.779973030090332,0.0,0.0808388963341713,0.0808388963341713,0.0,1.369925618171692,9.999999747378752e-05,0.05000000074505806,0.009999999776482582,0.05000000074505806,0.0010000000474974513,0.0010000000474974513,1.0,0.06519696861505508,0.13022342324256897,0.0,0.0,0.0,0.0,0.0,0.0,0.0,0.0,0.21185414493083954,0.21185414493083954,1.0,0.21185414493083954,0.21185413002967834,0.21185413002967834,0.0,-0.09376289695501328,0.5190196633338928,1.0,0.06519696861505508,1.0,0.0,0.0,0.06519696861505508,0.0,0.0,0.13022342324256897,0.0,0.43022340536117554,0.0,0.4302232265472412,0.4302232265472412,0.6833776831626892,0.0,0.0,0.0,0.0,0.0,0.0,0.0,0.0,1.0,0.0,0.03181315213441849,0.27952420711517334,0.3771243989467621,0.29803815484046936,0.0,15.779973030090332,15.758413314819336,15.758413314819336,0.21296587586402893,0.18463647365570068,5.212402176546505e-10,0.0,0.0,4.281387805938721,4.281387805938721,3.1060738563537598,3.1060738563537598,0.7751292586326599,0.0,0.0,0.0,0.0,0.4302234351634979,0.0,0.4302232265472412,0.4302232265472412,0.6833776831626892,0.0,3.1060738563537598,3.1060738563537598,3.1060738563537598,3.1444530487060547,0.5190196633338928,0.006026280578225851,0.0037606218829751015,1.0,0.573718786239624,0.5739445686340332,0.5778412818908691,0.0,,,,,,,,,12.0,0.0,0.0,0.0,0.0,0.0,0.0,,,,,,,,,,,,,,,,,,,,,,0.001
37,6100,train,19.37042236328125,16.125423431396484,16.142765045166016,0.0,0.07728923857212067,0.07728923857212067,0.0,1.3565700054168701,9.999999747378752e-05,0.05000000074505806,0.009999999776482582,0.05000000074505806,0.0010000000474974513,0.0010000000474974513,1.0,0.07234863936901093,0.13073846697807312,0.0,0.0,0.0,0.0,0.0,0.0,0.0,0.0,0.2040020078420639,0.2040020078420639,1.0,0.2040020078420639,0.2040020078420639,0.2040020078420639,0.0,-0.08981431275606155,0.499515563249588,1.0,0.07234863936901093,1.0,0.0,0.0,0.07234863936901093,0.0,0.0,0.13073846697807312,0.0,0.4307384490966797,0.0,0.4307383894920349,0.4307383894920349,0.6835216283798218,0.0,0.0,0.0,0.0,0.0,0.0,0.0,0.0,1.0,0.0,0.058193083852529526,0.2693597376346588,0.3736388087272644,0.29647892713546753,0.0,16.142765045166016,16.125423431396484,16.125423431396484,0.23879684507846832,0.22401940822601318,-3.0088131985905875e-10,0.0,0.0,4.221298694610596,4.2212982177734375,3.0837323665618896,3.0837323665618896,0.8553265929222107,0.0,0.0,0.0,0.0,0.4307384788990021,0.0,0.4307383894920349,0.4307383894920349,0.6835216283798218,0.0,3.0837323665618896,3.0837323665618896,3.0837323665618896,3.0576236248016357,0.499515563249588,0.006051419302821159,0.003798397956416011,1.0,0.5375779867172241,0.5545403957366943,0.5421839952468872,0.0,,,,,,,,,12.0,0.0,0.0,0.0,0.0,0.0,0.0,,,,,,,,,,,,,,,,,,,,,,0.001
37,6120,train,18.632814407348633,15.510065078735352,15.517134666442871,0.0,0.09123779088258743,0.09123779088258743,0.0,1.3917449712753296,9.999999747378752e-05,0.05000000074505806,0.009999999776482582,0.05000000074505806,0.0010000000474974513,0.0010000000474974513,1.0,0.05440574884414673,0.1337711215019226,0.0,0.0,0.0,0.0,0.0,0.0,0.0,0.0,0.24054594337940216,0.24054594337940216,1.0,0.24054594337940216,0.24054594337940216,0.24054594337940216,0.0,-0.07819872349500656,0.45431700348854065,1.0,0.05440574884414673,1.0,0.0,0.0,0.05440574884414673,0.0,0.0,0.1337711215019226,0.0,0.43377113342285156,0.0,0.4337709844112396,0.4337709844112396,0.6843489408493042,0.0,0.0,0.0,0.0,0.0,0.0,0.0,0.0,1.0,0.0,0.0466240718960762,0.28378620743751526,0.39179253578186035,0.2966902554035187,0.0,15.517134666442871,15.510065078735352,15.510065078735352,0.23155415058135986,0.2072664201259613,7.54659168489269e-10,0.0,0.0,4.213805675506592,4.213805675506592,3.2389938831329346,3.2389938831329346,0.839275598526001,0.0,0.0,0.0,0.0,0.43377113342285156,0.0,0.43377095460891724,0.43377095460891724,0.6843489408493042,0.0,3.2389936447143555,3.2389938831329346,3.2389938831329346,3.238734483718872,0.45431700348854065,0.006231395062059164,0.004010433331131935,1.0,0.6012475490570068,0.5698568224906921,0.5808957815170288,0.0,,,,,,,,,12.0,0.0,0.0,0.0,0.0,0.0,0.0,,,,,,,,,,,,,,,,,,,,,,0.001
37,6140,train,18.63186264038086,15.5142183303833,15.498724937438965,0.0,0.09936615079641342,0.09936615079641342,0.0,1.2372244596481323,9.999999747378752e-05,0.05000000074505806,0.009999999776482582,0.05000000074505806,0.0010000000474974513,0.0010000000474974513,1.0,0.08041559159755707,0.13512393832206726,0.0,0.0,0.0,0.0,0.0,0.0,0.0,0.0,0.20983345806598663,0.20983345806598663,1.0,0.20983345806598663,0.20983345806598663,0.20983345806598663,0.0,-0.07524357736110687,0.4422798454761505,1.0,0.08041559159755707,1.0,0.0,0.0,0.08041559159755707,0.0,0.0,0.13512393832206726,0.0,0.4351239800453186,0.0,0.4351242184638977,0.4351242184638977,0.6847052574157715,0.0,0.0,0.0,0.0,0.0,0.0,0.0,0.0,1.0,0.0,-0.02716994471848011,0.2988261878490448,0.35528889298439026,0.3169979453086853,0.0,15.498724937438965,15.5142183303833,15.5142183303833,0.22348478436470032,0.2045406550168991,-5.538622338541188e-10,0.0,0.0,4.388602256774902,4.388602256774902,2.9296703338623047,2.9296703338623047,0.8559575080871582,0.0,0.0,0.0,0.0,0.4351239502429962,0.0,0.4351241886615753,0.4351241886615753,0.6847052574157715,0.0,2.9296703338623047,2.9296703338623047,2.9296703338623047,2.9558796882629395,0.4422798454761505,0.005787583999335766,0.003641006536781788,1.0,0.5395615696907043,0.5506834387779236,0.5852786898612976,0.0,,,,,,,,,12.0,0.0,0.0,0.0,0.0,0.0,0.0,,,,,,,,,,,,,,,,,,,,,,0.001
37,6160,train,19.517709732055664,16.2451229095459,16.269638061523438,0.0,0.10109951347112656,0.10109951347112656,0.0,1.258310079574585,9.999999747378752e-05,0.05000000074505806,0.009999999776482582,0.05000000074505806,0.0010000000474974513,0.0010000000474974513,1.0,0.07908695936203003,0.13651254773139954,0.0,0.0,0.0,0.0,0.0,0.0,0.0,0.0,0.22106076776981354,0.22106076776981354,1.0,0.22106076776981354,0.22106076776981354,0.22106076776981354,0.0,-0.07261815667152405,0.4323267936706543,1.0,0.07908695936203003,1.0,0.0,0.0,0.07908695936203003,0.0,0.0,0.13651254773139954,0.0,0.4365125596523285,0.0,0.43651288747787476,0.43651288747787476,0.6850637793540955,0.0,0.0,0.0,0.0,0.0,0.0,0.0,0.0,1.0,0.0,0.024476991966366768,0.3003312647342682,0.36665135622024536,0.31590843200683594,0.0,16.269638061523438,16.2451229095459,16.2451229095459,0.24062204360961914,0.22550174593925476,5.143817038977261e-10,0.0,0.0,4.346719264984131,4.346719264984131,3.0438649654388428,3.0438649654388428,0.8834049105644226,0.0,0.0,0.0,0.0,0.4365125596523285,0.0,0.43651288747787476,0.43651288747787476,0.6850637793540955,0.0,3.0438649654388428,3.0438649654388428,3.0438649654388428,3.0257318019866943,0.4323267936706543,0.0058599552139639854,0.0037182450760155916,1.0,0.5749368667602539,0.5445229411125183,0.5548174381256104,0.0,,,,,,,,,12.0,0.0,0.0,0.0,0.0,0.0,0.0,,,,,,,,,,,,,,,,,,,,,,0.001
37,6179,train_epoch,18.71396743180509,15.579523634767819,15.583616633615094,0.0,0.08962981269031228,0.08962981269031228,0.0,1.3194816862037795,9.999999747378752e-05,0.05000000074505806,0.009999999776482582,0.05000000074505806,0.0010000000474974513,0.0010000000474974513,1.0,0.06424497023314059,0.13373807411707803,0.0,0.0,0.0,0.0,0.0,0.0,0.0,0.0,0.21515095242840088,0.21515095242840088,1.0,0.21515095242840088,0.21515095314222896,0.21515095314222896,0.0,-0.08048228700896223,0.46356927616867477,1.0,0.06424497023314059,1.0,0.0,0.0,0.06424497023314059,0.0,0.0,0.13373807411707803,0.0,0.43373808496726485,0.0,0.43373804856203274,0.43373804856203274,0.684331194369379,0.0,0.0,0.0,0.0,0.0,0.0,0.0,0.0,1.0,0.0,0.01706168237564009,0.2918169459183059,0.3732452092770331,0.3058684163107843,0.0,15.583616633615094,15.579523634767819,15.579523634767819,0.2238680968384543,0.20508230214347384,9.90292087017154e-12,0.0,0.0,4.361875559755428,4.361875534057617,3.074385256110551,3.074385256110551,0.8432557779157946,0.0,0.0,0.0,0.0,0.433738086038007,0.0,0.43373803696232643,0.43373803696232643,0.684331194369379,0.0,3.074385150463995,3.0743851704511815,3.074385256110551,3.0565024064686486,0.46356927616867477,0.005992840113910194,0.003780628674423802,1.0,0.559470525401795,0.559375286459209,0.5594504464886145,0.0,,,,,,,,,12.0,0.0,0.0,0.0,0.0,0.0,0.0,,,,,,,,,,,,,,,,,,,,,,0.001
37,6179,val,,,,,,,,,,,,,,,,,,,,,,,,,,,,,,,,,,,,,,,,,,,,,,,,,,,,,,,,,,,,,,,,,,,,,,,,,,,,,,,,,,,,,,,,,,,,,,,,,,,,,,,,,,,,,,,,,,,15.433754920959473,626.0950927734375,25.021892270039,0.12864398956298828,0.06607770919799805,14.21130657196045,23.00835897059004,0.10350722819566727,0.060901518911123276,15.366594314575195,24.95771081452709,0.12419453263282776,0.06579727679491043,17.422731399536133,27.980178356461114,0.16470885276794434,0.07448464632034302,15.433754920959473,25.021892270039,0.12864398956298828,0.06607770919799805,0.001
37,6179,test_select,,,,,,,,,,,,,,,,,,,,,,,,,,,,,,,,,,,,,,,,,,,,,,,,,,,,,,,,,,,,,,,,,,,,,,,,,,,,,,,,,,,,,,,,,,,,,,,,,,,,,,,,,,,,,,,,,,,24.813282012939453,1652.520263671875,40.65120248740343,0.16190406680107117,0.10076714307069778,19.457386016845703,31.274838761387425,0.11916612088680267,0.07899966090917587,24.61780548095703,39.7316806253209,0.15682727098464966,0.0999680832028389,32.55022430419922,51.68017112868944,0.22254374623298645,0.13223868608474731,24.813282012939453,40.65120248740343,0.16190406680107117,0.10076714307069778,0.001
38,6180,train,18.740819931030273,15.601137161254883,15.606508255004883,0.0,0.09280992299318314,0.09280992299318314,0.0,1.2741367816925049,9.999999747378752e-05,0.05000000074505806,0.009999999776482582,0.05000000074505806,0.0010000000474974513,0.0010000000474974513,1.0,0.08141455054283142,0.1368362009525299,0.0,0.0,0.0,0.0,0.0,0.0,0.0,0.0,0.22323298454284668,0.22323298454284668,1.0,0.22323298454284668,0.22323299944400787,0.22323299944400787,0.0,-0.0740744099020958,0.43478965759277344,1.0,0.08141455054283142,1.0,0.0,0.0,0.08141455054283142,0.0,0.0,0.1368362009525299,0.0,0.4368361830711365,0.0,0.43683600425720215,0.43683600425720215,0.6851464509963989,0.0,0.0,0.0,0.0,0.0,0.0,0.0,0.0,1.0,0.0,0.010095881298184395,0.28543123602867126,0.371884286403656,0.3152400851249695,0.0,15.606508255004883,15.601137161254883,15.601137161254883,0.23817379772663116,0.2183508723974228,1.6964875337865948e-10,0.0,0.0,4.207282543182373,4.207282543182373,3.083688259124756,3.083688259124756,0.8566652536392212,0.0,0.0,0.0,0.0,0.43683621287345886,0.0,0.43683600425720215,0.43683600425720215,0.6851464509963989,0.0,3.083688259124756,3.083688259124756,3.083688259124756,3.047220468521118,0.43478965759277344,0.005966563709080219,0.0038095491472631693,1.0,0.5325832366943359,0.5420678853988647,0.5365896821022034,0.0,,,,,,,,,12.0,0.0,0.0,0.0,0.0,0.0,0.0,,,,,,,,,,,,,,,,,,,,,,0.001
38,6200,train,19.193952560424805,15.979806900024414,15.980316162109375,0.0,0.08927052468061447,0.08927052468061447,0.0,1.3136707544326782,9.999999747378752e-05,0.05000000074505806,0.009999999776482582,0.05000000074505806,0.0010000000474974513,0.0010000000474974513,1.0,0.07272294163703918,0.13591548800468445,0.0,0.0,0.0,0.0,0.0,0.0,0.0,0.0,0.2213122397661209,0.2213122397661209,1.0,0.2213122397661209,0.2213122546672821,0.2213122546672821,0.0,-0.0794735923409462,0.4522863030433655,1.0,0.07272294163703918,1.0,0.0,0.0,0.07272294163703918,0.0,0.0,0.13591548800468445,0.0,0.4359155297279358,0.0,0.4359157979488373,0.4359157979488373,0.6849109530448914,0.0,0.0,0.0,0.0,0.0,0.0,0.0,0.0,1.0,0.0,0.032890789210796356,0.2876034379005432,0.3770081698894501,0.3076717257499695,0.0,15.980316162109375,15.979806900024414,15.979806900024414,0.23396624624729156,0.2153221219778061,2.4345098159628265e-10,0.0,0.0,4.281239032745361,4.281239032745361,3.127051591873169,3.127051591873169,0.870525062084198,0.0,0.0,0.0,0.0,0.4359154999256134,0.0,0.4359157681465149,0.4359157681465149,0.6849109530448914,0.0,3.127051591873169,3.127051591873169,3.127051591873169,3.1185848712921143,0.4522863030433655,0.0059964582324028015,0.003866321872919798,1.0,0.5596987009048462,0.5642639398574829,0.5650748014450073,0.0,,,,,,,,,12.0,0.0,0.0,0.0,0.0,0.0,0.0,,,,,,,,,,,,,,,,,,,,,,0.001
38,6220,train,18.64964485168457,15.530545234680176,15.504511833190918,0.0,0.10513227432966232,0.10513227432966232,0.0,1.3826512098312378,9.999999747378752e-05,0.05000000074505806,0.009999999776482582,0.05000000074505806,0.0010000000474974513,0.0010000000474974513,1.0,0.08394503593444824,0.13164249062538147,0.0,0.0,0.0,0.0,0.0,0.0,0.0,0.0,0.20982302725315094,0.20982302725315094,1.0,0.20982302725315094,0.20982304215431213,0.20982304215431213,0.0,-0.09451454877853394,0.5036941170692444,1.0,0.08394503593444824,1.0,0.0,0.0,0.08394503593444824,0.0,0.0,0.13164249062538147,0.0,0.4316425025463104,0.0,0.4316423833370209,0.4316423833370209,0.6837726831436157,0.0,0.0,0.0,0.0,0.0,0.0,0.0,0.0,1.0,0.0,0.0033974514808505774,0.29212984442710876,0.38448888063430786,0.29803547263145447,0.0,15.504511833190918,15.530545234680176,15.530545234680176,0.23860859870910645,0.2246813029050827,-9.369482967258591e-11,0.0,0.0,4.426336288452148,4.426336288452148,3.182295560836792,3.182295560836792,0.9239510297775269,0.0,0.0,0.0,0.0,0.4316425025463104,0.0,0.4316423535346985,0.4316423535346985,0.6837726831436157,0.0,3.182295560836792,3.182295560836792,3.182295560836792,3.068798065185547,0.5036941170692444,0.006066692527383566,0.003945980221033096,1.0,0.5734639763832092,0.5782360434532166,0.5482550859451294,0.0,,,,,,,,,12.0,0.0,0.0,0.0,0.0,0.0,0.0,,,,,,,,,,,,,,,,,,,,,,0.001
38,6240,train,18.020349502563477,15.001158714294434,15.010631561279297,0.0,0.0837886855006218,0.0837886855006218,0.0,1.418394923210144,9.999999747378752e-05,0.05000000074505806,0.009999999776482582,0.05000000074505806,0.0010000000474974513,0.0010000000474974513,1.0,0.0745801255106926,0.1284978687763214,0.0,0.0,0.0,0.0,0.0,0.0,0.0,0.0,0.20889073610305786,0.20889073610305786,1.0,0.20889073610305786,0.20889073610305786,0.20889073610305786,0.0,-0.10272040963172913,0.5289077162742615,1.0,0.0745801255106926,1.0,0.0,0.0,0.0745801255106926,0.0,0.0,0.1284978687763214,0.0,0.42849788069725037,0.0,0.42849820852279663,0.42849820852279663,0.6828869581222534,0.0,0.0,0.0,0.0,0.0,0.0,0.0,0.0,1.0,0.0,0.03733140230178833,0.2899729609489441,0.3896271586418152,0.2925744950771332,0.0,15.010631561279297,15.001158714294434,15.001158714294434,0.23051807284355164,0.21149243414402008,4.862088509582918e-10,0.0,0.0,4.328896522521973,4.328896522521973,3.2215027809143066,3.2215027809143066,0.8646934032440186,0.0,0.0,0.0,0.0,0.42849788069725037,0.0,0.42849817872047424,0.42849817872047424,0.6828869581222534,0.0,3.2215027809143066,3.2215027809143066,3.2215027809143066,3.117386817932129,0.5289077162742615,0.005958031862974167,0.0038313367404043674,1.0,0.5938161015510559,0.5743377804756165,0.5510993003845215,0.0,,,,,,,,,12.0,0.0,0.0,0.0,0.0,0.0,0.0,,,,,,,,,,,,,,,,,,,,,,0.001
38,6260,train,18.079729080200195,15.053337097167969,15.05118465423584,0.0,0.08257223665714264,0.08257223665714264,0.0,1.3549319505691528,9.999999747378752e-05,0.05000000074505806,0.009999999776482582,0.05000000074505806,0.0010000000474974513,0.0010000000474974513,1.0,0.05263761430978775,0.12659373879432678,0.0,0.0,0.0,0.0,0.0,0.0,0.0,0.0,0.19521212577819824,0.19521212577819824,1.0,0.19521212577819824,0.19521212577819824,0.19521212577819824,0.0,-0.10486756265163422,0.5364890694618225,1.0,0.05263761430978775,1.0,0.0,0.0,0.05263761430978775,0.0,0.0,0.12659373879432678,0.0,0.42659375071525574,0.0,0.42659375071525574,0.42659375071525574,0.6823312044143677,0.0,0.0,0.0,0.0,0.0,0.0,0.0,0.0,1.0,0.0,-0.004912970587611198,0.28757157921791077,0.36522814631462097,0.29786479473114014,0.0,15.05118465423584,15.053337097167969,15.053337097167969,0.22365255653858185,0.20522533357143402,2.8322129797669904e-12,0.0,0.0,4.382466793060303,4.382466793060303,3.007974863052368,3.007974863052368,0.8337189555168152,0.0,0.0,0.0,0.0,0.42659375071525574,0.0,0.42659375071525574,0.42659375071525574,0.6823312044143677,0.0,3.007974863052368,3.007974863052368,3.007974863052368,3.0228445529937744,0.5364890694618225,0.0058288066647946835,0.0037429097574204206,1.0,0.5538887977600098,0.5513733625411987,0.5602049231529236,0.0,,,,,,,,,12.0,0.0,0.0,0.0,0.0,0.0,0.0,,,,,,,,,,,,,,,,,,,,,,0.001
38,6280,train,18.058895111083984,15.038334846496582,15.017223358154297,0.0,0.08830978721380234,0.08830978721380234,0.0,1.3987832069396973,9.999999747378752e-05,0.05000000074505806,0.009999999776482582,0.05000000074505806,0.0010000000474974513,0.0010000000474974513,1.0,0.06513888388872147,0.12494772672653198,0.0,0.0,0.0,0.0,0.0,0.0,0.0,0.0,0.20618797838687897,0.20618797838687897,1.0,0.20618797838687897,0.20618797838687897,0.20618797838687897,0.0,-0.10521310567855835,0.5409087538719177,1.0,0.06513888388872147,1.0,0.0,0.0,0.06513888388872147,0.0,0.0,0.12494772672653198,0.0,0.42494773864746094,0.0,0.4249475598335266,0.4249475598335266,0.6818389296531677,0.0,0.0,0.0,0.0,0.0,0.0,0.0,0.0,1.0,0.0,-0.02450225129723549,0.28867071866989136,0.3783392310142517,0.29233190417289734,0.0,15.017223358154297,15.038334846496582,15.038334846496582,0.22101189196109772,0.20347905158996582,9.923516175458502e-11,0.0,0.0,4.38736629486084,4.38736629486084,3.1133697032928467,3.1133697032928467,0.8552023768424988,0.0,0.0,0.0,0.0,0.42494773864746094,0.0,0.4249475300312042,0.4249475300312042,0.6818389296531677,0.0,3.1133697032928467,3.1133697032928467,3.1133697032928467,3.105868339538574,0.5409087538719177,0.005871097557246685,0.003760363906621933,1.0,0.5791082382202148,0.5787946581840515,0.5796042084693909,0.0,,,,,,,,,12.0,0.0,0.0,0.0,0.0,0.0,0.0,,,,,,,,,,,,,,,,,,,,,,0.001
38,6300,train,17.49453353881836,14.563297271728516,14.575140953063965,0.0,0.0820833295583725,0.0820833295583725,0.0,1.4098049402236938,9.999999747378752e-05,0.05000000074505806,0.009999999776482582,0.05000000074505806,0.0010000000474974513,0.0010000000474974513,1.0,0.05158102512359619,0.12422868609428406,0.0,0.0,0.0,0.0,0.0,0.0,0.0,0.0,0.1964411735534668,0.1964411735534668,1.0,0.1964411735534668,0.196441188454628,0.196441188454628,0.0,-0.10349038243293762,0.5397810935974121,1.0,0.05158102512359619,1.0,0.0,0.0,0.05158102512359619,0.0,0.0,0.12422868609428406,0.0,0.4242287278175354,0.0,0.4242287576198578,0.4242287576198578,0.6816204190254211,0.0,0.0,0.0,0.0,0.0,0.0,0.0,0.0,1.0,0.0,0.02014097012579441,0.30141693353652954,0.37762388586997986,0.2884838879108429,0.0,14.575140953063965,14.563297271728516,14.563297271728516,0.22874024510383606,0.20927079021930695,-4.0303071990877015e-10,0.0,0.0,4.246675968170166,4.246675968170166,3.1181282997131348,3.1181282997131348,0.8356055021286011,0.0,0.0,0.0,0.0,0.424228698015213,0.0,0.4242287278175354,0.4242287278175354,0.6816204190254211,0.0,3.1181278228759766,3.1181282997131348,3.1181282997131348,3.024853467941284,0.5397810935974121,0.005859398283064365,0.003784921718761325,1.0,0.5389681458473206,0.5450485944747925,0.5426560640335083,0.0,,,,,,,,,12.0,0.0,0.0,0.0,0.0,0.0,0.0,,,,,,,,,,,,,,,,,,,,,,0.001
38,6320,train,17.50555992126465,14.574993133544922,14.569599151611328,0.0,0.09001452475786209,0.09001452475786209,0.0,1.383150577545166,9.999999747378752e-05,0.05000000074505806,0.009999999776482582,0.05000000074505806,0.0010000000474974513,0.0010000000474974513,1.0,0.08296556025743484,0.12352922558784485,0.0,0.0,0.0,0.0,0.0,0.0,0.0,0.0,0.19669154286384583,0.19669154286384583,1.0,0.19669154286384583,0.19669154286384583,0.19669154286384583,0.0,-0.10323791950941086,0.5397261381149292,1.0,0.08296556025743484,1.0,0.0,0.0,0.08296556025743484,0.0,0.0,0.12352922558784485,0.0,0.4235292673110962,0.0,0.4235294461250305,0.4235294461250305,0.6814054846763611,0.0,0.0,0.0,0.0,0.0,0.0,0.0,0.0,1.0,0.0,-0.010433790273964405,0.29594355821609497,0.37399008870124817,0.29181113839149475,0.0,14.569599151611328,14.574993133544922,14.574993133544922,0.1964477151632309,0.17366866767406464,2.6756791227100507e-10,0.0,0.0,4.366763114929199,4.366763114929199,3.0846142768859863,3.0846142768859863,0.7231053113937378,0.0,0.0,0.0,0.0,0.4235292375087738,0.0,0.42352941632270813,0.42352941632270813,0.6814054846763611,0.0,3.0846142768859863,3.0846142768859863,3.0846142768859863,3.029634475708008,0.5397261381149292,0.005801565479487181,0.0037251142784953117,1.0,0.5748710632324219,0.5811163783073425,0.5698614120483398,0.0,,,,,,,,,12.0,0.0,0.0,0.0,0.0,0.0,0.0,,,,,,,,,,,,,,,,,,,,,,0.001
38,6340,train,18.938602447509766,15.762622833251953,15.789816856384277,0.0,0.08339002728462219,0.08339002728462219,0.0,1.397010087966919,9.999999747378752e-05,0.05000000074505806,0.009999999776482582,0.05000000074505806,0.0010000000474974513,0.0010000000474974513,1.0,0.0576278381049633,0.12588807940483093,0.0,0.0,0.0,0.0,0.0,0.0,0.0,0.0,0.22541086375713348,0.22541086375713348,1.0,0.22541086375713348,0.22541086375713348,0.22541086375713348,0.0,-0.0928538516163826,0.5023837685585022,1.0,0.0576278381049633,1.0,0.0,0.0,0.0576278381049633,0.0,0.0,0.12588807940483093,0.0,0.4258880913257599,0.0,0.4258880615234375,0.4258880615234375,0.6821213960647583,0.0,0.0,0.0,0.0,0.0,0.0,0.0,0.0,1.0,0.0,0.03836289420723915,0.30234071612358093,0.3718138039112091,0.28725647926330566,0.0,15.789816856384277,15.762622833251953,15.762622833251953,0.24269558489322662,0.22580768167972565,-1.2348375794113409e-11,0.0,0.0,4.275302410125732,4.275302410125732,3.060946464538574,3.060946464538574,0.8989362120628357,0.0,0.0,0.0,0.0,0.4258880913257599,0.0,0.4258880615234375,0.4258880615234375,0.6821213960647583,0.0,3.060946226119995,3.060946226119995,3.060946464538574,3.2009384632110596,0.5023837685585022,0.005844403989613056,0.003781683975830674,1.0,0.5447080135345459,0.5346629619598389,0.5679072737693787,0.0,,,,,,,,,12.0,0.0,0.0,0.0,0.0,0.0,0.0,,,,,,,,,,,,,,,,,,,,,,0.001
38,6346,train_epoch,18.55440233424752,15.447219505995333,15.451548998941204,0.0,0.085972187404861,0.085972187404861,0.0,1.3551536520084222,9.999999747378752e-05,0.05000000074505806,0.009999999776482582,0.05000000074505806,0.0010000000474974513,0.0010000000474974513,1.0,0.06546965493502731,0.12829010161811005,0.0,0.0,0.0,0.0,0.0,0.0,0.0,0.0,0.20408605351419506,0.20408605351419506,1.0,0.20408605351419506,0.20408605431725166,0.20408605431725166,0.0,-0.09684812598778102,0.512938616696946,1.0,0.06546965493502731,1.0,0.0,0.0,0.06546965493502731,0.0,0.0,0.12829010161811005,0.0,0.42829011389595306,0.0,0.42829007945374814,0.42829007945374814,0.6827847347288074,0.0,0.0,0.0,0.0,0.0,0.0,0.0,0.0,1.0,0.0,0.0168607428423854,0.2928666745474239,0.3714205731531817,0.2984242325057527,0.0,15.451548998941204,15.447219505995333,15.447219505995333,0.22559324915180662,0.20696348121423208,2.6966442534724974e-11,0.0,0.0,4.340513840406954,4.340513843262267,3.062805561248414,3.062805561248414,0.8464229442402275,0.0,0.0,0.0,0.0,0.428290113539039,0.0,0.42829006803249886,0.42829006803249886,0.6827847347288074,0.0,3.062805494148574,3.0628054884379496,3.062805561248414,3.046783659986393,0.512938616696946,0.005866492708063054,0.0037664932332665264,1.0,0.5556823141917497,0.5556806898759511,0.5557116933925423,0.0,,,,,,,,,12.0,0.0,0.0,0.0,0.0,0.0,0.0,,,,,,,,,,,,,,,,,,,,,,0.001
38,6346,val,,,,,,,,,,,,,,,,,,,,,,,,,,,,,,,,,,,,,,,,,,,,,,,,,,,,,,,,,,,,,,,,,,,,,,,,,,,,,,,,,,,,,,,,,,,,,,,,,,,,,,,,,,,,,,,,,,,15.706502914428711,627.0598754882812,25.041163620891925,0.15214717388153076,0.06724544614553452,14.499247550964355,23.02093614466107,0.13901035487651825,0.06213546544313431,15.48783016204834,24.938676008063386,0.13963928818702698,0.0663163885474205,17.525049209594727,27.947427713840007,0.16671499609947205,0.07492206245660782,15.706502914428711,25.041163620891925,0.15214717388153076,0.06724544614553452,0.001
38,6346,test_select,,,,,,,,,,,,,,,,,,,,,,,,,,,,,,,,,,,,,,,,,,,,,,,,,,,,,,,,,,,,,,,,,,,,,,,,,,,,,,,,,,,,,,,,,,,,,,,,,,,,,,,,,,,,,,,,,,,25.354406356811523,1691.1932373046875,41.12411989702257,0.18978868424892426,0.10296466946601868,19.954050064086914,31.417840289818816,0.15587711334228516,0.0810161754488945,24.839580535888672,39.77848515038469,0.1763952225446701,0.10086867213249207,32.73876190185547,51.90050201467227,0.235306516289711,0.13300463557243347,25.354406356811523,41.12411989702257,0.18978868424892426,0.10296466946601868,0.001
